Side,Arc,Source,Target,Rot,AdaptFrac,ArcOK,nEval,nEvalPos,nArc,nArcPos,Method,Uses,K,BAC,Precision,Recall
Left,random,HTL,PTT,0,0.05,1,1136,85,114,6,NoAdapt,nothing,,0.47955448592377015,0.06528189910979229,0.25882352941176473
Left,random,HTL,PTT,0,0.05,1,1136,85,114,6,TargetOnly,arc labels,,0.44530139363071586,0.05378973105134474,0.25882352941176473
Left,random,HTL,PTT,0,0.05,1,1136,85,114,6,Source+Target,arc labels,,0.45861644372306487,0.04700854700854701,0.12941176470588237
Left,random,HTL,PTT,0,0.05,1,1136,85,114,6,COT,arc labels,,0.4498013096770583,0.05739514348785872,0.3058823529411765
Left,random,HTL,PTT,0,0.05,1,1136,85,114,6,none-HS4,arc labels,,0.4603123076062014,0.06157112526539278,0.3411764705882353
Left,random,HTL,PTT,0,0.05,1,1136,85,114,6,none-HSsrc,nothing,,0.45502882408910283,0.05084745762711865,0.17647058823529413
Left,random,HTL,PTT,0,0.05,1,1136,85,114,6,none-PCA,arc segments,16.0,0.45097106397268705,0.05952380952380952,0.35294117647058826
Left,random,HTL,PTT,0,0.05,1,1136,85,114,6,QOTu-HS4,arc labels,,0.446336822074215,0.05,0.2
Left,random,HTL,PTT,0,0.05,1,1136,85,114,6,QOTu-HSsrc,arc segments,,0.44421559299266805,0.044673539518900345,0.15294117647058825
Left,random,HTL,PTT,0,0.05,1,1136,85,114,6,QOTu-PCA,arc segments,16.0,0.43539486203615607,0.046831955922865015,0.2
Left,random,HTL,PTT,0,0.05,1,1136,85,114,6,QOTc-HS4,arc labels,,0.44862595847092407,0.043137254901960784,0.12941176470588237
Left,random,HTL,PTT,0,0.05,1,1136,85,114,6,QOTc-HSsrc,arc labels,,0.490104662226451,0.06854838709677419,0.2
Left,random,HTL,PTT,0,0.05,1,1136,85,114,6,QOTc-PCA,arc labels,64.0,0.47310684502154815,0.058365758754863814,0.17647058823529413
Left,random,HTL,PTT,0,0.05,1,1136,85,114,6,SDM-HS4,arc labels,,0.45040017910113617,0.046762589928057555,0.15294117647058825
Left,random,HTL,PTT,0,0.05,1,1136,85,114,6,SDM-HSsrc,arc labels,,0.4909274080707449,0.0695970695970696,0.2235294117647059
Left,random,HTL,PTT,0,0.05,1,1136,85,114,6,SDM-PCA,arc labels,16.0,0.4965579000391784,0.07368421052631578,0.4117647058823529
Left,random,HTL,PTT,0,0.1,1,1136,85,227,8,NoAdapt,nothing,,0.47955448592377015,0.06528189910979229,0.25882352941176473
Left,random,HTL,PTT,0,0.1,1,1136,85,227,8,TargetOnly,arc labels,,0.45853249006548386,0.053156146179401995,0.18823529411764706
Left,random,HTL,PTT,0,0.1,1,1136,85,227,8,Source+Target,arc labels,,0.5088711031510607,0.08695652173913043,0.11764705882352941
Left,random,HTL,PTT,0,0.1,1,1136,85,227,8,COT,arc labels,,0.49248894610175187,0.07179487179487179,0.32941176470588235
Left,random,HTL,PTT,0,0.1,1,1136,85,227,8,none-HS4,arc labels,,0.4671461353332961,0.06382978723404255,0.35294117647058826
Left,random,HTL,PTT,0,0.1,1,1136,85,227,8,none-HSsrc,nothing,,0.45502882408910283,0.05084745762711865,0.17647058823529413
Left,random,HTL,PTT,0,0.1,1,1136,85,227,8,none-PCA,arc segments,16.0,0.43622320479095544,0.056074766355140186,0.35294117647058826
Left,random,HTL,PTT,0,0.1,1,1136,85,227,8,QOTu-HS4,arc labels,,0.4378575026585325,0.041237113402061855,0.1411764705882353
Left,random,HTL,PTT,0,0.1,1,1136,85,227,8,QOTu-HSsrc,arc segments,,0.4451670677785862,0.04498269896193772,0.15294117647058825
Left,random,HTL,PTT,0,0.1,1,1136,85,227,8,QOTu-PCA,arc segments,16.0,0.4529971455756423,0.05214723926380368,0.2
Left,random,HTL,PTT,0,0.1,1,1136,85,227,8,QOTc-HS4,arc labels,,0.48469244976772824,0.050505050505050504,0.058823529411764705
Left,random,HTL,PTT,0,0.1,1,1136,85,227,8,QOTc-HSsrc,arc labels,,0.48024290591593444,0.06198347107438017,0.17647058823529413
Left,random,HTL,PTT,0,0.1,1,1136,85,227,8,QOTc-PCA,arc labels,64.0,0.43690602787261434,0.040955631399317405,0.1411764705882353
Left,random,HTL,PTT,0,0.1,1,1136,85,227,8,SDM-HS4,arc labels,,0.5181731684110371,0.08994708994708994,0.2
Left,random,HTL,PTT,0,0.1,1,1136,85,227,8,SDM-HSsrc,arc labels,,0.4925281244752896,0.0706713780918728,0.23529411764705882
Left,random,HTL,PTT,0,0.1,1,1136,85,227,8,SDM-PCA,arc labels,32.0,0.4074550847931942,0.0379746835443038,0.17647058823529413
Left,random,HTL,PTT,0,0.2,1,1136,85,454,23,NoAdapt,nothing,,0.47955448592377015,0.06528189910979229,0.25882352941176473
Left,random,HTL,PTT,0,0.2,1,1136,85,454,23,TargetOnly,arc labels,,0.45416689987127107,0.05570291777188329,0.24705882352941178
Left,random,HTL,PTT,0,0.2,1,1136,85,454,23,Source+Target,arc labels,,0.5050652040073879,0.08130081300813008,0.11764705882352941
Left,random,HTL,PTT,0,0.2,1,1136,85,454,23,COT,arc labels,,0.46952482229809145,0.06451612903225806,0.35294117647058826
Left,random,HTL,PTT,0,0.2,1,1136,85,454,23,none-HS4,arc labels,,0.46156601555941124,0.06153846153846154,0.32941176470588235
Left,random,HTL,PTT,0,0.2,1,1136,85,454,23,none-HSsrc,nothing,,0.45502882408910283,0.05084745762711865,0.17647058823529413
Left,random,HTL,PTT,0,0.2,1,1136,85,454,23,none-PCA,arc segments,16.0,0.45097106397268705,0.05952380952380952,0.35294117647058826
Left,random,HTL,PTT,0,0.2,1,1136,85,454,23,QOTu-HS4,arc labels,,0.4497509374825096,0.045112781954887216,0.1411764705882353
Left,random,HTL,PTT,0,0.2,1,1136,85,454,23,QOTu-HSsrc,arc segments,,0.44784798791067326,0.044444444444444446,0.1411764705882353
Left,random,HTL,PTT,0,0.2,1,1136,85,454,23,QOTu-PCA,arc segments,16.0,0.4610846812559467,0.05501618122977346,0.2
Left,random,HTL,PTT,0,0.2,1,1136,85,454,23,QOTc-HS4,arc labels,,0.46735322102199583,0.05240174672489083,0.1411764705882353
Left,random,HTL,PTT,0,0.2,1,1136,85,454,23,QOTc-HSsrc,arc labels,,0.4753120277606761,0.058577405857740586,0.16470588235294117
Left,random,HTL,PTT,0,0.2,1,1136,85,454,23,QOTc-PCA,arc labels,64.0,0.46714053842279063,0.058823529411764705,0.2235294117647059
Left,random,HTL,PTT,0,0.2,1,1136,85,454,23,SDM-HS4,arc labels,,0.50104662226451,0.07555555555555556,0.2
Left,random,HTL,PTT,0,0.2,1,1136,85,454,23,SDM-HSsrc,arc labels,,0.5007891643812615,0.07526881720430108,0.24705882352941178
Left,random,HTL,PTT,0,0.2,1,1136,85,454,23,SDM-PCA,arc labels,64.0,0.44591705378630997,0.06222222222222222,0.49411764705882355
Left,random,HTL,PTT,0,0.3,1,1136,85,682,33,NoAdapt,nothing,,0.47955448592377015,0.06528189910979229,0.25882352941176473
Left,random,HTL,PTT,0,0.3,1,1136,85,682,33,TargetOnly,arc labels,,0.4420551855375833,0.04871060171919771,0.2
Left,random,HTL,PTT,0,0.3,1,1136,85,682,33,Source+Target,arc labels,,0.5006100632450887,0.07563025210084033,0.10588235294117647
Left,random,HTL,PTT,0,0.3,1,1136,85,682,33,COT,arc labels,,0.49617731012481114,0.07396870554765292,0.611764705882353
Left,random,HTL,PTT,0,0.3,1,1136,85,682,33,none-HS4,arc labels,,0.4690490849051324,0.06437768240343347,0.35294117647058826
Left,random,HTL,PTT,0,0.3,1,1136,85,682,33,none-HSsrc,nothing,,0.45502882408910283,0.05084745762711865,0.17647058823529413
Left,random,HTL,PTT,0,0.3,1,1136,85,682,33,none-PCA,arc segments,16.0,0.4594056081043264,0.06237816764132553,0.3764705882352941
Left,random,HTL,PTT,0,0.3,1,1136,85,682,33,QOTu-HS4,arc labels,,0.44499356355291875,0.043478260869565216,0.1411764705882353
Left,random,HTL,PTT,0,0.3,1,1136,85,682,33,QOTu-HSsrc,arc segments,,0.4478032126266301,0.0391304347826087,0.10588235294117647
Left,random,HTL,PTT,0,0.3,1,1136,85,682,33,QOTu-PCA,arc segments,16.0,0.45870599429115133,0.054140127388535034,0.2
Left,random,HTL,PTT,0,0.3,1,1136,85,682,33,QOTc-HS4,arc labels,,0.4614708680808194,0.04824561403508772,0.12941176470588237
Left,random,HTL,PTT,0,0.3,1,1136,85,682,33,QOTc-HSsrc,arc labels,,0.4749650193093412,0.056338028169014086,0.1411764705882353
Left,random,HTL,PTT,0,0.3,1,1136,85,682,33,QOTc-PCA,arc labels,64.0,0.4780824984608496,0.06333333333333334,0.2235294117647059
Left,random,HTL,PTT,0,0.3,1,1136,85,682,33,SDM-HS4,arc labels,,0.4926568534169139,0.0703125,0.21176470588235294
Left,random,HTL,PTT,0,0.3,1,1136,85,682,33,SDM-HSsrc,arc labels,,0.497934740023507,0.07368421052631578,0.24705882352941178
Left,random,HTL,PTT,0,0.3,1,1136,85,682,33,SDM-PCA,arc labels,64.0,0.5162086528236414,0.07783018867924528,0.7764705882352941
Left,random,HTL,PTT,0,0.5,1,1136,85,1124,54,NoAdapt,nothing,,0.47955448592377015,0.06528189910979229,0.25882352941176473
Left,random,HTL,PTT,0,0.5,1,1136,85,1124,54,TargetOnly,arc labels,,0.5066771142329434,0.07728337236533958,0.38823529411764707
Left,random,HTL,PTT,0,0.5,1,1136,85,1124,54,Source+Target,arc labels,,0.4780769015503442,0.05228758169934641,0.09411764705882353
Left,random,HTL,PTT,0,0.5,1,1136,85,1124,54,COT,arc labels,,0.49094419880226114,0.07282913165266107,0.611764705882353
Left,random,HTL,PTT,0,0.5,1,1136,85,1124,54,none-HS4,arc labels,,0.4714277718699278,0.0650759219088937,0.35294117647058826
Left,random,HTL,PTT,0,0.5,1,1136,85,1124,54,none-HSsrc,nothing,,0.45502882408910283,0.05084745762711865,0.17647058823529413
Left,random,HTL,PTT,0,0.5,1,1136,85,1124,54,none-PCA,arc segments,16.0,0.46360329098337716,0.0647985989492119,0.43529411764705883
Left,random,HTL,PTT,0,0.5,1,1136,85,1124,54,QOTu-HS4,arc labels,,0.4611686349135278,0.049586776859504134,0.1411764705882353
Left,random,HTL,PTT,0,0.5,1,1136,85,1124,54,QOTu-HSsrc,arc segments,,0.4482789500195892,0.039301310043668124,0.10588235294117647
Left,random,HTL,PTT,0,0.5,1,1136,85,1124,54,QOTu-PCA,arc segments,16.0,0.47617954888901326,0.0625,0.2235294117647059
Left,random,HTL,PTT,0,0.5,1,1136,85,1124,54,QOTc-HS4,arc labels,,0.4635920971623664,0.05415162454873646,0.17647058823529413
Left,random,HTL,PTT,0,0.5,1,1136,85,1124,54,QOTc-HSsrc,arc labels,,0.48469804667823363,0.06504065040650407,0.18823529411764706
Left,random,HTL,PTT,0,0.5,1,1136,85,1124,54,QOTc-PCA,arc labels,64.0,0.45031622544355515,0.05217391304347826,0.21176470588235294
Left,random,HTL,PTT,0,0.5,1,1136,85,1124,54,SDM-HS4,arc labels,,0.49317736609391616,0.0711864406779661,0.24705882352941178
Left,random,HTL,PTT,0,0.5,1,1136,85,1124,54,SDM-HSsrc,arc labels,,0.49715676946325627,0.07333333333333333,0.25882352941176473
Left,random,HTL,PTT,0,0.5,1,1136,85,1124,54,SDM-PCA,arc labels,32.0,0.5524822298091454,0.09312638580931264,0.49411764705882355
Left,random,HTL,PTT,1,0.05,1,1136,76,114,4,NoAdapt,nothing,,0.49285004965243295,0.06395348837209303,0.2894736842105263
Left,random,HTL,PTT,1,0.05,1,1136,76,114,4,TargetOnly,arc labels,,0.5346077457795432,0.07948717948717948,0.40789473684210525
Left,random,HTL,PTT,1,0.05,1,1136,76,114,4,Source+Target,arc labels,,0.46958788480635555,0.04522613065326633,0.11842105263157894
Left,random,HTL,PTT,1,0.05,1,1136,76,114,4,COT,arc labels,,0.5205561072492553,0.075,0.35526315789473684
Left,random,HTL,PTT,1,0.05,1,1136,76,114,4,none-HS4,arc labels,,0.4503227408142999,0.05219206680584551,0.32894736842105265
Left,random,HTL,PTT,1,0.05,1,1136,76,114,4,none-HSsrc,nothing,,0.4689672293942403,0.05172413793103448,0.19736842105263158
Left,random,HTL,PTT,1,0.05,1,1136,76,114,4,none-PCA,arc segments,16.0,0.4511668321747766,0.054003724394785846,0.3815789473684211
Left,random,HTL,PTT,1,0.05,1,1136,76,114,4,QOTu-HS4,arc labels,,0.44113704071499504,0.04297994269340974,0.19736842105263158
Left,random,HTL,PTT,1,0.05,1,1136,76,114,4,QOTu-HSsrc,arc segments,,0.4477904667328699,0.04262295081967213,0.17105263157894737
Left,random,HTL,PTT,1,0.05,1,1136,76,114,4,QOTu-PCA,arc segments,32.0,0.43349056603773584,0.04470588235294118,0.25
Left,random,HTL,PTT,1,0.05,1,1136,76,114,4,QOTc-HS4,arc labels,,0.40203574975173784,0.03233830845771144,0.17105263157894737
Left,random,HTL,PTT,1,0.05,1,1136,76,114,4,QOTc-HSsrc,arc labels,,0.4672293942403178,0.04411764705882353,0.11842105263157894
Left,random,HTL,PTT,1,0.05,1,1136,76,114,4,QOTc-PCA,arc labels,64.0,0.47728401191658393,0.03225806451612903,0.039473684210526314
Left,random,HTL,PTT,1,0.05,1,1136,76,114,4,SDM-HS4,arc labels,,0.4480883813306852,0.0488997555012225,0.2631578947368421
Left,random,HTL,PTT,1,0.05,1,1136,76,114,4,SDM-HSsrc,arc labels,,0.49349553128103274,0.06302521008403361,0.19736842105263158
Left,random,HTL,PTT,1,0.05,1,1136,76,114,4,SDM-PCA,arc labels,16.0,0.6151191658391261,0.11974110032362459,0.4868421052631579
Left,random,HTL,PTT,1,0.1,1,1136,76,227,11,NoAdapt,nothing,,0.49285004965243295,0.06395348837209303,0.2894736842105263
Left,random,HTL,PTT,1,0.1,1,1136,76,227,11,TargetOnly,arc labels,,0.4679245283018868,0.05397727272727273,0.25
Left,random,HTL,PTT,1,0.1,1,1136,76,227,11,Source+Target,arc labels,,0.5007199602780537,0.06766917293233082,0.11842105263157894
Left,random,HTL,PTT,1,0.1,1,1136,76,227,11,COT,arc labels,,0.5133316782522344,0.07096774193548387,0.4342105263157895
Left,random,HTL,PTT,1,0.1,1,1136,76,227,11,none-HS4,arc labels,,0.451266137040715,0.05241090146750524,0.32894736842105265
Left,random,HTL,PTT,1,0.1,1,1136,76,227,11,none-HSsrc,nothing,,0.4689672293942403,0.05172413793103448,0.19736842105263158
Left,random,HTL,PTT,1,0.1,1,1136,76,227,11,none-PCA,arc segments,16.0,0.462909632571996,0.05719557195571956,0.40789473684210525
Left,random,HTL,PTT,1,0.1,1,1136,76,227,11,QOTu-HS4,arc labels,,0.45851539225422044,0.05042016806722689,0.23684210526315788
Left,random,HTL,PTT,1,0.1,1,1136,76,227,11,QOTu-HSsrc,arc segments,,0.4477904667328699,0.04262295081967213,0.17105263157894737
Left,random,HTL,PTT,1,0.1,1,1136,76,227,11,QOTu-PCA,arc segments,16.0,0.4786742800397219,0.05912596401028278,0.3026315789473684
Left,random,HTL,PTT,1,0.1,1,1136,76,227,11,QOTc-HS4,arc labels,,0.49466236345580933,0.06493506493506493,0.32894736842105265
Left,random,HTL,PTT,1,0.1,1,1136,76,227,11,QOTc-HSsrc,arc labels,,0.49568023833167824,0.0650887573964497,0.2894736842105263
Left,random,HTL,PTT,1,0.1,1,1136,76,227,11,QOTc-PCA,arc labels,64.0,0.5010427010923535,0.06756756756756757,0.19736842105263158
Left,random,HTL,PTT,1,0.1,1,1136,76,227,11,SDM-HS4,arc labels,,0.5012164846077458,0.06733167082294264,0.35526315789473684
Left,random,HTL,PTT,1,0.1,1,1136,76,227,11,SDM-HSsrc,arc labels,,0.5051142005958291,0.06918238993710692,0.2894736842105263
Left,random,HTL,PTT,1,0.1,1,1136,76,227,11,SDM-PCA,arc labels,32.0,0.48768619662363455,0.061764705882352944,0.27631578947368424
Left,random,HTL,PTT,1,0.2,1,1136,76,454,15,NoAdapt,nothing,,0.49285004965243295,0.06395348837209303,0.2894736842105263
Left,random,HTL,PTT,1,0.2,1,1136,76,454,15,TargetOnly,arc labels,,0.4970456802383317,0.06575342465753424,0.3157894736842105
Left,random,HTL,PTT,1,0.2,1,1136,76,454,15,Source+Target,arc labels,,0.4965739821251241,0.06097560975609756,0.06578947368421052
Left,random,HTL,PTT,1,0.2,1,1136,76,454,15,COT,arc labels,,0.5052383316782523,0.0683111954459203,0.47368421052631576
Left,random,HTL,PTT,1,0.2,1,1136,76,454,15,none-HS4,arc labels,,0.4766385302879841,0.060041407867494824,0.3815789473684211
Left,random,HTL,PTT,1,0.2,1,1136,76,454,15,none-HSsrc,nothing,,0.4689672293942403,0.05172413793103448,0.19736842105263158
Left,random,HTL,PTT,1,0.2,1,1136,76,454,15,none-PCA,arc segments,16.0,0.4637288977159881,0.05853658536585366,0.47368421052631576
Left,random,HTL,PTT,1,0.2,1,1136,76,454,15,QOTu-HS4,arc labels,,0.4712264150943396,0.05507246376811594,0.25
Left,random,HTL,PTT,1,0.2,1,1136,76,454,15,QOTu-HSsrc,arc segments,,0.4477904667328699,0.04262295081967213,0.17105263157894737
Left,random,HTL,PTT,1,0.2,1,1136,76,454,15,QOTu-PCA,arc segments,64.0,0.433987090367428,0.044009779951100246,0.23684210526315788
Left,random,HTL,PTT,1,0.2,1,1136,76,454,15,QOTc-HS4,arc labels,,0.5088877855014895,0.07096774193548387,0.2894736842105263
Left,random,HTL,PTT,1,0.2,1,1136,76,454,15,QOTc-HSsrc,arc labels,,0.5083912611717974,0.0705521472392638,0.3026315789473684
Left,random,HTL,PTT,1,0.2,1,1136,76,454,15,QOTc-PCA,arc labels,64.0,0.4704568023833168,0.049586776859504134,0.15789473684210525
Left,random,HTL,PTT,1,0.2,1,1136,76,454,15,SDM-HS4,arc labels,,0.47961767626613705,0.059431524547803614,0.3026315789473684
Left,random,HTL,PTT,1,0.2,1,1136,76,454,15,SDM-HSsrc,arc labels,,0.490441906653426,0.0633245382585752,0.3157894736842105
Left,random,HTL,PTT,1,0.2,1,1136,76,454,15,SDM-PCA,arc labels,32.0,0.523286991062562,0.0748792270531401,0.40789473684210525
Left,random,HTL,PTT,1,0.3,1,1136,76,682,36,NoAdapt,nothing,,0.49285004965243295,0.06395348837209303,0.2894736842105263
Left,random,HTL,PTT,1,0.3,1,1136,76,682,36,TargetOnly,arc labels,,0.5510923535253227,0.08648648648648649,0.42105263157894735
Left,random,HTL,PTT,1,0.3,1,1136,76,682,36,Source+Target,arc labels,,0.5162859980139026,0.09,0.11842105263157894
Left,random,HTL,PTT,1,0.3,1,1136,76,682,36,COT,arc labels,,0.5424528301886793,0.0794979079497908,0.5
Left,random,HTL,PTT,1,0.3,1,1136,76,682,36,none-HS4,arc labels,,0.4667328699106257,0.057539682539682536,0.3815789473684211
Left,random,HTL,PTT,1,0.3,1,1136,76,682,36,none-HSsrc,nothing,,0.4689672293942403,0.05172413793103448,0.19736842105263158
Left,random,HTL,PTT,1,0.3,1,1136,76,682,36,none-PCA,arc segments,16.0,0.4623138033763654,0.05825242718446602,0.47368421052631576
Left,random,HTL,PTT,1,0.3,1,1136,76,682,36,QOTu-HS4,arc labels,,0.4674776564051638,0.05325443786982249,0.23684210526315788
Left,random,HTL,PTT,1,0.3,1,1136,76,682,36,QOTu-HSsrc,arc segments,,0.4477904667328699,0.04262295081967213,0.17105263157894737
Left,random,HTL,PTT,1,0.3,1,1136,76,682,36,QOTu-PCA,arc segments,64.0,0.4330436941410129,0.043795620437956206,0.23684210526315788
Left,random,HTL,PTT,1,0.3,1,1136,76,682,36,QOTc-HS4,arc labels,,0.5227656405163853,0.08695652173913043,0.18421052631578946
Left,random,HTL,PTT,1,0.3,1,1136,76,682,36,QOTc-HSsrc,arc labels,,0.49332174776564053,0.0641399416909621,0.2894736842105263
Left,random,HTL,PTT,1,0.3,1,1136,76,682,36,QOTc-PCA,arc labels,64.0,0.4564051638530288,0.03773584905660377,0.10526315789473684
Left,random,HTL,PTT,1,0.3,1,1136,76,682,36,SDM-HS4,arc labels,,0.498038728897716,0.06606606606606606,0.2894736842105263
Left,random,HTL,PTT,1,0.3,1,1136,76,682,36,SDM-HSsrc,arc labels,,0.5060327706057597,0.06948640483383686,0.3026315789473684
Left,random,HTL,PTT,1,0.3,1,1136,76,682,36,SDM-PCA,arc labels,64.0,0.5462264150943397,0.07559681697612732,0.75
Left,random,HTL,PTT,1,0.5,1,1136,76,1112,63,NoAdapt,nothing,,0.49285004965243295,0.06395348837209303,0.2894736842105263
Left,random,HTL,PTT,1,0.5,1,1136,76,1112,63,TargetOnly,arc labels,,0.46037735849056605,0.051630434782608696,0.25
Left,random,HTL,PTT,1,0.5,1,1136,76,1112,63,Source+Target,arc labels,,0.5040714995034756,0.07291666666666667,0.09210526315789473
Left,random,HTL,PTT,1,0.5,1,1136,76,1112,63,COT,arc labels,,0.5067279046673288,0.06889352818371608,0.4342105263157895
Left,random,HTL,PTT,1,0.5,1,1136,76,1112,63,none-HS4,arc labels,,0.4676762661370407,0.05776892430278884,0.3815789473684211
Left,random,HTL,PTT,1,0.5,1,1136,76,1112,63,none-HSsrc,nothing,,0.4689672293942403,0.05172413793103448,0.19736842105263158
Left,random,HTL,PTT,1,0.5,1,1136,76,1112,63,none-PCA,arc segments,16.0,0.4590367428003972,0.05737704918032787,0.4605263157894737
Left,random,HTL,PTT,1,0.5,1,1136,76,1112,63,QOTu-HS4,arc labels,,0.46514399205561074,0.051829268292682924,0.2236842105263158
Left,random,HTL,PTT,1,0.5,1,1136,76,1112,63,QOTu-HSsrc,arc segments,,0.4529791459781529,0.04421768707482993,0.17105263157894737
Left,random,HTL,PTT,1,0.5,1,1136,76,1112,63,QOTu-PCA,arc segments,64.0,0.4354021847070506,0.04433497536945813,0.23684210526315788
Left,random,HTL,PTT,1,0.5,1,1136,76,1112,63,QOTc-HS4,arc labels,,0.4987586891757696,0.06593406593406594,0.15789473684210525
Left,random,HTL,PTT,1,0.5,1,1136,76,1112,63,QOTc-HSsrc,arc labels,,0.49143495531281034,0.06340057636887608,0.2894736842105263
Left,random,HTL,PTT,1,0.5,1,1136,76,1112,63,QOTc-PCA,arc labels,64.0,0.45260675273088385,0.03829787234042553,0.11842105263157894
Left,random,HTL,PTT,1,0.5,1,1136,76,1112,63,SDM-HS4,arc labels,,0.48855511420059583,0.06266318537859007,0.3157894736842105
Left,random,HTL,PTT,1,0.5,1,1136,76,1112,63,SDM-HSsrc,arc labels,,0.5022591857000993,0.06784660766961652,0.3026315789473684
Left,random,HTL,PTT,1,0.5,1,1136,76,1112,63,SDM-PCA,arc labels,32.0,0.5571996027805363,0.08870967741935484,0.4342105263157895
Left,random,HTL,PTT,2,0.05,1,1136,82,114,8,NoAdapt,nothing,,0.48092053501180176,0.06376811594202898,0.2682926829268293
Left,random,HTL,PTT,2,0.05,1,1136,82,114,8,TargetOnly,arc labels,,0.46169065580598884,0.048582995951417005,0.14634146341463414
Left,random,HTL,PTT,2,0.05,1,1136,82,114,8,Source+Target,arc labels,,0.45478317212014624,0.04090909090909091,0.10975609756097561
Left,random,HTL,PTT,2,0.05,1,1136,82,114,8,COT,arc labels,,0.57239551997038,0.08543922984356198,0.8658536585365854
Left,random,HTL,PTT,2,0.05,1,1136,82,114,8,none-HS4,arc labels,,0.4443814504558708,0.055876685934489405,0.35365853658536583
Left,random,HTL,PTT,2,0.05,1,1136,82,114,8,none-HSsrc,nothing,,0.4619567732679224,0.052083333333333336,0.18292682926829268
Left,random,HTL,PTT,2,0.05,1,1136,82,114,8,none-PCA,arc segments,16.0,0.44526079511269495,0.05649717514124294,0.36585365853658536
Left,random,HTL,PTT,2,0.05,1,1136,82,114,8,QOTu-HS4,arc labels,,0.4483385014115796,0.04498269896193772,0.15853658536585366
Left,random,HTL,PTT,2,0.05,1,1136,82,114,8,QOTu-HSsrc,arc segments,,0.45193687230989954,0.03982300884955752,0.10975609756097561
Left,random,HTL,PTT,2,0.05,1,1136,82,114,8,QOTu-PCA,arc segments,64.0,0.448743462766696,0.046357615894039736,0.17073170731707318
Left,random,HTL,PTT,2,0.05,1,1136,82,114,8,QOTc-HS4,arc labels,,0.4746378488452816,0.052083333333333336,0.12195121951219512
Left,random,HTL,PTT,2,0.05,1,1136,82,114,8,QOTc-HSsrc,arc labels,,0.473249409913454,0.0635593220338983,0.36585365853658536
Left,random,HTL,PTT,2,0.05,1,1136,82,114,8,QOTc-PCA,arc labels,32.0,0.4604063497940482,0.04504504504504504,0.12195121951219512
Left,random,HTL,PTT,2,0.05,1,1136,82,114,8,SDM-HS4,arc labels,,0.4755171935021058,0.05392156862745098,0.13414634146341464
Left,random,HTL,PTT,2,0.05,1,1136,82,114,8,SDM-HSsrc,arc labels,,0.4954065812005369,0.0706401766004415,0.3902439024390244
Left,random,HTL,PTT,2,0.05,1,1136,82,114,8,SDM-PCA,arc labels,8.0,0.5014462905539872,0.07277628032345014,0.32926829268292684
Left,random,HTL,PTT,2,0.1,1,1136,82,227,14,NoAdapt,nothing,,0.48092053501180176,0.06376811594202898,0.2682926829268293
Left,random,HTL,PTT,2,0.1,1,1136,82,227,14,TargetOnly,arc labels,,0.43010367010690975,0.04336043360433604,0.1951219512195122
Left,random,HTL,PTT,2,0.1,1,1136,82,227,14,Source+Target,arc labels,,0.5046628407460545,0.07920792079207921,0.0975609756097561
Left,random,HTL,PTT,2,0.1,1,1136,82,227,14,COT,arc labels,,0.43945249224788263,0.04774535809018567,0.21951219512195122
Left,random,HTL,PTT,2,0.1,1,1136,82,227,14,none-HS4,arc labels,,0.443907067154163,0.05576923076923077,0.35365853658536583
Left,random,HTL,PTT,2,0.1,1,1136,82,227,14,none-HSsrc,nothing,,0.4619567732679224,0.052083333333333336,0.18292682926829268
Left,random,HTL,PTT,2,0.1,1,1136,82,227,14,none-PCA,arc segments,16.0,0.4504095894848892,0.05805243445692884,0.3780487804878049
Left,random,HTL,PTT,2,0.1,1,1136,82,227,14,QOTu-HS4,arc labels,,0.4519947239320591,0.04854368932038835,0.18292682926829268
Left,random,HTL,PTT,2,0.1,1,1136,82,227,14,QOTu-HSsrc,arc segments,,0.45675012727356873,0.039603960396039604,0.0975609756097561
Left,random,HTL,PTT,2,0.1,1,1136,82,227,14,QOTu-PCA,arc segments,32.0,0.4328226963484056,0.03741496598639456,0.13414634146341464
Left,random,HTL,PTT,2,0.1,1,1136,82,227,14,QOTc-HS4,arc labels,,0.4676378025639839,0.058981233243967826,0.2682926829268293
Left,random,HTL,PTT,2,0.1,1,1136,82,227,14,QOTc-HSsrc,arc labels,,0.49596195677326793,0.07038123167155426,0.2926829268292683
Left,random,HTL,PTT,2,0.1,1,1136,82,227,14,QOTc-PCA,arc labels,64.0,0.4663650668764752,0.05179282868525897,0.15853658536585366
Left,random,HTL,PTT,2,0.1,1,1136,82,227,14,SDM-HS4,arc labels,,0.4573402138195955,0.05449591280653951,0.24390243902439024
Left,random,HTL,PTT,2,0.1,1,1136,82,227,14,SDM-HSsrc,arc labels,,0.4854445318646735,0.06751054852320675,0.3902439024390244
Left,random,HTL,PTT,2,0.1,1,1136,82,227,14,SDM-PCA,arc labels,32.0,0.5230596565927709,0.08174386920980926,0.36585365853658536
Left,random,HTL,PTT,2,0.2,1,1136,82,454,26,NoAdapt,nothing,,0.48092053501180176,0.06376811594202898,0.2682926829268293
Left,random,HTL,PTT,2,0.2,1,1136,82,454,26,TargetOnly,arc labels,,0.4963784884528162,0.07003891050583658,0.21951219512195122
Left,random,HTL,PTT,2,0.2,1,1136,82,454,26,Source+Target,arc labels,,0.5103554403665479,0.0898876404494382,0.0975609756097561
Left,random,HTL,PTT,2,0.2,1,1136,82,454,26,COT,arc labels,,0.554635071967418,0.09649122807017543,0.4024390243902439
Left,random,HTL,PTT,2,0.2,1,1136,82,454,26,none-HS4,arc labels,,0.4528509279400194,0.05825242718446602,0.36585365853658536
Left,random,HTL,PTT,2,0.2,1,1136,82,454,26,none-HSsrc,nothing,,0.4619567732679224,0.052083333333333336,0.18292682926829268
Left,random,HTL,PTT,2,0.2,1,1136,82,454,26,none-PCA,arc segments,16.0,0.4504095894848892,0.05805243445692884,0.3780487804878049
Left,random,HTL,PTT,2,0.2,1,1136,82,454,26,QOTu-HS4,arc labels,,0.45266580274910906,0.05234159779614325,0.23170731707317074
Left,random,HTL,PTT,2,0.2,1,1136,82,454,26,QOTu-HSsrc,arc segments,,0.447389734808164,0.044673539518900345,0.15853658536585366
Left,random,HTL,PTT,2,0.2,1,1136,82,454,26,QOTu-PCA,arc segments,16.0,0.4356574258342204,0.046753246753246755,0.21951219512195122
Left,random,HTL,PTT,2,0.2,1,1136,82,454,26,QOTc-HS4,arc labels,,0.48098995695839314,0.0634441087613293,0.25609756097560976
Left,random,HTL,PTT,2,0.2,1,1136,82,454,26,QOTc-HSsrc,arc labels,,0.4950826121164438,0.06990881458966565,0.2804878048780488
Left,random,HTL,PTT,2,0.2,1,1136,82,454,26,QOTc-PCA,arc labels,64.0,0.470553524320822,0.059490084985835696,0.25609756097560976
Left,random,HTL,PTT,2,0.2,1,1136,82,454,26,SDM-HS4,arc labels,,0.4789535798583792,0.06336088154269973,0.2804878048780488
Left,random,HTL,PTT,2,0.2,1,1136,82,454,26,SDM-HSsrc,arc labels,,0.4906048965612996,0.06842105263157895,0.3170731707317073
Left,random,HTL,PTT,2,0.2,1,1136,82,454,26,SDM-PCA,arc labels,64.0,0.5193687230989956,0.0768025078369906,0.5975609756097561
Left,random,HTL,PTT,2,0.3,1,1136,82,682,39,NoAdapt,nothing,,0.48092053501180176,0.06376811594202898,0.2682926829268293
Left,random,HTL,PTT,2,0.3,1,1136,82,682,39,TargetOnly,arc labels,,0.4723353542833341,0.04918032786885246,0.10975609756097561
Left,random,HTL,PTT,2,0.3,1,1136,82,682,39,Source+Target,arc labels,,0.49443467394825746,0.06172839506172839,0.06097560975609756
Left,random,HTL,PTT,2,0.3,1,1136,82,682,39,COT,arc labels,,0.47685935113620587,0.060897435897435896,0.23170731707317074
Left,random,HTL,PTT,2,0.3,1,1136,82,682,39,none-HS4,arc labels,,0.4458046003609941,0.0562015503875969,0.35365853658536583
Left,random,HTL,PTT,2,0.3,1,1136,82,682,39,none-HSsrc,nothing,,0.4619567732679224,0.052083333333333336,0.18292682926829268
Left,random,HTL,PTT,2,0.3,1,1136,82,682,39,none-PCA,arc segments,16.0,0.4447169898643958,0.056776556776556776,0.3780487804878049
Left,random,HTL,PTT,2,0.3,1,1136,82,682,39,QOTu-HS4,arc labels,,0.4335516267876151,0.048723897911832945,0.25609756097560976
Left,random,HTL,PTT,2,0.3,1,1136,82,682,39,QOTu-HSsrc,arc segments,,0.4430508631462026,0.044585987261146494,0.17073170731707318
Left,random,HTL,PTT,2,0.3,1,1136,82,682,39,QOTu-PCA,arc segments,32.0,0.42766233165177947,0.04381443298969072,0.2073170731707317
Left,random,HTL,PTT,2,0.3,1,1136,82,682,39,QOTc-HS4,arc labels,,0.4835007173601148,0.06375838926174497,0.23170731707317074
Left,random,HTL,PTT,2,0.3,1,1136,82,682,39,QOTc-HSsrc,arc labels,,0.4937288841579118,0.06918238993710692,0.2682926829268293
Left,random,HTL,PTT,2,0.3,1,1136,82,682,39,QOTc-PCA,arc labels,64.0,0.47896515018281116,0.06015037593984962,0.1951219512195122
Left,random,HTL,PTT,2,0.3,1,1136,82,682,39,SDM-HS4,arc labels,,0.4870875179340029,0.06626506024096386,0.2682926829268293
Left,random,HTL,PTT,2,0.3,1,1136,82,682,39,SDM-HSsrc,arc labels,,0.4953487295783774,0.07027027027027027,0.3170731707317073
Left,random,HTL,PTT,2,0.3,1,1136,82,682,39,SDM-PCA,arc labels,64.0,0.47159485351969266,0.06610407876230662,0.573170731707317
Left,random,HTL,PTT,2,0.5,1,1136,82,1112,57,NoAdapt,nothing,,0.48092053501180176,0.06376811594202898,0.2682926829268293
Left,random,HTL,PTT,2,0.5,1,1136,82,1112,57,TargetOnly,arc labels,,0.4946892210857592,0.0684931506849315,0.18292682926829268
Left,random,HTL,PTT,2,0.5,1,1136,82,1112,57,Source+Target,arc labels,,0.4991090850187439,0.07058823529411765,0.07317073170731707
Left,random,HTL,PTT,2,0.5,1,1136,82,1112,57,COT,arc labels,,0.47469570046744114,0.05818181818181818,0.1951219512195122
Left,random,HTL,PTT,2,0.5,1,1136,82,1112,57,none-HS4,arc labels,,0.449530244828065,0.05747126436781609,0.36585365853658536
Left,random,HTL,PTT,2,0.5,1,1136,82,1112,57,none-HSsrc,nothing,,0.4619567732679224,0.052083333333333336,0.18292682926829268
Left,random,HTL,PTT,2,0.5,1,1136,82,1112,57,none-PCA,arc segments,64.0,0.4211366686721896,0.051056338028169015,0.35365853658536583
Left,random,HTL,PTT,2,0.5,1,1136,82,1112,57,QOTu-HS4,arc labels,,0.4349053547461471,0.049773755656108594,0.2682926829268293
Left,random,HTL,PTT,2,0.5,1,1136,82,1112,57,QOTu-HSsrc,arc segments,,0.4416277132410793,0.04416403785488959,0.17073170731707318
Left,random,HTL,PTT,2,0.5,1,1136,82,1112,57,QOTu-PCA,arc segments,32.0,0.4252904151432406,0.043256997455470736,0.2073170731707317
Left,random,HTL,PTT,2,0.5,1,1136,82,1112,57,QOTc-HS4,arc labels,,0.501122321469894,0.0728744939271255,0.21951219512195122
Left,random,HTL,PTT,2,0.5,1,1136,82,1112,57,QOTc-HSsrc,arc labels,,0.4790230018049706,0.06303724928366762,0.2682926829268293
Left,random,HTL,PTT,2,0.5,1,1136,82,1112,57,QOTc-PCA,arc labels,64.0,0.4618294996991716,0.045662100456621,0.12195121951219512
Left,random,HTL,PTT,2,0.5,1,1136,82,1112,57,SDM-HS4,arc labels,,0.49420326745961957,0.0694006309148265,0.2682926829268293
Left,random,HTL,PTT,2,0.5,1,1136,82,1112,57,SDM-HSsrc,arc labels,,0.4937288841579118,0.06918238993710692,0.2682926829268293
Left,random,HTL,PTT,2,0.5,1,1136,82,1112,57,SDM-PCA,arc labels,64.0,0.5469408062202065,0.08295625942684766,0.6707317073170732
Left,random,HTL,PTT,3,0.05,1,1136,66,114,7,NoAdapt,nothing,,0.5212404418011894,0.06645569620253164,0.3181818181818182
Left,random,HTL,PTT,3,0.05,1,1136,66,114,7,TargetOnly,arc labels,,0.47022090059473237,0.03592814371257485,0.09090909090909091
Left,random,HTL,PTT,3,0.05,1,1136,66,114,7,Source+Target,arc labels,,0.4872415746247522,0.048484848484848485,0.12121212121212122
Left,random,HTL,PTT,3,0.05,1,1136,66,114,7,COT,arc labels,,0.47248654772019255,0.04329004329004329,0.15151515151515152
Left,random,HTL,PTT,3,0.05,1,1136,66,114,7,none-HS4,arc labels,,0.45147267063154917,0.04809286898839138,0.4393939393939394
Left,random,HTL,PTT,3,0.05,1,1136,66,114,7,none-HSsrc,nothing,,0.497649391107335,0.056910569105691054,0.21212121212121213
Left,random,HTL,PTT,3,0.05,1,1136,66,114,7,none-PCA,arc segments,16.0,0.4925941659586519,0.05631067961165048,0.4393939393939394
Left,random,HTL,PTT,3,0.05,1,1136,66,114,7,QOTu-HS4,arc labels,,0.4713395638629283,0.05,0.3333333333333333
Left,random,HTL,PTT,3,0.05,1,1136,66,114,7,QOTu-HSsrc,arc segments,,0.4800906258850184,0.050314465408805034,0.24242424242424243
Left,random,HTL,PTT,3,0.05,1,1136,66,114,7,QOTu-PCA,arc segments,16.0,0.5192013593882753,0.06451612903225806,0.36363636363636365
Left,random,HTL,PTT,3,0.05,1,1136,66,114,7,QOTc-HS4,arc labels,,0.5563438119512887,0.07506053268765134,0.4696969696969697
Left,random,HTL,PTT,3,0.05,1,1136,66,114,7,QOTc-HSsrc,arc labels,,0.48068535825545167,0.05238095238095238,0.3333333333333333
Left,random,HTL,PTT,3,0.05,1,1136,66,114,7,QOTc-PCA,arc labels,64.0,0.616595865193996,0.13131313131313133,0.3939393939393939
Left,random,HTL,PTT,3,0.05,1,1136,66,114,7,SDM-HS4,arc labels,,0.5392240158595298,0.07035175879396985,0.42424242424242425
Left,random,HTL,PTT,3,0.05,1,1136,66,114,7,SDM-HSsrc,arc labels,,0.5195978476352309,0.06363636363636363,0.42424242424242425
Left,random,HTL,PTT,3,0.05,1,1136,66,114,7,SDM-PCA,arc labels,32.0,0.4919144718210139,0.05161290322580645,0.12121212121212122
Left,random,HTL,PTT,3,0.1,1,1136,66,227,16,NoAdapt,nothing,,0.5212404418011894,0.06645569620253164,0.3181818181818182
Left,random,HTL,PTT,3,0.1,1,1136,66,227,16,TargetOnly,arc labels,,0.4421268762390258,0.04654895666131621,0.4393939393939394
Left,random,HTL,PTT,3,0.1,1,1136,66,227,16,Source+Target,arc labels,,0.5123760974228264,0.07446808510638298,0.10606060606060606
Left,random,HTL,PTT,3,0.1,1,1136,66,227,16,COT,arc labels,,0.42026338147833475,0.043668122270742356,0.45454545454545453
Left,random,HTL,PTT,3,0.1,1,1136,66,227,16,none-HS4,arc labels,,0.4444633248371566,0.04692556634304207,0.4393939393939394
Left,random,HTL,PTT,3,0.1,1,1136,66,227,16,none-HSsrc,nothing,,0.497649391107335,0.056910569105691054,0.21212121212121213
Left,random,HTL,PTT,3,0.1,1,1136,66,227,16,none-PCA,arc segments,16.0,0.4874539790427641,0.055133079847908745,0.4393939393939394
Left,random,HTL,PTT,3,0.1,1,1136,66,227,16,QOTu-HS4,arc labels,,0.4709713962050411,0.05021834061135371,0.3484848484848485
Left,random,HTL,PTT,3,0.1,1,1136,66,227,16,QOTu-HSsrc,arc segments,,0.47167941093174737,0.047619047619047616,0.24242424242424243
Left,random,HTL,PTT,3,0.1,1,1136,66,227,16,QOTu-PCA,arc segments,16.0,0.4921693571226281,0.055401662049861494,0.30303030303030304
Left,random,HTL,PTT,3,0.1,1,1136,66,227,16,QOTc-HS4,arc labels,,0.5337723024638913,0.0651085141903172,0.5909090909090909
Left,random,HTL,PTT,3,0.1,1,1136,66,227,16,QOTc-HSsrc,arc labels,,0.4643302180685358,0.04835164835164835,0.3333333333333333
Left,random,HTL,PTT,3,0.1,1,1136,66,227,16,QOTc-PCA,arc labels,64.0,0.5281789861229114,0.06756756756756757,0.3787878787878788
Left,random,HTL,PTT,3,0.1,1,1136,66,227,16,SDM-HS4,arc labels,,0.5445199660152931,0.06770833333333333,0.5909090909090909
Left,random,HTL,PTT,3,0.1,1,1136,66,227,16,SDM-HSsrc,arc labels,,0.45685358255451713,0.04670912951167728,0.3333333333333333
Left,random,HTL,PTT,3,0.1,1,1136,66,227,16,SDM-PCA,arc labels,64.0,0.5562588501840838,0.0677731673582296,0.7424242424242424
Left,random,HTL,PTT,3,0.2,1,1136,66,454,30,NoAdapt,nothing,,0.5212404418011894,0.06645569620253164,0.3181818181818182
Left,random,HTL,PTT,3,0.2,1,1136,66,454,30,TargetOnly,arc labels,,0.43378646275842536,0.043706293706293704,0.3787878787878788
Left,random,HTL,PTT,3,0.2,1,1136,66,454,30,Source+Target,arc labels,,0.4985273293684509,0.05555555555555555,0.06060606060606061
Left,random,HTL,PTT,3,0.2,1,1136,66,454,30,COT,arc labels,,0.4355140186915888,0.046742209631728045,0.5
Left,random,HTL,PTT,3,0.2,1,1136,66,454,30,none-HS4,arc labels,,0.45868026054941946,0.04983922829581994,0.4696969696969697
Left,random,HTL,PTT,3,0.2,1,1136,66,454,30,none-HSsrc,nothing,,0.497649391107335,0.056910569105691054,0.21212121212121213
Left,random,HTL,PTT,3,0.2,1,1136,66,454,30,none-PCA,arc segments,64.0,0.4465024072500708,0.046263345195729534,0.3939393939393939
Left,random,HTL,PTT,3,0.2,1,1136,66,454,30,QOTu-HS4,arc labels,,0.4694704049844237,0.04954954954954955,0.3333333333333333
Left,random,HTL,PTT,3,0.2,1,1136,66,454,30,QOTu-HSsrc,arc segments,,0.4720475785896347,0.04716981132075472,0.22727272727272727
Left,random,HTL,PTT,3,0.2,1,1136,66,454,30,QOTu-PCA,arc segments,16.0,0.4851600113282356,0.05319148936170213,0.30303030303030304
Left,random,HTL,PTT,3,0.2,1,1136,66,454,30,QOTc-HS4,arc labels,,0.5201925800056642,0.06273062730627306,0.5151515151515151
Left,random,HTL,PTT,3,0.2,1,1136,66,454,30,QOTc-HSsrc,arc labels,,0.46396205041064853,0.048625792811839326,0.3484848484848485
Left,random,HTL,PTT,3,0.2,1,1136,66,454,30,QOTc-PCA,arc labels,64.0,0.5185641461342396,0.06352941176470588,0.4090909090909091
Left,random,HTL,PTT,3,0.2,1,1136,66,454,30,SDM-HS4,arc labels,,0.534876805437553,0.06605504587155964,0.5454545454545454
Left,random,HTL,PTT,3,0.2,1,1136,66,454,30,SDM-HSsrc,arc labels,,0.4559190031152648,0.046511627906976744,0.3333333333333333
Left,random,HTL,PTT,3,0.2,1,1136,66,454,30,SDM-PCA,arc labels,64.0,0.5431747380345511,0.06524633821571238,0.7424242424242424
Left,random,HTL,PTT,3,0.3,1,1136,66,682,44,NoAdapt,nothing,,0.5212404418011894,0.06645569620253164,0.3181818181818182
Left,random,HTL,PTT,3,0.3,1,1136,66,682,44,TargetOnly,arc labels,,0.5444491645426225,0.06666666666666667,0.6515151515151515
Left,random,HTL,PTT,3,0.3,1,1136,66,682,44,Source+Target,arc labels,,0.4985273293684509,0.05555555555555555,0.06060606060606061
Left,random,HTL,PTT,3,0.3,1,1136,66,682,44,COT,arc labels,,0.5405409232512036,0.06524822695035461,0.696969696969697
Left,random,HTL,PTT,3,0.3,1,1136,66,682,44,none-HS4,arc labels,,0.4605494194279241,0.05016181229773463,0.4696969696969697
Left,random,HTL,PTT,3,0.3,1,1136,66,682,44,none-HSsrc,nothing,,0.497649391107335,0.056910569105691054,0.21212121212121213
Left,random,HTL,PTT,3,0.3,1,1136,66,682,44,none-PCA,arc segments,64.0,0.4465024072500708,0.046263345195729534,0.3939393939393939
Left,random,HTL,PTT,3,0.3,1,1136,66,682,44,QOTu-HS4,arc labels,,0.47564429340130276,0.05133928571428571,0.3484848484848485
Left,random,HTL,PTT,3,0.3,1,1136,66,682,44,QOTu-HSsrc,arc segments,,0.4733503256867743,0.04697986577181208,0.21212121212121213
Left,random,HTL,PTT,3,0.3,1,1136,66,682,44,QOTu-PCA,arc segments,16.0,0.4856273010478618,0.05333333333333334,0.30303030303030304
Left,random,HTL,PTT,3,0.3,1,1136,66,682,44,QOTc-HS4,arc labels,,0.5109459076748797,0.06044905008635579,0.5303030303030303
Left,random,HTL,PTT,3,0.3,1,1136,66,682,44,QOTc-HSsrc,arc labels,,0.46302747097139624,0.04842105263157895,0.3484848484848485
Left,random,HTL,PTT,3,0.3,1,1136,66,682,44,QOTc-PCA,arc labels,64.0,0.5941659586519399,0.10569105691056911,0.3939393939393939
Left,random,HTL,PTT,3,0.3,1,1136,66,682,44,SDM-HS4,arc labels,,0.5260974228263948,0.06368330464716007,0.5606060606060606
Left,random,HTL,PTT,3,0.3,1,1136,66,682,44,SDM-HSsrc,arc labels,,0.41302747097139625,0.03951890034364261,0.3484848484848485
Left,random,HTL,PTT,3,0.3,1,1136,66,682,44,SDM-PCA,arc labels,64.0,0.5852874539790427,0.07082833133253301,0.8939393939393939
Left,random,HTL,PTT,3,0.5,1,1136,66,1112,73,NoAdapt,nothing,,0.5212404418011894,0.06645569620253164,0.3181818181818182
Left,random,HTL,PTT,3,0.5,1,1136,66,1112,73,TargetOnly,arc labels,,0.5196969696969697,0.06345733041575492,0.4393939393939394
Left,random,HTL,PTT,3,0.5,1,1136,66,1112,73,Source+Target,arc labels,,0.4838431039365619,0.028985507246376812,0.030303030303030304
Left,random,HTL,PTT,3,0.5,1,1136,66,1112,73,COT,arc labels,,0.4508071367884452,0.04736842105263158,0.4090909090909091
Left,random,HTL,PTT,3,0.5,1,1136,66,1112,73,none-HS4,arc labels,,0.4595157179269329,0.04975124378109453,0.45454545454545453
Left,random,HTL,PTT,3,0.5,1,1136,66,1112,73,none-HSsrc,nothing,,0.497649391107335,0.056910569105691054,0.21212121212121213
Left,random,HTL,PTT,3,0.5,1,1136,66,1112,73,none-PCA,arc segments,16.0,0.4857830642877372,0.0549645390070922,0.4696969696969697
Left,random,HTL,PTT,3,0.5,1,1136,66,1112,73,QOTu-HS4,arc labels,,0.47424242424242424,0.050997782705099776,0.3484848484848485
Left,random,HTL,PTT,3,0.5,1,1136,66,1112,73,QOTu-HSsrc,arc segments,,0.4733503256867743,0.04697986577181208,0.21212121212121213
Left,random,HTL,PTT,3,0.5,1,1136,66,1112,73,QOTu-PCA,arc segments,16.0,0.4744123477768337,0.05012531328320802,0.30303030303030304
Left,random,HTL,PTT,3,0.5,1,1136,66,1112,73,QOTc-HS4,arc labels,,0.5637213254035683,0.07894736842105263,0.45454545454545453
Left,random,HTL,PTT,3,0.5,1,1136,66,1112,73,QOTc-HSsrc,arc labels,,0.5025488530161427,0.05898876404494382,0.3181818181818182
Left,random,HTL,PTT,3,0.5,1,1136,66,1112,73,QOTc-PCA,arc labels,32.0,0.567601246105919,0.09401709401709402,0.3333333333333333
Left,random,HTL,PTT,3,0.5,1,1136,66,1112,73,SDM-HS4,arc labels,,0.5279665817048994,0.06412478336221837,0.5606060606060606
Left,random,HTL,PTT,3,0.5,1,1136,66,1112,73,SDM-HSsrc,arc labels,,0.48108184650240726,0.05327868852459016,0.3939393939393939
Left,random,HTL,PTT,3,0.5,1,1136,66,1112,73,SDM-PCA,arc labels,64.0,0.5916312659303313,0.07261146496815286,0.8636363636363636
Left,random,HTL,PTT,4,0.05,1,1136,64,114,7,NoAdapt,nothing,,0.53125,0.06944444444444445,0.3125
Left,random,HTL,PTT,4,0.05,1,1136,64,114,7,TargetOnly,arc labels,,0.4605876865671642,0.042042042042042045,0.21875
Left,random,HTL,PTT,4,0.05,1,1136,64,114,7,Source+Target,arc labels,,0.4918376865671642,0.04838709677419355,0.09375
Left,random,HTL,PTT,4,0.05,1,1136,64,114,7,COT,arc labels,,0.4154617537313433,0.04,0.390625
Left,random,HTL,PTT,4,0.05,1,1136,64,114,7,none-HS4,arc labels,,0.4673507462686567,0.050156739811912224,0.5
Left,random,HTL,PTT,4,0.05,1,1136,64,114,7,none-HSsrc,nothing,,0.4962686567164179,0.05429864253393665,0.1875
Left,random,HTL,PTT,4,0.05,1,1136,64,114,7,none-PCA,arc segments,16.0,0.47702891791044777,0.051418439716312055,0.453125
Left,random,HTL,PTT,4,0.05,1,1136,64,114,7,QOTu-HS4,arc labels,,0.4939365671641791,0.05387205387205387,0.25
Left,random,HTL,PTT,4,0.05,1,1136,64,114,7,QOTu-HSsrc,arc segments,,0.4791277985074627,0.04583333333333333,0.171875
Left,random,HTL,PTT,4,0.05,1,1136,64,114,7,QOTu-PCA,arc segments,16.0,0.47527985074626866,0.045112781954887216,0.1875
Left,random,HTL,PTT,4,0.05,1,1136,64,114,7,QOTc-HS4,arc labels,,0.585820895522388,0.08945686900958466,0.4375
Left,random,HTL,PTT,4,0.05,1,1136,64,114,7,QOTc-HSsrc,arc labels,,0.505830223880597,0.0582010582010582,0.34375
Left,random,HTL,PTT,4,0.05,1,1136,64,114,7,QOTc-PCA,arc labels,64.0,0.6002798507462687,0.14285714285714285,0.3125
Left,random,HTL,PTT,4,0.05,1,1136,64,114,7,SDM-HS4,arc labels,,0.5093283582089552,0.06060606060606061,0.25
Left,random,HTL,PTT,4,0.05,1,1136,64,114,7,SDM-HSsrc,arc labels,,0.5020988805970149,0.05699481865284974,0.34375
Left,random,HTL,PTT,4,0.05,1,1136,64,114,7,SDM-PCA,arc labels,16.0,0.4429804104477612,0.04009433962264151,0.265625
Left,random,HTL,PTT,4,0.1,1,1136,64,227,17,NoAdapt,nothing,,0.53125,0.06944444444444445,0.3125
Left,random,HTL,PTT,4,0.1,1,1136,64,227,17,TargetOnly,arc labels,,0.42665578358208955,0.043154761904761904,0.453125
Left,random,HTL,PTT,4,0.1,1,1136,64,227,17,Source+Target,arc labels,,0.5013992537313433,0.058823529411764705,0.0625
Left,random,HTL,PTT,4,0.1,1,1136,64,227,17,COT,arc labels,,0.4326026119402985,0.045454545454545456,0.53125
Left,random,HTL,PTT,4,0.1,1,1136,64,227,17,none-HS4,arc labels,,0.48390858208955223,0.05291005291005291,0.46875
Left,random,HTL,PTT,4,0.1,1,1136,64,227,17,none-HSsrc,nothing,,0.4962686567164179,0.05429864253393665,0.1875
Left,random,HTL,PTT,4,0.1,1,1136,64,227,17,none-PCA,arc segments,16.0,0.4690998134328358,0.049019607843137254,0.390625
Left,random,HTL,PTT,4,0.1,1,1136,64,227,17,QOTu-HS4,arc labels,,0.48157649253731344,0.05116279069767442,0.34375
Left,random,HTL,PTT,4,0.1,1,1136,64,227,17,QOTu-HSsrc,arc segments,,0.4709654850746269,0.04436860068259386,0.203125
Left,random,HTL,PTT,4,0.1,1,1136,64,227,17,QOTu-PCA,arc segments,16.0,0.48134328358208955,0.04743083003952569,0.1875
Left,random,HTL,PTT,4,0.1,1,1136,64,227,17,QOTc-HS4,arc labels,,0.5619169776119404,0.0728476821192053,0.515625
Left,random,HTL,PTT,4,0.1,1,1136,64,227,17,QOTc-HSsrc,arc labels,,0.5106110074626866,0.05815602836879433,0.640625
Left,random,HTL,PTT,4,0.1,1,1136,64,227,17,QOTc-PCA,arc labels,64.0,0.5436100746268657,0.06540447504302926,0.59375
Left,random,HTL,PTT,4,0.1,1,1136,64,227,17,SDM-HS4,arc labels,,0.5601679104477613,0.07058823529411765,0.5625
Left,random,HTL,PTT,4,0.1,1,1136,64,227,17,SDM-HSsrc,arc labels,,0.5465251865671642,0.06363636363636363,0.765625
Left,random,HTL,PTT,4,0.1,1,1136,64,227,17,SDM-PCA,arc labels,64.0,0.5392957089552239,0.061659192825112105,0.859375
Left,random,HTL,PTT,4,0.2,1,1136,64,454,29,NoAdapt,nothing,,0.53125,0.06944444444444445,0.3125
Left,random,HTL,PTT,4,0.2,1,1136,64,454,29,TargetOnly,arc labels,,0.5169076492537313,0.059147180192572216,0.671875
Left,random,HTL,PTT,4,0.2,1,1136,64,454,29,Source+Target,arc labels,,0.4904384328358209,0.03571428571428571,0.03125
Left,random,HTL,PTT,4,0.2,1,1136,64,454,29,COT,arc labels,,0.5026819029850746,0.056712962962962965,0.765625
Left,random,HTL,PTT,4,0.2,1,1136,64,454,29,none-HS4,arc labels,,0.4751632462686567,0.051056338028169015,0.453125
Left,random,HTL,PTT,4,0.2,1,1136,64,454,29,none-HSsrc,nothing,,0.4962686567164179,0.05429864253393665,0.1875
Left,random,HTL,PTT,4,0.2,1,1136,64,454,29,none-PCA,arc segments,16.0,0.4900886194029851,0.054104477611940295,0.453125
Left,random,HTL,PTT,4,0.2,1,1136,64,454,29,QOTu-HS4,arc labels,,0.47038246268656714,0.048458149779735685,0.34375
Left,random,HTL,PTT,4,0.2,1,1136,64,454,29,QOTu-HSsrc,arc segments,,0.46921641791044777,0.043010752688172046,0.1875
Left,random,HTL,PTT,4,0.2,1,1136,64,454,29,QOTu-PCA,arc segments,16.0,0.498017723880597,0.05555555555555555,0.265625
Left,random,HTL,PTT,4,0.2,1,1136,64,454,29,QOTc-HS4,arc labels,,0.531133395522388,0.06271186440677966,0.578125
Left,random,HTL,PTT,4,0.2,1,1136,64,454,29,QOTc-HSsrc,arc labels,,0.49510261194029853,0.05486284289276808,0.34375
Left,random,HTL,PTT,4,0.2,1,1136,64,454,29,QOTc-PCA,arc labels,64.0,0.5740438432835822,0.07429718875502007,0.578125
Left,random,HTL,PTT,4,0.2,1,1136,64,454,29,SDM-HS4,arc labels,,0.5432602611940298,0.06373937677053824,0.703125
Left,random,HTL,PTT,4,0.2,1,1136,64,454,29,SDM-HSsrc,arc labels,,0.4844916044776119,0.05291970802919708,0.453125
Left,random,HTL,PTT,4,0.2,1,1136,64,454,29,SDM-PCA,arc labels,64.0,0.5910680970149254,0.07042253521126761,0.859375
Left,random,HTL,PTT,4,0.3,1,1136,64,682,42,NoAdapt,nothing,,0.53125,0.06944444444444445,0.3125
Left,random,HTL,PTT,4,0.3,1,1136,64,682,42,TargetOnly,arc labels,,0.5437266791044776,0.06314432989690721,0.765625
Left,random,HTL,PTT,4,0.3,1,1136,64,682,42,Source+Target,arc labels,,0.48682369402985076,0.021739130434782608,0.015625
Left,random,HTL,PTT,4,0.3,1,1136,64,682,42,COT,arc labels,,0.5031483208955224,0.056778679026651215,0.765625
Left,random,HTL,PTT,4,0.3,1,1136,64,682,42,none-HS4,arc labels,,0.46781716417910446,0.05023547880690738,0.5
Left,random,HTL,PTT,4,0.3,1,1136,64,682,42,none-HSsrc,nothing,,0.4962686567164179,0.05429864253393665,0.1875
Left,random,HTL,PTT,4,0.3,1,1136,64,682,42,none-PCA,arc segments,16.0,0.42245802238805974,0.042584434654919234,0.453125
Left,random,HTL,PTT,4,0.3,1,1136,64,682,42,QOTu-HS4,arc labels,,0.46944962686567165,0.04824561403508772,0.34375
Left,random,HTL,PTT,4,0.3,1,1136,64,682,42,QOTu-HSsrc,arc segments,,0.4709654850746269,0.04436860068259386,0.203125
Left,random,HTL,PTT,4,0.3,1,1136,64,682,42,QOTu-PCA,arc segments,16.0,0.4826259328358209,0.05014749262536873,0.265625
Left,random,HTL,PTT,4,0.3,1,1136,64,682,42,QOTc-HS4,arc labels,,0.5164412313432836,0.0593607305936073,0.609375
Left,random,HTL,PTT,4,0.3,1,1136,64,682,42,QOTc-HSsrc,arc labels,,0.45044309701492535,0.04669887278582931,0.453125
Left,random,HTL,PTT,4,0.3,1,1136,64,682,42,QOTc-PCA,arc labels,64.0,0.5903684701492538,0.07677902621722846,0.640625
Left,random,HTL,PTT,4,0.3,1,1136,64,682,42,SDM-HS4,arc labels,,0.5317164179104478,0.061711079943899017,0.6875
Left,random,HTL,PTT,4,0.3,1,1136,64,682,42,SDM-HSsrc,arc labels,,0.4216417910447761,0.042105263157894736,0.4375
Left,random,HTL,PTT,4,0.3,1,1136,64,682,42,SDM-PCA,arc labels,64.0,0.5687966417910448,0.06658446362515413,0.84375
Left,random,HTL,PTT,4,0.5,1,1136,64,1114,71,NoAdapt,nothing,,0.53125,0.06944444444444445,0.3125
Left,random,HTL,PTT,4,0.5,1,1136,64,1114,71,TargetOnly,arc labels,,0.5293843283582089,0.06128133704735376,0.6875
Left,random,HTL,PTT,4,0.5,1,1136,64,1114,71,Source+Target,arc labels,,0.47143190298507465,0.012658227848101266,0.015625
Left,random,HTL,PTT,4,0.5,1,1136,64,1114,71,COT,arc labels,,0.5026819029850746,0.056712962962962965,0.765625
Left,random,HTL,PTT,4,0.5,1,1136,64,1114,71,none-HS4,arc labels,,0.4434468283582089,0.04559748427672956,0.453125
Left,random,HTL,PTT,4,0.5,1,1136,64,1114,71,none-HSsrc,nothing,,0.4962686567164179,0.05429864253393665,0.1875
Left,random,HTL,PTT,4,0.5,1,1136,64,1114,71,none-PCA,arc segments,16.0,0.4701492537313433,0.051209103840682786,0.5625
Left,random,HTL,PTT,4,0.5,1,1136,64,1114,71,QOTu-HS4,arc labels,,0.48717350746268656,0.05187319884726225,0.28125
Left,random,HTL,PTT,4,0.5,1,1136,64,1114,71,QOTu-HSsrc,arc segments,,0.46968283582089554,0.04316546762589928,0.1875
Left,random,HTL,PTT,4,0.5,1,1136,64,1114,71,QOTu-PCA,arc segments,16.0,0.48915578358208955,0.052307692307692305,0.265625
Left,random,HTL,PTT,4,0.5,1,1136,64,1114,71,QOTc-HS4,arc labels,,0.5248367537313433,0.061619718309859156,0.546875
Left,random,HTL,PTT,4,0.5,1,1136,64,1114,71,QOTc-HSsrc,arc labels,,0.494169776119403,0.05459057071960298,0.34375
Left,random,HTL,PTT,4,0.5,1,1136,64,1114,71,QOTc-PCA,arc labels,32.0,0.5904850746268657,0.10344827586206896,0.375
Left,random,HTL,PTT,4,0.5,1,1136,64,1114,71,SDM-HS4,arc labels,,0.5270522388059702,0.06085753803596127,0.6875
Left,random,HTL,PTT,4,0.5,1,1136,64,1114,71,SDM-HSsrc,arc labels,,0.45790578358208955,0.047933884297520664,0.453125
Left,random,HTL,PTT,4,0.5,1,1136,64,1114,71,SDM-PCA,arc labels,64.0,0.5762593283582089,0.06906077348066299,0.78125
Left,random,HTL,PTT,5,0.05,1,1136,36,114,9,NoAdapt,nothing,,0.5091414141414141,0.03363914373088685,0.3055555555555556
Left,random,HTL,PTT,5,0.05,1,1136,36,114,9,TargetOnly,arc labels,,0.416060606060606,0.016042780748663103,0.16666666666666666
Left,random,HTL,PTT,5,0.05,1,1136,36,114,9,Source+Target,arc labels,,0.5270202020202019,0.04145077720207254,0.2222222222222222
Left,random,HTL,PTT,5,0.05,1,1136,36,114,9,COT,arc labels,,0.46606060606060606,0.028846153846153848,0.6666666666666666
Left,random,HTL,PTT,5,0.05,1,1136,36,114,9,none-HS4,arc labels,,0.4856565656565657,0.02992957746478873,0.4722222222222222
Left,random,HTL,PTT,5,0.05,1,1136,36,114,9,none-HSsrc,nothing,,0.505,0.03296703296703297,0.25
Left,random,HTL,PTT,5,0.05,1,1136,36,114,9,none-PCA,arc segments,16.0,0.4633333333333334,0.02707581227436823,0.4166666666666667
Left,random,HTL,PTT,5,0.05,1,1136,36,114,9,QOTu-HS4,arc labels,,0.5121212121212121,0.03409090909090909,0.3333333333333333
Left,random,HTL,PTT,5,0.05,1,1136,36,114,9,QOTu-HSsrc,arc segments,,0.4314141414141414,0.009345794392523364,0.05555555555555555
Left,random,HTL,PTT,5,0.05,1,1136,36,114,9,QOTu-PCA,arc segments,16.0,0.5127777777777778,0.034482758620689655,0.3055555555555556
Left,random,HTL,PTT,5,0.05,1,1136,36,114,9,QOTc-HS4,arc labels,,0.46454545454545454,0.0,0.0
Left,random,HTL,PTT,5,0.05,1,1136,36,114,9,QOTc-HSsrc,arc labels,,0.4813636363636364,0.0,0.0
Left,random,HTL,PTT,5,0.05,1,1136,36,114,9,QOTc-PCA,arc labels,32.0,0.4936868686868687,0.025974025974025976,0.05555555555555555
Left,random,HTL,PTT,5,0.05,1,1136,36,114,9,SDM-HS4,arc labels,,0.547020202020202,0.053691275167785234,0.2222222222222222
Left,random,HTL,PTT,5,0.05,1,1136,36,114,9,SDM-HSsrc,arc labels,,0.5808585858585859,0.04892966360856269,0.4444444444444444
Left,random,HTL,PTT,5,0.05,1,1136,36,114,9,SDM-PCA,arc labels,32.0,0.5452525252525253,0.046296296296296294,0.2777777777777778
Left,random,HTL,PTT,5,0.1,1,1136,36,227,21,NoAdapt,nothing,,0.5091414141414141,0.03363914373088685,0.3055555555555556
Left,random,HTL,PTT,5,0.1,1,1136,36,227,21,TargetOnly,arc labels,,0.4294949494949495,0.018617021276595744,0.19444444444444445
Left,random,HTL,PTT,5,0.1,1,1136,36,227,21,Source+Target,arc labels,,0.4902525252525253,0.018867924528301886,0.027777777777777776
Left,random,HTL,PTT,5,0.1,1,1136,36,227,21,COT,arc labels,,0.513989898989899,0.033093525179856115,0.6388888888888888
Left,random,HTL,PTT,5,0.1,1,1136,36,227,21,none-HS4,arc labels,,0.4724747474747475,0.02847571189279732,0.4722222222222222
Left,random,HTL,PTT,5,0.1,1,1136,36,227,21,none-HSsrc,nothing,,0.505,0.03296703296703297,0.25
Left,random,HTL,PTT,5,0.1,1,1136,36,227,21,none-PCA,arc segments,16.0,0.4761111111111111,0.028862478777589132,0.4722222222222222
Left,random,HTL,PTT,5,0.1,1,1136,36,227,21,QOTu-HS4,arc labels,,0.4907575757575757,0.03007518796992481,0.3333333333333333
Left,random,HTL,PTT,5,0.1,1,1136,36,227,21,QOTu-HSsrc,arc segments,,0.4715656565656566,0.025396825396825397,0.2222222222222222
Left,random,HTL,PTT,5,0.1,1,1136,36,227,21,QOTu-PCA,arc segments,16.0,0.5193939393939394,0.03571428571428571,0.3333333333333333
Left,random,HTL,PTT,5,0.1,1,1136,36,227,21,QOTc-HS4,arc labels,,0.4702020202020202,0.025157232704402517,0.2222222222222222
Left,random,HTL,PTT,5,0.1,1,1136,36,227,21,QOTc-HSsrc,arc labels,,0.4143939393939394,0.01060070671378092,0.08333333333333333
Left,random,HTL,PTT,5,0.1,1,1136,36,227,21,QOTc-PCA,arc labels,64.0,0.4672727272727273,0.0,0.0
Left,random,HTL,PTT,5,0.1,1,1136,36,227,21,SDM-HS4,arc labels,,0.43176767676767674,0.018867924528301886,0.19444444444444445
Left,random,HTL,PTT,5,0.1,1,1136,36,227,21,SDM-HSsrc,arc labels,,0.40212121212121216,0.00967741935483871,0.08333333333333333
Left,random,HTL,PTT,5,0.1,1,1136,36,227,21,SDM-PCA,arc labels,64.0,0.5202020202020202,0.034552845528455285,0.4722222222222222
Left,random,HTL,PTT,5,0.2,1,1136,36,454,49,NoAdapt,nothing,,0.5091414141414141,0.03363914373088685,0.3055555555555556
Left,random,HTL,PTT,5,0.2,1,1136,36,454,49,TargetOnly,arc labels,,0.4725757575757576,0.029045643153526972,0.5833333333333334
Left,random,HTL,PTT,5,0.2,1,1136,36,454,49,Source+Target,arc labels,,0.47141414141414145,0.015873015873015872,0.05555555555555555
Left,random,HTL,PTT,5,0.2,1,1136,36,454,49,COT,arc labels,,0.4533333333333333,0.027906976744186046,0.6666666666666666
Left,random,HTL,PTT,5,0.2,1,1136,36,454,49,none-HS4,arc labels,,0.4338383838383838,0.024926686217008796,0.4722222222222222
Left,random,HTL,PTT,5,0.2,1,1136,36,454,49,none-HSsrc,nothing,,0.505,0.03296703296703297,0.25
Left,random,HTL,PTT,5,0.2,1,1136,36,454,49,none-PCA,arc segments,16.0,0.4422222222222222,0.02531645569620253,0.4444444444444444
Left,random,HTL,PTT,5,0.2,1,1136,36,454,49,QOTu-HS4,arc labels,,0.4856060606060606,0.0297029702970297,0.4166666666666667
Left,random,HTL,PTT,5,0.2,1,1136,36,454,49,QOTu-HSsrc,arc segments,,0.4715656565656566,0.025396825396825397,0.2222222222222222
Left,random,HTL,PTT,5,0.2,1,1136,36,454,49,QOTu-PCA,arc segments,16.0,0.5039393939393939,0.032432432432432434,0.3333333333333333
Left,random,HTL,PTT,5,0.2,1,1136,36,454,49,QOTc-HS4,arc labels,,0.43626262626262624,0.024054982817869417,0.3888888888888889
Left,random,HTL,PTT,5,0.2,1,1136,36,454,49,QOTc-HSsrc,arc labels,,0.45474747474747473,0.022727272727272728,0.2222222222222222
Left,random,HTL,PTT,5,0.2,1,1136,36,454,49,QOTc-PCA,arc labels,32.0,0.45494949494949494,0.026490066225165563,0.4444444444444444
Left,random,HTL,PTT,5,0.2,1,1136,36,454,49,SDM-HS4,arc labels,,0.4101010101010101,0.02138157894736842,0.3611111111111111
Left,random,HTL,PTT,5,0.2,1,1136,36,454,49,SDM-HSsrc,arc labels,,0.43338383838383837,0.020050125313283207,0.2222222222222222
Left,random,HTL,PTT,5,0.2,1,1136,36,454,49,SDM-PCA,arc labels,64.0,0.5477272727272727,0.03491755577109602,1.0
Left,random,HTL,PTT,5,0.3,1,1136,36,682,67,NoAdapt,nothing,,0.5091414141414141,0.03363914373088685,0.3055555555555556
Left,random,HTL,PTT,5,0.3,1,1136,36,682,67,TargetOnly,arc labels,,0.4304545454545454,0.024965325936199722,0.5
Left,random,HTL,PTT,5,0.3,1,1136,36,682,67,Source+Target,arc labels,,0.41843434343434344,0.004739336492890996,0.027777777777777776
Left,random,HTL,PTT,5,0.3,1,1136,36,682,67,COT,arc labels,,0.4899494949494949,0.030826140567200986,0.6944444444444444
Left,random,HTL,PTT,5,0.3,1,1136,36,682,67,none-HS4,arc labels,,0.43338383838383837,0.024890190336749635,0.4722222222222222
Left,random,HTL,PTT,5,0.3,1,1136,36,682,67,none-HSsrc,nothing,,0.505,0.03296703296703297,0.25
Left,random,HTL,PTT,5,0.3,1,1136,36,682,67,none-PCA,arc segments,16.0,0.40540404040404043,0.02244039270687237,0.4444444444444444
Left,random,HTL,PTT,5,0.3,1,1136,36,682,67,QOTu-HS4,arc labels,,0.4828787878787879,0.029354207436399216,0.4166666666666667
Left,random,HTL,PTT,5,0.3,1,1136,36,682,67,QOTu-HSsrc,arc segments,,0.487979797979798,0.029239766081871343,0.2777777777777778
Left,random,HTL,PTT,5,0.3,1,1136,36,682,67,QOTu-PCA,arc segments,16.0,0.4998484848484849,0.0316622691292876,0.3333333333333333
Left,random,HTL,PTT,5,0.3,1,1136,36,682,67,QOTc-HS4,arc labels,,0.4344444444444444,0.023890784982935155,0.3888888888888889
Left,random,HTL,PTT,5,0.3,1,1136,36,682,67,QOTc-HSsrc,arc labels,,0.5124747474747475,0.03339882121807466,0.4722222222222222
Left,random,HTL,PTT,5,0.3,1,1136,36,682,67,QOTc-PCA,arc labels,32.0,0.41964646464646466,0.022146507666098807,0.3611111111111111
Left,random,HTL,PTT,5,0.3,1,1136,36,682,67,SDM-HS4,arc labels,,0.42444444444444446,0.023026315789473683,0.3888888888888889
Left,random,HTL,PTT,5,0.3,1,1136,36,682,67,SDM-HSsrc,arc labels,,0.5227272727272727,0.03474903474903475,0.5
Left,random,HTL,PTT,5,0.3,1,1136,36,682,67,SDM-PCA,arc labels,64.0,0.528080808080808,0.03375527426160337,0.8888888888888888
Left,random,HTL,PTT,5,0.5,1,1136,36,1112,100,NoAdapt,nothing,,0.5091414141414141,0.03363914373088685,0.3055555555555556
Left,random,HTL,PTT,5,0.5,1,1136,36,1112,100,TargetOnly,arc labels,,0.4625757575757576,0.028187919463087248,0.5833333333333334
Left,random,HTL,PTT,5,0.5,1,1136,36,1112,100,Source+Target,arc labels,,0.413030303030303,0.01048951048951049,0.08333333333333333
Left,random,HTL,PTT,5,0.5,1,1136,36,1112,100,COT,arc labels,,0.4858585858585859,0.03048780487804878,0.6944444444444444
Left,random,HTL,PTT,5,0.5,1,1136,36,1112,100,none-HS4,arc labels,,0.43292929292929294,0.024853801169590642,0.4722222222222222
Left,random,HTL,PTT,5,0.5,1,1136,36,1112,100,none-HSsrc,nothing,,0.505,0.03296703296703297,0.25
Left,random,HTL,PTT,5,0.5,1,1136,36,1112,100,none-PCA,arc segments,16.0,0.40474747474747474,0.022788203753351208,0.4722222222222222
Left,random,HTL,PTT,5,0.5,1,1136,36,1112,100,QOTu-HS4,arc labels,,0.48651515151515157,0.02982107355864811,0.4166666666666667
Left,random,HTL,PTT,5,0.5,1,1136,36,1112,100,QOTu-HSsrc,arc segments,,0.4715656565656566,0.025396825396825397,0.2222222222222222
Left,random,HTL,PTT,5,0.5,1,1136,36,1112,100,QOTu-PCA,arc segments,16.0,0.4971212121212121,0.03116883116883117,0.3333333333333333
Left,random,HTL,PTT,5,0.5,1,1136,36,1112,100,QOTc-HS4,arc labels,,0.44171717171717173,0.02456140350877193,0.3888888888888889
Left,random,HTL,PTT,5,0.5,1,1136,36,1112,100,QOTc-HSsrc,arc labels,,0.5188383838383839,0.03434343434343434,0.4722222222222222
Left,random,HTL,PTT,5,0.5,1,1136,36,1112,100,QOTc-PCA,arc labels,32.0,0.44287878787878787,0.025041736227045076,0.4166666666666667
Left,random,HTL,PTT,5,0.5,1,1136,36,1112,100,SDM-HS4,arc labels,,0.4344444444444444,0.023890784982935155,0.3888888888888889
Left,random,HTL,PTT,5,0.5,1,1136,36,1112,100,SDM-HSsrc,arc labels,,0.5401515151515152,0.03587443946188341,0.6666666666666666
Left,random,HTL,PTT,5,0.5,1,1136,36,1112,100,SDM-PCA,arc labels,64.0,0.5512121212121213,0.03597122302158273,0.8333333333333334
Left,random,HTL,PTT,6,0.05,1,1136,51,114,8,NoAdapt,nothing,,0.5773561037318153,0.06426735218508997,0.49019607843137253
Left,random,HTL,PTT,6,0.05,1,1136,51,114,8,TargetOnly,arc labels,,0.4508809975603144,0.038135593220338986,0.5294117647058824
Left,random,HTL,PTT,6,0.05,1,1136,51,114,8,Source+Target,arc labels,,0.6140959609650312,0.08362369337979095,0.47058823529411764
Left,random,HTL,PTT,6,0.05,1,1136,51,114,8,COT,arc labels,,0.44657088641908377,0.038777908343125736,0.6470588235294118
Left,random,HTL,PTT,6,0.05,1,1136,51,114,8,none-HS4,arc labels,,0.5447275684467335,0.05172413793103448,0.6470588235294118
Left,random,HTL,PTT,6,0.05,1,1136,51,114,8,none-HSsrc,nothing,,0.5855245323936026,0.06876790830945559,0.47058823529411764
Left,random,HTL,PTT,6,0.05,1,1136,51,114,8,none-PCA,arc segments,64.0,0.44610102105358274,0.036243822075782535,0.43137254901960786
Left,random,HTL,PTT,6,0.05,1,1136,51,114,8,QOTu-HS4,arc labels,,0.5602692689979217,0.054982817869415807,0.6274509803921569
Left,random,HTL,PTT,6,0.05,1,1136,51,114,8,QOTu-HSsrc,arc segments,,0.577988614800759,0.06012024048096192,0.5882352941176471
Left,random,HTL,PTT,6,0.05,1,1136,51,114,8,QOTu-PCA,arc segments,64.0,0.4752597813318876,0.04063604240282685,0.45098039215686275
Left,random,HTL,PTT,6,0.05,1,1136,51,114,8,QOTc-HS4,arc labels,,0.4724948043733622,0.04020979020979021,0.45098039215686275
Left,random,HTL,PTT,6,0.05,1,1136,51,114,8,QOTc-HSsrc,arc labels,,0.5187403993855607,0.05029585798816568,0.3333333333333333
Left,random,HTL,PTT,6,0.05,1,1136,51,114,8,QOTc-PCA,arc labels,64.0,0.4504111321948134,0.034482758620689655,0.3137254901960784
Left,random,HTL,PTT,6,0.05,1,1136,51,114,8,SDM-HS4,arc labels,,0.4807897352489383,0.04151624548736462,0.45098039215686275
Left,random,HTL,PTT,6,0.05,1,1136,51,114,8,SDM-HSsrc,arc labels,,0.4680491551459294,0.03794642857142857,0.3333333333333333
Left,random,HTL,PTT,6,0.05,1,1136,51,114,8,SDM-PCA,arc labels,16.0,0.4785307671455679,0.041666666666666664,0.5294117647058824
Left,random,HTL,PTT,6,0.1,1,1136,51,227,15,NoAdapt,nothing,,0.5773561037318153,0.06426735218508997,0.49019607843137253
Left,random,HTL,PTT,6,0.1,1,1136,51,227,15,TargetOnly,arc labels,,0.46143489653926084,0.03859060402684564,0.45098039215686275
Left,random,HTL,PTT,6,0.1,1,1136,51,227,15,Source+Target,arc labels,,0.6015632059275323,0.11764705882352941,0.3137254901960784
Left,random,HTL,PTT,6,0.1,1,1136,51,227,15,COT,arc labels,,0.4294750158127767,0.03629536921151439,0.5686274509803921
Left,random,HTL,PTT,6,0.1,1,1136,51,227,15,none-HS4,arc labels,,0.5447275684467335,0.05172413793103448,0.6470588235294118
Left,random,HTL,PTT,6,0.1,1,1136,51,227,15,none-HSsrc,nothing,,0.5855245323936026,0.06876790830945559,0.47058823529411764
Left,random,HTL,PTT,6,0.1,1,1136,51,227,15,none-PCA,arc segments,64.0,0.44610102105358274,0.036243822075782535,0.43137254901960786
Left,random,HTL,PTT,6,0.1,1,1136,51,227,15,QOTu-HS4,arc labels,,0.5598084395048342,0.0548885077186964,0.6274509803921569
Left,random,HTL,PTT,6,0.1,1,1136,51,227,15,QOTu-HSsrc,arc segments,,0.5561218035601337,0.05414551607445008,0.6274509803921569
Left,random,HTL,PTT,6,0.1,1,1136,51,227,15,QOTu-PCA,arc segments,64.0,0.47953374898346435,0.04145077720207254,0.47058823529411764
Left,random,HTL,PTT,6,0.1,1,1136,51,227,15,QOTc-HS4,arc labels,,0.4532212885154061,0.03656307129798903,0.39215686274509803
Left,random,HTL,PTT,6,0.1,1,1136,51,227,15,QOTc-HSsrc,arc labels,,0.5159754224270353,0.04941860465116279,0.3333333333333333
Left,random,HTL,PTT,6,0.1,1,1136,51,227,15,QOTc-PCA,arc labels,64.0,0.4250203307129303,0.027906976744186046,0.23529411764705882
Left,random,HTL,PTT,6,0.1,1,1136,51,227,15,SDM-HS4,arc labels,,0.4426222101743923,0.03508771929824561,0.39215686274509803
Left,random,HTL,PTT,6,0.1,1,1136,51,227,15,SDM-HSsrc,arc labels,,0.5329447908195536,0.053475935828877004,0.39215686274509803
Left,random,HTL,PTT,6,0.1,1,1136,51,227,15,SDM-PCA,arc labels,64.0,0.4490467154603777,0.03970741901776385,0.7450980392156863
Left,random,HTL,PTT,6,0.2,1,1136,51,454,33,NoAdapt,nothing,,0.5773561037318153,0.06426735218508997,0.49019607843137253
Left,random,HTL,PTT,6,0.2,1,1136,51,454,33,TargetOnly,arc labels,,0.45649227432908646,0.03815580286168521,0.47058823529411764
Left,random,HTL,PTT,6,0.2,1,1136,51,454,33,Source+Target,arc labels,,0.5982108972621306,0.12396694214876033,0.29411764705882354
Left,random,HTL,PTT,6,0.2,1,1136,51,454,33,COT,arc labels,,0.4668473841149363,0.040892193308550186,0.6470588235294118
Left,random,HTL,PTT,6,0.2,1,1136,51,454,33,none-HS4,arc labels,,0.5143128219029547,0.046875,0.6470588235294118
Left,random,HTL,PTT,6,0.2,1,1136,51,454,33,none-HSsrc,nothing,,0.5855245323936026,0.06876790830945559,0.47058823529411764
Left,random,HTL,PTT,6,0.2,1,1136,51,454,33,none-PCA,arc segments,64.0,0.44610102105358274,0.036243822075782535,0.43137254901960786
Left,random,HTL,PTT,6,0.2,1,1136,51,454,33,QOTu-HS4,arc labels,,0.5685641998734978,0.05673758865248227,0.6274509803921569
Left,random,HTL,PTT,6,0.2,1,1136,51,454,33,QOTu-HSsrc,arc segments,,0.5495436884431192,0.05317324185248713,0.6078431372549019
Left,random,HTL,PTT,6,0.2,1,1136,51,454,33,QOTu-PCA,arc segments,32.0,0.5285081774645342,0.050505050505050504,0.49019607843137253
Left,random,HTL,PTT,6,0.2,1,1136,51,454,33,QOTc-HS4,arc labels,,0.4476100117466342,0.036741214057507986,0.45098039215686275
Left,random,HTL,PTT,6,0.2,1,1136,51,454,33,QOTc-HSsrc,arc labels,,0.4661696936839252,0.039473684210526314,0.47058823529411764
Left,random,HTL,PTT,6,0.2,1,1136,51,454,33,QOTc-PCA,arc labels,64.0,0.4108611186410048,0.026915113871635612,0.2549019607843137
Left,random,HTL,PTT,6,0.2,1,1136,51,454,33,SDM-HS4,arc labels,,0.44727568446733534,0.03697996918335902,0.47058823529411764
Left,random,HTL,PTT,6,0.2,1,1136,51,454,33,SDM-HSsrc,arc labels,,0.4849823800487937,0.04258675078864353,0.5294117647058824
Left,random,HTL,PTT,6,0.2,1,1136,51,454,33,SDM-PCA,arc labels,64.0,0.5281015632059275,0.04819277108433735,0.7843137254901961
Left,random,HTL,PTT,6,0.3,1,1136,51,682,57,NoAdapt,nothing,,0.5773561037318153,0.06426735218508997,0.49019607843137253
Left,random,HTL,PTT,6,0.3,1,1136,51,682,57,TargetOnly,arc labels,,0.4881268636486853,0.043227665706051875,0.5882352941176471
Left,random,HTL,PTT,6,0.3,1,1136,51,682,57,Source+Target,arc labels,,0.570145477545857,0.07011070110701106,0.37254901960784315
Left,random,HTL,PTT,6,0.3,1,1136,51,682,57,COT,arc labels,,0.46999186771482787,0.04152249134948097,0.7058823529411765
Left,random,HTL,PTT,6,0.3,1,1136,51,682,57,none-HS4,arc labels,,0.5143128219029547,0.046875,0.6470588235294118
Left,random,HTL,PTT,6,0.3,1,1136,51,682,57,none-HSsrc,nothing,,0.5855245323936026,0.06876790830945559,0.47058823529411764
Left,random,HTL,PTT,6,0.3,1,1136,51,682,57,none-PCA,arc segments,64.0,0.44610102105358274,0.036243822075782535,0.43137254901960786
Left,random,HTL,PTT,6,0.3,1,1136,51,682,57,QOTu-HS4,arc labels,,0.561398753049607,0.056074766355140186,0.5882352941176471
Left,random,HTL,PTT,6,0.3,1,1136,51,682,57,QOTu-HSsrc,arc segments,,0.5807535917592843,0.060851926977687626,0.5882352941176471
Left,random,HTL,PTT,6,0.3,1,1136,51,682,57,QOTu-PCA,arc segments,32.0,0.5289690069576217,0.05060728744939271,0.49019607843137253
Left,random,HTL,PTT,6,0.3,1,1136,51,682,57,QOTc-HS4,arc labels,,0.4507093159844583,0.03685092127303183,0.43137254901960786
Left,random,HTL,PTT,6,0.3,1,1136,51,682,57,QOTc-HSsrc,arc labels,,0.4849823800487937,0.04258675078864353,0.5294117647058824
Left,random,HTL,PTT,6,0.3,1,1136,51,682,57,QOTc-PCA,arc labels,64.0,0.40135538086202227,0.02926829268292683,0.35294117647058826
Left,random,HTL,PTT,6,0.3,1,1136,51,682,57,SDM-HS4,arc labels,,0.4448450347881088,0.03639240506329114,0.45098039215686275
Left,random,HTL,PTT,6,0.3,1,1136,51,682,57,SDM-HSsrc,arc labels,,0.4849823800487937,0.04258675078864353,0.5294117647058824
Left,random,HTL,PTT,6,0.3,1,1136,51,682,57,SDM-PCA,arc labels,64.0,0.5533658624740219,0.0510688836104513,0.8431372549019608
Left,random,HTL,PTT,6,0.5,1,1136,51,1112,88,NoAdapt,nothing,,0.5773561037318153,0.06426735218508997,0.49019607843137253
Left,random,HTL,PTT,6,0.5,1,1136,51,1112,88,TargetOnly,arc labels,,0.4384747447366043,0.03454231433506045,0.39215686274509803
Left,random,HTL,PTT,6,0.5,1,1136,51,1112,88,Source+Target,arc labels,,0.5642360169874401,0.07373271889400922,0.3137254901960784
Left,random,HTL,PTT,6,0.5,1,1136,51,1112,88,COT,arc labels,,0.48134092346616064,0.04240766073871409,0.6078431372549019
Left,random,HTL,PTT,6,0.5,1,1136,51,1112,88,none-HS4,arc labels,,0.544266738953646,0.051643192488262914,0.6470588235294118
Left,random,HTL,PTT,6,0.5,1,1136,51,1112,88,none-HSsrc,nothing,,0.5855245323936026,0.06876790830945559,0.47058823529411764
Left,random,HTL,PTT,6,0.5,1,1136,51,1112,88,none-PCA,arc segments,64.0,0.44610102105358274,0.036243822075782535,0.43137254901960786
Left,random,HTL,PTT,6,0.5,1,1136,51,1112,88,QOTu-HS4,arc labels,,0.5623204120357821,0.05628517823639775,0.5882352941176471
Left,random,HTL,PTT,6,0.5,1,1136,51,1112,88,QOTu-HSsrc,arc segments,,0.5655010391253275,0.059496567505720827,0.5098039215686274
Left,random,HTL,PTT,6,0.5,1,1136,51,1112,88,QOTu-PCA,arc segments,32.0,0.5233125508267823,0.049586776859504134,0.47058823529411764
Left,random,HTL,PTT,6,0.5,1,1136,51,1112,88,QOTc-HS4,arc labels,,0.462356555525436,0.03872053872053872,0.45098039215686275
Left,random,HTL,PTT,6,0.5,1,1136,51,1112,88,QOTc-HSsrc,arc labels,,0.47517845848016627,0.04107424960505529,0.5098039215686274
Left,random,HTL,PTT,6,0.5,1,1136,51,1112,88,QOTc-PCA,arc labels,64.0,0.4529231047257613,0.033816425120772944,0.27450980392156865
Left,random,HTL,PTT,6,0.5,1,1136,51,1112,88,SDM-HS4,arc labels,,0.46122707147375075,0.0390015600624025,0.49019607843137253
Left,random,HTL,PTT,6,0.5,1,1136,51,1112,88,SDM-HSsrc,arc labels,,0.47517845848016627,0.04107424960505529,0.5098039215686274
Left,random,HTL,PTT,6,0.5,1,1136,51,1112,88,SDM-PCA,arc labels,64.0,0.5022499322309569,0.0451693851944793,0.7058823529411765
Left,random,HTL,PTT,7,0.05,1,1136,54,114,12,NoAdapt,nothing,,0.6004141849798041,0.0674373795761079,0.6481481481481481
Left,random,HTL,PTT,7,0.05,1,1136,54,114,12,TargetOnly,arc labels,,0.5269391387690833,0.051622418879056046,0.6481481481481481
Left,random,HTL,PTT,7,0.05,1,1136,54,114,12,Source+Target,arc labels,,0.6453412747312932,0.07481751824817519,0.7592592592592593
Left,random,HTL,PTT,7,0.05,1,1136,54,114,12,COT,arc labels,,0.5189292804819607,0.05138339920948617,0.48148148148148145
Left,random,HTL,PTT,7,0.05,1,1136,54,114,12,none-HS4,arc labels,,0.5553159444102143,0.054245283018867926,0.8518518518518519
Left,random,HTL,PTT,7,0.05,1,1136,54,114,12,none-HSsrc,nothing,,0.6096392140754433,0.07112970711297072,0.6296296296296297
Left,random,HTL,PTT,7,0.05,1,1136,54,114,12,none-PCA,arc segments,8.0,0.5982576846717327,0.061711079943899017,0.8148148148148148
Left,random,HTL,PTT,7,0.05,1,1136,54,114,12,QOTu-HS4,arc labels,,0.537208187855138,0.052429667519181586,0.7592592592592593
Left,random,HTL,PTT,7,0.05,1,1136,54,114,12,QOTu-HSsrc,arc segments,,0.5617683302526186,0.055350553505535055,0.8333333333333334
Left,random,HTL,PTT,7,0.05,1,1136,54,114,12,QOTu-PCA,arc segments,64.0,0.5346409255836243,0.05508474576271186,0.48148148148148145
Left,random,HTL,PTT,7,0.05,1,1136,54,114,12,QOTc-HS4,arc labels,,0.5144622441295269,0.04964539007092199,0.6481481481481481
Left,random,HTL,PTT,7,0.05,1,1136,54,114,12,QOTc-HSsrc,arc labels,,0.5779934278085849,0.057074910820451845,0.8888888888888888
Left,random,HTL,PTT,7,0.05,1,1136,54,114,12,QOTc-PCA,arc labels,64.0,0.5025501471897036,0.04844290657439446,0.25925925925925924
Left,random,HTL,PTT,7,0.05,1,1136,54,114,12,SDM-HS4,arc labels,,0.5546655713014308,0.05663430420711974,0.6481481481481481
Left,random,HTL,PTT,7,0.05,1,1136,54,114,12,SDM-HSsrc,arc labels,,0.5641473266242213,0.05493273542600897,0.9074074074074074
Left,random,HTL,PTT,7,0.05,1,1136,54,114,12,SDM-PCA,arc labels,64.0,0.5381837475183131,0.05219454329774614,0.8148148148148148
Left,random,HTL,PTT,7,0.1,1,1136,54,227,18,NoAdapt,nothing,,0.6004141849798041,0.0674373795761079,0.6481481481481481
Left,random,HTL,PTT,7,0.1,1,1136,54,227,18,TargetOnly,arc labels,,0.549616622167454,0.05514157973174367,0.6851851851851852
Left,random,HTL,PTT,7,0.1,1,1136,54,227,18,Source+Target,arc labels,,0.6206270965975218,0.08536585365853659,0.5185185185185185
Left,random,HTL,PTT,7,0.1,1,1136,54,227,18,COT,arc labels,,0.49246936400355995,0.04567307692307692,0.35185185185185186
Left,random,HTL,PTT,7,0.1,1,1136,54,227,18,none-HS4,arc labels,,0.5557609365372767,0.05447941888619855,0.8333333333333334
Left,random,HTL,PTT,7,0.1,1,1136,54,227,18,none-HSsrc,nothing,,0.6096392140754433,0.07112970711297072,0.6296296296296297
Left,random,HTL,PTT,7,0.1,1,1136,54,227,18,none-PCA,arc segments,8.0,0.5982576846717327,0.061711079943899017,0.8148148148148148
Left,random,HTL,PTT,7,0.1,1,1136,54,227,18,QOTu-HS4,arc labels,,0.5533134798384336,0.05580693815987934,0.6851851851851852
Left,random,HTL,PTT,7,0.1,1,1136,54,227,18,QOTu-HSsrc,arc segments,,0.577445745190662,0.05834464043419267,0.7962962962962963
Left,random,HTL,PTT,7,0.1,1,1136,54,227,18,QOTu-PCA,arc segments,64.0,0.5290271787499145,0.055,0.4074074074074074
Left,random,HTL,PTT,7,0.1,1,1136,54,227,18,QOTc-HS4,arc labels,,0.5324673101937427,0.05271317829457364,0.6296296296296297
Left,random,HTL,PTT,7,0.1,1,1136,54,227,18,QOTc-HSsrc,arc labels,,0.565037310878346,0.055424528301886794,0.8703703703703703
Left,random,HTL,PTT,7,0.1,1,1136,54,227,18,QOTc-PCA,arc labels,64.0,0.49325665776682415,0.044715447154471545,0.2037037037037037
Left,random,HTL,PTT,7,0.1,1,1136,54,227,18,SDM-HS4,arc labels,,0.5754603957006914,0.06108202443280977,0.6481481481481481
Left,random,HTL,PTT,7,0.1,1,1136,54,227,18,SDM-HSsrc,arc labels,,0.4707845553501746,0.041584158415841586,0.3888888888888889
Left,random,HTL,PTT,7,0.1,1,1136,54,227,18,SDM-PCA,arc labels,64.0,0.5446190182789074,0.053367217280813214,0.7777777777777778
Left,random,HTL,PTT,7,0.2,1,1136,54,454,36,NoAdapt,nothing,,0.6004141849798041,0.0674373795761079,0.6481481481481481
Left,random,HTL,PTT,7,0.2,1,1136,54,454,36,TargetOnly,arc labels,,0.46342507017183543,0.04085257548845471,0.42592592592592593
Left,random,HTL,PTT,7,0.2,1,1136,54,454,36,Source+Target,arc labels,,0.6279694666940508,0.10040160642570281,0.46296296296296297
Left,random,HTL,PTT,7,0.2,1,1136,54,454,36,COT,arc labels,,0.41478400766755663,0.030710172744721688,0.2962962962962963
Left,random,HTL,PTT,7,0.2,1,1136,54,454,36,none-HS4,arc labels,,0.5576093653727665,0.05474452554744526,0.8333333333333334
Left,random,HTL,PTT,7,0.2,1,1136,54,454,36,none-HSsrc,nothing,,0.6096392140754433,0.07112970711297072,0.6296296296296297
Left,random,HTL,PTT,7,0.2,1,1136,54,454,36,none-PCA,arc segments,16.0,0.5289073731772438,0.05115712545676005,0.7777777777777778
Left,random,HTL,PTT,7,0.2,1,1136,54,454,36,QOTu-HS4,arc labels,,0.554699801465051,0.05606060606060606,0.6851851851851852
Left,random,HTL,PTT,7,0.2,1,1136,54,454,36,QOTu-HSsrc,arc segments,,0.5714383514753201,0.05733333333333333,0.7962962962962963
Left,random,HTL,PTT,7,0.2,1,1136,54,454,36,QOTu-PCA,arc segments,16.0,0.5461593756418155,0.05925925925925926,0.4444444444444444
Left,random,HTL,PTT,7,0.2,1,1136,54,454,36,QOTc-HS4,arc labels,,0.4931710823577737,0.0465444287729196,0.6111111111111112
Left,random,HTL,PTT,7,0.2,1,1136,54,454,36,QOTc-HSsrc,arc labels,,0.5319880879030602,0.0528,0.6111111111111112
Left,random,HTL,PTT,7,0.2,1,1136,54,454,36,QOTc-PCA,arc labels,64.0,0.45260833846785786,0.03380281690140845,0.2222222222222222
Left,random,HTL,PTT,7,0.2,1,1136,54,454,36,SDM-HS4,arc labels,,0.4866673512699391,0.04552129221732746,0.5740740740740741
Left,random,HTL,PTT,7,0.2,1,1136,54,454,36,SDM-HSsrc,arc labels,,0.49623468200177995,0.046747967479674794,0.42592592592592593
Left,random,HTL,PTT,7,0.2,1,1136,54,454,36,SDM-PCA,arc labels,64.0,0.44093585267337576,0.039950062421972535,0.5925925925925926
Left,random,HTL,PTT,7,0.3,1,1136,54,682,49,NoAdapt,nothing,,0.6004141849798041,0.0674373795761079,0.6481481481481481
Left,random,HTL,PTT,7,0.3,1,1136,54,682,49,TargetOnly,arc labels,,0.4666598206339426,0.04136690647482014,0.42592592592592593
Left,random,HTL,PTT,7,0.3,1,1136,54,682,49,Source+Target,arc labels,,0.6080817416307249,0.08856088560885608,0.4444444444444444
Left,random,HTL,PTT,7,0.3,1,1136,54,682,49,COT,arc labels,,0.4296056685150955,0.03389830508474576,0.3333333333333333
Left,random,HTL,PTT,7,0.3,1,1136,54,682,49,none-HS4,arc labels,,0.5617683302526186,0.055350553505535055,0.8333333333333334
Left,random,HTL,PTT,7,0.3,1,1136,54,682,49,none-HSsrc,nothing,,0.6096392140754433,0.07112970711297072,0.6296296296296297
Left,random,HTL,PTT,7,0.3,1,1136,54,682,49,none-PCA,arc segments,16.0,0.5284452659683714,0.051094890510948905,0.7777777777777778
Left,random,HTL,PTT,7,0.3,1,1136,54,682,49,QOTu-HS4,arc labels,,0.554699801465051,0.05606060606060606,0.6851851851851852
Left,random,HTL,PTT,7,0.3,1,1136,54,682,49,QOTu-HSsrc,arc segments,,0.5705141370575751,0.057180851063829786,0.7962962962962963
Left,random,HTL,PTT,7,0.3,1,1136,54,682,49,QOTu-PCA,arc segments,16.0,0.5470835900595605,0.05955334987593052,0.4444444444444444
Left,random,HTL,PTT,7,0.3,1,1136,54,682,49,QOTc-HS4,arc labels,,0.4893715341959335,0.04568527918781726,0.5
Left,random,HTL,PTT,7,0.3,1,1136,54,682,49,QOTc-HSsrc,arc labels,,0.45899226398302184,0.029661016949152543,0.12962962962962962
Left,random,HTL,PTT,7,0.3,1,1136,54,682,49,QOTc-PCA,arc labels,64.0,0.43460327240364205,0.03132530120481928,0.24074074074074073
Left,random,HTL,PTT,7,0.3,1,1136,54,682,49,SDM-HS4,arc labels,,0.5324159649483124,0.05326460481099656,0.5740740740740741
Left,random,HTL,PTT,7,0.3,1,1136,54,682,49,SDM-HSsrc,arc labels,,0.46361333607174643,0.030973451327433628,0.12962962962962962
Left,random,HTL,PTT,7,0.3,1,1136,54,682,49,SDM-PCA,arc labels,64.0,0.42929759704251386,0.03744798890429958,0.5
Left,random,HTL,PTT,7,0.5,1,1136,54,1124,84,NoAdapt,nothing,,0.6004141849798041,0.0674373795761079,0.6481481481481481
Left,random,HTL,PTT,7,0.5,1,1136,54,1124,84,TargetOnly,arc labels,,0.4666598206339426,0.04136690647482014,0.42592592592592593
Left,random,HTL,PTT,7,0.5,1,1136,54,1124,84,Source+Target,arc labels,,0.5868761552680222,0.07105263157894737,0.5
Left,random,HTL,PTT,7,0.5,1,1136,54,1124,84,COT,arc labels,,0.43143698226877525,0.03359683794466403,0.3148148148148148
Left,random,HTL,PTT,7,0.5,1,1136,54,1124,84,none-HS4,arc labels,,0.5802355035257069,0.05851063829787234,0.8148148148148148
Left,random,HTL,PTT,7,0.5,1,1136,54,1124,84,none-HSsrc,nothing,,0.6096392140754433,0.07112970711297072,0.6296296296296297
Left,random,HTL,PTT,7,0.5,1,1136,54,1124,84,none-PCA,arc segments,16.0,0.5284452659683714,0.051094890510948905,0.7777777777777778
Left,random,HTL,PTT,7,0.5,1,1136,54,1124,84,QOTu-HS4,arc labels,,0.5468439789142192,0.05465288035450517,0.6851851851851852
Left,random,HTL,PTT,7,0.5,1,1136,54,1124,84,QOTu-HSsrc,arc segments,,0.5705141370575751,0.057180851063829786,0.7962962962962963
Left,random,HTL,PTT,7,0.5,1,1136,54,1124,84,QOTu-PCA,arc segments,16.0,0.5364551242554939,0.056338028169014086,0.4444444444444444
Left,random,HTL,PTT,7,0.5,1,1136,54,1124,84,QOTc-HS4,arc labels,,0.4819949339357842,0.044585987261146494,0.5185185185185185
Left,random,HTL,PTT,7,0.5,1,1136,54,1124,84,QOTc-HSsrc,arc labels,,0.49945231738207707,0.04741379310344827,0.4074074074074074
Left,random,HTL,PTT,7,0.5,1,1136,54,1124,84,QOTc-PCA,arc labels,64.0,0.4004586841925104,0.028985507246376812,0.2962962962962963
Left,random,HTL,PTT,7,0.5,1,1136,54,1124,84,SDM-HS4,arc labels,,0.47591907989320187,0.04308797127468582,0.4444444444444444
Left,random,HTL,PTT,7,0.5,1,1136,54,1124,84,SDM-HSsrc,arc labels,,0.49806599575545973,0.047109207708779445,0.4074074074074074
Left,random,HTL,PTT,7,0.5,1,1136,54,1124,84,SDM-PCA,arc labels,64.0,0.47744232217429994,0.0443213296398892,0.5925925925925926
Left,random,HTL,RTT,0,0.05,1,2129,35,213,5,NoAdapt,nothing,,0.7168167553554373,0.03387850467289719,0.8285714285714286
Left,random,HTL,RTT,0,0.05,1,2129,35,213,5,TargetOnly,arc labels,,0.3812048028380407,0.004411764705882353,0.08571428571428572
Left,random,HTL,RTT,0,0.05,1,2129,35,213,5,Source+Target,arc labels,,0.8120139173147769,0.11682242990654206,0.7142857142857143
Left,random,HTL,RTT,0,0.05,1,2129,35,213,5,COT,arc labels,,0.37304543593941875,0.005161290322580645,0.11428571428571428
Left,random,HTL,RTT,0,0.05,1,2129,35,213,5,none-HS4,arc labels,,0.7412880338381771,0.03418803418803419,0.9142857142857143
Left,random,HTL,RTT,0,0.05,1,2129,35,213,5,none-HSsrc,nothing,,0.7676763542093055,0.04510108864696734,0.8285714285714286
Left,random,HTL,RTT,0,0.05,1,2129,35,213,5,none-PCA,arc segments,16.0,0.6189521080638559,0.02165605095541401,0.9714285714285714
Left,random,HTL,RTT,0,0.05,1,2129,35,213,5,QOTu-HS4,arc labels,,0.6962818938463637,0.03078556263269639,0.8285714285714286
Left,random,HTL,RTT,0,0.05,1,2129,35,213,5,QOTu-HSsrc,arc segments,,0.707702278619184,0.031413612565445025,0.8571428571428571
Left,random,HTL,RTT,0,0.05,1,2129,35,213,5,QOTu-PCA,arc segments,64.0,0.6197980624914723,0.02453385672227674,0.7142857142857143
Left,random,HTL,RTT,0,0.05,1,2129,35,213,5,QOTc-HS4,arc labels,,0.43365397735025246,0.00859106529209622,0.14285714285714285
Left,random,HTL,RTT,0,0.05,1,2129,35,213,5,QOTc-HSsrc,arc labels,,0.25608541410833674,0.0024916943521594683,0.08571428571428572
Left,random,HTL,RTT,0,0.05,1,2129,35,213,5,QOTc-PCA,arc labels,64.0,0.4652954018283531,0.00749063670411985,0.05714285714285714
Left,random,HTL,RTT,0,0.05,1,2129,35,213,5,SDM-HS4,arc labels,,0.7210806385591486,0.0449438202247191,0.6857142857142857
Left,random,HTL,RTT,0,0.05,1,2129,35,213,5,SDM-HSsrc,arc labels,,0.3299836266884978,0.005571030640668524,0.17142857142857143
Left,random,HTL,RTT,0,0.05,1,2129,35,213,5,SDM-PCA,arc labels,32.0,0.5418952108063856,0.024193548387096774,0.2571428571428571
Left,random,HTL,RTT,0,0.1,1,2129,35,426,7,NoAdapt,nothing,,0.7168167553554373,0.03387850467289719,0.8285714285714286
Left,random,HTL,RTT,0,0.1,1,2129,35,426,7,TargetOnly,arc labels,,0.44706644835584664,0.008602150537634409,0.11428571428571428
Left,random,HTL,RTT,0,0.1,1,2129,35,426,7,Source+Target,arc labels,,0.7917996998226224,0.12994350282485875,0.6571428571428571
Left,random,HTL,RTT,0,0.1,1,2129,35,426,7,COT,arc labels,,0.4135966707599945,0.0075075075075075074,0.14285714285714285
Left,random,HTL,RTT,0,0.1,1,2129,35,426,7,none-HS4,arc labels,,0.7424819211352163,0.034371643394199784,0.9142857142857143
Left,random,HTL,RTT,0,0.1,1,2129,35,426,7,none-HSsrc,nothing,,0.7676763542093055,0.04510108864696734,0.8285714285714286
Left,random,HTL,RTT,0,0.1,1,2129,35,426,7,none-PCA,arc segments,16.0,0.6191908855232637,0.021669853409815167,0.9714285714285714
Left,random,HTL,RTT,0,0.1,1,2129,35,426,7,QOTu-HS4,arc labels,,0.6697775958520944,0.027540360873694207,0.8285714285714286
Left,random,HTL,RTT,0,0.1,1,2129,35,426,7,QOTu-HSsrc,arc segments,,0.7062286805839815,0.030332681017612523,0.8857142857142857
Left,random,HTL,RTT,0,0.1,1,2129,35,426,7,QOTu-PCA,arc segments,32.0,0.6292672943102743,0.02452316076294278,0.7714285714285715
Left,random,HTL,RTT,0,0.1,1,2129,35,426,7,QOTc-HS4,arc labels,,0.3782985400463911,0.005312084993359893,0.11428571428571428
Left,random,HTL,RTT,0,0.1,1,2129,35,426,7,QOTc-HSsrc,arc labels,,0.24581798335379995,0.0024057738572574178,0.08571428571428572
Left,random,HTL,RTT,0,0.1,1,2129,35,426,7,QOTc-PCA,arc labels,32.0,0.4627097830536226,0.004608294930875576,0.02857142857142857
Left,random,HTL,RTT,0,0.1,1,2129,35,426,7,SDM-HS4,arc labels,,0.7069518351753309,0.0382262996941896,0.7142857142857143
Left,random,HTL,RTT,0,0.1,1,2129,35,426,7,SDM-HSsrc,arc labels,,0.29301405375903944,0.004269854824935952,0.14285714285714285
Left,random,HTL,RTT,0,0.1,1,2129,35,426,7,SDM-PCA,arc labels,32.0,0.5645381361713739,0.029585798816568046,0.2857142857142857
Left,random,HTL,RTT,0,0.2,1,2129,35,852,16,NoAdapt,nothing,,0.7168167553554373,0.03387850467289719,0.8285714285714286
Left,random,HTL,RTT,0,0.2,1,2129,35,852,16,TargetOnly,arc labels,,0.6205621503615772,0.030508474576271188,0.5142857142857142
Left,random,HTL,RTT,0,0.2,1,2129,35,852,16,Source+Target,arc labels,,0.832269068085687,0.1368421052631579,0.7428571428571429
Left,random,HTL,RTT,0,0.2,1,2129,35,852,16,COT,arc labels,,0.6115295401828353,0.029982363315696647,0.4857142857142857
Left,random,HTL,RTT,0,0.2,1,2129,35,852,16,none-HS4,arc labels,,0.7434370309728475,0.034519956850053934,0.9142857142857143
Left,random,HTL,RTT,0,0.2,1,2129,35,852,16,none-HSsrc,nothing,,0.7676763542093055,0.04510108864696734,0.8285714285714286
Left,random,HTL,RTT,0,0.2,1,2129,35,852,16,none-PCA,arc segments,16.0,0.6055805703370173,0.020910209102091022,0.9714285714285714
Left,random,HTL,RTT,0,0.2,1,2129,35,852,16,QOTu-HS4,arc labels,,0.686451084731887,0.028735632183908046,0.8571428571428571
Left,random,HTL,RTT,0,0.2,1,2129,35,852,16,QOTu-HSsrc,arc segments,,0.7221858370855505,0.031496062992125984,0.9142857142857143
Left,random,HTL,RTT,0,0.2,1,2129,35,852,16,QOTu-PCA,arc segments,64.0,0.6280734070132351,0.024412296564195298,0.7714285714285715
Left,random,HTL,RTT,0,0.2,1,2129,35,852,16,QOTc-HS4,arc labels,,0.7711011051985264,0.05325443786982249,0.7714285714285715
Left,random,HTL,RTT,0,0.2,1,2129,35,852,16,QOTc-HSsrc,arc labels,,0.7007777322963569,0.03048780487804878,0.8571428571428571
Left,random,HTL,RTT,0,0.2,1,2129,35,852,16,QOTc-PCA,arc labels,64.0,0.6297175603765861,0.037209302325581395,0.45714285714285713
Left,random,HTL,RTT,0,0.2,1,2129,35,852,16,SDM-HS4,arc labels,,0.736239596124983,0.04134762633996937,0.7714285714285715
Left,random,HTL,RTT,0,0.2,1,2129,35,852,16,SDM-HSsrc,arc labels,,0.6424409878564606,0.026395939086294416,0.7428571428571429
Left,random,HTL,RTT,0,0.2,1,2129,35,852,16,SDM-PCA,arc labels,32.0,0.4757947878291718,0.013605442176870748,0.22857142857142856
Left,random,HTL,RTT,0,0.3,1,2129,35,1278,23,NoAdapt,nothing,,0.7168167553554373,0.03387850467289719,0.8285714285714286
Left,random,HTL,RTT,0,0.3,1,2129,35,1278,23,TargetOnly,arc labels,,0.6923113658070679,0.04449152542372881,0.6
Left,random,HTL,RTT,0,0.3,1,2129,35,1278,23,Source+Target,arc labels,,0.8310751807886478,0.13333333333333333,0.7428571428571429
Left,random,HTL,RTT,0,0.3,1,2129,35,1278,23,COT,arc labels,,0.6284418065220357,0.03231597845601436,0.5142857142857142
Left,random,HTL,RTT,0,0.3,1,2129,35,1278,23,none-HS4,arc labels,,0.7431982535134398,0.034482758620689655,0.9142857142857143
Left,random,HTL,RTT,0,0.3,1,2129,35,1278,23,none-HSsrc,nothing,,0.7676763542093055,0.04510108864696734,0.8285714285714286
Left,random,HTL,RTT,0,0.3,1,2129,35,1278,23,none-PCA,arc segments,16.0,0.5924887433483422,0.020370370370370372,0.9428571428571428
Left,random,HTL,RTT,0,0.3,1,2129,35,1278,23,QOTu-HS4,arc labels,,0.6702142174921544,0.02697841726618705,0.8571428571428571
Left,random,HTL,RTT,0,0.3,1,2129,35,1278,23,QOTu-HSsrc,arc segments,,0.7219470596261427,0.03146509341199607,0.9142857142857143
Left,random,HTL,RTT,0,0.3,1,2129,35,1278,23,QOTu-PCA,arc segments,64.0,0.66432664756447,0.027586206896551724,0.8
Left,random,HTL,RTT,0,0.3,1,2129,35,1278,23,QOTc-HS4,arc labels,,0.7843907763678537,0.0506108202443281,0.8285714285714286
Left,random,HTL,RTT,0,0.3,1,2129,35,1278,23,QOTc-HSsrc,arc labels,,0.728953472506481,0.03464203233256351,0.8571428571428571
Left,random,HTL,RTT,0,0.3,1,2129,35,1278,23,QOTc-PCA,arc labels,64.0,0.6789807613589849,0.042826552462526764,0.5714285714285714
Left,random,HTL,RTT,0,0.3,1,2129,35,1278,23,SDM-HS4,arc labels,,0.7479396916359667,0.04470198675496689,0.7714285714285715
Left,random,HTL,RTT,0,0.3,1,2129,35,1278,23,SDM-HSsrc,arc labels,,0.7402169463774049,0.03825857519788918,0.8285714285714286
Left,random,HTL,RTT,0,0.3,1,2129,35,1278,23,SDM-PCA,arc labels,32.0,0.6400600354755082,0.031746031746031744,0.5714285714285714
Left,random,HTL,RTT,0,0.5,1,2129,35,2118,35,NoAdapt,nothing,,0.7168167553554373,0.03387850467289719,0.8285714285714286
Left,random,HTL,RTT,0,0.5,1,2129,35,2118,35,TargetOnly,arc labels,,0.7443989630236049,0.04659498207885305,0.7428571428571429
Left,random,HTL,RTT,0,0.5,1,2129,35,2118,35,Source+Target,arc labels,,0.835571019238641,0.11392405063291139,0.7714285714285715
Left,random,HTL,RTT,0,0.5,1,2129,35,2118,35,COT,arc labels,,0.6233865465957156,0.0297339593114241,0.5428571428571428
Left,random,HTL,RTT,0,0.5,1,2129,35,2118,35,none-HS4,arc labels,,0.7431982535134398,0.034482758620689655,0.9142857142857143
Left,random,HTL,RTT,0,0.5,1,2129,35,2118,35,none-HSsrc,nothing,,0.7676763542093055,0.04510108864696734,0.8285714285714286
Left,random,HTL,RTT,0,0.5,1,2129,35,2118,35,none-PCA,arc segments,32.0,0.7160185564197026,0.03160040774719674,0.8857142857142857
Left,random,HTL,RTT,0,0.5,1,2129,35,2118,35,QOTu-HS4,arc labels,,0.6749897666803111,0.027472527472527472,0.8571428571428571
Left,random,HTL,RTT,0,0.5,1,2129,35,2118,35,QOTu-HSsrc,arc segments,,0.7233797243825897,0.03165182987141444,0.9142857142857143
Left,random,HTL,RTT,0,0.5,1,2129,35,2118,35,QOTu-PCA,arc segments,32.0,0.6748328557784146,0.028836251287332648,0.8
Left,random,HTL,RTT,0,0.5,1,2129,35,2118,35,QOTc-HS4,arc labels,,0.7849843089098103,0.04249667994687915,0.9142857142857143
Left,random,HTL,RTT,0,0.5,1,2129,35,2118,35,QOTc-HSsrc,arc labels,,0.7496861781962068,0.036904761904761905,0.8857142857142857
Left,random,HTL,RTT,0,0.5,1,2129,35,2118,35,QOTc-PCA,arc labels,64.0,0.6670418883885932,0.03868471953578337,0.5714285714285714
Left,random,HTL,RTT,0,0.5,1,2129,35,2118,35,SDM-HS4,arc labels,,0.7600354755082549,0.04296296296296296,0.8285714285714286
Left,random,HTL,RTT,0,0.5,1,2129,35,2118,35,SDM-HSsrc,arc labels,,0.7463842270432528,0.03783102143757881,0.8571428571428571
Left,random,HTL,RTT,0,0.5,1,2129,35,2118,35,SDM-PCA,arc labels,64.0,0.6099672533769955,0.0231935771632471,0.7428571428571429
Left,random,HTL,RTT,1,0.05,1,2129,8,213,5,NoAdapt,nothing,,0.6420615275813295,0.006868131868131868,0.625
Left,random,HTL,RTT,1,0.05,1,2129,8,213,5,TargetOnly,arc labels,,0.5377769919849128,0.005376344086021506,0.25
Left,random,HTL,RTT,1,0.05,1,2129,8,213,5,Source+Target,arc labels,,0.6438884959924565,0.015957446808510637,0.375
Left,random,HTL,RTT,1,0.05,1,2129,8,213,5,COT,arc labels,,0.5071310702498821,0.00398406374501992,0.25
Left,random,HTL,RTT,1,0.05,1,2129,8,213,5,none-HS4,arc labels,,0.626502828854314,0.006297229219143577,0.625
Left,random,HTL,RTT,1,0.05,1,2129,8,213,5,none-HSsrc,nothing,,0.5910832154644036,0.007281553398058253,0.375
Left,random,HTL,RTT,1,0.05,1,2129,8,213,5,none-PCA,arc segments,16.0,0.5402522395096653,0.004207573632538569,0.75
Left,random,HTL,RTT,1,0.05,1,2129,8,213,5,QOTu-HS4,arc labels,,0.6109441301272984,0.005813953488372093,0.625
Left,random,HTL,RTT,1,0.05,1,2129,8,213,5,QOTu-HSsrc,arc segments,,0.6196664309288071,0.006075334143377886,0.625
Left,random,HTL,RTT,1,0.05,1,2129,8,213,5,QOTu-PCA,arc segments,4.0,0.6095297029702971,0.005773672055427252,0.625
Left,random,HTL,RTT,1,0.05,1,2129,8,213,5,QOTc-HS4,arc labels,,0.6920379537953796,0.009689922480620155,0.625
Left,random,HTL,RTT,1,0.05,1,2129,8,213,5,QOTc-HSsrc,arc labels,,0.5627652050919378,0.007518796992481203,0.25
Left,random,HTL,RTT,1,0.05,1,2129,8,213,5,QOTc-PCA,arc labels,64.0,0.6056694955209807,0.023809523809523808,0.25
Left,random,HTL,RTT,1,0.05,1,2129,8,213,5,SDM-HS4,arc labels,,0.5647100424328146,0.005063291139240506,0.5
Left,random,HTL,RTT,1,0.05,1,2129,8,213,5,SDM-HSsrc,arc labels,,0.5698668081093824,0.00597609561752988,0.375
Left,random,HTL,RTT,1,0.05,1,2129,8,213,5,SDM-PCA,arc labels,32.0,0.5198609146628949,0.004464285714285714,0.25
Left,random,HTL,RTT,1,0.1,1,2129,8,426,20,NoAdapt,nothing,,0.6420615275813295,0.006868131868131868,0.625
Left,random,HTL,RTT,1,0.1,1,2129,8,426,20,TargetOnly,arc labels,,0.5254891560584629,0.006329113924050633,0.125
Left,random,HTL,RTT,1,0.1,1,2129,8,426,20,Source+Target,arc labels,,0.5967114568599717,0.01639344262295082,0.25
Left,random,HTL,RTT,1,0.1,1,2129,8,426,20,COT,arc labels,,0.6071133899104196,0.00872093023255814,0.375
Left,random,HTL,RTT,1,0.1,1,2129,8,426,20,none-HS4,arc labels,,0.6342821782178218,0.006570302233902759,0.625
Left,random,HTL,RTT,1,0.1,1,2129,8,426,20,none-HSsrc,nothing,,0.5910832154644036,0.007281553398058253,0.375
Left,random,HTL,RTT,1,0.1,1,2129,8,426,20,none-PCA,arc segments,16.0,0.5416666666666666,0.004225352112676056,0.75
Left,random,HTL,RTT,1,0.1,1,2129,8,426,20,QOTu-HS4,arc labels,,0.6842880716643093,0.007361963190184049,0.75
Left,random,HTL,RTT,1,0.1,1,2129,8,426,20,QOTu-HSsrc,arc segments,,0.6347536539368223,0.006587615283267457,0.625
Left,random,HTL,RTT,1,0.1,1,2129,8,426,20,QOTu-PCA,arc segments,4.0,0.5814474304573314,0.005563282336578581,0.5
Left,random,HTL,RTT,1,0.1,1,2129,8,426,20,QOTc-HS4,arc labels,,0.57502357378595,0.009345794392523364,0.25
Left,random,HTL,RTT,1,0.1,1,2129,8,426,20,QOTc-HSsrc,arc labels,,0.5903465346534653,0.013422818791946308,0.25
Left,random,HTL,RTT,1,0.1,1,2129,8,426,20,QOTc-PCA,arc labels,64.0,0.6063767090994814,0.024691358024691357,0.25
Left,random,HTL,RTT,1,0.1,1,2129,8,426,20,SDM-HS4,arc labels,,0.6083215464403583,0.006611570247933884,0.5
Left,random,HTL,RTT,1,0.1,1,2129,8,426,20,SDM-HSsrc,arc labels,,0.5422854785478548,0.004846526655896607,0.375
Left,random,HTL,RTT,1,0.1,1,2129,8,426,20,SDM-PCA,arc labels,32.0,0.5575789721829325,0.006944444444444444,0.25
Left,random,HTL,RTT,1,0.2,1,2129,8,852,32,NoAdapt,nothing,,0.6420615275813295,0.006868131868131868,0.625
Left,random,HTL,RTT,1,0.2,1,2129,8,852,32,TargetOnly,arc labels,,0.5261963696369637,0.0064516129032258064,0.125
Left,random,HTL,RTT,1,0.2,1,2129,8,852,32,Source+Target,arc labels,,0.5993045733144743,0.018018018018018018,0.25
Left,random,HTL,RTT,1,0.2,1,2129,8,852,32,COT,arc labels,,0.6262081565299387,0.011406844106463879,0.375
Left,random,HTL,RTT,1,0.2,1,2129,8,852,32,none-HS4,arc labels,,0.6342821782178218,0.006570302233902759,0.625
Left,random,HTL,RTT,1,0.2,1,2129,8,852,32,none-HSsrc,nothing,,0.5910832154644036,0.007281553398058253,0.375
Left,random,HTL,RTT,1,0.2,1,2129,8,852,32,none-PCA,arc segments,16.0,0.5395450259311645,0.004198740377886634,0.75
Left,random,HTL,RTT,1,0.2,1,2129,8,852,32,QOTu-HS4,arc labels,,0.6821664309288071,0.007281553398058253,0.75
Left,random,HTL,RTT,1,0.2,1,2129,8,852,32,QOTu-HSsrc,arc segments,,0.6427687411598303,0.006896551724137931,0.625
Left,random,HTL,RTT,1,0.2,1,2129,8,852,32,QOTu-PCA,arc segments,64.0,0.5415782649693541,0.00482315112540193,0.375
Left,random,HTL,RTT,1,0.2,1,2129,8,852,32,QOTc-HS4,arc labels,,0.5868104667609618,0.012195121951219513,0.25
Left,random,HTL,RTT,1,0.2,1,2129,8,852,32,QOTc-HSsrc,arc labels,,0.6023691654879774,0.02040816326530612,0.25
Left,random,HTL,RTT,1,0.2,1,2129,8,852,32,QOTc-PCA,arc labels,64.0,0.6417668552569542,0.015228426395939087,0.375
Left,random,HTL,RTT,1,0.2,1,2129,8,852,32,SDM-HS4,arc labels,,0.6328382838283828,0.007984031936127744,0.5
Left,random,HTL,RTT,1,0.2,1,2129,8,852,32,SDM-HSsrc,arc labels,,0.5552215935879302,0.006711409395973154,0.25
Left,random,HTL,RTT,1,0.2,1,2129,8,852,32,SDM-PCA,arc labels,32.0,0.6370815652993871,0.008281573498964804,0.5
Left,random,HTL,RTT,1,0.3,1,2129,8,1278,41,NoAdapt,nothing,,0.6420615275813295,0.006868131868131868,0.625
Left,random,HTL,RTT,1,0.3,1,2129,8,1278,41,TargetOnly,arc labels,,0.47194719471947194,0.0,0.0
Left,random,HTL,RTT,1,0.3,1,2129,8,1278,41,Source+Target,arc labels,,0.6000117868929751,0.018518518518518517,0.25
Left,random,HTL,RTT,1,0.3,1,2129,8,1278,41,COT,arc labels,,0.4811704384724187,0.002890173410404624,0.125
Left,random,HTL,RTT,1,0.3,1,2129,8,1278,41,none-HS4,arc labels,,0.6342821782178218,0.006570302233902759,0.625
Left,random,HTL,RTT,1,0.3,1,2129,8,1278,41,none-HSsrc,nothing,,0.5910832154644036,0.007281553398058253,0.375
Left,random,HTL,RTT,1,0.3,1,2129,8,1278,41,none-PCA,arc segments,16.0,0.5277581329561527,0.004056795131845842,0.75
Left,random,HTL,RTT,1,0.3,1,2129,8,1278,41,QOTu-HS4,arc labels,,0.6849952852428101,0.007389162561576354,0.75
Left,random,HTL,RTT,1,0.3,1,2129,8,1278,41,QOTu-HSsrc,arc segments,,0.6432402168788307,0.006915629322268326,0.625
Left,random,HTL,RTT,1,0.3,1,2129,8,1278,41,QOTu-PCA,arc segments,32.0,0.6135077793493635,0.00686106346483705,0.5
Left,random,HTL,RTT,1,0.3,1,2129,8,1278,41,QOTc-HS4,arc labels,,0.5851603017444602,0.011695906432748537,0.25
Left,random,HTL,RTT,1,0.3,1,2129,8,1278,41,QOTc-HSsrc,arc labels,,0.6026049033474776,0.020618556701030927,0.25
Left,random,HTL,RTT,1,0.3,1,2129,8,1278,41,QOTc-PCA,arc labels,64.0,0.6410596416784535,0.015,0.375
Left,random,HTL,RTT,1,0.3,1,2129,8,1278,41,SDM-HS4,arc labels,,0.6293022159358793,0.007751937984496124,0.5
Left,random,HTL,RTT,1,0.3,1,2129,8,1278,41,SDM-HSsrc,arc labels,,0.558050447901933,0.006993006993006993,0.25
Left,random,HTL,RTT,1,0.3,1,2129,8,1278,41,SDM-PCA,arc labels,32.0,0.5660950023573785,0.005791505791505791,0.375
Left,random,HTL,RTT,1,0.5,1,2129,8,2106,59,NoAdapt,nothing,,0.6420615275813295,0.006868131868131868,0.625
Left,random,HTL,RTT,1,0.5,1,2129,8,2106,59,TargetOnly,arc labels,,0.4606317774634606,0.0,0.0
Left,random,HTL,RTT,1,0.5,1,2129,8,2106,59,Source+Target,arc labels,,0.6007190004714758,0.01904761904761905,0.25
Left,random,HTL,RTT,1,0.5,1,2129,8,2106,59,COT,arc labels,,0.46726190476190477,0.0024691358024691358,0.125
Left,random,HTL,RTT,1,0.5,1,2129,8,2106,59,none-HS4,arc labels,,0.6342821782178218,0.006570302233902759,0.625
Left,random,HTL,RTT,1,0.5,1,2129,8,2106,59,none-HSsrc,nothing,,0.5910832154644036,0.007281553398058253,0.375
Left,random,HTL,RTT,1,0.5,1,2129,8,2106,59,none-PCA,arc segments,16.0,0.5289368222536539,0.004070556309362279,0.75
Left,random,HTL,RTT,1,0.5,1,2129,8,2106,59,QOTu-HS4,arc labels,,0.6842880716643093,0.007361963190184049,0.75
Left,random,HTL,RTT,1,0.5,1,2129,8,2106,59,QOTu-HSsrc,arc segments,,0.643475954738331,0.006925207756232687,0.625
Left,random,HTL,RTT,1,0.5,1,2129,8,2106,59,QOTu-PCA,arc segments,32.0,0.5519507307873645,0.005190311418685121,0.375
Left,random,HTL,RTT,1,0.5,1,2129,8,2106,59,QOTc-HS4,arc labels,,0.5816242338519566,0.010752688172043012,0.25
Left,random,HTL,RTT,1,0.5,1,2129,8,2106,59,QOTc-HSsrc,arc labels,,0.5898750589344649,0.013245033112582781,0.25
Left,random,HTL,RTT,1,0.5,1,2129,8,2106,59,QOTc-PCA,arc labels,64.0,0.5283180103724658,0.00684931506849315,0.125
Left,random,HTL,RTT,1,0.5,1,2129,8,2106,59,SDM-HS4,arc labels,,0.6104431871758604,0.006711409395973154,0.5
Left,random,HTL,RTT,1,0.5,1,2129,8,2106,59,SDM-HSsrc,arc labels,,0.5637376237623762,0.005681818181818182,0.375
Left,random,HTL,RTT,1,0.5,1,2129,8,2106,59,SDM-PCA,arc labels,64.0,0.4524398868458274,0.0027247956403269754,0.25
Left,random,HTL,RTT,2,0.05,1,2129,8,213,6,NoAdapt,nothing,,0.6231730315888732,0.007380073800738007,0.5
Left,random,HTL,RTT,2,0.05,1,2129,8,213,6,TargetOnly,arc labels,,0.5316183404054691,0.007575757575757576,0.125
Left,random,HTL,RTT,2,0.05,1,2129,8,213,6,Source+Target,arc labels,,0.633516030174446,0.01293103448275862,0.375
Left,random,HTL,RTT,2,0.05,1,2129,8,213,6,COT,arc labels,,0.5896687883074021,0.007177033492822967,0.375
Left,random,HTL,RTT,2,0.05,1,2129,8,213,6,none-HS4,arc labels,,0.6302451673738803,0.0078125,0.5
Left,random,HTL,RTT,2,0.05,1,2129,8,213,6,none-HSsrc,nothing,,0.5783239038189534,0.01,0.25
Left,random,HTL,RTT,2,0.05,1,2129,8,213,6,none-PCA,arc segments,64.0,0.6239391796322489,0.0056022408963585435,0.75
Left,random,HTL,RTT,2,0.05,1,2129,8,213,6,QOTu-HS4,arc labels,,0.6073785950023574,0.006568144499178982,0.5
Left,random,HTL,RTT,2,0.05,1,2129,8,213,6,QOTu-HSsrc,arc segments,,0.6175153229608675,0.007067137809187279,0.5
Left,random,HTL,RTT,2,0.05,1,2129,8,213,6,QOTu-PCA,arc segments,64.0,0.595120226308345,0.006051437216338881,0.5
Left,random,HTL,RTT,2,0.05,1,2129,8,213,6,QOTc-HS4,arc labels,,0.5698373408769448,0.00847457627118644,0.25
Left,random,HTL,RTT,2,0.05,1,2129,8,213,6,QOTc-HSsrc,arc labels,,0.5964757190004715,0.016260162601626018,0.25
Left,random,HTL,RTT,2,0.05,1,2129,8,213,6,QOTc-PCA,arc labels,64.0,0.5342114568599717,0.008264462809917356,0.125
Left,random,HTL,RTT,2,0.05,1,2129,8,213,6,SDM-HS4,arc labels,,0.6304514380009429,0.012244897959183673,0.375
Left,random,HTL,RTT,2,0.05,1,2129,8,213,6,SDM-HSsrc,arc labels,,0.5929396511079679,0.014492753623188406,0.25
Left,random,HTL,RTT,2,0.05,1,2129,8,213,6,SDM-PCA,arc labels,32.0,0.5681871758604432,0.00823045267489712,0.25
Left,random,HTL,RTT,2,0.1,1,2129,8,426,15,NoAdapt,nothing,,0.6231730315888732,0.007380073800738007,0.5
Left,random,HTL,RTT,2,0.1,1,2129,8,426,15,TargetOnly,arc labels,,0.520538661008958,0.00558659217877095,0.125
Left,random,HTL,RTT,2,0.1,1,2129,8,426,15,Source+Target,arc labels,,0.5853960396039604,0.011764705882352941,0.25
Left,random,HTL,RTT,2,0.1,1,2129,8,426,15,COT,arc labels,,0.4832920792079208,0.002967359050445104,0.125
Left,random,HTL,RTT,2,0.1,1,2129,8,426,15,none-HS4,arc labels,,0.6335454974068835,0.008032128514056224,0.5
Left,random,HTL,RTT,2,0.1,1,2129,8,426,15,none-HSsrc,nothing,,0.5783239038189534,0.01,0.25
Left,random,HTL,RTT,2,0.1,1,2129,8,426,15,none-PCA,arc segments,64.0,0.6239391796322489,0.0056022408963585435,0.75
Left,random,HTL,RTT,2,0.1,1,2129,8,426,15,QOTu-HS4,arc labels,,0.5946487505893446,0.006033182503770739,0.5
Left,random,HTL,RTT,2,0.1,1,2129,8,426,15,QOTu-HSsrc,arc segments,,0.6255304101838755,0.007518796992481203,0.5
Left,random,HTL,RTT,2,0.1,1,2129,8,426,15,QOTu-PCA,arc segments,64.0,0.6366395568128241,0.006657789613848202,0.625
Left,random,HTL,RTT,2,0.1,1,2129,8,426,15,QOTc-HS4,arc labels,,0.5594648750589344,0.007142857142857143,0.25
Left,random,HTL,RTT,2,0.1,1,2129,8,426,15,QOTc-HSsrc,arc labels,,0.5681871758604432,0.00823045267489712,0.25
Left,random,HTL,RTT,2,0.1,1,2129,8,426,15,QOTc-PCA,arc labels,64.0,0.5842173503064592,0.011428571428571429,0.25
Left,random,HTL,RTT,2,0.1,1,2129,8,426,15,SDM-HS4,arc labels,,0.580475011786893,0.006564551422319475,0.375
Left,random,HTL,RTT,2,0.1,1,2129,8,426,15,SDM-HSsrc,arc labels,,0.5858969825553983,0.0069124423963133645,0.375
Left,random,HTL,RTT,2,0.1,1,2129,8,426,15,SDM-PCA,arc labels,32.0,0.5495933521923622,0.00510204081632653,0.375
Left,random,HTL,RTT,2,0.2,1,2129,8,852,25,NoAdapt,nothing,,0.6231730315888732,0.007380073800738007,0.5
Left,random,HTL,RTT,2,0.2,1,2129,8,852,25,TargetOnly,arc labels,,0.5311468646864687,0.007462686567164179,0.125
Left,random,HTL,RTT,2,0.2,1,2129,8,852,25,Source+Target,arc labels,,0.583038661008958,0.011111111111111112,0.25
Left,random,HTL,RTT,2,0.2,1,2129,8,852,25,COT,arc labels,,0.4278936822253654,0.0017482517482517483,0.125
Left,random,HTL,RTT,2,0.2,1,2129,8,852,25,none-HS4,arc labels,,0.6314238566713815,0.007889546351084813,0.5
Left,random,HTL,RTT,2,0.2,1,2129,8,852,25,none-HSsrc,nothing,,0.5783239038189534,0.01,0.25
Left,random,HTL,RTT,2,0.2,1,2129,8,852,25,none-PCA,arc segments,32.0,0.6307755775577557,0.005758157389635317,0.75
Left,random,HTL,RTT,2,0.2,1,2129,8,852,25,QOTu-HS4,arc labels,,0.5972418670438473,0.006134969325153374,0.5
Left,random,HTL,RTT,2,0.2,1,2129,8,852,25,QOTu-HSsrc,arc segments,,0.625058934464875,0.00749063670411985,0.5
Left,random,HTL,RTT,2,0.2,1,2129,8,852,25,QOTu-PCA,arc segments,64.0,0.6437116925978312,0.006934812760055479,0.625
Left,random,HTL,RTT,2,0.2,1,2129,8,852,25,QOTc-HS4,arc labels,,0.5792668552569542,0.01020408163265306,0.25
Left,random,HTL,RTT,2,0.2,1,2129,8,852,25,QOTc-HSsrc,arc labels,,0.5943540782649693,0.015151515151515152,0.25
Left,random,HTL,RTT,2,0.2,1,2129,8,852,25,QOTc-PCA,arc labels,64.0,0.6243222536539368,0.01107011070110701,0.375
Left,random,HTL,RTT,2,0.2,1,2129,8,852,25,SDM-HS4,arc labels,,0.5788248467703914,0.00646551724137931,0.375
Left,random,HTL,RTT,2,0.2,1,2129,8,852,25,SDM-HSsrc,arc labels,,0.5870756718528995,0.006993006993006993,0.375
Left,random,HTL,RTT,2,0.2,1,2129,8,852,25,SDM-PCA,arc labels,32.0,0.5297913719943423,0.004464285714285714,0.375
Left,random,HTL,RTT,2,0.3,1,2129,8,1278,38,NoAdapt,nothing,,0.6231730315888732,0.007380073800738007,0.5
Left,random,HTL,RTT,2,0.3,1,2129,8,1278,38,TargetOnly,arc labels,,0.528553748231966,0.006896551724137931,0.125
Left,random,HTL,RTT,2,0.3,1,2129,8,1278,38,Source+Target,arc labels,,0.6316301272984441,0.0125,0.375
Left,random,HTL,RTT,2,0.3,1,2129,8,1278,38,COT,arc labels,,0.4722123998114097,0.0026041666666666665,0.125
Left,random,HTL,RTT,2,0.3,1,2129,8,1278,38,none-HS4,arc labels,,0.6330740216878831,0.008,0.5
Left,random,HTL,RTT,2,0.3,1,2129,8,1278,38,none-HSsrc,nothing,,0.5783239038189534,0.01,0.25
Left,random,HTL,RTT,2,0.3,1,2129,8,1278,38,none-PCA,arc segments,16.0,0.5253712871287128,0.004088307440719542,0.625
Left,random,HTL,RTT,2,0.3,1,2129,8,1278,38,QOTu-HS4,arc labels,,0.5927628477133428,0.005961251862891207,0.5
Left,random,HTL,RTT,2,0.3,1,2129,8,1278,38,QOTu-HSsrc,arc segments,,0.625058934464875,0.00749063670411985,0.5
Left,random,HTL,RTT,2,0.3,1,2129,8,1278,38,QOTu-PCA,arc segments,64.0,0.6448903818953324,0.006983240223463687,0.625
Left,random,HTL,RTT,2,0.3,1,2129,8,1278,38,QOTc-HS4,arc labels,,0.5714875058934465,0.008733624454148471,0.25
Left,random,HTL,RTT,2,0.3,1,2129,8,1278,38,QOTc-HSsrc,arc labels,,0.5820957095709571,0.010869565217391304,0.25
Left,random,HTL,RTT,2,0.3,1,2129,8,1278,38,QOTc-PCA,arc labels,64.0,0.5663012729844413,0.00796812749003984,0.25
Left,random,HTL,RTT,2,0.3,1,2129,8,1278,38,SDM-HS4,arc labels,,0.5689238566713815,0.005928853754940711,0.375
Left,random,HTL,RTT,2,0.3,1,2129,8,1278,38,SDM-HSsrc,arc labels,,0.5821251768033946,0.006666666666666667,0.375
Left,random,HTL,RTT,2,0.3,1,2129,8,1278,38,SDM-PCA,arc labels,64.0,0.5229549740688355,0.0042796005706134095,0.375
Left,random,HTL,RTT,2,0.5,1,2129,8,2106,62,NoAdapt,nothing,,0.6231730315888732,0.007380073800738007,0.5
Left,random,HTL,RTT,2,0.5,1,2129,8,2106,62,TargetOnly,arc labels,,0.5297324375294672,0.007142857142857143,0.125
Left,random,HTL,RTT,2,0.5,1,2129,8,2106,62,Source+Target,arc labels,,0.6321016030174447,0.012605042016806723,0.375
Left,random,HTL,RTT,2,0.5,1,2129,8,2106,62,COT,arc labels,,0.463490099009901,0.0023752969121140144,0.125
Left,random,HTL,RTT,2,0.5,1,2129,8,2106,62,none-HS4,arc labels,,0.6297736916548797,0.007782101167315175,0.5
Left,random,HTL,RTT,2,0.5,1,2129,8,2106,62,none-HSsrc,nothing,,0.5783239038189534,0.01,0.25
Left,random,HTL,RTT,2,0.5,1,2129,8,2106,62,none-PCA,arc segments,32.0,0.6090582272512965,0.00576036866359447,0.625
Left,random,HTL,RTT,2,0.5,1,2129,8,2106,62,QOTu-HS4,arc labels,,0.6003064592173504,0.006259780907668232,0.5
Left,random,HTL,RTT,2,0.5,1,2129,8,2106,62,QOTu-HSsrc,arc segments,,0.6262376237623762,0.007561436672967864,0.5
Left,random,HTL,RTT,2,0.5,1,2129,8,2106,62,QOTu-PCA,arc segments,64.0,0.64253300330033,0.006887052341597796,0.625
Left,random,HTL,RTT,2,0.5,1,2129,8,2106,62,QOTc-HS4,arc labels,,0.5707802923149458,0.008620689655172414,0.25
Left,random,HTL,RTT,2,0.5,1,2129,8,2106,62,QOTc-HSsrc,arc labels,,0.5820957095709571,0.010869565217391304,0.25
Left,random,HTL,RTT,2,0.5,1,2129,8,2106,62,QOTc-PCA,arc labels,64.0,0.5611150400754361,0.007326007326007326,0.25
Left,random,HTL,RTT,2,0.5,1,2129,8,2106,62,SDM-HS4,arc labels,,0.49062942008486565,0.0034965034965034965,0.25
Left,random,HTL,RTT,2,0.5,1,2129,8,2106,62,SDM-HSsrc,arc labels,,0.5531294200848657,0.005235602094240838,0.375
Left,random,HTL,RTT,2,0.5,1,2129,8,2106,62,SDM-PCA,arc labels,64.0,0.46964875058934463,0.0030257186081694403,0.25
Left,random,HTL,RTT,3,0.05,1,2129,9,213,5,NoAdapt,nothing,,0.6116090146750524,0.008456659619450317,0.4444444444444444
Left,random,HTL,RTT,3,0.05,1,2129,9,213,5,TargetOnly,arc labels,,0.4756027253668763,0.0029411764705882353,0.1111111111111111
Left,random,HTL,RTT,3,0.05,1,2129,9,213,5,Source+Target,arc labels,,0.5684224318658281,0.01092896174863388,0.2222222222222222
Left,random,HTL,RTT,3,0.05,1,2129,9,213,5,COT,arc labels,,0.4485324947589099,0.0035688793718772305,0.5555555555555556
Left,random,HTL,RTT,3,0.05,1,2129,9,213,5,none-HS4,arc labels,,0.6259958071278826,0.009708737864077669,0.4444444444444444
Left,random,HTL,RTT,3,0.05,1,2129,9,213,5,none-HSsrc,nothing,,0.5750262054507338,0.012903225806451613,0.2222222222222222
Left,random,HTL,RTT,3,0.05,1,2129,9,213,5,none-PCA,arc segments,64.0,0.6161163522012578,0.006472491909385114,0.6666666666666666
Left,random,HTL,RTT,3,0.05,1,2129,9,213,5,QOTu-HS4,arc labels,,0.5697327044025157,0.007246376811594203,0.3333333333333333
Left,random,HTL,RTT,3,0.05,1,2129,9,213,5,QOTu-HSsrc,arc segments,,0.5765723270440252,0.007792207792207792,0.3333333333333333
Left,random,HTL,RTT,3,0.05,1,2129,9,213,5,QOTu-PCA,arc segments,64.0,0.616221174004193,0.007246376811594203,0.5555555555555556
Left,random,HTL,RTT,3,0.05,1,2129,9,213,5,QOTc-HS4,arc labels,,0.5121593291404613,0.005405405405405406,0.1111111111111111
Left,random,HTL,RTT,3,0.05,1,2129,9,213,5,QOTc-HSsrc,arc labels,,0.5950733752620545,0.02857142857142857,0.2222222222222222
Left,random,HTL,RTT,3,0.05,1,2129,9,213,5,QOTc-PCA,arc labels,64.0,0.5189989517819706,0.00641025641025641,0.1111111111111111
Left,random,HTL,RTT,3,0.05,1,2129,9,213,5,SDM-HS4,arc labels,,0.5613469601677149,0.009389671361502348,0.2222222222222222
Left,random,HTL,RTT,3,0.05,1,2129,9,213,5,SDM-HSsrc,arc labels,,0.5324423480083857,0.010101010101010102,0.1111111111111111
Left,random,HTL,RTT,3,0.05,1,2129,9,213,5,SDM-PCA,arc labels,32.0,0.4842243186582809,0.003703703703703704,0.2222222222222222
Left,random,HTL,RTT,3,0.1,1,2129,9,426,10,NoAdapt,nothing,,0.6116090146750524,0.008456659619450317,0.4444444444444444
Left,random,HTL,RTT,3,0.1,1,2129,9,426,10,TargetOnly,arc labels,,0.49848008385744236,0.00411522633744856,0.1111111111111111
Left,random,HTL,RTT,3,0.1,1,2129,9,426,10,Source+Target,arc labels,,0.5773846960167714,0.013793103448275862,0.2222222222222222
Left,random,HTL,RTT,3,0.1,1,2129,9,426,10,COT,arc labels,,0.49627882599580714,0.004158004158004158,0.4444444444444444
Left,random,HTL,RTT,3,0.1,1,2129,9,426,10,none-HS4,arc labels,,0.6208071278825995,0.009216589861751152,0.4444444444444444
Left,random,HTL,RTT,3,0.1,1,2129,9,426,10,none-HSsrc,nothing,,0.5750262054507338,0.012903225806451613,0.2222222222222222
Left,random,HTL,RTT,3,0.1,1,2129,9,426,10,none-PCA,arc segments,4.0,0.5558176100628931,0.006342494714587738,0.3333333333333333
Left,random,HTL,RTT,3,0.1,1,2129,9,426,10,QOTu-HS4,arc labels,,0.6728249475890986,0.011111111111111112,0.5555555555555556
Left,random,HTL,RTT,3,0.1,1,2129,9,426,10,QOTu-HSsrc,arc segments,,0.5730345911949686,0.0075,0.3333333333333333
Left,random,HTL,RTT,3,0.1,1,2129,9,426,10,QOTu-PCA,arc segments,64.0,0.6242400419287212,0.007621951219512195,0.5555555555555556
Left,random,HTL,RTT,3,0.1,1,2129,9,426,10,QOTc-HS4,arc labels,,0.5379979035639413,0.00641025641025641,0.2222222222222222
Left,random,HTL,RTT,3,0.1,1,2129,9,426,10,QOTc-HSsrc,arc labels,,0.5665356394129979,0.010471204188481676,0.2222222222222222
Left,random,HTL,RTT,3,0.1,1,2129,9,426,10,QOTc-PCA,arc labels,32.0,0.5933176100628931,0.009554140127388535,0.3333333333333333
Left,random,HTL,RTT,3,0.1,1,2129,9,426,10,SDM-HS4,arc labels,,0.677541928721174,0.011627906976744186,0.5555555555555556
Left,random,HTL,RTT,3,0.1,1,2129,9,426,10,SDM-HSsrc,arc labels,,0.5874213836477987,0.008849557522123894,0.3333333333333333
Left,random,HTL,RTT,3,0.1,1,2129,9,426,10,SDM-PCA,arc labels,32.0,0.513233752620545,0.004796163069544364,0.2222222222222222
Left,random,HTL,RTT,3,0.2,1,2129,9,852,23,NoAdapt,nothing,,0.6116090146750524,0.008456659619450317,0.4444444444444444
Left,random,HTL,RTT,3,0.2,1,2129,9,852,23,TargetOnly,arc labels,,0.5672431865828091,0.010638297872340425,0.2222222222222222
Left,random,HTL,RTT,3,0.2,1,2129,9,852,23,Source+Target,arc labels,,0.6140723270440251,0.01327433628318584,0.3333333333333333
Left,random,HTL,RTT,3,0.2,1,2129,9,852,23,COT,arc labels,,0.4671121593291404,0.0026595744680851063,0.1111111111111111
Left,random,HTL,RTT,3,0.2,1,2129,9,852,23,none-HS4,arc labels,,0.6208071278825995,0.009216589861751152,0.4444444444444444
Left,random,HTL,RTT,3,0.2,1,2129,9,852,23,none-HSsrc,nothing,,0.5750262054507338,0.012903225806451613,0.2222222222222222
Left,random,HTL,RTT,3,0.2,1,2129,9,852,23,none-PCA,arc segments,64.0,0.6161163522012578,0.006472491909385114,0.6666666666666666
Left,random,HTL,RTT,3,0.2,1,2129,9,852,23,QOTu-HS4,arc labels,,0.6137316561844863,0.008620689655172414,0.4444444444444444
Left,random,HTL,RTT,3,0.2,1,2129,9,852,23,QOTu-HSsrc,arc segments,,0.6217505241090147,0.009302325581395349,0.4444444444444444
Left,random,HTL,RTT,3,0.2,1,2129,9,852,23,QOTu-PCA,arc segments,64.0,0.6365041928721173,0.008278145695364239,0.5555555555555556
Left,random,HTL,RTT,3,0.2,1,2129,9,852,23,QOTc-HS4,arc labels,,0.5474318658280922,0.007352941176470588,0.2222222222222222
Left,random,HTL,RTT,3,0.2,1,2129,9,852,23,QOTc-HSsrc,arc labels,,0.5528563941299791,0.008032128514056224,0.2222222222222222
Left,random,HTL,RTT,3,0.2,1,2129,9,852,23,QOTc-PCA,arc labels,32.0,0.5883647798742139,0.008955223880597015,0.3333333333333333
Left,random,HTL,RTT,3,0.2,1,2129,9,852,23,SDM-HS4,arc labels,,0.595335429769392,0.007380073800738007,0.4444444444444444
Left,random,HTL,RTT,3,0.2,1,2129,9,852,23,SDM-HSsrc,arc labels,,0.6019392033542976,0.007782101167315175,0.4444444444444444
Left,random,HTL,RTT,3,0.2,1,2129,9,852,23,SDM-PCA,arc labels,32.0,0.5889675052410901,0.007029876977152899,0.4444444444444444
Left,random,HTL,RTT,3,0.3,1,2129,9,1278,39,NoAdapt,nothing,,0.6116090146750524,0.008456659619450317,0.4444444444444444
Left,random,HTL,RTT,3,0.3,1,2129,9,1278,39,TargetOnly,arc labels,,0.5340932914046121,0.010869565217391304,0.1111111111111111
Left,random,HTL,RTT,3,0.3,1,2129,9,1278,39,Source+Target,arc labels,,0.5681865828092243,0.010869565217391304,0.2222222222222222
Left,random,HTL,RTT,3,0.3,1,2129,9,1278,39,COT,arc labels,,0.45838574423480083,0.002421307506053269,0.1111111111111111
Left,random,HTL,RTT,3,0.3,1,2129,9,1278,39,none-HS4,arc labels,,0.6252882599580712,0.00963855421686747,0.4444444444444444
Left,random,HTL,RTT,3,0.3,1,2129,9,1278,39,none-HSsrc,nothing,,0.5750262054507338,0.012903225806451613,0.2222222222222222
Left,random,HTL,RTT,3,0.3,1,2129,9,1278,39,none-PCA,arc segments,64.0,0.6161163522012578,0.006472491909385114,0.6666666666666666
Left,random,HTL,RTT,3,0.3,1,2129,9,1278,39,QOTu-HS4,arc labels,,0.6179769392033543,0.008968609865470852,0.4444444444444444
Left,random,HTL,RTT,3,0.3,1,2129,9,1278,39,QOTu-HSsrc,arc segments,,0.5716194968553459,0.007389162561576354,0.3333333333333333
Left,random,HTL,RTT,3,0.3,1,2129,9,1278,39,QOTu-PCA,arc segments,32.0,0.640041928721174,0.008488964346349746,0.5555555555555556
Left,random,HTL,RTT,3,0.3,1,2129,9,1278,39,QOTc-HS4,arc labels,,0.5655922431865827,0.010256410256410256,0.2222222222222222
Left,random,HTL,RTT,3,0.3,1,2129,9,1278,39,QOTc-HSsrc,arc labels,,0.5835167714884696,0.01680672268907563,0.2222222222222222
Left,random,HTL,RTT,3,0.3,1,2129,9,1278,39,QOTc-PCA,arc labels,64.0,0.5554507337526206,0.008403361344537815,0.2222222222222222
Left,random,HTL,RTT,3,0.3,1,2129,9,1278,39,SDM-HS4,arc labels,,0.6215146750524109,0.009280742459396751,0.4444444444444444
Left,random,HTL,RTT,3,0.3,1,2129,9,1278,39,SDM-HSsrc,arc labels,,0.577751572327044,0.007894736842105263,0.3333333333333333
Left,random,HTL,RTT,3,0.3,1,2129,9,1278,39,SDM-PCA,arc labels,64.0,0.5533542976939203,0.005555555555555556,0.4444444444444444
Left,random,HTL,RTT,3,0.5,1,2129,9,2106,61,NoAdapt,nothing,,0.6116090146750524,0.008456659619450317,0.4444444444444444
Left,random,HTL,RTT,3,0.5,1,2129,9,2106,61,TargetOnly,arc labels,,0.5237159329140462,0.007352941176470588,0.1111111111111111
Left,random,HTL,RTT,3,0.5,1,2129,9,2106,61,Source+Target,arc labels,,0.6102987421383648,0.012396694214876033,0.3333333333333333
Left,random,HTL,RTT,3,0.5,1,2129,9,2106,61,COT,arc labels,,0.46252620545073375,0.0031645569620253164,0.2222222222222222
Left,random,HTL,RTT,3,0.5,1,2129,9,2106,61,none-HS4,arc labels,,0.6212788259958071,0.009259259259259259,0.4444444444444444
Left,random,HTL,RTT,3,0.5,1,2129,9,2106,61,none-HSsrc,nothing,,0.5750262054507338,0.012903225806451613,0.2222222222222222
Left,random,HTL,RTT,3,0.5,1,2129,9,2106,61,none-PCA,arc segments,64.0,0.6161163522012578,0.006472491909385114,0.6666666666666666
Left,random,HTL,RTT,3,0.5,1,2129,9,2106,61,QOTu-HS4,arc labels,,0.6118448637316563,0.00847457627118644,0.4444444444444444
Left,random,HTL,RTT,3,0.5,1,2129,9,2106,61,QOTu-HSsrc,arc segments,,0.5711477987421384,0.007352941176470588,0.3333333333333333
Left,random,HTL,RTT,3,0.5,1,2129,9,2106,61,QOTu-PCA,arc segments,32.0,0.6405136268343816,0.008517887563884156,0.5555555555555556
Left,random,HTL,RTT,3,0.5,1,2129,9,2106,61,QOTc-HS4,arc labels,,0.5552148846960168,0.008368200836820083,0.2222222222222222
Left,random,HTL,RTT,3,0.5,1,2129,9,2106,61,QOTc-HSsrc,arc labels,,0.5806865828092242,0.015267175572519083,0.2222222222222222
Left,random,HTL,RTT,3,0.5,1,2129,9,2106,61,QOTc-PCA,arc labels,64.0,0.5504979035639412,0.007722007722007722,0.2222222222222222
Left,random,HTL,RTT,3,0.5,1,2129,9,2106,61,SDM-HS4,arc labels,,0.5659591194968553,0.0069767441860465115,0.3333333333333333
Left,random,HTL,RTT,3,0.5,1,2129,9,2106,61,SDM-HSsrc,arc labels,,0.5775157232704402,0.007874015748031496,0.3333333333333333
Left,random,HTL,RTT,3,0.5,1,2129,9,2106,61,SDM-PCA,arc labels,64.0,0.4582809224318658,0.003076923076923077,0.2222222222222222
Left,random,HTL,RTT,4,0.05,1,2129,14,213,5,NoAdapt,nothing,,0.5326916582235731,0.00851063829787234,0.2857142857142857
Left,random,HTL,RTT,4,0.05,1,2129,14,213,5,TargetOnly,arc labels,,0.46761229314420805,0.0,0.0
Left,random,HTL,RTT,4,0.05,1,2129,14,213,5,Source+Target,arc labels,,0.5574974670719351,0.014084507042253521,0.21428571428571427
Left,random,HTL,RTT,4,0.05,1,2129,14,213,5,COT,arc labels,,0.5192164809186086,0.007590132827324478,0.2857142857142857
Left,random,HTL,RTT,4,0.05,1,2129,14,213,5,none-HS4,arc labels,,0.5364741641337386,0.00881057268722467,0.2857142857142857
Left,random,HTL,RTT,4,0.05,1,2129,14,213,5,none-HSsrc,nothing,,0.5302938196555218,0.011363636363636364,0.14285714285714285
Left,random,HTL,RTT,4,0.05,1,2129,14,213,5,none-PCA,arc segments,16.0,0.48188112124282334,0.005973715651135006,0.35714285714285715
Left,random,HTL,RTT,4,0.05,1,2129,14,213,5,QOTu-HS4,arc labels,,0.5409658899020602,0.009195402298850575,0.2857142857142857
Left,random,HTL,RTT,4,0.05,1,2129,14,213,5,QOTu-HSsrc,arc segments,,0.5362377575143533,0.008791208791208791,0.2857142857142857
Left,random,HTL,RTT,4,0.05,1,2129,14,213,5,QOTu-PCA,arc segments,16.0,0.54709557581898,0.011673151750972763,0.21428571428571427
Left,random,HTL,RTT,4,0.05,1,2129,14,213,5,QOTc-HS4,arc labels,,0.538112124282337,0.010169491525423728,0.21428571428571427
Left,random,HTL,RTT,4,0.05,1,2129,14,213,5,QOTc-HSsrc,arc labels,,0.5312563323201621,0.009259259259259259,0.21428571428571427
Left,random,HTL,RTT,4,0.05,1,2129,14,213,5,QOTc-PCA,arc labels,32.0,0.466903073286052,0.0,0.0
Left,random,HTL,RTT,4,0.05,1,2129,14,213,5,SDM-HS4,arc labels,,0.5222559945964201,0.009523809523809525,0.14285714285714285
Left,random,HTL,RTT,4,0.05,1,2129,14,213,5,SDM-HSsrc,arc labels,,0.530547112462006,0.009174311926605505,0.21428571428571427
Left,random,HTL,RTT,4,0.05,1,2129,14,213,5,SDM-PCA,arc labels,32.0,0.5208375548801081,0.009259259259259259,0.14285714285714285
Left,random,HTL,RTT,4,0.1,1,2129,14,426,15,NoAdapt,nothing,,0.5326916582235731,0.00851063829787234,0.2857142857142857
Left,random,HTL,RTT,4,0.1,1,2129,14,426,15,TargetOnly,arc labels,,0.520111448834853,0.014925373134328358,0.07142857142857142
Left,random,HTL,RTT,4,0.1,1,2129,14,426,15,Source+Target,arc labels,,0.53596757852077,0.013157894736842105,0.14285714285714285
Left,random,HTL,RTT,4,0.1,1,2129,14,426,15,COT,arc labels,,0.5218000675447484,0.008241758241758242,0.21428571428571427
Left,random,HTL,RTT,4,0.1,1,2129,14,426,15,none-HS4,arc labels,,0.5341100979398852,0.008620689655172414,0.2857142857142857
Left,random,HTL,RTT,4,0.1,1,2129,14,426,15,none-HSsrc,nothing,,0.5302938196555218,0.011363636363636364,0.14285714285714285
Left,random,HTL,RTT,4,0.1,1,2129,14,426,15,none-PCA,arc segments,4.0,0.4979229989868288,0.0064516129032258064,0.21428571428571427
Left,random,HTL,RTT,4,0.1,1,2129,14,426,15,QOTu-HS4,arc labels,,0.5428571428571429,0.00936768149882904,0.2857142857142857
Left,random,HTL,RTT,4,0.1,1,2129,14,426,15,QOTu-HSsrc,arc segments,,0.5428571428571429,0.00936768149882904,0.2857142857142857
Left,random,HTL,RTT,4,0.1,1,2129,14,426,15,QOTu-PCA,arc segments,16.0,0.5501688618709895,0.012295081967213115,0.21428571428571427
Left,random,HTL,RTT,4,0.1,1,2129,14,426,15,QOTc-HS4,arc labels,,0.4964707868963188,0.005988023952095809,0.07142857142857142
Left,random,HTL,RTT,4,0.1,1,2129,14,426,15,QOTc-HSsrc,arc labels,,0.5522796352583587,0.024096385542168676,0.14285714285714285
Left,random,HTL,RTT,4,0.1,1,2129,14,426,15,QOTc-PCA,arc labels,64.0,0.49954407294832825,0.006493506493506494,0.07142857142857142
Left,random,HTL,RTT,4,0.1,1,2129,14,426,15,SDM-HS4,arc labels,,0.5376224248564674,0.013793103448275862,0.14285714285714285
Left,random,HTL,RTT,4,0.1,1,2129,14,426,15,SDM-HSsrc,arc labels,,0.5501519756838906,0.021739130434782608,0.14285714285714285
Left,random,HTL,RTT,4,0.1,1,2129,14,426,15,SDM-PCA,arc labels,32.0,0.5729483282674772,0.00881057268722467,0.5714285714285714
Left,random,HTL,RTT,4,0.2,1,2129,14,852,26,NoAdapt,nothing,,0.5326916582235731,0.00851063829787234,0.2857142857142857
Left,random,HTL,RTT,4,0.2,1,2129,14,852,26,TargetOnly,arc labels,,0.48652482269503544,0.0,0.0
Left,random,HTL,RTT,4,0.2,1,2129,14,852,26,Source+Target,arc labels,,0.5390408645727794,0.014388489208633094,0.14285714285714285
Left,random,HTL,RTT,4,0.2,1,2129,14,852,26,COT,arc labels,,0.5185072610604525,0.007547169811320755,0.2857142857142857
Left,random,HTL,RTT,4,0.2,1,2129,14,852,26,none-HS4,arc labels,,0.5362377575143533,0.008791208791208791,0.2857142857142857
Left,random,HTL,RTT,4,0.2,1,2129,14,852,26,none-HSsrc,nothing,,0.5302938196555218,0.011363636363636364,0.14285714285714285
Left,random,HTL,RTT,4,0.2,1,2129,14,852,26,none-PCA,arc segments,16.0,0.4797534616683553,0.00591016548463357,0.35714285714285715
Left,random,HTL,RTT,4,0.2,1,2129,14,852,26,QOTu-HS4,arc labels,,0.5407294832826748,0.009174311926605505,0.2857142857142857
Left,random,HTL,RTT,4,0.2,1,2129,14,852,26,QOTu-HSsrc,arc segments,,0.538838230327592,0.009009009009009009,0.2857142857142857
Left,random,HTL,RTT,4,0.2,1,2129,14,852,26,QOTu-PCA,arc segments,16.0,0.5527693346842283,0.012875536480686695,0.21428571428571427
Left,random,HTL,RTT,4,0.2,1,2129,14,852,26,QOTc-HS4,arc labels,,0.5350219520432287,0.01282051282051282,0.14285714285714285
Left,random,HTL,RTT,4,0.2,1,2129,14,852,26,QOTc-HSsrc,arc labels,,0.5522796352583587,0.024096385542168676,0.14285714285714285
Left,random,HTL,RTT,4,0.2,1,2129,14,852,26,QOTc-PCA,arc labels,64.0,0.49907125970955757,0.00641025641025641,0.07142857142857142
Left,random,HTL,RTT,4,0.2,1,2129,14,852,26,SDM-HS4,arc labels,,0.5177642688280986,0.008733624454148471,0.14285714285714285
Left,random,HTL,RTT,4,0.2,1,2129,14,852,26,SDM-HSsrc,arc labels,,0.551097602161432,0.022727272727272728,0.14285714285714285
Left,random,HTL,RTT,4,0.2,1,2129,14,852,26,SDM-PCA,arc labels,64.0,0.5555048969942586,0.0076495132127955496,0.7857142857142857
Left,random,HTL,RTT,4,0.3,1,2129,14,1278,38,NoAdapt,nothing,,0.5326916582235731,0.00851063829787234,0.2857142857142857
Left,random,HTL,RTT,4,0.3,1,2129,14,1278,38,TargetOnly,arc labels,,0.4862884160756501,0.0,0.0
Left,random,HTL,RTT,4,0.3,1,2129,14,1278,38,Source+Target,arc labels,,0.5362039851401553,0.013245033112582781,0.14285714285714285
Left,random,HTL,RTT,4,0.3,1,2129,14,1278,38,COT,arc labels,,0.4643532590341101,0.004942339373970346,0.21428571428571427
Left,random,HTL,RTT,4,0.3,1,2129,14,1278,38,none-HS4,arc labels,,0.5435663627152989,0.009433962264150943,0.2857142857142857
Left,random,HTL,RTT,4,0.3,1,2129,14,1278,38,none-HSsrc,nothing,,0.5302938196555218,0.011363636363636364,0.14285714285714285
Left,random,HTL,RTT,4,0.3,1,2129,14,1278,38,none-PCA,arc segments,16.0,0.4766801756163458,0.005820721769499418,0.35714285714285715
Left,random,HTL,RTT,4,0.3,1,2129,14,1278,38,QOTu-HS4,arc labels,,0.539547450185748,0.009070294784580499,0.2857142857142857
Left,random,HTL,RTT,4,0.3,1,2129,14,1278,38,QOTu-HSsrc,arc segments,,0.5419115163796016,0.009280742459396751,0.2857142857142857
Left,random,HTL,RTT,4,0.3,1,2129,14,1278,38,QOTu-PCA,arc segments,16.0,0.5515873015873015,0.012605042016806723,0.21428571428571427
Left,random,HTL,RTT,4,0.3,1,2129,14,1278,38,QOTc-HS4,arc labels,,0.5373860182370821,0.0136986301369863,0.14285714285714285
Left,random,HTL,RTT,4,0.3,1,2129,14,1278,38,QOTc-HSsrc,arc labels,,0.5522796352583587,0.024096385542168676,0.14285714285714285
Left,random,HTL,RTT,4,0.3,1,2129,14,1278,38,QOTc-PCA,arc labels,64.0,0.5534785545423843,0.013043478260869565,0.21428571428571427
Left,random,HTL,RTT,4,0.3,1,2129,14,1278,38,SDM-HS4,arc labels,,0.5406957109084769,0.015151515151515152,0.14285714285714285
Left,random,HTL,RTT,4,0.3,1,2129,14,1278,38,SDM-HSsrc,arc labels,,0.5544072948328267,0.02702702702702703,0.14285714285714285
Left,random,HTL,RTT,4,0.3,1,2129,14,1278,38,SDM-PCA,arc labels,64.0,0.5545254981425194,0.007908611599297012,0.6428571428571429
Left,random,HTL,RTT,4,0.5,1,2129,14,2106,56,NoAdapt,nothing,,0.5326916582235731,0.00851063829787234,0.2857142857142857
Left,random,HTL,RTT,4,0.5,1,2129,14,2106,56,TargetOnly,arc labels,,0.5130192502532929,0.010309278350515464,0.07142857142857142
Left,random,HTL,RTT,4,0.5,1,2129,14,2106,56,Source+Target,arc labels,,0.5508780817291455,0.012448132780082987,0.21428571428571427
Left,random,HTL,RTT,4,0.5,1,2129,14,2106,56,COT,arc labels,,0.4823370482944951,0.005856515373352855,0.2857142857142857
Left,random,HTL,RTT,4,0.5,1,2129,14,2106,56,none-HS4,arc labels,,0.5419115163796016,0.009280742459396751,0.2857142857142857
Left,random,HTL,RTT,4,0.5,1,2129,14,2106,56,none-HSsrc,nothing,,0.5302938196555218,0.011363636363636364,0.14285714285714285
Left,random,HTL,RTT,4,0.5,1,2129,14,2106,56,none-PCA,arc segments,16.0,0.47195204322863893,0.005688282138794084,0.35714285714285715
Left,random,HTL,RTT,4,0.5,1,2129,14,2106,56,QOTu-HS4,arc labels,,0.5608409321175278,0.009940357852882704,0.35714285714285715
Left,random,HTL,RTT,4,0.5,1,2129,14,2106,56,QOTu-HSsrc,arc segments,,0.538838230327592,0.009009009009009009,0.2857142857142857
Left,random,HTL,RTT,4,0.5,1,2129,14,2106,56,QOTu-PCA,arc segments,16.0,0.5537149611617697,0.013100436681222707,0.21428571428571427
Left,random,HTL,RTT,4,0.5,1,2129,14,2106,56,QOTc-HS4,arc labels,,0.5354947652819994,0.012987012987012988,0.14285714285714285
Left,random,HTL,RTT,4,0.5,1,2129,14,2106,56,QOTc-HSsrc,arc labels,,0.5522796352583587,0.024096385542168676,0.14285714285714285
Left,random,HTL,RTT,4,0.5,1,2129,14,2106,56,QOTc-PCA,arc labels,64.0,0.5127997298210064,0.008,0.14285714285714285
Left,random,HTL,RTT,4,0.5,1,2129,14,2106,56,SDM-HS4,arc labels,,0.5468422830124958,0.018867924528301886,0.14285714285714285
Left,random,HTL,RTT,4,0.5,1,2129,14,2106,56,SDM-HSsrc,arc labels,,0.5555893279297535,0.028985507246376812,0.14285714285714285
Left,random,HTL,RTT,4,0.5,1,2129,14,2106,56,SDM-PCA,arc labels,64.0,0.5854947652819993,0.00893743793445879,0.6428571428571429
Left,random,HTL,RTT,5,0.05,1,2129,26,213,6,NoAdapt,nothing,,0.6063956252971945,0.02106969205834684,0.5
Left,random,HTL,RTT,5,0.05,1,2129,26,213,6,TargetOnly,arc labels,,0.47783386371118186,0.007782101167315175,0.07692307692307693
Left,random,HTL,RTT,5,0.05,1,2129,26,213,6,Source+Target,arc labels,,0.5683090091078679,0.029411764705882353,0.23076923076923078
Left,random,HTL,RTT,5,0.05,1,2129,26,213,6,COT,arc labels,,0.4742309521196825,0.010999083409715857,0.46153846153846156
Left,random,HTL,RTT,5,0.05,1,2129,26,213,6,none-HS4,arc labels,,0.6581440433080947,0.024806201550387597,0.6153846153846154
Left,random,HTL,RTT,5,0.05,1,2129,26,213,6,none-HSsrc,nothing,,0.662981455064194,0.03430079155672823,0.5
Left,random,HTL,RTT,5,0.05,1,2129,26,213,6,none-PCA,arc segments,16.0,0.5564120852993891,0.015136226034308779,0.5769230769230769
Left,random,HTL,RTT,5,0.05,1,2129,26,213,6,QOTu-HS4,arc labels,,0.6933318702220271,0.03219315895372234,0.6153846153846154
Left,random,HTL,RTT,5,0.05,1,2129,26,213,6,QOTu-HSsrc,arc segments,,0.6603387102673836,0.029661016949152543,0.5384615384615384
Left,random,HTL,RTT,5,0.05,1,2129,26,213,6,QOTu-PCA,arc segments,16.0,0.6593876879183584,0.029411764705882353,0.5384615384615384
Left,random,HTL,RTT,5,0.05,1,2129,26,213,6,QOTc-HS4,arc labels,,0.5752039211383007,0.03428571428571429,0.23076923076923078
Left,random,HTL,RTT,5,0.05,1,2129,26,213,6,QOTc-HSsrc,arc labels,,0.6635118329126888,0.051643192488262914,0.4230769230769231
Left,random,HTL,RTT,5,0.05,1,2129,26,213,6,QOTc-PCA,arc labels,64.0,0.4926021434580636,0.008849557522123894,0.038461538461538464
Left,random,HTL,RTT,5,0.05,1,2129,26,213,6,SDM-HS4,arc labels,,0.6276381725739786,0.03546099290780142,0.38461538461538464
Left,random,HTL,RTT,5,0.05,1,2129,26,213,6,SDM-HSsrc,arc labels,,0.6639599107502103,0.040955631399317405,0.46153846153846156
Left,random,HTL,RTT,5,0.05,1,2129,26,213,6,SDM-PCA,arc labels,16.0,0.5029810892863675,0.012698412698412698,0.15384615384615385
Left,random,HTL,RTT,5,0.1,1,2129,26,426,8,NoAdapt,nothing,,0.6063956252971945,0.02106969205834684,0.5
Left,random,HTL,RTT,5,0.1,1,2129,26,426,8,TargetOnly,arc labels,,0.47334394089030324,0.005154639175257732,0.038461538461538464
Left,random,HTL,RTT,5,0.1,1,2129,26,426,8,Source+Target,arc labels,,0.5754416767255569,0.034482758620689655,0.23076923076923078
Left,random,HTL,RTT,5,0.1,1,2129,26,426,8,COT,arc labels,,0.48287245327188266,0.011124845488257108,0.34615384615384615
Left,random,HTL,RTT,5,0.1,1,2129,26,426,8,none-HS4,arc labels,,0.6595705768316324,0.025039123630672927,0.6153846153846154
Left,random,HTL,RTT,5,0.1,1,2129,26,426,8,none-HSsrc,nothing,,0.662981455064194,0.03430079155672823,0.5
Left,random,HTL,RTT,5,0.1,1,2129,26,426,8,none-PCA,arc segments,16.0,0.5542722850140824,0.015,0.5769230769230769
Left,random,HTL,RTT,5,0.1,1,2129,26,426,8,QOTu-HS4,arc labels,,0.6919053366984893,0.03180914512922465,0.6153846153846154
Left,random,HTL,RTT,5,0.1,1,2129,26,426,8,QOTu-HSsrc,arc segments,,0.6603387102673836,0.029661016949152543,0.5384615384615384
Left,random,HTL,RTT,5,0.1,1,2129,26,426,8,QOTu-PCA,arc segments,16.0,0.6581989099820769,0.029106029106029108,0.5384615384615384
Left,random,HTL,RTT,5,0.1,1,2129,26,426,8,QOTc-HS4,arc labels,,0.6081970810929442,0.04,0.3076923076923077
Left,random,HTL,RTT,5,0.1,1,2129,26,426,8,QOTc-HSsrc,arc labels,,0.6526025092358901,0.05649717514124294,0.38461538461538464
Left,random,HTL,RTT,5,0.1,1,2129,26,426,8,QOTc-PCA,arc labels,64.0,0.47688284136215664,0.007662835249042145,0.07692307692307693
Left,random,HTL,RTT,5,0.1,1,2129,26,426,8,SDM-HS4,arc labels,,0.6209810161308021,0.03225806451612903,0.38461538461538464
Left,random,HTL,RTT,5,0.1,1,2129,26,426,8,SDM-HSsrc,arc labels,,0.6480577197410293,0.039568345323741004,0.4230769230769231
Left,random,HTL,RTT,5,0.1,1,2129,26,426,8,SDM-PCA,arc labels,16.0,0.4719905629320751,0.010130246020260492,0.2692307692307692
Left,random,HTL,RTT,5,0.2,1,2129,26,852,15,NoAdapt,nothing,,0.6063956252971945,0.02106969205834684,0.5
Left,random,HTL,RTT,5,0.2,1,2129,26,852,15,TargetOnly,arc labels,,0.5229799919528878,0.020134228187919462,0.11538461538461539
Left,random,HTL,RTT,5,0.2,1,2129,26,852,15,Source+Target,arc labels,,0.5668824755843301,0.02857142857142857,0.23076923076923078
Left,random,HTL,RTT,5,0.2,1,2129,26,852,15,COT,arc labels,,0.45209224916785545,0.010268562401263823,0.5
Left,random,HTL,RTT,5,0.2,1,2129,26,852,15,none-HS4,arc labels,,0.6676542667983467,0.026446280991735537,0.6153846153846154
Left,random,HTL,RTT,5,0.2,1,2129,26,852,15,none-HSsrc,nothing,,0.662981455064194,0.03430079155672823,0.5
Left,random,HTL,RTT,5,0.2,1,2129,26,852,15,none-PCA,arc segments,16.0,0.5542722850140824,0.015,0.5769230769230769
Left,random,HTL,RTT,5,0.2,1,2129,26,852,15,QOTu-HS4,arc labels,,0.6857236914298255,0.030245746691871456,0.6153846153846154
Left,random,HTL,RTT,5,0.2,1,2129,26,852,15,QOTu-HSsrc,arc segments,,0.659863199092871,0.029535864978902954,0.5384615384615384
Left,random,HTL,RTT,5,0.2,1,2129,26,852,15,QOTu-PCA,arc segments,16.0,0.6365631515417536,0.024475524475524476,0.5384615384615384
Left,random,HTL,RTT,5,0.2,1,2129,26,852,15,QOTc-HS4,arc labels,,0.6094132923662168,0.061946902654867256,0.2692307692307692
Left,random,HTL,RTT,5,0.2,1,2129,26,852,15,QOTc-HSsrc,arc labels,,0.6561688430447347,0.06172839506172839,0.38461538461538464
Left,random,HTL,RTT,5,0.2,1,2129,26,852,15,QOTc-PCA,arc labels,64.0,0.5305881707450895,0.02564102564102564,0.11538461538461539
Left,random,HTL,RTT,5,0.2,1,2129,26,852,15,SDM-HS4,arc labels,,0.6777223014740846,0.04100946372239748,0.5
Left,random,HTL,RTT,5,0.2,1,2129,26,852,15,SDM-HSsrc,arc labels,,0.686757013789824,0.04659498207885305,0.5
Left,random,HTL,RTT,5,0.2,1,2129,26,852,15,SDM-PCA,arc labels,32.0,0.5007041223161052,0.01226158038147139,0.34615384615384615
Left,random,HTL,RTT,5,0.3,1,2129,26,1278,24,NoAdapt,nothing,,0.6063956252971945,0.02106969205834684,0.5
Left,random,HTL,RTT,5,0.3,1,2129,26,1278,24,TargetOnly,arc labels,,0.5355810380774717,0.03125,0.11538461538461539
Left,random,HTL,RTT,5,0.3,1,2129,26,1278,24,Source+Target,arc labels,,0.5590365412048721,0.024691358024691357,0.23076923076923078
Left,random,HTL,RTT,5,0.3,1,2129,26,1278,24,COT,arc labels,,0.4666227733274809,0.01068566340160285,0.46153846153846156
Left,random,HTL,RTT,5,0.3,1,2129,26,1278,24,none-HS4,arc labels,,0.6681297779728593,0.026533996683250415,0.6153846153846154
Left,random,HTL,RTT,5,0.3,1,2129,26,1278,24,none-HSsrc,nothing,,0.662981455064194,0.03430079155672823,0.5
Left,random,HTL,RTT,5,0.3,1,2129,26,1278,24,none-PCA,arc segments,16.0,0.5532938293280661,0.014732965009208104,0.6153846153846154
Left,random,HTL,RTT,5,0.3,1,2129,26,1278,24,QOTu-HS4,arc labels,,0.6840594023190314,0.029850746268656716,0.6153846153846154
Left,random,HTL,RTT,5,0.3,1,2129,26,1278,24,QOTu-HSsrc,arc segments,,0.659863199092871,0.029535864978902954,0.5384615384615384
Left,random,HTL,RTT,5,0.3,1,2129,26,1278,24,QOTu-PCA,arc segments,16.0,0.6322835509711402,0.023728813559322035,0.5384615384615384
Left,random,HTL,RTT,5,0.3,1,2129,26,1278,24,QOTc-HS4,arc labels,,0.6115530926515235,0.0673076923076923,0.2692307692307692
Left,random,HTL,RTT,5,0.3,1,2129,26,1278,24,QOTc-HSsrc,arc labels,,0.6611617103771169,0.07092198581560284,0.38461538461538464
Left,random,HTL,RTT,5,0.3,1,2129,26,1278,24,QOTc-PCA,arc labels,64.0,0.5339167489666776,0.02912621359223301,0.11538461538461539
Left,random,HTL,RTT,5,0.3,1,2129,26,1278,24,SDM-HS4,arc labels,,0.6853304802662863,0.0456140350877193,0.5
Left,random,HTL,RTT,5,0.3,1,2129,26,1278,24,SDM-HSsrc,arc labels,,0.6767987124620506,0.0502092050209205,0.46153846153846156
Left,random,HTL,RTT,5,0.3,1,2129,26,1278,24,SDM-PCA,arc labels,64.0,0.5561743297121329,0.015120967741935484,0.5769230769230769
Left,random,HTL,RTT,5,0.5,1,2129,26,2106,44,NoAdapt,nothing,,0.6063956252971945,0.02106969205834684,0.5
Left,random,HTL,RTT,5,0.5,1,2129,26,2106,44,TargetOnly,arc labels,,0.5514832290866527,0.036036036036036036,0.15384615384615385
Left,random,HTL,RTT,5,0.5,1,2129,26,2106,44,Source+Target,arc labels,,0.5576100076813344,0.024096385542168676,0.23076923076923078
Left,random,HTL,RTT,5,0.5,1,2129,26,2106,44,COT,arc labels,,0.4355042247338966,0.00938566552901024,0.4230769230769231
Left,random,HTL,RTT,5,0.5,1,2129,26,2106,44,none-HS4,arc labels,,0.6681297779728593,0.026533996683250415,0.6153846153846154
Left,random,HTL,RTT,5,0.5,1,2129,26,2106,44,none-HSsrc,nothing,,0.662981455064194,0.03430079155672823,0.5
Left,random,HTL,RTT,5,0.5,1,2129,26,2106,44,none-PCA,arc segments,16.0,0.5532938293280661,0.014732965009208104,0.6153846153846154
Left,random,HTL,RTT,5,0.5,1,2129,26,2106,44,QOTu-HS4,arc labels,,0.6861992026043382,0.030360531309297913,0.6153846153846154
Left,random,HTL,RTT,5,0.5,1,2129,26,2106,44,QOTu-HSsrc,arc segments,,0.6620029993781777,0.030107526881720432,0.5384615384615384
Left,random,HTL,RTT,5,0.5,1,2129,26,2106,44,QOTu-PCA,arc segments,16.0,0.6327590621456527,0.023809523809523808,0.5384615384615384
Left,random,HTL,RTT,5,0.5,1,2129,26,2106,44,QOTc-HS4,arc labels,,0.6060847141446285,0.05511811023622047,0.2692307692307692
Left,random,HTL,RTT,5,0.5,1,2129,26,2106,44,QOTc-HSsrc,arc labels,,0.655693331870222,0.06097560975609756,0.38461538461538464
Left,random,HTL,RTT,5,0.5,1,2129,26,2106,44,QOTc-PCA,arc labels,64.0,0.5483649731153297,0.024271844660194174,0.19230769230769232
Left,random,HTL,RTT,5,0.5,1,2129,26,2106,44,SDM-HS4,arc labels,,0.6964775595303412,0.04375,0.5384615384615384
Left,random,HTL,RTT,5,0.5,1,2129,26,2106,44,SDM-HSsrc,arc labels,,0.6881835473133618,0.047619047619047616,0.5
Left,random,HTL,RTT,5,0.5,1,2129,26,2106,44,SDM-PCA,arc labels,64.0,0.5341727934452614,0.01453104359313078,0.4230769230769231
Left,random,HTL,RTT,6,0.05,0,2129,36,213,0,NoAdapt,nothing,,0.6014094601051123,0.028125,0.5
Left,random,HTL,RTT,6,0.05,0,2129,36,213,0,TargetOnly,arc labels,,,,
Left,random,HTL,RTT,6,0.05,0,2129,36,213,0,Source+Target,arc labels,,,,
Left,random,HTL,RTT,6,0.05,0,2129,36,213,0,COT,arc labels,,,,
Left,random,HTL,RTT,6,0.05,0,2129,36,213,0,none-HS4,arc labels,,,,
Left,random,HTL,RTT,6,0.05,0,2129,36,213,0,none-HSsrc,nothing,,0.6386433614694484,0.04,0.4722222222222222
Left,random,HTL,RTT,6,0.05,0,2129,36,213,0,none-PCA,arc segments,64.0,0.5237033497903063,0.018890200708382526,0.4444444444444444
Left,random,HTL,RTT,6,0.05,0,2129,36,213,0,QOTu-HS4,arc labels,,,,
Left,random,HTL,RTT,6,0.05,0,2129,36,213,0,QOTu-HSsrc,arc segments,,0.6340712427668949,0.04155844155844156,0.4444444444444444
Left,random,HTL,RTT,6,0.05,0,2129,36,213,0,QOTu-PCA,arc segments,64.0,0.5602205765249244,0.023622047244094488,0.4166666666666667
Left,random,HTL,RTT,6,0.05,0,2129,36,213,0,QOTc-HS4,arc labels,,,,
Left,random,HTL,RTT,6,0.05,0,2129,36,213,0,QOTc-HSsrc,arc labels,,,,
Left,random,HTL,RTT,6,0.05,0,2129,36,213,0,QOTc-PCA,arc labels,,,,
Left,random,HTL,RTT,6,0.05,0,2129,36,213,0,SDM-HS4,arc labels,,,,
Left,random,HTL,RTT,6,0.05,0,2129,36,213,0,SDM-HSsrc,arc labels,,,,
Left,random,HTL,RTT,6,0.05,0,2129,36,213,0,SDM-PCA,arc labels,,,,
Left,random,HTL,RTT,6,0.1,1,2129,36,426,4,NoAdapt,nothing,,0.6014094601051123,0.028125,0.5
Left,random,HTL,RTT,6,0.1,1,2129,36,426,4,TargetOnly,arc labels,,0.5914888251844774,0.22580645161290322,0.19444444444444445
Left,random,HTL,RTT,6,0.1,1,2129,36,426,4,Source+Target,arc labels,,0.5664052131443436,0.051470588235294115,0.19444444444444445
Left,random,HTL,RTT,6,0.1,1,2129,36,426,4,COT,arc labels,,0.5178106917237352,0.024691358024691357,0.1111111111111111
Left,random,HTL,RTT,6,0.1,1,2129,36,426,4,none-HS4,arc labels,,0.6761426978818283,0.03519061583577713,0.6666666666666666
Left,random,HTL,RTT,6,0.1,1,2129,36,426,4,none-HSsrc,nothing,,0.6386433614694484,0.04,0.4722222222222222
Left,random,HTL,RTT,6,0.1,1,2129,36,426,4,none-PCA,arc segments,64.0,0.5237033497903063,0.018890200708382526,0.4444444444444444
Left,random,HTL,RTT,6,0.1,1,2129,36,426,4,QOTu-HS4,arc labels,,0.6652930402930404,0.038181818181818185,0.5833333333333334
Left,random,HTL,RTT,6,0.1,1,2129,36,426,4,QOTu-HSsrc,arc segments,,0.6398378191856453,0.04047619047619048,0.4722222222222222
Left,random,HTL,RTT,6,0.1,1,2129,36,426,4,QOTu-PCA,arc segments,64.0,0.5616539257843606,0.02384737678855326,0.4166666666666667
Left,random,HTL,RTT,6,0.1,1,2129,36,426,4,QOTc-HS4,arc labels,,0.6048999309868874,0.23529411764705882,0.2222222222222222
Left,random,HTL,RTT,6,0.1,1,2129,36,426,4,QOTc-HSsrc,arc labels,,0.5998832085788608,0.14545454545454545,0.2222222222222222
Left,random,HTL,RTT,6,0.1,1,2129,36,426,4,QOTc-PCA,arc labels,32.0,0.5364110527154006,0.12,0.08333333333333333
Left,random,HTL,RTT,6,0.1,1,2129,36,426,4,SDM-HS4,arc labels,,0.5917277167277167,0.23333333333333334,0.19444444444444445
Left,random,HTL,RTT,6,0.1,1,2129,36,426,4,SDM-HSsrc,arc labels,,0.5998832085788608,0.14545454545454545,0.2222222222222222
Left,random,HTL,RTT,6,0.1,1,2129,36,426,4,SDM-PCA,arc labels,8.0,0.530916547220895,0.0625,0.08333333333333333
Left,random,HTL,RTT,6,0.2,1,2129,36,852,11,NoAdapt,nothing,,0.6014094601051123,0.028125,0.5
Left,random,HTL,RTT,6,0.2,1,2129,36,852,11,TargetOnly,arc labels,,0.5960609438870308,0.11267605633802817,0.2222222222222222
Left,random,HTL,RTT,6,0.2,1,2129,36,852,11,Source+Target,arc labels,,0.5611827785740829,0.03686635944700461,0.2222222222222222
Left,random,HTL,RTT,6,0.2,1,2129,36,852,11,COT,arc labels,,0.500703402877316,0.01696969696969697,0.3888888888888889
Left,random,HTL,RTT,6,0.2,1,2129,36,852,11,none-HS4,arc labels,,0.6991094654138132,0.03875968992248062,0.6944444444444444
Left,random,HTL,RTT,6,0.2,1,2129,36,852,11,none-HSsrc,nothing,,0.6386433614694484,0.04,0.4722222222222222
Left,random,HTL,RTT,6,0.2,1,2129,36,852,11,none-PCA,arc segments,64.0,0.5237033497903063,0.018890200708382526,0.4444444444444444
Left,random,HTL,RTT,6,0.2,1,2129,36,852,11,QOTu-HS4,arc labels,,0.6573432606041302,0.04086021505376344,0.5277777777777778
Left,random,HTL,RTT,6,0.2,1,2129,36,852,11,QOTu-HSsrc,arc segments,,0.6309988320857887,0.037199124726477024,0.4722222222222222
Left,random,HTL,RTT,6,0.2,1,2129,36,852,11,QOTu-PCA,arc segments,32.0,0.6471372830068483,0.03354632587859425,0.5833333333333334
Left,random,HTL,RTT,6,0.2,1,2129,36,852,11,QOTc-HS4,arc labels,,0.6317553219727132,0.1111111111111111,0.3055555555555556
Left,random,HTL,RTT,6,0.2,1,2129,36,852,11,QOTc-HSsrc,arc labels,,0.6418551255507777,0.07428571428571429,0.3611111111111111
Left,random,HTL,RTT,6,0.2,1,2129,36,852,11,QOTc-PCA,arc labels,64.0,0.5539496735148909,0.046511627906976744,0.16666666666666666
Left,random,HTL,RTT,6,0.2,1,2129,36,852,11,SDM-HS4,arc labels,,0.6327772469076817,0.06103286384976526,0.3611111111111111
Left,random,HTL,RTT,6,0.2,1,2129,36,852,11,SDM-HSsrc,arc labels,,0.6287160906726124,0.05652173913043478,0.3611111111111111
Left,random,HTL,RTT,6,0.2,1,2129,36,852,11,SDM-PCA,arc labels,32.0,0.5379439401178532,0.030612244897959183,0.16666666666666666
Left,random,HTL,RTT,6,0.3,1,2129,36,1278,19,NoAdapt,nothing,,0.6014094601051123,0.028125,0.5
Left,random,HTL,RTT,6,0.3,1,2129,36,1278,19,TargetOnly,arc labels,,0.5898497637628073,0.08247422680412371,0.2222222222222222
Left,random,HTL,RTT,6,0.3,1,2129,36,1278,19,Source+Target,arc labels,,0.5621383447470404,0.03755868544600939,0.2222222222222222
Left,random,HTL,RTT,6,0.3,1,2129,36,1278,19,COT,arc labels,,0.4992700536178797,0.01684717208182912,0.3888888888888889
Left,random,HTL,RTT,6,0.3,1,2129,36,1278,19,none-HS4,arc labels,,0.7137150289324202,0.04043545878693624,0.7222222222222222
Left,random,HTL,RTT,6,0.3,1,2129,36,1278,19,none-HSsrc,nothing,,0.6386433614694484,0.04,0.4722222222222222
Left,random,HTL,RTT,6,0.3,1,2129,36,1278,19,none-PCA,arc segments,64.0,0.5237033497903063,0.018890200708382526,0.4444444444444444
Left,random,HTL,RTT,6,0.3,1,2129,36,1278,19,QOTu-HS4,arc labels,,0.6717099325794977,0.04310344827586207,0.5555555555555556
Left,random,HTL,RTT,6,0.3,1,2129,36,1278,19,QOTu-HSsrc,arc segments,,0.6391211445559272,0.04018912529550828,0.4722222222222222
Left,random,HTL,RTT,6,0.3,1,2129,36,1278,19,QOTu-PCA,arc segments,64.0,0.5568760949195732,0.023112480739599383,0.4166666666666667
Left,random,HTL,RTT,6,0.3,1,2129,36,1278,19,QOTc-HS4,arc labels,,0.6487498009237139,0.13793103448275862,0.3333333333333333
Left,random,HTL,RTT,6,0.3,1,2129,36,1278,19,QOTc-HSsrc,arc labels,,0.6566664012316186,0.11504424778761062,0.3611111111111111
Left,random,HTL,RTT,6,0.3,1,2129,36,1278,19,QOTc-PCA,arc labels,64.0,0.5836385836385836,0.06504065040650407,0.2222222222222222
Left,random,HTL,RTT,6,0.3,1,2129,36,1278,19,SDM-HS4,arc labels,,0.6375882571534746,0.05555555555555555,0.3888888888888889
Left,random,HTL,RTT,6,0.3,1,2129,36,1278,19,SDM-HSsrc,arc labels,,0.6497385464776769,0.09154929577464789,0.3611111111111111
Left,random,HTL,RTT,6,0.3,1,2129,36,1278,19,SDM-PCA,arc labels,32.0,0.5421378138769444,0.024096385542168676,0.2777777777777778
Left,random,HTL,RTT,6,0.5,1,2129,36,2106,34,NoAdapt,nothing,,0.6014094601051123,0.028125,0.5
Left,random,HTL,RTT,6,0.5,1,2129,36,2106,34,TargetOnly,arc labels,,0.5515275787014917,0.0625,0.1388888888888889
Left,random,HTL,RTT,6,0.5,1,2129,36,2106,34,Source+Target,arc labels,,0.5561660561660562,0.03361344537815126,0.2222222222222222
Left,random,HTL,RTT,6,0.5,1,2129,36,2106,34,COT,arc labels,,0.48968121250729946,0.01600985221674877,0.3611111111111111
Left,random,HTL,RTT,6,0.5,1,2129,36,2106,34,none-HS4,arc labels,,0.7129983543027021,0.04024767801857585,0.7222222222222222
Left,random,HTL,RTT,6,0.5,1,2129,36,2106,34,none-HSsrc,nothing,,0.6386433614694484,0.04,0.4722222222222222
Left,random,HTL,RTT,6,0.5,1,2129,36,2106,34,none-PCA,arc segments,64.0,0.5237033497903063,0.018890200708382526,0.4444444444444444
Left,random,HTL,RTT,6,0.5,1,2129,36,2106,34,QOTu-HS4,arc labels,,0.672426607209216,0.04338394793926247,0.5555555555555556
Left,random,HTL,RTT,6,0.5,1,2129,36,2106,34,QOTu-HSsrc,arc segments,,0.6391211445559272,0.04018912529550828,0.4722222222222222
Left,random,HTL,RTT,6,0.5,1,2129,36,2106,34,QOTu-PCA,arc segments,64.0,0.5623706004140787,0.023961661341853034,0.4166666666666667
Left,random,HTL,RTT,6,0.5,1,2129,36,2106,34,QOTc-HS4,arc labels,,0.6226442639486118,0.1282051282051282,0.2777777777777778
Left,random,HTL,RTT,6,0.5,1,2129,36,2106,34,QOTc-HSsrc,arc labels,,0.658816425120773,0.125,0.3611111111111111
Left,random,HTL,RTT,6,0.5,1,2129,36,2106,34,QOTc-PCA,arc labels,64.0,0.569271911663216,0.056451612903225805,0.19444444444444445
Left,random,HTL,RTT,6,0.5,1,2129,36,2106,34,SDM-HS4,arc labels,,0.6408995593778203,0.07262569832402235,0.3611111111111111
Left,random,HTL,RTT,6,0.5,1,2129,36,2106,34,SDM-HSsrc,arc labels,,0.641377342464299,0.07344632768361582,0.3611111111111111
Left,random,HTL,RTT,6,0.5,1,2129,36,2106,34,SDM-PCA,arc labels,32.0,0.5224491691882996,0.021875,0.19444444444444445
Left,random,HTL,RTT,7,0.05,1,2129,35,213,2,NoAdapt,nothing,,0.5964046936826306,0.02526595744680851,0.5428571428571428
Left,random,HTL,RTT,7,0.05,1,2129,35,213,2,TargetOnly,arc labels,,0.5088211215718379,0.017316017316017316,0.34285714285714286
Left,random,HTL,RTT,7,0.05,1,2129,35,213,2,Source+Target,arc labels,,0.5905648792468277,0.043668122270742356,0.2857142857142857
Left,random,HTL,RTT,7,0.05,1,2129,35,213,2,COT,arc labels,,0.47089643880474824,0.01390644753476612,0.3142857142857143
Left,random,HTL,RTT,7,0.05,1,2129,35,213,2,none-HS4,arc labels,,0.6961659162232228,0.034210526315789476,0.7428571428571429
Left,random,HTL,RTT,7,0.05,1,2129,35,213,2,none-HSsrc,nothing,,0.6553827261563652,0.03762376237623762,0.5428571428571428
Left,random,HTL,RTT,7,0.05,1,2129,35,213,2,none-PCA,arc segments,8.0,0.6820780461181608,0.031746031746031744,0.7428571428571429
Left,random,HTL,RTT,7,0.05,1,2129,35,213,2,QOTu-HS4,arc labels,,0.632937644972029,0.03171953255425709,0.5428571428571428
Left,random,HTL,RTT,7,0.05,1,2129,35,213,2,QOTu-HSsrc,arc segments,,0.6562969027152408,0.03558718861209965,0.5714285714285714
Left,random,HTL,RTT,7,0.05,1,2129,35,213,2,QOTu-PCA,arc segments,16.0,0.7172601992086233,0.04363636363636364,0.6857142857142857
Left,random,HTL,RTT,7,0.05,1,2129,35,213,2,QOTc-HS4,arc labels,,0.5723768590530769,0.030054644808743168,0.3142857142857143
Left,random,HTL,RTT,7,0.05,1,2129,35,213,2,QOTc-HSsrc,arc labels,,0.6524014190203302,0.04776119402985075,0.45714285714285713
Left,random,HTL,RTT,7,0.05,1,2129,35,213,2,QOTc-PCA,arc labels,32.0,0.5214422158548233,0.020833333333333332,0.2
Left,random,HTL,RTT,7,0.05,1,2129,35,213,2,SDM-HS4,arc labels,,0.5792604720971484,0.03015075376884422,0.34285714285714286
Left,random,HTL,RTT,7,0.05,1,2129,35,213,2,SDM-HSsrc,arc labels,,0.5806931368535952,0.030612244897959183,0.34285714285714286
Left,random,HTL,RTT,7,0.05,1,2129,35,213,2,SDM-PCA,arc labels,16.0,0.5477077363896848,0.030973451327433628,0.2
Left,random,HTL,RTT,7,0.1,1,2129,35,426,4,NoAdapt,nothing,,0.5964046936826306,0.02526595744680851,0.5428571428571428
Left,random,HTL,RTT,7,0.1,1,2129,35,426,4,TargetOnly,arc labels,,0.45426388320371125,0.012178619756427604,0.2571428571428571
Left,random,HTL,RTT,7,0.1,1,2129,35,426,4,Source+Target,arc labels,,0.567962887160595,0.039603960396039604,0.22857142857142856
Left,random,HTL,RTT,7,0.1,1,2129,35,426,4,COT,arc labels,,0.41729431027425296,0.009603841536614645,0.22857142857142856
Left,random,HTL,RTT,7,0.1,1,2129,35,426,4,none-HS4,arc labels,,0.6904352571974348,0.03316326530612245,0.7428571428571429
Left,random,HTL,RTT,7,0.1,1,2129,35,426,4,none-HSsrc,nothing,,0.6553827261563652,0.03762376237623762,0.5428571428571428
Left,random,HTL,RTT,7,0.1,1,2129,35,426,4,none-PCA,arc segments,4.0,0.6909946786737617,0.03636363636363636,0.6857142857142857
Left,random,HTL,RTT,7,0.1,1,2129,35,426,4,QOTu-HS4,arc labels,,0.6620275617410287,0.03717472118959108,0.5714285714285714
Left,random,HTL,RTT,7,0.1,1,2129,35,426,4,QOTu-HSsrc,arc segments,,0.6562969027152408,0.03558718861209965,0.5714285714285714
Left,random,HTL,RTT,7,0.1,1,2129,35,426,4,QOTu-PCA,arc segments,16.0,0.7320234684131532,0.04553734061930783,0.7142857142857143
Left,random,HTL,RTT,7,0.1,1,2129,35,426,4,QOTc-HS4,arc labels,,0.634138354482194,0.056768558951965066,0.37142857142857144
Left,random,HTL,RTT,7,0.1,1,2129,35,426,4,QOTc-HSsrc,arc labels,,0.653076818119798,0.043256997455470736,0.4857142857142857
Left,random,HTL,RTT,7,0.1,1,2129,35,426,4,QOTc-PCA,arc labels,64.0,0.5240687679083095,0.021538461538461538,0.2
Left,random,HTL,RTT,7,0.1,1,2129,35,426,4,SDM-HS4,arc labels,,0.5551030154182017,0.023214285714285715,0.37142857142857144
Left,random,HTL,RTT,7,0.1,1,2129,35,426,4,SDM-HSsrc,arc labels,,0.6126074498567335,0.03684210526315789,0.4
Left,random,HTL,RTT,7,0.1,1,2129,35,426,4,SDM-PCA,arc labels,16.0,0.5534383954154728,0.034653465346534656,0.2
Left,random,HTL,RTT,7,0.2,1,2129,35,852,15,NoAdapt,nothing,,0.5964046936826306,0.02526595744680851,0.5428571428571428
Left,random,HTL,RTT,7,0.2,1,2129,35,852,15,TargetOnly,arc labels,,0.5703097284759175,0.03557312252964427,0.2571428571428571
Left,random,HTL,RTT,7,0.2,1,2129,35,852,15,Source+Target,arc labels,,0.5684404420794106,0.04,0.22857142857142856
Left,random,HTL,RTT,7,0.2,1,2129,35,852,15,COT,arc labels,,0.47050075044344386,0.013412816691505217,0.2571428571428571
Left,random,HTL,RTT,7,0.2,1,2129,35,852,15,none-HS4,arc labels,,0.6968822486014463,0.034346103038309116,0.7428571428571429
Left,random,HTL,RTT,7,0.2,1,2129,35,852,15,none-HSsrc,nothing,,0.6553827261563652,0.03762376237623762,0.5428571428571428
Left,random,HTL,RTT,7,0.2,1,2129,35,852,15,none-PCA,arc segments,8.0,0.6792536498840224,0.032467532467532464,0.7142857142857143
Left,random,HTL,RTT,7,0.2,1,2129,35,852,15,QOTu-HS4,arc labels,,0.6632214490380679,0.0375234521575985,0.5714285714285714
Left,random,HTL,RTT,7,0.2,1,2129,35,852,15,QOTu-HSsrc,arc segments,,0.6603561195251739,0.03669724770642202,0.5714285714285714
Left,random,HTL,RTT,7,0.2,1,2129,35,852,15,QOTu-PCA,arc segments,16.0,0.735127575385455,0.04664179104477612,0.7142857142857143
Left,random,HTL,RTT,7,0.2,1,2129,35,852,15,QOTc-HS4,arc labels,,0.6315118024287079,0.05416666666666667,0.37142857142857144
Left,random,HTL,RTT,7,0.2,1,2129,35,852,15,QOTc-HSsrc,arc labels,,0.6590871878837494,0.05211726384364821,0.45714285714285713
Left,random,HTL,RTT,7,0.2,1,2129,35,852,15,QOTc-PCA,arc labels,32.0,0.4990790012279983,0.016233766233766232,0.14285714285714285
Left,random,HTL,RTT,7,0.2,1,2129,35,852,15,SDM-HS4,arc labels,,0.6147973802701596,0.041935483870967745,0.37142857142857144
Left,random,HTL,RTT,7,0.2,1,2129,35,852,15,SDM-HSsrc,arc labels,,0.6538750170555327,0.055970149253731345,0.42857142857142855
Left,random,HTL,RTT,7,0.2,1,2129,35,852,15,SDM-PCA,arc labels,32.0,0.4830809114476736,0.013333333333333334,0.14285714285714285
Left,random,HTL,RTT,7,0.3,1,2129,35,1278,25,NoAdapt,nothing,,0.5964046936826306,0.02526595744680851,0.5428571428571428
Left,random,HTL,RTT,7,0.3,1,2129,35,1278,25,TargetOnly,arc labels,,0.577193341519989,0.03508771929824561,0.2857142857142857
Left,random,HTL,RTT,7,0.3,1,2129,35,1278,25,Source+Target,arc labels,,0.5924750989220904,0.04524886877828054,0.2857142857142857
Left,random,HTL,RTT,7,0.3,1,2129,35,1278,25,COT,arc labels,,0.4665575112566517,0.013793103448275862,0.34285714285714286
Left,random,HTL,RTT,7,0.3,1,2129,35,1278,25,none-HS4,arc labels,,0.697359803520262,0.03443708609271523,0.7428571428571429
Left,random,HTL,RTT,7,0.3,1,2129,35,1278,25,none-HSsrc,nothing,,0.6553827261563652,0.03762376237623762,0.5428571428571428
Left,random,HTL,RTT,7,0.3,1,2129,35,1278,25,none-PCA,arc segments,16.0,0.574553145040251,0.021442495126705652,0.6285714285714286
Left,random,HTL,RTT,7,0.3,1,2129,35,1278,25,QOTu-HS4,arc labels,,0.7032132623823169,0.041970802919708027,0.6571428571428571
Left,random,HTL,RTT,7,0.3,1,2129,35,1278,25,QOTu-HSsrc,arc segments,,0.6584458998499113,0.03616636528028933,0.5714285714285714
Left,random,HTL,RTT,7,0.3,1,2129,35,1278,25,QOTu-PCA,arc segments,64.0,0.6076681675535544,0.027950310559006212,0.5142857142857142
Left,random,HTL,RTT,7,0.3,1,2129,35,1278,25,QOTc-HS4,arc labels,,0.6517260199208623,0.05415162454873646,0.42857142857142855
Left,random,HTL,RTT,7,0.3,1,2129,35,1278,25,QOTc-HSsrc,arc labels,,0.6529199072179015,0.05514705882352941,0.42857142857142855
Left,random,HTL,RTT,7,0.3,1,2129,35,1278,25,QOTc-PCA,arc labels,64.0,0.5457156501569109,0.025280898876404494,0.2571428571428571
Left,random,HTL,RTT,7,0.3,1,2129,35,1278,25,SDM-HS4,arc labels,,0.639309592031655,0.04559270516717325,0.42857142857142855
Left,random,HTL,RTT,7,0.3,1,2129,35,1278,25,SDM-HSsrc,arc labels,,0.6643812252694774,0.06696428571428571,0.42857142857142855
Left,random,HTL,RTT,7,0.3,1,2129,35,1278,25,SDM-PCA,arc labels,32.0,0.5273297857825079,0.020785219399538105,0.2571428571428571
Left,random,HTL,RTT,7,0.5,1,2129,35,2118,35,NoAdapt,nothing,,0.5964046936826306,0.02526595744680851,0.5428571428571428
Left,random,HTL,RTT,7,0.5,1,2129,35,2118,35,TargetOnly,arc labels,,0.5998362668849775,0.043824701195219126,0.3142857142857143
Left,random,HTL,RTT,7,0.5,1,2129,35,2118,35,Source+Target,arc labels,,0.577193341519989,0.03508771929824561,0.2857142857142857
Left,random,HTL,RTT,7,0.5,1,2129,35,2118,35,COT,arc labels,,0.5147428025651521,0.01736745886654479,0.5428571428571428
Left,random,HTL,RTT,7,0.5,1,2129,35,2118,35,none-HS4,arc labels,,0.7114067403465685,0.035667107001321,0.7714285714285715
Left,random,HTL,RTT,7,0.5,1,2129,35,2118,35,none-HSsrc,nothing,,0.6553827261563652,0.03762376237623762,0.5428571428571428
Left,random,HTL,RTT,7,0.5,1,2129,35,2118,35,none-PCA,arc segments,16.0,0.5762245872561058,0.021589793915603533,0.6285714285714286
Left,random,HTL,RTT,7,0.5,1,2129,35,2118,35,QOTu-HS4,arc labels,,0.6958111611406741,0.039723661485319514,0.6571428571428571
Left,random,HTL,RTT,7,0.5,1,2129,35,2118,35,QOTu-HSsrc,arc segments,,0.6562969027152408,0.03558718861209965,0.5714285714285714
Left,random,HTL,RTT,7,0.5,1,2129,35,2118,35,QOTu-PCA,arc segments,16.0,0.7055601036976396,0.04006677796327212,0.6857142857142857
Left,random,HTL,RTT,7,0.5,1,2129,35,2118,35,QOTc-HS4,arc labels,,0.6369627507163325,0.050359712230215826,0.4
Left,random,HTL,RTT,7,0.5,1,2129,35,2118,35,QOTc-HSsrc,arc labels,,0.6541137945149407,0.056179775280898875,0.42857142857142855
Left,random,HTL,RTT,7,0.5,1,2129,35,2118,35,QOTc-PCA,arc labels,64.0,0.5690339746213672,0.02894736842105263,0.3142857142857143
Left,random,HTL,RTT,7,0.5,1,2129,35,2118,35,SDM-HS4,arc labels,,0.6080706781279848,0.03508771929824561,0.4
Left,random,HTL,RTT,7,0.5,1,2129,35,2118,35,SDM-HSsrc,arc labels,,0.651207531723291,0.047058823529411764,0.45714285714285713
Left,random,HTL,RTT,7,0.5,1,2129,35,2118,35,SDM-PCA,arc labels,32.0,0.5458725610588075,0.023060796645702306,0.3142857142857143
Left,random,HTL,WRM,0,0.05,0,508,35,51,1,NoAdapt,nothing,,0.5059800664451828,0.07142857142857142,0.3142857142857143
Left,random,HTL,WRM,0,0.05,0,508,35,51,1,TargetOnly,arc labels,,,,
Left,random,HTL,WRM,0,0.05,0,508,35,51,1,Source+Target,arc labels,,,,
Left,random,HTL,WRM,0,0.05,0,508,35,51,1,COT,arc labels,,,,
Left,random,HTL,WRM,0,0.05,0,508,35,51,1,none-HS4,arc labels,,,,
Left,random,HTL,WRM,0,0.05,0,508,35,51,1,none-HSsrc,nothing,,0.5032316520688613,0.07272727272727272,0.11428571428571428
Left,random,HTL,WRM,0,0.05,0,508,35,51,1,none-PCA,arc segments,32.0,0.5610087586831772,0.09375,0.42857142857142855
Left,random,HTL,WRM,0,0.05,0,508,35,51,1,QOTu-HS4,arc labels,,,,
Left,random,HTL,WRM,0,0.05,0,508,35,51,1,QOTu-HSsrc,arc segments,,0.49112050739957713,0.06363636363636363,0.2
Left,random,HTL,WRM,0,0.05,0,508,35,51,1,QOTu-PCA,arc segments,32.0,0.48477801268498943,0.0603448275862069,0.2
Left,random,HTL,WRM,0,0.05,0,508,35,51,1,QOTc-HS4,arc labels,,,,
Left,random,HTL,WRM,0,0.05,0,508,35,51,1,QOTc-HSsrc,arc labels,,,,
Left,random,HTL,WRM,0,0.05,0,508,35,51,1,QOTc-PCA,arc labels,,,,
Left,random,HTL,WRM,0,0.05,0,508,35,51,1,SDM-HS4,arc labels,,,,
Left,random,HTL,WRM,0,0.05,0,508,35,51,1,SDM-HSsrc,arc labels,,,,
Left,random,HTL,WRM,0,0.05,0,508,35,51,1,SDM-PCA,arc labels,,,,
Left,random,HTL,WRM,0,0.1,1,508,35,102,2,NoAdapt,nothing,,0.5059800664451828,0.07142857142857142,0.3142857142857143
Left,random,HTL,WRM,0,0.1,1,508,35,102,2,TargetOnly,arc labels,,0.49948655995167623,0.06666666666666667,0.02857142857142857
Left,random,HTL,WRM,0,0.1,1,508,35,102,2,Source+Target,arc labels,,0.48945937783147087,0.05128205128205128,0.05714285714285714
Left,random,HTL,WRM,0,0.1,1,508,35,102,2,COT,arc labels,,0.5096043491392329,0.07692307692307693,0.17142857142857143
Left,random,HTL,WRM,0,0.1,1,508,35,102,2,none-HS4,arc labels,,0.5398369072787678,0.08609271523178808,0.37142857142857144
Left,random,HTL,WRM,0,0.1,1,508,35,102,2,none-HSsrc,nothing,,0.5032316520688613,0.07272727272727272,0.11428571428571428
Left,random,HTL,WRM,0,0.1,1,508,35,102,2,none-PCA,arc segments,16.0,0.5095741467834491,0.08163265306122448,0.11428571428571428
Left,random,HTL,WRM,0,0.1,1,508,35,102,2,QOTu-HS4,arc labels,,0.5165508909694956,0.0763888888888889,0.3142857142857143
Left,random,HTL,WRM,0,0.1,1,508,35,102,2,QOTu-HSsrc,arc segments,,0.49640591966173364,0.06666666666666667,0.2
Left,random,HTL,WRM,0,0.1,1,508,35,102,2,QOTu-PCA,arc segments,64.0,0.5344910903050437,0.09183673469387756,0.2571428571428571
Left,random,HTL,WRM,0,0.1,1,508,35,102,2,QOTc-HS4,arc labels,,0.49102990033222593,0.043478260869565216,0.02857142857142857
Left,random,HTL,WRM,0,0.1,1,508,35,102,2,QOTc-HSsrc,arc labels,,0.6446390818483843,0.116751269035533,0.6571428571428571
Left,random,HTL,WRM,0,0.1,1,508,35,102,2,QOTc-PCA,arc labels,32.0,0.5767743884022953,0.15517241379310345,0.2571428571428571
Left,random,HTL,WRM,0,0.1,1,508,35,102,2,SDM-HS4,arc labels,,0.5561763817577772,0.10869565217391304,0.2857142857142857
Left,random,HTL,WRM,0,0.1,1,508,35,102,2,SDM-HSsrc,arc labels,,0.6218967079432196,0.10784313725490197,0.6285714285714286
Left,random,HTL,WRM,0,0.1,1,508,35,102,2,SDM-PCA,arc labels,8.0,0.6266082754454847,0.12179487179487179,0.5428571428571428
Left,random,HTL,WRM,0,0.2,1,508,35,203,4,NoAdapt,nothing,,0.5059800664451828,0.07142857142857142,0.3142857142857143
Left,random,HTL,WRM,0,0.2,1,508,35,203,4,TargetOnly,arc labels,,0.5063726970703715,0.08695652173913043,0.05714285714285714
Left,random,HTL,WRM,0,0.2,1,508,35,203,4,Source+Target,arc labels,,0.5058290546662639,0.1111111111111111,0.02857142857142857
Left,random,HTL,WRM,0,0.2,1,508,35,203,4,COT,arc labels,,0.5260042283298098,0.09090909090909091,0.2
Left,random,HTL,WRM,0,0.2,1,508,35,203,4,none-HS4,arc labels,,0.5456659619450317,0.0875,0.4
Left,random,HTL,WRM,0,0.2,1,508,35,203,4,none-HSsrc,nothing,,0.5032316520688613,0.07272727272727272,0.11428571428571428
Left,random,HTL,WRM,0,0.2,1,508,35,203,4,none-PCA,arc segments,16.0,0.5116883116883116,0.0851063829787234,0.11428571428571428
Left,random,HTL,WRM,0,0.2,1,508,35,203,4,QOTu-HS4,arc labels,,0.5255209906372698,0.08264462809917356,0.2857142857142857
Left,random,HTL,WRM,0,0.2,1,508,35,203,4,QOTu-HSsrc,arc segments,,0.5270915131380247,0.08571428571428572,0.2571428571428571
Left,random,HTL,WRM,0,0.2,1,508,35,203,4,QOTu-PCA,arc segments,64.0,0.5212624584717608,0.08333333333333333,0.22857142857142856
Left,random,HTL,WRM,0,0.2,1,508,35,203,4,QOTc-HS4,arc labels,,0.5037148897614013,0.09090909090909091,0.02857142857142857
Left,random,HTL,WRM,0,0.2,1,508,35,203,4,QOTc-HSsrc,arc labels,,0.5556629417094534,0.102803738317757,0.3142857142857143
Left,random,HTL,WRM,0,0.2,1,508,35,203,4,QOTc-PCA,arc labels,32.0,0.4741165810933253,0.02564102564102564,0.02857142857142857
Left,random,HTL,WRM,0,0.2,1,508,35,203,4,SDM-HS4,arc labels,,0.5646632437330112,0.10619469026548672,0.34285714285714286
Left,random,HTL,WRM,0,0.2,1,508,35,203,4,SDM-HSsrc,arc labels,,0.6298097251585624,0.11538461538461539,0.6
Left,random,HTL,WRM,0,0.2,1,508,35,203,4,SDM-PCA,arc labels,16.0,0.6229235880398671,0.11494252873563218,0.5714285714285714
Left,random,HTL,WRM,0,0.3,1,508,35,305,8,NoAdapt,nothing,,0.5059800664451828,0.07142857142857142,0.3142857142857143
Left,random,HTL,WRM,0,0.3,1,508,35,305,8,TargetOnly,arc labels,,0.4619450317124736,0.0,0.0
Left,random,HTL,WRM,0,0.3,1,508,35,305,8,Source+Target,arc labels,,0.5079432195711265,0.14285714285714285,0.02857142857142857
Left,random,HTL,WRM,0,0.3,1,508,35,305,8,COT,arc labels,,0.4487768045907581,0.03260869565217391,0.08571428571428572
Left,random,HTL,WRM,0,0.3,1,508,35,305,8,none-HS4,arc labels,,0.5398369072787678,0.08609271523178808,0.37142857142857144
Left,random,HTL,WRM,0,0.3,1,508,35,305,8,none-HSsrc,nothing,,0.5032316520688613,0.07272727272727272,0.11428571428571428
Left,random,HTL,WRM,0,0.3,1,508,35,305,8,none-PCA,arc segments,32.0,0.5610087586831772,0.09375,0.42857142857142855
Left,random,HTL,WRM,0,0.3,1,508,35,305,8,QOTu-HS4,arc labels,,0.5255209906372698,0.08264462809917356,0.2857142857142857
Left,random,HTL,WRM,0,0.3,1,508,35,305,8,QOTu-HSsrc,arc segments,,0.5260344306855935,0.08490566037735849,0.2571428571428571
Left,random,HTL,WRM,0,0.3,1,508,35,305,8,QOTu-PCA,arc segments,64.0,0.5270915131380247,0.08571428571428572,0.2571428571428571
Left,random,HTL,WRM,0,0.3,1,508,35,305,8,QOTc-HS4,arc labels,,0.5211718514044096,0.2222222222222222,0.05714285714285714
Left,random,HTL,WRM,0,0.3,1,508,35,305,8,QOTc-HSsrc,arc labels,,0.5556629417094534,0.102803738317757,0.3142857142857143
Left,random,HTL,WRM,0,0.3,1,508,35,305,8,QOTc-PCA,arc labels,64.0,0.5694050135910601,0.11702127659574468,0.3142857142857143
Left,random,HTL,WRM,0,0.3,1,508,35,305,8,SDM-HS4,arc labels,,0.5276049531863486,0.08888888888888889,0.22857142857142856
Left,random,HTL,WRM,0,0.3,1,508,35,305,8,SDM-HSsrc,arc labels,,0.5768649954696466,0.10344827586206896,0.42857142857142855
Left,random,HTL,WRM,0,0.3,1,508,35,305,8,SDM-PCA,arc labels,8.0,0.527182120205376,0.078125,0.42857142857142855
Left,random,HTL,WRM,0,0.5,1,508,35,498,14,NoAdapt,nothing,,0.5059800664451828,0.07142857142857142,0.3142857142857143
Left,random,HTL,WRM,0,0.5,1,508,35,498,14,TargetOnly,arc labels,,0.4709755360918152,0.04225352112676056,0.08571428571428572
Left,random,HTL,WRM,0,0.5,1,508,35,498,14,Source+Target,arc labels,,0.5100573844759891,0.2,0.02857142857142857
Left,random,HTL,WRM,0,0.5,1,508,35,498,14,COT,arc labels,,0.4256418000604047,0.04782608695652174,0.3142857142857143
Left,random,HTL,WRM,0,0.5,1,508,35,498,14,none-HS4,arc labels,,0.5398369072787678,0.08609271523178808,0.37142857142857144
Left,random,HTL,WRM,0,0.5,1,508,35,498,14,none-HSsrc,nothing,,0.5032316520688613,0.07272727272727272,0.11428571428571428
Left,random,HTL,WRM,0,0.5,1,508,35,498,14,none-PCA,arc segments,16.0,0.5095741467834491,0.08163265306122448,0.11428571428571428
Left,random,HTL,WRM,0,0.5,1,508,35,498,14,QOTu-HS4,arc labels,,0.5244639081848383,0.08196721311475409,0.2857142857142857
Left,random,HTL,WRM,0,0.5,1,508,35,498,14,QOTu-HSsrc,arc segments,,0.5260344306855935,0.08490566037735849,0.2571428571428571
Left,random,HTL,WRM,0,0.5,1,508,35,498,14,QOTu-PCA,arc segments,64.0,0.5673210510419813,0.104,0.37142857142857144
Left,random,HTL,WRM,0,0.5,1,508,35,498,14,QOTc-HS4,arc labels,,0.5232860163092721,0.2857142857142857,0.05714285714285714
Left,random,HTL,WRM,0,0.5,1,508,35,498,14,QOTc-HSsrc,arc labels,,0.5646632437330112,0.10619469026548672,0.34285714285714286
Left,random,HTL,WRM,0,0.5,1,508,35,498,14,QOTc-PCA,arc labels,64.0,0.45614617940199337,0.017857142857142856,0.02857142857142857
Left,random,HTL,WRM,0,0.5,1,508,35,498,14,SDM-HS4,arc labels,,0.5190878888553307,0.1,0.11428571428571428
Left,random,HTL,WRM,0,0.5,1,508,35,498,14,SDM-HSsrc,arc labels,,0.6546964663243733,0.1188118811881188,0.6857142857142857
Left,random,HTL,WRM,0,0.5,1,508,35,498,14,SDM-PCA,arc labels,32.0,0.5636363636363637,0.0979020979020979,0.4
Left,random,HTL,WRM,1,0.05,1,508,24,51,3,NoAdapt,nothing,,0.43577823691460055,0.02976190476190476,0.20833333333333334
Left,random,HTL,WRM,1,0.05,1,508,24,51,3,TargetOnly,arc labels,,0.49173553719008267,0.0,0.0
Left,random,HTL,WRM,1,0.05,1,508,24,51,3,Source+Target,arc labels,,0.5039600550964187,0.049019607843137254,0.20833333333333334
Left,random,HTL,WRM,1,0.05,1,508,24,51,3,COT,arc labels,,0.5392561983471074,0.05555555555555555,0.5
Left,random,HTL,WRM,1,0.05,1,508,24,51,3,none-HS4,arc labels,,0.49810606060606066,0.04666666666666667,0.2916666666666667
Left,random,HTL,WRM,1,0.05,1,508,24,51,3,none-HSsrc,nothing,,0.5254820936639119,0.06666666666666667,0.16666666666666666
Left,random,HTL,WRM,1,0.05,1,508,24,51,3,none-PCA,arc segments,16.0,0.5394283746556474,0.06363636363636363,0.2916666666666667
Left,random,HTL,WRM,1,0.05,1,508,24,51,3,QOTu-HS4,arc labels,,0.4740013774104683,0.03816793893129771,0.20833333333333334
Left,random,HTL,WRM,1,0.05,1,508,24,51,3,QOTu-HSsrc,arc segments,,0.5132575757575758,0.053763440860215055,0.20833333333333334
Left,random,HTL,WRM,1,0.05,1,508,24,51,3,QOTu-PCA,arc segments,16.0,0.4970730027548209,0.046357615894039736,0.2916666666666667
Left,random,HTL,WRM,1,0.05,1,508,24,51,3,QOTc-HS4,arc labels,,0.4989669421487603,0.0,0.0
Left,random,HTL,WRM,1,0.05,1,508,24,51,3,QOTc-HSsrc,arc labels,,0.6039944903581267,0.09009009009009009,0.4166666666666667
Left,random,HTL,WRM,1,0.05,1,508,24,51,3,QOTc-PCA,arc labels,64.0,0.4834710743801653,0.0,0.0
Left,random,HTL,WRM,1,0.05,1,508,24,51,3,SDM-HS4,arc labels,,0.49586776859504134,0.0,0.0
Left,random,HTL,WRM,1,0.05,1,508,24,51,3,SDM-HSsrc,arc labels,,0.5728305785123967,0.075,0.375
Left,random,HTL,WRM,1,0.05,1,508,24,51,3,SDM-PCA,arc labels,16.0,0.43715564738292007,0.012195121951219513,0.041666666666666664
Left,random,HTL,WRM,1,0.1,1,508,24,102,3,NoAdapt,nothing,,0.43577823691460055,0.02976190476190476,0.20833333333333334
Left,random,HTL,WRM,1,0.1,1,508,24,102,3,TargetOnly,arc labels,,0.49173553719008267,0.0,0.0
Left,random,HTL,WRM,1,0.1,1,508,24,102,3,Source+Target,arc labels,,0.5337465564738292,0.07692307692307693,0.16666666666666666
Left,random,HTL,WRM,1,0.1,1,508,24,102,3,COT,arc labels,,0.4896694214876033,0.0,0.0
Left,random,HTL,WRM,1,0.1,1,508,24,102,3,none-HS4,arc labels,,0.49810606060606066,0.04666666666666667,0.2916666666666667
Left,random,HTL,WRM,1,0.1,1,508,24,102,3,none-HSsrc,nothing,,0.5254820936639119,0.06666666666666667,0.16666666666666666
Left,random,HTL,WRM,1,0.1,1,508,24,102,3,none-PCA,arc segments,16.0,0.5466597796143251,0.06796116504854369,0.2916666666666667
Left,random,HTL,WRM,1,0.1,1,508,24,102,3,QOTu-HS4,arc labels,,0.4791666666666667,0.03968253968253968,0.20833333333333334
Left,random,HTL,WRM,1,0.1,1,508,24,102,3,QOTu-HSsrc,arc segments,,0.5039600550964187,0.049019607843137254,0.20833333333333334
Left,random,HTL,WRM,1,0.1,1,508,24,102,3,QOTu-PCA,arc segments,16.0,0.487431129476584,0.0423728813559322,0.20833333333333334
Left,random,HTL,WRM,1,0.1,1,508,24,102,3,QOTc-HS4,arc labels,,0.49793388429752067,0.0,0.0
Left,random,HTL,WRM,1,0.1,1,508,24,102,3,QOTc-HSsrc,arc labels,,0.5905647382920111,0.08064516129032258,0.4166666666666667
Left,random,HTL,WRM,1,0.1,1,508,24,102,3,QOTc-PCA,arc labels,64.0,0.4834710743801653,0.0,0.0
Left,random,HTL,WRM,1,0.1,1,508,24,102,3,SDM-HS4,arc labels,,0.5115358126721763,0.1,0.041666666666666664
Left,random,HTL,WRM,1,0.1,1,508,24,102,3,SDM-HSsrc,arc labels,,0.5728305785123967,0.075,0.375
Left,random,HTL,WRM,1,0.1,1,508,24,102,3,SDM-PCA,arc labels,4.0,0.5,0.0,0.0
Left,random,HTL,WRM,1,0.2,1,508,24,203,10,NoAdapt,nothing,,0.43577823691460055,0.02976190476190476,0.20833333333333334
Left,random,HTL,WRM,1,0.2,1,508,24,203,10,TargetOnly,arc labels,,0.4511019283746557,0.03861003861003861,0.4166666666666667
Left,random,HTL,WRM,1,0.2,1,508,24,203,10,Source+Target,arc labels,,0.5378787878787878,0.08333333333333333,0.16666666666666666
Left,random,HTL,WRM,1,0.2,1,508,24,203,10,COT,arc labels,,0.4671143250688705,0.04234527687296417,0.5416666666666666
Left,random,HTL,WRM,1,0.2,1,508,24,203,10,none-HS4,arc labels,,0.5168732782369146,0.05228758169934641,0.3333333333333333
Left,random,HTL,WRM,1,0.2,1,508,24,203,10,none-HSsrc,nothing,,0.5254820936639119,0.06666666666666667,0.16666666666666666
Left,random,HTL,WRM,1,0.2,1,508,24,203,10,none-PCA,arc segments,16.0,0.4807162534435262,0.03278688524590164,0.08333333333333333
Left,random,HTL,WRM,1,0.2,1,508,24,203,10,QOTu-HS4,arc labels,,0.47710055096418735,0.0390625,0.20833333333333334
Left,random,HTL,WRM,1,0.2,1,508,24,203,10,QOTu-HSsrc,arc segments,,0.49259641873278237,0.04424778761061947,0.20833333333333334
Left,random,HTL,WRM,1,0.2,1,508,24,203,10,QOTu-PCA,arc segments,8.0,0.471935261707989,0.03759398496240601,0.20833333333333334
Left,random,HTL,WRM,1,0.2,1,508,24,203,10,QOTc-HS4,arc labels,,0.49362947658402206,0.044642857142857144,0.20833333333333334
Left,random,HTL,WRM,1,0.2,1,508,24,203,10,QOTc-HSsrc,arc labels,,0.5600895316804407,0.07777777777777778,0.2916666666666667
Left,random,HTL,WRM,1,0.2,1,508,24,203,10,QOTc-PCA,arc labels,64.0,0.5204889807162534,0.05813953488372093,0.20833333333333334
Left,random,HTL,WRM,1,0.2,1,508,24,203,10,SDM-HS4,arc labels,,0.48433195592286504,0.04132231404958678,0.20833333333333334
Left,random,HTL,WRM,1,0.2,1,508,24,203,10,SDM-HSsrc,arc labels,,0.5809228650137741,0.08791208791208792,0.3333333333333333
Left,random,HTL,WRM,1,0.2,1,508,24,203,10,SDM-PCA,arc labels,32.0,0.4359504132231405,0.031746031746031744,0.25
Left,random,HTL,WRM,1,0.3,1,508,24,305,17,NoAdapt,nothing,,0.43577823691460055,0.02976190476190476,0.20833333333333334
Left,random,HTL,WRM,1,0.3,1,508,24,305,17,TargetOnly,arc labels,,0.47090220385674936,0.03731343283582089,0.20833333333333334
Left,random,HTL,WRM,1,0.3,1,508,24,305,17,Source+Target,arc labels,,0.522038567493113,0.09523809523809523,0.08333333333333333
Left,random,HTL,WRM,1,0.3,1,508,24,305,17,COT,arc labels,,0.4950068870523416,0.04642857142857143,0.5416666666666666
Left,random,HTL,WRM,1,0.3,1,508,24,305,17,none-HS4,arc labels,,0.5075757575757576,0.04938271604938271,0.3333333333333333
Left,random,HTL,WRM,1,0.3,1,508,24,305,17,none-HSsrc,nothing,,0.5254820936639119,0.06666666666666667,0.16666666666666666
Left,random,HTL,WRM,1,0.3,1,508,24,305,17,none-PCA,arc segments,16.0,0.4994834710743802,0.046875,0.125
Left,random,HTL,WRM,1,0.3,1,508,24,305,17,QOTu-HS4,arc labels,,0.4863980716253444,0.04201680672268908,0.20833333333333334
Left,random,HTL,WRM,1,0.3,1,508,24,305,17,QOTu-HSsrc,arc segments,,0.5029269972451791,0.04854368932038835,0.20833333333333334
Left,random,HTL,WRM,1,0.3,1,508,24,305,17,QOTu-PCA,arc segments,16.0,0.49259641873278237,0.04424778761061947,0.20833333333333334
Left,random,HTL,WRM,1,0.3,1,508,24,305,17,QOTc-HS4,arc labels,,0.5055096418732782,0.05405405405405406,0.08333333333333333
Left,random,HTL,WRM,1,0.3,1,508,24,305,17,QOTc-HSsrc,arc labels,,0.5869490358126722,0.109375,0.2916666666666667
Left,random,HTL,WRM,1,0.3,1,508,24,305,17,QOTc-PCA,arc labels,64.0,0.5526859504132231,0.07894736842105263,0.25
Left,random,HTL,WRM,1,0.3,1,508,24,305,17,SDM-HS4,arc labels,,0.5194559228650137,0.05747126436781609,0.20833333333333334
Left,random,HTL,WRM,1,0.3,1,508,24,305,17,SDM-HSsrc,arc labels,,0.6480716253443526,0.0915032679738562,0.5833333333333334
Left,random,HTL,WRM,1,0.3,1,508,24,305,17,SDM-PCA,arc labels,32.0,0.5201446280991735,0.05263157894736842,0.375
Left,random,HTL,WRM,1,0.5,1,508,24,487,30,NoAdapt,nothing,,0.43577823691460055,0.02976190476190476,0.20833333333333334
Left,random,HTL,WRM,1,0.5,1,508,24,487,30,TargetOnly,arc labels,,0.696969696969697,0.08,0.9166666666666666
Left,random,HTL,WRM,1,0.5,1,508,24,487,30,Source+Target,arc labels,,0.5544077134986226,0.125,0.16666666666666666
Left,random,HTL,WRM,1,0.5,1,508,24,487,30,COT,arc labels,,0.6938705234159779,0.07913669064748201,0.9166666666666666
Left,random,HTL,WRM,1,0.5,1,508,24,487,30,none-HS4,arc labels,,0.49500688705234164,0.0457516339869281,0.2916666666666667
Left,random,HTL,WRM,1,0.5,1,508,24,487,30,none-HSsrc,nothing,,0.5254820936639119,0.06666666666666667,0.16666666666666666
Left,random,HTL,WRM,1,0.5,1,508,24,487,30,none-PCA,arc segments,16.0,0.48278236914600553,0.03389830508474576,0.08333333333333333
Left,random,HTL,WRM,1,0.5,1,508,24,487,30,QOTu-HS4,arc labels,,0.487431129476584,0.0423728813559322,0.20833333333333334
Left,random,HTL,WRM,1,0.5,1,508,24,487,30,QOTu-HSsrc,arc segments,,0.49982782369146006,0.04716981132075472,0.20833333333333334
Left,random,HTL,WRM,1,0.5,1,508,24,487,30,QOTu-PCA,arc segments,16.0,0.49259641873278237,0.04424778761061947,0.20833333333333334
Left,random,HTL,WRM,1,0.5,1,508,24,487,30,QOTc-HS4,arc labels,,0.5995179063360881,0.1095890410958904,0.3333333333333333
Left,random,HTL,WRM,1,0.5,1,508,24,487,30,QOTc-HSsrc,arc labels,,0.6582300275482094,0.10655737704918032,0.5416666666666666
Left,random,HTL,WRM,1,0.5,1,508,24,487,30,QOTc-PCA,arc labels,64.0,0.6961088154269972,0.1,0.7083333333333334
Left,random,HTL,WRM,1,0.5,1,508,24,487,30,SDM-HS4,arc labels,,0.621728650137741,0.09565217391304348,0.4583333333333333
Left,random,HTL,WRM,1,0.5,1,508,24,487,30,SDM-HSsrc,arc labels,,0.6129476584022039,0.0748663101604278,0.5833333333333334
Left,random,HTL,WRM,1,0.5,1,508,24,487,30,SDM-PCA,arc labels,32.0,0.7134986225895317,0.12121212121212122,0.6666666666666666
Left,random,HTL,WRM,2,0.05,1,508,24,51,4,NoAdapt,nothing,,0.4337121212121212,0.029411764705882353,0.20833333333333334
Left,random,HTL,WRM,2,0.05,1,508,24,51,4,TargetOnly,arc labels,,0.5165289256198347,0.05405405405405406,0.25
Left,random,HTL,WRM,2,0.05,1,508,24,51,4,Source+Target,arc labels,,0.4863980716253444,0.04201680672268908,0.20833333333333334
Left,random,HTL,WRM,2,0.05,1,508,24,51,4,COT,arc labels,,0.4827823691460055,0.043010752688172046,0.3333333333333333
Left,random,HTL,WRM,2,0.05,1,508,24,51,4,none-HS4,arc labels,,0.4535123966942149,0.03488372093023256,0.25
Left,random,HTL,WRM,2,0.05,1,508,24,51,4,none-HSsrc,nothing,,0.5161845730027548,0.057971014492753624,0.16666666666666666
Left,random,HTL,WRM,2,0.05,1,508,24,51,4,none-PCA,arc segments,16.0,0.4486914600550964,0.021739130434782608,0.08333333333333333
Left,random,HTL,WRM,2,0.05,1,508,24,51,4,QOTu-HS4,arc labels,,0.478133608815427,0.03937007874015748,0.20833333333333334
Left,random,HTL,WRM,2,0.05,1,508,24,51,4,QOTu-HSsrc,arc segments,,0.487431129476584,0.0423728813559322,0.20833333333333334
Left,random,HTL,WRM,2,0.05,1,508,24,51,4,QOTu-PCA,arc segments,16.0,0.456439393939394,0.033783783783783786,0.20833333333333334
Left,random,HTL,WRM,2,0.05,1,508,24,51,4,QOTc-HS4,arc labels,,0.490874655647383,0.044585987261146494,0.2916666666666667
Left,random,HTL,WRM,2,0.05,1,508,24,51,4,QOTc-HSsrc,arc labels,,0.5910812672176309,0.06050955414012739,0.7916666666666666
Left,random,HTL,WRM,2,0.05,1,508,24,51,4,QOTc-PCA,arc labels,32.0,0.5494146005509641,0.08620689655172414,0.20833333333333334
Left,random,HTL,WRM,2,0.05,1,508,24,51,4,SDM-HS4,arc labels,,0.48261019283746553,0.04242424242424243,0.2916666666666667
Left,random,HTL,WRM,2,0.05,1,508,24,51,4,SDM-HSsrc,arc labels,,0.5900482093663911,0.06031746031746032,0.7916666666666666
Left,random,HTL,WRM,2,0.05,1,508,24,51,4,SDM-PCA,arc labels,16.0,0.5693870523415978,0.0625,0.5416666666666666
Left,random,HTL,WRM,2,0.1,1,508,24,102,8,NoAdapt,nothing,,0.4337121212121212,0.029411764705882353,0.20833333333333334
Left,random,HTL,WRM,2,0.1,1,508,24,102,8,TargetOnly,arc labels,,0.7525826446280992,0.105,0.875
Left,random,HTL,WRM,2,0.1,1,508,24,102,8,Source+Target,arc labels,,0.5184228650137741,0.056818181818181816,0.20833333333333334
Left,random,HTL,WRM,2,0.1,1,508,24,102,8,COT,arc labels,,0.7444903581267217,0.09606986899563319,0.9166666666666666
Left,random,HTL,WRM,2,0.1,1,508,24,102,8,none-HS4,arc labels,,0.4939738292011019,0.045454545454545456,0.2916666666666667
Left,random,HTL,WRM,2,0.1,1,508,24,102,8,none-HSsrc,nothing,,0.5161845730027548,0.057971014492753624,0.16666666666666666
Left,random,HTL,WRM,2,0.1,1,508,24,102,8,none-PCA,arc segments,16.0,0.4486914600550964,0.021739130434782608,0.08333333333333333
Left,random,HTL,WRM,2,0.1,1,508,24,102,8,QOTu-HS4,arc labels,,0.4967286501377411,0.045871559633027525,0.20833333333333334
Left,random,HTL,WRM,2,0.1,1,508,24,102,8,QOTu-HSsrc,arc segments,,0.5173898071625345,0.056179775280898875,0.20833333333333334
Left,random,HTL,WRM,2,0.1,1,508,24,102,8,QOTu-PCA,arc segments,16.0,0.4987947658402204,0.04672897196261682,0.20833333333333334
Left,random,HTL,WRM,2,0.1,1,508,24,102,8,QOTc-HS4,arc labels,,0.6825068870523416,0.09876543209876543,0.6666666666666666
Left,random,HTL,WRM,2,0.1,1,508,24,102,8,QOTc-HSsrc,arc labels,,0.6427341597796143,0.07196969696969698,0.7916666666666666
Left,random,HTL,WRM,2,0.1,1,508,24,102,8,QOTc-PCA,arc labels,32.0,0.5995179063360881,0.1095890410958904,0.3333333333333333
Left,random,HTL,WRM,2,0.1,1,508,24,102,8,SDM-HS4,arc labels,,0.6954201101928374,0.0892018779342723,0.7916666666666666
Left,random,HTL,WRM,2,0.1,1,508,24,102,8,SDM-HSsrc,arc labels,,0.6169077134986226,0.0657439446366782,0.7916666666666666
Left,random,HTL,WRM,2,0.1,1,508,24,102,8,SDM-PCA,arc labels,16.0,0.6833677685950413,0.07865168539325842,0.875
Left,random,HTL,WRM,2,0.2,1,508,24,203,14,NoAdapt,nothing,,0.4337121212121212,0.029411764705882353,0.20833333333333334
Left,random,HTL,WRM,2,0.2,1,508,24,203,14,TargetOnly,arc labels,,0.7085055096418733,0.08070175438596491,0.9583333333333334
Left,random,HTL,WRM,2,0.2,1,508,24,203,14,Source+Target,arc labels,,0.5244490358126722,0.06557377049180328,0.16666666666666666
Left,random,HTL,WRM,2,0.2,1,508,24,203,14,COT,arc labels,,0.5010330578512396,0.04743083003952569,0.5
Left,random,HTL,WRM,2,0.2,1,508,24,203,14,none-HS4,arc labels,,0.4772727272727273,0.040268456375838924,0.25
Left,random,HTL,WRM,2,0.2,1,508,24,203,14,none-HSsrc,nothing,,0.5161845730027548,0.057971014492753624,0.16666666666666666
Left,random,HTL,WRM,2,0.2,1,508,24,203,14,none-PCA,arc segments,16.0,0.4486914600550964,0.021739130434782608,0.08333333333333333
Left,random,HTL,WRM,2,0.2,1,508,24,203,14,QOTu-HS4,arc labels,,0.4863980716253444,0.04201680672268908,0.20833333333333334
Left,random,HTL,WRM,2,0.2,1,508,24,203,14,QOTu-HSsrc,arc segments,,0.49776170798898073,0.046296296296296294,0.20833333333333334
Left,random,HTL,WRM,2,0.2,1,508,24,203,14,QOTu-PCA,arc segments,16.0,0.475034435261708,0.038461538461538464,0.20833333333333334
Left,random,HTL,WRM,2,0.2,1,508,24,203,14,QOTc-HS4,arc labels,,0.6458333333333333,0.09701492537313433,0.5416666666666666
Left,random,HTL,WRM,2,0.2,1,508,24,203,14,QOTc-HSsrc,arc labels,,0.6427341597796143,0.07196969696969698,0.7916666666666666
Left,random,HTL,WRM,2,0.2,1,508,24,203,14,QOTc-PCA,arc labels,64.0,0.5365013774104683,0.05970149253731343,0.3333333333333333
Left,random,HTL,WRM,2,0.2,1,508,24,203,14,SDM-HS4,arc labels,,0.6613292011019283,0.07723577235772358,0.7916666666666666
Left,random,HTL,WRM,2,0.2,1,508,24,203,14,SDM-HSsrc,arc labels,,0.6544421487603306,0.0711864406779661,0.875
Left,random,HTL,WRM,2,0.2,1,508,24,203,14,SDM-PCA,arc labels,32.0,0.565599173553719,0.07086614173228346,0.375
Left,random,HTL,WRM,2,0.3,1,508,24,305,21,NoAdapt,nothing,,0.4337121212121212,0.029411764705882353,0.20833333333333334
Left,random,HTL,WRM,2,0.3,1,508,24,305,21,TargetOnly,arc labels,,0.6768250688705234,0.08225108225108226,0.7916666666666666
Left,random,HTL,WRM,2,0.3,1,508,24,305,21,Source+Target,arc labels,,0.5327134986225895,0.07547169811320754,0.16666666666666666
Left,random,HTL,WRM,2,0.3,1,508,24,305,21,COT,arc labels,,0.534263085399449,0.05371900826446281,0.5416666666666666
Left,random,HTL,WRM,2,0.3,1,508,24,305,21,none-HS4,arc labels,,0.49500688705234164,0.0457516339869281,0.2916666666666667
Left,random,HTL,WRM,2,0.3,1,508,24,305,21,none-HSsrc,nothing,,0.5161845730027548,0.057971014492753624,0.16666666666666666
Left,random,HTL,WRM,2,0.3,1,508,24,305,21,none-PCA,arc segments,16.0,0.4466253443526171,0.02127659574468085,0.08333333333333333
Left,random,HTL,WRM,2,0.3,1,508,24,305,21,QOTu-HS4,arc labels,,0.49156336088154273,0.043859649122807015,0.20833333333333334
Left,random,HTL,WRM,2,0.3,1,508,24,305,21,QOTu-HSsrc,arc segments,,0.5039600550964187,0.049019607843137254,0.20833333333333334
Left,random,HTL,WRM,2,0.3,1,508,24,305,21,QOTu-PCA,arc segments,32.0,0.47710055096418735,0.0390625,0.20833333333333334
Left,random,HTL,WRM,2,0.3,1,508,24,305,21,QOTc-HS4,arc labels,,0.628271349862259,0.08609271523178808,0.5416666666666666
Left,random,HTL,WRM,2,0.3,1,508,24,305,21,QOTc-HSsrc,arc labels,,0.5902203856749311,0.06698564593301436,0.5833333333333334
Left,random,HTL,WRM,2,0.3,1,508,24,305,21,QOTc-PCA,arc labels,64.0,0.5473484848484849,0.058823529411764705,0.4583333333333333
Left,random,HTL,WRM,2,0.3,1,508,24,305,21,SDM-HS4,arc labels,,0.6926652892561984,0.08139534883720931,0.875
Left,random,HTL,WRM,2,0.3,1,508,24,305,21,SDM-HSsrc,arc labels,,0.6957644628099173,0.08235294117647059,0.875
Left,random,HTL,WRM,2,0.3,1,508,24,305,21,SDM-PCA,arc labels,32.0,0.5129132231404958,0.05056179775280899,0.375
Left,random,HTL,WRM,2,0.5,1,508,24,488,27,NoAdapt,nothing,,0.4337121212121212,0.029411764705882353,0.20833333333333334
Left,random,HTL,WRM,2,0.5,1,508,24,488,27,TargetOnly,arc labels,,0.7362258953168044,0.09282700421940929,0.9166666666666666
Left,random,HTL,WRM,2,0.5,1,508,24,488,27,Source+Target,arc labels,,0.5044765840220385,0.05263157894736842,0.08333333333333333
Left,random,HTL,WRM,2,0.5,1,508,24,488,27,COT,arc labels,,0.7298553719008265,0.0945945945945946,0.875
Left,random,HTL,WRM,2,0.5,1,508,24,488,27,none-HS4,arc labels,,0.49500688705234164,0.0457516339869281,0.2916666666666667
Left,random,HTL,WRM,2,0.5,1,508,24,488,27,none-HSsrc,nothing,,0.5161845730027548,0.057971014492753624,0.16666666666666666
Left,random,HTL,WRM,2,0.5,1,508,24,488,27,none-PCA,arc segments,16.0,0.4466253443526171,0.02127659574468085,0.08333333333333333
Left,random,HTL,WRM,2,0.5,1,508,24,488,27,QOTu-HS4,arc labels,,0.4884641873278237,0.042735042735042736,0.20833333333333334
Left,random,HTL,WRM,2,0.5,1,508,24,488,27,QOTu-HSsrc,arc segments,,0.5039600550964187,0.049019607843137254,0.20833333333333334
Left,random,HTL,WRM,2,0.5,1,508,24,488,27,QOTu-PCA,arc segments,16.0,0.46676997245179064,0.036231884057971016,0.20833333333333334
Left,random,HTL,WRM,2,0.5,1,508,24,488,27,QOTc-HS4,arc labels,,0.6804407713498623,0.0975609756097561,0.6666666666666666
Left,random,HTL,WRM,2,0.5,1,508,24,488,27,QOTc-HSsrc,arc labels,,0.6079545454545454,0.07042253521126761,0.625
Left,random,HTL,WRM,2,0.5,1,508,24,488,27,QOTc-PCA,arc labels,64.0,0.6392906336088154,0.07555555555555556,0.7083333333333334
Left,random,HTL,WRM,2,0.5,1,508,24,488,27,SDM-HS4,arc labels,,0.706095041322314,0.08571428571428572,0.875
Left,random,HTL,WRM,2,0.5,1,508,24,488,27,SDM-HSsrc,arc labels,,0.693698347107438,0.08171206225680934,0.875
Left,random,HTL,WRM,2,0.5,1,508,24,488,27,SDM-PCA,arc labels,32.0,0.7083333333333333,0.11678832116788321,0.6666666666666666
Left,random,HTL,WRM,3,0.05,0,508,36,51,1,NoAdapt,nothing,,0.4844632768361582,0.06521739130434782,0.3333333333333333
Left,random,HTL,WRM,3,0.05,0,508,36,51,1,TargetOnly,arc labels,,,,
Left,random,HTL,WRM,3,0.05,0,508,36,51,1,Source+Target,arc labels,,,,
Left,random,HTL,WRM,3,0.05,0,508,36,51,1,COT,arc labels,,,,
Left,random,HTL,WRM,3,0.05,0,508,36,51,1,none-HS4,arc labels,,,,
Left,random,HTL,WRM,3,0.05,0,508,36,51,1,none-HSsrc,nothing,,0.5873352165725048,0.12871287128712872,0.3611111111111111
Left,random,HTL,WRM,3,0.05,0,508,36,51,1,none-PCA,arc segments,4.0,0.5430790960451978,0.08771929824561403,0.4166666666666667
Left,random,HTL,WRM,3,0.05,0,508,36,51,1,QOTu-HS4,arc labels,,,,
Left,random,HTL,WRM,3,0.05,0,508,36,51,1,QOTu-HSsrc,arc segments,,0.5519067796610169,0.08780487804878048,0.5
Left,random,HTL,WRM,3,0.05,0,508,36,51,1,QOTu-PCA,arc segments,4.0,0.5240112994350282,0.07936507936507936,0.4166666666666667
Left,random,HTL,WRM,3,0.05,0,508,36,51,1,QOTc-HS4,arc labels,,,,
Left,random,HTL,WRM,3,0.05,0,508,36,51,1,QOTc-HSsrc,arc labels,,,,
Left,random,HTL,WRM,3,0.05,0,508,36,51,1,QOTc-PCA,arc labels,,,,
Left,random,HTL,WRM,3,0.05,0,508,36,51,1,SDM-HS4,arc labels,,,,
Left,random,HTL,WRM,3,0.05,0,508,36,51,1,SDM-HSsrc,arc labels,,,,
Left,random,HTL,WRM,3,0.05,0,508,36,51,1,SDM-PCA,arc labels,,,,
Left,random,HTL,WRM,3,0.1,1,508,36,102,5,NoAdapt,nothing,,0.4844632768361582,0.06521739130434782,0.3333333333333333
Left,random,HTL,WRM,3,0.1,1,508,36,102,5,TargetOnly,arc labels,,0.45386064030131823,0.04,0.1111111111111111
Left,random,HTL,WRM,3,0.1,1,508,36,102,5,Source+Target,arc labels,,0.5584981167608286,0.11,0.3055555555555556
Left,random,HTL,WRM,3,0.1,1,508,36,102,5,COT,arc labels,,0.4088983050847458,0.04225352112676056,0.25
Left,random,HTL,WRM,3,0.1,1,508,36,102,5,none-HS4,arc labels,,0.5218926553672316,0.07853403141361257,0.4166666666666667
Left,random,HTL,WRM,3,0.1,1,508,36,102,5,none-HSsrc,nothing,,0.5873352165725048,0.12871287128712872,0.3611111111111111
Left,random,HTL,WRM,3,0.1,1,508,36,102,5,none-PCA,arc segments,64.0,0.5124764595103578,0.07476635514018691,0.4444444444444444
Left,random,HTL,WRM,3,0.1,1,508,36,102,5,QOTu-HS4,arc labels,,0.4798728813559322,0.06164383561643835,0.25
Left,random,HTL,WRM,3,0.1,1,508,36,102,5,QOTu-HSsrc,arc segments,,0.5421374764595104,0.08602150537634409,0.4444444444444444
Left,random,HTL,WRM,3,0.1,1,508,36,102,5,QOTu-PCA,arc segments,4.0,0.4851694915254237,0.06382978723404255,0.25
Left,random,HTL,WRM,3,0.1,1,508,36,102,5,QOTc-HS4,arc labels,,0.45386064030131823,0.05726872246696035,0.3611111111111111
Left,random,HTL,WRM,3,0.1,1,508,36,102,5,QOTc-HSsrc,arc labels,,0.5668549905838042,0.08433734939759036,0.7777777777777778
Left,random,HTL,WRM,3,0.1,1,508,36,102,5,QOTc-PCA,arc labels,64.0,0.4502118644067797,0.0,0.0
Left,random,HTL,WRM,3,0.1,1,508,36,102,5,SDM-HS4,arc labels,,0.480225988700565,0.06666666666666667,0.5833333333333334
Left,random,HTL,WRM,3,0.1,1,508,36,102,5,SDM-HSsrc,arc labels,,0.6245291902071562,0.09580838323353294,0.8888888888888888
Left,random,HTL,WRM,3,0.1,1,508,36,102,5,SDM-PCA,arc labels,16.0,0.43067325800376643,0.03676470588235294,0.1388888888888889
Left,random,HTL,WRM,3,0.2,1,508,36,203,8,NoAdapt,nothing,,0.4844632768361582,0.06521739130434782,0.3333333333333333
Left,random,HTL,WRM,3,0.2,1,508,36,203,8,TargetOnly,arc labels,,0.4875235404896422,0.0658682634730539,0.3055555555555556
Left,random,HTL,WRM,3,0.2,1,508,36,203,8,Source+Target,arc labels,,0.5786252354048964,0.13580246913580246,0.3055555555555556
Left,random,HTL,WRM,3,0.2,1,508,36,203,8,COT,arc labels,,0.4262005649717514,0.0502092050209205,0.3333333333333333
Left,random,HTL,WRM,3,0.2,1,508,36,203,8,none-HS4,arc labels,,0.5431967984934086,0.08648648648648649,0.4444444444444444
Left,random,HTL,WRM,3,0.2,1,508,36,203,8,none-HSsrc,nothing,,0.5873352165725048,0.12871287128712872,0.3611111111111111
Left,random,HTL,WRM,3,0.2,1,508,36,203,8,none-PCA,arc segments,4.0,0.5399011299435028,0.08620689655172414,0.4166666666666667
Left,random,HTL,WRM,3,0.2,1,508,36,203,8,QOTu-HS4,arc labels,,0.4617467043314501,0.053691275167785234,0.2222222222222222
Left,random,HTL,WRM,3,0.2,1,508,36,203,8,QOTu-HSsrc,arc segments,,0.5482580037664784,0.09210526315789473,0.3888888888888889
Left,random,HTL,WRM,3,0.2,1,508,36,203,8,QOTu-PCA,arc segments,4.0,0.4883474576271186,0.06521739130434782,0.25
Left,random,HTL,WRM,3,0.2,1,508,36,203,8,QOTc-HS4,arc labels,,0.5010593220338984,0.07114624505928854,0.5
Left,random,HTL,WRM,3,0.2,1,508,36,203,8,QOTc-HSsrc,arc labels,,0.6009887005649718,0.09146341463414634,0.8333333333333334
Left,random,HTL,WRM,3,0.2,1,508,36,203,8,QOTc-PCA,arc labels,64.0,0.4912900188323917,0.06542056074766354,0.19444444444444445
Left,random,HTL,WRM,3,0.2,1,508,36,203,8,SDM-HS4,arc labels,,0.5036487758945386,0.07166123778501629,0.6111111111111112
Left,random,HTL,WRM,3,0.2,1,508,36,203,8,SDM-HSsrc,arc labels,,0.6460687382297552,0.09831460674157304,0.9722222222222222
Left,random,HTL,WRM,3,0.2,1,508,36,203,8,SDM-PCA,arc labels,16.0,0.4459745762711864,0.05056179775280899,0.25
Left,random,HTL,WRM,3,0.3,1,508,36,305,11,NoAdapt,nothing,,0.4844632768361582,0.06521739130434782,0.3333333333333333
Left,random,HTL,WRM,3,0.3,1,508,36,305,11,TargetOnly,arc labels,,0.4854048964218456,0.0650887573964497,0.3055555555555556
Left,random,HTL,WRM,3,0.3,1,508,36,305,11,Source+Target,arc labels,,0.5507297551789077,0.12307692307692308,0.2222222222222222
Left,random,HTL,WRM,3,0.3,1,508,36,305,11,COT,arc labels,,0.431497175141243,0.05128205128205128,0.3333333333333333
Left,random,HTL,WRM,3,0.3,1,508,36,305,11,none-HS4,arc labels,,0.5175376647834276,0.07734806629834254,0.3888888888888889
Left,random,HTL,WRM,3,0.3,1,508,36,305,11,none-HSsrc,nothing,,0.5873352165725048,0.12871287128712872,0.3611111111111111
Left,random,HTL,WRM,3,0.3,1,508,36,305,11,none-PCA,arc segments,4.0,0.5399011299435028,0.08620689655172414,0.4166666666666667
Left,random,HTL,WRM,3,0.3,1,508,36,305,11,QOTu-HS4,arc labels,,0.4894067796610169,0.06569343065693431,0.25
Left,random,HTL,WRM,3,0.3,1,508,36,305,11,QOTu-HSsrc,arc segments,,0.5482580037664784,0.09210526315789473,0.3888888888888889
Left,random,HTL,WRM,3,0.3,1,508,36,305,11,QOTu-PCA,arc segments,4.0,0.4947033898305085,0.06818181818181818,0.25
Left,random,HTL,WRM,3,0.3,1,508,36,305,11,QOTc-HS4,arc labels,,0.513535781544256,0.07511737089201878,0.4444444444444444
Left,random,HTL,WRM,3,0.3,1,508,36,305,11,QOTc-HSsrc,arc labels,,0.6242937853107344,0.09803921568627451,0.8333333333333334
Left,random,HTL,WRM,3,0.3,1,508,36,305,11,QOTc-PCA,arc labels,64.0,0.5138888888888888,0.078125,0.2777777777777778
Left,random,HTL,WRM,3,0.3,1,508,36,305,11,SDM-HS4,arc labels,,0.542725988700565,0.08203125,0.5833333333333334
Left,random,HTL,WRM,3,0.3,1,508,36,305,11,SDM-HSsrc,arc labels,,0.6245291902071562,0.09580838323353294,0.8888888888888888
Left,random,HTL,WRM,3,0.3,1,508,36,305,11,SDM-PCA,arc labels,16.0,0.45291902071563084,0.05785123966942149,0.3888888888888889
Left,random,HTL,WRM,3,0.5,1,508,36,487,18,NoAdapt,nothing,,0.4844632768361582,0.06521739130434782,0.3333333333333333
Left,random,HTL,WRM,3,0.5,1,508,36,487,18,TargetOnly,arc labels,,0.5307203389830508,0.08,0.5
Left,random,HTL,WRM,3,0.5,1,508,36,487,18,Source+Target,arc labels,,0.5421374764595104,0.11864406779661017,0.19444444444444445
Left,random,HTL,WRM,3,0.5,1,508,36,487,18,COT,arc labels,,0.5648540489642184,0.09049773755656108,0.5555555555555556
Left,random,HTL,WRM,3,0.5,1,508,36,487,18,none-HS4,arc labels,,0.52295197740113,0.07894736842105263,0.4166666666666667
Left,random,HTL,WRM,3,0.5,1,508,36,487,18,none-HSsrc,nothing,,0.5873352165725048,0.12871287128712872,0.3611111111111111
Left,random,HTL,WRM,3,0.5,1,508,36,487,18,none-PCA,arc segments,4.0,0.5388418079096046,0.08571428571428572,0.4166666666666667
Left,random,HTL,WRM,3,0.5,1,508,36,487,18,QOTu-HS4,arc labels,,0.475517890772128,0.058823529411764705,0.2222222222222222
Left,random,HTL,WRM,3,0.5,1,508,36,487,18,QOTu-HSsrc,arc segments,,0.5556732580037664,0.09655172413793103,0.3888888888888889
Left,random,HTL,WRM,3,0.5,1,508,36,487,18,QOTu-PCA,arc segments,16.0,0.4716337099811676,0.06043956043956044,0.3055555555555556
Left,random,HTL,WRM,3,0.5,1,508,36,487,18,QOTc-HS4,arc labels,,0.5316619585687382,0.08095238095238096,0.4722222222222222
Left,random,HTL,WRM,3,0.5,1,508,36,487,18,QOTc-HSsrc,arc labels,,0.661723163841808,0.10543130990415335,0.9166666666666666
Left,random,HTL,WRM,3,0.5,1,508,36,487,18,QOTc-PCA,arc labels,32.0,0.5906308851224105,0.09623430962343096,0.6388888888888888
Left,random,HTL,WRM,3,0.5,1,508,36,487,18,SDM-HS4,arc labels,,0.5536723163841808,0.08333333333333333,0.6666666666666666
Left,random,HTL,WRM,3,0.5,1,508,36,487,18,SDM-HSsrc,arc labels,,0.6577212806026365,0.10144927536231885,0.9722222222222222
Left,random,HTL,WRM,3,0.5,1,508,36,487,18,SDM-PCA,arc labels,32.0,0.5996939736346516,0.10919540229885058,0.5277777777777778
Left,random,HTL,WRM,4,0.05,1,508,30,51,2,NoAdapt,nothing,,0.4813807531380753,0.05429864253393665,0.4
Left,random,HTL,WRM,4,0.05,1,508,30,51,2,TargetOnly,arc labels,,0.5110181311018132,0.06481481481481481,0.23333333333333334
Left,random,HTL,WRM,4,0.05,1,508,30,51,2,Source+Target,arc labels,,0.5347280334728033,0.07058823529411765,0.4
Left,random,HTL,WRM,4,0.05,1,508,30,51,2,COT,arc labels,,0.5472803347280335,0.0759493670886076,0.4
Left,random,HTL,WRM,4,0.05,1,508,30,51,2,none-HS4,arc labels,,0.5209205020920502,0.0641025641025641,0.5
Left,random,HTL,WRM,4,0.05,1,508,30,51,2,none-HSsrc,nothing,,0.606834030683403,0.11016949152542373,0.43333333333333335
Left,random,HTL,WRM,4,0.05,1,508,30,51,2,none-PCA,arc segments,16.0,0.5285913528591353,0.07042253521126761,0.3333333333333333
Left,random,HTL,WRM,4,0.05,1,508,30,51,2,QOTu-HS4,arc labels,,0.5429567642956764,0.07142857142857142,0.4666666666666667
Left,random,HTL,WRM,4,0.05,1,508,30,51,2,QOTu-HSsrc,arc segments,,0.5511854951185495,0.07207207207207207,0.5333333333333333
Left,random,HTL,WRM,4,0.05,1,508,30,51,2,QOTu-PCA,arc segments,16.0,0.4645048814504882,0.05166051660516605,0.4666666666666667
Left,random,HTL,WRM,4,0.05,1,508,30,51,2,QOTc-HS4,arc labels,,0.5412133891213389,0.07964601769911504,0.3
Left,random,HTL,WRM,4,0.05,1,508,30,51,2,QOTc-HSsrc,arc labels,,0.6055090655509066,0.09090909090909091,0.5666666666666667
Left,random,HTL,WRM,4,0.05,1,508,30,51,2,QOTc-PCA,arc labels,64.0,0.48835425383542536,0.044444444444444446,0.06666666666666667
Left,random,HTL,WRM,4,0.05,1,508,30,51,2,SDM-HS4,arc labels,,0.5428870292887029,0.07042253521126761,0.5
Left,random,HTL,WRM,4,0.05,1,508,30,51,2,SDM-HSsrc,arc labels,,0.6436541143654114,0.08741258741258741,0.8333333333333334
Left,random,HTL,WRM,4,0.05,1,508,30,51,2,SDM-PCA,arc labels,8.0,0.544002789400279,0.07179487179487179,0.4666666666666667
Left,random,HTL,WRM,4,0.1,1,508,30,102,4,NoAdapt,nothing,,0.4813807531380753,0.05429864253393665,0.4
Left,random,HTL,WRM,4,0.1,1,508,30,102,4,TargetOnly,arc labels,,0.550418410041841,0.07741935483870968,0.4
Left,random,HTL,WRM,4,0.1,1,508,30,102,4,Source+Target,arc labels,,0.5807531380753138,0.09523809523809523,0.4
Left,random,HTL,WRM,4,0.1,1,508,30,102,4,COT,arc labels,,0.4197350069735007,0.04182509505703422,0.36666666666666664
Left,random,HTL,WRM,4,0.1,1,508,30,102,4,none-HS4,arc labels,,0.5168061366806136,0.06334841628959276,0.4666666666666667
Left,random,HTL,WRM,4,0.1,1,508,30,102,4,none-HSsrc,nothing,,0.606834030683403,0.11016949152542373,0.43333333333333335
Left,random,HTL,WRM,4,0.1,1,508,30,102,4,none-PCA,arc segments,16.0,0.5244072524407253,0.0684931506849315,0.3333333333333333
Left,random,HTL,WRM,4,0.1,1,508,30,102,4,QOTu-HS4,arc labels,,0.46366806136680616,0.049773755656108594,0.36666666666666664
Left,random,HTL,WRM,4,0.1,1,508,30,102,4,QOTu-HSsrc,arc segments,,0.545955369595537,0.07048458149779736,0.5333333333333333
Left,random,HTL,WRM,4,0.1,1,508,30,102,4,QOTu-PCA,arc segments,16.0,0.46345885634588563,0.051470588235294115,0.4666666666666667
Left,random,HTL,WRM,4,0.1,1,508,30,102,4,QOTc-HS4,arc labels,,0.549302649930265,0.07514450867052024,0.43333333333333335
Left,random,HTL,WRM,4,0.1,1,508,30,102,4,QOTc-HSsrc,arc labels,,0.5709205020920503,0.0759493670886076,0.6
Left,random,HTL,WRM,4,0.1,1,508,30,102,4,QOTc-PCA,arc labels,64.0,0.4601813110181311,0.01818181818181818,0.03333333333333333
Left,random,HTL,WRM,4,0.1,1,508,30,102,4,SDM-HS4,arc labels,,0.5335425383542538,0.06829268292682927,0.4666666666666667
Left,random,HTL,WRM,4,0.1,1,508,30,102,4,SDM-HSsrc,arc labels,,0.6842398884239889,0.09395973154362416,0.9333333333333333
Left,random,HTL,WRM,4,0.1,1,508,30,102,4,SDM-PCA,arc labels,16.0,0.3910739191073919,0.014492753623188406,0.06666666666666667
Left,random,HTL,WRM,4,0.2,1,508,30,203,8,NoAdapt,nothing,,0.4813807531380753,0.05429864253393665,0.4
Left,random,HTL,WRM,4,0.2,1,508,30,203,8,TargetOnly,arc labels,,0.553207810320781,0.07172995780590717,0.5666666666666667
Left,random,HTL,WRM,4,0.2,1,508,30,203,8,Source+Target,arc labels,,0.5933751743375174,0.1134020618556701,0.36666666666666664
Left,random,HTL,WRM,4,0.2,1,508,30,203,8,COT,arc labels,,0.6327057182705718,0.10559006211180125,0.5666666666666667
Left,random,HTL,WRM,4,0.2,1,508,30,203,8,none-HS4,arc labels,,0.550139470013947,0.07174887892376682,0.5333333333333333
Left,random,HTL,WRM,4,0.2,1,508,30,203,8,none-HSsrc,nothing,,0.606834030683403,0.11016949152542373,0.43333333333333335
Left,random,HTL,WRM,4,0.2,1,508,30,203,8,none-PCA,arc segments,16.0,0.5244072524407253,0.0684931506849315,0.3333333333333333
Left,random,HTL,WRM,4,0.2,1,508,30,203,8,QOTu-HS4,arc labels,,0.49086471408647137,0.05641025641025641,0.36666666666666664
Left,random,HTL,WRM,4,0.2,1,508,30,203,8,QOTu-HSsrc,arc segments,,0.550139470013947,0.07174887892376682,0.5333333333333333
Left,random,HTL,WRM,4,0.2,1,508,30,203,8,QOTu-PCA,arc segments,64.0,0.47099023709902366,0.0514018691588785,0.36666666666666664
Left,random,HTL,WRM,4,0.2,1,508,30,203,8,QOTc-HS4,arc labels,,0.5521617852161785,0.07142857142857142,0.5666666666666667
Left,random,HTL,WRM,4,0.2,1,508,30,203,8,QOTc-HSsrc,arc labels,,0.555299860529986,0.07234042553191489,0.5666666666666667
Left,random,HTL,WRM,4,0.2,1,508,30,203,8,QOTc-PCA,arc labels,32.0,0.5359135285913529,0.07407407407407407,0.3333333333333333
Left,random,HTL,WRM,4,0.2,1,508,30,203,8,SDM-HS4,arc labels,,0.5499302649930264,0.06934306569343066,0.6333333333333333
Left,random,HTL,WRM,4,0.2,1,508,30,203,8,SDM-HSsrc,arc labels,,0.6676429567642956,0.09285714285714286,0.8666666666666667
Left,random,HTL,WRM,4,0.2,1,508,30,203,8,SDM-PCA,arc labels,16.0,0.5336820083682008,0.07017543859649122,0.4
Left,random,HTL,WRM,4,0.3,1,508,30,305,12,NoAdapt,nothing,,0.4813807531380753,0.05429864253393665,0.4
Left,random,HTL,WRM,4,0.3,1,508,30,305,12,TargetOnly,arc labels,,0.554323570432357,0.0730593607305936,0.5333333333333333
Left,random,HTL,WRM,4,0.3,1,508,30,305,12,Source+Target,arc labels,,0.6059274755927475,0.12941176470588237,0.36666666666666664
Left,random,HTL,WRM,4,0.3,1,508,30,305,12,COT,arc labels,,0.5324267782426778,0.06726457399103139,0.5
Left,random,HTL,WRM,4,0.3,1,508,30,305,12,none-HS4,arc labels,,0.5470013947001395,0.07079646017699115,0.5333333333333333
Left,random,HTL,WRM,4,0.3,1,508,30,305,12,none-HSsrc,nothing,,0.606834030683403,0.11016949152542373,0.43333333333333335
Left,random,HTL,WRM,4,0.3,1,508,30,305,12,none-PCA,arc segments,16.0,0.5139470013947002,0.0641025641025641,0.3333333333333333
Left,random,HTL,WRM,4,0.3,1,508,30,305,12,QOTu-HS4,arc labels,,0.48668061366806137,0.05527638190954774,0.36666666666666664
Left,random,HTL,WRM,4,0.3,1,508,30,305,12,QOTu-HSsrc,arc segments,,0.550139470013947,0.07174887892376682,0.5333333333333333
Left,random,HTL,WRM,4,0.3,1,508,30,305,12,QOTu-PCA,arc segments,16.0,0.45955369595536955,0.04807692307692308,0.3333333333333333
Left,random,HTL,WRM,4,0.3,1,508,30,305,12,QOTc-HS4,arc labels,,0.5458856345885634,0.06967213114754098,0.5666666666666667
Left,random,HTL,WRM,4,0.3,1,508,30,305,12,QOTc-HSsrc,arc labels,,0.5813807531380752,0.07929515418502203,0.6
Left,random,HTL,WRM,4,0.3,1,508,30,305,12,QOTc-PCA,arc labels,64.0,0.5556485355648535,0.08,0.4
Left,random,HTL,WRM,4,0.3,1,508,30,305,12,SDM-HS4,arc labels,,0.5290097629009762,0.06462585034013606,0.6333333333333333
Left,random,HTL,WRM,4,0.3,1,508,30,305,12,SDM-HSsrc,arc labels,,0.6103905160390516,0.08239700374531835,0.7333333333333333
Left,random,HTL,WRM,4,0.3,1,508,30,305,12,SDM-PCA,arc labels,16.0,0.47099023709902366,0.0514018691588785,0.36666666666666664
Left,random,HTL,WRM,4,0.5,1,508,30,487,24,NoAdapt,nothing,,0.4813807531380753,0.05429864253393665,0.4
Left,random,HTL,WRM,4,0.5,1,508,30,487,24,TargetOnly,arc labels,,0.599163179916318,0.08571428571428572,0.6
Left,random,HTL,WRM,4,0.5,1,508,30,487,24,Source+Target,arc labels,,0.60278940027894,0.125,0.36666666666666664
Left,random,HTL,WRM,4,0.5,1,508,30,487,24,COT,arc labels,,0.653486750348675,0.10857142857142857,0.6333333333333333
Left,random,HTL,WRM,4,0.5,1,508,30,487,24,none-HS4,arc labels,,0.5209205020920502,0.0641025641025641,0.5
Left,random,HTL,WRM,4,0.5,1,508,30,487,24,none-HSsrc,nothing,,0.606834030683403,0.11016949152542373,0.43333333333333335
Left,random,HTL,WRM,4,0.5,1,508,30,487,24,none-PCA,arc segments,16.0,0.5336820083682008,0.07017543859649122,0.4
Left,random,HTL,WRM,4,0.5,1,508,30,487,24,QOTu-HS4,arc labels,,0.48256624825662486,0.053763440860215055,0.3333333333333333
Left,random,HTL,WRM,4,0.5,1,508,30,487,24,QOTu-HSsrc,arc segments,,0.550139470013947,0.07174887892376682,0.5333333333333333
Left,random,HTL,WRM,4,0.5,1,508,30,487,24,QOTu-PCA,arc segments,64.0,0.46785216178521616,0.05069124423963134,0.36666666666666664
Left,random,HTL,WRM,4,0.5,1,508,30,487,24,QOTc-HS4,arc labels,,0.5718967921896791,0.07509881422924901,0.6333333333333333
Left,random,HTL,WRM,4,0.5,1,508,30,487,24,QOTc-HSsrc,arc labels,,0.6052301255230126,0.08235294117647059,0.7
Left,random,HTL,WRM,4,0.5,1,508,30,487,24,QOTc-PCA,arc labels,64.0,0.7044630404463041,0.11855670103092783,0.7666666666666667
Left,random,HTL,WRM,4,0.5,1,508,30,487,24,SDM-HS4,arc labels,,0.5414923291492328,0.06688963210702341,0.6666666666666666
Left,random,HTL,WRM,4,0.5,1,508,30,487,24,SDM-HSsrc,arc labels,,0.6280334728033473,0.08450704225352113,0.8
Left,random,HTL,WRM,4,0.5,1,508,30,487,24,SDM-PCA,arc labels,32.0,0.594002789400279,0.08585858585858586,0.5666666666666667
Left,random,HTL,WRM,5,0.05,1,508,28,51,4,NoAdapt,nothing,,0.4257440476190476,0.04152249134948097,0.42857142857142855
Left,random,HTL,WRM,5,0.05,1,508,28,51,4,TargetOnly,arc labels,,0.5910714285714286,0.10638297872340426,0.35714285714285715
Left,random,HTL,WRM,5,0.05,1,508,28,51,4,Source+Target,arc labels,,0.477827380952381,0.0502092050209205,0.42857142857142855
Left,random,HTL,WRM,5,0.05,1,508,28,51,4,COT,arc labels,,0.68125,0.175,0.5
Left,random,HTL,WRM,5,0.05,1,508,28,51,4,none-HS4,arc labels,,0.48779761904761904,0.052980132450331126,0.5714285714285714
Left,random,HTL,WRM,5,0.05,1,508,28,51,4,none-HSsrc,nothing,,0.5811011904761905,0.08227848101265822,0.4642857142857143
Left,random,HTL,WRM,5,0.05,1,508,28,51,4,none-PCA,arc segments,16.0,0.5741071428571429,0.07462686567164178,0.5357142857142857
Left,random,HTL,WRM,5,0.05,1,508,28,51,4,QOTu-HS4,arc labels,,0.4552083333333333,0.04713804713804714,0.5
Left,random,HTL,WRM,5,0.05,1,508,28,51,4,QOTu-HSsrc,arc segments,,0.48988095238095236,0.05333333333333334,0.5714285714285714
Left,random,HTL,WRM,5,0.05,1,508,28,51,4,QOTu-PCA,arc segments,16.0,0.45089285714285715,0.045936395759717315,0.4642857142857143
Left,random,HTL,WRM,5,0.05,1,508,28,51,4,QOTc-HS4,arc labels,,0.5611607142857142,0.07547169811320754,0.42857142857142855
Left,random,HTL,WRM,5,0.05,1,508,28,51,4,QOTc-HSsrc,arc labels,,0.528720238095238,0.06395348837209303,0.39285714285714285
Left,random,HTL,WRM,5,0.05,1,508,28,51,4,QOTc-PCA,arc labels,32.0,0.5148809523809524,0.09090909090909091,0.07142857142857142
Left,random,HTL,WRM,5,0.05,1,508,28,51,4,SDM-HS4,arc labels,,0.5572916666666667,0.07035175879396985,0.5
Left,random,HTL,WRM,5,0.05,1,508,28,51,4,SDM-HSsrc,arc labels,,0.5373511904761905,0.065,0.4642857142857143
Left,random,HTL,WRM,5,0.05,1,508,28,51,4,SDM-PCA,arc labels,8.0,0.524702380952381,0.061855670103092786,0.42857142857142855
Left,random,HTL,WRM,5,0.1,1,508,28,102,6,NoAdapt,nothing,,0.4257440476190476,0.04152249134948097,0.42857142857142855
Left,random,HTL,WRM,5,0.1,1,508,28,102,6,TargetOnly,arc labels,,0.634077380952381,0.1348314606741573,0.42857142857142855
Left,random,HTL,WRM,5,0.1,1,508,28,102,6,Source+Target,arc labels,,0.5507440476190476,0.07100591715976332,0.42857142857142855
Left,random,HTL,WRM,5,0.1,1,508,28,102,6,COT,arc labels,,0.628422619047619,0.09580838323353294,0.5714285714285714
Left,random,HTL,WRM,5,0.1,1,508,28,102,6,none-HS4,arc labels,,0.4961309523809524,0.05442176870748299,0.5714285714285714
Left,random,HTL,WRM,5,0.1,1,508,28,102,6,none-HSsrc,nothing,,0.5811011904761905,0.08227848101265822,0.4642857142857143
Left,random,HTL,WRM,5,0.1,1,508,28,102,6,none-PCA,arc segments,16.0,0.5191964285714286,0.06134969325153374,0.35714285714285715
Left,random,HTL,WRM,5,0.1,1,508,28,102,6,QOTu-HS4,arc labels,,0.47619047619047616,0.05084745762711865,0.5357142857142857
Left,random,HTL,WRM,5,0.1,1,508,28,102,6,QOTu-HSsrc,arc segments,,0.4857142857142857,0.05263157894736842,0.5714285714285714
Left,random,HTL,WRM,5,0.1,1,508,28,102,6,QOTu-PCA,arc segments,16.0,0.41964285714285715,0.04153354632587859,0.4642857142857143
Left,random,HTL,WRM,5,0.1,1,508,28,102,6,QOTc-HS4,arc labels,,0.5684523809523809,0.07894736842105263,0.42857142857142855
Left,random,HTL,WRM,5,0.1,1,508,28,102,6,QOTc-HSsrc,arc labels,,0.5360119047619047,0.06666666666666667,0.39285714285714285
Left,random,HTL,WRM,5,0.1,1,508,28,102,6,QOTc-PCA,arc labels,64.0,0.5811011904761905,0.1935483870967742,0.21428571428571427
Left,random,HTL,WRM,5,0.1,1,508,28,102,6,SDM-HS4,arc labels,,0.5108630952380953,0.05847953216374269,0.35714285714285715
Left,random,HTL,WRM,5,0.1,1,508,28,102,6,SDM-HSsrc,arc labels,,0.5540178571428571,0.07065217391304347,0.4642857142857143
Left,random,HTL,WRM,5,0.1,1,508,28,102,6,SDM-PCA,arc labels,8.0,0.5747023809523809,0.0821917808219178,0.42857142857142855
Left,random,HTL,WRM,5,0.2,1,508,28,203,13,NoAdapt,nothing,,0.4257440476190476,0.04152249134948097,0.42857142857142855
Left,random,HTL,WRM,5,0.2,1,508,28,203,13,TargetOnly,arc labels,,0.6017857142857144,0.07692307692307693,0.6785714285714286
Left,random,HTL,WRM,5,0.2,1,508,28,203,13,Source+Target,arc labels,,0.5474702380952381,0.07142857142857142,0.39285714285714285
Left,random,HTL,WRM,5,0.2,1,508,28,203,13,COT,arc labels,,0.5455357142857142,0.06312292358803986,0.6785714285714286
Left,random,HTL,WRM,5,0.2,1,508,28,203,13,none-HS4,arc labels,,0.49300595238095235,0.05387205387205387,0.5714285714285714
Left,random,HTL,WRM,5,0.2,1,508,28,203,13,none-HSsrc,nothing,,0.5811011904761905,0.08227848101265822,0.4642857142857143
Left,random,HTL,WRM,5,0.2,1,508,28,203,13,none-PCA,arc segments,16.0,0.5139880952380952,0.05952380952380952,0.35714285714285715
Left,random,HTL,WRM,5,0.2,1,508,28,203,13,QOTu-HS4,arc labels,,0.43005952380952384,0.0429042904290429,0.4642857142857143
Left,random,HTL,WRM,5,0.2,1,508,28,203,13,QOTu-HSsrc,arc segments,,0.481547619047619,0.05194805194805195,0.5714285714285714
Left,random,HTL,WRM,5,0.2,1,508,28,203,13,QOTu-PCA,arc segments,16.0,0.4123511904761905,0.040625,0.4642857142857143
Left,random,HTL,WRM,5,0.2,1,508,28,203,13,QOTc-HS4,arc labels,,0.4620535714285714,0.046610169491525424,0.39285714285714285
Left,random,HTL,WRM,5,0.2,1,508,28,203,13,QOTc-HSsrc,arc labels,,0.5023809523809524,0.05555555555555555,0.5714285714285714
Left,random,HTL,WRM,5,0.2,1,508,28,203,13,QOTc-PCA,arc labels,64.0,0.5461309523809524,0.07563025210084033,0.32142857142857145
Left,random,HTL,WRM,5,0.2,1,508,28,203,13,SDM-HS4,arc labels,,0.5113095238095238,0.057777777777777775,0.4642857142857143
Left,random,HTL,WRM,5,0.2,1,508,28,203,13,SDM-HSsrc,arc labels,,0.4867559523809524,0.052805280528052806,0.5714285714285714
Left,random,HTL,WRM,5,0.2,1,508,28,203,13,SDM-PCA,arc labels,8.0,0.5501488095238095,0.06696428571428571,0.5357142857142857
Left,random,HTL,WRM,5,0.3,1,508,28,305,17,NoAdapt,nothing,,0.4257440476190476,0.04152249134948097,0.42857142857142855
Left,random,HTL,WRM,5,0.3,1,508,28,305,17,TargetOnly,arc labels,,0.6007440476190476,0.07661290322580645,0.6785714285714286
Left,random,HTL,WRM,5,0.3,1,508,28,305,17,Source+Target,arc labels,,0.5558035714285714,0.07534246575342465,0.39285714285714285
Left,random,HTL,WRM,5,0.3,1,508,28,305,17,COT,arc labels,,0.5915178571428572,0.07272727272727272,0.7142857142857143
Left,random,HTL,WRM,5,0.3,1,508,28,305,17,none-HS4,arc labels,,0.49925595238095233,0.054982817869415807,0.5714285714285714
Left,random,HTL,WRM,5,0.3,1,508,28,305,17,none-HSsrc,nothing,,0.5811011904761905,0.08227848101265822,0.4642857142857143
Left,random,HTL,WRM,5,0.3,1,508,28,305,17,none-PCA,arc segments,16.0,0.5392857142857143,0.06666666666666667,0.42857142857142855
Left,random,HTL,WRM,5,0.3,1,508,28,305,17,QOTu-HS4,arc labels,,0.42485119047619047,0.04220779220779221,0.4642857142857143
Left,random,HTL,WRM,5,0.3,1,508,28,305,17,QOTu-HSsrc,arc segments,,0.481547619047619,0.05194805194805195,0.5714285714285714
Left,random,HTL,WRM,5,0.3,1,508,28,305,17,QOTu-PCA,arc segments,16.0,0.48065476190476186,0.05198776758409786,0.6071428571428571
Left,random,HTL,WRM,5,0.3,1,508,28,305,17,QOTc-HS4,arc labels,,0.5565476190476191,0.06779661016949153,0.5714285714285714
Left,random,HTL,WRM,5,0.3,1,508,28,305,17,QOTc-HSsrc,arc labels,,0.5357142857142857,0.0625,0.5714285714285714
Left,random,HTL,WRM,5,0.3,1,508,28,305,17,QOTc-PCA,arc labels,32.0,0.6325892857142856,0.09815950920245399,0.5714285714285714
Left,random,HTL,WRM,5,0.3,1,508,28,305,17,SDM-HS4,arc labels,,0.5144345238095238,0.05855855855855856,0.4642857142857143
Left,random,HTL,WRM,5,0.3,1,508,28,305,17,SDM-HSsrc,arc labels,,0.48467261904761905,0.05245901639344262,0.5714285714285714
Left,random,HTL,WRM,5,0.3,1,508,28,305,17,SDM-PCA,arc labels,8.0,0.5438988095238095,0.06521739130434782,0.5357142857142857
Left,random,HTL,WRM,5,0.5,1,508,28,487,26,NoAdapt,nothing,,0.4257440476190476,0.04152249134948097,0.42857142857142855
Left,random,HTL,WRM,5,0.5,1,508,28,487,26,TargetOnly,arc labels,,0.637202380952381,0.0892018779342723,0.6785714285714286
Left,random,HTL,WRM,5,0.5,1,508,28,487,26,Source+Target,arc labels,,0.5641369047619048,0.07971014492753623,0.39285714285714285
Left,random,HTL,WRM,5,0.5,1,508,28,487,26,COT,arc labels,,0.7199404761904762,0.11702127659574468,0.7857142857142857
Left,random,HTL,WRM,5,0.5,1,508,28,487,26,none-HS4,arc labels,,0.49404761904761907,0.05405405405405406,0.5714285714285714
Left,random,HTL,WRM,5,0.5,1,508,28,487,26,none-HSsrc,nothing,,0.5811011904761905,0.08227848101265822,0.4642857142857143
Left,random,HTL,WRM,5,0.5,1,508,28,487,26,none-PCA,arc segments,16.0,0.5340773809523809,0.06486486486486487,0.42857142857142855
Left,random,HTL,WRM,5,0.5,1,508,28,487,26,QOTu-HS4,arc labels,,0.5077380952380952,0.05647840531561462,0.6071428571428571
Left,random,HTL,WRM,5,0.5,1,508,28,487,26,QOTu-HSsrc,arc segments,,0.47738095238095235,0.05128205128205128,0.5714285714285714
Left,random,HTL,WRM,5,0.5,1,508,28,487,26,QOTu-PCA,arc segments,16.0,0.4848214285714285,0.05263157894736842,0.6071428571428571
Left,random,HTL,WRM,5,0.5,1,508,28,487,26,QOTc-HS4,arc labels,,0.5638392857142858,0.06986899563318777,0.5714285714285714
Left,random,HTL,WRM,5,0.5,1,508,28,487,26,QOTc-HSsrc,arc labels,,0.5617559523809523,0.06926406926406926,0.5714285714285714
Left,random,HTL,WRM,5,0.5,1,508,28,487,26,QOTc-PCA,arc labels,64.0,0.7520833333333333,0.1510791366906475,0.75
Left,random,HTL,WRM,5,0.5,1,508,28,487,26,SDM-HS4,arc labels,,0.553422619047619,0.06694560669456066,0.5714285714285714
Left,random,HTL,WRM,5,0.5,1,508,28,487,26,SDM-HSsrc,arc labels,,0.5568452380952381,0.0661764705882353,0.6428571428571429
Left,random,HTL,WRM,5,0.5,1,508,28,487,26,SDM-PCA,arc labels,32.0,0.5089285714285714,0.05759162303664921,0.39285714285714285
Left,random,HTL,WRM,6,0.05,1,508,18,51,4,NoAdapt,nothing,,0.5384353741496598,0.03986710963455149,0.6666666666666666
Left,random,HTL,WRM,6,0.05,1,508,18,51,4,TargetOnly,arc labels,,0.5484126984126985,0.04182509505703422,0.6111111111111112
Left,random,HTL,WRM,6,0.05,1,508,18,51,4,Source+Target,arc labels,,0.6017006802721088,0.0502092050209205,0.6666666666666666
Left,random,HTL,WRM,6,0.05,1,508,18,51,4,COT,arc labels,,0.5024943310657597,0.03571428571428571,0.6111111111111112
Left,random,HTL,WRM,6,0.05,1,508,18,51,4,none-HS4,arc labels,,0.599092970521542,0.04697986577181208,0.7777777777777778
Left,random,HTL,WRM,6,0.05,1,508,18,51,4,none-HSsrc,nothing,,0.6988662131519274,0.0755813953488372,0.7222222222222222
Left,random,HTL,WRM,6,0.05,1,508,18,51,4,none-PCA,arc segments,64.0,0.558390022675737,0.044444444444444446,0.5555555555555556
Left,random,HTL,WRM,6,0.05,1,508,18,51,4,QOTu-HS4,arc labels,,0.5950113378684807,0.046357615894039736,0.7777777777777778
Left,random,HTL,WRM,6,0.05,1,508,18,51,4,QOTu-HSsrc,arc segments,,0.5888888888888889,0.045454545454545456,0.7777777777777778
Left,random,HTL,WRM,6,0.05,1,508,18,51,4,QOTu-PCA,arc segments,64.0,0.49773242630385484,0.03508771929824561,0.4444444444444444
Left,random,HTL,WRM,6,0.05,1,508,18,51,4,QOTc-HS4,arc labels,,0.5117913832199547,0.03763440860215054,0.3888888888888889
Left,random,HTL,WRM,6,0.05,1,508,18,51,4,QOTc-HSsrc,arc labels,,0.5971655328798187,0.053475935828877004,0.5555555555555556
Left,random,HTL,WRM,6,0.05,1,508,18,51,4,QOTc-PCA,arc labels,64.0,0.4704081632653061,0.0,0.0
Left,random,HTL,WRM,6,0.05,1,508,18,51,4,SDM-HS4,arc labels,,0.4447845804988662,0.023952095808383235,0.2222222222222222
Left,random,HTL,WRM,6,0.05,1,508,18,51,4,SDM-HSsrc,arc labels,,0.718140589569161,0.06390977443609022,0.9444444444444444
Left,random,HTL,WRM,6,0.05,1,508,18,51,4,SDM-PCA,arc labels,32.0,0.3614512471655329,0.006097560975609756,0.05555555555555555
Left,random,HTL,WRM,6,0.1,1,508,18,102,7,NoAdapt,nothing,,0.5384353741496598,0.03986710963455149,0.6666666666666666
Left,random,HTL,WRM,6,0.1,1,508,18,102,7,TargetOnly,arc labels,,0.7117913832199546,0.06557377049180328,0.8888888888888888
Left,random,HTL,WRM,6,0.1,1,508,18,102,7,Source+Target,arc labels,,0.6547619047619048,0.06417112299465241,0.6666666666666666
Left,random,HTL,WRM,6,0.1,1,508,18,102,7,COT,arc labels,,0.7179138321995464,0.06722689075630252,0.8888888888888888
Left,random,HTL,WRM,6,0.1,1,508,18,102,7,none-HS4,arc labels,,0.6011337868480726,0.0472972972972973,0.7777777777777778
Left,random,HTL,WRM,6,0.1,1,508,18,102,7,none-HSsrc,nothing,,0.6988662131519274,0.0755813953488372,0.7222222222222222
Left,random,HTL,WRM,6,0.1,1,508,18,102,7,none-PCA,arc segments,64.0,0.558390022675737,0.044444444444444446,0.5555555555555556
Left,random,HTL,WRM,6,0.1,1,508,18,102,7,QOTu-HS4,arc labels,,0.6023809523809525,0.04643962848297214,0.8333333333333334
Left,random,HTL,WRM,6,0.1,1,508,18,102,7,QOTu-HSsrc,arc segments,,0.5848072562358276,0.04487179487179487,0.7777777777777778
Left,random,HTL,WRM,6,0.1,1,508,18,102,7,QOTu-PCA,arc segments,32.0,0.5277777777777778,0.0392156862745098,0.5555555555555556
Left,random,HTL,WRM,6,0.1,1,508,18,102,7,QOTc-HS4,arc labels,,0.6705215419501134,0.06140350877192982,0.7777777777777778
Left,random,HTL,WRM,6,0.1,1,508,18,102,7,QOTc-HSsrc,arc labels,,0.6643990929705215,0.05982905982905983,0.7777777777777778
Left,random,HTL,WRM,6,0.1,1,508,18,102,7,QOTc-PCA,arc labels,32.0,0.5531746031746032,0.056179775280898875,0.2777777777777778
Left,random,HTL,WRM,6,0.1,1,508,18,102,7,SDM-HS4,arc labels,,0.6190476190476191,0.05405405405405406,0.6666666666666666
Left,random,HTL,WRM,6,0.1,1,508,18,102,7,SDM-HSsrc,arc labels,,0.6439909297052154,0.05511811023622047,0.7777777777777778
Left,random,HTL,WRM,6,0.1,1,508,18,102,7,SDM-PCA,arc labels,32.0,0.653514739229025,0.06875,0.6111111111111112
Left,random,HTL,WRM,6,0.2,1,508,18,203,16,NoAdapt,nothing,,0.5384353741496598,0.03986710963455149,0.6666666666666666
Left,random,HTL,WRM,6,0.2,1,508,18,203,16,TargetOnly,arc labels,,0.6674603174603175,0.06060606060606061,0.7777777777777778
Left,random,HTL,WRM,6,0.2,1,508,18,203,16,Source+Target,arc labels,,0.6514739229024944,0.06790123456790123,0.6111111111111112
Left,random,HTL,WRM,6,0.2,1,508,18,203,16,COT,arc labels,,0.7179138321995464,0.06722689075630252,0.8888888888888888
Left,random,HTL,WRM,6,0.2,1,508,18,203,16,none-HS4,arc labels,,0.5939909297052154,0.0462046204620462,0.7777777777777778
Left,random,HTL,WRM,6,0.2,1,508,18,203,16,none-HSsrc,nothing,,0.6988662131519274,0.0755813953488372,0.7222222222222222
Left,random,HTL,WRM,6,0.2,1,508,18,203,16,none-PCA,arc segments,64.0,0.558390022675737,0.044444444444444446,0.5555555555555556
Left,random,HTL,WRM,6,0.2,1,508,18,203,16,QOTu-HS4,arc labels,,0.5580498866213152,0.041935483870967745,0.7222222222222222
Left,random,HTL,WRM,6,0.2,1,508,18,203,16,QOTu-HSsrc,arc segments,,0.5848072562358276,0.04487179487179487,0.7777777777777778
Left,random,HTL,WRM,6,0.2,1,508,18,203,16,QOTu-PCA,arc segments,32.0,0.5308390022675737,0.03968253968253968,0.5555555555555556
Left,random,HTL,WRM,6,0.2,1,508,18,203,16,QOTc-HS4,arc labels,,0.5003401360544217,0.03550295857988166,0.3333333333333333
Left,random,HTL,WRM,6,0.2,1,508,18,203,16,QOTc-HSsrc,arc labels,,0.554875283446712,0.046511627906976744,0.4444444444444444
Left,random,HTL,WRM,6,0.2,1,508,18,203,16,QOTc-PCA,arc labels,64.0,0.46961451247165537,0.017241379310344827,0.05555555555555555
Left,random,HTL,WRM,6,0.2,1,508,18,203,16,SDM-HS4,arc labels,,0.4468253968253968,0.024242424242424242,0.2222222222222222
Left,random,HTL,WRM,6,0.2,1,508,18,203,16,SDM-HSsrc,arc labels,,0.6654195011337869,0.060085836909871244,0.7777777777777778
Left,random,HTL,WRM,6,0.2,1,508,18,203,16,SDM-PCA,arc labels,32.0,0.5775510204081633,0.05056179775280899,0.5
Left,random,HTL,WRM,6,0.3,1,508,18,305,22,NoAdapt,nothing,,0.5384353741496598,0.03986710963455149,0.6666666666666666
Left,random,HTL,WRM,6,0.3,1,508,18,305,22,TargetOnly,arc labels,,0.685827664399093,0.06572769953051644,0.7777777777777778
Left,random,HTL,WRM,6,0.3,1,508,18,305,22,Source+Target,arc labels,,0.6555555555555556,0.06962025316455696,0.6111111111111112
Left,random,HTL,WRM,6,0.3,1,508,18,305,22,COT,arc labels,,0.717687074829932,0.07142857142857142,0.8333333333333334
Left,random,HTL,WRM,6,0.3,1,508,18,305,22,none-HS4,arc labels,,0.5929705215419501,0.046052631578947366,0.7777777777777778
Left,random,HTL,WRM,6,0.3,1,508,18,305,22,none-HSsrc,nothing,,0.6988662131519274,0.0755813953488372,0.7222222222222222
Left,random,HTL,WRM,6,0.3,1,508,18,305,22,none-PCA,arc segments,64.0,0.558390022675737,0.044444444444444446,0.5555555555555556
Left,random,HTL,WRM,6,0.3,1,508,18,305,22,QOTu-HS4,arc labels,,0.5055555555555555,0.036065573770491806,0.6111111111111112
Left,random,HTL,WRM,6,0.3,1,508,18,305,22,QOTu-HSsrc,arc segments,,0.5797052154195012,0.04416403785488959,0.7777777777777778
Left,random,HTL,WRM,6,0.3,1,508,18,305,22,QOTu-PCA,arc segments,16.0,0.5692743764172336,0.043478260869565216,0.7222222222222222
Left,random,HTL,WRM,6,0.3,1,508,18,305,22,QOTc-HS4,arc labels,,0.4794784580498866,0.03007518796992481,0.2222222222222222
Left,random,HTL,WRM,6,0.3,1,508,18,305,22,QOTc-HSsrc,arc labels,,0.5569160997732426,0.047058823529411764,0.4444444444444444
Left,random,HTL,WRM,6,0.3,1,508,18,305,22,QOTc-PCA,arc labels,64.0,0.47063492063492063,0.017543859649122806,0.05555555555555555
Left,random,HTL,WRM,6,0.3,1,508,18,305,22,SDM-HS4,arc labels,,0.41088435374149657,0.01744186046511628,0.16666666666666666
Left,random,HTL,WRM,6,0.3,1,508,18,305,22,SDM-HSsrc,arc labels,,0.659297052154195,0.058577405857740586,0.7777777777777778
Left,random,HTL,WRM,6,0.3,1,508,18,305,22,SDM-PCA,arc labels,32.0,0.5250566893424037,0.04046242774566474,0.3888888888888889
Left,random,HTL,WRM,6,0.5,1,508,18,487,32,NoAdapt,nothing,,0.5384353741496598,0.03986710963455149,0.6666666666666666
Left,random,HTL,WRM,6,0.5,1,508,18,487,32,TargetOnly,arc labels,,0.6837868480725624,0.06511627906976744,0.7777777777777778
Left,random,HTL,WRM,6,0.5,1,508,18,487,32,Source+Target,arc labels,,0.6761904761904762,0.07228915662650602,0.6666666666666666
Left,random,HTL,WRM,6,0.5,1,508,18,487,32,COT,arc labels,,0.7146258503401361,0.07042253521126761,0.8333333333333334
Left,random,HTL,WRM,6,0.5,1,508,18,487,32,none-HS4,arc labels,,0.5929705215419501,0.046052631578947366,0.7777777777777778
Left,random,HTL,WRM,6,0.5,1,508,18,487,32,none-HSsrc,nothing,,0.6988662131519274,0.0755813953488372,0.7222222222222222
Left,random,HTL,WRM,6,0.5,1,508,18,487,32,none-PCA,arc segments,64.0,0.558390022675737,0.044444444444444446,0.5555555555555556
Left,random,HTL,WRM,6,0.5,1,508,18,487,32,QOTu-HS4,arc labels,,0.4910430839002268,0.03436426116838488,0.5555555555555556
Left,random,HTL,WRM,6,0.5,1,508,18,487,32,QOTu-HSsrc,arc segments,,0.5786848072562358,0.0440251572327044,0.7777777777777778
Left,random,HTL,WRM,6,0.5,1,508,18,487,32,QOTu-PCA,arc segments,16.0,0.6023809523809525,0.04643962848297214,0.8333333333333334
Left,random,HTL,WRM,6,0.5,1,508,18,487,32,QOTc-HS4,arc labels,,0.573469387755102,0.04945054945054945,0.5
Left,random,HTL,WRM,6,0.5,1,508,18,487,32,QOTc-HSsrc,arc labels,,0.6674603174603175,0.06060606060606061,0.7777777777777778
Left,random,HTL,WRM,6,0.5,1,508,18,487,32,QOTc-PCA,arc labels,64.0,0.6332199546485261,0.1044776119402985,0.3888888888888889
Left,random,HTL,WRM,6,0.5,1,508,18,487,32,SDM-HS4,arc labels,,0.5765306122448979,0.05027932960893855,0.5
Left,random,HTL,WRM,6,0.5,1,508,18,487,32,SDM-HSsrc,arc labels,,0.649092970521542,0.05622489959839357,0.7777777777777778
Left,random,HTL,WRM,6,0.5,1,508,18,487,32,SDM-PCA,arc labels,32.0,0.5023809523809524,0.03592814371257485,0.3333333333333333
Left,random,HTL,WRM,7,0.05,1,508,19,51,5,NoAdapt,nothing,,0.5182434614142719,0.039603960396039604,0.631578947368421
Left,random,HTL,WRM,7,0.05,1,508,19,51,5,TargetOnly,arc labels,,0.6115595737810784,0.05945945945945946,0.5789473684210527
Left,random,HTL,WRM,7,0.05,1,508,19,51,5,Source+Target,arc labels,,0.5243784307394252,0.04040404040404041,0.631578947368421
Left,random,HTL,WRM,7,0.05,1,508,19,51,5,COT,arc labels,,0.6061780217414703,0.055299539170506916,0.631578947368421
Left,random,HTL,WRM,7,0.05,1,508,19,51,5,none-HS4,arc labels,,0.542514261112905,0.042483660130718956,0.6842105263157895
Left,random,HTL,WRM,7,0.05,1,508,19,51,5,none-HSsrc,nothing,,0.6785060811538048,0.07514450867052024,0.6842105263157895
Left,random,HTL,WRM,7,0.05,1,508,19,51,5,none-PCA,arc segments,8.0,0.5069960176514907,0.03821656050955414,0.631578947368421
Left,random,HTL,WRM,7,0.05,1,508,19,51,5,QOTu-HS4,arc labels,,0.5371327090732967,0.04142011834319527,0.7368421052631579
Left,random,HTL,WRM,7,0.05,1,508,19,51,5,QOTu-HSsrc,arc segments,,0.5361102141857712,0.04129793510324484,0.7368421052631579
Left,random,HTL,WRM,7,0.05,1,508,19,51,5,QOTu-PCA,arc segments,8.0,0.4423635776557959,0.030303030303030304,0.47368421052631576
Left,random,HTL,WRM,7,0.05,1,508,19,51,5,QOTc-HS4,arc labels,,0.6307178990420836,0.06217616580310881,0.631578947368421
Left,random,HTL,WRM,7,0.05,1,508,19,51,5,QOTc-HSsrc,arc labels,,0.6046173716499839,0.051470588235294115,0.7368421052631579
Left,random,HTL,WRM,7,0.05,1,508,19,51,5,QOTc-PCA,arc labels,32.0,0.7127865676461091,0.12790697674418605,0.5789473684210527
Left,random,HTL,WRM,7,0.05,1,508,19,51,5,SDM-HS4,arc labels,,0.48127219890216333,0.03289473684210526,0.2631578947368421
Left,random,HTL,WRM,7,0.05,1,508,19,51,5,SDM-HSsrc,arc labels,,0.6444946722634808,0.060085836909871244,0.7368421052631579
Left,random,HTL,WRM,7,0.05,1,508,19,51,5,SDM-PCA,arc labels,16.0,0.5885803465719514,0.05844155844155844,0.47368421052631576
Left,random,HTL,WRM,7,0.1,1,508,19,102,13,NoAdapt,nothing,,0.5182434614142719,0.039603960396039604,0.631578947368421
Left,random,HTL,WRM,7,0.1,1,508,19,102,13,TargetOnly,arc labels,,0.6084382735981058,0.05084745762711865,0.7894736842105263
Left,random,HTL,WRM,7,0.1,1,508,19,102,13,Source+Target,arc labels,,0.57857065977828,0.04918032786885246,0.631578947368421
Left,random,HTL,WRM,7,0.1,1,508,19,102,13,COT,arc labels,,0.5578516844257884,0.044673539518900345,0.6842105263157895
Left,random,HTL,WRM,7,0.1,1,508,19,102,13,none-HS4,arc labels,,0.5445592508879561,0.04276315789473684,0.6842105263157895
Left,random,HTL,WRM,7,0.1,1,508,19,102,13,none-HSsrc,nothing,,0.6785060811538048,0.07514450867052024,0.6842105263157895
Left,random,HTL,WRM,7,0.1,1,508,19,102,13,none-PCA,arc segments,8.0,0.513130986976644,0.03896103896103896,0.631578947368421
Left,random,HTL,WRM,7,0.1,1,508,19,102,13,QOTu-HS4,arc labels,,0.5466042406630072,0.04304635761589404,0.6842105263157895
Left,random,HTL,WRM,7,0.1,1,508,19,102,13,QOTu-HSsrc,arc segments,,0.5534926272737057,0.043478260869565216,0.7368421052631579
Left,random,HTL,WRM,7,0.1,1,508,19,102,13,QOTu-PCA,arc segments,16.0,0.5013992035302981,0.03759398496240601,0.5263157894736842
Left,random,HTL,WRM,7,0.1,1,508,19,102,13,QOTc-HS4,arc labels,,0.636099451081692,0.06832298136645963,0.5789473684210527
Left,random,HTL,WRM,7,0.1,1,508,19,102,13,QOTc-HSsrc,arc labels,,0.541276504143795,0.04405286343612335,0.5263157894736842
Left,random,HTL,WRM,7,0.1,1,508,19,102,13,QOTc-PCA,arc labels,64.0,0.46496609622215046,0.01639344262295082,0.05263157894736842
Left,random,HTL,WRM,7,0.1,1,508,19,102,13,SDM-HS4,arc labels,,0.6156495533311808,0.06077348066298342,0.5789473684210527
Left,random,HTL,WRM,7,0.1,1,508,19,102,13,SDM-HSsrc,arc labels,,0.56936820579055,0.04743083003952569,0.631578947368421
Left,random,HTL,WRM,7,0.1,1,508,19,102,13,SDM-PCA,arc labels,16.0,0.47535249165859433,0.03361344537815126,0.42105263157894735
Left,random,HTL,WRM,7,0.2,1,508,19,203,20,NoAdapt,nothing,,0.5182434614142719,0.039603960396039604,0.631578947368421
Left,random,HTL,WRM,7,0.2,1,508,19,203,20,TargetOnly,arc labels,,0.6764072758583576,0.06028368794326241,0.8947368421052632
Left,random,HTL,WRM,7,0.2,1,508,19,203,20,Source+Target,arc labels,,0.6072005166289958,0.05555555555555555,0.631578947368421
Left,random,HTL,WRM,7,0.2,1,508,19,203,20,COT,arc labels,,0.6230222796254439,0.05511811023622047,0.7368421052631579
Left,random,HTL,WRM,7,0.2,1,508,19,203,20,none-HS4,arc labels,,0.5435367560004305,0.04262295081967213,0.6842105263157895
Left,random,HTL,WRM,7,0.2,1,508,19,203,20,none-HSsrc,nothing,,0.6785060811538048,0.07514450867052024,0.6842105263157895
Left,random,HTL,WRM,7,0.2,1,508,19,203,20,none-PCA,arc segments,8.0,0.5110859972015929,0.03870967741935484,0.631578947368421
Left,random,HTL,WRM,7,0.2,1,508,19,203,20,QOTu-HS4,arc labels,,0.4939726617156388,0.03666666666666667,0.5789473684210527
Left,random,HTL,WRM,7,0.2,1,508,19,203,20,QOTu-HSsrc,arc segments,,0.5524701323861801,0.043343653250773995,0.7368421052631579
Left,random,HTL,WRM,7,0.2,1,508,19,203,20,QOTu-PCA,arc segments,16.0,0.49090517705306214,0.036303630363036306,0.5789473684210527
Left,random,HTL,WRM,7,0.2,1,508,19,203,20,QOTc-HS4,arc labels,,0.5732429232590679,0.05325443786982249,0.47368421052631576
Left,random,HTL,WRM,7,0.2,1,508,19,203,20,QOTc-HSsrc,arc labels,,0.6199547949628672,0.054474708171206226,0.7368421052631579
Left,random,HTL,WRM,7,0.2,1,508,19,203,20,QOTc-PCA,arc labels,32.0,0.5819610375632333,0.06542056074766354,0.3684210526315789
Left,random,HTL,WRM,7,0.2,1,508,19,203,20,SDM-HS4,arc labels,,0.5732429232590679,0.05325443786982249,0.47368421052631576
Left,random,HTL,WRM,7,0.2,1,508,19,203,20,SDM-HSsrc,arc labels,,0.6306640835216877,0.05333333333333334,0.8421052631578947
Left,random,HTL,WRM,7,0.2,1,508,19,203,20,SDM-PCA,arc labels,64.0,0.5685609729846087,0.04491017964071856,0.7894736842105263
Left,random,HTL,WRM,7,0.3,1,508,19,305,27,NoAdapt,nothing,,0.5182434614142719,0.039603960396039604,0.631578947368421
Left,random,HTL,WRM,7,0.3,1,508,19,305,27,TargetOnly,arc labels,,0.64395651705952,0.05574912891986063,0.8421052631578947
Left,random,HTL,WRM,7,0.3,1,508,19,305,27,Source+Target,arc labels,,0.609245506404047,0.056074766355140186,0.631578947368421
Left,random,HTL,WRM,7,0.3,1,508,19,305,27,COT,arc labels,,0.5297599827790335,0.04150943396226415,0.5789473684210527
Left,random,HTL,WRM,7,0.3,1,508,19,305,27,none-HS4,arc labels,,0.542514261112905,0.042483660130718956,0.6842105263157895
Left,random,HTL,WRM,7,0.3,1,508,19,305,27,none-HSsrc,nothing,,0.6785060811538048,0.07514450867052024,0.6842105263157895
Left,random,HTL,WRM,7,0.3,1,508,19,305,27,none-PCA,arc segments,8.0,0.5243784307394252,0.04040404040404041,0.631578947368421
Left,random,HTL,WRM,7,0.3,1,508,19,305,27,QOTu-HS4,arc labels,,0.4919276719405877,0.03642384105960265,0.5789473684210527
Left,random,HTL,WRM,7,0.3,1,508,19,305,27,QOTu-HSsrc,arc segments,,0.5504251426111291,0.043076923076923075,0.7368421052631579
Left,random,HTL,WRM,7,0.3,1,508,19,305,27,QOTu-PCA,arc segments,16.0,0.4929501668281132,0.036544850498338874,0.5789473684210527
Left,random,HTL,WRM,7,0.3,1,508,19,305,27,QOTc-HS4,arc labels,,0.5804003874717468,0.05555555555555555,0.47368421052631576
Left,random,HTL,WRM,7,0.3,1,508,19,305,27,QOTc-HSsrc,arc labels,,0.6319556560111936,0.05514705882352941,0.7894736842105263
Left,random,HTL,WRM,7,0.3,1,508,19,305,27,QOTc-PCA,arc labels,32.0,0.5495102787643956,0.05357142857142857,0.3157894736842105
Left,random,HTL,WRM,7,0.3,1,508,19,305,27,SDM-HS4,arc labels,,0.5420837369497363,0.04794520547945205,0.3684210526315789
Left,random,HTL,WRM,7,0.3,1,508,19,305,27,SDM-HSsrc,arc labels,,0.6286190937466365,0.052980132450331126,0.8421052631578947
Left,random,HTL,WRM,7,0.3,1,508,19,305,27,SDM-PCA,arc labels,64.0,0.5539769669572705,0.042666666666666665,0.8421052631578947
Left,random,HTL,WRM,7,0.5,1,508,19,498,35,NoAdapt,nothing,,0.5182434614142719,0.039603960396039604,0.631578947368421
Left,random,HTL,WRM,7,0.5,1,508,19,498,35,TargetOnly,arc labels,,0.6549348832203208,0.056105610561056105,0.8947368421052632
Left,random,HTL,WRM,7,0.5,1,508,19,498,35,Source+Target,arc labels,,0.6204929501668281,0.059113300492610835,0.631578947368421
Left,random,HTL,WRM,7,0.5,1,508,19,498,35,COT,arc labels,,0.5044666881928748,0.03802281368821293,0.5263157894736842
Left,random,HTL,WRM,7,0.5,1,508,19,498,35,none-HS4,arc labels,,0.5678075556990636,0.045454545454545456,0.7368421052631579
Left,random,HTL,WRM,7,0.5,1,508,19,498,35,none-HSsrc,nothing,,0.6785060811538048,0.07514450867052024,0.6842105263157895
Left,random,HTL,WRM,7,0.5,1,508,19,498,35,none-PCA,arc segments,8.0,0.5305134000645786,0.041237113402061855,0.631578947368421
Left,random,HTL,WRM,7,0.5,1,508,19,498,35,QOTu-HS4,arc labels,,0.4949951566031644,0.03678929765886288,0.5789473684210527
Left,random,HTL,WRM,7,0.5,1,508,19,498,35,QOTu-HSsrc,arc segments,,0.5524701323861801,0.043343653250773995,0.7368421052631579
Left,random,HTL,WRM,7,0.5,1,508,19,498,35,QOTu-PCA,arc segments,16.0,0.4970401463782155,0.037037037037037035,0.5789473684210527
Left,random,HTL,WRM,7,0.5,1,508,19,498,35,QOTc-HS4,arc labels,,0.5834678721343235,0.05660377358490566,0.47368421052631576
Left,random,HTL,WRM,7,0.5,1,508,19,498,35,QOTc-HSsrc,arc labels,,0.5430524163168657,0.04365079365079365,0.5789473684210527
Left,random,HTL,WRM,7,0.5,1,508,19,498,35,QOTc-PCA,arc labels,64.0,0.5740501560650091,0.06818181818181818,0.3157894736842105
Left,random,HTL,WRM,7,0.5,1,508,19,498,35,SDM-HS4,arc labels,,0.5804003874717468,0.05555555555555555,0.47368421052631576
Left,random,HTL,WRM,7,0.5,1,508,19,498,35,SDM-HSsrc,arc labels,,0.6316865784092132,0.05351170568561873,0.8421052631578947
Left,random,HTL,WRM,7,0.5,1,508,19,498,35,SDM-PCA,arc labels,64.0,0.5918092777957162,0.047337278106508875,0.8421052631578947
Left,random,PTT,HTL,0,0.05,1,401,79,40,9,NoAdapt,nothing,,0.48103231386115264,0.1897590361445783,0.7974683544303798
Left,random,PTT,HTL,0,0.05,1,401,79,40,9,TargetOnly,arc labels,,0.5553699190187907,0.24647887323943662,0.4430379746835443
Left,random,PTT,HTL,0,0.05,1,401,79,40,9,Source+Target,arc labels,,0.48103231386115264,0.1897590361445783,0.7974683544303798
Left,random,PTT,HTL,0,0.05,1,401,79,40,9,COT,arc labels,,0.5449720890007076,0.23076923076923078,0.4936708860759494
Left,random,PTT,HTL,0,0.05,1,401,79,40,9,none-HS4,arc labels,,0.4142817831590534,0.16181229773462782,0.6329113924050633
Left,random,PTT,HTL,0,0.05,1,401,79,40,9,none-HSsrc,nothing,,0.43279738973189713,0.1678082191780822,0.620253164556962
Left,random,PTT,HTL,0,0.05,1,401,79,40,9,none-PCA,arc segments,32.0,0.6024255051497759,0.29545454545454547,0.4936708860759494
Left,random,PTT,HTL,0,0.05,1,401,79,40,9,QOTu-HS4,arc labels,,0.4313821841339728,0.15948275862068967,0.46835443037974683
Left,random,PTT,HTL,0,0.05,1,401,79,40,9,QOTu-HSsrc,arc segments,,0.4203946851167545,0.15384615384615385,0.45569620253164556
Left,random,PTT,HTL,0,0.05,1,401,79,40,9,QOTu-PCA,arc segments,32.0,0.5234884817988836,0.2204724409448819,0.35443037974683544
Left,random,PTT,HTL,0,0.05,1,401,79,40,9,QOTc-HS4,arc labels,,0.5516746599575438,0.25210084033613445,0.379746835443038
Left,random,PTT,HTL,0,0.05,1,401,79,40,9,QOTc-HSsrc,arc labels,,0.40582986083811623,0.14220183486238533,0.3924050632911392
Left,random,PTT,HTL,0,0.05,1,401,79,40,9,QOTc-PCA,arc labels,32.0,0.47083104017611443,0.16,0.20253164556962025
Left,random,PTT,HTL,0,0.05,1,401,79,40,9,SDM-HS4,arc labels,,0.5299355295227612,0.22556390977443608,0.379746835443038
Left,random,PTT,HTL,0,0.05,1,401,79,40,9,SDM-HSsrc,arc labels,,0.4026063369761774,0.13953488372093023,0.379746835443038
Left,random,PTT,HTL,0,0.05,1,401,79,40,9,SDM-PCA,arc labels,32.0,0.4759611604685903,0.17094017094017094,0.25316455696202533
Left,random,PTT,HTL,0,0.1,1,401,79,80,15,NoAdapt,nothing,,0.48103231386115264,0.1897590361445783,0.7974683544303798
Left,random,PTT,HTL,0,0.1,1,401,79,80,15,TargetOnly,arc labels,,0.5232526141992295,0.2222222222222222,0.3291139240506329
Left,random,PTT,HTL,0,0.1,1,401,79,80,15,Source+Target,arc labels,,0.4665854233823414,0.1838006230529595,0.7468354430379747
Left,random,PTT,HTL,0,0.1,1,401,79,80,15,COT,arc labels,,0.5637235631732054,0.24691358024691357,0.5063291139240507
Left,random,PTT,HTL,0,0.1,1,401,79,80,15,none-HS4,arc labels,,0.42037502948344996,0.16333333333333333,0.620253164556962
Left,random,PTT,HTL,0,0.1,1,401,79,80,15,none-HSsrc,nothing,,0.43279738973189713,0.1678082191780822,0.620253164556962
Left,random,PTT,HTL,0,0.1,1,401,79,80,15,none-PCA,arc segments,32.0,0.60087271011872,0.2932330827067669,0.4936708860759494
Left,random,PTT,HTL,0,0.1,1,401,79,80,15,QOTu-HS4,arc labels,,0.428394527871688,0.1589958158995816,0.4810126582278481
Left,random,PTT,HTL,0,0.1,1,401,79,80,15,QOTu-HSsrc,arc segments,,0.4268417328406321,0.15833333333333333,0.4810126582278481
Left,random,PTT,HTL,0,0.1,1,401,79,80,15,QOTu-PCA,arc segments,16.0,0.5166679770422202,0.20930232558139536,0.45569620253164556
Left,random,PTT,HTL,0,0.1,1,401,79,80,15,QOTc-HS4,arc labels,,0.534829782215583,0.22857142857142856,0.4050632911392405
Left,random,PTT,HTL,0,0.1,1,401,79,80,15,QOTc-HSsrc,arc labels,,0.39783001808318263,0.13615023474178403,0.3670886075949367
Left,random,PTT,HTL,0,0.1,1,401,79,80,15,QOTc-PCA,arc labels,32.0,0.4468118562780093,0.152317880794702,0.2911392405063291
Left,random,PTT,HTL,0,0.1,1,401,79,80,15,SDM-HS4,arc labels,,0.5626621589747622,0.26495726495726496,0.3924050632911392
Left,random,PTT,HTL,0,0.1,1,401,79,80,15,SDM-HSsrc,arc labels,,0.3989110779149304,0.13020833333333334,0.31645569620253167
Left,random,PTT,HTL,0,0.1,1,401,79,80,15,SDM-PCA,arc labels,32.0,0.4368857614592342,0.15656565656565657,0.3924050632911392
Left,random,PTT,HTL,0,0.2,1,401,79,161,34,NoAdapt,nothing,,0.48103231386115264,0.1897590361445783,0.7974683544303798
Left,random,PTT,HTL,0,0.2,1,401,79,161,34,TargetOnly,arc labels,,0.5437730953691328,0.22702702702702704,0.5316455696202531
Left,random,PTT,HTL,0,0.2,1,401,79,161,34,Source+Target,arc labels,,0.47470319993710197,0.18731117824773413,0.7848101265822784
Left,random,PTT,HTL,0,0.2,1,401,79,161,34,COT,arc labels,,0.511636134916267,0.20353982300884957,0.5822784810126582
Left,random,PTT,HTL,0,0.2,1,401,79,161,34,none-HS4,arc labels,,0.4111761930969416,0.1607717041800643,0.6329113924050633
Left,random,PTT,HTL,0,0.2,1,401,79,161,34,none-HSsrc,nothing,,0.43279738973189713,0.1678082191780822,0.620253164556962
Left,random,PTT,HTL,0,0.2,1,401,79,161,34,none-PCA,arc segments,32.0,0.6039783001808319,0.29770992366412213,0.4936708860759494
Left,random,PTT,HTL,0,0.2,1,401,79,161,34,QOTu-HS4,arc labels,,0.41143171632990017,0.15294117647058825,0.4936708860759494
Left,random,PTT,HTL,0,0.2,1,401,79,161,34,QOTu-HSsrc,arc segments,,0.41776083025395083,0.15625,0.5063291139240507
Left,random,PTT,HTL,0,0.2,1,401,79,161,34,QOTu-PCA,arc segments,16.0,0.5124813271483608,0.20512820512820512,0.5063291139240507
Left,random,PTT,HTL,0,0.2,1,401,79,161,34,QOTc-HS4,arc labels,,0.5265744162276909,0.21465968586387435,0.5189873417721519
Left,random,PTT,HTL,0,0.2,1,401,79,161,34,QOTc-HSsrc,arc labels,,0.4064195298372514,0.14814814814814814,0.45569620253164556
Left,random,PTT,HTL,0,0.2,1,401,79,161,34,QOTc-PCA,arc labels,64.0,0.5182207720732762,0.21052631578947367,0.45569620253164556
Left,random,PTT,HTL,0,0.2,1,401,79,161,34,SDM-HS4,arc labels,,0.5224074219671357,0.21621621621621623,0.4050632911392405
Left,random,PTT,HTL,0,0.2,1,401,79,161,34,SDM-HSsrc,arc labels,,0.38684251906596434,0.13023255813953488,0.35443037974683544
Left,random,PTT,HTL,0,0.2,1,401,79,161,34,SDM-PCA,arc labels,64.0,0.43529365516156926,0.17220543806646527,0.7215189873417721
Left,random,PTT,HTL,0,0.3,1,401,79,241,58,NoAdapt,nothing,,0.48103231386115264,0.1897590361445783,0.7974683544303798
Left,random,PTT,HTL,0,0.3,1,401,79,241,58,TargetOnly,arc labels,,0.5237046937652331,0.21182266009852216,0.5443037974683544
Left,random,PTT,HTL,0,0.3,1,401,79,241,58,Source+Target,arc labels,,0.46992688104410724,0.18541033434650456,0.7721518987341772
Left,random,PTT,HTL,0,0.3,1,401,79,241,58,COT,arc labels,,0.5116557905495716,0.20625,0.4177215189873418
Left,random,PTT,HTL,0,0.3,1,401,79,241,58,none-HS4,arc labels,,0.4142817831590534,0.16181229773462782,0.6329113924050633
Left,random,PTT,HTL,0,0.3,1,401,79,241,58,none-HSsrc,nothing,,0.43279738973189713,0.1678082191780822,0.620253164556962
Left,random,PTT,HTL,0,0.3,1,401,79,241,58,none-PCA,arc segments,32.0,0.6039783001808319,0.29770992366412213,0.4936708860759494
Left,random,PTT,HTL,0,0.3,1,401,79,241,58,QOTu-HS4,arc labels,,0.41418350499253087,0.15126050420168066,0.45569620253164556
Left,random,PTT,HTL,0,0.3,1,401,79,241,58,QOTu-HSsrc,arc segments,,0.4238540765783474,0.15789473684210525,0.4936708860759494
Left,random,PTT,HTL,0,0.3,1,401,79,241,58,QOTu-PCA,arc segments,16.0,0.5062701470241371,0.20100502512562815,0.5063291139240507
Left,random,PTT,HTL,0,0.3,1,401,79,241,58,QOTc-HS4,arc labels,,0.5312131456875541,0.2125984251968504,0.6835443037974683
Left,random,PTT,HTL,0,0.3,1,401,79,241,58,QOTc-HSsrc,arc labels,,0.4383009670571586,0.16666666666666666,0.5443037974683544
Left,random,PTT,HTL,0,0.3,1,401,79,241,58,QOTc-PCA,arc labels,64.0,0.5169038446418743,0.2087912087912088,0.4810126582278481
Left,random,PTT,HTL,0,0.3,1,401,79,241,58,SDM-HS4,arc labels,,0.46076735592420787,0.17307692307692307,0.45569620253164556
Left,random,PTT,HTL,0,0.3,1,401,79,241,58,SDM-HSsrc,arc labels,,0.4286303954713421,0.1606425702811245,0.5063291139240507
Left,random,PTT,HTL,0,0.3,1,401,79,241,58,SDM-PCA,arc labels,32.0,0.5194001100715465,0.2081447963800905,0.5822784810126582
Left,random,PTT,HTL,0,0.5,1,401,79,391,88,NoAdapt,nothing,,0.48103231386115264,0.1897590361445783,0.7974683544303798
Left,random,PTT,HTL,0,0.5,1,401,79,391,88,TargetOnly,arc labels,,0.5411392405063291,0.2222222222222222,0.5822784810126582
Left,random,PTT,HTL,0,0.5,1,401,79,391,88,Source+Target,arc labels,,0.4461632203789606,0.17592592592592593,0.7215189873417721
Left,random,PTT,HTL,0,0.5,1,401,79,391,88,COT,arc labels,,0.4712831197421181,0.1774193548387097,0.4177215189873418
Left,random,PTT,HTL,0,0.5,1,401,79,391,88,none-HS4,arc labels,,0.4127289881279975,0.16129032258064516,0.6329113924050633
Left,random,PTT,HTL,0,0.5,1,401,79,391,88,none-HSsrc,nothing,,0.43279738973189713,0.1678082191780822,0.620253164556962
Left,random,PTT,HTL,0,0.5,1,401,79,391,88,none-PCA,arc segments,32.0,0.6039783001808319,0.29770992366412213,0.4936708860759494
Left,random,PTT,HTL,0,0.5,1,401,79,391,88,QOTu-HS4,arc labels,,0.42218334774746447,0.15637860082304528,0.4810126582278481
Left,random,PTT,HTL,0,0.5,1,401,79,391,88,QOTu-HSsrc,arc segments,,0.41609010142306785,0.15476190476190477,0.4936708860759494
Left,random,PTT,HTL,0,0.5,1,401,79,391,88,QOTu-PCA,arc segments,16.0,0.509493670886076,0.20297029702970298,0.5189873417721519
Left,random,PTT,HTL,0,0.5,1,401,79,391,88,QOTc-HS4,arc labels,,0.5013562386980108,0.19767441860465115,0.6455696202531646
Left,random,PTT,HTL,0,0.5,1,401,79,391,88,QOTc-HSsrc,arc labels,,0.432089786932935,0.16412213740458015,0.5443037974683544
Left,random,PTT,HTL,0,0.5,1,401,79,391,88,QOTc-PCA,arc labels,64.0,0.507822942055193,0.20202020202020202,0.5063291139240507
Left,random,PTT,HTL,0,0.5,1,401,79,391,88,SDM-HS4,arc labels,,0.4532392483685824,0.17040358744394618,0.4810126582278481
Left,random,PTT,HTL,0,0.5,1,401,79,391,88,SDM-HSsrc,arc labels,,0.42074848651623553,0.1566265060240964,0.4936708860759494
Left,random,PTT,HTL,0,0.5,1,401,79,391,88,SDM-PCA,arc labels,64.0,0.4813861152606337,0.19020172910662825,0.8354430379746836
Left,random,PTT,HTL,1,0.05,1,401,69,40,9,NoAdapt,nothing,,0.45577964030033175,0.15759312320916904,0.7971014492753623
Left,random,PTT,HTL,1,0.05,1,401,69,40,9,TargetOnly,arc labels,,0.3868299284092893,0.10837438423645321,0.3188405797101449
Left,random,PTT,HTL,1,0.05,1,401,69,40,9,Source+Target,arc labels,,0.4572856643967173,0.15804597701149425,0.7971014492753623
Left,random,PTT,HTL,1,0.05,1,401,69,40,9,COT,arc labels,,0.5,0.17206982543640897,1.0
Left,random,PTT,HTL,1,0.05,1,401,69,40,9,none-HS4,arc labels,,0.4203989872533613,0.1441717791411043,0.6811594202898551
Left,random,PTT,HTL,1,0.05,1,401,69,40,9,none-HSsrc,nothing,,0.4182381700715907,0.14193548387096774,0.6376811594202898
Left,random,PTT,HTL,1,0.05,1,401,69,40,9,none-PCA,arc segments,4.0,0.3982888074035272,0.13333333333333333,0.5797101449275363
Left,random,PTT,HTL,1,0.05,1,401,69,40,9,QOTu-HS4,arc labels,,0.4199406320935918,0.1386861313868613,0.5507246376811594
Left,random,PTT,HTL,1,0.05,1,401,69,40,9,QOTu-HSsrc,arc segments,,0.43744543390955126,0.145985401459854,0.5797101449275363
Left,random,PTT,HTL,1,0.05,1,401,69,40,9,QOTu-PCA,arc segments,32.0,0.5129430766544438,0.17989417989417988,0.4927536231884058
Left,random,PTT,HTL,1,0.05,1,401,69,40,9,QOTc-HS4,arc labels,,0.37807752750130963,0.10344827586206896,0.30434782608695654
Left,random,PTT,HTL,1,0.05,1,401,69,40,9,QOTc-HSsrc,arc labels,,0.4208791688493103,0.14035087719298245,0.5797101449275363
Left,random,PTT,HTL,1,0.05,1,401,69,40,9,QOTc-PCA,arc labels,64.0,0.44510651300855597,0.11607142857142858,0.18840579710144928
Left,random,PTT,HTL,1,0.05,1,401,69,40,9,SDM-HS4,arc labels,,0.4201588964553868,0.1095890410958904,0.2318840579710145
Left,random,PTT,HTL,1,0.05,1,401,69,40,9,SDM-HSsrc,arc labels,,0.4223851929456959,0.14084507042253522,0.5797101449275363
Left,random,PTT,HTL,1,0.05,1,401,69,40,9,SDM-PCA,arc labels,32.0,0.3789287585123101,0.0972972972972973,0.2608695652173913
Left,random,PTT,HTL,1,0.1,1,401,69,80,20,NoAdapt,nothing,,0.45577964030033175,0.15759312320916904,0.7971014492753623
Left,random,PTT,HTL,1,0.1,1,401,69,80,20,TargetOnly,arc labels,,0.5663960188580408,0.21,0.6086956521739131
Left,random,PTT,HTL,1,0.1,1,401,69,80,20,Source+Target,arc labels,,0.4602977125894884,0.15895953757225434,0.7971014492753623
Left,random,PTT,HTL,1,0.1,1,401,69,80,20,COT,arc labels,,0.5166099179326,0.18137254901960784,0.5362318840579711
Left,random,PTT,HTL,1,0.1,1,401,69,80,20,none-HS4,arc labels,,0.4161646586345381,0.14241486068111456,0.6666666666666666
Left,random,PTT,HTL,1,0.1,1,401,69,80,20,none-HSsrc,nothing,,0.4182381700715907,0.14193548387096774,0.6376811594202898
Left,random,PTT,HTL,1,0.1,1,401,69,80,20,none-PCA,arc segments,4.0,0.3982888074035272,0.13333333333333333,0.5797101449275363
Left,random,PTT,HTL,1,0.1,1,401,69,80,20,QOTu-HS4,arc labels,,0.4223851929456959,0.14084507042253522,0.5797101449275363
Left,random,PTT,HTL,1,0.1,1,401,69,80,20,QOTu-HSsrc,arc segments,,0.4341496420464467,0.1453900709219858,0.5942028985507246
Left,random,PTT,HTL,1,0.1,1,401,69,80,20,QOTu-PCA,arc segments,16.0,0.46031953902566786,0.1541501976284585,0.5652173913043478
Left,random,PTT,HTL,1,0.1,1,401,69,80,20,QOTc-HS4,arc labels,,0.4739610616378558,0.16117216117216118,0.6376811594202898
Left,random,PTT,HTL,1,0.1,1,401,69,80,20,QOTc-HSsrc,arc labels,,0.41937314475292475,0.13986013986013987,0.5797101449275363
Left,random,PTT,HTL,1,0.1,1,401,69,80,20,QOTc-PCA,arc labels,64.0,0.587022001047669,0.2462686567164179,0.4782608695652174
Left,random,PTT,HTL,1,0.1,1,401,69,80,20,SDM-HS4,arc labels,,0.5133141260694953,0.1792452830188679,0.5507246376811594
Left,random,PTT,HTL,1,0.1,1,401,69,80,20,SDM-HSsrc,arc labels,,0.40695390256678887,0.13284132841328414,0.5217391304347826
Left,random,PTT,HTL,1,0.1,1,401,69,80,20,SDM-PCA,arc labels,32.0,0.4973153483499214,0.17061611374407584,0.5217391304347826
Left,random,PTT,HTL,1,0.2,1,401,69,161,41,NoAdapt,nothing,,0.45577964030033175,0.15759312320916904,0.7971014492753623
Left,random,PTT,HTL,1,0.2,1,401,69,161,41,TargetOnly,arc labels,,0.5419285839008207,0.19689119170984457,0.5507246376811594
Left,random,PTT,HTL,1,0.2,1,401,69,161,41,Source+Target,arc labels,,0.4790247948314999,0.16524216524216523,0.8405797101449275
Left,random,PTT,HTL,1,0.2,1,401,69,161,41,COT,arc labels,,0.5100183342063908,0.17727272727272728,0.5652173913043478
Left,random,PTT,HTL,1,0.2,1,401,69,161,41,none-HS4,arc labels,,0.4074122577265584,0.1393188854489164,0.6521739130434783
Left,random,PTT,HTL,1,0.2,1,401,69,161,41,none-HSsrc,nothing,,0.4182381700715907,0.14193548387096774,0.6376811594202898
Left,random,PTT,HTL,1,0.2,1,401,69,161,41,none-PCA,arc segments,16.0,0.5070281124497992,0.17829457364341086,0.3333333333333333
Left,random,PTT,HTL,1,0.2,1,401,69,161,41,QOTu-HS4,arc labels,,0.4223851929456959,0.14084507042253522,0.5797101449275363
Left,random,PTT,HTL,1,0.2,1,401,69,161,41,QOTu-HSsrc,arc segments,,0.43687794656888423,0.14685314685314685,0.6086956521739131
Left,random,PTT,HTL,1,0.2,1,401,69,161,41,QOTu-PCA,arc segments,16.0,0.4514798323729702,0.14732142857142858,0.4782608695652174
Left,random,PTT,HTL,1,0.2,1,401,69,161,41,QOTc-HS4,arc labels,,0.4814911821197835,0.16417910447761194,0.6376811594202898
Left,random,PTT,HTL,1,0.2,1,401,69,161,41,QOTc-HSsrc,arc labels,,0.4139165357080496,0.1366906474820144,0.5507246376811594
Left,random,PTT,HTL,1,0.2,1,401,69,161,41,QOTc-PCA,arc labels,64.0,0.5449406320935918,0.19895287958115182,0.5507246376811594
Left,random,PTT,HTL,1,0.2,1,401,69,161,41,SDM-HS4,arc labels,,0.515955124847215,0.18181818181818182,0.4927536231884058
Left,random,PTT,HTL,1,0.2,1,401,69,161,41,SDM-HSsrc,arc labels,,0.391522612187882,0.12403100775193798,0.463768115942029
Left,random,PTT,HTL,1,0.2,1,401,69,161,41,SDM-PCA,arc labels,64.0,0.5130958617077004,0.17647058823529413,0.8695652173913043
Left,random,PTT,HTL,1,0.3,1,401,69,241,53,NoAdapt,nothing,,0.45577964030033175,0.15759312320916904,0.7971014492753623
Left,random,PTT,HTL,1,0.3,1,401,69,241,53,TargetOnly,arc labels,,0.5458791688493103,0.19801980198019803,0.5797101449275363
Left,random,PTT,HTL,1,0.3,1,401,69,241,53,Source+Target,arc labels,,0.4633097607822595,0.15988372093023256,0.7971014492753623
Left,random,PTT,HTL,1,0.3,1,401,69,241,53,COT,arc labels,,0.5220665269774751,0.18396226415094338,0.5652173913043478
Left,random,PTT,HTL,1,0.3,1,401,69,241,53,none-HS4,arc labels,,0.4104243059193295,0.14018691588785046,0.6521739130434783
Left,random,PTT,HTL,1,0.3,1,401,69,241,53,none-HSsrc,nothing,,0.4182381700715907,0.14193548387096774,0.6376811594202898
Left,random,PTT,HTL,1,0.3,1,401,69,241,53,none-PCA,arc segments,16.0,0.5190763052208835,0.19008264462809918,0.3333333333333333
Left,random,PTT,HTL,1,0.3,1,401,69,241,53,QOTu-HS4,arc labels,,0.4256809848088004,0.14130434782608695,0.5652173913043478
Left,random,PTT,HTL,1,0.3,1,401,69,241,53,QOTu-HSsrc,arc segments,,0.4154225598044351,0.1371841155234657,0.5507246376811594
Left,random,PTT,HTL,1,0.3,1,401,69,241,53,QOTu-PCA,arc segments,16.0,0.45815872184389733,0.1518987341772152,0.5217391304347826
Left,random,PTT,HTL,1,0.3,1,401,69,241,53,QOTc-HS4,arc labels,,0.4902435830277632,0.16791044776119404,0.6521739130434783
Left,random,PTT,HTL,1,0.3,1,401,69,241,53,QOTc-HSsrc,arc labels,,0.42360747337174787,0.14186851211072665,0.5942028985507246
Left,random,PTT,HTL,1,0.3,1,401,69,241,53,QOTc-PCA,arc labels,64.0,0.553409289331238,0.20304568527918782,0.5797101449275363
Left,random,PTT,HTL,1,0.3,1,401,69,241,53,SDM-HS4,arc labels,,0.46145451370700197,0.15283842794759825,0.5072463768115942
Left,random,PTT,HTL,1,0.3,1,401,69,241,53,SDM-HSsrc,arc labels,,0.40968220708922654,0.13454545454545455,0.5362318840579711
Left,random,PTT,HTL,1,0.3,1,401,69,241,53,SDM-PCA,arc labels,64.0,0.48834468308014667,0.168141592920354,0.8260869565217391
Left,random,PTT,HTL,1,0.5,1,401,69,380,94,NoAdapt,nothing,,0.45577964030033175,0.15759312320916904,0.7971014492753623
Left,random,PTT,HTL,1,0.5,1,401,69,380,94,TargetOnly,arc labels,,0.5473851929456959,0.19900497512437812,0.5797101449275363
Left,random,PTT,HTL,1,0.5,1,401,69,380,94,Source+Target,arc labels,,0.4732844421162913,0.16332378223495703,0.8260869565217391
Left,random,PTT,HTL,1,0.5,1,401,69,380,94,COT,arc labels,,0.5247948314999127,0.18518518518518517,0.5797101449275363
Left,random,PTT,HTL,1,0.5,1,401,69,380,94,none-HS4,arc labels,,0.410140562248996,0.14067278287461774,0.6666666666666666
Left,random,PTT,HTL,1,0.5,1,401,69,380,94,none-HSsrc,nothing,,0.4182381700715907,0.14193548387096774,0.6376811594202898
Left,random,PTT,HTL,1,0.5,1,401,69,380,94,none-PCA,arc segments,16.0,0.5190763052208835,0.19008264462809918,0.3333333333333333
Left,random,PTT,HTL,1,0.5,1,401,69,380,94,QOTu-HS4,arc labels,,0.4154225598044351,0.1371841155234657,0.5507246376811594
Left,random,PTT,HTL,1,0.5,1,401,69,380,94,QOTu-HSsrc,arc segments,,0.4154225598044351,0.1371841155234657,0.5507246376811594
Left,random,PTT,HTL,1,0.5,1,401,69,380,94,QOTu-PCA,arc segments,16.0,0.4783045224375764,0.16037735849056603,0.4927536231884058
Left,random,PTT,HTL,1,0.5,1,401,69,380,94,QOTc-HS4,arc labels,,0.5255369303300157,0.183206106870229,0.6956521739130435
Left,random,PTT,HTL,1,0.5,1,401,69,380,94,QOTc-HSsrc,arc labels,,0.43386589837611317,0.14583333333333334,0.6086956521739131
Left,random,PTT,HTL,1,0.5,1,401,69,380,94,QOTc-PCA,arc labels,64.0,0.5682730923694779,0.2072072072072072,0.6666666666666666
Left,random,PTT,HTL,1,0.5,1,401,69,380,94,SDM-HS4,arc labels,,0.48865025318665967,0.16666666666666666,0.5797101449275363
Left,random,PTT,HTL,1,0.5,1,401,69,380,94,SDM-HSsrc,arc labels,,0.41937314475292475,0.13986013986013987,0.5797101449275363
Left,random,PTT,HTL,1,0.5,1,401,69,380,94,SDM-PCA,arc labels,64.0,0.4783700017461149,0.16467065868263472,0.7971014492753623
Left,random,PTT,HTL,2,0.05,1,401,68,40,9,NoAdapt,nothing,,0.48098834128245893,0.1632047477744807,0.8088235294117647
Left,random,PTT,HTL,2,0.05,1,401,68,40,9,TargetOnly,arc labels,,0.4437378555025614,0.1340782122905028,0.35294117647058826
Left,random,PTT,HTL,2,0.05,1,401,68,40,9,Source+Target,arc labels,,0.47078696343402227,0.15963855421686746,0.7794117647058824
Left,random,PTT,HTL,2,0.05,1,401,68,40,9,COT,arc labels,,0.4710519342872284,0.16094986807387862,0.8970588235294118
Left,random,PTT,HTL,2,0.05,1,401,68,40,9,none-HS4,arc labels,,0.45069334039922276,0.15161290322580645,0.6911764705882353
Left,random,PTT,HTL,2,0.05,1,401,68,40,9,none-HSsrc,nothing,,0.4528131072248719,0.15087719298245614,0.6323529411764706
Left,random,PTT,HTL,2,0.05,1,401,68,40,9,none-PCA,arc segments,16.0,0.48169493022434196,0.15897435897435896,0.45588235294117646
Left,random,PTT,HTL,2,0.05,1,401,68,40,9,QOTu-HS4,arc labels,,0.46621621621621623,0.15246636771300448,0.5
Left,random,PTT,HTL,2,0.05,1,401,68,40,9,QOTu-HSsrc,arc segments,,0.4794205970676559,0.1592920353982301,0.5294117647058824
Left,random,PTT,HTL,2,0.05,1,401,68,40,9,QOTu-PCA,arc segments,16.0,0.4614025790496379,0.15126050420168066,0.5294117647058824
Left,random,PTT,HTL,2,0.05,1,401,68,40,9,QOTc-HS4,arc labels,,0.4212153329800389,0.12371134020618557,0.35294117647058826
Left,random,PTT,HTL,2,0.05,1,401,68,40,9,QOTc-HSsrc,arc labels,,0.45555113937466873,0.1483050847457627,0.5147058823529411
Left,random,PTT,HTL,2,0.05,1,401,68,40,9,QOTc-PCA,arc labels,64.0,0.43611994347288463,0.11450381679389313,0.22058823529411764
Left,random,PTT,HTL,2,0.05,1,401,68,40,9,SDM-HS4,arc labels,,0.43115173997526934,0.11842105263157894,0.2647058823529412
Left,random,PTT,HTL,2,0.05,1,401,68,40,9,SDM-HSsrc,arc labels,,0.4084304893128422,0.125,0.4264705882352941
Left,random,PTT,HTL,2,0.05,1,401,68,40,9,SDM-PCA,arc labels,32.0,0.429915209326974,0.13,0.38235294117647056
Left,random,PTT,HTL,2,0.1,1,401,68,80,21,NoAdapt,nothing,,0.48098834128245893,0.1632047477744807,0.8088235294117647
Left,random,PTT,HTL,2,0.1,1,401,68,80,21,TargetOnly,arc labels,,0.429915209326974,0.13,0.38235294117647056
Left,random,PTT,HTL,2,0.1,1,401,68,80,21,Source+Target,arc labels,,0.46944002826355763,0.15902140672782875,0.7647058823529411
Left,random,PTT,HTL,2,0.1,1,401,68,80,21,COT,arc labels,,0.43214538067479247,0.13596491228070176,0.45588235294117646
Left,random,PTT,HTL,2,0.1,1,401,68,80,21,none-HS4,arc labels,,0.45369634340222575,0.1525974025974026,0.6911764705882353
Left,random,PTT,HTL,2,0.1,1,401,68,80,21,none-HSsrc,nothing,,0.4528131072248719,0.15087719298245614,0.6323529411764706
Left,random,PTT,HTL,2,0.1,1,401,68,80,21,none-PCA,arc segments,16.0,0.48920243773184946,0.1631578947368421,0.45588235294117646
Left,random,PTT,HTL,2,0.1,1,401,68,80,21,QOTu-HS4,arc labels,,0.45151033386327505,0.14479638009049775,0.47058823529411764
Left,random,PTT,HTL,2,0.1,1,401,68,80,21,QOTu-HSsrc,arc segments,,0.4794205970676559,0.1592920353982301,0.5294117647058824
Left,random,PTT,HTL,2,0.1,1,401,68,80,21,QOTu-PCA,arc segments,16.0,0.4689100865571454,0.15450643776824036,0.5294117647058824
Left,random,PTT,HTL,2,0.1,1,401,68,80,21,QOTc-HS4,arc labels,,0.45782547253135486,0.14634146341463414,0.4411764705882353
Left,random,PTT,HTL,2,0.1,1,401,68,80,21,QOTc-HSsrc,arc labels,,0.44654213036565976,0.1446280991735537,0.5147058823529411
Left,random,PTT,HTL,2,0.1,1,401,68,80,21,QOTc-PCA,arc labels,64.0,0.49867514573396926,0.1686746987951807,0.4117647058823529
Left,random,PTT,HTL,2,0.1,1,401,68,80,21,SDM-HS4,arc labels,,0.4530559971736442,0.13664596273291926,0.3235294117647059
Left,random,PTT,HTL,2,0.1,1,401,68,80,21,SDM-HSsrc,arc labels,,0.42598480833774954,0.13445378151260504,0.47058823529411764
Left,random,PTT,HTL,2,0.1,1,401,68,80,21,SDM-PCA,arc labels,64.0,0.48891538597420947,0.16621983914209115,0.9117647058823529
Left,random,PTT,HTL,2,0.2,1,401,68,161,35,NoAdapt,nothing,,0.48098834128245893,0.1632047477744807,0.8088235294117647
Left,random,PTT,HTL,2,0.2,1,401,68,161,35,TargetOnly,arc labels,,0.48770093623034794,0.16230366492146597,0.45588235294117646
Left,random,PTT,HTL,2,0.2,1,401,68,161,35,Source+Target,arc labels,,0.4797959724430313,0.16257668711656442,0.7794117647058824
Left,random,PTT,HTL,2,0.2,1,401,68,161,35,COT,arc labels,,0.43364688217629394,0.13656387665198239,0.45588235294117646
Left,random,PTT,HTL,2,0.2,1,401,68,161,35,none-HS4,arc labels,,0.45669934640522875,0.15359477124183007,0.6911764705882353
Left,random,PTT,HTL,2,0.2,1,401,68,161,35,none-HSsrc,nothing,,0.4528131072248719,0.15087719298245614,0.6323529411764706
Left,random,PTT,HTL,2,0.2,1,401,68,161,35,none-PCA,arc segments,16.0,0.5094947889065535,0.17687074829931973,0.38235294117647056
Left,random,PTT,HTL,2,0.2,1,401,68,161,35,QOTu-HS4,arc labels,,0.47206765589118527,0.15555555555555556,0.5147058823529411
Left,random,PTT,HTL,2,0.2,1,401,68,161,35,QOTu-HSsrc,arc segments,,0.4750706588941883,0.15695067264573992,0.5147058823529411
Left,random,PTT,HTL,2,0.2,1,401,68,161,35,QOTu-PCA,arc segments,16.0,0.5031354884296061,0.17117117117117117,0.5588235294117647
Left,random,PTT,HTL,2,0.2,1,401,68,161,35,QOTc-HS4,arc labels,,0.5273140787846671,0.185,0.5441176470588235
Left,random,PTT,HTL,2,0.2,1,401,68,161,35,QOTc-HSsrc,arc labels,,0.4361861861861862,0.13991769547325103,0.5
Left,random,PTT,HTL,2,0.2,1,401,68,161,35,QOTc-PCA,arc labels,64.0,0.4800388623918036,0.15841584158415842,0.47058823529411764
Left,random,PTT,HTL,2,0.2,1,401,68,161,35,SDM-HS4,arc labels,,0.4851616322204557,0.16,0.4117647058823529
Left,random,PTT,HTL,2,0.2,1,401,68,161,35,SDM-HSsrc,arc labels,,0.4099319908143437,0.12554112554112554,0.4264705882352941
Left,random,PTT,HTL,2,0.2,1,401,68,161,35,SDM-PCA,arc labels,64.0,0.5378466701996114,0.1813186813186813,0.9705882352941176
Left,random,PTT,HTL,2,0.3,1,401,68,241,62,NoAdapt,nothing,,0.48098834128245893,0.1632047477744807,0.8088235294117647
Left,random,PTT,HTL,2,0.3,1,401,68,241,62,TargetOnly,arc labels,,0.5685832891715245,0.2079207920792079,0.6176470588235294
Left,random,PTT,HTL,2,0.3,1,401,68,241,62,Source+Target,arc labels,,0.5092077371489137,0.17272727272727273,0.8382352941176471
Left,random,PTT,HTL,2,0.3,1,401,68,241,62,COT,arc labels,,0.5148383677795443,0.17699115044247787,0.5882352941176471
Left,random,PTT,HTL,2,0.3,1,401,68,241,62,none-HS4,arc labels,,0.45669934640522875,0.15359477124183007,0.6911764705882353
Left,random,PTT,HTL,2,0.3,1,401,68,241,62,none-HSsrc,nothing,,0.4528131072248719,0.15087719298245614,0.6323529411764706
Left,random,PTT,HTL,2,0.3,1,401,68,241,62,none-PCA,arc segments,16.0,0.4859344638756404,0.15862068965517243,0.3382352941176471
Left,random,PTT,HTL,2,0.3,1,401,68,241,62,QOTu-HS4,arc labels,,0.4692192192192192,0.15384615384615385,0.5
Left,random,PTT,HTL,2,0.3,1,401,68,241,62,QOTu-HSsrc,arc segments,,0.4735691573926868,0.15625,0.5147058823529411
Left,random,PTT,HTL,2,0.3,1,401,68,241,62,QOTu-PCA,arc segments,16.0,0.49728404875463694,0.16818181818181818,0.5441176470588235
Left,random,PTT,HTL,2,0.3,1,401,68,241,62,QOTc-HS4,arc labels,,0.5702393570040629,0.21025641025641026,0.6029411764705882
Left,random,PTT,HTL,2,0.3,1,401,68,241,62,QOTc-HSsrc,arc labels,,0.4538950715421304,0.14814814814814814,0.5294117647058824
Left,random,PTT,HTL,2,0.3,1,401,68,241,62,QOTc-PCA,arc labels,64.0,0.5813239710298533,0.21076233183856502,0.6911764705882353
Left,random,PTT,HTL,2,0.3,1,401,68,241,62,SDM-HS4,arc labels,,0.5504548666313372,0.20496894409937888,0.4852941176470588
Left,random,PTT,HTL,2,0.3,1,401,68,241,62,SDM-HSsrc,arc labels,,0.45839957604663484,0.15,0.5294117647058824
Left,random,PTT,HTL,2,0.3,1,401,68,241,62,SDM-PCA,arc labels,64.0,0.5291467938526762,0.1787709497206704,0.9411764705882353
Left,random,PTT,HTL,2,0.5,1,401,68,380,99,NoAdapt,nothing,,0.48098834128245893,0.1632047477744807,0.8088235294117647
Left,random,PTT,HTL,2,0.5,1,401,68,380,99,TargetOnly,arc labels,,0.5283518812930578,0.18433179723502305,0.5882352941176471
Left,random,PTT,HTL,2,0.5,1,401,68,380,99,Source+Target,arc labels,,0.4827989754460343,0.16358024691358025,0.7794117647058824
Left,random,PTT,HTL,2,0.5,1,401,68,380,99,COT,arc labels,,0.47460695990107754,0.15767634854771784,0.5588235294117647
Left,random,PTT,HTL,2,0.5,1,401,68,380,99,none-HS4,arc labels,,0.45669934640522875,0.15359477124183007,0.6911764705882353
Left,random,PTT,HTL,2,0.5,1,401,68,380,99,none-HSsrc,nothing,,0.4528131072248719,0.15087719298245614,0.6323529411764706
Left,random,PTT,HTL,2,0.5,1,401,68,380,99,none-PCA,arc segments,16.0,0.5024509803921569,0.17164179104477612,0.3382352941176471
Left,random,PTT,HTL,2,0.5,1,401,68,380,99,QOTu-HS4,arc labels,,0.4693737855502561,0.15348837209302327,0.4852941176470588
Left,random,PTT,HTL,2,0.5,1,401,68,380,99,QOTu-HSsrc,arc segments,,0.47807366189719125,0.1583710407239819,0.5147058823529411
Left,random,PTT,HTL,2,0.5,1,401,68,380,99,QOTu-PCA,arc segments,16.0,0.5019431195901785,0.17061611374407584,0.5294117647058824
Left,random,PTT,HTL,2,0.5,1,401,68,380,99,QOTc-HS4,arc labels,,0.5627318494965554,0.205,0.6029411764705882
Left,random,PTT,HTL,2,0.5,1,401,68,380,99,QOTc-HSsrc,arc labels,,0.46124801271860094,0.15163934426229508,0.5441176470588235
Left,random,PTT,HTL,2,0.5,1,401,68,380,99,QOTc-PCA,arc labels,64.0,0.558646882176294,0.19672131147540983,0.7058823529411765
Left,random,PTT,HTL,2,0.5,1,401,68,380,99,SDM-HS4,arc labels,,0.49370694223635403,0.1657754010695187,0.45588235294117646
Left,random,PTT,HTL,2,0.5,1,401,68,380,99,SDM-HSsrc,arc labels,,0.45555113937466873,0.1483050847457627,0.5147058823529411
Left,random,PTT,HTL,2,0.5,1,401,68,380,99,SDM-PCA,arc labels,64.0,0.5187908496732027,0.17548746518105848,0.9264705882352942
Left,random,PTT,HTL,3,0.05,1,401,79,40,11,NoAdapt,nothing,,0.5139948109128076,0.20245398773006135,0.8354430379746836
Left,random,PTT,HTL,3,0.05,1,401,79,40,11,TargetOnly,arc labels,,0.5263385486280368,0.2154696132596685,0.4936708860759494
Left,random,PTT,HTL,3,0.05,1,401,79,40,11,Source+Target,arc labels,,0.5375226039783002,0.2118380062305296,0.8607594936708861
Left,random,PTT,HTL,3,0.05,1,401,79,40,11,COT,arc labels,,0.5,0.1970074812967581,1.0
Left,random,PTT,HTL,3,0.05,1,401,79,40,11,none-HS4,arc labels,,0.4926291375108106,0.19377162629757785,0.7088607594936709
Left,random,PTT,HTL,3,0.05,1,401,79,40,11,none-HSsrc,nothing,,0.5048156301596037,0.1992619926199262,0.6835443037974683
Left,random,PTT,HTL,3,0.05,1,401,79,40,11,none-PCA,arc segments,16.0,0.5177293812406636,0.2073732718894009,0.569620253164557
Left,random,PTT,HTL,3,0.05,1,401,79,40,11,QOTu-HS4,arc labels,,0.5624066357418036,0.24277456647398843,0.5316455696202531
Left,random,PTT,HTL,3,0.05,1,401,79,40,11,QOTu-HSsrc,arc segments,,0.5532077993552953,0.23369565217391305,0.5443037974683544
Left,random,PTT,HTL,3,0.05,1,401,79,40,11,QOTu-PCA,arc segments,64.0,0.4778677568991273,0.17557251908396945,0.2911392405063291
Left,random,PTT,HTL,3,0.05,1,401,79,40,11,QOTc-HS4,arc labels,,0.48944492491548075,0.18831168831168832,0.3670886075949367
Left,random,PTT,HTL,3,0.05,1,401,79,40,11,QOTc-HSsrc,arc labels,,0.4585069580941898,0.16759776536312848,0.379746835443038
Left,random,PTT,HTL,3,0.05,1,401,79,40,11,QOTc-PCA,arc labels,64.0,0.5165696988756978,0.21782178217821782,0.27848101265822783
Left,random,PTT,HTL,3,0.05,1,401,79,40,11,SDM-HS4,arc labels,,0.5290903372906675,0.21951219512195122,0.45569620253164556
Left,random,PTT,HTL,3,0.05,1,401,79,40,11,SDM-HSsrc,arc labels,,0.4680595958801792,0.17486338797814208,0.4050632911392405
Left,random,PTT,HTL,3,0.05,1,401,79,40,11,SDM-PCA,arc labels,32.0,0.49565610503970436,0.19333333333333333,0.3670886075949367
Left,random,PTT,HTL,3,0.1,1,401,79,80,18,NoAdapt,nothing,,0.5139948109128076,0.20245398773006135,0.8354430379746836
Left,random,PTT,HTL,3,0.1,1,401,79,80,18,TargetOnly,arc labels,,0.6003813192861074,0.2681564245810056,0.6075949367088608
Left,random,PTT,HTL,3,0.1,1,401,79,80,18,Source+Target,arc labels,,0.5344170139161883,0.21052631578947367,0.8607594936708861
Left,random,PTT,HTL,3,0.1,1,401,79,80,18,COT,arc labels,,0.5651387687711298,0.23423423423423423,0.6582278481012658
Left,random,PTT,HTL,3,0.1,1,401,79,80,18,none-HS4,arc labels,,0.5051694315590848,0.1993006993006993,0.7215189873417721
Left,random,PTT,HTL,3,0.1,1,401,79,80,18,none-HSsrc,nothing,,0.5048156301596037,0.1992619926199262,0.6835443037974683
Left,random,PTT,HTL,3,0.1,1,401,79,80,18,none-PCA,arc segments,16.0,0.49683544303797467,0.195,0.4936708860759494
Left,random,PTT,HTL,3,0.1,1,401,79,80,18,QOTu-HS4,arc labels,,0.5741017375579841,0.24378109452736318,0.620253164556962
Left,random,PTT,HTL,3,0.1,1,401,79,80,18,QOTu-HSsrc,arc segments,,0.558337919647771,0.23383084577114427,0.5949367088607594
Left,random,PTT,HTL,3,0.1,1,401,79,80,18,QOTu-PCA,arc segments,32.0,0.5283630788584008,0.215,0.5443037974683544
Left,random,PTT,HTL,3,0.1,1,401,79,80,18,QOTc-HS4,arc labels,,0.6369211415991823,0.2879581151832461,0.6962025316455697
Left,random,PTT,HTL,3,0.1,1,401,79,80,18,QOTc-HSsrc,arc labels,,0.5164321094425662,0.20987654320987653,0.43037974683544306
Left,random,PTT,HTL,3,0.1,1,401,79,80,18,QOTc-PCA,arc labels,64.0,0.5787797782844564,0.2727272727272727,0.45569620253164556
Left,random,PTT,HTL,3,0.1,1,401,79,80,18,SDM-HS4,arc labels,,0.6356042141677805,0.28217821782178215,0.7215189873417721
Left,random,PTT,HTL,3,0.1,1,401,79,80,18,SDM-HSsrc,arc labels,,0.5433013601698247,0.23030303030303031,0.4810126582278481
Left,random,PTT,HTL,3,0.1,1,401,79,80,18,SDM-PCA,arc labels,64.0,0.5507901564588411,0.2198581560283688,0.7848101265822784
Left,random,PTT,HTL,3,0.2,1,401,79,161,37,NoAdapt,nothing,,0.5139948109128076,0.20245398773006135,0.8354430379746836
Left,random,PTT,HTL,3,0.2,1,401,79,161,37,TargetOnly,arc labels,,0.5753007311895589,0.24864864864864866,0.5822784810126582
Left,random,PTT,HTL,3,0.2,1,401,79,161,37,Source+Target,arc labels,,0.5468393741646356,0.21587301587301588,0.8607594936708861
Left,random,PTT,HTL,3,0.2,1,401,79,161,37,COT,arc labels,,0.5264368267945594,0.21031746031746032,0.6708860759493671
Left,random,PTT,HTL,3,0.2,1,401,79,161,37,none-HS4,arc labels,,0.5036166365280289,0.1986062717770035,0.7215189873417721
Left,random,PTT,HTL,3,0.2,1,401,79,161,37,none-HSsrc,nothing,,0.5048156301596037,0.1992619926199262,0.6835443037974683
Left,random,PTT,HTL,3,0.2,1,401,79,161,37,none-PCA,arc segments,16.0,0.49015252771444295,0.19021739130434784,0.4430379746835443
Left,random,PTT,HTL,3,0.2,1,401,79,161,37,QOTu-HS4,arc labels,,0.5674188222344524,0.24324324324324326,0.569620253164557
Left,random,PTT,HTL,3,0.2,1,401,79,161,37,QOTu-HSsrc,arc segments,,0.5548785281861781,0.23404255319148937,0.5569620253164557
Left,random,PTT,HTL,3,0.2,1,401,79,161,37,QOTu-PCA,arc segments,64.0,0.5468786854312446,0.22950819672131148,0.5316455696202531
Left,random,PTT,HTL,3,0.2,1,401,79,161,37,QOTc-HS4,arc labels,,0.5649225568047802,0.2534246575342466,0.46835443037974683
Left,random,PTT,HTL,3,0.2,1,401,79,161,37,QOTc-HSsrc,arc labels,,0.4269793222737637,0.1452513966480447,0.3291139240506329
Left,random,PTT,HTL,3,0.2,1,401,79,161,37,QOTc-PCA,arc labels,32.0,0.54031370390754,0.22674418604651161,0.4936708860759494
Left,random,PTT,HTL,3,0.2,1,401,79,161,37,SDM-HS4,arc labels,,0.5920276751316927,0.27044025157232704,0.5443037974683544
Left,random,PTT,HTL,3,0.2,1,401,79,161,37,SDM-HSsrc,arc labels,,0.4208860759493671,0.14361702127659576,0.34177215189873417
Left,random,PTT,HTL,3,0.2,1,401,79,161,37,SDM-PCA,arc labels,64.0,0.49319915087664123,0.19473684210526315,0.9367088607594937
Left,random,PTT,HTL,3,0.3,1,401,79,241,56,NoAdapt,nothing,,0.5139948109128076,0.20245398773006135,0.8354430379746836
Left,random,PTT,HTL,3,0.3,1,401,79,241,56,TargetOnly,arc labels,,0.5866420316062584,0.25252525252525254,0.6329113924050633
Left,random,PTT,HTL,3,0.3,1,401,79,241,56,Source+Target,arc labels,,0.5577089393820269,0.22077922077922077,0.8607594936708861
Left,random,PTT,HTL,3,0.3,1,401,79,241,56,COT,arc labels,,0.556431323217234,0.23529411764705882,0.5569620253164557
Left,random,PTT,HTL,3,0.3,1,401,79,241,56,none-HS4,arc labels,,0.502063841496973,0.19791666666666666,0.7215189873417721
Left,random,PTT,HTL,3,0.3,1,401,79,241,56,none-HSsrc,nothing,,0.5048156301596037,0.1992619926199262,0.6835443037974683
Left,random,PTT,HTL,3,0.3,1,401,79,241,56,none-PCA,arc segments,16.0,0.45994181932541867,0.1676300578034682,0.3670886075949367
Left,random,PTT,HTL,3,0.3,1,401,79,241,56,QOTu-HS4,arc labels,,0.5641952983725136,0.24175824175824176,0.5569620253164557
Left,random,PTT,HTL,3,0.3,1,401,79,241,56,QOTu-HSsrc,arc segments,,0.5453258904001886,0.22826086956521738,0.5316455696202531
Left,random,PTT,HTL,3,0.3,1,401,79,241,56,QOTu-PCA,arc segments,16.0,0.5160586524097807,0.20657276995305165,0.5569620253164557
Left,random,PTT,HTL,3,0.3,1,401,79,241,56,QOTc-HS4,arc labels,,0.6002633854862803,0.27011494252873564,0.5949367088607594
Left,random,PTT,HTL,3,0.3,1,401,79,241,56,QOTc-HSsrc,arc labels,,0.42232093718059593,0.14285714285714285,0.3291139240506329
Left,random,PTT,HTL,3,0.3,1,401,79,241,56,QOTc-PCA,arc labels,64.0,0.5865240978064313,0.2538860103626943,0.620253164556962
Left,random,PTT,HTL,3,0.3,1,401,79,241,56,SDM-HS4,arc labels,,0.6112508845034987,0.27906976744186046,0.6075949367088608
Left,random,PTT,HTL,3,0.3,1,401,79,241,56,SDM-HSsrc,arc labels,,0.42745105747307177,0.1507537688442211,0.379746835443038
Left,random,PTT,HTL,3,0.3,1,401,79,241,56,SDM-PCA,arc labels,64.0,0.5229381240663574,0.20485175202156333,0.9620253164556962
Left,random,PTT,HTL,3,0.5,1,401,79,380,86,NoAdapt,nothing,,0.5139948109128076,0.20245398773006135,0.8354430379746836
Left,random,PTT,HTL,3,0.5,1,401,79,380,86,TargetOnly,arc labels,,0.5651387687711298,0.23423423423423423,0.6582278481012658
Left,random,PTT,HTL,3,0.5,1,401,79,380,86,Source+Target,arc labels,,0.5433799827030428,0.2152317880794702,0.8227848101265823
Left,random,PTT,HTL,3,0.5,1,401,79,380,86,COT,arc labels,,0.5199897790706817,0.2073170731707317,0.6455696202531646
Left,random,PTT,HTL,3,0.5,1,401,79,380,86,none-HS4,arc labels,,0.502063841496973,0.19791666666666666,0.7215189873417721
Left,random,PTT,HTL,3,0.5,1,401,79,380,86,none-HSsrc,nothing,,0.5048156301596037,0.1992619926199262,0.6835443037974683
Left,random,PTT,HTL,3,0.5,1,401,79,380,86,none-PCA,arc segments,16.0,0.46149461435647454,0.1686046511627907,0.3670886075949367
Left,random,PTT,HTL,3,0.5,1,401,79,380,86,QOTu-HS4,arc labels,,0.5689716172655084,0.24456521739130435,0.569620253164557
Left,random,PTT,HTL,3,0.5,1,401,79,380,86,QOTu-HSsrc,arc segments,,0.5453258904001886,0.22826086956521738,0.5316455696202531
Left,random,PTT,HTL,3,0.5,1,401,79,380,86,QOTu-PCA,arc segments,16.0,0.5208349713027753,0.20930232558139536,0.569620253164557
Left,random,PTT,HTL,3,0.5,1,401,79,380,86,QOTc-HS4,arc labels,,0.5801949838823808,0.25,0.6075949367088608
Left,random,PTT,HTL,3,0.5,1,401,79,380,86,QOTc-HSsrc,arc labels,,0.4048863904395,0.12921348314606743,0.2911392405063291
Left,random,PTT,HTL,3,0.5,1,401,79,380,86,QOTc-PCA,arc labels,64.0,0.5768338705873103,0.236,0.7468354430379747
Left,random,PTT,HTL,3,0.5,1,401,79,380,86,SDM-HS4,arc labels,,0.558102052048117,0.2356020942408377,0.569620253164557
Left,random,PTT,HTL,3,0.5,1,401,79,380,86,SDM-HSsrc,arc labels,,0.41479282962497055,0.14213197969543148,0.35443037974683544
Left,random,PTT,HTL,3,0.5,1,401,79,380,86,SDM-PCA,arc labels,64.0,0.5350066829153235,0.20977011494252873,0.9240506329113924
Left,random,PTT,HTL,4,0.05,1,401,76,40,8,NoAdapt,nothing,,0.5346356275303643,0.20241691842900303,0.881578947368421
Left,random,PTT,HTL,4,0.05,1,401,76,40,8,TargetOnly,arc labels,,0.5235222672064777,0.2097902097902098,0.39473684210526316
Left,random,PTT,HTL,4,0.05,1,401,76,40,8,Source+Target,arc labels,,0.5346356275303643,0.20241691842900303,0.881578947368421
Left,random,PTT,HTL,4,0.05,1,401,76,40,8,COT,arc labels,,0.5,0.18952618453865336,1.0
Left,random,PTT,HTL,4,0.05,1,401,76,40,8,none-HS4,arc labels,,0.5007287449392712,0.18983050847457628,0.7368421052631579
Left,random,PTT,HTL,4,0.05,1,401,76,40,8,none-HSsrc,nothing,,0.5172267206477733,0.1971326164874552,0.7236842105263158
Left,random,PTT,HTL,4,0.05,1,401,76,40,8,none-PCA,arc segments,16.0,0.5180161943319839,0.19913419913419914,0.6052631578947368
Left,random,PTT,HTL,4,0.05,1,401,76,40,8,QOTu-HS4,arc labels,,0.5433198380566802,0.21568627450980393,0.5789473684210527
Left,random,PTT,HTL,4,0.05,1,401,76,40,8,QOTu-HSsrc,arc segments,,0.5645951417004049,0.22815533980582525,0.618421052631579
Left,random,PTT,HTL,4,0.05,1,401,76,40,8,QOTu-PCA,arc segments,16.0,0.5369635627530365,0.20567375886524822,0.7631578947368421
Left,random,PTT,HTL,4,0.05,1,401,76,40,8,QOTc-HS4,arc labels,,0.4538056680161943,0.144,0.23684210526315788
Left,random,PTT,HTL,4,0.05,1,401,76,40,8,QOTc-HSsrc,arc labels,,0.44738866396761134,0.14482758620689656,0.27631578947368424
Left,random,PTT,HTL,4,0.05,1,401,76,40,8,QOTc-PCA,arc labels,64.0,0.5140688259109312,0.21428571428571427,0.19736842105263158
Left,random,PTT,HTL,4,0.05,1,401,76,40,8,SDM-HS4,arc labels,,0.42012145748987856,0.13095238095238096,0.2894736842105263
Left,random,PTT,HTL,4,0.05,1,401,76,40,8,SDM-HSsrc,arc labels,,0.46113360323886643,0.16184971098265896,0.3684210526315789
Left,random,PTT,HTL,4,0.05,1,401,76,40,8,SDM-PCA,arc labels,32.0,0.4626720647773279,0.16279069767441862,0.3684210526315789
Left,random,PTT,HTL,4,0.1,1,401,76,80,19,NoAdapt,nothing,,0.5346356275303643,0.20241691842900303,0.881578947368421
Left,random,PTT,HTL,4,0.1,1,401,76,80,19,TargetOnly,arc labels,,0.5403441295546558,0.21893491124260356,0.4868421052631579
Left,random,PTT,HTL,4,0.1,1,401,76,80,19,Source+Target,arc labels,,0.5469433198380567,0.20743034055727555,0.881578947368421
Left,random,PTT,HTL,4,0.1,1,401,76,80,19,COT,arc labels,,0.5312753036437248,0.20918367346938777,0.5394736842105263
Left,random,PTT,HTL,4,0.1,1,401,76,80,19,none-HS4,arc labels,,0.5138866396761134,0.19528619528619529,0.7631578947368421
Left,random,PTT,HTL,4,0.1,1,401,76,80,19,none-HSsrc,nothing,,0.5172267206477733,0.1971326164874552,0.7236842105263158
Left,random,PTT,HTL,4,0.1,1,401,76,80,19,none-PCA,arc segments,16.0,0.5241700404858299,0.2026431718061674,0.6052631578947368
Left,random,PTT,HTL,4,0.1,1,401,76,80,19,QOTu-HS4,arc labels,,0.563744939271255,0.22959183673469388,0.5921052631578947
Left,random,PTT,HTL,4,0.1,1,401,76,80,19,QOTu-HSsrc,arc segments,,0.5622064777327935,0.22842639593908629,0.5921052631578947
Left,random,PTT,HTL,4,0.1,1,401,76,80,19,QOTu-PCA,arc segments,16.0,0.551497975708502,0.21374045801526717,0.7368421052631579
Left,random,PTT,HTL,4,0.1,1,401,76,80,19,QOTc-HS4,arc labels,,0.4850607287449393,0.17857142857142858,0.39473684210526316
Left,random,PTT,HTL,4,0.1,1,401,76,80,19,QOTc-HSsrc,arc labels,,0.4405465587044535,0.14375,0.3026315789473684
Left,random,PTT,HTL,4,0.1,1,401,76,80,19,QOTc-PCA,arc labels,64.0,0.5671862348178138,0.24822695035460993,0.4605263157894737
Left,random,PTT,HTL,4,0.1,1,401,76,80,19,SDM-HS4,arc labels,,0.4773684210526316,0.17341040462427745,0.39473684210526316
Left,random,PTT,HTL,4,0.1,1,401,76,80,19,SDM-HSsrc,arc labels,,0.45805668016194334,0.16,0.3684210526315789
Left,random,PTT,HTL,4,0.1,1,401,76,80,19,SDM-PCA,arc labels,16.0,0.5592307692307692,0.2345679012345679,0.5
Left,random,PTT,HTL,4,0.2,1,401,76,161,37,NoAdapt,nothing,,0.5346356275303643,0.20241691842900303,0.881578947368421
Left,random,PTT,HTL,4,0.2,1,401,76,161,37,TargetOnly,arc labels,,0.5193927125506073,0.20095693779904306,0.5526315789473685
Left,random,PTT,HTL,4,0.2,1,401,76,161,37,Source+Target,arc labels,,0.5724089068825912,0.21766561514195584,0.9078947368421053
Left,random,PTT,HTL,4,0.2,1,401,76,161,37,COT,arc labels,,0.5275708502024291,0.20224719101123595,0.7105263157894737
Left,random,PTT,HTL,4,0.2,1,401,76,161,37,none-HS4,arc labels,,0.5134615384615384,0.1952054794520548,0.75
Left,random,PTT,HTL,4,0.2,1,401,76,161,37,none-HSsrc,nothing,,0.5172267206477733,0.1971326164874552,0.7236842105263158
Left,random,PTT,HTL,4,0.2,1,401,76,161,37,none-PCA,arc segments,16.0,0.5123886639676113,0.19704433497536947,0.5263157894736842
Left,random,PTT,HTL,4,0.2,1,401,76,161,37,QOTu-HS4,arc labels,,0.5675101214574898,0.23497267759562843,0.5657894736842105
Left,random,PTT,HTL,4,0.2,1,401,76,161,37,QOTu-HSsrc,arc segments,,0.5567408906882592,0.22631578947368422,0.5657894736842105
Left,random,PTT,HTL,4,0.2,1,401,76,161,37,QOTu-PCA,arc segments,16.0,0.517165991902834,0.19909502262443438,0.5789473684210527
Left,random,PTT,HTL,4,0.2,1,401,76,161,37,QOTc-HS4,arc labels,,0.5405060728744939,0.21578947368421053,0.5394736842105263
Left,random,PTT,HTL,4,0.2,1,401,76,161,37,QOTc-HSsrc,arc labels,,0.4317408906882591,0.14035087719298245,0.3157894736842105
Left,random,PTT,HTL,4,0.2,1,401,76,161,37,QOTc-PCA,arc labels,64.0,0.6061336032388664,0.26256983240223464,0.618421052631579
Left,random,PTT,HTL,4,0.2,1,401,76,161,37,SDM-HS4,arc labels,,0.5494736842105263,0.22,0.5789473684210527
Left,random,PTT,HTL,4,0.2,1,401,76,161,37,SDM-HSsrc,arc labels,,0.44044534412955466,0.15228426395939088,0.39473684210526316
Left,random,PTT,HTL,4,0.2,1,401,76,161,37,SDM-PCA,arc labels,16.0,0.5328137651821863,0.21025641025641026,0.5394736842105263
Left,random,PTT,HTL,4,0.3,1,401,76,241,56,NoAdapt,nothing,,0.5346356275303643,0.20241691842900303,0.881578947368421
Left,random,PTT,HTL,4,0.3,1,401,76,241,56,TargetOnly,arc labels,,0.5193927125506073,0.20095693779904306,0.5526315789473685
Left,random,PTT,HTL,4,0.3,1,401,76,241,56,Source+Target,arc labels,,0.5759109311740891,0.21875,0.9210526315789473
Left,random,PTT,HTL,4,0.3,1,401,76,241,56,COT,arc labels,,0.5343117408906882,0.2041522491349481,0.7763157894736842
Left,random,PTT,HTL,4,0.3,1,401,76,241,56,none-HS4,arc labels,,0.5200404858299595,0.19795221843003413,0.7631578947368421
Left,random,PTT,HTL,4,0.3,1,401,76,241,56,none-HSsrc,nothing,,0.5172267206477733,0.1971326164874552,0.7236842105263158
Left,random,PTT,HTL,4,0.3,1,401,76,241,56,none-PCA,arc segments,16.0,0.5288866396761134,0.20855614973262032,0.5131578947368421
Left,random,PTT,HTL,4,0.3,1,401,76,241,56,QOTu-HS4,arc labels,,0.5624696356275304,0.23204419889502761,0.5526315789473685
Left,random,PTT,HTL,4,0.3,1,401,76,241,56,QOTu-HSsrc,arc segments,,0.5517004048582996,0.22340425531914893,0.5526315789473685
Left,random,PTT,HTL,4,0.3,1,401,76,241,56,QOTu-PCA,arc segments,16.0,0.5369028340080972,0.20982142857142858,0.618421052631579
Left,random,PTT,HTL,4,0.3,1,401,76,241,56,QOTc-HS4,arc labels,,0.5782793522267207,0.24431818181818182,0.5657894736842105
Left,random,PTT,HTL,4,0.3,1,401,76,241,56,QOTc-HSsrc,arc labels,,0.45959514170040483,0.16091954022988506,0.3684210526315789
Left,random,PTT,HTL,4,0.3,1,401,76,241,56,QOTc-PCA,arc labels,32.0,0.5997165991902834,0.25125628140703515,0.6578947368421053
Left,random,PTT,HTL,4,0.3,1,401,76,241,56,SDM-HS4,arc labels,,0.540668016194332,0.2132701421800948,0.5921052631578947
Left,random,PTT,HTL,4,0.3,1,401,76,241,56,SDM-HSsrc,arc labels,,0.43412955465587044,0.14444444444444443,0.34210526315789475
Left,random,PTT,HTL,4,0.3,1,401,76,241,56,SDM-PCA,arc labels,64.0,0.5107085020242915,0.19345238095238096,0.8552631578947368
Left,random,PTT,HTL,4,0.5,1,401,76,381,80,NoAdapt,nothing,,0.5346356275303643,0.20241691842900303,0.881578947368421
Left,random,PTT,HTL,4,0.5,1,401,76,381,80,TargetOnly,arc labels,,0.5534008097165992,0.22115384615384615,0.6052631578947368
Left,random,PTT,HTL,4,0.5,1,401,76,381,80,Source+Target,arc labels,,0.5849797570850203,0.22525597269624573,0.868421052631579
Left,random,PTT,HTL,4,0.5,1,401,76,381,80,COT,arc labels,,0.5344129554655871,0.20634920634920634,0.6842105263157895
Left,random,PTT,HTL,4,0.5,1,401,76,381,80,none-HS4,arc labels,,0.5200404858299595,0.19795221843003413,0.7631578947368421
Left,random,PTT,HTL,4,0.5,1,401,76,381,80,none-HSsrc,nothing,,0.5172267206477733,0.1971326164874552,0.7236842105263158
Left,random,PTT,HTL,4,0.5,1,401,76,381,80,none-PCA,arc segments,16.0,0.48813765182186236,0.18072289156626506,0.39473684210526316
Left,random,PTT,HTL,4,0.5,1,401,76,381,80,QOTu-HS4,arc labels,,0.564008097165992,0.23333333333333334,0.5526315789473685
Left,random,PTT,HTL,4,0.5,1,401,76,381,80,QOTu-HSsrc,arc segments,,0.5427327935222672,0.21910112359550563,0.5131578947368421
Left,random,PTT,HTL,4,0.5,1,401,76,381,80,QOTu-PCA,arc segments,16.0,0.5210931174089068,0.20087336244541484,0.6052631578947368
Left,random,PTT,HTL,4,0.5,1,401,76,381,80,QOTc-HS4,arc labels,,0.5558906882591093,0.22777777777777777,0.5394736842105263
Left,random,PTT,HTL,4,0.5,1,401,76,381,80,QOTc-HSsrc,arc labels,,0.4418218623481781,0.14857142857142858,0.34210526315789475
Left,random,PTT,HTL,4,0.5,1,401,76,381,80,QOTc-PCA,arc labels,64.0,0.5903846153846154,0.23553719008264462,0.75
Left,random,PTT,HTL,4,0.5,1,401,76,381,80,SDM-HS4,arc labels,,0.5633198380566802,0.23036649214659685,0.5789473684210527
Left,random,PTT,HTL,4,0.5,1,401,76,381,80,SDM-HSsrc,arc labels,,0.442834008097166,0.1553398058252427,0.42105263157894735
Left,random,PTT,HTL,4,0.5,1,401,76,381,80,SDM-PCA,arc labels,64.0,0.5241295546558704,0.19875776397515527,0.8421052631578947
Left,random,PTT,HTL,5,0.05,1,401,91,40,9,NoAdapt,nothing,,0.5389578163771712,0.24277456647398843,0.9230769230769231
Left,random,PTT,HTL,5,0.05,1,401,91,40,9,TargetOnly,arc labels,,0.5224920241049273,0.26506024096385544,0.24175824175824176
Left,random,PTT,HTL,5,0.05,1,401,91,40,9,Source+Target,arc labels,,0.5679900744416874,0.25609756097560976,0.9230769230769231
Left,random,PTT,HTL,5,0.05,1,401,91,40,9,COT,arc labels,,0.5032258064516129,0.22807017543859648,1.0
Left,random,PTT,HTL,5,0.05,1,401,91,40,9,none-HS4,arc labels,,0.5537220843672457,0.25163398692810457,0.8461538461538461
Left,random,PTT,HTL,5,0.05,1,401,91,40,9,none-HSsrc,nothing,,0.5540233959588798,0.25252525252525254,0.8241758241758241
Left,random,PTT,HTL,5,0.05,1,401,91,40,9,none-PCA,arc segments,64.0,0.5599078341013825,0.2708333333333333,0.5714285714285714
Left,random,PTT,HTL,5,0.05,1,401,91,40,9,QOTu-HS4,arc labels,,0.5787132222616094,0.2772727272727273,0.6703296703296703
Left,random,PTT,HTL,5,0.05,1,401,91,40,9,QOTu-HSsrc,arc segments,,0.5745303084012762,0.27312775330396477,0.6813186813186813
Left,random,PTT,HTL,5,0.05,1,401,91,40,9,QOTu-PCA,arc segments,32.0,0.5705423608649416,0.281767955801105,0.5604395604395604
Left,random,PTT,HTL,5,0.05,1,401,91,40,9,QOTc-HS4,arc labels,,0.5687699397376816,0.3103448275862069,0.3956043956043956
Left,random,PTT,HTL,5,0.05,1,401,91,40,9,QOTc-HSsrc,arc labels,,0.4269762495568947,0.14728682170542637,0.2087912087912088
Left,random,PTT,HTL,5,0.05,1,401,91,40,9,QOTc-PCA,arc labels,32.0,0.48403048564338885,0.19736842105263158,0.16483516483516483
Left,random,PTT,HTL,5,0.05,1,401,91,40,9,SDM-HS4,arc labels,,0.5945763913505849,0.36,0.3956043956043956
Left,random,PTT,HTL,5,0.05,1,401,91,40,9,SDM-HSsrc,arc labels,,0.4185572492024105,0.1322314049586777,0.17582417582417584
Left,random,PTT,HTL,5,0.05,1,401,91,40,9,SDM-PCA,arc labels,16.0,0.49537398085785184,0.21978021978021978,0.21978021978021978
Left,random,PTT,HTL,5,0.1,1,401,91,80,18,NoAdapt,nothing,,0.5389578163771712,0.24277456647398843,0.9230769230769231
Left,random,PTT,HTL,5,0.1,1,401,91,80,18,TargetOnly,arc labels,,0.48222261609358386,0.2076923076923077,0.2967032967032967
Left,random,PTT,HTL,5,0.1,1,401,91,80,18,Source+Target,arc labels,,0.5699574618929458,0.25588235294117645,0.9560439560439561
Left,random,PTT,HTL,5,0.1,1,401,91,80,18,COT,arc labels,,0.5008330379298122,0.22748815165876776,0.5274725274725275
Left,random,PTT,HTL,5,0.1,1,401,91,80,18,none-HS4,arc labels,,0.5521091811414391,0.250814332247557,0.8461538461538461
Left,random,PTT,HTL,5,0.1,1,401,91,80,18,none-HSsrc,nothing,,0.5540233959588798,0.25252525252525254,0.8241758241758241
Left,random,PTT,HTL,5,0.1,1,401,91,80,18,none-PCA,arc segments,64.0,0.565402339595888,0.27461139896373055,0.5824175824175825
Left,random,PTT,HTL,5,0.1,1,401,91,80,18,QOTu-HS4,arc labels,,0.5722084367245658,0.27722772277227725,0.6153846153846154
Left,random,PTT,HTL,5,0.1,1,401,91,80,18,QOTu-HSsrc,arc segments,,0.5774016306274371,0.2783018867924528,0.6483516483516484
Left,random,PTT,HTL,5,0.1,1,401,91,80,18,QOTu-PCA,arc segments,32.0,0.5831974477135767,0.28431372549019607,0.6373626373626373
Left,random,PTT,HTL,5,0.1,1,401,91,80,18,QOTc-HS4,arc labels,,0.515490960652251,0.2440944881889764,0.34065934065934067
Left,random,PTT,HTL,5,0.1,1,401,91,80,18,QOTc-HSsrc,arc labels,,0.4285891527827012,0.1484375,0.2087912087912088
Left,random,PTT,HTL,5,0.1,1,401,91,80,18,QOTc-PCA,arc labels,64.0,0.5119106699751861,0.2413793103448276,0.3076923076923077
Left,random,PTT,HTL,5,0.1,1,401,91,80,18,SDM-HS4,arc labels,,0.5546082949308756,0.2826086956521739,0.42857142857142855
Left,random,PTT,HTL,5,0.1,1,401,91,80,18,SDM-HSsrc,arc labels,,0.4292449485997873,0.15151515151515152,0.21978021978021978
Left,random,PTT,HTL,5,0.1,1,401,91,80,18,SDM-PCA,arc labels,32.0,0.5387805742644453,0.26618705035971224,0.4065934065934066
Left,random,PTT,HTL,5,0.2,1,401,91,161,34,NoAdapt,nothing,,0.5389578163771712,0.24277456647398843,0.9230769230769231
Left,random,PTT,HTL,5,0.2,1,401,91,161,34,TargetOnly,arc labels,,0.5427153491669621,0.26380368098159507,0.4725274725274725
Left,random,PTT,HTL,5,0.2,1,401,91,161,34,Source+Target,arc labels,,0.5673342786246012,0.25617283950617287,0.9120879120879121
Left,random,PTT,HTL,5,0.2,1,401,91,161,34,COT,arc labels,,0.579829847571783,0.2669039145907473,0.8241758241758241
Left,random,PTT,HTL,5,0.2,1,401,91,161,34,none-HS4,arc labels,,0.5450017724211272,0.247557003257329,0.8351648351648352
Left,random,PTT,HTL,5,0.2,1,401,91,161,34,none-HSsrc,nothing,,0.5540233959588798,0.25252525252525254,0.8241758241758241
Left,random,PTT,HTL,5,0.2,1,401,91,161,34,none-PCA,arc segments,64.0,0.565402339595888,0.27461139896373055,0.5824175824175825
Left,random,PTT,HTL,5,0.2,1,401,91,161,34,QOTu-HS4,arc labels,,0.5809287486706842,0.2835820895522388,0.6263736263736264
Left,random,PTT,HTL,5,0.2,1,401,91,161,34,QOTu-HSsrc,arc segments,,0.5505317263381779,0.26455026455026454,0.5494505494505495
Left,random,PTT,HTL,5,0.2,1,401,91,161,34,QOTu-PCA,arc segments,64.0,0.6087025877348458,0.30456852791878175,0.6593406593406593
Left,random,PTT,HTL,5,0.2,1,401,91,161,34,QOTc-HS4,arc labels,,0.5867245657568239,0.29015544041450775,0.6153846153846154
Left,random,PTT,HTL,5,0.2,1,401,91,161,34,QOTc-HSsrc,arc labels,,0.436405529953917,0.16883116883116883,0.2857142857142857
Left,random,PTT,HTL,5,0.2,1,401,91,161,34,QOTc-PCA,arc labels,64.0,0.5013293158454448,0.22818791946308725,0.37362637362637363
Left,random,PTT,HTL,5,0.2,1,401,91,161,34,SDM-HS4,arc labels,,0.5750797589507267,0.28342245989304815,0.5824175824175825
Left,random,PTT,HTL,5,0.2,1,401,91,161,34,SDM-HSsrc,arc labels,,0.4425558312655087,0.1761006289308176,0.3076923076923077
Left,random,PTT,HTL,5,0.2,1,401,91,161,34,SDM-PCA,arc labels,64.0,0.5253987947536335,0.23714285714285716,0.9120879120879121
Left,random,PTT,HTL,5,0.3,1,401,91,241,52,NoAdapt,nothing,,0.5389578163771712,0.24277456647398843,0.9230769230769231
Left,random,PTT,HTL,5,0.3,1,401,91,241,52,TargetOnly,arc labels,,0.5596065225097483,0.26865671641791045,0.5934065934065934
Left,random,PTT,HTL,5,0.3,1,401,91,241,52,Source+Target,arc labels,,0.5753987947536334,0.2601880877742947,0.9120879120879121
Left,random,PTT,HTL,5,0.3,1,401,91,241,52,COT,arc labels,,0.5802375044310528,0.2626582278481013,0.9120879120879121
Left,random,PTT,HTL,5,0.3,1,401,91,241,52,none-HS4,arc labels,,0.5482275788727402,0.24918032786885247,0.8351648351648352
Left,random,PTT,HTL,5,0.3,1,401,91,241,52,none-HSsrc,nothing,,0.5540233959588798,0.25252525252525254,0.8241758241758241
Left,random,PTT,HTL,5,0.3,1,401,91,241,52,none-PCA,arc segments,64.0,0.5599078341013825,0.2708333333333333,0.5714285714285714
Left,random,PTT,HTL,5,0.3,1,401,91,241,52,QOTu-HS4,arc labels,,0.5809287486706842,0.2835820895522388,0.6263736263736264
Left,random,PTT,HTL,5,0.3,1,401,91,241,52,QOTu-HSsrc,arc segments,,0.5505317263381779,0.26455026455026454,0.5494505494505495
Left,random,PTT,HTL,5,0.3,1,401,91,241,52,QOTu-PCA,arc segments,16.0,0.5584012761432117,0.2616033755274262,0.6813186813186813
Left,random,PTT,HTL,5,0.3,1,401,91,241,52,QOTc-HS4,arc labels,,0.5605104572846509,0.27586206896551724,0.5274725274725275
Left,random,PTT,HTL,5,0.3,1,401,91,241,52,QOTc-HSsrc,arc labels,,0.4189117334278625,0.1417910447761194,0.2087912087912088
Left,random,PTT,HTL,5,0.3,1,401,91,241,52,QOTc-PCA,arc labels,32.0,0.5547146401985111,0.2692307692307692,0.5384615384615384
Left,random,PTT,HTL,5,0.3,1,401,91,241,52,SDM-HS4,arc labels,,0.5873271889400922,0.29714285714285715,0.5714285714285714
Left,random,PTT,HTL,5,0.3,1,401,91,241,52,SDM-HSsrc,arc labels,,0.45313718539524994,0.1746031746031746,0.24175824175824176
Left,random,PTT,HTL,5,0.3,1,401,91,241,52,SDM-PCA,arc labels,64.0,0.5091102445941156,0.23129251700680273,0.7472527472527473
Left,random,PTT,HTL,5,0.5,1,401,91,380,70,NoAdapt,nothing,,0.5389578163771712,0.24277456647398843,0.9230769230769231
Left,random,PTT,HTL,5,0.5,1,401,91,380,70,TargetOnly,arc labels,,0.5777029422190713,0.28078817733990147,0.6263736263736264
Left,random,PTT,HTL,5,0.5,1,401,91,380,70,Source+Target,arc labels,,0.5702056008507621,0.2588996763754045,0.8791208791208791
Left,random,PTT,HTL,5,0.5,1,401,91,380,70,COT,arc labels,,0.5724742998936547,0.25961538461538464,0.8901098901098901
Left,random,PTT,HTL,5,0.5,1,401,91,380,70,none-HS4,arc labels,,0.5450017724211272,0.247557003257329,0.8351648351648352
Left,random,PTT,HTL,5,0.5,1,401,91,380,70,none-HSsrc,nothing,,0.5540233959588798,0.25252525252525254,0.8241758241758241
Left,random,PTT,HTL,5,0.5,1,401,91,380,70,none-PCA,arc segments,64.0,0.558294930875576,0.2694300518134715,0.5714285714285714
Left,random,PTT,HTL,5,0.5,1,401,91,380,70,QOTu-HS4,arc labels,,0.5818858560794045,0.2857142857142857,0.6153846153846154
Left,random,PTT,HTL,5,0.5,1,401,91,380,70,QOTu-HSsrc,arc segments,,0.5424672102091457,0.25773195876288657,0.5494505494505495
Left,random,PTT,HTL,5,0.5,1,401,91,380,70,QOTu-PCA,arc segments,16.0,0.5684331797235023,0.26639344262295084,0.7142857142857143
Left,random,PTT,HTL,5,0.5,1,401,91,380,70,QOTc-HS4,arc labels,,0.5725097483161999,0.27979274611398963,0.5934065934065934
Left,random,PTT,HTL,5,0.5,1,401,91,380,70,QOTc-HSsrc,arc labels,,0.4544487770294222,0.1791044776119403,0.26373626373626374
Left,random,PTT,HTL,5,0.5,1,401,91,380,70,QOTc-PCA,arc labels,64.0,0.5554236086494151,0.2644230769230769,0.6043956043956044
Left,random,PTT,HTL,5,0.5,1,401,91,380,70,SDM-HS4,arc labels,,0.5957461892945763,0.3005464480874317,0.6043956043956044
Left,random,PTT,HTL,5,0.5,1,401,91,380,70,SDM-HSsrc,arc labels,,0.48317972350230415,0.208,0.2857142857142857
Left,random,PTT,HTL,5,0.5,1,401,91,380,70,SDM-PCA,arc labels,64.0,0.49317617866004965,0.22310756972111553,0.6153846153846154
Left,random,PTT,HTL,6,0.05,1,401,89,40,7,NoAdapt,nothing,,0.5335638144626909,0.23582089552238805,0.8876404494382022
Left,random,PTT,HTL,6,0.05,1,401,89,40,7,TargetOnly,arc labels,,0.5068424085278018,0.22641509433962265,0.5393258426966292
Left,random,PTT,HTL,6,0.05,1,401,89,40,7,Source+Target,arc labels,,0.5375612215499856,0.23780487804878048,0.8764044943820225
Left,random,PTT,HTL,6,0.05,1,401,89,40,7,COT,arc labels,,0.5124243733794296,0.23076923076923078,0.5056179775280899
Left,random,PTT,HTL,6,0.05,1,401,89,40,7,none-HS4,arc labels,,0.568784212042639,0.2542372881355932,0.8426966292134831
Left,random,PTT,HTL,6,0.05,1,401,89,40,7,none-HSsrc,nothing,,0.5887892538173437,0.26765799256505574,0.8089887640449438
Left,random,PTT,HTL,6,0.05,1,401,89,40,7,none-PCA,arc segments,64.0,0.5693604148660328,0.27472527472527475,0.5617977528089888
Left,random,PTT,HTL,6,0.05,1,401,89,40,7,QOTu-HS4,arc labels,,0.5788497551138001,0.3185840707964602,0.4044943820224719
Left,random,PTT,HTL,6,0.05,1,401,89,40,7,QOTu-HSsrc,arc segments,,0.5635803802938635,0.31,0.34831460674157305
Left,random,PTT,HTL,6,0.05,1,401,89,40,7,QOTu-PCA,arc segments,32.0,0.5764729184673005,0.3046875,0.43820224719101125
Left,random,PTT,HTL,6,0.05,1,401,89,40,7,QOTc-HS4,arc labels,,0.46994742149236535,0.20276497695852536,0.4943820224719101
Left,random,PTT,HTL,6,0.05,1,401,89,40,7,QOTc-HSsrc,arc labels,,0.4081856813598387,0.16517857142857142,0.4157303370786517
Left,random,PTT,HTL,6,0.05,1,401,89,40,7,QOTc-PCA,arc labels,64.0,0.5073645923365024,0.2361111111111111,0.19101123595505617
Left,random,PTT,HTL,6,0.05,1,401,89,40,7,SDM-HS4,arc labels,,0.5300885911840968,0.24257425742574257,0.550561797752809
Left,random,PTT,HTL,6,0.05,1,401,89,40,7,SDM-HSsrc,arc labels,,0.42107821953327573,0.17857142857142858,0.5056179775280899
Left,random,PTT,HTL,6,0.05,1,401,89,40,7,SDM-PCA,arc labels,16.0,0.5709449726303659,0.27906976744186046,0.5393258426966292
Left,random,PTT,HTL,6,0.1,1,401,89,80,15,NoAdapt,nothing,,0.5335638144626909,0.23582089552238805,0.8876404494382022
Left,random,PTT,HTL,6,0.1,1,401,89,80,15,TargetOnly,arc labels,,0.5613836070296745,0.2634146341463415,0.6067415730337079
Left,random,PTT,HTL,6,0.1,1,401,89,80,15,Source+Target,arc labels,,0.5463663209449726,0.24213836477987422,0.8651685393258427
Left,random,PTT,HTL,6,0.1,1,401,89,80,15,COT,arc labels,,0.5904818496110631,0.26198083067092653,0.9213483146067416
Left,random,PTT,HTL,6,0.1,1,401,89,80,15,none-HS4,arc labels,,0.5815867185249208,0.26258992805755393,0.8202247191011236
Left,random,PTT,HTL,6,0.1,1,401,89,80,15,none-HSsrc,nothing,,0.5887892538173437,0.26765799256505574,0.8089887640449438
Left,random,PTT,HTL,6,0.1,1,401,89,80,15,none-PCA,arc segments,64.0,0.5637424373379429,0.27071823204419887,0.550561797752809
Left,random,PTT,HTL,6,0.1,1,401,89,80,15,QOTu-HS4,arc labels,,0.5748703543647364,0.3023255813953488,0.43820224719101125
Left,random,PTT,HTL,6,0.1,1,401,89,80,15,QOTu-HSsrc,arc segments,,0.5748523480265053,0.30833333333333335,0.4157303370786517
Left,random,PTT,HTL,6,0.1,1,401,89,80,15,QOTu-PCA,arc segments,32.0,0.5781114952463268,0.296551724137931,0.48314606741573035
Left,random,PTT,HTL,6,0.1,1,401,89,80,15,QOTc-HS4,arc labels,,0.5645707288965716,0.26804123711340205,0.5842696629213483
Left,random,PTT,HTL,6,0.1,1,401,89,80,15,QOTc-HSsrc,arc labels,,0.39853428406799196,0.15566037735849056,0.3707865168539326
Left,random,PTT,HTL,6,0.1,1,401,89,80,15,QOTc-PCA,arc labels,64.0,0.5380473926822241,0.2529411764705882,0.48314606741573035
Left,random,PTT,HTL,6,0.1,1,401,89,80,15,SDM-HS4,arc labels,,0.567847882454624,0.2631578947368421,0.6741573033707865
Left,random,PTT,HTL,6,0.1,1,401,89,80,15,SDM-HSsrc,arc labels,,0.41059853068280033,0.16740088105726872,0.42696629213483145
Left,random,PTT,HTL,6,0.1,1,401,89,80,15,SDM-PCA,arc labels,64.0,0.5095793719389226,0.22546419098143236,0.9550561797752809
Left,random,PTT,HTL,6,0.2,1,401,89,161,28,NoAdapt,nothing,,0.5335638144626909,0.23582089552238805,0.8876404494382022
Left,random,PTT,HTL,6,0.2,1,401,89,161,28,TargetOnly,arc labels,,0.569396427542495,0.27,0.6067415730337079
Left,random,PTT,HTL,6,0.2,1,401,89,161,28,Source+Target,arc labels,,0.5519482857966004,0.24584717607973422,0.8314606741573034
Left,random,PTT,HTL,6,0.2,1,401,89,161,28,COT,arc labels,,0.5809024776721406,0.2551928783382789,0.9662921348314607
Left,random,PTT,HTL,6,0.2,1,401,89,161,28,none-HS4,arc labels,,0.5831892826274849,0.26353790613718414,0.8202247191011236
Left,random,PTT,HTL,6,0.2,1,401,89,161,28,none-HSsrc,nothing,,0.5887892538173437,0.26765799256505574,0.8089887640449438
Left,random,PTT,HTL,6,0.2,1,401,89,161,28,none-PCA,arc segments,64.0,0.5637424373379429,0.27071823204419887,0.550561797752809
Left,random,PTT,HTL,6,0.2,1,401,89,161,28,QOTu-HS4,arc labels,,0.6005834053586863,0.31543624161073824,0.5280898876404494
Left,random,PTT,HTL,6,0.2,1,401,89,161,28,QOTu-HSsrc,arc segments,,0.5877268798617113,0.30935251798561153,0.48314606741573035
Left,random,PTT,HTL,6,0.2,1,401,89,161,28,QOTu-PCA,arc segments,32.0,0.5821449150100836,0.2948717948717949,0.5168539325842697
Left,random,PTT,HTL,6,0.2,1,401,89,161,28,QOTc-HS4,arc labels,,0.5437193892250072,0.25252525252525254,0.5617977528089888
Left,random,PTT,HTL,6,0.2,1,401,89,161,28,QOTc-HSsrc,arc labels,,0.4033059636992221,0.1518324607329843,0.3258426966292135
Left,random,PTT,HTL,6,0.2,1,401,89,161,28,QOTc-PCA,arc labels,64.0,0.567829876116393,0.2648401826484018,0.651685393258427
Left,random,PTT,HTL,6,0.2,1,401,89,161,28,SDM-HS4,arc labels,,0.5421348314606742,0.25,0.5842696629213483
Left,random,PTT,HTL,6,0.2,1,401,89,161,28,SDM-HSsrc,arc labels,,0.39687770095073466,0.14516129032258066,0.30337078651685395
Left,random,PTT,HTL,6,0.2,1,401,89,161,28,SDM-PCA,arc labels,64.0,0.4862791702679343,0.21666666666666667,0.8764044943820225
Left,random,PTT,HTL,6,0.3,1,401,89,241,44,NoAdapt,nothing,,0.5335638144626909,0.23582089552238805,0.8876404494382022
Left,random,PTT,HTL,6,0.3,1,401,89,241,44,TargetOnly,arc labels,,0.5629861711322386,0.2647058823529412,0.6067415730337079
Left,random,PTT,HTL,6,0.3,1,401,89,241,44,Source+Target,arc labels,,0.5391097666378565,0.24,0.8089887640449438
Left,random,PTT,HTL,6,0.3,1,401,89,241,44,COT,arc labels,,0.5776433304523192,0.2564102564102564,0.898876404494382
Left,random,PTT,HTL,6,0.3,1,401,89,241,44,none-HS4,arc labels,,0.5888072601555747,0.26618705035971224,0.8314606741573034
Left,random,PTT,HTL,6,0.3,1,401,89,241,44,none-HSsrc,nothing,,0.5887892538173437,0.26765799256505574,0.8089887640449438
Left,random,PTT,HTL,6,0.3,1,401,89,241,44,none-PCA,arc segments,64.0,0.5693604148660328,0.27472527472527475,0.5617977528089888
Left,random,PTT,HTL,6,0.3,1,401,89,241,44,QOTu-HS4,arc labels,,0.604598818784212,0.31788079470198677,0.5393258426966292
Left,random,PTT,HTL,6,0.3,1,401,89,241,44,QOTu-HSsrc,arc segments,,0.5861243157591473,0.30714285714285716,0.48314606741573035
Left,random,PTT,HTL,6,0.3,1,401,89,241,44,QOTu-PCA,arc segments,64.0,0.6022039757994815,0.31210191082802546,0.550561797752809
Left,random,PTT,HTL,6,0.3,1,401,89,241,44,QOTc-HS4,arc labels,,0.5533527801786229,0.25870646766169153,0.5842696629213483
Left,random,PTT,HTL,6,0.3,1,401,89,241,44,QOTc-HSsrc,arc labels,,0.4000828291558629,0.14673913043478262,0.30337078651685395
Left,random,PTT,HTL,6,0.3,1,401,89,241,44,QOTc-PCA,arc labels,64.0,0.5268294439642754,0.24293785310734464,0.48314606741573035
Left,random,PTT,HTL,6,0.3,1,401,89,241,44,SDM-HS4,arc labels,,0.5445116681071738,0.2538860103626943,0.550561797752809
Left,random,PTT,HTL,6,0.3,1,401,89,241,44,SDM-HSsrc,arc labels,,0.44257778738115816,0.17543859649122806,0.33707865168539325
Left,random,PTT,HTL,6,0.3,1,401,89,241,44,SDM-PCA,arc labels,64.0,0.48217372515125323,0.21405750798722045,0.7528089887640449
Left,random,PTT,HTL,6,0.5,1,401,89,380,78,NoAdapt,nothing,,0.5335638144626909,0.23582089552238805,0.8876404494382022
Left,random,PTT,HTL,6,0.5,1,401,89,380,78,TargetOnly,arc labels,,0.5501296456352636,0.25773195876288657,0.5617977528089888
Left,random,PTT,HTL,6,0.5,1,401,89,380,78,Source+Target,arc labels,,0.5374891961970614,0.23972602739726026,0.7865168539325843
Left,random,PTT,HTL,6,0.5,1,401,89,380,78,COT,arc labels,,0.5287561221549986,0.23372781065088757,0.8876404494382022
Left,random,PTT,HTL,6,0.5,1,401,89,380,78,none-HS4,arc labels,,0.5831892826274849,0.26353790613718414,0.8202247191011236
Left,random,PTT,HTL,6,0.5,1,401,89,380,78,none-HSsrc,nothing,,0.5887892538173437,0.26765799256505574,0.8089887640449438
Left,random,PTT,HTL,6,0.5,1,401,89,380,78,none-PCA,arc segments,64.0,0.5637424373379429,0.27071823204419887,0.550561797752809
Left,random,PTT,HTL,6,0.5,1,401,89,380,78,QOTu-HS4,arc labels,,0.5797320656871219,0.29411764705882354,0.5056179775280899
Left,random,PTT,HTL,6,0.5,1,401,89,380,78,QOTu-HSsrc,arc segments,,0.581334629789686,0.29605263157894735,0.5056179775280899
Left,random,PTT,HTL,6,0.5,1,401,89,380,78,QOTu-PCA,arc segments,64.0,0.6134399308556612,0.32075471698113206,0.5730337078651685
Left,random,PTT,HTL,6,0.5,1,401,89,380,78,QOTc-HS4,arc labels,,0.5300885911840968,0.24257425742574257,0.550561797752809
Left,random,PTT,HTL,6,0.5,1,401,89,380,78,QOTc-HSsrc,arc labels,,0.4040802362431576,0.14689265536723164,0.29213483146067415
Left,random,PTT,HTL,6,0.5,1,401,89,380,78,QOTc-PCA,arc labels,64.0,0.5068244021895707,0.22660098522167488,0.5168539325842697
Left,random,PTT,HTL,6,0.5,1,401,89,380,78,SDM-HS4,arc labels,,0.5348962834917892,0.24623115577889448,0.550561797752809
Left,random,PTT,HTL,6,0.5,1,401,89,380,78,SDM-HSsrc,arc labels,,0.4449726303658888,0.17575757575757575,0.3258426966292135
Left,random,PTT,HTL,6,0.5,1,401,89,380,78,SDM-PCA,arc labels,64.0,0.4925993949870354,0.21864951768488747,0.7640449438202247
Left,random,PTT,HTL,7,0.05,1,401,88,40,10,NoAdapt,nothing,,0.5457631426081906,0.24013157894736842,0.8295454545454546
Left,random,PTT,HTL,7,0.05,1,401,88,40,10,TargetOnly,arc labels,,0.5178078710426953,0.2396694214876033,0.32954545454545453
Left,random,PTT,HTL,7,0.05,1,401,88,40,10,Source+Target,arc labels,,0.5413157130409526,0.23943661971830985,0.7727272727272727
Left,random,PTT,HTL,7,0.05,1,401,88,40,10,COT,arc labels,,0.5021964856230032,0.2214765100671141,0.375
Left,random,PTT,HTL,7,0.05,1,401,88,40,10,none-HS4,arc labels,,0.6043239907057798,0.2791666666666667,0.7613636363636364
Left,random,PTT,HTL,7,0.05,1,401,88,40,10,none-HSsrc,nothing,,0.6075188788846936,0.2815126050420168,0.7613636363636364
Left,random,PTT,HTL,7,0.05,1,401,88,40,10,none-PCA,arc segments,16.0,0.5673649433633459,0.27325581395348836,0.5340909090909091
Left,random,PTT,HTL,7,0.05,1,401,88,40,10,QOTu-HS4,arc labels,,0.56947066511763,0.3017241379310345,0.3977272727272727
Left,random,PTT,HTL,7,0.05,1,401,88,40,10,QOTu-HSsrc,arc segments,,0.5724840255591055,0.3142857142857143,0.375
Left,random,PTT,HTL,7,0.05,1,401,88,40,10,QOTu-PCA,arc segments,32.0,0.5368138251524833,0.2553191489361702,0.4090909090909091
Left,random,PTT,HTL,7,0.05,1,401,88,40,10,QOTc-HS4,arc labels,,0.5249237583502759,0.24183006535947713,0.42045454545454547
Left,random,PTT,HTL,7,0.05,1,401,88,40,10,QOTc-HSsrc,arc labels,,0.4689950624455417,0.19047619047619047,0.3181818181818182
Left,random,PTT,HTL,7,0.05,1,401,88,40,10,QOTc-PCA,arc labels,64.0,0.4970229451060122,0.21505376344086022,0.22727272727272727
Left,random,PTT,HTL,7,0.05,1,401,88,40,10,SDM-HS4,arc labels,,0.4869118501307,0.20353982300884957,0.26136363636363635
Left,random,PTT,HTL,7,0.05,1,401,88,40,10,SDM-HSsrc,arc labels,,0.484061864652919,0.1956521739130435,0.20454545454545456
Left,random,PTT,HTL,7,0.05,1,401,88,40,10,SDM-PCA,arc labels,16.0,0.5469067673540517,0.3,0.2727272727272727
Left,random,PTT,HTL,7,0.1,1,401,88,80,18,NoAdapt,nothing,,0.5457631426081906,0.24013157894736842,0.8295454545454546
Left,random,PTT,HTL,7,0.1,1,401,88,80,18,TargetOnly,arc labels,,0.5220556200987511,0.25274725274725274,0.26136363636363635
Left,random,PTT,HTL,7,0.1,1,401,88,80,18,Source+Target,arc labels,,0.5445106012198664,0.24113475177304963,0.7727272727272727
Left,random,PTT,HTL,7,0.1,1,401,88,80,18,COT,arc labels,,0.5128521638106303,0.23076923076923078,0.4090909090909091
Left,random,PTT,HTL,7,0.1,1,401,88,80,18,none-HS4,arc labels,,0.6020185884403136,0.2764227642276423,0.7727272727272727
Left,random,PTT,HTL,7,0.1,1,401,88,80,18,none-HSsrc,nothing,,0.6075188788846936,0.2815126050420168,0.7613636363636364
Left,random,PTT,HTL,7,0.1,1,401,88,80,18,none-PCA,arc segments,16.0,0.542858698809178,0.25625,0.4659090909090909
Left,random,PTT,HTL,7,0.1,1,401,88,80,18,QOTu-HS4,arc labels,,0.5888215219285506,0.3274336283185841,0.42045454545454547
Left,random,PTT,HTL,7,0.1,1,401,88,80,18,QOTu-HSsrc,arc segments,,0.5781658437409236,0.32075471698113206,0.38636363636363635
Left,random,PTT,HTL,7,0.1,1,401,88,80,18,QOTu-PCA,arc segments,32.0,0.56947066511763,0.3017241379310345,0.3977272727272727
Left,random,PTT,HTL,7,0.1,1,401,88,80,18,QOTc-HS4,arc labels,,0.580126343305257,0.3089430894308943,0.4318181818181818
Left,random,PTT,HTL,7,0.1,1,401,88,80,18,QOTc-HSsrc,arc labels,,0.4661450769677607,0.18253968253968253,0.26136363636363635
Left,random,PTT,HTL,7,0.1,1,401,88,80,18,QOTc-PCA,arc labels,32.0,0.5232900087133314,0.2638888888888889,0.2159090909090909
Left,random,PTT,HTL,7,0.1,1,401,88,80,18,SDM-HS4,arc labels,,0.5202948010455998,0.24193548387096775,0.3409090909090909
Left,random,PTT,HTL,7,0.1,1,401,88,80,18,SDM-HSsrc,arc labels,,0.484061864652919,0.1956521739130435,0.20454545454545456
Left,random,PTT,HTL,7,0.1,1,401,88,80,18,SDM-PCA,arc labels,64.0,0.4583938425791461,0.19771863117870722,0.5909090909090909
Left,random,PTT,HTL,7,0.2,1,401,88,161,36,NoAdapt,nothing,,0.5457631426081906,0.24013157894736842,0.8295454545454546
Left,random,PTT,HTL,7,0.2,1,401,88,161,36,TargetOnly,arc labels,,0.4354487365669474,0.16666666666666666,0.3181818181818182
Left,random,PTT,HTL,7,0.2,1,401,88,161,36,Source+Target,arc labels,,0.5356338948591345,0.23674911660777384,0.7613636363636364
Left,random,PTT,HTL,7,0.2,1,401,88,161,36,COT,arc labels,,0.5075697066511763,0.2235294117647059,0.6477272727272727
Left,random,PTT,HTL,7,0.2,1,401,88,161,36,none-HS4,arc labels,,0.6036160325297706,0.27755102040816326,0.7727272727272727
Left,random,PTT,HTL,7,0.2,1,401,88,161,36,none-HSsrc,nothing,,0.6075188788846936,0.2815126050420168,0.7613636363636364
Left,random,PTT,HTL,7,0.2,1,401,88,161,36,none-PCA,arc segments,32.0,0.5627541388324135,0.266304347826087,0.5568181818181818
Left,random,PTT,HTL,7,0.2,1,401,88,161,36,QOTu-HS4,arc labels,,0.5652047632878303,0.3047619047619048,0.36363636363636365
Left,random,PTT,HTL,7,0.2,1,401,88,161,36,QOTu-HSsrc,arc segments,,0.562717833284926,0.30392156862745096,0.3522727272727273
Left,random,PTT,HTL,7,0.2,1,401,88,161,36,QOTu-PCA,arc segments,32.0,0.5327294510601219,0.2517985611510791,0.3977272727272727
Left,random,PTT,HTL,7,0.2,1,401,88,161,36,QOTc-HS4,arc labels,,0.48073990705779845,0.20673076923076922,0.48863636363636365
Left,random,PTT,HTL,7,0.2,1,401,88,161,36,QOTc-HSsrc,arc labels,,0.4098896311356375,0.15217391304347827,0.3181818181818182
Left,random,PTT,HTL,7,0.2,1,401,88,161,36,QOTc-PCA,arc labels,64.0,0.439714638396747,0.17318435754189945,0.3522727272727273
Left,random,PTT,HTL,7,0.2,1,401,88,161,36,SDM-HS4,arc labels,,0.5288447574789428,0.24064171122994651,0.5113636363636364
Left,random,PTT,HTL,7,0.2,1,401,88,161,36,SDM-HSsrc,arc labels,,0.46260528608771423,0.18543046357615894,0.3181818181818182
Left,random,PTT,HTL,7,0.2,1,401,88,161,36,SDM-PCA,arc labels,64.0,0.46267789718268953,0.20317460317460317,0.7272727272727273
Left,random,PTT,HTL,7,0.3,1,401,88,241,52,NoAdapt,nothing,,0.5457631426081906,0.24013157894736842,0.8295454545454546
Left,random,PTT,HTL,7,0.3,1,401,88,241,52,TargetOnly,arc labels,,0.49653282021492884,0.21693121693121692,0.4659090909090909
Left,random,PTT,HTL,7,0.3,1,401,88,241,52,Source+Target,arc labels,,0.5354523671216962,0.23722627737226276,0.7386363636363636
Left,random,PTT,HTL,7,0.3,1,401,88,241,52,COT,arc labels,,0.4972770839384258,0.21804511278195488,0.6590909090909091
Left,random,PTT,HTL,7,0.3,1,401,88,241,52,none-HS4,arc labels,,0.6004211443508568,0.27530364372469635,0.7727272727272727
Left,random,PTT,HTL,7,0.3,1,401,88,241,52,none-HSsrc,nothing,,0.6075188788846936,0.2815126050420168,0.7613636363636364
Left,random,PTT,HTL,7,0.3,1,401,88,241,52,none-PCA,arc segments,16.0,0.5444561428986349,0.2578616352201258,0.4659090909090909
Left,random,PTT,HTL,7,0.3,1,401,88,241,52,QOTu-HS4,arc labels,,0.5552570432762126,0.3010752688172043,0.3181818181818182
Left,random,PTT,HTL,7,0.3,1,401,88,241,52,QOTu-HSsrc,arc segments,,0.5527701132733082,0.3,0.3068181818181818
Left,random,PTT,HTL,7,0.3,1,401,88,241,52,QOTu-PCA,arc segments,16.0,0.5637888469358118,0.2956521739130435,0.38636363636363635
Left,random,PTT,HTL,7,0.3,1,401,88,241,52,QOTc-HS4,arc labels,,0.5226365088585536,0.235,0.5340909090909091
Left,random,PTT,HTL,7,0.3,1,401,88,241,52,QOTc-HSsrc,arc labels,,0.415752977054894,0.15979381443298968,0.3522727272727273
Left,random,PTT,HTL,7,0.3,1,401,88,241,52,QOTc-PCA,arc labels,64.0,0.47435013069997095,0.2028301886792453,0.48863636363636365
Left,random,PTT,HTL,7,0.3,1,401,88,241,52,SDM-HS4,arc labels,,0.5105649143189079,0.22660098522167488,0.5227272727272727
Left,random,PTT,HTL,7,0.3,1,401,88,241,52,SDM-HSsrc,arc labels,,0.4579944815567819,0.18404907975460122,0.3409090909090909
Left,random,PTT,HTL,7,0.3,1,401,88,241,52,SDM-PCA,arc labels,64.0,0.4653463549230322,0.20489296636085627,0.7613636363636364
Left,random,PTT,HTL,7,0.5,1,401,88,391,79,NoAdapt,nothing,,0.5457631426081906,0.24013157894736842,0.8295454545454546
Left,random,PTT,HTL,7,0.5,1,401,88,391,79,TargetOnly,arc labels,,0.5073700261399942,0.22439024390243903,0.5227272727272727
Left,random,PTT,HTL,7,0.5,1,401,88,391,79,Source+Target,arc labels,,0.5302969793784491,0.23552123552123552,0.6931818181818182
Left,random,PTT,HTL,7,0.5,1,401,88,391,79,COT,arc labels,,0.4983299448155678,0.2184873949579832,0.5909090909090909
Left,random,PTT,HTL,7,0.5,1,401,88,391,79,none-HS4,arc labels,,0.6004211443508568,0.27530364372469635,0.7727272727272727
Left,random,PTT,HTL,7,0.5,1,401,88,391,79,none-HSsrc,nothing,,0.6075188788846936,0.2815126050420168,0.7613636363636364
Left,random,PTT,HTL,7,0.5,1,401,88,391,79,none-PCA,arc segments,32.0,0.5668385129247749,0.26881720430107525,0.5681818181818182
Left,random,PTT,HTL,7,0.5,1,401,88,391,79,QOTu-HS4,arc labels,,0.5534780714493175,0.3058823529411765,0.29545454545454547
Left,random,PTT,HTL,7,0.5,1,401,88,391,79,QOTu-HSsrc,arc segments,,0.550991141446413,0.3048780487804878,0.2840909090909091
Left,random,PTT,HTL,7,0.5,1,401,88,391,79,QOTu-PCA,arc segments,32.0,0.5389376996805112,0.2619047619047619,0.375
Left,random,PTT,HTL,7,0.5,1,401,88,391,79,QOTc-HS4,arc labels,,0.5524615161196631,0.2564102564102564,0.5681818181818182
Left,random,PTT,HTL,7,0.5,1,401,88,391,79,QOTc-HSsrc,arc labels,,0.42232428115015974,0.1658291457286432,0.375
Left,random,PTT,HTL,7,0.5,1,401,88,391,79,QOTc-PCA,arc labels,64.0,0.48181092070868425,0.2081447963800905,0.5227272727272727
Left,random,PTT,HTL,7,0.5,1,401,88,391,79,SDM-HS4,arc labels,,0.521747022945106,0.23469387755102042,0.5227272727272727
Left,random,PTT,HTL,7,0.5,1,401,88,391,79,SDM-HSsrc,arc labels,,0.4450334011036886,0.1728395061728395,0.3181818181818182
Left,random,PTT,HTL,7,0.5,1,401,88,391,79,SDM-PCA,arc labels,64.0,0.5063716235840836,0.22191011235955055,0.8977272727272727
Left,random,PTT,RTT,0,0.05,1,2129,35,213,5,NoAdapt,nothing,,0.7553486150907354,0.10096153846153846,0.6
Left,random,PTT,RTT,0,0.05,1,2129,35,213,5,TargetOnly,arc labels,,0.3812048028380407,0.004411764705882353,0.08571428571428572
Left,random,PTT,RTT,0,0.05,1,2129,35,213,5,Source+Target,arc labels,,0.75109155410015,0.12121212121212122,0.5714285714285714
Left,random,PTT,RTT,0,0.05,1,2129,35,213,5,COT,arc labels,,0.2961590940100969,0.0036463081130355514,0.11428571428571428
Left,random,PTT,RTT,0,0.05,1,2129,35,213,5,none-HS4,arc labels,,0.7305157593123208,0.0673076923076923,0.6
Left,random,PTT,RTT,0,0.05,1,2129,35,213,5,none-HSsrc,nothing,,0.749897666803111,0.11764705882352941,0.5714285714285714
Left,random,PTT,RTT,0,0.05,1,2129,35,213,5,none-PCA,arc segments,32.0,0.8043321053349707,0.08469055374592833,0.7428571428571429
Left,random,PTT,RTT,0,0.05,1,2129,35,213,5,QOTu-HS4,arc labels,,0.7839950880065494,0.059602649006622516,0.7714285714285715
Left,random,PTT,RTT,0,0.05,1,2129,35,213,5,QOTu-HSsrc,arc segments,,0.7566175467321599,0.05605381165919283,0.7142857142857143
Left,random,PTT,RTT,0,0.05,1,2129,35,213,5,QOTu-PCA,arc segments,32.0,0.6749215445490517,0.04132231404958678,0.5714285714285714
Left,random,PTT,RTT,0,0.05,1,2129,35,213,5,QOTc-HS4,arc labels,,0.4000682221312594,0.004991680532445923,0.08571428571428572
Left,random,PTT,RTT,0,0.05,1,2129,35,213,5,QOTc-HSsrc,arc labels,,0.7594419429662983,0.052525252525252523,0.7428571428571429
Left,random,PTT,RTT,0,0.05,1,2129,35,213,5,QOTc-PCA,arc labels,64.0,0.4400668576886342,0.0,0.0
Left,random,PTT,RTT,0,0.05,1,2129,35,213,5,SDM-HS4,arc labels,,0.6752012552872151,0.045023696682464455,0.5428571428571428
Left,random,PTT,RTT,0,0.05,1,2129,35,213,5,SDM-HSsrc,arc labels,,0.7210806385591486,0.0449438202247191,0.6857142857142857
Left,random,PTT,RTT,0,0.05,1,2129,35,213,5,SDM-PCA,arc labels,32.0,0.586778550961932,0.0273224043715847,0.42857142857142855
Left,random,PTT,RTT,0,0.1,1,2129,35,426,7,NoAdapt,nothing,,0.7553486150907354,0.10096153846153846,0.6
Left,random,PTT,RTT,0,0.1,1,2129,35,426,7,TargetOnly,arc labels,,0.44706644835584664,0.008602150537634409,0.11428571428571428
Left,random,PTT,RTT,0,0.1,1,2129,35,426,7,Source+Target,arc labels,,0.7565834356665302,0.14084507042253522,0.5714285714285714
Left,random,PTT,RTT,0,0.1,1,2129,35,426,7,COT,arc labels,,0.4358780188293082,0.011029411764705883,0.2571428571428571
Left,random,PTT,RTT,0,0.1,1,2129,35,426,7,none-HS4,arc labels,,0.7207668167553554,0.0684931506849315,0.5714285714285714
Left,random,PTT,RTT,0,0.1,1,2129,35,426,7,none-HSsrc,nothing,,0.749897666803111,0.11764705882352941,0.5714285714285714
Left,random,PTT,RTT,0,0.1,1,2129,35,426,7,none-PCA,arc segments,32.0,0.8043321053349707,0.08469055374592833,0.7428571428571429
Left,random,PTT,RTT,0,0.1,1,2129,35,426,7,QOTu-HS4,arc labels,,0.780174648656024,0.057569296375266525,0.7714285714285715
Left,random,PTT,RTT,0,0.1,1,2129,35,426,7,QOTu-HSsrc,arc segments,,0.7673215991267568,0.05627705627705628,0.7428571428571429
Left,random,PTT,RTT,0,0.1,1,2129,35,426,7,QOTu-PCA,arc segments,32.0,0.6737276572520126,0.0408997955010225,0.5714285714285714
Left,random,PTT,RTT,0,0.1,1,2129,35,426,7,QOTc-HS4,arc labels,,0.3582412334561332,0.0047789725209080045,0.11428571428571428
Left,random,PTT,RTT,0,0.1,1,2129,35,426,7,QOTc-HSsrc,arc labels,,0.7138354482194024,0.037900874635568516,0.7428571428571429
Left,random,PTT,RTT,0,0.1,1,2129,35,426,7,QOTc-PCA,arc labels,32.0,0.43457497612225404,0.0,0.0
Left,random,PTT,RTT,0,0.1,1,2129,35,426,7,SDM-HS4,arc labels,,0.6929048983490245,0.03680981595092025,0.6857142857142857
Left,random,PTT,RTT,0,0.1,1,2129,35,426,7,SDM-HSsrc,arc labels,,0.6812048028380406,0.034236804564907276,0.6857142857142857
Left,random,PTT,RTT,0,0.1,1,2129,35,426,7,SDM-PCA,arc labels,64.0,0.4215513712648383,0.010273972602739725,0.2571428571428571
Left,random,PTT,RTT,0,0.2,1,2129,35,852,16,NoAdapt,nothing,,0.7553486150907354,0.10096153846153846,0.6
Left,random,PTT,RTT,0,0.2,1,2129,35,852,16,TargetOnly,arc labels,,0.6205621503615772,0.030508474576271188,0.5142857142857142
Left,random,PTT,RTT,0,0.2,1,2129,35,852,16,Source+Target,arc labels,,0.802981307136035,0.1256544502617801,0.6857142857142857
Left,random,PTT,RTT,0,0.2,1,2129,35,852,16,COT,arc labels,,0.6346500204666394,0.03389830508474576,0.5142857142857142
Left,random,PTT,RTT,0,0.2,1,2129,35,852,16,none-HS4,arc labels,,0.708589166325556,0.05830903790087463,0.5714285714285714
Left,random,PTT,RTT,0,0.2,1,2129,35,852,16,none-HSsrc,nothing,,0.749897666803111,0.11764705882352941,0.5714285714285714
Left,random,PTT,RTT,0,0.2,1,2129,35,852,16,none-PCA,arc segments,32.0,0.8043321053349707,0.08469055374592833,0.7428571428571429
Left,random,PTT,RTT,0,0.2,1,2129,35,852,16,QOTu-HS4,arc labels,,0.7608336744439896,0.04909090909090909,0.7714285714285715
Left,random,PTT,RTT,0,0.2,1,2129,35,852,16,QOTu-HSsrc,arc segments,,0.767519443307409,0.05172413793103448,0.7714285714285715
Left,random,PTT,RTT,0,0.2,1,2129,35,852,16,QOTu-PCA,arc segments,16.0,0.5774662300450266,0.025510204081632654,0.42857142857142855
Left,random,PTT,RTT,0,0.2,1,2129,35,852,16,QOTc-HS4,arc labels,,0.6858234411243007,0.039285714285714285,0.6285714285714286
Left,random,PTT,RTT,0,0.2,1,2129,35,852,16,QOTc-HSsrc,arc labels,,0.6974007367990176,0.03602305475504323,0.7142857142857143
Left,random,PTT,RTT,0,0.2,1,2129,35,852,16,QOTc-PCA,arc labels,32.0,0.5237071906126347,0.019646365422396856,0.2857142857142857
Left,random,PTT,RTT,0,0.2,1,2129,35,852,16,SDM-HS4,arc labels,,0.7405785236730795,0.04529616724738676,0.7428571428571429
Left,random,PTT,RTT,0,0.2,1,2129,35,852,16,SDM-HSsrc,arc labels,,0.6938190749079001,0.03526093088857546,0.7142857142857143
Left,random,PTT,RTT,0,0.2,1,2129,35,852,16,SDM-PCA,arc labels,32.0,0.46966844044207945,0.012195121951219513,0.17142857142857143
Left,random,PTT,RTT,0,0.3,1,2129,35,1278,23,NoAdapt,nothing,,0.7553486150907354,0.10096153846153846,0.6
Left,random,PTT,RTT,0,0.3,1,2129,35,1278,23,TargetOnly,arc labels,,0.6923113658070679,0.04449152542372881,0.6
Left,random,PTT,RTT,0,0.3,1,2129,35,1278,23,Source+Target,arc labels,,0.8362873516168645,0.11538461538461539,0.7714285714285715
Left,random,PTT,RTT,0,0.3,1,2129,35,1278,23,COT,arc labels,,0.6460704052394597,0.034926470588235295,0.5428571428571428
Left,random,PTT,RTT,0,0.3,1,2129,35,1278,23,none-HS4,arc labels,,0.7226361031518624,0.06086956521739131,0.6
Left,random,PTT,RTT,0,0.3,1,2129,35,1278,23,none-HSsrc,nothing,,0.749897666803111,0.11764705882352941,0.5714285714285714
Left,random,PTT,RTT,0,0.3,1,2129,35,1278,23,none-PCA,arc segments,32.0,0.8043321053349707,0.08469055374592833,0.7428571428571429
Left,random,PTT,RTT,0,0.3,1,2129,35,1278,23,QOTu-HS4,arc labels,,0.7598785646063584,0.048736462093862815,0.7714285714285715
Left,random,PTT,RTT,0,0.3,1,2129,35,1278,23,QOTu-HSsrc,arc segments,,0.767519443307409,0.05172413793103448,0.7714285714285715
Left,random,PTT,RTT,0,0.3,1,2129,35,1278,23,QOTu-PCA,arc segments,16.0,0.5966093600764089,0.03131991051454139,0.4
Left,random,PTT,RTT,0,0.3,1,2129,35,1278,23,QOTc-HS4,arc labels,,0.7482194023741302,0.04797047970479705,0.7428571428571429
Left,random,PTT,RTT,0,0.3,1,2129,35,1278,23,QOTc-HSsrc,arc labels,,0.7109701187065084,0.03724928366762178,0.7428571428571429
Left,random,PTT,RTT,0,0.3,1,2129,35,1278,23,QOTc-PCA,arc labels,32.0,0.4957292945831628,0.01601164483260553,0.3142857142857143
Left,random,PTT,RTT,0,0.3,1,2129,35,1278,23,SDM-HS4,arc labels,,0.7198458179833538,0.041666666666666664,0.7142857142857143
Left,random,PTT,RTT,0,0.3,1,2129,35,1278,23,SDM-HSsrc,arc labels,,0.6916700777732296,0.034818941504178275,0.7142857142857143
Left,random,PTT,RTT,0,0.3,1,2129,35,1278,23,SDM-PCA,arc labels,64.0,0.665527357074635,0.034108527131782945,0.6285714285714286
Left,random,PTT,RTT,0,0.5,1,2129,35,2118,35,NoAdapt,nothing,,0.7553486150907354,0.10096153846153846,0.6
Left,random,PTT,RTT,0,0.5,1,2129,35,2118,35,TargetOnly,arc labels,,0.7443989630236049,0.04659498207885305,0.7428571428571429
Left,random,PTT,RTT,0,0.5,1,2129,35,2118,35,Source+Target,arc labels,,0.8676831764224314,0.10526315789473684,0.8571428571428571
Left,random,PTT,RTT,0,0.5,1,2129,35,2118,35,COT,arc labels,,0.619607040523946,0.030303030303030304,0.5142857142857142
Left,random,PTT,RTT,0,0.5,1,2129,35,2118,35,none-HS4,arc labels,,0.7271728748806112,0.06441717791411043,0.6
Left,random,PTT,RTT,0,0.5,1,2129,35,2118,35,none-HSsrc,nothing,,0.749897666803111,0.11764705882352941,0.5714285714285714
Left,random,PTT,RTT,0,0.5,1,2129,35,2118,35,none-PCA,arc segments,32.0,0.8043321053349707,0.08469055374592833,0.7428571428571429
Left,random,PTT,RTT,0,0.5,1,2129,35,2118,35,QOTu-HS4,arc labels,,0.7615500068222132,0.04936014625228519,0.7714285714285715
Left,random,PTT,RTT,0,0.5,1,2129,35,2118,35,QOTu-HSsrc,arc segments,,0.767519443307409,0.05172413793103448,0.7714285714285715
Left,random,PTT,RTT,0,0.5,1,2129,35,2118,35,QOTu-PCA,arc segments,16.0,0.5225542365943512,0.019867549668874173,0.2571428571428571
Left,random,PTT,RTT,0,0.5,1,2129,35,2118,35,QOTc-HS4,arc labels,,0.7576886341929322,0.04487179487179487,0.8
Left,random,PTT,RTT,0,0.5,1,2129,35,2118,35,QOTc-HSsrc,arc labels,,0.7502865329512894,0.042748091603053436,0.8
Left,random,PTT,RTT,0,0.5,1,2129,35,2118,35,QOTc-PCA,arc labels,32.0,0.5543457497612225,0.022435897435897436,0.4
Left,random,PTT,RTT,0,0.5,1,2129,35,2118,35,SDM-HS4,arc labels,,0.6767089643880475,0.03490136570561457,0.6571428571428571
Left,random,PTT,RTT,0,0.5,1,2129,35,2118,35,SDM-HSsrc,arc labels,,0.7066311911584118,0.03474903474903475,0.7714285714285715
Left,random,PTT,RTT,0,0.5,1,2129,35,2118,35,SDM-PCA,arc labels,64.0,0.6611474962477828,0.030573248407643312,0.6857142857142857
Left,random,PTT,RTT,1,0.05,1,2129,8,213,5,NoAdapt,nothing,,0.5203029231494578,0.005555555555555556,0.125
Left,random,PTT,RTT,1,0.05,1,2129,8,213,5,TargetOnly,arc labels,,0.5377769919849128,0.005376344086021506,0.25
Left,random,PTT,RTT,1,0.05,1,2129,8,213,5,Source+Target,arc labels,,0.521481612446959,0.005714285714285714,0.125
Left,random,PTT,RTT,1,0.05,1,2129,8,213,5,COT,arc labels,,0.4231789250353607,0.0016891891891891893,0.125
Left,random,PTT,RTT,1,0.05,1,2129,8,213,5,none-HS4,arc labels,,0.4872996228194248,0.003125,0.125
Left,random,PTT,RTT,1,0.05,1,2129,8,213,5,none-HSsrc,nothing,,0.5212458745874587,0.005681818181818182,0.125
Left,random,PTT,RTT,1,0.05,1,2129,8,213,5,none-PCA,arc segments,16.0,0.4608675153229609,0.0,0.0
Left,random,PTT,RTT,1,0.05,1,2129,8,213,5,QOTu-HS4,arc labels,,0.44156647807637905,0.0019455252918287938,0.125
Left,random,PTT,RTT,1,0.05,1,2129,8,213,5,QOTu-HSsrc,arc segments,,0.44580975954738333,0.0020161290322580645,0.125
Left,random,PTT,RTT,1,0.05,1,2129,8,213,5,QOTu-PCA,arc segments,4.0,0.42977958510136727,0.0017730496453900709,0.125
Left,random,PTT,RTT,1,0.05,1,2129,8,213,5,QOTc-HS4,arc labels,,0.5502710985384253,0.006269592476489028,0.25
Left,random,PTT,RTT,1,0.05,1,2129,8,213,5,QOTc-HSsrc,arc labels,,0.43543729372937295,0.001851851851851852,0.125
Left,random,PTT,RTT,1,0.05,1,2129,8,213,5,QOTc-PCA,arc labels,64.0,0.579974068835455,0.010362694300518135,0.25
Left,random,PTT,RTT,1,0.05,1,2129,8,213,5,SDM-HS4,arc labels,,0.5715464403583215,0.005256241787122208,0.5
Left,random,PTT,RTT,1,0.05,1,2129,8,213,5,SDM-HSsrc,arc labels,,0.42977958510136727,0.0017730496453900709,0.125
Left,random,PTT,RTT,1,0.05,1,2129,8,213,5,SDM-PCA,arc labels,32.0,0.4707979726544083,0.002564102564102564,0.125
Left,random,PTT,RTT,1,0.1,1,2129,8,426,20,NoAdapt,nothing,,0.5203029231494578,0.005555555555555556,0.125
Left,random,PTT,RTT,1,0.1,1,2129,8,426,20,TargetOnly,arc labels,,0.5254891560584629,0.006329113924050633,0.125
Left,random,PTT,RTT,1,0.1,1,2129,8,426,20,Source+Target,arc labels,,0.5238389910419614,0.006060606060606061,0.125
Left,random,PTT,RTT,1,0.1,1,2129,8,426,20,COT,arc labels,,0.49342880716643095,0.003401360544217687,0.125
Left,random,PTT,RTT,1,0.1,1,2129,8,426,20,none-HS4,arc labels,,0.4865924092409241,0.0030959752321981426,0.125
Left,random,PTT,RTT,1,0.1,1,2129,8,426,20,none-HSsrc,nothing,,0.5212458745874587,0.005681818181818182,0.125
Left,random,PTT,RTT,1,0.1,1,2129,8,426,20,none-PCA,arc segments,16.0,0.4596888260254597,0.0,0.0
Left,random,PTT,RTT,1,0.1,1,2129,8,426,20,QOTu-HS4,arc labels,,0.44722418670438474,0.0020408163265306124,0.125
Left,random,PTT,RTT,1,0.1,1,2129,8,426,20,QOTu-HSsrc,arc segments,,0.4476956624233852,0.0020491803278688526,0.125
Left,random,PTT,RTT,1,0.1,1,2129,8,426,20,QOTu-PCA,arc segments,16.0,0.4000471475719001,0.0,0.0
Left,random,PTT,RTT,1,0.1,1,2129,8,426,20,QOTc-HS4,arc labels,,0.5773809523809523,0.00980392156862745,0.25
Left,random,PTT,RTT,1,0.1,1,2129,8,426,20,QOTc-HSsrc,arc labels,,0.5092527109853843,0.004056795131845842,0.25
Left,random,PTT,RTT,1,0.1,1,2129,8,426,20,QOTc-PCA,arc labels,32.0,0.5804455445544554,0.010471204188481676,0.25
Left,random,PTT,RTT,1,0.1,1,2129,8,426,20,SDM-HS4,arc labels,,0.5531294200848657,0.005235602094240838,0.375
Left,random,PTT,RTT,1,0.1,1,2129,8,426,20,SDM-HSsrc,arc labels,,0.5203618576143328,0.004213483146067416,0.375
Left,random,PTT,RTT,1,0.1,1,2129,8,426,20,SDM-PCA,arc labels,64.0,0.5038602074493164,0.0038363171355498722,0.375
Left,random,PTT,RTT,1,0.2,1,2129,8,852,32,NoAdapt,nothing,,0.5203029231494578,0.005555555555555556,0.125
Left,random,PTT,RTT,1,0.2,1,2129,8,852,32,TargetOnly,arc labels,,0.5261963696369637,0.0064516129032258064,0.125
Left,random,PTT,RTT,1,0.2,1,2129,8,852,32,Source+Target,arc labels,,0.5302039132484677,0.007246376811594203,0.125
Left,random,PTT,RTT,1,0.2,1,2129,8,852,32,COT,arc labels,,0.47574846770391327,0.0027100271002710027,0.125
Left,random,PTT,RTT,1,0.2,1,2129,8,852,32,none-HS4,arc labels,,0.4839992927864215,0.0029940119760479044,0.125
Left,random,PTT,RTT,1,0.2,1,2129,8,852,32,none-HSsrc,nothing,,0.5212458745874587,0.005681818181818182,0.125
Left,random,PTT,RTT,1,0.2,1,2129,8,852,32,none-PCA,arc segments,16.0,0.458981612446959,0.0,0.0
Left,random,PTT,RTT,1,0.2,1,2129,8,852,32,QOTu-HS4,arc labels,,0.4422736916548798,0.0019569471624266144,0.125
Left,random,PTT,RTT,1,0.2,1,2129,8,852,32,QOTu-HSsrc,arc segments,,0.4469884488448845,0.002036659877800407,0.125
Left,random,PTT,RTT,1,0.2,1,2129,8,852,32,QOTu-PCA,arc segments,16.0,0.40051862329090054,0.0,0.0
Left,random,PTT,RTT,1,0.2,1,2129,8,852,32,QOTc-HS4,arc labels,,0.6226720886374352,0.01079136690647482,0.375
Left,random,PTT,RTT,1,0.2,1,2129,8,852,32,QOTc-HSsrc,arc labels,,0.4597182932578972,0.002288329519450801,0.125
Left,random,PTT,RTT,1,0.2,1,2129,8,852,32,QOTc-PCA,arc labels,64.0,0.5323255539839697,0.007751937984496124,0.125
Left,random,PTT,RTT,1,0.2,1,2129,8,852,32,SDM-HS4,arc labels,,0.634959924563885,0.008130081300813009,0.5
Left,random,PTT,RTT,1,0.2,1,2129,8,852,32,SDM-HSsrc,arc labels,,0.45476779820839225,0.002183406113537118,0.125
Left,random,PTT,RTT,1,0.2,1,2129,8,852,32,SDM-PCA,arc labels,64.0,0.5149398868458275,0.004081632653061225,0.375
Left,random,PTT,RTT,1,0.3,1,2129,8,1278,41,NoAdapt,nothing,,0.5203029231494578,0.005555555555555556,0.125
Left,random,PTT,RTT,1,0.3,1,2129,8,1278,41,TargetOnly,arc labels,,0.47194719471947194,0.0,0.0
Left,random,PTT,RTT,1,0.3,1,2129,8,1278,41,Source+Target,arc labels,,0.5313826025459689,0.007518796992481203,0.125
Left,random,PTT,RTT,1,0.3,1,2129,8,1278,41,COT,arc labels,,0.4740983026874116,0.0026595744680851063,0.125
Left,random,PTT,RTT,1,0.3,1,2129,8,1278,41,none-HS4,arc labels,,0.48376355492692125,0.0029850746268656717,0.125
Left,random,PTT,RTT,1,0.3,1,2129,8,1278,41,none-HSsrc,nothing,,0.5212458745874587,0.005681818181818182,0.125
Left,random,PTT,RTT,1,0.3,1,2129,8,1278,41,none-PCA,arc segments,16.0,0.4533239038189533,0.0,0.0
Left,random,PTT,RTT,1,0.3,1,2129,8,1278,41,QOTu-HS4,arc labels,,0.4422736916548798,0.0019569471624266144,0.125
Left,random,PTT,RTT,1,0.3,1,2129,8,1278,41,QOTu-HSsrc,arc segments,,0.44580975954738333,0.0020161290322580645,0.125
Left,random,PTT,RTT,1,0.3,1,2129,8,1278,41,QOTu-PCA,arc segments,16.0,0.3983969825553984,0.0,0.0
Left,random,PTT,RTT,1,0.3,1,2129,8,1278,41,QOTc-HS4,arc labels,,0.5825671852899575,0.01098901098901099,0.25
Left,random,PTT,RTT,1,0.3,1,2129,8,1278,41,QOTc-HSsrc,arc labels,,0.4552392739273927,0.0021929824561403508,0.125
Left,random,PTT,RTT,1,0.3,1,2129,8,1278,41,QOTc-PCA,arc labels,64.0,0.5342114568599717,0.008264462809917356,0.125
Left,random,PTT,RTT,1,0.3,1,2129,8,1278,41,SDM-HS4,arc labels,,0.6267090994813767,0.007590132827324478,0.5
Left,random,PTT,RTT,1,0.3,1,2129,8,1278,41,SDM-HSsrc,arc labels,,0.4484028760018859,0.002061855670103093,0.125
Left,random,PTT,RTT,1,0.3,1,2129,8,1278,41,SDM-PCA,arc labels,64.0,0.4507897218293258,0.002699055330634278,0.25
Left,random,PTT,RTT,1,0.5,1,2129,8,2106,59,NoAdapt,nothing,,0.5203029231494578,0.005555555555555556,0.125
Left,random,PTT,RTT,1,0.5,1,2129,8,2106,59,TargetOnly,arc labels,,0.4606317774634606,0.0,0.0
Left,random,PTT,RTT,1,0.5,1,2129,8,2106,59,Source+Target,arc labels,,0.5278465346534653,0.006756756756756757,0.125
Left,random,PTT,RTT,1,0.5,1,2129,8,2106,59,COT,arc labels,,0.4012258368694012,0.0,0.0
Left,random,PTT,RTT,1,0.5,1,2129,8,2106,59,none-HS4,arc labels,,0.48376355492692125,0.0029850746268656717,0.125
Left,random,PTT,RTT,1,0.5,1,2129,8,2106,59,none-HSsrc,nothing,,0.5212458745874587,0.005681818181818182,0.125
Left,random,PTT,RTT,1,0.5,1,2129,8,2106,59,none-PCA,arc segments,16.0,0.45403111739745405,0.0,0.0
Left,random,PTT,RTT,1,0.5,1,2129,8,2106,59,QOTu-HS4,arc labels,,0.44156647807637905,0.0019455252918287938,0.125
Left,random,PTT,RTT,1,0.5,1,2129,8,2106,59,QOTu-HSsrc,arc segments,,0.44580975954738333,0.0020161290322580645,0.125
Left,random,PTT,RTT,1,0.5,1,2129,8,2106,59,QOTu-PCA,arc segments,16.0,0.3983969825553984,0.0,0.0
Left,random,PTT,RTT,1,0.5,1,2129,8,2106,59,QOTc-HS4,arc labels,,0.5785596416784535,0.010050251256281407,0.25
Left,random,PTT,RTT,1,0.5,1,2129,8,2106,59,QOTc-HSsrc,arc labels,,0.4566537010843942,0.0022222222222222222,0.125
Left,random,PTT,RTT,1,0.5,1,2129,8,2106,59,QOTc-PCA,arc labels,64.0,0.5832743988684583,0.0111731843575419,0.25
Left,random,PTT,RTT,1,0.5,1,2129,8,2106,59,SDM-HS4,arc labels,,0.6120933521923622,0.006791171477079796,0.5
Left,random,PTT,RTT,1,0.5,1,2129,8,2106,59,SDM-HSsrc,arc labels,,0.4951084394153701,0.003616636528028933,0.25
Left,random,PTT,RTT,1,0.5,1,2129,8,2106,59,SDM-PCA,arc labels,64.0,0.36185761433286184,0.0,0.0
Left,random,PTT,RTT,2,0.05,1,2129,8,213,6,NoAdapt,nothing,,0.5441419141914192,0.005797101449275362,0.25
Left,random,PTT,RTT,2,0.05,1,2129,8,213,6,TargetOnly,arc labels,,0.5316183404054691,0.007575757575757576,0.125
Left,random,PTT,RTT,2,0.05,1,2129,8,213,6,Source+Target,arc labels,,0.5493281471004243,0.006191950464396285,0.25
Left,random,PTT,RTT,2,0.05,1,2129,8,213,6,COT,arc labels,,0.6224658180103725,0.007339449541284404,0.5
Left,random,PTT,RTT,2,0.05,1,2129,8,213,6,none-HS4,arc labels,,0.579532060348892,0.006507592190889371,0.375
Left,random,PTT,RTT,2,0.05,1,2129,8,213,6,none-HSsrc,nothing,,0.6153642149929279,0.009708737864077669,0.375
Left,random,PTT,RTT,2,0.05,1,2129,8,213,6,none-PCA,arc segments,16.0,0.5677157001414428,0.00816326530612245,0.25
Left,random,PTT,RTT,2,0.05,1,2129,8,213,6,QOTu-HS4,arc labels,,0.51753300330033,0.004143646408839779,0.375
Left,random,PTT,RTT,2,0.05,1,2129,8,213,6,QOTu-HSsrc,arc segments,,0.5257838283828382,0.0043541364296081275,0.375
Left,random,PTT,RTT,2,0.05,1,2129,8,213,6,QOTu-PCA,arc segments,16.0,0.49534417727487035,0.0036231884057971015,0.25
Left,random,PTT,RTT,2,0.05,1,2129,8,213,6,QOTc-HS4,arc labels,,0.5927039132484677,0.014388489208633094,0.25
Left,random,PTT,RTT,2,0.05,1,2129,8,213,6,QOTc-HSsrc,arc labels,,0.5137611975483263,0.004054054054054054,0.375
Left,random,PTT,RTT,2,0.05,1,2129,8,213,6,QOTc-PCA,arc labels,32.0,0.5455268741159831,0.0136986301369863,0.125
Left,random,PTT,RTT,2,0.05,1,2129,8,213,6,SDM-HS4,arc labels,,0.5908180103724658,0.013605442176870748,0.25
Left,random,PTT,RTT,2,0.05,1,2129,8,213,6,SDM-HSsrc,arc labels,,0.5154113625648279,0.004092769440654843,0.375
Left,random,PTT,RTT,2,0.05,1,2129,8,213,6,SDM-PCA,arc labels,32.0,0.6804573314474305,0.013377926421404682,0.5
Left,random,PTT,RTT,2,0.1,1,2129,8,426,15,NoAdapt,nothing,,0.5441419141914192,0.005797101449275362,0.25
Left,random,PTT,RTT,2,0.1,1,2129,8,426,15,TargetOnly,arc labels,,0.520538661008958,0.00558659217877095,0.125
Left,random,PTT,RTT,2,0.1,1,2129,8,426,15,Source+Target,arc labels,,0.5436704384724187,0.005763688760806916,0.25
Left,random,PTT,RTT,2,0.1,1,2129,8,426,15,COT,arc labels,,0.3986327204148986,0.0,0.0
Left,random,PTT,RTT,2,0.1,1,2129,8,426,15,none-HS4,arc labels,,0.579532060348892,0.006507592190889371,0.375
Left,random,PTT,RTT,2,0.1,1,2129,8,426,15,none-HSsrc,nothing,,0.6153642149929279,0.009708737864077669,0.375
Left,random,PTT,RTT,2,0.1,1,2129,8,426,15,none-PCA,arc segments,16.0,0.5519212635549269,0.00641025641025641,0.25
Left,random,PTT,RTT,2,0.1,1,2129,8,426,15,QOTu-HS4,arc labels,,0.5163543140028288,0.00411522633744856,0.375
Left,random,PTT,RTT,2,0.1,1,2129,8,426,15,QOTu-HSsrc,arc segments,,0.5241336633663367,0.004310344827586207,0.375
Left,random,PTT,RTT,2,0.1,1,2129,8,426,15,QOTu-PCA,arc segments,16.0,0.5002946723243753,0.003766478342749529,0.25
Left,random,PTT,RTT,2,0.1,1,2129,8,426,15,QOTc-HS4,arc labels,,0.5825671852899575,0.01098901098901099,0.25
Left,random,PTT,RTT,2,0.1,1,2129,8,426,15,QOTc-HSsrc,arc labels,,0.5248408769448374,0.004329004329004329,0.375
Left,random,PTT,RTT,2,0.1,1,2129,8,426,15,QOTc-PCA,arc labels,64.0,0.5382190004714758,0.009615384615384616,0.125
Left,random,PTT,RTT,2,0.1,1,2129,8,426,15,SDM-HS4,arc labels,,0.5783533710513908,0.006437768240343348,0.375
Left,random,PTT,RTT,2,0.1,1,2129,8,426,15,SDM-HSsrc,arc labels,,0.5022100424328146,0.0038022813688212928,0.375
Left,random,PTT,RTT,2,0.1,1,2129,8,426,15,SDM-PCA,arc labels,32.0,0.6620992456388496,0.007776049766718507,0.625
Left,random,PTT,RTT,2,0.2,1,2129,8,852,25,NoAdapt,nothing,,0.5441419141914192,0.005797101449275362,0.25
Left,random,PTT,RTT,2,0.2,1,2129,8,852,25,TargetOnly,arc labels,,0.5311468646864687,0.007462686567164179,0.125
Left,random,PTT,RTT,2,0.2,1,2129,8,852,25,Source+Target,arc labels,,0.542020273455917,0.005649717514124294,0.25
Left,random,PTT,RTT,2,0.2,1,2129,8,852,25,COT,arc labels,,0.4557107496463932,0.0022026431718061676,0.125
Left,random,PTT,RTT,2,0.2,1,2129,8,852,25,none-HS4,arc labels,,0.579532060348892,0.006507592190889371,0.375
Left,random,PTT,RTT,2,0.2,1,2129,8,852,25,none-HSsrc,nothing,,0.6153642149929279,0.009708737864077669,0.375
Left,random,PTT,RTT,2,0.2,1,2129,8,852,25,none-PCA,arc segments,16.0,0.5556930693069306,0.006756756756756757,0.25
Left,random,PTT,RTT,2,0.2,1,2129,8,852,25,QOTu-HS4,arc labels,,0.5151756247053276,0.004087193460490463,0.375
Left,random,PTT,RTT,2,0.2,1,2129,8,852,25,QOTu-HSsrc,arc segments,,0.5170615275813295,0.004132231404958678,0.375
Left,random,PTT,RTT,2,0.2,1,2129,8,852,25,QOTu-PCA,arc segments,16.0,0.4991159830268741,0.0037313432835820895,0.25
Left,random,PTT,RTT,2,0.2,1,2129,8,852,25,QOTc-HS4,arc labels,,0.5816242338519566,0.010752688172043012,0.25
Left,random,PTT,RTT,2,0.2,1,2129,8,852,25,QOTc-HSsrc,arc labels,,0.5191831683168318,0.0041841004184100415,0.375
Left,random,PTT,RTT,2,0.2,1,2129,8,852,25,QOTc-PCA,arc labels,64.0,0.6021334276284771,0.020202020202020204,0.25
Left,random,PTT,RTT,2,0.2,1,2129,8,852,25,SDM-HS4,arc labels,,0.49935172088637436,0.003738317757009346,0.25
Left,random,PTT,RTT,2,0.2,1,2129,8,852,25,SDM-HSsrc,arc labels,,0.5281706742102782,0.004232804232804233,0.5
Left,random,PTT,RTT,2,0.2,1,2129,8,852,25,SDM-PCA,arc labels,64.0,0.51001885902876,0.003913894324853229,0.5
Left,random,PTT,RTT,2,0.3,1,2129,8,1278,38,NoAdapt,nothing,,0.5441419141914192,0.005797101449275362,0.25
Left,random,PTT,RTT,2,0.3,1,2129,8,1278,38,TargetOnly,arc labels,,0.528553748231966,0.006896551724137931,0.125
Left,random,PTT,RTT,2,0.3,1,2129,8,1278,38,Source+Target,arc labels,,0.547913719943423,0.0060790273556231,0.25
Left,random,PTT,RTT,2,0.3,1,2129,8,1278,38,COT,arc labels,,0.39933993399339934,0.0,0.0
Left,random,PTT,RTT,2,0.3,1,2129,8,1278,38,none-HS4,arc labels,,0.5797677982083922,0.006521739130434782,0.375
Left,random,PTT,RTT,2,0.3,1,2129,8,1278,38,none-HSsrc,nothing,,0.6153642149929279,0.009708737864077669,0.375
Left,random,PTT,RTT,2,0.3,1,2129,8,1278,38,none-PCA,arc segments,16.0,0.5575789721829325,0.006944444444444444,0.25
Left,random,PTT,RTT,2,0.3,1,2129,8,1278,38,QOTu-HS4,arc labels,,0.5161185761433287,0.00410958904109589,0.375
Left,random,PTT,RTT,2,0.3,1,2129,8,1278,38,QOTu-HSsrc,arc segments,,0.5241336633663367,0.004310344827586207,0.375
Left,random,PTT,RTT,2,0.3,1,2129,8,1278,38,QOTu-PCA,arc segments,16.0,0.4974658180103725,0.003683241252302026,0.25
Left,random,PTT,RTT,2,0.3,1,2129,8,1278,38,QOTc-HS4,arc labels,,0.5816242338519566,0.010752688172043012,0.25
Left,random,PTT,RTT,2,0.3,1,2129,8,1278,38,QOTc-HSsrc,arc labels,,0.50739627534182,0.003911342894393742,0.375
Left,random,PTT,RTT,2,0.3,1,2129,8,1278,38,QOTc-PCA,arc labels,64.0,0.5459983498349835,0.014084507042253521,0.125
Left,random,PTT,RTT,2,0.3,1,2129,8,1278,38,SDM-HS4,arc labels,,0.5342703913248468,0.004594180704441042,0.375
Left,random,PTT,RTT,2,0.3,1,2129,8,1278,38,SDM-HSsrc,arc labels,,0.5182696841112683,0.004052684903748734,0.5
Left,random,PTT,RTT,2,0.3,1,2129,8,1278,38,SDM-PCA,arc labels,32.0,0.5722241867043847,0.006097560975609756,0.375
Left,random,PTT,RTT,2,0.5,1,2129,8,2106,62,NoAdapt,nothing,,0.5441419141914192,0.005797101449275362,0.25
Left,random,PTT,RTT,2,0.5,1,2129,8,2106,62,TargetOnly,arc labels,,0.5297324375294672,0.007142857142857143,0.125
Left,random,PTT,RTT,2,0.5,1,2129,8,2106,62,Source+Target,arc labels,,0.5526284771334276,0.006472491909385114,0.25
Left,random,PTT,RTT,2,0.5,1,2129,8,2106,62,COT,arc labels,,0.39816124469589814,0.0,0.0
Left,random,PTT,RTT,2,0.5,1,2129,8,2106,62,none-HS4,arc labels,,0.5797677982083922,0.006521739130434782,0.375
Left,random,PTT,RTT,2,0.5,1,2129,8,2106,62,none-HSsrc,nothing,,0.6153642149929279,0.009708737864077669,0.375
Left,random,PTT,RTT,2,0.5,1,2129,8,2106,62,none-PCA,arc segments,16.0,0.5587576614804337,0.007067137809187279,0.25
Left,random,PTT,RTT,2,0.5,1,2129,8,2106,62,QOTu-HS4,arc labels,,0.5158828382838283,0.004103967168262654,0.375
Left,random,PTT,RTT,2,0.5,1,2129,8,2106,62,QOTu-HSsrc,arc segments,,0.5170615275813295,0.004132231404958678,0.375
Left,random,PTT,RTT,2,0.5,1,2129,8,2106,62,QOTu-PCA,arc segments,16.0,0.49557991513437055,0.003629764065335753,0.25
Left,random,PTT,RTT,2,0.5,1,2129,8,2106,62,QOTc-HS4,arc labels,,0.5809170202734559,0.010582010582010581,0.25
Left,random,PTT,RTT,2,0.5,1,2129,8,2106,62,QOTc-HSsrc,arc labels,,0.5043316831683169,0.0038461538461538464,0.375
Left,random,PTT,RTT,2,0.5,1,2129,8,2106,62,QOTc-PCA,arc labels,64.0,0.653553748231966,0.02040816326530612,0.375
Left,random,PTT,RTT,2,0.5,1,2129,8,2106,62,SDM-HS4,arc labels,,0.48615040075436117,0.00338409475465313,0.25
Left,random,PTT,RTT,2,0.5,1,2129,8,2106,62,SDM-HSsrc,arc labels,,0.5203913248467704,0.00408997955010225,0.5
Left,random,PTT,RTT,2,0.5,1,2129,8,2106,62,SDM-PCA,arc labels,64.0,0.4783710513908534,0.003205128205128205,0.25
Left,random,PTT,RTT,3,0.05,1,2129,9,213,5,NoAdapt,nothing,,0.5309224318658281,0.005847953216374269,0.2222222222222222
Left,random,PTT,RTT,3,0.05,1,2129,9,213,5,TargetOnly,arc labels,,0.4756027253668763,0.0029411764705882353,0.1111111111111111
Left,random,PTT,RTT,3,0.05,1,2129,9,213,5,Source+Target,arc labels,,0.574685534591195,0.007633587786259542,0.3333333333333333
Left,random,PTT,RTT,3,0.05,1,2129,9,213,5,COT,arc labels,,0.4315513626834382,0.0033944331296673455,0.5555555555555556
Left,random,PTT,RTT,3,0.05,1,2129,9,213,5,none-HS4,arc labels,,0.5643081761006289,0.006864988558352402,0.3333333333333333
Left,random,PTT,RTT,3,0.05,1,2129,9,213,5,none-HSsrc,nothing,,0.5949685534591195,0.009771986970684038,0.3333333333333333
Left,random,PTT,RTT,3,0.05,1,2129,9,213,5,none-PCA,arc segments,16.0,0.5533280922431866,0.008097165991902834,0.2222222222222222
Left,random,PTT,RTT,3,0.05,1,2129,9,213,5,QOTu-HS4,arc labels,,0.49237421383647795,0.004043126684636119,0.3333333333333333
Left,random,PTT,RTT,3,0.05,1,2129,9,213,5,QOTu-HSsrc,arc segments,,0.4897798742138365,0.00398406374501992,0.3333333333333333
Left,random,PTT,RTT,3,0.05,1,2129,9,213,5,QOTu-PCA,arc segments,16.0,0.48210167714884694,0.0036429872495446266,0.2222222222222222
Left,random,PTT,RTT,3,0.05,1,2129,9,213,5,QOTc-HS4,arc labels,,0.5862421383647799,0.00872093023255814,0.3333333333333333
Left,random,PTT,RTT,3,0.05,1,2129,9,213,5,QOTc-HSsrc,arc labels,,0.4954402515723271,0.00411522633744856,0.3333333333333333
Left,random,PTT,RTT,3,0.05,1,2129,9,213,5,QOTc-PCA,arc labels,64.0,0.4502358490566038,0.0,0.0
Left,random,PTT,RTT,3,0.05,1,2129,9,213,5,SDM-HS4,arc labels,,0.535062893081761,0.0053475935828877,0.3333333333333333
Left,random,PTT,RTT,3,0.05,1,2129,9,213,5,SDM-HSsrc,arc labels,,0.48765723270440253,0.003937007874015748,0.3333333333333333
Left,random,PTT,RTT,3,0.05,1,2129,9,213,5,SDM-PCA,arc labels,16.0,0.4646488469601677,0.0032102728731942215,0.2222222222222222
Left,random,PTT,RTT,3,0.1,1,2129,9,426,10,NoAdapt,nothing,,0.5309224318658281,0.005847953216374269,0.2222222222222222
Left,random,PTT,RTT,3,0.1,1,2129,9,426,10,TargetOnly,arc labels,,0.49848008385744236,0.00411522633744856,0.1111111111111111
Left,random,PTT,RTT,3,0.1,1,2129,9,426,10,Source+Target,arc labels,,0.5287997903563941,0.005698005698005698,0.2222222222222222
Left,random,PTT,RTT,3,0.1,1,2129,9,426,10,COT,arc labels,,0.4387316561844864,0.003316749585406302,0.4444444444444444
Left,random,PTT,RTT,3,0.1,1,2129,9,426,10,none-HS4,arc labels,,0.565251572327044,0.006928406466512702,0.3333333333333333
Left,random,PTT,RTT,3,0.1,1,2129,9,426,10,none-HSsrc,nothing,,0.5949685534591195,0.009771986970684038,0.3333333333333333
Left,random,PTT,RTT,3,0.1,1,2129,9,426,10,none-PCA,arc segments,16.0,0.5514412997903564,0.00784313725490196,0.2222222222222222
Left,random,PTT,RTT,3,0.1,1,2129,9,426,10,QOTu-HS4,arc labels,,0.4930817610062893,0.0040595399188092015,0.3333333333333333
Left,random,PTT,RTT,3,0.1,1,2129,9,426,10,QOTu-HSsrc,arc segments,,0.49378930817610067,0.004076086956521739,0.3333333333333333
Left,random,PTT,RTT,3,0.1,1,2129,9,426,10,QOTu-PCA,arc segments,16.0,0.4861111111111111,0.0037593984962406013,0.2222222222222222
Left,random,PTT,RTT,3,0.1,1,2129,9,426,10,QOTc-HS4,arc labels,,0.5846960167714885,0.017543859649122806,0.2222222222222222
Left,random,PTT,RTT,3,0.1,1,2129,9,426,10,QOTc-HSsrc,arc labels,,0.4883647798742138,0.003952569169960474,0.3333333333333333
Left,random,PTT,RTT,3,0.1,1,2129,9,426,10,QOTc-PCA,arc labels,32.0,0.5046121593291405,0.004608294930875576,0.1111111111111111
Left,random,PTT,RTT,3,0.1,1,2129,9,426,10,SDM-HS4,arc labels,,0.5415356394129979,0.006734006734006734,0.2222222222222222
Left,random,PTT,RTT,3,0.1,1,2129,9,426,10,SDM-HSsrc,arc labels,,0.48388364779874216,0.0038560411311053984,0.3333333333333333
Left,random,PTT,RTT,3,0.1,1,2129,9,426,10,SDM-PCA,arc labels,8.0,0.43739517819706497,0.00199203187250996,0.1111111111111111
Left,random,PTT,RTT,3,0.2,1,2129,9,852,23,NoAdapt,nothing,,0.5309224318658281,0.005847953216374269,0.2222222222222222
Left,random,PTT,RTT,3,0.2,1,2129,9,852,23,TargetOnly,arc labels,,0.5672431865828091,0.010638297872340425,0.2222222222222222
Left,random,PTT,RTT,3,0.2,1,2129,9,852,23,Source+Target,arc labels,,0.5240828092243186,0.005390835579514825,0.2222222222222222
Left,random,PTT,RTT,3,0.2,1,2129,9,852,23,COT,arc labels,,0.4435272536687631,0.0021008403361344537,0.1111111111111111
Left,random,PTT,RTT,3,0.2,1,2129,9,852,23,none-HS4,arc labels,,0.5657232704402516,0.0069605568445475635,0.3333333333333333
Left,random,PTT,RTT,3,0.2,1,2129,9,852,23,none-HSsrc,nothing,,0.5949685534591195,0.009771986970684038,0.3333333333333333
Left,random,PTT,RTT,3,0.2,1,2129,9,852,23,none-PCA,arc segments,16.0,0.540356394129979,0.006622516556291391,0.2222222222222222
Left,random,PTT,RTT,3,0.2,1,2129,9,852,23,QOTu-HS4,arc labels,,0.49378930817610067,0.004076086956521739,0.3333333333333333
Left,random,PTT,RTT,3,0.2,1,2129,9,852,23,QOTu-HSsrc,arc segments,,0.49378930817610067,0.004076086956521739,0.3333333333333333
Left,random,PTT,RTT,3,0.2,1,2129,9,852,23,QOTu-PCA,arc segments,16.0,0.4816299790356394,0.003629764065335753,0.2222222222222222
Left,random,PTT,RTT,3,0.2,1,2129,9,852,23,QOTc-HS4,arc labels,,0.551912997903564,0.007905138339920948,0.2222222222222222
Left,random,PTT,RTT,3,0.2,1,2129,9,852,23,QOTc-HSsrc,arc labels,,0.47185534591194966,0.0036188178528347406,0.3333333333333333
Left,random,PTT,RTT,3,0.2,1,2129,9,852,23,QOTc-PCA,arc labels,64.0,0.5883647798742139,0.008955223880597015,0.3333333333333333
Left,random,PTT,RTT,3,0.2,1,2129,9,852,23,SDM-HS4,arc labels,,0.5202044025157233,0.004807692307692308,0.3333333333333333
Left,random,PTT,RTT,3,0.2,1,2129,9,852,23,SDM-HSsrc,arc labels,,0.4882599580712788,0.004016064257028112,0.4444444444444444
Left,random,PTT,RTT,3,0.2,1,2129,9,852,23,SDM-PCA,arc labels,64.0,0.4657232704402515,0.0035087719298245615,0.3333333333333333
Left,random,PTT,RTT,3,0.3,1,2129,9,1278,39,NoAdapt,nothing,,0.5309224318658281,0.005847953216374269,0.2222222222222222
Left,random,PTT,RTT,3,0.3,1,2129,9,1278,39,TargetOnly,arc labels,,0.5340932914046121,0.010869565217391304,0.1111111111111111
Left,random,PTT,RTT,3,0.3,1,2129,9,1278,39,Source+Target,arc labels,,0.5342243186582809,0.006097560975609756,0.2222222222222222
Left,random,PTT,RTT,3,0.3,1,2129,9,1278,39,COT,arc labels,,0.44612159329140466,0.002150537634408602,0.1111111111111111
Left,random,PTT,RTT,3,0.3,1,2129,9,1278,39,none-HS4,arc labels,,0.5657232704402516,0.0069605568445475635,0.3333333333333333
Left,random,PTT,RTT,3,0.3,1,2129,9,1278,39,none-HSsrc,nothing,,0.5949685534591195,0.009771986970684038,0.3333333333333333
Left,random,PTT,RTT,3,0.3,1,2129,9,1278,39,none-PCA,arc segments,16.0,0.5391771488469601,0.006514657980456026,0.2222222222222222
Left,random,PTT,RTT,3,0.3,1,2129,9,1278,39,QOTu-HS4,arc labels,,0.49378930817610067,0.004076086956521739,0.3333333333333333
Left,random,PTT,RTT,3,0.3,1,2129,9,1278,39,QOTu-HSsrc,arc segments,,0.5008647798742139,0.00424929178470255,0.3333333333333333
Left,random,PTT,RTT,3,0.3,1,2129,9,1278,39,QOTu-PCA,arc segments,16.0,0.47596960167714886,0.0034782608695652175,0.2222222222222222
Left,random,PTT,RTT,3,0.3,1,2129,9,1278,39,QOTc-HS4,arc labels,,0.572667714884696,0.012121212121212121,0.2222222222222222
Left,random,PTT,RTT,3,0.3,1,2129,9,1278,39,QOTc-HSsrc,arc labels,,0.4916666666666667,0.004026845637583893,0.3333333333333333
Left,random,PTT,RTT,3,0.3,1,2129,9,1278,39,QOTc-PCA,arc labels,64.0,0.5931865828092243,0.02564102564102564,0.2222222222222222
Left,random,PTT,RTT,3,0.3,1,2129,9,1278,39,SDM-HS4,arc labels,,0.5063941299790357,0.004484304932735426,0.2222222222222222
Left,random,PTT,RTT,3,0.3,1,2129,9,1278,39,SDM-HSsrc,arc labels,,0.492269392033543,0.0040858018386108275,0.4444444444444444
Left,random,PTT,RTT,3,0.3,1,2129,9,1278,39,SDM-PCA,arc labels,32.0,0.4980345911949685,0.004178272980501393,0.3333333333333333
Left,random,PTT,RTT,3,0.5,1,2129,9,2106,61,NoAdapt,nothing,,0.5309224318658281,0.005847953216374269,0.2222222222222222
Left,random,PTT,RTT,3,0.5,1,2129,9,2106,61,TargetOnly,arc labels,,0.5237159329140462,0.007352941176470588,0.1111111111111111
Left,random,PTT,RTT,3,0.5,1,2129,9,2106,61,Source+Target,arc labels,,0.5330450733752621,0.006006006006006006,0.2222222222222222
Left,random,PTT,RTT,3,0.5,1,2129,9,2106,61,COT,arc labels,,0.4754979035639413,0.0034662045060658577,0.2222222222222222
Left,random,PTT,RTT,3,0.5,1,2129,9,2106,61,none-HS4,arc labels,,0.5732704402515724,0.007518796992481203,0.3333333333333333
Left,random,PTT,RTT,3,0.5,1,2129,9,2106,61,none-HSsrc,nothing,,0.5949685534591195,0.009771986970684038,0.3333333333333333
Left,random,PTT,RTT,3,0.5,1,2129,9,2106,61,none-PCA,arc segments,16.0,0.5405922431865828,0.006644518272425249,0.2222222222222222
Left,random,PTT,RTT,3,0.5,1,2129,9,2106,61,QOTu-HS4,arc labels,,0.49378930817610067,0.004076086956521739,0.3333333333333333
Left,random,PTT,RTT,3,0.5,1,2129,9,2106,61,QOTu-HSsrc,arc segments,,0.5008647798742139,0.00424929178470255,0.3333333333333333
Left,random,PTT,RTT,3,0.5,1,2129,9,2106,61,QOTu-PCA,arc segments,16.0,0.48021488469601675,0.003590664272890485,0.2222222222222222
Left,random,PTT,RTT,3,0.5,1,2129,9,2106,61,QOTc-HS4,arc labels,,0.5651205450733753,0.01015228426395939,0.2222222222222222
Left,random,PTT,RTT,3,0.5,1,2129,9,2106,61,QOTc-HSsrc,arc labels,,0.47916666666666663,0.0037593984962406013,0.3333333333333333
Left,random,PTT,RTT,3,0.5,1,2129,9,2106,61,QOTc-PCA,arc labels,64.0,0.6369496855345912,0.023255813953488372,0.3333333333333333
Left,random,PTT,RTT,3,0.5,1,2129,9,2106,61,SDM-HS4,arc labels,,0.49979035639413,0.004219409282700422,0.2222222222222222
Left,random,PTT,RTT,3,0.5,1,2129,9,2106,61,SDM-HSsrc,arc labels,,0.4866090146750524,0.003988035892323031,0.4444444444444444
Left,random,PTT,RTT,3,0.5,1,2129,9,2106,61,SDM-PCA,arc labels,64.0,0.4919025157232705,0.004032258064516129,0.3333333333333333
Left,random,PTT,RTT,4,0.05,1,2129,14,213,5,NoAdapt,nothing,,0.49175954069571093,0.0058997050147492625,0.14285714285714285
Left,random,PTT,RTT,4,0.05,1,2129,14,213,5,TargetOnly,arc labels,,0.46761229314420805,0.0,0.0
Left,random,PTT,RTT,4,0.05,1,2129,14,213,5,Source+Target,arc labels,,0.4969604863221885,0.006309148264984227,0.14285714285714285
Left,random,PTT,RTT,4,0.05,1,2129,14,213,5,COT,arc labels,,0.563677811550152,0.010183299389002037,0.35714285714285715
Left,random,PTT,RTT,4,0.05,1,2129,14,213,5,none-HS4,arc labels,,0.5244005403579871,0.0084985835694051,0.21428571428571427
Left,random,PTT,RTT,4,0.05,1,2129,14,213,5,none-HSsrc,nothing,,0.5390577507598784,0.010309278350515464,0.21428571428571427
Left,random,PTT,RTT,4,0.05,1,2129,14,213,5,none-PCA,arc segments,16.0,0.5142181695373185,0.00819672131147541,0.14285714285714285
Left,random,PTT,RTT,4,0.05,1,2129,14,213,5,QOTu-HS4,arc labels,,0.45347855454238434,0.004594180704441042,0.21428571428571427
Left,random,PTT,RTT,4,0.05,1,2129,14,213,5,QOTu-HSsrc,arc segments,,0.4515873015873016,0.0045385779122541605,0.21428571428571427
Left,random,PTT,RTT,4,0.05,1,2129,14,213,5,QOTu-PCA,arc segments,16.0,0.4853934481594056,0.005791505791505791,0.21428571428571427
Left,random,PTT,RTT,4,0.05,1,2129,14,213,5,QOTc-HS4,arc labels,,0.4995609591354272,0.006535947712418301,0.14285714285714285
Left,random,PTT,RTT,4,0.05,1,2129,14,213,5,QOTc-HSsrc,arc labels,,0.5379770347855455,0.0074503311258278145,0.6428571428571429
Left,random,PTT,RTT,4,0.05,1,2129,14,213,5,QOTc-PCA,arc labels,64.0,0.47210401891252957,0.0,0.0
Left,random,PTT,RTT,4,0.05,1,2129,14,213,5,SDM-HS4,arc labels,,0.5054711246200608,0.0071174377224199285,0.14285714285714285
Left,random,PTT,RTT,4,0.05,1,2129,14,213,5,SDM-HSsrc,arc labels,,0.5311212428233705,0.007275666936135812,0.6428571428571429
Left,random,PTT,RTT,4,0.05,1,2129,14,213,5,SDM-PCA,arc labels,32.0,0.4896656534954407,0.006134969325153374,0.2857142857142857
Left,random,PTT,RTT,4,0.1,1,2129,14,426,15,NoAdapt,nothing,,0.49175954069571093,0.0058997050147492625,0.14285714285714285
Left,random,PTT,RTT,4,0.1,1,2129,14,426,15,TargetOnly,arc labels,,0.520111448834853,0.014925373134328358,0.07142857142857142
Left,random,PTT,RTT,4,0.1,1,2129,14,426,15,Source+Target,arc labels,,0.4990881458966565,0.006493506493506494,0.14285714285714285
Left,random,PTT,RTT,4,0.1,1,2129,14,426,15,COT,arc labels,,0.5296352583586627,0.007874015748031496,0.35714285714285715
Left,random,PTT,RTT,4,0.1,1,2129,14,426,15,none-HS4,arc labels,,0.5248733535967578,0.008547008547008548,0.21428571428571427
Left,random,PTT,RTT,4,0.1,1,2129,14,426,15,none-HSsrc,nothing,,0.5390577507598784,0.010309278350515464,0.21428571428571427
Left,random,PTT,RTT,4,0.1,1,2129,14,426,15,none-PCA,arc segments,16.0,0.4995609591354272,0.006535947712418301,0.14285714285714285
Left,random,PTT,RTT,4,0.1,1,2129,14,426,15,QOTu-HS4,arc labels,,0.4515873015873016,0.0045385779122541605,0.21428571428571427
Left,random,PTT,RTT,4,0.1,1,2129,14,426,15,QOTu-HSsrc,arc segments,,0.4856467409658899,0.005979073243647235,0.2857142857142857
Left,random,PTT,RTT,4,0.1,1,2129,14,426,15,QOTu-PCA,arc segments,16.0,0.48681188787571766,0.005859375,0.21428571428571427
Left,random,PTT,RTT,4,0.1,1,2129,14,426,15,QOTc-HS4,arc labels,,0.5208206686930091,0.015625,0.07142857142857142
Left,random,PTT,RTT,4,0.1,1,2129,14,426,15,QOTc-HSsrc,arc labels,,0.5287402904424181,0.0073059360730593605,0.5714285714285714
Left,random,PTT,RTT,4,0.1,1,2129,14,426,15,QOTc-PCA,arc labels,64.0,0.5331306990881459,0.012195121951219513,0.14285714285714285
Left,random,PTT,RTT,4,0.1,1,2129,14,426,15,SDM-HS4,arc labels,,0.542114150624789,0.015873015873015872,0.14285714285714285
Left,random,PTT,RTT,4,0.1,1,2129,14,426,15,SDM-HSsrc,arc labels,,0.4968085106382979,0.006493506493506494,0.5
Left,random,PTT,RTT,4,0.1,1,2129,14,426,15,SDM-PCA,arc labels,64.0,0.5620905099628504,0.0081374321880651,0.6428571428571429
Left,random,PTT,RTT,4,0.2,1,2129,14,852,26,NoAdapt,nothing,,0.49175954069571093,0.0058997050147492625,0.14285714285714285
Left,random,PTT,RTT,4,0.2,1,2129,14,852,26,TargetOnly,arc labels,,0.48652482269503544,0.0,0.0
Left,random,PTT,RTT,4,0.2,1,2129,14,852,26,Source+Target,arc labels,,0.4960148598446471,0.006230529595015576,0.14285714285714285
Left,random,PTT,RTT,4,0.2,1,2129,14,852,26,COT,arc labels,,0.5055217831813577,0.0067842605156037995,0.35714285714285715
Left,random,PTT,RTT,4,0.2,1,2129,14,852,26,none-HS4,arc labels,,0.5246369469773725,0.008522727272727272,0.21428571428571427
Left,random,PTT,RTT,4,0.2,1,2129,14,852,26,none-HSsrc,nothing,,0.5390577507598784,0.010309278350515464,0.21428571428571427
Left,random,PTT,RTT,4,0.2,1,2129,14,852,26,none-PCA,arc segments,16.0,0.5019250253292806,0.006756756756756757,0.14285714285714285
Left,random,PTT,RTT,4,0.2,1,2129,14,852,26,QOTu-HS4,arc labels,,0.453242147922999,0.0045871559633027525,0.21428571428571427
Left,random,PTT,RTT,4,0.2,1,2129,14,852,26,QOTu-HSsrc,arc segments,,0.48588314758527523,0.005988023952095809,0.2857142857142857
Left,random,PTT,RTT,4,0.2,1,2129,14,852,26,QOTu-PCA,arc segments,16.0,0.4950861195542047,0.006289308176100629,0.21428571428571427
Left,random,PTT,RTT,4,0.2,1,2129,14,852,26,QOTc-HS4,arc labels,,0.5238939547450185,0.0196078431372549,0.07142857142857142
Left,random,PTT,RTT,4,0.2,1,2129,14,852,26,QOTc-HSsrc,arc labels,,0.490661938534279,0.006340579710144928,0.5
Left,random,PTT,RTT,4,0.2,1,2129,14,852,26,QOTc-PCA,arc labels,64.0,0.5189294157379264,0.013888888888888888,0.07142857142857142
Left,random,PTT,RTT,4,0.2,1,2129,14,852,26,SDM-HS4,arc labels,,0.5101823708206688,0.009174311926605505,0.07142857142857142
Left,random,PTT,RTT,4,0.2,1,2129,14,852,26,SDM-HSsrc,arc labels,,0.5308679500168861,0.007366482504604052,0.5714285714285714
Left,random,PTT,RTT,4,0.2,1,2129,14,852,26,SDM-PCA,arc labels,64.0,0.534886862546437,0.007483629560336763,0.5714285714285714
Left,random,PTT,RTT,4,0.3,1,2129,14,1278,38,NoAdapt,nothing,,0.49175954069571093,0.0058997050147492625,0.14285714285714285
Left,random,PTT,RTT,4,0.3,1,2129,14,1278,38,TargetOnly,arc labels,,0.4862884160756501,0.0,0.0
Left,random,PTT,RTT,4,0.3,1,2129,14,1278,38,Source+Target,arc labels,,0.49483282674772033,0.006134969325153374,0.14285714285714285
Left,random,PTT,RTT,4,0.3,1,2129,14,1278,38,COT,arc labels,,0.5282337048294495,0.007566204287515763,0.42857142857142855
Left,random,PTT,RTT,4,0.3,1,2129,14,1278,38,none-HS4,arc labels,,0.5246369469773725,0.008522727272727272,0.21428571428571427
Left,random,PTT,RTT,4,0.3,1,2129,14,1278,38,none-HSsrc,nothing,,0.5390577507598784,0.010309278350515464,0.21428571428571427
Left,random,PTT,RTT,4,0.3,1,2129,14,1278,38,none-PCA,arc segments,16.0,0.500742992232354,0.006644518272425249,0.14285714285714285
Left,random,PTT,RTT,4,0.3,1,2129,14,1278,38,QOTu-HS4,arc labels,,0.4520601148260723,0.004552352048558422,0.21428571428571427
Left,random,PTT,RTT,4,0.3,1,2129,14,1278,38,QOTu-HSsrc,arc segments,,0.48541033434650455,0.005970149253731343,0.2857142857142857
Left,random,PTT,RTT,4,0.3,1,2129,14,1278,38,QOTu-PCA,arc segments,16.0,0.49437689969604864,0.00625,0.21428571428571427
Left,random,PTT,RTT,4,0.3,1,2129,14,1278,38,QOTc-HS4,arc labels,,0.5227119216480919,0.017857142857142856,0.07142857142857142
Left,random,PTT,RTT,4,0.3,1,2129,14,1278,38,QOTc-HSsrc,arc labels,,0.4863728470111449,0.006112469437652812,0.35714285714285715
Left,random,PTT,RTT,4,0.3,1,2129,14,1278,38,QOTc-PCA,arc labels,64.0,0.5565349544072948,0.03076923076923077,0.14285714285714285
Left,random,PTT,RTT,4,0.3,1,2129,14,1278,38,SDM-HS4,arc labels,,0.5160925363053023,0.011904761904761904,0.07142857142857142
Left,random,PTT,RTT,4,0.3,1,2129,14,1278,38,SDM-HSsrc,arc labels,,0.5114657210401892,0.006889763779527559,0.5
Left,random,PTT,RTT,4,0.3,1,2129,14,1278,38,SDM-PCA,arc labels,64.0,0.5287234042553192,0.007423117709437964,0.5
Left,random,PTT,RTT,4,0.5,1,2129,14,2106,56,NoAdapt,nothing,,0.49175954069571093,0.0058997050147492625,0.14285714285714285
Left,random,PTT,RTT,4,0.5,1,2129,14,2106,56,TargetOnly,arc labels,,0.5130192502532929,0.010309278350515464,0.07142857142857142
Left,random,PTT,RTT,4,0.5,1,2129,14,2106,56,Source+Target,arc labels,,0.4924687605538669,0.005952380952380952,0.14285714285714285
Left,random,PTT,RTT,4,0.5,1,2129,14,2106,56,COT,arc labels,,0.541708882134414,0.008152173913043478,0.42857142857142855
Left,random,PTT,RTT,4,0.5,1,2129,14,2106,56,none-HS4,arc labels,,0.5246369469773725,0.008522727272727272,0.21428571428571427
Left,random,PTT,RTT,4,0.5,1,2129,14,2106,56,none-HSsrc,nothing,,0.5390577507598784,0.010309278350515464,0.21428571428571427
Left,random,PTT,RTT,4,0.5,1,2129,14,2106,56,none-PCA,arc segments,16.0,0.502870651806822,0.00684931506849315,0.14285714285714285
Left,random,PTT,RTT,4,0.5,1,2129,14,2106,56,QOTu-HS4,arc labels,,0.4522965214454576,0.004559270516717325,0.21428571428571427
Left,random,PTT,RTT,4,0.5,1,2129,14,2106,56,QOTu-HSsrc,arc segments,,0.48541033434650455,0.005970149253731343,0.2857142857142857
Left,random,PTT,RTT,4,0.5,1,2129,14,2106,56,QOTu-PCA,arc segments,16.0,0.4832657885849375,0.0056925996204933585,0.21428571428571427
Left,random,PTT,RTT,4,0.5,1,2129,14,2106,56,QOTc-HS4,arc labels,,0.5210570753123944,0.015873015873015872,0.07142857142857142
Left,random,PTT,RTT,4,0.5,1,2129,14,2106,56,QOTc-HSsrc,arc labels,,0.5012664640324215,0.006622516556291391,0.35714285714285715
Left,random,PTT,RTT,4,0.5,1,2129,14,2106,56,QOTc-PCA,arc labels,64.0,0.5534616683552853,0.02564102564102564,0.14285714285714285
Left,random,PTT,RTT,4,0.5,1,2129,14,2106,56,SDM-HS4,arc labels,,0.5125464370145222,0.010101010101010102,0.07142857142857142
Left,random,PTT,RTT,4,0.5,1,2129,14,2106,56,SDM-HSsrc,arc labels,,0.4977372509287403,0.006507592190889371,0.42857142857142855
Left,random,PTT,RTT,4,0.5,1,2129,14,2106,56,SDM-PCA,arc labels,64.0,0.5668017561634583,0.008565310492505354,0.5714285714285714
Left,random,PTT,RTT,5,0.05,1,2129,26,213,6,NoAdapt,nothing,,0.6055269029591426,0.02666666666666667,0.38461538461538464
Left,random,PTT,RTT,5,0.05,1,2129,26,213,6,TargetOnly,arc labels,,0.47783386371118186,0.007782101167315175,0.07692307692307693
Left,random,PTT,RTT,5,0.05,1,2129,26,213,6,Source+Target,arc labels,,0.5905757342989868,0.025280898876404494,0.34615384615384615
Left,random,PTT,RTT,5,0.05,1,2129,26,213,6,COT,arc labels,,0.4870971871685138,0.011518324607329843,0.4230769230769231
Left,random,PTT,RTT,5,0.05,1,2129,26,213,6,none-HS4,arc labels,,0.5523519514247046,0.019830028328611898,0.2692307692307692
Left,random,PTT,RTT,5,0.05,1,2129,26,213,6,none-HSsrc,nothing,,0.5647152419620323,0.023255813953488372,0.2692307692307692
Left,random,PTT,RTT,5,0.05,1,2129,26,213,6,none-PCA,arc segments,64.0,0.5165331577599765,0.015503875968992248,0.15384615384615385
Left,random,PTT,RTT,5,0.05,1,2129,26,213,6,QOTu-HS4,arc labels,,0.5731098430813124,0.017173051519154558,0.5
Left,random,PTT,RTT,5,0.05,1,2129,26,213,6,QOTu-HSsrc,arc segments,,0.5522147847397492,0.015727391874180863,0.46153846153846156
Left,random,PTT,RTT,5,0.05,1,2129,26,213,6,QOTu-PCA,arc segments,16.0,0.5477248619188705,0.015714285714285715,0.4230769230769231
Left,random,PTT,RTT,5,0.05,1,2129,26,213,6,QOTc-HS4,arc labels,,0.5685467646951242,0.029556650246305417,0.23076923076923078
Left,random,PTT,RTT,5,0.05,1,2129,26,213,6,QOTc-HSsrc,arc labels,,0.5659223087896412,0.015772870662460567,0.5769230769230769
Left,random,PTT,RTT,5,0.05,1,2129,26,213,6,QOTc-PCA,arc labels,64.0,0.4686162624821683,0.0,0.0
Left,random,PTT,RTT,5,0.05,1,2129,26,213,6,SDM-HS4,arc labels,,0.5763378324005999,0.023952095808383235,0.3076923076923077
Left,random,PTT,RTT,5,0.05,1,2129,26,213,6,SDM-HSsrc,arc labels,,0.5612220637184974,0.0161090458488228,0.5
Left,random,PTT,RTT,5,0.05,1,2129,26,213,6,SDM-PCA,arc labels,64.0,0.5832235999853689,0.016314779270633396,0.6538461538461539
Left,random,PTT,RTT,5,0.1,1,2129,26,426,8,NoAdapt,nothing,,0.6055269029591426,0.02666666666666667,0.38461538461538464
Left,random,PTT,RTT,5,0.1,1,2129,26,426,8,TargetOnly,arc labels,,0.47334394089030324,0.005154639175257732,0.038461538461538464
Left,random,PTT,RTT,5,0.1,1,2129,26,426,8,Source+Target,arc labels,,0.5430794835217089,0.017857142857142856,0.2692307692307692
Left,random,PTT,RTT,5,0.1,1,2129,26,426,8,COT,arc labels,,0.47035370715827207,0.00974025974025974,0.23076923076923078
Left,random,PTT,RTT,5,0.1,1,2129,26,426,8,none-HS4,arc labels,,0.5523519514247046,0.019830028328611898,0.2692307692307692
Left,random,PTT,RTT,5,0.1,1,2129,26,426,8,none-HSsrc,nothing,,0.5647152419620323,0.023255813953488372,0.2692307692307692
Left,random,PTT,RTT,5,0.1,1,2129,26,426,8,none-PCA,arc segments,16.0,0.5409671165733934,0.018808777429467086,0.23076923076923078
Left,random,PTT,RTT,5,0.1,1,2129,26,426,8,QOTu-HS4,arc labels,,0.5835436555835984,0.01761006289308176,0.5384615384615384
Left,random,PTT,RTT,5,0.1,1,2129,26,426,8,QOTu-HSsrc,arc segments,,0.5671659533999049,0.016624040920716114,0.5
Left,random,PTT,RTT,5,0.1,1,2129,26,426,8,QOTu-PCA,arc segments,16.0,0.5446340392845386,0.015427769985974754,0.4230769230769231
Left,random,PTT,RTT,5,0.1,1,2129,26,426,8,QOTc-HS4,arc labels,,0.6183931380079739,0.03765690376569038,0.34615384615384615
Left,random,PTT,RTT,5,0.1,1,2129,26,426,8,QOTc-HSsrc,arc labels,,0.5492794176817002,0.014691478942213516,0.5769230769230769
Left,random,PTT,RTT,5,0.1,1,2129,26,426,8,QOTc-PCA,arc labels,64.0,0.5245894143896997,0.016339869281045753,0.19230769230769232
Left,random,PTT,RTT,5,0.1,1,2129,26,426,8,SDM-HS4,arc labels,,0.612897326164088,0.029069767441860465,0.38461538461538464
Left,random,PTT,RTT,5,0.1,1,2129,26,426,8,SDM-HSsrc,arc labels,,0.5471670507333846,0.014767932489451477,0.5384615384615384
Left,random,PTT,RTT,5,0.1,1,2129,26,426,8,SDM-PCA,arc labels,32.0,0.45540253849811624,0.008375209380234505,0.19230769230769232
Left,random,PTT,RTT,5,0.2,1,2129,26,852,15,NoAdapt,nothing,,0.6055269029591426,0.02666666666666667,0.38461538461538464
Left,random,PTT,RTT,5,0.2,1,2129,26,852,15,TargetOnly,arc labels,,0.5229799919528878,0.020134228187919462,0.11538461538461539
Left,random,PTT,RTT,5,0.2,1,2129,26,852,15,Source+Target,arc labels,,0.5464080617432971,0.018518518518518517,0.2692307692307692
Left,random,PTT,RTT,5,0.2,1,2129,26,852,15,COT,arc labels,,0.4477303485862687,0.01045751633986928,0.6153846153846154
Left,random,PTT,RTT,5,0.2,1,2129,26,852,15,none-HS4,arc labels,,0.552589707011961,0.019886363636363636,0.2692307692307692
Left,random,PTT,RTT,5,0.2,1,2129,26,852,15,none-HSsrc,nothing,,0.5647152419620323,0.023255813953488372,0.2692307692307692
Left,random,PTT,RTT,5,0.2,1,2129,26,852,15,none-PCA,arc segments,16.0,0.535974249241011,0.01764705882352941,0.23076923076923078
Left,random,PTT,RTT,5,0.2,1,2129,26,852,15,QOTu-HS4,arc labels,,0.5588719411829255,0.0163265306122449,0.46153846153846156
Left,random,PTT,RTT,5,0.2,1,2129,26,852,15,QOTu-HSsrc,arc segments,,0.5595852079446944,0.01639344262295082,0.46153846153846156
Left,random,PTT,RTT,5,0.2,1,2129,26,852,15,QOTu-PCA,arc segments,16.0,0.5510534401404587,0.016034985422740525,0.4230769230769231
Left,random,PTT,RTT,5,0.2,1,2129,26,852,15,QOTc-HS4,arc labels,,0.5877775339258934,0.03431372549019608,0.2692307692307692
Left,random,PTT,RTT,5,0.2,1,2129,26,852,15,QOTc-HSsrc,arc labels,,0.6016405135520685,0.02040816326530612,0.5
Left,random,PTT,RTT,5,0.2,1,2129,26,852,15,QOTc-PCA,arc labels,32.0,0.5752039211383007,0.03428571428571429,0.23076923076923078
Left,random,PTT,RTT,5,0.2,1,2129,26,852,15,SDM-HS4,arc labels,,0.6226178719046052,0.02857142857142857,0.4230769230769231
Left,random,PTT,RTT,5,0.2,1,2129,26,852,15,SDM-HSsrc,arc labels,,0.5882987673287245,0.01806451612903226,0.5384615384615384
Left,random,PTT,RTT,5,0.2,1,2129,26,852,15,SDM-PCA,arc labels,32.0,0.5121163905044076,0.013119533527696793,0.34615384615384615
Left,random,PTT,RTT,5,0.3,1,2129,26,1278,24,NoAdapt,nothing,,0.6055269029591426,0.02666666666666667,0.38461538461538464
Left,random,PTT,RTT,5,0.3,1,2129,26,1278,24,TargetOnly,arc labels,,0.5355810380774717,0.03125,0.11538461538461539
Left,random,PTT,RTT,5,0.3,1,2129,26,1278,24,Source+Target,arc labels,,0.5464080617432971,0.018518518518518517,0.2692307692307692
Left,random,PTT,RTT,5,0.3,1,2129,26,1278,24,COT,arc labels,,0.45319872709316367,0.010617120106171201,0.6153846153846154
Left,random,PTT,RTT,5,0.3,1,2129,26,1278,24,none-HS4,arc labels,,0.552589707011961,0.019886363636363636,0.2692307692307692
Left,random,PTT,RTT,5,0.3,1,2129,26,1278,24,none-HSsrc,nothing,,0.5647152419620323,0.023255813953488372,0.2692307692307692
Left,random,PTT,RTT,5,0.3,1,2129,26,1278,24,none-PCA,arc segments,16.0,0.5400160942243681,0.018575851393188854,0.23076923076923078
Left,random,PTT,RTT,5,0.3,1,2129,26,1278,24,QOTu-HS4,arc labels,,0.5574454076593878,0.016194331983805668,0.46153846153846156
Left,random,PTT,RTT,5,0.3,1,2129,26,1278,24,QOTu-HSsrc,arc segments,,0.5602984747064633,0.01646090534979424,0.46153846153846156
Left,random,PTT,RTT,5,0.3,1,2129,26,1278,24,QOTu-PCA,arc segments,16.0,0.5486758842678957,0.015804597701149427,0.4230769230769231
Left,random,PTT,RTT,5,0.3,1,2129,26,1278,24,QOTc-HS4,arc labels,,0.568336442444859,0.040983606557377046,0.19230769230769232
Left,random,PTT,RTT,5,0.3,1,2129,26,1278,24,QOTc-HSsrc,arc labels,,0.6080599144079886,0.021311475409836064,0.5
Left,random,PTT,RTT,5,0.3,1,2129,26,1278,24,QOTc-PCA,arc labels,32.0,0.5688119536193716,0.041666666666666664,0.19230769230769232
Left,random,PTT,RTT,5,0.3,1,2129,26,1278,24,SDM-HS4,arc labels,,0.6373587183144958,0.034055727554179564,0.4230769230769231
Left,random,PTT,RTT,5,0.3,1,2129,26,1278,24,SDM-HSsrc,arc labels,,0.6182834046600095,0.02292768959435626,0.5
Left,random,PTT,RTT,5,0.3,1,2129,26,1278,24,SDM-PCA,arc labels,32.0,0.514576246387944,0.013953488372093023,0.23076923076923078
Left,random,PTT,RTT,5,0.5,1,2129,26,2106,44,NoAdapt,nothing,,0.6055269029591426,0.02666666666666667,0.38461538461538464
Left,random,PTT,RTT,5,0.5,1,2129,26,2106,44,TargetOnly,arc labels,,0.5514832290866527,0.036036036036036036,0.15384615384615385
Left,random,PTT,RTT,5,0.5,1,2129,26,2106,44,Source+Target,arc labels,,0.5461703061560408,0.018469656992084433,0.2692307692307692
Left,random,PTT,RTT,5,0.5,1,2129,26,2106,44,COT,arc labels,,0.49753099967079994,0.012084592145015106,0.46153846153846156
Left,random,PTT,RTT,5,0.5,1,2129,26,2106,44,none-HS4,arc labels,,0.5711072094809613,0.02247191011235955,0.3076923076923077
Left,random,PTT,RTT,5,0.5,1,2129,26,2106,44,none-HSsrc,nothing,,0.5647152419620323,0.023255813953488372,0.2692307692307692
Left,random,PTT,RTT,5,0.5,1,2129,26,2106,44,none-PCA,arc segments,16.0,0.5236383920406745,0.016129032258064516,0.19230769230769232
Left,random,PTT,RTT,5,0.5,1,2129,26,2106,44,QOTu-HS4,arc labels,,0.5557811185485936,0.016042780748663103,0.46153846153846156
Left,random,PTT,RTT,5,0.5,1,2129,26,2106,44,QOTu-HSsrc,arc segments,,0.5598229635319507,0.016415868673050615,0.46153846153846156
Left,random,PTT,RTT,5,0.5,1,2129,26,2106,44,QOTu-PCA,arc segments,16.0,0.5479626175061267,0.015736766809728183,0.4230769230769231
Left,random,PTT,RTT,5,0.5,1,2129,26,2106,44,QOTc-HS4,arc labels,,0.6039449138593218,0.051470588235294115,0.2692307692307692
Left,random,PTT,RTT,5,0.5,1,2129,26,2106,44,QOTc-HSsrc,arc labels,,0.5878781228281942,0.01957585644371941,0.46153846153846156
Left,random,PTT,RTT,5,0.5,1,2129,26,2106,44,QOTc-PCA,arc labels,32.0,0.5512180401624054,0.02577319587628866,0.19230769230769232
Left,random,PTT,RTT,5,0.5,1,2129,26,2106,44,SDM-HS4,arc labels,,0.638309740663521,0.034482758620689655,0.4230769230769231
Left,random,PTT,RTT,5,0.5,1,2129,26,2106,44,SDM-HSsrc,arc labels,,0.6054446029481693,0.020933977455716585,0.5
Left,random,PTT,RTT,5,0.5,1,2129,26,2106,44,SDM-PCA,arc labels,32.0,0.47819964153773,0.010291595197255575,0.23076923076923078
Left,random,PTT,RTT,6,0.05,0,2129,36,213,0,NoAdapt,nothing,,0.5988878271486967,0.033816425120772944,0.3888888888888889
Left,random,PTT,RTT,6,0.05,0,2129,36,213,0,TargetOnly,arc labels,,,,
Left,random,PTT,RTT,6,0.05,0,2129,36,213,0,Source+Target,arc labels,,,,
Left,random,PTT,RTT,6,0.05,0,2129,36,213,0,COT,arc labels,,,,
Left,random,PTT,RTT,6,0.05,0,2129,36,213,0,none-HS4,arc labels,,,,
Left,random,PTT,RTT,6,0.05,0,2129,36,213,0,none-HSsrc,nothing,,0.5212547114721028,0.021538461538461538,0.19444444444444445
Left,random,PTT,RTT,6,0.05,0,2129,36,213,0,none-PCA,arc segments,32.0,0.6069769602378298,0.040498442367601244,0.3611111111111111
Left,random,PTT,RTT,6,0.05,0,2129,36,213,0,QOTu-HS4,arc labels,,,,
Left,random,PTT,RTT,6,0.05,0,2129,36,213,0,QOTu-HSsrc,arc segments,,0.5167423156553591,0.01835985312117503,0.4166666666666667
Left,random,PTT,RTT,6,0.05,0,2129,36,213,0,QOTu-PCA,arc segments,16.0,0.5229534957795827,0.018963337547408345,0.4166666666666667
Left,random,PTT,RTT,6,0.05,0,2129,36,213,0,QOTc-HS4,arc labels,,,,
Left,random,PTT,RTT,6,0.05,0,2129,36,213,0,QOTc-HSsrc,arc labels,,,,
Left,random,PTT,RTT,6,0.05,0,2129,36,213,0,QOTc-PCA,arc labels,,,,
Left,random,PTT,RTT,6,0.05,0,2129,36,213,0,SDM-HS4,arc labels,,,,
Left,random,PTT,RTT,6,0.05,0,2129,36,213,0,SDM-HSsrc,arc labels,,,,
Left,random,PTT,RTT,6,0.05,0,2129,36,213,0,SDM-PCA,arc labels,,,,
Left,random,PTT,RTT,6,0.1,1,2129,36,426,4,NoAdapt,nothing,,0.5988878271486967,0.033816425120772944,0.3888888888888889
Left,random,PTT,RTT,6,0.1,1,2129,36,426,4,TargetOnly,arc labels,,0.5914888251844774,0.22580645161290322,0.19444444444444445
Left,random,PTT,RTT,6,0.1,1,2129,36,426,4,Source+Target,arc labels,,0.5536377873334395,0.025821596244131457,0.3055555555555556
Left,random,PTT,RTT,6,0.1,1,2129,36,426,4,COT,arc labels,,0.5328608589478154,0.04040404040404041,0.1111111111111111
Left,random,PTT,RTT,6,0.1,1,2129,36,426,4,none-HS4,arc labels,,0.5210489993098688,0.02077922077922078,0.2222222222222222
Left,random,PTT,RTT,6,0.1,1,2129,36,426,4,none-HSsrc,nothing,,0.5212547114721028,0.021538461538461538,0.19444444444444445
Left,random,PTT,RTT,6,0.1,1,2129,36,426,4,none-PCA,arc segments,16.0,0.5294102033232468,0.022857142857142857,0.2222222222222222
Left,random,PTT,RTT,6,0.1,1,2129,36,426,4,QOTu-HS4,arc labels,,0.5457145511493338,0.020884520884520884,0.4722222222222222
Left,random,PTT,RTT,6,0.1,1,2129,36,426,4,QOTu-HSsrc,arc segments,,0.5239090619525403,0.01905972045743329,0.4166666666666667
Left,random,PTT,RTT,6,0.1,1,2129,36,426,4,QOTu-PCA,arc segments,16.0,0.5141145086797261,0.018115942028985508,0.4166666666666667
Left,random,PTT,RTT,6,0.1,1,2129,36,426,4,QOTc-HS4,arc labels,,0.5498221585178107,0.14285714285714285,0.1111111111111111
Left,random,PTT,RTT,6,0.1,1,2129,36,426,4,QOTc-HSsrc,arc labels,,0.5114269788182831,0.019543973941368076,0.16666666666666666
Left,random,PTT,RTT,6,0.1,1,2129,36,426,4,QOTc-PCA,arc labels,64.0,0.5366499442586399,0.125,0.08333333333333333
Left,random,PTT,RTT,6,0.1,1,2129,36,426,4,SDM-HS4,arc labels,,0.5778388278388279,0.20689655172413793,0.16666666666666666
Left,random,PTT,RTT,6,0.1,1,2129,36,426,4,SDM-HSsrc,arc labels,,0.548999309868875,0.029850746268656716,0.2222222222222222
Left,random,PTT,RTT,6,0.1,1,2129,36,426,4,SDM-PCA,arc labels,32.0,0.5340221372830068,0.08571428571428572,0.08333333333333333
Left,random,PTT,RTT,6,0.2,1,2129,36,852,11,NoAdapt,nothing,,0.5988878271486967,0.033816425120772944,0.3888888888888889
Left,random,PTT,RTT,6,0.2,1,2129,36,852,11,TargetOnly,arc labels,,0.5960609438870308,0.11267605633802817,0.2222222222222222
Left,random,PTT,RTT,6,0.2,1,2129,36,852,11,Source+Target,arc labels,,0.5617600998035781,0.02806122448979592,0.3055555555555556
Left,random,PTT,RTT,6,0.2,1,2129,36,852,11,COT,arc labels,,0.47452487126400167,0.015287769784172662,0.4722222222222222
Left,random,PTT,RTT,6,0.2,1,2129,36,852,11,none-HS4,arc labels,,0.4990377979508414,0.01674641148325359,0.19444444444444445
Left,random,PTT,RTT,6,0.2,1,2129,36,852,11,none-HSsrc,nothing,,0.5212547114721028,0.021538461538461538,0.19444444444444445
Left,random,PTT,RTT,6,0.2,1,2129,36,852,11,none-PCA,arc segments,16.0,0.5432990922121357,0.02564102564102564,0.25
Left,random,PTT,RTT,6,0.2,1,2129,36,852,11,QOTu-HS4,arc labels,,0.555303392259914,0.021608643457382955,0.5
Left,random,PTT,RTT,6,0.2,1,2129,36,852,11,QOTu-HSsrc,arc segments,,0.5150700748526835,0.01820388349514563,0.4166666666666667
Left,random,PTT,RTT,6,0.2,1,2129,36,852,11,QOTu-PCA,arc segments,16.0,0.5160256410256411,0.018292682926829267,0.4166666666666667
Left,random,PTT,RTT,6,0.2,1,2129,36,852,11,QOTc-HS4,arc labels,,0.602099591230026,0.06097560975609756,0.2777777777777778
Left,random,PTT,RTT,6,0.2,1,2129,36,852,11,QOTc-HSsrc,arc labels,,0.5060983702288051,0.0176,0.3055555555555556
Left,random,PTT,RTT,6,0.2,1,2129,36,852,11,QOTc-PCA,arc labels,64.0,0.54842198863938,0.053763440860215055,0.1388888888888889
Left,random,PTT,RTT,6,0.2,1,2129,36,852,11,SDM-HS4,arc labels,,0.6471770982640548,0.055350553505535055,0.4166666666666667
Left,random,PTT,RTT,6,0.2,1,2129,36,852,11,SDM-HSsrc,arc labels,,0.5181093061527844,0.01875901875901876,0.3611111111111111
Left,random,PTT,RTT,6,0.2,1,2129,36,852,11,SDM-PCA,arc labels,32.0,0.5478712109146892,0.02557544757033248,0.2777777777777778
Left,random,PTT,RTT,6,0.3,1,2129,36,1278,19,NoAdapt,nothing,,0.5988878271486967,0.033816425120772944,0.3888888888888889
Left,random,PTT,RTT,6,0.3,1,2129,36,1278,19,TargetOnly,arc labels,,0.5898497637628073,0.08247422680412371,0.2222222222222222
Left,random,PTT,RTT,6,0.3,1,2129,36,1278,19,Source+Target,arc labels,,0.56104342517386,0.027848101265822784,0.3055555555555556
Left,random,PTT,RTT,6,0.3,1,2129,36,1278,19,COT,arc labels,,0.501984126984127,0.016986301369863014,0.8611111111111112
Left,random,PTT,RTT,6,0.3,1,2129,36,1278,19,none-HS4,arc labels,,0.5073990019642194,0.018276762402088774,0.19444444444444445
Left,random,PTT,RTT,6,0.3,1,2129,36,1278,19,none-HSsrc,nothing,,0.5212547114721028,0.021538461538461538,0.19444444444444445
Left,random,PTT,RTT,6,0.3,1,2129,36,1278,19,none-PCA,arc segments,16.0,0.5490324892498806,0.027522935779816515,0.25
Left,random,PTT,RTT,6,0.3,1,2129,36,1278,19,QOTu-HS4,arc labels,,0.5679978234326061,0.02264600715137068,0.5277777777777778
Left,random,PTT,RTT,6,0.3,1,2129,36,1278,19,QOTu-HSsrc,arc segments,,0.5418922864575039,0.020481927710843374,0.4722222222222222
Left,random,PTT,RTT,6,0.3,1,2129,36,1278,19,QOTu-PCA,arc segments,16.0,0.5088588947284599,0.01764705882352941,0.4166666666666667
Left,random,PTT,RTT,6,0.3,1,2129,36,1278,19,QOTc-HS4,arc labels,,0.6171829378351117,0.06875,0.3055555555555556
Left,random,PTT,RTT,6,0.3,1,2129,36,1278,19,QOTc-HSsrc,arc labels,,0.5173594521420608,0.018838304552590265,0.3333333333333333
Left,random,PTT,RTT,6,0.3,1,2129,36,1278,19,QOTc-PCA,arc labels,64.0,0.5684158836332749,0.03278688524590164,0.2777777777777778
Left,random,PTT,RTT,6,0.3,1,2129,36,1278,19,SDM-HS4,arc labels,,0.6127103572755747,0.04377104377104377,0.3611111111111111
Left,random,PTT,RTT,6,0.3,1,2129,36,1278,19,SDM-HSsrc,arc labels,,0.5446262674523544,0.022336769759450172,0.3611111111111111
Left,random,PTT,RTT,6,0.3,1,2129,36,1278,19,SDM-PCA,arc labels,32.0,0.5245593778202474,0.01951951951951952,0.3611111111111111
Left,random,PTT,RTT,6,0.5,1,2129,36,2106,34,NoAdapt,nothing,,0.5988878271486967,0.033816425120772944,0.3888888888888889
Left,random,PTT,RTT,6,0.5,1,2129,36,2106,34,TargetOnly,arc labels,,0.5515275787014917,0.0625,0.1388888888888889
Left,random,PTT,RTT,6,0.5,1,2129,36,2106,34,Source+Target,arc labels,,0.5461989701120136,0.02512562814070352,0.2777777777777778
Left,random,PTT,RTT,6,0.5,1,2129,36,2106,34,COT,arc labels,,0.5392578436056696,0.019123505976095617,0.6666666666666666
Left,random,PTT,RTT,6,0.5,1,2129,36,2106,34,none-HS4,arc labels,,0.5069212188777407,0.01818181818181818,0.19444444444444445
Left,random,PTT,RTT,6,0.5,1,2129,36,2106,34,none-HSsrc,nothing,,0.5212547114721028,0.021538461538461538,0.19444444444444445
Left,random,PTT,RTT,6,0.5,1,2129,36,2106,34,none-PCA,arc segments,32.0,0.6067380686945905,0.040372670807453416,0.3611111111111111
Left,random,PTT,RTT,6,0.5,1,2129,36,2106,34,QOTu-HS4,arc labels,,0.5538700430004777,0.021454112038140644,0.5
Left,random,PTT,RTT,6,0.5,1,2129,36,2106,34,QOTu-HSsrc,arc segments,,0.5148311833094442,0.01818181818181818,0.4166666666666667
Left,random,PTT,RTT,6,0.5,1,2129,36,2106,34,QOTu-PCA,arc segments,16.0,0.49763099219620954,0.016722408026755852,0.4166666666666667
Left,random,PTT,RTT,6,0.5,1,2129,36,2106,34,QOTc-HS4,arc labels,,0.6193329617242661,0.0728476821192053,0.3055555555555556
Left,random,PTT,RTT,6,0.5,1,2129,36,2106,34,QOTc-HSsrc,arc labels,,0.5288262462175506,0.02037351443123939,0.3333333333333333
Left,random,PTT,RTT,6,0.5,1,2129,36,2106,34,QOTc-PCA,arc labels,32.0,0.5510829749960184,0.0425531914893617,0.16666666666666666
Left,random,PTT,RTT,6,0.5,1,2129,36,2106,34,SDM-HS4,arc labels,,0.6255773212294952,0.06521739130434782,0.3333333333333333
Left,random,PTT,RTT,6,0.5,1,2129,36,2106,34,SDM-HSsrc,arc labels,,0.5529542920847269,0.02459016393442623,0.3333333333333333
Left,random,PTT,RTT,6,0.5,1,2129,36,2106,34,SDM-PCA,arc labels,64.0,0.5373931623931625,0.022267206477732792,0.3055555555555556
Left,random,PTT,RTT,7,0.05,1,2129,35,213,2,NoAdapt,nothing,,0.6106153636239596,0.03137254901960784,0.45714285714285713
Left,random,PTT,RTT,7,0.05,1,2129,35,213,2,TargetOnly,arc labels,,0.5088211215718379,0.017316017316017316,0.34285714285714286
Left,random,PTT,RTT,7,0.05,1,2129,35,213,2,Source+Target,arc labels,,0.6005867103288307,0.028985507246376812,0.45714285714285713
Left,random,PTT,RTT,7,0.05,1,2129,35,213,2,COT,arc labels,,0.4771046527493519,0.01437908496732026,0.3142857142857143
Left,random,PTT,RTT,7,0.05,1,2129,35,213,2,none-HS4,arc labels,,0.5032541956610724,0.016913319238900635,0.22857142857142856
Left,random,PTT,RTT,7,0.05,1,2129,35,213,2,none-HSsrc,nothing,,0.5216400600354755,0.020202020202020204,0.22857142857142856
Left,random,PTT,RTT,7,0.05,1,2129,35,213,2,none-PCA,arc segments,16.0,0.5440032746623005,0.02358490566037736,0.2857142857142857
Left,random,PTT,RTT,7,0.05,1,2129,35,213,2,QOTu-HS4,arc labels,,0.5705348615090735,0.021384928716904276,0.6
Left,random,PTT,RTT,7,0.05,1,2129,35,213,2,QOTu-HSsrc,arc segments,,0.5812389139036703,0.022044088176352707,0.6285714285714286
Left,random,PTT,RTT,7,0.05,1,2129,35,213,2,QOTu-PCA,arc segments,32.0,0.5813617137399372,0.023312883435582823,0.5428571428571428
Left,random,PTT,RTT,7,0.05,1,2129,35,213,2,QOTc-HS4,arc labels,,0.5529949515622867,0.023622047244094488,0.34285714285714286
Left,random,PTT,RTT,7,0.05,1,2129,35,213,2,QOTc-HSsrc,arc labels,,0.5825556010369763,0.02345679012345679,0.5428571428571428
Left,random,PTT,RTT,7,0.05,1,2129,35,213,2,QOTc-PCA,arc labels,64.0,0.49247509892209035,0.014018691588785047,0.08571428571428572
Left,random,PTT,RTT,7,0.05,1,2129,35,213,2,SDM-HS4,arc labels,,0.5136444262518761,0.020242914979757085,0.14285714285714285
Left,random,PTT,RTT,7,0.05,1,2129,35,213,2,SDM-HSsrc,arc labels,,0.5420930549870377,0.023148148148148147,0.2857142857142857
Left,random,PTT,RTT,7,0.05,1,2129,35,213,2,SDM-PCA,arc labels,16.0,0.502981307136035,0.01764705882352941,0.08571428571428572
Left,random,PTT,RTT,7,0.1,1,2129,35,426,4,NoAdapt,nothing,,0.6106153636239596,0.03137254901960784,0.45714285714285713
Left,random,PTT,RTT,7,0.1,1,2129,35,426,4,TargetOnly,arc labels,,0.45426388320371125,0.012178619756427604,0.2571428571428571
Left,random,PTT,RTT,7,0.1,1,2129,35,426,4,Source+Target,arc labels,,0.5491745122117615,0.022900763358778626,0.34285714285714286
Left,random,PTT,RTT,7,0.1,1,2129,35,426,4,COT,arc labels,,0.43902305908036565,0.01078167115902965,0.22857142857142856
Left,random,PTT,RTT,7,0.1,1,2129,35,426,4,none-HS4,arc labels,,0.4666052667485332,0.01126126126126126,0.14285714285714285
Left,random,PTT,RTT,7,0.1,1,2129,35,426,4,none-HSsrc,nothing,,0.5216400600354755,0.020202020202020204,0.22857142857142856
Left,random,PTT,RTT,7,0.1,1,2129,35,426,4,none-PCA,arc segments,16.0,0.5561399918133443,0.02534562211981567,0.3142857142857143
Left,random,PTT,RTT,7,0.1,1,2129,35,426,4,QOTu-HS4,arc labels,,0.5719675262655205,0.02151639344262295,0.6
Left,random,PTT,RTT,7,0.1,1,2129,35,426,4,QOTu-HSsrc,arc segments,,0.5857756856324192,0.02247191011235955,0.6285714285714286
Left,random,PTT,RTT,7,0.1,1,2129,35,426,4,QOTu-PCA,arc segments,16.0,0.5121981170691773,0.017293997965412006,0.4857142857142857
Left,random,PTT,RTT,7,0.1,1,2129,35,426,4,QOTc-HS4,arc labels,,0.6473052258152545,0.03765690376569038,0.5142857142857142
Left,random,PTT,RTT,7,0.1,1,2129,35,426,4,QOTc-HSsrc,arc labels,,0.5139514258425433,0.01756440281030445,0.42857142857142855
Left,random,PTT,RTT,7,0.1,1,2129,35,426,4,QOTc-PCA,arc labels,32.0,0.4793423386546596,0.011152416356877323,0.08571428571428572
Left,random,PTT,RTT,7,0.1,1,2129,35,426,4,SDM-HS4,arc labels,,0.5701459953608952,0.026156941649899398,0.37142857142857144
Left,random,PTT,RTT,7,0.1,1,2129,35,426,4,SDM-HSsrc,arc labels,,0.5638968481375358,0.023972602739726026,0.4
Left,random,PTT,RTT,7,0.1,1,2129,35,426,4,SDM-PCA,arc labels,8.0,0.5158343566653022,0.022598870056497175,0.11428571428571428
Left,random,PTT,RTT,7,0.2,1,2129,35,852,15,NoAdapt,nothing,,0.6106153636239596,0.03137254901960784,0.45714285714285713
Left,random,PTT,RTT,7,0.2,1,2129,35,852,15,TargetOnly,arc labels,,0.5703097284759175,0.03557312252964427,0.2571428571428571
Left,random,PTT,RTT,7,0.2,1,2129,35,852,15,Source+Target,arc labels,,0.5859053076818119,0.030162412993039442,0.37142857142857144
Left,random,PTT,RTT,7,0.2,1,2129,35,852,15,COT,arc labels,,0.4402169463774048,0.010854816824966078,0.22857142857142856
Left,random,PTT,RTT,7,0.2,1,2129,35,852,15,none-HS4,arc labels,,0.5037317505798882,0.016985138004246284,0.22857142857142856
Left,random,PTT,RTT,7,0.2,1,2129,35,852,15,none-HSsrc,nothing,,0.5216400600354755,0.020202020202020204,0.22857142857142856
Left,random,PTT,RTT,7,0.2,1,2129,35,852,15,none-PCA,arc segments,16.0,0.5520807750034111,0.024390243902439025,0.3142857142857143
Left,random,PTT,RTT,7,0.2,1,2129,35,852,15,QOTu-HS4,arc labels,,0.5836266884977487,0.022267206477732792,0.6285714285714286
Left,random,PTT,RTT,7,0.2,1,2129,35,852,15,QOTu-HSsrc,arc segments,,0.5841042434165643,0.02231237322515213,0.6285714285714286
Left,random,PTT,RTT,7,0.2,1,2129,35,852,15,QOTu-PCA,arc segments,16.0,0.5309796698048848,0.018518518518518517,0.5428571428571428
Left,random,PTT,RTT,7,0.2,1,2129,35,852,15,QOTc-HS4,arc labels,,0.6288443170964662,0.04487179487179487,0.4
Left,random,PTT,RTT,7,0.2,1,2129,35,852,15,QOTc-HSsrc,arc labels,,0.5113658070678129,0.017412935323383085,0.4
Left,random,PTT,RTT,7,0.2,1,2129,35,852,15,QOTc-PCA,arc labels,64.0,0.46935461863828626,0.008,0.05714285714285714
Left,random,PTT,RTT,7,0.2,1,2129,35,852,15,SDM-HS4,arc labels,,0.6112907627234275,0.02992957746478873,0.4857142857142857
Left,random,PTT,RTT,7,0.2,1,2129,35,852,15,SDM-HSsrc,arc labels,,0.5480966025378633,0.02109704641350211,0.42857142857142855
Left,random,PTT,RTT,7,0.2,1,2129,35,852,15,SDM-PCA,arc labels,32.0,0.49593396097694087,0.015706806282722512,0.17142857142857143
Left,random,PTT,RTT,7,0.3,1,2129,35,1278,25,NoAdapt,nothing,,0.6106153636239596,0.03137254901960784,0.45714285714285713
Left,random,PTT,RTT,7,0.3,1,2129,35,1278,25,TargetOnly,arc labels,,0.577193341519989,0.03508771929824561,0.2857142857142857
Left,random,PTT,RTT,7,0.3,1,2129,35,1278,25,Source+Target,arc labels,,0.5899235912129894,0.029473684210526315,0.4
Left,random,PTT,RTT,7,0.3,1,2129,35,1278,25,COT,arc labels,,0.4824737344794652,0.015135135135135135,0.4
Left,random,PTT,RTT,7,0.3,1,2129,35,1278,25,none-HS4,arc labels,,0.5034929731204802,0.01694915254237288,0.22857142857142856
Left,random,PTT,RTT,7,0.3,1,2129,35,1278,25,none-HSsrc,nothing,,0.5216400600354755,0.020202020202020204,0.22857142857142856
Left,random,PTT,RTT,7,0.3,1,2129,35,1278,25,none-PCA,arc segments,16.0,0.5518419975440032,0.024336283185840708,0.3142857142857143
Left,random,PTT,RTT,7,0.3,1,2129,35,1278,25,QOTu-HS4,arc labels,,0.5717287488061127,0.021494370522006142,0.6
Left,random,PTT,RTT,7,0.3,1,2129,35,1278,25,QOTu-HSsrc,arc segments,,0.5843430208759721,0.02233502538071066,0.6285714285714286
Left,random,PTT,RTT,7,0.3,1,2129,35,1278,25,QOTu-PCA,arc segments,32.0,0.583033155955792,0.023514851485148515,0.5428571428571428
Left,random,PTT,RTT,7,0.3,1,2129,35,1278,25,QOTc-HS4,arc labels,,0.6318665575112566,0.03800475059382423,0.45714285714285713
Left,random,PTT,RTT,7,0.3,1,2129,35,1278,25,QOTc-HSsrc,arc labels,,0.5176149542911721,0.01813110181311018,0.37142857142857144
Left,random,PTT,RTT,7,0.3,1,2129,35,1278,25,QOTc-PCA,arc labels,32.0,0.5898485468686041,0.04310344827586207,0.2857142857142857
Left,random,PTT,RTT,7,0.3,1,2129,35,1278,25,SDM-HS4,arc labels,,0.5449924955655615,0.020718232044198894,0.42857142857142855
Left,random,PTT,RTT,7,0.3,1,2129,35,1278,25,SDM-HSsrc,arc labels,,0.5550211488606904,0.021994134897360705,0.42857142857142855
Left,random,PTT,RTT,7,0.3,1,2129,35,1278,25,SDM-PCA,arc labels,32.0,0.49000545777050075,0.014450867052023121,0.14285714285714285
Left,random,PTT,RTT,7,0.5,1,2129,35,2118,35,NoAdapt,nothing,,0.6106153636239596,0.03137254901960784,0.45714285714285713
Left,random,PTT,RTT,7,0.5,1,2129,35,2118,35,TargetOnly,arc labels,,0.5998362668849775,0.043824701195219126,0.3142857142857143
Left,random,PTT,RTT,7,0.5,1,2129,35,2118,35,Source+Target,arc labels,,0.5875358166189112,0.0288659793814433,0.4
Left,random,PTT,RTT,7,0.5,1,2129,35,2118,35,COT,arc labels,,0.47554918815663805,0.014675052410901468,0.4
Left,random,PTT,RTT,7,0.5,1,2129,35,2118,35,none-HS4,arc labels,,0.5020603083640333,0.016736401673640166,0.22857142857142856
Left,random,PTT,RTT,7,0.5,1,2129,35,2118,35,none-HSsrc,nothing,,0.5216400600354755,0.020202020202020204,0.22857142857142856
Left,random,PTT,RTT,7,0.5,1,2129,35,2118,35,none-PCA,arc segments,16.0,0.5570951016509755,0.02558139534883721,0.3142857142857143
Left,random,PTT,RTT,7,0.5,1,2129,35,2118,35,QOTu-HS4,arc labels,,0.5714899713467049,0.02147239263803681,0.6
Left,random,PTT,RTT,7,0.5,1,2129,35,2118,35,QOTu-HSsrc,arc segments,,0.5843430208759721,0.02233502538071066,0.6285714285714286
Left,random,PTT,RTT,7,0.5,1,2129,35,2118,35,QOTu-PCA,arc segments,32.0,0.5825556010369763,0.02345679012345679,0.5428571428571428
Left,random,PTT,RTT,7,0.5,1,2129,35,2118,35,QOTc-HS4,arc labels,,0.6266953199617956,0.04361370716510903,0.4
Left,random,PTT,RTT,7,0.5,1,2129,35,2118,35,QOTc-HSsrc,arc labels,,0.5321394460362943,0.019525801952580194,0.4
Left,random,PTT,RTT,7,0.5,1,2129,35,2118,35,QOTc-PCA,arc labels,32.0,0.5862668849774867,0.04048582995951417,0.2857142857142857
Left,random,PTT,RTT,7,0.5,1,2129,35,2118,35,SDM-HS4,arc labels,,0.5553008595988539,0.02258064516129032,0.4
Left,random,PTT,RTT,7,0.5,1,2129,35,2118,35,SDM-HSsrc,arc labels,,0.568392686587529,0.023961661341853034,0.42857142857142855
Left,random,PTT,RTT,7,0.5,1,2129,35,2118,35,SDM-PCA,arc labels,64.0,0.5083435666530223,0.017266187050359712,0.34285714285714286
Left,random,PTT,WRM,0,0.05,0,508,35,51,1,NoAdapt,nothing,,0.6367562669888251,0.10483870967741936,0.7428571428571429
Left,random,PTT,WRM,0,0.05,0,508,35,51,1,TargetOnly,arc labels,,,,
Left,random,PTT,WRM,0,0.05,0,508,35,51,1,Source+Target,arc labels,,,,
Left,random,PTT,WRM,0,0.05,0,508,35,51,1,COT,arc labels,,,,
Left,random,PTT,WRM,0,0.05,0,508,35,51,1,none-HS4,arc labels,,,,
Left,random,PTT,WRM,0,0.05,0,508,35,51,1,none-HSsrc,nothing,,0.5896103896103896,0.09947643979057591,0.5428571428571428
Left,random,PTT,WRM,0,0.05,0,508,35,51,1,none-PCA,arc segments,32.0,0.41917849592268197,0.025,0.08571428571428572
Left,random,PTT,WRM,0,0.05,0,508,35,51,1,QOTu-HS4,arc labels,,,,
Left,random,PTT,WRM,0,0.05,0,508,35,51,1,QOTu-HSsrc,arc segments,,0.6007550588945938,0.09821428571428571,0.6285714285714286
Left,random,PTT,WRM,0,0.05,0,508,35,51,1,QOTu-PCA,arc segments,64.0,0.5547870733917246,0.08156028368794327,0.6571428571428571
Left,random,PTT,WRM,0,0.05,0,508,35,51,1,QOTc-HS4,arc labels,,,,
Left,random,PTT,WRM,0,0.05,0,508,35,51,1,QOTc-HSsrc,arc labels,,,,
Left,random,PTT,WRM,0,0.05,0,508,35,51,1,QOTc-PCA,arc labels,,,,
Left,random,PTT,WRM,0,0.05,0,508,35,51,1,SDM-HS4,arc labels,,,,
Left,random,PTT,WRM,0,0.05,0,508,35,51,1,SDM-HSsrc,arc labels,,,,
Left,random,PTT,WRM,0,0.05,0,508,35,51,1,SDM-PCA,arc labels,,,,
Left,random,PTT,WRM,0,0.1,1,508,35,102,2,NoAdapt,nothing,,0.6367562669888251,0.10483870967741936,0.7428571428571429
Left,random,PTT,WRM,0,0.1,1,508,35,102,2,TargetOnly,arc labels,,0.49948655995167623,0.06666666666666667,0.02857142857142857
Left,random,PTT,WRM,0,0.1,1,508,35,102,2,Source+Target,arc labels,,0.6187254605859257,0.10628019323671498,0.6285714285714286
Left,random,PTT,WRM,0,0.1,1,508,35,102,2,COT,arc labels,,0.5282090003020236,0.08024691358024691,0.37142857142857144
Left,random,PTT,WRM,0,0.1,1,508,35,102,2,none-HS4,arc labels,,0.6113258834189066,0.102803738317757,0.6285714285714286
Left,random,PTT,WRM,0,0.1,1,508,35,102,2,none-HSsrc,nothing,,0.5896103896103896,0.09947643979057591,0.5428571428571428
Left,random,PTT,WRM,0,0.1,1,508,35,102,2,none-PCA,arc segments,32.0,0.41917849592268197,0.025,0.08571428571428572
Left,random,PTT,WRM,0,0.1,1,508,35,102,2,QOTu-HS4,arc labels,,0.5827846572032618,0.0912863070539419,0.6285714285714286
Left,random,PTT,WRM,0,0.1,1,508,35,102,2,QOTu-HSsrc,arc segments,,0.6060404711567502,0.1004566210045662,0.6285714285714286
Left,random,PTT,WRM,0,0.1,1,508,35,102,2,QOTu-PCA,arc segments,64.0,0.466868015705225,0.05759162303664921,0.3142857142857143
Left,random,PTT,WRM,0,0.1,1,508,35,102,2,QOTc-HS4,arc labels,,0.5259438236182422,0.15789473684210525,0.08571428571428572
Left,random,PTT,WRM,0,0.1,1,508,35,102,2,QOTc-HSsrc,arc labels,,0.48794926004228334,0.061946902654867256,0.2
Left,random,PTT,WRM,0,0.1,1,508,35,102,2,QOTc-PCA,arc labels,32.0,0.50265780730897,0.08333333333333333,0.02857142857142857
Left,random,PTT,WRM,0,0.1,1,508,35,102,2,SDM-HS4,arc labels,,0.544548474781033,0.0970873786407767,0.2857142857142857
Left,random,PTT,WRM,0,0.1,1,508,35,102,2,SDM-HSsrc,arc labels,,0.5218967079432195,0.07614213197969544,0.42857142857142855
Left,random,PTT,WRM,0,0.1,1,508,35,102,2,SDM-PCA,arc labels,8.0,0.49855028692237996,0.06818181818181818,0.2571428571428571
Left,random,PTT,WRM,0,0.2,1,508,35,203,4,NoAdapt,nothing,,0.6367562669888251,0.10483870967741936,0.7428571428571429
Left,random,PTT,WRM,0,0.2,1,508,35,203,4,TargetOnly,arc labels,,0.5063726970703715,0.08695652173913043,0.05714285714285714
Left,random,PTT,WRM,0,0.2,1,508,35,203,4,Source+Target,arc labels,,0.6324373301117487,0.12121212121212122,0.5714285714285714
Left,random,PTT,WRM,0,0.2,1,508,35,203,4,COT,arc labels,,0.5260042283298098,0.09090909090909091,0.2
Left,random,PTT,WRM,0,0.2,1,508,35,203,4,none-HS4,arc labels,,0.6102688009664754,0.10232558139534884,0.6285714285714286
Left,random,PTT,WRM,0,0.2,1,508,35,203,4,none-HSsrc,nothing,,0.5896103896103896,0.09947643979057591,0.5428571428571428
Left,random,PTT,WRM,0,0.2,1,508,35,203,4,none-PCA,arc segments,32.0,0.41917849592268197,0.025,0.08571428571428572
Left,random,PTT,WRM,0,0.2,1,508,35,203,4,QOTu-HS4,arc labels,,0.6203563877982483,0.10040160642570281,0.7142857142857143
Left,random,PTT,WRM,0,0.2,1,508,35,203,4,QOTu-HSsrc,arc segments,,0.5949562065841136,0.0942622950819672,0.6571428571428571
Left,random,PTT,WRM,0,0.2,1,508,35,203,4,QOTu-PCA,arc segments,32.0,0.4679250981576563,0.05789473684210526,0.3142857142857143
Left,random,PTT,WRM,0,0.2,1,508,35,203,4,QOTc-HS4,arc labels,,0.5301721534279674,0.2,0.08571428571428572
Left,random,PTT,WRM,0,0.2,1,508,35,203,4,QOTc-HSsrc,arc labels,,0.5409845967985503,0.08016877637130802,0.5428571428571428
Left,random,PTT,WRM,0,0.2,1,508,35,203,4,QOTc-PCA,arc labels,32.0,0.5185442464512232,0.11538461538461539,0.08571428571428572
Left,random,PTT,WRM,0,0.2,1,508,35,203,4,SDM-HS4,arc labels,,0.5614919963757172,0.10344827586206896,0.34285714285714286
Left,random,PTT,WRM,0,0.2,1,508,35,203,4,SDM-HSsrc,arc labels,,0.5378133494412565,0.07916666666666666,0.5428571428571428
Left,random,PTT,WRM,0,0.2,1,508,35,203,4,SDM-PCA,arc labels,32.0,0.4451223195409242,0.04316546762589928,0.17142857142857143
Left,random,PTT,WRM,0,0.3,1,508,35,305,8,NoAdapt,nothing,,0.6367562669888251,0.10483870967741936,0.7428571428571429
Left,random,PTT,WRM,0,0.3,1,508,35,305,8,TargetOnly,arc labels,,0.4619450317124736,0.0,0.0
Left,random,PTT,WRM,0,0.3,1,508,35,305,8,Source+Target,arc labels,,0.6096345514950166,0.13157894736842105,0.42857142857142855
Left,random,PTT,WRM,0,0.3,1,508,35,305,8,COT,arc labels,,0.4562367864693446,0.04895104895104895,0.2
Left,random,PTT,WRM,0,0.3,1,508,35,305,8,none-HS4,arc labels,,0.6033826638477802,0.10144927536231885,0.6
Left,random,PTT,WRM,0,0.3,1,508,35,305,8,none-HSsrc,nothing,,0.5896103896103896,0.09947643979057591,0.5428571428571428
Left,random,PTT,WRM,0,0.3,1,508,35,305,8,none-PCA,arc segments,32.0,0.41917849592268197,0.025,0.08571428571428572
Left,random,PTT,WRM,0,0.3,1,508,35,305,8,QOTu-HS4,arc labels,,0.6404409543944427,0.10869565217391304,0.7142857142857143
Left,random,PTT,WRM,0,0.3,1,508,35,305,8,QOTu-HSsrc,arc segments,,0.6108124433705828,0.10043668122270742,0.6571428571428571
Left,random,PTT,WRM,0,0.3,1,508,35,305,8,QOTu-PCA,arc segments,32.0,0.4880096647538508,0.06432748538011696,0.3142857142857143
Left,random,PTT,WRM,0,0.3,1,508,35,305,8,QOTc-HS4,arc labels,,0.5000302023557838,0.06896551724137931,0.05714285714285714
Left,random,PTT,WRM,0,0.3,1,508,35,305,8,QOTc-HSsrc,arc labels,,0.5430987617034129,0.08085106382978724,0.5428571428571428
Left,random,PTT,WRM,0,0.3,1,508,35,305,8,QOTc-PCA,arc labels,64.0,0.44560555723346423,0.031578947368421054,0.08571428571428572
Left,random,PTT,WRM,0,0.3,1,508,35,305,8,SDM-HS4,arc labels,,0.5334340078526125,0.09090909090909091,0.2571428571428571
Left,random,PTT,WRM,0,0.3,1,508,35,305,8,SDM-HSsrc,arc labels,,0.5970703714889761,0.09504132231404959,0.6571428571428571
Left,random,PTT,WRM,0,0.3,1,508,35,305,8,SDM-PCA,arc labels,16.0,0.5271519178495923,0.07975460122699386,0.37142857142857144
Left,random,PTT,WRM,0,0.5,1,508,35,498,14,NoAdapt,nothing,,0.6367562669888251,0.10483870967741936,0.7428571428571429
Left,random,PTT,WRM,0,0.5,1,508,35,498,14,TargetOnly,arc labels,,0.4709755360918152,0.04225352112676056,0.08571428571428572
Left,random,PTT,WRM,0,0.5,1,508,35,498,14,Source+Target,arc labels,,0.5921473874962246,0.13793103448275862,0.34285714285714286
Left,random,PTT,WRM,0,0.5,1,508,35,498,14,COT,arc labels,,0.4399879190576865,0.05536332179930796,0.45714285714285713
Left,random,PTT,WRM,0,0.5,1,508,35,498,14,none-HS4,arc labels,,0.6033826638477802,0.10144927536231885,0.6
Left,random,PTT,WRM,0,0.5,1,508,35,498,14,none-HSsrc,nothing,,0.5896103896103896,0.09947643979057591,0.5428571428571428
Left,random,PTT,WRM,0,0.5,1,508,35,498,14,none-PCA,arc segments,32.0,0.41917849592268197,0.025,0.08571428571428572
Left,random,PTT,WRM,0,0.5,1,508,35,498,14,QOTu-HS4,arc labels,,0.6108426457263667,0.09689922480620156,0.7142857142857143
Left,random,PTT,WRM,0,0.5,1,508,35,498,14,QOTu-HSsrc,arc segments,,0.6372697070371489,0.1072961373390558,0.7142857142857143
Left,random,PTT,WRM,0,0.5,1,508,35,498,14,QOTu-PCA,arc segments,32.0,0.48906674720628207,0.06470588235294118,0.3142857142857143
Left,random,PTT,WRM,0,0.5,1,508,35,498,14,QOTc-HS4,arc labels,,0.5280579885231048,0.17647058823529413,0.08571428571428572
Left,random,PTT,WRM,0,0.5,1,508,35,498,14,QOTc-HSsrc,arc labels,,0.5997281787979463,0.09448818897637795,0.6857142857142857
Left,random,PTT,WRM,0,0.5,1,508,35,498,14,QOTc-PCA,arc labels,64.0,0.48737541528239203,0.05714285714285714,0.11428571428571428
Left,random,PTT,WRM,0,0.5,1,508,35,498,14,SDM-HS4,arc labels,,0.5699486559951676,0.1111111111111111,0.34285714285714286
Left,random,PTT,WRM,0,0.5,1,508,35,498,14,SDM-HSsrc,arc labels,,0.5949562065841136,0.0942622950819672,0.6571428571428571
Left,random,PTT,WRM,0,0.5,1,508,35,498,14,SDM-PCA,arc labels,32.0,0.553035336756267,0.0967741935483871,0.34285714285714286
Left,random,PTT,WRM,1,0.05,1,508,24,51,3,NoAdapt,nothing,,0.706267217630854,0.08270676691729323,0.9166666666666666
Left,random,PTT,WRM,1,0.05,1,508,24,51,3,TargetOnly,arc labels,,0.49173553719008267,0.0,0.0
Left,random,PTT,WRM,1,0.05,1,508,24,51,3,Source+Target,arc labels,,0.6652892561983471,0.08144796380090498,0.75
Left,random,PTT,WRM,1,0.05,1,508,24,51,3,COT,arc labels,,0.5654269972451791,0.05555555555555555,0.8333333333333334
Left,random,PTT,WRM,1,0.05,1,508,24,51,3,none-HS4,arc labels,,0.6527203856749311,0.08018867924528301,0.7083333333333334
Left,random,PTT,WRM,1,0.05,1,508,24,51,3,none-HSsrc,nothing,,0.6463498622589532,0.08121827411167512,0.6666666666666666
Left,random,PTT,WRM,1,0.05,1,508,24,51,3,none-PCA,arc segments,32.0,0.45420110192837465,0.031007751937984496,0.16666666666666666
Left,random,PTT,WRM,1,0.05,1,508,24,51,3,QOTu-HS4,arc labels,,0.6947314049586777,0.08203125,0.875
Left,random,PTT,WRM,1,0.05,1,508,24,51,3,QOTu-HSsrc,arc segments,,0.7112603305785123,0.0875,0.875
Left,random,PTT,WRM,1,0.05,1,508,24,51,3,QOTu-PCA,arc segments,16.0,0.603133608815427,0.06538461538461539,0.7083333333333334
Left,random,PTT,WRM,1,0.05,1,508,24,51,3,QOTc-HS4,arc labels,,0.49793388429752067,0.0,0.0
Left,random,PTT,WRM,1,0.05,1,508,24,51,3,QOTc-HSsrc,arc labels,,0.6320592286501377,0.07327586206896551,0.7083333333333334
Left,random,PTT,WRM,1,0.05,1,508,24,51,3,QOTc-PCA,arc labels,64.0,0.4989669421487603,0.0,0.0
Left,random,PTT,WRM,1,0.05,1,508,24,51,3,SDM-HS4,arc labels,,0.49793388429752067,0.0,0.0
Left,random,PTT,WRM,1,0.05,1,508,24,51,3,SDM-HSsrc,arc labels,,0.6299931129476584,0.07264957264957266,0.7083333333333334
Left,random,PTT,WRM,1,0.05,1,508,24,51,3,SDM-PCA,arc labels,16.0,0.4731404958677686,0.0,0.0
Left,random,PTT,WRM,1,0.1,1,508,24,102,3,NoAdapt,nothing,,0.706267217630854,0.08270676691729323,0.9166666666666666
Left,random,PTT,WRM,1,0.1,1,508,24,102,3,TargetOnly,arc labels,,0.49173553719008267,0.0,0.0
Left,random,PTT,WRM,1,0.1,1,508,24,102,3,Source+Target,arc labels,,0.6776859504132231,0.0861244019138756,0.75
Left,random,PTT,WRM,1,0.1,1,508,24,102,3,COT,arc labels,,0.4340564738292011,0.011764705882352941,0.041666666666666664
Left,random,PTT,WRM,1,0.1,1,508,24,102,3,none-HS4,arc labels,,0.6527203856749311,0.08018867924528301,0.7083333333333334
Left,random,PTT,WRM,1,0.1,1,508,24,102,3,none-HSsrc,nothing,,0.6463498622589532,0.08121827411167512,0.6666666666666666
Left,random,PTT,WRM,1,0.1,1,508,24,102,3,none-PCA,arc segments,32.0,0.45316804407713496,0.03076923076923077,0.16666666666666666
Left,random,PTT,WRM,1,0.1,1,508,24,102,3,QOTu-HS4,arc labels,,0.6761363636363636,0.07664233576642336,0.875
Left,random,PTT,WRM,1,0.1,1,508,24,102,3,QOTu-HSsrc,arc segments,,0.6988636363636364,0.08333333333333333,0.875
Left,random,PTT,WRM,1,0.1,1,508,24,102,3,QOTu-PCA,arc segments,64.0,0.5284090909090908,0.05521472392638037,0.375
Left,random,PTT,WRM,1,0.1,1,508,24,102,3,QOTc-HS4,arc labels,,0.496900826446281,0.0,0.0
Left,random,PTT,WRM,1,0.1,1,508,24,102,3,QOTc-HSsrc,arc labels,,0.6299931129476584,0.07264957264957266,0.7083333333333334
Left,random,PTT,WRM,1,0.1,1,508,24,102,3,QOTc-PCA,arc labels,32.0,0.4989669421487603,0.0,0.0
Left,random,PTT,WRM,1,0.1,1,508,24,102,3,SDM-HS4,arc labels,,0.49793388429752067,0.0,0.0
Left,random,PTT,WRM,1,0.1,1,508,24,102,3,SDM-HSsrc,arc labels,,0.615530303030303,0.06854838709677419,0.7083333333333334
Left,random,PTT,WRM,1,0.1,1,508,24,102,3,SDM-PCA,arc labels,64.0,0.5884986225895317,0.07936507936507936,0.4166666666666667
Left,random,PTT,WRM,1,0.2,1,508,24,203,10,NoAdapt,nothing,,0.706267217630854,0.08270676691729323,0.9166666666666666
Left,random,PTT,WRM,1,0.2,1,508,24,203,10,TargetOnly,arc labels,,0.4511019283746557,0.03861003861003861,0.4166666666666667
Left,random,PTT,WRM,1,0.2,1,508,24,203,10,Source+Target,arc labels,,0.712465564738292,0.08461538461538462,0.9166666666666666
Left,random,PTT,WRM,1,0.2,1,508,24,203,10,COT,arc labels,,0.4455922865013774,0.04011461318051576,0.5833333333333334
Left,random,PTT,WRM,1,0.2,1,508,24,203,10,none-HS4,arc labels,,0.6527203856749311,0.08018867924528301,0.7083333333333334
Left,random,PTT,WRM,1,0.2,1,508,24,203,10,none-HSsrc,nothing,,0.6463498622589532,0.08121827411167512,0.6666666666666666
Left,random,PTT,WRM,1,0.2,1,508,24,203,10,none-PCA,arc segments,32.0,0.45316804407713496,0.03076923076923077,0.16666666666666666
Left,random,PTT,WRM,1,0.2,1,508,24,203,10,QOTu-HS4,arc labels,,0.6761363636363636,0.07664233576642336,0.875
Left,random,PTT,WRM,1,0.2,1,508,24,203,10,QOTu-HSsrc,arc segments,,0.6978305785123967,0.08300395256916997,0.875
Left,random,PTT,WRM,1,0.2,1,508,24,203,10,QOTu-PCA,arc segments,16.0,0.6418732782369146,0.06993006993006994,0.8333333333333334
Left,random,PTT,WRM,1,0.2,1,508,24,203,10,QOTc-HS4,arc labels,,0.5301308539944903,0.058823529411764705,0.2916666666666667
Left,random,PTT,WRM,1,0.2,1,508,24,203,10,QOTc-HSsrc,arc labels,,0.5423553719008265,0.052941176470588235,0.75
Left,random,PTT,WRM,1,0.2,1,508,24,203,10,QOTc-PCA,arc labels,64.0,0.5526859504132231,0.07894736842105263,0.25
Left,random,PTT,WRM,1,0.2,1,508,24,203,10,SDM-HS4,arc labels,,0.5742079889807162,0.06832298136645963,0.4583333333333333
Left,random,PTT,WRM,1,0.2,1,508,24,203,10,SDM-HSsrc,arc labels,,0.5120523415977961,0.04892966360856269,0.6666666666666666
Left,random,PTT,WRM,1,0.2,1,508,24,203,10,SDM-PCA,arc labels,64.0,0.37431129476584024,0.027491408934707903,0.3333333333333333
Left,random,PTT,WRM,1,0.3,1,508,24,305,17,NoAdapt,nothing,,0.706267217630854,0.08270676691729323,0.9166666666666666
Left,random,PTT,WRM,1,0.3,1,508,24,305,17,TargetOnly,arc labels,,0.47090220385674936,0.03731343283582089,0.20833333333333334
Left,random,PTT,WRM,1,0.3,1,508,24,305,17,Source+Target,arc labels,,0.7019628099173554,0.08433734939759036,0.875
Left,random,PTT,WRM,1,0.3,1,508,24,305,17,COT,arc labels,,0.47968319559228656,0.04430379746835443,0.5833333333333334
Left,random,PTT,WRM,1,0.3,1,508,24,305,17,none-HS4,arc labels,,0.6527203856749311,0.08018867924528301,0.7083333333333334
Left,random,PTT,WRM,1,0.3,1,508,24,305,17,none-HSsrc,nothing,,0.6463498622589532,0.08121827411167512,0.6666666666666666
Left,random,PTT,WRM,1,0.3,1,508,24,305,17,none-PCA,arc segments,32.0,0.45316804407713496,0.03076923076923077,0.16666666666666666
Left,random,PTT,WRM,1,0.3,1,508,24,305,17,QOTu-HS4,arc labels,,0.6709710743801653,0.07526881720430108,0.875
Left,random,PTT,WRM,1,0.3,1,508,24,305,17,QOTu-HSsrc,arc segments,,0.6771694214876033,0.07692307692307693,0.875
Left,random,PTT,WRM,1,0.3,1,508,24,305,17,QOTu-PCA,arc segments,64.0,0.5387396694214877,0.058823529411764705,0.375
Left,random,PTT,WRM,1,0.3,1,508,24,305,17,QOTc-HS4,arc labels,,0.5389118457300276,0.0851063829787234,0.16666666666666666
Left,random,PTT,WRM,1,0.3,1,508,24,305,17,QOTc-HSsrc,arc labels,,0.4991391184573003,0.04697986577181208,0.2916666666666667
Left,random,PTT,WRM,1,0.3,1,508,24,305,17,QOTc-PCA,arc labels,64.0,0.5568181818181819,0.08333333333333333,0.25
Left,random,PTT,WRM,1,0.3,1,508,24,305,17,SDM-HS4,arc labels,,0.640495867768595,0.1016949152542373,0.5
Left,random,PTT,WRM,1,0.3,1,508,24,305,17,SDM-HSsrc,arc labels,,0.5850550964187329,0.06542056074766354,0.5833333333333334
Left,random,PTT,WRM,1,0.3,1,508,24,305,17,SDM-PCA,arc labels,64.0,0.3837809917355372,0.0297029702970297,0.375
Left,random,PTT,WRM,1,0.5,1,508,24,487,30,NoAdapt,nothing,,0.706267217630854,0.08270676691729323,0.9166666666666666
Left,random,PTT,WRM,1,0.5,1,508,24,487,30,TargetOnly,arc labels,,0.696969696969697,0.08,0.9166666666666666
Left,random,PTT,WRM,1,0.5,1,508,24,487,30,Source+Target,arc labels,,0.7207300275482094,0.0873015873015873,0.9166666666666666
Left,random,PTT,WRM,1,0.5,1,508,24,487,30,COT,arc labels,,0.6182851239669421,0.06363636363636363,0.875
Left,random,PTT,WRM,1,0.5,1,508,24,487,30,none-HS4,arc labels,,0.6527203856749311,0.08018867924528301,0.7083333333333334
Left,random,PTT,WRM,1,0.5,1,508,24,487,30,none-HSsrc,nothing,,0.6463498622589532,0.08121827411167512,0.6666666666666666
Left,random,PTT,WRM,1,0.5,1,508,24,487,30,none-PCA,arc segments,32.0,0.45316804407713496,0.03076923076923077,0.16666666666666666
Left,random,PTT,WRM,1,0.5,1,508,24,487,30,QOTu-HS4,arc labels,,0.6771694214876033,0.07692307692307693,0.875
Left,random,PTT,WRM,1,0.5,1,508,24,487,30,QOTu-HSsrc,arc segments,,0.678202479338843,0.07720588235294118,0.875
Left,random,PTT,WRM,1,0.5,1,508,24,487,30,QOTu-PCA,arc segments,64.0,0.5418388429752066,0.06,0.375
Left,random,PTT,WRM,1,0.5,1,508,24,487,30,QOTc-HS4,arc labels,,0.7584366391184573,0.125,0.7916666666666666
Left,random,PTT,WRM,1,0.5,1,508,24,487,30,QOTc-HSsrc,arc labels,,0.6368801652892562,0.0673076923076923,0.875
Left,random,PTT,WRM,1,0.5,1,508,24,487,30,QOTc-PCA,arc labels,32.0,0.6485881542699725,0.0787037037037037,0.7083333333333334
Left,random,PTT,WRM,1,0.5,1,508,24,487,30,SDM-HS4,arc labels,,0.7419077134986225,0.1130952380952381,0.7916666666666666
Left,random,PTT,WRM,1,0.5,1,508,24,487,30,SDM-HSsrc,arc labels,,0.650137741046832,0.07194244604316546,0.8333333333333334
Left,random,PTT,WRM,1,0.5,1,508,24,487,30,SDM-PCA,arc labels,64.0,0.5745523415977961,0.05757575757575758,0.7916666666666666
Left,random,PTT,WRM,2,0.05,1,508,24,51,4,NoAdapt,nothing,,0.6845730027548209,0.07665505226480836,0.9166666666666666
Left,random,PTT,WRM,2,0.05,1,508,24,51,4,TargetOnly,arc labels,,0.5165289256198347,0.05405405405405406,0.25
Left,random,PTT,WRM,2,0.05,1,508,24,51,4,Source+Target,arc labels,,0.6928374655647382,0.07885304659498207,0.9166666666666666
Left,random,PTT,WRM,2,0.05,1,508,24,51,4,COT,arc labels,,0.5118801652892562,0.05027932960893855,0.375
Left,random,PTT,WRM,2,0.05,1,508,24,51,4,none-HS4,arc labels,,0.7083333333333333,0.08333333333333333,0.9166666666666666
Left,random,PTT,WRM,2,0.05,1,508,24,51,4,none-HSsrc,nothing,,0.6287878787878788,0.07476635514018691,0.6666666666666666
Left,random,PTT,WRM,2,0.05,1,508,24,51,4,none-PCA,arc segments,16.0,0.5549242424242424,0.07368421052631578,0.2916666666666667
Left,random,PTT,WRM,2,0.05,1,508,24,51,4,QOTu-HS4,arc labels,,0.6554752066115702,0.07142857142857142,0.875
Left,random,PTT,WRM,2,0.05,1,508,24,51,4,QOTu-HSsrc,arc segments,,0.6616735537190083,0.07291666666666667,0.875
Left,random,PTT,WRM,2,0.05,1,508,24,51,4,QOTu-PCA,arc segments,16.0,0.6484159779614325,0.06832298136645963,0.9166666666666666
Left,random,PTT,WRM,2,0.05,1,508,24,51,4,QOTc-HS4,arc labels,,0.5704201101928374,0.06280193236714976,0.5416666666666666
Left,random,PTT,WRM,2,0.05,1,508,24,51,4,QOTc-HSsrc,arc labels,,0.6146694214876033,0.06666666666666667,0.75
Left,random,PTT,WRM,2,0.05,1,508,24,51,4,QOTc-PCA,arc labels,32.0,0.5673209366391184,0.08433734939759036,0.2916666666666667
Left,random,PTT,WRM,2,0.05,1,508,24,51,4,SDM-HS4,arc labels,,0.5926308539944903,0.0642570281124498,0.6666666666666666
Left,random,PTT,WRM,2,0.05,1,508,24,51,4,SDM-HSsrc,arc labels,,0.6322314049586777,0.07114624505928854,0.75
Left,random,PTT,WRM,2,0.05,1,508,24,51,4,SDM-PCA,arc labels,16.0,0.5445936639118457,0.06666666666666667,0.2916666666666667
Left,random,PTT,WRM,2,0.1,1,508,24,102,8,NoAdapt,nothing,,0.6845730027548209,0.07665505226480836,0.9166666666666666
Left,random,PTT,WRM,2,0.1,1,508,24,102,8,TargetOnly,arc labels,,0.7525826446280992,0.105,0.875
Left,random,PTT,WRM,2,0.1,1,508,24,102,8,Source+Target,arc labels,,0.6887052341597796,0.07773851590106007,0.9166666666666666
Left,random,PTT,WRM,2,0.1,1,508,24,102,8,COT,arc labels,,0.7236570247933884,0.09210526315789473,0.875
Left,random,PTT,WRM,2,0.1,1,508,24,102,8,none-HS4,arc labels,,0.6351584022038568,0.07423580786026202,0.7083333333333334
Left,random,PTT,WRM,2,0.1,1,508,24,102,8,none-HSsrc,nothing,,0.6287878787878788,0.07476635514018691,0.6666666666666666
Left,random,PTT,WRM,2,0.1,1,508,24,102,8,none-PCA,arc segments,16.0,0.5549242424242424,0.07368421052631578,0.2916666666666667
Left,random,PTT,WRM,2,0.1,1,508,24,102,8,QOTu-HS4,arc labels,,0.6206955922865014,0.062162162162162166,0.9583333333333334
Left,random,PTT,WRM,2,0.1,1,508,24,102,8,QOTu-HSsrc,arc segments,,0.6361914600550964,0.0647887323943662,0.9583333333333334
Left,random,PTT,WRM,2,0.1,1,508,24,102,8,QOTu-PCA,arc segments,16.0,0.6236225895316805,0.06358381502890173,0.9166666666666666
Left,random,PTT,WRM,2,0.1,1,508,24,102,8,QOTc-HS4,arc labels,,0.7424242424242424,0.09523809523809523,0.9166666666666666
Left,random,PTT,WRM,2,0.1,1,508,24,102,8,QOTc-HSsrc,arc labels,,0.5809228650137741,0.057971014492753624,0.8333333333333334
Left,random,PTT,WRM,2,0.1,1,508,24,102,8,QOTc-PCA,arc labels,64.0,0.4994834710743802,0.046875,0.125
Left,random,PTT,WRM,2,0.1,1,508,24,102,8,SDM-HS4,arc labels,,0.7186639118457301,0.08661417322834646,0.9166666666666666
Left,random,PTT,WRM,2,0.1,1,508,24,102,8,SDM-HSsrc,arc labels,,0.6067493112947658,0.0625,0.8333333333333334
Left,random,PTT,WRM,2,0.1,1,508,24,102,8,SDM-PCA,arc labels,32.0,0.48261019283746553,0.04242424242424243,0.2916666666666667
Left,random,PTT,WRM,2,0.2,1,508,24,203,14,NoAdapt,nothing,,0.6845730027548209,0.07665505226480836,0.9166666666666666
Left,random,PTT,WRM,2,0.2,1,508,24,203,14,TargetOnly,arc labels,,0.7085055096418733,0.08070175438596491,0.9583333333333334
Left,random,PTT,WRM,2,0.2,1,508,24,203,14,Source+Target,arc labels,,0.6856060606060606,0.07692307692307693,0.9166666666666666
Left,random,PTT,WRM,2,0.2,1,508,24,203,14,COT,arc labels,,0.6234504132231404,0.06461538461538462,0.875
Left,random,PTT,WRM,2,0.2,1,508,24,203,14,none-HS4,arc labels,,0.6351584022038568,0.07423580786026202,0.7083333333333334
Left,random,PTT,WRM,2,0.2,1,508,24,203,14,none-HSsrc,nothing,,0.6287878787878788,0.07476635514018691,0.6666666666666666
Left,random,PTT,WRM,2,0.2,1,508,24,203,14,none-PCA,arc segments,16.0,0.5538911845730028,0.07291666666666667,0.2916666666666667
Left,random,PTT,WRM,2,0.2,1,508,24,203,14,QOTu-HS4,arc labels,,0.6246556473829201,0.06376811594202898,0.9166666666666666
Left,random,PTT,WRM,2,0.2,1,508,24,203,14,QOTu-HSsrc,arc segments,,0.6318870523415978,0.0650887573964497,0.9166666666666666
Left,random,PTT,WRM,2,0.2,1,508,24,203,14,QOTu-PCA,arc segments,16.0,0.6411845730027548,0.0668693009118541,0.9166666666666666
Left,random,PTT,WRM,2,0.2,1,508,24,203,14,QOTc-HS4,arc labels,,0.6701101928374655,0.07308970099667775,0.9166666666666666
Left,random,PTT,WRM,2,0.2,1,508,24,203,14,QOTc-HSsrc,arc labels,,0.6038223140495868,0.061046511627906974,0.875
Left,random,PTT,WRM,2,0.2,1,508,24,203,14,QOTc-PCA,arc labels,64.0,0.4519628099173554,0.02727272727272727,0.125
Left,random,PTT,WRM,2,0.2,1,508,24,203,14,SDM-HS4,arc labels,,0.6368801652892562,0.0673076923076923,0.875
Left,random,PTT,WRM,2,0.2,1,508,24,203,14,SDM-HSsrc,arc labels,,0.5995179063360881,0.06116207951070336,0.8333333333333334
Left,random,PTT,WRM,2,0.2,1,508,24,203,14,SDM-PCA,arc labels,32.0,0.4734848484848485,0.041025641025641026,0.3333333333333333
Left,random,PTT,WRM,2,0.3,1,508,24,305,21,NoAdapt,nothing,,0.6845730027548209,0.07665505226480836,0.9166666666666666
Left,random,PTT,WRM,2,0.3,1,508,24,305,21,TargetOnly,arc labels,,0.6768250688705234,0.08225108225108226,0.7916666666666666
Left,random,PTT,WRM,2,0.3,1,508,24,305,21,Source+Target,arc labels,,0.6835399449035813,0.0763888888888889,0.9166666666666666
Left,random,PTT,WRM,2,0.3,1,508,24,305,21,COT,arc labels,,0.6306818181818181,0.0660377358490566,0.875
Left,random,PTT,WRM,2,0.3,1,508,24,305,21,none-HS4,arc labels,,0.6351584022038568,0.07423580786026202,0.7083333333333334
Left,random,PTT,WRM,2,0.3,1,508,24,305,21,none-HSsrc,nothing,,0.6287878787878788,0.07476635514018691,0.6666666666666666
Left,random,PTT,WRM,2,0.3,1,508,24,305,21,none-PCA,arc segments,16.0,0.5497589531680441,0.07,0.2916666666666667
Left,random,PTT,WRM,2,0.3,1,508,24,305,21,QOTu-HS4,arc labels,,0.6329201101928374,0.06528189910979229,0.9166666666666666
Left,random,PTT,WRM,2,0.3,1,508,24,305,21,QOTu-HSsrc,arc segments,,0.6556473829201102,0.06984126984126984,0.9166666666666666
Left,random,PTT,WRM,2,0.3,1,508,24,305,21,QOTu-PCA,arc segments,16.0,0.6329201101928374,0.06528189910979229,0.9166666666666666
Left,random,PTT,WRM,2,0.3,1,508,24,305,21,QOTc-HS4,arc labels,,0.7432851239669421,0.10047846889952153,0.875
Left,random,PTT,WRM,2,0.3,1,508,24,305,21,QOTc-HSsrc,arc labels,,0.5974517906336089,0.060790273556231005,0.8333333333333334
Left,random,PTT,WRM,2,0.3,1,508,24,305,21,QOTc-PCA,arc labels,64.0,0.4910468319559228,0.0449438202247191,0.3333333333333333
Left,random,PTT,WRM,2,0.3,1,508,24,305,21,SDM-HS4,arc labels,,0.6916322314049587,0.08108108108108109,0.875
Left,random,PTT,WRM,2,0.3,1,508,24,305,21,SDM-HSsrc,arc labels,,0.6084710743801653,0.06521739130434782,0.75
Left,random,PTT,WRM,2,0.3,1,508,24,305,21,SDM-PCA,arc labels,64.0,0.5456267217630854,0.05307262569832402,0.7916666666666666
Left,random,PTT,WRM,2,0.5,1,508,24,488,27,NoAdapt,nothing,,0.6845730027548209,0.07665505226480836,0.9166666666666666
Left,random,PTT,WRM,2,0.5,1,508,24,488,27,TargetOnly,arc labels,,0.7362258953168044,0.09282700421940929,0.9166666666666666
Left,random,PTT,WRM,2,0.5,1,508,24,488,27,Source+Target,arc labels,,0.7103994490358126,0.08396946564885496,0.9166666666666666
Left,random,PTT,WRM,2,0.5,1,508,24,488,27,COT,arc labels,,0.724862258953168,0.08870967741935484,0.9166666666666666
Left,random,PTT,WRM,2,0.5,1,508,24,488,27,none-HS4,arc labels,,0.6351584022038568,0.07423580786026202,0.7083333333333334
Left,random,PTT,WRM,2,0.5,1,508,24,488,27,none-HSsrc,nothing,,0.6287878787878788,0.07476635514018691,0.6666666666666666
Left,random,PTT,WRM,2,0.5,1,508,24,488,27,none-PCA,arc segments,16.0,0.5518250688705234,0.07142857142857142,0.2916666666666667
Left,random,PTT,WRM,2,0.5,1,508,24,488,27,QOTu-HS4,arc labels,,0.6556473829201102,0.06984126984126984,0.9166666666666666
Left,random,PTT,WRM,2,0.5,1,508,24,488,27,QOTu-HSsrc,arc segments,,0.6773415977961432,0.07482993197278912,0.9166666666666666
Left,random,PTT,WRM,2,0.5,1,508,24,488,27,QOTu-PCA,arc segments,16.0,0.6244834710743802,0.06481481481481481,0.875
Left,random,PTT,WRM,2,0.5,1,508,24,488,27,QOTc-HS4,arc labels,,0.7140151515151515,0.09743589743589744,0.7916666666666666
Left,random,PTT,WRM,2,0.5,1,508,24,488,27,QOTc-HSsrc,arc labels,,0.6067493112947658,0.0625,0.8333333333333334
Left,random,PTT,WRM,2,0.5,1,508,24,488,27,QOTc-PCA,arc labels,32.0,0.6787190082644627,0.08653846153846154,0.75
Left,random,PTT,WRM,2,0.5,1,508,24,488,27,SDM-HS4,arc labels,,0.6811294765840221,0.08064516129032258,0.8333333333333334
Left,random,PTT,WRM,2,0.5,1,508,24,488,27,SDM-HSsrc,arc labels,,0.6053719008264463,0.06451612903225806,0.75
Left,random,PTT,WRM,2,0.5,1,508,24,488,27,SDM-PCA,arc labels,32.0,0.5950413223140496,0.07407407407407407,0.5
Left,random,PTT,WRM,3,0.05,0,508,36,51,1,NoAdapt,nothing,,0.5772128060263654,0.08843537414965986,0.7222222222222222
Left,random,PTT,WRM,3,0.05,0,508,36,51,1,TargetOnly,arc labels,,,,
Left,random,PTT,WRM,3,0.05,0,508,36,51,1,Source+Target,arc labels,,,,
Left,random,PTT,WRM,3,0.05,0,508,36,51,1,COT,arc labels,,,,
Left,random,PTT,WRM,3,0.05,0,508,36,51,1,none-HS4,arc labels,,,,
Left,random,PTT,WRM,3,0.05,0,508,36,51,1,none-HSsrc,nothing,,0.5520244821092279,0.0867579908675799,0.5277777777777778
Left,random,PTT,WRM,3,0.05,0,508,36,51,1,none-PCA,arc segments,16.0,0.5415489642184558,0.09482758620689655,0.3055555555555556
Left,random,PTT,WRM,3,0.05,0,508,36,51,1,QOTu-HS4,arc labels,,,,
Left,random,PTT,WRM,3,0.05,0,508,36,51,1,QOTu-HSsrc,arc segments,,0.564030131826742,0.088,0.6111111111111112
Left,random,PTT,WRM,3,0.05,0,508,36,51,1,QOTu-PCA,arc segments,16.0,0.5557909604519774,0.08391608391608392,0.6666666666666666
Left,random,PTT,WRM,3,0.05,0,508,36,51,1,QOTc-HS4,arc labels,,,,
Left,random,PTT,WRM,3,0.05,0,508,36,51,1,QOTc-HSsrc,arc labels,,,,
Left,random,PTT,WRM,3,0.05,0,508,36,51,1,QOTc-PCA,arc labels,,,,
Left,random,PTT,WRM,3,0.05,0,508,36,51,1,SDM-HS4,arc labels,,,,
Left,random,PTT,WRM,3,0.05,0,508,36,51,1,SDM-HSsrc,arc labels,,,,
Left,random,PTT,WRM,3,0.05,0,508,36,51,1,SDM-PCA,arc labels,,,,
Left,random,PTT,WRM,3,0.1,1,508,36,102,5,NoAdapt,nothing,,0.5772128060263654,0.08843537414965986,0.7222222222222222
Left,random,PTT,WRM,3,0.1,1,508,36,102,5,TargetOnly,arc labels,,0.45386064030131823,0.04,0.1111111111111111
Left,random,PTT,WRM,3,0.1,1,508,36,102,5,Source+Target,arc labels,,0.5782721280602636,0.08873720136518772,0.7222222222222222
Left,random,PTT,WRM,3,0.1,1,508,36,102,5,COT,arc labels,,0.4031308851224106,0.030864197530864196,0.1388888888888889
Left,random,PTT,WRM,3,0.1,1,508,36,102,5,none-HS4,arc labels,,0.5554378531073447,0.0860655737704918,0.5833333333333334
Left,random,PTT,WRM,3,0.1,1,508,36,102,5,none-HSsrc,nothing,,0.5520244821092279,0.0867579908675799,0.5277777777777778
Left,random,PTT,WRM,3,0.1,1,508,36,102,5,none-PCA,arc segments,16.0,0.5276600753295668,0.08695652173913043,0.2777777777777778
Left,random,PTT,WRM,3,0.1,1,508,36,102,5,QOTu-HS4,arc labels,,0.5866290018832392,0.09225092250922509,0.6944444444444444
Left,random,PTT,WRM,3,0.1,1,508,36,102,5,QOTu-HSsrc,arc segments,,0.5866290018832392,0.09225092250922509,0.6944444444444444
Left,random,PTT,WRM,3,0.1,1,508,36,102,5,QOTu-PCA,arc segments,64.0,0.5240112994350282,0.07936507936507936,0.4166666666666667
Left,random,PTT,WRM,3,0.1,1,508,36,102,5,QOTc-HS4,arc labels,,0.4257297551789077,0.054838709677419356,0.4722222222222222
Left,random,PTT,WRM,3,0.1,1,508,36,102,5,QOTc-HSsrc,arc labels,,0.5315442561205272,0.07739938080495357,0.6944444444444444
Left,random,PTT,WRM,3,0.1,1,508,36,102,5,QOTc-PCA,arc labels,64.0,0.4852871939736347,0.03571428571428571,0.027777777777777776
Left,random,PTT,WRM,3,0.1,1,508,36,102,5,SDM-HS4,arc labels,,0.4736346516007533,0.06484641638225255,0.5277777777777778
Left,random,PTT,WRM,3,0.1,1,508,36,102,5,SDM-HSsrc,arc labels,,0.5379001883239172,0.07886435331230283,0.6944444444444444
Left,random,PTT,WRM,3,0.1,1,508,36,102,5,SDM-PCA,arc labels,16.0,0.4825800376647834,0.06542056074766354,0.3888888888888889
Left,random,PTT,WRM,3,0.2,1,508,36,203,8,NoAdapt,nothing,,0.5772128060263654,0.08843537414965986,0.7222222222222222
Left,random,PTT,WRM,3,0.2,1,508,36,203,8,TargetOnly,arc labels,,0.4875235404896422,0.0658682634730539,0.3055555555555556
Left,random,PTT,WRM,3,0.2,1,508,36,203,8,Source+Target,arc labels,,0.5825094161958568,0.08996539792387544,0.7222222222222222
Left,random,PTT,WRM,3,0.2,1,508,36,203,8,COT,arc labels,,0.4048964218455744,0.044897959183673466,0.3055555555555556
Left,random,PTT,WRM,3,0.2,1,508,36,203,8,none-HS4,arc labels,,0.5532015065913372,0.08620689655172414,0.5555555555555556
Left,random,PTT,WRM,3,0.2,1,508,36,203,8,none-HSsrc,nothing,,0.5520244821092279,0.0867579908675799,0.5277777777777778
Left,random,PTT,WRM,3,0.2,1,508,36,203,8,none-PCA,arc segments,16.0,0.5340160075329567,0.09174311926605505,0.2777777777777778
Left,random,PTT,WRM,3,0.2,1,508,36,203,8,QOTu-HS4,arc labels,,0.5601459510357816,0.08445945945945946,0.6944444444444444
Left,random,PTT,WRM,3,0.2,1,508,36,203,8,QOTu-HSsrc,arc segments,,0.5622645951035782,0.08503401360544217,0.6944444444444444
Left,random,PTT,WRM,3,0.2,1,508,36,203,8,QOTu-PCA,arc segments,16.0,0.536605461393597,0.07931034482758621,0.6388888888888888
Left,random,PTT,WRM,3,0.2,1,508,36,203,8,QOTc-HS4,arc labels,,0.5269538606403014,0.07719298245614035,0.6111111111111112
Left,random,PTT,WRM,3,0.2,1,508,36,203,8,QOTc-HSsrc,arc labels,,0.503060263653484,0.07142857142857142,0.7222222222222222
Left,random,PTT,WRM,3,0.2,1,508,36,203,8,QOTc-PCA,arc labels,64.0,0.5210687382297552,0.08602150537634409,0.2222222222222222
Left,random,PTT,WRM,3,0.2,1,508,36,203,8,SDM-HS4,arc labels,,0.4961158192090396,0.07,0.5833333333333334
Left,random,PTT,WRM,3,0.2,1,508,36,203,8,SDM-HSsrc,arc labels,,0.5148305084745762,0.07356948228882834,0.75
Left,random,PTT,WRM,3,0.2,1,508,36,203,8,SDM-PCA,arc labels,16.0,0.48469868173258,0.0660377358490566,0.3888888888888889
Left,random,PTT,WRM,3,0.3,1,508,36,305,11,NoAdapt,nothing,,0.5772128060263654,0.08843537414965986,0.7222222222222222
Left,random,PTT,WRM,3,0.3,1,508,36,305,11,TargetOnly,arc labels,,0.4854048964218456,0.0650887573964497,0.3055555555555556
Left,random,PTT,WRM,3,0.3,1,508,36,305,11,Source+Target,arc labels,,0.6206450094161958,0.10276679841897234,0.7222222222222222
Left,random,PTT,WRM,3,0.3,1,508,36,305,11,COT,arc labels,,0.4460922787193974,0.05956112852664577,0.5277777777777778
Left,random,PTT,WRM,3,0.3,1,508,36,305,11,none-HS4,arc labels,,0.5521421845574388,0.08583690987124463,0.5555555555555556
Left,random,PTT,WRM,3,0.3,1,508,36,305,11,none-HSsrc,nothing,,0.5520244821092279,0.0867579908675799,0.5277777777777778
Left,random,PTT,WRM,3,0.3,1,508,36,305,11,none-PCA,arc segments,16.0,0.5287193973634652,0.08771929824561403,0.2777777777777778
Left,random,PTT,WRM,3,0.3,1,508,36,305,11,QOTu-HS4,arc labels,,0.5559086629001884,0.08333333333333333,0.6944444444444444
Left,random,PTT,WRM,3,0.3,1,508,36,305,11,QOTu-HSsrc,arc segments,,0.5622645951035782,0.08503401360544217,0.6944444444444444
Left,random,PTT,WRM,3,0.3,1,508,36,305,11,QOTu-PCA,arc segments,16.0,0.5408427495291902,0.08041958041958042,0.6388888888888888
Left,random,PTT,WRM,3,0.3,1,508,36,305,11,QOTc-HS4,arc labels,,0.5035310734463276,0.07167235494880546,0.5833333333333334
Left,random,PTT,WRM,3,0.3,1,508,36,305,11,QOTc-HSsrc,arc labels,,0.4997645951035782,0.0708215297450425,0.6944444444444444
Left,random,PTT,WRM,3,0.3,1,508,36,305,11,QOTc-PCA,arc labels,64.0,0.5191854990583804,0.08130081300813008,0.2777777777777778
Left,random,PTT,WRM,3,0.3,1,508,36,305,11,SDM-HS4,arc labels,,0.4875235404896422,0.06802721088435375,0.5555555555555556
Left,random,PTT,WRM,3,0.3,1,508,36,305,11,SDM-HSsrc,arc labels,,0.5604990583804144,0.08284023668639054,0.7777777777777778
Left,random,PTT,WRM,3,0.3,1,508,36,305,11,SDM-PCA,arc labels,16.0,0.4419726930320151,0.05238095238095238,0.3055555555555556
Left,random,PTT,WRM,3,0.5,1,508,36,487,18,NoAdapt,nothing,,0.5772128060263654,0.08843537414965986,0.7222222222222222
Left,random,PTT,WRM,3,0.5,1,508,36,487,18,TargetOnly,arc labels,,0.5307203389830508,0.08,0.5
Left,random,PTT,WRM,3,0.5,1,508,36,487,18,Source+Target,arc labels,,0.5994585687382298,0.09523809523809523,0.7222222222222222
Left,random,PTT,WRM,3,0.5,1,508,36,487,18,COT,arc labels,,0.5650894538606404,0.08835341365461848,0.6111111111111112
Left,random,PTT,WRM,3,0.5,1,508,36,487,18,none-HS4,arc labels,,0.5532015065913372,0.08620689655172414,0.5555555555555556
Left,random,PTT,WRM,3,0.5,1,508,36,487,18,none-HSsrc,nothing,,0.5520244821092279,0.0867579908675799,0.5277777777777778
Left,random,PTT,WRM,3,0.5,1,508,36,487,18,none-PCA,arc segments,16.0,0.5276600753295668,0.08695652173913043,0.2777777777777778
Left,random,PTT,WRM,3,0.5,1,508,36,487,18,QOTu-HS4,arc labels,,0.538017890772128,0.07854984894259819,0.7222222222222222
Left,random,PTT,WRM,3,0.5,1,508,36,487,18,QOTu-HSsrc,arc segments,,0.5601459510357816,0.08445945945945946,0.6944444444444444
Left,random,PTT,WRM,3,0.5,1,508,36,487,18,QOTu-PCA,arc segments,16.0,0.5429613935969868,0.08098591549295775,0.6388888888888888
Left,random,PTT,WRM,3,0.5,1,508,36,487,18,QOTc-HS4,arc labels,,0.5610875706214689,0.08540925266903915,0.6666666666666666
Left,random,PTT,WRM,3,0.5,1,508,36,487,18,QOTc-HSsrc,arc labels,,0.49988229755178903,0.07084468664850137,0.7222222222222222
Left,random,PTT,WRM,3,0.5,1,508,36,487,18,QOTc-PCA,arc labels,64.0,0.515183615819209,0.07741935483870968,0.3333333333333333
Left,random,PTT,WRM,3,0.5,1,508,36,487,18,SDM-HS4,arc labels,,0.5706214689265536,0.08823529411764706,0.6666666666666666
Left,random,PTT,WRM,3,0.5,1,508,36,487,18,SDM-HSsrc,arc labels,,0.5532015065913372,0.0807799442896936,0.8055555555555556
Left,random,PTT,WRM,3,0.5,1,508,36,487,18,SDM-PCA,arc labels,16.0,0.532132768361582,0.07894736842105263,0.5833333333333334
Left,random,PTT,WRM,4,0.05,1,508,30,51,2,NoAdapt,nothing,,0.605299860529986,0.08403361344537816,0.6666666666666666
Left,random,PTT,WRM,4,0.05,1,508,30,51,2,TargetOnly,arc labels,,0.5110181311018132,0.06481481481481481,0.23333333333333334
Left,random,PTT,WRM,4,0.05,1,508,30,51,2,Source+Target,arc labels,,0.6157601115760112,0.08771929824561403,0.6666666666666666
Left,random,PTT,WRM,4,0.05,1,508,30,51,2,COT,arc labels,,0.5244769874476988,0.06976744186046512,0.3
Left,random,PTT,WRM,4,0.05,1,508,30,51,2,none-HS4,arc labels,,0.5785216178521617,0.08641975308641975,0.4666666666666667
Left,random,PTT,WRM,4,0.05,1,508,30,51,2,none-HSsrc,nothing,,0.5681311018131101,0.08387096774193549,0.43333333333333335
Left,random,PTT,WRM,4,0.05,1,508,30,51,2,none-PCA,arc segments,16.0,0.5590655509065551,0.10126582278481013,0.26666666666666666
Left,random,PTT,WRM,4,0.05,1,508,30,51,2,QOTu-HS4,arc labels,,0.6210599721059972,0.09223300970873786,0.6333333333333333
Left,random,PTT,WRM,4,0.05,1,508,30,51,2,QOTu-HSsrc,arc segments,,0.6147838214783821,0.08962264150943396,0.6333333333333333
Left,random,PTT,WRM,4,0.05,1,508,30,51,2,QOTu-PCA,arc segments,8.0,0.6094839609483961,0.08547008547008547,0.6666666666666666
Left,random,PTT,WRM,4,0.05,1,508,30,51,2,QOTc-HS4,arc labels,,0.5776847977684798,0.09821428571428571,0.36666666666666664
Left,random,PTT,WRM,4,0.05,1,508,30,51,2,QOTc-HSsrc,arc labels,,0.5665271966527197,0.07191780821917808,0.7
Left,random,PTT,WRM,4,0.05,1,508,30,51,2,QOTc-PCA,arc labels,32.0,0.48514644351464437,0.046153846153846156,0.1
Left,random,PTT,WRM,4,0.05,1,508,30,51,2,SDM-HS4,arc labels,,0.5303347280334728,0.06666666666666667,0.5
Left,random,PTT,WRM,4,0.05,1,508,30,51,2,SDM-HSsrc,arc labels,,0.5207810320781032,0.06343283582089553,0.5666666666666667
Left,random,PTT,WRM,4,0.05,1,508,30,51,2,SDM-PCA,arc labels,8.0,0.5004881450488144,0.05925925925925926,0.26666666666666666
Left,random,PTT,WRM,4,0.1,1,508,30,102,4,NoAdapt,nothing,,0.605299860529986,0.08403361344537816,0.6666666666666666
Left,random,PTT,WRM,4,0.1,1,508,30,102,4,TargetOnly,arc labels,,0.550418410041841,0.07741935483870968,0.4
Left,random,PTT,WRM,4,0.1,1,508,30,102,4,Source+Target,arc labels,,0.6188981868898187,0.08888888888888889,0.6666666666666666
Left,random,PTT,WRM,4,0.1,1,508,30,102,4,COT,arc labels,,0.3842398884239888,0.03571428571428571,0.3333333333333333
Left,random,PTT,WRM,4,0.1,1,508,30,102,4,none-HS4,arc labels,,0.5795676429567642,0.08695652173913043,0.4666666666666667
Left,random,PTT,WRM,4,0.1,1,508,30,102,4,none-HSsrc,nothing,,0.5681311018131101,0.08387096774193549,0.43333333333333335
Left,random,PTT,WRM,4,0.1,1,508,30,102,4,none-PCA,arc segments,16.0,0.5601115760111576,0.10256410256410256,0.26666666666666666
Left,random,PTT,WRM,4,0.1,1,508,30,102,4,QOTu-HS4,arc labels,,0.6285216178521618,0.10303030303030303,0.5666666666666667
Left,random,PTT,WRM,4,0.1,1,508,30,102,4,QOTu-HSsrc,arc segments,,0.5930962343096234,0.09090909090909091,0.5
Left,random,PTT,WRM,4,0.1,1,508,30,102,4,QOTu-PCA,arc segments,32.0,0.5700836820083681,0.08021390374331551,0.5
Left,random,PTT,WRM,4,0.1,1,508,30,102,4,QOTc-HS4,arc labels,,0.5982566248256624,0.0903954802259887,0.5333333333333333
Left,random,PTT,WRM,4,0.1,1,508,30,102,4,QOTc-HSsrc,arc labels,,0.540516039051604,0.06713780918727916,0.6333333333333333
Left,random,PTT,WRM,4,0.1,1,508,30,102,4,QOTc-PCA,arc labels,32.0,0.46729428172942816,0.04040404040404041,0.13333333333333333
Left,random,PTT,WRM,4,0.1,1,508,30,102,4,SDM-HS4,arc labels,,0.5458158995815899,0.06896551724137931,0.6
Left,random,PTT,WRM,4,0.1,1,508,30,102,4,SDM-HSsrc,arc labels,,0.543584379358438,0.06734006734006734,0.6666666666666666
Left,random,PTT,WRM,4,0.1,1,508,30,102,4,SDM-PCA,arc labels,16.0,0.47740585774058575,0.05172413793103448,0.3
Left,random,PTT,WRM,4,0.2,1,508,30,203,8,NoAdapt,nothing,,0.605299860529986,0.08403361344537816,0.6666666666666666
Left,random,PTT,WRM,4,0.2,1,508,30,203,8,TargetOnly,arc labels,,0.553207810320781,0.07172995780590717,0.5666666666666667
Left,random,PTT,WRM,4,0.2,1,508,30,203,8,Source+Target,arc labels,,0.6440027894002789,0.09950248756218906,0.6666666666666666
Left,random,PTT,WRM,4,0.2,1,508,30,203,8,COT,arc labels,,0.5919107391910738,0.085,0.5666666666666667
Left,random,PTT,WRM,4,0.2,1,508,30,203,8,none-HS4,arc labels,,0.5764295676429567,0.08536585365853659,0.4666666666666667
Left,random,PTT,WRM,4,0.2,1,508,30,203,8,none-HSsrc,nothing,,0.5681311018131101,0.08387096774193549,0.43333333333333335
Left,random,PTT,WRM,4,0.2,1,508,30,203,8,none-PCA,arc segments,16.0,0.5392608089260809,0.08641975308641975,0.23333333333333334
Left,random,PTT,WRM,4,0.2,1,508,30,203,8,QOTu-HS4,arc labels,,0.6262900976290098,0.0945273631840796,0.6333333333333333
Left,random,PTT,WRM,4,0.2,1,508,30,203,8,QOTu-HSsrc,arc segments,,0.6179218967921897,0.09090909090909091,0.6333333333333333
Left,random,PTT,WRM,4,0.2,1,508,30,203,8,QOTu-PCA,arc segments,32.0,0.6054393305439331,0.08823529411764706,0.6
Left,random,PTT,WRM,4,0.2,1,508,30,203,8,QOTc-HS4,arc labels,,0.5542538354253835,0.07203389830508475,0.5666666666666667
Left,random,PTT,WRM,4,0.2,1,508,30,203,8,QOTc-HSsrc,arc labels,,0.5853556485355649,0.07664233576642336,0.7
Left,random,PTT,WRM,4,0.2,1,508,30,203,8,QOTc-PCA,arc labels,64.0,0.500697350069735,0.05952380952380952,0.16666666666666666
Left,random,PTT,WRM,4,0.2,1,508,30,203,8,SDM-HS4,arc labels,,0.5343096234309623,0.0661764705882353,0.6
Left,random,PTT,WRM,4,0.2,1,508,30,203,8,SDM-HSsrc,arc labels,,0.5592747559274756,0.07092198581560284,0.6666666666666666
Left,random,PTT,WRM,4,0.2,1,508,30,203,8,SDM-PCA,arc labels,16.0,0.5718967921896791,0.07509881422924901,0.6333333333333333
Left,random,PTT,WRM,4,0.3,1,508,30,305,12,NoAdapt,nothing,,0.605299860529986,0.08403361344537816,0.6666666666666666
Left,random,PTT,WRM,4,0.3,1,508,30,305,12,TargetOnly,arc labels,,0.554323570432357,0.0730593607305936,0.5333333333333333
Left,random,PTT,WRM,4,0.3,1,508,30,305,12,Source+Target,arc labels,,0.6387726638772664,0.0970873786407767,0.6666666666666666
Left,random,PTT,WRM,4,0.3,1,508,30,305,12,COT,arc labels,,0.5502092050209205,0.07281553398058252,0.5
Left,random,PTT,WRM,4,0.3,1,508,30,305,12,none-HS4,arc labels,,0.5764295676429567,0.08536585365853659,0.4666666666666667
Left,random,PTT,WRM,4,0.3,1,508,30,305,12,none-HSsrc,nothing,,0.5681311018131101,0.08387096774193549,0.43333333333333335
Left,random,PTT,WRM,4,0.3,1,508,30,305,12,none-PCA,arc segments,16.0,0.5350767085076709,0.08235294117647059,0.23333333333333334
Left,random,PTT,WRM,4,0.3,1,508,30,305,12,QOTu-HS4,arc labels,,0.6085076708507671,0.0871559633027523,0.6333333333333333
Left,random,PTT,WRM,4,0.3,1,508,30,305,12,QOTu-HSsrc,arc segments,,0.6147838214783821,0.08962264150943396,0.6333333333333333
Left,random,PTT,WRM,4,0.3,1,508,30,305,12,QOTu-PCA,arc segments,32.0,0.6158995815899582,0.09278350515463918,0.6
Left,random,PTT,WRM,4,0.3,1,508,30,305,12,QOTc-HS4,arc labels,,0.548047419804742,0.07111111111111111,0.5333333333333333
Left,random,PTT,WRM,4,0.3,1,508,30,305,12,QOTc-HSsrc,arc labels,,0.545676429567643,0.06779661016949153,0.6666666666666666
Left,random,PTT,WRM,4,0.3,1,508,30,305,12,QOTc-PCA,arc labels,64.0,0.4776847977684798,0.04716981132075472,0.16666666666666666
Left,random,PTT,WRM,4,0.3,1,508,30,305,12,SDM-HS4,arc labels,,0.5394002789400278,0.0664451827242525,0.6666666666666666
Left,random,PTT,WRM,4,0.3,1,508,30,305,12,SDM-HSsrc,arc labels,,0.5383542538354253,0.06622516556291391,0.6666666666666666
Left,random,PTT,WRM,4,0.3,1,508,30,305,12,SDM-PCA,arc labels,16.0,0.5374476987447698,0.06691449814126393,0.6
Left,random,PTT,WRM,4,0.5,1,508,30,487,24,NoAdapt,nothing,,0.605299860529986,0.08403361344537816,0.6666666666666666
Left,random,PTT,WRM,4,0.5,1,508,30,487,24,TargetOnly,arc labels,,0.599163179916318,0.08571428571428572,0.6
Left,random,PTT,WRM,4,0.5,1,508,30,487,24,Source+Target,arc labels,,0.6366806136680614,0.09615384615384616,0.6666666666666666
Left,random,PTT,WRM,4,0.5,1,508,30,487,24,COT,arc labels,,0.6628312412831241,0.1092896174863388,0.6666666666666666
Left,random,PTT,WRM,4,0.5,1,508,30,487,24,none-HS4,arc labels,,0.5764295676429567,0.08536585365853659,0.4666666666666667
Left,random,PTT,WRM,4,0.5,1,508,30,487,24,none-HSsrc,nothing,,0.5681311018131101,0.08387096774193549,0.43333333333333335
Left,random,PTT,WRM,4,0.5,1,508,30,487,24,none-PCA,arc segments,16.0,0.5350767085076709,0.08235294117647059,0.23333333333333334
Left,random,PTT,WRM,4,0.5,1,508,30,487,24,QOTu-HS4,arc labels,,0.6179218967921897,0.09090909090909091,0.6333333333333333
Left,random,PTT,WRM,4,0.5,1,508,30,487,24,QOTu-HSsrc,arc segments,,0.6221059972105998,0.09268292682926829,0.6333333333333333
Left,random,PTT,WRM,4,0.5,1,508,30,487,24,QOTu-PCA,arc segments,32.0,0.6242677824267782,0.0967741935483871,0.6
Left,random,PTT,WRM,4,0.5,1,508,30,487,24,QOTc-HS4,arc labels,,0.6041841004184101,0.08203125,0.7
Left,random,PTT,WRM,4,0.5,1,508,30,487,24,QOTc-HSsrc,arc labels,,0.5488842398884239,0.06909090909090909,0.6333333333333333
Left,random,PTT,WRM,4,0.5,1,508,30,487,24,QOTc-PCA,arc labels,32.0,0.5483960948396095,0.07857142857142857,0.36666666666666664
Left,random,PTT,WRM,4,0.5,1,508,30,487,24,SDM-HS4,arc labels,,0.6031380753138076,0.08171206225680934,0.7
Left,random,PTT,WRM,4,0.5,1,508,30,487,24,SDM-HSsrc,arc labels,,0.552928870292887,0.06885245901639345,0.7
Left,random,PTT,WRM,4,0.5,1,508,30,487,24,SDM-PCA,arc labels,16.0,0.6218967921896792,0.0859375,0.7333333333333333
Left,random,PTT,WRM,5,0.05,1,508,28,51,4,NoAdapt,nothing,,0.6361607142857143,0.08878504672897196,0.6785714285714286
Left,random,PTT,WRM,5,0.05,1,508,28,51,4,TargetOnly,arc labels,,0.5910714285714286,0.10638297872340426,0.35714285714285715
Left,random,PTT,WRM,5,0.05,1,508,28,51,4,Source+Target,arc labels,,0.6444940476190477,0.09223300970873786,0.6785714285714286
Left,random,PTT,WRM,5,0.05,1,508,28,51,4,COT,arc labels,,0.6215773809523809,0.1188118811881188,0.42857142857142855
Left,random,PTT,WRM,5,0.05,1,508,28,51,4,none-HS4,arc labels,,0.6175595238095238,0.10569105691056911,0.4642857142857143
Left,random,PTT,WRM,5,0.05,1,508,28,51,4,none-HSsrc,nothing,,0.6059523809523809,0.10344827586206896,0.42857142857142855
Left,random,PTT,WRM,5,0.05,1,508,28,51,4,none-PCA,arc segments,64.0,0.5324404761904762,0.07017543859649122,0.2857142857142857
Left,random,PTT,WRM,5,0.05,1,508,28,51,4,QOTu-HS4,arc labels,,0.6568452380952381,0.10227272727272728,0.6428571428571429
Left,random,PTT,WRM,5,0.05,1,508,28,51,4,QOTu-HSsrc,arc segments,,0.6662202380952381,0.10778443113772455,0.6428571428571429
Left,random,PTT,WRM,5,0.05,1,508,28,51,4,QOTu-PCA,arc segments,16.0,0.6095238095238096,0.08982035928143713,0.5357142857142857
Left,random,PTT,WRM,5,0.05,1,508,28,51,4,QOTc-HS4,arc labels,,0.5915178571428572,0.08783783783783784,0.4642857142857143
Left,random,PTT,WRM,5,0.05,1,508,28,51,4,QOTc-HSsrc,arc labels,,0.5889880952380953,0.07623318385650224,0.6071428571428571
Left,random,PTT,WRM,5,0.05,1,508,28,51,4,QOTc-PCA,arc labels,64.0,0.5254464285714285,0.1,0.10714285714285714
Left,random,PTT,WRM,5,0.05,1,508,28,51,4,SDM-HS4,arc labels,,0.5572916666666667,0.07035175879396985,0.5
Left,random,PTT,WRM,5,0.05,1,508,28,51,4,SDM-HSsrc,arc labels,,0.5986607142857143,0.076,0.6785714285714286
Left,random,PTT,WRM,5,0.05,1,508,28,51,4,SDM-PCA,arc labels,8.0,0.4376488095238095,0.03902439024390244,0.2857142857142857
Left,random,PTT,WRM,5,0.1,1,508,28,102,6,NoAdapt,nothing,,0.6361607142857143,0.08878504672897196,0.6785714285714286
Left,random,PTT,WRM,5,0.1,1,508,28,102,6,TargetOnly,arc labels,,0.634077380952381,0.1348314606741573,0.42857142857142855
Left,random,PTT,WRM,5,0.1,1,508,28,102,6,Source+Target,arc labels,,0.6590773809523809,0.09895833333333333,0.6785714285714286
Left,random,PTT,WRM,5,0.1,1,508,28,102,6,COT,arc labels,,0.6230654761904761,0.09740259740259741,0.5357142857142857
Left,random,PTT,WRM,5,0.1,1,508,28,102,6,none-HS4,arc labels,,0.6154761904761905,0.104,0.4642857142857143
Left,random,PTT,WRM,5,0.1,1,508,28,102,6,none-HSsrc,nothing,,0.6059523809523809,0.10344827586206896,0.42857142857142855
Left,random,PTT,WRM,5,0.1,1,508,28,102,6,none-PCA,arc segments,64.0,0.5324404761904762,0.07017543859649122,0.2857142857142857
Left,random,PTT,WRM,5,0.1,1,508,28,102,6,QOTu-HS4,arc labels,,0.6568452380952381,0.10227272727272728,0.6428571428571429
Left,random,PTT,WRM,5,0.1,1,508,28,102,6,QOTu-HSsrc,arc segments,,0.6662202380952381,0.10778443113772455,0.6428571428571429
Left,random,PTT,WRM,5,0.1,1,508,28,102,6,QOTu-PCA,arc segments,32.0,0.6032738095238095,0.08670520231213873,0.5357142857142857
Left,random,PTT,WRM,5,0.1,1,508,28,102,6,QOTc-HS4,arc labels,,0.6504464285714285,0.10365853658536585,0.6071428571428571
Left,random,PTT,WRM,5,0.1,1,508,28,102,6,QOTc-HSsrc,arc labels,,0.5520833333333333,0.06862745098039216,0.5
Left,random,PTT,WRM,5,0.1,1,508,28,102,6,QOTc-PCA,arc labels,32.0,0.5665178571428571,0.13333333333333333,0.21428571428571427
Left,random,PTT,WRM,5,0.1,1,508,28,102,6,SDM-HS4,arc labels,,0.5686011904761905,0.07647058823529412,0.4642857142857143
Left,random,PTT,WRM,5,0.1,1,508,28,102,6,SDM-HSsrc,arc labels,,0.5995535714285715,0.07792207792207792,0.6428571428571429
Left,random,PTT,WRM,5,0.1,1,508,28,102,6,SDM-PCA,arc labels,8.0,0.5526785714285715,0.0738255033557047,0.39285714285714285
Left,random,PTT,WRM,5,0.2,1,508,28,203,13,NoAdapt,nothing,,0.6361607142857143,0.08878504672897196,0.6785714285714286
Left,random,PTT,WRM,5,0.2,1,508,28,203,13,TargetOnly,arc labels,,0.6017857142857144,0.07692307692307693,0.6785714285714286
Left,random,PTT,WRM,5,0.2,1,508,28,203,13,Source+Target,arc labels,,0.6153273809523809,0.0811965811965812,0.6785714285714286
Left,random,PTT,WRM,5,0.2,1,508,28,203,13,COT,arc labels,,0.4959821428571428,0.05434782608695652,0.5357142857142857
Left,random,PTT,WRM,5,0.2,1,508,28,203,13,none-HS4,arc labels,,0.6154761904761905,0.104,0.4642857142857143
Left,random,PTT,WRM,5,0.2,1,508,28,203,13,none-HSsrc,nothing,,0.6059523809523809,0.10344827586206896,0.42857142857142855
Left,random,PTT,WRM,5,0.2,1,508,28,203,13,none-PCA,arc segments,64.0,0.5324404761904762,0.07017543859649122,0.2857142857142857
Left,random,PTT,WRM,5,0.2,1,508,28,203,13,QOTu-HS4,arc labels,,0.6568452380952381,0.10227272727272728,0.6428571428571429
Left,random,PTT,WRM,5,0.2,1,508,28,203,13,QOTu-HSsrc,arc segments,,0.6220238095238095,0.0967741935483871,0.5357142857142857
Left,random,PTT,WRM,5,0.2,1,508,28,203,13,QOTu-PCA,arc segments,32.0,0.6138392857142857,0.08839779005524862,0.5714285714285714
Left,random,PTT,WRM,5,0.2,1,508,28,203,13,QOTc-HS4,arc labels,,0.4726190476190476,0.04918032786885246,0.42857142857142855
Left,random,PTT,WRM,5,0.2,1,508,28,203,13,QOTc-HSsrc,arc labels,,0.5663690476190476,0.06761565836298933,0.6785714285714286
Left,random,PTT,WRM,5,0.2,1,508,28,203,13,QOTc-PCA,arc labels,32.0,0.5900297619047619,0.10526315789473684,0.35714285714285715
Left,random,PTT,WRM,5,0.2,1,508,28,203,13,SDM-HS4,arc labels,,0.5008928571428571,0.05531914893617021,0.4642857142857143
Left,random,PTT,WRM,5,0.2,1,508,28,203,13,SDM-HSsrc,arc labels,,0.48139880952380953,0.05172413793103448,0.5357142857142857
Left,random,PTT,WRM,5,0.2,1,508,28,203,13,SDM-PCA,arc labels,16.0,0.5898809523809523,0.0784313725490196,0.5714285714285714
Left,random,PTT,WRM,5,0.3,1,508,28,305,17,NoAdapt,nothing,,0.6361607142857143,0.08878504672897196,0.6785714285714286
Left,random,PTT,WRM,5,0.3,1,508,28,305,17,TargetOnly,arc labels,,0.6007440476190476,0.07661290322580645,0.6785714285714286
Left,random,PTT,WRM,5,0.3,1,508,28,305,17,Source+Target,arc labels,,0.637202380952381,0.0892018779342723,0.6785714285714286
Left,random,PTT,WRM,5,0.3,1,508,28,305,17,COT,arc labels,,0.5380952380952382,0.06206896551724138,0.6428571428571429
Left,random,PTT,WRM,5,0.3,1,508,28,305,17,none-HS4,arc labels,,0.6154761904761905,0.104,0.4642857142857143
Left,random,PTT,WRM,5,0.3,1,508,28,305,17,none-HSsrc,nothing,,0.6059523809523809,0.10344827586206896,0.42857142857142855
Left,random,PTT,WRM,5,0.3,1,508,28,305,17,none-PCA,arc segments,64.0,0.5324404761904762,0.07017543859649122,0.2857142857142857
Left,random,PTT,WRM,5,0.3,1,508,28,305,17,QOTu-HS4,arc labels,,0.6568452380952381,0.10227272727272728,0.6428571428571429
Left,random,PTT,WRM,5,0.3,1,508,28,305,17,QOTu-HSsrc,arc segments,,0.6324404761904762,0.10344827586206896,0.5357142857142857
Left,random,PTT,WRM,5,0.3,1,508,28,305,17,QOTu-PCA,arc segments,16.0,0.5950892857142858,0.08040201005025126,0.5714285714285714
Left,random,PTT,WRM,5,0.3,1,508,28,305,17,QOTc-HS4,arc labels,,0.5324404761904762,0.06224066390041494,0.5357142857142857
Left,random,PTT,WRM,5,0.3,1,508,28,305,17,QOTc-HSsrc,arc labels,,0.5851190476190476,0.07224334600760456,0.6785714285714286
Left,random,PTT,WRM,5,0.3,1,508,28,305,17,QOTc-PCA,arc labels,32.0,0.6480654761904762,0.11538461538461539,0.5357142857142857
Left,random,PTT,WRM,5,0.3,1,508,28,305,17,SDM-HS4,arc labels,,0.5154761904761904,0.058823529411764705,0.4642857142857143
Left,random,PTT,WRM,5,0.3,1,508,28,305,17,SDM-HSsrc,arc labels,,0.49404761904761907,0.05405405405405406,0.5714285714285714
Left,random,PTT,WRM,5,0.3,1,508,28,305,17,SDM-PCA,arc labels,16.0,0.5395833333333333,0.06481481481481481,0.5
Left,random,PTT,WRM,5,0.5,1,508,28,487,26,NoAdapt,nothing,,0.6361607142857143,0.08878504672897196,0.6785714285714286
Left,random,PTT,WRM,5,0.5,1,508,28,487,26,TargetOnly,arc labels,,0.637202380952381,0.0892018779342723,0.6785714285714286
Left,random,PTT,WRM,5,0.5,1,508,28,487,26,Source+Target,arc labels,,0.640327380952381,0.09047619047619047,0.6785714285714286
Left,random,PTT,WRM,5,0.5,1,508,28,487,26,COT,arc labels,,0.6955357142857144,0.12101910828025478,0.6785714285714286
Left,random,PTT,WRM,5,0.5,1,508,28,487,26,none-HS4,arc labels,,0.6154761904761905,0.104,0.4642857142857143
Left,random,PTT,WRM,5,0.5,1,508,28,487,26,none-HSsrc,nothing,,0.6059523809523809,0.10344827586206896,0.42857142857142855
Left,random,PTT,WRM,5,0.5,1,508,28,487,26,none-PCA,arc segments,32.0,0.5209821428571428,0.064,0.2857142857142857
Left,random,PTT,WRM,5,0.5,1,508,28,487,26,QOTu-HS4,arc labels,,0.6620535714285715,0.10526315789473684,0.6428571428571429
Left,random,PTT,WRM,5,0.5,1,508,28,487,26,QOTu-HSsrc,arc segments,,0.6438988095238095,0.11194029850746269,0.5357142857142857
Left,random,PTT,WRM,5,0.5,1,508,28,487,26,QOTu-PCA,arc segments,16.0,0.6023809523809524,0.08333333333333333,0.5714285714285714
Left,random,PTT,WRM,5,0.5,1,508,28,487,26,QOTc-HS4,arc labels,,0.5869047619047618,0.07555555555555556,0.6071428571428571
Left,random,PTT,WRM,5,0.5,1,508,28,487,26,QOTc-HSsrc,arc labels,,0.5626488095238096,0.07075471698113207,0.5357142857142857
Left,random,PTT,WRM,5,0.5,1,508,28,487,26,QOTc-PCA,arc labels,64.0,0.6605654761904762,0.1271186440677966,0.5357142857142857
Left,random,PTT,WRM,5,0.5,1,508,28,487,26,SDM-HS4,arc labels,,0.5848214285714286,0.07488986784140969,0.6071428571428571
Left,random,PTT,WRM,5,0.5,1,508,28,487,26,SDM-HSsrc,arc labels,,0.5620535714285715,0.06741573033707865,0.6428571428571429
Left,random,PTT,WRM,5,0.5,1,508,28,487,26,SDM-PCA,arc labels,16.0,0.5922619047619048,0.07563025210084033,0.6428571428571429
Left,random,PTT,WRM,6,0.05,1,508,18,51,4,NoAdapt,nothing,,0.5642857142857143,0.04712041884816754,0.5
Left,random,PTT,WRM,6,0.05,1,508,18,51,4,TargetOnly,arc labels,,0.5484126984126985,0.04182509505703422,0.6111111111111112
Left,random,PTT,WRM,6,0.05,1,508,18,51,4,Source+Target,arc labels,,0.563265306122449,0.046875,0.5
Left,random,PTT,WRM,6,0.05,1,508,18,51,4,COT,arc labels,,0.47267573696145126,0.032362459546925564,0.5555555555555556
Left,random,PTT,WRM,6,0.05,1,508,18,51,4,none-HS4,arc labels,,0.6193877551020408,0.06569343065693431,0.5
Left,random,PTT,WRM,6,0.05,1,508,18,51,4,none-HSsrc,nothing,,0.5192743764172336,0.0425531914893617,0.2222222222222222
Left,random,PTT,WRM,6,0.05,1,508,18,51,4,none-PCA,arc segments,64.0,0.586281179138322,0.061946902654867256,0.3888888888888889
Left,random,PTT,WRM,6,0.05,1,508,18,51,4,QOTu-HS4,arc labels,,0.613265306122449,0.06293706293706294,0.5
Left,random,PTT,WRM,6,0.05,1,508,18,51,4,QOTu-HSsrc,arc segments,,0.5327664399092971,0.045871559633027525,0.2777777777777778
Left,random,PTT,WRM,6,0.05,1,508,18,51,4,QOTu-PCA,arc segments,16.0,0.5989795918367347,0.05732484076433121,0.5
Left,random,PTT,WRM,6,0.05,1,508,18,51,4,QOTc-HS4,arc labels,,0.5263038548752834,0.04,0.4444444444444444
Left,random,PTT,WRM,6,0.05,1,508,18,51,4,QOTc-HSsrc,arc labels,,0.5428571428571429,0.04245283018867924,0.5
Left,random,PTT,WRM,6,0.05,1,508,18,51,4,QOTc-PCA,arc labels,64.0,0.4910430839002268,0.02702702702702703,0.05555555555555555
Left,random,PTT,WRM,6,0.05,1,508,18,51,4,SDM-HS4,arc labels,,0.4470521541950113,0.025906735751295335,0.2777777777777778
Left,random,PTT,WRM,6,0.05,1,508,18,51,4,SDM-HSsrc,arc labels,,0.5091836734693878,0.036734693877551024,0.5
Left,random,PTT,WRM,6,0.05,1,508,18,51,4,SDM-PCA,arc labels,32.0,0.419047619047619,0.018292682926829267,0.16666666666666666
Left,random,PTT,WRM,6,0.1,1,508,18,102,7,NoAdapt,nothing,,0.5642857142857143,0.04712041884816754,0.5
Left,random,PTT,WRM,6,0.1,1,508,18,102,7,TargetOnly,arc labels,,0.7117913832199546,0.06557377049180328,0.8888888888888888
Left,random,PTT,WRM,6,0.1,1,508,18,102,7,Source+Target,arc labels,,0.563265306122449,0.046875,0.5
Left,random,PTT,WRM,6,0.1,1,508,18,102,7,COT,arc labels,,0.6343537414965986,0.057971014492753624,0.6666666666666666
Left,random,PTT,WRM,6,0.1,1,508,18,102,7,none-HS4,arc labels,,0.514172335600907,0.04040404040404041,0.2222222222222222
Left,random,PTT,WRM,6,0.1,1,508,18,102,7,none-HSsrc,nothing,,0.5192743764172336,0.0425531914893617,0.2222222222222222
Left,random,PTT,WRM,6,0.1,1,508,18,102,7,none-PCA,arc segments,64.0,0.586281179138322,0.061946902654867256,0.3888888888888889
Left,random,PTT,WRM,6,0.1,1,508,18,102,7,QOTu-HS4,arc labels,,0.5513605442176871,0.05042016806722689,0.3333333333333333
Left,random,PTT,WRM,6,0.1,1,508,18,102,7,QOTu-HSsrc,arc segments,,0.5605442176870749,0.05454545454545454,0.3333333333333333
Left,random,PTT,WRM,6,0.1,1,508,18,102,7,QOTu-PCA,arc segments,16.0,0.5472789115646258,0.04878048780487805,0.3333333333333333
Left,random,PTT,WRM,6,0.1,1,508,18,102,7,QOTc-HS4,arc labels,,0.704421768707483,0.06726457399103139,0.8333333333333334
Left,random,PTT,WRM,6,0.1,1,508,18,102,7,QOTc-HSsrc,arc labels,,0.5604308390022676,0.04484304932735426,0.5555555555555556
Left,random,PTT,WRM,6,0.1,1,508,18,102,7,QOTc-PCA,arc labels,32.0,0.6160997732426303,0.07142857142857142,0.4444444444444444
Left,random,PTT,WRM,6,0.1,1,508,18,102,7,SDM-HS4,arc labels,,0.4791383219954649,0.03211009174311927,0.3888888888888889
Left,random,PTT,WRM,6,0.1,1,508,18,102,7,SDM-HSsrc,arc labels,,0.5206349206349207,0.03816793893129771,0.5555555555555556
Left,random,PTT,WRM,6,0.1,1,508,18,102,7,SDM-PCA,arc labels,16.0,0.7085034013605442,0.0684931506849315,0.8333333333333334
Left,random,PTT,WRM,6,0.2,1,508,18,203,16,NoAdapt,nothing,,0.5642857142857143,0.04712041884816754,0.5
Left,random,PTT,WRM,6,0.2,1,508,18,203,16,TargetOnly,arc labels,,0.6674603174603175,0.06060606060606061,0.7777777777777778
Left,random,PTT,WRM,6,0.2,1,508,18,203,16,Source+Target,arc labels,,0.5775510204081633,0.05056179775280899,0.5
Left,random,PTT,WRM,6,0.2,1,508,18,203,16,COT,arc labels,,0.603514739229025,0.05263157894736842,0.6111111111111112
Left,random,PTT,WRM,6,0.2,1,508,18,203,16,none-HS4,arc labels,,0.5131519274376417,0.04,0.2222222222222222
Left,random,PTT,WRM,6,0.2,1,508,18,203,16,none-HSsrc,nothing,,0.5192743764172336,0.0425531914893617,0.2222222222222222
Left,random,PTT,WRM,6,0.2,1,508,18,203,16,none-PCA,arc segments,16.0,0.5458049886621315,0.058823529411764705,0.2222222222222222
Left,random,PTT,WRM,6,0.2,1,508,18,203,16,QOTu-HS4,arc labels,,0.44739229024943306,0.018518518518518517,0.1111111111111111
Left,random,PTT,WRM,6,0.2,1,508,18,203,16,QOTu-HSsrc,arc segments,,0.5605442176870749,0.05454545454545454,0.3333333333333333
Left,random,PTT,WRM,6,0.2,1,508,18,203,16,QOTu-PCA,arc segments,16.0,0.5350340136054421,0.044444444444444446,0.3333333333333333
Left,random,PTT,WRM,6,0.2,1,508,18,203,16,QOTc-HS4,arc labels,,0.5638321995464852,0.05185185185185185,0.3888888888888889
Left,random,PTT,WRM,6,0.2,1,508,18,203,16,QOTc-HSsrc,arc labels,,0.5056689342403629,0.036458333333333336,0.3888888888888889
Left,random,PTT,WRM,6,0.2,1,508,18,203,16,QOTc-PCA,arc labels,64.0,0.6281179138321995,0.09722222222222222,0.3888888888888889
Left,random,PTT,WRM,6,0.2,1,508,18,203,16,SDM-HS4,arc labels,,0.40600907029478456,0.01951219512195122,0.2222222222222222
Left,random,PTT,WRM,6,0.2,1,508,18,203,16,SDM-HSsrc,arc labels,,0.5441043083900227,0.04184100418410042,0.5555555555555556
Left,random,PTT,WRM,6,0.2,1,508,18,203,16,SDM-PCA,arc labels,32.0,0.607936507936508,0.06666666666666667,0.4444444444444444
Left,random,PTT,WRM,6,0.3,1,508,18,305,22,NoAdapt,nothing,,0.5642857142857143,0.04712041884816754,0.5
Left,random,PTT,WRM,6,0.3,1,508,18,305,22,TargetOnly,arc labels,,0.685827664399093,0.06572769953051644,0.7777777777777778
Left,random,PTT,WRM,6,0.3,1,508,18,305,22,Source+Target,arc labels,,0.5704081632653062,0.04864864864864865,0.5
Left,random,PTT,WRM,6,0.3,1,508,18,305,22,COT,arc labels,,0.5609977324263038,0.04819277108433735,0.4444444444444444
Left,random,PTT,WRM,6,0.3,1,508,18,305,22,none-HS4,arc labels,,0.5111111111111111,0.0392156862745098,0.2222222222222222
Left,random,PTT,WRM,6,0.3,1,508,18,305,22,none-HSsrc,nothing,,0.5192743764172336,0.0425531914893617,0.2222222222222222
Left,random,PTT,WRM,6,0.3,1,508,18,305,22,none-PCA,arc segments,16.0,0.5458049886621315,0.058823529411764705,0.2222222222222222
Left,random,PTT,WRM,6,0.3,1,508,18,305,22,QOTu-HS4,arc labels,,0.5554421768707483,0.05217391304347826,0.3333333333333333
Left,random,PTT,WRM,6,0.3,1,508,18,305,22,QOTu-HSsrc,arc segments,,0.5595238095238095,0.05405405405405406,0.3333333333333333
Left,random,PTT,WRM,6,0.3,1,508,18,305,22,QOTu-PCA,arc segments,16.0,0.5332199546485261,0.04242424242424243,0.3888888888888889
Left,random,PTT,WRM,6,0.3,1,508,18,305,22,QOTc-HS4,arc labels,,0.5090702947845804,0.038461538461538464,0.2222222222222222
Left,random,PTT,WRM,6,0.3,1,508,18,305,22,QOTc-HSsrc,arc labels,,0.5148526077097506,0.03825136612021858,0.3888888888888889
Left,random,PTT,WRM,6,0.3,1,508,18,305,22,QOTc-PCA,arc labels,64.0,0.5909297052154194,0.09615384615384616,0.2777777777777778
Left,random,PTT,WRM,6,0.3,1,508,18,305,22,SDM-HS4,arc labels,,0.43458049886621314,0.022598870056497175,0.2222222222222222
Left,random,PTT,WRM,6,0.3,1,508,18,305,22,SDM-HSsrc,arc labels,,0.5502267573696145,0.04291845493562232,0.5555555555555556
Left,random,PTT,WRM,6,0.3,1,508,18,305,22,SDM-PCA,arc labels,16.0,0.5540816326530612,0.04477611940298507,0.5
Left,random,PTT,WRM,6,0.5,1,508,18,487,32,NoAdapt,nothing,,0.5642857142857143,0.04712041884816754,0.5
Left,random,PTT,WRM,6,0.5,1,508,18,487,32,TargetOnly,arc labels,,0.6837868480725624,0.06511627906976744,0.7777777777777778
Left,random,PTT,WRM,6,0.5,1,508,18,487,32,Source+Target,arc labels,,0.5653061224489796,0.04736842105263158,0.5
Left,random,PTT,WRM,6,0.5,1,508,18,487,32,COT,arc labels,,0.6157596371882086,0.05583756345177665,0.6111111111111112
Left,random,PTT,WRM,6,0.5,1,508,18,487,32,none-HS4,arc labels,,0.5111111111111111,0.0392156862745098,0.2222222222222222
Left,random,PTT,WRM,6,0.5,1,508,18,487,32,none-HSsrc,nothing,,0.5192743764172336,0.0425531914893617,0.2222222222222222
Left,random,PTT,WRM,6,0.5,1,508,18,487,32,none-PCA,arc segments,16.0,0.5447845804988662,0.057971014492753624,0.2222222222222222
Left,random,PTT,WRM,6,0.5,1,508,18,487,32,QOTu-HS4,arc labels,,0.6295918367346939,0.07086614173228346,0.5
Left,random,PTT,WRM,6,0.5,1,508,18,487,32,QOTu-HSsrc,arc segments,,0.5605442176870749,0.05454545454545454,0.3333333333333333
Left,random,PTT,WRM,6,0.5,1,508,18,487,32,QOTu-PCA,arc segments,16.0,0.5054421768707483,0.036585365853658534,0.3333333333333333
Left,random,PTT,WRM,6,0.5,1,508,18,487,32,QOTc-HS4,arc labels,,0.6430839002267574,0.07042253521126761,0.5555555555555556
Left,random,PTT,WRM,6,0.5,1,508,18,487,32,QOTc-HSsrc,arc labels,,0.51281179138322,0.03783783783783784,0.3888888888888889
Left,random,PTT,WRM,6,0.5,1,508,18,487,32,QOTc-PCA,arc labels,64.0,0.6795918367346938,0.11538461538461539,0.5
Left,random,PTT,WRM,6,0.5,1,508,18,487,32,SDM-HS4,arc labels,,0.5446712018140589,0.04395604395604396,0.4444444444444444
Left,random,PTT,WRM,6,0.5,1,508,18,487,32,SDM-HSsrc,arc labels,,0.5359410430839002,0.04048582995951417,0.5555555555555556
Left,random,PTT,WRM,6,0.5,1,508,18,487,32,SDM-PCA,arc labels,32.0,0.5370748299319728,0.045112781954887216,0.3333333333333333
Left,random,PTT,WRM,7,0.05,1,508,19,51,5,NoAdapt,nothing,,0.5566139274566785,0.04716981132075472,0.5263157894736842
Left,random,PTT,WRM,7,0.05,1,508,19,51,5,TargetOnly,arc labels,,0.6115595737810784,0.05945945945945946,0.5789473684210527
Left,random,PTT,WRM,7,0.05,1,508,19,51,5,Source+Target,arc labels,,0.5555914325691529,0.046948356807511735,0.5263157894736842
Left,random,PTT,WRM,7,0.05,1,508,19,51,5,COT,arc labels,,0.5343881175330966,0.043478260869565216,0.47368421052631576
Left,random,PTT,WRM,7,0.05,1,508,19,51,5,none-HS4,arc labels,,0.5088795608653536,0.04,0.2631578947368421
Left,random,PTT,WRM,7,0.05,1,508,19,51,5,none-HSsrc,nothing,,0.5088795608653536,0.04,0.2631578947368421
Left,random,PTT,WRM,7,0.05,1,508,19,51,5,none-PCA,arc segments,16.0,0.5904100742654181,0.08333333333333333,0.3157894736842105
Left,random,PTT,WRM,7,0.05,1,508,19,51,5,QOTu-HS4,arc labels,,0.6148961360456355,0.06451612903225806,0.5263157894736842
Left,random,PTT,WRM,7,0.05,1,508,19,51,5,QOTu-HSsrc,arc segments,,0.5280378861263588,0.045112781954887216,0.3157894736842105
Left,random,PTT,WRM,7,0.05,1,508,19,51,5,QOTu-PCA,arc segments,32.0,0.6090302443224626,0.06716417910447761,0.47368421052631576
Left,random,PTT,WRM,7,0.05,1,508,19,51,5,QOTc-HS4,arc labels,,0.6141427187600904,0.06976744186046512,0.47368421052631576
Left,random,PTT,WRM,7,0.05,1,508,19,51,5,QOTc-HSsrc,arc labels,,0.4467764503282747,0.025157232704402517,0.21052631578947367
Left,random,PTT,WRM,7,0.05,1,508,19,51,5,QOTc-PCA,arc labels,64.0,0.5332041760843828,0.09523809523809523,0.10526315789473684
Left,random,PTT,WRM,7,0.05,1,508,19,51,5,SDM-HS4,arc labels,,0.6000968679367129,0.06896551724137931,0.42105263157894735
Left,random,PTT,WRM,7,0.05,1,508,19,51,5,SDM-HSsrc,arc labels,,0.4820256161877085,0.033707865168539325,0.3157894736842105
Left,random,PTT,WRM,7,0.05,1,508,19,51,5,SDM-PCA,arc labels,16.0,0.5385319126035949,0.052083333333333336,0.2631578947368421
Left,random,PTT,WRM,7,0.1,1,508,19,102,13,NoAdapt,nothing,,0.5566139274566785,0.04716981132075472,0.5263157894736842
Left,random,PTT,WRM,7,0.1,1,508,19,102,13,TargetOnly,arc labels,,0.6084382735981058,0.05084745762711865,0.7894736842105263
Left,random,PTT,WRM,7,0.1,1,508,19,102,13,Source+Target,arc labels,,0.533365622645571,0.04326923076923077,0.47368421052631576
Left,random,PTT,WRM,7,0.1,1,508,19,102,13,COT,arc labels,,0.526208158432892,0.04186046511627907,0.47368421052631576
Left,random,PTT,WRM,7,0.1,1,508,19,102,13,none-HS4,arc labels,,0.5088795608653536,0.04,0.2631578947368421
Left,random,PTT,WRM,7,0.1,1,508,19,102,13,none-HSsrc,nothing,,0.5088795608653536,0.04,0.2631578947368421
Left,random,PTT,WRM,7,0.1,1,508,19,102,13,none-PCA,arc segments,16.0,0.5832526100527392,0.0759493670886076,0.3157894736842105
Left,random,PTT,WRM,7,0.1,1,508,19,102,13,QOTu-HS4,arc labels,,0.6008502852222581,0.06338028169014084,0.47368421052631576
Left,random,PTT,WRM,7,0.1,1,508,19,102,13,QOTu-HSsrc,arc segments,,0.5471962113873641,0.04964539007092199,0.3684210526315789
Left,random,PTT,WRM,7,0.1,1,508,19,102,13,QOTu-PCA,arc segments,32.0,0.5379937573996341,0.04666666666666667,0.3684210526315789
Left,random,PTT,WRM,7,0.1,1,508,19,102,13,QOTc-HS4,arc labels,,0.5167904423635776,0.041666666666666664,0.3157894736842105
Left,random,PTT,WRM,7,0.1,1,508,19,102,13,QOTc-HSsrc,arc labels,,0.42837154235281455,0.022598870056497175,0.21052631578947367
Left,random,PTT,WRM,7,0.1,1,508,19,102,13,QOTc-PCA,arc labels,64.0,0.5063502314067377,0.04054054054054054,0.15789473684210525
Left,random,PTT,WRM,7,0.1,1,508,19,102,13,SDM-HS4,arc labels,,0.6565493488322032,0.07801418439716312,0.5789473684210527
Left,random,PTT,WRM,7,0.1,1,508,19,102,13,SDM-HSsrc,arc labels,,0.5172747820471424,0.04060913705583756,0.42105263157894735
Left,random,PTT,WRM,7,0.1,1,508,19,102,13,SDM-PCA,arc labels,64.0,0.48326337315681844,0.03501945525291829,0.47368421052631576
Left,random,PTT,WRM,7,0.2,1,508,19,203,20,NoAdapt,nothing,,0.5566139274566785,0.04716981132075472,0.5263157894736842
Left,random,PTT,WRM,7,0.2,1,508,19,203,20,TargetOnly,arc labels,,0.6764072758583576,0.06028368794326241,0.8947368421052632
Left,random,PTT,WRM,7,0.2,1,508,19,203,20,Source+Target,arc labels,,0.5443439888063717,0.044642857142857144,0.5263157894736842
Left,random,PTT,WRM,7,0.2,1,508,19,203,20,COT,arc labels,,0.5956839952642342,0.051181102362204724,0.6842105263157895
Left,random,PTT,WRM,7,0.2,1,508,19,203,20,none-HS4,arc labels,,0.5088795608653536,0.04,0.2631578947368421
Left,random,PTT,WRM,7,0.2,1,508,19,203,20,none-HSsrc,nothing,,0.5088795608653536,0.04,0.2631578947368421
Left,random,PTT,WRM,7,0.2,1,508,19,203,20,none-PCA,arc segments,16.0,0.5630717899042084,0.06944444444444445,0.2631578947368421
Left,random,PTT,WRM,7,0.2,1,508,19,203,20,QOTu-HS4,arc labels,,0.6018727801097836,0.06382978723404255,0.47368421052631576
Left,random,PTT,WRM,7,0.2,1,508,19,203,20,QOTu-HSsrc,arc segments,,0.5471962113873641,0.04964539007092199,0.3684210526315789
Left,random,PTT,WRM,7,0.2,1,508,19,203,20,QOTu-PCA,arc segments,32.0,0.5359487676245829,0.046052631578947366,0.3684210526315789
Left,random,PTT,WRM,7,0.2,1,508,19,203,20,QOTc-HS4,arc labels,,0.6008502852222581,0.06338028169014084,0.47368421052631576
Left,random,PTT,WRM,7,0.2,1,508,19,203,20,QOTc-HSsrc,arc labels,,0.45953072866214617,0.03,0.3157894736842105
Left,random,PTT,WRM,7,0.2,1,508,19,203,20,QOTc-PCA,arc labels,64.0,0.6065009148638467,0.08433734939759036,0.3684210526315789
Left,random,PTT,WRM,7,0.2,1,508,19,203,20,SDM-HS4,arc labels,,0.5707135938004521,0.059322033898305086,0.3684210526315789
Left,random,PTT,WRM,7,0.2,1,508,19,203,20,SDM-HSsrc,arc labels,,0.5101173178344635,0.0392156862745098,0.42105263157894735
Left,random,PTT,WRM,7,0.2,1,508,19,203,20,SDM-PCA,arc labels,64.0,0.6689807340436982,0.056962025316455694,0.9473684210526315
Left,random,PTT,WRM,7,0.3,1,508,19,305,27,NoAdapt,nothing,,0.5566139274566785,0.04716981132075472,0.5263157894736842
Left,random,PTT,WRM,7,0.3,1,508,19,305,27,TargetOnly,arc labels,,0.64395651705952,0.05574912891986063,0.8421052631578947
Left,random,PTT,WRM,7,0.3,1,508,19,305,27,Source+Target,arc labels,,0.5402540092562695,0.043859649122807015,0.5263157894736842
Left,random,PTT,WRM,7,0.3,1,508,19,305,27,COT,arc labels,,0.5489183080400387,0.04395604395604396,0.631578947368421
Left,random,PTT,WRM,7,0.3,1,508,19,305,27,none-HS4,arc labels,,0.5088795608653536,0.04,0.2631578947368421
Left,random,PTT,WRM,7,0.3,1,508,19,305,27,none-HSsrc,nothing,,0.5088795608653536,0.04,0.2631578947368421
Left,random,PTT,WRM,7,0.3,1,508,19,305,27,none-PCA,arc segments,16.0,0.5620492950166828,0.0684931506849315,0.2631578947368421
Left,random,PTT,WRM,7,0.3,1,508,19,305,27,QOTu-HS4,arc labels,,0.5926703261220536,0.06,0.47368421052631576
Left,random,PTT,WRM,7,0.3,1,508,19,305,27,QOTu-HSsrc,arc segments,,0.545151221612313,0.04895104895104895,0.3684210526315789
Left,random,PTT,WRM,7,0.3,1,508,19,305,27,QOTu-PCA,arc segments,32.0,0.5379937573996341,0.04666666666666667,0.3684210526315789
Left,random,PTT,WRM,7,0.3,1,508,19,305,27,QOTc-HS4,arc labels,,0.5622645570982672,0.05228758169934641,0.42105263157894735
Left,random,PTT,WRM,7,0.3,1,508,19,305,27,QOTc-HSsrc,arc labels,,0.4150791088149822,0.021052631578947368,0.21052631578947367
Left,random,PTT,WRM,7,0.3,1,508,19,305,27,QOTc-PCA,arc labels,64.0,0.6468625551609084,0.09278350515463918,0.47368421052631576
Left,random,PTT,WRM,7,0.3,1,508,19,305,27,SDM-HS4,arc labels,,0.5512861909374663,0.051094890510948905,0.3684210526315789
Left,random,PTT,WRM,7,0.3,1,508,19,305,27,SDM-HSsrc,arc labels,,0.4413948982886664,0.02617801047120419,0.2631578947368421
Left,random,PTT,WRM,7,0.3,1,508,19,305,27,SDM-PCA,arc labels,64.0,0.5872349585620493,0.04844290657439446,0.7368421052631579
Left,random,PTT,WRM,7,0.5,1,508,19,498,35,NoAdapt,nothing,,0.5566139274566785,0.04716981132075472,0.5263157894736842
Left,random,PTT,WRM,7,0.5,1,508,19,498,35,TargetOnly,arc labels,,0.6549348832203208,0.056105610561056105,0.8947368421052632
Left,random,PTT,WRM,7,0.5,1,508,19,498,35,Source+Target,arc labels,,0.5433214939188462,0.044444444444444446,0.5263157894736842
Left,random,PTT,WRM,7,0.5,1,508,19,498,35,COT,arc labels,,0.4446776450328275,0.029850746268656716,0.42105263157894735
Left,random,PTT,WRM,7,0.5,1,508,19,498,35,none-HS4,arc labels,,0.507857065977828,0.03968253968253968,0.2631578947368421
Left,random,PTT,WRM,7,0.5,1,508,19,498,35,none-HSsrc,nothing,,0.5088795608653536,0.04,0.2631578947368421
Left,random,PTT,WRM,7,0.5,1,508,19,498,35,none-PCA,arc segments,16.0,0.5600043052416317,0.06666666666666667,0.2631578947368421
Left,random,PTT,WRM,7,0.5,1,508,19,498,35,QOTu-HS4,arc labels,,0.5947153158971047,0.060810810810810814,0.47368421052631576
Left,random,PTT,WRM,7,0.5,1,508,19,498,35,QOTu-HSsrc,arc segments,,0.5431062318372618,0.04827586206896552,0.3684210526315789
Left,random,PTT,WRM,7,0.5,1,508,19,498,35,QOTu-PCA,arc segments,32.0,0.5359487676245829,0.046052631578947366,0.3684210526315789
Left,random,PTT,WRM,7,0.5,1,508,19,498,35,QOTc-HS4,arc labels,,0.5936928210095791,0.06040268456375839,0.47368421052631576
Left,random,PTT,WRM,7,0.5,1,508,19,498,35,QOTc-HSsrc,arc labels,,0.511139812721989,0.03940886699507389,0.42105263157894735
Left,random,PTT,WRM,7,0.5,1,508,19,498,35,QOTc-PCA,arc labels,32.0,0.6468625551609084,0.09278350515463918,0.47368421052631576
Left,random,PTT,WRM,7,0.5,1,508,19,498,35,SDM-HS4,arc labels,,0.5668926918523303,0.06315789473684211,0.3157894736842105
Left,random,PTT,WRM,7,0.5,1,508,19,498,35,SDM-HSsrc,arc labels,,0.5765256700032289,0.04878048780487805,0.631578947368421
Left,random,PTT,WRM,7,0.5,1,508,19,498,35,SDM-PCA,arc labels,32.0,0.406414810031213,0.013793103448275862,0.10526315789473684
Left,random,RTT,HTL,0,0.05,1,401,79,40,9,NoAdapt,nothing,,0.6726157716801635,0.2905982905982906,0.8607594936708861
Left,random,RTT,HTL,0,0.05,1,401,79,40,9,TargetOnly,arc labels,,0.5553699190187907,0.24647887323943662,0.4430379746835443
Left,random,RTT,HTL,0,0.05,1,401,79,40,9,Source+Target,arc labels,,0.5645097885053857,0.22188449848024316,0.9240506329113924
Left,random,RTT,HTL,0,0.05,1,401,79,40,9,COT,arc labels,,0.5108105983174778,0.20418848167539266,0.4936708860759494
Left,random,RTT,HTL,0,0.05,1,401,79,40,9,none-HS4,arc labels,,0.5364415441465524,0.21052631578947367,0.9113924050632911
Left,random,RTT,HTL,0,0.05,1,401,79,40,9,none-HSsrc,nothing,,0.5209135938359933,0.20454545454545456,0.9113924050632911
Left,random,RTT,HTL,0,0.05,1,401,79,40,9,none-PCA,arc segments,8.0,0.5582986083811621,0.21921921921921922,0.9240506329113924
Left,random,RTT,HTL,0,0.05,1,401,79,40,9,QOTu-HS4,arc labels,,0.6217666483214089,0.3,0.569620253164557
Left,random,RTT,HTL,0,0.05,1,401,79,40,9,QOTu-HSsrc,arc segments,,0.5907107477002909,0.2647058823529412,0.569620253164557
Left,random,RTT,HTL,0,0.05,1,401,79,40,9,QOTu-PCA,arc segments,4.0,0.6171082632282412,0.29411764705882354,0.569620253164557
Left,random,RTT,HTL,0,0.05,1,401,79,40,9,QOTc-HS4,arc labels,,0.6020717037502948,0.3076923076923077,0.45569620253164556
Left,random,RTT,HTL,0,0.05,1,401,79,40,9,QOTc-HSsrc,arc labels,,0.5822195141127446,0.24644549763033174,0.6582278481012658
Left,random,RTT,HTL,0,0.05,1,401,79,40,9,QOTc-PCA,arc labels,64.0,0.5106140419844327,0.22448979591836735,0.13924050632911392
Left,random,RTT,HTL,0,0.05,1,401,79,40,9,SDM-HS4,arc labels,,0.5451096784338392,0.25,0.34177215189873417
Left,random,RTT,HTL,0,0.05,1,401,79,40,9,SDM-HSsrc,arc labels,,0.5773252614199229,0.24509803921568626,0.6329113924050633
Left,random,RTT,HTL,0,0.05,1,401,79,40,9,SDM-PCA,arc labels,32.0,0.4949485022407422,0.19166666666666668,0.2911392405063291
Left,random,RTT,HTL,0,0.1,1,401,79,80,15,NoAdapt,nothing,,0.6726157716801635,0.2905982905982906,0.8607594936708861
Left,random,RTT,HTL,0,0.1,1,401,79,80,15,TargetOnly,arc labels,,0.5232526141992295,0.2222222222222222,0.3291139240506329
Left,random,RTT,HTL,0,0.1,1,401,79,80,15,Source+Target,arc labels,,0.5396650680084912,0.21159420289855072,0.9240506329113924
Left,random,RTT,HTL,0,0.1,1,401,79,80,15,COT,arc labels,,0.5902390125009828,0.2733333333333333,0.5189873417721519
Left,random,RTT,HTL,0,0.1,1,401,79,80,15,none-HS4,arc labels,,0.5410999292397201,0.21238938053097345,0.9113924050632911
Left,random,RTT,HTL,0,0.1,1,401,79,80,15,none-HSsrc,nothing,,0.5209135938359933,0.20454545454545456,0.9113924050632911
Left,random,RTT,HTL,0,0.1,1,401,79,80,15,none-PCA,arc segments,4.0,0.5764604135545247,0.2292358803986711,0.8734177215189873
Left,random,RTT,HTL,0,0.1,1,401,79,80,15,QOTu-HS4,arc labels,,0.6266609010142307,0.29936305732484075,0.5949367088607594
Left,random,RTT,HTL,0,0.1,1,401,79,80,15,QOTu-HSsrc,arc segments,,0.5799591162827267,0.25274725274725274,0.5822784810126582
Left,random,RTT,HTL,0,0.1,1,401,79,80,15,QOTu-PCA,arc segments,4.0,0.6203317870901801,0.2948717948717949,0.5822784810126582
Left,random,RTT,HTL,0,0.1,1,401,79,80,15,QOTc-HS4,arc labels,,0.5317241921534712,0.22535211267605634,0.4050632911392405
Left,random,RTT,HTL,0,0.1,1,401,79,80,15,QOTc-HSsrc,arc labels,,0.6064549099771995,0.2542372881355932,0.759493670886076
Left,random,RTT,HTL,0,0.1,1,401,79,80,15,QOTc-PCA,arc labels,64.0,0.4888552559163456,0.18604651162790697,0.3037974683544304
Left,random,RTT,HTL,0,0.1,1,401,79,80,15,SDM-HS4,arc labels,,0.5564509788505385,0.256198347107438,0.3924050632911392
Left,random,RTT,HTL,0,0.1,1,401,79,80,15,SDM-HSsrc,arc labels,,0.6820701312996305,0.33532934131736525,0.7088607594936709
Left,random,RTT,HTL,0,0.1,1,401,79,80,15,SDM-PCA,arc labels,32.0,0.4680595958801792,0.17486338797814208,0.4050632911392405
Left,random,RTT,HTL,0,0.2,1,401,79,161,34,NoAdapt,nothing,,0.6726157716801635,0.2905982905982906,0.8607594936708861
Left,random,RTT,HTL,0,0.2,1,401,79,161,34,TargetOnly,arc labels,,0.5437730953691328,0.22702702702702704,0.5316455696202531
Left,random,RTT,HTL,0,0.2,1,401,79,161,34,Source+Target,arc labels,,0.5225843226668764,0.2050561797752809,0.9240506329113924
Left,random,RTT,HTL,0,0.2,1,401,79,161,34,COT,arc labels,,0.5133068637471498,0.20434782608695654,0.5949367088607594
Left,random,RTT,HTL,0,0.2,1,401,79,161,34,none-HS4,arc labels,,0.5362056765468983,0.21084337349397592,0.8860759493670886
Left,random,RTT,HTL,0,0.2,1,401,79,161,34,none-HSsrc,nothing,,0.5209135938359933,0.20454545454545456,0.9113924050632911
Left,random,RTT,HTL,0,0.2,1,401,79,161,34,none-PCA,arc segments,4.0,0.5702492334303011,0.2262295081967213,0.8734177215189873
Left,random,RTT,HTL,0,0.2,1,401,79,161,34,QOTu-HS4,arc labels,,0.6315551537070525,0.29878048780487804,0.620253164556962
Left,random,RTT,HTL,0,0.2,1,401,79,161,34,QOTu-HSsrc,arc segments,,0.5631142385407658,0.23645320197044334,0.6075949367088608
Left,random,RTT,HTL,0,0.2,1,401,79,161,34,QOTu-PCA,arc segments,4.0,0.6363314726000472,0.30120481927710846,0.6329113924050633
Left,random,RTT,HTL,0,0.2,1,401,79,161,34,QOTc-HS4,arc labels,,0.5410213067065022,0.22277227722772278,0.569620253164557
Left,random,RTT,HTL,0,0.2,1,401,79,161,34,QOTc-HSsrc,arc labels,,0.631535498073748,0.26956521739130435,0.7848101265822784
Left,random,RTT,HTL,0,0.2,1,401,79,161,34,QOTc-PCA,arc labels,64.0,0.4868110700526771,0.1875,0.4177215189873418
Left,random,RTT,HTL,0,0.2,1,401,79,161,34,SDM-HS4,arc labels,,0.5146434468118563,0.20915032679738563,0.4050632911392405
Left,random,RTT,HTL,0,0.2,1,401,79,161,34,SDM-HSsrc,arc labels,,0.7029837251356239,0.4152542372881356,0.620253164556962
Left,random,RTT,HTL,0,0.2,1,401,79,161,34,SDM-PCA,arc labels,64.0,0.5013169274314019,0.19743589743589743,0.9746835443037974
Left,random,RTT,HTL,0,0.3,1,401,79,241,58,NoAdapt,nothing,,0.6726157716801635,0.2905982905982906,0.8607594936708861
Left,random,RTT,HTL,0,0.3,1,401,79,241,58,TargetOnly,arc labels,,0.5237046937652331,0.21182266009852216,0.5443037974683544
Left,random,RTT,HTL,0,0.3,1,401,79,241,58,Source+Target,arc labels,,0.5145844799119428,0.2022792022792023,0.8987341772151899
Left,random,RTT,HTL,0,0.3,1,401,79,241,58,COT,arc labels,,0.5120095919490526,0.2057142857142857,0.45569620253164556
Left,random,RTT,HTL,0,0.3,1,401,79,241,58,none-HS4,arc labels,,0.5332180202846136,0.20943952802359883,0.8987341772151899
Left,random,RTT,HTL,0,0.3,1,401,79,241,58,none-HSsrc,nothing,,0.5209135938359933,0.20454545454545456,0.9113924050632911
Left,random,RTT,HTL,0,0.3,1,401,79,241,58,none-PCA,arc segments,4.0,0.5593796682129099,0.22115384615384615,0.8734177215189873
Left,random,RTT,HTL,0,0.3,1,401,79,241,58,QOTu-HS4,arc labels,,0.6313192861073984,0.3051948051948052,0.5949367088607594
Left,random,RTT,HTL,0,0.3,1,401,79,241,58,QOTu-HSsrc,arc segments,,0.5676546898341064,0.24102564102564103,0.5949367088607594
Left,random,RTT,HTL,0,0.3,1,401,79,241,58,QOTu-PCA,arc segments,4.0,0.6331079487381084,0.3006134969325153,0.620253164556962
Left,random,RTT,HTL,0,0.3,1,401,79,241,58,QOTc-HS4,arc labels,,0.4898970044814844,0.19166666666666668,0.5822784810126582
Left,random,RTT,HTL,0,0.3,1,401,79,241,58,QOTc-HSsrc,arc labels,,0.5208153156694709,0.20640569395017794,0.7341772151898734
Left,random,RTT,HTL,0,0.3,1,401,79,241,58,QOTc-PCA,arc labels,64.0,0.4660154100165107,0.1782608695652174,0.5189873417721519
Left,random,RTT,HTL,0,0.3,1,401,79,241,58,SDM-HS4,arc labels,,0.4932581177765547,0.19230769230769232,0.4430379746835443
Left,random,RTT,HTL,0,0.3,1,401,79,241,58,SDM-HSsrc,arc labels,,0.6344052205362056,0.27522935779816515,0.759493670886076
Left,random,RTT,HTL,0,0.3,1,401,79,241,58,SDM-PCA,arc labels,64.0,0.5120685588489661,0.20105820105820105,0.9620253164556962
Left,random,RTT,HTL,0,0.5,1,401,79,391,88,NoAdapt,nothing,,0.6726157716801635,0.2905982905982906,0.8607594936708861
Left,random,RTT,HTL,0,0.5,1,401,79,391,88,TargetOnly,arc labels,,0.5411392405063291,0.2222222222222222,0.5822784810126582
Left,random,RTT,HTL,0,0.5,1,401,79,391,88,Source+Target,arc labels,,0.5082553659878921,0.2,0.8860759493670886
Left,random,RTT,HTL,0,0.5,1,401,79,391,88,COT,arc labels,,0.4762953062347669,0.18181818181818182,0.45569620253164556
Left,random,RTT,HTL,0,0.5,1,401,79,391,88,none-HS4,arc labels,,0.5332180202846136,0.20943952802359883,0.8987341772151899
Left,random,RTT,HTL,0,0.5,1,401,79,391,88,none-HSsrc,nothing,,0.5209135938359933,0.20454545454545456,0.9113924050632911
Left,random,RTT,HTL,0,0.5,1,401,79,391,88,none-PCA,arc segments,4.0,0.5483921691956914,0.21656050955414013,0.8607594936708861
Left,random,RTT,HTL,0,0.5,1,401,79,391,88,QOTu-HS4,arc labels,,0.6267788348140577,0.2962962962962963,0.6075949367088608
Left,random,RTT,HTL,0,0.5,1,401,79,391,88,QOTu-HSsrc,arc segments,,0.5645490997719946,0.23857868020304568,0.5949367088607594
Left,random,RTT,HTL,0,0.5,1,401,79,391,88,QOTu-PCA,arc segments,4.0,0.6378842676311032,0.30303030303030304,0.6329113924050633
Left,random,RTT,HTL,0,0.5,1,401,79,391,88,QOTc-HS4,arc labels,,0.49801478103624497,0.196,0.620253164556962
Left,random,RTT,HTL,0,0.5,1,401,79,391,88,QOTc-HSsrc,arc labels,,0.5161569305763032,0.20422535211267606,0.7341772151898734
Left,random,RTT,HTL,0,0.5,1,401,79,391,88,QOTc-PCA,arc labels,64.0,0.4600400974919412,0.1762295081967213,0.5443037974683544
Left,random,RTT,HTL,0,0.5,1,401,79,391,88,SDM-HS4,arc labels,,0.4543203082003302,0.16831683168316833,0.43037974683544306
Left,random,RTT,HTL,0,0.5,1,401,79,391,88,SDM-HSsrc,arc labels,,0.5893741646355846,0.242914979757085,0.759493670886076
Left,random,RTT,HTL,0,0.5,1,401,79,391,88,SDM-PCA,arc labels,64.0,0.5170807453416149,0.20256410256410257,1.0
Left,random,RTT,HTL,1,0.05,1,401,69,40,9,NoAdapt,nothing,,0.6712283918281823,0.2553191489361702,0.8695652173913043
Left,random,RTT,HTL,1,0.05,1,401,69,40,9,TargetOnly,arc labels,,0.3868299284092893,0.10837438423645321,0.3188405797101449
Left,random,RTT,HTL,1,0.05,1,401,69,40,9,Source+Target,arc labels,,0.5553518421512136,0.1906158357771261,0.9420289855072463
Left,random,RTT,HTL,1,0.05,1,401,69,40,9,COT,arc labels,,0.5,0.17206982543640897,1.0
Left,random,RTT,HTL,1,0.05,1,401,69,40,9,none-HS4,arc labels,,0.5529072812991095,0.1903323262839879,0.9130434782608695
Left,random,RTT,HTL,1,0.05,1,401,69,40,9,none-HSsrc,nothing,,0.536057272568535,0.1839080459770115,0.927536231884058
Left,random,RTT,HTL,1,0.05,1,401,69,40,9,none-PCA,arc segments,4.0,0.6091976602060416,0.21631205673758866,0.8840579710144928
Left,random,RTT,HTL,1,0.05,1,401,69,40,9,QOTu-HS4,arc labels,,0.6272044700541295,0.2702702702702703,0.5797101449275363
Left,random,RTT,HTL,1,0.05,1,401,69,40,9,QOTu-HSsrc,arc segments,,0.5410773528898202,0.1943127962085308,0.5942028985507246
Left,random,RTT,HTL,1,0.05,1,401,69,40,9,QOTu-PCA,arc segments,4.0,0.6734110354461323,0.2974683544303797,0.6811594202898551
Left,random,RTT,HTL,1,0.05,1,401,69,40,9,QOTc-HS4,arc labels,,0.3744979919678715,0.10599078341013825,0.3333333333333333
Left,random,RTT,HTL,1,0.05,1,401,69,40,9,QOTc-HSsrc,arc labels,,0.46680199057097954,0.15946843853820597,0.6956521739130435
Left,random,RTT,HTL,1,0.05,1,401,69,40,9,QOTc-PCA,arc labels,32.0,0.4504758163087131,0.10989010989010989,0.14492753623188406
Left,random,RTT,HTL,1,0.05,1,401,69,40,9,SDM-HS4,arc labels,,0.48406670158896453,0.15702479338842976,0.2753623188405797
Left,random,RTT,HTL,1,0.05,1,401,69,40,9,SDM-HSsrc,arc labels,,0.3647852278679937,0.12040133779264214,0.5217391304347826
Left,random,RTT,HTL,1,0.05,1,401,69,40,9,SDM-PCA,arc labels,16.0,0.500916710319539,0.17307692307692307,0.2608695652173913
Left,random,RTT,HTL,1,0.1,1,401,69,80,20,NoAdapt,nothing,,0.6712283918281823,0.2553191489361702,0.8695652173913043
Left,random,RTT,HTL,1,0.1,1,401,69,80,20,TargetOnly,arc labels,,0.5663960188580408,0.21,0.6086956521739131
Left,random,RTT,HTL,1,0.1,1,401,69,80,20,Source+Target,arc labels,,0.5267373843198883,0.18055555555555555,0.9420289855072463
Left,random,RTT,HTL,1,0.1,1,401,69,80,20,COT,arc labels,,0.48489610616378553,0.16326530612244897,0.463768115942029
Left,random,RTT,HTL,1,0.1,1,401,69,80,20,none-HS4,arc labels,,0.5664614981665793,0.1956521739130435,0.9130434782608695
Left,random,RTT,HTL,1,0.1,1,401,69,80,20,none-HSsrc,nothing,,0.536057272568535,0.1839080459770115,0.927536231884058
Left,random,RTT,HTL,1,0.1,1,401,69,80,20,none-PCA,arc segments,4.0,0.6016675397241138,0.21254355400696864,0.8840579710144928
Left,random,RTT,HTL,1,0.1,1,401,69,80,20,QOTu-HS4,arc labels,,0.6323773354286713,0.2654320987654321,0.6231884057971014
Left,random,RTT,HTL,1,0.1,1,401,69,80,20,QOTu-HSsrc,arc segments,,0.554064082416623,0.20093457943925233,0.6231884057971014
Left,random,RTT,HTL,1,0.1,1,401,69,80,20,QOTu-PCA,arc segments,4.0,0.6381176881438798,0.2682926829268293,0.6376811594202898
Left,random,RTT,HTL,1,0.1,1,401,69,80,20,QOTc-HS4,arc labels,,0.5098218962807752,0.17647058823529413,0.6521739130434783
Left,random,RTT,HTL,1,0.1,1,401,69,80,20,QOTc-HSsrc,arc labels,,0.5458573424131308,0.18983050847457628,0.8115942028985508
Left,random,RTT,HTL,1,0.1,1,401,69,80,20,QOTc-PCA,arc labels,64.0,0.5541732145975206,0.21333333333333335,0.463768115942029
Left,random,RTT,HTL,1,0.1,1,401,69,80,20,SDM-HS4,arc labels,,0.5229177579884756,0.18556701030927836,0.5217391304347826
Left,random,RTT,HTL,1,0.1,1,401,69,80,20,SDM-HSsrc,arc labels,,0.6798934869914441,0.27184466019417475,0.8115942028985508
Left,random,RTT,HTL,1,0.1,1,401,69,80,20,SDM-PCA,arc labels,32.0,0.5000436528723591,0.17209302325581396,0.5362318840579711
Left,random,RTT,HTL,1,0.2,1,401,69,161,41,NoAdapt,nothing,,0.6712283918281823,0.2553191489361702,0.8695652173913043
Left,random,RTT,HTL,1,0.2,1,401,69,161,41,TargetOnly,arc labels,,0.5419285839008207,0.19689119170984457,0.5507246376811594
Left,random,RTT,HTL,1,0.2,1,401,69,161,41,Source+Target,arc labels,,0.534267504801816,0.18309859154929578,0.9420289855072463
Left,random,RTT,HTL,1,0.2,1,401,69,161,41,COT,arc labels,,0.5075737733542868,0.1761904761904762,0.5362318840579711
Left,random,RTT,HTL,1,0.2,1,401,69,161,41,none-HS4,arc labels,,0.5604374017810372,0.19325153374233128,0.9130434782608695
Left,random,RTT,HTL,1,0.2,1,401,69,161,41,none-HSsrc,nothing,,0.536057272568535,0.1839080459770115,0.927536231884058
Left,random,RTT,HTL,1,0.2,1,401,69,161,41,none-PCA,arc segments,16.0,0.7377771957394796,0.31891891891891894,0.855072463768116
Left,random,RTT,HTL,1,0.2,1,401,69,161,41,QOTu-HS4,arc labels,,0.6323773354286713,0.2654320987654321,0.6231884057971014
Left,random,RTT,HTL,1,0.2,1,401,69,161,41,QOTu-HSsrc,arc segments,,0.5353370001746115,0.19138755980861244,0.5797101449275363
Left,random,RTT,HTL,1,0.2,1,401,69,161,41,QOTu-PCA,arc segments,4.0,0.6474375763925266,0.28289473684210525,0.6231884057971014
Left,random,RTT,HTL,1,0.2,1,401,69,161,41,QOTc-HS4,arc labels,,0.5053038239916187,0.1744186046511628,0.6521739130434783
Left,random,RTT,HTL,1,0.2,1,401,69,161,41,QOTc-HSsrc,arc labels,,0.554893486991444,0.19377162629757785,0.8115942028985508
Left,random,RTT,HTL,1,0.2,1,401,69,161,41,QOTc-PCA,arc labels,64.0,0.4952418369128688,0.16964285714285715,0.5507246376811594
Left,random,RTT,HTL,1,0.2,1,401,69,161,41,SDM-HS4,arc labels,,0.5310153658110703,0.192090395480226,0.4927536231884058
Left,random,RTT,HTL,1,0.2,1,401,69,161,41,SDM-HSsrc,arc labels,,0.6909158372620918,0.310126582278481,0.7101449275362319
Left,random,RTT,HTL,1,0.2,1,401,69,161,41,SDM-PCA,arc labels,64.0,0.5319102496944299,0.18181818181818182,0.9855072463768116
Left,random,RTT,HTL,1,0.3,1,401,69,241,53,NoAdapt,nothing,,0.6712283918281823,0.2553191489361702,0.8695652173913043
Left,random,RTT,HTL,1,0.3,1,401,69,241,53,TargetOnly,arc labels,,0.5458791688493103,0.19801980198019803,0.5797101449275363
Left,random,RTT,HTL,1,0.3,1,401,69,241,53,Source+Target,arc labels,,0.5372795529945871,0.18413597733711048,0.9420289855072463
Left,random,RTT,HTL,1,0.3,1,401,69,241,53,COT,arc labels,,0.5103020778767243,0.17757009345794392,0.5507246376811594
Left,random,RTT,HTL,1,0.3,1,401,69,241,53,none-HS4,arc labels,,0.5604374017810372,0.19325153374233128,0.9130434782608695
Left,random,RTT,HTL,1,0.3,1,401,69,241,53,none-HSsrc,nothing,,0.536057272568535,0.1839080459770115,0.927536231884058
Left,random,RTT,HTL,1,0.3,1,401,69,241,53,none-PCA,arc segments,4.0,0.5896193469530295,0.20677966101694914,0.8840579710144928
Left,random,RTT,HTL,1,0.3,1,401,69,241,53,QOTu-HS4,arc labels,,0.6236249345206915,0.25925925925925924,0.6086956521739131
Left,random,RTT,HTL,1,0.3,1,401,69,241,53,QOTu-HSsrc,arc segments,,0.5561375938536756,0.20398009950248755,0.5942028985507246
Left,random,RTT,HTL,1,0.3,1,401,69,241,53,QOTu-PCA,arc segments,4.0,0.644141784529422,0.275,0.6376811594202898
Left,random,RTT,HTL,1,0.3,1,401,69,241,53,QOTc-HS4,arc labels,,0.4950453989872533,0.16988416988416988,0.6376811594202898
Left,random,RTT,HTL,1,0.3,1,401,69,241,53,QOTc-HSsrc,arc labels,,0.4845905360572726,0.16610169491525423,0.7101449275362319
Left,random,RTT,HTL,1,0.3,1,401,69,241,53,QOTc-PCA,arc labels,64.0,0.5417321459752051,0.19298245614035087,0.6376811594202898
Left,random,RTT,HTL,1,0.3,1,401,69,241,53,SDM-HS4,arc labels,,0.43002444560852104,0.13488372093023257,0.42028985507246375
Left,random,RTT,HTL,1,0.3,1,401,69,241,53,SDM-HSsrc,arc labels,,0.4906146324428148,0.16838487972508592,0.7101449275362319
Left,random,RTT,HTL,1,0.3,1,401,69,241,53,SDM-PCA,arc labels,64.0,0.5466867469879518,0.1864864864864865,1.0
Left,random,RTT,HTL,1,0.5,1,401,69,380,94,NoAdapt,nothing,,0.6712283918281823,0.2553191489361702,0.8695652173913043
Left,random,RTT,HTL,1,0.5,1,401,69,380,94,TargetOnly,arc labels,,0.5473851929456959,0.19900497512437812,0.5797101449275363
Left,random,RTT,HTL,1,0.5,1,401,69,380,94,Source+Target,arc labels,,0.5433036493801292,0.18624641833810887,0.9420289855072463
Left,random,RTT,HTL,1,0.5,1,401,69,380,94,COT,arc labels,,0.5263008555962982,0.18604651162790697,0.5797101449275363
Left,random,RTT,HTL,1,0.5,1,401,69,380,94,none-HS4,arc labels,,0.5529072812991095,0.1903323262839879,0.9130434782608695
Left,random,RTT,HTL,1,0.5,1,401,69,380,94,none-HSsrc,nothing,,0.536057272568535,0.1839080459770115,0.927536231884058
Left,random,RTT,HTL,1,0.5,1,401,69,380,94,none-PCA,arc segments,4.0,0.5748428496595076,0.20066889632107024,0.8695652173913043
Left,random,RTT,HTL,1,0.5,1,401,69,380,94,QOTu-HS4,arc labels,,0.6356731272917758,0.2727272727272727,0.6086956521739131
Left,random,RTT,HTL,1,0.5,1,401,69,380,94,QOTu-HSsrc,arc segments,,0.5576436179500611,0.205,0.5942028985507246
Left,random,RTT,HTL,1,0.5,1,401,69,380,94,QOTu-PCA,arc segments,4.0,0.6501658809149642,0.28205128205128205,0.6376811594202898
Left,random,RTT,HTL,1,0.5,1,401,69,380,94,QOTc-HS4,arc labels,,0.5131176881438798,0.17813765182186234,0.6376811594202898
Left,random,RTT,HTL,1,0.5,1,401,69,380,94,QOTc-HSsrc,arc labels,,0.5216736511262441,0.18085106382978725,0.7391304347826086
Left,random,RTT,HTL,1,0.5,1,401,69,380,94,QOTc-PCA,arc labels,64.0,0.5281779291077353,0.18565400843881857,0.6376811594202898
Left,random,RTT,HTL,1,0.5,1,401,69,380,94,SDM-HS4,arc labels,,0.44423345556137595,0.14349775784753363,0.463768115942029
Left,random,RTT,HTL,1,0.5,1,401,69,380,94,SDM-HSsrc,arc labels,,0.5415357080495897,0.19011406844106463,0.7246376811594203
Left,random,RTT,HTL,1,0.5,1,401,69,380,94,SDM-PCA,arc labels,64.0,0.5144054478784704,0.17647058823529413,0.9565217391304348
Left,random,RTT,HTL,2,0.05,1,401,68,40,9,NoAdapt,nothing,,0.6546988164635223,0.24267782426778242,0.8529411764705882
Left,random,RTT,HTL,2,0.05,1,401,68,40,9,TargetOnly,arc labels,,0.4437378555025614,0.1340782122905028,0.35294117647058826
Left,random,RTT,HTL,2,0.05,1,401,68,40,9,Source+Target,arc labels,,0.5441618088676912,0.1839080459770115,0.9411764705882353
Left,random,RTT,HTL,2,0.05,1,401,68,40,9,COT,arc labels,,0.5,0.16957605985037408,1.0
Left,random,RTT,HTL,2,0.05,1,401,68,40,9,none-HS4,arc labels,,0.5579844550432785,0.18960244648318042,0.9117647058823529
Left,random,RTT,HTL,2,0.05,1,401,68,40,9,none-HSsrc,nothing,,0.5368088676912206,0.18155619596541786,0.9264705882352942
Left,random,RTT,HTL,2,0.05,1,401,68,40,9,none-PCA,arc segments,8.0,0.5726903373962198,0.1945288753799392,0.9411764705882353
Left,random,RTT,HTL,2,0.05,1,401,68,40,9,QOTu-HS4,arc labels,,0.6094329623741388,0.24539877300613497,0.5882352941176471
Left,random,RTT,HTL,2,0.05,1,401,68,40,9,QOTu-HSsrc,arc segments,,0.5318185832891715,0.18781725888324874,0.5441176470588235
Left,random,RTT,HTL,2,0.05,1,401,68,40,9,QOTu-PCA,arc segments,4.0,0.6433492315845257,0.2682926829268293,0.6470588235294118
Left,random,RTT,HTL,2,0.05,1,401,68,40,9,QOTc-HS4,arc labels,,0.43607578166401695,0.13157894736842105,0.36764705882352944
Left,random,RTT,HTL,2,0.05,1,401,68,40,9,QOTc-HSsrc,arc labels,,0.5181063416357534,0.17712177121771217,0.7058823529411765
Left,random,RTT,HTL,2,0.05,1,401,68,40,9,QOTc-PCA,arc labels,64.0,0.45760466348701645,0.12121212121212122,0.17647058823529413
Left,random,RTT,HTL,2,0.05,1,401,68,40,9,SDM-HS4,arc labels,,0.39692633810280864,0.09815950920245399,0.23529411764705882
Left,random,RTT,HTL,2,0.05,1,401,68,40,9,SDM-HSsrc,arc labels,,0.4542042042042042,0.1471861471861472,0.5
Left,random,RTT,HTL,2,0.05,1,401,68,40,9,SDM-PCA,arc labels,32.0,0.3729023140787847,0.0893854748603352,0.23529411764705882
Left,random,RTT,HTL,2,0.1,1,401,68,80,21,NoAdapt,nothing,,0.6546988164635223,0.24267782426778242,0.8529411764705882
Left,random,RTT,HTL,2,0.1,1,401,68,80,21,TargetOnly,arc labels,,0.429915209326974,0.13,0.38235294117647056
Left,random,RTT,HTL,2,0.1,1,401,68,80,21,Source+Target,arc labels,,0.5321497968556792,0.1797752808988764,0.9411764705882353
Left,random,RTT,HTL,2,0.1,1,401,68,80,21,COT,arc labels,,0.4369590178413708,0.13615023474178403,0.4264705882352941
Left,random,RTT,HTL,2,0.1,1,401,68,80,21,none-HS4,arc labels,,0.550476947535771,0.18674698795180722,0.9117647058823529
Left,random,RTT,HTL,2,0.1,1,401,68,80,21,none-HSsrc,nothing,,0.5368088676912206,0.18155619596541786,0.9264705882352942
Left,random,RTT,HTL,2,0.1,1,401,68,80,21,none-PCA,arc segments,8.0,0.5696873343932167,0.1933534743202417,0.9411764705882353
Left,random,RTT,HTL,2,0.1,1,401,68,80,21,QOTu-HS4,arc labels,,0.6157481010422188,0.2585034013605442,0.5588235294117647
Left,random,RTT,HTL,2,0.1,1,401,68,80,21,QOTu-HSsrc,arc segments,,0.554495672142731,0.20454545454545456,0.5294117647058824
Left,random,RTT,HTL,2,0.1,1,401,68,80,21,QOTu-PCA,arc segments,4.0,0.6389992934110581,0.2670807453416149,0.6323529411764706
Left,random,RTT,HTL,2,0.1,1,401,68,80,21,QOTc-HS4,arc labels,,0.4366498851792969,0.13777777777777778,0.45588235294117646
Left,random,RTT,HTL,2,0.1,1,401,68,80,21,QOTc-HSsrc,arc labels,,0.5287714184773008,0.1821705426356589,0.6911764705882353
Left,random,RTT,HTL,2,0.1,1,401,68,80,21,QOTc-PCA,arc labels,64.0,0.42876700229641407,0.1076923076923077,0.20588235294117646
Left,random,RTT,HTL,2,0.1,1,401,68,80,21,SDM-HS4,arc labels,,0.4306880409821586,0.12352941176470589,0.3088235294117647
Left,random,RTT,HTL,2,0.1,1,401,68,80,21,SDM-HSsrc,arc labels,,0.5724695283518813,0.2062780269058296,0.6764705882352942
Left,random,RTT,HTL,2,0.1,1,401,68,80,21,SDM-PCA,arc labels,64.0,0.506006006006006,0.1712846347607053,1.0
Left,random,RTT,HTL,2,0.2,1,401,68,161,35,NoAdapt,nothing,,0.6546988164635223,0.24267782426778242,0.8529411764705882
Left,random,RTT,HTL,2,0.2,1,401,68,161,35,TargetOnly,arc labels,,0.48770093623034794,0.16230366492146597,0.45588235294117646
Left,random,RTT,HTL,2,0.2,1,401,68,161,35,Source+Target,arc labels,,0.5366543013601837,0.1813031161473088,0.9411764705882353
Left,random,RTT,HTL,2,0.2,1,401,68,161,35,COT,arc labels,,0.44565889418830595,0.1415525114155251,0.45588235294117646
Left,random,RTT,HTL,2,0.2,1,401,68,161,35,none-HS4,arc labels,,0.550476947535771,0.18674698795180722,0.9117647058823529
Left,random,RTT,HTL,2,0.2,1,401,68,161,35,none-HSsrc,nothing,,0.5368088676912206,0.18155619596541786,0.9264705882352942
Left,random,RTT,HTL,2,0.2,1,401,68,161,35,none-PCA,arc segments,8.0,0.5696873343932167,0.1933534743202417,0.9411764705882353
Left,random,RTT,HTL,2,0.2,1,401,68,161,35,QOTu-HS4,arc labels,,0.6067390920332096,0.24836601307189543,0.5588235294117647
Left,random,RTT,HTL,2,0.2,1,401,68,161,35,QOTu-HSsrc,arc segments,,0.5526850379791557,0.20105820105820105,0.5588235294117647
Left,random,RTT,HTL,2,0.2,1,401,68,161,35,QOTu-PCA,arc segments,4.0,0.6463522345875288,0.2716049382716049,0.6470588235294118
Left,random,RTT,HTL,2,0.2,1,401,68,161,35,QOTc-HS4,arc labels,,0.49924924924924924,0.1691542288557214,0.5
Left,random,RTT,HTL,2,0.2,1,401,68,161,35,QOTc-HSsrc,arc labels,,0.5894055820526409,0.20948616600790515,0.7794117647058824
Left,random,RTT,HTL,2,0.2,1,401,68,161,35,QOTc-PCA,arc labels,64.0,0.44146352234587527,0.1380952380952381,0.4264705882352941
Left,random,RTT,HTL,2,0.2,1,401,68,161,35,SDM-HS4,arc labels,,0.49971294824236,0.16939890710382513,0.45588235294117646
Left,random,RTT,HTL,2,0.2,1,401,68,161,35,SDM-HSsrc,arc labels,,0.6400370959194489,0.25842696629213485,0.6764705882352942
Left,random,RTT,HTL,2,0.2,1,401,68,161,35,SDM-PCA,arc labels,64.0,0.5001545663310369,0.16962025316455695,0.9852941176470589
Left,random,RTT,HTL,2,0.3,1,401,68,241,62,NoAdapt,nothing,,0.6546988164635223,0.24267782426778242,0.8529411764705882
Left,random,RTT,HTL,2,0.3,1,401,68,241,62,TargetOnly,arc labels,,0.5685832891715245,0.2079207920792079,0.6176470588235294
Left,random,RTT,HTL,2,0.3,1,401,68,241,62,Source+Target,arc labels,,0.5426603073661898,0.1833810888252149,0.9411764705882353
Left,random,RTT,HTL,2,0.3,1,401,68,241,62,COT,arc labels,,0.5067125949478891,0.17254901960784313,0.6470588235294118
Left,random,RTT,HTL,2,0.3,1,401,68,241,62,none-HS4,arc labels,,0.550476947535771,0.18674698795180722,0.9117647058823529
Left,random,RTT,HTL,2,0.3,1,401,68,241,62,none-HSsrc,nothing,,0.5368088676912206,0.18155619596541786,0.9264705882352942
Left,random,RTT,HTL,2,0.3,1,401,68,241,62,none-PCA,arc segments,8.0,0.5711888358947182,0.19393939393939394,0.9411764705882353
Left,random,RTT,HTL,2,0.3,1,401,68,241,62,QOTu-HS4,arc labels,,0.599540717187776,0.2465753424657534,0.5294117647058824
Left,random,RTT,HTL,2,0.3,1,401,68,241,62,QOTu-HSsrc,arc segments,,0.5484896661367249,0.2,0.5294117647058824
Left,random,RTT,HTL,2,0.3,1,401,68,241,62,QOTu-PCA,arc segments,4.0,0.6388447270800213,0.2634730538922156,0.6470588235294118
Left,random,RTT,HTL,2,0.3,1,401,68,241,62,QOTc-HS4,arc labels,,0.5525304716481187,0.2,0.5735294117647058
Left,random,RTT,HTL,2,0.3,1,401,68,241,62,QOTc-HSsrc,arc labels,,0.5832450097155979,0.20532319391634982,0.7941176470588235
Left,random,RTT,HTL,2,0.3,1,401,68,241,62,QOTc-PCA,arc labels,64.0,0.4803038332450097,0.1606425702811245,0.5882352941176471
Left,random,RTT,HTL,2,0.3,1,401,68,241,62,SDM-HS4,arc labels,,0.46325737502208086,0.14457831325301204,0.35294117647058826
Left,random,RTT,HTL,2,0.3,1,401,68,241,62,SDM-HSsrc,arc labels,,0.6275613849143261,0.24019607843137256,0.7205882352941176
Left,random,RTT,HTL,2,0.3,1,401,68,241,62,SDM-PCA,arc labels,64.0,0.5064697049991168,0.17150395778364116,0.9558823529411765
Left,random,RTT,HTL,2,0.5,1,401,68,380,99,NoAdapt,nothing,,0.6546988164635223,0.24267782426778242,0.8529411764705882
Left,random,RTT,HTL,2,0.5,1,401,68,380,99,TargetOnly,arc labels,,0.5283518812930578,0.18433179723502305,0.5882352941176471
Left,random,RTT,HTL,2,0.5,1,401,68,380,99,Source+Target,arc labels,,0.5486663133721957,0.1855072463768116,0.9411764705882353
Left,random,RTT,HTL,2,0.5,1,401,68,380,99,COT,arc labels,,0.4864644055820526,0.16317991631799164,0.5735294117647058
Left,random,RTT,HTL,2,0.5,1,401,68,380,99,none-HS4,arc labels,,0.550476947535771,0.18674698795180722,0.9117647058823529
Left,random,RTT,HTL,2,0.5,1,401,68,380,99,none-HSsrc,nothing,,0.5368088676912206,0.18155619596541786,0.9264705882352942
Left,random,RTT,HTL,2,0.5,1,401,68,380,99,none-PCA,arc segments,4.0,0.5432785726903374,0.18461538461538463,0.8823529411764706
Left,random,RTT,HTL,2,0.5,1,401,68,380,99,QOTu-HS4,arc labels,,0.6155935347111818,0.2549019607843137,0.5735294117647058
Left,random,RTT,HTL,2,0.5,1,401,68,380,99,QOTu-HSsrc,arc segments,,0.5586910439851616,0.20540540540540542,0.5588235294117647
Left,random,RTT,HTL,2,0.5,1,401,68,380,99,QOTu-PCA,arc segments,4.0,0.6106253312135665,0.2413793103448276,0.6176470588235294
Left,random,RTT,HTL,2,0.5,1,401,68,380,99,QOTc-HS4,arc labels,,0.5450229641406112,0.195,0.5735294117647058
Left,random,RTT,HTL,2,0.5,1,401,68,380,99,QOTc-HSsrc,arc labels,,0.6159689100865571,0.22134387351778656,0.8235294117647058
Left,random,RTT,HTL,2,0.5,1,401,68,380,99,QOTc-PCA,arc labels,64.0,0.5133368662780428,0.1762114537444934,0.5882352941176471
Left,random,RTT,HTL,2,0.5,1,401,68,380,99,SDM-HS4,arc labels,,0.5114158275922982,0.17647058823529413,0.4852941176470588
Left,random,RTT,HTL,2,0.5,1,401,68,380,99,SDM-HSsrc,arc labels,,0.6355325914149443,0.2541436464088398,0.6764705882352942
Left,random,RTT,HTL,2,0.5,1,401,68,380,99,SDM-PCA,arc labels,64.0,0.5199832185126303,0.17567567567567569,0.9558823529411765
Left,random,RTT,HTL,3,0.05,1,401,79,40,11,NoAdapt,nothing,,0.6649697303247111,0.2827868852459016,0.8734177215189873
Left,random,RTT,HTL,3,0.05,1,401,79,40,11,TargetOnly,arc labels,,0.5263385486280368,0.2154696132596685,0.4936708860759494
Left,random,RTT,HTL,3,0.05,1,401,79,40,11,Source+Target,arc labels,,0.5864847865398223,0.23076923076923078,0.9493670886075949
Left,random,RTT,HTL,3,0.05,1,401,79,40,11,COT,arc labels,,0.5,0.1970074812967581,1.0
Left,random,RTT,HTL,3,0.05,1,401,79,40,11,none-HS4,arc labels,,0.5894724428021071,0.23270440251572327,0.9367088607594937
Left,random,RTT,HTL,3,0.05,1,401,79,40,11,none-HSsrc,nothing,,0.5646277223052126,0.2215568862275449,0.9367088607594937
Left,random,RTT,HTL,3,0.05,1,401,79,40,11,none-PCA,arc segments,4.0,0.5906714364336819,0.23509933774834438,0.8987341772151899
Left,random,RTT,HTL,3,0.05,1,401,79,40,11,QOTu-HS4,arc labels,,0.622238383520717,0.28823529411764703,0.620253164556962
Left,random,RTT,HTL,3,0.05,1,401,79,40,11,QOTu-HSsrc,arc segments,,0.6149461435647456,0.2717948717948718,0.6708860759493671
Left,random,RTT,HTL,3,0.05,1,401,79,40,11,QOTu-PCA,arc segments,4.0,0.6603310008648479,0.30939226519337015,0.7088607594936709
Left,random,RTT,HTL,3,0.05,1,401,79,40,11,QOTc-HS4,arc labels,,0.5618169667426685,0.25,0.46835443037974683
Left,random,RTT,HTL,3,0.05,1,401,79,40,11,QOTc-HSsrc,arc labels,,0.554170925387216,0.24050632911392406,0.4810126582278481
Left,random,RTT,HTL,3,0.05,1,401,79,40,11,QOTc-PCA,arc labels,64.0,0.48539586445475275,0.1810344827586207,0.26582278481012656
Left,random,RTT,HTL,3,0.05,1,401,79,40,11,SDM-HS4,arc labels,,0.48586759965406084,0.18382352941176472,0.31645569620253167
Left,random,RTT,HTL,3,0.05,1,401,79,40,11,SDM-HSsrc,arc labels,,0.5609717745105747,0.24022346368715083,0.5443037974683544
Left,random,RTT,HTL,3,0.05,1,401,79,40,11,SDM-PCA,arc labels,32.0,0.5355373850145452,0.2235294117647059,0.4810126582278481
Left,random,RTT,HTL,3,0.1,1,401,79,80,18,NoAdapt,nothing,,0.6649697303247111,0.2827868852459016,0.8734177215189873
Left,random,RTT,HTL,3,0.1,1,401,79,80,18,TargetOnly,arc labels,,0.6003813192861074,0.2681564245810056,0.6075949367088608
Left,random,RTT,HTL,3,0.1,1,401,79,80,18,Source+Target,arc labels,,0.5725096312603192,0.2245508982035928,0.9493670886075949
Left,random,RTT,HTL,3,0.1,1,401,79,80,18,COT,arc labels,,0.5746914065571193,0.23893805309734514,0.6835443037974683
Left,random,RTT,HTL,3,0.1,1,401,79,80,18,none-HS4,arc labels,,0.5894724428021071,0.23270440251572327,0.9367088607594937
Left,random,RTT,HTL,3,0.1,1,401,79,80,18,none-HSsrc,nothing,,0.5646277223052126,0.2215568862275449,0.9367088607594937
Left,random,RTT,HTL,3,0.1,1,401,79,80,18,none-PCA,arc segments,4.0,0.5860130513405142,0.23278688524590163,0.8987341772151899
Left,random,RTT,HTL,3,0.1,1,401,79,80,18,QOTu-HS4,arc labels,,0.6316730875068794,0.2958579881656805,0.6329113924050633
Left,random,RTT,HTL,3,0.1,1,401,79,80,18,QOTu-HSsrc,arc segments,,0.6118405535026339,0.26903553299492383,0.6708860759493671
Left,random,RTT,HTL,3,0.1,1,401,79,80,18,QOTu-PCA,arc segments,4.0,0.6524490919097414,0.30386740331491713,0.6962025316455697
Left,random,RTT,HTL,3,0.1,1,401,79,80,18,QOTc-HS4,arc labels,,0.6776476138061168,0.32222222222222224,0.7341772151898734
Left,random,RTT,HTL,3,0.1,1,401,79,80,18,QOTc-HSsrc,arc labels,,0.6229263306863747,0.2556390977443609,0.8607594936708861
Left,random,RTT,HTL,3,0.1,1,401,79,80,18,QOTc-PCA,arc labels,64.0,0.5599103703121314,0.2537313432835821,0.43037974683544306
Left,random,RTT,HTL,3,0.1,1,401,79,80,18,SDM-HS4,arc labels,,0.6346607437691643,0.30246913580246915,0.620253164556962
Left,random,RTT,HTL,3,0.1,1,401,79,80,18,SDM-HSsrc,arc labels,,0.5903372906675053,0.248868778280543,0.6962025316455697
Left,random,RTT,HTL,3,0.1,1,401,79,80,18,SDM-PCA,arc labels,64.0,0.5013169274314019,0.19743589743589743,0.9746835443037974
Left,random,RTT,HTL,3,0.2,1,401,79,161,37,NoAdapt,nothing,,0.6649697303247111,0.2827868852459016,0.8734177215189873
Left,random,RTT,HTL,3,0.2,1,401,79,161,37,TargetOnly,arc labels,,0.5753007311895589,0.24864864864864866,0.5822784810126582
Left,random,RTT,HTL,3,0.2,1,401,79,161,37,Source+Target,arc labels,,0.5818264014466545,0.22865853658536586,0.9493670886075949
Left,random,RTT,HTL,3,0.2,1,401,79,161,37,COT,arc labels,,0.5121078701155751,0.2032520325203252,0.6329113924050633
Left,random,RTT,HTL,3,0.2,1,401,79,161,37,none-HS4,arc labels,,0.5800377388159447,0.22884012539184953,0.9240506329113924
Left,random,RTT,HTL,3,0.2,1,401,79,161,37,none-HSsrc,nothing,,0.5646277223052126,0.2215568862275449,0.9367088607594937
Left,random,RTT,HTL,3,0.2,1,401,79,161,37,none-PCA,arc segments,4.0,0.5829074612784024,0.23127035830618892,0.8987341772151899
Left,random,RTT,HTL,3,0.2,1,401,79,161,37,QOTu-HS4,arc labels,,0.625461907382656,0.28901734104046245,0.6329113924050633
Left,random,RTT,HTL,3,0.2,1,401,79,161,37,QOTu-HSsrc,arc segments,,0.610287758471578,0.2676767676767677,0.6708860759493671
Left,random,RTT,HTL,3,0.2,1,401,79,161,37,QOTu-PCA,arc segments,4.0,0.6541198207406242,0.3027027027027027,0.7088607594936709
Left,random,RTT,HTL,3,0.2,1,401,79,161,37,QOTc-HS4,arc labels,,0.6049217705794481,0.27485380116959063,0.5949367088607594
Left,random,RTT,HTL,3,0.2,1,401,79,161,37,QOTc-HSsrc,arc labels,,0.6176782765940718,0.2581967213114754,0.7974683544303798
Left,random,RTT,HTL,3,0.2,1,401,79,161,37,QOTc-PCA,arc labels,64.0,0.4837054799905653,0.1853932584269663,0.4177215189873418
Left,random,RTT,HTL,3,0.2,1,401,79,161,37,SDM-HS4,arc labels,,0.587723091438006,0.2598870056497175,0.5822784810126582
Left,random,RTT,HTL,3,0.2,1,401,79,161,37,SDM-HSsrc,arc labels,,0.5706423460963912,0.24468085106382978,0.5822784810126582
Left,random,RTT,HTL,3,0.2,1,401,79,161,37,SDM-PCA,arc labels,32.0,0.49050632911392406,0.19095477386934673,0.4810126582278481
Left,random,RTT,HTL,3,0.3,1,401,79,241,56,NoAdapt,nothing,,0.6649697303247111,0.2827868852459016,0.8734177215189873
Left,random,RTT,HTL,3,0.3,1,401,79,241,56,TargetOnly,arc labels,,0.5866420316062584,0.25252525252525254,0.6329113924050633
Left,random,RTT,HTL,3,0.3,1,401,79,241,56,Source+Target,arc labels,,0.5771680163534869,0.22658610271903323,0.9493670886075949
Left,random,RTT,HTL,3,0.3,1,401,79,241,56,COT,arc labels,,0.50972953848573,0.2028301886792453,0.5443037974683544
Left,random,RTT,HTL,3,0.3,1,401,79,241,56,none-HS4,arc labels,,0.5800377388159447,0.22884012539184953,0.9240506329113924
Left,random,RTT,HTL,3,0.3,1,401,79,241,56,none-HSsrc,nothing,,0.5646277223052126,0.2215568862275449,0.9367088607594937
Left,random,RTT,HTL,3,0.3,1,401,79,241,56,none-PCA,arc segments,4.0,0.5704851010299552,0.2253968253968254,0.8987341772151899
Left,random,RTT,HTL,3,0.3,1,401,79,241,56,QOTu-HS4,arc labels,,0.6332258825379353,0.2976190476190476,0.6329113924050633
Left,random,RTT,HTL,3,0.3,1,401,79,241,56,QOTu-HSsrc,arc segments,,0.610287758471578,0.2676767676767677,0.6708860759493671
Left,random,RTT,HTL,3,0.3,1,401,79,241,56,QOTu-PCA,arc segments,4.0,0.6388277380297194,0.28292682926829266,0.7341772151898734
Left,random,RTT,HTL,3,0.3,1,401,79,241,56,QOTc-HS4,arc labels,,0.6194865948580863,0.27807486631016043,0.6582278481012658
Left,random,RTT,HTL,3,0.3,1,401,79,241,56,QOTc-HSsrc,arc labels,,0.616243415362843,0.256,0.810126582278481
Left,random,RTT,HTL,3,0.3,1,401,79,241,56,QOTc-PCA,arc labels,64.0,0.506034279424483,0.20105820105820105,0.4810126582278481
Left,random,RTT,HTL,3,0.3,1,401,79,241,56,SDM-HS4,arc labels,,0.5596548470791729,0.23684210526315788,0.569620253164557
Left,random,RTT,HTL,3,0.3,1,401,79,241,56,SDM-HSsrc,arc labels,,0.5666915638021857,0.23529411764705882,0.6582278481012658
Left,random,RTT,HTL,3,0.3,1,401,79,241,56,SDM-PCA,arc labels,64.0,0.5046583850931677,0.1984924623115578,1.0
Left,random,RTT,HTL,3,0.5,1,401,79,380,86,NoAdapt,nothing,,0.6649697303247111,0.2827868852459016,0.8734177215189873
Left,random,RTT,HTL,3,0.5,1,401,79,380,86,TargetOnly,arc labels,,0.5651387687711298,0.23423423423423423,0.6582278481012658
Left,random,RTT,HTL,3,0.5,1,401,79,380,86,Source+Target,arc labels,,0.5725096312603192,0.2245508982035928,0.9493670886075949
Left,random,RTT,HTL,3,0.5,1,401,79,380,86,COT,arc labels,,0.4779463794323453,0.1865671641791045,0.6329113924050633
Left,random,RTT,HTL,3,0.5,1,401,79,380,86,none-HS4,arc labels,,0.5832612626778835,0.22981366459627328,0.9367088607594937
Left,random,RTT,HTL,3,0.5,1,401,79,380,86,none-HSsrc,nothing,,0.5646277223052126,0.2215568862275449,0.9367088607594937
Left,random,RTT,HTL,3,0.5,1,401,79,380,86,none-PCA,arc segments,4.0,0.5673795109678434,0.22397476340694006,0.8987341772151899
Left,random,RTT,HTL,3,0.5,1,401,79,380,86,QOTu-HS4,arc labels,,0.6382380690305842,0.29444444444444445,0.6708860759493671
Left,random,RTT,HTL,3,0.5,1,401,79,380,86,QOTu-HSsrc,arc segments,,0.6150640773645727,0.27,0.6835443037974683
Left,random,RTT,HTL,3,0.5,1,401,79,380,86,QOTu-PCA,arc segments,4.0,0.6326165579054956,0.27751196172248804,0.7341772151898734
Left,random,RTT,HTL,3,0.5,1,401,79,380,86,QOTc-HS4,arc labels,,0.6040765783473543,0.2623762376237624,0.6708860759493671
Left,random,RTT,HTL,3,0.5,1,401,79,380,86,QOTc-HSsrc,arc labels,,0.6146906203317871,0.2549800796812749,0.810126582278481
Left,random,RTT,HTL,3,0.5,1,401,79,380,86,QOTc-PCA,arc labels,64.0,0.43199150876641246,0.1518324607329843,0.3670886075949367
Left,random,RTT,HTL,3,0.5,1,401,79,380,86,SDM-HS4,arc labels,,0.5299158738894567,0.21608040201005024,0.5443037974683544
Left,random,RTT,HTL,3,0.5,1,401,79,380,86,SDM-HSsrc,arc labels,,0.5397043792751002,0.22065727699530516,0.5949367088607594
Left,random,RTT,HTL,3,0.5,1,401,79,380,86,SDM-PCA,arc labels,64.0,0.5139751552795031,0.20153061224489796,1.0
Left,random,RTT,HTL,4,0.05,1,401,76,40,8,NoAdapt,nothing,,0.6581376518218623,0.265625,0.8947368421052632
Left,random,RTT,HTL,4,0.05,1,401,76,40,8,TargetOnly,arc labels,,0.5235222672064777,0.2097902097902098,0.39473684210526316
Left,random,RTT,HTL,4,0.05,1,401,76,40,8,Source+Target,arc labels,,0.599574898785425,0.22658610271903323,0.9868421052631579
Left,random,RTT,HTL,4,0.05,1,401,76,40,8,COT,arc labels,,0.5,0.18952618453865336,1.0
Left,random,RTT,HTL,4,0.05,1,401,76,40,8,none-HS4,arc labels,,0.6079554655870445,0.23174603174603176,0.9605263157894737
Left,random,RTT,HTL,4,0.05,1,401,76,40,8,none-HSsrc,nothing,,0.5741093117408906,0.2166172106824926,0.9605263157894737
Left,random,RTT,HTL,4,0.05,1,401,76,40,8,none-PCA,arc segments,4.0,0.6167611336032388,0.23684210526315788,0.9473684210526315
Left,random,RTT,HTL,4,0.05,1,401,76,40,8,QOTu-HS4,arc labels,,0.6347368421052632,0.26200873362445415,0.7894736842105263
Left,random,RTT,HTL,4,0.05,1,401,76,40,8,QOTu-HSsrc,arc segments,,0.6373886639676113,0.26576576576576577,0.7763157894736842
Left,random,RTT,HTL,4,0.05,1,401,76,40,8,QOTu-PCA,arc segments,16.0,0.6591902834008097,0.2916666666666667,0.7368421052631579
Left,random,RTT,HTL,4,0.05,1,401,76,40,8,QOTc-HS4,arc labels,,0.4805465587044534,0.17164179104477612,0.3026315789473684
Left,random,RTT,HTL,4,0.05,1,401,76,40,8,QOTc-HSsrc,arc labels,,0.5512753036437247,0.22404371584699453,0.5394736842105263
Left,random,RTT,HTL,4,0.05,1,401,76,40,8,QOTc-PCA,arc labels,32.0,0.49236842105263157,0.1746031746031746,0.14473684210526316
Left,random,RTT,HTL,4,0.05,1,401,76,40,8,SDM-HS4,arc labels,,0.4448987854251012,0.15028901734104047,0.34210526315789475
Left,random,RTT,HTL,4,0.05,1,401,76,40,8,SDM-HSsrc,arc labels,,0.45763157894736844,0.1588235294117647,0.35526315789473684
Left,random,RTT,HTL,4,0.05,1,401,76,40,8,SDM-PCA,arc labels,16.0,0.4723684210526316,0.14473684210526316,0.14473684210526316
Left,random,RTT,HTL,4,0.1,1,401,76,80,19,NoAdapt,nothing,,0.6581376518218623,0.265625,0.8947368421052632
Left,random,RTT,HTL,4,0.1,1,401,76,80,19,TargetOnly,arc labels,,0.5403441295546558,0.21893491124260356,0.4868421052631579
Left,random,RTT,HTL,4,0.1,1,401,76,80,19,Source+Target,arc labels,,0.5703441295546559,0.21428571428571427,0.9868421052631579
Left,random,RTT,HTL,4,0.1,1,401,76,80,19,COT,arc labels,,0.49965587044534415,0.18932038834951456,0.5131578947368421
Left,random,RTT,HTL,4,0.1,1,401,76,80,19,none-HS4,arc labels,,0.6044534412955466,0.23076923076923078,0.9473684210526315
Left,random,RTT,HTL,4,0.1,1,401,76,80,19,none-HSsrc,nothing,,0.5741093117408906,0.2166172106824926,0.9605263157894737
Left,random,RTT,HTL,4,0.1,1,401,76,80,19,none-PCA,arc segments,16.0,0.6044534412955466,0.23076923076923078,0.9473684210526315
Left,random,RTT,HTL,4,0.1,1,401,76,80,19,QOTu-HS4,arc labels,,0.6376518218623481,0.27184466019417475,0.7368421052631579
Left,random,RTT,HTL,4,0.1,1,401,76,80,19,QOTu-HSsrc,arc segments,,0.6082591093117409,0.2549019607843137,0.6842105263157895
Left,random,RTT,HTL,4,0.1,1,401,76,80,19,QOTu-PCA,arc segments,16.0,0.6450202429149797,0.3018867924528302,0.631578947368421
Left,random,RTT,HTL,4,0.1,1,401,76,80,19,QOTc-HS4,arc labels,,0.5543522267206478,0.2265193370165746,0.5394736842105263
Left,random,RTT,HTL,4,0.1,1,401,76,80,19,QOTc-HSsrc,arc labels,,0.5560526315789474,0.22388059701492538,0.5921052631578947
Left,random,RTT,HTL,4,0.1,1,401,76,80,19,QOTc-PCA,arc labels,64.0,0.6118623481781377,0.27058823529411763,0.6052631578947368
Left,random,RTT,HTL,4,0.1,1,401,76,80,19,SDM-HS4,arc labels,,0.51334008097166,0.19886363636363635,0.4605263157894737
Left,random,RTT,HTL,4,0.1,1,401,76,80,19,SDM-HSsrc,arc labels,,0.5490485829959514,0.2205128205128205,0.5657894736842105
Left,random,RTT,HTL,4,0.1,1,401,76,80,19,SDM-PCA,arc labels,16.0,0.5276113360323886,0.20930232558139536,0.47368421052631576
Left,random,RTT,HTL,4,0.2,1,401,76,161,37,NoAdapt,nothing,,0.6581376518218623,0.265625,0.8947368421052632
Left,random,RTT,HTL,4,0.2,1,401,76,161,37,TargetOnly,arc labels,,0.5193927125506073,0.20095693779904306,0.5526315789473685
Left,random,RTT,HTL,4,0.2,1,401,76,161,37,Source+Target,arc labels,,0.5795748987854251,0.2180232558139535,0.9868421052631579
Left,random,RTT,HTL,4,0.2,1,401,76,161,37,COT,arc labels,,0.5477327935222672,0.2109090909090909,0.7631578947368421
Left,random,RTT,HTL,4,0.2,1,401,76,161,37,none-HS4,arc labels,,0.5956477732793523,0.2260061919504644,0.9605263157894737
Left,random,RTT,HTL,4,0.2,1,401,76,161,37,none-HSsrc,nothing,,0.5741093117408906,0.2166172106824926,0.9605263157894737
Left,random,RTT,HTL,4,0.2,1,401,76,161,37,none-PCA,arc segments,16.0,0.6198380566801619,0.23841059602649006,0.9473684210526315
Left,random,RTT,HTL,4,0.2,1,401,76,161,37,QOTu-HS4,arc labels,,0.6409919028340081,0.28191489361702127,0.6973684210526315
Left,random,RTT,HTL,4,0.2,1,401,76,161,37,QOTu-HSsrc,arc segments,,0.6082591093117409,0.2549019607843137,0.6842105263157895
Left,random,RTT,HTL,4,0.2,1,401,76,161,37,QOTu-PCA,arc segments,16.0,0.6417813765182186,0.3142857142857143,0.5789473684210527
Left,random,RTT,HTL,4,0.2,1,401,76,161,37,QOTc-HS4,arc labels,,0.5523886639676113,0.22598870056497175,0.5263157894736842
Left,random,RTT,HTL,4,0.2,1,401,76,161,37,QOTc-HSsrc,arc labels,,0.6234412955465587,0.2462686567164179,0.868421052631579
Left,random,RTT,HTL,4,0.2,1,401,76,161,37,QOTc-PCA,arc labels,64.0,0.4971052631578948,0.1875,0.4342105263157895
Left,random,RTT,HTL,4,0.2,1,401,76,161,37,SDM-HS4,arc labels,,0.5089878542510121,0.19631901840490798,0.42105263157894735
Left,random,RTT,HTL,4,0.2,1,401,76,161,37,SDM-HSsrc,arc labels,,0.5522874493927126,0.21962616822429906,0.618421052631579
Left,random,RTT,HTL,4,0.2,1,401,76,161,37,SDM-PCA,arc labels,64.0,0.5011133603238866,0.189873417721519,0.9868421052631579
Left,random,RTT,HTL,4,0.3,1,401,76,241,56,NoAdapt,nothing,,0.6581376518218623,0.265625,0.8947368421052632
Left,random,RTT,HTL,4,0.3,1,401,76,241,56,TargetOnly,arc labels,,0.5193927125506073,0.20095693779904306,0.5526315789473685
Left,random,RTT,HTL,4,0.3,1,401,76,241,56,Source+Target,arc labels,,0.5811133603238866,0.21865889212827988,0.9868421052631579
Left,random,RTT,HTL,4,0.3,1,401,76,241,56,COT,arc labels,,0.5246558704453441,0.2,0.7631578947368421
Left,random,RTT,HTL,4,0.3,1,401,76,241,56,none-HS4,arc labels,,0.6048785425101214,0.2302839116719243,0.9605263157894737
Left,random,RTT,HTL,4,0.3,1,401,76,241,56,none-HSsrc,nothing,,0.5741093117408906,0.2166172106824926,0.9605263157894737
Left,random,RTT,HTL,4,0.3,1,401,76,241,56,none-PCA,arc segments,16.0,0.6036032388663968,0.23178807947019867,0.9210526315789473
Left,random,RTT,HTL,4,0.3,1,401,76,241,56,QOTu-HS4,arc labels,,0.6122874493927126,0.26857142857142857,0.618421052631579
Left,random,RTT,HTL,4,0.3,1,401,76,241,56,QOTu-HSsrc,arc segments,,0.6097975708502024,0.2561576354679803,0.6842105263157895
Left,random,RTT,HTL,4,0.3,1,401,76,241,56,QOTu-PCA,arc segments,4.0,0.6334615384615385,0.26635514018691586,0.75
Left,random,RTT,HTL,4,0.3,1,401,76,241,56,QOTc-HS4,arc labels,,0.5946761133603239,0.24873096446700507,0.6447368421052632
Left,random,RTT,HTL,4,0.3,1,401,76,241,56,QOTc-HSsrc,arc labels,,0.6249797570850203,0.24719101123595505,0.868421052631579
Left,random,RTT,HTL,4,0.3,1,401,76,241,56,QOTc-PCA,arc labels,64.0,0.43429149797570854,0.14925373134328357,0.39473684210526316
Left,random,RTT,HTL,4,0.3,1,401,76,241,56,SDM-HS4,arc labels,,0.4635222672064777,0.16483516483516483,0.39473684210526316
Left,random,RTT,HTL,4,0.3,1,401,76,241,56,SDM-HSsrc,arc labels,,0.5639068825910931,0.22580645161290322,0.6447368421052632
Left,random,RTT,HTL,4,0.3,1,401,76,241,56,SDM-PCA,arc labels,64.0,0.4995748987854251,0.1893939393939394,0.9868421052631579
Left,random,RTT,HTL,4,0.5,1,401,76,381,80,NoAdapt,nothing,,0.6581376518218623,0.265625,0.8947368421052632
Left,random,RTT,HTL,4,0.5,1,401,76,381,80,TargetOnly,arc labels,,0.5534008097165992,0.22115384615384615,0.6052631578947368
Left,random,RTT,HTL,4,0.5,1,401,76,381,80,Source+Target,arc labels,,0.5888056680161943,0.22189349112426035,0.9868421052631579
Left,random,RTT,HTL,4,0.5,1,401,76,381,80,COT,arc labels,,0.5222672064777327,0.199288256227758,0.7368421052631579
Left,random,RTT,HTL,4,0.5,1,401,76,381,80,none-HS4,arc labels,,0.6079554655870445,0.23174603174603176,0.9605263157894737
Left,random,RTT,HTL,4,0.5,1,401,76,381,80,none-HSsrc,nothing,,0.5741093117408906,0.2166172106824926,0.9605263157894737
Left,random,RTT,HTL,4,0.5,1,401,76,381,80,none-PCA,arc segments,16.0,0.6436032388663968,0.2536231884057971,0.9210526315789473
Left,random,RTT,HTL,4,0.5,1,401,76,381,80,QOTu-HS4,arc labels,,0.6030566801619434,0.2596685082872928,0.618421052631579
Left,random,RTT,HTL,4,0.5,1,401,76,381,80,QOTu-HSsrc,arc segments,,0.6097975708502024,0.2561576354679803,0.6842105263157895
Left,random,RTT,HTL,4,0.5,1,401,76,381,80,QOTu-PCA,arc segments,4.0,0.6365384615384615,0.2688679245283019,0.75
Left,random,RTT,HTL,4,0.5,1,401,76,381,80,QOTc-HS4,arc labels,,0.610910931174089,0.25888324873096447,0.6710526315789473
Left,random,RTT,HTL,4,0.5,1,401,76,381,80,QOTc-HSsrc,arc labels,,0.6265182186234818,0.24812030075187969,0.868421052631579
Left,random,RTT,HTL,4,0.5,1,401,76,381,80,QOTc-PCA,arc labels,64.0,0.43275303643724694,0.1485148514851485,0.39473684210526316
Left,random,RTT,HTL,4,0.5,1,401,76,381,80,SDM-HS4,arc labels,,0.5323886639676113,0.21052631578947367,0.5263157894736842
Left,random,RTT,HTL,4,0.5,1,401,76,381,80,SDM-HSsrc,arc labels,,0.5538259109311741,0.22065727699530516,0.618421052631579
Left,random,RTT,HTL,4,0.5,1,401,76,381,80,SDM-PCA,arc labels,64.0,0.5076923076923077,0.1919191919191919,1.0
Left,random,RTT,HTL,5,0.05,1,401,91,40,9,NoAdapt,nothing,,0.5939383197447714,0.28270042194092826,0.7362637362637363
Left,random,RTT,HTL,5,0.05,1,401,91,40,9,TargetOnly,arc labels,,0.5224920241049273,0.26506024096385544,0.24175824175824176
Left,random,RTT,HTL,5,0.05,1,401,91,40,9,Source+Target,arc labels,,0.5704537398085785,0.26258992805755393,0.8021978021978022
Left,random,RTT,HTL,5,0.05,1,401,91,40,9,COT,arc labels,,0.5,0.22693266832917705,1.0
Left,random,RTT,HTL,5,0.05,1,401,91,40,9,none-HS4,arc labels,,0.5405175469691599,0.24458204334365324,0.8681318681318682
Left,random,RTT,HTL,5,0.05,1,401,91,40,9,none-HSsrc,nothing,,0.5434420418291386,0.24545454545454545,0.8901098901098901
Left,random,RTT,HTL,5,0.05,1,401,91,40,9,none-PCA,arc segments,8.0,0.547571783055654,0.24916943521594684,0.8241758241758241
Left,random,RTT,HTL,5,0.05,1,401,91,40,9,QOTu-HS4,arc labels,,0.5626728110599079,0.2932330827067669,0.42857142857142855
Left,random,RTT,HTL,5,0.05,1,401,91,40,9,QOTu-HSsrc,arc segments,,0.5662531017369727,0.2916666666666667,0.46153846153846156
Left,random,RTT,HTL,5,0.05,1,401,91,40,9,QOTu-PCA,arc segments,16.0,0.5958348103509393,0.38372093023255816,0.3626373626373626
Left,random,RTT,HTL,5,0.05,1,401,91,40,9,QOTc-HS4,arc labels,,0.4759659695143566,0.18518518518518517,0.16483516483516483
Left,random,RTT,HTL,5,0.05,1,401,91,40,9,QOTc-HSsrc,arc labels,,0.5829493087557603,0.2765957446808511,0.7142857142857143
Left,random,RTT,HTL,5,0.05,1,401,91,40,9,QOTc-PCA,arc labels,64.0,0.5140730237504431,0.25333333333333335,0.2087912087912088
Left,random,RTT,HTL,5,0.05,1,401,91,40,9,SDM-HS4,arc labels,,0.4992024104927331,0.22535211267605634,0.17582417582417584
Left,random,RTT,HTL,5,0.05,1,401,91,40,9,SDM-HSsrc,arc labels,,0.5511875221552641,0.26424870466321243,0.5604395604395604
Left,random,RTT,HTL,5,0.05,1,401,91,40,9,SDM-PCA,arc labels,16.0,0.4928039702233251,0.21649484536082475,0.23076923076923078
Left,random,RTT,HTL,5,0.1,1,401,91,80,18,NoAdapt,nothing,,0.5939383197447714,0.28270042194092826,0.7362637362637363
Left,random,RTT,HTL,5,0.1,1,401,91,80,18,TargetOnly,arc labels,,0.48222261609358386,0.2076923076923077,0.2967032967032967
Left,random,RTT,HTL,5,0.1,1,401,91,80,18,Source+Target,arc labels,,0.5508507621410847,0.24922118380062305,0.8791208791208791
Left,random,RTT,HTL,5,0.1,1,401,91,80,18,COT,arc labels,,0.4850053172633818,0.2169811320754717,0.5054945054945055
Left,random,RTT,HTL,5,0.1,1,401,91,80,18,none-HS4,arc labels,,0.5482275788727402,0.24918032786885247,0.8351648351648352
Left,random,RTT,HTL,5,0.1,1,401,91,80,18,none-HSsrc,nothing,,0.5434420418291386,0.24545454545454545,0.8901098901098901
Left,random,RTT,HTL,5,0.1,1,401,91,80,18,none-PCA,arc segments,8.0,0.547571783055654,0.24916943521594684,0.8241758241758241
Left,random,RTT,HTL,5,0.1,1,401,91,80,18,QOTu-HS4,arc labels,,0.5908543069833392,0.3048780487804878,0.5494505494505495
Left,random,RTT,HTL,5,0.1,1,401,91,80,18,QOTu-HSsrc,arc segments,,0.5686281460475009,0.2774869109947644,0.5824175824175825
Left,random,RTT,HTL,5,0.1,1,401,91,80,18,QOTu-PCA,arc segments,16.0,0.5926621765331442,0.34545454545454546,0.4175824175824176
Left,random,RTT,HTL,5,0.1,1,401,91,80,18,QOTc-HS4,arc labels,,0.5018787663948954,0.22935779816513763,0.27472527472527475
Left,random,RTT,HTL,5,0.1,1,401,91,80,18,QOTc-HSsrc,arc labels,,0.5479617157036512,0.26153846153846155,0.5604395604395604
Left,random,RTT,HTL,5,0.1,1,401,91,80,18,QOTc-PCA,arc labels,64.0,0.4810173697270471,0.21084337349397592,0.38461538461538464
Left,random,RTT,HTL,5,0.1,1,401,91,80,18,SDM-HS4,arc labels,,0.49961006735200286,0.22641509433962265,0.26373626373626374
Left,random,RTT,HTL,5,0.1,1,401,91,80,18,SDM-HSsrc,arc labels,,0.5185749734136831,0.24,0.5274725274725275
Left,random,RTT,HTL,5,0.1,1,401,91,80,18,SDM-PCA,arc labels,32.0,0.5051577454803261,0.23255813953488372,0.32967032967032966
Left,random,RTT,HTL,5,0.2,1,401,91,161,34,NoAdapt,nothing,,0.5939383197447714,0.28270042194092826,0.7362637362637363
Left,random,RTT,HTL,5,0.2,1,401,91,161,34,TargetOnly,arc labels,,0.5427153491669621,0.26380368098159507,0.4725274725274725
Left,random,RTT,HTL,5,0.2,1,401,91,161,34,Source+Target,arc labels,,0.5569478908188585,0.2532894736842105,0.8461538461538461
Left,random,RTT,HTL,5,0.2,1,401,91,161,34,COT,arc labels,,0.5804324707550514,0.26996197718631176,0.7802197802197802
Left,random,RTT,HTL,5,0.2,1,401,91,161,34,none-HS4,arc labels,,0.5395072669266218,0.24509803921568626,0.8241758241758241
Left,random,RTT,HTL,5,0.2,1,401,91,161,34,none-HSsrc,nothing,,0.5434420418291386,0.24545454545454545,0.8901098901098901
Left,random,RTT,HTL,5,0.2,1,401,91,161,34,none-PCA,arc segments,8.0,0.547571783055654,0.24916943521594684,0.8241758241758241
Left,random,RTT,HTL,5,0.2,1,401,91,161,34,QOTu-HS4,arc labels,,0.5743707904998228,0.2919254658385093,0.5164835164835165
Left,random,RTT,HTL,5,0.2,1,401,91,161,34,QOTu-HSsrc,arc segments,,0.5624778447359093,0.27419354838709675,0.5604395604395604
Left,random,RTT,HTL,5,0.2,1,401,91,161,34,QOTu-PCA,arc segments,16.0,0.5965437788018433,0.3482142857142857,0.42857142857142855
Left,random,RTT,HTL,5,0.2,1,401,91,161,34,QOTc-HS4,arc labels,,0.550177242112726,0.26704545454545453,0.5164835164835165
Left,random,RTT,HTL,5,0.2,1,401,91,161,34,QOTc-HSsrc,arc labels,,0.5816908897554058,0.27309236947791166,0.7472527472527473
Left,random,RTT,HTL,5,0.2,1,401,91,161,34,QOTc-PCA,arc labels,64.0,0.4730060262318327,0.20725388601036268,0.43956043956043955
Left,random,RTT,HTL,5,0.2,1,401,91,161,34,SDM-HS4,arc labels,,0.5052640907479617,0.23121387283236994,0.43956043956043955
Left,random,RTT,HTL,5,0.2,1,401,91,161,34,SDM-HSsrc,arc labels,,0.54413328606877,0.2558139534883721,0.6043956043956044
Left,random,RTT,HTL,5,0.2,1,401,91,161,34,SDM-PCA,arc labels,64.0,0.5064516129032258,0.22921914357682618,1.0
Left,random,RTT,HTL,5,0.3,1,401,91,241,52,NoAdapt,nothing,,0.5939383197447714,0.28270042194092826,0.7362637362637363
Left,random,RTT,HTL,5,0.3,1,401,91,241,52,TargetOnly,arc labels,,0.5596065225097483,0.26865671641791045,0.5934065934065934
Left,random,RTT,HTL,5,0.3,1,401,91,241,52,Source+Target,arc labels,,0.5627968805388159,0.25471698113207547,0.8901098901098901
Left,random,RTT,HTL,5,0.3,1,401,91,241,52,COT,arc labels,,0.5895604395604396,0.26936026936026936,0.8791208791208791
Left,random,RTT,HTL,5,0.3,1,401,91,241,52,none-HS4,arc labels,,0.5433888691953208,0.24675324675324675,0.8351648351648352
Left,random,RTT,HTL,5,0.3,1,401,91,241,52,none-HSsrc,nothing,,0.5434420418291386,0.24545454545454545,0.8901098901098901
Left,random,RTT,HTL,5,0.3,1,401,91,241,52,none-PCA,arc segments,8.0,0.547571783055654,0.24916943521594684,0.8241758241758241
Left,random,RTT,HTL,5,0.3,1,401,91,241,52,QOTu-HS4,arc labels,,0.5688762850053173,0.2875,0.5054945054945055
Left,random,RTT,HTL,5,0.3,1,401,91,241,52,QOTu-HSsrc,arc segments,,0.5686281460475009,0.2774869109947644,0.5824175824175825
Left,random,RTT,HTL,5,0.3,1,401,91,241,52,QOTu-PCA,arc segments,16.0,0.5926621765331442,0.34545454545454546,0.4175824175824176
Left,random,RTT,HTL,5,0.3,1,401,91,241,52,QOTc-HS4,arc labels,,0.5731123714994684,0.2857142857142857,0.5494505494505495
Left,random,RTT,HTL,5,0.3,1,401,91,241,52,QOTc-HSsrc,arc labels,,0.5745834810350939,0.26907630522088355,0.7362637362637363
Left,random,RTT,HTL,5,0.3,1,401,91,241,52,QOTc-PCA,arc labels,64.0,0.4843495214462956,0.21634615384615385,0.4945054945054945
Left,random,RTT,HTL,5,0.3,1,401,91,241,52,SDM-HS4,arc labels,,0.5294576391350585,0.25316455696202533,0.43956043956043955
Left,random,RTT,HTL,5,0.3,1,401,91,241,52,SDM-HSsrc,arc labels,,0.5389400921658987,0.25365853658536586,0.5714285714285714
Left,random,RTT,HTL,5,0.3,1,401,91,241,52,SDM-PCA,arc labels,64.0,0.5,0.22693266832917705,1.0
Left,random,RTT,HTL,5,0.5,1,401,91,380,70,NoAdapt,nothing,,0.5939383197447714,0.28270042194092826,0.7362637362637363
Left,random,RTT,HTL,5,0.5,1,401,91,380,70,TargetOnly,arc labels,,0.5777029422190713,0.28078817733990147,0.6263736263736264
Left,random,RTT,HTL,5,0.5,1,401,91,380,70,Source+Target,arc labels,,0.5660226869904289,0.2563291139240506,0.8901098901098901
Left,random,RTT,HTL,5,0.5,1,401,91,380,70,COT,arc labels,,0.5663239985820632,0.25732899022801303,0.8681318681318682
Left,random,RTT,HTL,5,0.5,1,401,91,380,70,none-HS4,arc labels,,0.544345976604041,0.24752475247524752,0.8241758241758241
Left,random,RTT,HTL,5,0.5,1,401,91,380,70,none-HSsrc,nothing,,0.5434420418291386,0.24545454545454545,0.8901098901098901
Left,random,RTT,HTL,5,0.5,1,401,91,380,70,none-PCA,arc segments,8.0,0.5491846862814604,0.25,0.8241758241758241
Left,random,RTT,HTL,5,0.5,1,401,91,380,70,QOTu-HS4,arc labels,,0.5743707904998228,0.2919254658385093,0.5164835164835165
Left,random,RTT,HTL,5,0.5,1,401,91,380,70,QOTu-HSsrc,arc segments,,0.5725097483161999,0.27979274611398963,0.5934065934065934
Left,random,RTT,HTL,5,0.5,1,401,91,380,70,QOTu-PCA,arc segments,16.0,0.588479262672811,0.3333333333333333,0.42857142857142855
Left,random,RTT,HTL,5,0.5,1,401,91,380,70,QOTc-HS4,arc labels,,0.5741226515420064,0.28125,0.5934065934065934
Left,random,RTT,HTL,5,0.5,1,401,91,380,70,QOTc-HSsrc,arc labels,,0.589808578518256,0.2744360902255639,0.8021978021978022
Left,random,RTT,HTL,5,0.5,1,401,91,380,70,QOTc-PCA,arc labels,64.0,0.4850053172633818,0.2169811320754717,0.5054945054945055
Left,random,RTT,HTL,5,0.5,1,401,91,380,70,SDM-HS4,arc labels,,0.5462956398440268,0.26436781609195403,0.5054945054945055
Left,random,RTT,HTL,5,0.5,1,401,91,380,70,SDM-HSsrc,arc labels,,0.5515951790145339,0.25877192982456143,0.6483516483516484
Left,random,RTT,HTL,5,0.5,1,401,91,380,70,SDM-PCA,arc labels,64.0,0.5064516129032258,0.22921914357682618,1.0
Left,random,RTT,HTL,6,0.05,1,401,89,40,7,NoAdapt,nothing,,0.5910940651109191,0.2798165137614679,0.6853932584269663
Left,random,RTT,HTL,6,0.05,1,401,89,40,7,TargetOnly,arc labels,,0.5068424085278018,0.22641509433962265,0.5393258426966292
Left,random,RTT,HTL,6,0.05,1,401,89,40,7,Source+Target,arc labels,,0.5430711610486891,0.24363636363636362,0.7528089887640449
Left,random,RTT,HTL,6,0.05,1,401,89,40,7,COT,arc labels,,0.5341220109478536,0.24413145539906103,0.5842696629213483
Left,random,RTT,HTL,6,0.05,1,401,89,40,7,none-HS4,arc labels,,0.5591508210890234,0.25,0.8202247191011236
Left,random,RTT,HTL,6,0.05,1,401,89,40,7,none-HSsrc,nothing,,0.5640125324114088,0.25,0.8876404494382022
Left,random,RTT,HTL,6,0.05,1,401,89,40,7,none-PCA,arc segments,8.0,0.5503097090175741,0.24647887323943662,0.7865168539325843
Left,random,RTT,HTL,6,0.05,1,401,89,40,7,QOTu-HS4,arc labels,,0.5925165658311726,0.3228346456692913,0.4606741573033708
Left,random,RTT,HTL,6,0.05,1,401,89,40,7,QOTu-HSsrc,arc segments,,0.5852780178622875,0.3220338983050847,0.42696629213483145
Left,random,RTT,HTL,6,0.05,1,401,89,40,7,QOTu-PCA,arc segments,4.0,0.6326887064246615,0.33974358974358976,0.5955056179775281
Left,random,RTT,HTL,6,0.05,1,401,89,40,7,QOTc-HS4,arc labels,,0.46595001440507056,0.20089285714285715,0.5056179775280899
Left,random,RTT,HTL,6,0.05,1,401,89,40,7,QOTc-HSsrc,arc labels,,0.5236963411120714,0.2372093023255814,0.5730337078651685
Left,random,RTT,HTL,6,0.05,1,401,89,40,7,QOTc-PCA,arc labels,64.0,0.5073645923365024,0.2361111111111111,0.19101123595505617
Left,random,RTT,HTL,6,0.05,1,401,89,40,7,SDM-HS4,arc labels,,0.5196449150100836,0.2358974358974359,0.5168539325842697
Left,random,RTT,HTL,6,0.05,1,401,89,40,7,SDM-HSsrc,arc labels,,0.5438454335926246,0.24521072796934865,0.7191011235955056
Left,random,RTT,HTL,6,0.05,1,401,89,40,7,SDM-PCA,arc labels,32.0,0.49142898300201676,0.2125984251968504,0.30337078651685395
Left,random,RTT,HTL,6,0.1,1,401,89,80,15,NoAdapt,nothing,,0.5910940651109191,0.2798165137614679,0.6853932584269663
Left,random,RTT,HTL,6,0.1,1,401,89,80,15,TargetOnly,arc labels,,0.5613836070296745,0.2634146341463415,0.6067415730337079
Left,random,RTT,HTL,6,0.1,1,401,89,80,15,Source+Target,arc labels,,0.5462762892538173,0.2454212454212454,0.7528089887640449
Left,random,RTT,HTL,6,0.1,1,401,89,80,15,COT,arc labels,,0.6080920484010371,0.27303754266211605,0.898876404494382
Left,random,RTT,HTL,6,0.1,1,401,89,80,15,none-HS4,arc labels,,0.5487251512532412,0.24489795918367346,0.8089887640449438
Left,random,RTT,HTL,6,0.1,1,401,89,80,15,none-HSsrc,nothing,,0.5640125324114088,0.25,0.8876404494382022
Left,random,RTT,HTL,6,0.1,1,401,89,80,15,none-PCA,arc segments,8.0,0.5503097090175741,0.24647887323943662,0.7865168539325843
Left,random,RTT,HTL,6,0.1,1,401,89,80,15,QOTu-HS4,arc labels,,0.5933088447133391,0.32786885245901637,0.449438202247191
Left,random,RTT,HTL,6,0.1,1,401,89,80,15,QOTu-HSsrc,arc segments,,0.5852960242005185,0.31496062992125984,0.449438202247191
Left,random,RTT,HTL,6,0.1,1,401,89,80,15,QOTu-PCA,arc segments,4.0,0.6278810141169692,0.3333333333333333,0.5955056179775281
Left,random,RTT,HTL,6,0.1,1,401,89,80,15,QOTc-HS4,arc labels,,0.5814246614808412,0.27918781725888325,0.6179775280898876
Left,random,RTT,HTL,6,0.1,1,401,89,80,15,QOTc-HSsrc,arc labels,,0.5646427542494958,0.2608695652173913,0.6741573033707865
Left,random,RTT,HTL,6,0.1,1,401,89,80,15,QOTc-PCA,arc labels,64.0,0.49884759435321235,0.22123893805309736,0.5617977528089888
Left,random,RTT,HTL,6,0.1,1,401,89,80,15,SDM-HS4,arc labels,,0.5437914145779315,0.24786324786324787,0.651685393258427
Left,random,RTT,HTL,6,0.1,1,401,89,80,15,SDM-HSsrc,arc labels,,0.5277657735522905,0.23770491803278687,0.651685393258427
Left,random,RTT,HTL,6,0.1,1,401,89,80,15,SDM-PCA,arc labels,32.0,0.47938274272543935,0.19834710743801653,0.2696629213483146
Left,random,RTT,HTL,6,0.2,1,401,89,161,28,NoAdapt,nothing,,0.5910940651109191,0.2798165137614679,0.6853932584269663
Left,random,RTT,HTL,6,0.2,1,401,89,161,28,TargetOnly,arc labels,,0.569396427542495,0.27,0.6067415730337079
Left,random,RTT,HTL,6,0.2,1,401,89,161,28,Source+Target,arc labels,,0.5647507922788821,0.2535211267605634,0.8089887640449438
Left,random,RTT,HTL,6,0.2,1,401,89,161,28,COT,arc labels,,0.58889729184673,0.26006191950464397,0.9438202247191011
Left,random,RTT,HTL,6,0.2,1,401,89,161,28,none-HS4,arc labels,,0.568766205704408,0.25524475524475526,0.8202247191011236
Left,random,RTT,HTL,6,0.2,1,401,89,161,28,none-HSsrc,nothing,,0.5640125324114088,0.25,0.8876404494382022
Left,random,RTT,HTL,6,0.2,1,401,89,161,28,none-PCA,arc segments,8.0,0.5503097090175741,0.24647887323943662,0.7865168539325843
Left,random,RTT,HTL,6,0.2,1,401,89,161,28,QOTu-HS4,arc labels,,0.5708909536156727,0.2896551724137931,0.47191011235955055
Left,random,RTT,HTL,6,0.2,1,401,89,161,28,QOTu-HSsrc,arc segments,,0.5974142898300201,0.30177514792899407,0.5730337078651685
Left,random,RTT,HTL,6,0.2,1,401,89,161,28,QOTu-PCA,arc segments,4.0,0.6038605589167387,0.3005464480874317,0.6179775280898876
Left,random,RTT,HTL,6,0.2,1,401,89,161,28,QOTc-HS4,arc labels,,0.5597630365888793,0.2639593908629442,0.5842696629213483
Left,random,RTT,HTL,6,0.2,1,401,89,161,28,QOTc-HSsrc,arc labels,,0.5397940074906367,0.24481327800829875,0.6629213483146067
Left,random,RTT,HTL,6,0.2,1,401,89,161,28,QOTc-PCA,arc labels,64.0,0.46436545664073753,0.20085470085470086,0.5280898876404494
Left,random,RTT,HTL,6,0.2,1,401,89,161,28,SDM-HS4,arc labels,,0.5181143762604437,0.23275862068965517,0.6067415730337079
Left,random,RTT,HTL,6,0.2,1,401,89,161,28,SDM-HSsrc,arc labels,,0.5293683376548546,0.23868312757201646,0.651685393258427
Left,random,RTT,HTL,6,0.2,1,401,89,161,28,SDM-PCA,arc labels,64.0,0.5,0.22194513715710723,1.0
Left,random,RTT,HTL,6,0.3,1,401,89,241,44,NoAdapt,nothing,,0.5910940651109191,0.2798165137614679,0.6853932584269663
Left,random,RTT,HTL,6,0.3,1,401,89,241,44,TargetOnly,arc labels,,0.5629861711322386,0.2647058823529412,0.6067415730337079
Left,random,RTT,HTL,6,0.3,1,401,89,241,44,Source+Target,arc labels,,0.5599430999711899,0.2508710801393728,0.8089887640449438
Left,random,RTT,HTL,6,0.3,1,401,89,241,44,COT,arc labels,,0.5680819648516278,0.2492753623188406,0.9662921348314607
Left,random,RTT,HTL,6,0.3,1,401,89,241,44,none-HS4,arc labels,,0.5647507922788821,0.2535211267605634,0.8089887640449438
Left,random,RTT,HTL,6,0.3,1,401,89,241,44,none-HSsrc,nothing,,0.5640125324114088,0.25,0.8876404494382022
Left,random,RTT,HTL,6,0.3,1,401,89,241,44,none-PCA,arc segments,8.0,0.5503097090175741,0.24647887323943662,0.7865168539325843
Left,random,RTT,HTL,6,0.3,1,401,89,241,44,QOTu-HS4,arc labels,,0.5869165946413137,0.3111111111111111,0.47191011235955055
Left,random,RTT,HTL,6,0.3,1,401,89,241,44,QOTu-HSsrc,arc segments,,0.5981525496974935,0.32116788321167883,0.4943820224719101
Left,random,RTT,HTL,6,0.3,1,401,89,241,44,QOTu-PCA,arc segments,4.0,0.6150605012964563,0.31736526946107785,0.5955056179775281
Left,random,RTT,HTL,6,0.3,1,401,89,241,44,QOTc-HS4,arc labels,,0.5846117833477384,0.2849462365591398,0.5955056179775281
Left,random,RTT,HTL,6,0.3,1,401,89,241,44,QOTc-HSsrc,arc labels,,0.5622659176029963,0.2571428571428571,0.7078651685393258
Left,random,RTT,HTL,6,0.3,1,401,89,241,44,QOTc-PCA,arc labels,64.0,0.5196809276865457,0.2347417840375587,0.5617977528089888
Left,random,RTT,HTL,6,0.3,1,401,89,241,44,SDM-HS4,arc labels,,0.5212114664361855,0.23863636363636365,0.47191011235955055
Left,random,RTT,HTL,6,0.3,1,401,89,241,44,SDM-HSsrc,arc labels,,0.514098962834918,0.23043478260869565,0.5955056179775281
Left,random,RTT,HTL,6,0.3,1,401,89,241,44,SDM-PCA,arc labels,64.0,0.5064102564102564,0.22418136020151133,1.0
Left,random,RTT,HTL,6,0.5,1,401,89,380,78,NoAdapt,nothing,,0.5910940651109191,0.2798165137614679,0.6853932584269663
Left,random,RTT,HTL,6,0.5,1,401,89,380,78,TargetOnly,arc labels,,0.5501296456352636,0.25773195876288657,0.5617977528089888
Left,random,RTT,HTL,6,0.5,1,401,89,380,78,Source+Target,arc labels,,0.5647687986171133,0.2525597269624573,0.8314606741573034
Left,random,RTT,HTL,6,0.5,1,401,89,380,78,COT,arc labels,,0.5912921348314606,0.2618296529968454,0.9325842696629213
Left,random,RTT,HTL,6,0.5,1,401,89,380,78,none-HS4,arc labels,,0.5695584845865744,0.25622775800711745,0.8089887640449438
Left,random,RTT,HTL,6,0.5,1,401,89,380,78,none-HSsrc,nothing,,0.5640125324114088,0.25,0.8876404494382022
Left,random,RTT,HTL,6,0.5,1,401,89,380,78,none-PCA,arc segments,4.0,0.5704047824834342,0.25412541254125415,0.8651685393258427
Left,random,RTT,HTL,6,0.5,1,401,89,380,78,QOTu-HS4,arc labels,,0.5892934312878133,0.325,0.43820224719101125
Left,random,RTT,HTL,6,0.5,1,401,89,380,78,QOTu-HSsrc,arc segments,,0.5836754537597234,0.31932773109243695,0.42696629213483145
Left,random,RTT,HTL,6,0.5,1,401,89,380,78,QOTu-PCA,arc segments,4.0,0.6062013828867762,0.32,0.5393258426966292
Left,random,RTT,HTL,6,0.5,1,401,89,380,78,QOTc-HS4,arc labels,,0.5717732641889945,0.2756756756756757,0.5730337078651685
Left,random,RTT,HTL,6,0.5,1,401,89,380,78,QOTc-HSsrc,arc labels,,0.5694684528954193,0.2627118644067797,0.6966292134831461
Left,random,RTT,HTL,6,0.5,1,401,89,380,78,QOTc-PCA,arc labels,64.0,0.5052218380870066,0.22549019607843138,0.5168539325842697
Left,random,RTT,HTL,6,0.5,1,401,89,380,78,SDM-HS4,arc labels,,0.5155934889080956,0.2342857142857143,0.4606741573033708
Left,random,RTT,HTL,6,0.5,1,401,89,380,78,SDM-HSsrc,arc labels,,0.5237323537885336,0.23605150214592274,0.6179775280898876
Left,random,RTT,HTL,6,0.5,1,401,89,380,78,SDM-PCA,arc labels,64.0,0.5112179487179487,0.22588832487309646,1.0
Left,random,RTT,HTL,7,0.05,1,401,88,40,10,NoAdapt,nothing,,0.5531694742956723,0.2578947368421053,0.5568181818181818
Left,random,RTT,HTL,7,0.05,1,401,88,40,10,TargetOnly,arc labels,,0.5178078710426953,0.2396694214876033,0.32954545454545453
Left,random,RTT,HTL,7,0.05,1,401,88,40,10,Source+Target,arc labels,,0.5494481556781876,0.2524271844660194,0.5909090909090909
Left,random,RTT,HTL,7,0.05,1,401,88,40,10,COT,arc labels,,0.5085862619808307,0.22758620689655173,0.375
Left,random,RTT,HTL,7,0.05,1,401,88,40,10,none-HS4,arc labels,,0.5462714202730178,0.24497991967871485,0.6931818181818182
Left,random,RTT,HTL,7,0.05,1,401,88,40,10,none-HSsrc,nothing,,0.5533873075805983,0.24555160142348753,0.7840909090909091
Left,random,RTT,HTL,7,0.05,1,401,88,40,10,none-PCA,arc segments,16.0,0.5292259657275632,0.23577235772357724,0.6590909090909091
Left,random,RTT,HTL,7,0.05,1,401,88,40,10,QOTu-HS4,arc labels,,0.5541860296253268,0.3125,0.2840909090909091
Left,random,RTT,HTL,7,0.05,1,401,88,40,10,QOTu-HSsrc,arc segments,,0.5614652918966018,0.325,0.29545454545454547
Left,random,RTT,HTL,7,0.05,1,401,88,40,10,QOTu-PCA,arc segments,16.0,0.5513360441475458,0.3389830508474576,0.22727272727272727
Left,random,RTT,HTL,7,0.05,1,401,88,40,10,QOTc-HS4,arc labels,,0.5245607028753994,0.24444444444444444,0.375
Left,random,RTT,HTL,7,0.05,1,401,88,40,10,QOTc-HSsrc,arc labels,,0.5487038919546907,0.2713178294573643,0.3977272727272727
Left,random,RTT,HTL,7,0.05,1,401,88,40,10,QOTc-PCA,arc labels,32.0,0.5030496659889632,0.22535211267605634,0.18181818181818182
Left,random,RTT,HTL,7,0.05,1,401,88,40,10,SDM-HS4,arc labels,,0.4972044728434505,0.21568627450980393,0.25
Left,random,RTT,HTL,7,0.05,1,401,88,40,10,SDM-HSsrc,arc labels,,0.5550936683125182,0.28,0.3977272727272727
Left,random,RTT,HTL,7,0.05,1,401,88,40,10,SDM-PCA,arc labels,16.0,0.5263215219285506,0.2549019607843137,0.29545454545454547
Left,random,RTT,HTL,7,0.1,1,401,88,80,18,NoAdapt,nothing,,0.5531694742956723,0.2578947368421053,0.5568181818181818
Left,random,RTT,HTL,7,0.1,1,401,88,80,18,TargetOnly,arc labels,,0.5220556200987511,0.25274725274725274,0.26136363636363635
Left,random,RTT,HTL,7,0.1,1,401,88,80,18,Source+Target,arc labels,,0.5576169038629102,0.2571428571428571,0.6136363636363636
Left,random,RTT,HTL,7,0.1,1,401,88,80,18,COT,arc labels,,0.5071703456288121,0.22580645161290322,0.3977272727272727
Left,random,RTT,HTL,7,0.1,1,401,88,80,18,none-HS4,arc labels,,0.5324208539064769,0.23770491803278687,0.6590909090909091
Left,random,RTT,HTL,7,0.1,1,401,88,80,18,none-HSsrc,nothing,,0.5533873075805983,0.24555160142348753,0.7840909090909091
Left,random,RTT,HTL,7,0.1,1,401,88,80,18,none-PCA,arc segments,16.0,0.5230177171071739,0.23166023166023167,0.6818181818181818
Left,random,RTT,HTL,7,0.1,1,401,88,80,18,QOTu-HS4,arc labels,,0.5485042114435086,0.3037974683544304,0.2727272727272727
Left,random,RTT,HTL,7,0.1,1,401,88,80,18,QOTu-HSsrc,arc segments,,0.5598678478071449,0.32098765432098764,0.29545454545454547
Left,random,RTT,HTL,7,0.1,1,401,88,80,18,QOTu-PCA,arc segments,16.0,0.5561283764159163,0.35714285714285715,0.22727272727272727
Left,random,RTT,HTL,7,0.1,1,401,88,80,18,QOTc-HS4,arc labels,,0.5730286087714203,0.29545454545454547,0.4431818181818182
Left,random,RTT,HTL,7,0.1,1,401,88,80,18,QOTc-HSsrc,arc labels,,0.572847081033982,0.3008130081300813,0.42045454545454547
Left,random,RTT,HTL,7,0.1,1,401,88,80,18,QOTc-PCA,arc labels,64.0,0.5364326169038629,0.2804878048780488,0.26136363636363635
Left,random,RTT,HTL,7,0.1,1,401,88,80,18,SDM-HS4,arc labels,,0.5250871333139704,0.24793388429752067,0.3409090909090909
Left,random,RTT,HTL,7,0.1,1,401,88,80,18,SDM-HSsrc,arc labels,,0.5701967760673832,0.28289473684210525,0.48863636363636365
Left,random,RTT,HTL,7,0.1,1,401,88,80,18,SDM-PCA,arc labels,32.0,0.4778536160325298,0.19047619047619047,0.22727272727272727
Left,random,RTT,HTL,7,0.2,1,401,88,161,36,NoAdapt,nothing,,0.5531694742956723,0.2578947368421053,0.5568181818181818
Left,random,RTT,HTL,7,0.2,1,401,88,161,36,TargetOnly,arc labels,,0.4354487365669474,0.16666666666666666,0.3181818181818182
Left,random,RTT,HTL,7,0.2,1,401,88,161,36,Source+Target,arc labels,,0.5162648852744699,0.22857142857142856,0.6363636363636364
Left,random,RTT,HTL,7,0.2,1,401,88,161,36,COT,arc labels,,0.4830997676444961,0.2123076923076923,0.7840909090909091
Left,random,RTT,HTL,7,0.2,1,401,88,161,36,none-HS4,arc labels,,0.5526611966308452,0.24897959183673468,0.6931818181818182
Left,random,RTT,HTL,7,0.2,1,401,88,161,36,none-HSsrc,nothing,,0.5533873075805983,0.24555160142348753,0.7840909090909091
Left,random,RTT,HTL,7,0.2,1,401,88,161,36,none-PCA,arc segments,16.0,0.5397001161777519,0.24180327868852458,0.6704545454545454
Left,random,RTT,HTL,7,0.2,1,401,88,161,36,QOTu-HS4,arc labels,,0.5575624455416788,0.3103448275862069,0.3068181818181818
Left,random,RTT,HTL,7,0.2,1,401,88,161,36,QOTu-HSsrc,arc segments,,0.554367557362765,0.30337078651685395,0.3068181818181818
Left,random,RTT,HTL,7,0.2,1,401,88,161,36,QOTu-PCA,arc segments,16.0,0.5554204182399071,0.3442622950819672,0.23863636363636365
Left,random,RTT,HTL,7,0.2,1,401,88,161,36,QOTc-HS4,arc labels,,0.5229814115596862,0.23728813559322035,0.4772727272727273
Left,random,RTT,HTL,7,0.2,1,401,88,161,36,QOTc-HSsrc,arc labels,,0.568091054313099,0.2644230769230769,0.625
Left,random,RTT,HTL,7,0.2,1,401,88,161,36,QOTc-PCA,arc labels,64.0,0.41842143479523675,0.1650485436893204,0.38636363636363635
Left,random,RTT,HTL,7,0.2,1,401,88,161,36,SDM-HS4,arc labels,,0.5004356665698518,0.21978021978021978,0.45454545454545453
Left,random,RTT,HTL,7,0.2,1,401,88,161,36,SDM-HSsrc,arc labels,,0.5075697066511763,0.2235294117647059,0.6477272727272727
Left,random,RTT,HTL,7,0.2,1,401,88,161,36,SDM-PCA,arc labels,64.0,0.5015974440894568,0.22,1.0
Left,random,RTT,HTL,7,0.3,1,401,88,241,52,NoAdapt,nothing,,0.5531694742956723,0.2578947368421053,0.5568181818181818
Left,random,RTT,HTL,7,0.3,1,401,88,241,52,TargetOnly,arc labels,,0.49653282021492884,0.21693121693121692,0.4659090909090909
Left,random,RTT,HTL,7,0.3,1,401,88,241,52,Source+Target,arc labels,,0.5146674411850131,0.22764227642276422,0.6363636363636364
Left,random,RTT,HTL,7,0.3,1,401,88,241,52,COT,arc labels,,0.49711370897473134,0.2181208053691275,0.7386363636363636
Left,random,RTT,HTL,7,0.3,1,401,88,241,52,none-HS4,arc labels,,0.5317128957304675,0.23694779116465864,0.6704545454545454
Left,random,RTT,HTL,7,0.3,1,401,88,241,52,none-HSsrc,nothing,,0.5533873075805983,0.24555160142348753,0.7840909090909091
Left,random,RTT,HTL,7,0.3,1,401,88,241,52,none-PCA,arc segments,16.0,0.5467978507115887,0.24680851063829787,0.6590909090909091
Left,random,RTT,HTL,7,0.3,1,401,88,241,52,QOTu-HS4,arc labels,,0.543711879175138,0.2926829268292683,0.2727272727272727
Left,random,RTT,HTL,7,0.3,1,401,88,241,52,QOTu-HSsrc,arc segments,,0.5639522218995062,0.3253012048192771,0.3068181818181818
Left,random,RTT,HTL,7,0.3,1,401,88,241,52,QOTu-PCA,arc segments,16.0,0.5545309323264594,0.3508771929824561,0.22727272727272727
Left,random,RTT,HTL,7,0.3,1,401,88,241,52,QOTc-HS4,arc labels,,0.5446376706360732,0.25595238095238093,0.48863636363636365
Left,random,RTT,HTL,7,0.3,1,401,88,241,52,QOTc-HSsrc,arc labels,,0.5750072611094976,0.2736842105263158,0.5909090909090909
Left,random,RTT,HTL,7,0.3,1,401,88,241,52,QOTc-PCA,arc labels,64.0,0.484479378449027,0.21030042918454936,0.5568181818181818
Left,random,RTT,HTL,7,0.3,1,401,88,241,52,SDM-HS4,arc labels,,0.4869481556781876,0.21025641025641026,0.4659090909090909
Left,random,RTT,HTL,7,0.3,1,401,88,241,52,SDM-HSsrc,arc labels,,0.5114725530060993,0.22580645161290322,0.6363636363636364
Left,random,RTT,HTL,7,0.3,1,401,88,241,52,SDM-PCA,arc labels,64.0,0.5015974440894568,0.22,1.0
Left,random,RTT,HTL,7,0.5,1,401,88,391,79,NoAdapt,nothing,,0.5531694742956723,0.2578947368421053,0.5568181818181818
Left,random,RTT,HTL,7,0.5,1,401,88,391,79,TargetOnly,arc labels,,0.5073700261399942,0.22439024390243903,0.5227272727272727
Left,random,RTT,HTL,7,0.5,1,401,88,391,79,Source+Target,arc labels,,0.547505808887598,0.24782608695652175,0.6477272727272727
Left,random,RTT,HTL,7,0.5,1,401,88,391,79,COT,arc labels,,0.48148417078129535,0.21052631578947367,0.6818181818181818
Left,random,RTT,HTL,7,0.5,1,401,88,391,79,none-HS4,arc labels,,0.5285180075515539,0.2350597609561753,0.6704545454545454
Left,random,RTT,HTL,7,0.5,1,401,88,391,79,none-HSsrc,nothing,,0.5533873075805983,0.24555160142348753,0.7840909090909091
Left,random,RTT,HTL,7,0.5,1,401,88,391,79,none-PCA,arc segments,16.0,0.5487583502759221,0.24603174603174602,0.7045454545454546
Left,random,RTT,HTL,7,0.5,1,401,88,391,79,QOTu-HS4,arc labels,,0.5453093232645948,0.2962962962962963,0.2727272727272727
Left,random,RTT,HTL,7,0.5,1,401,88,391,79,QOTu-HSsrc,arc segments,,0.5607573337205926,0.3176470588235294,0.3068181818181818
Left,random,RTT,HTL,7,0.5,1,401,88,391,79,QOTu-PCA,arc segments,16.0,0.5561283764159163,0.35714285714285715,0.22727272727272727
Left,random,RTT,HTL,7,0.5,1,401,88,391,79,QOTc-HS4,arc labels,,0.5552933488237002,0.26285714285714284,0.5227272727272727
Left,random,RTT,HTL,7,0.5,1,401,88,391,79,QOTc-HSsrc,arc labels,,0.5815785652047634,0.27692307692307694,0.6136363636363636
Left,random,RTT,HTL,7,0.5,1,401,88,391,79,QOTc-PCA,arc labels,64.0,0.5382660470519895,0.24413145539906103,0.5909090909090909
Left,random,RTT,HTL,7,0.5,1,401,88,391,79,SDM-HS4,arc labels,,0.48836407203020626,0.21081081081081082,0.4431818181818182
Left,random,RTT,HTL,7,0.5,1,401,88,391,79,SDM-HSsrc,arc labels,,0.5114725530060993,0.22580645161290322,0.6363636363636364
Left,random,RTT,HTL,7,0.5,1,401,88,391,79,SDM-PCA,arc labels,64.0,0.5031948881789138,0.22055137844611528,1.0
Left,random,RTT,PTT,0,0.05,1,1136,85,114,6,NoAdapt,nothing,,0.5167515531426653,0.08259587020648967,0.32941176470588235
Left,random,RTT,PTT,0,0.05,1,1136,85,114,6,TargetOnly,arc labels,,0.44530139363071586,0.05378973105134474,0.25882352941176473
Left,random,RTT,PTT,0,0.05,1,1136,85,114,6,Source+Target,arc labels,,0.5190015111658365,0.08310249307479224,0.35294117647058826
Left,random,RTT,PTT,0,0.05,1,1136,85,114,6,COT,arc labels,,0.4464711479263447,0.05652173913043478,0.3058823529411765
Left,random,RTT,PTT,0,0.05,1,1136,85,114,6,none-HS4,arc labels,,0.494263166731964,0.07263922518159806,0.35294117647058826
Left,random,RTT,PTT,0,0.05,1,1136,85,114,6,none-HSsrc,nothing,,0.48937706386074886,0.07111111111111111,0.3764705882352941
Left,random,RTT,PTT,0,0.05,1,1136,85,114,6,none-PCA,arc segments,16.0,0.4805059607096883,0.06567164179104477,0.25882352941176473
Left,random,RTT,PTT,0,0.05,1,1136,85,114,6,QOTu-HS4,arc labels,,0.4928247607320759,0.06557377049180328,0.09411764705882353
Left,random,RTT,PTT,0,0.05,1,1136,85,114,6,QOTu-HSsrc,arc segments,,0.5032462080931326,0.08333333333333333,0.058823529411764705
Left,random,RTT,PTT,0,0.05,1,1136,85,114,6,QOTu-PCA,arc segments,16.0,0.5216768343874181,0.09230769230769231,0.21176470588235294
Left,random,RTT,PTT,0,0.05,1,1136,85,114,6,QOTc-HS4,arc labels,,0.42021044383500306,0.03125,0.10588235294117647
Left,random,RTT,PTT,0,0.05,1,1136,85,114,6,QOTc-HSsrc,arc labels,,0.5032909833771758,0.08,0.09411764705882353
Left,random,RTT,PTT,0,0.05,1,1136,85,114,6,QOTc-PCA,arc labels,32.0,0.4785526389433033,0.05263157894736842,0.09411764705882353
Left,random,RTT,PTT,0,0.05,1,1136,85,114,6,SDM-HS4,arc labels,,0.4781664521184306,0.060085836909871244,0.16470588235294117
Left,random,RTT,PTT,0,0.05,1,1136,85,114,6,SDM-HSsrc,arc labels,,0.47968321486539434,0.06451612903225806,0.23529411764705882
Left,random,RTT,PTT,0,0.05,1,1136,85,114,6,SDM-PCA,arc labels,32.0,0.40897184754015786,0.04449152542372881,0.24705882352941178
Left,random,RTT,PTT,0,0.1,1,1136,85,227,8,NoAdapt,nothing,,0.5167515531426653,0.08259587020648967,0.32941176470588235
Left,random,RTT,PTT,0,0.1,1,1136,85,227,8,TargetOnly,arc labels,,0.45853249006548386,0.053156146179401995,0.18823529411764706
Left,random,RTT,PTT,0,0.1,1,1136,85,227,8,Source+Target,arc labels,,0.5264398052275144,0.08734939759036145,0.3411764705882353
Left,random,RTT,PTT,0,0.1,1,1136,85,227,8,COT,arc labels,,0.4586668159176135,0.05938242280285035,0.29411764705882354
Left,random,RTT,PTT,0,0.1,1,1136,85,227,8,none-HS4,arc labels,,0.49772205742430176,0.07387862796833773,0.32941176470588235
Left,random,RTT,PTT,0,0.1,1,1136,85,227,8,none-HSsrc,nothing,,0.48937706386074886,0.07111111111111111,0.3764705882352941
Left,random,RTT,PTT,0,0.1,1,1136,85,227,8,none-PCA,arc segments,16.0,0.48353388929311014,0.06725146198830409,0.27058823529411763
Left,random,RTT,PTT,0,0.1,1,1136,85,227,8,QOTu-HS4,arc labels,,0.49727990149437507,0.07142857142857142,0.10588235294117647
Left,random,RTT,PTT,0,0.1,1,1136,85,227,8,QOTu-HSsrc,arc segments,,0.5013432585212962,0.078125,0.058823529411764705
Left,random,RTT,PTT,0,0.1,1,1136,85,227,8,QOTu-PCA,arc segments,16.0,0.5251805003637992,0.0945273631840796,0.2235294117647059
Left,random,RTT,PTT,0,0.1,1,1136,85,227,8,QOTc-HS4,arc labels,,0.4425309229305423,0.04885057471264368,0.2
Left,random,RTT,PTT,0,0.1,1,1136,85,227,8,QOTc-HSsrc,arc labels,,0.49745340572004254,0.07194244604316546,0.11764705882352941
Left,random,RTT,PTT,0,0.1,1,1136,85,227,8,QOTc-PCA,arc labels,64.0,0.45165388705434595,0.04580152671755725,0.1411764705882353
Left,random,RTT,PTT,0,0.1,1,1136,85,227,8,SDM-HS4,arc labels,,0.45390944198802263,0.058004640371229696,0.29411764705882354
Left,random,RTT,PTT,0,0.1,1,1136,85,227,8,SDM-HSsrc,arc labels,,0.47985671909106176,0.06501547987616099,0.24705882352941178
Left,random,RTT,PTT,0,0.1,1,1136,85,227,8,SDM-PCA,arc labels,64.0,0.49377063860748865,0.0739404869251578,0.9647058823529412
Left,random,RTT,PTT,0,0.2,1,1136,85,454,23,NoAdapt,nothing,,0.5167515531426653,0.08259587020648967,0.32941176470588235
Left,random,RTT,PTT,0,0.2,1,1136,85,454,23,TargetOnly,arc labels,,0.45416689987127107,0.05570291777188329,0.24705882352941178
Left,random,RTT,PTT,0,0.2,1,1136,85,454,23,Source+Target,arc labels,,0.5178765321542509,0.08285714285714285,0.3411764705882353
Left,random,RTT,PTT,0,0.2,1,1136,85,454,23,COT,arc labels,,0.46130855767616274,0.06286836935166994,0.3764705882352941
Left,random,RTT,PTT,0,0.2,1,1136,85,454,23,none-HS4,arc labels,,0.4704315217999664,0.06382978723404255,0.3176470588235294
Left,random,RTT,PTT,0,0.2,1,1136,85,454,23,none-HSsrc,nothing,,0.48937706386074886,0.07111111111111111,0.3764705882352941
Left,random,RTT,PTT,0,0.2,1,1136,85,454,23,none-PCA,arc segments,16.0,0.49131919180612305,0.07079646017699115,0.2823529411764706
Left,random,RTT,PTT,0,0.2,1,1136,85,454,23,QOTu-HS4,arc labels,,0.49092181116023953,0.06349206349206349,0.09411764705882353
Left,random,RTT,PTT,0,0.2,1,1136,85,454,23,QOTu-HSsrc,arc segments,,0.5027704707001734,0.08196721311475409,0.058823529411764705
Left,random,RTT,PTT,0,0.2,1,1136,85,454,23,QOTu-PCA,arc segments,16.0,0.5049812503498069,0.07894736842105263,0.17647058823529413
Left,random,RTT,PTT,0,0.2,1,1136,85,454,23,QOTc-HS4,arc labels,,0.4592712822521968,0.058524173027989825,0.27058823529411763
Left,random,RTT,PTT,0,0.2,1,1136,85,454,23,QOTc-HSsrc,arc labels,,0.5004813343034645,0.07534246575342465,0.12941176470588237
Left,random,RTT,PTT,0,0.2,1,1136,85,454,23,QOTc-PCA,arc labels,64.0,0.470425924889461,0.057971014492753624,0.18823529411764706
Left,random,RTT,PTT,0,0.2,1,1136,85,454,23,SDM-HS4,arc labels,,0.44417641461913027,0.052763819095477386,0.24705882352941178
Left,random,RTT,PTT,0,0.2,1,1136,85,454,23,SDM-HSsrc,arc labels,,0.47938098169810267,0.06481481481481481,0.24705882352941178
Left,random,RTT,PTT,0,0.2,1,1136,85,454,23,SDM-PCA,arc labels,32.0,0.4105333855711647,0.050933786078098474,0.35294117647058826
Left,random,RTT,PTT,0,0.3,1,1136,85,682,33,NoAdapt,nothing,,0.5167515531426653,0.08259587020648967,0.32941176470588235
Left,random,RTT,PTT,0,0.3,1,1136,85,682,33,TargetOnly,arc labels,,0.4420551855375833,0.04871060171919771,0.2
Left,random,RTT,PTT,0,0.3,1,1136,85,682,33,Source+Target,arc labels,,0.5446913303856271,0.09771986970684039,0.35294117647058826
Left,random,RTT,PTT,0,0.3,1,1136,85,682,33,COT,arc labels,,0.5211339340683943,0.07954545454545454,0.6588235294117647
Left,random,RTT,PTT,0,0.3,1,1136,85,682,33,none-HS4,arc labels,,0.4699557844070073,0.06367924528301887,0.3176470588235294
Left,random,RTT,PTT,0,0.3,1,1136,85,682,33,none-HSsrc,nothing,,0.48937706386074886,0.07111111111111111,0.3764705882352941
Left,random,RTT,PTT,0,0.3,1,1136,85,682,33,none-PCA,arc segments,16.0,0.48941624223428665,0.06997084548104957,0.2823529411764706
Left,random,RTT,PTT,0,0.3,1,1136,85,682,33,QOTu-HS4,arc labels,,0.4918732859461577,0.06451612903225806,0.09411764705882353
Left,random,RTT,PTT,0,0.3,1,1136,85,682,33,QOTu-HSsrc,arc segments,,0.5027704707001734,0.08196721311475409,0.058823529411764705
Left,random,RTT,PTT,0,0.3,1,1136,85,682,33,QOTu-PCA,arc segments,16.0,0.49827615156433647,0.07317073170731707,0.1411764705882353
Left,random,RTT,PTT,0,0.3,1,1136,85,682,33,QOTc-HS4,arc labels,,0.4619074271002407,0.05688622754491018,0.2235294117647059
Left,random,RTT,PTT,0,0.3,1,1136,85,682,33,QOTc-HSsrc,arc labels,,0.4984048805059607,0.072992700729927,0.11764705882352941
Left,random,RTT,PTT,0,0.3,1,1136,85,682,33,QOTc-PCA,arc labels,64.0,0.48331560978339955,0.0657439446366782,0.2235294117647059
Left,random,RTT,PTT,0,0.3,1,1136,85,682,33,SDM-HS4,arc labels,,0.45097106397268705,0.05952380952380952,0.35294117647058826
Left,random,RTT,PTT,0,0.3,1,1136,85,682,33,SDM-HSsrc,arc labels,,0.47652655734034816,0.06363636363636363,0.24705882352941178
Left,random,RTT,PTT,0,0.3,1,1136,85,682,33,SDM-PCA,arc labels,64.0,0.40259136956400066,0.059803921568627454,0.7176470588235294
Left,random,RTT,PTT,0,0.5,1,1136,85,1124,54,NoAdapt,nothing,,0.5167515531426653,0.08259587020648967,0.32941176470588235
Left,random,RTT,PTT,0,0.5,1,1136,85,1124,54,TargetOnly,arc labels,,0.5066771142329434,0.07728337236533958,0.38823529411764707
Left,random,RTT,PTT,0,0.5,1,1136,85,1124,54,Source+Target,arc labels,,0.5141545866681592,0.08247422680412371,0.2823529411764706
Left,random,RTT,PTT,0,0.5,1,1136,85,1124,54,COT,arc labels,,0.5133934068394246,0.07764390896921017,0.6823529411764706
Left,random,RTT,PTT,0,0.5,1,1136,85,1124,54,none-HS4,arc labels,,0.47471315833659816,0.06521739130434782,0.3176470588235294
Left,random,RTT,PTT,0,0.5,1,1136,85,1124,54,none-HSsrc,nothing,,0.48937706386074886,0.07111111111111111,0.3764705882352941
Left,random,RTT,PTT,0,0.5,1,1136,85,1124,54,none-PCA,arc segments,16.0,0.49179492919908213,0.07100591715976332,0.2823529411764706
Left,random,RTT,PTT,0,0.5,1,1136,85,1124,54,QOTu-HS4,arc labels,,0.49377623551799404,0.06666666666666667,0.09411764705882353
Left,random,RTT,PTT,0,0.5,1,1136,85,1124,54,QOTu-HSsrc,arc segments,,0.5032462080931326,0.08333333333333333,0.058823529411764705
Left,random,RTT,PTT,0,0.5,1,1136,85,1124,54,QOTu-PCA,arc segments,16.0,0.49827615156433647,0.07317073170731707,0.1411764705882353
Left,random,RTT,PTT,0,0.5,1,1136,85,1124,54,QOTc-HS4,arc labels,,0.4300330217719819,0.04738154613466334,0.2235294117647059
Left,random,RTT,PTT,0,0.5,1,1136,85,1124,54,QOTc-HSsrc,arc labels,,0.49096658644428276,0.06626506024096386,0.12941176470588237
Left,random,RTT,PTT,0,0.5,1,1136,85,1124,54,QOTc-PCA,arc labels,32.0,0.42622712262830914,0.04645476772616137,0.2235294117647059
Left,random,RTT,PTT,0,0.5,1,1136,85,1124,54,SDM-HS4,arc labels,,0.40694576593720266,0.052307692307692305,0.4
Left,random,RTT,PTT,0,0.5,1,1136,85,1124,54,SDM-HSsrc,arc labels,,0.4784295069121845,0.06441717791411043,0.24705882352941178
Left,random,RTT,PTT,0,0.5,1,1136,85,1124,54,SDM-PCA,arc labels,32.0,0.40931885599149265,0.04618473895582329,0.27058823529411763
Left,random,RTT,PTT,1,0.05,1,1136,76,114,4,NoAdapt,nothing,,0.4875372393247269,0.06279069767441861,0.35526315789473684
Left,random,RTT,PTT,1,0.05,1,1136,76,114,4,TargetOnly,arc labels,,0.5346077457795432,0.07948717948717948,0.40789473684210525
Left,random,RTT,PTT,1,0.05,1,1136,76,114,4,Source+Target,arc labels,,0.4917576961271102,0.06422018348623854,0.3684210526315789
Left,random,RTT,PTT,1,0.05,1,1136,76,114,4,COT,arc labels,,0.5538728897715988,0.08629441624365482,0.4473684210526316
Left,random,RTT,PTT,1,0.05,1,1136,76,114,4,none-HS4,arc labels,,0.44575471698113206,0.047619047619047616,0.25
Left,random,RTT,PTT,1,0.05,1,1136,76,114,4,none-HSsrc,nothing,,0.47845084409136046,0.061068702290076333,0.42105263157894735
Left,random,RTT,PTT,1,0.05,1,1136,76,114,4,none-PCA,arc segments,4.0,0.42579443892750746,0.047080979284369114,0.32894736842105265
Left,random,RTT,PTT,1,0.05,1,1136,76,114,4,QOTu-HS4,arc labels,,0.49699602780536245,0.06306306306306306,0.09210526315789473
Left,random,RTT,PTT,1,0.05,1,1136,76,114,4,QOTu-HSsrc,arc segments,,0.5036494538232373,0.07462686567164178,0.06578947368421052
Left,random,RTT,PTT,1,0.05,1,1136,76,114,4,QOTu-PCA,arc segments,16.0,0.5049900695134062,0.07339449541284404,0.10526315789473684
Left,random,RTT,PTT,1,0.05,1,1136,76,114,4,QOTc-HS4,arc labels,,0.4683465739821251,0.05511811023622047,0.27631578947368424
Left,random,RTT,PTT,1,0.05,1,1136,76,114,4,QOTc-HSsrc,arc labels,,0.4924031777557101,0.06363636363636363,0.27631578947368424
Left,random,RTT,PTT,1,0.05,1,1136,76,114,4,QOTc-PCA,arc labels,32.0,0.49240317775571,0.043478260869565216,0.02631578947368421
Left,random,RTT,PTT,1,0.05,1,1136,76,114,4,SDM-HS4,arc labels,,0.4664846077457795,0.05405405405405406,0.2631578947368421
Left,random,RTT,PTT,1,0.05,1,1136,76,114,4,SDM-HSsrc,arc labels,,0.45225918570009926,0.051685393258426963,0.3026315789473684
Left,random,RTT,PTT,1,0.05,1,1136,76,114,4,SDM-PCA,arc labels,16.0,0.5488083416087388,0.08787878787878788,0.3815789473684211
Left,random,RTT,PTT,1,0.1,1,1136,76,227,11,NoAdapt,nothing,,0.4875372393247269,0.06279069767441861,0.35526315789473684
Left,random,RTT,PTT,1,0.1,1,1136,76,227,11,TargetOnly,arc labels,,0.4679245283018868,0.05397727272727273,0.25
Left,random,RTT,PTT,1,0.1,1,1136,76,227,11,Source+Target,arc labels,,0.49409136047666335,0.06502242152466367,0.3815789473684211
Left,random,RTT,PTT,1,0.1,1,1136,76,227,11,COT,arc labels,,0.5152184707050645,0.0697986577181208,0.6842105263157895
Left,random,RTT,PTT,1,0.1,1,1136,76,227,11,none-HS4,arc labels,,0.45943396226415095,0.051351351351351354,0.25
Left,random,RTT,PTT,1,0.1,1,1136,76,227,11,none-HSsrc,nothing,,0.47845084409136046,0.061068702290076333,0.42105263157894735
Left,random,RTT,PTT,1,0.1,1,1136,76,227,11,none-PCA,arc segments,16.0,0.45603277060575964,0.05263157894736842,0.3026315789473684
Left,random,RTT,PTT,1,0.1,1,1136,76,227,11,QOTu-HS4,arc labels,,0.49699602780536245,0.06306306306306306,0.09210526315789473
Left,random,RTT,PTT,1,0.1,1,1136,76,227,11,QOTu-HSsrc,arc segments,,0.5022343594836147,0.07142857142857142,0.06578947368421052
Left,random,RTT,PTT,1,0.1,1,1136,76,227,11,QOTu-PCA,arc segments,16.0,0.49510923535253226,0.06086956521739131,0.09210526315789473
Left,random,RTT,PTT,1,0.1,1,1136,76,227,11,QOTc-HS4,arc labels,,0.47492552135054616,0.05759162303664921,0.2894736842105263
Left,random,RTT,PTT,1,0.1,1,1136,76,227,11,QOTc-HSsrc,arc labels,,0.4800893743793446,0.05958549222797927,0.3026315789473684
Left,random,RTT,PTT,1,0.1,1,1136,76,227,11,QOTc-PCA,arc labels,64.0,0.48321747765640516,0.055,0.14473684210526316
Left,random,RTT,PTT,1,0.1,1,1136,76,227,11,SDM-HS4,arc labels,,0.45744786494538237,0.052995391705069124,0.3026315789473684
Left,random,RTT,PTT,1,0.1,1,1136,76,227,11,SDM-HSsrc,arc labels,,0.47110228401191656,0.05714285714285714,0.3157894736842105
Left,random,RTT,PTT,1,0.1,1,1136,76,227,11,SDM-PCA,arc labels,64.0,0.49955312810327707,0.06684491978609626,0.9868421052631579
Left,random,RTT,PTT,1,0.2,1,1136,76,454,15,NoAdapt,nothing,,0.4875372393247269,0.06279069767441861,0.35526315789473684
Left,random,RTT,PTT,1,0.2,1,1136,76,454,15,TargetOnly,arc labels,,0.4970456802383317,0.06575342465753424,0.3157894736842105
Left,random,RTT,PTT,1,0.2,1,1136,76,454,15,Source+Target,arc labels,,0.49364448857994037,0.06481481481481481,0.3684210526315789
Left,random,RTT,PTT,1,0.2,1,1136,76,454,15,COT,arc labels,,0.47693644488579945,0.06314580941446613,0.7236842105263158
Left,random,RTT,PTT,1,0.2,1,1136,76,454,15,none-HS4,arc labels,,0.4701837140019861,0.056511056511056514,0.3026315789473684
Left,random,RTT,PTT,1,0.2,1,1136,76,454,15,none-HSsrc,nothing,,0.47845084409136046,0.061068702290076333,0.42105263157894735
Left,random,RTT,PTT,1,0.2,1,1136,76,454,15,none-PCA,arc segments,16.0,0.4630834160873883,0.05491990846681922,0.3157894736842105
Left,random,RTT,PTT,1,0.2,1,1136,76,454,15,QOTu-HS4,arc labels,,0.4936941410129096,0.059322033898305086,0.09210526315789473
Left,random,RTT,PTT,1,0.2,1,1136,76,454,15,QOTu-HSsrc,arc segments,,0.5017626613704071,0.07042253521126761,0.06578947368421052
Left,random,RTT,PTT,1,0.2,1,1136,76,454,15,QOTu-PCA,arc segments,16.0,0.49793942403177754,0.06422018348623854,0.09210526315789473
Left,random,RTT,PTT,1,0.2,1,1136,76,454,15,QOTc-HS4,arc labels,,0.471077457795432,0.05747126436781609,0.32894736842105265
Left,random,RTT,PTT,1,0.2,1,1136,76,454,15,QOTc-HSsrc,arc labels,,0.48954816285998015,0.06267806267806268,0.2894736842105263
Left,random,RTT,PTT,1,0.2,1,1136,76,454,15,QOTc-PCA,arc labels,64.0,0.4629841112214499,0.04225352112676056,0.11842105263157894
Left,random,RTT,PTT,1,0.2,1,1136,76,454,15,SDM-HS4,arc labels,,0.4592353525322741,0.05510204081632653,0.35526315789473684
Left,random,RTT,PTT,1,0.2,1,1136,76,454,15,SDM-HSsrc,arc labels,,0.47015888778550147,0.05687203791469194,0.3157894736842105
Left,random,RTT,PTT,1,0.2,1,1136,76,454,15,SDM-PCA,arc labels,32.0,0.4795680238331678,0.05995203836930456,0.32894736842105265
Left,random,RTT,PTT,1,0.3,1,1136,76,682,36,NoAdapt,nothing,,0.4875372393247269,0.06279069767441861,0.35526315789473684
Left,random,RTT,PTT,1,0.3,1,1136,76,682,36,TargetOnly,arc labels,,0.5510923535253227,0.08648648648648649,0.42105263157894735
Left,random,RTT,PTT,1,0.3,1,1136,76,682,36,Source+Target,arc labels,,0.5011171797418074,0.06724511930585683,0.40789473684210525
Left,random,RTT,PTT,1,0.3,1,1136,76,682,36,COT,arc labels,,0.546648460774578,0.08016032064128256,0.5263157894736842
Left,random,RTT,PTT,1,0.3,1,1136,76,682,36,none-HS4,arc labels,,0.46171797418073485,0.05365853658536585,0.2894736842105263
Left,random,RTT,PTT,1,0.3,1,1136,76,682,36,none-HSsrc,nothing,,0.47845084409136046,0.061068702290076333,0.42105263157894735
Left,random,RTT,PTT,1,0.3,1,1136,76,682,36,none-PCA,arc segments,16.0,0.4621400198609732,0.05466970387243736,0.3157894736842105
Left,random,RTT,PTT,1,0.3,1,1136,76,682,36,QOTu-HS4,arc labels,,0.4927507447864945,0.058333333333333334,0.09210526315789473
Left,random,RTT,PTT,1,0.3,1,1136,76,682,36,QOTu-HSsrc,arc segments,,0.5036494538232373,0.07462686567164178,0.06578947368421052
Left,random,RTT,PTT,1,0.3,1,1136,76,682,36,QOTu-PCA,arc segments,16.0,0.5026315789473684,0.07017543859649122,0.10526315789473684
Left,random,RTT,PTT,1,0.3,1,1136,76,682,36,QOTc-HS4,arc labels,,0.5050893743793445,0.06906906906906907,0.3026315789473684
Left,random,RTT,PTT,1,0.3,1,1136,76,682,36,QOTc-HSsrc,arc labels,,0.4778053624627606,0.057803468208092484,0.2631578947368421
Left,random,RTT,PTT,1,0.3,1,1136,76,682,36,QOTc-PCA,arc labels,64.0,0.4580933465739821,0.04878048780487805,0.21052631578947367
Left,random,RTT,PTT,1,0.3,1,1136,76,682,36,SDM-HS4,arc labels,,0.47060575968222446,0.05733944954128441,0.32894736842105265
Left,random,RTT,PTT,1,0.3,1,1136,76,682,36,SDM-HSsrc,arc labels,,0.48669314796425023,0.06182795698924731,0.3026315789473684
Left,random,RTT,PTT,1,0.3,1,1136,76,682,36,SDM-PCA,arc labels,64.0,0.39766633565044684,0.05313092979127135,0.7368421052631579
Left,random,RTT,PTT,1,0.5,1,1136,76,1112,63,NoAdapt,nothing,,0.4875372393247269,0.06279069767441861,0.35526315789473684
Left,random,RTT,PTT,1,0.5,1,1136,76,1112,63,TargetOnly,arc labels,,0.46037735849056605,0.051630434782608696,0.25
Left,random,RTT,PTT,1,0.5,1,1136,76,1112,63,Source+Target,arc labels,,0.49553128103277055,0.06542056074766354,0.3684210526315789
Left,random,RTT,PTT,1,0.5,1,1136,76,1112,63,COT,arc labels,,0.53766137040715,0.07692307692307693,0.5394736842105263
Left,random,RTT,PTT,1,0.5,1,1136,76,1112,63,none-HS4,arc labels,,0.4730635551142006,0.05660377358490566,0.27631578947368424
Left,random,RTT,PTT,1,0.5,1,1136,76,1112,63,none-HSsrc,nothing,,0.47845084409136046,0.061068702290076333,0.42105263157894735
Left,random,RTT,PTT,1,0.5,1,1136,76,1112,63,none-PCA,arc segments,16.0,0.4621400198609732,0.05466970387243736,0.3157894736842105
Left,random,RTT,PTT,1,0.5,1,1136,76,1112,63,QOTu-HS4,arc labels,,0.4946375372393247,0.0603448275862069,0.09210526315789473
Left,random,RTT,PTT,1,0.5,1,1136,76,1112,63,QOTu-HSsrc,arc segments,,0.5036494538232373,0.07462686567164178,0.06578947368421052
Left,random,RTT,PTT,1,0.5,1,1136,76,1112,63,QOTu-PCA,arc segments,16.0,0.5101787487586892,0.08163265306122448,0.10526315789473684
Left,random,RTT,PTT,1,0.5,1,1136,76,1112,63,QOTc-HS4,arc labels,,0.4697864945382324,0.05509641873278237,0.2631578947368421
Left,random,RTT,PTT,1,0.5,1,1136,76,1112,63,QOTc-HSsrc,arc labels,,0.4938927507447865,0.06382978723404255,0.23684210526315788
Left,random,RTT,PTT,1,0.5,1,1136,76,1112,63,QOTc-PCA,arc labels,32.0,0.43411122144985104,0.038922155688622756,0.17105263157894737
Left,random,RTT,PTT,1,0.5,1,1136,76,1112,63,SDM-HS4,arc labels,,0.4461519364448858,0.04966139954853273,0.2894736842105263
Left,random,RTT,PTT,1,0.5,1,1136,76,1112,63,SDM-HSsrc,arc labels,,0.47112711022840115,0.056790123456790124,0.3026315789473684
Left,random,RTT,PTT,1,0.5,1,1136,76,1112,63,SDM-PCA,arc labels,64.0,0.37517378351539227,0.04940711462450593,0.6578947368421053
Left,random,RTT,PTT,2,0.05,1,1136,82,114,8,NoAdapt,nothing,,0.44770213356782523,0.056640625,0.35365853658536583
Left,random,RTT,PTT,2,0.05,1,1136,82,114,8,TargetOnly,arc labels,,0.46169065580598884,0.048582995951417005,0.14634146341463414
Left,random,RTT,PTT,2,0.05,1,1136,82,114,8,Source+Target,arc labels,,0.44884759568658306,0.0584070796460177,0.4024390243902439
Left,random,RTT,PTT,2,0.05,1,1136,82,114,8,COT,arc labels,,0.4869255333919563,0.07040998217468805,0.9634146341463414
Left,random,RTT,PTT,2,0.05,1,1136,82,114,8,none-HS4,arc labels,,0.4294788725875873,0.050505050505050504,0.3048780487804878
Left,random,RTT,PTT,2,0.05,1,1136,82,114,8,none-HSsrc,nothing,,0.44695006247975194,0.05799648506151142,0.4024390243902439
Left,random,RTT,PTT,2,0.05,1,1136,82,114,8,none-PCA,arc segments,8.0,0.43204748461146847,0.05321100917431193,0.35365853658536583
Left,random,RTT,PTT,2,0.05,1,1136,82,114,8,QOTu-HS4,arc labels,,0.49897024112556115,0.07079646017699115,0.0975609756097561
Left,random,RTT,PTT,2,0.05,1,1136,82,114,8,QOTu-HSsrc,arc segments,,0.506294256490952,0.08928571428571429,0.06097560975609756
Left,random,RTT,PTT,2,0.05,1,1136,82,114,8,QOTu-PCA,arc segments,64.0,0.5264729023001805,0.09868421052631579,0.18292682926829268
Left,random,RTT,PTT,2,0.05,1,1136,82,114,8,QOTc-HS4,arc labels,,0.4697551719350211,0.05217391304347826,0.14634146341463414
Left,random,RTT,PTT,2,0.05,1,1136,82,114,8,QOTc-HSsrc,arc labels,,0.47420974684130146,0.06166219839142091,0.2804878048780488
Left,random,RTT,PTT,2,0.05,1,1136,82,114,8,QOTc-PCA,arc labels,64.0,0.5303952422825936,0.09389671361502347,0.24390243902439024
Left,random,RTT,PTT,2,0.05,1,1136,82,114,8,SDM-HS4,arc labels,,0.4917734993289212,0.06694560669456066,0.1951219512195122
Left,random,RTT,PTT,2,0.05,1,1136,82,114,8,SDM-HSsrc,arc labels,,0.47854861850326286,0.06285714285714286,0.2682926829268293
Left,random,RTT,PTT,2,0.05,1,1136,82,114,8,SDM-PCA,arc labels,8.0,0.4328226963484056,0.03741496598639456,0.13414634146341464
Left,random,RTT,PTT,2,0.1,1,1136,82,227,14,NoAdapt,nothing,,0.44770213356782523,0.056640625,0.35365853658536583
Left,random,RTT,PTT,2,0.1,1,1136,82,227,14,TargetOnly,arc labels,,0.43010367010690975,0.04336043360433604,0.1951219512195122
Left,random,RTT,PTT,2,0.1,1,1136,82,227,14,Source+Target,arc labels,,0.4451219512195122,0.057245080500894455,0.3902439024390244
Left,random,RTT,PTT,2,0.1,1,1136,82,227,14,COT,arc labels,,0.43850372564446705,0.047493403693931395,0.21951219512195122
Left,random,RTT,PTT,2,0.1,1,1136,82,227,14,none-HS4,arc labels,,0.4486624704956727,0.053268765133171914,0.2682926829268293
Left,random,RTT,PTT,2,0.1,1,1136,82,227,14,none-HSsrc,nothing,,0.44695006247975194,0.05799648506151142,0.4024390243902439
Left,random,RTT,PTT,2,0.1,1,1136,82,227,14,none-PCA,arc segments,8.0,0.43204748461146847,0.05321100917431193,0.35365853658536583
Left,random,RTT,PTT,2,0.1,1,1136,82,227,14,QOTu-HS4,arc labels,,0.4923982968482436,0.061946902654867256,0.08536585365853659
Left,random,RTT,PTT,2,0.1,1,1136,82,227,14,QOTu-HSsrc,arc segments,,0.5072430230943675,0.09259259259259259,0.06097560975609756
Left,random,RTT,PTT,2,0.1,1,1136,82,227,14,QOTu-PCA,arc segments,8.0,0.49273383625676864,0.06428571428571428,0.10975609756097561
Left,random,RTT,PTT,2,0.1,1,1136,82,227,14,QOTc-HS4,arc labels,,0.47455685657425833,0.0594059405940594,0.21951219512195122
Left,random,RTT,PTT,2,0.1,1,1136,82,227,14,QOTc-HSsrc,arc labels,,0.46078817050030085,0.05827505827505827,0.3048780487804878
Left,random,RTT,PTT,2,0.1,1,1136,82,227,14,QOTc-PCA,arc labels,32.0,0.46657333271624934,0.04784688995215311,0.12195121951219512
Left,random,RTT,PTT,2,0.1,1,1136,82,227,14,SDM-HS4,arc labels,,0.4538228351922988,0.050156739811912224,0.1951219512195122
Left,random,RTT,PTT,2,0.1,1,1136,82,227,14,SDM-HSsrc,arc labels,,0.4637733142037303,0.05822784810126582,0.2804878048780488
Left,random,RTT,PTT,2,0.1,1,1136,82,227,14,SDM-PCA,arc labels,32.0,0.45714351830425326,0.05128205128205128,0.1951219512195122
Left,random,RTT,PTT,2,0.2,1,1136,82,454,26,NoAdapt,nothing,,0.44770213356782523,0.056640625,0.35365853658536583
Left,random,RTT,PTT,2,0.2,1,1136,82,454,26,TargetOnly,arc labels,,0.4963784884528162,0.07003891050583658,0.21951219512195122
Left,random,RTT,PTT,2,0.2,1,1136,82,454,26,Source+Target,arc labels,,0.45271208404683666,0.058931860036832415,0.3902439024390244
Left,random,RTT,PTT,2,0.2,1,1136,82,454,26,COT,arc labels,,0.5250266117461934,0.0830945558739255,0.35365853658536583
Left,random,RTT,PTT,2,0.2,1,1136,82,454,26,none-HS4,arc labels,,0.4551765631508307,0.051515151515151514,0.2073170731707317
Left,random,RTT,PTT,2,0.2,1,1136,82,454,26,none-HSsrc,nothing,,0.44695006247975194,0.05799648506151142,0.4024390243902439
Left,random,RTT,PTT,2,0.2,1,1136,82,454,26,none-PCA,arc segments,8.0,0.43204748461146847,0.05321100917431193,0.35365853658536583
Left,random,RTT,PTT,2,0.2,1,1136,82,454,26,QOTu-HS4,arc labels,,0.4876544638311658,0.056910569105691054,0.08536585365853659
Left,random,RTT,PTT,2,0.2,1,1136,82,454,26,QOTu-HSsrc,arc segments,,0.502024806775582,0.07692307692307693,0.06097560975609756
Left,random,RTT,PTT,2,0.2,1,1136,82,454,26,QOTu-PCA,arc segments,8.0,0.4950363308187162,0.06711409395973154,0.12195121951219512
Left,random,RTT,PTT,2,0.2,1,1136,82,454,26,QOTc-HS4,arc labels,,0.49813717776646455,0.0711743772241993,0.24390243902439024
Left,random,RTT,PTT,2,0.2,1,1136,82,454,26,QOTc-HSsrc,arc labels,,0.4677072245105753,0.0584958217270195,0.25609756097560976
Left,random,RTT,PTT,2,0.2,1,1136,82,454,26,QOTc-PCA,arc labels,32.0,0.47943953348451895,0.06037735849056604,0.1951219512195122
Left,random,RTT,PTT,2,0.2,1,1136,82,454,26,SDM-HS4,arc labels,,0.48206599713055953,0.06532663316582915,0.3170731707317073
Left,random,RTT,PTT,2,0.2,1,1136,82,454,26,SDM-HSsrc,arc labels,,0.4599782477900681,0.05707196029776675,0.2804878048780488
Left,random,RTT,PTT,2,0.2,1,1136,82,454,26,SDM-PCA,arc labels,64.0,0.36946359975933724,0.051362683438155136,0.5975609756097561
Left,random,RTT,PTT,2,0.3,1,1136,82,682,39,NoAdapt,nothing,,0.44770213356782523,0.056640625,0.35365853658536583
Left,random,RTT,PTT,2,0.3,1,1136,82,682,39,TargetOnly,arc labels,,0.4723353542833341,0.04918032786885246,0.10975609756097561
Left,random,RTT,PTT,2,0.3,1,1136,82,682,39,Source+Target,arc labels,,0.4621303281344009,0.061452513966480445,0.4024390243902439
Left,random,RTT,PTT,2,0.3,1,1136,82,682,39,COT,arc labels,,0.5039570509557088,0.07396449704142012,0.3048780487804878
Left,random,RTT,PTT,2,0.3,1,1136,82,682,39,none-HS4,arc labels,,0.4551765631508307,0.051515151515151514,0.2073170731707317
Left,random,RTT,PTT,2,0.3,1,1136,82,682,39,none-HSsrc,nothing,,0.44695006247975194,0.05799648506151142,0.4024390243902439
Left,random,RTT,PTT,2,0.3,1,1136,82,682,39,none-PCA,arc segments,8.0,0.43204748461146847,0.05321100917431193,0.35365853658536583
Left,random,RTT,PTT,2,0.3,1,1136,82,682,39,QOTu-HS4,arc labels,,0.48955199703799696,0.058823529411764705,0.08536585365853659
Left,random,RTT,PTT,2,0.3,1,1136,82,682,39,QOTu-HSsrc,arc segments,,0.502024806775582,0.07692307692307693,0.06097560975609756
Left,random,RTT,PTT,2,0.3,1,1136,82,682,39,QOTu-PCA,arc segments,8.0,0.4860924700328597,0.05844155844155844,0.10975609756097561
Left,random,RTT,PTT,2,0.3,1,1136,82,682,39,QOTc-HS4,arc labels,,0.4982065997130559,0.07116104868913857,0.23170731707317074
Left,random,RTT,PTT,2,0.3,1,1136,82,682,39,QOTc-HSsrc,arc labels,,0.4719766742259453,0.06,0.25609756097560976
Left,random,RTT,PTT,2,0.3,1,1136,82,682,39,QOTc-PCA,arc labels,32.0,0.45992039616790853,0.053125,0.2073170731707317
Left,random,RTT,PTT,2,0.3,1,1136,82,682,39,SDM-HS4,arc labels,,0.47231221363447035,0.0610079575596817,0.2804878048780488
Left,random,RTT,PTT,2,0.3,1,1136,82,682,39,SDM-HSsrc,arc labels,,0.4623501642986069,0.05778894472361809,0.2804878048780488
Left,random,RTT,PTT,2,0.3,1,1136,82,682,39,SDM-PCA,arc labels,32.0,0.40143240616466885,0.040339702760084924,0.23170731707317074
Left,random,RTT,PTT,2,0.5,1,1136,82,1112,57,NoAdapt,nothing,,0.44770213356782523,0.056640625,0.35365853658536583
Left,random,RTT,PTT,2,0.5,1,1136,82,1112,57,TargetOnly,arc labels,,0.4946892210857592,0.0684931506849315,0.18292682926829268
Left,random,RTT,PTT,2,0.5,1,1136,82,1112,57,Source+Target,arc labels,,0.4718262600083306,0.06315789473684211,0.36585365853658536
Left,random,RTT,PTT,2,0.5,1,1136,82,1112,57,COT,arc labels,,0.4763849678344981,0.06070287539936102,0.23170731707317074
Left,random,RTT,PTT,2,0.5,1,1136,82,1112,57,none-HS4,arc labels,,0.45287406858888324,0.04984423676012461,0.1951219512195122
Left,random,RTT,PTT,2,0.5,1,1136,82,1112,57,none-HSsrc,nothing,,0.44695006247975194,0.05799648506151142,0.4024390243902439
Left,random,RTT,PTT,2,0.5,1,1136,82,1112,57,none-PCA,arc segments,8.0,0.43204748461146847,0.05321100917431193,0.35365853658536583
Left,random,RTT,PTT,2,0.5,1,1136,82,1112,57,QOTu-HS4,arc labels,,0.48860323043458137,0.05785123966942149,0.08536585365853659
Left,random,RTT,PTT,2,0.5,1,1136,82,1112,57,QOTu-HSsrc,arc segments,,0.5006016568704587,0.07352941176470588,0.06097560975609756
Left,random,RTT,PTT,2,0.5,1,1136,82,1112,57,QOTu-PCA,arc segments,8.0,0.4911718424584625,0.06432748538011696,0.13414634146341464
Left,random,RTT,PTT,2,0.5,1,1136,82,1112,57,QOTc-HS4,arc labels,,0.505391771185264,0.07563025210084033,0.21951219512195122
Left,random,RTT,PTT,2,0.5,1,1136,82,1112,57,QOTc-HSsrc,arc labels,,0.47645438978108945,0.06020066889632107,0.21951219512195122
Left,random,RTT,PTT,2,0.5,1,1136,82,1112,57,QOTc-PCA,arc labels,64.0,0.48595362613967696,0.06043956043956044,0.13414634146341464
Left,random,RTT,PTT,2,0.5,1,1136,82,1112,57,SDM-HS4,arc labels,,0.46851714722080806,0.05974025974025974,0.2804878048780488
Left,random,RTT,PTT,2,0.5,1,1136,82,1112,57,SDM-HSsrc,arc labels,,0.47333040218447725,0.060941828254847646,0.2682926829268293
Left,random,RTT,PTT,2,0.5,1,1136,82,1112,57,SDM-PCA,arc labels,32.0,0.40739112324709587,0.044,0.2682926829268293
Left,random,RTT,PTT,3,0.05,1,1136,66,114,7,NoAdapt,nothing,,0.4563154913622203,0.04805914972273567,0.3939393939393939
Left,random,RTT,PTT,3,0.05,1,1136,66,114,7,TargetOnly,arc labels,,0.47022090059473237,0.03592814371257485,0.09090909090909091
Left,random,RTT,PTT,3,0.05,1,1136,66,114,7,Source+Target,arc labels,,0.5237184933446616,0.0620782726045884,0.696969696969697
Left,random,RTT,PTT,3,0.05,1,1136,66,114,7,COT,arc labels,,0.43006230529595013,0.032448377581120944,0.16666666666666666
Left,random,RTT,PTT,3,0.05,1,1136,66,114,7,none-HS4,arc labels,,0.46644010195412067,0.045454545454545456,0.22727272727272727
Left,random,RTT,PTT,3,0.05,1,1136,66,114,7,none-HSsrc,nothing,,0.4636222033418295,0.05025996533795494,0.4393939393939394
Left,random,RTT,PTT,3,0.05,1,1136,66,114,7,none-PCA,arc segments,4.0,0.46516567544604925,0.0481651376146789,0.3181818181818182
Left,random,RTT,PTT,3,0.05,1,1136,66,114,7,QOTu-HS4,arc labels,,0.5111724723874256,0.06870229007633588,0.13636363636363635
Left,random,RTT,PTT,3,0.05,1,1136,66,114,7,QOTu-HSsrc,arc segments,,0.5241574624752194,0.09302325581395349,0.12121212121212122
Left,random,RTT,PTT,3,0.05,1,1136,66,114,7,QOTu-PCA,arc segments,4.0,0.505933163409799,0.064,0.12121212121212122
Left,random,RTT,PTT,3,0.05,1,1136,66,114,7,QOTc-HS4,arc labels,,0.5411922967997734,0.0705596107055961,0.4393939393939394
Left,random,RTT,PTT,3,0.05,1,1136,66,114,7,QOTc-HSsrc,arc labels,,0.5696261682242991,0.07875894988066826,0.5
Left,random,RTT,PTT,3,0.05,1,1136,66,114,7,QOTc-PCA,arc labels,64.0,0.47919852732936846,0.04242424242424243,0.10606060606060606
Left,random,RTT,PTT,3,0.05,1,1136,66,114,7,SDM-HS4,arc labels,,0.5503681676578873,0.07223476297968397,0.48484848484848486
Left,random,RTT,PTT,3,0.05,1,1136,66,114,7,SDM-HSsrc,arc labels,,0.5438261115831209,0.0700218818380744,0.48484848484848486
Left,random,RTT,PTT,3,0.05,1,1136,66,114,7,SDM-PCA,arc labels,32.0,0.4730812800906259,0.04804804804804805,0.24242424242424243
Left,random,RTT,PTT,3,0.1,1,1136,66,227,16,NoAdapt,nothing,,0.4563154913622203,0.04805914972273567,0.3939393939393939
Left,random,RTT,PTT,3,0.1,1,1136,66,227,16,TargetOnly,arc labels,,0.4421268762390258,0.04654895666131621,0.4393939393939394
Left,random,RTT,PTT,3,0.1,1,1136,66,227,16,Source+Target,arc labels,,0.5361653922401586,0.0639686684073107,0.7424242424242424
Left,random,RTT,PTT,3,0.1,1,1136,66,227,16,COT,arc labels,,0.41495327102803736,0.044,0.5
Left,random,RTT,PTT,3,0.1,1,1136,66,227,16,none-HS4,arc labels,,0.47655055225148685,0.05,0.2727272727272727
Left,random,RTT,PTT,3,0.1,1,1136,66,227,16,none-HSsrc,nothing,,0.4636222033418295,0.05025996533795494,0.4393939393939394
Left,random,RTT,PTT,3,0.1,1,1136,66,227,16,none-PCA,arc segments,4.0,0.46516567544604925,0.0481651376146789,0.3181818181818182
Left,random,RTT,PTT,3,0.1,1,1136,66,227,16,QOTu-HS4,arc labels,,0.5109034267912773,0.06626506024096386,0.16666666666666666
Left,random,RTT,PTT,3,0.1,1,1136,66,227,16,QOTu-HSsrc,arc segments,,0.5246247521948457,0.09411764705882353,0.12121212121212122
Left,random,RTT,PTT,3,0.1,1,1136,66,227,16,QOTu-PCA,arc segments,4.0,0.5097706032285472,0.06716417910447761,0.13636363636363635
Left,random,RTT,PTT,3,0.1,1,1136,66,227,16,QOTc-HS4,arc labels,,0.5433163409798923,0.06688417618270799,0.6212121212121212
Left,random,RTT,PTT,3,0.1,1,1136,66,227,16,QOTc-HSsrc,arc labels,,0.49307561597281224,0.054945054945054944,0.22727272727272727
Left,random,RTT,PTT,3,0.1,1,1136,66,227,16,QOTc-PCA,arc labels,64.0,0.488671764372699,0.05241935483870968,0.19696969696969696
Left,random,RTT,PTT,3,0.1,1,1136,66,227,16,SDM-HS4,arc labels,,0.5445199660152931,0.06770833333333333,0.5909090909090909
Left,random,RTT,PTT,3,0.1,1,1136,66,227,16,SDM-HSsrc,arc labels,,0.6255026904559615,0.1169811320754717,0.4696969696969697
Left,random,RTT,PTT,3,0.1,1,1136,66,227,16,SDM-PCA,arc labels,32.0,0.5438261115831209,0.0700218818380744,0.48484848484848486
Left,random,RTT,PTT,3,0.2,1,1136,66,454,30,NoAdapt,nothing,,0.4563154913622203,0.04805914972273567,0.3939393939393939
Left,random,RTT,PTT,3,0.2,1,1136,66,454,30,TargetOnly,arc labels,,0.43378646275842536,0.043706293706293704,0.3787878787878788
Left,random,RTT,PTT,3,0.2,1,1136,66,454,30,Source+Target,arc labels,,0.528589634664401,0.06274509803921569,0.7272727272727273
Left,random,RTT,PTT,3,0.2,1,1136,66,454,30,COT,arc labels,,0.4109459076748796,0.044136191677175286,0.5303030303030303
Left,random,RTT,PTT,3,0.2,1,1136,66,454,30,none-HS4,arc labels,,0.4817898612291136,0.05191256830601093,0.2878787878787879
Left,random,RTT,PTT,3,0.2,1,1136,66,454,30,none-HSsrc,nothing,,0.4636222033418295,0.05025996533795494,0.4393939393939394
Left,random,RTT,PTT,3,0.2,1,1136,66,454,30,none-PCA,arc segments,4.0,0.4645284621920136,0.049079754601226995,0.36363636363636365
Left,random,RTT,PTT,3,0.2,1,1136,66,454,30,QOTu-HS4,arc labels,,0.5190172755593316,0.08247422680412371,0.12121212121212122
Left,random,RTT,PTT,3,0.2,1,1136,66,454,30,QOTu-HSsrc,arc segments,,0.5121778532993486,0.08333333333333333,0.07575757575757576
Left,random,RTT,PTT,3,0.2,1,1136,66,454,30,QOTu-PCA,arc segments,16.0,0.4984565278957802,0.05673758865248227,0.12121212121212122
Left,random,RTT,PTT,3,0.2,1,1136,66,454,30,QOTc-HS4,arc labels,,0.5252619654488814,0.06333333333333334,0.5757575757575758
Left,random,RTT,PTT,3,0.2,1,1136,66,454,30,QOTc-HSsrc,arc labels,,0.5950014160294534,0.11013215859030837,0.3787878787878788
Left,random,RTT,PTT,3,0.2,1,1136,66,454,30,QOTc-PCA,arc labels,64.0,0.4972104219767771,0.057057057057057055,0.2878787878787879
Left,random,RTT,PTT,3,0.2,1,1136,66,454,30,SDM-HS4,arc labels,,0.5310676862078731,0.06430868167202572,0.6060606060606061
Left,random,RTT,PTT,3,0.2,1,1136,66,454,30,SDM-HSsrc,arc labels,,0.610648541489663,0.10191082802547771,0.48484848484848486
Left,random,RTT,PTT,3,0.2,1,1136,66,454,30,SDM-PCA,arc labels,64.0,0.5083828943642028,0.05910852713178295,0.9242424242424242
Left,random,RTT,PTT,3,0.3,1,1136,66,682,44,NoAdapt,nothing,,0.4563154913622203,0.04805914972273567,0.3939393939393939
Left,random,RTT,PTT,3,0.3,1,1136,66,682,44,TargetOnly,arc labels,,0.5444491645426225,0.06666666666666667,0.6515151515151515
Left,random,RTT,PTT,3,0.3,1,1136,66,682,44,Source+Target,arc labels,,0.5276550552251487,0.06258148631029987,0.7272727272727273
Left,random,RTT,PTT,3,0.3,1,1136,66,682,44,COT,arc labels,,0.4575757575757576,0.05029585798816568,0.5151515151515151
Left,random,RTT,PTT,3,0.3,1,1136,66,682,44,none-HS4,arc labels,,0.4922401585952988,0.0547945205479452,0.24242424242424243
Left,random,RTT,PTT,3,0.3,1,1136,66,682,44,none-HSsrc,nothing,,0.4636222033418295,0.05025996533795494,0.4393939393939394
Left,random,RTT,PTT,3,0.3,1,1136,66,682,44,none-PCA,arc segments,16.0,0.4333899745114699,0.041666666666666664,0.3181818181818182
Left,random,RTT,PTT,3,0.3,1,1136,66,682,44,QOTu-HS4,arc labels,,0.5298640611724723,0.0989010989010989,0.13636363636363635
Left,random,RTT,PTT,3,0.3,1,1136,66,682,44,QOTu-HSsrc,arc segments,,0.5126451430189748,0.0847457627118644,0.07575757575757576
Left,random,RTT,PTT,3,0.3,1,1136,66,682,44,QOTu-PCA,arc segments,16.0,0.4989238176154064,0.05714285714285714,0.12121212121212122
Left,random,RTT,PTT,3,0.3,1,1136,66,682,44,QOTc-HS4,arc labels,,0.5271311243273861,0.06375838926174497,0.5757575757575758
Left,random,RTT,PTT,3,0.3,1,1136,66,682,44,QOTc-HSsrc,arc labels,,0.5311243273860096,0.0752212389380531,0.25757575757575757
Left,random,RTT,PTT,3,0.3,1,1136,66,682,44,QOTc-PCA,arc labels,64.0,0.488671764372699,0.05241935483870968,0.19696969696969696
Left,random,RTT,PTT,3,0.3,1,1136,66,682,44,SDM-HS4,arc labels,,0.5384027187765505,0.06451612903225806,0.7272727272727273
Left,random,RTT,PTT,3,0.3,1,1136,66,682,44,SDM-HSsrc,arc labels,,0.5896205041064855,0.08913649025069638,0.48484848484848486
Left,random,RTT,PTT,3,0.3,1,1136,66,682,44,SDM-PCA,arc labels,64.0,0.50380911922968,0.05854579792256846,0.9393939393939394
Left,random,RTT,PTT,3,0.5,1,1136,66,1112,73,NoAdapt,nothing,,0.4563154913622203,0.04805914972273567,0.3939393939393939
Left,random,RTT,PTT,3,0.5,1,1136,66,1112,73,TargetOnly,arc labels,,0.5196969696969697,0.06345733041575492,0.4393939393939394
Left,random,RTT,PTT,3,0.5,1,1136,66,1112,73,Source+Target,arc labels,,0.5303596714811668,0.06317204301075269,0.7121212121212122
Left,random,RTT,PTT,3,0.5,1,1136,66,1112,73,COT,arc labels,,0.41772868875672614,0.0425531914893617,0.42424242424242425
Left,random,RTT,PTT,3,0.5,1,1136,66,1112,73,none-HS4,arc labels,,0.4830642877371849,0.05,0.19696969696969696
Left,random,RTT,PTT,3,0.5,1,1136,66,1112,73,none-HSsrc,nothing,,0.4636222033418295,0.05025996533795494,0.4393939393939394
Left,random,RTT,PTT,3,0.5,1,1136,66,1112,73,none-PCA,arc segments,16.0,0.4329226847918437,0.041584158415841586,0.3181818181818182
Left,random,RTT,PTT,3,0.5,1,1136,66,1112,73,QOTu-HS4,arc labels,,0.5250920419144718,0.09523809523809523,0.12121212121212122
Left,random,RTT,PTT,3,0.5,1,1136,66,1112,73,QOTu-HSsrc,arc segments,,0.5126451430189748,0.0847457627118644,0.07575757575757576
Left,random,RTT,PTT,3,0.5,1,1136,66,1112,73,QOTu-PCA,arc segments,16.0,0.4984565278957802,0.05673758865248227,0.12121212121212122
Left,random,RTT,PTT,3,0.5,1,1136,66,1112,73,QOTc-HS4,arc labels,,0.5367176437269896,0.06813186813186813,0.4696969696969697
Left,random,RTT,PTT,3,0.5,1,1136,66,1112,73,QOTc-HSsrc,arc labels,,0.5978051543472105,0.11312217194570136,0.3787878787878788
Left,random,RTT,PTT,3,0.5,1,1136,66,1112,73,QOTc-PCA,arc labels,64.0,0.49595015576323986,0.05555555555555555,0.16666666666666666
Left,random,RTT,PTT,3,0.5,1,1136,66,1112,73,SDM-HS4,arc labels,,0.5082412914188614,0.059800664451827246,0.5454545454545454
Left,random,RTT,PTT,3,0.5,1,1136,66,1112,73,SDM-HSsrc,arc labels,,0.6074483149249504,0.1111111111111111,0.42424242424242425
Left,random,RTT,PTT,3,0.5,1,1136,66,1112,73,SDM-PCA,arc labels,64.0,0.5618521665250638,0.0661764705882353,0.9545454545454546
Left,random,RTT,PTT,4,0.05,1,1136,64,114,7,NoAdapt,nothing,,0.4321361940298507,0.042833607907743,0.40625
Left,random,RTT,PTT,4,0.05,1,1136,64,114,7,TargetOnly,arc labels,,0.4605876865671642,0.042042042042042045,0.21875
Left,random,RTT,PTT,4,0.05,1,1136,64,114,7,Source+Target,arc labels,,0.4169776119402985,0.04148148148148148,0.4375
Left,random,RTT,PTT,4,0.05,1,1136,64,114,7,COT,arc labels,,0.43878264925373134,0.04602510460251046,0.515625
Left,random,RTT,PTT,4,0.05,1,1136,64,114,7,none-HS4,arc labels,,0.42432369402985076,0.027950310559006212,0.140625
Left,random,RTT,PTT,4,0.05,1,1136,64,114,7,none-HSsrc,nothing,,0.4545242537313433,0.047619047619047616,0.46875
Left,random,RTT,PTT,4,0.05,1,1136,64,114,7,none-PCA,arc segments,16.0,0.4352845149253731,0.037037037037037035,0.234375
Left,random,RTT,PTT,4,0.05,1,1136,64,114,7,QOTu-HS4,arc labels,,0.49125466417910446,0.041666666666666664,0.046875
Left,random,RTT,PTT,4,0.05,1,1136,64,114,7,QOTu-HSsrc,arc segments,,0.49580223880597013,0.05,0.0625
Left,random,RTT,PTT,4,0.05,1,1136,64,114,7,QOTu-PCA,arc segments,16.0,0.46256996268656714,0.04450261780104712,0.265625
Left,random,RTT,PTT,4,0.05,1,1136,64,114,7,QOTc-HS4,arc labels,,0.5980643656716418,0.09117647058823529,0.484375
Left,random,RTT,PTT,4,0.05,1,1136,64,114,7,QOTc-HSsrc,arc labels,,0.46571828358208955,0.04741379310344827,0.34375
Left,random,RTT,PTT,4,0.05,1,1136,64,114,7,QOTc-PCA,arc labels,64.0,0.5873367537313433,0.12666666666666668,0.296875
Left,random,RTT,PTT,4,0.05,1,1136,64,114,7,SDM-HS4,arc labels,,0.4918376865671642,0.05263157894736842,0.21875
Left,random,RTT,PTT,4,0.05,1,1136,64,114,7,SDM-HSsrc,arc labels,,0.4857742537313433,0.052845528455284556,0.40625
Left,random,RTT,PTT,4,0.05,1,1136,64,114,7,SDM-PCA,arc labels,16.0,0.4490438432835821,0.0413625304136253,0.265625
Left,random,RTT,PTT,4,0.1,1,1136,64,227,17,NoAdapt,nothing,,0.4321361940298507,0.042833607907743,0.40625
Left,random,RTT,PTT,4,0.1,1,1136,64,227,17,TargetOnly,arc labels,,0.42665578358208955,0.043154761904761904,0.453125
Left,random,RTT,PTT,4,0.1,1,1136,64,227,17,Source+Target,arc labels,,0.5088619402985075,0.057623049219687875,0.75
Left,random,RTT,PTT,4,0.1,1,1136,64,227,17,COT,arc labels,,0.43446828358208955,0.0456989247311828,0.53125
Left,random,RTT,PTT,4,0.1,1,1136,64,227,17,none-HS4,arc labels,,0.44251399253731344,0.03180212014134275,0.140625
Left,random,RTT,PTT,4,0.1,1,1136,64,227,17,none-HSsrc,nothing,,0.4545242537313433,0.047619047619047616,0.46875
Left,random,RTT,PTT,4,0.1,1,1136,64,227,17,none-PCA,arc segments,16.0,0.4077658582089552,0.03551401869158879,0.296875
Left,random,RTT,PTT,4,0.1,1,1136,64,227,17,QOTu-HS4,arc labels,,0.48332555970149255,0.033707865168539325,0.046875
Left,random,RTT,PTT,4,0.1,1,1136,64,227,17,QOTu-HSsrc,arc segments,,0.49580223880597013,0.05,0.0625
Left,random,RTT,PTT,4,0.1,1,1136,64,227,17,QOTu-PCA,arc segments,16.0,0.443446828358209,0.036931818181818184,0.203125
Left,random,RTT,PTT,4,0.1,1,1136,64,227,17,QOTc-HS4,arc labels,,0.5647154850746269,0.0738255033557047,0.515625
Left,random,RTT,PTT,4,0.1,1,1136,64,227,17,QOTc-HSsrc,arc labels,,0.5293843283582089,0.06451612903225806,0.4375
Left,random,RTT,PTT,4,0.1,1,1136,64,227,17,QOTc-PCA,arc labels,64.0,0.5622667910447761,0.07518796992481203,0.46875
Left,random,RTT,PTT,4,0.1,1,1136,64,227,17,SDM-HS4,arc labels,,0.5452425373134329,0.06432748538011696,0.6875
Left,random,RTT,PTT,4,0.1,1,1136,64,227,17,SDM-HSsrc,arc labels,,0.539179104477612,0.06611570247933884,0.5
Left,random,RTT,PTT,4,0.1,1,1136,64,227,17,SDM-PCA,arc labels,64.0,0.5083955223880597,0.057245080500894455,1.0
Left,random,RTT,PTT,4,0.2,1,1136,64,454,29,NoAdapt,nothing,,0.4321361940298507,0.042833607907743,0.40625
Left,random,RTT,PTT,4,0.2,1,1136,64,454,29,TargetOnly,arc labels,,0.5169076492537313,0.059147180192572216,0.671875
Left,random,RTT,PTT,4,0.2,1,1136,64,454,29,Source+Target,arc labels,,0.5065298507462687,0.057279236276849645,0.75
Left,random,RTT,PTT,4,0.2,1,1136,64,454,29,COT,arc labels,,0.504081156716418,0.056910569105691054,0.765625
Left,random,RTT,PTT,4,0.2,1,1136,64,454,29,none-HS4,arc labels,,0.42117537313432835,0.02572347266881029,0.125
Left,random,RTT,PTT,4,0.2,1,1136,64,454,29,none-HSsrc,nothing,,0.4545242537313433,0.047619047619047616,0.46875
Left,random,RTT,PTT,4,0.2,1,1136,64,454,29,none-PCA,arc segments,16.0,0.38292910447761197,0.033003300330033,0.3125
Left,random,RTT,PTT,4,0.2,1,1136,64,454,29,QOTu-HS4,arc labels,,0.49172108208955223,0.04225352112676056,0.046875
Left,random,RTT,PTT,4,0.2,1,1136,64,454,29,QOTu-HSsrc,arc segments,,0.49673507462686567,0.05128205128205128,0.0625
Left,random,RTT,PTT,4,0.2,1,1136,64,454,29,QOTu-PCA,arc segments,16.0,0.4217583955223881,0.023972602739726026,0.109375
Left,random,RTT,PTT,4,0.2,1,1136,64,454,29,QOTc-HS4,arc labels,,0.5204057835820896,0.06035889070146819,0.578125
Left,random,RTT,PTT,4,0.2,1,1136,64,454,29,QOTc-HSsrc,arc labels,,0.5866371268656716,0.09689922480620156,0.390625
Left,random,RTT,PTT,4,0.2,1,1136,64,454,29,QOTc-PCA,arc labels,64.0,0.5277518656716418,0.06923076923076923,0.28125
Left,random,RTT,PTT,4,0.2,1,1136,64,454,29,SDM-HS4,arc labels,,0.5283348880597015,0.06097560975609756,0.703125
Left,random,RTT,PTT,4,0.2,1,1136,64,454,29,SDM-HSsrc,arc labels,,0.5510727611940298,0.07092198581560284,0.46875
Left,random,RTT,PTT,4,0.2,1,1136,64,454,29,SDM-PCA,arc labels,64.0,0.6022621268656716,0.07125603864734299,0.921875
Left,random,RTT,PTT,4,0.3,1,1136,64,682,42,NoAdapt,nothing,,0.4321361940298507,0.042833607907743,0.40625
Left,random,RTT,PTT,4,0.3,1,1136,64,682,42,TargetOnly,arc labels,,0.5437266791044776,0.06314432989690721,0.765625
Left,random,RTT,PTT,4,0.3,1,1136,64,682,42,Source+Target,arc labels,,0.5250699626865671,0.05975197294250282,0.828125
Left,random,RTT,PTT,4,0.3,1,1136,64,682,42,COT,arc labels,,0.5054804104477612,0.05710955710955711,0.765625
Left,random,RTT,PTT,4,0.3,1,1136,64,682,42,none-HS4,arc labels,,0.43411847014925375,0.03494623655913978,0.203125
Left,random,RTT,PTT,4,0.3,1,1136,64,682,42,none-HSsrc,nothing,,0.4545242537313433,0.047619047619047616,0.46875
Left,random,RTT,PTT,4,0.3,1,1136,64,682,42,none-PCA,arc segments,16.0,0.4045009328358209,0.037520391517128875,0.359375
Left,random,RTT,PTT,4,0.3,1,1136,64,682,42,QOTu-HS4,arc labels,,0.472597947761194,0.026785714285714284,0.046875
Left,random,RTT,PTT,4,0.3,1,1136,64,682,42,QOTu-HSsrc,arc segments,,0.49673507462686567,0.05128205128205128,0.0625
Left,random,RTT,PTT,4,0.3,1,1136,64,682,42,QOTu-PCA,arc segments,16.0,0.4217583955223881,0.023972602739726026,0.109375
Left,random,RTT,PTT,4,0.3,1,1136,64,682,42,QOTc-HS4,arc labels,,0.5223880597014925,0.06002728512960437,0.6875
Left,random,RTT,PTT,4,0.3,1,1136,64,682,42,QOTc-HSsrc,arc labels,,0.6036613805970149,0.10505836575875487,0.421875
Left,random,RTT,PTT,4,0.3,1,1136,64,682,42,QOTc-PCA,arc labels,32.0,0.5218050373134329,0.06666666666666667,0.265625
Left,random,RTT,PTT,4,0.3,1,1136,64,682,42,SDM-HS4,arc labels,,0.5270522388059702,0.060453400503778336,0.75
Left,random,RTT,PTT,4,0.3,1,1136,64,682,42,SDM-HSsrc,arc labels,,0.5739272388059702,0.08021390374331551,0.46875
Left,random,RTT,PTT,4,0.3,1,1136,64,682,42,SDM-PCA,arc labels,64.0,0.5447761194029851,0.06191950464396285,0.9375
Left,random,RTT,PTT,4,0.5,1,1136,64,1114,71,NoAdapt,nothing,,0.4321361940298507,0.042833607907743,0.40625
Left,random,RTT,PTT,4,0.5,1,1136,64,1114,71,TargetOnly,arc labels,,0.5293843283582089,0.06128133704735376,0.6875
Left,random,RTT,PTT,4,0.5,1,1136,64,1114,71,Source+Target,arc labels,,0.503964552238806,0.05693069306930693,0.71875
Left,random,RTT,PTT,4,0.5,1,1136,64,1114,71,COT,arc labels,,0.5026819029850746,0.056712962962962965,0.765625
Left,random,RTT,PTT,4,0.5,1,1136,64,1114,71,none-HS4,arc labels,,0.4239738805970149,0.02622950819672131,0.125
Left,random,RTT,PTT,4,0.5,1,1136,64,1114,71,none-HSsrc,nothing,,0.4545242537313433,0.047619047619047616,0.46875
Left,random,RTT,PTT,4,0.5,1,1136,64,1114,71,none-PCA,arc segments,16.0,0.41744402985074625,0.03980099502487562,0.375
Left,random,RTT,PTT,4,0.5,1,1136,64,1114,71,QOTu-HS4,arc labels,,0.486240671641791,0.03076923076923077,0.03125
Left,random,RTT,PTT,4,0.5,1,1136,64,1114,71,QOTu-HSsrc,arc segments,,0.4904384328358209,0.03571428571428571,0.03125
Left,random,RTT,PTT,4,0.5,1,1136,64,1114,71,QOTu-PCA,arc segments,4.0,0.5047807835820896,0.06140350877192982,0.109375
Left,random,RTT,PTT,4,0.5,1,1136,64,1114,71,QOTc-HS4,arc labels,,0.5127098880597015,0.058423913043478264,0.671875
Left,random,RTT,PTT,4,0.5,1,1136,64,1114,71,QOTc-HSsrc,arc labels,,0.5895522388059702,0.10256410256410256,0.375
Left,random,RTT,PTT,4,0.5,1,1136,64,1114,71,QOTc-PCA,arc labels,16.0,0.5525886194029851,0.06976744186046512,0.515625
Left,random,RTT,PTT,4,0.5,1,1136,64,1114,71,SDM-HS4,arc labels,,0.5149253731343284,0.05874499332443257,0.6875
Left,random,RTT,PTT,4,0.5,1,1136,64,1114,71,SDM-HSsrc,arc labels,,0.589785447761194,0.08823529411764706,0.46875
Left,random,RTT,PTT,4,0.5,1,1136,64,1114,71,SDM-PCA,arc labels,64.0,0.5332322761194029,0.06017191977077364,0.984375
Left,random,RTT,PTT,5,0.05,1,1136,36,114,9,NoAdapt,nothing,,0.42439393939393943,0.022018348623853212,0.3333333333333333
Left,random,RTT,PTT,5,0.05,1,1136,36,114,9,TargetOnly,arc labels,,0.416060606060606,0.016042780748663103,0.16666666666666666
Left,random,RTT,PTT,5,0.05,1,1136,36,114,9,Source+Target,arc labels,,0.4148989898989899,0.022257551669316374,0.3888888888888889
Left,random,RTT,PTT,5,0.05,1,1136,36,114,9,COT,arc labels,,0.5494444444444444,0.03551609322974473,0.8888888888888888
Left,random,RTT,PTT,5,0.05,1,1136,36,114,9,none-HS4,arc labels,,0.476060606060606,0.024793388429752067,0.16666666666666666
Left,random,RTT,PTT,5,0.05,1,1136,36,114,9,none-HSsrc,nothing,,0.4742929292929293,0.02866779089376054,0.4722222222222222
Left,random,RTT,PTT,5,0.05,1,1136,36,114,9,none-PCA,arc segments,8.0,0.38595959595959595,0.01839464882943144,0.3055555555555556
Left,random,RTT,PTT,5,0.05,1,1136,36,114,9,QOTu-HS4,arc labels,,0.49,0.0,0.0
Left,random,RTT,PTT,5,0.05,1,1136,36,114,9,QOTu-HSsrc,arc segments,,0.5034343434343435,0.041666666666666664,0.027777777777777776
Left,random,RTT,PTT,5,0.05,1,1136,36,114,9,QOTu-PCA,arc segments,32.0,0.5146464646464647,0.0425531914893617,0.1111111111111111
Left,random,RTT,PTT,5,0.05,1,1136,36,114,9,QOTc-HS4,arc labels,,0.46141414141414144,0.013513513513513514,0.05555555555555555
Left,random,RTT,PTT,5,0.05,1,1136,36,114,9,QOTc-HSsrc,arc labels,,0.48934343434343436,0.01818181818181818,0.027777777777777776
Left,random,RTT,PTT,5,0.05,1,1136,36,114,9,QOTc-PCA,arc labels,16.0,0.47823232323232323,0.018018018018018018,0.05555555555555555
Left,random,RTT,PTT,5,0.05,1,1136,36,114,9,SDM-HS4,arc labels,,0.5328282828282829,0.038461538461538464,0.3611111111111111
Left,random,RTT,PTT,5,0.05,1,1136,36,114,9,SDM-HSsrc,arc labels,,0.5721212121212121,0.05454545454545454,0.3333333333333333
Left,random,RTT,PTT,5,0.05,1,1136,36,114,9,SDM-PCA,arc labels,16.0,0.5119191919191919,0.03293413173652695,0.6111111111111112
Left,random,RTT,PTT,5,0.1,1,1136,36,227,21,NoAdapt,nothing,,0.42439393939393943,0.022018348623853212,0.3333333333333333
Left,random,RTT,PTT,5,0.1,1,1136,36,227,21,TargetOnly,arc labels,,0.4294949494949495,0.018617021276595744,0.19444444444444445
Left,random,RTT,PTT,5,0.1,1,1136,36,227,21,Source+Target,arc labels,,0.45757575757575764,0.027777777777777776,0.5833333333333334
Left,random,RTT,PTT,5,0.1,1,1136,36,227,21,COT,arc labels,,0.5235858585858586,0.033921302578018994,0.6944444444444444
Left,random,RTT,PTT,5,0.1,1,1136,36,227,21,none-HS4,arc labels,,0.41782828282828277,0.013029315960912053,0.1111111111111111
Left,random,RTT,PTT,5,0.1,1,1136,36,227,21,none-HSsrc,nothing,,0.4742929292929293,0.02866779089376054,0.4722222222222222
Left,random,RTT,PTT,5,0.1,1,1136,36,227,21,none-PCA,arc segments,8.0,0.38595959595959595,0.01839464882943144,0.3055555555555556
Left,random,RTT,PTT,5,0.1,1,1136,36,227,21,QOTu-HS4,arc labels,,0.4813636363636364,0.0,0.0
Left,random,RTT,PTT,5,0.1,1,1136,36,227,21,QOTu-HSsrc,arc segments,,0.4988888888888889,0.029411764705882353,0.027777777777777776
Left,random,RTT,PTT,5,0.1,1,1136,36,227,21,QOTu-PCA,arc segments,32.0,0.5262626262626263,0.05,0.1388888888888889
Left,random,RTT,PTT,5,0.1,1,1136,36,227,21,QOTc-HS4,arc labels,,0.42883838383838385,0.019559902200488997,0.2222222222222222
Left,random,RTT,PTT,5,0.1,1,1136,36,227,21,QOTc-HSsrc,arc labels,,0.47005050505050505,0.015503875968992248,0.05555555555555555
Left,random,RTT,PTT,5,0.1,1,1136,36,227,21,QOTc-PCA,arc labels,32.0,0.49005050505050507,0.023529411764705882,0.05555555555555555
Left,random,RTT,PTT,5,0.1,1,1136,36,227,21,SDM-HS4,arc labels,,0.4808080808080808,0.029947916666666668,0.6388888888888888
Left,random,RTT,PTT,5,0.1,1,1136,36,227,21,SDM-HSsrc,arc labels,,0.5104545454545455,0.034482758620689655,0.25
Left,random,RTT,PTT,5,0.1,1,1136,36,227,21,SDM-PCA,arc labels,32.0,0.5048484848484849,0.03260869565217391,0.3333333333333333
Left,random,RTT,PTT,5,0.2,1,1136,36,454,49,NoAdapt,nothing,,0.42439393939393943,0.022018348623853212,0.3333333333333333
Left,random,RTT,PTT,5,0.2,1,1136,36,454,49,TargetOnly,arc labels,,0.4725757575757576,0.029045643153526972,0.5833333333333334
Left,random,RTT,PTT,5,0.2,1,1136,36,454,49,Source+Target,arc labels,,0.46964646464646465,0.02890932982917214,0.6111111111111112
Left,random,RTT,PTT,5,0.2,1,1136,36,454,49,COT,arc labels,,0.4681313131313131,0.02910360884749709,0.6944444444444444
Left,random,RTT,PTT,5,0.2,1,1136,36,454,49,none-HS4,arc labels,,0.40050505050505053,0.0070921985815602835,0.05555555555555555
Left,random,RTT,PTT,5,0.2,1,1136,36,454,49,none-HSsrc,nothing,,0.4742929292929293,0.02866779089376054,0.4722222222222222
Left,random,RTT,PTT,5,0.2,1,1136,36,454,49,none-PCA,arc segments,16.0,0.4303030303030303,0.022556390977443608,0.3333333333333333
Left,random,RTT,PTT,5,0.2,1,1136,36,454,49,QOTu-HS4,arc labels,,0.4818181818181818,0.0,0.0
Left,random,RTT,PTT,5,0.2,1,1136,36,454,49,QOTu-HSsrc,arc segments,,0.502979797979798,0.04,0.027777777777777776
Left,random,RTT,PTT,5,0.2,1,1136,36,454,49,QOTu-PCA,arc segments,32.0,0.5044444444444445,0.033783783783783786,0.1388888888888889
Left,random,RTT,PTT,5,0.2,1,1136,36,454,49,QOTc-HS4,arc labels,,0.43126262626262624,0.023608768971332208,0.3888888888888889
Left,random,RTT,PTT,5,0.2,1,1136,36,454,49,QOTc-HSsrc,arc labels,,0.4586868686868687,0.012987012987012988,0.05555555555555555
Left,random,RTT,PTT,5,0.2,1,1136,36,454,49,QOTc-PCA,arc labels,64.0,0.4457070707070707,0.006622516556291391,0.027777777777777776
Left,random,RTT,PTT,5,0.2,1,1136,36,454,49,SDM-HS4,arc labels,,0.45080808080808077,0.027577937649880094,0.6388888888888888
Left,random,RTT,PTT,5,0.2,1,1136,36,454,49,SDM-HSsrc,arc labels,,0.49818181818181817,0.03125,0.25
Left,random,RTT,PTT,5,0.2,1,1136,36,454,49,SDM-PCA,arc labels,64.0,0.5146969696969697,0.03270564915758176,0.9166666666666666
Left,random,RTT,PTT,5,0.3,1,1136,36,682,67,NoAdapt,nothing,,0.42439393939393943,0.022018348623853212,0.3333333333333333
Left,random,RTT,PTT,5,0.3,1,1136,36,682,67,TargetOnly,arc labels,,0.4304545454545454,0.024965325936199722,0.5
Left,random,RTT,PTT,5,0.3,1,1136,36,682,67,Source+Target,arc labels,,0.45005050505050503,0.02699055330634278,0.5555555555555556
Left,random,RTT,PTT,5,0.3,1,1136,36,682,67,COT,arc labels,,0.48904040404040405,0.03075030750307503,0.6944444444444444
Left,random,RTT,PTT,5,0.3,1,1136,36,682,67,none-HS4,arc labels,,0.3995959595959596,0.007042253521126761,0.05555555555555555
Left,random,RTT,PTT,5,0.3,1,1136,36,682,67,none-HSsrc,nothing,,0.4742929292929293,0.02866779089376054,0.4722222222222222
Left,random,RTT,PTT,5,0.3,1,1136,36,682,67,none-PCA,arc segments,16.0,0.4325757575757576,0.022770398481973434,0.3333333333333333
Left,random,RTT,PTT,5,0.3,1,1136,36,682,67,QOTu-HS4,arc labels,,0.4781818181818182,0.0,0.0
Left,random,RTT,PTT,5,0.3,1,1136,36,682,67,QOTu-HSsrc,arc segments,,0.4988888888888889,0.029411764705882353,0.027777777777777776
Left,random,RTT,PTT,5,0.3,1,1136,36,682,67,QOTu-PCA,arc segments,16.0,0.43646464646464644,0.015037593984962405,0.1111111111111111
Left,random,RTT,PTT,5,0.3,1,1136,36,682,67,QOTc-HS4,arc labels,,0.40893939393939394,0.02072538860103627,0.3333333333333333
Left,random,RTT,PTT,5,0.3,1,1136,36,682,67,QOTc-HSsrc,arc labels,,0.45323232323232326,0.012048192771084338,0.05555555555555555
Left,random,RTT,PTT,5,0.3,1,1136,36,682,67,QOTc-PCA,arc labels,64.0,0.4755555555555555,0.022222222222222223,0.1111111111111111
Left,random,RTT,PTT,5,0.3,1,1136,36,682,67,SDM-HS4,arc labels,,0.45035353535353534,0.027544910179640718,0.6388888888888888
Left,random,RTT,PTT,5,0.3,1,1136,36,682,67,SDM-HSsrc,arc labels,,0.5095454545454545,0.034220532319391636,0.25
Left,random,RTT,PTT,5,0.3,1,1136,36,682,67,SDM-PCA,arc labels,64.0,0.5176262626262627,0.032955715756951595,0.8888888888888888
Left,random,RTT,PTT,5,0.5,1,1136,36,1112,100,NoAdapt,nothing,,0.42439393939393943,0.022018348623853212,0.3333333333333333
Left,random,RTT,PTT,5,0.5,1,1136,36,1112,100,TargetOnly,arc labels,,0.4625757575757576,0.028187919463087248,0.5833333333333334
Left,random,RTT,PTT,5,0.5,1,1136,36,1112,100,Source+Target,arc labels,,0.4885353535353535,0.03062583222370173,0.6388888888888888
Left,random,RTT,PTT,5,0.5,1,1136,36,1112,100,COT,arc labels,,0.4949494949494949,0.03125,0.6944444444444444
Left,random,RTT,PTT,5,0.5,1,1136,36,1112,100,none-HS4,arc labels,,0.3995959595959596,0.007042253521126761,0.05555555555555555
Left,random,RTT,PTT,5,0.5,1,1136,36,1112,100,none-HSsrc,nothing,,0.4742929292929293,0.02866779089376054,0.4722222222222222
Left,random,RTT,PTT,5,0.5,1,1136,36,1112,100,none-PCA,arc segments,8.0,0.38595959595959595,0.01839464882943144,0.3055555555555556
Left,random,RTT,PTT,5,0.5,1,1136,36,1112,100,QOTu-HS4,arc labels,,0.48409090909090907,0.0,0.0
Left,random,RTT,PTT,5,0.5,1,1136,36,1112,100,QOTu-HSsrc,arc segments,,0.502979797979798,0.04,0.027777777777777776
Left,random,RTT,PTT,5,0.5,1,1136,36,1112,100,QOTu-PCA,arc segments,16.0,0.4314141414141414,0.009345794392523364,0.05555555555555555
Left,random,RTT,PTT,5,0.5,1,1136,36,1112,100,QOTc-HS4,arc labels,,0.40484848484848485,0.02040816326530612,0.3333333333333333
Left,random,RTT,PTT,5,0.5,1,1136,36,1112,100,QOTc-HSsrc,arc labels,,0.49489898989898995,0.029585798816568046,0.1388888888888889
Left,random,RTT,PTT,5,0.5,1,1136,36,1112,100,QOTc-PCA,arc labels,64.0,0.44681818181818184,0.0,0.0
Left,random,RTT,PTT,5,0.5,1,1136,36,1112,100,SDM-HS4,arc labels,,0.434949494949495,0.024691358024691357,0.4444444444444444
Left,random,RTT,PTT,5,0.5,1,1136,36,1112,100,SDM-HSsrc,arc labels,,0.4990909090909091,0.03146853146853147,0.25
Left,random,RTT,PTT,5,0.5,1,1136,36,1112,100,SDM-PCA,arc labels,64.0,0.543939393939394,0.03529411764705882,0.8333333333333334
Left,random,RTT,PTT,6,0.05,1,1136,51,114,8,NoAdapt,nothing,,0.5066413662239089,0.04599659284497445,0.5294117647058824
Left,random,RTT,PTT,6,0.05,1,1136,51,114,8,TargetOnly,arc labels,,0.4508809975603144,0.038135593220338986,0.5294117647058824
Left,random,RTT,PTT,6,0.05,1,1136,51,114,8,Source+Target,arc labels,,0.5076533839342189,0.045871559633027525,0.6862745098039216
Left,random,RTT,PTT,6,0.05,1,1136,51,114,8,COT,arc labels,,0.4501310201499955,0.0389768574908648,0.6274509803921569
Left,random,RTT,PTT,6,0.05,1,1136,51,114,8,none-HS4,arc labels,,0.4857323574591127,0.04222648752399232,0.43137254901960786
Left,random,RTT,PTT,6,0.05,1,1136,51,114,8,none-HSsrc,nothing,,0.5032077347067859,0.04538341158059468,0.5686274509803921
Left,random,RTT,PTT,6,0.05,1,1136,51,114,8,none-PCA,arc segments,8.0,0.4636577211529773,0.03951367781155015,0.5098039215686274
Left,random,RTT,PTT,6,0.05,1,1136,51,114,8,QOTu-HS4,arc labels,,0.5353302611367128,0.056291390728476824,0.3333333333333333
Left,random,RTT,PTT,6,0.05,1,1136,51,114,8,QOTu-HSsrc,arc segments,,0.5780609017800669,0.0855614973262032,0.3137254901960784
Left,random,RTT,PTT,6,0.05,1,1136,51,114,8,QOTu-PCA,arc segments,4.0,0.5918857865726936,0.10191082802547771,0.3137254901960784
Left,random,RTT,PTT,6,0.05,1,1136,51,114,8,QOTc-HS4,arc labels,,0.48539803017981387,0.042279411764705885,0.45098039215686275
Left,random,RTT,PTT,6,0.05,1,1136,51,114,8,QOTc-HSsrc,arc labels,,0.48773832113490556,0.04177545691906005,0.3137254901960784
Left,random,RTT,PTT,6,0.05,1,1136,51,114,8,QOTc-PCA,arc labels,64.0,0.4972802024035421,0.042105263157894736,0.0784313725490196
Left,random,RTT,PTT,6,0.05,1,1136,51,114,8,SDM-HS4,arc labels,,0.522725219119906,0.04967602591792657,0.45098039215686275
Left,random,RTT,PTT,6,0.05,1,1136,51,114,8,SDM-HSsrc,arc labels,,0.459916869973796,0.03313253012048193,0.21568627450980393
Left,random,RTT,PTT,6,0.05,1,1136,51,114,8,SDM-PCA,arc labels,8.0,0.484105900424686,0.04275862068965517,0.6078431372549019
Left,random,RTT,PTT,6,0.1,1,1136,51,227,15,NoAdapt,nothing,,0.5066413662239089,0.04599659284497445,0.5294117647058824
Left,random,RTT,PTT,6,0.1,1,1136,51,227,15,TargetOnly,arc labels,,0.46143489653926084,0.03859060402684564,0.45098039215686275
Left,random,RTT,PTT,6,0.1,1,1136,51,227,15,Source+Target,arc labels,,0.5283093882714376,0.048407643312101914,0.7450980392156863
Left,random,RTT,PTT,6,0.1,1,1136,51,227,15,COT,arc labels,,0.45707960603596276,0.038461538461538464,0.49019607843137253
Left,random,RTT,PTT,6,0.1,1,1136,51,227,15,none-HS4,arc labels,,0.4941537905484774,0.04380952380952381,0.45098039215686275
Left,random,RTT,PTT,6,0.1,1,1136,51,227,15,none-HSsrc,nothing,,0.5032077347067859,0.04538341158059468,0.5686274509803921
Left,random,RTT,PTT,6,0.1,1,1136,51,227,15,none-PCA,arc segments,8.0,0.46550103912532753,0.039755351681957186,0.5098039215686274
Left,random,RTT,PTT,6,0.1,1,1136,51,227,15,QOTu-HS4,arc labels,,0.5734526068491913,0.08121827411167512,0.3137254901960784
Left,random,RTT,PTT,6,0.1,1,1136,51,227,15,QOTu-HSsrc,arc segments,,0.570687629890666,0.07881773399014778,0.3137254901960784
Left,random,RTT,PTT,6,0.1,1,1136,51,227,15,QOTu-PCA,arc segments,8.0,0.5377609108159392,0.05642633228840126,0.35294117647058826
Left,random,RTT,PTT,6,0.1,1,1136,51,227,15,QOTc-HS4,arc labels,,0.45640191560495164,0.03547671840354767,0.3137254901960784
Left,random,RTT,PTT,6,0.1,1,1136,51,227,15,QOTc-HSsrc,arc labels,,0.5373000813228518,0.05625,0.35294117647058826
Left,random,RTT,PTT,6,0.1,1,1136,51,227,15,QOTc-PCA,arc labels,64.0,0.4650673172494804,0.031496062992125984,0.1568627450980392
Left,random,RTT,PTT,6,0.1,1,1136,51,227,15,SDM-HS4,arc labels,,0.4554441131291226,0.03776683087027915,0.45098039215686275
Left,random,RTT,PTT,6,0.1,1,1136,51,227,15,SDM-HSsrc,arc labels,,0.5293394777265745,0.05396825396825397,0.3333333333333333
Left,random,RTT,PTT,6,0.1,1,1136,51,227,15,SDM-PCA,arc labels,64.0,0.5023041474654378,0.04509283819628647,1.0
Left,random,RTT,PTT,6,0.2,1,1136,51,454,33,NoAdapt,nothing,,0.5066413662239089,0.04599659284497445,0.5294117647058824
Left,random,RTT,PTT,6,0.2,1,1136,51,454,33,TargetOnly,arc labels,,0.45649227432908646,0.03815580286168521,0.47058823529411764
Left,random,RTT,PTT,6,0.2,1,1136,51,454,33,Source+Target,arc labels,,0.5209361163820367,0.04744069912609238,0.7450980392156863
Left,random,RTT,PTT,6,0.2,1,1136,51,454,33,COT,arc labels,,0.47271166531128583,0.04145077720207254,0.6274509803921569
Left,random,RTT,PTT,6,0.2,1,1136,51,454,33,none-HS4,arc labels,,0.4788199150627993,0.041044776119402986,0.43137254901960786
Left,random,RTT,PTT,6,0.2,1,1136,51,454,33,none-HSsrc,nothing,,0.5032077347067859,0.04538341158059468,0.5686274509803921
Left,random,RTT,PTT,6,0.2,1,1136,51,454,33,none-PCA,arc segments,8.0,0.4659618686184151,0.039816232771822356,0.5098039215686274
Left,random,RTT,PTT,6,0.2,1,1136,51,454,33,QOTu-HS4,arc labels,,0.5771392427938917,0.08465608465608465,0.3137254901960784
Left,random,RTT,PTT,6,0.2,1,1136,51,454,33,QOTu-HSsrc,arc segments,,0.570687629890666,0.07881773399014778,0.3137254901960784
Left,random,RTT,PTT,6,0.2,1,1136,51,454,33,QOTu-PCA,arc segments,8.0,0.5373000813228518,0.05625,0.35294117647058826
Left,random,RTT,PTT,6,0.2,1,1136,51,454,33,QOTc-HS4,arc labels,,0.445974518839794,0.035897435897435895,0.4117647058823529
Left,random,RTT,PTT,6,0.2,1,1136,51,454,33,QOTc-HSsrc,arc labels,,0.5071383392066504,0.046511627906976744,0.39215686274509803
Left,random,RTT,PTT,6,0.2,1,1136,51,454,33,QOTc-PCA,arc labels,64.0,0.5090178006686545,0.04814814814814815,0.2549019607843137
Left,random,RTT,PTT,6,0.2,1,1136,51,454,33,SDM-HS4,arc labels,,0.43105629348513597,0.03162055335968379,0.3137254901960784
Left,random,RTT,PTT,6,0.2,1,1136,51,454,33,SDM-HSsrc,arc labels,,0.5039125327550374,0.04576659038901602,0.39215686274509803
Left,random,RTT,PTT,6,0.2,1,1136,51,454,33,SDM-PCA,arc labels,64.0,0.48453962230053316,0.043555555555555556,0.9607843137254902
Left,random,RTT,PTT,6,0.3,1,1136,51,682,57,NoAdapt,nothing,,0.5066413662239089,0.04599659284497445,0.5294117647058824
Left,random,RTT,PTT,6,0.3,1,1136,51,682,57,TargetOnly,arc labels,,0.4881268636486853,0.043227665706051875,0.5882352941176471
Left,random,RTT,PTT,6,0.3,1,1136,51,682,57,Source+Target,arc labels,,0.5397488027469053,0.049576783555018135,0.803921568627451
Left,random,RTT,PTT,6,0.3,1,1136,51,682,57,COT,arc labels,,0.49784946236559136,0.04461942257217848,0.6666666666666666
Left,random,RTT,PTT,6,0.3,1,1136,51,682,57,none-HS4,arc labels,,0.5254901960784314,0.05032822757111598,0.45098039215686275
Left,random,RTT,PTT,6,0.3,1,1136,51,682,57,none-HSsrc,nothing,,0.5032077347067859,0.04538341158059468,0.5686274509803921
Left,random,RTT,PTT,6,0.3,1,1136,51,682,57,none-PCA,arc segments,8.0,0.4659618686184151,0.039816232771822356,0.5098039215686274
Left,random,RTT,PTT,6,0.3,1,1136,51,682,57,QOTu-HS4,arc labels,,0.5659528327460016,0.07853403141361257,0.29411764705882354
Left,random,RTT,PTT,6,0.3,1,1136,51,682,57,QOTu-HSsrc,arc segments,,0.570687629890666,0.07881773399014778,0.3137254901960784
Left,random,RTT,PTT,6,0.3,1,1136,51,682,57,QOTu-PCA,arc segments,8.0,0.5391433992952019,0.056962025316455694,0.35294117647058826
Left,random,RTT,PTT,6,0.3,1,1136,51,682,57,QOTc-HS4,arc labels,,0.4847293756212162,0.0423728813559322,0.49019607843137253
Left,random,RTT,PTT,6,0.3,1,1136,51,682,57,QOTc-HSsrc,arc labels,,0.503117375982651,0.0455531453362256,0.4117647058823529
Left,random,RTT,PTT,6,0.3,1,1136,51,682,57,QOTc-PCA,arc labels,64.0,0.490205114303786,0.040983606557377046,0.19607843137254902
Left,random,RTT,PTT,6,0.3,1,1136,51,682,57,SDM-HS4,arc labels,,0.42921297551278575,0.03137254901960784,0.3137254901960784
Left,random,RTT,PTT,6,0.3,1,1136,51,682,57,SDM-HSsrc,arc labels,,0.48778350049697294,0.0423728813559322,0.39215686274509803
Left,random,RTT,PTT,6,0.3,1,1136,51,682,57,SDM-PCA,arc labels,64.0,0.5378241619228337,0.04899777282850779,0.8627450980392157
Left,random,RTT,PTT,6,0.5,1,1136,51,1112,88,NoAdapt,nothing,,0.5066413662239089,0.04599659284497445,0.5294117647058824
Left,random,RTT,PTT,6,0.5,1,1136,51,1112,88,TargetOnly,arc labels,,0.4384747447366043,0.03454231433506045,0.39215686274509803
Left,random,RTT,PTT,6,0.5,1,1136,51,1112,88,Source+Target,arc labels,,0.5443570976777808,0.05018359853121175,0.803921568627451
Left,random,RTT,PTT,6,0.5,1,1136,51,1112,88,COT,arc labels,,0.4600162645703443,0.039735099337748346,0.5882352941176471
Left,random,RTT,PTT,6,0.5,1,1136,51,1112,88,none-HS4,arc labels,,0.5339929520195175,0.0532994923857868,0.4117647058823529
Left,random,RTT,PTT,6,0.5,1,1136,51,1112,88,none-HSsrc,nothing,,0.5032077347067859,0.04538341158059468,0.5686274509803921
Left,random,RTT,PTT,6,0.5,1,1136,51,1112,88,none-PCA,arc segments,8.0,0.4688533477907292,0.04035874439461883,0.5294117647058824
Left,random,RTT,PTT,6,0.5,1,1136,51,1112,88,QOTu-HS4,arc labels,,0.5889943074003795,0.10638297872340426,0.29411764705882354
Left,random,RTT,PTT,6,0.5,1,1136,51,1112,88,QOTu-HSsrc,arc segments,,0.566747989518388,0.08383233532934131,0.27450980392156865
Left,random,RTT,PTT,6,0.5,1,1136,51,1112,88,QOTu-PCA,arc segments,8.0,0.5428300352399025,0.05844155844155844,0.35294117647058826
Left,random,RTT,PTT,6,0.5,1,1136,51,1112,88,QOTc-HS4,arc labels,,0.497298274148369,0.044444444444444446,0.5098039215686274
Left,random,RTT,PTT,6,0.5,1,1136,51,1112,88,QOTc-HSsrc,arc labels,,0.5072648414204391,0.046460176991150445,0.4117647058823529
Left,random,RTT,PTT,6,0.5,1,1136,51,1112,88,QOTc-PCA,arc labels,64.0,0.4862654739315081,0.038461538461538464,0.1568627450980392
Left,random,RTT,PTT,6,0.5,1,1136,51,1112,88,SDM-HS4,arc labels,,0.44584801662600526,0.035523978685612786,0.39215686274509803
Left,random,RTT,PTT,6,0.5,1,1136,51,1112,88,SDM-HSsrc,arc labels,,0.48673533929700913,0.0420353982300885,0.37254901960784315
Left,random,RTT,PTT,6,0.5,1,1136,51,1112,88,SDM-PCA,arc labels,64.0,0.5373633324297461,0.048943270300333706,0.8627450980392157
Left,random,RTT,PTT,7,0.05,1,1136,54,114,12,NoAdapt,nothing,,0.5398781406175122,0.05384615384615385,0.6481481481481481
Left,random,RTT,PTT,7,0.05,1,1136,54,114,12,TargetOnly,arc labels,,0.5269391387690833,0.051622418879056046,0.6481481481481481
Left,random,RTT,PTT,7,0.05,1,1136,54,114,12,Source+Target,arc labels,,0.5335455603477784,0.051682692307692304,0.7962962962962963
Left,random,RTT,PTT,7,0.05,1,1136,54,114,12,COT,arc labels,,0.534230163620182,0.054104477611940295,0.5370370370370371
Left,random,RTT,PTT,7,0.05,1,1136,54,114,12,none-HS4,arc labels,,0.6226637913329225,0.07027027027027027,0.7222222222222222
Left,random,RTT,PTT,7,0.05,1,1136,54,114,12,none-HSsrc,nothing,,0.5608098856712536,0.055627425614489,0.7962962962962963
Left,random,RTT,PTT,7,0.05,1,1136,54,114,12,none-PCA,arc segments,32.0,0.5744677209557061,0.06313645621181263,0.5740740740740741
Left,random,RTT,PTT,7,0.05,1,1136,54,114,12,QOTu-HS4,arc labels,,0.5915143424385568,0.07161125319693094,0.5185185185185185
Left,random,RTT,PTT,7,0.05,1,1136,54,114,12,QOTu-HSsrc,arc segments,,0.5850448415143424,0.0691358024691358,0.5185185185185185
Left,random,RTT,PTT,7,0.05,1,1136,54,114,12,QOTu-PCA,arc segments,32.0,0.5212055863627028,0.05228758169934641,0.4444444444444444
Left,random,RTT,PTT,7,0.05,1,1136,54,114,12,QOTc-HS4,arc labels,,0.5496679674128842,0.05449591280653951,0.7407407407407407
Left,random,RTT,PTT,7,0.05,1,1136,54,114,12,QOTc-HSsrc,arc labels,,0.5384404737454644,0.05423728813559322,0.5925925925925926
Left,random,RTT,PTT,7,0.05,1,1136,54,114,12,QOTc-PCA,arc labels,64.0,0.4919559115492572,0.04519774011299435,0.2962962962962963
Left,random,RTT,PTT,7,0.05,1,1136,54,114,12,SDM-HS4,arc labels,,0.557900321763538,0.057283142389525366,0.6481481481481481
Left,random,RTT,PTT,7,0.05,1,1136,54,114,12,SDM-HSsrc,arc labels,,0.5115869103854317,0.04957264957264957,0.5370370370370371
Left,random,RTT,PTT,7,0.05,1,1136,54,114,12,SDM-PCA,arc labels,32.0,0.6068494557403985,0.07127429805615551,0.6111111111111112
Left,random,RTT,PTT,7,0.1,1,1136,54,227,18,NoAdapt,nothing,,0.5398781406175122,0.05384615384615385,0.6481481481481481
Left,random,RTT,PTT,7,0.1,1,1136,54,227,18,TargetOnly,arc labels,,0.549616622167454,0.05514157973174367,0.6851851851851852
Left,random,RTT,PTT,7,0.1,1,1136,54,227,18,Source+Target,arc labels,,0.5386458547271855,0.052256532066508314,0.8148148148148148
Left,random,RTT,PTT,7,0.1,1,1136,54,227,18,COT,arc labels,,0.49948654754569727,0.04743083003952569,0.4444444444444444
Left,random,RTT,PTT,7,0.1,1,1136,54,227,18,none-HS4,arc labels,,0.6268227562127746,0.07142857142857142,0.7222222222222222
Left,random,RTT,PTT,7,0.1,1,1136,54,227,18,none-HSsrc,nothing,,0.5608098856712536,0.055627425614489,0.7962962962962963
Left,random,RTT,PTT,7,0.1,1,1136,54,227,18,none-PCA,arc segments,16.0,0.5144280139659068,0.049773755656108594,0.6111111111111112
Left,random,RTT,PTT,7,0.1,1,1136,54,227,18,QOTu-HS4,arc labels,,0.5979838433627713,0.07427055702917772,0.5185185185185185
Left,random,RTT,PTT,7,0.1,1,1136,54,227,18,QOTu-HSsrc,arc segments,,0.5961354145272815,0.07349081364829396,0.5185185185185185
Left,random,RTT,PTT,7,0.1,1,1136,54,227,18,QOTu-PCA,arc segments,8.0,0.5605018141986718,0.06329113924050633,0.46296296296296297
Left,random,RTT,PTT,7,0.1,1,1136,54,227,18,QOTc-HS4,arc labels,,0.5533305949202437,0.05555555555555555,0.7037037037037037
Left,random,RTT,PTT,7,0.1,1,1136,54,227,18,QOTc-HSsrc,arc labels,,0.5111248031765592,0.04948805460750853,0.5370370370370371
Left,random,RTT,PTT,7,0.1,1,1136,54,227,18,QOTc-PCA,arc labels,64.0,0.49792907510097895,0.046822742474916385,0.25925925925925924
Left,random,RTT,PTT,7,0.1,1,1136,54,227,18,SDM-HS4,arc labels,,0.48293626343533924,0.04482225656877898,0.5370370370370371
Left,random,RTT,PTT,7,0.1,1,1136,54,227,18,SDM-HSsrc,arc labels,,0.5037139727527897,0.04819277108433735,0.5185185185185185
Left,random,RTT,PTT,7,0.1,1,1136,54,227,18,SDM-PCA,arc labels,64.0,0.5,0.04753521126760563,1.0
Left,random,RTT,PTT,7,0.2,1,1136,54,454,36,NoAdapt,nothing,,0.5398781406175122,0.05384615384615385,0.6481481481481481
Left,random,RTT,PTT,7,0.2,1,1136,54,454,36,TargetOnly,arc labels,,0.46342507017183543,0.04085257548845471,0.42592592592592593
Left,random,RTT,PTT,7,0.2,1,1136,54,454,36,Source+Target,arc labels,,0.5581228178270692,0.05429864253393665,0.8888888888888888
Left,random,RTT,PTT,7,0.2,1,1136,54,454,36,COT,arc labels,,0.46847401930581234,0.041176470588235294,0.3888888888888889
Left,random,RTT,PTT,7,0.2,1,1136,54,454,36,none-HS4,arc labels,,0.5916854932566578,0.0632279534109817,0.7037037037037037
Left,random,RTT,PTT,7,0.2,1,1136,54,454,36,none-HSsrc,nothing,,0.5608098856712536,0.055627425614489,0.7962962962962963
Left,random,RTT,PTT,7,0.2,1,1136,54,454,36,none-PCA,arc segments,16.0,0.519545423427124,0.05043227665706052,0.6481481481481481
Left,random,RTT,PTT,7,0.2,1,1136,54,454,36,QOTu-HS4,arc labels,,0.6012357089066886,0.0741687979539642,0.5370370370370371
Left,random,RTT,PTT,7,0.2,1,1136,54,454,36,QOTu-HSsrc,arc segments,,0.5901280208119395,0.07106598984771574,0.5185185185185185
Left,random,RTT,PTT,7,0.2,1,1136,54,454,36,QOTu-PCA,arc segments,16.0,0.5461422605600055,0.059895833333333336,0.42592592592592593
Left,random,RTT,PTT,7,0.2,1,1136,54,454,36,QOTc-HS4,arc labels,,0.5246457178065311,0.05113636363636364,0.6666666666666666
Left,random,RTT,PTT,7,0.2,1,1136,54,454,36,QOTc-HSsrc,arc labels,,0.5115869103854317,0.04957264957264957,0.5370370370370371
Left,random,RTT,PTT,7,0.2,1,1136,54,454,36,QOTc-PCA,arc labels,64.0,0.46689943177928395,0.03546099290780142,0.18518518518518517
Left,random,RTT,PTT,7,0.2,1,1136,54,454,36,SDM-HS4,arc labels,,0.43850551105634283,0.03793626707132018,0.46296296296296297
Left,random,RTT,PTT,7,0.2,1,1136,54,454,36,SDM-HSsrc,arc labels,,0.5037139727527897,0.04819277108433735,0.5185185185185185
Left,random,RTT,PTT,7,0.2,1,1136,54,454,36,SDM-PCA,arc labels,64.0,0.5143253234750462,0.048868778280542986,1.0
Left,random,RTT,PTT,7,0.3,1,1136,54,682,49,NoAdapt,nothing,,0.5398781406175122,0.05384615384615385,0.6481481481481481
Left,random,RTT,PTT,7,0.3,1,1136,54,682,49,TargetOnly,arc labels,,0.4666598206339426,0.04136690647482014,0.42592592592592593
Left,random,RTT,PTT,7,0.3,1,1136,54,682,49,Source+Target,arc labels,,0.5497706579037448,0.053488372093023255,0.8518518518518519
Left,random,RTT,PTT,7,0.3,1,1136,54,682,49,COT,arc labels,,0.4596939823372356,0.03969754253308128,0.3888888888888889
Left,random,RTT,PTT,7,0.3,1,1136,54,682,49,none-HS4,arc labels,,0.5949373588005751,0.06341463414634146,0.7222222222222222
Left,random,RTT,PTT,7,0.3,1,1136,54,682,49,none-HSsrc,nothing,,0.5608098856712536,0.055627425614489,0.7962962962962963
Left,random,RTT,PTT,7,0.3,1,1136,54,682,49,none-PCA,arc segments,32.0,0.5693845416581091,0.061752988047808766,0.5740740740740741
Left,random,RTT,PTT,7,0.3,1,1136,54,682,49,QOTu-HS4,arc labels,,0.6044704593687957,0.07552083333333333,0.5370370370370371
Left,random,RTT,PTT,7,0.3,1,1136,54,682,49,QOTu-HSsrc,arc segments,,0.5938248784829192,0.07253886010362694,0.5185185185185185
Left,random,RTT,PTT,7,0.3,1,1136,54,682,49,QOTu-PCA,arc segments,32.0,0.5248853289518725,0.053488372093023255,0.42592592592592593
Left,random,RTT,PTT,7,0.3,1,1136,54,682,49,QOTc-HS4,arc labels,,0.47829807626480453,0.0440251572327044,0.5185185185185185
Left,random,RTT,PTT,7,0.3,1,1136,54,682,49,QOTc-HSsrc,arc labels,,0.5120490175943041,0.04965753424657534,0.5370370370370371
Left,random,RTT,PTT,7,0.3,1,1136,54,682,49,QOTc-PCA,arc labels,64.0,0.49048401451358936,0.04365079365079365,0.2037037037037037
Left,random,RTT,PTT,7,0.3,1,1136,54,682,49,SDM-HS4,arc labels,,0.480078044773054,0.043795620437956206,0.4444444444444444
Left,random,RTT,PTT,7,0.3,1,1136,54,682,49,SDM-HSsrc,arc labels,,0.5097213664681317,0.04929577464788732,0.5185185185185185
Left,random,RTT,PTT,7,0.3,1,1136,54,682,49,SDM-PCA,arc labels,64.0,0.4763469569384542,0.04528650646950092,0.9074074074074074
Left,random,RTT,PTT,7,0.5,1,1136,54,1124,84,NoAdapt,nothing,,0.5398781406175122,0.05384615384615385,0.6481481481481481
Left,random,RTT,PTT,7,0.5,1,1136,54,1124,84,TargetOnly,arc labels,,0.4666598206339426,0.04136690647482014,0.42592592592592593
Left,random,RTT,PTT,7,0.5,1,1136,54,1124,84,Source+Target,arc labels,,0.5590470322448141,0.05442176870748299,0.8888888888888888
Left,random,RTT,PTT,7,0.5,1,1136,54,1124,84,COT,arc labels,,0.45416581091257613,0.03914590747330961,0.4074074074074074
Left,random,RTT,PTT,7,0.5,1,1136,54,1124,84,none-HS4,arc labels,,0.6028274115150271,0.0640625,0.7592592592592593
Left,random,RTT,PTT,7,0.5,1,1136,54,1124,84,none-HSsrc,nothing,,0.5608098856712536,0.055627425614489,0.7962962962962963
Left,random,RTT,PTT,7,0.5,1,1136,54,1124,84,none-PCA,arc segments,32.0,0.5726192921202163,0.06262626262626263,0.5740740740740741
Left,random,RTT,PTT,7,0.5,1,1136,54,1124,84,QOTu-HS4,arc labels,,0.6053946737865408,0.07591623036649214,0.5370370370370371
Left,random,RTT,PTT,7,0.5,1,1136,54,1124,84,QOTu-HSsrc,arc segments,,0.5878174847675772,0.07017543859649122,0.5185185185185185
Left,random,RTT,PTT,7,0.5,1,1136,54,1124,84,QOTu-PCA,arc segments,32.0,0.5133155336482508,0.05069124423963134,0.4074074074074074
Left,random,RTT,PTT,7,0.5,1,1136,54,1124,84,QOTc-HS4,arc labels,,0.48202916409940444,0.04477611940298507,0.5555555555555556
Left,random,RTT,PTT,7,0.5,1,1136,54,1124,84,QOTc-HSsrc,arc labels,,0.49957212295474773,0.04746317512274959,0.5370370370370371
Left,random,RTT,PTT,7,0.5,1,1136,54,1124,84,QOTc-PCA,arc labels,64.0,0.4738139248305607,0.036585365853658534,0.16666666666666666
Left,random,RTT,PTT,7,0.5,1,1136,54,1124,84,SDM-HS4,arc labels,,0.46395563770794823,0.04179566563467492,0.5
Left,random,RTT,PTT,7,0.5,1,1136,54,1124,84,SDM-HSsrc,arc labels,,0.5055795166700897,0.048494983277591976,0.5370370370370371
Left,random,RTT,PTT,7,0.5,1,1136,54,1124,84,SDM-PCA,arc labels,64.0,0.5203327171903882,0.04945054945054945,1.0
Left,random,RTT,WRM,0,0.05,0,508,35,51,1,NoAdapt,nothing,,0.4969193597100574,0.06666666666666667,0.17142857142857143
Left,random,RTT,WRM,0,0.05,0,508,35,51,1,TargetOnly,arc labels,,,,
Left,random,RTT,WRM,0,0.05,0,508,35,51,1,Source+Target,arc labels,,,,
Left,random,RTT,WRM,0,0.05,0,508,35,51,1,COT,arc labels,,,,
Left,random,RTT,WRM,0,0.05,0,508,35,51,1,none-HS4,arc labels,,,,
Left,random,RTT,WRM,0,0.05,0,508,35,51,1,none-HSsrc,nothing,,0.554001812141347,0.16666666666666666,0.17142857142857143
Left,random,RTT,WRM,0,0.05,0,508,35,51,1,none-PCA,arc segments,8.0,0.4889459377831471,0.05555555555555555,0.08571428571428572
Left,random,RTT,WRM,0,0.05,0,508,35,51,1,QOTu-HS4,arc labels,,,,
Left,random,RTT,WRM,0,0.05,0,508,35,51,1,QOTu-HSsrc,arc segments,,0.5502869223799456,0.2,0.14285714285714285
Left,random,RTT,WRM,0,0.05,0,508,35,51,1,QOTu-PCA,arc segments,4.0,0.554001812141347,0.16666666666666666,0.17142857142857143
Left,random,RTT,WRM,0,0.05,0,508,35,51,1,QOTc-HS4,arc labels,,,,
Left,random,RTT,WRM,0,0.05,0,508,35,51,1,QOTc-HSsrc,arc labels,,,,
Left,random,RTT,WRM,0,0.05,0,508,35,51,1,QOTc-PCA,arc labels,,,,
Left,random,RTT,WRM,0,0.05,0,508,35,51,1,SDM-HS4,arc labels,,,,
Left,random,RTT,WRM,0,0.05,0,508,35,51,1,SDM-HSsrc,arc labels,,,,
Left,random,RTT,WRM,0,0.05,0,508,35,51,1,SDM-PCA,arc labels,,,,
Left,random,RTT,WRM,0,0.1,1,508,35,102,2,NoAdapt,nothing,,0.4969193597100574,0.06666666666666667,0.17142857142857143
Left,random,RTT,WRM,0,0.1,1,508,35,102,2,TargetOnly,arc labels,,0.49948655995167623,0.06666666666666667,0.02857142857142857
Left,random,RTT,WRM,0,0.1,1,508,35,102,2,Source+Target,arc labels,,0.5053760193295077,0.07317073170731707,0.17142857142857143
Left,random,RTT,WRM,0,0.1,1,508,35,102,2,COT,arc labels,,0.5260948353971611,0.07926829268292683,0.37142857142857144
Left,random,RTT,WRM,0,0.1,1,508,35,102,2,none-HS4,arc labels,,0.5487163998791906,0.14634146341463414,0.17142857142857143
Left,random,RTT,WRM,0,0.1,1,508,35,102,2,none-HSsrc,nothing,,0.554001812141347,0.16666666666666666,0.17142857142857143
Left,random,RTT,WRM,0,0.1,1,508,35,102,2,none-PCA,arc segments,8.0,0.4889459377831471,0.05555555555555555,0.08571428571428572
Left,random,RTT,WRM,0,0.1,1,508,35,102,2,QOTu-HS4,arc labels,,0.5582301419510722,0.1875,0.17142857142857143
Left,random,RTT,WRM,0,0.1,1,508,35,102,2,QOTu-HSsrc,arc segments,,0.5502869223799456,0.2,0.14285714285714285
Left,random,RTT,WRM,0,0.1,1,508,35,102,2,QOTu-PCA,arc segments,8.0,0.46357595892479614,0.038461538461538464,0.08571428571428572
Left,random,RTT,WRM,0,0.1,1,508,35,102,2,QOTc-HS4,arc labels,,0.4931440652370885,0.047619047619047616,0.02857142857142857
Left,random,RTT,WRM,0,0.1,1,508,35,102,2,QOTc-HSsrc,arc labels,,0.5810631229235881,0.11607142857142858,0.37142857142857144
Left,random,RTT,WRM,0,0.1,1,508,35,102,2,QOTc-PCA,arc labels,64.0,0.5047719722138326,0.1,0.02857142857142857
Left,random,RTT,WRM,0,0.1,1,508,35,102,2,SDM-HS4,arc labels,,0.5243733011174871,0.11428571428571428,0.11428571428571428
Left,random,RTT,WRM,0,0.1,1,508,35,102,2,SDM-HSsrc,arc labels,,0.5774086378737542,0.10062893081761007,0.45714285714285713
Left,random,RTT,WRM,0,0.1,1,508,35,102,2,SDM-PCA,arc labels,8.0,0.5392630625188765,0.09259259259259259,0.2857142857142857
Left,random,RTT,WRM,0,0.2,1,508,35,203,4,NoAdapt,nothing,,0.4969193597100574,0.06666666666666667,0.17142857142857143
Left,random,RTT,WRM,0,0.2,1,508,35,203,4,TargetOnly,arc labels,,0.5063726970703715,0.08695652173913043,0.05714285714285714
Left,random,RTT,WRM,0,0.2,1,508,35,203,4,Source+Target,arc labels,,0.5085472666868016,0.0759493670886076,0.17142857142857143
Left,random,RTT,WRM,0,0.2,1,508,35,203,4,COT,arc labels,,0.48840229537903956,0.05,0.05714285714285714
Left,random,RTT,WRM,0,0.2,1,508,35,203,4,none-HS4,arc labels,,0.5302023557837511,0.11363636363636363,0.14285714285714285
Left,random,RTT,WRM,0,0.2,1,508,35,203,4,none-HSsrc,nothing,,0.554001812141347,0.16666666666666666,0.17142857142857143
Left,random,RTT,WRM,0,0.2,1,508,35,203,4,none-PCA,arc segments,4.0,0.5328601630927212,0.10714285714285714,0.17142857142857143
Left,random,RTT,WRM,0,0.2,1,508,35,203,4,QOTu-HS4,arc labels,,0.5206584113560858,0.125,0.08571428571428572
Left,random,RTT,WRM,0,0.2,1,508,35,203,4,QOTu-HSsrc,arc segments,,0.5502869223799456,0.2,0.14285714285714285
Left,random,RTT,WRM,0,0.2,1,508,35,203,4,QOTu-PCA,arc segments,8.0,0.4678042887345213,0.04054054054054054,0.08571428571428572
Left,random,RTT,WRM,0,0.2,1,508,35,203,4,QOTc-HS4,arc labels,,0.5481727574750831,0.18518518518518517,0.14285714285714285
Left,random,RTT,WRM,0,0.2,1,508,35,203,4,QOTc-HSsrc,arc labels,,0.5502869223799456,0.2,0.14285714285714285
Left,random,RTT,WRM,0,0.2,1,508,35,203,4,QOTc-PCA,arc labels,64.0,0.4963153125943824,0.05555555555555555,0.02857142857142857
Left,random,RTT,WRM,0,0.2,1,508,35,203,4,SDM-HS4,arc labels,,0.575234068257324,0.11650485436893204,0.34285714285714286
Left,random,RTT,WRM,0,0.2,1,508,35,203,4,SDM-HSsrc,arc labels,,0.5498640893989731,0.09448818897637795,0.34285714285714286
Left,random,RTT,WRM,0,0.2,1,508,35,203,4,SDM-PCA,arc labels,32.0,0.47737843551797043,0.056910569105691054,0.2
Left,random,RTT,WRM,0,0.3,1,508,35,305,8,NoAdapt,nothing,,0.4969193597100574,0.06666666666666667,0.17142857142857143
Left,random,RTT,WRM,0,0.3,1,508,35,305,8,TargetOnly,arc labels,,0.4619450317124736,0.0,0.0
Left,random,RTT,WRM,0,0.3,1,508,35,305,8,Source+Target,arc labels,,0.4916037450921172,0.06060606060606061,0.11428571428571428
Left,random,RTT,WRM,0,0.3,1,508,35,305,8,COT,arc labels,,0.3832074901842344,0.008,0.02857142857142857
Left,random,RTT,WRM,0,0.3,1,508,35,305,8,none-HS4,arc labels,,0.4984596798550287,0.06666666666666667,0.08571428571428572
Left,random,RTT,WRM,0,0.3,1,508,35,305,8,none-HSsrc,nothing,,0.554001812141347,0.16666666666666666,0.17142857142857143
Left,random,RTT,WRM,0,0.3,1,508,35,305,8,none-PCA,arc segments,4.0,0.5296889157354273,0.1016949152542373,0.17142857142857143
Left,random,RTT,WRM,0,0.3,1,508,35,305,8,QOTu-HS4,arc labels,,0.5127151917849592,0.11764705882352941,0.05714285714285714
Left,random,RTT,WRM,0,0.3,1,508,35,305,8,QOTu-HSsrc,arc segments,,0.5248867411658109,0.15,0.08571428571428572
Left,random,RTT,WRM,0,0.3,1,508,35,305,8,QOTu-PCA,arc segments,4.0,0.554001812141347,0.16666666666666666,0.17142857142857143
Left,random,RTT,WRM,0,0.3,1,508,35,305,8,QOTc-HS4,arc labels,,0.49897311990335247,0.06666666666666667,0.05714285714285714
Left,random,RTT,WRM,0,0.3,1,508,35,305,8,QOTc-HSsrc,arc labels,,0.5481727574750831,0.18518518518518517,0.14285714285714285
Left,random,RTT,WRM,0,0.3,1,508,35,305,8,QOTc-PCA,arc labels,64.0,0.47414678344910904,0.04411764705882353,0.08571428571428572
Left,random,RTT,WRM,0,0.3,1,508,35,305,8,SDM-HS4,arc labels,,0.49051646028390217,0.05263157894736842,0.05714285714285714
Left,random,RTT,WRM,0,0.3,1,508,35,305,8,SDM-HSsrc,arc labels,,0.48100271821202056,0.0425531914893617,0.05714285714285714
Left,random,RTT,WRM,0,0.3,1,508,35,305,8,SDM-PCA,arc labels,32.0,0.5090909090909091,0.07526881720430108,0.2
Left,random,RTT,WRM,0,0.5,1,508,35,498,14,NoAdapt,nothing,,0.4969193597100574,0.06666666666666667,0.17142857142857143
Left,random,RTT,WRM,0,0.5,1,508,35,498,14,TargetOnly,arc labels,,0.4709755360918152,0.04225352112676056,0.08571428571428572
Left,random,RTT,WRM,0,0.5,1,508,35,498,14,Source+Target,arc labels,,0.4672606463304138,0.03333333333333333,0.05714285714285714
Left,random,RTT,WRM,0,0.5,1,508,35,498,14,COT,arc labels,,0.37858652974932044,0.038461538461538464,0.2857142857142857
Left,random,RTT,WRM,0,0.5,1,508,35,498,14,none-HS4,arc labels,,0.5212020537601932,0.10526315789473684,0.11428571428571428
Left,random,RTT,WRM,0,0.5,1,508,35,498,14,none-HSsrc,nothing,,0.554001812141347,0.16666666666666666,0.17142857142857143
Left,random,RTT,WRM,0,0.5,1,508,35,498,14,none-PCA,arc segments,16.0,0.48734521292660826,0.04878048780487805,0.05714285714285714
Left,random,RTT,WRM,0,0.5,1,508,35,498,14,QOTu-HS4,arc labels,,0.5074297795228028,0.09090909090909091,0.05714285714285714
Left,random,RTT,WRM,0,0.5,1,508,35,498,14,QOTu-HSsrc,arc segments,,0.5248867411658109,0.15,0.08571428571428572
Left,random,RTT,WRM,0,0.5,1,508,35,498,14,QOTu-PCA,arc segments,4.0,0.554001812141347,0.16666666666666666,0.17142857142857143
Left,random,RTT,WRM,0,0.5,1,508,35,498,14,QOTc-HS4,arc labels,,0.5248867411658109,0.15,0.08571428571428572
Left,random,RTT,WRM,0,0.5,1,508,35,498,14,QOTc-HSsrc,arc labels,,0.5592872244035034,0.1935483870967742,0.17142857142857143
Left,random,RTT,WRM,0,0.5,1,508,35,498,14,QOTc-PCA,arc labels,32.0,0.4699184536393839,0.041666666666666664,0.08571428571428572
Left,random,RTT,WRM,0,0.5,1,508,35,498,14,SDM-HS4,arc labels,,0.5858048927816369,0.12903225806451613,0.34285714285714286
Left,random,RTT,WRM,0,0.5,1,508,35,498,14,SDM-HSsrc,arc labels,,0.5810631229235881,0.11607142857142858,0.37142857142857144
Left,random,RTT,WRM,0,0.5,1,508,35,498,14,SDM-PCA,arc labels,32.0,0.4234672304439746,0.040229885057471264,0.2
Left,random,RTT,WRM,1,0.05,1,508,24,51,3,NoAdapt,nothing,,0.5487258953168044,0.06930693069306931,0.2916666666666667
Left,random,RTT,WRM,1,0.05,1,508,24,51,3,TargetOnly,arc labels,,0.49173553719008267,0.0,0.0
Left,random,RTT,WRM,1,0.05,1,508,24,51,3,Source+Target,arc labels,,0.5673209366391184,0.08433734939759036,0.2916666666666667
Left,random,RTT,WRM,1,0.05,1,508,24,51,3,COT,arc labels,,0.5,0.047244094488188976,1.0
Left,random,RTT,WRM,1,0.05,1,508,24,51,3,none-HS4,arc labels,,0.5599173553719008,0.08695652173913043,0.25
Left,random,RTT,WRM,1,0.05,1,508,24,51,3,none-HSsrc,nothing,,0.5952134986225895,0.125,0.2916666666666667
Left,random,RTT,WRM,1,0.05,1,508,24,51,3,none-PCA,arc segments,4.0,0.5807506887052342,0.1,0.2916666666666667
Left,random,RTT,WRM,1,0.05,1,508,24,51,3,QOTu-HS4,arc labels,,0.5189393939393939,0.08333333333333333,0.08333333333333333
Left,random,RTT,WRM,1,0.05,1,508,24,51,3,QOTu-HSsrc,arc segments,,0.525137741046832,0.1111111111111111,0.08333333333333333
Left,random,RTT,WRM,1,0.05,1,508,24,51,3,QOTu-PCA,arc segments,16.0,0.45488980716253447,0.023255813953488372,0.08333333333333333
Left,random,RTT,WRM,1,0.05,1,508,24,51,3,QOTc-HS4,arc labels,,0.5,0.0,0.0
Left,random,RTT,WRM,1,0.05,1,508,24,51,3,QOTc-HSsrc,arc labels,,0.5075757575757576,0.05714285714285714,0.08333333333333333
Left,random,RTT,WRM,1,0.05,1,508,24,51,3,QOTc-PCA,arc labels,32.0,0.4989669421487603,0.0,0.0
Left,random,RTT,WRM,1,0.05,1,508,24,51,3,SDM-HS4,arc labels,,0.5,0.0,0.0
Left,random,RTT,WRM,1,0.05,1,508,24,51,3,SDM-HSsrc,arc labels,,0.3484848484848485,0.010582010582010581,0.08333333333333333
Left,random,RTT,WRM,1,0.05,1,508,24,51,3,SDM-PCA,arc labels,16.0,0.47417355371900827,0.0,0.0
Left,random,RTT,WRM,1,0.1,1,508,24,102,3,NoAdapt,nothing,,0.5487258953168044,0.06930693069306931,0.2916666666666667
Left,random,RTT,WRM,1,0.1,1,508,24,102,3,TargetOnly,arc labels,,0.49173553719008267,0.0,0.0
Left,random,RTT,WRM,1,0.1,1,508,24,102,3,Source+Target,arc labels,,0.546487603305785,0.07317073170731707,0.25
Left,random,RTT,WRM,1,0.1,1,508,24,102,3,COT,arc labels,,0.4268250688705234,0.010869565217391304,0.041666666666666664
Left,random,RTT,WRM,1,0.1,1,508,24,102,3,none-HS4,arc labels,,0.5619834710743802,0.08955223880597014,0.25
Left,random,RTT,WRM,1,0.1,1,508,24,102,3,none-HSsrc,nothing,,0.5952134986225895,0.125,0.2916666666666667
Left,random,RTT,WRM,1,0.1,1,508,24,102,3,none-PCA,arc segments,4.0,0.5786845730027548,0.09722222222222222,0.2916666666666667
Left,random,RTT,WRM,1,0.1,1,508,24,102,3,QOTu-HS4,arc labels,,0.5044765840220385,0.05263157894736842,0.08333333333333333
Left,random,RTT,WRM,1,0.1,1,508,24,102,3,QOTu-HSsrc,arc segments,,0.5356404958677685,0.10344827586206896,0.125
Left,random,RTT,WRM,1,0.1,1,508,24,102,3,QOTu-PCA,arc segments,16.0,0.4414600550964187,0.020202020202020204,0.08333333333333333
Left,random,RTT,WRM,1,0.1,1,508,24,102,3,QOTc-HS4,arc labels,,0.5,0.0,0.0
Left,random,RTT,WRM,1,0.1,1,508,24,102,3,QOTc-HSsrc,arc labels,,0.5044765840220385,0.05263157894736842,0.08333333333333333
Left,random,RTT,WRM,1,0.1,1,508,24,102,3,QOTc-PCA,arc labels,32.0,0.5,0.0,0.0
Left,random,RTT,WRM,1,0.1,1,508,24,102,3,SDM-HS4,arc labels,,0.5,0.0,0.0
Left,random,RTT,WRM,1,0.1,1,508,24,102,3,SDM-HSsrc,arc labels,,0.3464187327823692,0.010471204188481676,0.08333333333333333
Left,random,RTT,WRM,1,0.1,1,508,24,102,3,SDM-PCA,arc labels,16.0,0.4762396694214876,0.0,0.0
Left,random,RTT,WRM,1,0.2,1,508,24,203,10,NoAdapt,nothing,,0.5487258953168044,0.06930693069306931,0.2916666666666667
Left,random,RTT,WRM,1,0.2,1,508,24,203,10,TargetOnly,arc labels,,0.4511019283746557,0.03861003861003861,0.4166666666666667
Left,random,RTT,WRM,1,0.2,1,508,24,203,10,Source+Target,arc labels,,0.537362258953168,0.0625,0.2916666666666667
Left,random,RTT,WRM,1,0.2,1,508,24,203,10,COT,arc labels,,0.4743457300275482,0.043333333333333335,0.5416666666666666
Left,random,RTT,WRM,1,0.2,1,508,24,203,10,none-HS4,arc labels,,0.5618112947658402,0.10869565217391304,0.20833333333333334
Left,random,RTT,WRM,1,0.2,1,508,24,203,10,none-HSsrc,nothing,,0.5952134986225895,0.125,0.2916666666666667
Left,random,RTT,WRM,1,0.2,1,508,24,203,10,none-PCA,arc segments,16.0,0.49827823691460055,0.045454545454545456,0.08333333333333333
Left,random,RTT,WRM,1,0.2,1,508,24,203,10,QOTu-HS4,arc labels,,0.6086432506887053,0.16279069767441862,0.2916666666666667
Left,random,RTT,WRM,1,0.2,1,508,24,203,10,QOTu-HSsrc,arc segments,,0.5731749311294766,0.14285714285714285,0.20833333333333334
Left,random,RTT,WRM,1,0.2,1,508,24,203,10,QOTu-PCA,arc segments,4.0,0.6034779614325069,0.14583333333333334,0.2916666666666667
Left,random,RTT,WRM,1,0.2,1,508,24,203,10,QOTc-HS4,arc labels,,0.7150482093663912,0.0979381443298969,0.7916666666666666
Left,random,RTT,WRM,1,0.2,1,508,24,203,10,QOTc-HSsrc,arc labels,,0.5890151515151515,0.11290322580645161,0.2916666666666667
Left,random,RTT,WRM,1,0.2,1,508,24,203,10,QOTc-PCA,arc labels,64.0,0.5836776859504132,0.13043478260869565,0.25
Left,random,RTT,WRM,1,0.2,1,508,24,203,10,SDM-HS4,arc labels,,0.7036845730027548,0.09268292682926829,0.7916666666666666
Left,random,RTT,WRM,1,0.2,1,508,24,203,10,SDM-HSsrc,arc labels,,0.662362258953168,0.11016949152542373,0.5416666666666666
Left,random,RTT,WRM,1,0.2,1,508,24,203,10,SDM-PCA,arc labels,32.0,0.5184228650137741,0.056818181818181816,0.20833333333333334
Left,random,RTT,WRM,1,0.3,1,508,24,305,17,NoAdapt,nothing,,0.5487258953168044,0.06930693069306931,0.2916666666666667
Left,random,RTT,WRM,1,0.3,1,508,24,305,17,TargetOnly,arc labels,,0.47090220385674936,0.03731343283582089,0.20833333333333334
Left,random,RTT,WRM,1,0.3,1,508,24,305,17,Source+Target,arc labels,,0.5330578512396694,0.06315789473684211,0.25
Left,random,RTT,WRM,1,0.3,1,508,24,305,17,COT,arc labels,,0.5538911845730028,0.05829596412556054,0.5416666666666666
Left,random,RTT,WRM,1,0.3,1,508,24,305,17,none-HS4,arc labels,,0.5597451790633609,0.10416666666666667,0.20833333333333334
Left,random,RTT,WRM,1,0.3,1,508,24,305,17,none-HSsrc,nothing,,0.5952134986225895,0.125,0.2916666666666667
Left,random,RTT,WRM,1,0.3,1,508,24,305,17,none-PCA,arc segments,16.0,0.49827823691460055,0.045454545454545456,0.08333333333333333
Left,random,RTT,WRM,1,0.3,1,508,24,305,17,QOTu-HS4,arc labels,,0.5711088154269972,0.13513513513513514,0.20833333333333334
Left,random,RTT,WRM,1,0.3,1,508,24,305,17,QOTu-HSsrc,arc segments,,0.53150826446281,0.09090909090909091,0.125
Left,random,RTT,WRM,1,0.3,1,508,24,305,17,QOTu-PCA,arc segments,16.0,0.45282369146005513,0.022727272727272728,0.08333333333333333
Left,random,RTT,WRM,1,0.3,1,508,24,305,17,QOTc-HS4,arc labels,,0.5110192837465565,0.05405405405405406,0.16666666666666666
Left,random,RTT,WRM,1,0.3,1,508,24,305,17,QOTc-HSsrc,arc labels,,0.5879820936639119,0.1111111111111111,0.2916666666666667
Left,random,RTT,WRM,1,0.3,1,508,24,305,17,QOTc-PCA,arc labels,64.0,0.5909090909090908,0.15384615384615385,0.25
Left,random,RTT,WRM,1,0.3,1,508,24,305,17,SDM-HS4,arc labels,,0.5819559228650137,0.08888888888888889,0.3333333333333333
Left,random,RTT,WRM,1,0.3,1,508,24,305,17,SDM-HSsrc,arc labels,,0.6575413223140496,0.09090909090909091,0.625
Left,random,RTT,WRM,1,0.3,1,508,24,305,17,SDM-PCA,arc labels,32.0,0.4616046831955923,0.03496503496503497,0.20833333333333334
Left,random,RTT,WRM,1,0.5,1,508,24,487,30,NoAdapt,nothing,,0.5487258953168044,0.06930693069306931,0.2916666666666667
Left,random,RTT,WRM,1,0.5,1,508,24,487,30,TargetOnly,arc labels,,0.696969696969697,0.08,0.9166666666666666
Left,random,RTT,WRM,1,0.5,1,508,24,487,30,Source+Target,arc labels,,0.537534435261708,0.06015037593984962,0.3333333333333333
Left,random,RTT,WRM,1,0.5,1,508,24,487,30,COT,arc labels,,0.6477272727272727,0.06575342465753424,1.0
Left,random,RTT,WRM,1,0.5,1,508,24,487,30,none-HS4,arc labels,,0.5535468319559228,0.09259259259259259,0.20833333333333334
Left,random,RTT,WRM,1,0.5,1,508,24,487,30,none-HSsrc,nothing,,0.5952134986225895,0.125,0.2916666666666667
Left,random,RTT,WRM,1,0.5,1,508,24,487,30,none-PCA,arc segments,16.0,0.49827823691460055,0.045454545454545456,0.08333333333333333
Left,random,RTT,WRM,1,0.5,1,508,24,487,30,QOTu-HS4,arc labels,,0.572141873278237,0.1388888888888889,0.20833333333333334
Left,random,RTT,WRM,1,0.5,1,508,24,487,30,QOTu-HSsrc,arc segments,,0.5731749311294766,0.14285714285714285,0.20833333333333334
Left,random,RTT,WRM,1,0.5,1,508,24,487,30,QOTu-PCA,arc segments,16.0,0.45179063360881544,0.02247191011235955,0.08333333333333333
Left,random,RTT,WRM,1,0.5,1,508,24,487,30,QOTc-HS4,arc labels,,0.7574035812672176,0.12418300653594772,0.7916666666666666
Left,random,RTT,WRM,1,0.5,1,508,24,487,30,QOTc-HSsrc,arc labels,,0.6310261707988981,0.10377358490566038,0.4583333333333333
Left,random,RTT,WRM,1,0.5,1,508,24,487,30,QOTc-PCA,arc labels,32.0,0.5976239669421488,0.06726457399103139,0.625
Left,random,RTT,WRM,1,0.5,1,508,24,487,30,SDM-HS4,arc labels,,0.7451790633608816,0.10752688172043011,0.8333333333333334
Left,random,RTT,WRM,1,0.5,1,508,24,487,30,SDM-HSsrc,arc labels,,0.6492768595041323,0.08670520231213873,0.625
Left,random,RTT,WRM,1,0.5,1,508,24,487,30,SDM-PCA,arc labels,32.0,0.5888429752066116,0.07142857142857142,0.5
Left,random,RTT,WRM,2,0.05,1,508,24,51,4,NoAdapt,nothing,,0.5445936639118457,0.06666666666666667,0.2916666666666667
Left,random,RTT,WRM,2,0.05,1,508,24,51,4,TargetOnly,arc labels,,0.5165289256198347,0.05405405405405406,0.25
Left,random,RTT,WRM,2,0.05,1,508,24,51,4,Source+Target,arc labels,,0.5425275482093664,0.06542056074766354,0.2916666666666667
Left,random,RTT,WRM,2,0.05,1,508,24,51,4,COT,arc labels,,0.48295454545454547,0.043478260869565216,0.375
Left,random,RTT,WRM,2,0.05,1,508,24,51,4,none-HS4,arc labels,,0.5537190082644627,0.08,0.25
Left,random,RTT,WRM,2,0.05,1,508,24,51,4,none-HSsrc,nothing,,0.5807506887052342,0.1,0.2916666666666667
Left,random,RTT,WRM,2,0.05,1,508,24,51,4,none-PCA,arc segments,8.0,0.5213498622589532,0.0625,0.16666666666666666
Left,random,RTT,WRM,2,0.05,1,508,24,51,4,QOTu-HS4,arc labels,,0.5704201101928374,0.0875,0.2916666666666667
Left,random,RTT,WRM,2,0.05,1,508,24,51,4,QOTu-HSsrc,arc segments,,0.5838498622589532,0.1044776119402985,0.2916666666666667
Left,random,RTT,WRM,2,0.05,1,508,24,51,4,QOTu-PCA,arc segments,8.0,0.481060606060606,0.038834951456310676,0.16666666666666666
Left,random,RTT,WRM,2,0.05,1,508,24,51,4,QOTc-HS4,arc labels,,0.599862258953168,0.06611570247933884,0.6666666666666666
Left,random,RTT,WRM,2,0.05,1,508,24,51,4,QOTc-HSsrc,arc labels,,0.39652203856749313,0.024271844660194174,0.20833333333333334
Left,random,RTT,WRM,2,0.05,1,508,24,51,4,QOTc-PCA,arc labels,64.0,0.5191115702479339,0.06666666666666667,0.125
Left,random,RTT,WRM,2,0.05,1,508,24,51,4,SDM-HS4,arc labels,,0.5476928374655647,0.056768558951965066,0.5416666666666666
Left,random,RTT,WRM,2,0.05,1,508,24,51,4,SDM-HSsrc,arc labels,,0.4758953168044078,0.0425531914893617,0.4166666666666667
Left,random,RTT,WRM,2,0.05,1,508,24,51,4,SDM-PCA,arc labels,16.0,0.4867424242424242,0.043478260869565216,0.2916666666666667
Left,random,RTT,WRM,2,0.1,1,508,24,102,8,NoAdapt,nothing,,0.5445936639118457,0.06666666666666667,0.2916666666666667
Left,random,RTT,WRM,2,0.1,1,508,24,102,8,TargetOnly,arc labels,,0.7525826446280992,0.105,0.875
Left,random,RTT,WRM,2,0.1,1,508,24,102,8,Source+Target,arc labels,,0.5414944903581267,0.06481481481481481,0.2916666666666667
Left,random,RTT,WRM,2,0.1,1,508,24,102,8,COT,arc labels,,0.7246900826446281,0.09251101321585903,0.875
Left,random,RTT,WRM,2,0.1,1,508,24,102,8,none-HS4,arc labels,,0.5392561983471074,0.06741573033707865,0.25
Left,random,RTT,WRM,2,0.1,1,508,24,102,8,none-HSsrc,nothing,,0.5807506887052342,0.1,0.2916666666666667
Left,random,RTT,WRM,2,0.1,1,508,24,102,8,none-PCA,arc segments,8.0,0.5213498622589532,0.0625,0.16666666666666666
Left,random,RTT,WRM,2,0.1,1,508,24,102,8,QOTu-HS4,arc labels,,0.5556129476584022,0.09615384615384616,0.20833333333333334
Left,random,RTT,WRM,2,0.1,1,508,24,102,8,QOTu-HSsrc,arc segments,,0.5514807162534435,0.08928571428571429,0.20833333333333334
Left,random,RTT,WRM,2,0.1,1,508,24,102,8,QOTu-PCA,arc segments,8.0,0.49345730027548207,0.04395604395604396,0.16666666666666666
Left,random,RTT,WRM,2,0.1,1,508,24,102,8,QOTc-HS4,arc labels,,0.740530303030303,0.09055118110236221,0.9583333333333334
Left,random,RTT,WRM,2,0.1,1,508,24,102,8,QOTc-HSsrc,arc labels,,0.6213842975206612,0.075,0.625
Left,random,RTT,WRM,2,0.1,1,508,24,102,8,QOTc-PCA,arc labels,32.0,0.5025826446280992,0.04918032786885246,0.125
Left,random,RTT,WRM,2,0.1,1,508,24,102,8,SDM-HS4,arc labels,,0.7227961432506886,0.088,0.9166666666666666
Left,random,RTT,WRM,2,0.1,1,508,24,102,8,SDM-HSsrc,arc labels,,0.609504132231405,0.06545454545454546,0.75
Left,random,RTT,WRM,2,0.1,1,508,24,102,8,SDM-PCA,arc labels,16.0,0.5590564738292011,0.05963302752293578,0.5416666666666666
Left,random,RTT,WRM,2,0.2,1,508,24,203,14,NoAdapt,nothing,,0.5445936639118457,0.06666666666666667,0.2916666666666667
Left,random,RTT,WRM,2,0.2,1,508,24,203,14,TargetOnly,arc labels,,0.7085055096418733,0.08070175438596491,0.9583333333333334
Left,random,RTT,WRM,2,0.2,1,508,24,203,14,Source+Target,arc labels,,0.5290977961432507,0.058333333333333334,0.2916666666666667
Left,random,RTT,WRM,2,0.2,1,508,24,203,14,COT,arc labels,,0.572141873278237,0.05862068965517241,0.7083333333333334
Left,random,RTT,WRM,2,0.2,1,508,24,203,14,none-HS4,arc labels,,0.5704201101928374,0.0875,0.2916666666666667
Left,random,RTT,WRM,2,0.2,1,508,24,203,14,none-HSsrc,nothing,,0.5807506887052342,0.1,0.2916666666666667
Left,random,RTT,WRM,2,0.2,1,508,24,203,14,none-PCA,arc segments,8.0,0.5213498622589532,0.0625,0.16666666666666666
Left,random,RTT,WRM,2,0.2,1,508,24,203,14,QOTu-HS4,arc labels,,0.5921143250688705,0.11864406779661017,0.2916666666666667
Left,random,RTT,WRM,2,0.2,1,508,24,203,14,QOTu-HSsrc,arc segments,,0.5483815426997245,0.0847457627118644,0.20833333333333334
Left,random,RTT,WRM,2,0.2,1,508,24,203,14,QOTu-PCA,arc segments,8.0,0.4820936639118457,0.0392156862745098,0.16666666666666666
Left,random,RTT,WRM,2,0.2,1,508,24,203,14,QOTc-HS4,arc labels,,0.725034435261708,0.08550185873605948,0.9583333333333334
Left,random,RTT,WRM,2,0.2,1,508,24,203,14,QOTc-HSsrc,arc labels,,0.6315426997245179,0.08284023668639054,0.5833333333333334
Left,random,RTT,WRM,2,0.2,1,508,24,203,14,QOTc-PCA,arc labels,32.0,0.4263085399449036,0.02564102564102564,0.16666666666666666
Left,random,RTT,WRM,2,0.2,1,508,24,203,14,SDM-HS4,arc labels,,0.6668388429752066,0.07420494699646643,0.875
Left,random,RTT,WRM,2,0.2,1,508,24,203,14,SDM-HSsrc,arc labels,,0.6082988980716253,0.06666666666666667,0.7083333333333334
Left,random,RTT,WRM,2,0.2,1,508,24,203,14,SDM-PCA,arc labels,32.0,0.5311639118457301,0.059322033898305086,0.2916666666666667
Left,random,RTT,WRM,2,0.3,1,508,24,305,21,NoAdapt,nothing,,0.5445936639118457,0.06666666666666667,0.2916666666666667
Left,random,RTT,WRM,2,0.3,1,508,24,305,21,TargetOnly,arc labels,,0.6768250688705234,0.08225108225108226,0.7916666666666666
Left,random,RTT,WRM,2,0.3,1,508,24,305,21,Source+Target,arc labels,,0.5581955922865014,0.07079646017699115,0.3333333333333333
Left,random,RTT,WRM,2,0.3,1,508,24,305,21,COT,arc labels,,0.5098140495867769,0.048701298701298704,0.625
Left,random,RTT,WRM,2,0.3,1,508,24,305,21,none-HS4,arc labels,,0.5590564738292011,0.07692307692307693,0.2916666666666667
Left,random,RTT,WRM,2,0.3,1,508,24,305,21,none-HSsrc,nothing,,0.5807506887052342,0.1,0.2916666666666667
Left,random,RTT,WRM,2,0.3,1,508,24,305,21,none-PCA,arc segments,8.0,0.5213498622589532,0.0625,0.16666666666666666
Left,random,RTT,WRM,2,0.3,1,508,24,305,21,QOTu-HS4,arc labels,,0.5952134986225895,0.125,0.2916666666666667
Left,random,RTT,WRM,2,0.3,1,508,24,305,21,QOTu-HSsrc,arc segments,,0.5514807162534435,0.08928571428571429,0.20833333333333334
Left,random,RTT,WRM,2,0.3,1,508,24,305,21,QOTu-PCA,arc segments,8.0,0.49242424242424243,0.043478260869565216,0.16666666666666666
Left,random,RTT,WRM,2,0.3,1,508,24,305,21,QOTc-HS4,arc labels,,0.7525826446280992,0.105,0.875
Left,random,RTT,WRM,2,0.3,1,508,24,305,21,QOTc-HSsrc,arc labels,,0.6294765840220387,0.08187134502923976,0.5833333333333334
Left,random,RTT,WRM,2,0.3,1,508,24,305,21,QOTc-PCA,arc labels,32.0,0.46814738292011016,0.03910614525139665,0.2916666666666667
Left,random,RTT,WRM,2,0.3,1,508,24,305,21,SDM-HS4,arc labels,,0.706095041322314,0.08571428571428572,0.875
Left,random,RTT,WRM,2,0.3,1,508,24,305,21,SDM-HSsrc,arc labels,,0.6134641873278237,0.068,0.7083333333333334
Left,random,RTT,WRM,2,0.3,1,508,24,305,21,SDM-PCA,arc labels,64.0,0.4297520661157025,0.0400890868596882,0.75
Left,random,RTT,WRM,2,0.5,1,508,24,488,27,NoAdapt,nothing,,0.5445936639118457,0.06666666666666667,0.2916666666666667
Left,random,RTT,WRM,2,0.5,1,508,24,488,27,TargetOnly,arc labels,,0.7362258953168044,0.09282700421940929,0.9166666666666666
Left,random,RTT,WRM,2,0.5,1,508,24,488,27,Source+Target,arc labels,,0.5730027548209367,0.07092198581560284,0.4166666666666667
Left,random,RTT,WRM,2,0.5,1,508,24,488,27,COT,arc labels,,0.7207300275482094,0.0873015873015873,0.9166666666666666
Left,random,RTT,WRM,2,0.5,1,508,24,488,27,none-HS4,arc labels,,0.5704201101928374,0.0875,0.2916666666666667
Left,random,RTT,WRM,2,0.5,1,508,24,488,27,none-HSsrc,nothing,,0.5807506887052342,0.1,0.2916666666666667
Left,random,RTT,WRM,2,0.5,1,508,24,488,27,none-PCA,arc segments,8.0,0.5089531680440772,0.05263157894736842,0.16666666666666666
Left,random,RTT,WRM,2,0.5,1,508,24,488,27,QOTu-HS4,arc labels,,0.5921143250688705,0.11864406779661017,0.2916666666666667
Left,random,RTT,WRM,2,0.5,1,508,24,488,27,QOTu-HSsrc,arc segments,,0.5514807162534435,0.08928571428571429,0.20833333333333334
Left,random,RTT,WRM,2,0.5,1,508,24,488,27,QOTu-PCA,arc segments,8.0,0.4955234159779614,0.0449438202247191,0.16666666666666666
Left,random,RTT,WRM,2,0.5,1,508,24,488,27,QOTc-HS4,arc labels,,0.7494834710743802,0.10344827586206896,0.875
Left,random,RTT,WRM,2,0.5,1,508,24,488,27,QOTc-HSsrc,arc labels,,0.6213842975206612,0.075,0.625
Left,random,RTT,WRM,2,0.5,1,508,24,488,27,QOTc-PCA,arc labels,64.0,0.6444559228650137,0.07727272727272727,0.7083333333333334
Left,random,RTT,WRM,2,0.5,1,508,24,488,27,SDM-HS4,arc labels,,0.7081611570247934,0.08641975308641975,0.875
Left,random,RTT,WRM,2,0.5,1,508,24,488,27,SDM-HSsrc,arc labels,,0.600034435261708,0.06463878326996197,0.7083333333333334
Left,random,RTT,WRM,2,0.5,1,508,24,488,27,SDM-PCA,arc labels,32.0,0.6051997245179064,0.08396946564885496,0.4583333333333333
Left,random,RTT,WRM,3,0.05,0,508,36,51,1,NoAdapt,nothing,,0.5522598870056498,0.1,0.3333333333333333
Left,random,RTT,WRM,3,0.05,0,508,36,51,1,TargetOnly,arc labels,,,,
Left,random,RTT,WRM,3,0.05,0,508,36,51,1,Source+Target,arc labels,,,,
Left,random,RTT,WRM,3,0.05,0,508,36,51,1,COT,arc labels,,,,
Left,random,RTT,WRM,3,0.05,0,508,36,51,1,none-HS4,arc labels,,,,
Left,random,RTT,WRM,3,0.05,0,508,36,51,1,none-HSsrc,nothing,,0.6214689265536724,0.15463917525773196,0.4166666666666667
Left,random,RTT,WRM,3,0.05,0,508,36,51,1,none-PCA,arc segments,4.0,0.6194679849340866,0.1415929203539823,0.4444444444444444
Left,random,RTT,WRM,3,0.05,0,508,36,51,1,QOTu-HS4,arc labels,,,,
Left,random,RTT,WRM,3,0.05,0,508,36,51,1,QOTu-HSsrc,arc segments,,0.602283427495292,0.10087719298245613,0.6388888888888888
Left,random,RTT,WRM,3,0.05,0,508,36,51,1,QOTu-PCA,arc segments,8.0,0.567090395480226,0.09012875536480687,0.5833333333333334
Left,random,RTT,WRM,3,0.05,0,508,36,51,1,QOTc-HS4,arc labels,,,,
Left,random,RTT,WRM,3,0.05,0,508,36,51,1,QOTc-HSsrc,arc labels,,,,
Left,random,RTT,WRM,3,0.05,0,508,36,51,1,QOTc-PCA,arc labels,,,,
Left,random,RTT,WRM,3,0.05,0,508,36,51,1,SDM-HS4,arc labels,,,,
Left,random,RTT,WRM,3,0.05,0,508,36,51,1,SDM-HSsrc,arc labels,,,,
Left,random,RTT,WRM,3,0.05,0,508,36,51,1,SDM-PCA,arc labels,,,,
Left,random,RTT,WRM,3,0.1,1,508,36,102,5,NoAdapt,nothing,,0.5522598870056498,0.1,0.3333333333333333
Left,random,RTT,WRM,3,0.1,1,508,36,102,5,TargetOnly,arc labels,,0.45386064030131823,0.04,0.1111111111111111
Left,random,RTT,WRM,3,0.1,1,508,36,102,5,Source+Target,arc labels,,0.542725988700565,0.09302325581395349,0.3333333333333333
Left,random,RTT,WRM,3,0.1,1,508,36,102,5,COT,arc labels,,0.41266478342749524,0.032679738562091505,0.1388888888888889
Left,random,RTT,WRM,3,0.1,1,508,36,102,5,none-HS4,arc labels,,0.6129943502824858,0.14285714285714285,0.4166666666666667
Left,random,RTT,WRM,3,0.1,1,508,36,102,5,none-HSsrc,nothing,,0.6214689265536724,0.15463917525773196,0.4166666666666667
Left,random,RTT,WRM,3,0.1,1,508,36,102,5,none-PCA,arc segments,4.0,0.6131120527306968,0.13445378151260504,0.4444444444444444
Left,random,RTT,WRM,3,0.1,1,508,36,102,5,QOTu-HS4,arc labels,,0.6067561205273069,0.128,0.4444444444444444
Left,random,RTT,WRM,3,0.1,1,508,36,102,5,QOTu-HSsrc,arc segments,,0.6056967984934086,0.12698412698412698,0.4444444444444444
Left,random,RTT,WRM,3,0.1,1,508,36,102,5,QOTu-PCA,arc segments,4.0,0.6637241054613936,0.13529411764705881,0.6388888888888888
Left,random,RTT,WRM,3,0.1,1,508,36,102,5,QOTc-HS4,arc labels,,0.49529190207156304,0.06990881458966565,0.6388888888888888
Left,random,RTT,WRM,3,0.1,1,508,36,102,5,QOTc-HSsrc,arc labels,,0.4844632768361582,0.06752411575562701,0.5833333333333334
Left,random,RTT,WRM,3,0.1,1,508,36,102,5,QOTc-PCA,arc labels,64.0,0.486228813559322,0.0,0.0
Left,random,RTT,WRM,3,0.1,1,508,36,102,5,SDM-HS4,arc labels,,0.4393832391713748,0.05653710247349823,0.4444444444444444
Left,random,RTT,WRM,3,0.1,1,508,36,102,5,SDM-HSsrc,arc labels,,0.39136064030131823,0.045454545454545456,0.3611111111111111
Left,random,RTT,WRM,3,0.1,1,508,36,102,5,SDM-PCA,arc labels,16.0,0.3837099811676083,0.04150943396226415,0.3055555555555556
Left,random,RTT,WRM,3,0.2,1,508,36,203,8,NoAdapt,nothing,,0.5522598870056498,0.1,0.3333333333333333
Left,random,RTT,WRM,3,0.2,1,508,36,203,8,TargetOnly,arc labels,,0.4875235404896422,0.0658682634730539,0.3055555555555556
Left,random,RTT,WRM,3,0.2,1,508,36,203,8,Source+Target,arc labels,,0.5374293785310734,0.08955223880597014,0.3333333333333333
Left,random,RTT,WRM,3,0.2,1,508,36,203,8,COT,arc labels,,0.4125470809792844,0.04887218045112782,0.3611111111111111
Left,random,RTT,WRM,3,0.2,1,508,36,203,8,none-HS4,arc labels,,0.6119350282485876,0.14150943396226415,0.4166666666666667
Left,random,RTT,WRM,3,0.2,1,508,36,203,8,none-HSsrc,nothing,,0.6214689265536724,0.15463917525773196,0.4166666666666667
Left,random,RTT,WRM,3,0.2,1,508,36,203,8,none-PCA,arc segments,4.0,0.6120527306967984,0.13333333333333333,0.4444444444444444
Left,random,RTT,WRM,3,0.2,1,508,36,203,8,QOTu-HS4,arc labels,,0.6034604519774012,0.13157894736842105,0.4166666666666667
Left,random,RTT,WRM,3,0.2,1,508,36,203,8,QOTu-HSsrc,arc segments,,0.6141713747645952,0.13559322033898305,0.4444444444444444
Left,random,RTT,WRM,3,0.2,1,508,36,203,8,QOTu-PCA,arc segments,4.0,0.6690207156308852,0.1393939393939394,0.6388888888888888
Left,random,RTT,WRM,3,0.2,1,508,36,203,8,QOTc-HS4,arc labels,,0.5557909604519774,0.08391608391608392,0.6666666666666666
Left,random,RTT,WRM,3,0.2,1,508,36,203,8,QOTc-HSsrc,arc labels,,0.5847457627118644,0.08970099667774087,0.75
Left,random,RTT,WRM,3,0.2,1,508,36,203,8,QOTc-PCA,arc labels,32.0,0.5386064030131826,0.08843537414965986,0.3611111111111111
Left,random,RTT,WRM,3,0.2,1,508,36,203,8,SDM-HS4,arc labels,,0.4798728813559322,0.06593406593406594,0.5
Left,random,RTT,WRM,3,0.2,1,508,36,203,8,SDM-HSsrc,arc labels,,0.43738229755178903,0.056856187290969896,0.4722222222222222
Left,random,RTT,WRM,3,0.2,1,508,36,203,8,SDM-PCA,arc labels,16.0,0.45809792843691144,0.05829596412556054,0.3611111111111111
Left,random,RTT,WRM,3,0.3,1,508,36,305,11,NoAdapt,nothing,,0.5522598870056498,0.1,0.3333333333333333
Left,random,RTT,WRM,3,0.3,1,508,36,305,11,TargetOnly,arc labels,,0.4854048964218456,0.0650887573964497,0.3055555555555556
Left,random,RTT,WRM,3,0.3,1,508,36,305,11,Source+Target,arc labels,,0.528954802259887,0.08450704225352113,0.3333333333333333
Left,random,RTT,WRM,3,0.3,1,508,36,305,11,COT,arc labels,,0.4663370998116761,0.06369426751592357,0.5555555555555556
Left,random,RTT,WRM,3,0.3,1,508,36,305,11,none-HS4,arc labels,,0.6119350282485876,0.14150943396226415,0.4166666666666667
Left,random,RTT,WRM,3,0.3,1,508,36,305,11,none-HSsrc,nothing,,0.6214689265536724,0.15463917525773196,0.4166666666666667
Left,random,RTT,WRM,3,0.3,1,508,36,305,11,none-PCA,arc segments,4.0,0.6088747645951036,0.13008130081300814,0.4444444444444444
Left,random,RTT,WRM,3,0.3,1,508,36,305,11,QOTu-HS4,arc labels,,0.6151129943502825,0.14563106796116504,0.4166666666666667
Left,random,RTT,WRM,3,0.3,1,508,36,305,11,QOTu-HSsrc,arc segments,,0.620409604519774,0.15306122448979592,0.4166666666666667
Left,random,RTT,WRM,3,0.3,1,508,36,305,11,QOTu-PCA,arc segments,4.0,0.661487758945386,0.13924050632911392,0.6111111111111112
Left,random,RTT,WRM,3,0.3,1,508,36,305,11,QOTc-HS4,arc labels,,0.547316384180791,0.08163265306122448,0.6666666666666666
Left,random,RTT,WRM,3,0.3,1,508,36,305,11,QOTc-HSsrc,arc labels,,0.6026365348399246,0.0962962962962963,0.7222222222222222
Left,random,RTT,WRM,3,0.3,1,508,36,305,11,QOTc-PCA,arc labels,64.0,0.5455508474576272,0.10714285714285714,0.25
Left,random,RTT,WRM,3,0.3,1,508,36,305,11,SDM-HS4,arc labels,,0.533545197740113,0.0781758957654723,0.6666666666666666
Left,random,RTT,WRM,3,0.3,1,508,36,305,11,SDM-HSsrc,arc labels,,0.516713747645951,0.07418397626112759,0.6944444444444444
Left,random,RTT,WRM,3,0.3,1,508,36,305,11,SDM-PCA,arc labels,16.0,0.4728107344632768,0.06153846153846154,0.3333333333333333
Left,random,RTT,WRM,3,0.5,1,508,36,487,18,NoAdapt,nothing,,0.5522598870056498,0.1,0.3333333333333333
Left,random,RTT,WRM,3,0.5,1,508,36,487,18,TargetOnly,arc labels,,0.5307203389830508,0.08,0.5
Left,random,RTT,WRM,3,0.5,1,508,36,487,18,Source+Target,arc labels,,0.5357815442561205,0.08333333333333333,0.4444444444444444
Left,random,RTT,WRM,3,0.5,1,508,36,487,18,COT,arc labels,,0.5617937853107344,0.08823529411764706,0.5833333333333334
Left,random,RTT,WRM,3,0.5,1,508,36,487,18,none-HS4,arc labels,,0.6119350282485876,0.14150943396226415,0.4166666666666667
Left,random,RTT,WRM,3,0.5,1,508,36,487,18,none-HSsrc,nothing,,0.6214689265536724,0.15463917525773196,0.4166666666666667
Left,random,RTT,WRM,3,0.5,1,508,36,487,18,none-PCA,arc segments,4.0,0.6088747645951036,0.13008130081300814,0.4444444444444444
Left,random,RTT,WRM,3,0.5,1,508,36,487,18,QOTu-HS4,arc labels,,0.6161723163841808,0.14705882352941177,0.4166666666666667
Left,random,RTT,WRM,3,0.5,1,508,36,487,18,QOTu-HSsrc,arc segments,,0.6225282485875706,0.15625,0.4166666666666667
Left,random,RTT,WRM,3,0.5,1,508,36,487,18,QOTu-PCA,arc segments,8.0,0.556497175141243,0.10344827586206896,0.3333333333333333
Left,random,RTT,WRM,3,0.5,1,508,36,487,18,QOTc-HS4,arc labels,,0.5483757062146892,0.08191126279863481,0.6666666666666666
Left,random,RTT,WRM,3,0.5,1,508,36,487,18,QOTc-HSsrc,arc labels,,0.6121704331450094,0.09961685823754789,0.7222222222222222
Left,random,RTT,WRM,3,0.5,1,508,36,487,18,QOTc-PCA,arc labels,32.0,0.5663841807909604,0.10067114093959731,0.4166666666666667
Left,random,RTT,WRM,3,0.5,1,508,36,487,18,SDM-HS4,arc labels,,0.52295197740113,0.07570977917981073,0.6666666666666666
Left,random,RTT,WRM,3,0.5,1,508,36,487,18,SDM-HSsrc,arc labels,,0.5230696798493408,0.0755287009063444,0.6944444444444444
Left,random,RTT,WRM,3,0.5,1,508,36,487,18,SDM-PCA,arc labels,32.0,0.6080508474576272,0.11842105263157894,0.5
Left,random,RTT,WRM,4,0.05,1,508,30,51,2,NoAdapt,nothing,,0.5724546722454672,0.09401709401709402,0.36666666666666664
Left,random,RTT,WRM,4,0.05,1,508,30,51,2,TargetOnly,arc labels,,0.5110181311018132,0.06481481481481481,0.23333333333333334
Left,random,RTT,WRM,4,0.05,1,508,30,51,2,Source+Target,arc labels,,0.5724546722454672,0.09401709401709402,0.36666666666666664
Left,random,RTT,WRM,4,0.05,1,508,30,51,2,COT,arc labels,,0.5546722454672245,0.08208955223880597,0.36666666666666664
Left,random,RTT,WRM,4,0.05,1,508,30,51,2,none-HS4,arc labels,,0.6245467224546722,0.11864406779661017,0.4666666666666667
Left,random,RTT,WRM,4,0.05,1,508,30,51,2,none-HSsrc,nothing,,0.6381450488145048,0.13333333333333333,0.4666666666666667
Left,random,RTT,WRM,4,0.05,1,508,30,51,2,none-PCA,arc segments,16.0,0.5684797768479777,0.11428571428571428,0.26666666666666666
Left,random,RTT,WRM,4,0.05,1,508,30,51,2,QOTu-HS4,arc labels,,0.5944211994421199,0.11458333333333333,0.36666666666666664
Left,random,RTT,WRM,4,0.05,1,508,30,51,2,QOTu-HSsrc,arc segments,,0.6433751743375175,0.14,0.4666666666666667
Left,random,RTT,WRM,4,0.05,1,508,30,51,2,QOTu-PCA,arc segments,4.0,0.6369595536959554,0.11428571428571428,0.5333333333333333
Left,random,RTT,WRM,4,0.05,1,508,30,51,2,QOTc-HS4,arc labels,,0.49442119944211993,0.05555555555555555,0.16666666666666666
Left,random,RTT,WRM,4,0.05,1,508,30,51,2,QOTc-HSsrc,arc labels,,0.594979079497908,0.08411214953271028,0.6
Left,random,RTT,WRM,4,0.05,1,508,30,51,2,QOTc-PCA,arc labels,16.0,0.4591352859135286,0.017857142857142856,0.03333333333333333
Left,random,RTT,WRM,4,0.05,1,508,30,51,2,SDM-HS4,arc labels,,0.5272663877266388,0.06635071090047394,0.4666666666666667
Left,random,RTT,WRM,4,0.05,1,508,30,51,2,SDM-HSsrc,arc labels,,0.4770571827057183,0.05405405405405406,0.4666666666666667
Left,random,RTT,WRM,4,0.05,1,508,30,51,2,SDM-PCA,arc labels,8.0,0.5294979079497908,0.06857142857142857,0.4
Left,random,RTT,WRM,4,0.1,1,508,30,102,4,NoAdapt,nothing,,0.5724546722454672,0.09401709401709402,0.36666666666666664
Left,random,RTT,WRM,4,0.1,1,508,30,102,4,TargetOnly,arc labels,,0.550418410041841,0.07741935483870968,0.4
Left,random,RTT,WRM,4,0.1,1,508,30,102,4,Source+Target,arc labels,,0.5640864714086471,0.088,0.36666666666666664
Left,random,RTT,WRM,4,0.1,1,508,30,102,4,COT,arc labels,,0.41352859135285913,0.03968253968253968,0.3333333333333333
Left,random,RTT,WRM,4,0.1,1,508,30,102,4,none-HS4,arc labels,,0.6287308228730824,0.12280701754385964,0.4666666666666667
Left,random,RTT,WRM,4,0.1,1,508,30,102,4,none-HSsrc,nothing,,0.6381450488145048,0.13333333333333333,0.4666666666666667
Left,random,RTT,WRM,4,0.1,1,508,30,102,4,none-PCA,arc segments,16.0,0.5674337517433752,0.11267605633802817,0.26666666666666666
Left,random,RTT,WRM,4,0.1,1,508,30,102,4,QOTu-HS4,arc labels,,0.6329149232914923,0.12727272727272726,0.4666666666666667
Left,random,RTT,WRM,4,0.1,1,508,30,102,4,QOTu-HSsrc,arc segments,,0.6381450488145048,0.13333333333333333,0.4666666666666667
Left,random,RTT,WRM,4,0.1,1,508,30,102,4,QOTu-PCA,arc segments,8.0,0.5735006973500697,0.09482758620689655,0.36666666666666664
Left,random,RTT,WRM,4,0.1,1,508,30,102,4,QOTc-HS4,arc labels,,0.647071129707113,0.09767441860465116,0.7
Left,random,RTT,WRM,4,0.1,1,508,30,102,4,QOTc-HSsrc,arc labels,,0.5688284518828453,0.07531380753138076,0.6
Left,random,RTT,WRM,4,0.1,1,508,30,102,4,QOTc-PCA,arc labels,32.0,0.4810320781032078,0.038461538461538464,0.06666666666666667
Left,random,RTT,WRM,4,0.1,1,508,30,102,4,SDM-HS4,arc labels,,0.557252440725244,0.07116104868913857,0.6333333333333333
Left,random,RTT,WRM,4,0.1,1,508,30,102,4,SDM-HSsrc,arc labels,,0.49442119944211993,0.05813953488372093,0.6666666666666666
Left,random,RTT,WRM,4,0.1,1,508,30,102,4,SDM-PCA,arc labels,16.0,0.4388423988842399,0.03954802259887006,0.23333333333333334
Left,random,RTT,WRM,4,0.2,1,508,30,203,8,NoAdapt,nothing,,0.5724546722454672,0.09401709401709402,0.36666666666666664
Left,random,RTT,WRM,4,0.2,1,508,30,203,8,TargetOnly,arc labels,,0.553207810320781,0.07172995780590717,0.5666666666666667
Left,random,RTT,WRM,4,0.2,1,508,30,203,8,Source+Target,arc labels,,0.5609483960948396,0.0859375,0.36666666666666664
Left,random,RTT,WRM,4,0.2,1,508,30,203,8,COT,arc labels,,0.6066248256624825,0.09467455621301775,0.5333333333333333
Left,random,RTT,WRM,4,0.2,1,508,30,203,8,none-HS4,arc labels,,0.6255927475592747,0.11965811965811966,0.4666666666666667
Left,random,RTT,WRM,4,0.2,1,508,30,203,8,none-HSsrc,nothing,,0.6381450488145048,0.13333333333333333,0.4666666666666667
Left,random,RTT,WRM,4,0.2,1,508,30,203,8,none-PCA,arc segments,16.0,0.5674337517433752,0.11267605633802817,0.26666666666666666
Left,random,RTT,WRM,4,0.2,1,508,30,203,8,QOTu-HS4,arc labels,,0.6276847977684799,0.12173913043478261,0.4666666666666667
Left,random,RTT,WRM,4,0.2,1,508,30,203,8,QOTu-HSsrc,arc segments,,0.6381450488145048,0.13333333333333333,0.4666666666666667
Left,random,RTT,WRM,4,0.2,1,508,30,203,8,QOTu-PCA,arc segments,8.0,0.5766387726638773,0.09734513274336283,0.36666666666666664
Left,random,RTT,WRM,4,0.2,1,508,30,203,8,QOTc-HS4,arc labels,,0.5896094839609484,0.07905138339920949,0.6666666666666666
Left,random,RTT,WRM,4,0.2,1,508,30,203,8,QOTc-HSsrc,arc labels,,0.5979776847977685,0.08163265306122448,0.6666666666666666
Left,random,RTT,WRM,4,0.2,1,508,30,203,8,QOTc-PCA,arc labels,64.0,0.4870990237099024,0.05154639175257732,0.16666666666666666
Left,random,RTT,WRM,4,0.2,1,508,30,203,8,SDM-HS4,arc labels,,0.549860529986053,0.06872852233676977,0.6666666666666666
Left,random,RTT,WRM,4,0.2,1,508,30,203,8,SDM-HSsrc,arc labels,,0.5039748953974895,0.059800664451827246,0.6
Left,random,RTT,WRM,4,0.2,1,508,30,203,8,SDM-PCA,arc labels,32.0,0.4640167364016736,0.04411764705882353,0.2
Left,random,RTT,WRM,4,0.3,1,508,30,305,12,NoAdapt,nothing,,0.5724546722454672,0.09401709401709402,0.36666666666666664
Left,random,RTT,WRM,4,0.3,1,508,30,305,12,TargetOnly,arc labels,,0.554323570432357,0.0730593607305936,0.5333333333333333
Left,random,RTT,WRM,4,0.3,1,508,30,305,12,Source+Target,arc labels,,0.5661087866108787,0.08571428571428572,0.4
Left,random,RTT,WRM,4,0.3,1,508,30,305,12,COT,arc labels,,0.5292887029288703,0.06637168141592921,0.5
Left,random,RTT,WRM,4,0.3,1,508,30,305,12,none-HS4,arc labels,,0.6318688981868898,0.12612612612612611,0.4666666666666667
Left,random,RTT,WRM,4,0.3,1,508,30,305,12,none-HSsrc,nothing,,0.6381450488145048,0.13333333333333333,0.4666666666666667
Left,random,RTT,WRM,4,0.3,1,508,30,305,12,none-PCA,arc segments,16.0,0.5841004184100418,0.125,0.3
Left,random,RTT,WRM,4,0.3,1,508,30,305,12,QOTu-HS4,arc labels,,0.6318688981868898,0.12612612612612611,0.4666666666666667
Left,random,RTT,WRM,4,0.3,1,508,30,305,12,QOTu-HSsrc,arc segments,,0.6381450488145048,0.13333333333333333,0.4666666666666667
Left,random,RTT,WRM,4,0.3,1,508,30,305,12,QOTu-PCA,arc segments,8.0,0.5724546722454672,0.09401709401709402,0.36666666666666664
Left,random,RTT,WRM,4,0.3,1,508,30,305,12,QOTc-HS4,arc labels,,0.548047419804742,0.07111111111111111,0.5333333333333333
Left,random,RTT,WRM,4,0.3,1,508,30,305,12,QOTc-HSsrc,arc labels,,0.5782426778242677,0.0782608695652174,0.6
Left,random,RTT,WRM,4,0.3,1,508,30,305,12,QOTc-PCA,arc labels,64.0,0.5006276150627615,0.0594059405940594,0.2
Left,random,RTT,WRM,4,0.3,1,508,30,305,12,SDM-HS4,arc labels,,0.5478382147838214,0.06884057971014493,0.6333333333333333
Left,random,RTT,WRM,4,0.3,1,508,30,305,12,SDM-HSsrc,arc labels,,0.502928870292887,0.059602649006622516,0.6
Left,random,RTT,WRM,4,0.3,1,508,30,305,12,SDM-PCA,arc labels,32.0,0.49407252440725247,0.05714285714285714,0.3333333333333333
Left,random,RTT,WRM,4,0.5,1,508,30,487,24,NoAdapt,nothing,,0.5724546722454672,0.09401709401709402,0.36666666666666664
Left,random,RTT,WRM,4,0.5,1,508,30,487,24,TargetOnly,arc labels,,0.599163179916318,0.08571428571428572,0.6
Left,random,RTT,WRM,4,0.5,1,508,30,487,24,Source+Target,arc labels,,0.594002789400279,0.08585858585858586,0.5666666666666667
Left,random,RTT,WRM,4,0.5,1,508,30,487,24,COT,arc labels,,0.6377963737796374,0.1,0.6333333333333333
Left,random,RTT,WRM,4,0.5,1,508,30,487,24,none-HS4,arc labels,,0.6016039051603905,0.10569105691056911,0.43333333333333335
Left,random,RTT,WRM,4,0.5,1,508,30,487,24,none-HSsrc,nothing,,0.6381450488145048,0.13333333333333333,0.4666666666666667
Left,random,RTT,WRM,4,0.5,1,508,30,487,24,none-PCA,arc segments,16.0,0.5674337517433752,0.11267605633802817,0.26666666666666666
Left,random,RTT,WRM,4,0.5,1,508,30,487,24,QOTu-HS4,arc labels,,0.6276847977684799,0.12173913043478261,0.4666666666666667
Left,random,RTT,WRM,4,0.5,1,508,30,487,24,QOTu-HSsrc,arc segments,,0.6381450488145048,0.13333333333333333,0.4666666666666667
Left,random,RTT,WRM,4,0.5,1,508,30,487,24,QOTu-PCA,arc segments,8.0,0.5880753138075314,0.10084033613445378,0.4
Left,random,RTT,WRM,4,0.5,1,508,30,487,24,QOTc-HS4,arc labels,,0.6073221757322176,0.08300395256916997,0.7
Left,random,RTT,WRM,4,0.5,1,508,30,487,24,QOTc-HSsrc,arc labels,,0.594839609483961,0.08064516129032258,0.6666666666666666
Left,random,RTT,WRM,4,0.5,1,508,30,487,24,QOTc-PCA,arc labels,64.0,0.606555090655509,0.0913978494623656,0.5666666666666667
Left,random,RTT,WRM,4,0.5,1,508,30,487,24,SDM-HS4,arc labels,,0.5122733612273361,0.06129032258064516,0.6333333333333333
Left,random,RTT,WRM,4,0.5,1,508,30,487,24,SDM-HSsrc,arc labels,,0.505997210599721,0.060126582278481014,0.6333333333333333
Left,random,RTT,WRM,4,0.5,1,508,30,487,24,SDM-PCA,arc labels,32.0,0.5658995815899581,0.07853403141361257,0.5
Left,random,RTT,WRM,5,0.05,1,508,28,51,4,NoAdapt,nothing,,0.5526785714285715,0.0738255033557047,0.39285714285714285
Left,random,RTT,WRM,5,0.05,1,508,28,51,4,TargetOnly,arc labels,,0.5910714285714286,0.10638297872340426,0.35714285714285715
Left,random,RTT,WRM,5,0.05,1,508,28,51,4,Source+Target,arc labels,,0.5516369047619047,0.07333333333333333,0.39285714285714285
Left,random,RTT,WRM,5,0.05,1,508,28,51,4,COT,arc labels,,0.5995535714285715,0.10576923076923077,0.39285714285714285
Left,random,RTT,WRM,5,0.05,1,508,28,51,4,none-HS4,arc labels,,0.5714285714285714,0.08396946564885496,0.39285714285714285
Left,random,RTT,WRM,5,0.05,1,508,28,51,4,none-HSsrc,nothing,,0.6239583333333334,0.1037037037037037,0.5
Left,random,RTT,WRM,5,0.05,1,508,28,51,4,none-PCA,arc segments,8.0,0.5745535714285714,0.0859375,0.39285714285714285
Left,random,RTT,WRM,5,0.05,1,508,28,51,4,QOTu-HS4,arc labels,,0.6020833333333333,0.08974358974358974,0.5
Left,random,RTT,WRM,5,0.05,1,508,28,51,4,QOTu-HSsrc,arc segments,,0.6178571428571429,0.09433962264150944,0.5357142857142857
Left,random,RTT,WRM,5,0.05,1,508,28,51,4,QOTu-PCA,arc segments,4.0,0.6345238095238095,0.1048951048951049,0.5357142857142857
Left,random,RTT,WRM,5,0.05,1,508,28,51,4,QOTc-HS4,arc labels,,0.6366071428571429,0.10638297872340426,0.5357142857142857
Left,random,RTT,WRM,5,0.05,1,508,28,51,4,QOTc-HSsrc,arc labels,,0.5793154761904762,0.07653061224489796,0.5357142857142857
Left,random,RTT,WRM,5,0.05,1,508,28,51,4,QOTc-PCA,arc labels,64.0,0.5001488095238096,0.05555555555555555,0.03571428571428571
Left,random,RTT,WRM,5,0.05,1,508,28,51,4,SDM-HS4,arc labels,,0.534375,0.06334841628959276,0.5
Left,random,RTT,WRM,5,0.05,1,508,28,51,4,SDM-HSsrc,arc labels,,0.5145833333333334,0.058333333333333334,0.5
Left,random,RTT,WRM,5,0.05,1,508,28,51,4,SDM-PCA,arc labels,8.0,0.4976190476190476,0.05454545454545454,0.42857142857142855
Left,random,RTT,WRM,5,0.1,1,508,28,102,6,NoAdapt,nothing,,0.5526785714285715,0.0738255033557047,0.39285714285714285
Left,random,RTT,WRM,5,0.1,1,508,28,102,6,TargetOnly,arc labels,,0.634077380952381,0.1348314606741573,0.42857142857142855
Left,random,RTT,WRM,5,0.1,1,508,28,102,6,Source+Target,arc labels,,0.5632440476190476,0.07643312101910828,0.42857142857142855
Left,random,RTT,WRM,5,0.1,1,508,28,102,6,COT,arc labels,,0.6178571428571429,0.09433962264150944,0.5357142857142857
Left,random,RTT,WRM,5,0.1,1,508,28,102,6,none-HS4,arc labels,,0.5831845238095238,0.08333333333333333,0.4642857142857143
Left,random,RTT,WRM,5,0.1,1,508,28,102,6,none-HSsrc,nothing,,0.6239583333333334,0.1037037037037037,0.5
Left,random,RTT,WRM,5,0.1,1,508,28,102,6,none-PCA,arc segments,8.0,0.5745535714285714,0.0859375,0.39285714285714285
Left,random,RTT,WRM,5,0.1,1,508,28,102,6,QOTu-HS4,arc labels,,0.5833333333333333,0.08045977011494253,0.5
Left,random,RTT,WRM,5,0.1,1,508,28,102,6,QOTu-HSsrc,arc segments,,0.5886904761904762,0.08021390374331551,0.5357142857142857
Left,random,RTT,WRM,5,0.1,1,508,28,102,6,QOTu-PCA,arc segments,8.0,0.5729166666666667,0.07608695652173914,0.5
Left,random,RTT,WRM,5,0.1,1,508,28,102,6,QOTc-HS4,arc labels,,0.675297619047619,0.13114754098360656,0.5714285714285714
Left,random,RTT,WRM,5,0.1,1,508,28,102,6,QOTc-HSsrc,arc labels,,0.5857142857142856,0.07692307692307693,0.5714285714285714
Left,random,RTT,WRM,5,0.1,1,508,28,102,6,QOTc-PCA,arc labels,64.0,0.5486607142857143,0.11363636363636363,0.17857142857142858
Left,random,RTT,WRM,5,0.1,1,508,28,102,6,SDM-HS4,arc labels,,0.5446428571428572,0.06735751295336788,0.4642857142857143
Left,random,RTT,WRM,5,0.1,1,508,28,102,6,SDM-HSsrc,arc labels,,0.4438988095238095,0.04020100502512563,0.2857142857142857
Left,random,RTT,WRM,5,0.1,1,508,28,102,6,SDM-PCA,arc labels,8.0,0.5747023809523809,0.0821917808219178,0.42857142857142855
Left,random,RTT,WRM,5,0.2,1,508,28,203,13,NoAdapt,nothing,,0.5526785714285715,0.0738255033557047,0.39285714285714285
Left,random,RTT,WRM,5,0.2,1,508,28,203,13,TargetOnly,arc labels,,0.6017857142857144,0.07692307692307693,0.6785714285714286
Left,random,RTT,WRM,5,0.2,1,508,28,203,13,Source+Target,arc labels,,0.5186011904761905,0.05963302752293578,0.4642857142857143
Left,random,RTT,WRM,5,0.2,1,508,28,203,13,COT,arc labels,,0.5677083333333334,0.06645569620253164,0.75
Left,random,RTT,WRM,5,0.2,1,508,28,203,13,none-HS4,arc labels,,0.5880952380952381,0.09565217391304348,0.39285714285714285
Left,random,RTT,WRM,5,0.2,1,508,28,203,13,none-HSsrc,nothing,,0.6239583333333334,0.1037037037037037,0.5
Left,random,RTT,WRM,5,0.2,1,508,28,203,13,none-PCA,arc segments,8.0,0.5745535714285714,0.0859375,0.39285714285714285
Left,random,RTT,WRM,5,0.2,1,508,28,203,13,QOTu-HS4,arc labels,,0.571875,0.07567567567567568,0.5
Left,random,RTT,WRM,5,0.2,1,508,28,203,13,QOTu-HSsrc,arc segments,,0.5803571428571428,0.07692307692307693,0.5357142857142857
Left,random,RTT,WRM,5,0.2,1,508,28,203,13,QOTu-PCA,arc segments,4.0,0.609672619047619,0.08648648648648649,0.5714285714285714
Left,random,RTT,WRM,5,0.2,1,508,28,203,13,QOTc-HS4,arc labels,,0.48303571428571423,0.05128205128205128,0.42857142857142855
Left,random,RTT,WRM,5,0.2,1,508,28,203,13,QOTc-HSsrc,arc labels,,0.5409226190476191,0.06374501992031872,0.5714285714285714
Left,random,RTT,WRM,5,0.2,1,508,28,203,13,QOTc-PCA,arc labels,64.0,0.6394345238095238,0.12745098039215685,0.4642857142857143
Left,random,RTT,WRM,5,0.2,1,508,28,203,13,SDM-HS4,arc labels,,0.5311011904761904,0.06310679611650485,0.4642857142857143
Left,random,RTT,WRM,5,0.2,1,508,28,203,13,SDM-HSsrc,arc labels,,0.49181547619047616,0.05357142857142857,0.5357142857142857
Left,random,RTT,WRM,5,0.2,1,508,28,203,13,SDM-PCA,arc labels,16.0,0.5943452380952381,0.07627118644067797,0.6428571428571429
Left,random,RTT,WRM,5,0.3,1,508,28,305,17,NoAdapt,nothing,,0.5526785714285715,0.0738255033557047,0.39285714285714285
Left,random,RTT,WRM,5,0.3,1,508,28,305,17,TargetOnly,arc labels,,0.6007440476190476,0.07661290322580645,0.6785714285714286
Left,random,RTT,WRM,5,0.3,1,508,28,305,17,Source+Target,arc labels,,0.5900297619047619,0.07657657657657657,0.6071428571428571
Left,random,RTT,WRM,5,0.3,1,508,28,305,17,COT,arc labels,,0.5739583333333333,0.06774193548387097,0.75
Left,random,RTT,WRM,5,0.3,1,508,28,305,17,none-HS4,arc labels,,0.5953869047619048,0.10185185185185185,0.39285714285714285
Left,random,RTT,WRM,5,0.3,1,508,28,305,17,none-HSsrc,nothing,,0.6239583333333334,0.1037037037037037,0.5
Left,random,RTT,WRM,5,0.3,1,508,28,305,17,none-PCA,arc segments,8.0,0.5745535714285714,0.0859375,0.39285714285714285
Left,random,RTT,WRM,5,0.3,1,508,28,305,17,QOTu-HS4,arc labels,,0.5876488095238095,0.0797872340425532,0.5357142857142857
Left,random,RTT,WRM,5,0.3,1,508,28,305,17,QOTu-HSsrc,arc segments,,0.5793154761904762,0.07653061224489796,0.5357142857142857
Left,random,RTT,WRM,5,0.3,1,508,28,305,17,QOTu-PCA,arc segments,8.0,0.5730654761904762,0.07425742574257425,0.5357142857142857
Left,random,RTT,WRM,5,0.3,1,508,28,305,17,QOTc-HS4,arc labels,,0.5270833333333333,0.06140350877192982,0.5
Left,random,RTT,WRM,5,0.3,1,508,28,305,17,QOTc-HSsrc,arc labels,,0.5440476190476191,0.06451612903225806,0.5714285714285714
Left,random,RTT,WRM,5,0.3,1,508,28,305,17,QOTc-PCA,arc labels,32.0,0.6998511904761905,0.11695906432748537,0.7142857142857143
Left,random,RTT,WRM,5,0.3,1,508,28,305,17,SDM-HS4,arc labels,,0.5290178571428572,0.0625,0.4642857142857143
Left,random,RTT,WRM,5,0.3,1,508,28,305,17,SDM-HSsrc,arc labels,,0.4949404761904762,0.05415162454873646,0.5357142857142857
Left,random,RTT,WRM,5,0.3,1,508,28,305,17,SDM-PCA,arc labels,16.0,0.5974702380952381,0.07725321888412018,0.6428571428571429
Left,random,RTT,WRM,5,0.5,1,508,28,487,26,NoAdapt,nothing,,0.5526785714285715,0.0738255033557047,0.39285714285714285
Left,random,RTT,WRM,5,0.5,1,508,28,487,26,TargetOnly,arc labels,,0.637202380952381,0.0892018779342723,0.6785714285714286
Left,random,RTT,WRM,5,0.5,1,508,28,487,26,Source+Target,arc labels,,0.5638392857142858,0.06986899563318777,0.5714285714285714
Left,random,RTT,WRM,5,0.5,1,508,28,487,26,COT,arc labels,,0.6391369047619048,0.09326424870466321,0.6428571428571429
Left,random,RTT,WRM,5,0.5,1,508,28,487,26,none-HS4,arc labels,,0.5504464285714286,0.07518796992481203,0.35714285714285715
Left,random,RTT,WRM,5,0.5,1,508,28,487,26,none-HSsrc,nothing,,0.6239583333333334,0.1037037037037037,0.5
Left,random,RTT,WRM,5,0.5,1,508,28,487,26,none-PCA,arc segments,8.0,0.5745535714285714,0.0859375,0.39285714285714285
Left,random,RTT,WRM,5,0.5,1,508,28,487,26,QOTu-HS4,arc labels,,0.5813988095238095,0.07731958762886598,0.5357142857142857
Left,random,RTT,WRM,5,0.5,1,508,28,487,26,QOTu-HSsrc,arc segments,,0.5793154761904762,0.07653061224489796,0.5357142857142857
Left,random,RTT,WRM,5,0.5,1,508,28,487,26,QOTu-PCA,arc segments,8.0,0.5793154761904762,0.07653061224489796,0.5357142857142857
Left,random,RTT,WRM,5,0.5,1,508,28,487,26,QOTc-HS4,arc labels,,0.5921130952380952,0.07727272727272727,0.6071428571428571
Left,random,RTT,WRM,5,0.5,1,508,28,487,26,QOTc-HSsrc,arc labels,,0.534672619047619,0.0622568093385214,0.5714285714285714
Left,random,RTT,WRM,5,0.5,1,508,28,487,26,QOTc-PCA,arc labels,64.0,0.7099702380952382,0.144,0.6428571428571429
Left,random,RTT,WRM,5,0.5,1,508,28,487,26,SDM-HS4,arc labels,,0.5441964285714286,0.06390977443609022,0.6071428571428571
Left,random,RTT,WRM,5,0.5,1,508,28,487,26,SDM-HSsrc,arc labels,,0.4982142857142857,0.0547945205479452,0.5714285714285714
Left,random,RTT,WRM,5,0.5,1,508,28,487,26,SDM-PCA,arc labels,32.0,0.6114583333333333,0.09523809523809523,0.5
Left,random,RTT,WRM,6,0.05,1,508,18,51,4,NoAdapt,nothing,,0.6081632653061224,0.060810810810810814,0.5
Left,random,RTT,WRM,6,0.05,1,508,18,51,4,TargetOnly,arc labels,,0.5484126984126985,0.04182509505703422,0.6111111111111112
Left,random,RTT,WRM,6,0.05,1,508,18,51,4,Source+Target,arc labels,,0.5979591836734695,0.056962025316455694,0.5
Left,random,RTT,WRM,6,0.05,1,508,18,51,4,COT,arc labels,,0.45510204081632655,0.030201342281879196,0.5
Left,random,RTT,WRM,6,0.05,1,508,18,51,4,none-HS4,arc labels,,0.6649659863945578,0.06779661016949153,0.6666666666666666
Left,random,RTT,WRM,6,0.05,1,508,18,51,4,none-HSsrc,nothing,,0.7006802721088435,0.08450704225352113,0.6666666666666666
Left,random,RTT,WRM,6,0.05,1,508,18,51,4,none-PCA,arc segments,8.0,0.6739229024943311,0.07857142857142857,0.6111111111111112
Left,random,RTT,WRM,6,0.05,1,508,18,51,4,QOTu-HS4,arc labels,,0.6929705215419502,0.06796116504854369,0.7777777777777778
Left,random,RTT,WRM,6,0.05,1,508,18,51,4,QOTu-HSsrc,arc segments,,0.6692743764172335,0.06467661691542288,0.7222222222222222
Left,random,RTT,WRM,6,0.05,1,508,18,51,4,QOTu-PCA,arc segments,4.0,0.7062358276643991,0.07253886010362694,0.7777777777777778
Left,random,RTT,WRM,6,0.05,1,508,18,51,4,QOTc-HS4,arc labels,,0.5616780045351475,0.044,0.6111111111111112
Left,random,RTT,WRM,6,0.05,1,508,18,51,4,QOTc-HSsrc,arc labels,,0.6472789115646258,0.053763440860215055,0.8333333333333334
Left,random,RTT,WRM,6,0.05,1,508,18,51,4,QOTc-PCA,arc labels,32.0,0.47346938775510206,0.0,0.0
Left,random,RTT,WRM,6,0.05,1,508,18,51,4,SDM-HS4,arc labels,,0.42970521541950113,0.023809523809523808,0.2777777777777778
Left,random,RTT,WRM,6,0.05,1,508,18,51,4,SDM-HSsrc,arc labels,,0.36621315192743764,0.01639344262295082,0.2222222222222222
Left,random,RTT,WRM,6,0.05,1,508,18,51,4,SDM-PCA,arc labels,32.0,0.45680272108843534,0.023622047244094488,0.16666666666666666
Left,random,RTT,WRM,6,0.1,1,508,18,102,7,NoAdapt,nothing,,0.6081632653061224,0.060810810810810814,0.5
Left,random,RTT,WRM,6,0.1,1,508,18,102,7,TargetOnly,arc labels,,0.7117913832199546,0.06557377049180328,0.8888888888888888
Left,random,RTT,WRM,6,0.1,1,508,18,102,7,Source+Target,arc labels,,0.6196145124716553,0.06060606060606061,0.5555555555555556
Left,random,RTT,WRM,6,0.1,1,508,18,102,7,COT,arc labels,,0.7085034013605442,0.0684931506849315,0.8333333333333334
Left,random,RTT,WRM,6,0.1,1,508,18,102,7,none-HS4,arc labels,,0.6772108843537414,0.07272727272727272,0.6666666666666666
Left,random,RTT,WRM,6,0.1,1,508,18,102,7,none-HSsrc,nothing,,0.7006802721088435,0.08450704225352113,0.6666666666666666
Left,random,RTT,WRM,6,0.1,1,508,18,102,7,none-PCA,arc segments,4.0,0.7162131519274376,0.08387096774193549,0.7222222222222222
Left,random,RTT,WRM,6,0.1,1,508,18,102,7,QOTu-HS4,arc labels,,0.6794784580498866,0.06806282722513089,0.7222222222222222
Left,random,RTT,WRM,6,0.1,1,508,18,102,7,QOTu-HSsrc,arc segments,,0.6845804988662132,0.06989247311827956,0.7222222222222222
Left,random,RTT,WRM,6,0.1,1,508,18,102,7,QOTu-PCA,arc segments,4.0,0.7113378684807257,0.07446808510638298,0.7777777777777778
Left,random,RTT,WRM,6,0.1,1,508,18,102,7,QOTc-HS4,arc labels,,0.7383219954648526,0.07339449541284404,0.8888888888888888
Left,random,RTT,WRM,6,0.1,1,508,18,102,7,QOTc-HSsrc,arc labels,,0.6801587301587302,0.05818181818181818,0.8888888888888888
Left,random,RTT,WRM,6,0.1,1,508,18,102,7,QOTc-PCA,arc labels,32.0,0.6003401360544217,0.08450704225352113,0.3333333333333333
Left,random,RTT,WRM,6,0.1,1,508,18,102,7,SDM-HS4,arc labels,,0.5295918367346939,0.04,0.5
Left,random,RTT,WRM,6,0.1,1,508,18,102,7,SDM-HSsrc,arc labels,,0.48469387755102045,0.03345724907063197,0.5
Left,random,RTT,WRM,6,0.1,1,508,18,102,7,SDM-PCA,arc labels,32.0,0.663718820861678,0.07333333333333333,0.6111111111111112
Left,random,RTT,WRM,6,0.2,1,508,18,203,16,NoAdapt,nothing,,0.6081632653061224,0.060810810810810814,0.5
Left,random,RTT,WRM,6,0.2,1,508,18,203,16,TargetOnly,arc labels,,0.6674603174603175,0.06060606060606061,0.7777777777777778
Left,random,RTT,WRM,6,0.2,1,508,18,203,16,Source+Target,arc labels,,0.6422902494331066,0.06432748538011696,0.6111111111111112
Left,random,RTT,WRM,6,0.2,1,508,18,203,16,COT,arc labels,,0.629251700680272,0.05660377358490566,0.6666666666666666
Left,random,RTT,WRM,6,0.2,1,508,18,203,16,none-HS4,arc labels,,0.6670068027210885,0.06857142857142857,0.6666666666666666
Left,random,RTT,WRM,6,0.2,1,508,18,203,16,none-HSsrc,nothing,,0.7006802721088435,0.08450704225352113,0.6666666666666666
Left,random,RTT,WRM,6,0.2,1,508,18,203,16,none-PCA,arc segments,4.0,0.7162131519274376,0.08387096774193549,0.7222222222222222
Left,random,RTT,WRM,6,0.2,1,508,18,203,16,QOTu-HS4,arc labels,,0.6692743764172335,0.06467661691542288,0.7222222222222222
Left,random,RTT,WRM,6,0.2,1,508,18,203,16,QOTu-HSsrc,arc segments,,0.6815192743764172,0.06878306878306878,0.7222222222222222
Left,random,RTT,WRM,6,0.2,1,508,18,203,16,QOTu-PCA,arc segments,4.0,0.7123582766439909,0.0748663101604278,0.7777777777777778
Left,random,RTT,WRM,6,0.2,1,508,18,203,16,QOTc-HS4,arc labels,,0.669047619047619,0.06936416184971098,0.6666666666666666
Left,random,RTT,WRM,6,0.2,1,508,18,203,16,QOTc-HSsrc,arc labels,,0.6903628117913831,0.06037735849056604,0.8888888888888888
Left,random,RTT,WRM,6,0.2,1,508,18,203,16,QOTc-PCA,arc labels,64.0,0.49308390022675735,0.02857142857142857,0.05555555555555555
Left,random,RTT,WRM,6,0.2,1,508,18,203,16,SDM-HS4,arc labels,,0.4719954648526077,0.03111111111111111,0.3888888888888889
Left,random,RTT,WRM,6,0.2,1,508,18,203,16,SDM-HSsrc,arc labels,,0.5486394557823129,0.041237113402061855,0.6666666666666666
Left,random,RTT,WRM,6,0.2,1,508,18,203,16,SDM-PCA,arc labels,64.0,0.5122448979591837,0.036290322580645164,1.0
Left,random,RTT,WRM,6,0.3,1,508,18,305,22,NoAdapt,nothing,,0.6081632653061224,0.060810810810810814,0.5
Left,random,RTT,WRM,6,0.3,1,508,18,305,22,TargetOnly,arc labels,,0.685827664399093,0.06572769953051644,0.7777777777777778
Left,random,RTT,WRM,6,0.3,1,508,18,305,22,Source+Target,arc labels,,0.6361678004535147,0.062146892655367235,0.6111111111111112
Left,random,RTT,WRM,6,0.3,1,508,18,305,22,COT,arc labels,,0.6611111111111111,0.06220095693779904,0.7222222222222222
Left,random,RTT,WRM,6,0.3,1,508,18,305,22,none-HS4,arc labels,,0.6670068027210885,0.06857142857142857,0.6666666666666666
Left,random,RTT,WRM,6,0.3,1,508,18,305,22,none-HSsrc,nothing,,0.7006802721088435,0.08450704225352113,0.6666666666666666
Left,random,RTT,WRM,6,0.3,1,508,18,305,22,none-PCA,arc segments,4.0,0.7121315192743765,0.08176100628930817,0.7222222222222222
Left,random,RTT,WRM,6,0.3,1,508,18,305,22,QOTu-HS4,arc labels,,0.6784580498866213,0.06770833333333333,0.7222222222222222
Left,random,RTT,WRM,6,0.3,1,508,18,305,22,QOTu-HSsrc,arc segments,,0.690702947845805,0.07222222222222222,0.7222222222222222
Left,random,RTT,WRM,6,0.3,1,508,18,305,22,QOTu-PCA,arc segments,4.0,0.7205215419501134,0.0782122905027933,0.7777777777777778
Left,random,RTT,WRM,6,0.3,1,508,18,305,22,QOTc-HS4,arc labels,,0.6573696145124717,0.078125,0.5555555555555556
Left,random,RTT,WRM,6,0.3,1,508,18,305,22,QOTc-HSsrc,arc labels,,0.6903628117913831,0.06037735849056604,0.8888888888888888
Left,random,RTT,WRM,6,0.3,1,508,18,305,22,QOTc-PCA,arc labels,64.0,0.5231292517006803,0.04838709677419355,0.16666666666666666
Left,random,RTT,WRM,6,0.3,1,508,18,305,22,SDM-HS4,arc labels,,0.4233560090702948,0.02127659574468085,0.2222222222222222
Left,random,RTT,WRM,6,0.3,1,508,18,305,22,SDM-HSsrc,arc labels,,0.5259637188208617,0.03859649122807018,0.6111111111111112
Left,random,RTT,WRM,6,0.3,1,508,18,305,22,SDM-PCA,arc labels,64.0,0.5204081632653061,0.036885245901639344,1.0
Left,random,RTT,WRM,6,0.5,1,508,18,487,32,NoAdapt,nothing,,0.6081632653061224,0.060810810810810814,0.5
Left,random,RTT,WRM,6,0.5,1,508,18,487,32,TargetOnly,arc labels,,0.6837868480725624,0.06511627906976744,0.7777777777777778
Left,random,RTT,WRM,6,0.5,1,508,18,487,32,Source+Target,arc labels,,0.5798185941043084,0.049019607843137254,0.5555555555555556
Left,random,RTT,WRM,6,0.5,1,508,18,487,32,COT,arc labels,,0.6404761904761904,0.05970149253731343,0.6666666666666666
Left,random,RTT,WRM,6,0.5,1,508,18,487,32,none-HS4,arc labels,,0.6710884353741496,0.07017543859649122,0.6666666666666666
Left,random,RTT,WRM,6,0.5,1,508,18,487,32,none-HSsrc,nothing,,0.7006802721088435,0.08450704225352113,0.6666666666666666
Left,random,RTT,WRM,6,0.5,1,508,18,487,32,none-PCA,arc segments,4.0,0.7121315192743765,0.08176100628930817,0.7222222222222222
Left,random,RTT,WRM,6,0.5,1,508,18,487,32,QOTu-HS4,arc labels,,0.6804988662131519,0.06842105263157895,0.7222222222222222
Left,random,RTT,WRM,6,0.5,1,508,18,487,32,QOTu-HSsrc,arc segments,,0.690702947845805,0.07222222222222222,0.7222222222222222
Left,random,RTT,WRM,6,0.5,1,508,18,487,32,QOTu-PCA,arc segments,4.0,0.7225623582766441,0.07909604519774012,0.7777777777777778
Left,random,RTT,WRM,6,0.5,1,508,18,487,32,QOTc-HS4,arc labels,,0.6573696145124717,0.078125,0.5555555555555556
Left,random,RTT,WRM,6,0.5,1,508,18,487,32,QOTc-HSsrc,arc labels,,0.6633786848072563,0.059574468085106386,0.7777777777777778
Left,random,RTT,WRM,6,0.5,1,508,18,487,32,QOTc-PCA,arc labels,64.0,0.6558956916099773,0.1095890410958904,0.4444444444444444
Left,random,RTT,WRM,6,0.5,1,508,18,487,32,SDM-HS4,arc labels,,0.4975056689342404,0.035,0.3888888888888889
Left,random,RTT,WRM,6,0.5,1,508,18,487,32,SDM-HSsrc,arc labels,,0.5310657596371883,0.039285714285714285,0.6111111111111112
Left,random,RTT,WRM,6,0.5,1,508,18,487,32,SDM-PCA,arc labels,64.0,0.5387755102040817,0.03829787234042553,1.0
Left,random,RTT,WRM,7,0.05,1,508,19,51,5,NoAdapt,nothing,,0.6141427187600904,0.06976744186046512,0.47368421052631576
Left,random,RTT,WRM,7,0.05,1,508,19,51,5,TargetOnly,arc labels,,0.6115595737810784,0.05945945945945946,0.5789473684210527
Left,random,RTT,WRM,7,0.05,1,508,19,51,5,Source+Target,arc labels,,0.615165213647616,0.0703125,0.47368421052631576
Left,random,RTT,WRM,7,0.05,1,508,19,51,5,COT,arc labels,,0.5898181035410612,0.05150214592274678,0.631578947368421
Left,random,RTT,WRM,7,0.05,1,508,19,51,5,none-HS4,arc labels,,0.589602841459477,0.058823529411764705,0.47368421052631576
Left,random,RTT,WRM,7,0.05,1,508,19,51,5,none-HSsrc,nothing,,0.6716176945431063,0.0784313725490196,0.631578947368421
Left,random,RTT,WRM,7,0.05,1,508,19,51,5,none-PCA,arc segments,64.0,0.7360348724572167,0.13333333333333333,0.631578947368421
Left,random,RTT,WRM,7,0.05,1,508,19,51,5,QOTu-HS4,arc labels,,0.6327628888171348,0.06282722513089005,0.631578947368421
Left,random,RTT,WRM,7,0.05,1,508,19,51,5,QOTu-HSsrc,arc segments,,0.6437412549779357,0.06280193236714976,0.6842105263157895
Left,random,RTT,WRM,7,0.05,1,508,19,51,5,QOTu-PCA,arc segments,8.0,0.6337853837046604,0.06315789473684211,0.631578947368421
Left,random,RTT,WRM,7,0.05,1,508,19,51,5,QOTc-HS4,arc labels,,0.6517059519965558,0.08403361344537816,0.5263157894736842
Left,random,RTT,WRM,7,0.05,1,508,19,51,5,QOTc-HSsrc,arc labels,,0.6575180281993327,0.06072874493927125,0.7894736842105263
Left,random,RTT,WRM,7,0.05,1,508,19,51,5,QOTc-PCA,arc labels,64.0,0.6090840598428586,0.18518518518518517,0.2631578947368421
Left,random,RTT,WRM,7,0.05,1,508,19,51,5,SDM-HS4,arc labels,,0.6841567107953934,0.09649122807017543,0.5789473684210527
Left,random,RTT,WRM,7,0.05,1,508,19,51,5,SDM-HSsrc,arc labels,,0.5920783553976967,0.04823151125401929,0.7894736842105263
Left,random,RTT,WRM,7,0.05,1,508,19,51,5,SDM-PCA,arc labels,16.0,0.5303519535033904,0.04807692307692308,0.2631578947368421
Left,random,RTT,WRM,7,0.1,1,508,19,102,13,NoAdapt,nothing,,0.6141427187600904,0.06976744186046512,0.47368421052631576
Left,random,RTT,WRM,7,0.1,1,508,19,102,13,TargetOnly,arc labels,,0.6084382735981058,0.05084745762711865,0.7894736842105263
Left,random,RTT,WRM,7,0.1,1,508,19,102,13,Source+Target,arc labels,,0.5998277903347325,0.06293706293706294,0.47368421052631576
Left,random,RTT,WRM,7,0.1,1,508,19,102,13,COT,arc labels,,0.5471423958669681,0.04435483870967742,0.5789473684210527
Left,random,RTT,WRM,7,0.1,1,508,19,102,13,none-HS4,arc labels,,0.6450328274674416,0.0670391061452514,0.631578947368421
Left,random,RTT,WRM,7,0.1,1,508,19,102,13,none-HSsrc,nothing,,0.6716176945431063,0.0784313725490196,0.631578947368421
Left,random,RTT,WRM,7,0.1,1,508,19,102,13,none-PCA,arc segments,8.0,0.6606393283823055,0.08029197080291971,0.5789473684210527
Left,random,RTT,WRM,7,0.1,1,508,19,102,13,QOTu-HS4,arc labels,,0.627650414379507,0.061224489795918366,0.631578947368421
Left,random,RTT,WRM,7,0.1,1,508,19,102,13,QOTu-HSsrc,arc segments,,0.6457862447529867,0.06341463414634146,0.6842105263157895
Left,random,RTT,WRM,7,0.1,1,508,19,102,13,QOTu-PCA,arc segments,8.0,0.6491228070175439,0.06857142857142857,0.631578947368421
Left,random,RTT,WRM,7,0.1,1,508,19,102,13,QOTc-HS4,arc labels,,0.5004305241631686,0.0375,0.3157894736842105
Left,random,RTT,WRM,7,0.1,1,508,19,102,13,QOTc-HSsrc,arc labels,,0.5913249381121515,0.04912280701754386,0.7368421052631579
Left,random,RTT,WRM,7,0.1,1,508,19,102,13,QOTc-PCA,arc labels,64.0,0.5367560004305242,0.056338028169014086,0.21052631578947367
Left,random,RTT,WRM,7,0.1,1,508,19,102,13,SDM-HS4,arc labels,,0.5384780970831988,0.04433497536945813,0.47368421052631576
Left,random,RTT,WRM,7,0.1,1,508,19,102,13,SDM-HSsrc,arc labels,,0.5923474329996771,0.04929577464788732,0.7368421052631579
Left,random,RTT,WRM,7,0.1,1,508,19,102,13,SDM-PCA,arc labels,32.0,0.5055429986007964,0.03870967741935484,0.3157894736842105
Left,random,RTT,WRM,7,0.2,1,508,19,203,20,NoAdapt,nothing,,0.6141427187600904,0.06976744186046512,0.47368421052631576
Left,random,RTT,WRM,7,0.2,1,508,19,203,20,TargetOnly,arc labels,,0.6764072758583576,0.06028368794326241,0.8947368421052632
Left,random,RTT,WRM,7,0.2,1,508,19,203,20,Source+Target,arc labels,,0.5906253363470024,0.05921052631578947,0.47368421052631576
Left,random,RTT,WRM,7,0.2,1,508,19,203,20,COT,arc labels,,0.5604348294048004,0.04680851063829787,0.5789473684210527
Left,random,RTT,WRM,7,0.2,1,508,19,203,20,none-HS4,arc labels,,0.6593477558927995,0.07272727272727272,0.631578947368421
Left,random,RTT,WRM,7,0.2,1,508,19,203,20,none-HSsrc,nothing,,0.6716176945431063,0.0784313725490196,0.631578947368421
Left,random,RTT,WRM,7,0.2,1,508,19,203,20,none-PCA,arc segments,32.0,0.7288774082445377,0.12371134020618557,0.631578947368421
Left,random,RTT,WRM,7,0.2,1,508,19,203,20,QOTu-HS4,arc labels,,0.6447637498654613,0.06310679611650485,0.6842105263157895
Left,random,RTT,WRM,7,0.2,1,508,19,203,20,QOTu-HSsrc,arc segments,,0.6457862447529867,0.06341463414634146,0.6842105263157895
Left,random,RTT,WRM,7,0.2,1,508,19,203,20,QOTu-PCA,arc segments,8.0,0.634807878592186,0.06349206349206349,0.631578947368421
Left,random,RTT,WRM,7,0.2,1,508,19,203,20,QOTc-HS4,arc labels,,0.606716176945431,0.06134969325153374,0.5263157894736842
Left,random,RTT,WRM,7,0.2,1,508,19,203,20,QOTc-HSsrc,arc labels,,0.5923474329996771,0.04929577464788732,0.7368421052631579
Left,random,RTT,WRM,7,0.2,1,508,19,203,20,QOTc-PCA,arc labels,64.0,0.6172102034226671,0.07142857142857142,0.47368421052631576
Left,random,RTT,WRM,7,0.2,1,508,19,203,20,SDM-HS4,arc labels,,0.4488214401033258,0.025477707006369428,0.21052631578947367
Left,random,RTT,WRM,7,0.2,1,508,19,203,20,SDM-HSsrc,arc labels,,0.5376708642772575,0.04225352112676056,0.631578947368421
Left,random,RTT,WRM,7,0.2,1,508,19,203,20,SDM-PCA,arc labels,64.0,0.516359918200409,0.03861788617886179,1.0
Left,random,RTT,WRM,7,0.3,1,508,19,305,27,NoAdapt,nothing,,0.6141427187600904,0.06976744186046512,0.47368421052631576
Left,random,RTT,WRM,7,0.3,1,508,19,305,27,TargetOnly,arc labels,,0.64395651705952,0.05574912891986063,0.8421052631578947
Left,random,RTT,WRM,7,0.3,1,508,19,305,27,Source+Target,arc labels,,0.5671079539339146,0.05142857142857143,0.47368421052631576
Left,random,RTT,WRM,7,0.3,1,508,19,305,27,COT,arc labels,,0.49321924443009363,0.0364963503649635,0.5263157894736842
Left,random,RTT,WRM,7,0.3,1,508,19,305,27,none-HS4,arc labels,,0.6613927456678506,0.0736196319018405,0.631578947368421
Left,random,RTT,WRM,7,0.3,1,508,19,305,27,none-HSsrc,nothing,,0.6716176945431063,0.0784313725490196,0.631578947368421
Left,random,RTT,WRM,7,0.3,1,508,19,305,27,none-PCA,arc segments,32.0,0.7288774082445377,0.12371134020618557,0.631578947368421
Left,random,RTT,WRM,7,0.3,1,508,19,305,27,QOTu-HS4,arc labels,,0.6324938112151545,0.05963302752293578,0.6842105263157895
Left,random,RTT,WRM,7,0.3,1,508,19,305,27,QOTu-HSsrc,arc segments,,0.6437412549779357,0.06280193236714976,0.6842105263157895
Left,random,RTT,WRM,7,0.3,1,508,19,305,27,QOTu-PCA,arc segments,8.0,0.6317403939296093,0.0625,0.631578947368421
Left,random,RTT,WRM,7,0.3,1,508,19,305,27,QOTc-HS4,arc labels,,0.5776019804111505,0.057971014492753624,0.42105263157894735
Left,random,RTT,WRM,7,0.3,1,508,19,305,27,QOTc-HSsrc,arc labels,,0.5933699278872027,0.04946996466431095,0.7368421052631579
Left,random,RTT,WRM,7,0.3,1,508,19,305,27,QOTc-PCA,arc labels,32.0,0.6026261973953289,0.059880239520958084,0.5263157894736842
Left,random,RTT,WRM,7,0.3,1,508,19,305,27,SDM-HS4,arc labels,,0.5277688085243785,0.04375,0.3684210526315789
Left,random,RTT,WRM,7,0.3,1,508,19,305,27,SDM-HSsrc,arc labels,,0.5718975352491659,0.046052631578947366,0.7368421052631579
Left,random,RTT,WRM,7,0.3,1,508,19,305,27,SDM-PCA,arc labels,32.0,0.5129157248950598,0.039473684210526314,0.47368421052631576
Left,random,RTT,WRM,7,0.5,1,508,19,498,35,NoAdapt,nothing,,0.6141427187600904,0.06976744186046512,0.47368421052631576
Left,random,RTT,WRM,7,0.5,1,508,19,498,35,TargetOnly,arc labels,,0.6549348832203208,0.056105610561056105,0.8947368421052632
Left,random,RTT,WRM,7,0.5,1,508,19,498,35,Source+Target,arc labels,,0.5619954794962867,0.05,0.47368421052631576
Left,random,RTT,WRM,7,0.5,1,508,19,498,35,COT,arc labels,,0.5044666881928748,0.03802281368821293,0.5263157894736842
Left,random,RTT,WRM,7,0.5,1,508,19,498,35,none-HS4,arc labels,,0.6481003121300183,0.06818181818181818,0.631578947368421
Left,random,RTT,WRM,7,0.5,1,508,19,498,35,none-HSsrc,nothing,,0.6716176945431063,0.0784313725490196,0.631578947368421
Left,random,RTT,WRM,7,0.5,1,508,19,498,35,none-PCA,arc segments,32.0,0.7237649338069099,0.11764705882352941,0.631578947368421
Left,random,RTT,WRM,7,0.5,1,508,19,498,35,QOTu-HS4,arc labels,,0.6416962652028846,0.06220095693779904,0.6842105263157895
Left,random,RTT,WRM,7,0.5,1,508,19,498,35,QOTu-HSsrc,arc segments,,0.6437412549779357,0.06280193236714976,0.6842105263157895
Left,random,RTT,WRM,7,0.5,1,508,19,498,35,QOTu-PCA,arc segments,8.0,0.6580561834032935,0.06735751295336788,0.6842105263157895
Left,random,RTT,WRM,7,0.5,1,508,19,498,35,QOTc-HS4,arc labels,,0.5553761704875686,0.05263157894736842,0.3684210526315789
Left,random,RTT,WRM,7,0.5,1,508,19,498,35,QOTc-HSsrc,arc labels,,0.6015498869874072,0.05090909090909091,0.7368421052631579
Left,random,RTT,WRM,7,0.5,1,508,19,498,35,QOTc-PCA,arc labels,64.0,0.6251210849208912,0.06896551724137931,0.5263157894736842
Left,random,RTT,WRM,7,0.5,1,508,19,498,35,SDM-HS4,arc labels,,0.53008287590141,0.04580152671755725,0.3157894736842105
Left,random,RTT,WRM,7,0.5,1,508,19,498,35,SDM-HSsrc,arc labels,,0.5134000645786245,0.03914590747330961,0.5789473684210527
Left,random,RTT,WRM,7,0.5,1,508,19,498,35,SDM-PCA,arc labels,64.0,0.5296523517382413,0.03966597077244259,1.0
Left,random,WRM,HTL,0,0.05,1,401,79,40,9,NoAdapt,nothing,,0.5298962182561522,0.21132075471698114,0.7088607594936709
Left,random,WRM,HTL,0,0.05,1,401,79,40,9,TargetOnly,arc labels,,0.5553699190187907,0.24647887323943662,0.4430379746835443
Left,random,WRM,HTL,0,0.05,1,401,79,40,9,Source+Target,arc labels,,0.5177097256073591,0.2049469964664311,0.7341772151898734
Left,random,WRM,HTL,0,0.05,1,401,79,40,9,COT,arc labels,,0.5372081138454281,0.22413793103448276,0.4936708860759494
Left,random,WRM,HTL,0,0.05,1,401,79,40,9,none-HS4,arc labels,,0.5293262048903216,0.21839080459770116,0.4810126582278481
Left,random,WRM,HTL,0,0.05,1,401,79,40,9,none-HSsrc,nothing,,0.48429514898970044,0.18719211822660098,0.4810126582278481
Left,random,WRM,HTL,0,0.05,1,401,79,40,9,none-PCA,arc segments,32.0,0.43321015803129176,0.11926605504587157,0.16455696202531644
Left,random,WRM,HTL,0,0.05,1,401,79,40,9,QOTu-HS4,arc labels,,0.5363629216133343,0.21951219512195122,0.569620253164557
Left,random,WRM,HTL,0,0.05,1,401,79,40,9,QOTu-HSsrc,arc segments,,0.525375422596116,0.21256038647342995,0.5569620253164557
Left,random,WRM,HTL,0,0.05,1,401,79,40,9,QOTu-PCA,arc segments,32.0,0.4744083654375344,0.1694915254237288,0.25316455696202533
Left,random,WRM,HTL,0,0.05,1,401,79,40,9,QOTc-HS4,arc labels,,0.58141363314726,0.2909090909090909,0.4050632911392405
Left,random,WRM,HTL,0,0.05,1,401,79,40,9,QOTc-HSsrc,arc labels,,0.5091202138532903,0.2015810276679842,0.6455696202531646
Left,random,WRM,HTL,0,0.05,1,401,79,40,9,QOTc-PCA,arc labels,64.0,0.5418861545719003,0.24761904761904763,0.3291139240506329
Left,random,WRM,HTL,0,0.05,1,401,79,40,9,SDM-HS4,arc labels,,0.5984943784888749,0.32323232323232326,0.4050632911392405
Left,random,WRM,HTL,0,0.05,1,401,79,40,9,SDM-HSsrc,arc labels,,0.5397043792751002,0.22065727699530516,0.5949367088607594
Left,random,WRM,HTL,0,0.05,1,401,79,40,9,SDM-PCA,arc labels,32.0,0.5036756034279424,0.20224719101123595,0.22784810126582278
Left,random,WRM,HTL,0,0.1,1,401,79,80,15,NoAdapt,nothing,,0.5298962182561522,0.21132075471698114,0.7088607594936709
Left,random,WRM,HTL,0,0.1,1,401,79,80,15,TargetOnly,arc labels,,0.5232526141992295,0.2222222222222222,0.3291139240506329
Left,random,WRM,HTL,0,0.1,1,401,79,80,15,Source+Target,arc labels,,0.517355924207878,0.20522388059701493,0.6962025316455697
Left,random,WRM,HTL,0,0.1,1,401,79,80,15,COT,arc labels,,0.5888041512697539,0.2692307692307692,0.5316455696202531
Left,random,WRM,HTL,0,0.1,1,401,79,80,15,none-HS4,arc labels,,0.5259847472285557,0.21686746987951808,0.45569620253164556
Left,random,WRM,HTL,0,0.1,1,401,79,80,15,none-HSsrc,nothing,,0.48429514898970044,0.18719211822660098,0.4810126582278481
Left,random,WRM,HTL,0,0.1,1,401,79,80,15,none-PCA,arc segments,64.0,0.4316573630002359,0.11818181818181818,0.16455696202531644
Left,random,WRM,HTL,0,0.1,1,401,79,80,15,QOTu-HS4,arc labels,,0.5213067065020835,0.20851063829787234,0.620253164556962
Left,random,WRM,HTL,0,0.1,1,401,79,80,15,QOTu-HSsrc,arc segments,,0.5259650915952512,0.21120689655172414,0.620253164556962
Left,random,WRM,HTL,0,0.1,1,401,79,80,15,QOTu-PCA,arc segments,16.0,0.5394881673087507,0.23357664233576642,0.4050632911392405
Left,random,WRM,HTL,0,0.1,1,401,79,80,15,QOTc-HS4,arc labels,,0.5121275257488797,0.20555555555555555,0.46835443037974683
Left,random,WRM,HTL,0,0.1,1,401,79,80,15,QOTc-HSsrc,arc labels,,0.5054249547920434,0.2,0.5822784810126582
Left,random,WRM,HTL,0,0.1,1,401,79,80,15,QOTc-PCA,arc labels,64.0,0.535183583615064,0.22580645161290322,0.4430379746835443
Left,random,WRM,HTL,0,0.1,1,401,79,80,15,SDM-HS4,arc labels,,0.48622140105354195,0.18543046357615894,0.35443037974683544
Left,random,WRM,HTL,0,0.1,1,401,79,80,15,SDM-HSsrc,arc labels,,0.5164321094425662,0.20987654320987653,0.43037974683544306
Left,random,WRM,HTL,0,0.1,1,401,79,80,15,SDM-PCA,arc labels,64.0,0.4922753361113295,0.19343065693430658,0.6708860759493671
Left,random,WRM,HTL,0,0.2,1,401,79,161,34,NoAdapt,nothing,,0.5298962182561522,0.21132075471698114,0.7088607594936709
Left,random,WRM,HTL,0,0.2,1,401,79,161,34,TargetOnly,arc labels,,0.5437730953691328,0.22702702702702704,0.5316455696202531
Left,random,WRM,HTL,0,0.2,1,401,79,161,34,Source+Target,arc labels,,0.501945907697146,0.1978798586572438,0.7088607594936709
Left,random,WRM,HTL,0,0.2,1,401,79,161,34,COT,arc labels,,0.5257292239955971,0.21171171171171171,0.5949367088607594
Left,random,WRM,HTL,0,0.2,1,401,79,161,34,none-HS4,arc labels,,0.5245498859973269,0.21511627906976744,0.46835443037974683
Left,random,WRM,HTL,0,0.2,1,401,79,161,34,none-HSsrc,nothing,,0.48429514898970044,0.18719211822660098,0.4810126582278481
Left,random,WRM,HTL,0,0.2,1,401,79,161,34,none-PCA,arc segments,16.0,0.5005503577325261,0.19745222929936307,0.3924050632911392
Left,random,WRM,HTL,0,0.2,1,401,79,161,34,QOTu-HS4,arc labels,,0.5166483214089158,0.20588235294117646,0.620253164556962
Left,random,WRM,HTL,0,0.2,1,401,79,161,34,QOTu-HSsrc,arc segments,,0.5025552323295857,0.19834710743801653,0.6075949367088608
Left,random,WRM,HTL,0,0.2,1,401,79,161,34,QOTu-PCA,arc segments,32.0,0.4759611604685903,0.17094017094017094,0.25316455696202533
Left,random,WRM,HTL,0,0.2,1,401,79,161,34,QOTc-HS4,arc labels,,0.5484314804623005,0.23076923076923078,0.5316455696202531
Left,random,WRM,HTL,0,0.2,1,401,79,161,34,QOTc-HSsrc,arc labels,,0.48403962575674186,0.1891891891891892,0.620253164556962
Left,random,WRM,HTL,0,0.2,1,401,79,161,34,QOTc-PCA,arc labels,64.0,0.507587074455539,0.20212765957446807,0.4810126582278481
Left,random,WRM,HTL,0,0.2,1,401,79,161,34,SDM-HS4,arc labels,,0.5680281468668921,0.2569444444444444,0.46835443037974683
Left,random,WRM,HTL,0,0.2,1,401,79,161,34,SDM-HSsrc,arc labels,,0.5165500432423933,0.20958083832335328,0.4430379746835443
Left,random,WRM,HTL,0,0.2,1,401,79,161,34,SDM-PCA,arc labels,64.0,0.4387727022564667,0.16906474820143885,0.5949367088607594
Left,random,WRM,HTL,0,0.3,1,401,79,241,58,NoAdapt,nothing,,0.5298962182561522,0.21132075471698114,0.7088607594936709
Left,random,WRM,HTL,0,0.3,1,401,79,241,58,TargetOnly,arc labels,,0.5237046937652331,0.21182266009852216,0.5443037974683544
Left,random,WRM,HTL,0,0.3,1,401,79,241,58,Source+Target,arc labels,,0.5070760279896218,0.2,0.759493670886076
Left,random,WRM,HTL,0,0.3,1,401,79,241,58,COT,arc labels,,0.5123633933485336,0.20526315789473684,0.4936708860759494
Left,random,WRM,HTL,0,0.3,1,401,79,241,58,none-HS4,arc labels,,0.5293262048903216,0.21839080459770116,0.4810126582278481
Left,random,WRM,HTL,0,0.3,1,401,79,241,58,none-HSsrc,nothing,,0.48429514898970044,0.18719211822660098,0.4810126582278481
Left,random,WRM,HTL,0,0.3,1,401,79,241,58,none-PCA,arc segments,16.0,0.502103152763582,0.1987179487179487,0.3924050632911392
Left,random,WRM,HTL,0,0.3,1,401,79,241,58,QOTu-HS4,arc labels,,0.513542731346804,0.20416666666666666,0.620253164556962
Left,random,WRM,HTL,0,0.3,1,401,79,241,58,QOTu-HSsrc,arc segments,,0.5121078701155751,0.2032520325203252,0.6329113924050633
Left,random,WRM,HTL,0,0.3,1,401,79,241,58,QOTu-PCA,arc segments,32.0,0.4776318892994732,0.17355371900826447,0.26582278481012656
Left,random,WRM,HTL,0,0.3,1,401,79,241,58,QOTc-HS4,arc labels,,0.561915244909191,0.2328767123287671,0.6455696202531646
Left,random,WRM,HTL,0,0.3,1,401,79,241,58,QOTc-HSsrc,arc labels,,0.4927470713106376,0.19387755102040816,0.7215189873417721
Left,random,WRM,HTL,0,0.3,1,401,79,241,58,QOTc-PCA,arc labels,4.0,0.5414930419058102,0.22072072072072071,0.620253164556962
Left,random,WRM,HTL,0,0.3,1,401,79,241,58,SDM-HS4,arc labels,,0.5575123830489819,0.24096385542168675,0.5063291139240507
Left,random,WRM,HTL,0,0.3,1,401,79,241,58,SDM-HSsrc,arc labels,,0.4861820897869329,0.19081272084805653,0.6835443037974683
Left,random,WRM,HTL,0,0.3,1,401,79,241,58,SDM-PCA,arc labels,64.0,0.5039704379275101,0.1986754966887417,0.759493670886076
Left,random,WRM,HTL,0,0.5,1,401,79,391,88,NoAdapt,nothing,,0.5298962182561522,0.21132075471698114,0.7088607594936709
Left,random,WRM,HTL,0,0.5,1,401,79,391,88,TargetOnly,arc labels,,0.5411392405063291,0.2222222222222222,0.5822784810126582
Left,random,WRM,HTL,0,0.5,1,401,79,391,88,Source+Target,arc labels,,0.49752339020363234,0.19594594594594594,0.7341772151898734
Left,random,WRM,HTL,0,0.5,1,401,79,391,88,COT,arc labels,,0.5207170375029484,0.20952380952380953,0.5569620253164557
Left,random,WRM,HTL,0,0.5,1,401,79,391,88,none-HS4,arc labels,,0.5401957701077129,0.2275449101796407,0.4810126582278481
Left,random,WRM,HTL,0,0.5,1,401,79,391,88,none-HSsrc,nothing,,0.48429514898970044,0.18719211822660098,0.4810126582278481
Left,random,WRM,HTL,0,0.5,1,401,79,391,88,none-PCA,arc segments,16.0,0.5052087428256938,0.2012987012987013,0.3924050632911392
Left,random,WRM,HTL,0,0.5,1,401,79,391,88,QOTu-HS4,arc labels,,0.5150955263778598,0.20502092050209206,0.620253164556962
Left,random,WRM,HTL,0,0.5,1,401,79,391,88,QOTu-HSsrc,arc segments,,0.5042259611604686,0.1991869918699187,0.620253164556962
Left,random,WRM,HTL,0,0.5,1,401,79,391,88,QOTu-PCA,arc segments,16.0,0.5410409623398066,0.23529411764705882,0.4050632911392405
Left,random,WRM,HTL,0,0.5,1,401,79,391,88,QOTc-HS4,arc labels,,0.5684802264328956,0.23478260869565218,0.6835443037974683
Left,random,WRM,HTL,0,0.5,1,401,79,391,88,QOTc-HSsrc,arc labels,,0.4675485494142621,0.18305084745762712,0.6835443037974683
Left,random,WRM,HTL,0,0.5,1,401,79,391,88,QOTc-PCA,arc labels,64.0,0.4737793851717902,0.18222222222222223,0.5189873417721519
Left,random,WRM,HTL,0,0.5,1,401,79,391,88,SDM-HS4,arc labels,,0.5750648635899048,0.25142857142857145,0.5569620253164557
Left,random,WRM,HTL,0,0.5,1,401,79,391,88,SDM-HSsrc,arc labels,,0.49215740231150246,0.19330855018587362,0.6582278481012658
Left,random,WRM,HTL,0,0.5,1,401,79,391,88,SDM-PCA,arc labels,64.0,0.49632439657205757,0.1955128205128205,0.7721518987341772
Left,random,WRM,HTL,1,0.05,1,401,69,40,9,NoAdapt,nothing,,0.5373013794307666,0.18846153846153846,0.7101449275362319
Left,random,WRM,HTL,1,0.05,1,401,69,40,9,TargetOnly,arc labels,,0.3868299284092893,0.10837438423645321,0.3188405797101449
Left,random,WRM,HTL,1,0.05,1,401,69,40,9,Source+Target,arc labels,,0.5011568011175136,0.17253521126760563,0.7101449275362319
Left,random,WRM,HTL,1,0.05,1,401,69,40,9,COT,arc labels,,0.5,0.17206982543640897,1.0
Left,random,WRM,HTL,1,0.05,1,401,69,40,9,none-HS4,arc labels,,0.5189671730399861,0.1837837837837838,0.4927536231884058
Left,random,WRM,HTL,1,0.05,1,401,69,40,9,none-HSsrc,nothing,,0.4891304347826087,0.1658291457286432,0.4782608695652174
Left,random,WRM,HTL,1,0.05,1,401,69,40,9,none-PCA,arc segments,8.0,0.5596298236423957,0.21518987341772153,0.4927536231884058
Left,random,WRM,HTL,1,0.05,1,401,69,40,9,QOTu-HS4,arc labels,,0.5158459926663175,0.17928286852589642,0.6521739130434783
Left,random,WRM,HTL,1,0.05,1,401,69,40,9,QOTu-HSsrc,arc segments,,0.5158459926663175,0.17928286852589642,0.6521739130434783
Left,random,WRM,HTL,1,0.05,1,401,69,40,9,QOTu-PCA,arc segments,16.0,0.5273485245329143,0.19135802469135801,0.4492753623188406
Left,random,WRM,HTL,1,0.05,1,401,69,40,9,QOTc-HS4,arc labels,,0.4031124497991968,0.11616161616161616,0.3333333333333333
Left,random,WRM,HTL,1,0.05,1,401,69,40,9,QOTc-HSsrc,arc labels,,0.48552907281299107,0.16666666666666666,0.7391304347826086
Left,random,WRM,HTL,1,0.05,1,401,69,40,9,QOTc-PCA,arc labels,64.0,0.3976776671905011,0.05154639175257732,0.07246376811594203
Left,random,WRM,HTL,1,0.05,1,401,69,40,9,SDM-HS4,arc labels,,0.41808538501833425,0.11320754716981132,0.2608695652173913
Left,random,WRM,HTL,1,0.05,1,401,69,40,9,SDM-HSsrc,arc labels,,0.4770604155753449,0.16333333333333333,0.7101449275362319
Left,random,WRM,HTL,1,0.05,1,401,69,40,9,SDM-PCA,arc labels,32.0,0.4352191374192422,0.11764705882352941,0.2318840579710145
Left,random,WRM,HTL,1,0.1,1,401,69,80,20,NoAdapt,nothing,,0.5373013794307666,0.18846153846153846,0.7101449275362319
Left,random,WRM,HTL,1,0.1,1,401,69,80,20,TargetOnly,arc labels,,0.5663960188580408,0.21,0.6086956521739131
Left,random,WRM,HTL,1,0.1,1,401,69,80,20,Source+Target,arc labels,,0.49757726558407545,0.17114093959731544,0.7391304347826086
Left,random,WRM,HTL,1,0.1,1,401,69,80,20,COT,arc labels,,0.5313864152261218,0.19,0.5507246376811594
Left,random,WRM,HTL,1,0.1,1,401,69,80,20,none-HS4,arc labels,,0.550877422734416,0.2088607594936709,0.4782608695652174
Left,random,WRM,HTL,1,0.1,1,401,69,80,20,none-HSsrc,nothing,,0.4891304347826087,0.1658291457286432,0.4782608695652174
Left,random,WRM,HTL,1,0.1,1,401,69,80,20,none-PCA,arc segments,8.0,0.5617033350794483,0.2206896551724138,0.463768115942029
Left,random,WRM,HTL,1,0.1,1,401,69,80,20,QOTu-HS4,arc labels,,0.5050200803212851,0.17424242424242425,0.6666666666666666
Left,random,WRM,HTL,1,0.1,1,401,69,80,20,QOTu-HSsrc,arc segments,,0.5288327221931204,0.18503937007874016,0.6811594202898551
Left,random,WRM,HTL,1,0.1,1,401,69,80,20,QOTu-PCA,arc segments,16.0,0.5249039636808102,0.19078947368421054,0.42028985507246375
Left,random,WRM,HTL,1,0.1,1,401,69,80,20,QOTc-HS4,arc labels,,0.4720839881264187,0.1593625498007968,0.5797101449275363
Left,random,WRM,HTL,1,0.1,1,401,69,80,20,QOTc-HSsrc,arc labels,,0.4858128164833246,0.16666666666666666,0.7246376811594203
Left,random,WRM,HTL,1,0.1,1,401,69,80,20,QOTc-PCA,arc labels,64.0,0.5570979570455736,0.226890756302521,0.391304347826087
Left,random,WRM,HTL,1,0.1,1,401,69,80,20,SDM-HS4,arc labels,,0.45449188056574125,0.14864864864864866,0.4782608695652174
Left,random,WRM,HTL,1,0.1,1,401,69,80,20,SDM-HSsrc,arc labels,,0.5151911995809324,0.1794871794871795,0.6086956521739131
Left,random,WRM,HTL,1,0.1,1,401,69,80,20,SDM-PCA,arc labels,16.0,0.5038196263314125,0.1746987951807229,0.42028985507246375
Left,random,WRM,HTL,1,0.2,1,401,69,161,41,NoAdapt,nothing,,0.5373013794307666,0.18846153846153846,0.7101449275362319
Left,random,WRM,HTL,1,0.2,1,401,69,161,41,TargetOnly,arc labels,,0.5419285839008207,0.19689119170984457,0.5507246376811594
Left,random,WRM,HTL,1,0.2,1,401,69,161,41,Source+Target,arc labels,,0.519316396018858,0.17940199335548174,0.782608695652174
Left,random,WRM,HTL,1,0.2,1,401,69,161,41,COT,arc labels,,0.5265845992666317,0.18660287081339713,0.5652173913043478
Left,random,WRM,HTL,1,0.2,1,401,69,161,41,none-HS4,arc labels,,0.534311157674175,0.1952662721893491,0.4782608695652174
Left,random,WRM,HTL,1,0.2,1,401,69,161,41,none-HSsrc,nothing,,0.4891304347826087,0.1658291457286432,0.4782608695652174
Left,random,WRM,HTL,1,0.2,1,401,69,161,41,none-PCA,arc segments,8.0,0.5487166055526453,0.2112676056338028,0.43478260869565216
Left,random,WRM,HTL,1,0.2,1,401,69,161,41,QOTu-HS4,arc labels,,0.5065261044176707,0.17490494296577946,0.6666666666666666
Left,random,WRM,HTL,1,0.2,1,401,69,161,41,QOTu-HSsrc,arc segments,,0.5230923694779116,0.18253968253968253,0.6666666666666666
Left,random,WRM,HTL,1,0.2,1,401,69,161,41,QOTu-PCA,arc segments,16.0,0.5568142133752401,0.224,0.4057971014492754
Left,random,WRM,HTL,1,0.2,1,401,69,161,41,QOTc-HS4,arc labels,,0.49890867819102497,0.17154811715481172,0.5942028985507246
Left,random,WRM,HTL,1,0.2,1,401,69,161,41,QOTc-HSsrc,arc labels,,0.4858128164833246,0.16666666666666666,0.7246376811594203
Left,random,WRM,HTL,1,0.2,1,401,69,161,41,QOTc-PCA,arc labels,32.0,0.4418762004539899,0.1446280991735537,0.5072463768115942
Left,random,WRM,HTL,1,0.2,1,401,69,161,41,SDM-HS4,arc labels,,0.5225467085734241,0.1871345029239766,0.463768115942029
Left,random,WRM,HTL,1,0.2,1,401,69,161,41,SDM-HSsrc,arc labels,,0.5278068796926838,0.18691588785046728,0.5797101449275363
Left,random,WRM,HTL,1,0.2,1,401,69,161,41,SDM-PCA,arc labels,64.0,0.5301423083638903,0.1840277777777778,0.7681159420289855
Left,random,WRM,HTL,1,0.3,1,401,69,241,53,NoAdapt,nothing,,0.5373013794307666,0.18846153846153846,0.7101449275362319
Left,random,WRM,HTL,1,0.3,1,401,69,241,53,TargetOnly,arc labels,,0.5458791688493103,0.19801980198019803,0.5797101449275363
Left,random,WRM,HTL,1,0.3,1,401,69,241,53,Source+Target,arc labels,,0.502095337873232,0.17288135593220338,0.7391304347826086
Left,random,WRM,HTL,1,0.3,1,401,69,241,53,COT,arc labels,,0.5308189278854549,0.18867924528301888,0.5797101449275363
Left,random,WRM,HTL,1,0.3,1,401,69,241,53,none-HS4,arc labels,,0.5415575344857692,0.2,0.4927536231884058
Left,random,WRM,HTL,1,0.3,1,401,69,241,53,none-HSsrc,nothing,,0.4891304347826087,0.1658291457286432,0.4782608695652174
Left,random,WRM,HTL,1,0.3,1,401,69,241,53,none-PCA,arc segments,8.0,0.5577527501309586,0.22058823529411764,0.43478260869565216
Left,random,WRM,HTL,1,0.3,1,401,69,241,53,QOTu-HS4,arc labels,,0.5158459926663175,0.17928286852589642,0.6521739130434783
Left,random,WRM,HTL,1,0.3,1,401,69,241,53,QOTu-HSsrc,arc segments,,0.5233761131482452,0.18292682926829268,0.6521739130434783
Left,random,WRM,HTL,1,0.3,1,401,69,241,53,QOTu-PCA,arc segments,8.0,0.5808887724812293,0.21782178217821782,0.6376811594202898
Left,random,WRM,HTL,1,0.3,1,401,69,241,53,QOTc-HS4,arc labels,,0.5499170595425179,0.19583333333333333,0.6811594202898551
Left,random,WRM,HTL,1,0.3,1,401,69,241,53,QOTc-HSsrc,arc labels,,0.4752706478086258,0.16286644951140064,0.7246376811594203
Left,random,WRM,HTL,1,0.3,1,401,69,241,53,QOTc-PCA,arc labels,64.0,0.5205605028810896,0.18309859154929578,0.5652173913043478
Left,random,WRM,HTL,1,0.3,1,401,69,241,53,SDM-HS4,arc labels,,0.5497424480530819,0.2032967032967033,0.5362318840579711
Left,random,WRM,HTL,1,0.3,1,401,69,241,53,SDM-HSsrc,arc labels,,0.5029465688842326,0.17328519855595667,0.6956521739130435
Left,random,WRM,HTL,1,0.3,1,401,69,241,53,SDM-PCA,arc labels,64.0,0.5283525405971713,0.18305084745762712,0.782608695652174
Left,random,WRM,HTL,1,0.5,1,401,69,380,94,NoAdapt,nothing,,0.5373013794307666,0.18846153846153846,0.7101449275362319
Left,random,WRM,HTL,1,0.5,1,401,69,380,94,TargetOnly,arc labels,,0.5473851929456959,0.19900497512437812,0.5797101449275363
Left,random,WRM,HTL,1,0.5,1,401,69,380,94,Source+Target,arc labels,,0.5228959315522962,0.18118466898954705,0.7536231884057971
Left,random,WRM,HTL,1,0.5,1,401,69,380,94,COT,arc labels,,0.5468177056050288,0.19718309859154928,0.6086956521739131
Left,random,WRM,HTL,1,0.5,1,401,69,380,94,none-HS4,arc labels,,0.5460756067749258,0.20359281437125748,0.4927536231884058
Left,random,WRM,HTL,1,0.5,1,401,69,380,94,none-HSsrc,nothing,,0.4891304347826087,0.1658291457286432,0.4782608695652174
Left,random,WRM,HTL,1,0.5,1,401,69,380,94,none-PCA,arc segments,8.0,0.5577527501309586,0.22058823529411764,0.43478260869565216
Left,random,WRM,HTL,1,0.5,1,401,69,380,94,QOTu-HS4,arc labels,,0.5414484023048717,0.19230769230769232,0.6521739130434783
Left,random,WRM,HTL,1,0.5,1,401,69,380,94,QOTu-HSsrc,arc segments,,0.5309062336301729,0.18672199170124482,0.6521739130434783
Left,random,WRM,HTL,1,0.5,1,401,69,380,94,QOTu-PCA,arc segments,8.0,0.5666797625283744,0.211340206185567,0.5942028985507246
Left,random,WRM,HTL,1,0.5,1,401,69,380,94,QOTc-HS4,arc labels,,0.5887899423782085,0.21818181818181817,0.6956521739130435
Left,random,WRM,HTL,1,0.5,1,401,69,380,94,QOTc-HSsrc,arc labels,,0.4828007682905535,0.16556291390728478,0.7246376811594203
Left,random,WRM,HTL,1,0.5,1,401,69,380,94,QOTc-PCA,arc labels,64.0,0.5537803387462895,0.2,0.6376811594202898
Left,random,WRM,HTL,1,0.5,1,401,69,380,94,SDM-HS4,arc labels,,0.6033918281822943,0.2468354430379747,0.5652173913043478
Left,random,WRM,HTL,1,0.5,1,401,69,380,94,SDM-HSsrc,arc labels,,0.4860965601536581,0.16666666666666666,0.7101449275362319
Left,random,WRM,HTL,1,0.5,1,401,69,380,94,SDM-PCA,arc labels,64.0,0.5242055177230661,0.1806853582554517,0.8405797101449275
Left,random,WRM,HTL,2,0.05,1,401,68,40,9,NoAdapt,nothing,,0.5269607843137255,0.18081180811808117,0.7205882352941176
Left,random,WRM,HTL,2,0.05,1,401,68,40,9,TargetOnly,arc labels,,0.4437378555025614,0.1340782122905028,0.35294117647058826
Left,random,WRM,HTL,2,0.05,1,401,68,40,9,Source+Target,arc labels,,0.5075958311252429,0.17266187050359713,0.7058823529411765
Left,random,WRM,HTL,2,0.05,1,401,68,40,9,COT,arc labels,,0.48544868397809576,0.16539440203562342,0.9558823529411765
Left,random,WRM,HTL,2,0.05,1,401,68,40,9,none-HS4,arc labels,,0.5277777777777778,0.18681318681318682,0.5
Left,random,WRM,HTL,2,0.05,1,401,68,40,9,none-HSsrc,nothing,,0.4692192192192192,0.15384615384615385,0.5
Left,random,WRM,HTL,2,0.05,1,401,68,40,9,none-PCA,arc segments,16.0,0.5252384737678856,0.18674698795180722,0.45588235294117646
Left,random,WRM,HTL,2,0.05,1,401,68,40,9,QOTu-HS4,arc labels,,0.5221913089560148,0.18061674008810572,0.6029411764705882
Left,random,WRM,HTL,2,0.05,1,401,68,40,9,QOTu-HSsrc,arc segments,,0.5260775481363716,0.1814516129032258,0.6617647058823529
Left,random,WRM,HTL,2,0.05,1,401,68,40,9,QOTu-PCA,arc segments,16.0,0.4922054407348525,0.16489361702127658,0.45588235294117646
Left,random,WRM,HTL,2,0.05,1,401,68,40,9,QOTc-HS4,arc labels,,0.4110139551316022,0.1164021164021164,0.3235294117647059
Left,random,WRM,HTL,2,0.05,1,401,68,40,9,QOTc-HSsrc,arc labels,,0.4808779367602897,0.1619718309859155,0.6764705882352942
Left,random,WRM,HTL,2,0.05,1,401,68,40,9,QOTc-PCA,arc labels,64.0,0.4202216922805158,0.09322033898305085,0.16176470588235295
Left,random,WRM,HTL,2,0.05,1,401,68,40,9,SDM-HS4,arc labels,,0.441353117823706,0.12738853503184713,0.29411764705882354
Left,random,WRM,HTL,2,0.05,1,401,68,40,9,SDM-HSsrc,arc labels,,0.5085232291114644,0.17355371900826447,0.6176470588235294
Left,random,WRM,HTL,2,0.05,1,401,68,40,9,SDM-PCA,arc labels,32.0,0.3948065712771595,0.10638297872340426,0.29411764705882354
Left,random,WRM,HTL,2,0.1,1,401,68,80,21,NoAdapt,nothing,,0.5269607843137255,0.18081180811808117,0.7205882352941176
Left,random,WRM,HTL,2,0.1,1,401,68,80,21,TargetOnly,arc labels,,0.429915209326974,0.13,0.38235294117647056
Left,random,WRM,HTL,2,0.1,1,401,68,80,21,Source+Target,arc labels,,0.4997791909556616,0.1694915254237288,0.7352941176470589
Left,random,WRM,HTL,2,0.1,1,401,68,80,21,COT,arc labels,,0.43530295000883235,0.13636363636363635,0.4411764705882353
Left,random,WRM,HTL,2,0.1,1,401,68,80,21,none-HS4,arc labels,,0.5112612612612613,0.17616580310880828,0.5
Left,random,WRM,HTL,2,0.1,1,401,68,80,21,none-HSsrc,nothing,,0.4692192192192192,0.15384615384615385,0.5
Left,random,WRM,HTL,2,0.1,1,401,68,80,21,none-PCA,arc segments,16.0,0.52974297827239,0.1901840490797546,0.45588235294117646
Left,random,WRM,HTL,2,0.1,1,401,68,80,21,QOTu-HS4,arc labels,,0.5429031973149621,0.19111111111111112,0.6323529411764706
Left,random,WRM,HTL,2,0.1,1,401,68,80,21,QOTu-HSsrc,arc segments,,0.5427486309839251,0.19047619047619047,0.6470588235294118
Left,random,WRM,HTL,2,0.1,1,401,68,80,21,QOTu-PCA,arc segments,16.0,0.5165385974209503,0.18125,0.4264705882352941
Left,random,WRM,HTL,2,0.1,1,401,68,80,21,QOTc-HS4,arc labels,,0.5474077018194665,0.19369369369369369,0.6323529411764706
Left,random,WRM,HTL,2,0.1,1,401,68,80,21,QOTc-HSsrc,arc labels,,0.5034004592828123,0.17100371747211895,0.6764705882352942
Left,random,WRM,HTL,2,0.1,1,401,68,80,21,QOTc-PCA,arc labels,64.0,0.4132882882882883,0.10759493670886076,0.25
Left,random,WRM,HTL,2,0.1,1,401,68,80,21,SDM-HS4,arc labels,,0.5171127009362303,0.1794871794871795,0.5147058823529411
Left,random,WRM,HTL,2,0.1,1,401,68,80,21,SDM-HSsrc,arc labels,,0.5260775481363716,0.1814516129032258,0.6617647058823529
Left,random,WRM,HTL,2,0.1,1,401,68,80,21,SDM-PCA,arc labels,64.0,0.46012188659247477,0.1565217391304348,0.7941176470588235
Left,random,WRM,HTL,2,0.2,1,401,68,161,35,NoAdapt,nothing,,0.5269607843137255,0.18081180811808117,0.7205882352941176
Left,random,WRM,HTL,2,0.2,1,401,68,161,35,TargetOnly,arc labels,,0.48770093623034794,0.16230366492146597,0.45588235294117646
Left,random,WRM,HTL,2,0.2,1,401,68,161,35,Source+Target,arc labels,,0.5101351351351351,0.17346938775510204,0.75
Left,random,WRM,HTL,2,0.2,1,401,68,161,35,COT,arc labels,,0.46486928104575165,0.15137614678899083,0.4852941176470588
Left,random,WRM,HTL,2,0.2,1,401,68,161,35,none-HS4,arc labels,,0.5321277159512454,0.1891891891891892,0.5147058823529411
Left,random,WRM,HTL,2,0.2,1,401,68,161,35,none-HSsrc,nothing,,0.4692192192192192,0.15384615384615385,0.5
Left,random,WRM,HTL,2,0.2,1,401,68,161,35,none-PCA,arc segments,8.0,0.5506094329623741,0.2064516129032258,0.47058823529411764
Left,random,WRM,HTL,2,0.2,1,401,68,161,35,QOTu-HS4,arc labels,,0.5501015721603957,0.1939655172413793,0.6617647058823529
Left,random,WRM,HTL,2,0.2,1,401,68,161,35,QOTu-HSsrc,arc segments,,0.5262321144674086,0.18181818181818182,0.6470588235294118
Left,random,WRM,HTL,2,0.2,1,401,68,161,35,QOTu-PCA,arc segments,16.0,0.5257021727609963,0.1891891891891892,0.4117647058823529
Left,random,WRM,HTL,2,0.2,1,401,68,161,35,QOTc-HS4,arc labels,,0.555069775658011,0.1990521327014218,0.6176470588235294
Left,random,WRM,HTL,2,0.2,1,401,68,161,35,QOTc-HSsrc,arc labels,,0.5060943296237415,0.17204301075268819,0.7058823529411765
Left,random,WRM,HTL,2,0.2,1,401,68,161,35,QOTc-PCA,arc labels,64.0,0.48862833421656954,0.16129032258064516,0.36764705882352944
Left,random,WRM,HTL,2,0.2,1,401,68,161,35,SDM-HS4,arc labels,,0.5737060590001766,0.21714285714285714,0.5588235294117647
Left,random,WRM,HTL,2,0.2,1,401,68,161,35,SDM-HSsrc,arc labels,,0.5091414944356121,0.1743119266055046,0.5588235294117647
Left,random,WRM,HTL,2,0.2,1,401,68,161,35,SDM-PCA,arc labels,64.0,0.48129747394453276,0.16307692307692306,0.7794117647058824
Left,random,WRM,HTL,2,0.3,1,401,68,241,62,NoAdapt,nothing,,0.5269607843137255,0.18081180811808117,0.7205882352941176
Left,random,WRM,HTL,2,0.3,1,401,68,241,62,TargetOnly,arc labels,,0.5685832891715245,0.2079207920792079,0.6176470588235294
Left,random,WRM,HTL,2,0.3,1,401,68,241,62,Source+Target,arc labels,,0.5233395159865748,0.17845117845117844,0.7794117647058824
Left,random,WRM,HTL,2,0.3,1,401,68,241,62,COT,arc labels,,0.4797297297297297,0.1588785046728972,0.5
Left,random,WRM,HTL,2,0.3,1,401,68,241,62,none-HS4,arc labels,,0.5471427309662604,0.2,0.5147058823529411
Left,random,WRM,HTL,2,0.3,1,401,68,241,62,none-HSsrc,nothing,,0.4692192192192192,0.15384615384615385,0.5
Left,random,WRM,HTL,2,0.3,1,401,68,241,62,none-PCA,arc segments,8.0,0.5506094329623741,0.2064516129032258,0.47058823529411764
Left,random,WRM,HTL,2,0.3,1,401,68,241,62,QOTu-HS4,arc labels,,0.5425940646528882,0.189873417721519,0.6617647058823529
Left,random,WRM,HTL,2,0.3,1,401,68,241,62,QOTu-HSsrc,arc segments,,0.5305820526408762,0.1836734693877551,0.6617647058823529
Left,random,WRM,HTL,2,0.3,1,401,68,241,62,QOTu-PCA,arc segments,16.0,0.47946475887652357,0.15568862275449102,0.38235294117647056
Left,random,WRM,HTL,2,0.3,1,401,68,241,62,QOTc-HS4,arc labels,,0.6202084437378556,0.23645320197044334,0.7058823529411765
Left,random,WRM,HTL,2,0.3,1,401,68,241,62,QOTc-HSsrc,arc labels,,0.49258081611022786,0.16666666666666666,0.7058823529411765
Left,random,WRM,HTL,2,0.3,1,401,68,241,62,QOTc-PCA,arc labels,64.0,0.5399443561208267,0.19642857142857142,0.4852941176470588
Left,random,WRM,HTL,2,0.3,1,401,68,241,62,SDM-HS4,arc labels,,0.5989224518636284,0.23529411764705882,0.5882352941176471
Left,random,WRM,HTL,2,0.3,1,401,68,241,62,SDM-HSsrc,arc labels,,0.5127186009538951,0.1752988047808765,0.6470588235294118
Left,random,WRM,HTL,2,0.3,1,401,68,241,62,SDM-PCA,arc labels,64.0,0.48714891361950186,0.1651376146788991,0.7941176470588235
Left,random,WRM,HTL,2,0.5,1,401,68,380,99,NoAdapt,nothing,,0.5269607843137255,0.18081180811808117,0.7205882352941176
Left,random,WRM,HTL,2,0.5,1,401,68,380,99,TargetOnly,arc labels,,0.5283518812930578,0.18433179723502305,0.5882352941176471
Left,random,WRM,HTL,2,0.5,1,401,68,380,99,Source+Target,arc labels,,0.5099805688040981,0.17333333333333334,0.7647058823529411
Left,random,WRM,HTL,2,0.5,1,401,68,380,99,COT,arc labels,,0.4974386150856739,0.16822429906542055,0.5294117647058824
Left,random,WRM,HTL,2,0.5,1,401,68,380,99,none-HS4,arc labels,,0.5546502384737679,0.20588235294117646,0.5147058823529411
Left,random,WRM,HTL,2,0.5,1,401,68,380,99,none-HSsrc,nothing,,0.4692192192192192,0.15384615384615385,0.5
Left,random,WRM,HTL,2,0.5,1,401,68,380,99,none-PCA,arc segments,8.0,0.5536124359653771,0.20915032679738563,0.47058823529411764
Left,random,WRM,HTL,2,0.5,1,401,68,380,99,QOTu-HS4,arc labels,,0.5512939409998233,0.1934156378600823,0.6911764705882353
Left,random,WRM,HTL,2,0.5,1,401,68,380,99,QOTu-HSsrc,arc segments,,0.5290805511393747,0.18292682926829268,0.6617647058823529
Left,random,WRM,HTL,2,0.5,1,401,68,380,99,QOTu-PCA,arc segments,8.0,0.5505652711535065,0.19626168224299065,0.6176470588235294
Left,random,WRM,HTL,2,0.5,1,401,68,380,99,QOTc-HS4,arc labels,,0.5801316021904257,0.21226415094339623,0.6617647058823529
Left,random,WRM,HTL,2,0.5,1,401,68,380,99,QOTc-HSsrc,arc labels,,0.4985868221162339,0.16901408450704225,0.7058823529411765
Left,random,WRM,HTL,2,0.5,1,401,68,380,99,QOTc-PCA,arc labels,64.0,0.5203806747924395,0.17916666666666667,0.6323529411764706
Left,random,WRM,HTL,2,0.5,1,401,68,380,99,SDM-HS4,arc labels,,0.5448683978095743,0.1941747572815534,0.5882352941176471
Left,random,WRM,HTL,2,0.5,1,401,68,380,99,SDM-HSsrc,arc labels,,0.4981672849319908,0.16872427983539096,0.6029411764705882
Left,random,WRM,HTL,2,0.5,1,401,68,380,99,SDM-PCA,arc labels,64.0,0.4933094859565448,0.167192429022082,0.7794117647058824
Left,random,WRM,HTL,3,0.05,1,401,79,40,11,NoAdapt,nothing,,0.5491194276279582,0.21942446043165467,0.7721518987341772
Left,random,WRM,HTL,3,0.05,1,401,79,40,11,TargetOnly,arc labels,,0.5263385486280368,0.2154696132596685,0.4936708860759494
Left,random,WRM,HTL,3,0.05,1,401,79,40,11,Source+Target,arc labels,,0.5242747071310638,0.20748299319727892,0.7721518987341772
Left,random,WRM,HTL,3,0.05,1,401,79,40,11,COT,arc labels,,0.5,0.1970074812967581,1.0
Left,random,WRM,HTL,3,0.05,1,401,79,40,11,none-HS4,arc labels,,0.5109285321173048,0.20408163265306123,0.5063291139240507
Left,random,WRM,HTL,3,0.05,1,401,79,40,11,none-HSsrc,nothing,,0.4550279109992924,0.1724137931034483,0.5063291139240507
Left,random,WRM,HTL,3,0.05,1,401,79,40,11,none-PCA,arc segments,16.0,0.49015252771444295,0.19021739130434784,0.4430379746835443
Left,random,WRM,HTL,3,0.05,1,401,79,40,11,QOTu-HS4,arc labels,,0.5644115103388632,0.22868217054263565,0.7468354430379747
Left,random,WRM,HTL,3,0.05,1,401,79,40,11,QOTu-HSsrc,arc segments,,0.5533060775218177,0.2235294117647059,0.7215189873417721
Left,random,WRM,HTL,3,0.05,1,401,79,40,11,QOTu-PCA,arc segments,16.0,0.5018476295306235,0.19811320754716982,0.5316455696202531
Left,random,WRM,HTL,3,0.05,1,401,79,40,11,QOTc-HS4,arc labels,,0.5864061640066043,0.2553191489361702,0.6075949367088608
Left,random,WRM,HTL,3,0.05,1,401,79,40,11,QOTc-HSsrc,arc labels,,0.44478732604764526,0.14393939393939395,0.24050632911392406
Left,random,WRM,HTL,3,0.05,1,401,79,40,11,QOTc-PCA,arc labels,32.0,0.5398419687082318,0.23026315789473684,0.4430379746835443
Left,random,WRM,HTL,3,0.05,1,401,79,40,11,SDM-HS4,arc labels,,0.5807846528815158,0.24423963133640553,0.6708860759493671
Left,random,WRM,HTL,3,0.05,1,401,79,40,11,SDM-HSsrc,arc labels,,0.4580352228948817,0.16352201257861634,0.3291139240506329
Left,random,WRM,HTL,3,0.05,1,401,79,40,11,SDM-PCA,arc labels,32.0,0.5382891736771759,0.22875816993464052,0.4430379746835443
Left,random,WRM,HTL,3,0.1,1,401,79,80,18,NoAdapt,nothing,,0.5491194276279582,0.21942446043165467,0.7721518987341772
Left,random,WRM,HTL,3,0.1,1,401,79,80,18,TargetOnly,arc labels,,0.6003813192861074,0.2681564245810056,0.6075949367088608
Left,random,WRM,HTL,3,0.1,1,401,79,80,18,Source+Target,arc labels,,0.5308396886547684,0.2098360655737705,0.810126582278481
Left,random,WRM,HTL,3,0.1,1,401,79,80,18,COT,arc labels,,0.5673008884346253,0.24444444444444444,0.5569620253164557
Left,random,WRM,HTL,3,0.1,1,401,79,80,18,none-HS4,arc labels,,0.5217980973346961,0.21164021164021163,0.5063291139240507
Left,random,WRM,HTL,3,0.1,1,401,79,80,18,none-HSsrc,nothing,,0.4550279109992924,0.1724137931034483,0.5063291139240507
Left,random,WRM,HTL,3,0.1,1,401,79,80,18,none-PCA,arc segments,32.0,0.4537502948344996,0.14414414414414414,0.20253164556962025
Left,random,WRM,HTL,3,0.1,1,401,79,80,18,QOTu-HS4,arc labels,,0.5768338705873103,0.236,0.7468354430379747
Left,random,WRM,HTL,3,0.1,1,401,79,80,18,QOTu-HSsrc,arc segments,,0.5548588725528736,0.22440944881889763,0.7215189873417721
Left,random,WRM,HTL,3,0.1,1,401,79,80,18,QOTu-PCA,arc segments,16.0,0.5106926645176508,0.20430107526881722,0.4810126582278481
Left,random,WRM,HTL,3,0.1,1,401,79,80,18,QOTc-HS4,arc labels,,0.680025945435962,0.3037383177570093,0.8227848101265823
Left,random,WRM,HTL,3,0.1,1,401,79,80,18,QOTc-HSsrc,arc labels,,0.5240388395314097,0.20774647887323944,0.7468354430379747
Left,random,WRM,HTL,3,0.1,1,401,79,80,18,QOTc-PCA,arc labels,64.0,0.5206187593364258,0.2158273381294964,0.379746835443038
Left,random,WRM,HTL,3,0.1,1,401,79,80,18,SDM-HS4,arc labels,,0.6081256388080825,0.25416666666666665,0.7721518987341772
Left,random,WRM,HTL,3,0.1,1,401,79,80,18,SDM-HSsrc,arc labels,,0.4662512776161648,0.17916666666666667,0.5443037974683544
Left,random,WRM,HTL,3,0.1,1,401,79,80,18,SDM-PCA,arc labels,32.0,0.5507115339256231,0.2413793103448276,0.4430379746835443
Left,random,WRM,HTL,3,0.2,1,401,79,161,37,NoAdapt,nothing,,0.5491194276279582,0.21942446043165467,0.7721518987341772
Left,random,WRM,HTL,3,0.2,1,401,79,161,37,TargetOnly,arc labels,,0.5753007311895589,0.24864864864864866,0.5822784810126582
Left,random,WRM,HTL,3,0.2,1,401,79,161,37,Source+Target,arc labels,,0.5603427942448306,0.22377622377622378,0.810126582278481
Left,random,WRM,HTL,3,0.2,1,401,79,161,37,COT,arc labels,,0.5410016510731976,0.21641791044776118,0.7341772151898734
Left,random,WRM,HTL,3,0.2,1,401,79,161,37,none-HS4,arc labels,,0.5202453023036402,0.21052631578947367,0.5063291139240507
Left,random,WRM,HTL,3,0.2,1,401,79,161,37,none-HSsrc,nothing,,0.4550279109992924,0.1724137931034483,0.5063291139240507
Left,random,WRM,HTL,3,0.2,1,401,79,161,37,none-PCA,arc segments,32.0,0.4537502948344996,0.14414414414414414,0.20253164556962025
Left,random,WRM,HTL,3,0.2,1,401,79,161,37,QOTu-HS4,arc labels,,0.5830450507115339,0.23983739837398374,0.7468354430379747
Left,random,WRM,HTL,3,0.2,1,401,79,161,37,QOTu-HSsrc,arc segments,,0.5595172576460413,0.22709163346613545,0.7215189873417721
Left,random,WRM,HTL,3,0.2,1,401,79,161,37,QOTu-PCA,arc segments,32.0,0.4766687632675525,0.17687074829931973,0.3291139240506329
Left,random,WRM,HTL,3,0.2,1,401,79,161,37,QOTc-HS4,arc labels,,0.5897476216683701,0.25510204081632654,0.6329113924050633
Left,random,WRM,HTL,3,0.2,1,401,79,161,37,QOTc-HSsrc,arc labels,,0.5185745734727573,0.20967741935483872,0.4936708860759494
Left,random,WRM,HTL,3,0.2,1,401,79,161,37,QOTc-PCA,arc labels,64.0,0.5318421259532982,0.22448979591836735,0.4177215189873418
Left,random,WRM,HTL,3,0.2,1,401,79,161,37,SDM-HS4,arc labels,,0.5743376051576381,0.24170616113744076,0.6455696202531646
Left,random,WRM,HTL,3,0.2,1,401,79,161,37,SDM-HSsrc,arc labels,,0.5188104410724114,0.20918367346938777,0.5189873417721519
Left,random,WRM,HTL,3,0.2,1,401,79,161,37,SDM-PCA,arc labels,64.0,0.5012186492648794,0.1974921630094044,0.7974683544303798
Left,random,WRM,HTL,3,0.3,1,401,79,241,56,NoAdapt,nothing,,0.5491194276279582,0.21942446043165467,0.7721518987341772
Left,random,WRM,HTL,3,0.3,1,401,79,241,56,TargetOnly,arc labels,,0.5866420316062584,0.25252525252525254,0.6329113924050633
Left,random,WRM,HTL,3,0.3,1,401,79,241,56,Source+Target,arc labels,,0.5620135230757135,0.22413793103448276,0.8227848101265823
Left,random,WRM,HTL,3,0.3,1,401,79,241,56,COT,arc labels,,0.5521267395235474,0.22926829268292684,0.5949367088607594
Left,random,WRM,HTL,3,0.3,1,401,79,241,56,none-HS4,arc labels,,0.5264564824278639,0.21505376344086022,0.5063291139240507
Left,random,WRM,HTL,3,0.3,1,401,79,241,56,none-HSsrc,nothing,,0.4550279109992924,0.1724137931034483,0.5063291139240507
Left,random,WRM,HTL,3,0.3,1,401,79,241,56,none-PCA,arc segments,32.0,0.45685588489661133,0.14678899082568808,0.20253164556962025
Left,random,WRM,HTL,3,0.3,1,401,79,241,56,QOTu-HS4,arc labels,,0.5845978457425898,0.24081632653061225,0.7468354430379747
Left,random,WRM,HTL,3,0.3,1,401,79,241,56,QOTu-HSsrc,arc segments,,0.5672812328013208,0.23170731707317074,0.7215189873417721
Left,random,WRM,HTL,3,0.3,1,401,79,241,56,QOTu-PCA,arc segments,32.0,0.47022171554367487,0.1702127659574468,0.3037974683544304
Left,random,WRM,HTL,3,0.3,1,401,79,241,56,QOTc-HS4,arc labels,,0.6203121314568756,0.26576576576576577,0.7468354430379747
Left,random,WRM,HTL,3,0.3,1,401,79,241,56,QOTc-HSsrc,arc labels,,0.48429514898970044,0.18719211822660098,0.4810126582278481
Left,random,WRM,HTL,3,0.3,1,401,79,241,56,QOTc-PCA,arc labels,64.0,0.5782883874518437,0.25280898876404495,0.569620253164557
Left,random,WRM,HTL,3,0.3,1,401,79,241,56,SDM-HS4,arc labels,,0.5182011164399717,0.20675105485232068,0.620253164556962
Left,random,WRM,HTL,3,0.3,1,401,79,241,56,SDM-HSsrc,arc labels,,0.49707131063762877,0.19523809523809524,0.5189873417721519
Left,random,WRM,HTL,3,0.3,1,401,79,241,56,SDM-PCA,arc labels,64.0,0.49298293891029166,0.19407894736842105,0.7468354430379747
Left,random,WRM,HTL,3,0.5,1,401,79,380,86,NoAdapt,nothing,,0.5491194276279582,0.21942446043165467,0.7721518987341772
Left,random,WRM,HTL,3,0.5,1,401,79,380,86,TargetOnly,arc labels,,0.5651387687711298,0.23423423423423423,0.6582278481012658
Left,random,WRM,HTL,3,0.5,1,401,79,380,86,Source+Target,arc labels,,0.5526967528893781,0.2195945945945946,0.8227848101265823
Left,random,WRM,HTL,3,0.5,1,401,79,380,86,COT,arc labels,,0.5385053856435255,0.2183406113537118,0.6329113924050633
Left,random,WRM,HTL,3,0.5,1,401,79,380,86,none-HS4,arc labels,,0.5249036873968079,0.21390374331550802,0.5063291139240507
Left,random,WRM,HTL,3,0.5,1,401,79,380,86,none-HSsrc,nothing,,0.4550279109992924,0.1724137931034483,0.5063291139240507
Left,random,WRM,HTL,3,0.5,1,401,79,380,86,none-PCA,arc segments,32.0,0.45840867992766726,0.14814814814814814,0.20253164556962025
Left,random,WRM,HTL,3,0.5,1,401,79,380,86,QOTu-HS4,arc labels,,0.5799394606494221,0.23790322580645162,0.7468354430379747
Left,random,WRM,HTL,3,0.5,1,401,79,380,86,QOTu-HSsrc,arc segments,,0.5672812328013208,0.23170731707317074,0.7215189873417721
Left,random,WRM,HTL,3,0.5,1,401,79,380,86,QOTu-PCA,arc segments,16.0,0.5044814843934271,0.2,0.4810126582278481
Left,random,WRM,HTL,3,0.5,1,401,79,380,86,QOTc-HS4,arc labels,,0.5702688890636056,0.23430962343096234,0.7088607594936709
Left,random,WRM,HTL,3,0.5,1,401,79,380,86,QOTc-HSsrc,arc labels,,0.47187278874125327,0.18009478672985782,0.4810126582278481
Left,random,WRM,HTL,3,0.5,1,401,79,380,86,QOTc-PCA,arc labels,64.0,0.579467725450114,0.2412280701754386,0.6962025316455697
Left,random,WRM,HTL,3,0.5,1,401,79,380,86,SDM-HS4,arc labels,,0.49408365437534396,0.1935483870967742,0.5316455696202531
Left,random,WRM,HTL,3,0.5,1,401,79,380,86,SDM-HSsrc,arc labels,,0.49551851560657284,0.1943127962085308,0.5189873417721519
Left,random,WRM,HTL,3,0.5,1,401,79,380,86,SDM-PCA,arc labels,64.0,0.5143682679455932,0.20363636363636364,0.7088607594936709
Left,random,WRM,HTL,4,0.05,1,401,76,40,8,NoAdapt,nothing,,0.5771255060728745,0.22382671480144403,0.8157894736842105
Left,random,WRM,HTL,4,0.05,1,401,76,40,8,TargetOnly,arc labels,,0.5235222672064777,0.2097902097902098,0.39473684210526316
Left,random,WRM,HTL,4,0.05,1,401,76,40,8,Source+Target,arc labels,,0.5217408906882591,0.19808306709265175,0.8157894736842105
Left,random,WRM,HTL,4,0.05,1,401,76,40,8,COT,arc labels,,0.5,0.18952618453865336,1.0
Left,random,WRM,HTL,4,0.05,1,401,76,40,8,none-HS4,arc labels,,0.561255060728745,0.22321428571428573,0.6578947368421053
Left,random,WRM,HTL,4,0.05,1,401,76,40,8,none-HSsrc,nothing,,0.48528340080971655,0.18218623481781376,0.5921052631578947
Left,random,WRM,HTL,4,0.05,1,401,76,40,8,none-PCA,arc segments,8.0,0.5216194331983806,0.20304568527918782,0.5263157894736842
Left,random,WRM,HTL,4,0.05,1,401,76,40,8,QOTu-HS4,arc labels,,0.5967004048582996,0.23552123552123552,0.8026315789473685
Left,random,WRM,HTL,4,0.05,1,401,76,40,8,QOTu-HSsrc,arc segments,,0.5731983805668016,0.22304832713754646,0.7894736842105263
Left,random,WRM,HTL,4,0.05,1,401,76,40,8,QOTu-PCA,arc segments,16.0,0.5137651821862348,0.19889502762430938,0.47368421052631576
Left,random,WRM,HTL,4,0.05,1,401,76,40,8,QOTc-HS4,arc labels,,0.4297773279352227,0.1377245508982036,0.3026315789473684
Left,random,WRM,HTL,4,0.05,1,401,76,40,8,QOTc-HSsrc,arc labels,,0.44765182186234814,0.13953488372093023,0.23684210526315788
Left,random,WRM,HTL,4,0.05,1,401,76,40,8,QOTc-PCA,arc labels,64.0,0.5322672064777328,0.24324324324324326,0.23684210526315788
Left,random,WRM,HTL,4,0.05,1,401,76,40,8,SDM-HS4,arc labels,,0.45412955465587046,0.15568862275449102,0.34210526315789475
Left,random,WRM,HTL,4,0.05,1,401,76,40,8,SDM-HSsrc,arc labels,,0.4688259109311741,0.16666666666666666,0.3684210526315789
Left,random,WRM,HTL,4,0.05,1,401,76,40,8,SDM-PCA,arc labels,16.0,0.49014170040485827,0.17333333333333334,0.17105263157894737
Left,random,WRM,HTL,4,0.1,1,401,76,80,19,NoAdapt,nothing,,0.5771255060728745,0.22382671480144403,0.8157894736842105
Left,random,WRM,HTL,4,0.1,1,401,76,80,19,TargetOnly,arc labels,,0.5403441295546558,0.21893491124260356,0.4868421052631579
Left,random,WRM,HTL,4,0.1,1,401,76,80,19,Source+Target,arc labels,,0.5478947368421052,0.20945945945945946,0.8157894736842105
Left,random,WRM,HTL,4,0.1,1,401,76,80,19,COT,arc labels,,0.5456072874493927,0.212,0.6973684210526315
Left,random,WRM,HTL,4,0.1,1,401,76,80,19,none-HS4,arc labels,,0.5450202429149797,0.21428571428571427,0.631578947368421
Left,random,WRM,HTL,4,0.1,1,401,76,80,19,none-HSsrc,nothing,,0.48528340080971655,0.18218623481781376,0.5921052631578947
Left,random,WRM,HTL,4,0.1,1,401,76,80,19,none-PCA,arc segments,16.0,0.49742914979757086,0.18807339449541285,0.5394736842105263
Left,random,WRM,HTL,4,0.1,1,401,76,80,19,QOTu-HS4,arc labels,,0.59165991902834,0.23346303501945526,0.7894736842105263
Left,random,WRM,HTL,4,0.1,1,401,76,80,19,QOTu-HSsrc,arc segments,,0.5769635627530365,0.2265625,0.7631578947368421
Left,random,WRM,HTL,4,0.1,1,401,76,80,19,QOTu-PCA,arc segments,16.0,0.550587044534413,0.22164948453608246,0.5657894736842105
Left,random,WRM,HTL,4,0.1,1,401,76,80,19,QOTc-HS4,arc labels,,0.5438461538461539,0.22093023255813954,0.5
Left,random,WRM,HTL,4,0.1,1,401,76,80,19,QOTc-HSsrc,arc labels,,0.49248987854251014,0.18435754189944134,0.4342105263157895
Left,random,WRM,HTL,4,0.1,1,401,76,80,19,QOTc-PCA,arc labels,64.0,0.5796558704453442,0.2532467532467532,0.5131578947368421
Left,random,WRM,HTL,4,0.1,1,401,76,80,19,SDM-HS4,arc labels,,0.5380161943319838,0.21100917431192662,0.6052631578947368
Left,random,WRM,HTL,4,0.1,1,401,76,80,19,SDM-HSsrc,arc labels,,0.54417004048583,0.21495327102803738,0.6052631578947368
Left,random,WRM,HTL,4,0.1,1,401,76,80,19,SDM-PCA,arc labels,32.0,0.5807692307692307,0.25675675675675674,0.5
Left,random,WRM,HTL,4,0.2,1,401,76,161,37,NoAdapt,nothing,,0.5771255060728745,0.22382671480144403,0.8157894736842105
Left,random,WRM,HTL,4,0.2,1,401,76,161,37,TargetOnly,arc labels,,0.5193927125506073,0.20095693779904306,0.5526315789473685
Left,random,WRM,HTL,4,0.2,1,401,76,161,37,Source+Target,arc labels,,0.5599392712550607,0.2138157894736842,0.8552631578947368
Left,random,WRM,HTL,4,0.2,1,401,76,161,37,COT,arc labels,,0.5802024291497976,0.22545454545454546,0.8157894736842105
Left,random,WRM,HTL,4,0.2,1,401,76,161,37,none-HS4,arc labels,,0.5410931174089069,0.21296296296296297,0.6052631578947368
Left,random,WRM,HTL,4,0.2,1,401,76,161,37,none-HSsrc,nothing,,0.48528340080971655,0.18218623481781376,0.5921052631578947
Left,random,WRM,HTL,4,0.2,1,401,76,161,37,none-PCA,arc segments,16.0,0.5125506072874494,0.19642857142857142,0.5789473684210527
Left,random,WRM,HTL,4,0.2,1,401,76,161,37,QOTu-HS4,arc labels,,0.5800404858299595,0.2283464566929134,0.7631578947368421
Left,random,WRM,HTL,4,0.2,1,401,76,161,37,QOTu-HSsrc,arc segments,,0.5800404858299595,0.2283464566929134,0.7631578947368421
Left,random,WRM,HTL,4,0.2,1,401,76,161,37,QOTu-PCA,arc segments,16.0,0.5459716599190283,0.2182741116751269,0.5657894736842105
Left,random,WRM,HTL,4,0.2,1,401,76,161,37,QOTc-HS4,arc labels,,0.5404048582995951,0.21145374449339208,0.631578947368421
Left,random,WRM,HTL,4,0.2,1,401,76,161,37,QOTc-HSsrc,arc labels,,0.5375910931174088,0.2112676056338028,0.5921052631578947
Left,random,WRM,HTL,4,0.2,1,401,76,161,37,QOTc-PCA,arc labels,64.0,0.5941902834008097,0.27611940298507465,0.4868421052631579
Left,random,WRM,HTL,4,0.2,1,401,76,161,37,SDM-HS4,arc labels,,0.530910931174089,0.20481927710843373,0.6710526315789473
Left,random,WRM,HTL,4,0.2,1,401,76,161,37,SDM-HSsrc,arc labels,,0.5204048582995952,0.2,0.631578947368421
Left,random,WRM,HTL,4,0.2,1,401,76,161,37,SDM-PCA,arc labels,16.0,0.5403441295546558,0.21893491124260356,0.4868421052631579
Left,random,WRM,HTL,4,0.3,1,401,76,241,56,NoAdapt,nothing,,0.5771255060728745,0.22382671480144403,0.8157894736842105
Left,random,WRM,HTL,4,0.3,1,401,76,241,56,TargetOnly,arc labels,,0.5193927125506073,0.20095693779904306,0.5526315789473685
Left,random,WRM,HTL,4,0.3,1,401,76,241,56,Source+Target,arc labels,,0.552672064777328,0.21019108280254778,0.868421052631579
Left,random,WRM,HTL,4,0.3,1,401,76,241,56,COT,arc labels,,0.5431174089068826,0.20863309352517986,0.7631578947368421
Left,random,WRM,HTL,4,0.3,1,401,76,241,56,none-HS4,arc labels,,0.5510121457489878,0.22110552763819097,0.5789473684210527
Left,random,WRM,HTL,4,0.3,1,401,76,241,56,none-HSsrc,nothing,,0.48528340080971655,0.18218623481781376,0.5921052631578947
Left,random,WRM,HTL,4,0.3,1,401,76,241,56,none-PCA,arc segments,16.0,0.5059716599190284,0.19282511210762332,0.5657894736842105
Left,random,WRM,HTL,4,0.3,1,401,76,241,56,QOTu-HS4,arc labels,,0.5877327935222673,0.23293172690763053,0.7631578947368421
Left,random,WRM,HTL,4,0.3,1,401,76,241,56,QOTu-HSsrc,arc segments,,0.5877327935222673,0.23293172690763053,0.7631578947368421
Left,random,WRM,HTL,4,0.3,1,401,76,241,56,QOTu-PCA,arc segments,16.0,0.5431578947368421,0.2185792349726776,0.5263157894736842
Left,random,WRM,HTL,4,0.3,1,401,76,241,56,QOTc-HS4,arc labels,,0.5968016194331984,0.24324324324324326,0.7105263157894737
Left,random,WRM,HTL,4,0.3,1,401,76,241,56,QOTc-HSsrc,arc labels,,0.4856477732793522,0.18041237113402062,0.4605263157894737
Left,random,WRM,HTL,4,0.3,1,401,76,241,56,QOTc-PCA,arc labels,64.0,0.5717004048582996,0.24,0.5526315789473685
Left,random,WRM,HTL,4,0.3,1,401,76,241,56,SDM-HS4,arc labels,,0.5173279352226721,0.19834710743801653,0.631578947368421
Left,random,WRM,HTL,4,0.3,1,401,76,241,56,SDM-HSsrc,arc labels,,0.5399797570850202,0.21171171171171171,0.618421052631579
Left,random,WRM,HTL,4,0.3,1,401,76,241,56,SDM-PCA,arc labels,64.0,0.49611336032388664,0.18791946308724833,0.7368421052631579
Left,random,WRM,HTL,4,0.5,1,401,76,381,80,NoAdapt,nothing,,0.5771255060728745,0.22382671480144403,0.8157894736842105
Left,random,WRM,HTL,4,0.5,1,401,76,381,80,TargetOnly,arc labels,,0.5534008097165992,0.22115384615384615,0.6052631578947368
Left,random,WRM,HTL,4,0.5,1,401,76,381,80,Source+Target,arc labels,,0.5753238866396762,0.22108843537414966,0.8552631578947368
Left,random,WRM,HTL,4,0.5,1,401,76,381,80,COT,arc labels,,0.551497975708502,0.21374045801526717,0.7368421052631579
Left,random,WRM,HTL,4,0.5,1,401,76,381,80,none-HS4,arc labels,,0.5602429149797571,0.22797927461139897,0.5789473684210527
Left,random,WRM,HTL,4,0.5,1,401,76,381,80,none-HSsrc,nothing,,0.48528340080971655,0.18218623481781376,0.5921052631578947
Left,random,WRM,HTL,4,0.5,1,401,76,381,80,none-PCA,arc segments,8.0,0.5308502024291497,0.2094240837696335,0.5263157894736842
Left,random,WRM,HTL,4,0.5,1,401,76,381,80,QOTu-HS4,arc labels,,0.5931983805668016,0.234375,0.7894736842105263
Left,random,WRM,HTL,4,0.5,1,401,76,381,80,QOTu-HSsrc,arc segments,,0.5861943319838057,0.232,0.7631578947368421
Left,random,WRM,HTL,4,0.5,1,401,76,381,80,QOTu-PCA,arc segments,16.0,0.5451214574898786,0.2192513368983957,0.5394736842105263
Left,random,WRM,HTL,4,0.5,1,401,76,381,80,QOTc-HS4,arc labels,,0.6091093117408907,0.2523364485981308,0.7105263157894737
Left,random,WRM,HTL,4,0.5,1,401,76,381,80,QOTc-HSsrc,arc labels,,0.5014574898785426,0.19047619047619047,0.47368421052631576
Left,random,WRM,HTL,4,0.5,1,401,76,381,80,QOTc-PCA,arc labels,32.0,0.6025303643724695,0.24882629107981222,0.6973684210526315
Left,random,WRM,HTL,4,0.5,1,401,76,381,80,SDM-HS4,arc labels,,0.5454453441295547,0.21397379912663755,0.6447368421052632
Left,random,WRM,HTL,4,0.5,1,401,76,381,80,SDM-HSsrc,arc labels,,0.5430566801619433,0.21363636363636362,0.618421052631579
Left,random,WRM,HTL,4,0.5,1,401,76,381,80,SDM-PCA,arc labels,64.0,0.4785425101214575,0.17777777777777778,0.5263157894736842
Left,random,WRM,HTL,5,0.05,1,401,91,40,9,NoAdapt,nothing,,0.5672279333569656,0.26071428571428573,0.8021978021978022
Left,random,WRM,HTL,5,0.05,1,401,91,40,9,TargetOnly,arc labels,,0.5224920241049273,0.26506024096385544,0.24175824175824176
Left,random,WRM,HTL,5,0.05,1,401,91,40,9,Source+Target,arc labels,,0.5521091811414391,0.250814332247557,0.8461538461538461
Left,random,WRM,HTL,5,0.05,1,401,91,40,9,COT,arc labels,,0.49319390287132225,0.22448979591836735,0.967032967032967
Left,random,WRM,HTL,5,0.05,1,401,91,40,9,none-HS4,arc labels,,0.5589507266926622,0.26903553299492383,0.5824175824175825
Left,random,WRM,HTL,5,0.05,1,401,91,40,9,none-HSsrc,nothing,,0.49317617866004965,0.22310756972111553,0.6153846153846154
Left,random,WRM,HTL,5,0.05,1,401,91,40,9,none-PCA,arc segments,16.0,0.4642857142857143,0.20103092783505155,0.42857142857142855
Left,random,WRM,HTL,5,0.05,1,401,91,40,9,QOTu-HS4,arc labels,,0.5509925558312655,0.25609756097560976,0.6923076923076923
Left,random,WRM,HTL,5,0.05,1,401,91,40,9,QOTu-HSsrc,arc segments,,0.5571428571428572,0.2589641434262948,0.7142857142857143
Left,random,WRM,HTL,5,0.05,1,401,91,40,9,QOTu-PCA,arc segments,16.0,0.5156504785537044,0.23834196891191708,0.5054945054945055
Left,random,WRM,HTL,5,0.05,1,401,91,40,9,QOTc-HS4,arc labels,,0.5355015951790145,0.2689075630252101,0.3516483516483517
Left,random,WRM,HTL,5,0.05,1,401,91,40,9,QOTc-HSsrc,arc labels,,0.4577277561148529,0.18831168831168832,0.31868131868131866
Left,random,WRM,HTL,5,0.05,1,401,91,40,9,QOTc-PCA,arc labels,64.0,0.46664303438496985,0.18,0.1978021978021978
Left,random,WRM,HTL,5,0.05,1,401,91,40,9,SDM-HS4,arc labels,,0.5316199929103155,0.26495726495726496,0.34065934065934067
Left,random,WRM,HTL,5,0.05,1,401,91,40,9,SDM-HSsrc,arc labels,,0.4682204891882311,0.20642201834862386,0.4945054945054945
Left,random,WRM,HTL,5,0.05,1,401,91,40,9,SDM-PCA,arc labels,16.0,0.4957284650833038,0.22115384615384615,0.25274725274725274
Left,random,WRM,HTL,5,0.1,1,401,91,80,18,NoAdapt,nothing,,0.5672279333569656,0.26071428571428573,0.8021978021978022
Left,random,WRM,HTL,5,0.1,1,401,91,80,18,TargetOnly,arc labels,,0.48222261609358386,0.2076923076923077,0.2967032967032967
Left,random,WRM,HTL,5,0.1,1,401,91,80,18,Source+Target,arc labels,,0.5573023750443105,0.25236593059936907,0.8791208791208791
Left,random,WRM,HTL,5,0.1,1,401,91,80,18,COT,arc labels,,0.5394009216589861,0.2480916030534351,0.7142857142857143
Left,random,WRM,HTL,5,0.1,1,401,91,80,18,none-HS4,arc labels,,0.5499291031549096,0.2608695652173913,0.5934065934065934
Left,random,WRM,HTL,5,0.1,1,401,91,80,18,none-HSsrc,nothing,,0.49317617866004965,0.22310756972111553,0.6153846153846154
Left,random,WRM,HTL,5,0.1,1,401,91,80,18,none-PCA,arc segments,16.0,0.45622119815668205,0.19597989949748743,0.42857142857142855
Left,random,WRM,HTL,5,0.1,1,401,91,80,18,QOTu-HS4,arc labels,,0.5826479971641262,0.27459016393442626,0.7362637362637363
Left,random,WRM,HTL,5,0.1,1,401,91,80,18,QOTu-HSsrc,arc segments,,0.5619815668202766,0.2620967741935484,0.7142857142857143
Left,random,WRM,HTL,5,0.1,1,401,91,80,18,QOTu-PCA,arc segments,16.0,0.5217476072314782,0.24431818181818182,0.4725274725274725
Left,random,WRM,HTL,5,0.1,1,401,91,80,18,QOTc-HS4,arc labels,,0.5164480680609713,0.2459016393442623,0.32967032967032966
Left,random,WRM,HTL,5,0.1,1,401,91,80,18,QOTc-HSsrc,arc labels,,0.4650833037929812,0.18699186991869918,0.25274725274725274
Left,random,WRM,HTL,5,0.1,1,401,91,80,18,QOTc-PCA,arc labels,64.0,0.5180077986529599,0.25252525252525254,0.27472527472527475
Left,random,WRM,HTL,5,0.1,1,401,91,80,18,SDM-HS4,arc labels,,0.5054590570719604,0.23333333333333334,0.3076923076923077
Left,random,WRM,HTL,5,0.1,1,401,91,80,18,SDM-HSsrc,arc labels,,0.432523927685218,0.16447368421052633,0.27472527472527475
Left,random,WRM,HTL,5,0.1,1,401,91,80,18,SDM-PCA,arc labels,32.0,0.5442750797589507,0.2714285714285714,0.4175824175824176
Left,random,WRM,HTL,5,0.2,1,401,91,161,34,NoAdapt,nothing,,0.5672279333569656,0.26071428571428573,0.8021978021978022
Left,random,WRM,HTL,5,0.2,1,401,91,161,34,TargetOnly,arc labels,,0.5427153491669621,0.26380368098159507,0.4725274725274725
Left,random,WRM,HTL,5,0.2,1,401,91,161,34,Source+Target,arc labels,,0.5647110953562566,0.2564935064935065,0.8681318681318682
Left,random,WRM,HTL,5,0.2,1,401,91,161,34,COT,arc labels,,0.6111308046791918,0.2857142857142857,0.8351648351648352
Left,random,WRM,HTL,5,0.2,1,401,91,161,34,none-HS4,arc labels,,0.5541120170152428,0.265,0.5824175824175825
Left,random,WRM,HTL,5,0.2,1,401,91,161,34,none-HSsrc,nothing,,0.49317617866004965,0.22310756972111553,0.6153846153846154
Left,random,WRM,HTL,5,0.2,1,401,91,161,34,none-PCA,arc segments,16.0,0.4801666075859624,0.21395348837209302,0.5054945054945055
Left,random,WRM,HTL,5,0.2,1,401,91,161,34,QOTu-HS4,arc labels,,0.5619283941864587,0.26548672566371684,0.6593406593406593
Left,random,WRM,HTL,5,0.2,1,401,91,161,34,QOTu-HSsrc,arc segments,,0.5584012761432117,0.2616033755274262,0.6813186813186813
Left,random,WRM,HTL,5,0.2,1,401,91,161,34,QOTu-PCA,arc segments,16.0,0.5123714994682737,0.23699421965317918,0.45054945054945056
Left,random,WRM,HTL,5,0.2,1,401,91,161,34,QOTc-HS4,arc labels,,0.548369372562921,0.2565217391304348,0.6483516483516484
Left,random,WRM,HTL,5,0.2,1,401,91,161,34,QOTc-HSsrc,arc labels,,0.533498759305211,0.24778761061946902,0.6153846153846154
Left,random,WRM,HTL,5,0.2,1,401,91,161,34,QOTc-PCA,arc labels,32.0,0.5148351648351648,0.24390243902439024,0.32967032967032966
Left,random,WRM,HTL,5,0.2,1,401,91,161,34,SDM-HS4,arc labels,,0.5351648351648352,0.24696356275303644,0.6703296703296703
Left,random,WRM,HTL,5,0.2,1,401,91,161,34,SDM-HSsrc,arc labels,,0.534509039347749,0.24691358024691357,0.6593406593406593
Left,random,WRM,HTL,5,0.2,1,401,91,161,34,SDM-PCA,arc labels,32.0,0.5169088975540588,0.24022346368715083,0.4725274725274725
Left,random,WRM,HTL,5,0.3,1,401,91,241,52,NoAdapt,nothing,,0.5672279333569656,0.26071428571428573,0.8021978021978022
Left,random,WRM,HTL,5,0.3,1,401,91,241,52,TargetOnly,arc labels,,0.5596065225097483,0.26865671641791045,0.5934065934065934
Left,random,WRM,HTL,5,0.3,1,401,91,241,52,Source+Target,arc labels,,0.5663239985820632,0.25732899022801303,0.8681318681318682
Left,random,WRM,HTL,5,0.3,1,401,91,241,52,COT,arc labels,,0.5989365473236441,0.2733333333333333,0.9010989010989011
Left,random,WRM,HTL,5,0.3,1,401,91,241,52,none-HS4,arc labels,,0.5511875221552641,0.26424870466321243,0.5604395604395604
Left,random,WRM,HTL,5,0.3,1,401,91,241,52,none-HSsrc,nothing,,0.49317617866004965,0.22310756972111553,0.6153846153846154
Left,random,WRM,HTL,5,0.3,1,401,91,241,52,none-PCA,arc segments,16.0,0.48303792981212335,0.215,0.4725274725274725
Left,random,WRM,HTL,5,0.3,1,401,91,241,52,QOTu-HS4,arc labels,,0.5619283941864587,0.26548672566371684,0.6593406593406593
Left,random,WRM,HTL,5,0.3,1,401,91,241,52,QOTu-HSsrc,arc segments,,0.5503367600141794,0.256198347107438,0.6813186813186813
Left,random,WRM,HTL,5,0.3,1,401,91,241,52,QOTu-PCA,arc segments,16.0,0.5084898971995746,0.23391812865497075,0.43956043956043955
Left,random,WRM,HTL,5,0.3,1,401,91,241,52,QOTc-HS4,arc labels,,0.5641439205955335,0.27053140096618356,0.6153846153846154
Left,random,WRM,HTL,5,0.3,1,401,91,241,52,QOTc-HSsrc,arc labels,,0.5444345976604041,0.25728155339805825,0.5824175824175825
Left,random,WRM,HTL,5,0.3,1,401,91,241,52,QOTc-PCA,arc labels,64.0,0.5359624246721021,0.2556818181818182,0.4945054945054945
Left,random,WRM,HTL,5,0.3,1,401,91,241,52,SDM-HS4,arc labels,,0.5393477490251684,0.25,0.6593406593406593
Left,random,WRM,HTL,5,0.3,1,401,91,241,52,SDM-HSsrc,arc labels,,0.5538638780574264,0.2597402597402597,0.6593406593406593
Left,random,WRM,HTL,5,0.3,1,401,91,241,52,SDM-PCA,arc labels,64.0,0.5119283941864587,0.23346303501945526,0.6593406593406593
Left,random,WRM,HTL,5,0.5,1,401,91,380,70,NoAdapt,nothing,,0.5672279333569656,0.26071428571428573,0.8021978021978022
Left,random,WRM,HTL,5,0.5,1,401,91,380,70,TargetOnly,arc labels,,0.5777029422190713,0.28078817733990147,0.6263736263736264
Left,random,WRM,HTL,5,0.5,1,401,91,380,70,Source+Target,arc labels,,0.5663239985820632,0.25732899022801303,0.8681318681318682
Left,random,WRM,HTL,5,0.5,1,401,91,380,70,COT,arc labels,,0.6065934065934067,0.2846153846153846,0.8131868131868132
Left,random,WRM,HTL,5,0.5,1,401,91,380,70,none-HS4,arc labels,,0.5495746189294577,0.26288659793814434,0.5604395604395604
Left,random,WRM,HTL,5,0.5,1,401,91,380,70,none-HSsrc,nothing,,0.49317617866004965,0.22310756972111553,0.6153846153846154
Left,random,WRM,HTL,5,0.5,1,401,91,380,70,none-PCA,arc segments,16.0,0.47885501595179014,0.21256038647342995,0.4835164835164835
Left,random,WRM,HTL,5,0.5,1,401,91,380,70,QOTu-HS4,arc labels,,0.5645515774548033,0.2644628099173554,0.7032967032967034
Left,random,WRM,HTL,5,0.5,1,401,91,380,70,QOTu-HSsrc,arc segments,,0.563594470046083,0.2631578947368421,0.7142857142857143
Left,random,WRM,HTL,5,0.5,1,401,91,380,70,QOTu-PCA,arc segments,16.0,0.5059198865650478,0.23163841807909605,0.45054945054945056
Left,random,WRM,HTL,5,0.5,1,401,91,380,70,QOTc-HS4,arc labels,,0.5922722438851471,0.28703703703703703,0.6813186813186813
Left,random,WRM,HTL,5,0.5,1,401,91,380,70,QOTc-HSsrc,arc labels,,0.4834987593052109,0.2178988326848249,0.6153846153846154
Left,random,WRM,HTL,5,0.5,1,401,91,380,70,QOTc-PCA,arc labels,64.0,0.5554236086494151,0.2644230769230769,0.6043956043956044
Left,random,WRM,HTL,5,0.5,1,401,91,380,70,SDM-HS4,arc labels,,0.5580467919177596,0.26339285714285715,0.6483516483516484
Left,random,WRM,HTL,5,0.5,1,401,91,380,70,SDM-HSsrc,arc labels,,0.5287132222616093,0.24302788844621515,0.6703296703296703
Left,random,WRM,HTL,5,0.5,1,401,91,380,70,SDM-PCA,arc labels,64.0,0.4698865650478554,0.20920502092050208,0.5494505494505495
Left,random,WRM,HTL,6,0.05,1,401,89,40,7,NoAdapt,nothing,,0.5887892538173437,0.26765799256505574,0.8089887640449438
Left,random,WRM,HTL,6,0.05,1,401,89,40,7,TargetOnly,arc labels,,0.5068424085278018,0.22641509433962265,0.5393258426966292
Left,random,WRM,HTL,6,0.05,1,401,89,40,7,Source+Target,arc labels,,0.5743661768942667,0.2589928057553957,0.8089887640449438
Left,random,WRM,HTL,6,0.05,1,401,89,40,7,COT,arc labels,,0.49882958801498123,0.22119815668202766,0.5393258426966292
Left,random,WRM,HTL,6,0.05,1,401,89,40,7,none-HS4,arc labels,,0.4955704407951599,0.21875,0.47191011235955055
Left,random,WRM,HTL,6,0.05,1,401,89,40,7,none-HSsrc,nothing,,0.51413497551138,0.22983870967741934,0.6404494382022472
Left,random,WRM,HTL,6,0.05,1,401,89,40,7,none-PCA,arc segments,16.0,0.4466472198213771,0.185,0.4157303370786517
Left,random,WRM,HTL,6,0.05,1,401,89,40,7,QOTu-HS4,arc labels,,0.5950374531835206,0.29347826086956524,0.6067415730337079
Left,random,WRM,HTL,6,0.05,1,401,89,40,7,QOTu-HSsrc,arc segments,,0.6038065399020456,0.3141025641025641,0.550561797752809
Left,random,WRM,HTL,6,0.05,1,401,89,40,7,QOTu-PCA,arc segments,64.0,0.5435033131662345,0.28888888888888886,0.29213483146067415
Left,random,WRM,HTL,6,0.05,1,401,89,40,7,QOTc-HS4,arc labels,,0.4931936041486603,0.21739130434782608,0.5056179775280899
Left,random,WRM,HTL,6,0.05,1,401,89,40,7,QOTc-HSsrc,arc labels,,0.48681936041486606,0.21397379912663755,0.550561797752809
Left,random,WRM,HTL,6,0.05,1,401,89,40,7,QOTc-PCA,arc labels,32.0,0.48570296744454045,0.19444444444444445,0.15730337078651685
Left,random,WRM,HTL,6,0.05,1,401,89,40,7,SDM-HS4,arc labels,,0.5557836358398156,0.25821596244131456,0.6179775280898876
Left,random,WRM,HTL,6,0.05,1,401,89,40,7,SDM-HSsrc,arc labels,,0.5221658023624316,0.23412698412698413,0.6629213483146067
Left,random,WRM,HTL,6,0.05,1,401,89,40,7,SDM-PCA,arc labels,16.0,0.5179703255545952,0.2375,0.42696629213483145
Left,random,WRM,HTL,6,0.1,1,401,89,80,15,NoAdapt,nothing,,0.5887892538173437,0.26765799256505574,0.8089887640449438
Left,random,WRM,HTL,6,0.1,1,401,89,80,15,TargetOnly,arc labels,,0.5613836070296745,0.2634146341463415,0.6067415730337079
Left,random,WRM,HTL,6,0.1,1,401,89,80,15,Source+Target,arc labels,,0.5840175741861136,0.2620689655172414,0.8539325842696629
Left,random,WRM,HTL,6,0.1,1,401,89,80,15,COT,arc labels,,0.612107461826563,0.2745762711864407,0.9101123595505618
Left,random,WRM,HTL,6,0.1,1,401,89,80,15,none-HS4,arc labels,,0.56215787957361,0.2670157068062827,0.5730337078651685
Left,random,WRM,HTL,6,0.1,1,401,89,80,15,none-HSsrc,nothing,,0.51413497551138,0.22983870967741934,0.6404494382022472
Left,random,WRM,HTL,6,0.1,1,401,89,80,15,none-PCA,arc segments,16.0,0.4554703255545952,0.19095477386934673,0.42696629213483145
Left,random,WRM,HTL,6,0.1,1,401,89,80,15,QOTu-HS4,arc labels,,0.5990708729472775,0.2923076923076923,0.6404494382022472
Left,random,WRM,HTL,6,0.1,1,401,89,80,15,QOTu-HSsrc,arc segments,,0.5950554595217517,0.29015544041450775,0.6292134831460674
Left,random,WRM,HTL,6,0.1,1,401,89,80,15,QOTu-PCA,arc segments,64.0,0.5555495534428119,0.3020833333333333,0.3258426966292135
Left,random,WRM,HTL,6,0.1,1,401,89,80,15,QOTc-HS4,arc labels,,0.576652981849611,0.2706422018348624,0.6629213483146067
Left,random,WRM,HTL,6,0.1,1,401,89,80,15,QOTc-HSsrc,arc labels,,0.5245426390089312,0.23628691983122363,0.6292134831460674
Left,random,WRM,HTL,6,0.1,1,401,89,80,15,QOTc-PCA,arc labels,64.0,0.5212114664361855,0.23863636363636365,0.47191011235955055
Left,random,WRM,HTL,6,0.1,1,401,89,80,15,SDM-HS4,arc labels,,0.5526325266493806,0.25206611570247933,0.6853932584269663
Left,random,WRM,HTL,6,0.1,1,401,89,80,15,SDM-HSsrc,arc labels,,0.5133607029674445,0.22900763358778625,0.6741573033707865
Left,random,WRM,HTL,6,0.1,1,401,89,80,15,SDM-PCA,arc labels,64.0,0.47488115816767507,0.20938628158844766,0.651685393258427
Left,random,WRM,HTL,6,0.2,1,401,89,161,28,NoAdapt,nothing,,0.5887892538173437,0.26765799256505574,0.8089887640449438
Left,random,WRM,HTL,6,0.2,1,401,89,161,28,TargetOnly,arc labels,,0.569396427542495,0.27,0.6067415730337079
Left,random,WRM,HTL,6,0.2,1,401,89,161,28,Source+Target,arc labels,,0.6000792278882167,0.2684563758389262,0.898876404494382
Left,random,WRM,HTL,6,0.2,1,401,89,161,28,COT,arc labels,,0.6017178046672429,0.26666666666666666,0.9438202247191011
Left,random,WRM,HTL,6,0.2,1,401,89,161,28,none-HS4,arc labels,,0.56215787957361,0.2670157068062827,0.5730337078651685
Left,random,WRM,HTL,6,0.2,1,401,89,161,28,none-HSsrc,nothing,,0.51413497551138,0.22983870967741934,0.6404494382022472
Left,random,WRM,HTL,6,0.2,1,401,89,161,28,none-PCA,arc segments,16.0,0.4667422932872371,0.2009132420091324,0.4943820224719101
Left,random,WRM,HTL,6,0.2,1,401,89,161,28,QOTu-HS4,arc labels,,0.5918683376548546,0.28431372549019607,0.651685393258427
Left,random,WRM,HTL,6,0.2,1,401,89,161,28,QOTu-HSsrc,arc segments,,0.5950734658599828,0.2871287128712871,0.651685393258427
Left,random,WRM,HTL,6,0.2,1,401,89,161,28,QOTu-PCA,arc segments,64.0,0.5258751080380294,0.25742574257425743,0.29213483146067415
Left,random,WRM,HTL,6,0.2,1,401,89,161,28,QOTc-HS4,arc labels,,0.554955344281187,0.26,0.5842696629213483
Left,random,WRM,HTL,6,0.2,1,401,89,161,28,QOTc-HSsrc,arc labels,,0.45231921636416017,0.19298245614035087,0.4943820224719101
Left,random,WRM,HTL,6,0.2,1,401,89,161,28,QOTc-PCA,arc labels,64.0,0.5027909824258139,0.22395833333333334,0.48314606741573035
Left,random,WRM,HTL,6,0.2,1,401,89,161,28,SDM-HS4,arc labels,,0.5454299913569577,0.24701195219123506,0.6966292134831461
Left,random,WRM,HTL,6,0.2,1,401,89,161,28,SDM-HSsrc,arc labels,,0.5085710169979833,0.22627737226277372,0.6966292134831461
Left,random,WRM,HTL,6,0.2,1,401,89,161,28,SDM-PCA,arc labels,64.0,0.5038173437049841,0.2236842105263158,0.7640449438202247
Left,random,WRM,HTL,6,0.3,1,401,89,241,44,NoAdapt,nothing,,0.5887892538173437,0.26765799256505574,0.8089887640449438
Left,random,WRM,HTL,6,0.3,1,401,89,241,44,TargetOnly,arc labels,,0.5629861711322386,0.2647058823529412,0.6067415730337079
Left,random,WRM,HTL,6,0.3,1,401,89,241,44,Source+Target,arc labels,,0.5768150388936906,0.25752508361204013,0.8651685393258427
Left,random,WRM,HTL,6,0.3,1,401,89,241,44,COT,arc labels,,0.58480985306828,0.2631578947368421,0.8426966292134831
Left,random,WRM,HTL,6,0.3,1,401,89,241,44,none-HS4,arc labels,,0.554937337942956,0.2617801047120419,0.5617977528089888
Left,random,WRM,HTL,6,0.3,1,401,89,241,44,none-HSsrc,nothing,,0.51413497551138,0.22983870967741934,0.6404494382022472
Left,random,WRM,HTL,6,0.3,1,401,89,241,44,none-PCA,arc segments,32.0,0.4696773264188995,0.17073170731707318,0.15730337078651685
Left,random,WRM,HTL,6,0.3,1,401,89,241,44,QOTu-HS4,arc labels,,0.5958477384039181,0.2925531914893617,0.6179775280898876
Left,random,WRM,HTL,6,0.3,1,401,89,241,44,QOTu-HSsrc,arc segments,,0.5998811581676751,0.2914572864321608,0.651685393258427
Left,random,WRM,HTL,6,0.3,1,401,89,241,44,QOTu-PCA,arc segments,64.0,0.5322853644482858,0.26804123711340205,0.29213483146067415
Left,random,WRM,HTL,6,0.3,1,401,89,241,44,QOTc-HS4,arc labels,,0.5493373667530971,0.2562814070351759,0.5730337078651685
Left,random,WRM,HTL,6,0.3,1,401,89,241,44,QOTc-HSsrc,arc labels,,0.4451166810717373,0.189873417721519,0.5056179775280899
Left,random,WRM,HTL,6,0.3,1,401,89,241,44,QOTc-PCA,arc labels,64.0,0.5372371074618265,0.25301204819277107,0.47191011235955055
Left,random,WRM,HTL,6,0.3,1,401,89,241,44,SDM-HS4,arc labels,,0.5124423797176606,0.23039215686274508,0.5280898876404494
Left,random,WRM,HTL,6,0.3,1,401,89,241,44,SDM-HSsrc,arc labels,,0.49575050417747046,0.2198581560283688,0.6966292134831461
Left,random,WRM,HTL,6,0.3,1,401,89,241,44,SDM-PCA,arc labels,64.0,0.47722198213771244,0.20901639344262296,0.5730337078651685
Left,random,WRM,HTL,6,0.5,1,401,89,380,78,NoAdapt,nothing,,0.5887892538173437,0.26765799256505574,0.8089887640449438
Left,random,WRM,HTL,6,0.5,1,401,89,380,78,TargetOnly,arc labels,,0.5501296456352636,0.25773195876288657,0.5617977528089888
Left,random,WRM,HTL,6,0.5,1,401,89,380,78,Source+Target,arc labels,,0.5944252376836646,0.26881720430107525,0.8426966292134831
Left,random,WRM,HTL,6,0.5,1,401,89,380,78,COT,arc labels,,0.5655250648228176,0.25555555555555554,0.7752808988764045
Left,random,WRM,HTL,6,0.5,1,401,89,380,78,none-HS4,arc labels,,0.5509399308556612,0.25757575757575757,0.5730337078651685
Left,random,WRM,HTL,6,0.5,1,401,89,380,78,none-HSsrc,nothing,,0.51413497551138,0.22983870967741934,0.6404494382022472
Left,random,WRM,HTL,6,0.5,1,401,89,380,78,none-PCA,arc segments,32.0,0.4696773264188995,0.17073170731707318,0.15730337078651685
Left,random,WRM,HTL,6,0.5,1,401,89,380,78,QOTu-HS4,arc labels,,0.5990708729472775,0.2923076923076923,0.6404494382022472
Left,random,WRM,HTL,6,0.5,1,401,89,380,78,QOTu-HSsrc,arc segments,,0.5966580236243157,0.2916666666666667,0.6292134831460674
Left,random,WRM,HTL,6,0.5,1,401,89,380,78,QOTu-PCA,arc segments,64.0,0.505023768366465,0.22857142857142856,0.2696629213483146
Left,random,WRM,HTL,6,0.5,1,401,89,380,78,QOTc-HS4,arc labels,,0.554937337942956,0.2617801047120419,0.5617977528089888
Left,random,WRM,HTL,6,0.5,1,401,89,380,78,QOTc-HSsrc,arc labels,,0.49087078651685395,0.21686746987951808,0.6067415730337079
Left,random,WRM,HTL,6,0.5,1,401,89,380,78,QOTc-PCA,arc labels,64.0,0.5204552002304811,0.23618090452261306,0.5280898876404494
Left,random,WRM,HTL,6,0.5,1,401,89,380,78,SDM-HS4,arc labels,,0.5236783347738404,0.23786407766990292,0.550561797752809
Left,random,WRM,HTL,6,0.5,1,401,89,380,78,SDM-HSsrc,arc labels,,0.5141709881878421,0.22932330827067668,0.6853932584269663
Left,random,WRM,HTL,6,0.5,1,401,89,380,78,SDM-PCA,arc labels,32.0,0.49719101123595505,0.22,0.4943820224719101
Left,random,WRM,HTL,7,0.05,1,401,88,40,10,NoAdapt,nothing,,0.5750254138832414,0.26406926406926406,0.6931818181818182
Left,random,WRM,HTL,7,0.05,1,401,88,40,10,TargetOnly,arc labels,,0.5178078710426953,0.2396694214876033,0.32954545454545453
Left,random,WRM,HTL,7,0.05,1,401,88,40,10,Source+Target,arc labels,,0.523544147545745,0.23265306122448978,0.6477272727272727
Left,random,WRM,HTL,7,0.05,1,401,88,40,10,COT,arc labels,,0.5162104269532385,0.23770491803278687,0.32954545454545453
Left,random,WRM,HTL,7,0.05,1,401,88,40,10,none-HS4,arc labels,,0.5329291315713041,0.24338624338624337,0.5227272727272727
Left,random,WRM,HTL,7,0.05,1,401,88,40,10,none-HSsrc,nothing,,0.5233626198083067,0.2330508474576271,0.625
Left,random,WRM,HTL,7,0.05,1,401,88,40,10,none-PCA,arc segments,8.0,0.49724077839093817,0.21739130434782608,0.45454545454545453
Left,random,WRM,HTL,7,0.05,1,401,88,40,10,QOTu-HS4,arc labels,,0.573373511472553,0.3119266055045872,0.38636363636363635
Left,random,WRM,HTL,7,0.05,1,401,88,40,10,QOTu-HSsrc,arc segments,,0.5838476619227417,0.32710280373831774,0.3977272727272727
Left,random,WRM,HTL,7,0.05,1,401,88,40,10,QOTu-PCA,arc segments,8.0,0.553314696485623,0.28205128205128205,0.375
Left,random,WRM,HTL,7,0.05,1,401,88,40,10,QOTc-HS4,arc labels,,0.5657493465001452,0.2878787878787879,0.4318181818181818
Left,random,WRM,HTL,7,0.05,1,401,88,40,10,QOTc-HSsrc,arc labels,,0.49241214057507987,0.20952380952380953,0.25
Left,random,WRM,HTL,7,0.05,1,401,88,40,10,QOTc-PCA,arc labels,64.0,0.5105286087714203,0.23140495867768596,0.3181818181818182
Left,random,WRM,HTL,7,0.05,1,401,88,40,10,SDM-HS4,arc labels,,0.48175646238745284,0.19387755102040816,0.2159090909090909
Left,random,WRM,HTL,7,0.05,1,401,88,40,10,SDM-HSsrc,arc labels,,0.4680874237583503,0.17647058823529413,0.20454545454545456
Left,random,WRM,HTL,7,0.05,1,401,88,40,10,SDM-PCA,arc labels,8.0,0.5243791751379612,0.24603174603174602,0.3522727272727273
Left,random,WRM,HTL,7,0.1,1,401,88,80,18,NoAdapt,nothing,,0.5750254138832414,0.26406926406926406,0.6931818181818182
Left,random,WRM,HTL,7,0.1,1,401,88,80,18,TargetOnly,arc labels,,0.5220556200987511,0.25274725274725274,0.26136363636363635
Left,random,WRM,HTL,7,0.1,1,401,88,80,18,Source+Target,arc labels,,0.5354342143479524,0.24034334763948498,0.6363636363636364
Left,random,WRM,HTL,7,0.1,1,401,88,80,18,COT,arc labels,,0.4952621260528609,0.21428571428571427,0.3068181818181818
Left,random,WRM,HTL,7,0.1,1,401,88,80,18,none-HS4,arc labels,,0.537902991577113,0.24615384615384617,0.5454545454545454
Left,random,WRM,HTL,7,0.1,1,401,88,80,18,none-HSsrc,nothing,,0.5233626198083067,0.2330508474576271,0.625
Left,random,WRM,HTL,7,0.1,1,401,88,80,18,none-PCA,arc segments,8.0,0.4956433343014812,0.21621621621621623,0.45454545454545453
Left,random,WRM,HTL,7,0.1,1,401,88,80,18,QOTu-HS4,arc labels,,0.573373511472553,0.3119266055045872,0.38636363636363635
Left,random,WRM,HTL,7,0.1,1,401,88,80,18,QOTu-HSsrc,arc segments,,0.5879320360151031,0.3302752293577982,0.4090909090909091
Left,random,WRM,HTL,7,0.1,1,401,88,80,18,QOTu-PCA,arc segments,8.0,0.5597044728434505,0.2920353982300885,0.375
Left,random,WRM,HTL,7,0.1,1,401,88,80,18,QOTc-HS4,arc labels,,0.5794183851292477,0.3046875,0.4431818181818182
Left,random,WRM,HTL,7,0.1,1,401,88,80,18,QOTc-HSsrc,arc labels,,0.5794183851292477,0.3046875,0.4431818181818182
Left,random,WRM,HTL,7,0.1,1,401,88,80,18,QOTc-PCA,arc labels,64.0,0.5222371478361894,0.25,0.2840909090909091
Left,random,WRM,HTL,7,0.1,1,401,88,80,18,SDM-HS4,arc labels,,0.5028862910252687,0.22330097087378642,0.26136363636363635
Left,random,WRM,HTL,7,0.1,1,401,88,80,18,SDM-HSsrc,arc labels,,0.5216925646238745,0.2602739726027397,0.2159090909090909
Left,random,WRM,HTL,7,0.1,1,401,88,80,18,SDM-PCA,arc labels,32.0,0.443417804240488,0.1557377049180328,0.2159090909090909
Left,random,WRM,HTL,7,0.2,1,401,88,161,36,NoAdapt,nothing,,0.5750254138832414,0.26406926406926406,0.6931818181818182
Left,random,WRM,HTL,7,0.2,1,401,88,161,36,TargetOnly,arc labels,,0.4354487365669474,0.16666666666666666,0.3181818181818182
Left,random,WRM,HTL,7,0.2,1,401,88,161,36,Source+Target,arc labels,,0.5137779552715656,0.22727272727272727,0.625
Left,random,WRM,HTL,7,0.2,1,401,88,161,36,COT,arc labels,,0.4851873366250363,0.21052631578947367,0.5454545454545454
Left,random,WRM,HTL,7,0.2,1,401,88,161,36,none-HS4,arc labels,,0.5572538483880337,0.2604166666666667,0.5681818181818182
Left,random,WRM,HTL,7,0.2,1,401,88,161,36,none-HSsrc,nothing,,0.5233626198083067,0.2330508474576271,0.625
Left,random,WRM,HTL,7,0.2,1,401,88,161,36,none-PCA,arc segments,8.0,0.4947538483880337,0.2154696132596685,0.4431818181818182
Left,random,WRM,HTL,7,0.2,1,401,88,161,36,QOTu-HS4,arc labels,,0.5914899796688934,0.32,0.45454545454545453
Left,random,WRM,HTL,7,0.2,1,401,88,161,36,QOTu-HSsrc,arc segments,,0.5872240778390938,0.32456140350877194,0.42045454545454547
Left,random,WRM,HTL,7,0.2,1,401,88,161,36,QOTu-PCA,arc segments,8.0,0.5607754864943364,0.2857142857142857,0.4090909090909091
Left,random,WRM,HTL,7,0.2,1,401,88,161,36,QOTc-HS4,arc labels,,0.5473061283764159,0.25555555555555554,0.5227272727272727
Left,random,WRM,HTL,7,0.2,1,401,88,161,36,QOTc-HSsrc,arc labels,,0.4465037757769387,0.19272727272727272,0.6022727272727273
Left,random,WRM,HTL,7,0.2,1,401,88,161,36,QOTc-PCA,arc labels,64.0,0.49582486203891957,0.21649484536082475,0.4772727272727273
Left,random,WRM,HTL,7,0.2,1,401,88,161,36,SDM-HS4,arc labels,,0.5123257333720592,0.22941176470588234,0.4431818181818182
Left,random,WRM,HTL,7,0.2,1,401,88,161,36,SDM-HSsrc,arc labels,,0.4479378449027011,0.19607843137254902,0.6818181818181818
Left,random,WRM,HTL,7,0.2,1,401,88,161,36,SDM-PCA,arc labels,16.0,0.5314950624455417,0.2468354430379747,0.4431818181818182
Left,random,WRM,HTL,7,0.3,1,401,88,241,52,NoAdapt,nothing,,0.5750254138832414,0.26406926406926406,0.6931818181818182
Left,random,WRM,HTL,7,0.3,1,401,88,241,52,TargetOnly,arc labels,,0.49653282021492884,0.21693121693121692,0.4659090909090909
Left,random,WRM,HTL,7,0.3,1,401,88,241,52,Source+Target,arc labels,,0.5144859134475748,0.22784810126582278,0.6136363636363636
Left,random,WRM,HTL,7,0.3,1,401,88,241,52,COT,arc labels,,0.5095120534417659,0.22510822510822512,0.5909090909090909
Left,random,WRM,HTL,7,0.3,1,401,88,241,52,none-HS4,arc labels,,0.5572538483880337,0.2604166666666667,0.5681818181818182
Left,random,WRM,HTL,7,0.3,1,401,88,241,52,none-HSsrc,nothing,,0.5233626198083067,0.2330508474576271,0.625
Left,random,WRM,HTL,7,0.3,1,401,88,241,52,none-PCA,arc segments,8.0,0.4979487365669474,0.21787709497206703,0.4431818181818182
Left,random,WRM,HTL,7,0.3,1,401,88,241,52,QOTu-HS4,arc labels,,0.580126343305257,0.3089430894308943,0.4318181818181818
Left,random,WRM,HTL,7,0.3,1,401,88,241,52,QOTu-HSsrc,arc segments,,0.5888215219285506,0.3274336283185841,0.42045454545454547
Left,random,WRM,HTL,7,0.3,1,401,88,241,52,QOTu-PCA,arc segments,8.0,0.5639703746732501,0.2903225806451613,0.4090909090909091
Left,random,WRM,HTL,7,0.3,1,401,88,241,52,QOTc-HS4,arc labels,,0.5673649433633459,0.27325581395348836,0.5340909090909091
Left,random,WRM,HTL,7,0.3,1,401,88,241,52,QOTc-HSsrc,arc labels,,0.5278100493755445,0.234375,0.6818181818181818
Left,random,WRM,HTL,7,0.3,1,401,88,241,52,QOTc-PCA,arc labels,64.0,0.5059359570142318,0.22413793103448276,0.4431818181818182
Left,random,WRM,HTL,7,0.3,1,401,88,241,52,SDM-HS4,arc labels,,0.5441112401975021,0.25274725274725274,0.5227272727272727
Left,random,WRM,HTL,7,0.3,1,401,88,241,52,SDM-HSsrc,arc labels,,0.5430946848678477,0.23972602739726026,0.7954545454545454
Left,random,WRM,HTL,7,0.3,1,401,88,241,52,SDM-PCA,arc labels,64.0,0.45058814986930007,0.19494584837545126,0.6136363636363636
Left,random,WRM,HTL,7,0.5,1,401,88,391,79,NoAdapt,nothing,,0.5750254138832414,0.26406926406926406,0.6931818181818182
Left,random,WRM,HTL,7,0.5,1,401,88,391,79,TargetOnly,arc labels,,0.5073700261399942,0.22439024390243903,0.5227272727272727
Left,random,WRM,HTL,7,0.5,1,401,88,391,79,Source+Target,arc labels,,0.5375580888759802,0.24311926605504589,0.6022727272727273
Left,random,WRM,HTL,7,0.5,1,401,88,391,79,COT,arc labels,,0.513414899796689,0.22767857142857142,0.5795454545454546
Left,random,WRM,HTL,7,0.5,1,401,88,391,79,none-HS4,arc labels,,0.5572538483880337,0.2604166666666667,0.5681818181818182
Left,random,WRM,HTL,7,0.5,1,401,88,391,79,none-HSsrc,nothing,,0.5233626198083067,0.2330508474576271,0.625
Left,random,WRM,HTL,7,0.5,1,401,88,391,79,none-PCA,arc segments,8.0,0.4995461806564043,0.21910112359550563,0.4431818181818182
Left,random,WRM,HTL,7,0.5,1,401,88,391,79,QOTu-HS4,arc labels,,0.580126343305257,0.3089430894308943,0.4318181818181818
Left,random,WRM,HTL,7,0.5,1,401,88,391,79,QOTu-HSsrc,arc segments,,0.5904189660180076,0.33035714285714285,0.42045454545454547
Left,random,WRM,HTL,7,0.5,1,401,88,391,79,QOTu-PCA,arc segments,8.0,0.5614834446703456,0.2892561983471074,0.3977272727272727
Left,random,WRM,HTL,7,0.5,1,401,88,391,79,QOTc-HS4,arc labels,,0.5714493174557072,0.27586206896551724,0.5454545454545454
Left,random,WRM,HTL,7,0.5,1,401,88,391,79,QOTc-HSsrc,arc labels,,0.5255046471100784,0.23282442748091603,0.6931818181818182
Left,random,WRM,HTL,7,0.5,1,401,88,391,79,QOTc-PCA,arc labels,32.0,0.5187155097298867,0.23493975903614459,0.4431818181818182
Left,random,WRM,HTL,7,0.5,1,401,88,391,79,SDM-HS4,arc labels,,0.5513905024687772,0.25824175824175827,0.5340909090909091
Left,random,WRM,HTL,7,0.5,1,401,88,391,79,SDM-HSsrc,arc labels,,0.5310230903282022,0.23389830508474577,0.7840909090909091
Left,random,WRM,HTL,7,0.5,1,401,88,391,79,SDM-PCA,arc labels,64.0,0.45254864943363343,0.19727891156462585,0.6590909090909091
Left,random,WRM,PTT,0,0.05,1,1136,85,114,6,NoAdapt,nothing,,0.5141210052051268,0.07889908256880734,0.5058823529411764
Left,random,WRM,PTT,0,0.05,1,1136,85,114,6,TargetOnly,arc labels,,0.44530139363071586,0.05378973105134474,0.25882352941176473
Left,random,WRM,PTT,0,0.05,1,1136,85,114,6,Source+Target,arc labels,,0.49777242961885043,0.07420494699646643,0.49411764705882355
Left,random,WRM,PTT,0,0.05,1,1136,85,114,6,COT,arc labels,,0.4363071584485364,0.053418803418803416,0.29411764705882354
Left,random,WRM,PTT,0,0.05,1,1136,85,114,6,none-HS4,arc labels,,0.5383892091565455,0.0842433697347894,0.6352941176470588
Left,random,WRM,PTT,0,0.05,1,1136,85,114,6,none-HSsrc,nothing,,0.5314322493983321,0.08088235294117647,0.7764705882352941
Left,random,WRM,PTT,0,0.05,1,1136,85,114,6,none-PCA,arc segments,32.0,0.5219007108076342,0.08354430379746836,0.38823529411764707
Left,random,WRM,PTT,0,0.05,1,1136,85,114,6,QOTu-HS4,arc labels,,0.5170090110259137,0.08421052631578947,0.2823529411764706
Left,random,WRM,PTT,0,0.05,1,1136,85,114,6,QOTu-HSsrc,arc segments,,0.5180892147534562,0.0859375,0.25882352941176473
Left,random,WRM,PTT,0,0.05,1,1136,85,114,6,QOTu-PCA,arc segments,32.0,0.47687356579168294,0.06460674157303371,0.27058823529411763
Left,random,WRM,PTT,0,0.05,1,1136,85,114,6,QOTc-HS4,arc labels,,0.45131247551351655,0.05483028720626632,0.24705882352941178
Left,random,WRM,PTT,0,0.05,1,1136,85,114,6,QOTc-HSsrc,arc labels,,0.5392343426428612,0.1271186440677966,0.17647058823529413
Left,random,WRM,PTT,0,0.05,1,1136,85,114,6,QOTc-PCA,arc labels,64.0,0.525443555157553,0.08843537414965986,0.3058823529411765
Left,random,WRM,PTT,0,0.05,1,1136,85,114,6,SDM-HS4,arc labels,,0.4606089438629877,0.054838709677419356,0.2
Left,random,WRM,PTT,0,0.05,1,1136,85,114,6,SDM-HSsrc,arc labels,,0.5256954161302961,0.11827956989247312,0.12941176470588237
Left,random,WRM,PTT,0,0.05,1,1136,85,114,6,SDM-PCA,arc labels,64.0,0.4186656965355124,0.05392156862745098,0.38823529411764707
Left,random,WRM,PTT,0,0.1,1,1136,85,227,8,NoAdapt,nothing,,0.5141210052051268,0.07889908256880734,0.5058823529411764
Left,random,WRM,PTT,0,0.1,1,1136,85,227,8,TargetOnly,arc labels,,0.45853249006548386,0.053156146179401995,0.18823529411764706
Left,random,WRM,PTT,0,0.1,1,1136,85,227,8,Source+Target,arc labels,,0.4971231880002239,0.0740072202166065,0.4823529411764706
Left,random,WRM,PTT,0,0.1,1,1136,85,227,8,COT,arc labels,,0.4501483181283932,0.05845511482254697,0.32941176470588235
Left,random,WRM,PTT,0,0.1,1,1136,85,227,8,none-HS4,arc labels,,0.5388649465495047,0.084375,0.6352941176470588
Left,random,WRM,PTT,0,0.1,1,1136,85,227,8,none-HSsrc,nothing,,0.5314322493983321,0.08088235294117647,0.7764705882352941
Left,random,WRM,PTT,0,0.1,1,1136,85,227,8,none-PCA,arc segments,32.0,0.5219007108076342,0.08354430379746836,0.38823529411764707
Left,random,WRM,PTT,0,0.1,1,1136,85,227,8,QOTu-HS4,arc labels,,0.5683942463760004,0.10802469135802469,0.4117647058823529
Left,random,WRM,PTT,0,0.1,1,1136,85,227,8,QOTu-HSsrc,arc segments,,0.5157105277886607,0.0842911877394636,0.25882352941176473
Left,random,WRM,PTT,0,0.1,1,1136,85,227,8,QOTu-PCA,arc segments,32.0,0.5059830973302737,0.07733333333333334,0.3411764705882353
Left,random,WRM,PTT,0,0.1,1,1136,85,227,8,QOTc-HS4,arc labels,,0.4767000615660155,0.0641399416909621,0.25882352941176473
Left,random,WRM,PTT,0,0.1,1,1136,85,227,8,QOTc-HSsrc,arc labels,,0.5895393742654055,0.15053763440860216,0.32941176470588235
Left,random,WRM,PTT,0,0.1,1,1136,85,227,8,QOTc-PCA,arc labels,64.0,0.5036044103654782,0.07631578947368421,0.3411764705882353
Left,random,WRM,PTT,0,0.1,1,1136,85,227,8,SDM-HS4,arc labels,,0.4629484524542452,0.06067961165048544,0.29411764705882354
Left,random,WRM,PTT,0,0.1,1,1136,85,227,8,SDM-HSsrc,arc labels,,0.5270834499356355,0.09644670050761421,0.2235294117647059
Left,random,WRM,PTT,0,0.1,1,1136,85,227,8,SDM-PCA,arc labels,32.0,0.5002742486147647,0.07493540051679587,0.3411764705882353
Left,random,WRM,PTT,0,0.2,1,1136,85,454,23,NoAdapt,nothing,,0.5141210052051268,0.07889908256880734,0.5058823529411764
Left,random,WRM,PTT,0,0.2,1,1136,85,454,23,TargetOnly,arc labels,,0.45416689987127107,0.05570291777188329,0.24705882352941178
Left,random,WRM,PTT,0,0.2,1,1136,85,454,23,Source+Target,arc labels,,0.5025689819219791,0.0757238307349666,0.4
Left,random,WRM,PTT,0,0.2,1,1136,85,454,23,COT,arc labels,,0.45084233503106286,0.060263653483992465,0.3764705882352941
Left,random,WRM,PTT,0,0.2,1,1136,85,454,23,none-HS4,arc labels,,0.5399899255610903,0.08448540706605223,0.6470588235294118
Left,random,WRM,PTT,0,0.2,1,1136,85,454,23,none-HSsrc,nothing,,0.5314322493983321,0.08088235294117647,0.7764705882352941
Left,random,WRM,PTT,0,0.2,1,1136,85,454,23,none-PCA,arc segments,32.0,0.5228521855935524,0.08396946564885496,0.38823529411764707
Left,random,WRM,PTT,0,0.2,1,1136,85,454,23,QOTu-HS4,arc labels,,0.5117758997033637,0.08108108108108109,0.2823529411764706
Left,random,WRM,PTT,0,0.2,1,1136,85,454,23,QOTu-HSsrc,arc segments,,0.517137739967538,0.08527131782945736,0.25882352941176473
Left,random,WRM,PTT,0,0.2,1,1136,85,454,23,QOTu-PCA,arc segments,32.0,0.5077125426764426,0.0782122905027933,0.32941176470588235
Left,random,WRM,PTT,0,0.2,1,1136,85,454,23,QOTc-HS4,arc labels,,0.4533049756534393,0.058823529411764705,0.3176470588235294
Left,random,WRM,PTT,0,0.2,1,1136,85,454,23,QOTc-HSsrc,arc labels,,0.5204679017182515,0.08764940239043825,0.25882352941176473
Left,random,WRM,PTT,0,0.2,1,1136,85,454,23,QOTc-PCA,arc labels,64.0,0.5230648681927577,0.08695652173913043,0.3058823529411765
Left,random,WRM,PTT,0,0.2,1,1136,85,454,23,SDM-HS4,arc labels,,0.48608608048357305,0.06857142857142857,0.2823529411764706
Left,random,WRM,PTT,0,0.2,1,1136,85,454,23,SDM-HSsrc,arc labels,,0.5065427883808138,0.0781758957654723,0.2823529411764706
Left,random,WRM,PTT,0,0.2,1,1136,85,454,23,SDM-PCA,arc labels,32.0,0.46887558067946494,0.0640176600441501,0.3411764705882353
Left,random,WRM,PTT,0,0.3,1,1136,85,682,33,NoAdapt,nothing,,0.5141210052051268,0.07889908256880734,0.5058823529411764
Left,random,WRM,PTT,0,0.3,1,1136,85,682,33,TargetOnly,arc labels,,0.4420551855375833,0.04871060171919771,0.2
Left,random,WRM,PTT,0,0.3,1,1136,85,682,33,Source+Target,arc labels,,0.5224212234846365,0.08294930875576037,0.4235294117647059
Left,random,WRM,PTT,0,0.3,1,1136,85,682,33,COT,arc labels,,0.487787541277215,0.07220708446866485,0.6235294117647059
Left,random,WRM,PTT,0,0.3,1,1136,85,682,33,none-HS4,arc labels,,0.5433200873118039,0.08540372670807453,0.6470588235294118
Left,random,WRM,PTT,0,0.3,1,1136,85,682,33,none-HSsrc,nothing,,0.5314322493983321,0.08088235294117647,0.7764705882352941
Left,random,WRM,PTT,0,0.3,1,1136,85,682,33,none-PCA,arc segments,32.0,0.5273073263558516,0.08564231738035265,0.4
Left,random,WRM,PTT,0,0.3,1,1136,85,682,33,QOTu-HS4,arc labels,,0.5108244249174456,0.08053691275167785,0.2823529411764706
Left,random,WRM,PTT,0,0.3,1,1136,85,682,33,QOTu-HSsrc,arc segments,,0.5157105277886607,0.0842911877394636,0.25882352941176473
Left,random,WRM,PTT,0,0.3,1,1136,85,682,33,QOTu-PCA,arc segments,32.0,0.5121676834387419,0.08011049723756906,0.3411764705882353
Left,random,WRM,PTT,0,0.3,1,1136,85,682,33,QOTc-HS4,arc labels,,0.4535624335366878,0.056790123456790124,0.27058823529411763
Left,random,WRM,PTT,0,0.3,1,1136,85,682,33,QOTc-HSsrc,arc labels,,0.5247047629708401,0.09405940594059406,0.2235294117647059
Left,random,WRM,PTT,0,0.3,1,1136,85,682,33,QOTc-PCA,arc labels,32.0,0.5369452062461522,0.10344827586206896,0.24705882352941178
Left,random,WRM,PTT,0,0.3,1,1136,85,682,33,SDM-HS4,arc labels,,0.480377231768064,0.06629834254143646,0.2823529411764706
Left,random,WRM,PTT,0,0.3,1,1136,85,682,33,SDM-HSsrc,arc labels,,0.5060670509878546,0.07792207792207792,0.2823529411764706
Left,random,WRM,PTT,0,0.3,1,1136,85,682,33,SDM-PCA,arc labels,64.0,0.43986679352997143,0.06311881188118812,0.6
Left,random,WRM,PTT,0,0.5,1,1136,85,1124,54,NoAdapt,nothing,,0.5141210052051268,0.07889908256880734,0.5058823529411764
Left,random,WRM,PTT,0,0.5,1,1136,85,1124,54,TargetOnly,arc labels,,0.5066771142329434,0.07728337236533958,0.38823529411764707
Left,random,WRM,PTT,0,0.5,1,1136,85,1124,54,Source+Target,arc labels,,0.5227234566519281,0.08333333333333333,0.4117647058823529
Left,random,WRM,PTT,0,0.5,1,1136,85,1124,54,COT,arc labels,,0.4726926736441484,0.06901217861975643,0.6
Left,random,WRM,PTT,0,0.5,1,1136,85,1124,54,none-HS4,arc labels,,0.5428443499188448,0.08527131782945736,0.6470588235294118
Left,random,WRM,PTT,0,0.5,1,1136,85,1124,54,none-HSsrc,nothing,,0.5314322493983321,0.08088235294117647,0.7764705882352941
Left,random,WRM,PTT,0,0.5,1,1136,85,1124,54,none-PCA,arc segments,32.0,0.523501427212179,0.08395061728395062,0.4
Left,random,WRM,PTT,0,0.5,1,1136,85,1124,54,QOTu-HS4,arc labels,,0.518436223204791,0.0851063829787234,0.2823529411764706
Left,random,WRM,PTT,0,0.5,1,1136,85,1124,54,QOTu-HSsrc,arc segments,,0.517137739967538,0.08527131782945736,0.25882352941176473
Left,random,WRM,PTT,0,0.5,1,1136,85,1124,54,QOTu-PCA,arc segments,32.0,0.5128169250573683,0.08021390374331551,0.35294117647058826
Left,random,WRM,PTT,0,0.5,1,1136,85,1124,54,QOTc-HS4,arc labels,,0.46454916885878994,0.061611374407582936,0.3058823529411765
Left,random,WRM,PTT,0,0.5,1,1136,85,1124,54,QOTc-HSsrc,arc labels,,0.5151060614540773,0.08304498269896193,0.2823529411764706
Left,random,WRM,PTT,0,0.5,1,1136,85,1124,54,QOTc-PCA,arc labels,32.0,0.519734706442044,0.08496732026143791,0.3058823529411765
Left,random,WRM,PTT,0,0.5,1,1136,85,1124,54,SDM-HS4,arc labels,,0.4802485028264398,0.06683804627249357,0.3058823529411765
Left,random,WRM,PTT,0,0.5,1,1136,85,1124,54,SDM-HSsrc,arc labels,,0.49309341243633514,0.0718232044198895,0.3058823529411765
Left,random,WRM,PTT,0,0.5,1,1136,85,1124,54,SDM-PCA,arc labels,32.0,0.5277830637488107,0.08585858585858586,0.4
Left,random,WRM,PTT,1,0.05,1,1136,76,114,4,NoAdapt,nothing,,0.5434210526315789,0.08026030368763558,0.4868421052631579
Left,random,WRM,PTT,1,0.05,1,1136,76,114,4,TargetOnly,arc labels,,0.5346077457795432,0.07948717948717948,0.40789473684210525
Left,random,WRM,PTT,1,0.05,1,1136,76,114,4,Source+Target,arc labels,,0.5491062562065541,0.08294930875576037,0.47368421052631576
Left,random,WRM,PTT,1,0.05,1,1136,76,114,4,COT,arc labels,,0.51487090367428,0.07235142118863049,0.3684210526315789
Left,random,WRM,PTT,1,0.05,1,1136,76,114,4,none-HS4,arc labels,,0.5587636544190666,0.08170515097690942,0.6052631578947368
Left,random,WRM,PTT,1,0.05,1,1136,76,114,4,none-HSsrc,nothing,,0.5311320754716982,0.07251908396946564,0.75
Left,random,WRM,PTT,1,0.05,1,1136,76,114,4,none-PCA,arc segments,4.0,0.5792452830188679,0.08333333333333333,0.75
Left,random,WRM,PTT,1,0.05,1,1136,76,114,4,QOTu-HS4,arc labels,,0.5447616683217478,0.0958904109589041,0.27631578947368424
Left,random,WRM,PTT,1,0.05,1,1136,76,114,4,QOTu-HSsrc,arc segments,,0.5428252234359484,0.09090909090909091,0.3026315789473684
Left,random,WRM,PTT,1,0.05,1,1136,76,114,4,QOTu-PCA,arc segments,8.0,0.6020357497517379,0.12213740458015267,0.42105263157894735
Left,random,WRM,PTT,1,0.05,1,1136,76,114,4,QOTc-HS4,arc labels,,0.4203078450844091,0.0410958904109589,0.23684210526315788
Left,random,WRM,PTT,1,0.05,1,1136,76,114,4,QOTc-HSsrc,arc labels,,0.5054617676266138,0.06887755102040816,0.35526315789473684
Left,random,WRM,PTT,1,0.05,1,1136,76,114,4,QOTc-PCA,arc labels,64.0,0.5524329692154916,0.125,0.21052631578947367
Left,random,WRM,PTT,1,0.05,1,1136,76,114,4,SDM-HS4,arc labels,,0.4514150943396226,0.04909560723514212,0.25
Left,random,WRM,PTT,1,0.05,1,1136,76,114,4,SDM-HSsrc,arc labels,,0.5031032770605759,0.06801007556675064,0.35526315789473684
Left,random,WRM,PTT,1,0.05,1,1136,76,114,4,SDM-PCA,arc labels,16.0,0.5182720953326713,0.075,0.3157894736842105
Left,random,WRM,PTT,1,0.1,1,1136,76,227,11,NoAdapt,nothing,,0.5434210526315789,0.08026030368763558,0.4868421052631579
Left,random,WRM,PTT,1,0.1,1,1136,76,227,11,TargetOnly,arc labels,,0.4679245283018868,0.05397727272727273,0.25
Left,random,WRM,PTT,1,0.1,1,1136,76,227,11,Source+Target,arc labels,,0.5434458788480635,0.08071748878923767,0.47368421052631576
Left,random,WRM,PTT,1,0.1,1,1136,76,227,11,COT,arc labels,,0.5014647467725919,0.06728971962616823,0.47368421052631576
Left,random,WRM,PTT,1,0.1,1,1136,76,227,11,none-HS4,arc labels,,0.5559334657398213,0.08084358523725835,0.6052631578947368
Left,random,WRM,PTT,1,0.1,1,1136,76,227,11,none-HSsrc,nothing,,0.5311320754716982,0.07251908396946564,0.75
Left,random,WRM,PTT,1,0.1,1,1136,76,227,11,none-PCA,arc segments,4.0,0.586395233366435,0.08653846153846154,0.7105263157894737
Left,random,WRM,PTT,1,0.1,1,1136,76,227,11,QOTu-HS4,arc labels,,0.5418570009930487,0.08888888888888889,0.3157894736842105
Left,random,WRM,PTT,1,0.1,1,1136,76,227,11,QOTu-HSsrc,arc segments,,0.5409384309831182,0.08949416342412451,0.3026315789473684
Left,random,WRM,PTT,1,0.1,1,1136,76,227,11,QOTu-PCA,arc segments,8.0,0.5926266137040715,0.11610486891385768,0.40789473684210525
Left,random,WRM,PTT,1,0.1,1,1136,76,227,11,QOTc-HS4,arc labels,,0.4833912611717974,0.06068601583113457,0.3026315789473684
Left,random,WRM,PTT,1,0.1,1,1136,76,227,11,QOTc-HSsrc,arc labels,,0.4685948361469712,0.05825242718446602,0.39473684210526316
Left,random,WRM,PTT,1,0.1,1,1136,76,227,11,QOTc-PCA,arc labels,64.0,0.5154667328699106,0.07395498392282958,0.3026315789473684
Left,random,WRM,PTT,1,0.1,1,1136,76,227,11,SDM-HS4,arc labels,,0.47204568023833166,0.05741626794258373,0.3157894736842105
Left,random,WRM,PTT,1,0.1,1,1136,76,227,11,SDM-HSsrc,arc labels,,0.46717974180734856,0.05791505791505792,0.39473684210526316
Left,random,WRM,PTT,1,0.1,1,1136,76,227,11,SDM-PCA,arc labels,16.0,0.4674528301886792,0.053824362606232294,0.25
Left,random,WRM,PTT,1,0.2,1,1136,76,454,15,NoAdapt,nothing,,0.5434210526315789,0.08026030368763558,0.4868421052631579
Left,random,WRM,PTT,1,0.2,1,1136,76,454,15,TargetOnly,arc labels,,0.4970456802383317,0.06575342465753424,0.3157894736842105
Left,random,WRM,PTT,1,0.2,1,1136,76,454,15,Source+Target,arc labels,,0.5571251241310824,0.08633093525179857,0.47368421052631576
Left,random,WRM,PTT,1,0.2,1,1136,76,454,15,COT,arc labels,,0.48962264150943396,0.06521739130434782,0.75
Left,random,WRM,PTT,1,0.2,1,1136,76,454,15,none-HS4,arc labels,,0.5596822244289971,0.08159722222222222,0.618421052631579
Left,random,WRM,PTT,1,0.2,1,1136,76,454,15,none-HSsrc,nothing,,0.5311320754716982,0.07251908396946564,0.75
Left,random,WRM,PTT,1,0.2,1,1136,76,454,15,none-PCA,arc segments,8.0,0.5109980139026813,0.07032967032967033,0.42105263157894735
Left,random,WRM,PTT,1,0.2,1,1136,76,454,15,QOTu-HS4,arc labels,,0.535700099304866,0.08389261744966443,0.32894736842105265
Left,random,WRM,PTT,1,0.2,1,1136,76,454,15,QOTu-HSsrc,arc segments,,0.5399702085402185,0.08759124087591241,0.3157894736842105
Left,random,WRM,PTT,1,0.2,1,1136,76,454,15,QOTu-PCA,arc segments,8.0,0.5878599801390267,0.10749185667752444,0.4342105263157895
Left,random,WRM,PTT,1,0.2,1,1136,76,454,15,QOTc-HS4,arc labels,,0.48480635551142004,0.061170212765957445,0.3026315789473684
Left,random,WRM,PTT,1,0.2,1,1136,76,454,15,QOTc-HSsrc,arc labels,,0.49078947368421055,0.0640176600441501,0.3815789473684211
Left,random,WRM,PTT,1,0.2,1,1136,76,454,15,QOTc-PCA,arc labels,32.0,0.4819265143992056,0.046875,0.07894736842105263
Left,random,WRM,PTT,1,0.2,1,1136,76,454,15,SDM-HS4,arc labels,,0.4673038728897716,0.056433408577878104,0.32894736842105265
Left,random,WRM,PTT,1,0.2,1,1136,76,454,15,SDM-HSsrc,arc labels,,0.479940417080437,0.06092436974789916,0.3815789473684211
Left,random,WRM,PTT,1,0.2,1,1136,76,454,15,SDM-PCA,arc labels,32.0,0.4650198609731877,0.05459057071960298,0.2894736842105263
Left,random,WRM,PTT,1,0.3,1,1136,76,682,36,NoAdapt,nothing,,0.5434210526315789,0.08026030368763558,0.4868421052631579
Left,random,WRM,PTT,1,0.3,1,1136,76,682,36,TargetOnly,arc labels,,0.5510923535253227,0.08648648648648649,0.42105263157894735
Left,random,WRM,PTT,1,0.3,1,1136,76,682,36,Source+Target,arc labels,,0.5406901688182721,0.08108108108108109,0.4342105263157895
Left,random,WRM,PTT,1,0.3,1,1136,76,682,36,COT,arc labels,,0.5085153922542205,0.0691588785046729,0.4868421052631579
Left,random,WRM,PTT,1,0.3,1,1136,76,682,36,none-HS4,arc labels,,0.5592105263157895,0.08145580589254767,0.618421052631579
Left,random,WRM,PTT,1,0.3,1,1136,76,682,36,none-HSsrc,nothing,,0.5311320754716982,0.07251908396946564,0.75
Left,random,WRM,PTT,1,0.3,1,1136,76,682,36,none-PCA,arc segments,8.0,0.5058093346573982,0.06866952789699571,0.42105263157894735
Left,random,WRM,PTT,1,0.3,1,1136,76,682,36,QOTu-HS4,arc labels,,0.5432472691161867,0.08865248226950355,0.32894736842105265
Left,random,WRM,PTT,1,0.3,1,1136,76,682,36,QOTu-HSsrc,arc segments,,0.5385799404170805,0.08778625954198473,0.3026315789473684
Left,random,WRM,PTT,1,0.3,1,1136,76,682,36,QOTu-PCA,arc segments,8.0,0.6010675273088382,0.11827956989247312,0.4342105263157895
Left,random,WRM,PTT,1,0.3,1,1136,76,682,36,QOTc-HS4,arc labels,,0.5079195630585899,0.07033639143730887,0.3026315789473684
Left,random,WRM,PTT,1,0.3,1,1136,76,682,36,QOTc-HSsrc,arc labels,,0.5148957298907646,0.07258064516129033,0.35526315789473684
Left,random,WRM,PTT,1,0.3,1,1136,76,682,36,QOTc-PCA,arc labels,64.0,0.49503475670307845,0.0625,0.13157894736842105
Left,random,WRM,PTT,1,0.3,1,1136,76,682,36,SDM-HS4,arc labels,,0.4842850049652433,0.06142506142506143,0.32894736842105265
Left,random,WRM,PTT,1,0.3,1,1136,76,682,36,SDM-HSsrc,arc labels,,0.504493545183714,0.06845965770171149,0.3684210526315789
Left,random,WRM,PTT,1,0.3,1,1136,76,682,36,SDM-PCA,arc labels,64.0,0.5149950347567032,0.07046979865771812,0.5526315789473685
Left,random,WRM,PTT,1,0.5,1,1136,76,1112,63,NoAdapt,nothing,,0.5434210526315789,0.08026030368763558,0.4868421052631579
Left,random,WRM,PTT,1,0.5,1,1136,76,1112,63,TargetOnly,arc labels,,0.46037735849056605,0.051630434782608696,0.25
Left,random,WRM,PTT,1,0.5,1,1136,76,1112,63,Source+Target,arc labels,,0.5553128103277061,0.08776595744680851,0.4342105263157895
Left,random,WRM,PTT,1,0.5,1,1136,76,1112,63,COT,arc labels,,0.4911618669314797,0.064453125,0.4342105263157895
Left,random,WRM,PTT,1,0.5,1,1136,76,1112,63,none-HS4,arc labels,,0.5559334657398213,0.08084358523725835,0.6052631578947368
Left,random,WRM,PTT,1,0.5,1,1136,76,1112,63,none-HSsrc,nothing,,0.5311320754716982,0.07251908396946564,0.75
Left,random,WRM,PTT,1,0.5,1,1136,76,1112,63,none-PCA,arc segments,8.0,0.5062810327706058,0.06881720430107527,0.42105263157894735
Left,random,WRM,PTT,1,0.5,1,1136,76,1112,63,QOTu-HS4,arc labels,,0.5451340615690169,0.08992805755395683,0.32894736842105265
Left,random,WRM,PTT,1,0.5,1,1136,76,1112,63,QOTu-HSsrc,arc segments,,0.5385799404170805,0.08778625954198473,0.3026315789473684
Left,random,WRM,PTT,1,0.5,1,1136,76,1112,63,QOTu-PCA,arc segments,16.0,0.5873634558093347,0.10526315789473684,0.4473684210526316
Left,random,WRM,PTT,1,0.5,1,1136,76,1112,63,QOTc-HS4,arc labels,,0.48902681231380335,0.06282722513089005,0.3157894736842105
Left,random,WRM,PTT,1,0.5,1,1136,76,1112,63,QOTc-HSsrc,arc labels,,0.5726415094339623,0.09178743961352658,0.5
Left,random,WRM,PTT,1,0.5,1,1136,76,1112,63,QOTc-PCA,arc labels,64.0,0.4855014895729891,0.058333333333333334,0.18421052631578946
Left,random,WRM,PTT,1,0.5,1,1136,76,1112,63,SDM-HS4,arc labels,,0.49699602780536245,0.06582278481012659,0.34210526315789475
Left,random,WRM,PTT,1,0.5,1,1136,76,1112,63,SDM-HSsrc,arc labels,,0.5082671300893744,0.06982543640897755,0.3684210526315789
Left,random,WRM,PTT,1,0.5,1,1136,76,1112,63,SDM-PCA,arc labels,32.0,0.5375620655412116,0.08414239482200647,0.34210526315789475
Left,random,WRM,PTT,2,0.05,1,1136,82,114,8,NoAdapt,nothing,,0.5396515018281113,0.08624708624708624,0.45121951219512196
Left,random,WRM,PTT,2,0.05,1,1136,82,114,8,TargetOnly,arc labels,,0.46169065580598884,0.048582995951417005,0.14634146341463414
Left,random,WRM,PTT,2,0.05,1,1136,82,114,8,Source+Target,arc labels,,0.5148562965705559,0.07766990291262135,0.3902439024390244
Left,random,WRM,PTT,2,0.05,1,1136,82,114,8,COT,arc labels,,0.5665756467811358,0.08527131782945736,0.8048780487804879
Left,random,WRM,PTT,2,0.05,1,1136,82,114,8,none-HS4,arc labels,,0.556983847827093,0.08851224105461393,0.573170731707317
Left,random,WRM,PTT,2,0.05,1,1136,82,114,8,none-HSsrc,nothing,,0.5327671587911325,0.07860824742268041,0.7439024390243902
Left,random,WRM,PTT,2,0.05,1,1136,82,114,8,none-PCA,arc segments,8.0,0.5217637802563984,0.07972665148063782,0.4268292682926829
Left,random,WRM,PTT,2,0.05,1,1136,82,114,8,QOTu-HS4,arc labels,,0.531135743046235,0.09090909090909091,0.2804878048780488
Left,random,WRM,PTT,2,0.05,1,1136,82,114,8,QOTu-HSsrc,arc segments,,0.5301869764428195,0.09019607843137255,0.2804878048780488
Left,random,WRM,PTT,2,0.05,1,1136,82,114,8,QOTu-PCA,arc segments,16.0,0.5956981533762207,0.12121212121212122,0.43902439024390244
Left,random,WRM,PTT,2,0.05,1,1136,82,114,8,QOTc-HS4,arc labels,,0.4829684824362475,0.06018518518518518,0.15853658536585366
Left,random,WRM,PTT,2,0.05,1,1136,82,114,8,QOTc-HSsrc,arc labels,,0.499548757347156,0.072,0.32926829268292684
Left,random,WRM,PTT,2,0.05,1,1136,82,114,8,QOTc-PCA,arc labels,32.0,0.46101957698893875,0.04145077720207254,0.0975609756097561
Left,random,WRM,PTT,2,0.05,1,1136,82,114,8,SDM-HS4,arc labels,,0.4849238672652381,0.06440677966101695,0.23170731707317074
Left,random,WRM,PTT,2,0.05,1,1136,82,114,8,SDM-HSsrc,arc labels,,0.499548757347156,0.072,0.32926829268292684
Left,random,WRM,PTT,2,0.05,1,1136,82,114,8,SDM-PCA,arc labels,8.0,0.48923959827833574,0.06866952789699571,0.3902439024390244
Left,random,WRM,PTT,2,0.1,1,1136,82,227,14,NoAdapt,nothing,,0.5396515018281113,0.08624708624708624,0.45121951219512196
Left,random,WRM,PTT,2,0.1,1,1136,82,227,14,TargetOnly,arc labels,,0.43010367010690975,0.04336043360433604,0.1951219512195122
Left,random,WRM,PTT,2,0.1,1,1136,82,227,14,Source+Target,arc labels,,0.5256976905632433,0.08188585607940446,0.4024390243902439
Left,random,WRM,PTT,2,0.1,1,1136,82,227,14,COT,arc labels,,0.44087564215300595,0.0481283422459893,0.21951219512195122
Left,random,WRM,PTT,2,0.1,1,1136,82,227,14,none-HS4,arc labels,,0.5622020641458787,0.09038461538461538,0.573170731707317
Left,random,WRM,PTT,2,0.1,1,1136,82,227,14,none-HSsrc,nothing,,0.5327671587911325,0.07860824742268041,0.7439024390243902
Left,random,WRM,PTT,2,0.1,1,1136,82,227,14,none-PCA,arc segments,8.0,0.5096380802517703,0.07565011820330969,0.3902439024390244
Left,random,WRM,PTT,2,0.1,1,1136,82,227,14,QOTu-HS4,arc labels,,0.5376382653769611,0.09363295880149813,0.3048780487804878
Left,random,WRM,PTT,2,0.1,1,1136,82,227,14,QOTu-HSsrc,arc segments,,0.5301869764428195,0.09019607843137255,0.2804878048780488
Left,random,WRM,PTT,2,0.1,1,1136,82,227,14,QOTu-PCA,arc segments,8.0,0.575311241727218,0.11934156378600823,0.35365853658536583
Left,random,WRM,PTT,2,0.1,1,1136,82,227,14,QOTc-HS4,arc labels,,0.47252047947424447,0.05970149253731343,0.24390243902439024
Left,random,WRM,PTT,2,0.1,1,1136,82,227,14,QOTc-HSsrc,arc labels,,0.47168741611514786,0.0636182902584493,0.3902439024390244
Left,random,WRM,PTT,2,0.1,1,1136,82,227,14,QOTc-PCA,arc labels,64.0,0.4920511871152867,0.06557377049180328,0.14634146341463414
Left,random,WRM,PTT,2,0.1,1,1136,82,227,14,SDM-HS4,arc labels,,0.4578145971213033,0.0546448087431694,0.24390243902439024
Left,random,WRM,PTT,2,0.1,1,1136,82,227,14,SDM-HSsrc,arc labels,,0.47168741611514786,0.0636182902584493,0.3902439024390244
Left,random,WRM,PTT,2,0.1,1,1136,82,227,14,SDM-PCA,arc labels,32.0,0.5276067940945064,0.08609271523178808,0.3170731707317073
Left,random,WRM,PTT,2,0.2,1,1136,82,454,26,NoAdapt,nothing,,0.5396515018281113,0.08624708624708624,0.45121951219512196
Left,random,WRM,PTT,2,0.2,1,1136,82,454,26,TargetOnly,arc labels,,0.4963784884528162,0.07003891050583658,0.21951219512195122
Left,random,WRM,PTT,2,0.2,1,1136,82,454,26,Source+Target,arc labels,,0.5356597398991068,0.08638743455497382,0.4024390243902439
Left,random,WRM,PTT,2,0.2,1,1136,82,454,26,COT,arc labels,,0.5381705003008284,0.08882521489971347,0.3780487804878049
Left,random,WRM,PTT,2,0.2,1,1136,82,454,26,none-HS4,arc labels,,0.5621326421992873,0.0898876404494382,0.5853658536585366
Left,random,WRM,PTT,2,0.2,1,1136,82,454,26,none-HSsrc,nothing,,0.5327671587911325,0.07860824742268041,0.7439024390243902
Left,random,WRM,PTT,2,0.2,1,1136,82,454,26,none-PCA,arc segments,8.0,0.5096380802517703,0.07565011820330969,0.3902439024390244
Left,random,WRM,PTT,2,0.2,1,1136,82,454,26,QOTu-HS4,arc labels,,0.5257786828342667,0.08561643835616438,0.3048780487804878
Left,random,WRM,PTT,2,0.2,1,1136,82,454,26,QOTu-HSsrc,arc segments,,0.5220530383671959,0.08391608391608392,0.2926829268292683
Left,random,WRM,PTT,2,0.2,1,1136,82,454,26,QOTu-PCA,arc segments,32.0,0.5557921044106077,0.10067114093959731,0.36585365853658536
Left,random,WRM,PTT,2,0.2,1,1136,82,454,26,QOTc-HS4,arc labels,,0.5251076040172167,0.08823529411764706,0.25609756097560976
Left,random,WRM,PTT,2,0.2,1,1136,82,454,26,QOTc-HSsrc,arc labels,,0.5032744018142269,0.07349081364829396,0.34146341463414637
Left,random,WRM,PTT,2,0.2,1,1136,82,454,26,QOTc-PCA,arc labels,64.0,0.49305780534086174,0.06818181818181818,0.21951219512195122
Left,random,WRM,PTT,2,0.2,1,1136,82,454,26,SDM-HS4,arc labels,,0.5013190169852363,0.0728476821192053,0.2682926829268293
Left,random,WRM,PTT,2,0.2,1,1136,82,454,26,SDM-HSsrc,arc labels,,0.4723700652566298,0.06304347826086956,0.35365853658536583
Left,random,WRM,PTT,2,0.2,1,1136,82,454,26,SDM-PCA,arc labels,64.0,0.4831188966538622,0.06828528072837632,0.5487804878048781
Left,random,WRM,PTT,2,0.3,1,1136,82,682,39,NoAdapt,nothing,,0.5396515018281113,0.08624708624708624,0.45121951219512196
Left,random,WRM,PTT,2,0.3,1,1136,82,682,39,TargetOnly,arc labels,,0.4723353542833341,0.04918032786885246,0.10975609756097561
Left,random,WRM,PTT,2,0.3,1,1136,82,682,39,Source+Target,arc labels,,0.5362035451474059,0.08719346049046321,0.3902439024390244
Left,random,WRM,PTT,2,0.3,1,1136,82,682,39,COT,arc labels,,0.45937659091960936,0.05373134328358209,0.21951219512195122
Left,random,WRM,PTT,2,0.3,1,1136,82,682,39,none-HS4,arc labels,,0.5632202526958856,0.09126984126984126,0.5609756097560976
Left,random,WRM,PTT,2,0.3,1,1136,82,682,39,none-HSsrc,nothing,,0.5327671587911325,0.07860824742268041,0.7439024390243902
Left,random,WRM,PTT,2,0.3,1,1136,82,682,39,none-PCA,arc segments,8.0,0.5048942472346925,0.07390300230946882,0.3902439024390244
Left,random,WRM,PTT,2,0.3,1,1136,82,682,39,QOTu-HS4,arc labels,,0.5210348498171888,0.08278145695364239,0.3048780487804878
Left,random,WRM,PTT,2,0.3,1,1136,82,682,39,QOTu-HSsrc,arc segments,,0.5296431711945203,0.08888888888888889,0.2926829268292683
Left,random,WRM,PTT,2,0.3,1,1136,82,682,39,QOTu-PCA,arc segments,8.0,0.5845906419215995,0.12075471698113208,0.3902439024390244
Left,random,WRM,PTT,2,0.3,1,1136,82,682,39,QOTc-HS4,arc labels,,0.4922363123061971,0.06865671641791045,0.2804878048780488
Left,random,WRM,PTT,2,0.3,1,1136,82,682,39,QOTc-HSsrc,arc labels,,0.5018512519091035,0.07291666666666667,0.34146341463414637
Left,random,WRM,PTT,2,0.3,1,1136,82,682,39,QOTc-PCA,arc labels,32.0,0.49001481001527286,0.06511627906976744,0.17073170731707318
Left,random,WRM,PTT,2,0.3,1,1136,82,682,39,SDM-HS4,arc labels,,0.49548757347156014,0.07017543859649122,0.2926829268292683
Left,random,WRM,PTT,2,0.3,1,1136,82,682,39,SDM-HSsrc,arc labels,,0.47569074836858427,0.0640176600441501,0.35365853658536583
Left,random,WRM,PTT,2,0.3,1,1136,82,682,39,SDM-PCA,arc labels,32.0,0.4256259545517656,0.04523809523809524,0.23170731707317074
Left,random,WRM,PTT,2,0.5,1,1136,82,1112,57,NoAdapt,nothing,,0.5396515018281113,0.08624708624708624,0.45121951219512196
Left,random,WRM,PTT,2,0.5,1,1136,82,1112,57,TargetOnly,arc labels,,0.4946892210857592,0.0684931506849315,0.18292682926829268
Left,random,WRM,PTT,2,0.5,1,1136,82,1112,57,Source+Target,arc labels,,0.5547044939140093,0.0975609756097561,0.3902439024390244
Left,random,WRM,PTT,2,0.5,1,1136,82,1112,57,COT,arc labels,,0.46296339149349747,0.056910569105691054,0.25609756097560976
Left,random,WRM,PTT,2,0.5,1,1136,82,1112,57,none-HS4,arc labels,,0.5561739251168603,0.0891089108910891,0.5487804878048781
Left,random,WRM,PTT,2,0.5,1,1136,82,1112,57,none-HSsrc,nothing,,0.5327671587911325,0.07860824742268041,0.7439024390243902
Left,random,WRM,PTT,2,0.5,1,1136,82,1112,57,none-PCA,arc segments,32.0,0.5416300273059657,0.09235668789808917,0.35365853658536583
Left,random,WRM,PTT,2,0.5,1,1136,82,1112,57,QOTu-HS4,arc labels,,0.5253042995325589,0.08532423208191127,0.3048780487804878
Left,random,WRM,PTT,2,0.5,1,1136,82,1112,57,QOTu-HSsrc,arc segments,,0.5220530383671959,0.08391608391608392,0.2926829268292683
Left,random,WRM,PTT,2,0.5,1,1136,82,1112,57,QOTu-PCA,arc segments,32.0,0.5557921044106077,0.10067114093959731,0.36585365853658536
Left,random,WRM,PTT,2,0.5,1,1136,82,1112,57,QOTc-HS4,arc labels,,0.5056578886471976,0.07526881720430108,0.25609756097560976
Left,random,WRM,PTT,2,0.5,1,1136,82,1112,57,QOTc-HSsrc,arc labels,,0.5752302494561947,0.10451977401129943,0.45121951219512196
Left,random,WRM,PTT,2,0.5,1,1136,82,1112,57,QOTc-PCA,arc labels,32.0,0.4914379599203962,0.0660377358490566,0.17073170731707318
Left,random,WRM,PTT,2,0.5,1,1136,82,1112,57,SDM-HS4,arc labels,,0.4957652612579257,0.06993006993006994,0.24390243902439024
Left,random,WRM,PTT,2,0.5,1,1136,82,1112,57,SDM-HSsrc,arc labels,,0.506190123571065,0.07479224376731301,0.32926829268292684
Left,random,WRM,PTT,2,0.5,1,1136,82,1112,57,SDM-PCA,arc labels,32.0,0.5221803119359467,0.08169014084507042,0.35365853658536583
Left,random,WRM,PTT,3,0.05,1,1136,66,114,7,NoAdapt,nothing,,0.6085103370150099,0.09631728045325778,0.5151515151515151
Left,random,WRM,PTT,3,0.05,1,1136,66,114,7,TargetOnly,arc labels,,0.47022090059473237,0.03592814371257485,0.09090909090909091
Left,random,WRM,PTT,3,0.05,1,1136,66,114,7,Source+Target,arc labels,,0.6280657037666384,0.1,0.5757575757575758
Left,random,WRM,PTT,3,0.05,1,1136,66,114,7,COT,arc labels,,0.44665817048994616,0.02185792349726776,0.06060606060606061
Left,random,WRM,PTT,3,0.05,1,1136,66,114,7,none-HS4,arc labels,,0.5963183234211271,0.08052434456928839,0.6515151515151515
Left,random,WRM,PTT,3,0.05,1,1136,66,114,7,none-HSsrc,nothing,,0.5711413197394506,0.06973684210526315,0.803030303030303
Left,random,WRM,PTT,3,0.05,1,1136,66,114,7,none-PCA,arc segments,16.0,0.48132257150948743,0.051771117166212535,0.2878787878787879
Left,random,WRM,PTT,3,0.05,1,1136,66,114,7,QOTu-HS4,arc labels,,0.5719059756442935,0.09504132231404959,0.3484848484848485
Left,random,WRM,PTT,3,0.05,1,1136,66,114,7,QOTu-HSsrc,arc segments,,0.5694704049844237,0.09565217391304348,0.3333333333333333
Left,random,WRM,PTT,3,0.05,1,1136,66,114,7,QOTu-PCA,arc segments,16.0,0.6005097706032285,0.12121212121212122,0.36363636363636365
Left,random,WRM,PTT,3,0.05,1,1136,66,114,7,QOTc-HS4,arc labels,,0.5302747097139621,0.06584362139917696,0.48484848484848486
Left,random,WRM,PTT,3,0.05,1,1136,66,114,7,QOTc-HSsrc,arc labels,,0.539351458510337,0.06786427145708583,0.5151515151515151
Left,random,WRM,PTT,3,0.05,1,1136,66,114,7,QOTc-PCA,arc labels,64.0,0.5001557632398754,0.0582010582010582,0.16666666666666666
Left,random,WRM,PTT,3,0.05,1,1136,66,114,7,SDM-HS4,arc labels,,0.533517417162277,0.06870229007633588,0.4090909090909091
Left,random,WRM,PTT,3,0.05,1,1136,66,114,7,SDM-HSsrc,arc labels,,0.5329085244973095,0.06578947368421052,0.5303030303030303
Left,random,WRM,PTT,3,0.05,1,1136,66,114,7,SDM-PCA,arc labels,32.0,0.462107051826678,0.038135593220338986,0.13636363636363635
Left,random,WRM,PTT,3,0.1,1,1136,66,227,16,NoAdapt,nothing,,0.6085103370150099,0.09631728045325778,0.5151515151515151
Left,random,WRM,PTT,3,0.1,1,1136,66,227,16,TargetOnly,arc labels,,0.4421268762390258,0.04654895666131621,0.4393939393939394
Left,random,WRM,PTT,3,0.1,1,1136,66,227,16,Source+Target,arc labels,,0.6162135372415747,0.08971553610503283,0.6212121212121212
Left,random,WRM,PTT,3,0.1,1,1136,66,227,16,COT,arc labels,,0.4196261682242991,0.0445945945945946,0.5
Left,random,WRM,PTT,3,0.1,1,1136,66,227,16,none-HS4,arc labels,,0.6014301897479468,0.08695652173913043,0.5757575757575758
Left,random,WRM,PTT,3,0.1,1,1136,66,227,16,none-HSsrc,nothing,,0.5711413197394506,0.06973684210526315,0.803030303030303
Left,random,WRM,PTT,3,0.1,1,1136,66,227,16,none-PCA,arc segments,16.0,0.4737468139337298,0.04918032786885246,0.2727272727272727
Left,random,WRM,PTT,3,0.1,1,1136,66,227,16,QOTu-HS4,arc labels,,0.5490087793826112,0.07903780068728522,0.3484848484848485
Left,random,WRM,PTT,3,0.1,1,1136,66,227,16,QOTu-HSsrc,arc segments,,0.5643302180685358,0.0912863070539419,0.3333333333333333
Left,random,WRM,PTT,3,0.1,1,1136,66,227,16,QOTu-PCA,arc segments,16.0,0.6299773435287453,0.13122171945701358,0.4393939393939394
Left,random,WRM,PTT,3,0.1,1,1136,66,227,16,QOTc-HS4,arc labels,,0.5333050127442651,0.065,0.5909090909090909
Left,random,WRM,PTT,3,0.1,1,1136,66,227,16,QOTc-HSsrc,arc labels,,0.5661568960634381,0.07908163265306123,0.4696969696969697
Left,random,WRM,PTT,3,0.1,1,1136,66,227,16,QOTc-PCA,arc labels,64.0,0.4854998583970547,0.051470588235294115,0.21212121212121213
Left,random,WRM,PTT,3,0.1,1,1136,66,227,16,SDM-HS4,arc labels,,0.550226564712546,0.06884681583476764,0.6060606060606061
Left,random,WRM,PTT,3,0.1,1,1136,66,227,16,SDM-HSsrc,arc labels,,0.5136505239308977,0.06115107913669065,0.5151515151515151
Left,random,WRM,PTT,3,0.1,1,1136,66,227,16,SDM-PCA,arc labels,32.0,0.45805720758991786,0.04608294930875576,0.30303030303030304
Left,random,WRM,PTT,3,0.2,1,1136,66,454,30,NoAdapt,nothing,,0.6085103370150099,0.09631728045325778,0.5151515151515151
Left,random,WRM,PTT,3,0.2,1,1136,66,454,30,TargetOnly,arc labels,,0.43378646275842536,0.043706293706293704,0.3787878787878788
Left,random,WRM,PTT,3,0.2,1,1136,66,454,30,Source+Target,arc labels,,0.6027329368450863,0.08872901678657075,0.5606060606060606
Left,random,WRM,PTT,3,0.2,1,1136,66,454,30,COT,arc labels,,0.3968280940243557,0.04218362282878412,0.5151515151515151
Left,random,WRM,PTT,3,0.2,1,1136,66,454,30,none-HS4,arc labels,,0.598994619088077,0.08705882352941176,0.5606060606060606
Left,random,WRM,PTT,3,0.2,1,1136,66,454,30,none-HSsrc,nothing,,0.5711413197394506,0.06973684210526315,0.803030303030303
Left,random,WRM,PTT,3,0.2,1,1136,66,454,30,none-PCA,arc segments,32.0,0.5323562730104786,0.07272727272727272,0.30303030303030304
Left,random,WRM,PTT,3,0.2,1,1136,66,454,30,QOTu-HS4,arc labels,,0.564896629849901,0.08949416342412451,0.3484848484848485
Left,random,WRM,PTT,3,0.2,1,1136,66,454,30,QOTu-HSsrc,arc segments,,0.5652647975077881,0.09205020920502092,0.3333333333333333
Left,random,WRM,PTT,3,0.2,1,1136,66,454,30,QOTu-PCA,arc segments,16.0,0.6249362786745964,0.12048192771084337,0.45454545454545453
Left,random,WRM,PTT,3,0.2,1,1136,66,454,30,QOTc-HS4,arc labels,,0.5378787878787878,0.06631762652705062,0.5757575757575758
Left,random,WRM,PTT,3,0.2,1,1136,66,454,30,QOTc-HSsrc,arc labels,,0.6160577740016993,0.11194029850746269,0.45454545454545453
Left,random,WRM,PTT,3,0.2,1,1136,66,454,30,QOTc-PCA,arc labels,64.0,0.4890682526196545,0.05379746835443038,0.25757575757575757
Left,random,WRM,PTT,3,0.2,1,1136,66,454,30,SDM-HS4,arc labels,,0.5254318889832909,0.06386861313868614,0.5303030303030303
Left,random,WRM,PTT,3,0.2,1,1136,66,454,30,SDM-HSsrc,arc labels,,0.552138204474653,0.07345971563981042,0.4696969696969697
Left,random,WRM,PTT,3,0.2,1,1136,66,454,30,SDM-PCA,arc labels,32.0,0.47417162276975366,0.051923076923076926,0.4090909090909091
Left,random,WRM,PTT,3,0.3,1,1136,66,682,44,NoAdapt,nothing,,0.6085103370150099,0.09631728045325778,0.5151515151515151
Left,random,WRM,PTT,3,0.3,1,1136,66,682,44,TargetOnly,arc labels,,0.5444491645426225,0.06666666666666667,0.6515151515151515
Left,random,WRM,PTT,3,0.3,1,1136,66,682,44,Source+Target,arc labels,,0.6092749929198527,0.09181141439205956,0.5606060606060606
Left,random,WRM,PTT,3,0.3,1,1136,66,682,44,COT,arc labels,,0.5368026054941943,0.06451612903225806,0.696969696969697
Left,random,WRM,PTT,3,0.3,1,1136,66,682,44,none-HS4,arc labels,,0.5981591617105636,0.08558558558558559,0.5757575757575758
Left,random,WRM,PTT,3,0.3,1,1136,66,682,44,none-HSsrc,nothing,,0.5711413197394506,0.06973684210526315,0.803030303030303
Left,random,WRM,PTT,3,0.3,1,1136,66,682,44,none-PCA,arc segments,32.0,0.5388983290852449,0.07662835249042145,0.30303030303030304
Left,random,WRM,PTT,3,0.3,1,1136,66,682,44,QOTu-HS4,arc labels,,0.5681676578872841,0.092,0.3484848484848485
Left,random,WRM,PTT,3,0.3,1,1136,66,682,44,QOTu-HSsrc,arc segments,,0.5652647975077881,0.09205020920502092,0.3333333333333333
Left,random,WRM,PTT,3,0.3,1,1136,66,682,44,QOTu-PCA,arc segments,16.0,0.6197960917587085,0.11538461538461539,0.45454545454545453
Left,random,WRM,PTT,3,0.3,1,1136,66,682,44,QOTc-HS4,arc labels,,0.5330359671481166,0.06456692913385827,0.6212121212121212
Left,random,WRM,PTT,3,0.3,1,1136,66,682,44,QOTc-HSsrc,arc labels,,0.6031011045029737,0.09022556390977443,0.5454545454545454
Left,random,WRM,PTT,3,0.3,1,1136,66,682,44,QOTc-PCA,arc labels,64.0,0.4944066836590201,0.05604719764011799,0.2878787878787879
Left,random,WRM,PTT,3,0.3,1,1136,66,682,44,SDM-HS4,arc labels,,0.518719909374115,0.06188925081433225,0.5757575757575758
Left,random,WRM,PTT,3,0.3,1,1136,66,682,44,SDM-HSsrc,arc labels,,0.5987963749645993,0.08951406649616368,0.5303030303030303
Left,random,WRM,PTT,3,0.3,1,1136,66,682,44,SDM-PCA,arc labels,64.0,0.5727414330218069,0.0695322376738306,0.8333333333333334
Left,random,WRM,PTT,3,0.5,1,1136,66,1112,73,NoAdapt,nothing,,0.6085103370150099,0.09631728045325778,0.5151515151515151
Left,random,WRM,PTT,3,0.5,1,1136,66,1112,73,TargetOnly,arc labels,,0.5196969696969697,0.06345733041575492,0.4393939393939394
Left,random,WRM,PTT,3,0.5,1,1136,66,1112,73,Source+Target,arc labels,,0.6269328802039082,0.10344827586206896,0.5454545454545454
Left,random,WRM,PTT,3,0.5,1,1136,66,1112,73,COT,arc labels,,0.5268903993203058,0.06276150627615062,0.6818181818181818
Left,random,WRM,PTT,3,0.5,1,1136,66,1112,73,none-HS4,arc labels,,0.5957235910506938,0.08564814814814815,0.5606060606060606
Left,random,WRM,PTT,3,0.5,1,1136,66,1112,73,none-HSsrc,nothing,,0.5711413197394506,0.06973684210526315,0.803030303030303
Left,random,WRM,PTT,3,0.5,1,1136,66,1112,73,none-PCA,arc segments,32.0,0.5370291702067403,0.07547169811320754,0.30303030303030304
Left,random,WRM,PTT,3,0.5,1,1136,66,1112,73,QOTu-HS4,arc labels,,0.5667657887284056,0.09090909090909091,0.3484848484848485
Left,random,WRM,PTT,3,0.5,1,1136,66,1112,73,QOTu-HSsrc,arc segments,,0.5643302180685358,0.0912863070539419,0.3333333333333333
Left,random,WRM,PTT,3,0.5,1,1136,66,1112,73,QOTu-PCA,arc segments,16.0,0.6155904842820731,0.11152416356877323,0.45454545454545453
Left,random,WRM,PTT,3,0.5,1,1136,66,1112,73,QOTc-HS4,arc labels,,0.5177570093457944,0.062264150943396226,0.5
Left,random,WRM,PTT,3,0.5,1,1136,66,1112,73,QOTc-HSsrc,arc labels,,0.6532002265647125,0.11974110032362459,0.5606060606060606
Left,random,WRM,PTT,3,0.5,1,1136,66,1112,73,QOTc-PCA,arc labels,64.0,0.5113707165109035,0.06666666666666667,0.16666666666666666
Left,random,WRM,PTT,3,0.5,1,1136,66,1112,73,SDM-HS4,arc labels,,0.4951571792693288,0.05714285714285714,0.5454545454545454
Left,random,WRM,PTT,3,0.5,1,1136,66,1112,73,SDM-HSsrc,arc labels,,0.6049136222033418,0.11659192825112108,0.3939393939393939
Left,random,WRM,PTT,3,0.5,1,1136,66,1112,73,SDM-PCA,arc labels,64.0,0.5668365902010761,0.06914893617021277,0.7878787878787878
Left,random,WRM,PTT,4,0.05,1,1136,64,114,7,NoAdapt,nothing,,0.6154384328358209,0.10526315789473684,0.46875
Left,random,WRM,PTT,4,0.05,1,1136,64,114,7,TargetOnly,arc labels,,0.4605876865671642,0.042042042042042045,0.21875
Left,random,WRM,PTT,4,0.05,1,1136,64,114,7,Source+Target,arc labels,,0.6427238805970149,0.10810810810810811,0.5625
Left,random,WRM,PTT,4,0.05,1,1136,64,114,7,COT,arc labels,,0.43131996268656714,0.045020463847203276,0.515625
Left,random,WRM,PTT,4,0.05,1,1136,64,114,7,none-HS4,arc labels,,0.597714552238806,0.08629441624365482,0.53125
Left,random,WRM,PTT,4,0.05,1,1136,64,114,7,none-HSsrc,nothing,,0.5691464552238806,0.06737120211360634,0.796875
Left,random,WRM,PTT,4,0.05,1,1136,64,114,7,none-PCA,arc segments,8.0,0.6143889925373134,0.10163934426229508,0.484375
Left,random,WRM,PTT,4,0.05,1,1136,64,114,7,QOTu-HS4,arc labels,,0.5569029850746269,0.08583690987124463,0.3125
Left,random,WRM,PTT,4,0.05,1,1136,64,114,7,QOTu-HSsrc,arc segments,,0.5611007462686567,0.08928571428571429,0.3125
Left,random,WRM,PTT,4,0.05,1,1136,64,114,7,QOTu-PCA,arc segments,16.0,0.6245335820895522,0.1509433962264151,0.375
Left,random,WRM,PTT,4,0.05,1,1136,64,114,7,QOTc-HS4,arc labels,,0.46420242537313433,0.04589371980676329,0.296875
Left,random,WRM,PTT,4,0.05,1,1136,64,114,7,QOTc-HSsrc,arc labels,,0.5347481343283582,0.06718346253229975,0.40625
Left,random,WRM,PTT,4,0.05,1,1136,64,114,7,QOTc-PCA,arc labels,32.0,0.5847714552238805,0.14166666666666666,0.265625
Left,random,WRM,PTT,4,0.05,1,1136,64,114,7,SDM-HS4,arc labels,,0.5055970149253731,0.058823529411764705,0.25
Left,random,WRM,PTT,4,0.05,1,1136,64,114,7,SDM-HSsrc,arc labels,,0.5873367537313433,0.09246575342465753,0.421875
Left,random,WRM,PTT,4,0.05,1,1136,64,114,7,SDM-PCA,arc labels,8.0,0.4338852611940298,0.044797687861271675,0.484375
Left,random,WRM,PTT,4,0.1,1,1136,64,227,17,NoAdapt,nothing,,0.6154384328358209,0.10526315789473684,0.46875
Left,random,WRM,PTT,4,0.1,1,1136,64,227,17,TargetOnly,arc labels,,0.42665578358208955,0.043154761904761904,0.453125
Left,random,WRM,PTT,4,0.1,1,1136,64,227,17,Source+Target,arc labels,,0.6413246268656716,0.09828009828009827,0.625
Left,random,WRM,PTT,4,0.1,1,1136,64,227,17,COT,arc labels,,0.40753264925373134,0.042091836734693876,0.515625
Left,random,WRM,PTT,4,0.1,1,1136,64,227,17,none-HS4,arc labels,,0.5197061567164178,0.06284153005464481,0.359375
Left,random,WRM,PTT,4,0.1,1,1136,64,227,17,none-HSsrc,nothing,,0.5691464552238806,0.06737120211360634,0.796875
Left,random,WRM,PTT,4,0.1,1,1136,64,227,17,none-PCA,arc segments,8.0,0.6143889925373134,0.10163934426229508,0.484375
Left,random,WRM,PTT,4,0.1,1,1136,64,227,17,QOTu-HS4,arc labels,,0.5555037313432836,0.0847457627118644,0.3125
Left,random,WRM,PTT,4,0.1,1,1136,64,227,17,QOTu-HSsrc,arc segments,,0.5578358208955223,0.08658008658008658,0.3125
Left,random,WRM,PTT,4,0.1,1,1136,64,227,17,QOTu-PCA,arc segments,16.0,0.6286147388059702,0.1488095238095238,0.390625
Left,random,WRM,PTT,4,0.1,1,1136,64,227,17,QOTc-HS4,arc labels,,0.5573694029850746,0.06814310051107325,0.625
Left,random,WRM,PTT,4,0.1,1,1136,64,227,17,QOTc-HSsrc,arc labels,,0.5030317164179104,0.05695142378559464,0.53125
Left,random,WRM,PTT,4,0.1,1,1136,64,227,17,QOTc-PCA,arc labels,64.0,0.5958488805970149,0.09174311926605505,0.46875
Left,random,WRM,PTT,4,0.1,1,1136,64,227,17,SDM-HS4,arc labels,,0.5532882462686567,0.06747404844290658,0.609375
Left,random,WRM,PTT,4,0.1,1,1136,64,227,17,SDM-HSsrc,arc labels,,0.4630363805970149,0.04962406015037594,0.515625
Left,random,WRM,PTT,4,0.1,1,1136,64,227,17,SDM-PCA,arc labels,32.0,0.4996501865671642,0.056261343012704176,0.484375
Left,random,WRM,PTT,4,0.2,1,1136,64,454,29,NoAdapt,nothing,,0.6154384328358209,0.10526315789473684,0.46875
Left,random,WRM,PTT,4,0.2,1,1136,64,454,29,TargetOnly,arc labels,,0.5169076492537313,0.059147180192572216,0.671875
Left,random,WRM,PTT,4,0.2,1,1136,64,454,29,Source+Target,arc labels,,0.6471548507462687,0.10584958217270195,0.59375
Left,random,WRM,PTT,4,0.2,1,1136,64,454,29,COT,arc labels,,0.5059468283582089,0.057176196032672114,0.765625
Left,random,WRM,PTT,4,0.2,1,1136,64,454,29,none-HS4,arc labels,,0.6009794776119404,0.08785529715762273,0.53125
Left,random,WRM,PTT,4,0.2,1,1136,64,454,29,none-HSsrc,nothing,,0.5691464552238806,0.06737120211360634,0.796875
Left,random,WRM,PTT,4,0.2,1,1136,64,454,29,none-PCA,arc segments,8.0,0.5928171641791045,0.09395973154362416,0.4375
Left,random,WRM,PTT,4,0.2,1,1136,64,454,29,QOTu-HS4,arc labels,,0.5573694029850746,0.08620689655172414,0.3125
Left,random,WRM,PTT,4,0.2,1,1136,64,454,29,QOTu-HSsrc,arc segments,,0.5578358208955223,0.08658008658008658,0.3125
Left,random,WRM,PTT,4,0.2,1,1136,64,454,29,QOTu-PCA,arc segments,32.0,0.5542210820895522,0.1,0.234375
Left,random,WRM,PTT,4,0.2,1,1136,64,454,29,QOTc-HS4,arc labels,,0.5129430970149254,0.05857142857142857,0.640625
Left,random,WRM,PTT,4,0.2,1,1136,64,454,29,QOTc-HSsrc,arc labels,,0.5408115671641791,0.06951871657754011,0.40625
Left,random,WRM,PTT,4,0.2,1,1136,64,454,29,QOTc-PCA,arc labels,64.0,0.5026819029850746,0.05844155844155844,0.140625
Left,random,WRM,PTT,4,0.2,1,1136,64,454,29,SDM-HS4,arc labels,,0.5284514925373134,0.06111111111111111,0.6875
Left,random,WRM,PTT,4,0.2,1,1136,64,454,29,SDM-HSsrc,arc labels,,0.5110774253731343,0.05871886120996441,0.515625
Left,random,WRM,PTT,4,0.2,1,1136,64,454,29,SDM-PCA,arc labels,64.0,0.4862406716417911,0.053712480252764615,0.53125
Left,random,WRM,PTT,4,0.3,1,1136,64,682,42,NoAdapt,nothing,,0.6154384328358209,0.10526315789473684,0.46875
Left,random,WRM,PTT,4,0.3,1,1136,64,682,42,TargetOnly,arc labels,,0.5437266791044776,0.06314432989690721,0.765625
Left,random,WRM,PTT,4,0.3,1,1136,64,682,42,Source+Target,arc labels,,0.607392723880597,0.08951406649616368,0.546875
Left,random,WRM,PTT,4,0.3,1,1136,64,682,42,COT,arc labels,,0.5151585820895522,0.05847953216374269,0.78125
Left,random,WRM,PTT,4,0.3,1,1136,64,682,42,none-HS4,arc labels,,0.6023787313432836,0.08854166666666667,0.53125
Left,random,WRM,PTT,4,0.3,1,1136,64,682,42,none-HSsrc,nothing,,0.5691464552238806,0.06737120211360634,0.796875
Left,random,WRM,PTT,4,0.3,1,1136,64,682,42,none-PCA,arc segments,8.0,0.6148554104477613,0.10197368421052631,0.484375
Left,random,WRM,PTT,4,0.3,1,1136,64,682,42,QOTu-HS4,arc labels,,0.5461753731343284,0.078125,0.3125
Left,random,WRM,PTT,4,0.3,1,1136,64,682,42,QOTu-HSsrc,arc segments,,0.5578358208955223,0.08658008658008658,0.3125
Left,random,WRM,PTT,4,0.3,1,1136,64,682,42,QOTu-PCA,arc segments,8.0,0.5984141791044777,0.1388888888888889,0.3125
Left,random,WRM,PTT,4,0.3,1,1136,64,682,42,QOTc-HS4,arc labels,,0.5288013059701493,0.06105834464043419,0.703125
Left,random,WRM,PTT,4,0.3,1,1136,64,682,42,QOTc-HSsrc,arc labels,,0.5265858208955223,0.06262230919765166,0.5
Left,random,WRM,PTT,4,0.3,1,1136,64,682,42,QOTc-PCA,arc labels,64.0,0.49918376865671643,0.055970149253731345,0.234375
Left,random,WRM,PTT,4,0.3,1,1136,64,682,42,SDM-HS4,arc labels,,0.5371968283582089,0.06258692628650904,0.703125
Left,random,WRM,PTT,4,0.3,1,1136,64,682,42,SDM-HSsrc,arc labels,,0.46641791044776115,0.0492091388400703,0.4375
Left,random,WRM,PTT,4,0.3,1,1136,64,682,42,SDM-PCA,arc labels,64.0,0.4722481343283582,0.051771117166212535,0.59375
Left,random,WRM,PTT,4,0.5,1,1136,64,1114,71,NoAdapt,nothing,,0.6154384328358209,0.10526315789473684,0.46875
Left,random,WRM,PTT,4,0.5,1,1136,64,1114,71,TargetOnly,arc labels,,0.5293843283582089,0.06128133704735376,0.6875
Left,random,WRM,PTT,4,0.5,1,1136,64,1114,71,Source+Target,arc labels,,0.550722947761194,0.06918238993710692,0.515625
Left,random,WRM,PTT,4,0.5,1,1136,64,1114,71,COT,arc labels,,0.5036147388059702,0.0568445475638051,0.765625
Left,random,WRM,PTT,4,0.5,1,1136,64,1114,71,none-HS4,arc labels,,0.6009794776119404,0.08785529715762273,0.53125
Left,random,WRM,PTT,4,0.5,1,1136,64,1114,71,none-HSsrc,nothing,,0.5691464552238806,0.06737120211360634,0.796875
Left,random,WRM,PTT,4,0.5,1,1136,64,1114,71,none-PCA,arc segments,16.0,0.5305503731343284,0.061764705882352944,0.65625
Left,random,WRM,PTT,4,0.5,1,1136,64,1114,71,QOTu-HS4,arc labels,,0.5573694029850746,0.08620689655172414,0.3125
Left,random,WRM,PTT,4,0.5,1,1136,64,1114,71,QOTu-HSsrc,arc segments,,0.5611007462686567,0.08928571428571429,0.3125
Left,random,WRM,PTT,4,0.5,1,1136,64,1114,71,QOTu-PCA,arc segments,16.0,0.5403451492537313,0.08641975308641975,0.21875
Left,random,WRM,PTT,4,0.5,1,1136,64,1114,71,QOTc-HS4,arc labels,,0.5054804104477612,0.05726256983240224,0.640625
Left,random,WRM,PTT,4,0.5,1,1136,64,1114,71,QOTc-HSsrc,arc labels,,0.5711287313432836,0.08414239482200647,0.40625
Left,random,WRM,PTT,4,0.5,1,1136,64,1114,71,QOTc-PCA,arc labels,32.0,0.5949160447761195,0.11764705882352941,0.34375
Left,random,WRM,PTT,4,0.5,1,1136,64,1114,71,SDM-HS4,arc labels,,0.5228544776119403,0.060109289617486336,0.6875
Left,random,WRM,PTT,4,0.5,1,1136,64,1114,71,SDM-HSsrc,arc labels,,0.5026819029850746,0.05697445972495088,0.453125
Left,random,WRM,PTT,4,0.5,1,1136,64,1114,71,SDM-PCA,arc labels,64.0,0.6237173507462687,0.08260105448154657,0.734375
Left,random,WRM,PTT,5,0.05,1,1136,36,114,9,NoAdapt,nothing,,0.5307070707070707,0.04032258064516129,0.2777777777777778
Left,random,WRM,PTT,5,0.05,1,1136,36,114,9,TargetOnly,arc labels,,0.416060606060606,0.016042780748663103,0.16666666666666666
Left,random,WRM,PTT,5,0.05,1,1136,36,114,9,Source+Target,arc labels,,0.5334343434343434,0.04132231404958678,0.2777777777777778
Left,random,WRM,PTT,5,0.05,1,1136,36,114,9,COT,arc labels,,0.49717171717171715,0.031420765027322405,0.6388888888888888
Left,random,WRM,PTT,5,0.05,1,1136,36,114,9,none-HS4,arc labels,,0.52,0.03435114503816794,0.5
Left,random,WRM,PTT,5,0.05,1,1136,36,114,9,none-HSsrc,nothing,,0.5274747474747474,0.034210526315789476,0.7222222222222222
Left,random,WRM,PTT,5,0.05,1,1136,36,114,9,none-PCA,arc segments,8.0,0.5300505050505051,0.03914590747330961,0.3055555555555556
Left,random,WRM,PTT,5,0.05,1,1136,36,114,9,QOTu-HS4,arc labels,,0.5009595959595959,0.03278688524590164,0.05555555555555555
Left,random,WRM,PTT,5,0.05,1,1136,36,114,9,QOTu-HSsrc,arc segments,,0.5647979797979799,0.057803468208092484,0.2777777777777778
Left,random,WRM,PTT,5,0.05,1,1136,36,114,9,QOTu-PCA,arc segments,16.0,0.5123232323232323,0.05555555555555555,0.05555555555555555
Left,random,WRM,PTT,5,0.05,1,1136,36,114,9,QOTc-HS4,arc labels,,0.5377777777777778,0.041666666666666664,0.3055555555555556
Left,random,WRM,PTT,5,0.05,1,1136,36,114,9,QOTc-HSsrc,arc labels,,0.47934343434343435,0.012987012987012988,0.027777777777777776
Left,random,WRM,PTT,5,0.05,1,1136,36,114,9,QOTc-PCA,arc labels,32.0,0.5089393939393939,0.04,0.08333333333333333
Left,random,WRM,PTT,5,0.05,1,1136,36,114,9,SDM-HS4,arc labels,,0.5503030303030303,0.04477611940298507,0.3333333333333333
Left,random,WRM,PTT,5,0.05,1,1136,36,114,9,SDM-HSsrc,arc labels,,0.4847979797979798,0.015384615384615385,0.027777777777777776
Left,random,WRM,PTT,5,0.05,1,1136,36,114,9,SDM-PCA,arc labels,16.0,0.4882828282828283,0.030555555555555555,0.6111111111111112
Left,random,WRM,PTT,5,0.1,1,1136,36,227,21,NoAdapt,nothing,,0.5307070707070707,0.04032258064516129,0.2777777777777778
Left,random,WRM,PTT,5,0.1,1,1136,36,227,21,TargetOnly,arc labels,,0.4294949494949495,0.018617021276595744,0.19444444444444445
Left,random,WRM,PTT,5,0.1,1,1136,36,227,21,Source+Target,arc labels,,0.5482323232323232,0.04564315352697095,0.3055555555555556
Left,random,WRM,PTT,5,0.1,1,1136,36,227,21,COT,arc labels,,0.5160606060606061,0.0332409972299169,0.6666666666666666
Left,random,WRM,PTT,5,0.1,1,1136,36,227,21,none-HS4,arc labels,,0.5241919191919192,0.036414565826330535,0.3611111111111111
Left,random,WRM,PTT,5,0.1,1,1136,36,227,21,none-HSsrc,nothing,,0.5274747474747474,0.034210526315789476,0.7222222222222222
Left,random,WRM,PTT,5,0.1,1,1136,36,227,21,none-PCA,arc segments,8.0,0.5327777777777778,0.04,0.3055555555555556
Left,random,WRM,PTT,5,0.1,1,1136,36,227,21,QOTu-HS4,arc labels,,0.5616161616161617,0.05555555555555555,0.2777777777777778
Left,random,WRM,PTT,5,0.1,1,1136,36,227,21,QOTu-HSsrc,arc segments,,0.5634343434343434,0.056818181818181816,0.2777777777777778
Left,random,WRM,PTT,5,0.1,1,1136,36,227,21,QOTu-PCA,arc segments,8.0,0.5125757575757576,0.04477611940298507,0.08333333333333333
Left,random,WRM,PTT,5,0.1,1,1136,36,227,21,QOTc-HS4,arc labels,,0.4500505050505051,0.024070021881838075,0.3055555555555556
Left,random,WRM,PTT,5,0.1,1,1136,36,227,21,QOTc-HSsrc,arc labels,,0.43823232323232325,0.010050251256281407,0.05555555555555555
Left,random,WRM,PTT,5,0.1,1,1136,36,227,21,QOTc-PCA,arc labels,64.0,0.5032828282828283,0.03361344537815126,0.1111111111111111
Left,random,WRM,PTT,5,0.1,1,1136,36,227,21,SDM-HS4,arc labels,,0.46550505050505053,0.026004728132387706,0.3055555555555556
Left,random,WRM,PTT,5,0.1,1,1136,36,227,21,SDM-HSsrc,arc labels,,0.4486363636363636,0.022670025188916875,0.25
Left,random,WRM,PTT,5,0.1,1,1136,36,227,21,SDM-PCA,arc labels,32.0,0.5275757575757576,0.03773584905660377,0.3333333333333333
Left,random,WRM,PTT,5,0.2,1,1136,36,454,49,NoAdapt,nothing,,0.5307070707070707,0.04032258064516129,0.2777777777777778
Left,random,WRM,PTT,5,0.2,1,1136,36,454,49,TargetOnly,arc labels,,0.4725757575757576,0.029045643153526972,0.5833333333333334
Left,random,WRM,PTT,5,0.2,1,1136,36,454,49,Source+Target,arc labels,,0.4811111111111111,0.029411764705882353,0.4722222222222222
Left,random,WRM,PTT,5,0.2,1,1136,36,454,49,COT,arc labels,,0.438989898989899,0.026744186046511628,0.6388888888888888
Left,random,WRM,PTT,5,0.2,1,1136,36,454,49,none-HS4,arc labels,,0.5314646464646464,0.03812316715542522,0.3611111111111111
Left,random,WRM,PTT,5,0.2,1,1136,36,454,49,none-HSsrc,nothing,,0.5274747474747474,0.034210526315789476,0.7222222222222222
Left,random,WRM,PTT,5,0.2,1,1136,36,454,49,none-PCA,arc segments,8.0,0.5382323232323232,0.04182509505703422,0.3055555555555556
Left,random,WRM,PTT,5,0.2,1,1136,36,454,49,QOTu-HS4,arc labels,,0.5688888888888889,0.06097560975609756,0.2777777777777778
Left,random,WRM,PTT,5,0.2,1,1136,36,454,49,QOTu-HSsrc,arc segments,,0.5647979797979799,0.057803468208092484,0.2777777777777778
Left,random,WRM,PTT,5,0.2,1,1136,36,454,49,QOTu-PCA,arc segments,8.0,0.5130303030303031,0.045454545454545456,0.08333333333333333
Left,random,WRM,PTT,5,0.2,1,1136,36,454,49,QOTc-HS4,arc labels,,0.4691414141414142,0.02861230329041488,0.5555555555555556
Left,random,WRM,PTT,5,0.2,1,1136,36,454,49,QOTc-HSsrc,arc labels,,0.43732323232323234,0.009950248756218905,0.05555555555555555
Left,random,WRM,PTT,5,0.2,1,1136,36,454,49,QOTc-PCA,arc labels,64.0,0.4400505050505051,0.010256410256410256,0.05555555555555555
Left,random,WRM,PTT,5,0.2,1,1136,36,454,49,SDM-HS4,arc labels,,0.47530303030303034,0.029288702928870293,0.5833333333333334
Left,random,WRM,PTT,5,0.2,1,1136,36,454,49,SDM-HSsrc,arc labels,,0.46939393939393936,0.026905829596412557,0.3333333333333333
Left,random,WRM,PTT,5,0.2,1,1136,36,454,49,SDM-PCA,arc labels,64.0,0.5448989898989899,0.03668261562998405,0.6388888888888888
Left,random,WRM,PTT,5,0.3,1,1136,36,682,67,NoAdapt,nothing,,0.5307070707070707,0.04032258064516129,0.2777777777777778
Left,random,WRM,PTT,5,0.3,1,1136,36,682,67,TargetOnly,arc labels,,0.4304545454545454,0.024965325936199722,0.5
Left,random,WRM,PTT,5,0.3,1,1136,36,682,67,Source+Target,arc labels,,0.433030303030303,0.022813688212927757,0.3333333333333333
Left,random,WRM,PTT,5,0.3,1,1136,36,682,67,COT,arc labels,,0.45515151515151514,0.028037383177570093,0.6666666666666666
Left,random,WRM,PTT,5,0.3,1,1136,36,682,67,none-HS4,arc labels,,0.5314646464646464,0.03812316715542522,0.3611111111111111
Left,random,WRM,PTT,5,0.3,1,1136,36,682,67,none-HSsrc,nothing,,0.5274747474747474,0.034210526315789476,0.7222222222222222
Left,random,WRM,PTT,5,0.3,1,1136,36,682,67,none-PCA,arc segments,8.0,0.5355050505050505,0.040892193308550186,0.3055555555555556
Left,random,WRM,PTT,5,0.3,1,1136,36,682,67,QOTu-HS4,arc labels,,0.5693434343434344,0.06134969325153374,0.2777777777777778
Left,random,WRM,PTT,5,0.3,1,1136,36,682,67,QOTu-HSsrc,arc segments,,0.5634343434343434,0.056818181818181816,0.2777777777777778
Left,random,WRM,PTT,5,0.3,1,1136,36,682,67,QOTu-PCA,arc segments,32.0,0.5077777777777778,0.043478260869565216,0.05555555555555555
Left,random,WRM,PTT,5,0.3,1,1136,36,682,67,QOTc-HS4,arc labels,,0.4718686868686869,0.02886002886002886,0.5555555555555556
Left,random,WRM,PTT,5,0.3,1,1136,36,682,67,QOTc-HSsrc,arc labels,,0.49156565656565654,0.02952029520295203,0.2222222222222222
Left,random,WRM,PTT,5,0.3,1,1136,36,682,67,QOTc-PCA,arc labels,64.0,0.4321717171717172,0.016286644951140065,0.1388888888888889
Left,random,WRM,PTT,5,0.3,1,1136,36,682,67,SDM-HS4,arc labels,,0.49808080808080807,0.031506849315068496,0.6388888888888888
Left,random,WRM,PTT,5,0.3,1,1136,36,682,67,SDM-HSsrc,arc labels,,0.4486868686868687,0.011363636363636364,0.05555555555555555
Left,random,WRM,PTT,5,0.3,1,1136,36,682,67,SDM-PCA,arc labels,64.0,0.5802020202020202,0.040372670807453416,0.7222222222222222
Left,random,WRM,PTT,5,0.5,1,1136,36,1112,100,NoAdapt,nothing,,0.5307070707070707,0.04032258064516129,0.2777777777777778
Left,random,WRM,PTT,5,0.5,1,1136,36,1112,100,TargetOnly,arc labels,,0.4625757575757576,0.028187919463087248,0.5833333333333334
Left,random,WRM,PTT,5,0.5,1,1136,36,1112,100,Source+Target,arc labels,,0.4303535353535354,0.023529411764705882,0.3888888888888889
Left,random,WRM,PTT,5,0.5,1,1136,36,1112,100,COT,arc labels,,0.4754040404040404,0.02965599051008304,0.6944444444444444
Left,random,WRM,PTT,5,0.5,1,1136,36,1112,100,none-HS4,arc labels,,0.5314646464646464,0.03812316715542522,0.3611111111111111
Left,random,WRM,PTT,5,0.5,1,1136,36,1112,100,none-HSsrc,nothing,,0.5274747474747474,0.034210526315789476,0.7222222222222222
Left,random,WRM,PTT,5,0.5,1,1136,36,1112,100,none-PCA,arc segments,8.0,0.5345959595959596,0.04059040590405904,0.3055555555555556
Left,random,WRM,PTT,5,0.5,1,1136,36,1112,100,QOTu-HS4,arc labels,,0.5693434343434344,0.06134969325153374,0.2777777777777778
Left,random,WRM,PTT,5,0.5,1,1136,36,1112,100,QOTu-HSsrc,arc segments,,0.5647979797979799,0.057803468208092484,0.2777777777777778
Left,random,WRM,PTT,5,0.5,1,1136,36,1112,100,QOTu-PCA,arc segments,32.0,0.5086868686868686,0.045454545454545456,0.05555555555555555
Left,random,WRM,PTT,5,0.5,1,1136,36,1112,100,QOTc-HS4,arc labels,,0.5053535353535353,0.03221288515406162,0.6388888888888888
Left,random,WRM,PTT,5,0.5,1,1136,36,1112,100,QOTc-HSsrc,arc labels,,0.4414141414141414,0.010416666666666666,0.05555555555555555
Left,random,WRM,PTT,5,0.5,1,1136,36,1112,100,QOTc-PCA,arc labels,32.0,0.45712121212121215,0.015873015873015872,0.08333333333333333
Left,random,WRM,PTT,5,0.5,1,1136,36,1112,100,SDM-HS4,arc labels,,0.5044444444444445,0.03212290502793296,0.6388888888888888
Left,random,WRM,PTT,5,0.5,1,1136,36,1112,100,SDM-HSsrc,arc labels,,0.4272222222222222,0.01837270341207349,0.19444444444444445
Left,random,WRM,PTT,5,0.5,1,1136,36,1112,100,SDM-PCA,arc labels,64.0,0.5792929292929293,0.04024767801857585,0.7222222222222222
Left,random,WRM,PTT,6,0.05,1,1136,51,114,8,NoAdapt,nothing,,0.5526339568085299,0.061488673139158574,0.37254901960784315
Left,random,WRM,PTT,6,0.05,1,1136,51,114,8,TargetOnly,arc labels,,0.4508809975603144,0.038135593220338986,0.5294117647058824
Left,random,WRM,PTT,6,0.05,1,1136,51,114,8,Source+Target,arc labels,,0.5607210626185959,0.0625,0.4117647058823529
Left,random,WRM,PTT,6,0.05,1,1136,51,114,8,COT,arc labels,,0.4651305683563748,0.04081632653061224,0.6666666666666666
Left,random,WRM,PTT,6,0.05,1,1136,51,114,8,none-HS4,arc labels,,0.48585885967290143,0.0423572744014733,0.45098039215686275
Left,random,WRM,PTT,6,0.05,1,1136,51,114,8,none-HSsrc,nothing,,0.5133098400650583,0.04657179818887452,0.7058823529411765
Left,random,WRM,PTT,6,0.05,1,1136,51,114,8,none-PCA,arc segments,32.0,0.466241980663233,0.033783783783783786,0.19607843137254902
Left,random,WRM,PTT,6,0.05,1,1136,51,114,8,QOTu-HS4,arc labels,,0.57337128399747,0.07196969696969698,0.37254901960784315
Left,random,WRM,PTT,6,0.05,1,1136,51,114,8,QOTu-HSsrc,arc segments,,0.5579109062980031,0.06719367588932806,0.3333333333333333
Left,random,WRM,PTT,6,0.05,1,1136,51,114,8,QOTu-PCA,arc segments,32.0,0.5150447275684468,0.0594059405940594,0.11764705882352941
Left,random,WRM,PTT,6,0.05,1,1136,51,114,8,QOTc-HS4,arc labels,,0.4368844311918316,0.03508771929824561,0.43137254901960786
Left,random,WRM,PTT,6,0.05,1,1136,51,114,8,QOTc-HSsrc,arc labels,,0.48359989156953104,0.0423861852433281,0.5294117647058824
Left,random,WRM,PTT,6,0.05,1,1136,51,114,8,QOTc-PCA,arc labels,64.0,0.48613897171771936,0.03763440860215054,0.13725490196078433
Left,random,WRM,PTT,6,0.05,1,1136,51,114,8,SDM-HS4,arc labels,,0.4798680762627632,0.04136690647482014,0.45098039215686275
Left,random,WRM,PTT,6,0.05,1,1136,51,114,8,SDM-HSsrc,arc labels,,0.5191289418993403,0.04776579352850539,0.6078431372549019
Left,random,WRM,PTT,6,0.05,1,1136,51,114,8,SDM-PCA,arc labels,32.0,0.5033703804102286,0.04554455445544554,0.45098039215686275
Left,random,WRM,PTT,6,0.1,1,1136,51,227,15,NoAdapt,nothing,,0.5526339568085299,0.061488673139158574,0.37254901960784315
Left,random,WRM,PTT,6,0.1,1,1136,51,227,15,TargetOnly,arc labels,,0.46143489653926084,0.03859060402684564,0.45098039215686275
Left,random,WRM,PTT,6,0.1,1,1136,51,227,15,Source+Target,arc labels,,0.5658353664046264,0.06038647342995169,0.49019607843137253
Left,random,WRM,PTT,6,0.1,1,1136,51,227,15,COT,arc labels,,0.46240173488750336,0.03953147877013177,0.5294117647058824
Left,random,WRM,PTT,6,0.1,1,1136,51,227,15,none-HS4,arc labels,,0.4919761452968284,0.043478260869565216,0.47058823529411764
Left,random,WRM,PTT,6,0.1,1,1136,51,227,15,none-HSsrc,nothing,,0.5133098400650583,0.04657179818887452,0.7058823529411765
Left,random,WRM,PTT,6,0.1,1,1136,51,227,15,none-PCA,arc segments,32.0,0.46762446914249567,0.034129692832764506,0.19607843137254902
Left,random,WRM,PTT,6,0.1,1,1136,51,227,15,QOTu-HS4,arc labels,,0.5641546941357187,0.06690140845070422,0.37254901960784315
Left,random,WRM,PTT,6,0.1,1,1136,51,227,15,QOTu-HSsrc,arc segments,,0.5506641366223909,0.061855670103092786,0.35294117647058826
Left,random,WRM,PTT,6,0.1,1,1136,51,227,15,QOTu-PCA,arc segments,32.0,0.5141230685822716,0.05825242718446602,0.11764705882352941
Left,random,WRM,PTT,6,0.1,1,1136,51,227,15,QOTc-HS4,arc labels,,0.43373994759194,0.03350970017636684,0.37254901960784315
Left,random,WRM,PTT,6,0.1,1,1136,51,227,15,QOTc-HSsrc,arc labels,,0.5103280021686094,0.046632124352331605,0.5294117647058824
Left,random,WRM,PTT,6,0.1,1,1136,51,227,15,QOTc-PCA,arc labels,64.0,0.4941899340381314,0.04336043360433604,0.3137254901960784
Left,random,WRM,PTT,6,0.1,1,1136,51,227,15,SDM-HS4,arc labels,,0.45037498870515946,0.037096774193548385,0.45098039215686275
Left,random,WRM,PTT,6,0.1,1,1136,51,227,15,SDM-HSsrc,arc labels,,0.5453962230053311,0.052364864864864864,0.6078431372549019
Left,random,WRM,PTT,6,0.1,1,1136,51,227,15,SDM-PCA,arc labels,32.0,0.42904129393692964,0.02756892230576441,0.21568627450980393
Left,random,WRM,PTT,6,0.2,1,1136,51,454,33,NoAdapt,nothing,,0.5526339568085299,0.061488673139158574,0.37254901960784315
Left,random,WRM,PTT,6,0.2,1,1136,51,454,33,TargetOnly,arc labels,,0.45649227432908646,0.03815580286168521,0.47058823529411764
Left,random,WRM,PTT,6,0.2,1,1136,51,454,33,Source+Target,arc labels,,0.5687268455769404,0.06046511627906977,0.5098039215686274
Left,random,WRM,PTT,6,0.2,1,1136,51,454,33,COT,arc labels,,0.48712388181078886,0.04325032765399738,0.6470588235294118
Left,random,WRM,PTT,6,0.2,1,1136,51,454,33,none-HS4,arc labels,,0.490467154603777,0.043151969981238276,0.45098039215686275
Left,random,WRM,PTT,6,0.2,1,1136,51,454,33,none-HSsrc,nothing,,0.5133098400650583,0.04657179818887452,0.7058823529411765
Left,random,WRM,PTT,6,0.2,1,1136,51,454,33,none-PCA,arc segments,32.0,0.470389446101021,0.03484320557491289,0.19607843137254902
Left,random,WRM,PTT,6,0.2,1,1136,51,454,33,QOTu-HS4,arc labels,,0.5632330351495437,0.06643356643356643,0.37254901960784315
Left,random,WRM,PTT,6,0.2,1,1136,51,454,33,QOTu-HSsrc,arc segments,,0.5440860215053763,0.06007067137809187,0.3333333333333333
Left,random,WRM,PTT,6,0.2,1,1136,51,454,33,QOTu-PCA,arc segments,8.0,0.5218758471130388,0.058823529411764705,0.17647058823529413
Left,random,WRM,PTT,6,0.2,1,1136,51,454,33,QOTc-HS4,arc labels,,0.4607662419806632,0.03894080996884735,0.49019607843137253
Left,random,WRM,PTT,6,0.2,1,1136,51,454,33,QOTc-HSsrc,arc labels,,0.5770217764525165,0.06310679611650485,0.5098039215686274
Left,random,WRM,PTT,6,0.2,1,1136,51,454,33,QOTc-PCA,arc labels,64.0,0.5008041926447999,0.04524886877828054,0.19607843137254902
Left,random,WRM,PTT,6,0.2,1,1136,51,454,33,SDM-HS4,arc labels,,0.42134273064064337,0.03367496339677892,0.45098039215686275
Left,random,WRM,PTT,6,0.2,1,1136,51,454,33,SDM-HSsrc,arc labels,,0.48266919671094244,0.04060913705583756,0.3137254901960784
Left,random,WRM,PTT,6,0.2,1,1136,51,454,33,SDM-PCA,arc labels,64.0,0.4849010571970724,0.042796005706134094,0.5882352941176471
Left,random,WRM,PTT,6,0.3,1,1136,51,682,57,NoAdapt,nothing,,0.5526339568085299,0.061488673139158574,0.37254901960784315
Left,random,WRM,PTT,6,0.3,1,1136,51,682,57,TargetOnly,arc labels,,0.4881268636486853,0.043227665706051875,0.5882352941176471
Left,random,WRM,PTT,6,0.3,1,1136,51,682,57,Source+Target,arc labels,,0.5011114123068583,0.045075125208681135,0.5294117647058824
Left,random,WRM,PTT,6,0.3,1,1136,51,682,57,COT,arc labels,,0.5063973976687449,0.04568527918781726,0.7058823529411765
Left,random,WRM,PTT,6,0.3,1,1136,51,682,57,none-HS4,arc labels,,0.49369296105538996,0.043726235741444866,0.45098039215686275
Left,random,WRM,PTT,6,0.3,1,1136,51,682,57,none-HSsrc,nothing,,0.5133098400650583,0.04657179818887452,0.7058823529411765
Left,random,WRM,PTT,6,0.3,1,1136,51,682,57,none-PCA,arc segments,32.0,0.4773018884973344,0.03676470588235294,0.19607843137254902
Left,random,WRM,PTT,6,0.3,1,1136,51,682,57,QOTu-HS4,arc labels,,0.5719887955182072,0.07116104868913857,0.37254901960784315
Left,random,WRM,PTT,6,0.3,1,1136,51,682,57,QOTu-HSsrc,arc segments,,0.5514592933947773,0.06367041198501873,0.3333333333333333
Left,random,WRM,PTT,6,0.3,1,1136,51,682,57,QOTu-PCA,arc segments,8.0,0.5191108701545134,0.05660377358490566,0.17647058823529413
Left,random,WRM,PTT,6,0.3,1,1136,51,682,57,QOTc-HS4,arc labels,,0.48188307581096956,0.042232277526395176,0.5490196078431373
Left,random,WRM,PTT,6,0.3,1,1136,51,682,57,QOTc-HSsrc,arc labels,,0.5770217764525165,0.06310679611650485,0.5098039215686274
Left,random,WRM,PTT,6,0.3,1,1136,51,682,57,QOTc-PCA,arc labels,64.0,0.5053763440860215,0.04632152588555858,0.3333333333333333
Left,random,WRM,PTT,6,0.3,1,1136,51,682,57,SDM-HS4,arc labels,,0.4343724586608837,0.03545051698670606,0.47058823529411764
Left,random,WRM,PTT,6,0.3,1,1136,51,682,57,SDM-HSsrc,arc labels,,0.459166892563477,0.035955056179775284,0.3137254901960784
Left,random,WRM,PTT,6,0.3,1,1136,51,682,57,SDM-PCA,arc labels,64.0,0.542802927622662,0.05077574047954866,0.7058823529411765
Left,random,WRM,PTT,6,0.5,1,1136,51,1112,88,NoAdapt,nothing,,0.5526339568085299,0.061488673139158574,0.37254901960784315
Left,random,WRM,PTT,6,0.5,1,1136,51,1112,88,TargetOnly,arc labels,,0.4384747447366043,0.03454231433506045,0.39215686274509803
Left,random,WRM,PTT,6,0.5,1,1136,51,1112,88,Source+Target,arc labels,,0.49746091985181173,0.04434589800443459,0.39215686274509803
Left,random,WRM,PTT,6,0.5,1,1136,51,1112,88,COT,arc labels,,0.5050149091894822,0.045512010113780026,0.7058823529411765
Left,random,WRM,PTT,6,0.5,1,1136,51,1112,88,none-HS4,arc labels,,0.4987620854793531,0.04466019417475728,0.45098039215686275
Left,random,WRM,PTT,6,0.5,1,1136,51,1112,88,none-HSsrc,nothing,,0.5133098400650583,0.04657179818887452,0.7058823529411765
Left,random,WRM,PTT,6,0.5,1,1136,51,1112,88,none-PCA,arc segments,32.0,0.4773018884973344,0.03676470588235294,0.19607843137254902
Left,random,WRM,PTT,6,0.5,1,1136,51,1112,88,QOTu-HS4,arc labels,,0.57337128399747,0.07196969696969698,0.37254901960784315
Left,random,WRM,PTT,6,0.5,1,1136,51,1112,88,QOTu-HSsrc,arc segments,,0.5597542242703533,0.06827309236947791,0.3333333333333333
Left,random,WRM,PTT,6,0.5,1,1136,51,1112,88,QOTu-PCA,arc segments,32.0,0.5029366585343815,0.047619047619047616,0.09803921568627451
Left,random,WRM,PTT,6,0.5,1,1136,51,1112,88,QOTc-HS4,arc labels,,0.4892563477003705,0.04327666151468315,0.5490196078431373
Left,random,WRM,PTT,6,0.5,1,1136,51,1112,88,QOTc-HSsrc,arc labels,,0.5913074907382307,0.06824146981627296,0.5098039215686274
Left,random,WRM,PTT,6,0.5,1,1136,51,1112,88,QOTc-PCA,arc labels,64.0,0.494144754676064,0.04285714285714286,0.23529411764705882
Left,random,WRM,PTT,6,0.5,1,1136,51,1112,88,SDM-HS4,arc labels,,0.4616879009668383,0.0390625,0.49019607843137253
Left,random,WRM,PTT,6,0.5,1,1136,51,1112,88,SDM-HSsrc,arc labels,,0.5458480166260052,0.057803468208092484,0.39215686274509803
Left,random,WRM,PTT,6,0.5,1,1136,51,1112,88,SDM-PCA,arc labels,64.0,0.5215144122164995,0.04852686308492201,0.5490196078431373
Left,random,WRM,PTT,7,0.05,1,1136,54,114,12,NoAdapt,nothing,,0.6031354829876087,0.07111111111111111,0.5925925925925926
Left,random,WRM,PTT,7,0.05,1,1136,54,114,12,TargetOnly,arc labels,,0.5269391387690833,0.051622418879056046,0.6481481481481481
Left,random,WRM,PTT,7,0.05,1,1136,54,114,12,Source+Target,arc labels,,0.6041966180598343,0.06493506493506493,0.7407407407407407
Left,random,WRM,PTT,7,0.05,1,1136,54,114,12,COT,arc labels,,0.5606387348531526,0.0586145648312611,0.6111111111111112
Left,random,WRM,PTT,7,0.05,1,1136,54,114,12,none-HS4,arc labels,,0.5796022454987335,0.06261510128913444,0.6296296296296297
Left,random,WRM,PTT,7,0.05,1,1136,54,114,12,none-HSsrc,nothing,,0.5557951667008968,0.05414746543778802,0.8703703703703703
Left,random,WRM,PTT,7,0.05,1,1136,54,114,12,none-PCA,arc segments,8.0,0.5772232491271309,0.06465517241379311,0.5555555555555556
Left,random,WRM,PTT,7,0.05,1,1136,54,114,12,QOTu-HS4,arc labels,,0.6070034914766893,0.06441717791411043,0.7777777777777778
Left,random,WRM,PTT,7,0.05,1,1136,54,114,12,QOTu-HSsrc,arc segments,,0.611641678647224,0.06485671191553545,0.7962962962962963
Left,random,WRM,PTT,7,0.05,1,1136,54,114,12,QOTu-PCA,arc segments,8.0,0.5698466488669816,0.06187624750499002,0.5740740740740741
Left,random,WRM,PTT,7,0.05,1,1136,54,114,12,QOTc-HS4,arc labels,,0.5293523653043062,0.05131414267834793,0.7592592592592593
Left,random,WRM,PTT,7,0.05,1,1136,54,114,12,QOTc-HSsrc,arc labels,,0.5497193126583145,0.053952321204516936,0.7962962962962963
Left,random,WRM,PTT,7,0.05,1,1136,54,114,12,QOTc-PCA,arc labels,64.0,0.5123399739850756,0.05093833780160858,0.35185185185185186
Left,random,WRM,PTT,7,0.05,1,1136,54,114,12,SDM-HS4,arc labels,,0.542274252070925,0.05333333333333334,0.7407407407407407
Left,random,WRM,PTT,7,0.05,1,1136,54,114,12,SDM-HSsrc,arc labels,,0.5255357020606559,0.051515151515151514,0.6296296296296297
Left,random,WRM,PTT,7,0.05,1,1136,54,114,12,SDM-PCA,arc labels,32.0,0.5665605531594441,0.06292134831460675,0.5185185185185185
Left,random,WRM,PTT,7,0.1,1,1136,54,227,18,NoAdapt,nothing,,0.6031354829876087,0.07111111111111111,0.5925925925925926
Left,random,WRM,PTT,7,0.1,1,1136,54,227,18,TargetOnly,arc labels,,0.549616622167454,0.05514157973174367,0.6851851851851852
Left,random,WRM,PTT,7,0.1,1,1136,54,227,18,Source+Target,arc labels,,0.6004997603888547,0.0641025641025641,0.7407407407407407
Left,random,WRM,PTT,7,0.1,1,1136,54,227,18,COT,arc labels,,0.5230540151981926,0.05274725274725275,0.4444444444444444
Left,random,WRM,PTT,7,0.1,1,1136,54,227,18,none-HS4,arc labels,,0.5800643527076059,0.06273062730627306,0.6296296296296297
Left,random,WRM,PTT,7,0.1,1,1136,54,227,18,none-HSsrc,nothing,,0.5557951667008968,0.05414746543778802,0.8703703703703703
Left,random,WRM,PTT,7,0.1,1,1136,54,227,18,none-PCA,arc segments,8.0,0.5776853563360034,0.06479481641468683,0.5555555555555556
Left,random,WRM,PTT,7,0.1,1,1136,54,227,18,QOTu-HS4,arc labels,,0.6268398712945848,0.07054673721340388,0.7407407407407407
Left,random,WRM,PTT,7,0.1,1,1136,54,227,18,QOTu-HSsrc,arc segments,,0.603751625932772,0.06426332288401254,0.7592592592592593
Left,random,WRM,PTT,7,0.1,1,1136,54,227,18,QOTu-PCA,arc segments,8.0,0.5707708632847265,0.06212424849699399,0.5740740740740741
Left,random,WRM,PTT,7,0.1,1,1136,54,227,18,QOTc-HS4,arc labels,,0.513520914629972,0.04956268221574344,0.6296296296296297
Left,random,WRM,PTT,7,0.1,1,1136,54,227,18,QOTc-HSsrc,arc labels,,0.5131272677483398,0.04928664072632944,0.7037037037037037
Left,random,WRM,PTT,7,0.1,1,1136,54,227,18,QOTc-PCA,arc labels,64.0,0.47708290545628806,0.03914590747330961,0.2037037037037037
Left,random,WRM,PTT,7,0.1,1,1136,54,227,18,SDM-HS4,arc labels,,0.48014650510029433,0.04430379746835443,0.5185185185185185
Left,random,WRM,PTT,7,0.1,1,1136,54,227,18,SDM-HSsrc,arc labels,,0.49958923803655786,0.04746835443037975,0.5555555555555556
Left,random,WRM,PTT,7,0.1,1,1136,54,227,18,SDM-PCA,arc labels,64.0,0.5557609365372767,0.05447941888619855,0.8333333333333334
Left,random,WRM,PTT,7,0.2,1,1136,54,454,36,NoAdapt,nothing,,0.6031354829876087,0.07111111111111111,0.5925925925925926
Left,random,WRM,PTT,7,0.2,1,1136,54,454,36,TargetOnly,arc labels,,0.46342507017183543,0.04085257548845471,0.42592592592592593
Left,random,WRM,PTT,7,0.2,1,1136,54,454,36,Source+Target,arc labels,,0.5279318135140686,0.05131578947368421,0.7222222222222222
Left,random,WRM,PTT,7,0.2,1,1136,54,454,36,COT,arc labels,,0.47309509139453687,0.042,0.3888888888888889
Left,random,WRM,PTT,7,0.2,1,1136,54,454,36,none-HS4,arc labels,,0.5662011364414322,0.05944055944055944,0.6296296296296297
Left,random,WRM,PTT,7,0.2,1,1136,54,454,36,none-HSsrc,nothing,,0.5557951667008968,0.05414746543778802,0.8703703703703703
Left,random,WRM,PTT,7,0.2,1,1136,54,454,36,none-PCA,arc segments,8.0,0.5693503114944889,0.06304347826086956,0.5370370370370371
Left,random,WRM,PTT,7,0.2,1,1136,54,454,36,QOTu-HS4,arc labels,,0.6023653043061545,0.06396255850234009,0.7592592592592593
Left,random,WRM,PTT,7,0.2,1,1136,54,454,36,QOTu-HSsrc,arc segments,,0.5954165810912576,0.06299212598425197,0.7407407407407407
Left,random,WRM,PTT,7,0.2,1,1136,54,454,36,QOTu-PCA,arc segments,8.0,0.564267132196892,0.06157112526539278,0.5370370370370371
Left,random,WRM,PTT,7,0.2,1,1136,54,454,36,QOTc-HS4,arc labels,,0.490415554186349,0.04619565217391304,0.6296296296296297
Left,random,WRM,PTT,7,0.2,1,1136,54,454,36,QOTc-HSsrc,arc labels,,0.5117409461217225,0.04909560723514212,0.7037037037037037
Left,random,WRM,PTT,7,0.2,1,1136,54,454,36,QOTc-PCA,arc labels,64.0,0.4581878551379476,0.03636363636363636,0.25925925925925924
Left,random,WRM,PTT,7,0.2,1,1136,54,454,36,SDM-HS4,arc labels,,0.4570240295748614,0.04084720121028744,0.5
Left,random,WRM,PTT,7,0.2,1,1136,54,454,36,SDM-HSsrc,arc labels,,0.5028411035804752,0.047987616099071206,0.5740740740740741
Left,random,WRM,PTT,7,0.2,1,1136,54,454,36,SDM-PCA,arc labels,64.0,0.44512904771684814,0.0407673860911271,0.6296296296296297
Left,random,WRM,PTT,7,0.3,1,1136,54,682,49,NoAdapt,nothing,,0.6031354829876087,0.07111111111111111,0.5925925925925926
Left,random,WRM,PTT,7,0.3,1,1136,54,682,49,TargetOnly,arc labels,,0.4666598206339426,0.04136690647482014,0.42592592592592593
Left,random,WRM,PTT,7,0.3,1,1136,54,682,49,Source+Target,arc labels,,0.534777846238105,0.053125,0.6296296296296297
Left,random,WRM,PTT,7,0.3,1,1136,54,682,49,COT,arc labels,,0.48332991031697137,0.04448398576512456,0.46296296296296297
Left,random,WRM,PTT,7,0.3,1,1136,54,682,49,none-HS4,arc labels,,0.5643527076059424,0.059027777777777776,0.6296296296296297
Left,random,WRM,PTT,7,0.3,1,1136,54,682,49,none-HSsrc,nothing,,0.5557951667008968,0.05414746543778802,0.8703703703703703
Left,random,WRM,PTT,7,0.3,1,1136,54,682,49,none-PCA,arc segments,8.0,0.5693503114944889,0.06304347826086956,0.5370370370370371
Left,random,WRM,PTT,7,0.3,1,1136,54,682,49,QOTu-HS4,arc labels,,0.6254364345861574,0.07103825136612021,0.7222222222222222
Left,random,WRM,PTT,7,0.3,1,1136,54,682,49,QOTu-HSsrc,arc segments,,0.596802902717875,0.06329113924050633,0.7407407407407407
Left,random,WRM,PTT,7,0.3,1,1136,54,682,49,QOTu-PCA,arc segments,8.0,0.5711987403299787,0.06359649122807018,0.5370370370370371
Left,random,WRM,PTT,7,0.3,1,1136,54,682,49,QOTc-HS4,arc labels,,0.4579311289107962,0.04075235109717868,0.48148148148148145
Left,random,WRM,PTT,7,0.3,1,1136,54,682,49,QOTc-HSsrc,arc labels,,0.5075648661600602,0.048556430446194225,0.6851851851851852
Left,random,WRM,PTT,7,0.3,1,1136,54,682,49,QOTc-PCA,arc labels,64.0,0.43316560553159444,0.028169014084507043,0.18518518518518517
Left,random,WRM,PTT,7,0.3,1,1136,54,682,49,SDM-HS4,arc labels,,0.5027897583350448,0.048027444253859346,0.5185185185185185
Left,random,WRM,PTT,7,0.3,1,1136,54,682,49,SDM-HSsrc,arc labels,,0.49265762990347095,0.04636785162287481,0.5555555555555556
Left,random,WRM,PTT,7,0.3,1,1136,54,682,49,SDM-PCA,arc labels,64.0,0.48673581159717944,0.0457516339869281,0.6481481481481481
Left,random,WRM,PTT,7,0.5,1,1136,54,1124,84,NoAdapt,nothing,,0.6031354829876087,0.07111111111111111,0.5925925925925926
Left,random,WRM,PTT,7,0.5,1,1136,54,1124,84,TargetOnly,arc labels,,0.4666598206339426,0.04136690647482014,0.42592592592592593
Left,random,WRM,PTT,7,0.5,1,1136,54,1124,84,Source+Target,arc labels,,0.495481618402136,0.046875,0.6111111111111112
Left,random,WRM,PTT,7,0.5,1,1136,54,1124,84,COT,arc labels,,0.45043472307797633,0.03787878787878788,0.37037037037037035
Left,random,WRM,PTT,7,0.5,1,1136,54,1124,84,none-HS4,arc labels,,0.536643390155405,0.0532724505327245,0.6481481481481481
Left,random,WRM,PTT,7,0.5,1,1136,54,1124,84,none-HSsrc,nothing,,0.5557951667008968,0.05414746543778802,0.8703703703703703
Left,random,WRM,PTT,7,0.5,1,1136,54,1124,84,none-PCA,arc segments,8.0,0.5661155610323818,0.06209850107066381,0.5370370370370371
Left,random,WRM,PTT,7,0.5,1,1136,54,1124,84,QOTu-HS4,arc labels,,0.6093140275210516,0.06491499227202473,0.7777777777777778
Left,random,WRM,PTT,7,0.5,1,1136,54,1124,84,QOTu-HSsrc,arc segments,,0.5944923666735127,0.06279434850863422,0.7407407407407407
Left,random,WRM,PTT,7,0.5,1,1136,54,1124,84,QOTu-PCA,arc segments,8.0,0.5860204011775176,0.06652360515021459,0.5740740740740741
Left,random,WRM,PTT,7,0.5,1,1136,54,1124,84,QOTc-HS4,arc labels,,0.48019785034572465,0.04460431654676259,0.5740740740740741
Left,random,WRM,PTT,7,0.5,1,1136,54,1124,84,QOTc-HSsrc,arc labels,,0.5233449715889642,0.050492610837438424,0.7592592592592593
Left,random,WRM,PTT,7,0.5,1,1136,54,1124,84,QOTc-PCA,arc labels,64.0,0.42998220031491746,0.03058823529411765,0.24074074074074073
Left,random,WRM,PTT,7,0.5,1,1136,54,1124,84,SDM-HS4,arc labels,,0.4796843978914219,0.044233807266982623,0.5185185185185185
Left,random,WRM,PTT,7,0.5,1,1136,54,1124,84,SDM-HSsrc,arc labels,,0.5019168891627301,0.047839506172839504,0.5740740740740741
Left,random,WRM,PTT,7,0.5,1,1136,54,1124,84,SDM-PCA,arc labels,64.0,0.46720750325186555,0.04242424242424243,0.5185185185185185
Left,random,WRM,RTT,0,0.05,1,2129,35,213,5,NoAdapt,nothing,,0.7915950334288444,0.058091286307053944,0.8
Left,random,WRM,RTT,0,0.05,1,2129,35,213,5,TargetOnly,arc labels,,0.3812048028380407,0.004411764705882353,0.08571428571428572
Left,random,WRM,RTT,0,0.05,1,2129,35,213,5,Source+Target,arc labels,,0.7696684404420795,0.05263157894736842,0.7714285714285715
Left,random,WRM,RTT,0,0.05,1,2129,35,213,5,COT,arc labels,,0.3340837767771865,0.005005005005005005,0.14285714285714285
Left,random,WRM,RTT,0,0.05,1,2129,35,213,5,none-HS4,arc labels,,0.789882657934234,0.05272727272727273,0.8285714285714286
Left,random,WRM,RTT,0,0.05,1,2129,35,213,5,none-HSsrc,nothing,,0.695490517123755,0.03561253561253561,0.7142857142857143
Left,random,WRM,RTT,0,0.05,1,2129,35,213,5,none-PCA,arc segments,16.0,0.6796970937372083,0.04310344827586207,0.5714285714285714
Left,random,WRM,RTT,0,0.05,1,2129,35,213,5,QOTu-HS4,arc labels,,0.7972847591758767,0.055876685934489405,0.8285714285714286
Left,random,WRM,RTT,0,0.05,1,2129,35,213,5,QOTu-HSsrc,arc segments,,0.7569723018147088,0.044657097288676235,0.8
Left,random,WRM,RTT,0,0.05,1,2129,35,213,5,QOTu-PCA,arc segments,16.0,0.5016236867239733,0.016706443914081145,0.2
Left,random,WRM,RTT,0,0.05,1,2129,35,213,5,QOTc-HS4,arc labels,,0.4599604311638696,0.009732360097323601,0.11428571428571428
Left,random,WRM,RTT,0,0.05,1,2129,35,213,5,QOTc-HSsrc,arc labels,,0.43141629144494476,0.012059369202226345,0.37142857142857144
Left,random,WRM,RTT,0,0.05,1,2129,35,213,5,QOTc-PCA,arc labels,64.0,0.44925637876927277,0.007594936708860759,0.08571428571428572
Left,random,WRM,RTT,0,0.05,1,2129,35,213,5,SDM-HS4,arc labels,,0.6718583708555055,0.04357798165137615,0.5428571428571428
Left,random,WRM,RTT,0,0.05,1,2129,35,213,5,SDM-HSsrc,arc labels,,0.7010983763132761,0.032520325203252036,0.8
Left,random,WRM,RTT,0,0.05,1,2129,35,213,5,SDM-PCA,arc labels,32.0,0.505287215172602,0.01773049645390071,0.14285714285714285
Left,random,WRM,RTT,0,0.1,1,2129,35,426,7,NoAdapt,nothing,,0.7915950334288444,0.058091286307053944,0.8
Left,random,WRM,RTT,0,0.1,1,2129,35,426,7,TargetOnly,arc labels,,0.44706644835584664,0.008602150537634409,0.11428571428571428
Left,random,WRM,RTT,0,0.1,1,2129,35,426,7,Source+Target,arc labels,,0.7632623823168236,0.054279749478079335,0.7428571428571429
Left,random,WRM,RTT,0,0.1,1,2129,35,426,7,COT,arc labels,,0.3985536908173011,0.006858710562414266,0.14285714285714285
Left,random,WRM,RTT,0,0.1,1,2129,35,426,7,none-HS4,arc labels,,0.7784622731614136,0.0521415270018622,0.8
Left,random,WRM,RTT,0,0.1,1,2129,35,426,7,none-HSsrc,nothing,,0.695490517123755,0.03561253561253561,0.7142857142857143
Left,random,WRM,RTT,0,0.1,1,2129,35,426,7,none-PCA,arc segments,16.0,0.6796970937372083,0.04310344827586207,0.5714285714285714
Left,random,WRM,RTT,0,0.1,1,2129,35,426,7,QOTu-HS4,arc labels,,0.7972847591758767,0.055876685934489405,0.8285714285714286
Left,random,WRM,RTT,0,0.1,1,2129,35,426,7,QOTu-HSsrc,arc segments,,0.7481375358166189,0.04216867469879518,0.8
Left,random,WRM,RTT,0,0.1,1,2129,35,426,7,QOTu-PCA,arc segments,32.0,0.5837563105471415,0.029545454545454545,0.37142857142857144
Left,random,WRM,RTT,0,0.1,1,2129,35,426,7,QOTc-HS4,arc labels,,0.5196479738027016,0.019011406844106463,0.2857142857142857
Left,random,WRM,RTT,0,0.1,1,2129,35,426,7,QOTc-HSsrc,arc labels,,0.25560785918952106,0.0024875621890547263,0.08571428571428572
Left,random,WRM,RTT,0,0.1,1,2129,35,426,7,QOTc-PCA,arc labels,32.0,0.47938327193341523,0.009615384615384616,0.05714285714285714
Left,random,WRM,RTT,0,0.1,1,2129,35,426,7,SDM-HS4,arc labels,,0.5319825351343976,0.020134228187919462,0.34285714285714286
Left,random,WRM,RTT,0,0.1,1,2129,35,426,7,SDM-HSsrc,arc labels,,0.6605471414927002,0.027835051546391754,0.7714285714285715
Left,random,WRM,RTT,0,0.1,1,2129,35,426,7,SDM-PCA,arc labels,64.0,0.5793355164415336,0.0249609984399376,0.45714285714285713
Left,random,WRM,RTT,0,0.2,1,2129,35,852,16,NoAdapt,nothing,,0.7915950334288444,0.058091286307053944,0.8
Left,random,WRM,RTT,0,0.2,1,2129,35,852,16,TargetOnly,arc labels,,0.6205621503615772,0.030508474576271188,0.5142857142857142
Left,random,WRM,RTT,0,0.2,1,2129,35,852,16,Source+Target,arc labels,,0.7777459407831901,0.05185185185185185,0.8
Left,random,WRM,RTT,0,0.2,1,2129,35,852,16,COT,arc labels,,0.5763132760267431,0.02631578947368421,0.4
Left,random,WRM,RTT,0,0.2,1,2129,35,852,16,none-HS4,arc labels,,0.7832378223495702,0.05415860735009671,0.8
Left,random,WRM,RTT,0,0.2,1,2129,35,852,16,none-HSsrc,nothing,,0.695490517123755,0.03561253561253561,0.7142857142857143
Left,random,WRM,RTT,0,0.2,1,2129,35,852,16,none-PCA,arc segments,16.0,0.678741983899577,0.042735042735042736,0.5714285714285714
Left,random,WRM,RTT,0,0.2,1,2129,35,852,16,QOTu-HS4,arc labels,,0.7426456542502389,0.040756914119359534,0.8
Left,random,WRM,RTT,0,0.2,1,2129,35,852,16,QOTu-HSsrc,arc segments,,0.6964456269613863,0.03581661891117478,0.7142857142857143
Left,random,WRM,RTT,0,0.2,1,2129,35,852,16,QOTu-PCA,arc segments,16.0,0.4939828080229226,0.015521064301552107,0.2
Left,random,WRM,RTT,0,0.2,1,2129,35,852,16,QOTc-HS4,arc labels,,0.7798949379178606,0.05273069679849341,0.8
Left,random,WRM,RTT,0,0.2,1,2129,35,852,16,QOTc-HSsrc,arc labels,,0.7443170964660937,0.041176470588235294,0.8
Left,random,WRM,RTT,0,0.2,1,2129,35,852,16,QOTc-PCA,arc labels,64.0,0.625221721926593,0.03865979381443299,0.42857142857142855
Left,random,WRM,RTT,0,0.2,1,2129,35,852,16,SDM-HS4,arc labels,,0.7097762314094693,0.03698435277382646,0.7428571428571429
Left,random,WRM,RTT,0,0.2,1,2129,35,852,16,SDM-HSsrc,arc labels,,0.726210942829854,0.03884892086330935,0.7714285714285715
Left,random,WRM,RTT,0,0.2,1,2129,35,852,16,SDM-PCA,arc labels,32.0,0.4013030427070542,0.003738317757009346,0.05714285714285714
Left,random,WRM,RTT,0,0.3,1,2129,35,1278,23,NoAdapt,nothing,,0.7915950334288444,0.058091286307053944,0.8
Left,random,WRM,RTT,0,0.3,1,2129,35,1278,23,TargetOnly,arc labels,,0.6923113658070679,0.04449152542372881,0.6
Left,random,WRM,RTT,0,0.3,1,2129,35,1278,23,Source+Target,arc labels,,0.7956133169600219,0.055133079847908745,0.8285714285714286
Left,random,WRM,RTT,0,0.3,1,2129,35,1278,23,COT,arc labels,,0.6636990039568835,0.03766478342749529,0.5714285714285714
Left,random,WRM,RTT,0,0.3,1,2129,35,1278,23,none-HS4,arc labels,,0.7965684267976532,0.05555555555555555,0.8285714285714286
Left,random,WRM,RTT,0,0.3,1,2129,35,1278,23,none-HSsrc,nothing,,0.695490517123755,0.03561253561253561,0.7142857142857143
Left,random,WRM,RTT,0,0.3,1,2129,35,1278,23,none-PCA,arc segments,16.0,0.7208827943784963,0.04852320675105485,0.6571428571428571
Left,random,WRM,RTT,0,0.3,1,2129,35,1278,23,QOTu-HS4,arc labels,,0.7455109837631329,0.04148148148148148,0.8
Left,random,WRM,RTT,0,0.3,1,2129,35,1278,23,QOTu-HSsrc,arc segments,,0.6964456269613863,0.03581661891117478,0.7142857142857143
Left,random,WRM,RTT,0,0.3,1,2129,35,1278,23,QOTu-PCA,arc segments,4.0,0.8053622595169874,0.054945054945054944,0.8571428571428571
Left,random,WRM,RTT,0,0.3,1,2129,35,1278,23,QOTc-HS4,arc labels,,0.7702210397052804,0.04111405835543767,0.8857142857142857
Left,random,WRM,RTT,0,0.3,1,2129,35,1278,23,QOTc-HSsrc,arc labels,,0.782159912675672,0.04403409090909091,0.8857142857142857
Left,random,WRM,RTT,0,0.3,1,2129,35,1278,23,QOTc-PCA,arc labels,64.0,0.6524014190203302,0.04776119402985075,0.45714285714285713
Left,random,WRM,RTT,0,0.3,1,2129,35,1278,23,SDM-HS4,arc labels,,0.7756378769272751,0.055327868852459015,0.7714285714285715
Left,random,WRM,RTT,0,0.3,1,2129,35,1278,23,SDM-HSsrc,arc labels,,0.7397803247373449,0.04005722460658083,0.8
Left,random,WRM,RTT,0,0.3,1,2129,35,1278,23,SDM-PCA,arc labels,64.0,0.5913494337563105,0.023980815347721823,0.5714285714285714
Left,random,WRM,RTT,0,0.5,1,2129,35,2118,35,NoAdapt,nothing,,0.7915950334288444,0.058091286307053944,0.8
Left,random,WRM,RTT,0,0.5,1,2129,35,2118,35,TargetOnly,arc labels,,0.7443989630236049,0.04659498207885305,0.7428571428571429
Left,random,WRM,RTT,0,0.5,1,2129,35,2118,35,Source+Target,arc labels,,0.7891663255560104,0.05244122965641953,0.8285714285714286
Left,random,WRM,RTT,0,0.5,1,2129,35,2118,35,COT,arc labels,,0.682159912675672,0.03443328550932568,0.6857142857142857
Left,random,WRM,RTT,0,0.5,1,2129,35,2118,35,none-HS4,arc labels,,0.7922704325283122,0.053703703703703705,0.8285714285714286
Left,random,WRM,RTT,0,0.5,1,2129,35,2118,35,none-HSsrc,nothing,,0.695490517123755,0.03561253561253561,0.7142857142857143
Left,random,WRM,RTT,0,0.5,1,2129,35,2118,35,none-PCA,arc segments,4.0,0.8013439759858099,0.05776892430278884,0.8285714285714286
Left,random,WRM,RTT,0,0.5,1,2129,35,2118,35,QOTu-HS4,arc labels,,0.6962068495019784,0.0357653791130186,0.7142857142857143
Left,random,WRM,RTT,0,0.5,1,2129,35,2118,35,QOTu-HSsrc,arc segments,,0.6964456269613863,0.03581661891117478,0.7142857142857143
Left,random,WRM,RTT,0,0.5,1,2129,35,2118,35,QOTu-PCA,arc segments,4.0,0.8075112566516578,0.055865921787709494,0.8571428571428571
Left,random,WRM,RTT,0,0.5,1,2129,35,2118,35,QOTc-HS4,arc labels,,0.7472984036021285,0.036470588235294116,0.8857142857142857
Left,random,WRM,RTT,0,0.5,1,2129,35,2118,35,QOTc-HSsrc,arc labels,,0.7723700368399509,0.04161073825503356,0.8857142857142857
Left,random,WRM,RTT,0,0.5,1,2129,35,2118,35,QOTc-PCA,arc labels,64.0,0.6175399099467868,0.033264033264033266,0.45714285714285713
Left,random,WRM,RTT,0,0.5,1,2129,35,2118,35,SDM-HS4,arc labels,,0.7248192113521627,0.040625,0.7428571428571429
Left,random,WRM,RTT,0,0.5,1,2129,35,2118,35,SDM-HSsrc,arc labels,,0.7874130167826443,0.045454545454545456,0.8857142857142857
Left,random,WRM,RTT,0,0.5,1,2129,35,2118,35,SDM-PCA,arc labels,32.0,0.5970800927820985,0.024691358024691357,0.5714285714285714
Left,random,WRM,RTT,1,0.05,1,2129,8,213,5,NoAdapt,nothing,,0.5490924092409242,0.006172839506172839,0.25
Left,random,WRM,RTT,1,0.05,1,2129,8,213,5,TargetOnly,arc labels,,0.5377769919849128,0.005376344086021506,0.25
Left,random,WRM,RTT,1,0.05,1,2129,8,213,5,Source+Target,arc labels,,0.5495638849599246,0.006211180124223602,0.25
Left,random,WRM,RTT,1,0.05,1,2129,8,213,5,COT,arc labels,,0.4899222065063649,0.0034782608695652175,0.25
Left,random,WRM,RTT,1,0.05,1,2129,8,213,5,none-HS4,arc labels,,0.4781058462989156,0.002785515320334262,0.125
Left,random,WRM,RTT,1,0.05,1,2129,8,213,5,none-HSsrc,nothing,,0.5620874587458746,0.005607476635514018,0.375
Left,random,WRM,RTT,1,0.05,1,2129,8,213,5,none-PCA,arc segments,8.0,0.5502710985384253,0.006269592476489028,0.25
Left,random,WRM,RTT,1,0.05,1,2129,8,213,5,QOTu-HS4,arc labels,,0.47975601131541723,0.002840909090909091,0.125
Left,random,WRM,RTT,1,0.05,1,2129,8,213,5,QOTu-HSsrc,arc segments,,0.5835396039603961,0.006756756756756757,0.375
Left,random,WRM,RTT,1,0.05,1,2129,8,213,5,QOTu-PCA,arc segments,8.0,0.5443776520509194,0.005813953488372093,0.25
Left,random,WRM,RTT,1,0.05,1,2129,8,213,5,QOTc-HS4,arc labels,,0.5976838755304101,0.0078125,0.375
Left,random,WRM,RTT,1,0.05,1,2129,8,213,5,QOTc-HSsrc,arc labels,,0.591554691183404,0.007317073170731708,0.375
Left,random,WRM,RTT,1,0.05,1,2129,8,213,5,QOTc-PCA,arc labels,64.0,0.5551921263554926,0.03125,0.125
Left,random,WRM,RTT,1,0.05,1,2129,8,213,5,SDM-HS4,arc labels,,0.6118576143328618,0.006779661016949152,0.5
Left,random,WRM,RTT,1,0.05,1,2129,8,213,5,SDM-HSsrc,arc labels,,0.5929691183404054,0.007425742574257425,0.375
Left,random,WRM,RTT,1,0.05,1,2129,8,213,5,SDM-PCA,arc labels,32.0,0.5323550212164074,0.005063291139240506,0.25
Left,random,WRM,RTT,1,0.1,1,2129,8,426,20,NoAdapt,nothing,,0.5490924092409242,0.006172839506172839,0.25
Left,random,WRM,RTT,1,0.1,1,2129,8,426,20,TargetOnly,arc labels,,0.5254891560584629,0.006329113924050633,0.125
Left,random,WRM,RTT,1,0.1,1,2129,8,426,20,Source+Target,arc labels,,0.5545143800094295,0.006644518272425249,0.25
Left,random,WRM,RTT,1,0.1,1,2129,8,426,20,COT,arc labels,,0.4578029231494578,0.0,0.0
Left,random,WRM,RTT,1,0.1,1,2129,8,426,20,none-HS4,arc labels,,0.4783415841584158,0.002793296089385475,0.125
Left,random,WRM,RTT,1,0.1,1,2129,8,426,20,none-HSsrc,nothing,,0.5620874587458746,0.005607476635514018,0.375
Left,random,WRM,RTT,1,0.1,1,2129,8,426,20,none-PCA,arc segments,8.0,0.5502710985384253,0.006269592476489028,0.25
Left,random,WRM,RTT,1,0.1,1,2129,8,426,20,QOTu-HS4,arc labels,,0.4839992927864215,0.0029940119760479044,0.125
Left,random,WRM,RTT,1,0.1,1,2129,8,426,20,QOTu-HSsrc,arc segments,,0.5891973125884017,0.007142857142857143,0.375
Left,random,WRM,RTT,1,0.1,1,2129,8,426,20,QOTu-PCA,arc segments,8.0,0.5460278170674211,0.005934718100890208,0.25
Left,random,WRM,RTT,1,0.1,1,2129,8,426,20,QOTc-HS4,arc labels,,0.5554573314474305,0.006734006734006734,0.25
Left,random,WRM,RTT,1,0.1,1,2129,8,426,20,QOTc-HSsrc,arc labels,,0.567008486562942,0.008064516129032258,0.25
Left,random,WRM,RTT,1,0.1,1,2129,8,426,20,QOTc-PCA,arc labels,16.0,0.5193599717114569,0.005434782608695652,0.125
Left,random,WRM,RTT,1,0.1,1,2129,8,426,20,SDM-HS4,arc labels,,0.5439061763319188,0.005780346820809248,0.25
Left,random,WRM,RTT,1,0.1,1,2129,8,426,20,SDM-HSsrc,arc labels,,0.5707802923149458,0.008620689655172414,0.25
Left,random,WRM,RTT,1,0.1,1,2129,8,426,20,SDM-PCA,arc labels,64.0,0.5007661480433758,0.003780718336483932,0.25
Left,random,WRM,RTT,1,0.2,1,2129,8,852,32,NoAdapt,nothing,,0.5490924092409242,0.006172839506172839,0.25
Left,random,WRM,RTT,1,0.2,1,2129,8,852,32,TargetOnly,arc labels,,0.5261963696369637,0.0064516129032258064,0.125
Left,random,WRM,RTT,1,0.2,1,2129,8,852,32,Source+Target,arc labels,,0.5059229137199435,0.004149377593360996,0.125
Left,random,WRM,RTT,1,0.2,1,2129,8,852,32,COT,arc labels,,0.5099304573314474,0.004464285714285714,0.125
Left,random,WRM,RTT,1,0.2,1,2129,8,852,32,none-HS4,arc labels,,0.48187765205091937,0.0029154518950437317,0.125
Left,random,WRM,RTT,1,0.2,1,2129,8,852,32,none-HSsrc,nothing,,0.5620874587458746,0.005607476635514018,0.375
Left,random,WRM,RTT,1,0.2,1,2129,8,852,32,none-PCA,arc segments,8.0,0.550035360678925,0.00625,0.25
Left,random,WRM,RTT,1,0.2,1,2129,8,852,32,QOTu-HS4,arc labels,,0.48164191419141916,0.0029069767441860465,0.125
Left,random,WRM,RTT,1,0.2,1,2129,8,852,32,QOTu-HSsrc,arc segments,,0.5835396039603961,0.006756756756756757,0.375
Left,random,WRM,RTT,1,0.2,1,2129,8,852,32,QOTu-PCA,arc segments,8.0,0.5453206034889203,0.0058823529411764705,0.25
Left,random,WRM,RTT,1,0.2,1,2129,8,852,32,QOTc-HS4,arc labels,,0.54508486562942,0.005865102639296188,0.25
Left,random,WRM,RTT,1,0.2,1,2129,8,852,32,QOTc-HSsrc,arc labels,,0.5658297972654408,0.007905138339920948,0.25
Left,random,WRM,RTT,1,0.2,1,2129,8,852,32,QOTc-PCA,arc labels,8.0,0.6285655351249411,0.011857707509881422,0.375
Left,random,WRM,RTT,1,0.2,1,2129,8,852,32,SDM-HS4,arc labels,,0.5424917491749175,0.005681818181818182,0.25
Left,random,WRM,RTT,1,0.2,1,2129,8,852,32,SDM-HSsrc,arc labels,,0.5703088165959453,0.008547008547008548,0.25
Left,random,WRM,RTT,1,0.2,1,2129,8,852,32,SDM-PCA,arc labels,64.0,0.4469884488448845,0.002036659877800407,0.125
Left,random,WRM,RTT,1,0.3,1,2129,8,1278,41,NoAdapt,nothing,,0.5490924092409242,0.006172839506172839,0.25
Left,random,WRM,RTT,1,0.3,1,2129,8,1278,41,TargetOnly,arc labels,,0.47194719471947194,0.0,0.0
Left,random,WRM,RTT,1,0.3,1,2129,8,1278,41,Source+Target,arc labels,,0.5054514380009429,0.00411522633744856,0.125
Left,random,WRM,RTT,1,0.3,1,2129,8,1278,41,COT,arc labels,,0.5009724186704385,0.003816793893129771,0.125
Left,random,WRM,RTT,1,0.3,1,2129,8,1278,41,none-HS4,arc labels,,0.48187765205091937,0.0029154518950437317,0.125
Left,random,WRM,RTT,1,0.3,1,2129,8,1278,41,none-HSsrc,nothing,,0.5620874587458746,0.005607476635514018,0.375
Left,random,WRM,RTT,1,0.3,1,2129,8,1278,41,none-PCA,arc segments,8.0,0.550035360678925,0.00625,0.25
Left,random,WRM,RTT,1,0.3,1,2129,8,1278,41,QOTu-HS4,arc labels,,0.48376355492692125,0.0029850746268656717,0.125
Left,random,WRM,RTT,1,0.3,1,2129,8,1278,41,QOTu-HSsrc,arc segments,,0.5835396039603961,0.006756756756756757,0.375
Left,random,WRM,RTT,1,0.3,1,2129,8,1278,41,QOTu-PCA,arc segments,8.0,0.54508486562942,0.005865102639296188,0.25
Left,random,WRM,RTT,1,0.3,1,2129,8,1278,41,QOTc-HS4,arc labels,,0.5467350306459218,0.005988023952095809,0.25
Left,random,WRM,RTT,1,0.3,1,2129,8,1278,41,QOTc-HSsrc,arc labels,,0.5615865157944366,0.007380073800738007,0.25
Left,random,WRM,RTT,1,0.3,1,2129,8,1278,41,QOTc-PCA,arc labels,64.0,0.5122878359264498,0.004672897196261682,0.125
Left,random,WRM,RTT,1,0.3,1,2129,8,1278,41,SDM-HS4,arc labels,,0.593440594059406,0.007462686567164179,0.375
Left,random,WRM,RTT,1,0.3,1,2129,8,1278,41,SDM-HSsrc,arc labels,,0.5667727487034417,0.008032128514056224,0.25
Left,random,WRM,RTT,1,0.3,1,2129,8,1278,41,SDM-PCA,arc labels,64.0,0.39368222536539366,0.0,0.0
Left,random,WRM,RTT,1,0.5,1,2129,8,2106,59,NoAdapt,nothing,,0.5490924092409242,0.006172839506172839,0.25
Left,random,WRM,RTT,1,0.5,1,2129,8,2106,59,TargetOnly,arc labels,,0.4606317774634606,0.0,0.0
Left,random,WRM,RTT,1,0.5,1,2129,8,2106,59,Source+Target,arc labels,,0.5177098066949553,0.005235602094240838,0.125
Left,random,WRM,RTT,1,0.5,1,2129,8,2106,59,COT,arc labels,,0.5056871758604432,0.004132231404958678,0.125
Left,random,WRM,RTT,1,0.5,1,2129,8,2106,59,none-HS4,arc labels,,0.4814061763319189,0.002898550724637681,0.125
Left,random,WRM,RTT,1,0.5,1,2129,8,2106,59,none-HSsrc,nothing,,0.5620874587458746,0.005607476635514018,0.375
Left,random,WRM,RTT,1,0.5,1,2129,8,2106,59,none-PCA,arc segments,8.0,0.550035360678925,0.00625,0.25
Left,random,WRM,RTT,1,0.5,1,2129,8,2106,59,QOTu-HS4,arc labels,,0.48305634134842057,0.0029585798816568047,0.125
Left,random,WRM,RTT,1,0.5,1,2129,8,2106,59,QOTu-HSsrc,arc segments,,0.5835396039603961,0.006756756756756757,0.375
Left,random,WRM,RTT,1,0.5,1,2129,8,2106,59,QOTu-PCA,arc segments,8.0,0.5448491277699199,0.005847953216374269,0.25
Left,random,WRM,RTT,1,0.5,1,2129,8,2106,59,QOTc-HS4,arc labels,,0.5413130598774163,0.0056022408963585435,0.25
Left,random,WRM,RTT,1,0.5,1,2129,8,2106,59,QOTc-HSsrc,arc labels,,0.5594648750589344,0.007142857142857143,0.25
Left,random,WRM,RTT,1,0.5,1,2129,8,2106,59,QOTc-PCA,arc labels,64.0,0.5167668552569542,0.005128205128205128,0.125
Left,random,WRM,RTT,1,0.5,1,2129,8,2106,59,SDM-HS4,arc labels,,0.5811527581329561,0.010638297872340425,0.25
Left,random,WRM,RTT,1,0.5,1,2129,8,2106,59,SDM-HSsrc,arc labels,,0.5467350306459218,0.005988023952095809,0.25
Left,random,WRM,RTT,1,0.5,1,2129,8,2106,59,SDM-PCA,arc labels,64.0,0.35997171145685997,0.0,0.0
Left,random,WRM,RTT,2,0.05,1,2129,8,213,6,NoAdapt,nothing,,0.5920261669024045,0.007352941176470588,0.375
Left,random,WRM,RTT,2,0.05,1,2129,8,213,6,TargetOnly,arc labels,,0.5316183404054691,0.007575757575757576,0.125
Left,random,WRM,RTT,2,0.05,1,2129,8,213,6,Source+Target,arc labels,,0.5354196133899104,0.005235602094240838,0.25
Left,random,WRM,RTT,2,0.05,1,2129,8,213,6,COT,arc labels,,0.6661067892503536,0.007987220447284345,0.625
Left,random,WRM,RTT,2,0.05,1,2129,8,213,6,none-HS4,arc labels,,0.530940594059406,0.004987531172069825,0.25
Left,random,WRM,RTT,2,0.05,1,2129,8,213,6,none-HSsrc,nothing,,0.6422677982083922,0.008676789587852495,0.5
Left,random,WRM,RTT,2,0.05,1,2129,8,213,6,none-PCA,arc segments,16.0,0.6130068363979255,0.009404388714733543,0.375
Left,random,WRM,RTT,2,0.05,1,2129,8,213,6,QOTu-HS4,arc labels,,0.5792963224893918,0.006493506493506494,0.375
Left,random,WRM,RTT,2,0.05,1,2129,8,213,6,QOTu-HSsrc,arc segments,,0.5929691183404054,0.007425742574257425,0.375
Left,random,WRM,RTT,2,0.05,1,2129,8,213,6,QOTu-PCA,arc segments,16.0,0.6026343705799151,0.008264462809917356,0.375
Left,random,WRM,RTT,2,0.05,1,2129,8,213,6,QOTc-HS4,arc labels,,0.5912894860914664,0.013793103448275862,0.25
Left,random,WRM,RTT,2,0.05,1,2129,8,213,6,QOTc-HSsrc,arc labels,,0.5927333804809052,0.007407407407407408,0.375
Left,random,WRM,RTT,2,0.05,1,2129,8,213,6,QOTc-PCA,arc labels,64.0,0.542020273455917,0.005649717514124294,0.25
Left,random,WRM,RTT,2,0.05,1,2129,8,213,6,SDM-HS4,arc labels,,0.58492456388496,0.011627906976744186,0.25
Left,random,WRM,RTT,2,0.05,1,2129,8,213,6,SDM-HSsrc,arc labels,,0.6436822253653937,0.008791208791208791,0.5
Left,random,WRM,RTT,2,0.05,1,2129,8,213,6,SDM-PCA,arc labels,64.0,0.5913484205563413,0.005908419497784343,0.5
Left,random,WRM,RTT,2,0.1,1,2129,8,426,15,NoAdapt,nothing,,0.5920261669024045,0.007352941176470588,0.375
Left,random,WRM,RTT,2,0.1,1,2129,8,426,15,TargetOnly,arc labels,,0.520538661008958,0.00558659217877095,0.125
Left,random,WRM,RTT,2,0.1,1,2129,8,426,15,Source+Target,arc labels,,0.5314120697784064,0.005012531328320802,0.25
Left,random,WRM,RTT,2,0.1,1,2129,8,426,15,COT,arc labels,,0.47904879773691655,0.0028169014084507044,0.125
Left,random,WRM,RTT,2,0.1,1,2129,8,426,15,none-HS4,arc labels,,0.5292904290429044,0.004901960784313725,0.25
Left,random,WRM,RTT,2,0.1,1,2129,8,426,15,none-HSsrc,nothing,,0.6422677982083922,0.008676789587852495,0.5
Left,random,WRM,RTT,2,0.1,1,2129,8,426,15,none-PCA,arc segments,16.0,0.6089992927864215,0.008928571428571428,0.375
Left,random,WRM,RTT,2,0.1,1,2129,8,426,15,QOTu-HS4,arc labels,,0.5743458274398868,0.006211180124223602,0.375
Left,random,WRM,RTT,2,0.1,1,2129,8,426,15,QOTu-HSsrc,arc segments,,0.5929691183404054,0.007425742574257425,0.375
Left,random,WRM,RTT,2,0.1,1,2129,8,426,15,QOTu-PCA,arc segments,16.0,0.5896687883074021,0.007177033492822967,0.375
Left,random,WRM,RTT,2,0.1,1,2129,8,426,15,QOTc-HS4,arc labels,,0.6063767090994814,0.024691358024691357,0.25
Left,random,WRM,RTT,2,0.1,1,2129,8,426,15,QOTc-HSsrc,arc labels,,0.6163071664309288,0.009836065573770493,0.375
Left,random,WRM,RTT,2,0.1,1,2129,8,426,15,QOTc-PCA,arc labels,32.0,0.5856317774634606,0.011834319526627219,0.25
Left,random,WRM,RTT,2,0.1,1,2129,8,426,15,SDM-HS4,arc labels,,0.5358616218764733,0.008771929824561403,0.125
Left,random,WRM,RTT,2,0.1,1,2129,8,426,15,SDM-HSsrc,arc labels,,0.6071133899104196,0.00872093023255814,0.375
Left,random,WRM,RTT,2,0.1,1,2129,8,426,15,SDM-PCA,arc labels,32.0,0.6146570014144271,0.009615384615384616,0.375
Left,random,WRM,RTT,2,0.2,1,2129,8,852,25,NoAdapt,nothing,,0.5920261669024045,0.007352941176470588,0.375
Left,random,WRM,RTT,2,0.2,1,2129,8,852,25,TargetOnly,arc labels,,0.5311468646864687,0.007462686567164179,0.125
Left,random,WRM,RTT,2,0.2,1,2129,8,852,25,Source+Target,arc labels,,0.5797677982083922,0.006521739130434782,0.375
Left,random,WRM,RTT,2,0.2,1,2129,8,852,25,COT,arc labels,,0.5035950023573785,0.0038684719535783366,0.25
Left,random,WRM,RTT,2,0.2,1,2129,8,852,25,none-HS4,arc labels,,0.530940594059406,0.004987531172069825,0.25
Left,random,WRM,RTT,2,0.2,1,2129,8,852,25,none-HSsrc,nothing,,0.6422677982083922,0.008676789587852495,0.5
Left,random,WRM,RTT,2,0.2,1,2129,8,852,25,none-PCA,arc segments,16.0,0.5578147100424329,0.006968641114982578,0.25
Left,random,WRM,RTT,2,0.2,1,2129,8,852,25,QOTu-HS4,arc labels,,0.5748173031588872,0.006237006237006237,0.375
Left,random,WRM,RTT,2,0.2,1,2129,8,852,25,QOTu-HSsrc,arc segments,,0.5965051862329089,0.007712082262210797,0.375
Left,random,WRM,RTT,2,0.2,1,2129,8,852,25,QOTu-PCA,arc segments,16.0,0.5748173031588872,0.006237006237006237,0.375
Left,random,WRM,RTT,2,0.2,1,2129,8,852,25,QOTc-HS4,arc labels,,0.6068481848184819,0.02531645569620253,0.25
Left,random,WRM,RTT,2,0.2,1,2129,8,852,25,QOTc-HSsrc,arc labels,,0.616542904290429,0.009868421052631578,0.375
Left,random,WRM,RTT,2,0.2,1,2129,8,852,25,QOTc-PCA,arc labels,32.0,0.554042904290429,0.006600660066006601,0.25
Left,random,WRM,RTT,2,0.2,1,2129,8,852,25,SDM-HS4,arc labels,,0.4832920792079208,0.002967359050445104,0.125
Left,random,WRM,RTT,2,0.2,1,2129,8,852,25,SDM-HSsrc,arc labels,,0.6151284771334276,0.00967741935483871,0.375
Left,random,WRM,RTT,2,0.2,1,2129,8,852,25,SDM-PCA,arc labels,64.0,0.43685172088637436,0.0018726591760299626,0.125
Left,random,WRM,RTT,2,0.3,1,2129,8,1278,38,NoAdapt,nothing,,0.5920261669024045,0.007352941176470588,0.375
Left,random,WRM,RTT,2,0.3,1,2129,8,1278,38,TargetOnly,arc labels,,0.528553748231966,0.006896551724137931,0.125
Left,random,WRM,RTT,2,0.3,1,2129,8,1278,38,Source+Target,arc labels,,0.5203323903818953,0.004484304932735426,0.25
Left,random,WRM,RTT,2,0.3,1,2129,8,1278,38,COT,arc labels,,0.4828206034889203,0.0029498525073746312,0.125
Left,random,WRM,RTT,2,0.3,1,2129,8,1278,38,none-HS4,arc labels,,0.5318835454974069,0.005037783375314861,0.25
Left,random,WRM,RTT,2,0.3,1,2129,8,1278,38,none-HSsrc,nothing,,0.6422677982083922,0.008676789587852495,0.5
Left,random,WRM,RTT,2,0.3,1,2129,8,1278,38,none-PCA,arc segments,16.0,0.5575789721829325,0.006944444444444444,0.25
Left,random,WRM,RTT,2,0.3,1,2129,8,1278,38,QOTu-HS4,arc labels,,0.5752887788778878,0.006263048016701462,0.375
Left,random,WRM,RTT,2,0.3,1,2129,8,1278,38,QOTu-HSsrc,arc segments,,0.5523927392739274,0.0064516129032258064,0.25
Left,random,WRM,RTT,2,0.3,1,2129,8,1278,38,QOTu-PCA,arc segments,16.0,0.5837753418198963,0.006772009029345372,0.375
Left,random,WRM,RTT,2,0.3,1,2129,8,1278,38,QOTc-HS4,arc labels,,0.6011904761904762,0.019417475728155338,0.25
Left,random,WRM,RTT,2,0.3,1,2129,8,1278,38,QOTc-HSsrc,arc labels,,0.6212576614804337,0.01056338028169014,0.375
Left,random,WRM,RTT,2,0.3,1,2129,8,1278,38,QOTc-PCA,arc labels,8.0,0.5877534181989628,0.0125,0.25
Left,random,WRM,RTT,2,0.3,1,2129,8,1278,38,SDM-HS4,arc labels,,0.5109028760018859,0.00411522633744856,0.25
Left,random,WRM,RTT,2,0.3,1,2129,8,1278,38,SDM-HSsrc,arc labels,,0.61748585572843,0.01,0.375
Left,random,WRM,RTT,2,0.3,1,2129,8,1278,38,SDM-PCA,arc labels,64.0,0.4580681282413956,0.0022522522522522522,0.125
Left,random,WRM,RTT,2,0.5,1,2129,8,2106,62,NoAdapt,nothing,,0.5920261669024045,0.007352941176470588,0.375
Left,random,WRM,RTT,2,0.5,1,2129,8,2106,62,TargetOnly,arc labels,,0.5297324375294672,0.007142857142857143,0.125
Left,random,WRM,RTT,2,0.5,1,2129,8,2106,62,Source+Target,arc labels,,0.47975601131541723,0.002840909090909091,0.125
Left,random,WRM,RTT,2,0.5,1,2129,8,2106,62,COT,arc labels,,0.530940594059406,0.004987531172069825,0.25
Left,random,WRM,RTT,2,0.5,1,2129,8,2106,62,none-HS4,arc labels,,0.5314120697784064,0.005012531328320802,0.25
Left,random,WRM,RTT,2,0.5,1,2129,8,2106,62,none-HSsrc,nothing,,0.6422677982083922,0.008676789587852495,0.5
Left,random,WRM,RTT,2,0.5,1,2129,8,2106,62,none-PCA,arc segments,16.0,0.558050447901933,0.006993006993006993,0.25
Left,random,WRM,RTT,2,0.5,1,2129,8,2106,62,QOTu-HS4,arc labels,,0.5811822253653937,0.006607929515418502,0.375
Left,random,WRM,RTT,2,0.5,1,2129,8,2106,62,QOTu-HSsrc,arc segments,,0.5523927392739274,0.0064516129032258064,0.25
Left,random,WRM,RTT,2,0.5,1,2129,8,2106,62,QOTu-PCA,arc segments,16.0,0.5814179632248939,0.006622516556291391,0.375
Left,random,WRM,RTT,2,0.5,1,2129,8,2106,62,QOTc-HS4,arc labels,,0.6066124469589815,0.025,0.25
Left,random,WRM,RTT,2,0.5,1,2129,8,2106,62,QOTc-HSsrc,arc labels,,0.616542904290429,0.009868421052631578,0.375
Left,random,WRM,RTT,2,0.5,1,2129,8,2106,62,QOTc-PCA,arc labels,8.0,0.5938826025459689,0.014925373134328358,0.25
Left,random,WRM,RTT,2,0.5,1,2129,8,2106,62,SDM-HS4,arc labels,,0.47032649693540785,0.002551020408163265,0.125
Left,random,WRM,RTT,2,0.5,1,2129,8,2106,62,SDM-HSsrc,arc labels,,0.5998055162659124,0.008,0.375
Left,random,WRM,RTT,2,0.5,1,2129,8,2106,62,SDM-PCA,arc labels,64.0,0.4347300801508722,0.001841620626151013,0.125
Left,random,WRM,RTT,3,0.05,1,2129,9,213,5,NoAdapt,nothing,,0.5699685534591195,0.007263922518159807,0.3333333333333333
Left,random,WRM,RTT,3,0.05,1,2129,9,213,5,TargetOnly,arc labels,,0.4756027253668763,0.0029411764705882353,0.1111111111111111
Left,random,WRM,RTT,3,0.05,1,2129,9,213,5,Source+Target,arc labels,,0.609958071278826,0.008333333333333333,0.4444444444444444
Left,random,WRM,RTT,3,0.05,1,2129,9,213,5,COT,arc labels,,0.3645440251572327,0.002336448598130841,0.3333333333333333
Left,random,WRM,RTT,3,0.05,1,2129,9,213,5,none-HS4,arc labels,,0.5155922431865828,0.004914004914004914,0.2222222222222222
Left,random,WRM,RTT,3,0.05,1,2129,9,213,5,none-HSsrc,nothing,,0.6198637316561845,0.0091324200913242,0.4444444444444444
Left,random,WRM,RTT,3,0.05,1,2129,9,213,5,none-PCA,arc segments,32.0,0.5977987421383648,0.010169491525423728,0.3333333333333333
Left,random,WRM,RTT,3,0.05,1,2129,9,213,5,QOTu-HS4,arc labels,,0.5551100628930817,0.0063025210084033615,0.3333333333333333
Left,random,WRM,RTT,3,0.05,1,2129,9,213,5,QOTu-HSsrc,arc segments,,0.5803459119496855,0.008130081300813009,0.3333333333333333
Left,random,WRM,RTT,3,0.05,1,2129,9,213,5,QOTu-PCA,arc segments,32.0,0.5671383647798742,0.007058823529411765,0.3333333333333333
Left,random,WRM,RTT,3,0.05,1,2129,9,213,5,QOTc-HS4,arc labels,,0.49221698113207546,0.0,0.0
Left,random,WRM,RTT,3,0.05,1,2129,9,213,5,QOTc-HSsrc,arc labels,,0.5963836477987421,0.009966777408637873,0.3333333333333333
Left,random,WRM,RTT,3,0.05,1,2129,9,213,5,QOTc-PCA,arc labels,32.0,0.47971698113207545,0.0,0.0
Left,random,WRM,RTT,3,0.05,1,2129,9,213,5,SDM-HS4,arc labels,,0.5286687631027254,0.008695652173913044,0.1111111111111111
Left,random,WRM,RTT,3,0.05,1,2129,9,213,5,SDM-HSsrc,arc labels,,0.539412997903564,0.006535947712418301,0.2222222222222222
Left,random,WRM,RTT,3,0.05,1,2129,9,213,5,SDM-PCA,arc labels,16.0,0.4186320754716981,0.0,0.0
Left,random,WRM,RTT,3,0.1,1,2129,9,426,10,NoAdapt,nothing,,0.5699685534591195,0.007263922518159807,0.3333333333333333
Left,random,WRM,RTT,3,0.1,1,2129,9,426,10,TargetOnly,arc labels,,0.49848008385744236,0.00411522633744856,0.1111111111111111
Left,random,WRM,RTT,3,0.1,1,2129,9,426,10,Source+Target,arc labels,,0.6033542976939203,0.007874015748031496,0.4444444444444444
Left,random,WRM,RTT,3,0.1,1,2129,9,426,10,COT,arc labels,,0.5347222222222222,0.0050062578222778474,0.4444444444444444
Left,random,WRM,RTT,3,0.1,1,2129,9,426,10,none-HS4,arc labels,,0.5158280922431866,0.0049261083743842365,0.2222222222222222
Left,random,WRM,RTT,3,0.1,1,2129,9,426,10,none-HSsrc,nothing,,0.6198637316561845,0.0091324200913242,0.4444444444444444
Left,random,WRM,RTT,3,0.1,1,2129,9,426,10,none-PCA,arc segments,16.0,0.577751572327044,0.007894736842105263,0.3333333333333333
Left,random,WRM,RTT,3,0.1,1,2129,9,426,10,QOTu-HS4,arc labels,,0.5610062893081761,0.0066518847006651885,0.3333333333333333
Left,random,WRM,RTT,3,0.1,1,2129,9,426,10,QOTu-HSsrc,arc segments,,0.5408280922431865,0.006666666666666667,0.2222222222222222
Left,random,WRM,RTT,3,0.1,1,2129,9,426,10,QOTu-PCA,arc segments,32.0,0.5822327044025157,0.008310249307479225,0.3333333333333333
Left,random,WRM,RTT,3,0.1,1,2129,9,426,10,QOTc-HS4,arc labels,,0.5406970649895179,0.015625,0.1111111111111111
Left,random,WRM,RTT,3,0.1,1,2129,9,426,10,QOTc-HSsrc,arc labels,,0.5890723270440251,0.009036144578313253,0.3333333333333333
Left,random,WRM,RTT,3,0.1,1,2129,9,426,10,QOTc-PCA,arc labels,64.0,0.568317610062893,0.007142857142857143,0.3333333333333333
Left,random,WRM,RTT,3,0.1,1,2129,9,426,10,SDM-HS4,arc labels,,0.5700733752620545,0.011363636363636364,0.2222222222222222
Left,random,WRM,RTT,3,0.1,1,2129,9,426,10,SDM-HSsrc,arc labels,,0.5857704402515723,0.008670520231213872,0.3333333333333333
Left,random,WRM,RTT,3,0.1,1,2129,9,426,10,SDM-PCA,arc labels,32.0,0.5382337526205451,0.006430868167202572,0.2222222222222222
Left,random,WRM,RTT,3,0.2,1,2129,9,852,23,NoAdapt,nothing,,0.5699685534591195,0.007263922518159807,0.3333333333333333
Left,random,WRM,RTT,3,0.2,1,2129,9,852,23,TargetOnly,arc labels,,0.5672431865828091,0.010638297872340425,0.2222222222222222
Left,random,WRM,RTT,3,0.2,1,2129,9,852,23,Source+Target,arc labels,,0.5560534591194969,0.006355932203389831,0.3333333333333333
Left,random,WRM,RTT,3,0.2,1,2129,9,852,23,COT,arc labels,,0.577751572327044,0.007894736842105263,0.3333333333333333
Left,random,WRM,RTT,3,0.2,1,2129,9,852,23,none-HS4,arc labels,,0.5170073375262054,0.004987531172069825,0.2222222222222222
Left,random,WRM,RTT,3,0.2,1,2129,9,852,23,none-HSsrc,nothing,,0.6198637316561845,0.0091324200913242,0.4444444444444444
Left,random,WRM,RTT,3,0.2,1,2129,9,852,23,none-PCA,arc segments,16.0,0.5365828092243187,0.006289308176100629,0.2222222222222222
Left,random,WRM,RTT,3,0.2,1,2129,9,852,23,QOTu-HS4,arc labels,,0.5624213836477987,0.006741573033707865,0.3333333333333333
Left,random,WRM,RTT,3,0.2,1,2129,9,852,23,QOTu-HSsrc,arc segments,,0.5415356394129979,0.006734006734006734,0.2222222222222222
Left,random,WRM,RTT,3,0.2,1,2129,9,852,23,QOTu-PCA,arc segments,32.0,0.5876572327044025,0.008875739644970414,0.3333333333333333
Left,random,WRM,RTT,3,0.2,1,2129,9,852,23,QOTc-HS4,arc labels,,0.5917714884696017,0.023809523809523808,0.2222222222222222
Left,random,WRM,RTT,3,0.2,1,2129,9,852,23,QOTc-HSsrc,arc labels,,0.5895440251572327,0.00909090909090909,0.3333333333333333
Left,random,WRM,RTT,3,0.2,1,2129,9,852,23,QOTc-PCA,arc labels,32.0,0.5063941299790357,0.004484304932735426,0.2222222222222222
Left,random,WRM,RTT,3,0.2,1,2129,9,852,23,SDM-HS4,arc labels,,0.48197064989517824,0.003194888178913738,0.1111111111111111
Left,random,WRM,RTT,3,0.2,1,2129,9,852,23,SDM-HSsrc,arc labels,,0.5378930817610063,0.00546448087431694,0.3333333333333333
Left,random,WRM,RTT,3,0.2,1,2129,9,852,23,SDM-PCA,arc labels,64.0,0.5215146750524109,0.004678362573099415,0.4444444444444444
Left,random,WRM,RTT,3,0.3,1,2129,9,1278,39,NoAdapt,nothing,,0.5699685534591195,0.007263922518159807,0.3333333333333333
Left,random,WRM,RTT,3,0.3,1,2129,9,1278,39,TargetOnly,arc labels,,0.5340932914046121,0.010869565217391304,0.1111111111111111
Left,random,WRM,RTT,3,0.3,1,2129,9,1278,39,Source+Target,arc labels,,0.47300838574423476,0.002849002849002849,0.1111111111111111
Left,random,WRM,RTT,3,0.3,1,2129,9,1278,39,COT,arc labels,,0.4793763102725367,0.0030864197530864196,0.1111111111111111
Left,random,WRM,RTT,3,0.3,1,2129,9,1278,39,none-HS4,arc labels,,0.5177148846960168,0.005025125628140704,0.2222222222222222
Left,random,WRM,RTT,3,0.3,1,2129,9,1278,39,none-HSsrc,nothing,,0.6198637316561845,0.0091324200913242,0.4444444444444444
Left,random,WRM,RTT,3,0.3,1,2129,9,1278,39,none-PCA,arc segments,32.0,0.5973270440251572,0.010101010101010102,0.3333333333333333
Left,random,WRM,RTT,3,0.3,1,2129,9,1278,39,QOTu-HS4,arc labels,,0.5626572327044025,0.006756756756756757,0.3333333333333333
Left,random,WRM,RTT,3,0.3,1,2129,9,1278,39,QOTu-HSsrc,arc segments,,0.5408280922431865,0.006666666666666667,0.2222222222222222
Left,random,WRM,RTT,3,0.3,1,2129,9,1278,39,QOTu-PCA,arc segments,32.0,0.5895440251572327,0.00909090909090909,0.3333333333333333
Left,random,WRM,RTT,3,0.3,1,2129,9,1278,39,QOTc-HS4,arc labels,,0.5948375262054507,0.028169014084507043,0.2222222222222222
Left,random,WRM,RTT,3,0.3,1,2129,9,1278,39,QOTc-HSsrc,arc labels,,0.5512054507337526,0.0078125,0.2222222222222222
Left,random,WRM,RTT,3,0.3,1,2129,9,1278,39,QOTc-PCA,arc labels,16.0,0.5648846960167715,0.010101010101010102,0.2222222222222222
Left,random,WRM,RTT,3,0.3,1,2129,9,1278,39,SDM-HS4,arc labels,,0.4720649895178197,0.0028169014084507044,0.1111111111111111
Left,random,WRM,RTT,3,0.3,1,2129,9,1278,39,SDM-HSsrc,arc labels,,0.5977987421383648,0.010169491525423728,0.3333333333333333
Left,random,WRM,RTT,3,0.3,1,2129,9,1278,39,SDM-PCA,arc labels,64.0,0.5389675052410902,0.005121638924455826,0.4444444444444444
Left,random,WRM,RTT,3,0.5,1,2129,9,2106,61,NoAdapt,nothing,,0.5699685534591195,0.007263922518159807,0.3333333333333333
Left,random,WRM,RTT,3,0.5,1,2129,9,2106,61,TargetOnly,arc labels,,0.5237159329140462,0.007352941176470588,0.1111111111111111
Left,random,WRM,RTT,3,0.5,1,2129,9,2106,61,Source+Target,arc labels,,0.4656970649895178,0.002617801047120419,0.1111111111111111
Left,random,WRM,RTT,3,0.5,1,2129,9,2106,61,COT,arc labels,,0.5102987421383648,0.0045045045045045045,0.3333333333333333
Left,random,WRM,RTT,3,0.5,1,2129,9,2106,61,none-HS4,arc labels,,0.5184224318658281,0.005063291139240506,0.2222222222222222
Left,random,WRM,RTT,3,0.5,1,2129,9,2106,61,none-HSsrc,nothing,,0.6198637316561845,0.0091324200913242,0.4444444444444444
Left,random,WRM,RTT,3,0.5,1,2129,9,2106,61,none-PCA,arc segments,32.0,0.5973270440251572,0.010101010101010102,0.3333333333333333
Left,random,WRM,RTT,3,0.5,1,2129,9,2106,61,QOTu-HS4,arc labels,,0.5624213836477987,0.006741573033707865,0.3333333333333333
Left,random,WRM,RTT,3,0.5,1,2129,9,2106,61,QOTu-HSsrc,arc segments,,0.5408280922431865,0.006666666666666667,0.2222222222222222
Left,random,WRM,RTT,3,0.5,1,2129,9,2106,61,QOTu-PCA,arc segments,32.0,0.5878930817610063,0.008902077151335312,0.3333333333333333
Left,random,WRM,RTT,3,0.5,1,2129,9,2106,61,QOTc-HS4,arc labels,,0.5397536687631027,0.014705882352941176,0.1111111111111111
Left,random,WRM,RTT,3,0.5,1,2129,9,2106,61,QOTc-HSsrc,arc labels,,0.5509696016771488,0.007782101167315175,0.2222222222222222
Left,random,WRM,RTT,3,0.5,1,2129,9,2106,61,QOTc-PCA,arc labels,32.0,0.557101677148847,0.008658008658008658,0.2222222222222222
Left,random,WRM,RTT,3,0.5,1,2129,9,2106,61,SDM-HS4,arc labels,,0.5317610062893081,0.0052173913043478265,0.3333333333333333
Left,random,WRM,RTT,3,0.5,1,2129,9,2106,61,SDM-HSsrc,arc labels,,0.5878930817610063,0.008902077151335312,0.3333333333333333
Left,random,WRM,RTT,3,0.5,1,2129,9,2106,61,SDM-PCA,arc labels,64.0,0.4034329140461216,0.0015479876160990713,0.1111111111111111
Left,random,WRM,RTT,4,0.05,1,2129,14,213,5,NoAdapt,nothing,,0.5064336372847011,0.006993006993006993,0.21428571428571427
Left,random,WRM,RTT,4,0.05,1,2129,14,213,5,TargetOnly,arc labels,,0.46761229314420805,0.0,0.0
Left,random,WRM,RTT,4,0.05,1,2129,14,213,5,Source+Target,arc labels,,0.49934143870314085,0.006535947712418301,0.21428571428571427
Left,random,WRM,RTT,4,0.05,1,2129,14,213,5,COT,arc labels,,0.531982438365417,0.008456659619450317,0.2857142857142857
Left,random,WRM,RTT,4,0.05,1,2129,14,213,5,none-HS4,arc labels,,0.48064842958459975,0.0051813471502590676,0.14285714285714285
Left,random,WRM,RTT,4,0.05,1,2129,14,213,5,none-HSsrc,nothing,,0.5355285376561972,0.008733624454148471,0.2857142857142857
Left,random,WRM,RTT,4,0.05,1,2129,14,213,5,none-PCA,arc segments,8.0,0.5069064505234718,0.00702576112412178,0.21428571428571427
Left,random,WRM,RTT,4,0.05,1,2129,14,213,5,QOTu-HS4,arc labels,,0.5002870651806822,0.006593406593406593,0.21428571428571427
Left,random,WRM,RTT,4,0.05,1,2129,14,213,5,QOTu-HSsrc,arc segments,,0.4960148598446471,0.006230529595015576,0.14285714285714285
Left,random,WRM,RTT,4,0.05,1,2129,14,213,5,QOTu-PCA,arc segments,4.0,0.47806484295845997,0.00546448087431694,0.21428571428571427
Left,random,WRM,RTT,4,0.05,1,2129,14,213,5,QOTc-HS4,arc labels,,0.48321513002364064,0.0,0.0
Left,random,WRM,RTT,4,0.05,1,2129,14,213,5,QOTc-HSsrc,arc labels,,0.5241641337386018,0.00847457627118644,0.21428571428571427
Left,random,WRM,RTT,4,0.05,1,2129,14,213,5,QOTc-PCA,arc labels,32.0,0.48652482269503544,0.0,0.0
Left,random,WRM,RTT,4,0.05,1,2129,14,213,5,SDM-HS4,arc labels,,0.4912529550827423,0.0,0.0
Left,random,WRM,RTT,4,0.05,1,2129,14,213,5,SDM-HSsrc,arc labels,,0.5314927389395474,0.009287925696594427,0.21428571428571427
Left,random,WRM,RTT,4,0.05,1,2129,14,213,5,SDM-PCA,arc labels,64.0,0.49913880445795344,0.006544502617801047,0.35714285714285715
Left,random,WRM,RTT,4,0.1,1,2129,14,426,15,NoAdapt,nothing,,0.5064336372847011,0.006993006993006993,0.21428571428571427
Left,random,WRM,RTT,4,0.1,1,2129,14,426,15,TargetOnly,arc labels,,0.520111448834853,0.014925373134328358,0.07142857142857142
Left,random,WRM,RTT,4,0.1,1,2129,14,426,15,Source+Target,arc labels,,0.5059608240459305,0.0069605568445475635,0.21428571428571427
Left,random,WRM,RTT,4,0.1,1,2129,14,426,15,COT,arc labels,,0.5054711246200608,0.0071174377224199285,0.14285714285714285
Left,random,WRM,RTT,4,0.1,1,2129,14,426,15,none-HS4,arc labels,,0.4782843633907463,0.005050505050505051,0.14285714285714285
Left,random,WRM,RTT,4,0.1,1,2129,14,426,15,none-HSsrc,nothing,,0.5355285376561972,0.008733624454148471,0.2857142857142857
Left,random,WRM,RTT,4,0.1,1,2129,14,426,15,none-PCA,arc segments,4.0,0.47971968929415737,0.005535055350553505,0.21428571428571427
Left,random,WRM,RTT,4,0.1,1,2129,14,426,15,QOTu-HS4,arc labels,,0.5017055048969943,0.0066815144766146995,0.21428571428571427
Left,random,WRM,RTT,4,0.1,1,2129,14,426,15,QOTu-HSsrc,arc segments,,0.4964876730834178,0.006269592476489028,0.14285714285714285
Left,random,WRM,RTT,4,0.1,1,2129,14,426,15,QOTu-PCA,arc segments,64.0,0.5563323201621073,0.010810810810810811,0.2857142857142857
Left,random,WRM,RTT,4,0.1,1,2129,14,426,15,QOTc-HS4,arc labels,,0.5250759878419453,0.021739130434782608,0.07142857142857142
Left,random,WRM,RTT,4,0.1,1,2129,14,426,15,QOTc-HSsrc,arc labels,,0.5130361364403918,0.008032128514056224,0.14285714285714285
Left,random,WRM,RTT,4,0.1,1,2129,14,426,15,QOTc-PCA,arc labels,8.0,0.5220027017899358,0.01694915254237288,0.07142857142857142
Left,random,WRM,RTT,4,0.1,1,2129,14,426,15,SDM-HS4,arc labels,,0.5257852077001013,0.023255813953488372,0.07142857142857142
Left,random,WRM,RTT,4,0.1,1,2129,14,426,15,SDM-HSsrc,arc labels,,0.5322019587977035,0.009375,0.21428571428571427
Left,random,WRM,RTT,4,0.1,1,2129,14,426,15,SDM-PCA,arc labels,64.0,0.5587977034785545,0.007861635220125786,0.7142857142857143
Left,random,WRM,RTT,4,0.2,1,2129,14,852,26,NoAdapt,nothing,,0.5064336372847011,0.006993006993006993,0.21428571428571427
Left,random,WRM,RTT,4,0.2,1,2129,14,852,26,TargetOnly,arc labels,,0.48652482269503544,0.0,0.0
Left,random,WRM,RTT,4,0.2,1,2129,14,852,26,Source+Target,arc labels,,0.5272543059777102,0.008113590263691683,0.2857142857142857
Left,random,WRM,RTT,4,0.2,1,2129,14,852,26,COT,arc labels,,0.48796014859844644,0.0049261083743842365,0.07142857142857142
Left,random,WRM,RTT,4,0.2,1,2129,14,852,26,none-HS4,arc labels,,0.4752110773387369,0.004889975550122249,0.14285714285714285
Left,random,WRM,RTT,4,0.2,1,2129,14,852,26,none-HSsrc,nothing,,0.5355285376561972,0.008733624454148471,0.2857142857142857
Left,random,WRM,RTT,4,0.2,1,2129,14,852,26,none-PCA,arc segments,4.0,0.48066531577169874,0.0055762081784386614,0.21428571428571427
Left,random,WRM,RTT,4,0.2,1,2129,14,852,26,QOTu-HS4,arc labels,,0.5028875379939209,0.006756756756756757,0.21428571428571427
Left,random,WRM,RTT,4,0.2,1,2129,14,852,26,QOTu-HSsrc,arc segments,,0.49743329956095916,0.006349206349206349,0.14285714285714285
Left,random,WRM,RTT,4,0.2,1,2129,14,852,26,QOTu-PCA,arc segments,4.0,0.47853765619723065,0.005484460694698354,0.21428571428571427
Left,random,WRM,RTT,4,0.2,1,2129,14,852,26,QOTc-HS4,arc labels,,0.5243667679837892,0.02040816326530612,0.07142857142857142
Left,random,WRM,RTT,4,0.2,1,2129,14,852,26,QOTc-HSsrc,arc labels,,0.518000675447484,0.008771929824561403,0.14285714285714285
Left,random,WRM,RTT,4,0.2,1,2129,14,852,26,QOTc-PCA,arc labels,32.0,0.46335697399527187,0.0,0.0
Left,random,WRM,RTT,4,0.2,1,2129,14,852,26,SDM-HS4,arc labels,,0.5250759878419453,0.021739130434782608,0.07142857142857142
Left,random,WRM,RTT,4,0.2,1,2129,14,852,26,SDM-HSsrc,arc labels,,0.5203647416413374,0.009174311926605505,0.14285714285714285
Left,random,WRM,RTT,4,0.2,1,2129,14,852,26,SDM-PCA,arc labels,64.0,0.5264099966227626,0.007097232079488999,0.7142857142857143
Left,random,WRM,RTT,4,0.3,1,2129,14,1278,38,NoAdapt,nothing,,0.5064336372847011,0.006993006993006993,0.21428571428571427
Left,random,WRM,RTT,4,0.3,1,2129,14,1278,38,TargetOnly,arc labels,,0.4862884160756501,0.0,0.0
Left,random,WRM,RTT,4,0.3,1,2129,14,1278,38,Source+Target,arc labels,,0.47001013171225936,0.004640371229698376,0.14285714285714285
Left,random,WRM,RTT,4,0.3,1,2129,14,1278,38,COT,arc labels,,0.45273556231003037,0.002840909090909091,0.07142857142857142
Left,random,WRM,RTT,4,0.3,1,2129,14,1278,38,none-HS4,arc labels,,0.4719013846673421,0.004728132387706856,0.14285714285714285
Left,random,WRM,RTT,4,0.3,1,2129,14,1278,38,none-HSsrc,nothing,,0.5355285376561972,0.008733624454148471,0.2857142857142857
Left,random,WRM,RTT,4,0.3,1,2129,14,1278,38,none-PCA,arc segments,32.0,0.5388213441404931,0.010273972602739725,0.21428571428571427
Left,random,WRM,RTT,4,0.3,1,2129,14,1278,38,QOTu-HS4,arc labels,,0.5005234718000675,0.006607929515418502,0.21428571428571427
Left,random,WRM,RTT,4,0.3,1,2129,14,1278,38,QOTu-HSsrc,arc segments,,0.49743329956095916,0.006349206349206349,0.14285714285714285
Left,random,WRM,RTT,4,0.3,1,2129,14,1278,38,QOTu-PCA,arc segments,32.0,0.5168186423505572,0.008583690987124463,0.14285714285714285
Left,random,WRM,RTT,4,0.3,1,2129,14,1278,38,QOTc-HS4,arc labels,,0.5260216143194867,0.023809523809523808,0.07142857142857142
Left,random,WRM,RTT,4,0.3,1,2129,14,1278,38,QOTc-HSsrc,arc labels,,0.5224924012158054,0.009569377990430622,0.14285714285714285
Left,random,WRM,RTT,4,0.3,1,2129,14,1278,38,QOTc-PCA,arc labels,8.0,0.5551165146909828,0.028169014084507043,0.14285714285714285
Left,random,WRM,RTT,4,0.3,1,2129,14,1278,38,SDM-HS4,arc labels,,0.5125464370145222,0.010101010101010102,0.07142857142857142
Left,random,WRM,RTT,4,0.3,1,2129,14,1278,38,SDM-HSsrc,arc labels,,0.5224924012158054,0.009569377990430622,0.14285714285714285
Left,random,WRM,RTT,4,0.3,1,2129,14,1278,38,SDM-PCA,arc labels,64.0,0.5109929078014184,0.0068762278978389,0.5
Left,random,WRM,RTT,4,0.5,1,2129,14,2106,56,NoAdapt,nothing,,0.5064336372847011,0.006993006993006993,0.21428571428571427
Left,random,WRM,RTT,4,0.5,1,2129,14,2106,56,TargetOnly,arc labels,,0.5130192502532929,0.010309278350515464,0.07142857142857142
Left,random,WRM,RTT,4,0.5,1,2129,14,2106,56,Source+Target,arc labels,,0.4721377912867275,0.004739336492890996,0.14285714285714285
Left,random,WRM,RTT,4,0.5,1,2129,14,2106,56,COT,arc labels,,0.4910840932117528,0.006191950464396285,0.2857142857142857
Left,random,WRM,RTT,4,0.5,1,2129,14,2106,56,none-HS4,arc labels,,0.4721377912867275,0.004739336492890996,0.14285714285714285
Left,random,WRM,RTT,4,0.5,1,2129,14,2106,56,none-HSsrc,nothing,,0.5355285376561972,0.008733624454148471,0.2857142857142857
Left,random,WRM,RTT,4,0.5,1,2129,14,2106,56,none-PCA,arc segments,32.0,0.5385849375211077,0.010238907849829351,0.21428571428571427
Left,random,WRM,RTT,4,0.5,1,2129,14,2106,56,QOTu-HS4,arc labels,,0.5012326916582236,0.0066518847006651885,0.21428571428571427
Left,random,WRM,RTT,4,0.5,1,2129,14,2106,56,QOTu-HSsrc,arc segments,,0.49743329956095916,0.006349206349206349,0.14285714285714285
Left,random,WRM,RTT,4,0.5,1,2129,14,2106,56,QOTu-PCA,arc segments,32.0,0.5416582235731172,0.010714285714285714,0.21428571428571427
Left,random,WRM,RTT,4,0.5,1,2129,14,2106,56,QOTc-HS4,arc labels,,0.5246031746031746,0.020833333333333332,0.07142857142857142
Left,random,WRM,RTT,4,0.5,1,2129,14,2106,56,QOTc-HSsrc,arc labels,,0.5206011482607227,0.009216589861751152,0.14285714285714285
Left,random,WRM,RTT,4,0.5,1,2129,14,2106,56,QOTc-PCA,arc labels,32.0,0.49339750084430933,0.005555555555555556,0.07142857142857142
Left,random,WRM,RTT,4,0.5,1,2129,14,2106,56,SDM-HS4,arc labels,,0.516565349544073,0.012195121951219513,0.07142857142857142
Left,random,WRM,RTT,4,0.5,1,2129,14,2106,56,SDM-HSsrc,arc labels,,0.5208375548801081,0.009259259259259259,0.14285714285714285
Left,random,WRM,RTT,4,0.5,1,2129,14,2106,56,SDM-PCA,arc labels,64.0,0.5346166835528537,0.007832898172323759,0.42857142857142855
Left,random,WRM,RTT,5,0.05,1,2129,26,213,6,NoAdapt,nothing,,0.5936116902593365,0.021696252465483234,0.4230769230769231
Left,random,WRM,RTT,5,0.05,1,2129,26,213,6,TargetOnly,arc labels,,0.47783386371118186,0.007782101167315175,0.07692307692307693
Left,random,WRM,RTT,5,0.05,1,2129,26,213,6,Source+Target,arc labels,,0.5791360327736933,0.0205761316872428,0.38461538461538464
Left,random,WRM,RTT,5,0.05,1,2129,26,213,6,COT,arc labels,,0.45262262701635025,0.01,0.4230769230769231
Left,random,WRM,RTT,5,0.05,1,2129,26,213,6,none-HS4,arc labels,,0.598101613080215,0.021052631578947368,0.46153846153846156
Left,random,WRM,RTT,5,0.05,1,2129,26,213,6,none-HSsrc,nothing,,0.6175427045612495,0.02147239263803681,0.5384615384615384
Left,random,WRM,RTT,5,0.05,1,2129,26,213,6,none-PCA,arc segments,4.0,0.5919199678115512,0.020134228187919462,0.46153846153846156
Left,random,WRM,RTT,5,0.05,1,2129,26,213,6,QOTu-HS4,arc labels,,0.5940323347598668,0.01943198804185351,0.5
Left,random,WRM,RTT,5,0.05,1,2129,26,213,6,QOTu-HSsrc,arc segments,,0.6033048026628626,0.020634920634920634,0.5
Left,random,WRM,RTT,5,0.05,1,2129,26,213,6,QOTu-PCA,arc segments,8.0,0.5928435568235854,0.019287833827893175,0.5
Left,random,WRM,RTT,5,0.05,1,2129,26,213,6,QOTc-HS4,arc labels,,0.5526445736859432,0.026595744680851064,0.19230769230769232
Left,random,WRM,RTT,5,0.05,1,2129,26,213,6,QOTc-HSsrc,arc labels,,0.5901002231244742,0.025139664804469275,0.34615384615384615
Left,random,WRM,RTT,5,0.05,1,2129,26,213,6,QOTc-PCA,arc labels,64.0,0.49048977650974795,0.0,0.0
Left,random,WRM,RTT,5,0.05,1,2129,26,213,6,SDM-HS4,arc labels,,0.5725611763414902,0.026119402985074626,0.2692307692307692
Left,random,WRM,RTT,5,0.05,1,2129,26,213,6,SDM-HSsrc,arc labels,,0.5910512454734994,0.025423728813559324,0.34615384615384615
Left,random,WRM,RTT,5,0.05,1,2129,26,213,6,SDM-PCA,arc labels,32.0,0.5049380006584001,0.013986013986013986,0.07692307692307693
Left,random,WRM,RTT,5,0.1,1,2129,26,426,8,NoAdapt,nothing,,0.5936116902593365,0.021696252465483234,0.4230769230769231
Left,random,WRM,RTT,5,0.1,1,2129,26,426,8,TargetOnly,arc labels,,0.47334394089030324,0.005154639175257732,0.038461538461538464
Left,random,WRM,RTT,5,0.1,1,2129,26,426,8,Source+Target,arc labels,,0.5826749332455466,0.019891500904159132,0.4230769230769231
Left,random,WRM,RTT,5,0.1,1,2129,26,426,8,COT,arc labels,,0.451488715754051,0.009564293304994687,0.34615384615384615
Left,random,WRM,RTT,5,0.1,1,2129,26,426,8,none-HS4,arc labels,,0.5954863016203957,0.020654044750430294,0.46153846153846156
Left,random,WRM,RTT,5,0.1,1,2129,26,426,8,none-HSsrc,nothing,,0.6175427045612495,0.02147239263803681,0.5384615384615384
Left,random,WRM,RTT,5,0.1,1,2129,26,426,8,none-PCA,arc segments,4.0,0.6080599144079886,0.021311475409836064,0.5
Left,random,WRM,RTT,5,0.1,1,2129,26,426,8,QOTu-HS4,arc labels,,0.5966476462196861,0.019756838905775075,0.5
Left,random,WRM,RTT,5,0.1,1,2129,26,426,8,QOTu-HSsrc,arc segments,,0.5950107904458832,0.02058319039451115,0.46153846153846156
Left,random,WRM,RTT,5,0.1,1,2129,26,426,8,QOTu-PCA,arc segments,8.0,0.5968854018069425,0.0197869101978691,0.5
Left,random,WRM,RTT,5,0.1,1,2129,26,426,8,QOTc-HS4,arc labels,,0.5856377336405867,0.03286384976525822,0.2692307692307692
Left,random,WRM,RTT,5,0.1,1,2129,26,426,8,QOTc-HSsrc,arc labels,,0.607428947657193,0.027247956403269755,0.38461538461538464
Left,random,WRM,RTT,5,0.1,1,2129,26,426,8,QOTc-PCA,arc labels,32.0,0.5075807454552105,0.02,0.038461538461538464
Left,random,WRM,RTT,5,0.1,1,2129,26,426,8,SDM-HS4,arc labels,,0.5910786788104905,0.029411764705882353,0.3076923076923077
Left,random,WRM,RTT,5,0.1,1,2129,26,426,8,SDM-HSsrc,arc labels,,0.6029115914993233,0.025906735751295335,0.38461538461538464
Left,random,WRM,RTT,5,0.1,1,2129,26,426,8,SDM-PCA,arc labels,64.0,0.5205201360693514,0.014814814814814815,0.23076923076923078
Left,random,WRM,RTT,5,0.2,1,2129,26,852,15,NoAdapt,nothing,,0.5936116902593365,0.021696252465483234,0.4230769230769231
Left,random,WRM,RTT,5,0.2,1,2129,26,852,15,TargetOnly,arc labels,,0.5229799919528878,0.020134228187919462,0.11538461538461539
Left,random,WRM,RTT,5,0.2,1,2129,26,852,15,Source+Target,arc labels,,0.5836259555945719,0.020036429872495445,0.4230769230769231
Left,random,WRM,RTT,5,0.2,1,2129,26,852,15,COT,arc labels,,0.46651303997951643,0.011026878015161957,0.6153846153846154
Left,random,WRM,RTT,5,0.2,1,2129,26,852,15,none-HS4,arc labels,,0.5952485460331395,0.020618556701030927,0.46153846153846156
Left,random,WRM,RTT,5,0.2,1,2129,26,852,15,none-HSsrc,nothing,,0.6175427045612495,0.02147239263803681,0.5384615384615384
Left,random,WRM,RTT,5,0.2,1,2129,26,852,15,none-PCA,arc segments,8.0,0.5950107904458832,0.02058319039451115,0.46153846153846156
Left,random,WRM,RTT,5,0.2,1,2129,26,852,15,QOTu-HS4,arc labels,,0.5940323347598668,0.01943198804185351,0.5
Left,random,WRM,RTT,5,0.2,1,2129,26,852,15,QOTu-HSsrc,arc segments,,0.6033048026628626,0.020634920634920634,0.5
Left,random,WRM,RTT,5,0.2,1,2129,26,852,15,QOTu-PCA,arc segments,8.0,0.5971231573941987,0.019817073170731708,0.5
Left,random,WRM,RTT,5,0.2,1,2129,26,852,15,QOTc-HS4,arc labels,,0.5678609312703464,0.04032258064516129,0.19230769230769232
Left,random,WRM,RTT,5,0.2,1,2129,26,852,15,QOTc-HSsrc,arc labels,,0.5936939902703098,0.03065134099616858,0.3076923076923077
Left,random,WRM,RTT,5,0.2,1,2129,26,852,15,QOTc-PCA,arc labels,16.0,0.5357913603277369,0.022598870056497175,0.15384615384615385
Left,random,WRM,RTT,5,0.2,1,2129,26,852,15,SDM-HS4,arc labels,,0.6153023153736421,0.03571428571428571,0.34615384615384615
Left,random,WRM,RTT,5,0.2,1,2129,26,852,15,SDM-HSsrc,arc labels,,0.5951205237938476,0.03137254901960784,0.3076923076923077
Left,random,WRM,RTT,5,0.2,1,2129,26,852,15,SDM-PCA,arc labels,64.0,0.49782362193203844,0.012077294685990338,0.38461538461538464
Left,random,WRM,RTT,5,0.3,1,2129,26,1278,24,NoAdapt,nothing,,0.5936116902593365,0.021696252465483234,0.4230769230769231
Left,random,WRM,RTT,5,0.3,1,2129,26,1278,24,TargetOnly,arc labels,,0.5355810380774717,0.03125,0.11538461538461539
Left,random,WRM,RTT,5,0.3,1,2129,26,1278,24,Source+Target,arc labels,,0.5784227660119243,0.02044989775051125,0.38461538461538464
Left,random,WRM,RTT,5,0.3,1,2129,26,1278,24,COT,arc labels,,0.4210560005852445,0.00841908325537886,0.34615384615384615
Left,random,WRM,RTT,5,0.3,1,2129,26,1278,24,none-HS4,arc labels,,0.5954863016203957,0.020654044750430294,0.46153846153846156
Left,random,WRM,RTT,5,0.3,1,2129,26,1278,24,none-HSsrc,nothing,,0.6175427045612495,0.02147239263803681,0.5384615384615384
Left,random,WRM,RTT,5,0.3,1,2129,26,1278,24,none-PCA,arc segments,4.0,0.5985771242547278,0.02112676056338028,0.46153846153846156
Left,random,WRM,RTT,5,0.3,1,2129,26,1278,24,QOTu-HS4,arc labels,,0.6025915359010936,0.020537124802527645,0.5
Left,random,WRM,RTT,5,0.3,1,2129,26,1278,24,QOTu-HSsrc,arc segments,,0.598101613080215,0.021052631578947368,0.46153846153846156
Left,random,WRM,RTT,5,0.3,1,2129,26,1278,24,QOTu-PCA,arc segments,8.0,0.5978364241559677,0.019908116385911178,0.5
Left,random,WRM,RTT,5,0.3,1,2129,26,1278,24,QOTc-HS4,arc labels,,0.5728537986027287,0.04854368932038835,0.19230769230769232
Left,random,WRM,RTT,5,0.3,1,2129,26,1278,24,QOTc-HSsrc,arc labels,,0.5806448663082044,0.029914529914529916,0.2692307692307692
Left,random,WRM,RTT,5,0.3,1,2129,26,1278,24,QOTc-PCA,arc labels,16.0,0.5146859797359085,0.0196078431372549,0.07692307692307693
Left,random,WRM,RTT,5,0.3,1,2129,26,1278,24,SDM-HS4,arc labels,,0.6174421156589487,0.037037037037037035,0.34615384615384615
Left,random,WRM,RTT,5,0.3,1,2129,26,1278,24,SDM-HSsrc,arc labels,,0.5851622224660741,0.03255813953488372,0.2692307692307692
Left,random,WRM,RTT,5,0.3,1,2129,26,1278,24,SDM-PCA,arc labels,64.0,0.528283770437836,0.014563106796116505,0.34615384615384615
Left,random,WRM,RTT,5,0.5,1,2129,26,2106,44,NoAdapt,nothing,,0.5936116902593365,0.021696252465483234,0.4230769230769231
Left,random,WRM,RTT,5,0.5,1,2129,26,2106,44,TargetOnly,arc labels,,0.5514832290866527,0.036036036036036036,0.15384615384615385
Left,random,WRM,RTT,5,0.5,1,2129,26,2106,44,Source+Target,arc labels,,0.565373642049819,0.01948051948051948,0.34615384615384615
Left,random,WRM,RTT,5,0.5,1,2129,26,2106,44,COT,arc labels,,0.4407348476535352,0.009565217391304347,0.4230769230769231
Left,random,WRM,RTT,5,0.5,1,2129,26,2106,44,none-HS4,arc labels,,0.5954863016203957,0.020654044750430294,0.46153846153846156
Left,random,WRM,RTT,5,0.5,1,2129,26,2106,44,none-HSsrc,nothing,,0.6175427045612495,0.02147239263803681,0.5384615384615384
Left,random,WRM,RTT,5,0.5,1,2129,26,2106,44,none-PCA,arc segments,4.0,0.5907311898752698,0.019966722129783693,0.46153846153846156
Left,random,WRM,RTT,5,0.5,1,2129,26,2106,44,QOTu-HS4,arc labels,,0.6025915359010936,0.020537124802527645,0.5
Left,random,WRM,RTT,5,0.5,1,2129,26,2106,44,QOTu-HSsrc,arc segments,,0.598101613080215,0.021052631578947368,0.46153846153846156
Left,random,WRM,RTT,5,0.5,1,2129,26,2106,44,QOTu-PCA,arc segments,4.0,0.5783678993379422,0.018376722817764167,0.46153846153846156
Left,random,WRM,RTT,5,0.5,1,2129,26,2106,44,QOTc-HS4,arc labels,,0.5692874647938843,0.0423728813559322,0.19230769230769232
Left,random,WRM,RTT,5,0.5,1,2129,26,2106,44,QOTc-HSsrc,arc labels,,0.5908409232232342,0.029304029304029304,0.3076923076923077
Left,random,WRM,RTT,5,0.5,1,2129,26,2106,44,QOTc-PCA,arc labels,64.0,0.5562383408317788,0.04395604395604396,0.15384615384615385
Left,random,WRM,RTT,5,0.5,1,2129,26,2106,44,SDM-HS4,arc labels,,0.6157778265481546,0.036,0.34615384615384615
Left,random,WRM,RTT,5,0.5,1,2129,26,2106,44,SDM-HSsrc,arc labels,,0.5744632210395406,0.026923076923076925,0.2692307692307692
Left,random,WRM,RTT,5,0.5,1,2129,26,2106,44,SDM-PCA,arc labels,64.0,0.5100040235560921,0.013050570962479609,0.3076923076923077
Left,random,WRM,RTT,6,0.05,0,2129,36,213,0,NoAdapt,nothing,,0.5623374210330732,0.024691358024691357,0.3888888888888889
Left,random,WRM,RTT,6,0.05,0,2129,36,213,0,TargetOnly,arc labels,,,,
Left,random,WRM,RTT,6,0.05,0,2129,36,213,0,Source+Target,arc labels,,,,
Left,random,WRM,RTT,6,0.05,0,2129,36,213,0,COT,arc labels,,,,
Left,random,WRM,RTT,6,0.05,0,2129,36,213,0,none-HS4,arc labels,,,,
Left,random,WRM,RTT,6,0.05,0,2129,36,213,0,none-HSsrc,nothing,,0.6376148006582789,0.030344827586206897,0.6111111111111112
Left,random,WRM,RTT,6,0.05,0,2129,36,213,0,none-PCA,arc segments,16.0,0.5836319477623826,0.027932960893854747,0.4166666666666667
Left,random,WRM,RTT,6,0.05,0,2129,36,213,0,QOTu-HS4,arc labels,,,,
Left,random,WRM,RTT,6,0.05,0,2129,36,213,0,QOTu-HSsrc,arc segments,,0.610965121834687,0.03,0.5
Left,random,WRM,RTT,6,0.05,0,2129,36,213,0,QOTu-PCA,arc segments,32.0,0.5206707543664065,0.01950354609929078,0.3055555555555556
Left,random,WRM,RTT,6,0.05,0,2129,36,213,0,QOTc-HS4,arc labels,,,,
Left,random,WRM,RTT,6,0.05,0,2129,36,213,0,QOTc-HSsrc,arc labels,,,,
Left,random,WRM,RTT,6,0.05,0,2129,36,213,0,QOTc-PCA,arc labels,,,,
Left,random,WRM,RTT,6,0.05,0,2129,36,213,0,SDM-HS4,arc labels,,,,
Left,random,WRM,RTT,6,0.05,0,2129,36,213,0,SDM-HSsrc,arc labels,,,,
Left,random,WRM,RTT,6,0.05,0,2129,36,213,0,SDM-PCA,arc labels,,,,
Left,random,WRM,RTT,6,0.1,1,2129,36,426,4,NoAdapt,nothing,,0.5623374210330732,0.024691358024691357,0.3888888888888889
Left,random,WRM,RTT,6,0.1,1,2129,36,426,4,TargetOnly,arc labels,,0.5914888251844774,0.22580645161290322,0.19444444444444445
Left,random,WRM,RTT,6,0.1,1,2129,36,426,4,Source+Target,arc labels,,0.5644874449222276,0.025089605734767026,0.3888888888888889
Left,random,WRM,RTT,6,0.1,1,2129,36,426,4,COT,arc labels,,0.5122830068482243,0.023809523809523808,0.08333333333333333
Left,random,WRM,RTT,6,0.1,1,2129,36,426,4,none-HS4,arc labels,,0.6263205393640177,0.03058103975535168,0.5555555555555556
Left,random,WRM,RTT,6,0.1,1,2129,36,426,4,none-HSsrc,nothing,,0.6376148006582789,0.030344827586206897,0.6111111111111112
Left,random,WRM,RTT,6,0.1,1,2129,36,426,4,none-PCA,arc segments,16.0,0.5807652492435101,0.0273224043715847,0.4166666666666667
Left,random,WRM,RTT,6,0.1,1,2129,36,426,4,QOTu-HS4,arc labels,,0.5822981366459627,0.025,0.5
Left,random,WRM,RTT,6,0.1,1,2129,36,426,4,QOTu-HSsrc,arc segments,,0.6047871210914689,0.027737226277372264,0.5277777777777778
Left,random,WRM,RTT,6,0.1,1,2129,36,426,4,QOTu-PCA,arc segments,32.0,0.5333983649201041,0.02066772655007949,0.3611111111111111
Left,random,WRM,RTT,6,0.1,1,2129,36,426,4,QOTc-HS4,arc labels,,0.5929221744439136,0.28,0.19444444444444445
Left,random,WRM,RTT,6,0.1,1,2129,36,426,4,QOTc-HSsrc,arc labels,,0.5767107288846419,0.05263157894736842,0.2222222222222222
Left,random,WRM,RTT,6,0.1,1,2129,36,426,4,QOTc-PCA,arc labels,64.0,0.5352165949992037,0.1,0.08333333333333333
Left,random,WRM,RTT,6,0.1,1,2129,36,426,4,SDM-HS4,arc labels,,0.5862332112332113,0.1320754716981132,0.19444444444444445
Left,random,WRM,RTT,6,0.1,1,2129,36,426,4,SDM-HSsrc,arc labels,,0.5366831236396453,0.04819277108433735,0.1111111111111111
Left,random,WRM,RTT,6,0.1,1,2129,36,426,4,SDM-PCA,arc labels,32.0,0.5083943833943834,0.041666666666666664,0.027777777777777776
Left,random,WRM,RTT,6,0.2,1,2129,36,852,11,NoAdapt,nothing,,0.5623374210330732,0.024691358024691357,0.3888888888888889
Left,random,WRM,RTT,6,0.2,1,2129,36,852,11,TargetOnly,arc labels,,0.5960609438870308,0.11267605633802817,0.2222222222222222
Left,random,WRM,RTT,6,0.2,1,2129,36,852,11,Source+Target,arc labels,,0.5685817805383023,0.025,0.4166666666666667
Left,random,WRM,RTT,6,0.2,1,2129,36,852,11,COT,arc labels,,0.4822092159048681,0.015172413793103448,0.3055555555555556
Left,random,WRM,RTT,6,0.2,1,2129,36,852,11,none-HS4,arc labels,,0.6260816478207782,0.030534351145038167,0.5555555555555556
Left,random,WRM,RTT,6,0.2,1,2129,36,852,11,none-HSsrc,nothing,,0.6376148006582789,0.030344827586206897,0.6111111111111112
Left,random,WRM,RTT,6,0.2,1,2129,36,852,11,none-PCA,arc segments,32.0,0.561826458565589,0.025490196078431372,0.3611111111111111
Left,random,WRM,RTT,6,0.2,1,2129,36,852,11,QOTu-HS4,arc labels,,0.5949925678186547,0.026170798898071626,0.5277777777777778
Left,random,WRM,RTT,6,0.2,1,2129,36,852,11,QOTu-HSsrc,arc segments,,0.6400037160906726,0.03076923076923077,0.6111111111111112
Left,random,WRM,RTT,6,0.2,1,2129,36,852,11,QOTu-PCA,arc segments,64.0,0.5446262674523544,0.022336769759450172,0.3611111111111111
Left,random,WRM,RTT,6,0.2,1,2129,36,852,11,QOTc-HS4,arc labels,,0.6214829856134204,0.07746478873239436,0.3055555555555556
Left,random,WRM,RTT,6,0.2,1,2129,36,852,11,QOTc-HSsrc,arc labels,,0.5817938100546796,0.040160642570281124,0.2777777777777778
Left,random,WRM,RTT,6,0.2,1,2129,36,852,11,QOTc-PCA,arc labels,64.0,0.5395498221585178,0.056338028169014086,0.1111111111111111
Left,random,WRM,RTT,6,0.2,1,2129,36,852,11,SDM-HS4,arc labels,,0.6405213144343579,0.0446927374301676,0.4444444444444444
Left,random,WRM,RTT,6,0.2,1,2129,36,852,11,SDM-HSsrc,arc labels,,0.5829882677708764,0.040983606557377046,0.2777777777777778
Left,random,WRM,RTT,6,0.2,1,2129,36,852,11,SDM-PCA,arc labels,64.0,0.5694709879492488,0.027196652719665274,0.3611111111111111
Left,random,WRM,RTT,6,0.3,1,2129,36,1278,19,NoAdapt,nothing,,0.5623374210330732,0.024691358024691357,0.3888888888888889
Left,random,WRM,RTT,6,0.3,1,2129,36,1278,19,TargetOnly,arc labels,,0.5898497637628073,0.08247422680412371,0.2222222222222222
Left,random,WRM,RTT,6,0.3,1,2129,36,1278,19,Source+Target,arc labels,,0.5642485533789882,0.025044722719141325,0.3888888888888889
Left,random,WRM,RTT,6,0.3,1,2129,36,1278,19,COT,arc labels,,0.5117587726283379,0.017837235228539576,0.4444444444444444
Left,random,WRM,RTT,6,0.3,1,2129,36,1278,19,none-HS4,arc labels,,0.6423594521420608,0.032507739938080496,0.5833333333333334
Left,random,WRM,RTT,6,0.3,1,2129,36,1278,19,none-HSsrc,nothing,,0.6376148006582789,0.030344827586206897,0.6111111111111112
Left,random,WRM,RTT,6,0.3,1,2129,36,1278,19,none-PCA,arc segments,32.0,0.5759542389977172,0.027450980392156862,0.3888888888888889
Left,random,WRM,RTT,6,0.3,1,2129,36,1278,19,QOTu-HS4,arc labels,,0.5914091946700643,0.02564102564102564,0.5277777777777778
Left,random,WRM,RTT,6,0.3,1,2129,36,1278,19,QOTu-HSsrc,arc segments,,0.6400037160906726,0.03076923076923077,0.6111111111111112
Left,random,WRM,RTT,6,0.3,1,2129,36,1278,19,QOTu-PCA,arc segments,64.0,0.5376652333174072,0.021739130434782608,0.3333333333333333
Left,random,WRM,RTT,6,0.3,1,2129,36,1278,19,QOTc-HS4,arc labels,,0.592032967032967,0.061224489795918366,0.25
Left,random,WRM,RTT,6,0.3,1,2129,36,1278,19,QOTc-HSsrc,arc labels,,0.5808382438817221,0.039525691699604744,0.2777777777777778
Left,random,WRM,RTT,6,0.3,1,2129,36,1278,19,QOTc-PCA,arc labels,8.0,0.5541885650581303,0.046875,0.16666666666666666
Left,random,WRM,RTT,6,0.3,1,2129,36,1278,19,SDM-HS4,arc labels,,0.6339717046238785,0.0625,0.3611111111111111
Left,random,WRM,RTT,6,0.3,1,2129,36,1278,19,SDM-HSsrc,arc labels,,0.5819663428359081,0.06153846153846154,0.2222222222222222
Left,random,WRM,RTT,6,0.3,1,2129,36,1278,19,SDM-PCA,arc labels,64.0,0.5546597122684079,0.024074074074074074,0.3611111111111111
Left,random,WRM,RTT,6,0.5,1,2129,36,2106,34,NoAdapt,nothing,,0.5623374210330732,0.024691358024691357,0.3888888888888889
Left,random,WRM,RTT,6,0.5,1,2129,36,2106,34,TargetOnly,arc labels,,0.5515275787014917,0.0625,0.1388888888888889
Left,random,WRM,RTT,6,0.5,1,2129,36,2106,34,Source+Target,arc labels,,0.5537041460954505,0.02389705882352941,0.3611111111111111
Left,random,WRM,RTT,6,0.5,1,2129,36,2106,34,COT,arc labels,,0.5381761957848914,0.021346469622331693,0.3611111111111111
Left,random,WRM,RTT,6,0.5,1,2129,36,2106,34,none-HS4,arc labels,,0.6423594521420608,0.032507739938080496,0.5833333333333334
Left,random,WRM,RTT,6,0.5,1,2129,36,2106,34,none-HSsrc,nothing,,0.6376148006582789,0.030344827586206897,0.6111111111111112
Left,random,WRM,RTT,6,0.5,1,2129,36,2106,34,none-PCA,arc segments,32.0,0.5757153474544779,0.0273972602739726,0.3888888888888889
Left,random,WRM,RTT,6,0.5,1,2129,36,2106,34,QOTu-HS4,arc labels,,0.5926036523862611,0.025815217391304348,0.5277777777777778
Left,random,WRM,RTT,6,0.5,1,2129,36,2106,34,QOTu-HSsrc,arc segments,,0.6447815469554601,0.031654676258992806,0.6111111111111112
Left,random,WRM,RTT,6,0.5,1,2129,36,2106,34,QOTu-PCA,arc segments,64.0,0.544387375909115,0.022298456260720412,0.3611111111111111
Left,random,WRM,RTT,6,0.5,1,2129,36,2106,34,QOTc-HS4,arc labels,,0.5824441259223868,0.0625,0.2222222222222222
Left,random,WRM,RTT,6,0.5,1,2129,36,2106,34,QOTc-HSsrc,arc labels,,0.5726827520305782,0.039473684210526314,0.25
Left,random,WRM,RTT,6,0.5,1,2129,36,2106,34,QOTc-PCA,arc labels,8.0,0.5491386632690981,0.05555555555555555,0.1388888888888889
Left,random,WRM,RTT,6,0.5,1,2129,36,2106,34,SDM-HS4,arc labels,,0.5958552317247969,0.06870229007633588,0.25
Left,random,WRM,RTT,6,0.5,1,2129,36,2106,34,SDM-HSsrc,arc labels,,0.5912831130222435,0.08791208791208792,0.2222222222222222
Left,random,WRM,RTT,6,0.5,1,2129,36,2106,34,SDM-PCA,arc labels,32.0,0.5354820300472474,0.021912350597609563,0.3055555555555556
Left,random,WRM,RTT,7,0.05,1,2129,35,213,2,NoAdapt,nothing,,0.5841110656296903,0.02576489533011272,0.45714285714285713
Left,random,WRM,RTT,7,0.05,1,2129,35,213,2,TargetOnly,arc labels,,0.5088211215718379,0.017316017316017316,0.34285714285714286
Left,random,WRM,RTT,7,0.05,1,2129,35,213,2,Source+Target,arc labels,,0.5847864647291582,0.025036818851251842,0.4857142857142857
Left,random,WRM,RTT,7,0.05,1,2129,35,213,2,COT,arc labels,,0.4541410833674444,0.013015184381778741,0.34285714285714286
Left,random,WRM,RTT,7,0.05,1,2129,35,213,2,none-HS4,arc labels,,0.6033292400054577,0.02627939142461964,0.5428571428571428
Left,random,WRM,RTT,7,0.05,1,2129,35,213,2,none-HSsrc,nothing,,0.6515963978714695,0.02909090909090909,0.6857142857142857
Left,random,WRM,RTT,7,0.05,1,2129,35,213,2,none-PCA,arc segments,8.0,0.579294583162778,0.024216524216524215,0.4857142857142857
Left,random,WRM,RTT,7,0.05,1,2129,35,213,2,QOTu-HS4,arc labels,,0.6207941056078592,0.025157232704402517,0.6857142857142857
Left,random,WRM,RTT,7,0.05,1,2129,35,213,2,QOTu-HSsrc,arc segments,,0.6289125392277255,0.02608695652173913,0.6857142857142857
Left,random,WRM,RTT,7,0.05,1,2129,35,213,2,QOTu-PCA,arc segments,8.0,0.51498158002456,0.01738334858188472,0.5428571428571428
Left,random,WRM,RTT,7,0.05,1,2129,35,213,2,QOTc-HS4,arc labels,,0.5461522717969709,0.024096385542168676,0.2857142857142857
Left,random,WRM,RTT,7,0.05,1,2129,35,213,2,QOTc-HSsrc,arc labels,,0.5913494337563105,0.023980815347721823,0.5714285714285714
Left,random,WRM,RTT,7,0.05,1,2129,35,213,2,QOTc-PCA,arc labels,64.0,0.47058943921408103,0.005434782608695652,0.02857142857142857
Left,random,WRM,RTT,7,0.05,1,2129,35,213,2,SDM-HS4,arc labels,,0.5195729294583162,0.02120141342756184,0.17142857142857143
Left,random,WRM,RTT,7,0.05,1,2129,35,213,2,SDM-HSsrc,arc labels,,0.5354482194023742,0.022556390977443608,0.2571428571428571
Left,random,WRM,RTT,7,0.05,1,2129,35,213,2,SDM-PCA,arc labels,32.0,0.4829649338245327,0.010362694300518135,0.05714285714285714
Left,random,WRM,RTT,7,0.1,1,2129,35,426,4,NoAdapt,nothing,,0.5841110656296903,0.02576489533011272,0.45714285714285713
Left,random,WRM,RTT,7,0.1,1,2129,35,426,4,TargetOnly,arc labels,,0.45426388320371125,0.012178619756427604,0.2571428571428571
Left,random,WRM,RTT,7,0.1,1,2129,35,426,4,Source+Target,arc labels,,0.5783804066039023,0.024806201550387597,0.45714285714285713
Left,random,WRM,RTT,7,0.1,1,2129,35,426,4,COT,arc labels,,0.41152271796970935,0.00980392156862745,0.2571428571428571
Left,random,WRM,RTT,7,0.1,1,2129,35,426,4,none-HS4,arc labels,,0.6490517123754946,0.03081232492997199,0.6285714285714286
Left,random,WRM,RTT,7,0.1,1,2129,35,426,4,none-HSsrc,nothing,,0.6515963978714695,0.02909090909090909,0.6857142857142857
Left,random,WRM,RTT,7,0.1,1,2129,35,426,4,none-PCA,arc segments,8.0,0.579294583162778,0.024216524216524215,0.4857142857142857
Left,random,WRM,RTT,7,0.1,1,2129,35,426,4,QOTu-HS4,arc labels,,0.6317778687406195,0.02643171806167401,0.6857142857142857
Left,random,WRM,RTT,7,0.1,1,2129,35,426,4,QOTu-HSsrc,arc segments,,0.6434779642516032,0.027939464493597205,0.6857142857142857
Left,random,WRM,RTT,7,0.1,1,2129,35,426,4,QOTu-PCA,arc segments,8.0,0.5273980079137672,0.01825168107588857,0.5428571428571428
Left,random,WRM,RTT,7,0.1,1,2129,35,426,4,QOTc-HS4,arc labels,,0.6527971073816345,0.03956043956043956,0.5142857142857142
Left,random,WRM,RTT,7,0.1,1,2129,35,426,4,QOTc-HSsrc,arc labels,,0.6055601036976395,0.028716216216216218,0.4857142857142857
Left,random,WRM,RTT,7,0.1,1,2129,35,426,4,QOTc-PCA,arc labels,64.0,0.4564197025515077,0.00821917808219178,0.08571428571428572
Left,random,WRM,RTT,7,0.1,1,2129,35,426,4,SDM-HS4,arc labels,,0.555942147632692,0.026737967914438502,0.2857142857142857
Left,random,WRM,RTT,7,0.1,1,2129,35,426,4,SDM-HSsrc,arc labels,,0.5859871742393232,0.03559870550161812,0.3142857142857143
Left,random,WRM,RTT,7,0.1,1,2129,35,426,4,SDM-PCA,arc labels,16.0,0.5512893982808023,0.03317535545023697,0.2
Left,random,WRM,RTT,7,0.2,1,2129,35,852,15,NoAdapt,nothing,,0.5841110656296903,0.02576489533011272,0.45714285714285713
Left,random,WRM,RTT,7,0.2,1,2129,35,852,15,TargetOnly,arc labels,,0.5703097284759175,0.03557312252964427,0.2571428571428571
Left,random,WRM,RTT,7,0.2,1,2129,35,852,15,Source+Target,arc labels,,0.5783394733251467,0.024079320113314446,0.4857142857142857
Left,random,WRM,RTT,7,0.2,1,2129,35,852,15,COT,arc labels,,0.49278892072588343,0.015350877192982455,0.2
Left,random,WRM,RTT,7,0.2,1,2129,35,852,15,none-HS4,arc labels,,0.6471414927002319,0.030470914127423823,0.6285714285714286
Left,random,WRM,RTT,7,0.2,1,2129,35,852,15,none-HSsrc,nothing,,0.6515963978714695,0.02909090909090909,0.6857142857142857
Left,random,WRM,RTT,7,0.2,1,2129,35,852,15,none-PCA,arc segments,8.0,0.579294583162778,0.024216524216524215,0.4857142857142857
Left,random,WRM,RTT,7,0.2,1,2129,35,852,15,QOTu-HS4,arc labels,,0.6351207531723291,0.026845637583892617,0.6857142857142857
Left,random,WRM,RTT,7,0.2,1,2129,35,852,15,QOTu-HSsrc,arc segments,,0.6434779642516032,0.027939464493597205,0.6857142857142857
Left,random,WRM,RTT,7,0.2,1,2129,35,852,15,QOTu-PCA,arc segments,8.0,0.5269204529949516,0.01821668264621285,0.5428571428571428
Left,random,WRM,RTT,7,0.2,1,2129,35,852,15,QOTc-HS4,arc labels,,0.592952653840906,0.045662100456621,0.2857142857142857
Left,random,WRM,RTT,7,0.2,1,2129,35,852,15,QOTc-HSsrc,arc labels,,0.6135625596943648,0.03723404255319149,0.4
Left,random,WRM,RTT,7,0.2,1,2129,35,852,15,QOTc-PCA,arc labels,32.0,0.549338245326784,0.02857142857142857,0.22857142857142856
Left,random,WRM,RTT,7,0.2,1,2129,35,852,15,SDM-HS4,arc labels,,0.6470323372902169,0.07428571428571429,0.37142857142857144
Left,random,WRM,RTT,7,0.2,1,2129,35,852,15,SDM-HSsrc,arc labels,,0.6174648656024014,0.05042016806722689,0.34285714285714286
Left,random,WRM,RTT,7,0.2,1,2129,35,852,15,SDM-PCA,arc labels,32.0,0.4891322144903807,0.013157894736842105,0.08571428571428572
Left,random,WRM,RTT,7,0.3,1,2129,35,1278,25,NoAdapt,nothing,,0.5841110656296903,0.02576489533011272,0.45714285714285713
Left,random,WRM,RTT,7,0.3,1,2129,35,1278,25,TargetOnly,arc labels,,0.577193341519989,0.03508771929824561,0.2857142857142857
Left,random,WRM,RTT,7,0.3,1,2129,35,1278,25,Source+Target,arc labels,,0.5809660253786328,0.02446043165467626,0.4857142857142857
Left,random,WRM,RTT,7,0.3,1,2129,35,1278,25,COT,arc labels,,0.49079683449310957,0.015358361774744027,0.2571428571428571
Left,random,WRM,RTT,7,0.3,1,2129,35,1278,25,none-HS4,arc labels,,0.6490517123754946,0.03081232492997199,0.6285714285714286
Left,random,WRM,RTT,7,0.3,1,2129,35,1278,25,none-HSsrc,nothing,,0.6515963978714695,0.02909090909090909,0.6857142857142857
Left,random,WRM,RTT,7,0.3,1,2129,35,1278,25,none-PCA,arc segments,8.0,0.579294583162778,0.024216524216524215,0.4857142857142857
Left,random,WRM,RTT,7,0.3,1,2129,35,1278,25,QOTu-HS4,arc labels,,0.6372697503069996,0.02711864406779661,0.6857142857142857
Left,random,WRM,RTT,7,0.3,1,2129,35,1278,25,QOTu-HSsrc,arc segments,,0.6434779642516032,0.027939464493597205,0.6857142857142857
Left,random,WRM,RTT,7,0.3,1,2129,35,1278,25,QOTu-PCA,arc segments,8.0,0.5324123345613316,0.018627450980392157,0.5428571428571428
Left,random,WRM,RTT,7,0.3,1,2129,35,1278,25,QOTc-HS4,arc labels,,0.6792604720971482,0.04691358024691358,0.5428571428571428
Left,random,WRM,RTT,7,0.3,1,2129,35,1278,25,QOTc-HSsrc,arc labels,,0.5973256924546323,0.03153153153153153,0.4
Left,random,WRM,RTT,7,0.3,1,2129,35,1278,25,QOTc-PCA,arc labels,64.0,0.5974075590121435,0.037267080745341616,0.34285714285714286
Left,random,WRM,RTT,7,0.3,1,2129,35,1278,25,SDM-HS4,arc labels,,0.6255014326647564,0.04294478527607362,0.4
Left,random,WRM,RTT,7,0.3,1,2129,35,1278,25,SDM-HSsrc,arc labels,,0.6195319961795607,0.039886039886039885,0.4
Left,random,WRM,RTT,7,0.3,1,2129,35,1278,25,SDM-PCA,arc labels,64.0,0.49386000818665576,0.015772870662460567,0.2857142857142857
Left,random,WRM,RTT,7,0.5,1,2129,35,2118,35,NoAdapt,nothing,,0.5841110656296903,0.02576489533011272,0.45714285714285713
Left,random,WRM,RTT,7,0.5,1,2129,35,2118,35,TargetOnly,arc labels,,0.5998362668849775,0.043824701195219126,0.3142857142857143
Left,random,WRM,RTT,7,0.5,1,2129,35,2118,35,Source+Target,arc labels,,0.5790558057033701,0.02418207681365576,0.4857142857142857
Left,random,WRM,RTT,7,0.5,1,2129,35,2118,35,COT,arc labels,,0.593941874744167,0.028901734104046242,0.42857142857142855
Left,random,WRM,RTT,7,0.5,1,2129,35,2118,35,none-HS4,arc labels,,0.6630986492018011,0.03212290502793296,0.6571428571428571
Left,random,WRM,RTT,7,0.5,1,2129,35,2118,35,none-HSsrc,nothing,,0.6515963978714695,0.02909090909090909,0.6857142857142857
Left,random,WRM,RTT,7,0.5,1,2129,35,2118,35,none-PCA,arc segments,8.0,0.579294583162778,0.024216524216524215,0.4857142857142857
Left,random,WRM,RTT,7,0.5,1,2129,35,2118,35,QOTu-HS4,arc labels,,0.6363146404693683,0.02699662542182227,0.6857142857142857
Left,random,WRM,RTT,7,0.5,1,2129,35,2118,35,QOTu-HSsrc,arc segments,,0.6415677445763406,0.02768166089965398,0.6857142857142857
Left,random,WRM,RTT,7,0.5,1,2129,35,2118,35,QOTu-PCA,arc segments,8.0,0.5297857825078456,0.01842870999030068,0.5428571428571428
Left,random,WRM,RTT,7,0.5,1,2129,35,2118,35,QOTc-HS4,arc labels,,0.6566584800109155,0.04497354497354497,0.4857142857142857
Left,random,WRM,RTT,7,0.5,1,2129,35,2118,35,QOTc-HSsrc,arc labels,,0.6001910219675263,0.032407407407407406,0.4
Left,random,WRM,RTT,7,0.5,1,2129,35,2118,35,QOTc-PCA,arc labels,64.0,0.5802155819347796,0.030456852791878174,0.34285714285714286
Left,random,WRM,RTT,7,0.5,1,2129,35,2118,35,SDM-HS4,arc labels,,0.6403056351480421,0.05303030303030303,0.4
Left,random,WRM,RTT,7,0.5,1,2129,35,2118,35,SDM-HSsrc,arc labels,,0.6243484786464729,0.04814814814814815,0.37142857142857144
Left,random,WRM,RTT,7,0.5,1,2129,35,2118,35,SDM-PCA,arc labels,64.0,0.5406945012962204,0.02021563342318059,0.42857142857142855
