Side,Arc,Source,Target,Rot,AdaptFrac,ArcOK,nEval,nEvalPos,nArc,nArcPos,Method,Uses,K,BAC,Precision,Recall
Right,contig,HTL,PTT,0,0.05,0,1136,80,114,1,NoAdapt,nothing,,0.4975378787878788,0.06451612903225806,0.05
Right,contig,HTL,PTT,0,0.05,0,1136,80,114,1,TargetOnly,arc labels,,,,
Right,contig,HTL,PTT,0,0.05,0,1136,80,114,1,Source+Target,arc labels,,,,
Right,contig,HTL,PTT,0,0.05,0,1136,80,114,1,COT,arc labels,,,,
Right,contig,HTL,PTT,0,0.05,0,1136,80,114,1,none-HS4,arc labels,,,,
Right,contig,HTL,PTT,0,0.05,0,1136,80,114,1,none-HSsrc,nothing,,0.4935606060606061,0.047619047619047616,0.025
Right,contig,HTL,PTT,0,0.05,0,1136,80,114,1,none-PCA,arc segments,32.0,0.5224431818181818,0.08035714285714286,0.3375
Right,contig,HTL,PTT,0,0.05,0,1136,80,114,1,QOTu-HS4,arc labels,,,,
Right,contig,HTL,PTT,0,0.05,0,1136,80,114,1,QOTu-HSsrc,arc segments,,0.4964962121212121,0.06844106463878327,0.225
Right,contig,HTL,PTT,0,0.05,0,1136,80,114,1,QOTu-PCA,arc segments,32.0,0.5853219696969697,0.0910569105691057,0.7
Right,contig,HTL,PTT,0,0.05,0,1136,80,114,1,QOTc-HS4,arc labels,,,,
Right,contig,HTL,PTT,0,0.05,0,1136,80,114,1,QOTc-HSsrc,arc labels,,,,
Right,contig,HTL,PTT,0,0.05,0,1136,80,114,1,QOTc-PCA,arc labels,,,,
Right,contig,HTL,PTT,0,0.05,0,1136,80,114,1,SDM-HS4,arc labels,,,,
Right,contig,HTL,PTT,0,0.05,0,1136,80,114,1,SDM-HSsrc,arc labels,,,,
Right,contig,HTL,PTT,0,0.05,0,1136,80,114,1,SDM-PCA,arc labels,,,,
Right,contig,HTL,PTT,0,0.1,1,1136,80,227,2,NoAdapt,nothing,,0.4975378787878788,0.06451612903225806,0.05
Right,contig,HTL,PTT,0,0.1,1,1136,80,227,2,TargetOnly,arc labels,,0.4793560606060606,0.027777777777777776,0.025
Right,contig,HTL,PTT,0,0.1,1,1136,80,227,2,Source+Target,arc labels,,0.4934659090909091,0.03571428571428571,0.0125
Right,contig,HTL,PTT,0,0.1,1,1136,80,227,2,COT,arc labels,,0.48598484848484846,0.06743185078909612,0.5875
Right,contig,HTL,PTT,0,0.1,1,1136,80,227,2,none-HS4,arc labels,,0.4897727272727273,0.04,0.025
Right,contig,HTL,PTT,0,0.1,1,1136,80,227,2,none-HSsrc,nothing,,0.4935606060606061,0.047619047619047616,0.025
Right,contig,HTL,PTT,0,0.1,1,1136,80,227,2,none-PCA,arc segments,32.0,0.5224431818181818,0.08035714285714286,0.3375
Right,contig,HTL,PTT,0,0.1,1,1136,80,227,2,QOTu-HS4,arc labels,,0.6268939393939394,0.12129380053908356,0.5625
Right,contig,HTL,PTT,0,0.1,1,1136,80,227,2,QOTu-HSsrc,arc segments,,0.5019886363636363,0.07174887892376682,0.2
Right,contig,HTL,PTT,0,0.1,1,1136,80,227,2,QOTu-PCA,arc segments,32.0,0.6056818181818182,0.10179640718562874,0.6375
Right,contig,HTL,PTT,0,0.1,1,1136,80,227,2,QOTc-HS4,arc labels,,0.47215909090909086,0.0136986301369863,0.0125
Right,contig,HTL,PTT,0,0.1,1,1136,80,227,2,QOTc-HSsrc,arc labels,,0.47632575757575757,0.06398537477148081,0.4375
Right,contig,HTL,PTT,0,0.1,1,1136,80,227,2,QOTc-PCA,arc labels,64.0,0.4903409090909091,0.047619047619047616,0.0375
Right,contig,HTL,PTT,0,0.1,1,1136,80,227,2,SDM-HS4,arc labels,,0.49053030303030304,0.0,0.0
Right,contig,HTL,PTT,0,0.1,1,1136,80,227,2,SDM-HSsrc,arc labels,,0.47433712121212124,0.0633147113594041,0.425
Right,contig,HTL,PTT,0,0.1,1,1136,80,227,2,SDM-PCA,arc labels,16.0,0.43929924242424245,0.021621621621621623,0.05
Right,contig,HTL,PTT,0,0.2,1,1136,80,454,2,NoAdapt,nothing,,0.4975378787878788,0.06451612903225806,0.05
Right,contig,HTL,PTT,0,0.2,1,1136,80,454,2,TargetOnly,arc labels,,0.48077651515151515,0.028985507246376812,0.025
Right,contig,HTL,PTT,0,0.2,1,1136,80,454,2,Source+Target,arc labels,,0.5214015151515151,0.15,0.075
Right,contig,HTL,PTT,0,0.2,1,1136,80,454,2,COT,arc labels,,0.4684659090909091,0.021052631578947368,0.025
Right,contig,HTL,PTT,0,0.2,1,1136,80,454,2,none-HS4,arc labels,,0.4955492424242424,0.057692307692307696,0.0375
Right,contig,HTL,PTT,0,0.2,1,1136,80,454,2,none-HSsrc,nothing,,0.4935606060606061,0.047619047619047616,0.025
Right,contig,HTL,PTT,0,0.2,1,1136,80,454,2,none-PCA,arc segments,32.0,0.5319128787878789,0.08544303797468354,0.3375
Right,contig,HTL,PTT,0,0.2,1,1136,80,454,2,QOTu-HS4,arc labels,,0.634090909090909,0.11564625850340136,0.6375
Right,contig,HTL,PTT,0,0.2,1,1136,80,454,2,QOTu-HSsrc,arc segments,,0.5019886363636363,0.07174887892376682,0.2
Right,contig,HTL,PTT,0,0.2,1,1136,80,454,2,QOTu-PCA,arc segments,32.0,0.5928030303030303,0.09727626459143969,0.625
Right,contig,HTL,PTT,0,0.2,1,1136,80,454,2,QOTc-HS4,arc labels,,0.47215909090909086,0.0136986301369863,0.0125
Right,contig,HTL,PTT,0,0.2,1,1136,80,454,2,QOTc-HSsrc,arc labels,,0.47632575757575757,0.06398537477148081,0.4375
Right,contig,HTL,PTT,0,0.2,1,1136,80,454,2,QOTc-PCA,arc labels,32.0,0.5076704545454546,0.08695652173913043,0.075
Right,contig,HTL,PTT,0,0.2,1,1136,80,454,2,SDM-HS4,arc labels,,0.5043560606060606,0.2,0.0125
Right,contig,HTL,PTT,0,0.2,1,1136,80,454,2,SDM-HSsrc,arc labels,,0.46960227272727273,0.062157221206581355,0.425
Right,contig,HTL,PTT,0,0.2,1,1136,80,454,2,SDM-PCA,arc labels,32.0,0.4589015151515151,0.04526748971193416,0.1375
Right,contig,HTL,PTT,0,0.3,1,1136,80,682,17,NoAdapt,nothing,,0.4975378787878788,0.06451612903225806,0.05
Right,contig,HTL,PTT,0,0.3,1,1136,80,682,17,TargetOnly,arc labels,,0.5330492424242425,0.10852713178294573,0.175
Right,contig,HTL,PTT,0,0.3,1,1136,80,682,17,Source+Target,arc labels,,0.5112689393939394,0.12121212121212122,0.05
Right,contig,HTL,PTT,0,0.3,1,1136,80,682,17,COT,arc labels,,0.4106060606060606,0.056910569105691054,0.7
Right,contig,HTL,PTT,0,0.3,1,1136,80,682,17,none-HS4,arc labels,,0.5,0.07042253521126761,0.0625
Right,contig,HTL,PTT,0,0.3,1,1136,80,682,17,none-HSsrc,nothing,,0.4935606060606061,0.047619047619047616,0.025
Right,contig,HTL,PTT,0,0.3,1,1136,80,682,17,none-PCA,arc segments,32.0,0.5196022727272727,0.07894736842105263,0.3375
Right,contig,HTL,PTT,0,0.3,1,1136,80,682,17,QOTu-HS4,arc labels,,0.5323863636363636,0.09826589595375723,0.2125
Right,contig,HTL,PTT,0,0.3,1,1136,80,682,17,QOTu-HSsrc,arc segments,,0.48806818181818185,0.058823529411764705,0.1125
Right,contig,HTL,PTT,0,0.3,1,1136,80,682,17,QOTu-PCA,arc segments,32.0,0.5454545454545454,0.10638297872340426,0.25
Right,contig,HTL,PTT,0,0.3,1,1136,80,682,17,QOTc-HS4,arc labels,,0.6807765151515152,0.22674418604651161,0.4875
Right,contig,HTL,PTT,0,0.3,1,1136,80,682,17,QOTc-HSsrc,arc labels,,0.4881628787878788,0.052083333333333336,0.0625
Right,contig,HTL,PTT,0,0.3,1,1136,80,682,17,QOTc-PCA,arc labels,64.0,0.48295454545454547,0.0625,0.25
Right,contig,HTL,PTT,0,0.3,1,1136,80,682,17,SDM-HS4,arc labels,,0.6387310606060606,0.11990407673860912,0.625
Right,contig,HTL,PTT,0,0.3,1,1136,80,682,17,SDM-HSsrc,arc labels,,0.4564393939393939,0.03067484662576687,0.0625
Right,contig,HTL,PTT,0,0.3,1,1136,80,682,17,SDM-PCA,arc labels,64.0,0.415625,0.046242774566473986,0.3
Right,contig,HTL,PTT,0,0.5,1,1136,80,1124,41,NoAdapt,nothing,,0.4975378787878788,0.06451612903225806,0.05
Right,contig,HTL,PTT,0,0.5,1,1136,80,1124,41,TargetOnly,arc labels,,0.5306818181818181,0.1044776119402985,0.175
Right,contig,HTL,PTT,0,0.5,1,1136,80,1124,41,Source+Target,arc labels,,0.5060606060606061,0.09090909090909091,0.05
Right,contig,HTL,PTT,0,0.5,1,1136,80,1124,41,COT,arc labels,,0.471969696969697,0.06432748538011696,0.55
Right,contig,HTL,PTT,0,0.5,1,1136,80,1124,41,none-HS4,arc labels,,0.5102272727272728,0.08695652173913043,0.1
Right,contig,HTL,PTT,0,0.5,1,1136,80,1124,41,none-HSsrc,nothing,,0.4935606060606061,0.047619047619047616,0.025
Right,contig,HTL,PTT,0,0.5,1,1136,80,1124,41,none-PCA,arc segments,32.0,0.5196022727272727,0.07894736842105263,0.3375
Right,contig,HTL,PTT,0,0.5,1,1136,80,1124,41,QOTu-HS4,arc labels,,0.5015151515151515,0.07317073170731707,0.075
Right,contig,HTL,PTT,0,0.5,1,1136,80,1124,41,QOTu-HSsrc,arc segments,,0.4952651515151515,0.06172839506172839,0.0625
Right,contig,HTL,PTT,0,0.5,1,1136,80,1124,41,QOTu-PCA,arc segments,32.0,0.4946022727272727,0.064,0.1
Right,contig,HTL,PTT,0,0.5,1,1136,80,1124,41,QOTc-HS4,arc labels,,0.6309659090909091,0.23140495867768596,0.35
Right,contig,HTL,PTT,0,0.5,1,1136,80,1124,41,QOTc-HSsrc,arc labels,,0.48323863636363634,0.038461538461538464,0.0375
Right,contig,HTL,PTT,0,0.5,1,1136,80,1124,41,QOTc-PCA,arc labels,64.0,0.4884469696969697,0.06428571428571428,0.225
Right,contig,HTL,PTT,0,0.5,1,1136,80,1124,41,SDM-HS4,arc labels,,0.5154356060606061,0.08071748878923767,0.225
Right,contig,HTL,PTT,0,0.5,1,1136,80,1124,41,SDM-HSsrc,arc labels,,0.4595643939393939,0.04814814814814815,0.1625
Right,contig,HTL,PTT,0,0.5,1,1136,80,1124,41,SDM-PCA,arc labels,32.0,0.43693181818181814,0.04714640198511166,0.2375
Right,contig,HTL,PTT,1,0.05,1,1136,67,114,2,NoAdapt,nothing,,0.5045934965025202,0.06896551724137931,0.05970149253731343
Right,contig,HTL,PTT,1,0.05,1,1136,67,114,2,TargetOnly,arc labels,,0.4096868324420926,0.00881057268722467,0.029850746268656716
Right,contig,HTL,PTT,1,0.05,1,1136,67,114,2,Source+Target,arc labels,,0.4943663348365749,0.034482758620689655,0.014925373134328358
Right,contig,HTL,PTT,1,0.05,1,1136,67,114,2,COT,arc labels,,0.46071792580595616,0.04814004376367615,0.3283582089552239
Right,contig,HTL,PTT,1,0.05,1,1136,67,114,2,none-HS4,arc labels,,0.49434539184340226,0.043478260869565216,0.029850746268656716
Right,contig,HTL,PTT,1,0.05,1,1136,67,114,2,none-HSsrc,nothing,,0.49808720662357064,0.05263157894736842,0.029850746268656716
Right,contig,HTL,PTT,1,0.05,1,1136,67,114,2,none-PCA,arc segments,64.0,0.5101922566773244,0.06192660550458716,0.40298507462686567
Right,contig,HTL,PTT,1,0.05,1,1136,67,114,2,QOTu-HS4,arc labels,,0.6413302989263225,0.10432569974554708,0.6119402985074627
Right,contig,HTL,PTT,1,0.05,1,1136,67,114,2,QOTu-HSsrc,arc segments,,0.508998506066487,0.06319702602230483,0.2537313432835821
Right,contig,HTL,PTT,1,0.05,1,1136,67,114,2,QOTu-PCA,arc segments,32.0,0.6125476453094676,0.08054711246200608,0.7910447761194029
Right,contig,HTL,PTT,1,0.05,1,1136,67,114,2,QOTc-HS4,arc labels,,0.44619046954190694,0.007575757575757576,0.014925373134328358
Right,contig,HTL,PTT,1,0.05,1,1136,67,114,2,QOTc-HSsrc,arc labels,,0.4708403725060386,0.05253940455341506,0.44776119402985076
Right,contig,HTL,PTT,1,0.05,1,1136,67,114,2,QOTc-PCA,arc labels,64.0,0.5176898482331095,0.13333333333333333,0.05970149253731343
Right,contig,HTL,PTT,1,0.05,1,1136,67,114,2,SDM-HS4,arc labels,,0.47939907571590135,0.01639344262295082,0.014925373134328358
Right,contig,HTL,PTT,1,0.05,1,1136,67,114,2,SDM-HSsrc,arc labels,,0.40603577063233875,0.037037037037037035,0.29850746268656714
Right,contig,HTL,PTT,1,0.05,1,1136,67,114,2,SDM-PCA,arc labels,32.0,0.40118397721402344,0.019169329073482427,0.08955223880597014
Right,contig,HTL,PTT,1,0.1,1,1136,67,227,2,NoAdapt,nothing,,0.5045934965025202,0.06896551724137931,0.05970149253731343
Right,contig,HTL,PTT,1,0.1,1,1136,67,227,2,TargetOnly,arc labels,,0.4704913226198288,0.020618556701030927,0.029850746268656716
Right,contig,HTL,PTT,1,0.1,1,1136,67,227,2,Source+Target,arc labels,,0.4990436033117853,0.05263157894736842,0.014925373134328358
Right,contig,HTL,PTT,1,0.1,1,1136,67,227,2,COT,arc labels,,0.436263490778102,0.025210084033613446,0.08955223880597014
Right,contig,HTL,PTT,1,0.1,1,1136,67,227,2,none-HS4,arc labels,,0.49434539184340226,0.043478260869565216,0.029850746268656716
Right,contig,HTL,PTT,1,0.1,1,1136,67,227,2,none-HSsrc,nothing,,0.49808720662357064,0.05263157894736842,0.029850746268656716
Right,contig,HTL,PTT,1,0.1,1,1136,67,227,2,none-PCA,arc segments,64.0,0.5387235943761083,0.072,0.40298507462686567
Right,contig,HTL,PTT,1,0.1,1,1136,67,227,2,QOTu-HS4,arc labels,,0.6590410901526046,0.10837438423645321,0.6567164179104478
Right,contig,HTL,PTT,1,0.1,1,1136,67,227,2,QOTu-HSsrc,arc segments,,0.5080630523714449,0.06273062730627306,0.2537313432835821
Right,contig,HTL,PTT,1,0.1,1,1136,67,227,2,QOTu-PCA,arc segments,64.0,0.640164472306382,0.08934707903780069,0.7761194029850746
Right,contig,HTL,PTT,1,0.1,1,1136,67,227,2,QOTc-HS4,arc labels,,0.44619046954190694,0.007575757575757576,0.014925373134328358
Right,contig,HTL,PTT,1,0.1,1,1136,67,227,2,QOTc-HSsrc,arc labels,,0.4717967691942532,0.05253623188405797,0.43283582089552236
Right,contig,HTL,PTT,1,0.1,1,1136,67,227,2,QOTc-PCA,arc labels,32.0,0.49015679320888544,0.02631578947368421,0.014925373134328358
Right,contig,HTL,PTT,1,0.1,1,1136,67,227,2,SDM-HS4,arc labels,,0.47939907571590135,0.01639344262295082,0.014925373134328358
Right,contig,HTL,PTT,1,0.1,1,1136,67,227,2,SDM-HSsrc,arc labels,,0.4093098585649861,0.0375234521575985,0.29850746268656714
Right,contig,HTL,PTT,1,0.1,1,1136,67,227,2,SDM-PCA,arc labels,32.0,0.42593161414629377,0.027210884353741496,0.11940298507462686
Right,contig,HTL,PTT,1,0.2,1,1136,67,454,19,NoAdapt,nothing,,0.5045934965025202,0.06896551724137931,0.05970149253731343
Right,contig,HTL,PTT,1,0.2,1,1136,67,454,19,TargetOnly,arc labels,,0.47088225849238374,0.0521415270018622,0.417910447761194
Right,contig,HTL,PTT,1,0.2,1,1136,67,454,19,Source+Target,arc labels,,0.5125657959035506,0.125,0.04477611940298507
Right,contig,HTL,PTT,1,0.2,1,1136,67,454,19,COT,arc labels,,0.39428675146251907,0.0455005055611729,0.6716417910447762
Right,contig,HTL,PTT,1,0.2,1,1136,67,454,19,none-HS4,arc labels,,0.49993717102048224,0.058823529411764705,0.04477611940298507
Right,contig,HTL,PTT,1,0.2,1,1136,67,454,19,none-HSsrc,nothing,,0.49808720662357064,0.05263157894736842,0.029850746268656716
Right,contig,HTL,PTT,1,0.2,1,1136,67,454,19,none-PCA,arc segments,64.0,0.5387235943761083,0.072,0.40298507462686567
Right,contig,HTL,PTT,1,0.2,1,1136,67,454,19,QOTu-HS4,arc labels,,0.6344400541725423,0.11437908496732026,0.5223880597014925
Right,contig,HTL,PTT,1,0.2,1,1136,67,454,19,QOTu-HSsrc,arc segments,,0.5230303114921184,0.07112970711297072,0.2537313432835821
Right,contig,HTL,PTT,1,0.2,1,1136,67,454,19,QOTu-PCA,arc segments,32.0,0.6292950588498107,0.11041009463722397,0.5223880597014925
Right,contig,HTL,PTT,1,0.2,1,1136,67,454,19,QOTc-HS4,arc labels,,0.5886935760858942,0.07475317348377997,0.7910447761194029
Right,contig,HTL,PTT,1,0.2,1,1136,67,454,19,QOTc-HSsrc,arc labels,,0.5300322522094858,0.06514657980456026,0.5970149253731343
Right,contig,HTL,PTT,1,0.2,1,1136,67,454,19,QOTc-PCA,arc labels,64.0,0.4337782555882887,0.03591160220994475,0.19402985074626866
Right,contig,HTL,PTT,1,0.2,1,1136,67,454,19,SDM-HS4,arc labels,,0.5051799003113525,0.05988857938718663,0.6417910447761194
Right,contig,HTL,PTT,1,0.2,1,1136,67,454,19,SDM-HSsrc,arc labels,,0.5374949387766499,0.06666666666666667,0.6119402985074627
Right,contig,HTL,PTT,1,0.2,1,1136,67,454,19,SDM-PCA,arc labels,32.0,0.4970749619535624,0.058212058212058215,0.417910447761194
Right,contig,HTL,PTT,1,0.3,1,1136,67,682,36,NoAdapt,nothing,,0.5045934965025202,0.06896551724137931,0.05970149253731343
Right,contig,HTL,PTT,1,0.3,1,1136,67,682,36,TargetOnly,arc labels,,0.5069391117378496,0.06103286384976526,0.3880597014925373
Right,contig,HTL,PTT,1,0.3,1,1136,67,682,36,Source+Target,arc labels,,0.5326152213674378,0.1875,0.08955223880597014
Right,contig,HTL,PTT,1,0.3,1,1136,67,682,36,COT,arc labels,,0.41830836463147314,0.046134663341645885,0.5522388059701493
Right,contig,HTL,PTT,1,0.3,1,1136,67,682,36,none-HS4,arc labels,,0.5050612233500412,0.07017543859649122,0.05970149253731343
Right,contig,HTL,PTT,1,0.3,1,1136,67,682,36,none-HSsrc,nothing,,0.49808720662357064,0.05263157894736842,0.029850746268656716
Right,contig,HTL,PTT,1,0.3,1,1136,67,682,36,none-PCA,arc segments,64.0,0.5101922566773244,0.06192660550458716,0.40298507462686567
Right,contig,HTL,PTT,1,0.3,1,1136,67,682,36,QOTu-HS4,arc labels,,0.5576630412018485,0.10810810810810811,0.23880597014925373
Right,contig,HTL,PTT,1,0.3,1,1136,67,682,36,QOTu-HSsrc,arc segments,,0.5031484299736119,0.06315789473684211,0.08955223880597014
Right,contig,HTL,PTT,1,0.3,1,1136,67,682,36,QOTu-PCA,arc segments,64.0,0.6476411208689946,0.15544041450777202,0.44776119402985076
Right,contig,HTL,PTT,1,0.3,1,1136,67,682,36,QOTc-HS4,arc labels,,0.6556622872540944,0.09839357429718876,0.7313432835820896
Right,contig,HTL,PTT,1,0.3,1,1136,67,682,36,QOTc-HSsrc,arc labels,,0.4844602990659425,0.0423728813559322,0.07462686567164178
Right,contig,HTL,PTT,1,0.3,1,1136,67,682,36,QOTc-PCA,arc labels,64.0,0.4159627493961437,0.03456221198156682,0.22388059701492538
Right,contig,HTL,PTT,1,0.3,1,1136,67,682,36,SDM-HS4,arc labels,,0.6667830166287365,0.09660107334525939,0.8059701492537313
Right,contig,HTL,PTT,1,0.3,1,1136,67,682,36,SDM-HSsrc,arc labels,,0.45210337461429984,0.03529411764705882,0.13432835820895522
Right,contig,HTL,PTT,1,0.3,1,1136,67,682,36,SDM-PCA,arc labels,64.0,0.37253396255392823,0.04004711425206125,0.5074626865671642
Right,contig,HTL,PTT,1,0.5,1,1136,67,1112,54,NoAdapt,nothing,,0.5045934965025202,0.06896551724137931,0.05970149253731343
Right,contig,HTL,PTT,1,0.5,1,1136,67,1112,54,TargetOnly,arc labels,,0.5622146517180235,0.09166666666666666,0.3283582089552239
Right,contig,HTL,PTT,1,0.5,1,1136,67,1112,54,Source+Target,arc labels,,0.5097594348184242,0.1,0.04477611940298507
Right,contig,HTL,PTT,1,0.5,1,1136,67,1112,54,COT,arc labels,,0.3943914664283819,0.04424778761061947,0.5970149253731343
Right,contig,HTL,PTT,1,0.5,1,1136,67,1112,54,none-HS4,arc labels,,0.5097175488320791,0.078125,0.07462686567164178
Right,contig,HTL,PTT,1,0.5,1,1136,67,1112,54,none-HSsrc,nothing,,0.49808720662357064,0.05263157894736842,0.029850746268656716
Right,contig,HTL,PTT,1,0.5,1,1136,67,1112,54,none-PCA,arc segments,64.0,0.5101922566773244,0.06192660550458716,0.40298507462686567
Right,contig,HTL,PTT,1,0.5,1,1136,67,1112,54,QOTu-HS4,arc labels,,0.5064225179062591,0.06818181818181818,0.08955223880597014
Right,contig,HTL,PTT,1,0.5,1,1136,67,1112,54,QOTu-HSsrc,arc segments,,0.5059547910587381,0.06741573033707865,0.08955223880597014
Right,contig,HTL,PTT,1,0.5,1,1136,67,1112,54,QOTu-PCA,arc segments,32.0,0.4937520070368457,0.053691275167785234,0.11940298507462686
Right,contig,HTL,PTT,1,0.5,1,1136,67,1112,54,QOTc-HS4,arc labels,,0.7372352456613098,0.23391812865497075,0.5970149253731343
Right,contig,HTL,PTT,1,0.5,1,1136,67,1112,54,QOTc-HSsrc,arc labels,,0.4657512251651006,0.03164556962025317,0.07462686567164178
Right,contig,HTL,PTT,1,0.5,1,1136,67,1112,54,QOTc-PCA,arc labels,64.0,0.4006534213869847,0.024657534246575342,0.13432835820895522
Right,contig,HTL,PTT,1,0.5,1,1136,67,1112,54,SDM-HS4,arc labels,,0.5759323122460662,0.07956989247311828,0.5522388059701493
Right,contig,HTL,PTT,1,0.5,1,1136,67,1112,54,SDM-HSsrc,arc labels,,0.459098334333943,0.038910505836575876,0.14925373134328357
Right,contig,HTL,PTT,1,0.5,1,1136,67,1112,54,SDM-PCA,arc labels,64.0,0.3309691021040727,0.03494926719278467,0.4626865671641791
Right,contig,HTL,PTT,2,0.05,0,1136,67,114,0,NoAdapt,nothing,,0.503190315959957,0.06557377049180328,0.05970149253731343
Right,contig,HTL,PTT,2,0.05,0,1136,67,114,0,TargetOnly,arc labels,,,,
Right,contig,HTL,PTT,2,0.05,0,1136,67,114,0,Source+Target,arc labels,,,,
Right,contig,HTL,PTT,2,0.05,0,1136,67,114,0,COT,arc labels,,,,
Right,contig,HTL,PTT,2,0.05,0,1136,67,114,0,none-HS4,arc labels,,,,
Right,contig,HTL,PTT,2,0.05,0,1136,67,114,0,none-HSsrc,nothing,,0.49808720662357064,0.05263157894736842,0.029850746268656716
Right,contig,HTL,PTT,2,0.05,0,1136,67,114,0,none-PCA,arc segments,8.0,0.5227510715831506,0.09195402298850575,0.11940298507462686
Right,contig,HTL,PTT,2,0.05,0,1136,67,114,0,QOTu-HS4,arc labels,,,,
Right,contig,HTL,PTT,2,0.05,0,1136,67,114,0,QOTu-HSsrc,arc segments,,0.5112114823450568,0.06284153005464481,0.34328358208955223
Right,contig,HTL,PTT,2,0.05,0,1136,67,114,0,QOTu-PCA,arc segments,16.0,0.5928612317272385,0.07493188010899182,0.8208955223880597
Right,contig,HTL,PTT,2,0.05,0,1136,67,114,0,QOTc-HS4,arc labels,,,,
Right,contig,HTL,PTT,2,0.05,0,1136,67,114,0,QOTc-HSsrc,arc labels,,,,
Right,contig,HTL,PTT,2,0.05,0,1136,67,114,0,QOTc-PCA,arc labels,,,,
Right,contig,HTL,PTT,2,0.05,0,1136,67,114,0,SDM-HS4,arc labels,,,,
Right,contig,HTL,PTT,2,0.05,0,1136,67,114,0,SDM-HSsrc,arc labels,,,,
Right,contig,HTL,PTT,2,0.05,0,1136,67,114,0,SDM-PCA,arc labels,,,,
Right,contig,HTL,PTT,2,0.1,0,1136,67,227,0,NoAdapt,nothing,,0.503190315959957,0.06557377049180328,0.05970149253731343
Right,contig,HTL,PTT,2,0.1,0,1136,67,227,0,TargetOnly,arc labels,,,,
Right,contig,HTL,PTT,2,0.1,0,1136,67,227,0,Source+Target,arc labels,,,,
Right,contig,HTL,PTT,2,0.1,0,1136,67,227,0,COT,arc labels,,,,
Right,contig,HTL,PTT,2,0.1,0,1136,67,227,0,none-HS4,arc labels,,,,
Right,contig,HTL,PTT,2,0.1,0,1136,67,227,0,none-HSsrc,nothing,,0.49808720662357064,0.05263157894736842,0.029850746268656716
Right,contig,HTL,PTT,2,0.1,0,1136,67,227,0,none-PCA,arc segments,8.0,0.5227510715831506,0.09195402298850575,0.11940298507462686
Right,contig,HTL,PTT,2,0.1,0,1136,67,227,0,QOTu-HS4,arc labels,,,,
Right,contig,HTL,PTT,2,0.1,0,1136,67,227,0,QOTu-HSsrc,arc segments,,0.4901637742066096,0.05596107055961071,0.34328358208955223
Right,contig,HTL,PTT,2,0.1,0,1136,67,227,0,QOTu-PCA,arc segments,8.0,0.6159264482079778,0.08480565371024736,0.7164179104477612
Right,contig,HTL,PTT,2,0.1,0,1136,67,227,0,QOTc-HS4,arc labels,,,,
Right,contig,HTL,PTT,2,0.1,0,1136,67,227,0,QOTc-HSsrc,arc labels,,,,
Right,contig,HTL,PTT,2,0.1,0,1136,67,227,0,QOTc-PCA,arc labels,,,,
Right,contig,HTL,PTT,2,0.1,0,1136,67,227,0,SDM-HS4,arc labels,,,,
Right,contig,HTL,PTT,2,0.1,0,1136,67,227,0,SDM-HSsrc,arc labels,,,,
Right,contig,HTL,PTT,2,0.1,0,1136,67,227,0,SDM-PCA,arc labels,,,,
Right,contig,HTL,PTT,2,0.2,1,1136,67,454,25,NoAdapt,nothing,,0.503190315959957,0.06557377049180328,0.05970149253731343
Right,contig,HTL,PTT,2,0.2,1,1136,67,454,25,TargetOnly,arc labels,,0.49862474344833363,0.0584958217270195,0.31343283582089554
Right,contig,HTL,PTT,2,0.2,1,1136,67,454,25,Source+Target,arc labels,,0.5022967482512601,0.06896551724137931,0.029850746268656716
Right,contig,HTL,PTT,2,0.2,1,1136,67,454,25,COT,arc labels,,0.4314884883347528,0.046742209631728045,0.4925373134328358
Right,contig,HTL,PTT,2,0.2,1,1136,67,454,25,none-HS4,arc labels,,0.4980662636303981,0.05454545454545454,0.04477611940298507
Right,contig,HTL,PTT,2,0.2,1,1136,67,454,25,none-HSsrc,nothing,,0.49808720662357064,0.05263157894736842,0.029850746268656716
Right,contig,HTL,PTT,2,0.2,1,1136,67,454,25,none-PCA,arc segments,8.0,0.516670622565377,0.08,0.11940298507462686
Right,contig,HTL,PTT,2,0.2,1,1136,67,454,25,QOTu-HS4,arc labels,,0.514122558396046,0.06545454545454546,0.26865671641791045
Right,contig,HTL,PTT,2,0.2,1,1136,67,454,25,QOTu-HSsrc,arc segments,,0.49403124694581346,0.05647840531561462,0.2537313432835821
Right,contig,HTL,PTT,2,0.2,1,1136,67,454,25,QOTu-PCA,arc segments,8.0,0.49028943216564513,0.05501618122977346,0.2537313432835821
Right,contig,HTL,PTT,2,0.2,1,1136,67,454,25,QOTc-HS4,arc labels,,0.5258576155704173,0.07407407407407407,0.23880597014925373
Right,contig,HTL,PTT,2,0.2,1,1136,67,454,25,QOTc-HSsrc,arc labels,,0.4697513368610642,0.047021943573667714,0.22388059701492538
Right,contig,HTL,PTT,2,0.2,1,1136,67,454,25,QOTc-PCA,arc labels,32.0,0.4316281082892367,0.018691588785046728,0.05970149253731343
Right,contig,HTL,PTT,2,0.2,1,1136,67,454,25,SDM-HS4,arc labels,,0.42159641455956887,0.0345679012345679,0.208955223880597
Right,contig,HTL,PTT,2,0.2,1,1136,67,454,25,SDM-HSsrc,arc labels,,0.4859751755720928,0.05459057071960298,0.3283582089552239
Right,contig,HTL,PTT,2,0.2,1,1136,67,454,25,SDM-PCA,arc labels,32.0,0.45551010150370697,0.04816955684007707,0.373134328358209
Right,contig,HTL,PTT,2,0.3,1,1136,67,682,42,NoAdapt,nothing,,0.503190315959957,0.06557377049180328,0.05970149253731343
Right,contig,HTL,PTT,2,0.3,1,1136,67,682,42,TargetOnly,arc labels,,0.515162727056951,0.06914893617021277,0.19402985074626866
Right,contig,HTL,PTT,2,0.3,1,1136,67,682,42,Source+Target,arc labels,,0.5051031093363864,0.08695652173913043,0.029850746268656716
Right,contig,HTL,PTT,2,0.3,1,1136,67,682,42,COT,arc labels,,0.4362076427963084,0.04682779456193353,0.4626865671641791
Right,contig,HTL,PTT,2,0.3,1,1136,67,682,42,none-HS4,arc labels,,0.5111207293746423,0.08196721311475409,0.07462686567164178
Right,contig,HTL,PTT,2,0.3,1,1136,67,682,42,none-HSsrc,nothing,,0.49808720662357064,0.05263157894736842,0.029850746268656716
Right,contig,HTL,PTT,2,0.3,1,1136,67,682,42,none-PCA,arc segments,4.0,0.5153093280091591,0.08695652173913043,0.08955223880597014
Right,contig,HTL,PTT,2,0.3,1,1136,67,682,42,QOTu-HS4,arc labels,,0.5473939935495581,0.09803921568627451,0.22388059701492538
Right,contig,HTL,PTT,2,0.3,1,1136,67,682,42,QOTu-HSsrc,arc segments,,0.5119095821174763,0.06741573033707865,0.1791044776119403
Right,contig,HTL,PTT,2,0.3,1,1136,67,682,42,QOTu-PCA,arc segments,8.0,0.5170964634265529,0.07518796992481203,0.14925373134328357
Right,contig,HTL,PTT,2,0.3,1,1136,67,682,42,QOTc-HS4,arc labels,,0.6719000879605713,0.171875,0.4925373134328358
Right,contig,HTL,PTT,2,0.3,1,1136,67,682,42,QOTc-HSsrc,arc labels,,0.4708333915083144,0.04040404040404041,0.11940298507462686
Right,contig,HTL,PTT,2,0.3,1,1136,67,682,42,QOTc-PCA,arc labels,64.0,0.4461276405623891,0.02185792349726776,0.05970149253731343
Right,contig,HTL,PTT,2,0.3,1,1136,67,682,42,SDM-HS4,arc labels,,0.5191000097733969,0.065,0.3880597014925373
Right,contig,HTL,PTT,2,0.3,1,1136,67,682,42,SDM-HSsrc,arc labels,,0.45442106585873254,0.03745318352059925,0.14925373134328357
Right,contig,HTL,PTT,2,0.3,1,1136,67,682,42,SDM-PCA,arc labels,64.0,0.4089957136673973,0.044416243654822336,0.5223880597014925
Right,contig,HTL,PTT,2,0.5,1,1136,67,1112,54,NoAdapt,nothing,,0.503190315959957,0.06557377049180328,0.05970149253731343
Right,contig,HTL,PTT,2,0.5,1,1136,67,1112,54,TargetOnly,arc labels,,0.4984083325188836,0.057692307692307696,0.13432835820895522
Right,contig,HTL,PTT,2,0.5,1,1136,67,1112,54,Source+Target,arc labels,,0.5106948885134663,0.10714285714285714,0.04477611940298507
Right,contig,HTL,PTT,2,0.5,1,1136,67,1112,54,COT,arc labels,,0.42947097999246053,0.04825090470446321,0.5970149253731343
Right,contig,HTL,PTT,2,0.5,1,1136,67,1112,54,none-HS4,arc labels,,0.5106530025271212,0.08064516129032258,0.07462686567164178
Right,contig,HTL,PTT,2,0.5,1,1136,67,1112,54,none-HSsrc,nothing,,0.49808720662357064,0.05263157894736842,0.029850746268656716
Right,contig,HTL,PTT,2,0.5,1,1136,67,1112,54,none-PCA,arc segments,8.0,0.5227510715831506,0.09195402298850575,0.11940298507462686
Right,contig,HTL,PTT,2,0.5,1,1136,67,1112,54,QOTu-HS4,arc labels,,0.5306395990114907,0.09090909090909091,0.16417910447761194
Right,contig,HTL,PTT,2,0.5,1,1136,67,1112,54,QOTu-HSsrc,arc segments,,0.5022129762785698,0.061855670103092786,0.08955223880597014
Right,contig,HTL,PTT,2,0.5,1,1136,67,1112,54,QOTu-PCA,arc segments,8.0,0.5026807031260908,0.0625,0.08955223880597014
Right,contig,HTL,PTT,2,0.5,1,1136,67,1112,54,QOTc-HS4,arc labels,,0.5725674713430043,0.11377245508982035,0.2835820895522388
Right,contig,HTL,PTT,2,0.5,1,1136,67,1112,54,QOTc-HSsrc,arc labels,,0.45779986875724277,0.02857142857142857,0.07462686567164178
Right,contig,HTL,PTT,2,0.5,1,1136,67,1112,54,QOTc-PCA,arc labels,64.0,0.4368149895983134,0.011834319526627219,0.029850746268656716
Right,contig,HTL,PTT,2,0.5,1,1136,67,1112,54,SDM-HS4,arc labels,,0.49854097147564336,0.0585480093676815,0.373134328358209
Right,contig,HTL,PTT,2,0.5,1,1136,67,1112,54,SDM-HSsrc,arc labels,,0.44043114641944625,0.030418250950570342,0.11940298507462686
Right,contig,HTL,PTT,2,0.5,1,1136,67,1112,54,SDM-PCA,arc labels,64.0,0.36041495050472616,0.03804994054696789,0.47761194029850745
Right,contig,HTL,PTT,3,0.05,1,1136,53,114,5,NoAdapt,nothing,,0.5141901426854126,0.07272727272727272,0.07547169811320754
Right,contig,HTL,PTT,3,0.05,1,1136,53,114,5,TargetOnly,arc labels,,0.49789194933709646,0.038461538461538464,0.018867924528301886
Right,contig,HTL,PTT,3,0.05,1,1136,53,114,5,Source+Target,arc labels,,0.5089113050750014,0.06666666666666667,0.05660377358490566
Right,contig,HTL,PTT,3,0.05,1,1136,53,114,5,COT,arc labels,,0.5236850816216311,0.23076923076923078,0.05660377358490566
Right,contig,HTL,PTT,3,0.05,1,1136,53,114,5,none-HS4,arc labels,,0.49347549608878205,0.03508771929824561,0.03773584905660377
Right,contig,HTL,PTT,3,0.05,1,1136,53,114,5,none-HSsrc,nothing,,0.4976306207425216,0.041666666666666664,0.03773584905660377
Right,contig,HTL,PTT,3,0.05,1,1136,53,114,5,none-PCA,arc segments,32.0,0.5083015383543268,0.04842105263157895,0.4339622641509434
Right,contig,HTL,PTT,3,0.05,1,1136,53,114,5,QOTu-HS4,arc labels,,0.6021185038066865,0.0661625708884688,0.660377358490566
Right,contig,HTL,PTT,3,0.05,1,1136,53,114,5,QOTu-HSsrc,arc segments,,0.4524381957873831,0.03859060402684564,0.4339622641509434
Right,contig,HTL,PTT,3,0.05,1,1136,53,114,5,QOTu-PCA,arc segments,64.0,0.6043659297200299,0.06525573192239859,0.6981132075471698
Right,contig,HTL,PTT,3,0.05,1,1136,53,114,5,QOTc-HS4,arc labels,,0.5042944999041795,0.05454545454545454,0.05660377358490566
Right,contig,HTL,PTT,3,0.05,1,1136,53,114,5,QOTc-HSsrc,arc labels,,0.45832680011846894,0.022727272727272728,0.07547169811320754
Right,contig,HTL,PTT,3,0.05,1,1136,53,114,5,QOTc-PCA,arc labels,64.0,0.5179445634941375,0.5,0.03773584905660377
Right,contig,HTL,PTT,3,0.05,1,1136,53,114,5,SDM-HS4,arc labels,,0.4761319883621666,0.02586206896551724,0.05660377358490566
Right,contig,HTL,PTT,3,0.05,1,1136,53,114,5,SDM-HSsrc,arc labels,,0.42159271067440196,0.018050541516245487,0.09433962264150944
Right,contig,HTL,PTT,3,0.05,1,1136,53,114,5,SDM-PCA,arc labels,64.0,0.4800867610933988,0.023255813953488372,0.03773584905660377
Right,contig,HTL,PTT,3,0.1,1,1136,53,227,7,NoAdapt,nothing,,0.5141901426854126,0.07272727272727272,0.07547169811320754
Right,contig,HTL,PTT,3,0.1,1,1136,53,227,7,TargetOnly,arc labels,,0.5204533180020559,0.15,0.05660377358490566
Right,contig,HTL,PTT,3,0.1,1,1136,53,227,7,Source+Target,arc labels,,0.4988153103712608,0.041666666666666664,0.018867924528301886
Right,contig,HTL,PTT,3,0.1,1,1136,53,227,7,COT,arc labels,,0.5190682764508092,0.13043478260869565,0.05660377358490566
Right,contig,HTL,PTT,3,0.1,1,1136,53,227,7,none-HS4,arc labels,,0.4957838986741929,0.038461538461538464,0.03773584905660377
Right,contig,HTL,PTT,3,0.1,1,1136,53,227,7,none-HSsrc,nothing,,0.4976306207425216,0.041666666666666664,0.03773584905660377
Right,contig,HTL,PTT,3,0.1,1,1136,53,227,7,none-PCA,arc segments,32.0,0.5083015383543268,0.04842105263157895,0.4339622641509434
Right,contig,HTL,PTT,3,0.1,1,1136,53,227,7,QOTu-HS4,arc labels,,0.5530235718392307,0.05938242280285035,0.4716981132075472
Right,contig,HTL,PTT,3,0.1,1,1136,53,227,7,QOTu-HSsrc,arc segments,,0.5018989877872437,0.04708520179372197,0.39622641509433965
Right,contig,HTL,PTT,3,0.1,1,1136,53,227,7,QOTu-PCA,arc segments,64.0,0.5002526176414224,0.04670912951167728,0.41509433962264153
Right,contig,HTL,PTT,3,0.1,1,1136,53,227,7,QOTc-HS4,arc labels,,0.50363246746459,0.05714285714285714,0.03773584905660377
Right,contig,HTL,PTT,3,0.1,1,1136,53,227,7,QOTc-HSsrc,arc labels,,0.4644680220909772,0.030837004405286344,0.1320754716981132
Right,contig,HTL,PTT,3,0.1,1,1136,53,227,7,QOTc-PCA,arc labels,64.0,0.5241467621387133,0.25,0.05660377358490566
Right,contig,HTL,PTT,3,0.1,1,1136,53,227,7,SDM-HS4,arc labels,,0.4918291259429607,0.036585365853658534,0.05660377358490566
Right,contig,HTL,PTT,3,0.1,1,1136,53,227,7,SDM-HSsrc,arc labels,,0.4356434781093747,0.022388059701492536,0.11320754716981132
Right,contig,HTL,PTT,3,0.1,1,1136,53,227,7,SDM-PCA,arc labels,64.0,0.48648931166048187,0.034782608695652174,0.07547169811320754
Right,contig,HTL,PTT,3,0.2,1,1136,53,454,23,NoAdapt,nothing,,0.5141901426854126,0.07272727272727272,0.07547169811320754
Right,contig,HTL,PTT,3,0.2,1,1136,53,454,23,TargetOnly,arc labels,,0.4988153103712608,0.041666666666666664,0.018867924528301886
Right,contig,HTL,PTT,3,0.2,1,1136,53,454,23,Source+Target,arc labels,,0.5020470739908361,0.058823529411764705,0.018867924528301886
Right,contig,HTL,PTT,3,0.2,1,1136,53,454,23,COT,arc labels,,0.5046342270771268,0.05,0.1320754716981132
Right,contig,HTL,PTT,3,0.2,1,1136,53,454,23,none-HS4,arc labels,,0.5160368647537413,0.0784313725490196,0.07547169811320754
Right,contig,HTL,PTT,3,0.2,1,1136,53,454,23,none-HSsrc,nothing,,0.4976306207425216,0.041666666666666664,0.03773584905660377
Right,contig,HTL,PTT,3,0.2,1,1136,53,454,23,none-PCA,arc segments,32.0,0.5214289447551351,0.05128205128205128,0.4528301886792453
Right,contig,HTL,PTT,3,0.2,1,1136,53,454,23,QOTu-HS4,arc labels,,0.5448178539695814,0.06896551724137931,0.2641509433962264
Right,contig,HTL,PTT,3,0.2,1,1136,53,454,23,QOTu-HSsrc,arc segments,,0.5169166710221432,0.05371900826446281,0.24528301886792453
Right,contig,HTL,PTT,3,0.2,1,1136,53,454,23,QOTu-PCA,arc segments,64.0,0.5103311904388578,0.049707602339181284,0.32075471698113206
Right,contig,HTL,PTT,3,0.2,1,1136,53,454,23,QOTc-HS4,arc labels,,0.5452621125803585,0.1346153846153846,0.1320754716981132
Right,contig,HTL,PTT,3,0.2,1,1136,53,454,23,QOTc-HSsrc,arc labels,,0.47659366887924876,0.02608695652173913,0.05660377358490566
Right,contig,HTL,PTT,3,0.2,1,1136,53,454,23,QOTc-PCA,arc labels,64.0,0.5031707869475078,0.05555555555555555,0.03773584905660377
Right,contig,HTL,PTT,3,0.2,1,1136,53,454,23,SDM-HS4,arc labels,,0.47607101169009913,0.031446540880503145,0.09433962264150944
Right,contig,HTL,PTT,3,0.2,1,1136,53,454,23,SDM-HSsrc,arc labels,,0.44078294046934613,0.018691588785046728,0.07547169811320754
Right,contig,HTL,PTT,3,0.2,1,1136,53,454,23,SDM-PCA,arc labels,32.0,0.4672990818655377,0.028089887640449437,0.09433962264150944
Right,contig,HTL,PTT,3,0.3,1,1136,53,682,50,NoAdapt,nothing,,0.5141901426854126,0.07272727272727272,0.07547169811320754
Right,contig,HTL,PTT,3,0.3,1,1136,53,682,50,TargetOnly,arc labels,,0.5229010958379066,0.0759493670886076,0.11320754716981132
Right,contig,HTL,PTT,3,0.3,1,1136,53,682,50,Source+Target,arc labels,,0.5100959947037405,0.09523809523809523,0.03773584905660377
Right,contig,HTL,PTT,3,0.3,1,1136,53,682,50,COT,arc labels,,0.4067928012683148,0.032208588957055216,0.39622641509433965
Right,contig,HTL,PTT,3,0.3,1,1136,53,682,50,none-HS4,arc labels,,0.5245474659837279,0.09259259259259259,0.09433962264150944
Right,contig,HTL,PTT,3,0.3,1,1136,53,682,50,none-HSsrc,nothing,,0.4976306207425216,0.041666666666666664,0.03773584905660377
Right,contig,HTL,PTT,3,0.3,1,1136,53,682,50,none-PCA,arc segments,8.0,0.5348438126099758,0.08333333333333333,0.1509433962264151
Right,contig,HTL,PTT,3,0.3,1,1136,53,682,50,QOTu-HS4,arc labels,,0.5600533110332933,0.08235294117647059,0.2641509433962264
Right,contig,HTL,PTT,3,0.3,1,1136,53,682,50,QOTu-HSsrc,arc segments,,0.49026115437551177,0.04205607476635514,0.16981132075471697
Right,contig,HTL,PTT,3,0.3,1,1136,53,682,50,QOTu-PCA,arc segments,64.0,0.5140246345755153,0.05089820359281437,0.32075471698113206
Right,contig,HTL,PTT,3,0.3,1,1136,53,682,50,QOTc-HS4,arc labels,,0.6579470025610202,0.19444444444444445,0.39622641509433965
Right,contig,HTL,PTT,3,0.3,1,1136,53,682,50,QOTc-HSsrc,arc labels,,0.47442464154427777,0.03260869565217391,0.11320754716981132
Right,contig,HTL,PTT,3,0.3,1,1136,53,682,50,QOTc-PCA,arc labels,64.0,0.49770901932089406,0.04516129032258064,0.1320754716981132
Right,contig,HTL,PTT,3,0.3,1,1136,53,682,50,SDM-HS4,arc labels,,0.5485287200125437,0.06086956521739131,0.39622641509433965
Right,contig,HTL,PTT,3,0.3,1,1136,53,682,50,SDM-HSsrc,arc labels,,0.4206693496402376,0.017921146953405017,0.09433962264150944
Right,contig,HTL,PTT,3,0.3,1,1136,53,682,50,SDM-PCA,arc labels,64.0,0.4719855746615794,0.04296875,0.6226415094339622
Right,contig,HTL,PTT,3,0.5,1,1136,53,1112,68,NoAdapt,nothing,,0.5141901426854126,0.07272727272727272,0.07547169811320754
Right,contig,HTL,PTT,3,0.5,1,1136,53,1112,68,TargetOnly,arc labels,,0.6211954912106483,0.2542372881355932,0.2830188679245283
Right,contig,HTL,PTT,3,0.5,1,1136,53,1112,68,Source+Target,arc labels,,0.5087109531524939,0.08333333333333333,0.03773584905660377
Right,contig,HTL,PTT,3,0.5,1,1136,53,1112,68,COT,arc labels,,0.49166361783306334,0.0443213296398892,0.3018867924528302
Right,contig,HTL,PTT,3,0.5,1,1136,53,1112,68,none-HS4,arc labels,,0.5190072997787418,0.07575757575757576,0.09433962264150944
Right,contig,HTL,PTT,3,0.5,1,1136,53,1112,68,none-HSsrc,nothing,,0.4976306207425216,0.041666666666666664,0.03773584905660377
Right,contig,HTL,PTT,3,0.5,1,1136,53,1112,68,none-PCA,arc segments,32.0,0.5232756668234638,0.05172413793103448,0.4528301886792453
Right,contig,HTL,PTT,3,0.5,1,1136,53,1112,68,QOTu-HS4,arc labels,,0.5170386243662781,0.057692307692307696,0.16981132075471697
Right,contig,HTL,PTT,3,0.5,1,1136,53,1112,68,QOTu-HSsrc,arc segments,,0.4937542465896618,0.043243243243243246,0.1509433962264151
Right,contig,HTL,PTT,3,0.5,1,1136,53,1112,68,QOTu-PCA,arc segments,32.0,0.5371086604296242,0.05985915492957746,0.32075471698113206
Right,contig,HTL,PTT,3,0.5,1,1136,53,1112,68,QOTc-HS4,arc labels,,0.6929737451871985,0.30666666666666664,0.4339622641509434
Right,contig,HTL,PTT,3,0.5,1,1136,53,1112,68,QOTc-HSsrc,arc labels,,0.464006341573895,0.03070175438596491,0.1320754716981132
Right,contig,HTL,PTT,3,0.5,1,1136,53,1112,68,QOTc-PCA,arc labels,64.0,0.6209341626160735,0.19753086419753085,0.3018867924528302
Right,contig,HTL,PTT,3,0.5,1,1136,53,1112,68,SDM-HS4,arc labels,,0.6698461645673269,0.10062893081761007,0.6037735849056604
Right,contig,HTL,PTT,3,0.5,1,1136,53,1112,68,SDM-HSsrc,arc labels,,0.42825658983605985,0.02112676056338028,0.11320754716981132
Right,contig,HTL,PTT,3,0.5,1,1136,53,1112,68,SDM-PCA,arc labels,64.0,0.44607048903290997,0.040369088811995385,0.660377358490566
Right,contig,HTL,PTT,4,0.05,1,1136,51,114,10,NoAdapt,nothing,,0.51097858498238,0.06976744186046512,0.058823529411764705
Right,contig,HTL,PTT,4,0.05,1,1136,51,114,10,TargetOnly,arc labels,,0.4138700641546942,0.014492753623188406,0.0784313725490196
Right,contig,HTL,PTT,4,0.05,1,1136,51,114,10,Source+Target,arc labels,,0.4926267281105991,0.0,0.0
Right,contig,HTL,PTT,4,0.05,1,1136,51,114,10,COT,arc labels,,0.4274148369025029,0.03316749585406302,0.39215686274509803
Right,contig,HTL,PTT,4,0.05,1,1136,51,114,10,none-HS4,arc labels,,0.49899701816210357,0.043478260869565216,0.058823529411764705
Right,contig,HTL,PTT,4,0.05,1,1136,51,114,10,none-HSsrc,nothing,,0.48906659437968736,0.021739130434782608,0.0196078431372549
Right,contig,HTL,PTT,4,0.05,1,1136,51,114,10,none-PCA,arc segments,32.0,0.5305593205023945,0.0515695067264574,0.45098039215686275
Right,contig,HTL,PTT,4,0.05,1,1136,51,114,10,QOTu-HS4,arc labels,,0.49912352037589225,0.04395604395604396,0.0784313725490196
Right,contig,HTL,PTT,4,0.05,1,1136,51,114,10,QOTu-HSsrc,arc segments,,0.49254540525887774,0.03614457831325301,0.058823529411764705
Right,contig,HTL,PTT,4,0.05,1,1136,51,114,10,QOTu-PCA,arc segments,32.0,0.5311014728472034,0.05291005291005291,0.39215686274509803
Right,contig,HTL,PTT,4,0.05,1,1136,51,114,10,QOTc-HS4,arc labels,,0.49195807355200144,0.03225806451612903,0.0392156862745098
Right,contig,HTL,PTT,4,0.05,1,1136,51,114,10,QOTc-HSsrc,arc labels,,0.49933134544140234,0.043478260869565216,0.0392156862745098
Right,contig,HTL,PTT,4,0.05,1,1136,51,114,10,QOTc-PCA,arc labels,64.0,0.28761181892111687,0.018867924528301886,0.29411764705882354
Right,contig,HTL,PTT,4,0.05,1,1136,51,114,10,SDM-HS4,arc labels,,0.44784494442938466,0.016666666666666666,0.058823529411764705
Right,contig,HTL,PTT,4,0.05,1,1136,51,114,10,SDM-HSsrc,arc labels,,0.4616698292220114,0.02,0.058823529411764705
Right,contig,HTL,PTT,4,0.05,1,1136,51,114,10,SDM-PCA,arc labels,64.0,0.34626366675702536,0.02318840579710145,0.3137254901960784
Right,contig,HTL,PTT,4,0.1,1,1136,51,227,22,NoAdapt,nothing,,0.51097858498238,0.06976744186046512,0.058823529411764705
Right,contig,HTL,PTT,4,0.1,1,1136,51,227,22,TargetOnly,arc labels,,0.5626366675702539,0.35,0.13725490196078433
Right,contig,HTL,PTT,4,0.1,1,1136,51,227,22,Source+Target,arc labels,,0.4930875576036866,0.0,0.0
Right,contig,HTL,PTT,4,0.1,1,1136,51,227,22,COT,arc labels,,0.5535465799222915,0.12903225806451613,0.1568627450980392
Right,contig,HTL,PTT,4,0.1,1,1136,51,227,22,none-HS4,arc labels,,0.5348603957712117,0.10344827586206896,0.11764705882352941
Right,contig,HTL,PTT,4,0.1,1,1136,51,227,22,none-HSsrc,nothing,,0.48906659437968736,0.021739130434782608,0.0196078431372549
Right,contig,HTL,PTT,4,0.1,1,1136,51,227,22,none-PCA,arc segments,32.0,0.5305593205023945,0.0515695067264574,0.45098039215686275
Right,contig,HTL,PTT,4,0.1,1,1136,51,227,22,QOTu-HS4,arc labels,,0.4891930965934761,0.029411764705882353,0.0392156862745098
Right,contig,HTL,PTT,4,0.1,1,1136,51,227,22,QOTu-HSsrc,arc segments,,0.4897804283003524,0.033707865168539325,0.058823529411764705
Right,contig,HTL,PTT,4,0.1,1,1136,51,227,22,QOTu-PCA,arc segments,32.0,0.47580193367669643,0.040160642570281124,0.39215686274509803
Right,contig,HTL,PTT,4,0.1,1,1136,51,227,22,QOTc-HS4,arc labels,,0.6052046625101654,0.3076923076923077,0.23529411764705882
Right,contig,HTL,PTT,4,0.1,1,1136,51,227,22,QOTc-HSsrc,arc labels,,0.49702719797596456,0.0392156862745098,0.0392156862745098
Right,contig,HTL,PTT,4,0.1,1,1136,51,227,22,QOTc-PCA,arc labels,64.0,0.5908014818830758,0.07508532423208192,0.43137254901960786
Right,contig,HTL,PTT,4,0.1,1,1136,51,227,22,SDM-HS4,arc labels,,0.5355742296918767,0.07920792079207921,0.1568627450980392
Right,contig,HTL,PTT,4,0.1,1,1136,51,227,22,SDM-HSsrc,arc labels,,0.44369747899159667,0.015873015873015872,0.058823529411764705
Right,contig,HTL,PTT,4,0.1,1,1136,51,227,22,SDM-PCA,arc labels,64.0,0.48811782777627183,0.042316258351893093,0.37254901960784315
Right,contig,HTL,PTT,4,0.2,1,1136,51,454,45,NoAdapt,nothing,,0.51097858498238,0.06976744186046512,0.058823529411764705
Right,contig,HTL,PTT,4,0.2,1,1136,51,454,45,TargetOnly,arc labels,,0.7050871961687901,0.4888888888888889,0.43137254901960786
Right,contig,HTL,PTT,4,0.2,1,1136,51,454,45,Source+Target,arc labels,,0.49585253456221196,0.0,0.0
Right,contig,HTL,PTT,4,0.2,1,1136,51,454,45,COT,arc labels,,0.68455769404536,0.4444444444444444,0.39215686274509803
Right,contig,HTL,PTT,4,0.2,1,1136,51,454,45,none-HS4,arc labels,,0.5020963223999277,0.05,0.0392156862745098
Right,contig,HTL,PTT,4,0.2,1,1136,51,454,45,none-HSsrc,nothing,,0.48906659437968736,0.021739130434782608,0.0196078431372549
Right,contig,HTL,PTT,4,0.2,1,1136,51,454,45,none-PCA,arc segments,32.0,0.5305593205023945,0.0515695067264574,0.45098039215686275
Right,contig,HTL,PTT,4,0.2,1,1136,51,454,45,QOTu-HS4,arc labels,,0.5124062528237101,0.05426356589147287,0.13725490196078433
Right,contig,HTL,PTT,4,0.2,1,1136,51,454,45,QOTu-HSsrc,arc segments,,0.4664046263666757,0.024691358024691357,0.0784313725490196
Right,contig,HTL,PTT,4,0.2,1,1136,51,454,45,QOTu-PCA,arc segments,32.0,0.44723050510526796,0.03571428571428571,0.39215686274509803
Right,contig,HTL,PTT,4,0.2,1,1136,51,454,45,QOTc-HS4,arc labels,,0.7121261407788922,0.4423076923076923,0.45098039215686275
Right,contig,HTL,PTT,4,0.2,1,1136,51,454,45,QOTc-HSsrc,arc labels,,0.4475106171500859,0.019704433497536946,0.0784313725490196
Right,contig,HTL,PTT,4,0.2,1,1136,51,454,45,QOTc-PCA,arc labels,32.0,0.5673714647149182,0.25,0.1568627450980392
Right,contig,HTL,PTT,4,0.2,1,1136,51,454,45,SDM-HS4,arc labels,,0.6967922652932141,0.3492063492063492,0.43137254901960786
Right,contig,HTL,PTT,4,0.2,1,1136,51,454,45,SDM-HSsrc,arc labels,,0.4199873497786211,0.017543859649122806,0.09803921568627451
Right,contig,HTL,PTT,4,0.2,1,1136,51,454,45,SDM-PCA,arc labels,64.0,0.525652841781874,0.05263157894736842,0.3333333333333333
Right,contig,HTL,PTT,4,0.3,1,1136,51,682,52,NoAdapt,nothing,,0.51097858498238,0.06976744186046512,0.058823529411764705
Right,contig,HTL,PTT,4,0.3,1,1136,51,682,52,TargetOnly,arc labels,,0.7046263666757026,0.4782608695652174,0.43137254901960786
Right,contig,HTL,PTT,4,0.3,1,1136,51,682,52,Source+Target,arc labels,,0.4944700460829493,0.0,0.0
Right,contig,HTL,PTT,4,0.3,1,1136,51,682,52,COT,arc labels,,0.6939007861208999,0.44680851063829785,0.4117647058823529
Right,contig,HTL,PTT,4,0.3,1,1136,51,682,52,none-HS4,arc labels,,0.5105177554892925,0.06818181818181818,0.058823529411764705
Right,contig,HTL,PTT,4,0.3,1,1136,51,682,52,none-HSsrc,nothing,,0.48906659437968736,0.021739130434782608,0.0196078431372549
Right,contig,HTL,PTT,4,0.3,1,1136,51,682,52,none-PCA,arc segments,32.0,0.5295111593024306,0.051643192488262914,0.43137254901960786
Right,contig,HTL,PTT,4,0.3,1,1136,51,682,52,QOTu-HS4,arc labels,,0.5411493629709948,0.06741573033707865,0.23529411764705882
Right,contig,HTL,PTT,4,0.3,1,1136,51,682,52,QOTu-HSsrc,arc segments,,0.471853257432005,0.03225806451612903,0.13725490196078433
Right,contig,HTL,PTT,4,0.3,1,1136,51,682,52,QOTu-PCA,arc segments,32.0,0.47713924279389175,0.03940886699507389,0.3137254901960784
Right,contig,HTL,PTT,4,0.3,1,1136,51,682,52,QOTc-HS4,arc labels,,0.7027830487033524,0.44,0.43137254901960786
Right,contig,HTL,PTT,4,0.3,1,1136,51,682,52,QOTc-HSsrc,arc labels,,0.43908918406072106,0.01507537688442211,0.058823529411764705
Right,contig,HTL,PTT,4,0.3,1,1136,51,682,52,QOTc-PCA,arc labels,64.0,0.6640281919219301,0.4,0.35294117647058826
Right,contig,HTL,PTT,4,0.3,1,1136,51,682,52,SDM-HS4,arc labels,,0.7027830487033524,0.44,0.43137254901960786
Right,contig,HTL,PTT,4,0.3,1,1136,51,682,52,SDM-HSsrc,arc labels,,0.42090900876479626,0.0176678445229682,0.09803921568627451
Right,contig,HTL,PTT,4,0.3,1,1136,51,682,52,SDM-PCA,arc labels,32.0,0.5115659166892563,0.0625,0.0784313725490196
Right,contig,HTL,PTT,4,0.5,1,1136,51,1114,69,NoAdapt,nothing,,0.51097858498238,0.06976744186046512,0.058823529411764705
Right,contig,HTL,PTT,4,0.5,1,1136,51,1114,69,TargetOnly,arc labels,,0.6742929429836451,0.4222222222222222,0.37254901960784315
Right,contig,HTL,PTT,4,0.5,1,1136,51,1114,69,Source+Target,arc labels,,0.5051956266377519,0.09090909090909091,0.0196078431372549
Right,contig,HTL,PTT,4,0.5,1,1136,51,1114,69,COT,arc labels,,0.6869070208728653,0.18604651162790697,0.47058823529411764
Right,contig,HTL,PTT,4,0.5,1,1136,51,1114,69,none-HS4,arc labels,,0.5105177554892925,0.06818181818181818,0.058823529411764705
Right,contig,HTL,PTT,4,0.5,1,1136,51,1114,69,none-HSsrc,nothing,,0.48906659437968736,0.021739130434782608,0.0196078431372549
Right,contig,HTL,PTT,4,0.5,1,1136,51,1114,69,none-PCA,arc segments,32.0,0.5318153067678684,0.052256532066508314,0.43137254901960786
Right,contig,HTL,PTT,4,0.5,1,1136,51,1114,69,QOTu-HS4,arc labels,,0.519571699647601,0.056962025316455694,0.17647058823529413
Right,contig,HTL,PTT,4,0.5,1,1136,51,1114,69,QOTu-HSsrc,arc segments,,0.4884431191831572,0.03867403314917127,0.13725490196078433
Right,contig,HTL,PTT,4,0.5,1,1136,51,1114,69,QOTu-PCA,arc segments,32.0,0.516644076985633,0.050335570469798654,0.29411764705882354
Right,contig,HTL,PTT,4,0.5,1,1136,51,1114,69,QOTc-HS4,arc labels,,0.700018071744827,0.39285714285714285,0.43137254901960786
Right,contig,HTL,PTT,4,0.5,1,1136,51,1114,69,QOTc-HSsrc,arc labels,,0.4536279027740128,0.02358490566037736,0.09803921568627451
Right,contig,HTL,PTT,4,0.5,1,1136,51,1114,69,QOTc-PCA,arc labels,64.0,0.6560675883256528,0.425,0.3333333333333333
Right,contig,HTL,PTT,4,0.5,1,1136,51,1114,69,SDM-HS4,arc labels,,0.6916418180175296,0.1773049645390071,0.49019607843137253
Right,contig,HTL,PTT,4,0.5,1,1136,51,1114,69,SDM-HSsrc,arc labels,,0.4242613174301979,0.020134228187919462,0.11764705882352941
Right,contig,HTL,PTT,4,0.5,1,1136,51,1114,69,SDM-PCA,arc labels,64.0,0.6226077527785308,0.07036247334754797,0.6470588235294118
Right,contig,HTL,PTT,5,0.05,1,1136,19,114,20,NoAdapt,nothing,,0.4932855863921218,0.0,0.0
Right,contig,HTL,PTT,5,0.05,1,1136,19,114,20,TargetOnly,arc labels,,0.5200490034396645,0.06666666666666667,0.05263157894736842
Right,contig,HTL,PTT,5,0.05,1,1136,19,114,20,Source+Target,arc labels,,0.4995523724261415,0.0,0.0
Right,contig,HTL,PTT,5,0.05,1,1136,19,114,20,COT,arc labels,,0.5137822174056448,0.034482758620689655,0.05263157894736842
Right,contig,HTL,PTT,5,0.05,1,1136,19,114,20,none-HS4,arc labels,,0.4870188003581021,0.0,0.0
Right,contig,HTL,PTT,5,0.05,1,1136,19,114,20,none-HSsrc,nothing,,0.4865711727842435,0.0,0.0
Right,contig,HTL,PTT,5,0.05,1,1136,19,114,20,none-PCA,arc segments,32.0,0.5136644206756821,0.01804123711340206,0.3684210526315789
Right,contig,HTL,PTT,5,0.05,1,1136,19,114,20,QOTu-HS4,arc labels,,0.432408236347359,0.0,0.0
Right,contig,HTL,PTT,5,0.05,1,1136,19,114,20,QOTu-HSsrc,arc segments,,0.432408236347359,0.0,0.0
Right,contig,HTL,PTT,5,0.05,1,1136,19,114,20,QOTu-PCA,arc segments,64.0,0.4632474202516138,0.014705882352941176,0.5263157894736842
Right,contig,HTL,PTT,5,0.05,1,1136,19,114,20,QOTc-HS4,arc labels,,0.4995523724261415,0.0,0.0
Right,contig,HTL,PTT,5,0.05,1,1136,19,114,20,QOTc-HSsrc,arc labels,,0.6119068934646374,0.02144469525959368,1.0
Right,contig,HTL,PTT,5,0.05,1,1136,19,114,20,QOTc-PCA,arc labels,64.0,0.5034867832068982,0.019230769230769232,0.05263157894736842
Right,contig,HTL,PTT,5,0.05,1,1136,19,114,20,SDM-HS4,arc labels,,0.4986571172784244,0.0,0.0
Right,contig,HTL,PTT,5,0.05,1,1136,19,114,20,SDM-HSsrc,arc labels,,0.6244404655326768,0.022144522144522144,1.0
Right,contig,HTL,PTT,5,0.05,1,1136,19,114,20,SDM-PCA,arc labels,64.0,0.4947462658436602,0.016476552598225603,0.6842105263157895
Right,contig,HTL,PTT,5,0.1,1,1136,19,227,23,NoAdapt,nothing,,0.4932855863921218,0.0,0.0
Right,contig,HTL,PTT,5,0.1,1,1136,19,227,23,TargetOnly,arc labels,,0.4991047448522829,0.0,0.0
Right,contig,HTL,PTT,5,0.1,1,1136,19,227,23,Source+Target,arc labels,,0.5,0.0,0.0
Right,contig,HTL,PTT,5,0.1,1,1136,19,227,23,COT,arc labels,,0.5,0.0,0.0
Right,contig,HTL,PTT,5,0.1,1,1136,19,227,23,none-HS4,arc labels,,0.4870188003581021,0.0,0.0
Right,contig,HTL,PTT,5,0.1,1,1136,19,227,23,none-HSsrc,nothing,,0.4865711727842435,0.0,0.0
Right,contig,HTL,PTT,5,0.1,1,1136,19,227,23,none-PCA,arc segments,32.0,0.5082928897893795,0.0175,0.3684210526315789
Right,contig,HTL,PTT,5,0.1,1,1136,19,227,23,QOTu-HS4,arc labels,,0.44180841539838855,0.0,0.0
Right,contig,HTL,PTT,5,0.1,1,1136,19,227,23,QOTu-HSsrc,arc segments,,0.4467323187108326,0.0,0.0
Right,contig,HTL,PTT,5,0.1,1,1136,19,227,23,QOTu-PCA,arc segments,64.0,0.438816378457334,0.013008130081300813,0.42105263157894735
Right,contig,HTL,PTT,5,0.1,1,1136,19,227,23,QOTc-HS4,arc labels,,0.5,0.0,0.0
Right,contig,HTL,PTT,5,0.1,1,1136,19,227,23,QOTc-HSsrc,arc labels,,0.6119068934646374,0.02144469525959368,1.0
Right,contig,HTL,PTT,5,0.1,1,1136,19,227,23,QOTc-PCA,arc labels,64.0,0.5,0.0,0.0
Right,contig,HTL,PTT,5,0.1,1,1136,19,227,23,SDM-HS4,arc labels,,0.5,0.0,0.0
Right,contig,HTL,PTT,5,0.1,1,1136,19,227,23,SDM-HSsrc,arc labels,,0.6244404655326768,0.022144522144522144,1.0
Right,contig,HTL,PTT,5,0.1,1,1136,19,227,23,SDM-PCA,arc labels,64.0,0.5976299297931489,0.028125,0.47368421052631576
Right,contig,HTL,PTT,5,0.2,1,1136,19,454,39,NoAdapt,nothing,,0.4932855863921218,0.0,0.0
Right,contig,HTL,PTT,5,0.2,1,1136,19,454,39,TargetOnly,arc labels,,0.4995523724261415,0.0,0.0
Right,contig,HTL,PTT,5,0.2,1,1136,19,454,39,Source+Target,arc labels,,0.5,0.0,0.0
Right,contig,HTL,PTT,5,0.2,1,1136,19,454,39,COT,arc labels,,0.4964189794091316,0.0,0.0
Right,contig,HTL,PTT,5,0.2,1,1136,19,454,39,none-HS4,arc labels,,0.4932855863921218,0.0,0.0
Right,contig,HTL,PTT,5,0.2,1,1136,19,454,39,none-HSsrc,nothing,,0.4865711727842435,0.0,0.0
Right,contig,HTL,PTT,5,0.2,1,1136,19,454,39,none-PCA,arc segments,8.0,0.4803043867502238,0.0,0.0
Right,contig,HTL,PTT,5,0.2,1,1136,19,454,39,QOTu-HS4,arc labels,,0.43643688451208595,0.0,0.0
Right,contig,HTL,PTT,5,0.2,1,1136,19,454,39,QOTu-HSsrc,arc segments,,0.423455684870188,0.0,0.0
Right,contig,HTL,PTT,5,0.2,1,1136,19,454,39,QOTu-PCA,arc segments,4.0,0.43464637421665175,0.0,0.0
Right,contig,HTL,PTT,5,0.2,1,1136,19,454,39,QOTc-HS4,arc labels,,0.4995523724261415,0.0,0.0
Right,contig,HTL,PTT,5,0.2,1,1136,19,454,39,QOTc-HSsrc,arc labels,,0.4288272157564906,0.0,0.0
Right,contig,HTL,PTT,5,0.2,1,1136,19,454,39,QOTc-PCA,arc labels,32.0,0.4982094897045658,0.0,0.0
Right,contig,HTL,PTT,5,0.2,1,1136,19,454,39,SDM-HS4,arc labels,,0.4991047448522829,0.0,0.0
Right,contig,HTL,PTT,5,0.2,1,1136,19,454,39,SDM-HSsrc,arc labels,,0.38764547896150403,0.0,0.0
Right,contig,HTL,PTT,5,0.2,1,1136,19,454,39,SDM-PCA,arc labels,64.0,0.5458936059934976,0.022151898734177215,0.3684210526315789
Right,contig,HTL,PTT,5,0.3,1,1136,19,682,48,NoAdapt,nothing,,0.4932855863921218,0.0,0.0
Right,contig,HTL,PTT,5,0.3,1,1136,19,682,48,TargetOnly,arc labels,,0.4995523724261415,0.0,0.0
Right,contig,HTL,PTT,5,0.3,1,1136,19,682,48,Source+Target,arc labels,,0.5,0.0,0.0
Right,contig,HTL,PTT,5,0.3,1,1136,19,682,48,COT,arc labels,,0.4928379588182632,0.0,0.0
Right,contig,HTL,PTT,5,0.3,1,1136,19,682,48,none-HS4,arc labels,,0.4932855863921218,0.0,0.0
Right,contig,HTL,PTT,5,0.3,1,1136,19,682,48,none-HSsrc,nothing,,0.4865711727842435,0.0,0.0
Right,contig,HTL,PTT,5,0.3,1,1136,19,682,48,none-PCA,arc segments,8.0,0.4803043867502238,0.0,0.0
Right,contig,HTL,PTT,5,0.3,1,1136,19,682,48,QOTu-HS4,arc labels,,0.44091316025067145,0.0,0.0
Right,contig,HTL,PTT,5,0.3,1,1136,19,682,48,QOTu-HSsrc,arc segments,,0.4368845120859445,0.0,0.0
Right,contig,HTL,PTT,5,0.3,1,1136,19,682,48,QOTu-PCA,arc segments,4.0,0.39570277529095793,0.0,0.0
Right,contig,HTL,PTT,5,0.3,1,1136,19,682,48,QOTc-HS4,arc labels,,0.4986571172784244,0.0,0.0
Right,contig,HTL,PTT,5,0.3,1,1136,19,682,48,QOTc-HSsrc,arc labels,,0.43733213965980305,0.0,0.0
Right,contig,HTL,PTT,5,0.3,1,1136,19,682,48,QOTc-PCA,arc labels,32.0,0.4803043867502238,0.0,0.0
Right,contig,HTL,PTT,5,0.3,1,1136,19,682,48,SDM-HS4,arc labels,,0.4964189794091316,0.0,0.0
Right,contig,HTL,PTT,5,0.3,1,1136,19,682,48,SDM-HSsrc,arc labels,,0.39704565801253355,0.0,0.0
Right,contig,HTL,PTT,5,0.3,1,1136,19,682,48,SDM-PCA,arc labels,64.0,0.562455826226264,0.025089605734767026,0.3684210526315789
Right,contig,HTL,PTT,5,0.5,1,1136,19,1112,99,NoAdapt,nothing,,0.4932855863921218,0.0,0.0
Right,contig,HTL,PTT,5,0.5,1,1136,19,1112,99,TargetOnly,arc labels,,0.4968666069829902,0.0,0.0
Right,contig,HTL,PTT,5,0.5,1,1136,19,1112,99,Source+Target,arc labels,,0.5,0.0,0.0
Right,contig,HTL,PTT,5,0.5,1,1136,19,1112,99,COT,arc labels,,0.4847806624888093,0.0,0.0
Right,contig,HTL,PTT,5,0.5,1,1136,19,1112,99,none-HS4,arc labels,,0.491047448522829,0.0,0.0
Right,contig,HTL,PTT,5,0.5,1,1136,19,1112,99,none-HSsrc,nothing,,0.4865711727842435,0.0,0.0
Right,contig,HTL,PTT,5,0.5,1,1136,19,1112,99,none-PCA,arc segments,8.0,0.4803043867502238,0.0,0.0
Right,contig,HTL,PTT,5,0.5,1,1136,19,1112,99,QOTu-HS4,arc labels,,0.44538943598925695,0.0,0.0
Right,contig,HTL,PTT,5,0.5,1,1136,19,1112,99,QOTu-HSsrc,arc segments,,0.4458370635631155,0.0,0.0
Right,contig,HTL,PTT,5,0.5,1,1136,19,1112,99,QOTu-PCA,arc segments,8.0,0.4422560429722471,0.0,0.0
Right,contig,HTL,PTT,5,0.5,1,1136,19,1112,99,QOTc-HS4,arc labels,,0.4968666069829902,0.0,0.0
Right,contig,HTL,PTT,5,0.5,1,1136,19,1112,99,QOTc-HSsrc,arc labels,,0.4279319606087735,0.0,0.0
Right,contig,HTL,PTT,5,0.5,1,1136,19,1112,99,QOTc-PCA,arc labels,64.0,0.45782877067332606,0.006493506493506494,0.05263157894736842
Right,contig,HTL,PTT,5,0.5,1,1136,19,1112,99,SDM-HS4,arc labels,,0.497667624746737,0.015384615384615385,0.05263157894736842
Right,contig,HTL,PTT,5,0.5,1,1136,19,1112,99,SDM-HSsrc,arc labels,,0.3902370070206851,0.003278688524590164,0.05263157894736842
Right,contig,HTL,PTT,5,0.5,1,1136,19,1112,99,SDM-PCA,arc labels,64.0,0.5250907034820713,0.01792573623559539,0.7368421052631579
Right,contig,HTL,PTT,6,0.05,0,1136,36,114,0,NoAdapt,nothing,,0.7582828282828282,0.1746031746031746,0.6111111111111112
Right,contig,HTL,PTT,6,0.05,0,1136,36,114,0,TargetOnly,arc labels,,,,
Right,contig,HTL,PTT,6,0.05,0,1136,36,114,0,Source+Target,arc labels,,,,
Right,contig,HTL,PTT,6,0.05,0,1136,36,114,0,COT,arc labels,,,,
Right,contig,HTL,PTT,6,0.05,0,1136,36,114,0,none-HS4,arc labels,,,,
Right,contig,HTL,PTT,6,0.05,0,1136,36,114,0,none-HSsrc,nothing,,0.6535353535353535,0.1346153846153846,0.3888888888888889
Right,contig,HTL,PTT,6,0.05,0,1136,36,114,0,none-PCA,arc segments,8.0,0.7423737373737374,0.13664596273291926,0.6111111111111112
Right,contig,HTL,PTT,6,0.05,0,1136,36,114,0,QOTu-HS4,arc labels,,,,
Right,contig,HTL,PTT,6,0.05,0,1136,36,114,0,QOTu-HSsrc,arc segments,,0.6522222222222223,0.05506607929515418,0.6944444444444444
Right,contig,HTL,PTT,6,0.05,0,1136,36,114,0,QOTu-PCA,arc segments,8.0,0.6335858585858586,0.050505050505050504,0.6944444444444444
Right,contig,HTL,PTT,6,0.05,0,1136,36,114,0,QOTc-HS4,arc labels,,,,
Right,contig,HTL,PTT,6,0.05,0,1136,36,114,0,QOTc-HSsrc,arc labels,,,,
Right,contig,HTL,PTT,6,0.05,0,1136,36,114,0,QOTc-PCA,arc labels,,,,
Right,contig,HTL,PTT,6,0.05,0,1136,36,114,0,SDM-HS4,arc labels,,,,
Right,contig,HTL,PTT,6,0.05,0,1136,36,114,0,SDM-HSsrc,arc labels,,,,
Right,contig,HTL,PTT,6,0.05,0,1136,36,114,0,SDM-PCA,arc labels,,,,
Right,contig,HTL,PTT,6,0.1,1,1136,36,227,12,NoAdapt,nothing,,0.7582828282828282,0.1746031746031746,0.6111111111111112
Right,contig,HTL,PTT,6,0.1,1,1136,36,227,12,TargetOnly,arc labels,,0.49772727272727274,0.0,0.0
Right,contig,HTL,PTT,6,0.1,1,1136,36,227,12,Source+Target,arc labels,,0.7213636363636364,0.2222222222222222,0.5
Right,contig,HTL,PTT,6,0.1,1,1136,36,227,12,COT,arc labels,,0.4954545454545455,0.0,0.0
Right,contig,HTL,PTT,6,0.1,1,1136,36,227,12,none-HS4,arc labels,,0.7093434343434344,0.1366906474820144,0.5277777777777778
Right,contig,HTL,PTT,6,0.1,1,1136,36,227,12,none-HSsrc,nothing,,0.6535353535353535,0.1346153846153846,0.3888888888888889
Right,contig,HTL,PTT,6,0.1,1,1136,36,227,12,none-PCA,arc segments,8.0,0.7414646464646465,0.13496932515337423,0.6111111111111112
Right,contig,HTL,PTT,6,0.1,1,1136,36,227,12,QOTu-HS4,arc labels,,0.6315151515151515,0.05128205128205128,0.6666666666666666
Right,contig,HTL,PTT,6,0.1,1,1136,36,227,12,QOTu-HSsrc,arc segments,,0.6522222222222223,0.05506607929515418,0.6944444444444444
Right,contig,HTL,PTT,6,0.1,1,1136,36,227,12,QOTu-PCA,arc segments,8.0,0.6754040404040405,0.062034739454094295,0.6944444444444444
Right,contig,HTL,PTT,6,0.1,1,1136,36,227,12,QOTc-HS4,arc labels,,0.5257575757575758,0.07894736842105263,0.08333333333333333
Right,contig,HTL,PTT,6,0.1,1,1136,36,227,12,QOTc-HSsrc,arc labels,,0.45065656565656564,0.0221606648199446,0.2222222222222222
Right,contig,HTL,PTT,6,0.1,1,1136,36,227,12,QOTc-PCA,arc labels,32.0,0.49636363636363634,0.0,0.0
Right,contig,HTL,PTT,6,0.1,1,1136,36,227,12,SDM-HS4,arc labels,,0.5014141414141414,0.03333333333333333,0.05555555555555555
Right,contig,HTL,PTT,6,0.1,1,1136,36,227,12,SDM-HSsrc,arc labels,,0.43702020202020203,0.020460358056265986,0.2222222222222222
Right,contig,HTL,PTT,6,0.1,1,1136,36,227,12,SDM-PCA,arc labels,8.0,0.4968181818181818,0.0,0.0
Right,contig,HTL,PTT,6,0.2,1,1136,36,454,24,NoAdapt,nothing,,0.7582828282828282,0.1746031746031746,0.6111111111111112
Right,contig,HTL,PTT,6,0.2,1,1136,36,454,24,TargetOnly,arc labels,,0.7364141414141414,0.18018018018018017,0.5555555555555556
Right,contig,HTL,PTT,6,0.2,1,1136,36,454,24,Source+Target,arc labels,,0.7088383838383838,0.22077922077922077,0.4722222222222222
Right,contig,HTL,PTT,6,0.2,1,1136,36,454,24,COT,arc labels,,0.7708080808080808,0.17692307692307693,0.6388888888888888
Right,contig,HTL,PTT,6,0.2,1,1136,36,454,24,none-HS4,arc labels,,0.7366666666666667,0.14788732394366197,0.5833333333333334
Right,contig,HTL,PTT,6,0.2,1,1136,36,454,24,none-HSsrc,nothing,,0.6535353535353535,0.1346153846153846,0.3888888888888889
Right,contig,HTL,PTT,6,0.2,1,1136,36,454,24,none-PCA,arc segments,4.0,0.7617171717171717,0.15333333333333332,0.6388888888888888
Right,contig,HTL,PTT,6,0.2,1,1136,36,454,24,QOTu-HS4,arc labels,,0.6783333333333332,0.06575342465753424,0.6666666666666666
Right,contig,HTL,PTT,6,0.2,1,1136,36,454,24,QOTu-HSsrc,arc segments,,0.6887878787878787,0.07017543859649122,0.6666666666666666
Right,contig,HTL,PTT,6,0.2,1,1136,36,454,24,QOTu-PCA,arc segments,16.0,0.6394444444444445,0.05489260143198091,0.6388888888888888
Right,contig,HTL,PTT,6,0.2,1,1136,36,454,24,QOTc-HS4,arc labels,,0.6997474747474748,0.17525773195876287,0.4722222222222222
Right,contig,HTL,PTT,6,0.2,1,1136,36,454,24,QOTc-HSsrc,arc labels,,0.3595959595959596,0.01676829268292683,0.3055555555555556
Right,contig,HTL,PTT,6,0.2,1,1136,36,454,24,QOTc-PCA,arc labels,64.0,0.5251010101010101,0.056338028169014086,0.1111111111111111
Right,contig,HTL,PTT,6,0.2,1,1136,36,454,24,SDM-HS4,arc labels,,0.6728787878787879,0.16129032258064516,0.4166666666666667
Right,contig,HTL,PTT,6,0.2,1,1136,36,454,24,SDM-HSsrc,arc labels,,0.3636868686868687,0.017001545595054096,0.3055555555555556
Right,contig,HTL,PTT,6,0.2,1,1136,36,454,24,SDM-PCA,arc labels,32.0,0.5590909090909091,0.05844155844155844,0.25
Right,contig,HTL,PTT,6,0.3,1,1136,36,682,38,NoAdapt,nothing,,0.7582828282828282,0.1746031746031746,0.6111111111111112
Right,contig,HTL,PTT,6,0.3,1,1136,36,682,38,TargetOnly,arc labels,,0.7585353535353535,0.1464968152866242,0.6388888888888888
Right,contig,HTL,PTT,6,0.3,1,1136,36,682,38,Source+Target,arc labels,,0.7163636363636363,0.1956521739130435,0.5
Right,contig,HTL,PTT,6,0.3,1,1136,36,682,38,COT,arc labels,,0.7503535353535353,0.13142857142857142,0.6388888888888888
Right,contig,HTL,PTT,6,0.3,1,1136,36,682,38,none-HS4,arc labels,,0.7179797979797979,0.15833333333333333,0.5277777777777778
Right,contig,HTL,PTT,6,0.3,1,1136,36,682,38,none-HSsrc,nothing,,0.6535353535353535,0.1346153846153846,0.3888888888888889
Right,contig,HTL,PTT,6,0.3,1,1136,36,682,38,none-PCA,arc segments,4.0,0.7341919191919193,0.12290502793296089,0.6111111111111112
Right,contig,HTL,PTT,6,0.3,1,1136,36,682,38,QOTu-HS4,arc labels,,0.6801515151515152,0.0664819944598338,0.6666666666666666
Right,contig,HTL,PTT,6,0.3,1,1136,36,682,38,QOTu-HSsrc,arc segments,,0.6919696969696969,0.07164179104477612,0.6666666666666666
Right,contig,HTL,PTT,6,0.3,1,1136,36,682,38,QOTu-PCA,arc segments,16.0,0.6262626262626263,0.05133928571428571,0.6388888888888888
Right,contig,HTL,PTT,6,0.3,1,1136,36,682,38,QOTc-HS4,arc labels,,0.7111616161616161,0.14074074074074075,0.5277777777777778
Right,contig,HTL,PTT,6,0.3,1,1136,36,682,38,QOTc-HSsrc,arc labels,,0.6292424242424242,0.0507399577167019,0.6666666666666666
Right,contig,HTL,PTT,6,0.3,1,1136,36,682,38,QOTc-PCA,arc labels,64.0,0.5237878787878788,0.043795620437956206,0.16666666666666666
Right,contig,HTL,PTT,6,0.3,1,1136,36,682,38,SDM-HS4,arc labels,,0.6694949494949495,0.12121212121212122,0.4444444444444444
Right,contig,HTL,PTT,6,0.3,1,1136,36,682,38,SDM-HSsrc,arc labels,,0.5363131313131313,0.03764705882352941,0.4444444444444444
Right,contig,HTL,PTT,6,0.3,1,1136,36,682,38,SDM-PCA,arc labels,32.0,0.5538383838383838,0.05970149253731343,0.2222222222222222
Right,contig,HTL,PTT,6,0.5,1,1136,36,1112,81,NoAdapt,nothing,,0.7582828282828282,0.1746031746031746,0.6111111111111112
Right,contig,HTL,PTT,6,0.5,1,1136,36,1112,81,TargetOnly,arc labels,,0.643080808080808,0.11023622047244094,0.3888888888888889
Right,contig,HTL,PTT,6,0.5,1,1136,36,1112,81,Source+Target,arc labels,,0.7252525252525253,0.18269230769230768,0.5277777777777778
Right,contig,HTL,PTT,6,0.5,1,1136,36,1112,81,COT,arc labels,,0.7505555555555556,0.15384615384615385,0.6111111111111112
Right,contig,HTL,PTT,6,0.5,1,1136,36,1112,81,none-HS4,arc labels,,0.7107070707070707,0.13970588235294118,0.5277777777777778
Right,contig,HTL,PTT,6,0.5,1,1136,36,1112,81,none-HSsrc,nothing,,0.6535353535353535,0.1346153846153846,0.3888888888888889
Right,contig,HTL,PTT,6,0.5,1,1136,36,1112,81,none-PCA,arc segments,16.0,0.7394444444444443,0.11557788944723618,0.6388888888888888
Right,contig,HTL,PTT,6,0.5,1,1136,36,1112,81,QOTu-HS4,arc labels,,0.6542424242424243,0.05741626794258373,0.6666666666666666
Right,contig,HTL,PTT,6,0.5,1,1136,36,1112,81,QOTu-HSsrc,arc segments,,0.6837878787878788,0.0679886685552408,0.6666666666666666
Right,contig,HTL,PTT,6,0.5,1,1136,36,1112,81,QOTu-PCA,arc segments,16.0,0.6108080808080808,0.04771784232365145,0.6388888888888888
Right,contig,HTL,PTT,6,0.5,1,1136,36,1112,81,QOTc-HS4,arc labels,,0.5633838383838383,0.07079646017699115,0.2222222222222222
Right,contig,HTL,PTT,6,0.5,1,1136,36,1112,81,QOTc-HSsrc,arc labels,,0.5146969696969697,0.034013605442176874,0.4166666666666667
Right,contig,HTL,PTT,6,0.5,1,1136,36,1112,81,QOTc-PCA,arc labels,64.0,0.4431818181818182,0.0,0.0
Right,contig,HTL,PTT,6,0.5,1,1136,36,1112,81,SDM-HS4,arc labels,,0.5809595959595959,0.0650887573964497,0.3055555555555556
Right,contig,HTL,PTT,6,0.5,1,1136,36,1112,81,SDM-HSsrc,arc labels,,0.49969696969696975,0.03164556962025317,0.4166666666666667
Right,contig,HTL,PTT,6,0.5,1,1136,36,1112,81,SDM-PCA,arc labels,64.0,0.5336868686868688,0.03590664272890485,0.5555555555555556
Right,contig,HTL,PTT,7,0.05,1,1136,41,114,3,NoAdapt,nothing,,0.7852210713887962,0.12213740458015267,0.7804878048780488
Right,contig,HTL,PTT,7,0.05,1,1136,41,114,3,TargetOnly,arc labels,,0.5553959238222519,0.049689440993788817,0.3902439024390244
Right,contig,HTL,PTT,7,0.05,1,1136,41,114,3,Source+Target,arc labels,,0.7496825927163382,0.1222707423580786,0.6829268292682927
Right,contig,HTL,PTT,7,0.05,1,1136,41,114,3,COT,arc labels,,0.4284664216505179,0.03081232492997199,0.8048780487804879
Right,contig,HTL,PTT,7,0.05,1,1136,41,114,3,none-HS4,arc labels,,0.7327876155473884,0.10526315789473684,0.6829268292682927
Right,contig,HTL,PTT,7,0.05,1,1136,41,114,3,none-HSsrc,nothing,,0.6684263280988975,0.09859154929577464,0.5121951219512195
Right,contig,HTL,PTT,7,0.05,1,1136,41,114,3,none-PCA,arc segments,4.0,0.7690500055685489,0.12396694214876033,0.7317073170731707
Right,contig,HTL,PTT,7,0.05,1,1136,41,114,3,QOTu-HS4,arc labels,,0.6735939414188663,0.05736434108527132,0.9024390243902439
Right,contig,HTL,PTT,7,0.05,1,1136,41,114,3,QOTu-HSsrc,arc segments,,0.688205813564985,0.06035889070146819,0.9024390243902439
Right,contig,HTL,PTT,7,0.05,1,1136,41,114,3,QOTu-PCA,arc segments,16.0,0.659383004788952,0.05733558178752108,0.8292682926829268
Right,contig,HTL,PTT,7,0.05,1,1136,41,114,3,QOTc-HS4,arc labels,,0.5668114489364071,0.05387205387205387,0.3902439024390244
Right,contig,HTL,PTT,7,0.05,1,1136,41,114,3,QOTc-HSsrc,arc labels,,0.6685711103686379,0.056402439024390245,0.9024390243902439
Right,contig,HTL,PTT,7,0.05,1,1136,41,114,3,QOTc-PCA,arc labels,64.0,0.48904109589041095,0.0,0.0
Right,contig,HTL,PTT,7,0.05,1,1136,41,114,3,SDM-HS4,arc labels,,0.7003675242231875,0.0830860534124629,0.6829268292682927
Right,contig,HTL,PTT,7,0.05,1,1136,41,114,3,SDM-HSsrc,arc labels,,0.6746408286000668,0.05853658536585366,0.8780487804878049
Right,contig,HTL,PTT,7,0.05,1,1136,41,114,3,SDM-PCA,arc labels,16.0,0.42680699409733824,0.005319148936170213,0.024390243902439025
Right,contig,HTL,PTT,7,0.1,1,1136,41,227,4,NoAdapt,nothing,,0.7852210713887962,0.12213740458015267,0.7804878048780488
Right,contig,HTL,PTT,7,0.1,1,1136,41,227,4,TargetOnly,arc labels,,0.45882614990533466,0.01990049751243781,0.0975609756097561
Right,contig,HTL,PTT,7,0.1,1,1136,41,227,4,Source+Target,arc labels,,0.744793406838178,0.12735849056603774,0.6585365853658537
Right,contig,HTL,PTT,7,0.1,1,1136,41,227,4,COT,arc labels,,0.24284441474551732,0.005934718100890208,0.0975609756097561
Right,contig,HTL,PTT,7,0.1,1,1136,41,227,4,none-HS4,arc labels,,0.7449827374986078,0.10861423220973783,0.7073170731707317
Right,contig,HTL,PTT,7,0.1,1,1136,41,227,4,none-HSsrc,nothing,,0.6684263280988975,0.09859154929577464,0.5121951219512195
Right,contig,HTL,PTT,7,0.1,1,1136,41,227,4,none-PCA,arc segments,4.0,0.680621450050117,0.102803738317757,0.5365853658536586
Right,contig,HTL,PTT,7,0.1,1,1136,41,227,4,QOTu-HS4,arc labels,,0.7064706537476334,0.06457242582897033,0.9024390243902439
Right,contig,HTL,PTT,7,0.1,1,1136,41,227,4,QOTu-HSsrc,arc segments,,0.6851431117050897,0.060810810810810814,0.8780487804878049
Right,contig,HTL,PTT,7,0.1,1,1136,41,227,4,QOTu-PCA,arc segments,64.0,0.7005345806882727,0.06313993174061433,0.9024390243902439
Right,contig,HTL,PTT,7,0.1,1,1136,41,227,4,QOTc-HS4,arc labels,,0.4787058692504733,0.030405405405405407,0.21951219512195122
Right,contig,HTL,PTT,7,0.1,1,1136,41,227,4,QOTc-HSsrc,arc labels,,0.7042655084085088,0.07066381156316917,0.8048780487804879
Right,contig,HTL,PTT,7,0.1,1,1136,41,227,4,QOTc-PCA,arc labels,32.0,0.5116048557745851,0.06666666666666667,0.04878048780487805
Right,contig,HTL,PTT,7,0.1,1,1136,41,227,4,SDM-HS4,arc labels,,0.4128410736162156,0.010948905109489052,0.07317073170731707
Right,contig,HTL,PTT,7,0.1,1,1136,41,227,4,SDM-HSsrc,arc labels,,0.6143334447043101,0.05531914893617021,0.6341463414634146
Right,contig,HTL,PTT,7,0.1,1,1136,41,227,4,SDM-PCA,arc labels,16.0,0.5023944759995544,0.037267080745341616,0.14634146341463414
Right,contig,HTL,PTT,7,0.2,1,1136,41,454,40,NoAdapt,nothing,,0.7852210713887962,0.12213740458015267,0.7804878048780488
Right,contig,HTL,PTT,7,0.2,1,1136,41,454,40,TargetOnly,arc labels,,0.7872368860674908,0.10862619808306709,0.8292682926829268
Right,contig,HTL,PTT,7,0.2,1,1136,41,454,40,Source+Target,arc labels,,0.7481790845305714,0.11153846153846154,0.7073170731707317
Right,contig,HTL,PTT,7,0.2,1,1136,41,454,40,COT,arc labels,,0.7800645951664996,0.10963455149501661,0.8048780487804879
Right,contig,HTL,PTT,7,0.2,1,1136,41,454,40,none-HS4,arc labels,,0.7445261164940417,0.10820895522388059,0.7073170731707317
Right,contig,HTL,PTT,7,0.2,1,1136,41,454,40,none-HSsrc,nothing,,0.6684263280988975,0.09859154929577464,0.5121951219512195
Right,contig,HTL,PTT,7,0.2,1,1136,41,454,40,none-PCA,arc segments,4.0,0.7198685822474663,0.09006211180124224,0.7073170731707317
Right,contig,HTL,PTT,7,0.2,1,1136,41,454,40,QOTu-HS4,arc labels,,0.7285221071388797,0.07243460764587525,0.8780487804878049
Right,contig,HTL,PTT,7,0.2,1,1136,41,454,40,QOTu-HSsrc,arc segments,,0.7203029290566878,0.06990291262135923,0.8780487804878049
Right,contig,HTL,PTT,7,0.2,1,1136,41,454,40,QOTu-PCA,arc segments,64.0,0.7408508742621673,0.07659574468085106,0.8780487804878049
Right,contig,HTL,PTT,7,0.2,1,1136,41,454,40,QOTc-HS4,arc labels,,0.8017151130415414,0.11326860841423948,0.8536585365853658
Right,contig,HTL,PTT,7,0.2,1,1136,41,454,40,QOTc-HSsrc,arc labels,,0.3308386234547277,0.009823182711198428,0.12195121951219512
Right,contig,HTL,PTT,7,0.2,1,1136,41,454,40,QOTc-PCA,arc labels,32.0,0.5908230315179864,0.07407407407407407,0.34146341463414637
Right,contig,HTL,PTT,7,0.2,1,1136,41,454,40,SDM-HS4,arc labels,,0.7904332330994542,0.1111111111111111,0.8292682926829268
Right,contig,HTL,PTT,7,0.2,1,1136,41,454,40,SDM-HSsrc,arc labels,,0.39845194342354384,0.023510971786833857,0.36585365853658536
Right,contig,HTL,PTT,7,0.2,1,1136,41,454,40,SDM-PCA,arc labels,64.0,0.648424100679363,0.055105348460291734,0.8292682926829268
Right,contig,HTL,PTT,7,0.3,1,1136,41,682,54,NoAdapt,nothing,,0.7852210713887962,0.12213740458015267,0.7804878048780488
Right,contig,HTL,PTT,7,0.3,1,1136,41,682,54,TargetOnly,arc labels,,0.7998886290232765,0.11182108626198083,0.8536585365853658
Right,contig,HTL,PTT,7,0.3,1,1136,41,682,54,Source+Target,arc labels,,0.7648067713553848,0.1111111111111111,0.7560975609756098
Right,contig,HTL,PTT,7,0.3,1,1136,41,682,54,COT,arc labels,,0.7765452723020381,0.11387900355871886,0.7804878048780488
Right,contig,HTL,PTT,7,0.3,1,1136,41,682,54,none-HS4,arc labels,,0.745439358503174,0.10902255639097744,0.7073170731707317
Right,contig,HTL,PTT,7,0.3,1,1136,41,682,54,none-HSsrc,nothing,,0.6684263280988975,0.09859154929577464,0.5121951219512195
Right,contig,HTL,PTT,7,0.3,1,1136,41,682,54,none-PCA,arc segments,4.0,0.7189553402383339,0.08950617283950617,0.7073170731707317
Right,contig,HTL,PTT,7,0.3,1,1136,41,682,54,QOTu-HS4,arc labels,,0.699164717674574,0.06281833616298811,0.9024390243902439
Right,contig,HTL,PTT,7,0.3,1,1136,41,682,54,QOTu-HSsrc,arc segments,,0.6868359505512863,0.060064935064935064,0.9024390243902439
Right,contig,HTL,PTT,7,0.3,1,1136,41,682,54,QOTu-PCA,arc segments,4.0,0.6481568103352267,0.05349182763744428,0.8780487804878049
Right,contig,HTL,PTT,7,0.3,1,1136,41,682,54,QOTc-HS4,arc labels,,0.7750417641162713,0.10576923076923077,0.8048780487804879
Right,contig,HTL,PTT,7,0.3,1,1136,41,682,54,QOTc-HSsrc,arc labels,,0.3990978950885399,0.024566473988439308,0.4146341463414634
Right,contig,HTL,PTT,7,0.3,1,1136,41,682,54,QOTc-PCA,arc labels,32.0,0.55880387570999,0.0625,0.2682926829268293
Right,contig,HTL,PTT,7,0.3,1,1136,41,682,54,SDM-HS4,arc labels,,0.7971489029958793,0.109717868338558,0.8536585365853658
Right,contig,HTL,PTT,7,0.3,1,1136,41,682,54,SDM-HSsrc,arc labels,,0.440839737164495,0.028963414634146343,0.4634146341463415
Right,contig,HTL,PTT,7,0.3,1,1136,41,682,54,SDM-PCA,arc labels,64.0,0.5959906448379553,0.04830917874396135,0.7317073170731707
Right,contig,HTL,PTT,7,0.5,1,1136,41,1124,80,NoAdapt,nothing,,0.7852210713887962,0.12213740458015267,0.7804878048780488
Right,contig,HTL,PTT,7,0.5,1,1136,41,1124,80,TargetOnly,arc labels,,0.7884731039091213,0.10355029585798817,0.8536585365853658
Right,contig,HTL,PTT,7,0.5,1,1136,41,1124,80,Source+Target,arc labels,,0.8062813230872035,0.11705685618729098,0.8536585365853658
Right,contig,HTL,PTT,7,0.5,1,1136,41,1124,80,COT,arc labels,,0.756587593273193,0.10437710437710437,0.7560975609756098
Right,contig,HTL,PTT,7,0.5,1,1136,41,1124,80,none-HS4,arc labels,,0.7458959795077402,0.10943396226415095,0.7073170731707317
Right,contig,HTL,PTT,7,0.5,1,1136,41,1124,80,none-HSsrc,nothing,,0.6684263280988975,0.09859154929577464,0.5121951219512195
Right,contig,HTL,PTT,7,0.5,1,1136,41,1124,80,none-PCA,arc segments,4.0,0.7253480343022608,0.0935483870967742,0.7073170731707317
Right,contig,HTL,PTT,7,0.5,1,1136,41,1124,80,QOTu-HS4,arc labels,,0.6174295578572224,0.048177083333333336,0.9024390243902439
Right,contig,HTL,PTT,7,0.5,1,1136,41,1124,80,QOTu-HSsrc,arc segments,,0.6119501058024279,0.047435897435897434,0.9024390243902439
Right,contig,HTL,PTT,7,0.5,1,1136,41,1124,80,QOTu-PCA,arc segments,4.0,0.6072502505846976,0.04645476772616137,0.926829268292683
Right,contig,HTL,PTT,7,0.5,1,1136,41,1124,80,QOTc-HS4,arc labels,,0.7939525559639158,0.10736196319018405,0.8536585365853658
Right,contig,HTL,PTT,7,0.5,1,1136,41,1124,80,QOTc-HSsrc,arc labels,,0.599164717674574,0.04579207920792079,0.9024390243902439
Right,contig,HTL,PTT,7,0.5,1,1136,41,1124,80,QOTc-PCA,arc labels,32.0,0.45654304488250363,0.019417475728155338,0.0975609756097561
Right,contig,HTL,PTT,7,0.5,1,1136,41,1124,80,SDM-HS4,arc labels,,0.7681924490477782,0.10091743119266056,0.8048780487804879
Right,contig,HTL,PTT,7,0.5,1,1136,41,1124,80,SDM-HSsrc,arc labels,,0.6242231874373538,0.050746268656716415,0.8292682926829268
Right,contig,HTL,PTT,7,0.5,1,1136,41,1124,80,SDM-PCA,arc labels,64.0,0.4289453168504288,0.02968036529680365,0.6341463414634146
Right,contig,HTL,RTT,0,0.05,0,2129,47,213,0,NoAdapt,nothing,,0.8083420197436998,0.4,0.6382978723404256
Right,contig,HTL,RTT,0,0.05,0,2129,47,213,0,TargetOnly,arc labels,,,,
Right,contig,HTL,RTT,0,0.05,0,2129,47,213,0,Source+Target,arc labels,,,,
Right,contig,HTL,RTT,0,0.05,0,2129,47,213,0,COT,arc labels,,,,
Right,contig,HTL,RTT,0,0.05,0,2129,47,213,0,none-HS4,arc labels,,,,
Right,contig,HTL,RTT,0,0.05,0,2129,47,213,0,none-HSsrc,nothing,,0.8112238641241033,0.47619047619047616,0.6382978723404256
Right,contig,HTL,RTT,0,0.05,0,2129,47,213,0,none-PCA,arc segments,32.0,0.7705612443027368,0.0609375,0.8297872340425532
Right,contig,HTL,RTT,0,0.05,0,2129,47,213,0,QOTu-HS4,arc labels,,,,
Right,contig,HTL,RTT,0,0.05,0,2129,47,213,0,QOTu-HSsrc,arc segments,,0.5559558117195005,0.024789029535864978,1.0
Right,contig,HTL,RTT,0,0.05,0,2129,47,213,0,QOTu-PCA,arc segments,32.0,0.574447646493756,0.02583837273227048,1.0
Right,contig,HTL,RTT,0,0.05,0,2129,47,213,0,QOTc-HS4,arc labels,,,,
Right,contig,HTL,RTT,0,0.05,0,2129,47,213,0,QOTc-HSsrc,arc labels,,,,
Right,contig,HTL,RTT,0,0.05,0,2129,47,213,0,QOTc-PCA,arc labels,,,,
Right,contig,HTL,RTT,0,0.05,0,2129,47,213,0,SDM-HS4,arc labels,,,,
Right,contig,HTL,RTT,0,0.05,0,2129,47,213,0,SDM-HSsrc,arc labels,,,,
Right,contig,HTL,RTT,0,0.05,0,2129,47,213,0,SDM-PCA,arc labels,,,,
Right,contig,HTL,RTT,0,0.1,0,2129,47,426,1,NoAdapt,nothing,,0.8083420197436998,0.4,0.6382978723404256
Right,contig,HTL,RTT,0,0.1,0,2129,47,426,1,TargetOnly,arc labels,,,,
Right,contig,HTL,RTT,0,0.1,0,2129,47,426,1,Source+Target,arc labels,,,,
Right,contig,HTL,RTT,0,0.1,0,2129,47,426,1,COT,arc labels,,,,
Right,contig,HTL,RTT,0,0.1,0,2129,47,426,1,none-HS4,arc labels,,,,
Right,contig,HTL,RTT,0,0.1,0,2129,47,426,1,none-HSsrc,nothing,,0.8112238641241033,0.47619047619047616,0.6382978723404256
Right,contig,HTL,RTT,0,0.1,0,2129,47,426,1,none-PCA,arc segments,32.0,0.7907341549655609,0.07014388489208633,0.8297872340425532
Right,contig,HTL,RTT,0,0.1,0,2129,47,426,1,QOTu-HS4,arc labels,,,,
Right,contig,HTL,RTT,0,0.1,0,2129,47,426,1,QOTu-HSsrc,arc segments,,0.705019723261185,0.03739837398373984,0.9787234042553191
Right,contig,HTL,RTT,0,0.1,0,2129,47,426,1,QOTu-PCA,arc segments,32.0,0.6781940441882806,0.033886085075702954,1.0
Right,contig,HTL,RTT,0,0.1,0,2129,47,426,1,QOTc-HS4,arc labels,,,,
Right,contig,HTL,RTT,0,0.1,0,2129,47,426,1,QOTc-HSsrc,arc labels,,,,
Right,contig,HTL,RTT,0,0.1,0,2129,47,426,1,QOTc-PCA,arc labels,,,,
Right,contig,HTL,RTT,0,0.1,0,2129,47,426,1,SDM-HS4,arc labels,,,,
Right,contig,HTL,RTT,0,0.1,0,2129,47,426,1,SDM-HSsrc,arc labels,,,,
Right,contig,HTL,RTT,0,0.1,0,2129,47,426,1,SDM-PCA,arc labels,,,,
Right,contig,HTL,RTT,0,0.2,1,2129,47,852,15,NoAdapt,nothing,,0.8083420197436998,0.4,0.6382978723404256
Right,contig,HTL,RTT,0,0.2,1,2129,47,852,15,TargetOnly,arc labels,,0.7773826312669896,0.0710172744721689,0.7872340425531915
Right,contig,HTL,RTT,0,0.2,1,2129,47,852,15,Source+Target,arc labels,,0.8233746193308398,0.3106796116504854,0.6808510638297872
Right,contig,HTL,RTT,0,0.2,1,2129,47,852,15,COT,arc labels,,0.4424295378829685,0.014905149051490514,0.23404255319148937
Right,contig,HTL,RTT,0,0.2,1,2129,47,852,15,none-HS4,arc labels,,0.8078617123469659,0.38961038961038963,0.6382978723404256
Right,contig,HTL,RTT,0,0.2,1,2129,47,852,15,none-HSsrc,nothing,,0.8112238641241033,0.47619047619047616,0.6382978723404256
Right,contig,HTL,RTT,0,0.2,1,2129,47,852,15,none-PCA,arc segments,32.0,0.8003403029002392,0.0755813953488372,0.8297872340425532
Right,contig,HTL,RTT,0,0.2,1,2129,47,852,15,QOTu-HS4,arc labels,,0.8031710507490752,0.05798969072164949,0.9574468085106383
Right,contig,HTL,RTT,0,0.2,1,2129,47,852,15,QOTu-HSsrc,arc segments,,0.8219030392216977,0.06446991404011461,0.9574468085106383
Right,contig,HTL,RTT,0,0.2,1,2129,47,852,15,QOTu-PCA,arc segments,32.0,0.7776432235779835,0.052568697729988054,0.9361702127659575
Right,contig,HTL,RTT,0,0.2,1,2129,47,852,15,QOTc-HS4,arc labels,,0.8564136366423447,0.08644400785854617,0.9361702127659575
Right,contig,HTL,RTT,0,0.2,1,2129,47,852,15,QOTc-HSsrc,arc labels,,0.8520908700717396,0.08349146110056926,0.9361702127659575
Right,contig,HTL,RTT,0,0.2,1,2129,47,852,15,QOTc-PCA,arc labels,64.0,0.6160095652707094,0.059233449477351915,0.3617021276595745
Right,contig,HTL,RTT,0,0.2,1,2129,47,852,15,SDM-HS4,arc labels,,0.8247133484579067,0.0686427457098284,0.9361702127659575
Right,contig,HTL,RTT,0,0.2,1,2129,47,852,15,SDM-HSsrc,arc labels,,0.8192613485396611,0.06346967559943582,0.9574468085106383
Right,contig,HTL,RTT,0,0.2,1,2129,47,852,15,SDM-PCA,arc labels,16.0,0.7348754266560387,0.05300859598853868,0.7872340425531915
Right,contig,HTL,RTT,0,0.3,1,2129,47,1278,27,NoAdapt,nothing,,0.8083420197436998,0.4,0.6382978723404256
Right,contig,HTL,RTT,0,0.3,1,2129,47,1278,27,TargetOnly,arc labels,,0.8203445950088908,0.08368200836820083,0.851063829787234
Right,contig,HTL,RTT,0,0.3,1,2129,47,1278,27,Source+Target,arc labels,,0.872555030964498,0.2235294117647059,0.8085106382978723
Right,contig,HTL,RTT,0,0.3,1,2129,47,1278,27,COT,arc labels,,0.6458805976250332,0.047619047619047616,0.5319148936170213
Right,contig,HTL,RTT,0,0.3,1,2129,47,1278,27,none-HS4,arc labels,,0.8078617123469659,0.38961038961038963,0.6382978723404256
Right,contig,HTL,RTT,0,0.3,1,2129,47,1278,27,none-HSsrc,nothing,,0.8112238641241033,0.47619047619047616,0.6382978723404256
Right,contig,HTL,RTT,0,0.3,1,2129,47,1278,27,none-PCA,arc segments,32.0,0.8001001492018722,0.07543520309477757,0.8297872340425532
Right,contig,HTL,RTT,0,0.3,1,2129,47,1278,27,QOTu-HS4,arc labels,,0.8167882764117972,0.06528189910979229,0.9361702127659575
Right,contig,HTL,RTT,0,0.3,1,2129,47,1278,27,QOTu-HSsrc,arc segments,,0.8278353465366771,0.07006369426751592,0.9361702127659575
Right,contig,HTL,RTT,0,0.3,1,2129,47,1278,27,QOTu-PCA,arc segments,32.0,0.8088632043656876,0.06223479490806223,0.9361702127659575
Right,contig,HTL,RTT,0,0.3,1,2129,47,1278,27,QOTc-HS4,arc labels,,0.860256095816216,0.08924949290060852,0.9361702127659575
Right,contig,HTL,RTT,0,0.3,1,2129,47,1278,27,QOTc-HSsrc,arc labels,,0.8672205530688577,0.09482758620689655,0.9361702127659575
Right,contig,HTL,RTT,0,0.3,1,2129,47,1278,27,QOTc-PCA,arc labels,64.0,0.6513581458090625,0.06542056074766354,0.44680851063829785
Right,contig,HTL,RTT,0,0.3,1,2129,47,1278,27,SDM-HS4,arc labels,,0.8424847221370613,0.07760141093474426,0.9361702127659575
Right,contig,HTL,RTT,0,0.3,1,2129,47,1278,27,SDM-HSsrc,arc labels,,0.8409722648026652,0.08143939393939394,0.9148936170212766
Right,contig,HTL,RTT,0,0.3,1,2129,47,1278,27,SDM-PCA,arc labels,32.0,0.6295041592576696,0.050970873786407765,0.44680851063829785
Right,contig,HTL,RTT,0,0.5,1,2129,47,2118,35,NoAdapt,nothing,,0.8083420197436998,0.4,0.6382978723404256
Right,contig,HTL,RTT,0,0.5,1,2129,47,2118,35,TargetOnly,arc labels,,0.8390510352157295,0.08022388059701492,0.9148936170212766
Right,contig,HTL,RTT,0,0.5,1,2129,47,2118,35,Source+Target,arc labels,,0.8892687064402068,0.2094240837696335,0.851063829787234
Right,contig,HTL,RTT,0,0.5,1,2129,47,2118,35,COT,arc labels,,0.791311545772273,0.07991360691144708,0.7872340425531915
Right,contig,HTL,RTT,0,0.5,1,2129,47,2118,35,none-HS4,arc labels,,0.8083420197436998,0.4,0.6382978723404256
Right,contig,HTL,RTT,0,0.5,1,2129,47,2118,35,none-HSsrc,nothing,,0.8112238641241033,0.47619047619047616,0.6382978723404256
Right,contig,HTL,RTT,0,0.5,1,2129,47,2118,35,none-PCA,arc segments,32.0,0.8003403029002392,0.0755813953488372,0.8297872340425532
Right,contig,HTL,RTT,0,0.5,1,2129,47,2118,35,QOTu-HS4,arc labels,,0.8235125799660719,0.06811145510835913,0.9361702127659575
Right,contig,HTL,RTT,0,0.5,1,2129,47,2118,35,QOTu-HSsrc,arc segments,,0.8278353465366771,0.07006369426751592,0.9361702127659575
Right,contig,HTL,RTT,0,0.5,1,2129,47,2118,35,QOTu-PCA,arc segments,32.0,0.8187810411429273,0.06329113924050633,0.9574468085106383
Right,contig,HTL,RTT,0,0.5,1,2129,47,2118,35,QOTc-HS4,arc labels,,0.854732560753776,0.08527131782945736,0.9361702127659575
Right,contig,HTL,RTT,0,0.5,1,2129,47,2118,35,QOTc-HSsrc,arc labels,,0.8833108508594436,0.11083123425692695,0.9361702127659575
Right,contig,HTL,RTT,0,0.5,1,2129,47,2118,35,QOTc-PCA,arc labels,64.0,0.7817309461033786,0.09264305177111716,0.723404255319149
Right,contig,HTL,RTT,0,0.5,1,2129,47,2118,35,SDM-HS4,arc labels,,0.8018527602346353,0.07207207207207207,0.851063829787234
Right,contig,HTL,RTT,0,0.5,1,2129,47,2118,35,SDM-HSsrc,arc labels,,0.8523310237701065,0.08365019011406843,0.9361702127659575
Right,contig,HTL,RTT,0,0.5,1,2129,47,2118,35,SDM-PCA,arc labels,32.0,0.6440564514480757,0.05203619909502263,0.48936170212765956
Right,contig,HTL,RTT,1,0.05,0,2129,8,213,0,NoAdapt,nothing,,0.4966996699669967,0.0,0.0
Right,contig,HTL,RTT,1,0.05,0,2129,8,213,0,TargetOnly,arc labels,,,,
Right,contig,HTL,RTT,1,0.05,0,2129,8,213,0,Source+Target,arc labels,,,,
Right,contig,HTL,RTT,1,0.05,0,2129,8,213,0,COT,arc labels,,,,
Right,contig,HTL,RTT,1,0.05,0,2129,8,213,0,none-HS4,arc labels,,,,
Right,contig,HTL,RTT,1,0.05,0,2129,8,213,0,none-HSsrc,nothing,,0.4988213107024988,0.0,0.0
Right,contig,HTL,RTT,1,0.05,0,2129,8,213,0,none-PCA,arc segments,64.0,0.46042550683639794,0.002304147465437788,0.125
Right,contig,HTL,RTT,1,0.05,0,2129,8,213,0,QOTu-HS4,arc labels,,,,
Right,contig,HTL,RTT,1,0.05,0,2129,8,213,0,QOTu-HSsrc,arc segments,,0.7328206034889203,0.014577259475218658,0.625
Right,contig,HTL,RTT,1,0.05,0,2129,8,213,0,QOTu-PCA,arc segments,64.0,0.561380245167374,0.0055762081784386614,0.375
Right,contig,HTL,RTT,1,0.05,0,2129,8,213,0,QOTc-HS4,arc labels,,,,
Right,contig,HTL,RTT,1,0.05,0,2129,8,213,0,QOTc-HSsrc,arc labels,,,,
Right,contig,HTL,RTT,1,0.05,0,2129,8,213,0,QOTc-PCA,arc labels,,,,
Right,contig,HTL,RTT,1,0.05,0,2129,8,213,0,SDM-HS4,arc labels,,,,
Right,contig,HTL,RTT,1,0.05,0,2129,8,213,0,SDM-HSsrc,arc labels,,,,
Right,contig,HTL,RTT,1,0.05,0,2129,8,213,0,SDM-PCA,arc labels,,,,
Right,contig,HTL,RTT,1,0.1,1,2129,8,426,4,NoAdapt,nothing,,0.4966996699669967,0.0,0.0
Right,contig,HTL,RTT,1,0.1,1,2129,8,426,4,TargetOnly,arc labels,,0.6257366808109383,0.011320754716981131,0.375
Right,contig,HTL,RTT,1,0.1,1,2129,8,426,4,Source+Target,arc labels,,0.49834983498349833,0.0,0.0
Right,contig,HTL,RTT,1,0.1,1,2129,8,426,4,COT,arc labels,,0.6439474304573314,0.006944444444444444,0.625
Right,contig,HTL,RTT,1,0.1,1,2129,8,426,4,none-HS4,arc labels,,0.4971711456859972,0.0,0.0
Right,contig,HTL,RTT,1,0.1,1,2129,8,426,4,none-HSsrc,nothing,,0.4988213107024988,0.0,0.0
Right,contig,HTL,RTT,1,0.1,1,2129,8,426,4,none-PCA,arc segments,64.0,0.46042550683639794,0.002304147465437788,0.125
Right,contig,HTL,RTT,1,0.1,1,2129,8,426,4,QOTu-HS4,arc labels,,0.7026166902404526,0.01951219512195122,0.5
Right,contig,HTL,RTT,1,0.1,1,2129,8,426,4,QOTu-HSsrc,arc segments,,0.7606376709099482,0.022222222222222223,0.625
Right,contig,HTL,RTT,1,0.1,1,2129,8,426,4,QOTu-PCA,arc segments,64.0,0.5891973125884017,0.007142857142857143,0.375
Right,contig,HTL,RTT,1,0.1,1,2129,8,426,4,QOTc-HS4,arc labels,,0.4915134370579915,0.0,0.0
Right,contig,HTL,RTT,1,0.1,1,2129,8,426,4,QOTc-HSsrc,arc labels,,0.5967114568599717,0.01639344262295082,0.25
Right,contig,HTL,RTT,1,0.1,1,2129,8,426,4,QOTc-PCA,arc labels,64.0,0.5469413012729845,0.014925373134328358,0.125
Right,contig,HTL,RTT,1,0.1,1,2129,8,426,4,SDM-HS4,arc labels,,0.5438767090994814,0.0125,0.125
Right,contig,HTL,RTT,1,0.1,1,2129,8,426,4,SDM-HSsrc,arc labels,,0.5663012729844413,0.00796812749003984,0.25
Right,contig,HTL,RTT,1,0.1,1,2129,8,426,4,SDM-PCA,arc labels,16.0,0.5443776520509194,0.005813953488372093,0.25
Right,contig,HTL,RTT,1,0.2,1,2129,8,852,27,NoAdapt,nothing,,0.4966996699669967,0.0,0.0
Right,contig,HTL,RTT,1,0.2,1,2129,8,852,27,TargetOnly,arc labels,,0.6941301272984441,0.016597510373443983,0.5
Right,contig,HTL,RTT,1,0.2,1,2129,8,852,27,Source+Target,arc labels,,0.5558993399339933,0.034482758620689655,0.125
Right,contig,HTL,RTT,1,0.2,1,2129,8,852,27,COT,arc labels,,0.767975011786893,0.013043478260869565,0.75
Right,contig,HTL,RTT,1,0.2,1,2129,8,852,27,none-HS4,arc labels,,0.4974068835454974,0.0,0.0
Right,contig,HTL,RTT,1,0.2,1,2129,8,852,27,none-HSsrc,nothing,,0.4988213107024988,0.0,0.0
Right,contig,HTL,RTT,1,0.2,1,2129,8,852,27,none-PCA,arc segments,64.0,0.46042550683639794,0.002304147465437788,0.125
Right,contig,HTL,RTT,1,0.2,1,2129,8,852,27,QOTu-HS4,arc labels,,0.7488507779349364,0.01818181818181818,0.625
Right,contig,HTL,RTT,1,0.2,1,2129,8,852,27,QOTu-HSsrc,arc segments,,0.7604019330504479,0.022123893805309734,0.625
Right,contig,HTL,RTT,1,0.2,1,2129,8,852,27,QOTu-PCA,arc segments,32.0,0.6111209335219236,0.009174311926605505,0.375
Right,contig,HTL,RTT,1,0.2,1,2129,8,852,27,QOTc-HS4,arc labels,,0.6816360207449317,0.013605442176870748,0.5
Right,contig,HTL,RTT,1,0.2,1,2129,8,852,27,QOTc-HSsrc,arc labels,,0.5736091466289486,0.00909090909090909,0.25
Right,contig,HTL,RTT,1,0.2,1,2129,8,852,27,QOTc-PCA,arc labels,64.0,0.5967114568599717,0.01639344262295082,0.25
Right,contig,HTL,RTT,1,0.2,1,2129,8,852,27,SDM-HS4,arc labels,,0.680928807166431,0.013468013468013467,0.5
Right,contig,HTL,RTT,1,0.2,1,2129,8,852,27,SDM-HSsrc,arc labels,,0.5516855256954267,0.006389776357827476,0.25
Right,contig,HTL,RTT,1,0.2,1,2129,8,852,27,SDM-PCA,arc labels,16.0,0.6097359735973598,0.00667779632721202,0.5
Right,contig,HTL,RTT,1,0.3,1,2129,8,1278,28,NoAdapt,nothing,,0.4966996699669967,0.0,0.0
Right,contig,HTL,RTT,1,0.3,1,2129,8,1278,28,TargetOnly,arc labels,,0.6462458745874587,0.016853932584269662,0.375
Right,contig,HTL,RTT,1,0.3,1,2129,8,1278,28,Source+Target,arc labels,,0.5561350777934937,0.03571428571428571,0.125
Right,contig,HTL,RTT,1,0.3,1,2129,8,1278,28,COT,arc labels,,0.717497642621405,0.012254901960784314,0.625
Right,contig,HTL,RTT,1,0.3,1,2129,8,1278,28,none-HS4,arc labels,,0.4974068835454974,0.0,0.0
Right,contig,HTL,RTT,1,0.3,1,2129,8,1278,28,none-HSsrc,nothing,,0.4988213107024988,0.0,0.0
Right,contig,HTL,RTT,1,0.3,1,2129,8,1278,28,none-PCA,arc segments,64.0,0.4649045261669024,0.0024096385542168677,0.125
Right,contig,HTL,RTT,1,0.3,1,2129,8,1278,28,QOTu-HS4,arc labels,,0.7422501178689298,0.0165016501650165,0.625
Right,contig,HTL,RTT,1,0.3,1,2129,8,1278,28,QOTu-HSsrc,arc segments,,0.7450789721829325,0.01718213058419244,0.625
Right,contig,HTL,RTT,1,0.3,1,2129,8,1278,28,QOTu-PCA,arc segments,32.0,0.6613625648279113,0.010526315789473684,0.5
Right,contig,HTL,RTT,1,0.3,1,2129,8,1278,28,QOTc-HS4,arc labels,,0.7092173503064592,0.022598870056497175,0.5
Right,contig,HTL,RTT,1,0.3,1,2129,8,1278,28,QOTc-HSsrc,arc labels,,0.7132248939179633,0.025,0.5
Right,contig,HTL,RTT,1,0.3,1,2129,8,1278,28,QOTc-PCA,arc labels,64.0,0.5372760490334747,0.009259259259259259,0.125
Right,contig,HTL,RTT,1,0.3,1,2129,8,1278,28,SDM-HS4,arc labels,,0.6898868458274399,0.015444015444015444,0.5
Right,contig,HTL,RTT,1,0.3,1,2129,8,1278,28,SDM-HSsrc,arc labels,,0.5632366808109383,0.007575757575757576,0.25
Right,contig,HTL,RTT,1,0.3,1,2129,8,1278,28,SDM-PCA,arc labels,32.0,0.4957861857614333,0.0035211267605633804,0.125
Right,contig,HTL,RTT,1,0.5,1,2129,8,2106,73,NoAdapt,nothing,,0.4966996699669967,0.0,0.0
Right,contig,HTL,RTT,1,0.5,1,2129,8,2106,73,TargetOnly,arc labels,,0.6077911362564827,0.02666666666666667,0.25
Right,contig,HTL,RTT,1,0.5,1,2129,8,2106,73,Source+Target,arc labels,,0.5525990099009901,0.023255813953488372,0.125
Right,contig,HTL,RTT,1,0.5,1,2129,8,2106,73,COT,arc labels,,0.524104196133899,0.004651162790697674,0.25
Right,contig,HTL,RTT,1,0.5,1,2129,8,2106,73,none-HS4,arc labels,,0.49764262140499765,0.0,0.0
Right,contig,HTL,RTT,1,0.5,1,2129,8,2106,73,none-HSsrc,nothing,,0.4988213107024988,0.0,0.0
Right,contig,HTL,RTT,1,0.5,1,2129,8,2106,73,none-PCA,arc segments,64.0,0.4698550212164074,0.0025380710659898475,0.125
Right,contig,HTL,RTT,1,0.5,1,2129,8,2106,73,QOTu-HS4,arc labels,,0.7474363507779349,0.017793594306049824,0.625
Right,contig,HTL,RTT,1,0.5,1,2129,8,2106,73,QOTu-HSsrc,arc segments,,0.7408356907119283,0.016181229773462782,0.625
Right,contig,HTL,RTT,1,0.5,1,2129,8,2106,73,QOTu-PCA,arc segments,32.0,0.6524045261669025,0.009569377990430622,0.5
Right,contig,HTL,RTT,1,0.5,1,2129,8,2106,73,QOTc-HS4,arc labels,,0.6073196605374823,0.025974025974025976,0.25
Right,contig,HTL,RTT,1,0.5,1,2129,8,2106,73,QOTc-HSsrc,arc labels,,0.612977369165488,0.03773584905660377,0.25
Right,contig,HTL,RTT,1,0.5,1,2129,8,2106,73,QOTc-PCA,arc labels,64.0,0.6002475247524752,0.018691588785046728,0.25
Right,contig,HTL,RTT,1,0.5,1,2129,8,2106,73,SDM-HS4,arc labels,,0.586103253182461,0.011976047904191617,0.25
Right,contig,HTL,RTT,1,0.5,1,2129,8,2106,73,SDM-HSsrc,arc labels,,0.5896393210749646,0.013157894736842105,0.25
Right,contig,HTL,RTT,1,0.5,1,2129,8,2106,73,SDM-PCA,arc labels,32.0,0.45335337105139084,0.0021551724137931034,0.125
Right,contig,HTL,RTT,2,0.05,1,2129,6,213,19,NoAdapt,nothing,,0.49646726330664154,0.0,0.0
Right,contig,HTL,RTT,2,0.05,1,2129,6,213,19,TargetOnly,arc labels,,0.5536583451091224,0.007874015748031496,0.16666666666666666
Right,contig,HTL,RTT,2,0.05,1,2129,6,213,19,Source+Target,arc labels,,0.496938294865756,0.0,0.0
Right,contig,HTL,RTT,2,0.05,1,2129,6,213,19,COT,arc labels,,0.5903203014601979,0.004405286343612335,0.5
Right,contig,HTL,RTT,2,0.05,1,2129,6,213,19,none-HS4,arc labels,,0.49740932642487046,0.0,0.0
Right,contig,HTL,RTT,2,0.05,1,2129,6,213,19,none-HSsrc,nothing,,0.49882242110221386,0.0,0.0
Right,contig,HTL,RTT,2,0.05,1,2129,6,213,19,none-PCA,arc segments,8.0,0.5732061548123725,0.022727272727272728,0.16666666666666666
Right,contig,HTL,RTT,2,0.05,1,2129,6,213,19,QOTu-HS4,arc labels,,0.5722640916941435,0.020833333333333332,0.16666666666666666
Right,contig,HTL,RTT,2,0.05,1,2129,6,213,19,QOTu-HSsrc,arc segments,,0.5739127021510442,0.024390243902439025,0.16666666666666666
Right,contig,HTL,RTT,2,0.05,1,2129,6,213,19,QOTu-PCA,arc segments,16.0,0.789056366776574,0.020833333333333332,0.6666666666666666
Right,contig,HTL,RTT,2,0.05,1,2129,6,213,19,QOTc-HS4,arc labels,,0.49576071596796983,0.0,0.0
Right,contig,HTL,RTT,2,0.05,1,2129,6,213,19,QOTc-HSsrc,arc labels,,0.4983513895430994,0.0,0.0
Right,contig,HTL,RTT,2,0.05,1,2129,6,213,19,QOTc-PCA,arc labels,32.0,0.48657560056523785,0.0,0.0
Right,contig,HTL,RTT,2,0.05,1,2129,6,213,19,SDM-HS4,arc labels,,0.4992934526613283,0.0,0.0
Right,contig,HTL,RTT,2,0.05,1,2129,6,213,19,SDM-HSsrc,arc labels,,0.6603077406186214,0.06896551724137931,0.3333333333333333
Right,contig,HTL,RTT,2,0.05,1,2129,6,213,19,SDM-PCA,arc labels,32.0,0.3504082273512325,0.00101010101010101,0.16666666666666666
Right,contig,HTL,RTT,2,0.1,1,2129,6,426,35,NoAdapt,nothing,,0.49646726330664154,0.0,0.0
Right,contig,HTL,RTT,2,0.1,1,2129,6,426,35,TargetOnly,arc labels,,0.7996153242267232,0.0099601593625498,0.8333333333333334
Right,contig,HTL,RTT,2,0.1,1,2129,6,426,35,Source+Target,arc labels,,0.4950541686292982,0.0,0.0
Right,contig,HTL,RTT,2,0.1,1,2129,6,426,35,COT,arc labels,,0.7960433349034386,0.006880733944954129,1.0
Right,contig,HTL,RTT,2,0.1,1,2129,6,426,35,none-HS4,arc labels,,0.49740932642487046,0.0,0.0
Right,contig,HTL,RTT,2,0.1,1,2129,6,426,35,none-HSsrc,nothing,,0.49882242110221386,0.0,0.0
Right,contig,HTL,RTT,2,0.1,1,2129,6,426,35,none-PCA,arc segments,8.0,0.5677892918825561,0.014925373134328358,0.16666666666666666
Right,contig,HTL,RTT,2,0.1,1,2129,6,426,35,QOTu-HS4,arc labels,,0.7292746113989637,0.03296703296703297,0.5
Right,contig,HTL,RTT,2,0.1,1,2129,6,426,35,QOTu-HSsrc,arc segments,,0.7353980216674517,0.046153846153846156,0.5
Right,contig,HTL,RTT,2,0.1,1,2129,6,426,35,QOTu-PCA,arc segments,8.0,0.8031873135500078,0.030303030303030304,0.6666666666666666
Right,contig,HTL,RTT,2,0.1,1,2129,6,426,35,QOTc-HS4,arc labels,,0.627100015701052,0.011764705882352941,0.3333333333333333
Right,contig,HTL,RTT,2,0.1,1,2129,6,426,35,QOTc-HSsrc,arc labels,,0.6570105197048202,0.046511627906976744,0.3333333333333333
Right,contig,HTL,RTT,2,0.1,1,2129,6,426,35,QOTc-PCA,arc labels,64.0,0.5211571675302246,0.0037735849056603774,0.16666666666666666
Right,contig,HTL,RTT,2,0.1,1,2129,6,426,35,SDM-HS4,arc labels,,0.6212121212121212,0.010256410256410256,0.3333333333333333
Right,contig,HTL,RTT,2,0.1,1,2129,6,426,35,SDM-HSsrc,arc labels,,0.6388758046789135,0.016666666666666666,0.3333333333333333
Right,contig,HTL,RTT,2,0.1,1,2129,6,426,35,SDM-PCA,arc labels,32.0,0.2879965457685665,0.0007968127490039841,0.16666666666666666
Right,contig,HTL,RTT,2,0.2,1,2129,6,852,46,NoAdapt,nothing,,0.49646726330664154,0.0,0.0
Right,contig,HTL,RTT,2,0.2,1,2129,6,852,46,TargetOnly,arc labels,,0.7186764013188884,0.022058823529411766,0.5
Right,contig,HTL,RTT,2,0.2,1,2129,6,852,46,Source+Target,arc labels,,0.5772099230648453,0.037037037037037035,0.16666666666666666
Right,contig,HTL,RTT,2,0.2,1,2129,6,852,46,COT,arc labels,,0.6621133615952268,0.005471956224350205,0.6666666666666666
Right,contig,HTL,RTT,2,0.2,1,2129,6,852,46,none-HS4,arc labels,,0.49740932642487046,0.0,0.0
Right,contig,HTL,RTT,2,0.2,1,2129,6,852,46,none-HSsrc,nothing,,0.49882242110221386,0.0,0.0
Right,contig,HTL,RTT,2,0.2,1,2129,6,852,46,none-PCA,arc segments,8.0,0.5732061548123725,0.022727272727272728,0.16666666666666666
Right,contig,HTL,RTT,2,0.2,1,2129,6,852,46,QOTu-HS4,arc labels,,0.8848720364264406,0.03571428571428571,0.8333333333333334
Right,contig,HTL,RTT,2,0.2,1,2129,6,852,46,QOTu-HSsrc,arc segments,,0.8855785837651122,0.0364963503649635,0.8333333333333334
Right,contig,HTL,RTT,2,0.2,1,2129,6,852,46,QOTu-PCA,arc segments,8.0,0.8038938608886795,0.031007751937984496,0.6666666666666666
Right,contig,HTL,RTT,2,0.2,1,2129,6,852,46,QOTc-HS4,arc labels,,0.6487674674203171,0.02564102564102564,0.3333333333333333
Right,contig,HTL,RTT,2,0.2,1,2129,6,852,46,QOTc-HSsrc,arc labels,,0.6532422672319045,0.03389830508474576,0.3333333333333333
Right,contig,HTL,RTT,2,0.2,1,2129,6,852,46,QOTc-PCA,arc labels,64.0,0.5536583451091224,0.007874015748031496,0.16666666666666666
Right,contig,HTL,RTT,2,0.2,1,2129,6,852,46,SDM-HS4,arc labels,,0.7311587376354216,0.03614457831325301,0.5
Right,contig,HTL,RTT,2,0.2,1,2129,6,852,46,SDM-HSsrc,arc labels,,0.6360496153242268,0.015151515151515152,0.3333333333333333
Right,contig,HTL,RTT,2,0.2,1,2129,6,852,46,SDM-PCA,arc labels,32.0,0.48418119013973937,0.002369668246445498,0.16666666666666666
Right,contig,HTL,RTT,2,0.3,1,2129,6,1278,49,NoAdapt,nothing,,0.49646726330664154,0.0,0.0
Right,contig,HTL,RTT,2,0.3,1,2129,6,1278,49,TargetOnly,arc labels,,0.8093107238184958,0.03773584905660377,0.6666666666666666
Right,contig,HTL,RTT,2,0.3,1,2129,6,1278,49,Source+Target,arc labels,,0.5736771863714869,0.023809523809523808,0.16666666666666666
Right,contig,HTL,RTT,2,0.3,1,2129,6,1278,49,COT,arc labels,,0.6993248547652693,0.006980802792321117,0.6666666666666666
Right,contig,HTL,RTT,2,0.3,1,2129,6,1278,49,none-HS4,arc labels,,0.49740932642487046,0.0,0.0
Right,contig,HTL,RTT,2,0.3,1,2129,6,1278,49,none-HSsrc,nothing,,0.49882242110221386,0.0,0.0
Right,contig,HTL,RTT,2,0.3,1,2129,6,1278,49,none-PCA,arc segments,8.0,0.5701444496781285,0.017543859649122806,0.16666666666666666
Right,contig,HTL,RTT,2,0.3,1,2129,6,1278,49,QOTu-HS4,arc labels,,0.8740383105668079,0.026881720430107527,0.8333333333333334
Right,contig,HTL,RTT,2,0.3,1,2129,6,1278,49,QOTu-HSsrc,arc segments,,0.8773355314806093,0.029069767441860465,0.8333333333333334
Right,contig,HTL,RTT,2,0.3,1,2129,6,1278,49,QOTu-PCA,arc segments,8.0,0.7956508086041765,0.024390243902439025,0.6666666666666666
Right,contig,HTL,RTT,2,0.3,1,2129,6,1278,49,QOTc-HS4,arc labels,,0.7273904851625059,0.030303030303030304,0.5
Right,contig,HTL,RTT,2,0.3,1,2129,6,1278,49,QOTc-HSsrc,arc labels,,0.7311587376354216,0.03614457831325301,0.5
Right,contig,HTL,RTT,2,0.3,1,2129,6,1278,49,QOTc-PCA,arc labels,64.0,0.5510676715339928,0.007246376811594203,0.16666666666666666
Right,contig,HTL,RTT,2,0.3,1,2129,6,1278,49,SDM-HS4,arc labels,,0.7283325482807348,0.031578947368421054,0.5
Right,contig,HTL,RTT,2,0.3,1,2129,6,1278,49,SDM-HSsrc,arc labels,,0.7165567593028732,0.020689655172413793,0.5
Right,contig,HTL,RTT,2,0.3,1,2129,6,1278,49,SDM-PCA,arc labels,32.0,0.4950149159993719,0.0026595744680851063,0.16666666666666666
Right,contig,HTL,RTT,2,0.5,1,2129,6,2106,76,NoAdapt,nothing,,0.49646726330664154,0.0,0.0
Right,contig,HTL,RTT,2,0.5,1,2129,6,2106,76,TargetOnly,arc labels,,0.6499450463181033,0.0273972602739726,0.3333333333333333
Right,contig,HTL,RTT,2,0.5,1,2129,6,2106,76,Source+Target,arc labels,,0.5699089338985712,0.017241379310344827,0.16666666666666666
Right,contig,HTL,RTT,2,0.5,1,2129,6,2106,76,COT,arc labels,,0.6174046161092793,0.00530035335689046,0.5
Right,contig,HTL,RTT,2,0.5,1,2129,6,2106,76,none-HS4,arc labels,,0.4976448422044277,0.0,0.0
Right,contig,HTL,RTT,2,0.5,1,2129,6,2106,76,none-HSsrc,nothing,,0.49882242110221386,0.0,0.0
Right,contig,HTL,RTT,2,0.5,1,2129,6,2106,76,none-PCA,arc segments,8.0,0.5701444496781285,0.017543859649122806,0.16666666666666666
Right,contig,HTL,RTT,2,0.5,1,2129,6,2106,76,QOTu-HS4,arc labels,,0.8620270058093893,0.02109704641350211,0.8333333333333334
Right,contig,HTL,RTT,2,0.5,1,2129,6,2106,76,QOTu-HSsrc,arc segments,,0.8714476369916785,0.025380710659898477,0.8333333333333334
Right,contig,HTL,RTT,2,0.5,1,2129,6,2106,76,QOTu-PCA,arc segments,8.0,0.7904694614539174,0.021505376344086023,0.6666666666666666
Right,contig,HTL,RTT,2,0.5,1,2129,6,2106,76,QOTc-HS4,arc labels,,0.6492384989794316,0.02631578947368421,0.3333333333333333
Right,contig,HTL,RTT,2,0.5,1,2129,6,2106,76,QOTc-HSsrc,arc labels,,0.6532422672319045,0.03389830508474576,0.3333333333333333
Right,contig,HTL,RTT,2,0.5,1,2129,6,2106,76,QOTc-PCA,arc labels,64.0,0.552245250431779,0.007518796992481203,0.16666666666666666
Right,contig,HTL,RTT,2,0.5,1,2129,6,2106,76,SDM-HS4,arc labels,,0.6402888993562569,0.017543859649122806,0.3333333333333333
Right,contig,HTL,RTT,2,0.5,1,2129,6,2106,76,SDM-HSsrc,arc labels,,0.6351075522059978,0.014705882352941176,0.3333333333333333
Right,contig,HTL,RTT,2,0.5,1,2129,6,2106,76,SDM-PCA,arc labels,32.0,0.5180954623959806,0.0035971223021582736,0.16666666666666666
Right,contig,HTL,RTT,3,0.05,1,2129,6,213,12,NoAdapt,nothing,,0.49646726330664154,0.0,0.0
Right,contig,HTL,RTT,3,0.05,1,2129,6,213,12,TargetOnly,arc labels,,0.7956115559742503,0.009633911368015413,0.8333333333333334
Right,contig,HTL,RTT,3,0.05,1,2129,6,213,12,Source+Target,arc labels,,0.5823912702151044,0.2,0.16666666666666666
Right,contig,HTL,RTT,3,0.05,1,2129,6,213,12,COT,arc labels,,0.6898257183231277,0.0045351473922902496,1.0
Right,contig,HTL,RTT,3,0.05,1,2129,6,213,12,none-HS4,arc labels,,0.4976448422044277,0.0,0.0
Right,contig,HTL,RTT,3,0.05,1,2129,6,213,12,none-HSsrc,nothing,,0.49882242110221386,0.0,0.0
Right,contig,HTL,RTT,3,0.05,1,2129,6,213,12,none-PCA,arc segments,32.0,0.4274611398963731,0.0,0.0
Right,contig,HTL,RTT,3,0.05,1,2129,6,213,12,QOTu-HS4,arc labels,,0.8655597425027477,0.02252252252252252,0.8333333333333334
Right,contig,HTL,RTT,3,0.05,1,2129,6,213,12,QOTu-HSsrc,arc segments,,0.8702700580938922,0.024752475247524754,0.8333333333333334
Right,contig,HTL,RTT,3,0.05,1,2129,6,213,12,QOTu-PCA,arc segments,32.0,0.708078191238813,0.016574585635359115,0.5
Right,contig,HTL,RTT,3,0.05,1,2129,6,213,12,QOTc-HS4,arc labels,,0.8111948500549537,0.04081632653061224,0.6666666666666666
Right,contig,HTL,RTT,3,0.05,1,2129,6,213,12,QOTc-HSsrc,arc labels,,0.6346365206468834,0.014492753623188406,0.3333333333333333
Right,contig,HTL,RTT,3,0.05,1,2129,6,213,12,QOTc-PCA,arc labels,64.0,0.640524415135814,0.017699115044247787,0.3333333333333333
Right,contig,HTL,RTT,3,0.05,1,2129,6,213,12,SDM-HS4,arc labels,,0.7320615481237243,0.009216589861751152,0.6666666666666666
Right,contig,HTL,RTT,3,0.05,1,2129,6,213,12,SDM-HSsrc,arc labels,,0.6278065630397236,0.011976047904191617,0.3333333333333333
Right,contig,HTL,RTT,3,0.05,1,2129,6,213,12,SDM-PCA,arc labels,32.0,0.5854137227194222,0.005763688760806916,0.3333333333333333
Right,contig,HTL,RTT,3,0.1,1,2129,6,426,22,NoAdapt,nothing,,0.49646726330664154,0.0,0.0
Right,contig,HTL,RTT,3,0.1,1,2129,6,426,22,TargetOnly,arc labels,,0.789056366776574,0.020833333333333332,0.6666666666666666
Right,contig,HTL,RTT,3,0.1,1,2129,6,426,22,Source+Target,arc labels,,0.5795650808604177,0.058823529411764705,0.16666666666666666
Right,contig,HTL,RTT,3,0.1,1,2129,6,426,22,COT,arc labels,,0.8276417019940336,0.013054830287206266,0.8333333333333334
Right,contig,HTL,RTT,3,0.1,1,2129,6,426,22,none-HS4,arc labels,,0.4976448422044277,0.0,0.0
Right,contig,HTL,RTT,3,0.1,1,2129,6,426,22,none-HSsrc,nothing,,0.49882242110221386,0.0,0.0
Right,contig,HTL,RTT,3,0.1,1,2129,6,426,22,none-PCA,arc segments,64.0,0.4232218558643429,0.0,0.0
Right,contig,HTL,RTT,3,0.1,1,2129,6,426,22,QOTu-HS4,arc labels,,0.8768644999214947,0.028735632183908046,0.8333333333333334
Right,contig,HTL,RTT,3,0.1,1,2129,6,426,22,QOTu-HSsrc,arc segments,,0.8872271942220129,0.038461538461538464,0.8333333333333334
Right,contig,HTL,RTT,3,0.1,1,2129,6,426,22,QOTu-PCA,arc segments,64.0,0.7071361281205841,0.016216216216216217,0.5
Right,contig,HTL,RTT,3,0.1,1,2129,6,426,22,QOTc-HS4,arc labels,,0.7843460511854294,0.018867924528301886,0.6666666666666666
Right,contig,HTL,RTT,3,0.1,1,2129,6,426,22,QOTc-HSsrc,arc labels,,0.6402888993562569,0.017543859649122806,0.3333333333333333
Right,contig,HTL,RTT,3,0.1,1,2129,6,426,22,QOTc-PCA,arc labels,64.0,0.6320458470717538,0.013422818791946308,0.3333333333333333
Right,contig,HTL,RTT,3,0.1,1,2129,6,426,22,SDM-HS4,arc labels,,0.8050714397864657,0.03225806451612903,0.6666666666666666
Right,contig,HTL,RTT,3,0.1,1,2129,6,426,22,SDM-HSsrc,arc labels,,0.6280420788192809,0.012048192771084338,0.3333333333333333
Right,contig,HTL,RTT,3,0.1,1,2129,6,426,22,SDM-PCA,arc labels,32.0,0.582116501805621,0.00554016620498615,0.3333333333333333
Right,contig,HTL,RTT,3,0.2,1,2129,6,852,42,NoAdapt,nothing,,0.49646726330664154,0.0,0.0
Right,contig,HTL,RTT,3,0.2,1,2129,6,852,42,TargetOnly,arc labels,,0.8669728371800911,0.023148148148148147,0.8333333333333334
Right,contig,HTL,RTT,3,0.2,1,2129,6,852,42,Source+Target,arc labels,,0.5769744072852881,0.03571428571428571,0.16666666666666666
Right,contig,HTL,RTT,3,0.2,1,2129,6,852,42,COT,arc labels,,0.7233082116501806,0.006053268765133172,0.8333333333333334
Right,contig,HTL,RTT,3,0.2,1,2129,6,852,42,none-HS4,arc labels,,0.4976448422044277,0.0,0.0
Right,contig,HTL,RTT,3,0.2,1,2129,6,852,42,none-HSsrc,nothing,,0.49882242110221386,0.0,0.0
Right,contig,HTL,RTT,3,0.2,1,2129,6,852,42,none-PCA,arc segments,64.0,0.4246349505416863,0.0,0.0
Right,contig,HTL,RTT,3,0.2,1,2129,6,852,42,QOTu-HS4,arc labels,,0.7980059663997487,0.025974025974025976,0.6666666666666666
Right,contig,HTL,RTT,3,0.2,1,2129,6,852,42,QOTu-HSsrc,arc segments,,0.8069555660229235,0.034482758620689655,0.6666666666666666
Right,contig,HTL,RTT,3,0.2,1,2129,6,852,42,QOTu-PCA,arc segments,32.0,0.701954780970325,0.014492753623188406,0.5
Right,contig,HTL,RTT,3,0.2,1,2129,6,852,42,QOTc-HS4,arc labels,,0.6424085413722719,0.01904761904761905,0.3333333333333333
Right,contig,HTL,RTT,3,0.2,1,2129,6,852,42,QOTc-HSsrc,arc labels,,0.7356335374470089,0.046875,0.5
Right,contig,HTL,RTT,3,0.2,1,2129,6,852,42,QOTc-PCA,arc labels,64.0,0.6011932799497566,0.007142857142857143,0.3333333333333333
Right,contig,HTL,RTT,3,0.2,1,2129,6,852,42,SDM-HS4,arc labels,,0.6482964358612027,0.025,0.3333333333333333
Right,contig,HTL,RTT,3,0.2,1,2129,6,852,42,SDM-HSsrc,arc labels,,0.6367561626628984,0.015503875968992248,0.3333333333333333
Right,contig,HTL,RTT,3,0.2,1,2129,6,852,42,SDM-PCA,arc labels,32.0,0.3626550478882085,0.0010660980810234541,0.16666666666666666
Right,contig,HTL,RTT,3,0.3,1,2129,6,1278,48,NoAdapt,nothing,,0.49646726330664154,0.0,0.0
Right,contig,HTL,RTT,3,0.3,1,2129,6,1278,48,TargetOnly,arc labels,,0.8735672790076936,0.026595744680851064,0.8333333333333334
Right,contig,HTL,RTT,3,0.3,1,2129,6,1278,48,Source+Target,arc labels,,0.5732061548123725,0.022727272727272728,0.16666666666666666
Right,contig,HTL,RTT,3,0.3,1,2129,6,1278,48,COT,arc labels,,0.7433270529125451,0.006747638326585695,0.8333333333333334
Right,contig,HTL,RTT,3,0.3,1,2129,6,1278,48,none-HS4,arc labels,,0.4976448422044277,0.0,0.0
Right,contig,HTL,RTT,3,0.3,1,2129,6,1278,48,none-HSsrc,nothing,,0.49882242110221386,0.0,0.0
Right,contig,HTL,RTT,3,0.3,1,2129,6,1278,48,none-PCA,arc segments,64.0,0.43005181347150256,0.0,0.0
Right,contig,HTL,RTT,3,0.3,1,2129,6,1278,48,QOTu-HS4,arc labels,,0.8643821636049616,0.022026431718061675,0.8333333333333334
Right,contig,HTL,RTT,3,0.3,1,2129,6,1278,48,QOTu-HSsrc,arc segments,,0.8773355314806093,0.029069767441860465,0.8333333333333334
Right,contig,HTL,RTT,3,0.3,1,2129,6,1278,48,QOTu-PCA,arc segments,32.0,0.6972444653791804,0.013215859030837005,0.5
Right,contig,HTL,RTT,3,0.3,1,2129,6,1278,48,QOTc-HS4,arc labels,,0.6433506044905009,0.019801980198019802,0.3333333333333333
Right,contig,HTL,RTT,3,0.3,1,2129,6,1278,48,QOTc-HSsrc,arc labels,,0.731629769194536,0.037037037037037035,0.5
Right,contig,HTL,RTT,3,0.3,1,2129,6,1278,48,QOTc-PCA,arc labels,64.0,0.5517742188726644,0.007407407407407408,0.16666666666666666
Right,contig,HTL,RTT,3,0.3,1,2129,6,1278,48,SDM-HS4,arc labels,,0.7309232218558643,0.03571428571428571,0.5
Right,contig,HTL,RTT,3,0.3,1,2129,6,1278,48,SDM-HSsrc,arc labels,,0.63322342596954,0.013888888888888888,0.3333333333333333
Right,contig,HTL,RTT,3,0.3,1,2129,6,1278,48,SDM-PCA,arc labels,64.0,0.3461689433192024,0.000992063492063492,0.16666666666666666
Right,contig,HTL,RTT,3,0.5,1,2129,6,2106,76,NoAdapt,nothing,,0.49646726330664154,0.0,0.0
Right,contig,HTL,RTT,3,0.5,1,2129,6,2106,76,TargetOnly,arc labels,,0.6447636991678443,0.021052631578947368,0.3333333333333333
Right,contig,HTL,RTT,3,0.5,1,2129,6,2106,76,Source+Target,arc labels,,0.5699089338985712,0.017241379310344827,0.16666666666666666
Right,contig,HTL,RTT,3,0.5,1,2129,6,2106,76,COT,arc labels,,0.6075129533678756,0.004934210526315789,0.5
Right,contig,HTL,RTT,3,0.5,1,2129,6,2106,76,none-HS4,arc labels,,0.4976448422044277,0.0,0.0
Right,contig,HTL,RTT,3,0.5,1,2129,6,2106,76,none-HSsrc,nothing,,0.49882242110221386,0.0,0.0
Right,contig,HTL,RTT,3,0.5,1,2129,6,2106,76,none-PCA,arc segments,32.0,0.44041450777202074,0.0,0.0
Right,contig,HTL,RTT,3,0.5,1,2129,6,2106,76,QOTu-HS4,arc labels,,0.8712121212121212,0.025252525252525252,0.8333333333333334
Right,contig,HTL,RTT,3,0.5,1,2129,6,2106,76,QOTu-HSsrc,arc segments,,0.8789841419375098,0.030303030303030304,0.8333333333333334
Right,contig,HTL,RTT,3,0.5,1,2129,6,2106,76,QOTu-PCA,arc segments,32.0,0.6847621290626472,0.010714285714285714,0.5
Right,contig,HTL,RTT,3,0.5,1,2129,6,2106,76,QOTc-HS4,arc labels,,0.6504160778772178,0.028169014084507043,0.3333333333333333
Right,contig,HTL,RTT,3,0.5,1,2129,6,2106,76,QOTc-HSsrc,arc labels,,0.6532422672319045,0.03389830508474576,0.3333333333333333
Right,contig,HTL,RTT,3,0.5,1,2129,6,2106,76,QOTc-PCA,arc labels,64.0,0.55130318731355,0.0072992700729927005,0.16666666666666666
Right,contig,HTL,RTT,3,0.5,1,2129,6,2106,76,SDM-HS4,arc labels,,0.6417019940336003,0.018518518518518517,0.3333333333333333
Right,contig,HTL,RTT,3,0.5,1,2129,6,2106,76,SDM-HSsrc,arc labels,,0.6341654890877688,0.014285714285714285,0.3333333333333333
Right,contig,HTL,RTT,3,0.5,1,2129,6,2106,76,SDM-PCA,arc labels,64.0,0.37443083686607,0.0011261261261261261,0.16666666666666666
Right,contig,HTL,RTT,4,0.05,0,2129,7,213,1,NoAdapt,nothing,,0.4964655984919887,0.0,0.0
Right,contig,HTL,RTT,4,0.05,0,2129,7,213,1,TargetOnly,arc labels,,,,
Right,contig,HTL,RTT,4,0.05,0,2129,7,213,1,Source+Target,arc labels,,,,
Right,contig,HTL,RTT,4,0.05,0,2129,7,213,1,COT,arc labels,,,,
Right,contig,HTL,RTT,4,0.05,0,2129,7,213,1,none-HS4,arc labels,,,,
Right,contig,HTL,RTT,4,0.05,0,2129,7,213,1,none-HSsrc,nothing,,0.4988218661639962,0.0,0.0
Right,contig,HTL,RTT,4,0.05,0,2129,7,213,1,none-PCA,arc segments,32.0,0.4293119698397738,0.0,0.0
Right,contig,HTL,RTT,4,0.05,0,2129,7,213,1,QOTu-HS4,arc labels,,,,
Right,contig,HTL,RTT,4,0.05,0,2129,7,213,1,QOTu-HSsrc,arc segments,,0.8029487006866838,0.02127659574468085,0.7142857142857143
Right,contig,HTL,RTT,4,0.05,0,2129,7,213,1,QOTu-PCA,arc segments,32.0,0.6490170997711054,0.010714285714285714,0.42857142857142855
Right,contig,HTL,RTT,4,0.05,0,2129,7,213,1,QOTc-HS4,arc labels,,,,
Right,contig,HTL,RTT,4,0.05,0,2129,7,213,1,QOTc-HSsrc,arc labels,,,,
Right,contig,HTL,RTT,4,0.05,0,2129,7,213,1,QOTc-PCA,arc labels,,,,
Right,contig,HTL,RTT,4,0.05,0,2129,7,213,1,SDM-HS4,arc labels,,,,
Right,contig,HTL,RTT,4,0.05,0,2129,7,213,1,SDM-HSsrc,arc labels,,,,
Right,contig,HTL,RTT,4,0.05,0,2129,7,213,1,SDM-PCA,arc labels,,,,
Right,contig,HTL,RTT,4,0.1,0,2129,7,426,1,NoAdapt,nothing,,0.4964655984919887,0.0,0.0
Right,contig,HTL,RTT,4,0.1,0,2129,7,426,1,TargetOnly,arc labels,,,,
Right,contig,HTL,RTT,4,0.1,0,2129,7,426,1,Source+Target,arc labels,,,,
Right,contig,HTL,RTT,4,0.1,0,2129,7,426,1,COT,arc labels,,,,
Right,contig,HTL,RTT,4,0.1,0,2129,7,426,1,none-HS4,arc labels,,,,
Right,contig,HTL,RTT,4,0.1,0,2129,7,426,1,none-HSsrc,nothing,,0.4988218661639962,0.0,0.0
Right,contig,HTL,RTT,4,0.1,0,2129,7,426,1,none-PCA,arc segments,32.0,0.4408576814326107,0.0,0.0
Right,contig,HTL,RTT,4,0.1,0,2129,7,426,1,QOTu-HS4,arc labels,,,,
Right,contig,HTL,RTT,4,0.1,0,2129,7,426,1,QOTu-HSsrc,arc segments,,0.8076612360306988,0.023255813953488372,0.7142857142857143
Right,contig,HTL,RTT,4,0.1,0,2129,7,426,1,QOTu-PCA,arc segments,32.0,0.6487814730039047,0.010676156583629894,0.42857142857142855
Right,contig,HTL,RTT,4,0.1,0,2129,7,426,1,QOTc-HS4,arc labels,,,,
Right,contig,HTL,RTT,4,0.1,0,2129,7,426,1,QOTc-HSsrc,arc labels,,,,
Right,contig,HTL,RTT,4,0.1,0,2129,7,426,1,QOTc-PCA,arc labels,,,,
Right,contig,HTL,RTT,4,0.1,0,2129,7,426,1,SDM-HS4,arc labels,,,,
Right,contig,HTL,RTT,4,0.1,0,2129,7,426,1,SDM-HSsrc,arc labels,,,,
Right,contig,HTL,RTT,4,0.1,0,2129,7,426,1,SDM-PCA,arc labels,,,,
Right,contig,HTL,RTT,4,0.2,1,2129,7,852,14,NoAdapt,nothing,,0.4964655984919887,0.0,0.0
Right,contig,HTL,RTT,4,0.2,1,2129,7,852,14,TargetOnly,arc labels,,0.7963511512050626,0.019011406844106463,0.7142857142857143
Right,contig,HTL,RTT,4,0.2,1,2129,7,852,14,Source+Target,arc labels,,0.5638885148781473,0.030303030303030304,0.14285714285714285
Right,contig,HTL,RTT,4,0.2,1,2129,7,852,14,COT,arc labels,,0.7579439881513397,0.011737089201877934,0.7142857142857143
Right,contig,HTL,RTT,4,0.2,1,2129,7,852,14,none-HS4,arc labels,,0.49764373232799247,0.0,0.0
Right,contig,HTL,RTT,4,0.2,1,2129,7,852,14,none-HSsrc,nothing,,0.4988218661639962,0.0,0.0
Right,contig,HTL,RTT,4,0.2,1,2129,7,852,14,none-PCA,arc segments,32.0,0.4408576814326107,0.0,0.0
Right,contig,HTL,RTT,4,0.2,1,2129,7,852,14,QOTu-HS4,arc labels,,0.7692540729769759,0.013227513227513227,0.7142857142857143
Right,contig,HTL,RTT,4,0.2,1,2129,7,852,14,QOTu-HSsrc,arc segments,,0.7944661370674566,0.01845018450184502,0.7142857142857143
Right,contig,HTL,RTT,4,0.2,1,2129,7,852,14,QOTu-PCA,arc segments,32.0,0.6520802477447152,0.011235955056179775,0.42857142857142855
Right,contig,HTL,RTT,4,0.2,1,2129,7,852,14,QOTc-HS4,arc labels,,0.7539046721421839,0.02877697841726619,0.5714285714285714
Right,contig,HTL,RTT,4,0.2,1,2129,7,852,14,QOTc-HSsrc,arc labels,,0.7402383196445401,0.02030456852791878,0.5714285714285714
Right,contig,HTL,RTT,4,0.2,1,2129,7,852,14,QOTc-PCA,arc labels,64.0,0.6204725999730711,0.020618556701030927,0.2857142857142857
Right,contig,HTL,RTT,4,0.2,1,2129,7,852,14,SDM-HS4,arc labels,,0.7517840312373771,0.02702702702702703,0.5714285714285714
Right,contig,HTL,RTT,4,0.2,1,2129,7,852,14,SDM-HSsrc,arc labels,,0.7228019388716844,0.014760147601476014,0.5714285714285714
Right,contig,HTL,RTT,4,0.2,1,2129,7,852,14,SDM-PCA,arc labels,32.0,0.5837148242897536,0.007905138339920948,0.2857142857142857
Right,contig,HTL,RTT,4,0.3,1,2129,7,1278,44,NoAdapt,nothing,,0.4964655984919887,0.0,0.0
Right,contig,HTL,RTT,4,0.3,1,2129,7,1278,44,TargetOnly,arc labels,,0.8095462501683048,0.024154589371980676,0.7142857142857143
Right,contig,HTL,RTT,4,0.3,1,2129,7,1278,44,Source+Target,arc labels,,0.5554059512589201,0.014492753623188406,0.14285714285714285
Right,contig,HTL,RTT,4,0.3,1,2129,7,1278,44,COT,arc labels,,0.6907903594991248,0.007032348804500703,0.7142857142857143
Right,contig,HTL,RTT,4,0.3,1,2129,7,1278,44,none-HS4,arc labels,,0.49764373232799247,0.0,0.0
Right,contig,HTL,RTT,4,0.3,1,2129,7,1278,44,none-HSsrc,nothing,,0.4988218661639962,0.0,0.0
Right,contig,HTL,RTT,4,0.3,1,2129,7,1278,44,none-PCA,arc segments,32.0,0.43732327992459946,0.0,0.0
Right,contig,HTL,RTT,4,0.3,1,2129,7,1278,44,QOTu-HS4,arc labels,,0.7914029890938468,0.017605633802816902,0.7142857142857143
Right,contig,HTL,RTT,4,0.3,1,2129,7,1278,44,QOTu-HSsrc,arc segments,,0.8041268345226875,0.021739130434782608,0.7142857142857143
Right,contig,HTL,RTT,4,0.3,1,2129,7,1278,44,QOTu-PCA,arc segments,32.0,0.6410057896862797,0.009554140127388535,0.42857142857142855
Right,contig,HTL,RTT,4,0.3,1,2129,7,1278,44,QOTc-HS4,arc labels,,0.7458933620573582,0.023121387283236993,0.5714285714285714
Right,contig,HTL,RTT,4,0.3,1,2129,7,1278,44,QOTc-HSsrc,arc labels,,0.7550828059781877,0.029850746268656716,0.5714285714285714
Right,contig,HTL,RTT,4,0.3,1,2129,7,1278,44,QOTc-PCA,arc labels,64.0,0.5426821058300795,0.008130081300813009,0.14285714285714285
Right,contig,HTL,RTT,4,0.3,1,2129,7,1278,44,SDM-HS4,arc labels,,0.6817692204120103,0.02127659574468085,0.42857142857142855
Right,contig,HTL,RTT,4,0.3,1,2129,7,1278,44,SDM-HSsrc,arc labels,,0.7324626363269153,0.017391304347826087,0.5714285714285714
Right,contig,HTL,RTT,4,0.3,1,2129,7,1278,44,SDM-PCA,arc labels,32.0,0.5120506260939814,0.003952569169960474,0.14285714285714285
Right,contig,HTL,RTT,4,0.5,1,2129,7,2106,75,NoAdapt,nothing,,0.4964655984919887,0.0,0.0
Right,contig,HTL,RTT,4,0.5,1,2129,7,2106,75,TargetOnly,arc labels,,0.6836542345496163,0.022556390977443608,0.42857142857142855
Right,contig,HTL,RTT,4,0.5,1,2129,7,2106,75,Source+Target,arc labels,,0.5579978456981285,0.017241379310344827,0.14285714285714285
Right,contig,HTL,RTT,4,0.5,1,2129,7,2106,75,COT,arc labels,,0.5434563080651676,0.004120879120879121,0.42857142857142855
Right,contig,HTL,RTT,4,0.5,1,2129,7,2106,75,none-HS4,arc labels,,0.49764373232799247,0.0,0.0
Right,contig,HTL,RTT,4,0.5,1,2129,7,2106,75,none-HSsrc,nothing,,0.4988218661639962,0.0,0.0
Right,contig,HTL,RTT,4,0.5,1,2129,7,2106,75,none-PCA,arc segments,32.0,0.4420358152686145,0.0,0.0
Right,contig,HTL,RTT,4,0.5,1,2129,7,2106,75,QOTu-HS4,arc labels,,0.8062474754274943,0.02262443438914027,0.7142857142857143
Right,contig,HTL,RTT,4,0.5,1,2129,7,2106,75,QOTu-HSsrc,arc segments,,0.8140231587451192,0.026595744680851064,0.7142857142857143
Right,contig,HTL,RTT,4,0.5,1,2129,7,2106,75,QOTu-PCA,arc segments,32.0,0.6452470714958933,0.010135135135135136,0.42857142857142855
Right,contig,HTL,RTT,4,0.5,1,2129,7,2106,75,QOTc-HS4,arc labels,,0.624478255015484,0.025,0.2857142857142857
Right,contig,HTL,RTT,4,0.5,1,2129,7,2106,75,QOTc-HSsrc,arc labels,,0.6296620438939007,0.034482758620689655,0.2857142857142857
Right,contig,HTL,RTT,4,0.5,1,2129,7,2106,75,QOTc-PCA,arc labels,64.0,0.5400902113908711,0.007462686567164179,0.14285714285714285
Right,contig,HTL,RTT,4,0.5,1,2129,7,2106,75,SDM-HS4,arc labels,,0.6190588393698667,0.019417475728155338,0.2857142857142857
Right,contig,HTL,RTT,4,0.5,1,2129,7,2106,75,SDM-HSsrc,arc labels,,0.611047529285041,0.014598540145985401,0.2857142857142857
Right,contig,HTL,RTT,4,0.5,1,2129,7,2106,75,SDM-PCA,arc labels,64.0,0.3685539248687222,0.001160092807424594,0.14285714285714285
Right,contig,HTL,RTT,5,0.05,0,2129,22,213,1,NoAdapt,nothing,,0.5390473314061354,0.06896551724137931,0.09090909090909091
Right,contig,HTL,RTT,5,0.05,0,2129,22,213,1,TargetOnly,arc labels,,,,
Right,contig,HTL,RTT,5,0.05,0,2129,22,213,1,Source+Target,arc labels,,,,
Right,contig,HTL,RTT,5,0.05,0,2129,22,213,1,COT,arc labels,,,,
Right,contig,HTL,RTT,5,0.05,0,2129,22,213,1,none-HS4,arc labels,,,,
Right,contig,HTL,RTT,5,0.05,0,2129,22,213,1,none-HSsrc,nothing,,0.5854510937567416,0.14814814814814814,0.18181818181818182
Right,contig,HTL,RTT,5,0.05,0,2129,22,213,1,none-PCA,arc segments,32.0,0.5227488458385469,0.01288659793814433,0.22727272727272727
Right,contig,HTL,RTT,5,0.05,0,2129,22,213,1,QOTu-HS4,arc labels,,,,
Right,contig,HTL,RTT,5,0.05,0,2129,22,213,1,QOTu-HSsrc,arc segments,,0.7216960780083703,0.01912568306010929,0.9545454545454546
Right,contig,HTL,RTT,5,0.05,0,2129,22,213,1,QOTu-PCA,arc segments,64.0,0.698440264054882,0.017558528428093644,0.9545454545454546
Right,contig,HTL,RTT,5,0.05,0,2129,22,213,1,QOTc-HS4,arc labels,,,,
Right,contig,HTL,RTT,5,0.05,0,2129,22,213,1,QOTc-HSsrc,arc labels,,,,
Right,contig,HTL,RTT,5,0.05,0,2129,22,213,1,QOTc-PCA,arc labels,,,,
Right,contig,HTL,RTT,5,0.05,0,2129,22,213,1,SDM-HS4,arc labels,,,,
Right,contig,HTL,RTT,5,0.05,0,2129,22,213,1,SDM-HSsrc,arc labels,,,,
Right,contig,HTL,RTT,5,0.05,0,2129,22,213,1,SDM-PCA,arc labels,,,,
Right,contig,HTL,RTT,5,0.1,0,2129,22,426,1,NoAdapt,nothing,,0.5390473314061354,0.06896551724137931,0.09090909090909091
Right,contig,HTL,RTT,5,0.1,0,2129,22,426,1,TargetOnly,arc labels,,,,
Right,contig,HTL,RTT,5,0.1,0,2129,22,426,1,Source+Target,arc labels,,,,
Right,contig,HTL,RTT,5,0.1,0,2129,22,426,1,COT,arc labels,,,,
Right,contig,HTL,RTT,5,0.1,0,2129,22,426,1,none-HS4,arc labels,,,,
Right,contig,HTL,RTT,5,0.1,0,2129,22,426,1,none-HSsrc,nothing,,0.5854510937567416,0.14814814814814814,0.18181818181818182
Right,contig,HTL,RTT,5,0.1,0,2129,22,426,1,none-PCA,arc segments,32.0,0.5284441472149113,0.013736263736263736,0.22727272727272727
Right,contig,HTL,RTT,5,0.1,0,2129,22,426,1,QOTu-HS4,arc labels,,,,
Right,contig,HTL,RTT,5,0.1,0,2129,22,426,1,QOTu-HSsrc,arc segments,,0.7499352806661777,0.021450459652706845,0.9545454545454546
Right,contig,HTL,RTT,5,0.1,0,2129,22,426,1,QOTu-PCA,arc segments,64.0,0.7070371488976139,0.01881467544684854,0.9090909090909091
Right,contig,HTL,RTT,5,0.1,0,2129,22,426,1,QOTc-HS4,arc labels,,,,
Right,contig,HTL,RTT,5,0.1,0,2129,22,426,1,QOTc-HSsrc,arc labels,,,,
Right,contig,HTL,RTT,5,0.1,0,2129,22,426,1,QOTc-PCA,arc labels,,,,
Right,contig,HTL,RTT,5,0.1,0,2129,22,426,1,SDM-HS4,arc labels,,,,
Right,contig,HTL,RTT,5,0.1,0,2129,22,426,1,SDM-HSsrc,arc labels,,,,
Right,contig,HTL,RTT,5,0.1,0,2129,22,426,1,SDM-PCA,arc labels,,,,
Right,contig,HTL,RTT,5,0.2,1,2129,22,852,2,NoAdapt,nothing,,0.5390473314061354,0.06896551724137931,0.09090909090909091
Right,contig,HTL,RTT,5,0.2,1,2129,22,852,2,TargetOnly,arc labels,,0.535379902489537,0.01680672268907563,0.18181818181818182
Right,contig,HTL,RTT,5,0.2,1,2129,22,852,2,Source+Target,arc labels,,0.5082517150623463,0.016129032258064516,0.045454545454545456
Right,contig,HTL,RTT,5,0.2,1,2129,22,852,2,COT,arc labels,,0.4481058808301333,0.005893909626719057,0.13636363636363635
Right,contig,HTL,RTT,5,0.2,1,2129,22,852,2,none-HS4,arc labels,,0.5579777365491652,0.06521739130434782,0.13636363636363635
Right,contig,HTL,RTT,5,0.2,1,2129,22,852,2,none-HSsrc,nothing,,0.5854510937567416,0.14814814814814814,0.18181818181818182
Right,contig,HTL,RTT,5,0.2,1,2129,22,852,2,none-PCA,arc segments,32.0,0.5336648401432454,0.014619883040935672,0.22727272727272727
Right,contig,HTL,RTT,5,0.2,1,2129,22,852,2,QOTu-HS4,arc labels,,0.7708180523795142,0.02356902356902357,0.9545454545454546
Right,contig,HTL,RTT,5,0.2,1,2129,22,852,2,QOTu-HSsrc,arc segments,,0.8068882944298227,0.028416779431664412,0.9545454545454546
Right,contig,HTL,RTT,5,0.2,1,2129,22,852,2,QOTu-PCA,arc segments,16.0,0.764173534107089,0.022850924918389554,0.9545454545454546
Right,contig,HTL,RTT,5,0.2,1,2129,22,852,2,QOTc-HS4,arc labels,,0.5313996634594641,0.0189873417721519,0.13636363636363635
Right,contig,HTL,RTT,5,0.2,1,2129,22,852,2,QOTc-HSsrc,arc labels,,0.8155930448289253,0.043689320388349516,0.8181818181818182
Right,contig,HTL,RTT,5,0.2,1,2129,22,852,2,QOTc-PCA,arc labels,64.0,0.47484575225439013,0.0,0.0
Right,contig,HTL,RTT,5,0.2,1,2129,22,852,2,SDM-HS4,arc labels,,0.553544462182336,0.016901408450704224,0.2727272727272727
Right,contig,HTL,RTT,5,0.2,1,2129,22,852,2,SDM-HSsrc,arc labels,,0.8349441256418,0.03816793893129771,0.9090909090909091
Right,contig,HTL,RTT,5,0.2,1,2129,22,852,2,SDM-PCA,arc labels,8.0,0.5663588902791561,0.019933554817275746,0.2727272727272727
Right,contig,HTL,RTT,5,0.3,1,2129,22,1278,4,NoAdapt,nothing,,0.5390473314061354,0.06896551724137931,0.09090909090909091
Right,contig,HTL,RTT,5,0.3,1,2129,22,1278,4,TargetOnly,arc labels,,0.5187686068084739,0.012987012987012988,0.18181818181818182
Right,contig,HTL,RTT,5,0.3,1,2129,22,1278,4,Source+Target,arc labels,,0.5683651896276481,0.04040404040404041,0.18181818181818182
Right,contig,HTL,RTT,5,0.3,1,2129,22,1278,4,COT,arc labels,,0.4556996159986193,0.006289308176100629,0.13636363636363635
Right,contig,HTL,RTT,5,0.3,1,2129,22,1278,4,none-HS4,arc labels,,0.5828407472925745,0.10526315789473684,0.18181818181818182
Right,contig,HTL,RTT,5,0.3,1,2129,22,1278,4,none-HSsrc,nothing,,0.5854510937567416,0.14814814814814814,0.18181818181818182
Right,contig,HTL,RTT,5,0.3,1,2129,22,1278,4,none-PCA,arc segments,32.0,0.5336648401432454,0.014619883040935672,0.22727272727272727
Right,contig,HTL,RTT,5,0.3,1,2129,22,1278,4,QOTu-HS4,arc labels,,0.7774625706519395,0.02433371958285052,0.9545454545454546
Right,contig,HTL,RTT,5,0.3,1,2129,22,1278,4,QOTu-HSsrc,arc segments,,0.7960262329033093,0.029069767441860465,0.9090909090909091
Right,contig,HTL,RTT,5,0.3,1,2129,22,1278,4,QOTu-PCA,arc segments,16.0,0.7774625706519395,0.02433371958285052,0.9545454545454546
Right,contig,HTL,RTT,5,0.3,1,2129,22,1278,4,QOTc-HS4,arc labels,,0.5976291150709755,0.02631578947368421,0.3181818181818182
Right,contig,HTL,RTT,5,0.3,1,2129,22,1278,4,QOTc-HSsrc,arc labels,,0.7042757906545282,0.02834008097165992,0.6363636363636364
Right,contig,HTL,RTT,5,0.3,1,2129,22,1278,4,QOTc-PCA,arc labels,64.0,0.48428398843681236,0.006134969325153374,0.045454545454545456
Right,contig,HTL,RTT,5,0.3,1,2129,22,1278,4,SDM-HS4,arc labels,,0.5732407127755965,0.022058823529411766,0.2727272727272727
Right,contig,HTL,RTT,5,0.3,1,2129,22,1278,4,SDM-HSsrc,arc labels,,0.7075980497907408,0.029166666666666667,0.6363636363636364
Right,contig,HTL,RTT,5,0.3,1,2129,22,1278,4,SDM-PCA,arc labels,8.0,0.5322410147991543,0.014367816091954023,0.22727272727272727
Right,contig,HTL,RTT,5,0.5,1,2129,22,2106,60,NoAdapt,nothing,,0.5390473314061354,0.06896551724137931,0.09090909090909091
Right,contig,HTL,RTT,5,0.5,1,2129,22,2106,60,TargetOnly,arc labels,,0.6462225482159036,0.05063291139240506,0.36363636363636365
Right,contig,HTL,RTT,5,0.5,1,2129,22,2106,60,Source+Target,arc labels,,0.6190404280105277,0.0759493670886076,0.2727272727272727
Right,contig,HTL,RTT,5,0.5,1,2129,22,2106,60,COT,arc labels,,0.5421214997626957,0.012401352874859075,0.5
Right,contig,HTL,RTT,5,0.5,1,2129,22,2106,60,none-HS4,arc labels,,0.5828407472925745,0.10526315789473684,0.18181818181818182
Right,contig,HTL,RTT,5,0.5,1,2129,22,2106,60,none-HSsrc,nothing,,0.5854510937567416,0.14814814814814814,0.18181818181818182
Right,contig,HTL,RTT,5,0.5,1,2129,22,2106,60,none-PCA,arc segments,32.0,0.5336648401432454,0.014619883040935672,0.22727272727272727
Right,contig,HTL,RTT,5,0.5,1,2129,22,2106,60,QOTu-HS4,arc labels,,0.7604629589679424,0.0423728813559322,0.6818181818181818
Right,contig,HTL,RTT,5,0.5,1,2129,22,2106,60,QOTu-HSsrc,arc segments,,0.7869870992794581,0.0471976401179941,0.7272727272727273
Right,contig,HTL,RTT,5,0.5,1,2129,22,2106,60,QOTu-PCA,arc segments,4.0,0.788173620399534,0.04790419161676647,0.7272727272727273
Right,contig,HTL,RTT,5,0.5,1,2129,22,2106,60,QOTc-HS4,arc labels,,0.6358350951374208,0.06666666666666667,0.3181818181818182
Right,contig,HTL,RTT,5,0.5,1,2129,22,2106,60,QOTc-HSsrc,arc labels,,0.6580877594166631,0.07407407407407407,0.36363636363636365
Right,contig,HTL,RTT,5,0.5,1,2129,22,2106,60,QOTc-PCA,arc labels,32.0,0.5752470121240886,0.05714285714285714,0.18181818181818182
Right,contig,HTL,RTT,5,0.5,1,2129,22,2106,60,SDM-HS4,arc labels,,0.7042002847650688,0.05392156862745098,0.5
Right,contig,HTL,RTT,5,0.5,1,2129,22,2106,60,SDM-HSsrc,arc labels,,0.7484683090995383,0.061611374407582936,0.5909090909090909
Right,contig,HTL,RTT,5,0.5,1,2129,22,2106,60,SDM-PCA,arc labels,64.0,0.6340337403460328,0.017721518987341773,0.6363636363636364
Right,contig,HTL,RTT,6,0.05,0,2129,31,213,0,NoAdapt,nothing,,0.5263000092253759,0.07407407407407407,0.06451612903225806
Right,contig,HTL,RTT,6,0.05,0,2129,31,213,0,TargetOnly,arc labels,,,,
Right,contig,HTL,RTT,6,0.05,0,2129,31,213,0,Source+Target,arc labels,,,,
Right,contig,HTL,RTT,6,0.05,0,2129,31,213,0,COT,arc labels,,,,
Right,contig,HTL,RTT,6,0.05,0,2129,31,213,0,none-HS4,arc labels,,,,
Right,contig,HTL,RTT,6,0.05,0,2129,31,213,0,none-HSsrc,nothing,,0.5595113625880255,0.16,0.12903225806451613
Right,contig,HTL,RTT,6,0.05,0,2129,31,213,0,none-PCA,arc segments,8.0,0.54878686306467,0.05714285714285714,0.12903225806451613
Right,contig,HTL,RTT,6,0.05,0,2129,31,213,0,QOTu-HS4,arc labels,,,,
Right,contig,HTL,RTT,6,0.05,0,2129,31,213,0,QOTu-HSsrc,arc segments,,0.7078938466742519,0.025252525252525252,0.967741935483871
Right,contig,HTL,RTT,6,0.05,0,2129,31,213,0,QOTu-PCA,arc segments,16.0,0.6652341707924598,0.021945866861741038,0.967741935483871
Right,contig,HTL,RTT,6,0.05,0,2129,31,213,0,QOTc-HS4,arc labels,,,,
Right,contig,HTL,RTT,6,0.05,0,2129,31,213,0,QOTc-HSsrc,arc labels,,,,
Right,contig,HTL,RTT,6,0.05,0,2129,31,213,0,QOTc-PCA,arc labels,,,,
Right,contig,HTL,RTT,6,0.05,0,2129,31,213,0,SDM-HS4,arc labels,,,,
Right,contig,HTL,RTT,6,0.05,0,2129,31,213,0,SDM-HSsrc,arc labels,,,,
Right,contig,HTL,RTT,6,0.05,0,2129,31,213,0,SDM-PCA,arc labels,,,,
Right,contig,HTL,RTT,6,0.1,0,2129,31,426,0,NoAdapt,nothing,,0.5263000092253759,0.07407407407407407,0.06451612903225806
Right,contig,HTL,RTT,6,0.1,0,2129,31,426,0,TargetOnly,arc labels,,,,
Right,contig,HTL,RTT,6,0.1,0,2129,31,426,0,Source+Target,arc labels,,,,
Right,contig,HTL,RTT,6,0.1,0,2129,31,426,0,COT,arc labels,,,,
Right,contig,HTL,RTT,6,0.1,0,2129,31,426,0,none-HS4,arc labels,,,,
Right,contig,HTL,RTT,6,0.1,0,2129,31,426,0,none-HSsrc,nothing,,0.5595113625880255,0.16,0.12903225806451613
Right,contig,HTL,RTT,6,0.1,0,2129,31,426,0,none-PCA,arc segments,8.0,0.5459269965251083,0.04878048780487805,0.12903225806451613
Right,contig,HTL,RTT,6,0.1,0,2129,31,426,0,QOTu-HS4,arc labels,,,,
Right,contig,HTL,RTT,6,0.1,0,2129,31,426,0,QOTu-HSsrc,arc segments,,0.702174113595129,0.024752475247524754,0.967741935483871
Right,contig,HTL,RTT,6,0.1,0,2129,31,426,0,QOTu-PCA,arc segments,16.0,0.6602294043482272,0.021613832853025938,0.967741935483871
Right,contig,HTL,RTT,6,0.1,0,2129,31,426,0,QOTc-HS4,arc labels,,,,
Right,contig,HTL,RTT,6,0.1,0,2129,31,426,0,QOTc-HSsrc,arc labels,,,,
Right,contig,HTL,RTT,6,0.1,0,2129,31,426,0,QOTc-PCA,arc labels,,,,
Right,contig,HTL,RTT,6,0.1,0,2129,31,426,0,SDM-HS4,arc labels,,,,
Right,contig,HTL,RTT,6,0.1,0,2129,31,426,0,SDM-HSsrc,arc labels,,,,
Right,contig,HTL,RTT,6,0.1,0,2129,31,426,0,SDM-PCA,arc labels,,,,
Right,contig,HTL,RTT,6,0.2,0,2129,31,852,0,NoAdapt,nothing,,0.5263000092253759,0.07407407407407407,0.06451612903225806
Right,contig,HTL,RTT,6,0.2,0,2129,31,852,0,TargetOnly,arc labels,,,,
Right,contig,HTL,RTT,6,0.2,0,2129,31,852,0,Source+Target,arc labels,,,,
Right,contig,HTL,RTT,6,0.2,0,2129,31,852,0,COT,arc labels,,,,
Right,contig,HTL,RTT,6,0.2,0,2129,31,852,0,none-HS4,arc labels,,,,
Right,contig,HTL,RTT,6,0.2,0,2129,31,852,0,none-HSsrc,nothing,,0.5595113625880255,0.16,0.12903225806451613
Right,contig,HTL,RTT,6,0.2,0,2129,31,852,0,none-PCA,arc segments,8.0,0.5475952520065193,0.05333333333333334,0.12903225806451613
Right,contig,HTL,RTT,6,0.2,0,2129,31,852,0,QOTu-HS4,arc labels,,,,
Right,contig,HTL,RTT,6,0.2,0,2129,31,852,0,QOTu-HSsrc,arc segments,,0.7679510440050432,0.03205128205128205,0.967741935483871
Right,contig,HTL,RTT,6,0.2,0,2129,31,852,0,QOTu-PCA,arc segments,16.0,0.6962160583043759,0.024252223120452707,0.967741935483871
Right,contig,HTL,RTT,6,0.2,0,2129,31,852,0,QOTc-HS4,arc labels,,,,
Right,contig,HTL,RTT,6,0.2,0,2129,31,852,0,QOTc-HSsrc,arc labels,,,,
Right,contig,HTL,RTT,6,0.2,0,2129,31,852,0,QOTc-PCA,arc labels,,,,
Right,contig,HTL,RTT,6,0.2,0,2129,31,852,0,SDM-HS4,arc labels,,,,
Right,contig,HTL,RTT,6,0.2,0,2129,31,852,0,SDM-HSsrc,arc labels,,,,
Right,contig,HTL,RTT,6,0.2,0,2129,31,852,0,SDM-PCA,arc labels,,,,
Right,contig,HTL,RTT,6,0.3,0,2129,31,1278,0,NoAdapt,nothing,,0.5263000092253759,0.07407407407407407,0.06451612903225806
Right,contig,HTL,RTT,6,0.3,0,2129,31,1278,0,TargetOnly,arc labels,,,,
Right,contig,HTL,RTT,6,0.3,0,2129,31,1278,0,Source+Target,arc labels,,,,
Right,contig,HTL,RTT,6,0.3,0,2129,31,1278,0,COT,arc labels,,,,
Right,contig,HTL,RTT,6,0.3,0,2129,31,1278,0,none-HS4,arc labels,,,,
Right,contig,HTL,RTT,6,0.3,0,2129,31,1278,0,none-HSsrc,nothing,,0.5595113625880255,0.16,0.12903225806451613
Right,contig,HTL,RTT,6,0.3,0,2129,31,1278,0,none-PCA,arc segments,16.0,0.5766090593191673,0.02534562211981567,0.3548387096774194
Right,contig,HTL,RTT,6,0.3,0,2129,31,1278,0,QOTu-HS4,arc labels,,,,
Right,contig,HTL,RTT,6,0.3,0,2129,31,1278,0,QOTu-HSsrc,arc segments,,0.813708908638027,0.04032258064516129,0.967741935483871
Right,contig,HTL,RTT,6,0.3,0,2129,31,1278,0,QOTu-PCA,arc segments,8.0,0.7906685322426888,0.03756476683937824,0.9354838709677419
Right,contig,HTL,RTT,6,0.3,0,2129,31,1278,0,QOTc-HS4,arc labels,,,,
Right,contig,HTL,RTT,6,0.3,0,2129,31,1278,0,QOTc-HSsrc,arc labels,,,,
Right,contig,HTL,RTT,6,0.3,0,2129,31,1278,0,QOTc-PCA,arc labels,,,,
Right,contig,HTL,RTT,6,0.3,0,2129,31,1278,0,SDM-HS4,arc labels,,,,
Right,contig,HTL,RTT,6,0.3,0,2129,31,1278,0,SDM-HSsrc,arc labels,,,,
Right,contig,HTL,RTT,6,0.3,0,2129,31,1278,0,SDM-PCA,arc labels,,,,
Right,contig,HTL,RTT,6,0.5,1,2129,31,2106,51,NoAdapt,nothing,,0.5263000092253759,0.07407407407407407,0.06451612903225806
Right,contig,HTL,RTT,6,0.5,1,2129,31,2106,51,TargetOnly,arc labels,,0.6612980103939236,0.06018518518518518,0.41935483870967744
Right,contig,HTL,RTT,6,0.5,1,2129,31,2106,51,Source+Target,arc labels,,0.5644392508994741,0.0684931506849315,0.16129032258064516
Right,contig,HTL,RTT,6,0.5,1,2129,31,2106,51,COT,arc labels,,0.4683262092930287,0.011984021304926764,0.2903225806451613
Right,contig,HTL,RTT,6,0.5,1,2129,31,2106,51,none-HS4,arc labels,,0.556651496048464,0.10810810810810811,0.12903225806451613
Right,contig,HTL,RTT,6,0.5,1,2129,31,2106,51,none-HSsrc,nothing,,0.5595113625880255,0.16,0.12903225806451613
Right,contig,HTL,RTT,6,0.5,1,2129,31,2106,51,none-PCA,arc segments,8.0,0.54878686306467,0.05714285714285714,0.12903225806451613
Right,contig,HTL,RTT,6,0.5,1,2129,31,2106,51,QOTu-HS4,arc labels,,0.7751622128601741,0.05411764705882353,0.7419354838709677
Right,contig,HTL,RTT,6,0.5,1,2129,31,2106,51,QOTu-HSsrc,arc segments,,0.7844567791137489,0.05958549222797927,0.7419354838709677
Right,contig,HTL,RTT,6,0.5,1,2129,31,2106,51,QOTu-PCA,arc segments,16.0,0.7138288385251699,0.03853211009174312,0.6774193548387096
Right,contig,HTL,RTT,6,0.5,1,2129,31,2106,51,QOTc-HS4,arc labels,,0.605676681324764,0.07547169811320754,0.25806451612903225
Right,contig,HTL,RTT,6,0.5,1,2129,31,2106,51,QOTc-HSsrc,arc labels,,0.6500123005012455,0.0873015873015873,0.3548387096774194
Right,contig,HTL,RTT,6,0.5,1,2129,31,2106,51,QOTc-PCA,arc labels,32.0,0.6120345029059935,0.060810810810810814,0.2903225806451613
Right,contig,HTL,RTT,6,0.5,1,2129,31,2106,51,SDM-HS4,arc labels,,0.6578000553522556,0.07407407407407407,0.3870967741935484
Right,contig,HTL,RTT,6,0.5,1,2129,31,2106,51,SDM-HSsrc,arc labels,,0.7007057412589563,0.0797872340425532,0.4838709677419355
Right,contig,HTL,RTT,6,0.5,1,2129,31,2106,51,SDM-PCA,arc labels,64.0,0.5627940588578985,0.02005730659025788,0.45161290322580644
Right,contig,HTL,RTT,7,0.05,0,2129,35,213,0,NoAdapt,nothing,,0.5645040251057443,0.14705882352941177,0.14285714285714285
Right,contig,HTL,RTT,7,0.05,0,2129,35,213,0,TargetOnly,arc labels,,,,
Right,contig,HTL,RTT,7,0.05,0,2129,35,213,0,Source+Target,arc labels,,,,
Right,contig,HTL,RTT,7,0.05,0,2129,35,213,0,COT,arc labels,,,,
Right,contig,HTL,RTT,7,0.05,0,2129,35,213,0,none-HS4,arc labels,,,,
Right,contig,HTL,RTT,7,0.05,0,2129,35,213,0,none-HSsrc,nothing,,0.6083162778005184,0.24242424242424243,0.22857142857142856
Right,contig,HTL,RTT,7,0.05,0,2129,35,213,0,none-PCA,arc segments,16.0,0.5601650975576477,0.05309734513274336,0.17142857142857143
Right,contig,HTL,RTT,7,0.05,0,2129,35,213,0,QOTu-HS4,arc labels,,,,
Right,contig,HTL,RTT,7,0.05,0,2129,35,213,0,QOTu-HSsrc,arc segments,,0.6967935598308092,0.027331189710610933,0.9714285714285714
Right,contig,HTL,RTT,7,0.05,0,2129,35,213,0,QOTu-PCA,arc segments,32.0,0.6131464046936826,0.02220577350111029,0.8571428571428571
Right,contig,HTL,RTT,7,0.05,0,2129,35,213,0,QOTc-HS4,arc labels,,,,
Right,contig,HTL,RTT,7,0.05,0,2129,35,213,0,QOTc-HSsrc,arc labels,,,,
Right,contig,HTL,RTT,7,0.05,0,2129,35,213,0,QOTc-PCA,arc labels,,,,
Right,contig,HTL,RTT,7,0.05,0,2129,35,213,0,SDM-HS4,arc labels,,,,
Right,contig,HTL,RTT,7,0.05,0,2129,35,213,0,SDM-HSsrc,arc labels,,,,
Right,contig,HTL,RTT,7,0.05,0,2129,35,213,0,SDM-PCA,arc labels,,,,
Right,contig,HTL,RTT,7,0.1,0,2129,35,426,0,NoAdapt,nothing,,0.5645040251057443,0.14705882352941177,0.14285714285714285
Right,contig,HTL,RTT,7,0.1,0,2129,35,426,0,TargetOnly,arc labels,,,,
Right,contig,HTL,RTT,7,0.1,0,2129,35,426,0,Source+Target,arc labels,,,,
Right,contig,HTL,RTT,7,0.1,0,2129,35,426,0,COT,arc labels,,,,
Right,contig,HTL,RTT,7,0.1,0,2129,35,426,0,none-HS4,arc labels,,,,
Right,contig,HTL,RTT,7,0.1,0,2129,35,426,0,none-HSsrc,nothing,,0.6083162778005184,0.24242424242424243,0.22857142857142856
Right,contig,HTL,RTT,7,0.1,0,2129,35,426,0,none-PCA,arc segments,16.0,0.5734547687269751,0.0446927374301676,0.22857142857142856
Right,contig,HTL,RTT,7,0.1,0,2129,35,426,0,QOTu-HS4,arc labels,,,,
Right,contig,HTL,RTT,7,0.1,0,2129,35,426,0,QOTu-HSsrc,arc segments,,0.7044344385318597,0.028052805280528052,0.9714285714285714
Right,contig,HTL,RTT,7,0.1,0,2129,35,426,0,QOTu-PCA,arc segments,32.0,0.5674648656024014,0.020015396458814474,0.7428571428571429
Right,contig,HTL,RTT,7,0.1,0,2129,35,426,0,QOTc-HS4,arc labels,,,,
Right,contig,HTL,RTT,7,0.1,0,2129,35,426,0,QOTc-HSsrc,arc labels,,,,
Right,contig,HTL,RTT,7,0.1,0,2129,35,426,0,QOTc-PCA,arc labels,,,,
Right,contig,HTL,RTT,7,0.1,0,2129,35,426,0,SDM-HS4,arc labels,,,,
Right,contig,HTL,RTT,7,0.1,0,2129,35,426,0,SDM-HSsrc,arc labels,,,,
Right,contig,HTL,RTT,7,0.1,0,2129,35,426,0,SDM-PCA,arc labels,,,,
Right,contig,HTL,RTT,7,0.2,0,2129,35,852,0,NoAdapt,nothing,,0.5645040251057443,0.14705882352941177,0.14285714285714285
Right,contig,HTL,RTT,7,0.2,0,2129,35,852,0,TargetOnly,arc labels,,,,
Right,contig,HTL,RTT,7,0.2,0,2129,35,852,0,Source+Target,arc labels,,,,
Right,contig,HTL,RTT,7,0.2,0,2129,35,852,0,COT,arc labels,,,,
Right,contig,HTL,RTT,7,0.2,0,2129,35,852,0,none-HS4,arc labels,,,,
Right,contig,HTL,RTT,7,0.2,0,2129,35,852,0,none-HSsrc,nothing,,0.6083162778005184,0.24242424242424243,0.22857142857142856
Right,contig,HTL,RTT,7,0.2,0,2129,35,852,0,none-PCA,arc segments,16.0,0.5564197025515076,0.026881720430107527,0.2857142857142857
Right,contig,HTL,RTT,7,0.2,0,2129,35,852,0,QOTu-HS4,arc labels,,,,
Right,contig,HTL,RTT,7,0.2,0,2129,35,852,0,QOTu-HSsrc,arc segments,,0.7419224996588893,0.03222748815165877,0.9714285714285714
Right,contig,HTL,RTT,7,0.2,0,2129,35,852,0,QOTu-PCA,arc segments,8.0,0.7147018692863965,0.0290846877673225,0.9714285714285714
Right,contig,HTL,RTT,7,0.2,0,2129,35,852,0,QOTc-HS4,arc labels,,,,
Right,contig,HTL,RTT,7,0.2,0,2129,35,852,0,QOTc-HSsrc,arc labels,,,,
Right,contig,HTL,RTT,7,0.2,0,2129,35,852,0,QOTc-PCA,arc labels,,,,
Right,contig,HTL,RTT,7,0.2,0,2129,35,852,0,SDM-HS4,arc labels,,,,
Right,contig,HTL,RTT,7,0.2,0,2129,35,852,0,SDM-HSsrc,arc labels,,,,
Right,contig,HTL,RTT,7,0.2,0,2129,35,852,0,SDM-PCA,arc labels,,,,
Right,contig,HTL,RTT,7,0.3,1,2129,35,1278,4,NoAdapt,nothing,,0.5645040251057443,0.14705882352941177,0.14285714285714285
Right,contig,HTL,RTT,7,0.3,1,2129,35,1278,4,TargetOnly,arc labels,,0.542611543184609,0.024390243902439025,0.2571428571428571
Right,contig,HTL,RTT,7,0.3,1,2129,35,1278,4,Source+Target,arc labels,,0.5442488743348343,0.06896551724137931,0.11428571428571428
Right,contig,HTL,RTT,7,0.3,1,2129,35,1278,4,COT,arc labels,,0.6055191704188838,0.027565084226646247,0.5142857142857142
Right,contig,HTL,RTT,7,0.3,1,2129,35,1278,4,none-HS4,arc labels,,0.548785646063583,0.10256410256410256,0.11428571428571428
Right,contig,HTL,RTT,7,0.3,1,2129,35,1278,4,none-HSsrc,nothing,,0.6083162778005184,0.24242424242424243,0.22857142857142856
Right,contig,HTL,RTT,7,0.3,1,2129,35,1278,4,none-PCA,arc segments,8.0,0.5825692454632283,0.0875,0.2
Right,contig,HTL,RTT,7,0.3,1,2129,35,1278,4,QOTu-HS4,arc labels,,0.766079956337836,0.036954087346024636,0.9428571428571428
Right,contig,HTL,RTT,7,0.3,1,2129,35,1278,4,QOTu-HSsrc,arc segments,,0.8104516305089371,0.044270833333333336,0.9714285714285714
Right,contig,HTL,RTT,7,0.3,1,2129,35,1278,4,QOTu-PCA,arc segments,4.0,0.8118842952653841,0.04461942257217848,0.9714285714285714
Right,contig,HTL,RTT,7,0.3,1,2129,35,1278,4,QOTc-HS4,arc labels,,0.7197707736389685,0.058823529411764705,0.6
Right,contig,HTL,RTT,7,0.3,1,2129,35,1278,4,QOTc-HSsrc,arc labels,,0.7987174239323237,0.056530214424951264,0.8285714285714286
Right,contig,HTL,RTT,7,0.3,1,2129,35,1278,4,QOTc-PCA,arc labels,32.0,0.47938327193341523,0.009615384615384616,0.05714285714285714
Right,contig,HTL,RTT,7,0.3,1,2129,35,1278,4,SDM-HS4,arc labels,,0.7056419702551507,0.04612159329140461,0.6285714285714286
Right,contig,HTL,RTT,7,0.3,1,2129,35,1278,4,SDM-HSsrc,arc labels,,0.7335311775139856,0.03689567430025445,0.8285714285714286
Right,contig,HTL,RTT,7,0.3,1,2129,35,1278,4,SDM-PCA,arc labels,16.0,0.7280461181607314,0.0518018018018018,0.6571428571428571
Right,contig,HTL,RTT,7,0.5,1,2129,35,2118,47,NoAdapt,nothing,,0.5645040251057443,0.14705882352941177,0.14285714285714285
Right,contig,HTL,RTT,7,0.5,1,2129,35,2118,47,TargetOnly,arc labels,,0.6639036703506618,0.06637168141592921,0.42857142857142855
Right,contig,HTL,RTT,7,0.5,1,2129,35,2118,47,Source+Target,arc labels,,0.6111406740346568,0.10975609756097561,0.2571428571428571
Right,contig,HTL,RTT,7,0.5,1,2129,35,2118,47,COT,arc labels,,0.5022922636103152,0.0166270783847981,0.4
Right,contig,HTL,RTT,7,0.5,1,2129,35,2118,47,none-HS4,arc labels,,0.6054509482876245,0.17777777777777778,0.22857142857142856
Right,contig,HTL,RTT,7,0.5,1,2129,35,2118,47,none-HSsrc,nothing,,0.6083162778005184,0.24242424242424243,0.22857142857142856
Right,contig,HTL,RTT,7,0.5,1,2129,35,2118,47,none-PCA,arc segments,8.0,0.5842406876790831,0.0958904109589041,0.2
Right,contig,HTL,RTT,7,0.5,1,2129,35,2118,47,QOTu-HS4,arc labels,,0.7968072042570611,0.05566218809980806,0.8285714285714286
Right,contig,HTL,RTT,7,0.5,1,2129,35,2118,47,QOTu-HSsrc,arc segments,,0.7763542093054987,0.05567010309278351,0.7714285714285715
Right,contig,HTL,RTT,7,0.5,1,2129,35,2118,47,QOTu-PCA,arc segments,4.0,0.7939418747441671,0.054409005628517824,0.8285714285714286
Right,contig,HTL,RTT,7,0.5,1,2129,35,2118,47,QOTc-HS4,arc labels,,0.6344180652203575,0.0718562874251497,0.34285714285714286
Right,contig,HTL,RTT,7,0.5,1,2129,35,2118,47,QOTc-HSsrc,arc labels,,0.6751262109428299,0.08379888268156424,0.42857142857142855
Right,contig,HTL,RTT,7,0.5,1,2129,35,2118,47,QOTc-PCA,arc labels,16.0,0.6126893164142448,0.046511627906976744,0.34285714285714286
Right,contig,HTL,RTT,7,0.5,1,2129,35,2118,47,SDM-HS4,arc labels,,0.7381566380133715,0.075,0.6
Right,contig,HTL,RTT,7,0.5,1,2129,35,2118,47,SDM-HSsrc,arc labels,,0.762668849774867,0.07692307692307693,0.6571428571428571
Right,contig,HTL,RTT,7,0.5,1,2129,35,2118,47,SDM-PCA,arc labels,64.0,0.5164961113385182,0.017616580310880828,0.4857142857142857
Right,contig,HTL,WRM,0,0.05,1,508,32,51,3,NoAdapt,nothing,,0.5145745798319328,0.5,0.03125
Right,contig,HTL,WRM,0,0.05,1,508,32,51,3,TargetOnly,arc labels,,0.6446953781512605,0.47619047619047616,0.3125
Right,contig,HTL,WRM,0,0.05,1,508,32,51,3,Source+Target,arc labels,,0.5145745798319328,0.5,0.03125
Right,contig,HTL,WRM,0,0.05,1,508,32,51,3,COT,arc labels,,0.6495535714285714,0.1099476439790576,0.65625
Right,contig,HTL,WRM,0,0.05,1,508,32,51,3,none-HS4,arc labels,,0.5135241596638656,0.3333333333333333,0.03125
Right,contig,HTL,WRM,0,0.05,1,508,32,51,3,none-HSsrc,nothing,,0.5145745798319328,0.5,0.03125
Right,contig,HTL,WRM,0,0.05,1,508,32,51,3,none-PCA,arc segments,16.0,0.5145745798319328,0.5,0.03125
Right,contig,HTL,WRM,0,0.05,1,508,32,51,3,QOTu-HS4,arc labels,,0.5807510504201681,0.13636363636363635,0.28125
Right,contig,HTL,WRM,0,0.05,1,508,32,51,3,QOTu-HSsrc,arc segments,,0.5870535714285714,0.15,0.28125
Right,contig,HTL,WRM,0,0.05,1,508,32,51,3,QOTu-PCA,arc segments,32.0,0.569327731092437,0.0851063829787234,0.5
Right,contig,HTL,WRM,0,0.05,1,508,32,51,3,QOTc-HS4,arc labels,,0.6071428571428572,0.32,0.25
Right,contig,HTL,WRM,0,0.05,1,508,32,51,3,QOTc-HSsrc,arc labels,,0.6071428571428572,0.32,0.25
Right,contig,HTL,WRM,0,0.05,1,508,32,51,3,QOTc-PCA,arc labels,64.0,0.5248161764705883,0.125,0.09375
Right,contig,HTL,WRM,0,0.05,1,508,32,51,3,SDM-HS4,arc labels,,0.6129201680672269,0.09523809523809523,0.625
Right,contig,HTL,WRM,0,0.05,1,508,32,51,3,SDM-HSsrc,arc labels,,0.6404936974789917,0.4,0.3125
Right,contig,HTL,WRM,0,0.05,1,508,32,51,3,SDM-PCA,arc labels,16.0,0.6081932773109244,0.3333333333333333,0.25
Right,contig,HTL,WRM,0,0.1,1,508,32,102,5,NoAdapt,nothing,,0.5145745798319328,0.5,0.03125
Right,contig,HTL,WRM,0,0.1,1,508,32,102,5,TargetOnly,arc labels,,0.592436974789916,0.20512820512820512,0.25
Right,contig,HTL,WRM,0,0.1,1,508,32,102,5,Source+Target,arc labels,,0.5145745798319328,0.5,0.03125
Right,contig,HTL,WRM,0,0.1,1,508,32,102,5,COT,arc labels,,0.5655199579831933,0.07749077490774908,0.65625
Right,contig,HTL,WRM,0,0.1,1,508,32,102,5,none-HS4,arc labels,,0.5145745798319328,0.5,0.03125
Right,contig,HTL,WRM,0,0.1,1,508,32,102,5,none-HSsrc,nothing,,0.5145745798319328,0.5,0.03125
Right,contig,HTL,WRM,0,0.1,1,508,32,102,5,none-PCA,arc segments,16.0,0.5207457983193278,0.16666666666666666,0.0625
Right,contig,HTL,WRM,0,0.1,1,508,32,102,5,QOTu-HS4,arc labels,,0.5955882352941176,0.2222222222222222,0.25
Right,contig,HTL,WRM,0,0.1,1,508,32,102,5,QOTu-HSsrc,arc segments,,0.6175157563025211,0.2903225806451613,0.28125
Right,contig,HTL,WRM,0,0.1,1,508,32,102,5,QOTu-PCA,arc segments,64.0,0.5424107142857143,0.0783132530120482,0.40625
Right,contig,HTL,WRM,0,0.1,1,508,32,102,5,QOTc-HS4,arc labels,,0.5852153361344538,0.23333333333333334,0.21875
Right,contig,HTL,WRM,0,0.1,1,508,32,102,5,QOTc-HSsrc,arc labels,,0.5832457983193278,0.375,0.1875
Right,contig,HTL,WRM,0,0.1,1,508,32,102,5,QOTc-PCA,arc labels,64.0,0.49225315126050423,0.05454545454545454,0.09375
Right,contig,HTL,WRM,0,0.1,1,508,32,102,5,SDM-HS4,arc labels,,0.5828518907563025,0.08900523560209424,0.53125
Right,contig,HTL,WRM,0,0.1,1,508,32,102,5,SDM-HSsrc,arc labels,,0.6102941176470589,0.36363636363636365,0.25
Right,contig,HTL,WRM,0,0.1,1,508,32,102,5,SDM-PCA,arc labels,16.0,0.6099002100840336,0.09644670050761421,0.59375
Right,contig,HTL,WRM,0,0.2,1,508,32,203,16,NoAdapt,nothing,,0.5145745798319328,0.5,0.03125
Right,contig,HTL,WRM,0,0.2,1,508,32,203,16,TargetOnly,arc labels,,0.6176470588235294,0.5333333333333333,0.25
Right,contig,HTL,WRM,0,0.2,1,508,32,203,16,Source+Target,arc labels,,0.5145745798319328,0.5,0.03125
Right,contig,HTL,WRM,0,0.2,1,508,32,203,16,COT,arc labels,,0.5245535714285714,0.06774193548387097,0.65625
Right,contig,HTL,WRM,0,0.2,1,508,32,203,16,none-HS4,arc labels,,0.5145745798319328,0.5,0.03125
Right,contig,HTL,WRM,0,0.2,1,508,32,203,16,none-HSsrc,nothing,,0.5145745798319328,0.5,0.03125
Right,contig,HTL,WRM,0,0.2,1,508,32,203,16,none-PCA,arc segments,32.0,0.4954044117647059,0.057692307692307696,0.09375
Right,contig,HTL,WRM,0,0.2,1,508,32,203,16,QOTu-HS4,arc labels,,0.5832457983193278,0.375,0.1875
Right,contig,HTL,WRM,0,0.2,1,508,32,203,16,QOTu-HSsrc,arc segments,,0.5821953781512605,0.35294117647058826,0.1875
Right,contig,HTL,WRM,0,0.2,1,508,32,203,16,QOTu-PCA,arc segments,16.0,0.5978203781512605,0.3888888888888889,0.21875
Right,contig,HTL,WRM,0,0.2,1,508,32,203,16,QOTc-HS4,arc labels,,0.553046218487395,0.3076923076923077,0.125
Right,contig,HTL,WRM,0,0.2,1,508,32,203,16,QOTc-HSsrc,arc labels,,0.5853466386554622,0.42857142857142855,0.1875
Right,contig,HTL,WRM,0,0.2,1,508,32,203,16,QOTc-PCA,arc labels,64.0,0.5670955882352942,0.11392405063291139,0.28125
Right,contig,HTL,WRM,0,0.2,1,508,32,203,16,SDM-HS4,arc labels,,0.5372899159663865,0.14285714285714285,0.125
Right,contig,HTL,WRM,0,0.2,1,508,32,203,16,SDM-HSsrc,arc labels,,0.62171743697479,0.3333333333333333,0.28125
Right,contig,HTL,WRM,0,0.2,1,508,32,203,16,SDM-PCA,arc labels,32.0,0.5711659663865547,0.08256880733944955,0.5625
Right,contig,HTL,WRM,0,0.3,1,508,32,305,21,NoAdapt,nothing,,0.5145745798319328,0.5,0.03125
Right,contig,HTL,WRM,0,0.3,1,508,32,305,21,TargetOnly,arc labels,,0.6207983193277311,0.6666666666666666,0.25
Right,contig,HTL,WRM,0,0.3,1,508,32,305,21,Source+Target,arc labels,,0.5145745798319328,0.5,0.03125
Right,contig,HTL,WRM,0,0.3,1,508,32,305,21,COT,arc labels,,0.5107668067226891,0.0660377358490566,0.4375
Right,contig,HTL,WRM,0,0.3,1,508,32,305,21,none-HS4,arc labels,,0.5145745798319328,0.5,0.03125
Right,contig,HTL,WRM,0,0.3,1,508,32,305,21,none-HSsrc,nothing,,0.5145745798319328,0.5,0.03125
Right,contig,HTL,WRM,0,0.3,1,508,32,305,21,none-PCA,arc segments,32.0,0.4943539915966387,0.05660377358490566,0.09375
Right,contig,HTL,WRM,0,0.3,1,508,32,305,21,QOTu-HS4,arc labels,,0.5863970588235294,0.46153846153846156,0.1875
Right,contig,HTL,WRM,0,0.3,1,508,32,305,21,QOTu-HSsrc,arc segments,,0.5832457983193278,0.375,0.1875
Right,contig,HTL,WRM,0,0.3,1,508,32,305,21,QOTu-PCA,arc segments,16.0,0.5967699579831933,0.3684210526315789,0.21875
Right,contig,HTL,WRM,0,0.3,1,508,32,305,21,QOTc-HS4,arc labels,,0.5384716386554622,0.2727272727272727,0.09375
Right,contig,HTL,WRM,0,0.3,1,508,32,305,21,QOTc-HSsrc,arc labels,,0.5874474789915967,0.5,0.1875
Right,contig,HTL,WRM,0,0.3,1,508,32,305,21,QOTc-PCA,arc labels,64.0,0.5879726890756303,0.13333333333333333,0.3125
Right,contig,HTL,WRM,0,0.3,1,508,32,305,21,SDM-HS4,arc labels,,0.5655199579831933,0.29411764705882354,0.15625
Right,contig,HTL,WRM,0,0.3,1,508,32,305,21,SDM-HSsrc,arc labels,,0.6165966386554622,0.5,0.25
Right,contig,HTL,WRM,0,0.3,1,508,32,305,21,SDM-PCA,arc labels,32.0,0.5659138655462185,0.10416666666666667,0.3125
Right,contig,HTL,WRM,0,0.5,1,508,32,498,24,NoAdapt,nothing,,0.5145745798319328,0.5,0.03125
Right,contig,HTL,WRM,0,0.5,1,508,32,498,24,TargetOnly,arc labels,,0.6123949579831933,0.4,0.25
Right,contig,HTL,WRM,0,0.5,1,508,32,498,24,Source+Target,arc labels,,0.515625,1.0,0.03125
Right,contig,HTL,WRM,0,0.5,1,508,32,498,24,COT,arc labels,,0.6084558823529411,0.11764705882352941,0.4375
Right,contig,HTL,WRM,0,0.5,1,508,32,498,24,none-HS4,arc labels,,0.5145745798319328,0.5,0.03125
Right,contig,HTL,WRM,0,0.5,1,508,32,498,24,none-HSsrc,nothing,,0.5145745798319328,0.5,0.03125
Right,contig,HTL,WRM,0,0.5,1,508,32,498,24,none-PCA,arc segments,32.0,0.4943539915966387,0.05660377358490566,0.09375
Right,contig,HTL,WRM,0,0.5,1,508,32,498,24,QOTu-HS4,arc labels,,0.5790441176470589,0.3,0.1875
Right,contig,HTL,WRM,0,0.5,1,508,32,498,24,QOTu-HSsrc,arc segments,,0.5936186974789917,0.3181818181818182,0.21875
Right,contig,HTL,WRM,0,0.5,1,508,32,498,24,QOTu-PCA,arc segments,32.0,0.5765493697478992,0.12857142857142856,0.28125
Right,contig,HTL,WRM,0,0.5,1,508,32,498,24,QOTc-HS4,arc labels,,0.5676207983193278,0.3333333333333333,0.15625
Right,contig,HTL,WRM,0,0.5,1,508,32,498,24,QOTc-HSsrc,arc labels,,0.5853466386554622,0.42857142857142855,0.1875
Right,contig,HTL,WRM,0,0.5,1,508,32,498,24,QOTc-PCA,arc labels,64.0,0.5640756302521008,0.12121212121212122,0.25
Right,contig,HTL,WRM,0,0.5,1,508,32,498,24,SDM-HS4,arc labels,,0.6081932773109244,0.3333333333333333,0.25
Right,contig,HTL,WRM,0,0.5,1,508,32,498,24,SDM-HSsrc,arc labels,,0.6362920168067228,0.3448275862068966,0.3125
Right,contig,HTL,WRM,0,0.5,1,508,32,498,24,SDM-PCA,arc labels,32.0,0.6024159663865547,0.12903225806451613,0.375
Right,contig,HTL,WRM,1,0.05,0,508,19,51,0,NoAdapt,nothing,,0.5252932945861587,0.5,0.05263157894736842
Right,contig,HTL,WRM,1,0.05,0,508,19,51,0,TargetOnly,arc labels,,,,
Right,contig,HTL,WRM,1,0.05,0,508,19,51,0,Source+Target,arc labels,,,,
Right,contig,HTL,WRM,1,0.05,0,508,19,51,0,COT,arc labels,,,,
Right,contig,HTL,WRM,1,0.05,0,508,19,51,0,none-HS4,arc labels,,,,
Right,contig,HTL,WRM,1,0.05,0,508,19,51,0,none-HSsrc,nothing,,0.49897750511247446,0.0,0.0
Right,contig,HTL,WRM,1,0.05,0,508,19,51,0,none-PCA,arc segments,64.0,0.5145301905069422,0.045454545454545456,0.15789473684210525
Right,contig,HTL,WRM,1,0.05,0,508,19,51,0,QOTu-HS4,arc labels,,,,
Right,contig,HTL,WRM,1,0.05,0,508,19,51,0,QOTu-HSsrc,arc segments,,0.5890646862555161,0.05314009661835749,0.5789473684210527
Right,contig,HTL,WRM,1,0.05,0,508,19,51,0,QOTu-PCA,arc segments,32.0,0.556883005058659,0.04864864864864865,0.47368421052631576
Right,contig,HTL,WRM,1,0.05,0,508,19,51,0,QOTc-HS4,arc labels,,,,
Right,contig,HTL,WRM,1,0.05,0,508,19,51,0,QOTc-HSsrc,arc labels,,,,
Right,contig,HTL,WRM,1,0.05,0,508,19,51,0,QOTc-PCA,arc labels,,,,
Right,contig,HTL,WRM,1,0.05,0,508,19,51,0,SDM-HS4,arc labels,,,,
Right,contig,HTL,WRM,1,0.05,0,508,19,51,0,SDM-HSsrc,arc labels,,,,
Right,contig,HTL,WRM,1,0.05,0,508,19,51,0,SDM-PCA,arc labels,,,,
Right,contig,HTL,WRM,1,0.1,1,508,19,102,3,NoAdapt,nothing,,0.5252932945861587,0.5,0.05263157894736842
Right,contig,HTL,WRM,1,0.1,1,508,19,102,3,TargetOnly,arc labels,,0.6679582391561726,0.056782334384858045,0.9473684210526315
Right,contig,HTL,WRM,1,0.1,1,508,19,102,3,Source+Target,arc labels,,0.49897750511247446,0.0,0.0
Right,contig,HTL,WRM,1,0.1,1,508,19,102,3,COT,arc labels,,0.6134969325153374,0.04785894206549118,1.0
Right,contig,HTL,WRM,1,0.1,1,508,19,102,3,none-HS4,arc labels,,0.5252932945861587,0.5,0.05263157894736842
Right,contig,HTL,WRM,1,0.1,1,508,19,102,3,none-HSsrc,nothing,,0.49897750511247446,0.0,0.0
Right,contig,HTL,WRM,1,0.1,1,508,19,102,3,none-PCA,arc segments,64.0,0.5145301905069422,0.045454545454545456,0.15789473684210525
Right,contig,HTL,WRM,1,0.1,1,508,19,102,3,QOTu-HS4,arc labels,,0.6292110644709934,0.07092198581560284,0.5263157894736842
Right,contig,HTL,WRM,1,0.1,1,508,19,102,3,QOTu-HSsrc,arc segments,,0.48412442148315576,0.028985507246376812,0.10526315789473684
Right,contig,HTL,WRM,1,0.1,1,508,19,102,3,QOTu-PCA,arc segments,32.0,0.6419653428048648,0.06593406593406594,0.631578947368421
Right,contig,HTL,WRM,1,0.1,1,508,19,102,3,QOTc-HS4,arc labels,,0.6391131202238726,0.05660377358490566,0.7894736842105263
Right,contig,HTL,WRM,1,0.1,1,508,19,102,3,QOTc-HSsrc,arc labels,,0.6071467011085997,0.04953560371517028,0.8421052631578947
Right,contig,HTL,WRM,1,0.1,1,508,19,102,3,QOTc-PCA,arc labels,16.0,0.6046173716499839,0.051470588235294115,0.7368421052631579
Right,contig,HTL,WRM,1,0.1,1,508,19,102,3,SDM-HS4,arc labels,,0.6825422451835109,0.06159420289855073,0.8947368421052632
Right,contig,HTL,WRM,1,0.1,1,508,19,102,3,SDM-HSsrc,arc labels,,0.6503605639866538,0.05905511811023622,0.7894736842105263
Right,contig,HTL,WRM,1,0.1,1,508,19,102,3,SDM-PCA,arc labels,4.0,0.64395651705952,0.05574912891986063,0.8421052631578947
Right,contig,HTL,WRM,1,0.2,1,508,19,203,10,NoAdapt,nothing,,0.5252932945861587,0.5,0.05263157894736842
Right,contig,HTL,WRM,1,0.2,1,508,19,203,10,TargetOnly,arc labels,,0.5849747067054138,0.052132701421800945,0.5789473684210527
Right,contig,HTL,WRM,1,0.2,1,508,19,203,10,Source+Target,arc labels,,0.49897750511247446,0.0,0.0
Right,contig,HTL,WRM,1,0.2,1,508,19,203,10,COT,arc labels,,0.535410612420622,0.043689320388349516,0.47368421052631576
Right,contig,HTL,WRM,1,0.2,1,508,19,203,10,none-HS4,arc labels,,0.49897750511247446,0.0,0.0
Right,contig,HTL,WRM,1,0.2,1,508,19,203,10,none-HSsrc,nothing,,0.49897750511247446,0.0,0.0
Right,contig,HTL,WRM,1,0.2,1,508,19,203,10,none-PCA,arc segments,16.0,0.5454741147346895,0.2222222222222222,0.10526315789473684
Right,contig,HTL,WRM,1,0.2,1,508,19,203,10,QOTu-HS4,arc labels,,0.5383166505220105,0.125,0.10526315789473684
Right,contig,HTL,WRM,1,0.2,1,508,19,203,10,QOTu-HSsrc,arc segments,,0.5413841351845872,0.15384615384615385,0.10526315789473684
Right,contig,HTL,WRM,1,0.2,1,508,19,203,10,QOTu-PCA,arc segments,16.0,0.5362716607469594,0.1111111111111111,0.10526315789473684
Right,contig,HTL,WRM,1,0.2,1,508,19,203,10,QOTc-HS4,arc labels,,0.6117748358626628,0.052830188679245285,0.7368421052631579
Right,contig,HTL,WRM,1,0.2,1,508,19,203,10,QOTc-HSsrc,arc labels,,0.5055968141211926,0.041666666666666664,0.10526315789473684
Right,contig,HTL,WRM,1,0.2,1,508,19,203,10,QOTc-PCA,arc labels,32.0,0.6245829297169303,0.06030150753768844,0.631578947368421
Right,contig,HTL,WRM,1,0.2,1,508,19,203,10,SDM-HS4,arc labels,,0.6682811322785491,0.07103825136612021,0.6842105263157895
Right,contig,HTL,WRM,1,0.2,1,508,19,203,10,SDM-HSsrc,arc labels,,0.49843934990851363,0.03636363636363636,0.10526315789473684
Right,contig,HTL,WRM,1,0.2,1,508,19,203,10,SDM-PCA,arc labels,64.0,0.6255516090840598,0.05245901639344262,0.8421052631578947
Right,contig,HTL,WRM,1,0.3,1,508,19,305,27,NoAdapt,nothing,,0.5252932945861587,0.5,0.05263157894736842
Right,contig,HTL,WRM,1,0.3,1,508,19,305,27,TargetOnly,arc labels,,0.6251210849208912,0.06896551724137931,0.5263157894736842
Right,contig,HTL,WRM,1,0.3,1,508,19,305,27,Source+Target,arc labels,,0.5252932945861587,0.5,0.05263157894736842
Right,contig,HTL,WRM,1,0.3,1,508,19,305,27,COT,arc labels,,0.5371865245936929,0.04329004329004329,0.5263157894736842
Right,contig,HTL,WRM,1,0.3,1,508,19,305,27,none-HS4,arc labels,,0.5252932945861587,0.5,0.05263157894736842
Right,contig,HTL,WRM,1,0.3,1,508,19,305,27,none-HSsrc,nothing,,0.49897750511247446,0.0,0.0
Right,contig,HTL,WRM,1,0.3,1,508,19,305,27,none-PCA,arc segments,16.0,0.5454741147346895,0.2222222222222222,0.10526315789473684
Right,contig,HTL,WRM,1,0.3,1,508,19,305,27,QOTu-HS4,arc labels,,0.5413841351845872,0.15384615384615385,0.10526315789473684
Right,contig,HTL,WRM,1,0.3,1,508,19,305,27,QOTu-HSsrc,arc segments,,0.5403616402970617,0.14285714285714285,0.10526315789473684
Right,contig,HTL,WRM,1,0.3,1,508,19,305,27,QOTu-PCA,arc segments,16.0,0.5362716607469594,0.1111111111111111,0.10526315789473684
Right,contig,HTL,WRM,1,0.3,1,508,19,305,27,QOTc-HS4,arc labels,,0.5045743192336669,0.04081632653061224,0.10526315789473684
Right,contig,HTL,WRM,1,0.3,1,508,19,305,27,QOTc-HSsrc,arc labels,,0.5096867936712948,0.045454545454545456,0.10526315789473684
Right,contig,HTL,WRM,1,0.3,1,508,19,305,27,QOTc-PCA,arc labels,64.0,0.5788397373802605,0.05069124423963134,0.5789473684210527
Right,contig,HTL,WRM,1,0.3,1,508,19,305,27,SDM-HS4,arc labels,,0.49741685502098804,0.03571428571428571,0.10526315789473684
Right,contig,HTL,WRM,1,0.3,1,508,19,305,27,SDM-HSsrc,arc labels,,0.5015068345710902,0.038461538461538464,0.10526315789473684
Right,contig,HTL,WRM,1,0.3,1,508,19,305,27,SDM-PCA,arc labels,64.0,0.5793240770638253,0.04814814814814815,0.6842105263157895
Right,contig,HTL,WRM,1,0.5,1,508,19,487,40,NoAdapt,nothing,,0.5252932945861587,0.5,0.05263157894736842
Right,contig,HTL,WRM,1,0.5,1,508,19,487,40,TargetOnly,arc labels,,0.4953718652459369,0.034482758620689655,0.10526315789473684
Right,contig,HTL,WRM,1,0.5,1,508,19,487,40,Source+Target,arc labels,,0.5252932945861587,0.5,0.05263157894736842
Right,contig,HTL,WRM,1,0.5,1,508,19,487,40,COT,arc labels,,0.5160370250780325,0.0423728813559322,0.2631578947368421
Right,contig,HTL,WRM,1,0.5,1,508,19,487,40,none-HS4,arc labels,,0.5252932945861587,0.5,0.05263157894736842
Right,contig,HTL,WRM,1,0.5,1,508,19,487,40,none-HSsrc,nothing,,0.49897750511247446,0.0,0.0
Right,contig,HTL,WRM,1,0.5,1,508,19,487,40,none-PCA,arc segments,16.0,0.5454741147346895,0.2222222222222222,0.10526315789473684
Right,contig,HTL,WRM,1,0.5,1,508,19,487,40,QOTu-HS4,arc labels,,0.5424066300721129,0.16666666666666666,0.10526315789473684
Right,contig,HTL,WRM,1,0.5,1,508,19,487,40,QOTu-HSsrc,arc segments,,0.5403616402970617,0.14285714285714285,0.10526315789473684
Right,contig,HTL,WRM,1,0.5,1,508,19,487,40,QOTu-PCA,arc segments,16.0,0.5229792272091272,0.06451612903225806,0.10526315789473684
Right,contig,HTL,WRM,1,0.5,1,508,19,487,40,QOTc-HS4,arc labels,,0.5454741147346895,0.2222222222222222,0.10526315789473684
Right,contig,HTL,WRM,1,0.5,1,508,19,487,40,QOTc-HSsrc,arc labels,,0.5383166505220105,0.125,0.10526315789473684
Right,contig,HTL,WRM,1,0.5,1,508,19,487,40,QOTc-PCA,arc labels,64.0,0.49666343773544286,0.03333333333333333,0.05263157894736842
Right,contig,HTL,WRM,1,0.5,1,508,19,487,40,SDM-HS4,arc labels,,0.5308901087073512,0.06,0.15789473684210525
Right,contig,HTL,WRM,1,0.5,1,508,19,487,40,SDM-HSsrc,arc labels,,0.5076418038962437,0.043478260869565216,0.10526315789473684
Right,contig,HTL,WRM,1,0.5,1,508,19,487,40,SDM-PCA,arc labels,64.0,0.5095791626305026,0.03875968992248062,0.5263157894736842
Right,contig,HTL,WRM,2,0.05,0,508,18,51,0,NoAdapt,nothing,,0.5236961451247165,0.2,0.05555555555555555
Right,contig,HTL,WRM,2,0.05,0,508,18,51,0,TargetOnly,arc labels,,,,
Right,contig,HTL,WRM,2,0.05,0,508,18,51,0,Source+Target,arc labels,,,,
Right,contig,HTL,WRM,2,0.05,0,508,18,51,0,COT,arc labels,,,,
Right,contig,HTL,WRM,2,0.05,0,508,18,51,0,none-HS4,arc labels,,,,
Right,contig,HTL,WRM,2,0.05,0,508,18,51,0,none-HSsrc,nothing,,0.4989795918367347,0.0,0.0
Right,contig,HTL,WRM,2,0.05,0,508,18,51,0,none-PCA,arc segments,8.0,0.5341269841269841,0.08695652173913043,0.1111111111111111
Right,contig,HTL,WRM,2,0.05,0,508,18,51,0,QOTu-HS4,arc labels,,,,
Right,contig,HTL,WRM,2,0.05,0,508,18,51,0,QOTu-HSsrc,arc segments,,0.4841269841269841,0.027777777777777776,0.1111111111111111
Right,contig,HTL,WRM,2,0.05,0,508,18,51,0,QOTu-PCA,arc segments,16.0,0.5890022675736961,0.05128205128205128,0.5555555555555556
Right,contig,HTL,WRM,2,0.05,0,508,18,51,0,QOTc-HS4,arc labels,,,,
Right,contig,HTL,WRM,2,0.05,0,508,18,51,0,QOTc-HSsrc,arc labels,,,,
Right,contig,HTL,WRM,2,0.05,0,508,18,51,0,QOTc-PCA,arc labels,,,,
Right,contig,HTL,WRM,2,0.05,0,508,18,51,0,SDM-HS4,arc labels,,,,
Right,contig,HTL,WRM,2,0.05,0,508,18,51,0,SDM-HSsrc,arc labels,,,,
Right,contig,HTL,WRM,2,0.05,0,508,18,51,0,SDM-PCA,arc labels,,,,
Right,contig,HTL,WRM,2,0.1,0,508,18,102,1,NoAdapt,nothing,,0.5236961451247165,0.2,0.05555555555555555
Right,contig,HTL,WRM,2,0.1,0,508,18,102,1,TargetOnly,arc labels,,,,
Right,contig,HTL,WRM,2,0.1,0,508,18,102,1,Source+Target,arc labels,,,,
Right,contig,HTL,WRM,2,0.1,0,508,18,102,1,COT,arc labels,,,,
Right,contig,HTL,WRM,2,0.1,0,508,18,102,1,none-HS4,arc labels,,,,
Right,contig,HTL,WRM,2,0.1,0,508,18,102,1,none-HSsrc,nothing,,0.4989795918367347,0.0,0.0
Right,contig,HTL,WRM,2,0.1,0,508,18,102,1,none-PCA,arc segments,8.0,0.5361678004535148,0.09523809523809523,0.1111111111111111
Right,contig,HTL,WRM,2,0.1,0,508,18,102,1,QOTu-HS4,arc labels,,,,
Right,contig,HTL,WRM,2,0.1,0,508,18,102,1,QOTu-HSsrc,arc segments,,0.523922902494331,0.06060606060606061,0.1111111111111111
Right,contig,HTL,WRM,2,0.1,0,508,18,102,1,QOTu-PCA,arc segments,8.0,0.5024943310657596,0.037037037037037035,0.1111111111111111
Right,contig,HTL,WRM,2,0.1,0,508,18,102,1,QOTc-HS4,arc labels,,,,
Right,contig,HTL,WRM,2,0.1,0,508,18,102,1,QOTc-HSsrc,arc labels,,,,
Right,contig,HTL,WRM,2,0.1,0,508,18,102,1,QOTc-PCA,arc labels,,,,
Right,contig,HTL,WRM,2,0.1,0,508,18,102,1,SDM-HS4,arc labels,,,,
Right,contig,HTL,WRM,2,0.1,0,508,18,102,1,SDM-HSsrc,arc labels,,,,
Right,contig,HTL,WRM,2,0.1,0,508,18,102,1,SDM-PCA,arc labels,,,,
Right,contig,HTL,WRM,2,0.2,1,508,18,203,3,NoAdapt,nothing,,0.5236961451247165,0.2,0.05555555555555555
Right,contig,HTL,WRM,2,0.2,1,508,18,203,3,TargetOnly,arc labels,,0.5769841269841269,0.04680851063829787,0.6111111111111112
Right,contig,HTL,WRM,2,0.2,1,508,18,203,3,Source+Target,arc labels,,0.4969387755102041,0.0,0.0
Right,contig,HTL,WRM,2,0.2,1,508,18,203,3,COT,arc labels,,0.563718820861678,0.04435483870967742,0.6111111111111112
Right,contig,HTL,WRM,2,0.2,1,508,18,203,3,none-HS4,arc labels,,0.5236961451247165,0.2,0.05555555555555555
Right,contig,HTL,WRM,2,0.2,1,508,18,203,3,none-HSsrc,nothing,,0.4989795918367347,0.0,0.0
Right,contig,HTL,WRM,2,0.2,1,508,18,203,3,none-PCA,arc segments,8.0,0.5320861678004535,0.08,0.1111111111111111
Right,contig,HTL,WRM,2,0.2,1,508,18,203,3,QOTu-HS4,arc labels,,0.49943310657596374,0.03508771929824561,0.1111111111111111
Right,contig,HTL,WRM,2,0.2,1,508,18,203,3,QOTu-HSsrc,arc segments,,0.5167800453514739,0.05,0.1111111111111111
Right,contig,HTL,WRM,2,0.2,1,508,18,203,3,QOTu-PCA,arc segments,8.0,0.5065759637188209,0.04,0.1111111111111111
Right,contig,HTL,WRM,2,0.2,1,508,18,203,3,QOTc-HS4,arc labels,,0.61281179138322,0.0469208211143695,0.8888888888888888
Right,contig,HTL,WRM,2,0.2,1,508,18,203,3,QOTc-HSsrc,arc labels,,0.5617913832199546,0.04092071611253197,0.8888888888888888
Right,contig,HTL,WRM,2,0.2,1,508,18,203,3,QOTc-PCA,arc labels,64.0,0.5376417233560091,0.05263157894736842,0.2222222222222222
Right,contig,HTL,WRM,2,0.2,1,508,18,203,3,SDM-HS4,arc labels,,0.6103174603174604,0.04878048780487805,0.7777777777777778
Right,contig,HTL,WRM,2,0.2,1,508,18,203,3,SDM-HSsrc,arc labels,,0.5444444444444444,0.0392156862745098,0.8888888888888888
Right,contig,HTL,WRM,2,0.2,1,508,18,203,3,SDM-PCA,arc labels,32.0,0.5290249433106576,0.07142857142857142,0.1111111111111111
Right,contig,HTL,WRM,2,0.3,1,508,18,305,9,NoAdapt,nothing,,0.5236961451247165,0.2,0.05555555555555555
Right,contig,HTL,WRM,2,0.3,1,508,18,305,9,TargetOnly,arc labels,,0.5808390022675738,0.04926108374384237,0.5555555555555556
Right,contig,HTL,WRM,2,0.3,1,508,18,305,9,Source+Target,arc labels,,0.4969387755102041,0.0,0.0
Right,contig,HTL,WRM,2,0.3,1,508,18,305,9,COT,arc labels,,0.5287981859410431,0.03937007874015748,0.5555555555555556
Right,contig,HTL,WRM,2,0.3,1,508,18,305,9,none-HS4,arc labels,,0.4969387755102041,0.0,0.0
Right,contig,HTL,WRM,2,0.3,1,508,18,305,9,none-HSsrc,nothing,,0.4989795918367347,0.0,0.0
Right,contig,HTL,WRM,2,0.3,1,508,18,305,9,none-PCA,arc segments,8.0,0.5341269841269841,0.08695652173913043,0.1111111111111111
Right,contig,HTL,WRM,2,0.3,1,508,18,305,9,QOTu-HS4,arc labels,,0.49433106575963714,0.03225806451612903,0.1111111111111111
Right,contig,HTL,WRM,2,0.3,1,508,18,305,9,QOTu-HSsrc,arc segments,,0.48310657596371887,0.0273972602739726,0.1111111111111111
Right,contig,HTL,WRM,2,0.3,1,508,18,305,9,QOTu-PCA,arc segments,8.0,0.4973922902494331,0.03389830508474576,0.1111111111111111
Right,contig,HTL,WRM,2,0.3,1,508,18,305,9,QOTc-HS4,arc labels,,0.6263038548752835,0.0784313725490196,0.4444444444444444
Right,contig,HTL,WRM,2,0.3,1,508,18,305,9,QOTc-HSsrc,arc labels,,0.49943310657596374,0.03508771929824561,0.1111111111111111
Right,contig,HTL,WRM,2,0.3,1,508,18,305,9,QOTc-PCA,arc labels,32.0,0.6018140589569161,0.06349206349206349,0.4444444444444444
Right,contig,HTL,WRM,2,0.3,1,508,18,305,9,SDM-HS4,arc labels,,0.6819727891156463,0.061224489795918366,0.8333333333333334
Right,contig,HTL,WRM,2,0.3,1,508,18,305,9,SDM-HSsrc,arc labels,,0.4841269841269841,0.027777777777777776,0.1111111111111111
Right,contig,HTL,WRM,2,0.3,1,508,18,305,9,SDM-PCA,arc labels,64.0,0.5772108843537415,0.045627376425855515,0.6666666666666666
Right,contig,HTL,WRM,2,0.5,1,508,18,488,37,NoAdapt,nothing,,0.5236961451247165,0.2,0.05555555555555555
Right,contig,HTL,WRM,2,0.5,1,508,18,488,37,TargetOnly,arc labels,,0.5840136054421768,0.06896551724137931,0.3333333333333333
Right,contig,HTL,WRM,2,0.5,1,508,18,488,37,Source+Target,arc labels,,0.5216553287981859,0.14285714285714285,0.05555555555555555
Right,contig,HTL,WRM,2,0.5,1,508,18,488,37,COT,arc labels,,0.5512471655328799,0.04310344827586207,0.5555555555555556
Right,contig,HTL,WRM,2,0.5,1,508,18,488,37,none-HS4,arc labels,,0.5247165532879818,0.25,0.05555555555555555
Right,contig,HTL,WRM,2,0.5,1,508,18,488,37,none-HSsrc,nothing,,0.4989795918367347,0.0,0.0
Right,contig,HTL,WRM,2,0.5,1,508,18,488,37,none-PCA,arc segments,8.0,0.5361678004535148,0.09523809523809523,0.1111111111111111
Right,contig,HTL,WRM,2,0.5,1,508,18,488,37,QOTu-HS4,arc labels,,0.5229024943310657,0.058823529411764705,0.1111111111111111
Right,contig,HTL,WRM,2,0.5,1,508,18,488,37,QOTu-HSsrc,arc segments,,0.523922902494331,0.06060606060606061,0.1111111111111111
Right,contig,HTL,WRM,2,0.5,1,508,18,488,37,QOTu-PCA,arc segments,8.0,0.523922902494331,0.06060606060606061,0.1111111111111111
Right,contig,HTL,WRM,2,0.5,1,508,18,488,37,QOTc-HS4,arc labels,,0.5218820861678004,0.05714285714285714,0.1111111111111111
Right,contig,HTL,WRM,2,0.5,1,508,18,488,37,QOTc-HSsrc,arc labels,,0.5106575963718821,0.043478260869565216,0.1111111111111111
Right,contig,HTL,WRM,2,0.5,1,508,18,488,37,QOTc-PCA,arc labels,64.0,0.48718820861678,0.028985507246376812,0.1111111111111111
Right,contig,HTL,WRM,2,0.5,1,508,18,488,37,SDM-HS4,arc labels,,0.5231292517006803,0.04838709677419355,0.16666666666666666
Right,contig,HTL,WRM,2,0.5,1,508,18,488,37,SDM-HSsrc,arc labels,,0.4963718820861678,0.03333333333333333,0.1111111111111111
Right,contig,HTL,WRM,2,0.5,1,508,18,488,37,SDM-PCA,arc labels,64.0,0.5333333333333333,0.0392156862745098,0.6666666666666666
Right,contig,HTL,WRM,3,0.05,0,508,34,51,0,NoAdapt,nothing,,0.5828989823777613,0.2692307692307692,0.20588235294117646
Right,contig,HTL,WRM,3,0.05,0,508,34,51,0,TargetOnly,arc labels,,,,
Right,contig,HTL,WRM,3,0.05,0,508,34,51,0,Source+Target,arc labels,,,,
Right,contig,HTL,WRM,3,0.05,0,508,34,51,0,COT,arc labels,,,,
Right,contig,HTL,WRM,3,0.05,0,508,34,51,0,none-HS4,arc labels,,,,
Right,contig,HTL,WRM,3,0.05,0,508,34,51,0,none-HSsrc,nothing,,0.5188632414991313,0.16666666666666666,0.058823529411764705
Right,contig,HTL,WRM,3,0.05,0,508,34,51,0,none-PCA,arc segments,32.0,0.5322040208488459,0.0898876404494382,0.23529411764705882
Right,contig,HTL,WRM,3,0.05,0,508,34,51,0,QOTu-HS4,arc labels,,,,
Right,contig,HTL,WRM,3,0.05,0,508,34,51,0,QOTu-HSsrc,arc segments,,0.5859394390667659,0.16981132075471697,0.2647058823529412
Right,contig,HTL,WRM,3,0.05,0,508,34,51,0,QOTu-PCA,arc segments,64.0,0.5827128319682303,0.14084507042253522,0.29411764705882354
Right,contig,HTL,WRM,3,0.05,0,508,34,51,0,QOTc-HS4,arc labels,,,,
Right,contig,HTL,WRM,3,0.05,0,508,34,51,0,QOTc-HSsrc,arc labels,,,,
Right,contig,HTL,WRM,3,0.05,0,508,34,51,0,QOTc-PCA,arc labels,,,,
Right,contig,HTL,WRM,3,0.05,0,508,34,51,0,SDM-HS4,arc labels,,,,
Right,contig,HTL,WRM,3,0.05,0,508,34,51,0,SDM-HSsrc,arc labels,,,,
Right,contig,HTL,WRM,3,0.05,0,508,34,51,0,SDM-PCA,arc labels,,,,
Right,contig,HTL,WRM,3,0.1,0,508,34,102,0,NoAdapt,nothing,,0.5828989823777613,0.2692307692307692,0.20588235294117646
Right,contig,HTL,WRM,3,0.1,0,508,34,102,0,TargetOnly,arc labels,,,,
Right,contig,HTL,WRM,3,0.1,0,508,34,102,0,Source+Target,arc labels,,,,
Right,contig,HTL,WRM,3,0.1,0,508,34,102,0,COT,arc labels,,,,
Right,contig,HTL,WRM,3,0.1,0,508,34,102,0,none-HS4,arc labels,,,,
Right,contig,HTL,WRM,3,0.1,0,508,34,102,0,none-HSsrc,nothing,,0.5188632414991313,0.16666666666666666,0.058823529411764705
Right,contig,HTL,WRM,3,0.1,0,508,34,102,0,none-PCA,arc segments,32.0,0.5311491685281707,0.08888888888888889,0.23529411764705882
Right,contig,HTL,WRM,3,0.1,0,508,34,102,0,QOTu-HS4,arc labels,,,,
Right,contig,HTL,WRM,3,0.1,0,508,34,102,0,QOTu-HSsrc,arc segments,,0.6331595929511045,0.19117647058823528,0.38235294117647056
Right,contig,HTL,WRM,3,0.1,0,508,34,102,0,QOTu-PCA,arc segments,64.0,0.6255894762968479,0.13333333333333333,0.47058823529411764
Right,contig,HTL,WRM,3,0.1,0,508,34,102,0,QOTc-HS4,arc labels,,,,
Right,contig,HTL,WRM,3,0.1,0,508,34,102,0,QOTc-HSsrc,arc labels,,,,
Right,contig,HTL,WRM,3,0.1,0,508,34,102,0,QOTc-PCA,arc labels,,,,
Right,contig,HTL,WRM,3,0.1,0,508,34,102,0,SDM-HS4,arc labels,,,,
Right,contig,HTL,WRM,3,0.1,0,508,34,102,0,SDM-HSsrc,arc labels,,,,
Right,contig,HTL,WRM,3,0.1,0,508,34,102,0,SDM-PCA,arc labels,,,,
Right,contig,HTL,WRM,3,0.2,0,508,34,203,1,NoAdapt,nothing,,0.5828989823777613,0.2692307692307692,0.20588235294117646
Right,contig,HTL,WRM,3,0.2,0,508,34,203,1,TargetOnly,arc labels,,,,
Right,contig,HTL,WRM,3,0.2,0,508,34,203,1,Source+Target,arc labels,,,,
Right,contig,HTL,WRM,3,0.2,0,508,34,203,1,COT,arc labels,,,,
Right,contig,HTL,WRM,3,0.2,0,508,34,203,1,none-HS4,arc labels,,,,
Right,contig,HTL,WRM,3,0.2,0,508,34,203,1,none-HSsrc,nothing,,0.5188632414991313,0.16666666666666666,0.058823529411764705
Right,contig,HTL,WRM,3,0.2,0,508,34,203,1,none-PCA,arc segments,32.0,0.5322040208488459,0.0898876404494382,0.23529411764705882
Right,contig,HTL,WRM,3,0.2,0,508,34,203,1,QOTu-HS4,arc labels,,,,
Right,contig,HTL,WRM,3,0.2,0,508,34,203,1,QOTu-HSsrc,arc segments,,0.6088359394390668,0.1320754716981132,0.4117647058823529
Right,contig,HTL,WRM,3,0.2,0,508,34,203,1,QOTu-PCA,arc segments,64.0,0.6587862993298585,0.11210762331838565,0.7352941176470589
Right,contig,HTL,WRM,3,0.2,0,508,34,203,1,QOTc-HS4,arc labels,,,,
Right,contig,HTL,WRM,3,0.2,0,508,34,203,1,QOTc-HSsrc,arc labels,,,,
Right,contig,HTL,WRM,3,0.2,0,508,34,203,1,QOTc-PCA,arc labels,,,,
Right,contig,HTL,WRM,3,0.2,0,508,34,203,1,SDM-HS4,arc labels,,,,
Right,contig,HTL,WRM,3,0.2,0,508,34,203,1,SDM-HSsrc,arc labels,,,,
Right,contig,HTL,WRM,3,0.2,0,508,34,203,1,SDM-PCA,arc labels,,,,
Right,contig,HTL,WRM,3,0.3,1,508,34,305,3,NoAdapt,nothing,,0.5828989823777613,0.2692307692307692,0.20588235294117646
Right,contig,HTL,WRM,3,0.3,1,508,34,305,3,TargetOnly,arc labels,,0.527488210474063,0.07511737089201878,0.47058823529411764
Right,contig,HTL,WRM,3,0.3,1,508,34,305,3,Source+Target,arc labels,,0.5282948622486969,0.16666666666666666,0.08823529411764706
Right,contig,HTL,WRM,3,0.3,1,508,34,305,3,COT,arc labels,,0.5083147182923803,0.06884057971014493,0.5588235294117647
Right,contig,HTL,WRM,3,0.3,1,508,34,305,3,none-HS4,arc labels,,0.56819310002482,0.24,0.17647058823529413
Right,contig,HTL,WRM,3,0.3,1,508,34,305,3,none-HSsrc,nothing,,0.5188632414991313,0.16666666666666666,0.058823529411764705
Right,contig,HTL,WRM,3,0.3,1,508,34,305,3,none-PCA,arc segments,32.0,0.5322040208488459,0.0898876404494382,0.23529411764705882
Right,contig,HTL,WRM,3,0.3,1,508,34,305,3,QOTu-HS4,arc labels,,0.6044924298833457,0.11428571428571428,0.47058823529411764
Right,contig,HTL,WRM,3,0.3,1,508,34,305,3,QOTu-HSsrc,arc segments,,0.6013899230578308,0.1171875,0.4411764705882353
Right,contig,HTL,WRM,3,0.3,1,508,34,305,3,QOTu-PCA,arc segments,16.0,0.6403574087862993,0.1509433962264151,0.47058823529411764
Right,contig,HTL,WRM,3,0.3,1,508,34,305,3,QOTc-HS4,arc labels,,0.5864358401588483,0.0962566844919786,0.5294117647058824
Right,contig,HTL,WRM,3,0.3,1,508,34,305,3,QOTc-HSsrc,arc labels,,0.6615785554728221,0.1,0.9117647058823529
Right,contig,HTL,WRM,3,0.3,1,508,34,305,3,QOTc-PCA,arc labels,64.0,0.5092454703400348,0.0784313725490196,0.11764705882352941
Right,contig,HTL,WRM,3,0.3,1,508,34,305,3,SDM-HS4,arc labels,,0.6009555721022586,0.0944206008583691,0.6470588235294118
Right,contig,HTL,WRM,3,0.3,1,508,34,305,3,SDM-HSsrc,arc labels,,0.6804417969719534,0.10248447204968944,0.9705882352941176
Right,contig,HTL,WRM,3,0.3,1,508,34,305,3,SDM-PCA,arc labels,16.0,0.5241995532390171,0.07317073170731707,0.5294117647058824
Right,contig,HTL,WRM,3,0.5,1,508,34,487,23,NoAdapt,nothing,,0.5828989823777613,0.2692307692307692,0.20588235294117646
Right,contig,HTL,WRM,3,0.5,1,508,34,487,23,TargetOnly,arc labels,,0.5945023579051874,0.08921933085501858,0.7058823529411765
Right,contig,HTL,WRM,3,0.5,1,508,34,487,23,Source+Target,arc labels,,0.5639736907421197,0.20689655172413793,0.17647058823529413
Right,contig,HTL,WRM,3,0.5,1,508,34,487,23,COT,arc labels,,0.5577686770910897,0.08108108108108109,0.6176470588235294
Right,contig,HTL,WRM,3,0.5,1,508,34,487,23,none-HS4,arc labels,,0.5839538346984363,0.28,0.20588235294117646
Right,contig,HTL,WRM,3,0.5,1,508,34,487,23,none-HSsrc,nothing,,0.5188632414991313,0.16666666666666666,0.058823529411764705
Right,contig,HTL,WRM,3,0.5,1,508,34,487,23,none-PCA,arc segments,32.0,0.5353685778108712,0.09302325581395349,0.23529411764705882
Right,contig,HTL,WRM,3,0.5,1,508,34,487,23,QOTu-HS4,arc labels,,0.6161578555472822,0.13157894736842105,0.4411764705882353
Right,contig,HTL,WRM,3,0.5,1,508,34,487,23,QOTu-HSsrc,arc segments,,0.6024447753785058,0.11811023622047244,0.4411764705882353
Right,contig,HTL,WRM,3,0.5,1,508,34,487,23,QOTu-PCA,arc segments,16.0,0.637192851824274,0.14678899082568808,0.47058823529411764
Right,contig,HTL,WRM,3,0.5,1,508,34,487,23,QOTc-HS4,arc labels,,0.6149789029535865,0.11724137931034483,0.5
Right,contig,HTL,WRM,3,0.5,1,508,34,487,23,QOTc-HSsrc,arc labels,,0.647120873665922,0.10441767068273092,0.7647058823529411
Right,contig,HTL,WRM,3,0.5,1,508,34,487,23,QOTc-PCA,arc labels,32.0,0.4679200794241747,0.05185185185185185,0.20588235294117646
Right,contig,HTL,WRM,3,0.5,1,508,34,487,23,SDM-HS4,arc labels,,0.5382849342268553,0.08391608391608392,0.35294117647058826
Right,contig,HTL,WRM,3,0.5,1,508,34,487,23,SDM-HSsrc,arc labels,,0.6576073467361627,0.1062992125984252,0.7941176470588235
Right,contig,HTL,WRM,3,0.5,1,508,34,487,23,SDM-PCA,arc labels,64.0,0.5544800198560437,0.07876712328767123,0.6764705882352942
Right,contig,HTL,WRM,4,0.05,0,508,32,51,0,NoAdapt,nothing,,0.5883665966386555,0.25925925925925924,0.21875
Right,contig,HTL,WRM,4,0.05,0,508,32,51,0,TargetOnly,arc labels,,,,
Right,contig,HTL,WRM,4,0.05,0,508,32,51,0,Source+Target,arc labels,,,,
Right,contig,HTL,WRM,4,0.05,0,508,32,51,0,COT,arc labels,,,,
Right,contig,HTL,WRM,4,0.05,0,508,32,51,0,none-HS4,arc labels,,,,
Right,contig,HTL,WRM,4,0.05,0,508,32,51,0,none-HSsrc,nothing,,0.5342699579831933,0.2,0.09375
Right,contig,HTL,WRM,4,0.05,0,508,32,51,0,none-PCA,arc segments,16.0,0.5269170168067228,0.13636363636363635,0.09375
Right,contig,HTL,WRM,4,0.05,0,508,32,51,0,QOTu-HS4,arc labels,,,,
Right,contig,HTL,WRM,4,0.05,0,508,32,51,0,QOTu-HSsrc,arc segments,,0.6537552521008403,0.09235668789808917,0.90625
Right,contig,HTL,WRM,4,0.05,0,508,32,51,0,QOTu-PCA,arc segments,16.0,0.6815913865546219,0.11160714285714286,0.78125
Right,contig,HTL,WRM,4,0.05,0,508,32,51,0,QOTc-HS4,arc labels,,,,
Right,contig,HTL,WRM,4,0.05,0,508,32,51,0,QOTc-HSsrc,arc labels,,,,
Right,contig,HTL,WRM,4,0.05,0,508,32,51,0,QOTc-PCA,arc labels,,,,
Right,contig,HTL,WRM,4,0.05,0,508,32,51,0,SDM-HS4,arc labels,,,,
Right,contig,HTL,WRM,4,0.05,0,508,32,51,0,SDM-HSsrc,arc labels,,,,
Right,contig,HTL,WRM,4,0.05,0,508,32,51,0,SDM-PCA,arc labels,,,,
Right,contig,HTL,WRM,4,0.1,0,508,32,102,0,NoAdapt,nothing,,0.5883665966386555,0.25925925925925924,0.21875
Right,contig,HTL,WRM,4,0.1,0,508,32,102,0,TargetOnly,arc labels,,,,
Right,contig,HTL,WRM,4,0.1,0,508,32,102,0,Source+Target,arc labels,,,,
Right,contig,HTL,WRM,4,0.1,0,508,32,102,0,COT,arc labels,,,,
Right,contig,HTL,WRM,4,0.1,0,508,32,102,0,none-HS4,arc labels,,,,
Right,contig,HTL,WRM,4,0.1,0,508,32,102,0,none-HSsrc,nothing,,0.5342699579831933,0.2,0.09375
Right,contig,HTL,WRM,4,0.1,0,508,32,102,0,none-PCA,arc segments,32.0,0.563813025210084,0.10204081632653061,0.3125
Right,contig,HTL,WRM,4,0.1,0,508,32,102,0,QOTu-HS4,arc labels,,,,
Right,contig,HTL,WRM,4,0.1,0,508,32,102,0,QOTu-HSsrc,arc segments,,0.656906512605042,0.0932475884244373,0.90625
Right,contig,HTL,WRM,4,0.1,0,508,32,102,0,QOTu-PCA,arc segments,8.0,0.6668855042016807,0.10504201680672269,0.78125
Right,contig,HTL,WRM,4,0.1,0,508,32,102,0,QOTc-HS4,arc labels,,,,
Right,contig,HTL,WRM,4,0.1,0,508,32,102,0,QOTc-HSsrc,arc labels,,,,
Right,contig,HTL,WRM,4,0.1,0,508,32,102,0,QOTc-PCA,arc labels,,,,
Right,contig,HTL,WRM,4,0.1,0,508,32,102,0,SDM-HS4,arc labels,,,,
Right,contig,HTL,WRM,4,0.1,0,508,32,102,0,SDM-HSsrc,arc labels,,,,
Right,contig,HTL,WRM,4,0.1,0,508,32,102,0,SDM-PCA,arc labels,,,,
Right,contig,HTL,WRM,4,0.2,0,508,32,203,0,NoAdapt,nothing,,0.5883665966386555,0.25925925925925924,0.21875
Right,contig,HTL,WRM,4,0.2,0,508,32,203,0,TargetOnly,arc labels,,,,
Right,contig,HTL,WRM,4,0.2,0,508,32,203,0,Source+Target,arc labels,,,,
Right,contig,HTL,WRM,4,0.2,0,508,32,203,0,COT,arc labels,,,,
Right,contig,HTL,WRM,4,0.2,0,508,32,203,0,none-HS4,arc labels,,,,
Right,contig,HTL,WRM,4,0.2,0,508,32,203,0,none-HSsrc,nothing,,0.5342699579831933,0.2,0.09375
Right,contig,HTL,WRM,4,0.2,0,508,32,203,0,none-PCA,arc segments,32.0,0.563813025210084,0.10204081632653061,0.3125
Right,contig,HTL,WRM,4,0.2,0,508,32,203,0,QOTu-HS4,arc labels,,,,
Right,contig,HTL,WRM,4,0.2,0,508,32,203,0,QOTu-HSsrc,arc segments,,0.6758140756302521,0.12650602409638553,0.65625
Right,contig,HTL,WRM,4,0.2,0,508,32,203,0,QOTu-PCA,arc segments,32.0,0.680672268907563,0.11483253588516747,0.75
Right,contig,HTL,WRM,4,0.2,0,508,32,203,0,QOTc-HS4,arc labels,,,,
Right,contig,HTL,WRM,4,0.2,0,508,32,203,0,QOTc-HSsrc,arc labels,,,,
Right,contig,HTL,WRM,4,0.2,0,508,32,203,0,QOTc-PCA,arc labels,,,,
Right,contig,HTL,WRM,4,0.2,0,508,32,203,0,SDM-HS4,arc labels,,,,
Right,contig,HTL,WRM,4,0.2,0,508,32,203,0,SDM-HSsrc,arc labels,,,,
Right,contig,HTL,WRM,4,0.2,0,508,32,203,0,SDM-PCA,arc labels,,,,
Right,contig,HTL,WRM,4,0.3,0,508,32,305,1,NoAdapt,nothing,,0.5883665966386555,0.25925925925925924,0.21875
Right,contig,HTL,WRM,4,0.3,0,508,32,305,1,TargetOnly,arc labels,,,,
Right,contig,HTL,WRM,4,0.3,0,508,32,305,1,Source+Target,arc labels,,,,
Right,contig,HTL,WRM,4,0.3,0,508,32,305,1,COT,arc labels,,,,
Right,contig,HTL,WRM,4,0.3,0,508,32,305,1,none-HS4,arc labels,,,,
Right,contig,HTL,WRM,4,0.3,0,508,32,305,1,none-HSsrc,nothing,,0.5342699579831933,0.2,0.09375
Right,contig,HTL,WRM,4,0.3,0,508,32,305,1,none-PCA,arc segments,16.0,0.5954569327731092,0.17307692307692307,0.28125
Right,contig,HTL,WRM,4,0.3,0,508,32,305,1,QOTu-HS4,arc labels,,,,
Right,contig,HTL,WRM,4,0.3,0,508,32,305,1,QOTu-HSsrc,arc segments,,0.6706932773109244,0.12903225806451613,0.625
Right,contig,HTL,WRM,4,0.3,0,508,32,305,1,QOTu-PCA,arc segments,16.0,0.6687237394957983,0.1347517730496454,0.59375
Right,contig,HTL,WRM,4,0.3,0,508,32,305,1,QOTc-HS4,arc labels,,,,
Right,contig,HTL,WRM,4,0.3,0,508,32,305,1,QOTc-HSsrc,arc labels,,,,
Right,contig,HTL,WRM,4,0.3,0,508,32,305,1,QOTc-PCA,arc labels,,,,
Right,contig,HTL,WRM,4,0.3,0,508,32,305,1,SDM-HS4,arc labels,,,,
Right,contig,HTL,WRM,4,0.3,0,508,32,305,1,SDM-HSsrc,arc labels,,,,
Right,contig,HTL,WRM,4,0.3,0,508,32,305,1,SDM-PCA,arc labels,,,,
Right,contig,HTL,WRM,4,0.5,1,508,32,487,27,NoAdapt,nothing,,0.5883665966386555,0.25925925925925924,0.21875
Right,contig,HTL,WRM,4,0.5,1,508,32,487,27,TargetOnly,arc labels,,0.6013655462184874,0.09049773755656108,0.625
Right,contig,HTL,WRM,4,0.5,1,508,32,487,27,Source+Target,arc labels,,0.5706407563025211,0.21428571428571427,0.1875
Right,contig,HTL,WRM,4,0.5,1,508,32,487,27,COT,arc labels,,0.6372111344537815,0.1111111111111111,0.59375
Right,contig,HTL,WRM,4,0.5,1,508,32,487,27,none-HS4,arc labels,,0.5925682773109244,0.30434782608695654,0.21875
Right,contig,HTL,WRM,4,0.5,1,508,32,487,27,none-HSsrc,nothing,,0.5342699579831933,0.2,0.09375
Right,contig,HTL,WRM,4,0.5,1,508,32,487,27,none-PCA,arc segments,32.0,0.5659138655462185,0.10416666666666667,0.3125
Right,contig,HTL,WRM,4,0.5,1,508,32,487,27,QOTu-HS4,arc labels,,0.6643907563025211,0.12422360248447205,0.625
Right,contig,HTL,WRM,4,0.5,1,508,32,487,27,QOTu-HSsrc,arc segments,,0.6706932773109244,0.12903225806451613,0.625
Right,contig,HTL,WRM,4,0.5,1,508,32,487,27,QOTu-PCA,arc segments,4.0,0.68421743697479,0.13291139240506328,0.65625
Right,contig,HTL,WRM,4,0.5,1,508,32,487,27,QOTc-HS4,arc labels,,0.5379464285714286,0.07425742574257425,0.46875
Right,contig,HTL,WRM,4,0.5,1,508,32,487,27,QOTc-HSsrc,arc labels,,0.5409663865546219,0.07441860465116279,0.5
Right,contig,HTL,WRM,4,0.5,1,508,32,487,27,QOTc-PCA,arc labels,64.0,0.49816176470588236,0.061855670103092786,0.1875
Right,contig,HTL,WRM,4,0.5,1,508,32,487,27,SDM-HS4,arc labels,,0.4653361344537815,0.05574912891986063,0.5
Right,contig,HTL,WRM,4,0.5,1,508,32,487,27,SDM-HSsrc,arc labels,,0.5294117647058824,0.07079646017699115,0.5
Right,contig,HTL,WRM,4,0.5,1,508,32,487,27,SDM-PCA,arc labels,32.0,0.44721638655462187,0.04784688995215311,0.3125
Right,contig,HTL,WRM,5,0.05,0,508,32,51,0,NoAdapt,nothing,,0.5883665966386555,0.25925925925925924,0.21875
Right,contig,HTL,WRM,5,0.05,0,508,32,51,0,TargetOnly,arc labels,,,,
Right,contig,HTL,WRM,5,0.05,0,508,32,51,0,Source+Target,arc labels,,,,
Right,contig,HTL,WRM,5,0.05,0,508,32,51,0,COT,arc labels,,,,
Right,contig,HTL,WRM,5,0.05,0,508,32,51,0,none-HS4,arc labels,,,,
Right,contig,HTL,WRM,5,0.05,0,508,32,51,0,none-HSsrc,nothing,,0.5342699579831933,0.2,0.09375
Right,contig,HTL,WRM,5,0.05,0,508,32,51,0,none-PCA,arc segments,32.0,0.521796218487395,0.07246376811594203,0.3125
Right,contig,HTL,WRM,5,0.05,0,508,32,51,0,QOTu-HS4,arc labels,,,,
Right,contig,HTL,WRM,5,0.05,0,508,32,51,0,QOTu-HSsrc,arc segments,,0.6127888655462185,0.0821529745042493,0.90625
Right,contig,HTL,WRM,5,0.05,0,508,32,51,0,QOTu-PCA,arc segments,32.0,0.6264443277310925,0.08529411764705883,0.90625
Right,contig,HTL,WRM,5,0.05,0,508,32,51,0,QOTc-HS4,arc labels,,,,
Right,contig,HTL,WRM,5,0.05,0,508,32,51,0,QOTc-HSsrc,arc labels,,,,
Right,contig,HTL,WRM,5,0.05,0,508,32,51,0,QOTc-PCA,arc labels,,,,
Right,contig,HTL,WRM,5,0.05,0,508,32,51,0,SDM-HS4,arc labels,,,,
Right,contig,HTL,WRM,5,0.05,0,508,32,51,0,SDM-HSsrc,arc labels,,,,
Right,contig,HTL,WRM,5,0.05,0,508,32,51,0,SDM-PCA,arc labels,,,,
Right,contig,HTL,WRM,5,0.1,0,508,32,102,0,NoAdapt,nothing,,0.5883665966386555,0.25925925925925924,0.21875
Right,contig,HTL,WRM,5,0.1,0,508,32,102,0,TargetOnly,arc labels,,,,
Right,contig,HTL,WRM,5,0.1,0,508,32,102,0,Source+Target,arc labels,,,,
Right,contig,HTL,WRM,5,0.1,0,508,32,102,0,COT,arc labels,,,,
Right,contig,HTL,WRM,5,0.1,0,508,32,102,0,none-HS4,arc labels,,,,
Right,contig,HTL,WRM,5,0.1,0,508,32,102,0,none-HSsrc,nothing,,0.5342699579831933,0.2,0.09375
Right,contig,HTL,WRM,5,0.1,0,508,32,102,0,none-PCA,arc segments,32.0,0.521796218487395,0.07246376811594203,0.3125
Right,contig,HTL,WRM,5,0.1,0,508,32,102,0,QOTu-HS4,arc labels,,,,
Right,contig,HTL,WRM,5,0.1,0,508,32,102,0,QOTu-HSsrc,arc segments,,0.6219800420168067,0.08244680851063829,0.96875
Right,contig,HTL,WRM,5,0.1,0,508,32,102,0,QOTu-PCA,arc segments,32.0,0.6336659663865546,0.08595988538681948,0.9375
Right,contig,HTL,WRM,5,0.1,0,508,32,102,0,QOTc-HS4,arc labels,,,,
Right,contig,HTL,WRM,5,0.1,0,508,32,102,0,QOTc-HSsrc,arc labels,,,,
Right,contig,HTL,WRM,5,0.1,0,508,32,102,0,QOTc-PCA,arc labels,,,,
Right,contig,HTL,WRM,5,0.1,0,508,32,102,0,SDM-HS4,arc labels,,,,
Right,contig,HTL,WRM,5,0.1,0,508,32,102,0,SDM-HSsrc,arc labels,,,,
Right,contig,HTL,WRM,5,0.1,0,508,32,102,0,SDM-PCA,arc labels,,,,
Right,contig,HTL,WRM,5,0.2,0,508,32,203,1,NoAdapt,nothing,,0.5883665966386555,0.25925925925925924,0.21875
Right,contig,HTL,WRM,5,0.2,0,508,32,203,1,TargetOnly,arc labels,,,,
Right,contig,HTL,WRM,5,0.2,0,508,32,203,1,Source+Target,arc labels,,,,
Right,contig,HTL,WRM,5,0.2,0,508,32,203,1,COT,arc labels,,,,
Right,contig,HTL,WRM,5,0.2,0,508,32,203,1,none-HS4,arc labels,,,,
Right,contig,HTL,WRM,5,0.2,0,508,32,203,1,none-HSsrc,nothing,,0.5342699579831933,0.2,0.09375
Right,contig,HTL,WRM,5,0.2,0,508,32,203,1,none-PCA,arc segments,32.0,0.5207457983193278,0.07194244604316546,0.3125
Right,contig,HTL,WRM,5,0.2,0,508,32,203,1,QOTu-HS4,arc labels,,,,
Right,contig,HTL,WRM,5,0.2,0,508,32,203,1,QOTu-HSsrc,arc segments,,0.646796218487395,0.09523809523809523,0.8125
Right,contig,HTL,WRM,5,0.2,0,508,32,203,1,QOTu-PCA,arc segments,32.0,0.603203781512605,0.08764940239043825,0.6875
Right,contig,HTL,WRM,5,0.2,0,508,32,203,1,QOTc-HS4,arc labels,,,,
Right,contig,HTL,WRM,5,0.2,0,508,32,203,1,QOTc-HSsrc,arc labels,,,,
Right,contig,HTL,WRM,5,0.2,0,508,32,203,1,QOTc-PCA,arc labels,,,,
Right,contig,HTL,WRM,5,0.2,0,508,32,203,1,SDM-HS4,arc labels,,,,
Right,contig,HTL,WRM,5,0.2,0,508,32,203,1,SDM-HSsrc,arc labels,,,,
Right,contig,HTL,WRM,5,0.2,0,508,32,203,1,SDM-PCA,arc labels,,,,
Right,contig,HTL,WRM,5,0.3,1,508,32,305,8,NoAdapt,nothing,,0.5883665966386555,0.25925925925925924,0.21875
Right,contig,HTL,WRM,5,0.3,1,508,32,305,8,TargetOnly,arc labels,,0.4736081932773109,0.05357142857142857,0.28125
Right,contig,HTL,WRM,5,0.3,1,508,32,305,8,Source+Target,arc labels,,0.5581670168067228,0.20833333333333334,0.15625
Right,contig,HTL,WRM,5,0.3,1,508,32,305,8,COT,arc labels,,0.5091911764705883,0.06666666666666667,0.3125
Right,contig,HTL,WRM,5,0.3,1,508,32,305,8,none-HS4,arc labels,,0.5644695378151261,0.2777777777777778,0.15625
Right,contig,HTL,WRM,5,0.3,1,508,32,305,8,none-HSsrc,nothing,,0.5342699579831933,0.2,0.09375
Right,contig,HTL,WRM,5,0.3,1,508,32,305,8,none-PCA,arc segments,32.0,0.5207457983193278,0.07194244604316546,0.3125
Right,contig,HTL,WRM,5,0.3,1,508,32,305,8,QOTu-HS4,arc labels,,0.6364233193277311,0.09363295880149813,0.78125
Right,contig,HTL,WRM,5,0.3,1,508,32,305,8,QOTu-HSsrc,arc segments,,0.640625,0.09505703422053231,0.78125
Right,contig,HTL,WRM,5,0.3,1,508,32,305,8,QOTu-PCA,arc segments,32.0,0.6260504201680672,0.09195402298850575,0.75
Right,contig,HTL,WRM,5,0.3,1,508,32,305,8,QOTc-HS4,arc labels,,0.4855567226890756,0.05504587155963303,0.1875
Right,contig,HTL,WRM,5,0.3,1,508,32,305,8,QOTc-HSsrc,arc labels,,0.4951418067226891,0.061611374407582936,0.40625
Right,contig,HTL,WRM,5,0.3,1,508,32,305,8,QOTc-PCA,arc labels,64.0,0.46691176470588236,0.042105263157894736,0.125
Right,contig,HTL,WRM,5,0.3,1,508,32,305,8,SDM-HS4,arc labels,,0.5690651260504201,0.10752688172043011,0.3125
Right,contig,HTL,WRM,5,0.3,1,508,32,305,8,SDM-HSsrc,arc labels,,0.5354516806722689,0.07142857142857142,0.5625
Right,contig,HTL,WRM,5,0.3,1,508,32,305,8,SDM-PCA,arc labels,16.0,0.4678308823529412,0.045454545454545456,0.15625
Right,contig,HTL,WRM,5,0.5,1,508,32,487,27,NoAdapt,nothing,,0.5883665966386555,0.25925925925925924,0.21875
Right,contig,HTL,WRM,5,0.5,1,508,32,487,27,TargetOnly,arc labels,,0.6902573529411764,0.125,0.71875
Right,contig,HTL,WRM,5,0.5,1,508,32,487,27,Source+Target,arc labels,,0.592436974789916,0.20512820512820512,0.25
Right,contig,HTL,WRM,5,0.5,1,508,32,487,27,COT,arc labels,,0.6184348739495799,0.10404624277456648,0.5625
Right,contig,HTL,WRM,5,0.5,1,508,32,487,27,none-HS4,arc labels,,0.5820640756302521,0.21212121212121213,0.21875
Right,contig,HTL,WRM,5,0.5,1,508,32,487,27,none-HSsrc,nothing,,0.5342699579831933,0.2,0.09375
Right,contig,HTL,WRM,5,0.5,1,508,32,487,27,none-PCA,arc segments,32.0,0.5207457983193278,0.07194244604316546,0.3125
Right,contig,HTL,WRM,5,0.5,1,508,32,487,27,QOTu-HS4,arc labels,,0.6471901260504201,0.10222222222222223,0.71875
Right,contig,HTL,WRM,5,0.5,1,508,32,487,27,QOTu-HSsrc,arc segments,,0.6492909663865547,0.1031390134529148,0.71875
Right,contig,HTL,WRM,5,0.5,1,508,32,487,27,QOTu-PCA,arc segments,32.0,0.6156775210084033,0.09019607843137255,0.71875
Right,contig,HTL,WRM,5,0.5,1,508,32,487,27,QOTc-HS4,arc labels,,0.6347163865546219,0.09954751131221719,0.6875
Right,contig,HTL,WRM,5,0.5,1,508,32,487,27,QOTc-HSsrc,arc labels,,0.6379989495798319,0.10396039603960396,0.65625
Right,contig,HTL,WRM,5,0.5,1,508,32,487,27,QOTc-PCA,arc labels,64.0,0.5493697478991597,0.1,0.25
Right,contig,HTL,WRM,5,0.5,1,508,32,487,27,SDM-HS4,arc labels,,0.59703256302521,0.08713692946058091,0.65625
Right,contig,HTL,WRM,5,0.5,1,508,32,487,27,SDM-HSsrc,arc labels,,0.6533613445378151,0.10212765957446808,0.75
Right,contig,HTL,WRM,5,0.5,1,508,32,487,27,SDM-PCA,arc labels,64.0,0.49277836134453784,0.061224489795918366,0.46875
Right,contig,HTL,WRM,6,0.05,0,508,27,51,1,NoAdapt,nothing,,0.6026026026026026,0.21212121212121213,0.25925925925925924
Right,contig,HTL,WRM,6,0.05,0,508,27,51,1,TargetOnly,arc labels,,,,
Right,contig,HTL,WRM,6,0.05,0,508,27,51,1,Source+Target,arc labels,,,,
Right,contig,HTL,WRM,6,0.05,0,508,27,51,1,COT,arc labels,,,,
Right,contig,HTL,WRM,6,0.05,0,508,27,51,1,none-HS4,arc labels,,,,
Right,contig,HTL,WRM,6,0.05,0,508,27,51,1,none-HSsrc,nothing,,0.5368445368445368,0.14285714285714285,0.1111111111111111
Right,contig,HTL,WRM,6,0.05,0,508,27,51,1,none-PCA,arc segments,8.0,0.6198891198891199,0.16666666666666666,0.3333333333333333
Right,contig,HTL,WRM,6,0.05,0,508,27,51,1,QOTu-HS4,arc labels,,,,
Right,contig,HTL,WRM,6,0.05,0,508,27,51,1,QOTu-HSsrc,arc segments,,0.6885346885346886,0.08650519031141868,0.9259259259259259
Right,contig,HTL,WRM,6,0.05,0,508,27,51,1,QOTu-PCA,arc segments,4.0,0.6606606606606606,0.08080808080808081,0.8888888888888888
Right,contig,HTL,WRM,6,0.05,0,508,27,51,1,QOTc-HS4,arc labels,,,,
Right,contig,HTL,WRM,6,0.05,0,508,27,51,1,QOTc-HSsrc,arc labels,,,,
Right,contig,HTL,WRM,6,0.05,0,508,27,51,1,QOTc-PCA,arc labels,,,,
Right,contig,HTL,WRM,6,0.05,0,508,27,51,1,SDM-HS4,arc labels,,,,
Right,contig,HTL,WRM,6,0.05,0,508,27,51,1,SDM-HSsrc,arc labels,,,,
Right,contig,HTL,WRM,6,0.05,0,508,27,51,1,SDM-PCA,arc labels,,,,
Right,contig,HTL,WRM,6,0.1,0,508,27,102,1,NoAdapt,nothing,,0.6026026026026026,0.21212121212121213,0.25925925925925924
Right,contig,HTL,WRM,6,0.1,0,508,27,102,1,TargetOnly,arc labels,,,,
Right,contig,HTL,WRM,6,0.1,0,508,27,102,1,Source+Target,arc labels,,,,
Right,contig,HTL,WRM,6,0.1,0,508,27,102,1,COT,arc labels,,,,
Right,contig,HTL,WRM,6,0.1,0,508,27,102,1,none-HS4,arc labels,,,,
Right,contig,HTL,WRM,6,0.1,0,508,27,102,1,none-HSsrc,nothing,,0.5368445368445368,0.14285714285714285,0.1111111111111111
Right,contig,HTL,WRM,6,0.1,0,508,27,102,1,none-PCA,arc segments,8.0,0.6084546084546084,0.13846153846153847,0.3333333333333333
Right,contig,HTL,WRM,6,0.1,0,508,27,102,1,QOTu-HS4,arc labels,,,,
Right,contig,HTL,WRM,6,0.1,0,508,27,102,1,QOTu-HSsrc,arc segments,,0.6918456918456919,0.0898876404494382,0.8888888888888888
Right,contig,HTL,WRM,6,0.1,0,508,27,102,1,QOTu-PCA,arc segments,4.0,0.6704011704011703,0.088,0.8148148148148148
Right,contig,HTL,WRM,6,0.1,0,508,27,102,1,QOTc-HS4,arc labels,,,,
Right,contig,HTL,WRM,6,0.1,0,508,27,102,1,QOTc-HSsrc,arc labels,,,,
Right,contig,HTL,WRM,6,0.1,0,508,27,102,1,QOTc-PCA,arc labels,,,,
Right,contig,HTL,WRM,6,0.1,0,508,27,102,1,SDM-HS4,arc labels,,,,
Right,contig,HTL,WRM,6,0.1,0,508,27,102,1,SDM-HSsrc,arc labels,,,,
Right,contig,HTL,WRM,6,0.1,0,508,27,102,1,SDM-PCA,arc labels,,,,
Right,contig,HTL,WRM,6,0.2,1,508,27,203,7,NoAdapt,nothing,,0.6026026026026026,0.21212121212121213,0.25925925925925924
Right,contig,HTL,WRM,6,0.2,1,508,27,203,7,TargetOnly,arc labels,,0.5620620620620621,0.09722222222222222,0.25925925925925924
Right,contig,HTL,WRM,6,0.2,1,508,27,203,7,Source+Target,arc labels,,0.5778470778470779,0.15789473684210525,0.2222222222222222
Right,contig,HTL,WRM,6,0.2,1,508,27,203,7,COT,arc labels,,0.5682990682990683,0.10606060606060606,0.25925925925925924
Right,contig,HTL,WRM,6,0.2,1,508,27,203,7,none-HS4,arc labels,,0.5532840532840533,0.16666666666666666,0.14814814814814814
Right,contig,HTL,WRM,6,0.2,1,508,27,203,7,none-HSsrc,nothing,,0.5368445368445368,0.14285714285714285,0.1111111111111111
Right,contig,HTL,WRM,6,0.2,1,508,27,203,7,none-PCA,arc segments,16.0,0.5655655655655656,0.16129032258064516,0.18518518518518517
Right,contig,HTL,WRM,6,0.2,1,508,27,203,7,QOTu-HS4,arc labels,,0.6375991375991377,0.07396449704142012,0.9259259259259259
Right,contig,HTL,WRM,6,0.2,1,508,27,203,7,QOTu-HSsrc,arc segments,,0.6781396781396781,0.08361204013377926,0.9259259259259259
Right,contig,HTL,WRM,6,0.2,1,508,27,203,7,QOTu-PCA,arc segments,16.0,0.6230461230461231,0.07102272727272728,0.9259259259259259
Right,contig,HTL,WRM,6,0.2,1,508,27,203,7,QOTc-HS4,arc labels,,0.4977284977284977,0.047619047619047616,0.037037037037037035
Right,contig,HTL,WRM,6,0.2,1,508,27,203,7,QOTc-HSsrc,arc labels,,0.5196350196350197,0.06382978723404255,0.2222222222222222
Right,contig,HTL,WRM,6,0.2,1,508,27,203,7,QOTc-PCA,arc labels,64.0,0.4904519904519905,0.03571428571428571,0.037037037037037035
Right,contig,HTL,WRM,6,0.2,1,508,27,203,7,SDM-HS4,arc labels,,0.4422499422499423,0.026785714285714284,0.1111111111111111
Right,contig,HTL,WRM,6,0.2,1,508,27,203,7,SDM-HSsrc,arc labels,,0.5354970354970354,0.06493506493506493,0.37037037037037035
Right,contig,HTL,WRM,6,0.2,1,508,27,203,7,SDM-PCA,arc labels,16.0,0.4964964964964965,0.04878048780487805,0.07407407407407407
Right,contig,HTL,WRM,6,0.3,1,508,27,305,7,NoAdapt,nothing,,0.6026026026026026,0.21212121212121213,0.25925925925925924
Right,contig,HTL,WRM,6,0.3,1,508,27,305,7,TargetOnly,arc labels,,0.5620620620620621,0.09722222222222222,0.25925925925925924
Right,contig,HTL,WRM,6,0.3,1,508,27,305,7,Source+Target,arc labels,,0.5582890582890583,0.13157894736842105,0.18518518518518517
Right,contig,HTL,WRM,6,0.3,1,508,27,305,7,COT,arc labels,,0.5733040733040733,0.1,0.2962962962962963
Right,contig,HTL,WRM,6,0.3,1,508,27,305,7,none-HS4,arc labels,,0.5543235543235543,0.17391304347826086,0.14814814814814814
Right,contig,HTL,WRM,6,0.3,1,508,27,305,7,none-HSsrc,nothing,,0.5368445368445368,0.14285714285714285,0.1111111111111111
Right,contig,HTL,WRM,6,0.3,1,508,27,305,7,none-PCA,arc segments,8.0,0.6217756217756218,0.14084507042253522,0.37037037037037035
Right,contig,HTL,WRM,6,0.3,1,508,27,305,7,QOTu-HS4,arc labels,,0.6542311542311543,0.07763975155279502,0.9259259259259259
Right,contig,HTL,WRM,6,0.3,1,508,27,305,7,QOTu-HSsrc,arc segments,,0.6781396781396781,0.08361204013377926,0.9259259259259259
Right,contig,HTL,WRM,6,0.3,1,508,27,305,7,QOTu-PCA,arc segments,16.0,0.6417571417571417,0.0748502994011976,0.9259259259259259
Right,contig,HTL,WRM,6,0.3,1,508,27,305,7,QOTc-HS4,arc labels,,0.4977284977284977,0.047619047619047616,0.037037037037037035
Right,contig,HTL,WRM,6,0.3,1,508,27,305,7,QOTc-HSsrc,arc labels,,0.5163240163240164,0.0603448275862069,0.25925925925925924
Right,contig,HTL,WRM,6,0.3,1,508,27,305,7,QOTc-PCA,arc labels,64.0,0.4904519904519905,0.03571428571428571,0.037037037037037035
Right,contig,HTL,WRM,6,0.3,1,508,27,305,7,SDM-HS4,arc labels,,0.46369446369446365,0.03875968992248062,0.18518518518518517
Right,contig,HTL,WRM,6,0.3,1,508,27,305,7,SDM-HSsrc,arc labels,,0.5290675290675291,0.061452513966480445,0.4074074074074074
Right,contig,HTL,WRM,6,0.3,1,508,27,305,7,SDM-PCA,arc labels,16.0,0.4881804881804882,0.04081632653061224,0.07407407407407407
Right,contig,HTL,WRM,6,0.5,1,508,27,487,32,NoAdapt,nothing,,0.6026026026026026,0.21212121212121213,0.25925925925925924
Right,contig,HTL,WRM,6,0.5,1,508,27,487,32,TargetOnly,arc labels,,0.7061292061292062,0.11235955056179775,0.7407407407407407
Right,contig,HTL,WRM,6,0.5,1,508,27,487,32,Source+Target,arc labels,,0.5992915992915993,0.14545454545454545,0.2962962962962963
Right,contig,HTL,WRM,6,0.5,1,508,27,487,32,COT,arc labels,,0.6855316855316855,0.10614525139664804,0.7037037037037037
Right,contig,HTL,WRM,6,0.5,1,508,27,487,32,none-HS4,arc labels,,0.5963655963655964,0.1794871794871795,0.25925925925925924
Right,contig,HTL,WRM,6,0.5,1,508,27,487,32,none-HSsrc,nothing,,0.5368445368445368,0.14285714285714285,0.1111111111111111
Right,contig,HTL,WRM,6,0.5,1,508,27,487,32,none-PCA,arc segments,8.0,0.6217756217756218,0.14084507042253522,0.37037037037037035
Right,contig,HTL,WRM,6,0.5,1,508,27,487,32,QOTu-HS4,arc labels,,0.7086702086702087,0.09913793103448276,0.8518518518518519
Right,contig,HTL,WRM,6,0.5,1,508,27,487,32,QOTu-HSsrc,arc segments,,0.6897666897666898,0.08921933085501858,0.8888888888888888
Right,contig,HTL,WRM,6,0.5,1,508,27,487,32,QOTu-PCA,arc segments,4.0,0.6993146993146993,0.0954356846473029,0.8518518518518519
Right,contig,HTL,WRM,6,0.5,1,508,27,487,32,QOTc-HS4,arc labels,,0.6583121583121583,0.08928571428571429,0.7407407407407407
Right,contig,HTL,WRM,6,0.5,1,508,27,487,32,QOTc-HSsrc,arc labels,,0.6614306614306614,0.09049773755656108,0.7407407407407407
Right,contig,HTL,WRM,6,0.5,1,508,27,487,32,QOTc-PCA,arc labels,32.0,0.5999460999460999,0.10869565217391304,0.37037037037037035
Right,contig,HTL,WRM,6,0.5,1,508,27,487,32,SDM-HS4,arc labels,,0.5420035420035421,0.06278026905829596,0.5185185185185185
Right,contig,HTL,WRM,6,0.5,1,508,27,487,32,SDM-HSsrc,arc labels,,0.6624701624701624,0.09090909090909091,0.7407407407407407
Right,contig,HTL,WRM,6,0.5,1,508,27,487,32,SDM-PCA,arc labels,64.0,0.5208285208285208,0.05693950177935943,0.5925925925925926
Right,contig,HTL,WRM,7,0.05,1,508,27,51,4,NoAdapt,nothing,,0.6026026026026026,0.21212121212121213,0.25925925925925924
Right,contig,HTL,WRM,7,0.05,1,508,27,51,4,TargetOnly,arc labels,,0.43543543543543545,0.03428571428571429,0.2222222222222222
Right,contig,HTL,WRM,7,0.05,1,508,27,51,4,Source+Target,arc labels,,0.5880495880495881,0.14893617021276595,0.25925925925925924
Right,contig,HTL,WRM,7,0.05,1,508,27,51,4,COT,arc labels,,0.5209440209440209,0.05952380952380952,0.37037037037037035
Right,contig,HTL,WRM,7,0.05,1,508,27,51,4,none-HS4,arc labels,,0.5368445368445368,0.14285714285714285,0.1111111111111111
Right,contig,HTL,WRM,7,0.05,1,508,27,51,4,none-HSsrc,nothing,,0.5368445368445368,0.14285714285714285,0.1111111111111111
Right,contig,HTL,WRM,7,0.05,1,508,27,51,4,none-PCA,arc segments,4.0,0.5378840378840379,0.15,0.1111111111111111
Right,contig,HTL,WRM,7,0.05,1,508,27,51,4,QOTu-HS4,arc labels,,0.6020636020636021,0.06649616368286446,0.9629629629629629
Right,contig,HTL,WRM,7,0.05,1,508,27,51,4,QOTu-HSsrc,arc segments,,0.6544236544236544,0.07920792079207921,0.8888888888888888
Right,contig,HTL,WRM,7,0.05,1,508,27,51,4,QOTu-PCA,arc segments,4.0,0.5904750904750904,0.07476635514018691,0.5925925925925926
Right,contig,HTL,WRM,7,0.05,1,508,27,51,4,QOTc-HS4,arc labels,,0.498960498960499,0.0,0.0
Right,contig,HTL,WRM,7,0.05,1,508,27,51,4,QOTc-HSsrc,arc labels,,0.5142450142450142,0.059322033898305086,0.25925925925925924
Right,contig,HTL,WRM,7,0.05,1,508,27,51,4,QOTc-PCA,arc labels,64.0,0.39866789866789865,0.03225806451612903,0.2962962962962963
Right,contig,HTL,WRM,7,0.05,1,508,27,51,4,SDM-HS4,arc labels,,0.5,0.0,0.0
Right,contig,HTL,WRM,7,0.05,1,508,27,51,4,SDM-HSsrc,arc labels,,0.5256795256795257,0.06542056074766354,0.25925925925925924
Right,contig,HTL,WRM,7,0.05,1,508,27,51,4,SDM-PCA,arc labels,32.0,0.41333641333641336,0.01652892561983471,0.07407407407407407
Right,contig,HTL,WRM,7,0.1,1,508,27,102,7,NoAdapt,nothing,,0.6026026026026026,0.21212121212121213,0.25925925925925924
Right,contig,HTL,WRM,7,0.1,1,508,27,102,7,TargetOnly,arc labels,,0.5487410487410487,0.09090909090909091,0.2222222222222222
Right,contig,HTL,WRM,7,0.1,1,508,27,102,7,Source+Target,arc labels,,0.5838915838915839,0.13725490196078433,0.25925925925925924
Right,contig,HTL,WRM,7,0.1,1,508,27,102,7,COT,arc labels,,0.5458150458150458,0.1,0.18518518518518517
Right,contig,HTL,WRM,7,0.1,1,508,27,102,7,none-HS4,arc labels,,0.5368445368445368,0.14285714285714285,0.1111111111111111
Right,contig,HTL,WRM,7,0.1,1,508,27,102,7,none-HSsrc,nothing,,0.5368445368445368,0.14285714285714285,0.1111111111111111
Right,contig,HTL,WRM,7,0.1,1,508,27,102,7,none-PCA,arc segments,4.0,0.5368445368445368,0.14285714285714285,0.1111111111111111
Right,contig,HTL,WRM,7,0.1,1,508,27,102,7,QOTu-HS4,arc labels,,0.5823130823130823,0.06341463414634146,0.9629629629629629
Right,contig,HTL,WRM,7,0.1,1,508,27,102,7,QOTu-HSsrc,arc segments,,0.6748286748286748,0.08099688473520249,0.9629629629629629
Right,contig,HTL,WRM,7,0.1,1,508,27,102,7,QOTu-PCA,arc segments,4.0,0.5781550781550782,0.06280193236714976,0.9629629629629629
Right,contig,HTL,WRM,7,0.1,1,508,27,102,7,QOTc-HS4,arc labels,,0.4979209979209979,0.0,0.0
Right,contig,HTL,WRM,7,0.1,1,508,27,102,7,QOTc-HSsrc,arc labels,,0.5236775236775237,0.059113300492610835,0.4444444444444444
Right,contig,HTL,WRM,7,0.1,1,508,27,102,7,QOTc-PCA,arc labels,64.0,0.4968814968814969,0.0,0.0
Right,contig,HTL,WRM,7,0.1,1,508,27,102,7,SDM-HS4,arc labels,,0.5,0.0,0.0
Right,contig,HTL,WRM,7,0.1,1,508,27,102,7,SDM-HSsrc,arc labels,,0.4976129976129976,0.05223880597014925,0.25925925925925924
Right,contig,HTL,WRM,7,0.1,1,508,27,102,7,SDM-PCA,arc labels,64.0,0.44367444367444364,0.0136986301369863,0.037037037037037035
Right,contig,HTL,WRM,7,0.2,1,508,27,203,7,NoAdapt,nothing,,0.6026026026026026,0.21212121212121213,0.25925925925925924
Right,contig,HTL,WRM,7,0.2,1,508,27,203,7,TargetOnly,arc labels,,0.5876645876645876,0.10588235294117647,0.3333333333333333
Right,contig,HTL,WRM,7,0.2,1,508,27,203,7,Source+Target,arc labels,,0.5838915838915839,0.13725490196078433,0.25925925925925924
Right,contig,HTL,WRM,7,0.2,1,508,27,203,7,COT,arc labels,,0.5426965426965427,0.09433962264150944,0.18518518518518517
Right,contig,HTL,WRM,7,0.2,1,508,27,203,7,none-HS4,arc labels,,0.5368445368445368,0.14285714285714285,0.1111111111111111
Right,contig,HTL,WRM,7,0.2,1,508,27,203,7,none-HSsrc,nothing,,0.5368445368445368,0.14285714285714285,0.1111111111111111
Right,contig,HTL,WRM,7,0.2,1,508,27,203,7,none-PCA,arc segments,4.0,0.5368445368445368,0.14285714285714285,0.1111111111111111
Right,contig,HTL,WRM,7,0.2,1,508,27,203,7,QOTu-HS4,arc labels,,0.5625625625625625,0.06060606060606061,0.9629629629629629
Right,contig,HTL,WRM,7,0.2,1,508,27,203,7,QOTu-HSsrc,arc segments,,0.6228536228536228,0.07008086253369272,0.9629629629629629
Right,contig,HTL,WRM,7,0.2,1,508,27,203,7,QOTu-PCA,arc segments,4.0,0.5781550781550782,0.06280193236714976,0.9629629629629629
Right,contig,HTL,WRM,7,0.2,1,508,27,203,7,QOTc-HS4,arc labels,,0.46465696465696466,0.0,0.0
Right,contig,HTL,WRM,7,0.2,1,508,27,203,7,QOTc-HSsrc,arc labels,,0.5401170401170401,0.06310679611650485,0.48148148148148145
Right,contig,HTL,WRM,7,0.2,1,508,27,203,7,QOTc-PCA,arc labels,32.0,0.5102025102025102,0.1111111111111111,0.037037037037037035
Right,contig,HTL,WRM,7,0.2,1,508,27,203,7,SDM-HS4,arc labels,,0.5031955031955032,0.054945054945054944,0.18518518518518517
Right,contig,HTL,WRM,7,0.2,1,508,27,203,7,SDM-HSsrc,arc labels,,0.5247170247170247,0.0594059405940594,0.4444444444444444
Right,contig,HTL,WRM,7,0.2,1,508,27,203,7,SDM-PCA,arc labels,64.0,0.49110649110649107,0.046153846153846156,0.1111111111111111
Right,contig,HTL,WRM,7,0.3,1,508,27,305,11,NoAdapt,nothing,,0.6026026026026026,0.21212121212121213,0.25925925925925924
Right,contig,HTL,WRM,7,0.3,1,508,27,305,11,TargetOnly,arc labels,,0.5853930853930853,0.09433962264150944,0.37037037037037035
Right,contig,HTL,WRM,7,0.3,1,508,27,305,11,Source+Target,arc labels,,0.5695310695310696,0.13043478260869565,0.2222222222222222
Right,contig,HTL,WRM,7,0.3,1,508,27,305,11,COT,arc labels,,0.5926695926695926,0.10101010101010101,0.37037037037037035
Right,contig,HTL,WRM,7,0.3,1,508,27,305,11,none-HS4,arc labels,,0.5368445368445368,0.14285714285714285,0.1111111111111111
Right,contig,HTL,WRM,7,0.3,1,508,27,305,11,none-HSsrc,nothing,,0.5368445368445368,0.14285714285714285,0.1111111111111111
Right,contig,HTL,WRM,7,0.3,1,508,27,305,11,none-PCA,arc segments,4.0,0.5378840378840379,0.15,0.1111111111111111
Right,contig,HTL,WRM,7,0.3,1,508,27,305,11,QOTu-HS4,arc labels,,0.5947870947870948,0.06532663316582915,0.9629629629629629
Right,contig,HTL,WRM,7,0.3,1,508,27,305,11,QOTu-HSsrc,arc segments,,0.6249326249326249,0.07046070460704607,0.9629629629629629
Right,contig,HTL,WRM,7,0.3,1,508,27,305,11,QOTu-PCA,arc segments,8.0,0.6051821051821051,0.06701030927835051,0.9629629629629629
Right,contig,HTL,WRM,7,0.3,1,508,27,305,11,QOTc-HS4,arc labels,,0.4792099792099792,0.0,0.0
Right,contig,HTL,WRM,7,0.3,1,508,27,305,11,QOTc-HSsrc,arc labels,,0.5134750134750135,0.05670103092783505,0.4074074074074074
Right,contig,HTL,WRM,7,0.3,1,508,27,305,11,QOTc-PCA,arc labels,64.0,0.48440748440748443,0.0,0.0
Right,contig,HTL,WRM,7,0.3,1,508,27,305,11,SDM-HS4,arc labels,,0.4877954877954878,0.04597701149425287,0.14814814814814814
Right,contig,HTL,WRM,7,0.3,1,508,27,305,11,SDM-HSsrc,arc labels,,0.5380380380380381,0.0625,0.48148148148148145
Right,contig,HTL,WRM,7,0.3,1,508,27,305,11,SDM-PCA,arc labels,64.0,0.5011165011165011,0.053763440860215055,0.18518518518518517
Right,contig,HTL,WRM,7,0.5,1,508,27,498,32,NoAdapt,nothing,,0.6026026026026026,0.21212121212121213,0.25925925925925924
Right,contig,HTL,WRM,7,0.5,1,508,27,498,32,TargetOnly,arc labels,,0.6653961653961654,0.08898305084745763,0.7777777777777778
Right,contig,HTL,WRM,7,0.5,1,508,27,498,32,Source+Target,arc labels,,0.6157311157311157,0.15517241379310345,0.3333333333333333
Right,contig,HTL,WRM,7,0.5,1,508,27,498,32,COT,arc labels,,0.6807961807961808,0.09166666666666666,0.8148148148148148
Right,contig,HTL,WRM,7,0.5,1,508,27,498,32,none-HS4,arc labels,,0.6026026026026026,0.21212121212121213,0.25925925925925924
Right,contig,HTL,WRM,7,0.5,1,508,27,498,32,none-HSsrc,nothing,,0.5368445368445368,0.14285714285714285,0.1111111111111111
Right,contig,HTL,WRM,7,0.5,1,508,27,498,32,none-PCA,arc segments,4.0,0.5378840378840379,0.15,0.1111111111111111
Right,contig,HTL,WRM,7,0.5,1,508,27,498,32,QOTu-HS4,arc labels,,0.6644336644336644,0.07854984894259819,0.9629629629629629
Right,contig,HTL,WRM,7,0.5,1,508,27,498,32,QOTu-HSsrc,arc segments,,0.656117656117656,0.07669616519174041,0.9629629629629629
Right,contig,HTL,WRM,7,0.5,1,508,27,498,32,QOTu-PCA,arc segments,4.0,0.646954646954647,0.07598784194528875,0.9259259259259259
Right,contig,HTL,WRM,7,0.5,1,508,27,498,32,QOTc-HS4,arc labels,,0.6281666281666282,0.07905138339920949,0.7407407407407407
Right,contig,HTL,WRM,7,0.5,1,508,27,498,32,QOTc-HSsrc,arc labels,,0.6529221529221529,0.0846774193548387,0.7777777777777778
Right,contig,HTL,WRM,7,0.5,1,508,27,498,32,QOTc-PCA,arc labels,64.0,0.639062139062139,0.13043478260869565,0.4444444444444444
Right,contig,HTL,WRM,7,0.5,1,508,27,498,32,SDM-HS4,arc labels,,0.6529221529221529,0.0846774193548387,0.7777777777777778
Right,contig,HTL,WRM,7,0.5,1,508,27,498,32,SDM-HSsrc,arc labels,,0.6518826518826519,0.08433734939759036,0.7777777777777778
Right,contig,HTL,WRM,7,0.5,1,508,27,498,32,SDM-PCA,arc labels,64.0,0.5168630168630168,0.05639097744360902,0.5555555555555556
Right,contig,PTT,HTL,0,0.05,1,401,82,40,2,NoAdapt,nothing,,0.5016820857863751,0.20532319391634982,0.6585365853658537
Right,contig,PTT,HTL,0,0.05,1,401,82,40,2,TargetOnly,arc labels,,0.4800061166755868,0.17582417582417584,0.1951219512195122
Right,contig,PTT,HTL,0,0.05,1,401,82,40,2,Source+Target,arc labels,,0.5124818411193517,0.210727969348659,0.6707317073170732
Right,contig,PTT,HTL,0,0.05,1,401,82,40,2,COT,arc labels,,0.4591711904579861,0.18326693227091634,0.5609756097560976
Right,contig,PTT,HTL,0,0.05,1,401,82,40,2,none-HS4,arc labels,,0.4375525651808242,0.16587677725118483,0.4268292682926829
Right,contig,PTT,HTL,0,0.05,1,401,82,40,2,none-HSsrc,nothing,,0.4568965517241379,0.17982456140350878,0.5
Right,contig,PTT,HTL,0,0.05,1,401,82,40,2,none-PCA,arc segments,8.0,0.4978209343221959,0.20304568527918782,0.4878048780487805
Right,contig,PTT,HTL,0,0.05,1,401,82,40,2,QOTu-HS4,arc labels,,0.4857787292606468,0.1917808219178082,0.34146341463414637
Right,contig,PTT,HTL,0,0.05,1,401,82,40,2,QOTu-HSsrc,arc segments,,0.5106850676657237,0.21481481481481482,0.35365853658536583
Right,contig,PTT,HTL,0,0.05,1,401,82,40,2,QOTu-PCA,arc segments,8.0,0.4972666105971405,0.20161290322580644,0.3048780487804878
Right,contig,PTT,HTL,0,0.05,1,401,82,40,2,QOTc-HS4,arc labels,,0.5075120422050616,0.22448979591836735,0.13414634146341464
Right,contig,PTT,HTL,0,0.05,1,401,82,40,2,QOTc-HSsrc,arc labels,,0.5417080816576191,0.23668639053254437,0.4878048780487805
Right,contig,PTT,HTL,0,0.05,1,401,82,40,2,QOTc-PCA,arc labels,64.0,0.46675969110788285,0.14666666666666667,0.13414634146341464
Right,contig,PTT,HTL,0,0.05,1,401,82,40,2,SDM-HS4,arc labels,,0.4853773224252619,0.125,0.036585365853658534
Right,contig,PTT,HTL,0,0.05,1,401,82,40,2,SDM-HSsrc,arc labels,,0.5526798684914749,0.24691358024691357,0.4878048780487805
Right,contig,PTT,HTL,0,0.05,1,401,82,40,2,SDM-PCA,arc labels,8.0,0.4601460356296353,0.14606741573033707,0.15853658536585366
Right,contig,PTT,HTL,0,0.1,1,401,82,80,16,NoAdapt,nothing,,0.5016820857863751,0.20532319391634982,0.6585365853658537
Right,contig,PTT,HTL,0,0.1,1,401,82,80,16,TargetOnly,arc labels,,0.5361266151846471,0.23529411764705882,0.43902439024390244
Right,contig,PTT,HTL,0,0.1,1,401,82,80,16,Source+Target,arc labels,,0.5262443611896934,0.21755725190839695,0.6951219512195121
Right,contig,PTT,HTL,0,0.1,1,401,82,80,16,COT,arc labels,,0.4749025154828351,0.19571045576407506,0.8902439024390244
Right,contig,PTT,HTL,0,0.1,1,401,82,80,16,none-HS4,arc labels,,0.4391199632999465,0.16666666666666666,0.4268292682926829
Right,contig,PTT,HTL,0,0.1,1,401,82,80,16,none-HSsrc,nothing,,0.4568965517241379,0.17982456140350878,0.5
Right,contig,PTT,HTL,0,0.1,1,401,82,80,16,none-PCA,arc segments,8.0,0.4917233733465861,0.1989795918367347,0.47560975609756095
Right,contig,PTT,HTL,0,0.1,1,401,82,80,16,QOTu-HS4,arc labels,,0.48316002752504017,0.18796992481203006,0.3048780487804878
Right,contig,PTT,HTL,0,0.1,1,401,82,80,16,QOTu-HSsrc,arc segments,,0.5016247419527486,0.20610687022900764,0.32926829268292684
Right,contig,PTT,HTL,0,0.1,1,401,82,80,16,QOTu-PCA,arc segments,4.0,0.4754950684303081,0.18045112781954886,0.2926829268292683
Right,contig,PTT,HTL,0,0.1,1,401,82,80,16,QOTc-HS4,arc labels,,0.6084371893875679,0.2789473684210526,0.6463414634146342
Right,contig,PTT,HTL,0,0.1,1,401,82,80,16,QOTc-HSsrc,arc labels,,0.5026760455692332,0.20689655172413793,0.36585365853658536
Right,contig,PTT,HTL,0,0.1,1,401,82,80,16,QOTc-PCA,arc labels,64.0,0.45982108723908555,0.16783216783216784,0.2926829268292683
Right,contig,PTT,HTL,0,0.1,1,401,82,80,16,SDM-HS4,arc labels,,0.579555011851059,0.2426470588235294,0.8048780487804879
Right,contig,PTT,HTL,0,0.1,1,401,82,80,16,SDM-HSsrc,arc labels,,0.4765463720467926,0.1836734693877551,0.32926829268292684
Right,contig,PTT,HTL,0,0.1,1,401,82,80,16,SDM-PCA,arc labels,64.0,0.4360425108953284,0.18023255813953487,0.7560975609756098
Right,contig,PTT,HTL,0,0.2,1,401,82,161,48,NoAdapt,nothing,,0.5016820857863751,0.20532319391634982,0.6585365853658537
Right,contig,PTT,HTL,0,0.2,1,401,82,161,48,TargetOnly,arc labels,,0.5605168590870862,0.25477707006369427,0.4878048780487805
Right,contig,PTT,HTL,0,0.2,1,401,82,161,48,Source+Target,arc labels,,0.5201468002140837,0.21455938697318008,0.6829268292682927
Right,contig,PTT,HTL,0,0.2,1,401,82,161,48,COT,arc labels,,0.5101880877742947,0.211340206185567,0.5
Right,contig,PTT,HTL,0,0.2,1,401,82,161,48,none-HS4,arc labels,,0.4448734612737977,0.17194570135746606,0.4634146341463415
Right,contig,PTT,HTL,0,0.2,1,401,82,161,48,none-HSsrc,nothing,,0.4568965517241379,0.17982456140350878,0.5
Right,contig,PTT,HTL,0,0.2,1,401,82,161,48,none-PCA,arc segments,4.0,0.455692331217983,0.18250950570342206,0.5853658536585366
Right,contig,PTT,HTL,0,0.2,1,401,82,161,48,QOTu-HS4,arc labels,,0.4648673445982109,0.16923076923076924,0.2682926829268293
Right,contig,PTT,HTL,0,0.2,1,401,82,161,48,QOTu-HSsrc,arc segments,,0.48316002752504017,0.18796992481203006,0.3048780487804878
Right,contig,PTT,HTL,0,0.2,1,401,82,161,48,QOTu-PCA,arc segments,4.0,0.44431913754874225,0.1554054054054054,0.2804878048780488
Right,contig,PTT,HTL,0,0.2,1,401,82,161,48,QOTc-HS4,arc labels,,0.5509404388714734,0.24404761904761904,0.5
Right,contig,PTT,HTL,0,0.2,1,401,82,161,48,QOTc-HSsrc,arc labels,,0.48770930499273646,0.19553072625698323,0.4268292682926829
Right,contig,PTT,HTL,0,0.2,1,401,82,161,48,QOTc-PCA,arc labels,64.0,0.5350944261793715,0.22950819672131148,0.5121951219512195
Right,contig,PTT,HTL,0,0.2,1,401,82,161,48,SDM-HS4,arc labels,,0.5466014221270739,0.23414634146341465,0.5853658536585366
Right,contig,PTT,HTL,0,0.2,1,401,82,161,48,SDM-HSsrc,arc labels,,0.4805604404006423,0.18902439024390244,0.3780487804878049
Right,contig,PTT,HTL,0,0.2,1,401,82,161,48,SDM-PCA,arc labels,64.0,0.5111438183347351,0.20822622107969152,0.9878048780487805
Right,contig,PTT,HTL,0,0.3,1,401,82,241,60,NoAdapt,nothing,,0.5016820857863751,0.20532319391634982,0.6585365853658537
Right,contig,PTT,HTL,0,0.3,1,401,82,241,60,TargetOnly,arc labels,,0.5499082498661977,0.23737373737373738,0.573170731707317
Right,contig,PTT,HTL,0,0.3,1,401,82,241,60,Source+Target,arc labels,,0.5091750133802279,0.208955223880597,0.6829268292682927
Right,contig,PTT,HTL,0,0.3,1,401,82,241,60,COT,arc labels,,0.3732892422968117,0.1388888888888889,0.4268292682926829
Right,contig,PTT,HTL,0,0.3,1,401,82,241,60,none-HS4,arc labels,,0.44330606315467547,0.17117117117117117,0.4634146341463415
Right,contig,PTT,HTL,0,0.3,1,401,82,241,60,none-HSsrc,nothing,,0.4568965517241379,0.17982456140350878,0.5
Right,contig,PTT,HTL,0,0.3,1,401,82,241,60,none-PCA,arc segments,4.0,0.4447205443841272,0.17777777777777778,0.5853658536585366
Right,contig,PTT,HTL,0,0.3,1,401,82,241,60,QOTu-HS4,arc labels,,0.45947702423732706,0.16993464052287582,0.3170731707317073
Right,contig,PTT,HTL,0,0.3,1,401,82,241,60,QOTu-HSsrc,arc segments,,0.48839743099625355,0.1949685534591195,0.3780487804878049
Right,contig,PTT,HTL,0,0.3,1,401,82,241,60,QOTu-PCA,arc segments,8.0,0.4821087239085557,0.18487394957983194,0.2682926829268293
Right,contig,PTT,HTL,0,0.3,1,401,82,241,60,QOTc-HS4,arc labels,,0.5405038611514641,0.23039215686274508,0.573170731707317
Right,contig,PTT,HTL,0,0.3,1,401,82,241,60,QOTc-HSsrc,arc labels,,0.4978209343221959,0.20304568527918782,0.4878048780487805
Right,contig,PTT,HTL,0,0.3,1,401,82,241,60,QOTc-PCA,arc labels,32.0,0.5378660448046487,0.23809523809523808,0.4268292682926829
Right,contig,PTT,HTL,0,0.3,1,401,82,241,60,SDM-HS4,arc labels,,0.5067283431455004,0.208,0.6341463414634146
Right,contig,PTT,HTL,0,0.3,1,401,82,241,60,SDM-HSsrc,arc labels,,0.4812676810153681,0.19148936170212766,0.43902439024390244
Right,contig,PTT,HTL,0,0.3,1,401,82,241,60,SDM-PCA,arc labels,64.0,0.4785534062237174,0.19662921348314608,0.8536585365853658
Right,contig,PTT,HTL,0,0.5,1,401,82,391,84,NoAdapt,nothing,,0.5016820857863751,0.20532319391634982,0.6585365853658537
Right,contig,PTT,HTL,0,0.5,1,401,82,391,84,TargetOnly,arc labels,,0.5378851594158576,0.23036649214659685,0.5365853658536586
Right,contig,PTT,HTL,0,0.5,1,401,82,391,84,Source+Target,arc labels,,0.5166679409740805,0.21245421245421245,0.7073170731707317
Right,contig,PTT,HTL,0,0.5,1,401,82,391,84,COT,arc labels,,0.44716721461885467,0.18055555555555555,0.6341463414634146
Right,contig,PTT,HTL,0,0.5,1,401,82,391,84,none-HS4,arc labels,,0.4352970410581849,0.16810344827586207,0.47560975609756095
Right,contig,PTT,HTL,0,0.5,1,401,82,391,84,none-HSsrc,nothing,,0.4568965517241379,0.17982456140350878,0.5
Right,contig,PTT,HTL,0,0.5,1,401,82,391,84,none-PCA,arc segments,4.0,0.4447205443841272,0.17777777777777778,0.5853658536585366
Right,contig,PTT,HTL,0,0.5,1,401,82,391,84,QOTu-HS4,arc labels,,0.4730675128067895,0.18238993710691823,0.35365853658536583
Right,contig,PTT,HTL,0,0.5,1,401,82,391,84,QOTu-HSsrc,arc segments,,0.4847465402553712,0.19318181818181818,0.4146341463414634
Right,contig,PTT,HTL,0,0.5,1,401,82,391,84,QOTu-PCA,arc segments,8.0,0.4587697836226011,0.16279069767441862,0.25609756097560976
Right,contig,PTT,HTL,0,0.5,1,401,82,391,84,QOTc-HS4,arc labels,,0.532150776053215,0.22321428571428573,0.6097560975609756
Right,contig,PTT,HTL,0,0.5,1,401,82,391,84,QOTc-HSsrc,arc labels,,0.5291880113158498,0.22171945701357465,0.5975609756097561
Right,contig,PTT,HTL,0,0.5,1,401,82,391,84,QOTc-PCA,arc labels,64.0,0.5004396360578026,0.20476190476190476,0.524390243902439
Right,contig,PTT,HTL,0,0.5,1,401,82,391,84,SDM-HS4,arc labels,,0.48845477482988,0.19931271477663232,0.7073170731707317
Right,contig,PTT,HTL,0,0.5,1,401,82,391,84,SDM-HSsrc,arc labels,,0.5312715039376099,0.22439024390243903,0.5609756097560976
Right,contig,PTT,HTL,0,0.5,1,401,82,391,84,SDM-PCA,arc labels,64.0,0.5025995871243979,0.20540540540540542,0.926829268292683
Right,contig,PTT,HTL,1,0.05,1,401,78,40,13,NoAdapt,nothing,,0.5347701833769946,0.2097902097902098,0.7692307692307693
Right,contig,PTT,HTL,1,0.05,1,401,78,40,13,TargetOnly,arc labels,,0.5551520203222989,0.22815533980582525,0.6025641025641025
Right,contig,PTT,HTL,1,0.05,1,401,78,40,13,Source+Target,arc labels,,0.5307811383662777,0.20723684210526316,0.8076923076923077
Right,contig,PTT,HTL,1,0.05,1,401,78,40,13,COT,arc labels,,0.5,0.19451371571072318,1.0
Right,contig,PTT,HTL,1,0.05,1,401,78,40,13,none-HS4,arc labels,,0.44306184012066363,0.16299559471365638,0.47435897435897434
Right,contig,PTT,HTL,1,0.05,1,401,78,40,13,none-HSsrc,nothing,,0.443716757958244,0.1652892561983471,0.5128205128205128
Right,contig,PTT,HTL,1,0.05,1,401,78,40,13,none-PCA,arc segments,4.0,0.45385806144320073,0.17465753424657535,0.6538461538461539
Right,contig,PTT,HTL,1,0.05,1,401,78,40,13,QOTu-HS4,arc labels,,0.5414781297134239,0.22972972972972974,0.4358974358974359
Right,contig,PTT,HTL,1,0.05,1,401,78,40,13,QOTu-HSsrc,arc segments,,0.5206993728665555,0.21232876712328766,0.3974358974358974
Right,contig,PTT,HTL,1,0.05,1,401,78,40,13,QOTu-PCA,arc segments,8.0,0.566245931571009,0.25757575757575757,0.4358974358974359
Right,contig,PTT,HTL,1,0.05,1,401,78,40,13,QOTc-HS4,arc labels,,0.5761490831150273,0.23943661971830985,0.6538461538461539
Right,contig,PTT,HTL,1,0.05,1,401,78,40,13,QOTc-HSsrc,arc labels,,0.5429864253393666,0.2191780821917808,0.6153846153846154
Right,contig,PTT,HTL,1,0.05,1,401,78,40,13,QOTc-PCA,arc labels,32.0,0.5151424942446614,0.20398009950248755,0.5256410256410257
Right,contig,PTT,HTL,1,0.05,1,401,78,40,13,SDM-HS4,arc labels,,0.5387592283877114,0.2126865671641791,0.7307692307692307
Right,contig,PTT,HTL,1,0.05,1,401,78,40,13,SDM-HSsrc,arc labels,,0.5582479955544971,0.23039215686274508,0.6025641025641025
Right,contig,PTT,HTL,1,0.05,1,401,78,40,13,SDM-PCA,arc labels,32.0,0.4881717869333968,0.18719211822660098,0.48717948717948717
Right,contig,PTT,HTL,1,0.1,1,401,78,80,28,NoAdapt,nothing,,0.5347701833769946,0.2097902097902098,0.7692307692307693
Right,contig,PTT,HTL,1,0.1,1,401,78,80,28,TargetOnly,arc labels,,0.5757521632134636,0.26717557251908397,0.44871794871794873
Right,contig,PTT,HTL,1,0.1,1,401,78,80,28,Source+Target,arc labels,,0.5495752957053266,0.21548821548821548,0.8205128205128205
Right,contig,PTT,HTL,1,0.1,1,401,78,80,28,COT,arc labels,,0.5,0.19451371571072318,1.0
Right,contig,PTT,HTL,1,0.1,1,401,78,80,28,none-HS4,arc labels,,0.46362229102167185,0.17410714285714285,0.5
Right,contig,PTT,HTL,1,0.1,1,401,78,80,28,none-HSsrc,nothing,,0.443716757958244,0.1652892561983471,0.5128205128205128
Right,contig,PTT,HTL,1,0.1,1,401,78,80,28,none-PCA,arc segments,4.0,0.4554060490592998,0.17525773195876287,0.6538461538461539
Right,contig,PTT,HTL,1,0.1,1,401,78,80,28,QOTu-HS4,arc labels,,0.5158371040723982,0.20833333333333334,0.38461538461538464
Right,contig,PTT,HTL,1,0.1,1,401,78,80,28,QOTu-HSsrc,arc segments,,0.5187147733587363,0.2116788321167883,0.3717948717948718
Right,contig,PTT,HTL,1,0.1,1,401,78,80,28,QOTu-PCA,arc segments,4.0,0.5145074224021592,0.20666666666666667,0.3974358974358974
Right,contig,PTT,HTL,1,0.1,1,401,78,80,28,QOTc-HS4,arc labels,,0.48350797809002144,0.1859504132231405,0.5769230769230769
Right,contig,PTT,HTL,1,0.1,1,401,78,80,28,QOTc-HSsrc,arc labels,,0.5339168055886322,0.21304347826086956,0.6282051282051282
Right,contig,PTT,HTL,1,0.1,1,401,78,80,28,QOTc-PCA,arc labels,64.0,0.506985790267524,0.2,0.41025641025641024
Right,contig,PTT,HTL,1,0.1,1,401,78,80,28,SDM-HS4,arc labels,,0.5051798047154084,0.19736842105263158,0.5769230769230769
Right,contig,PTT,HTL,1,0.1,1,401,78,80,28,SDM-HSsrc,arc labels,,0.5290545367944749,0.21052631578947367,0.6153846153846154
Right,contig,PTT,HTL,1,0.1,1,401,78,80,28,SDM-PCA,arc labels,64.0,0.5000198459950782,0.19452054794520549,0.9102564102564102
Right,contig,PTT,HTL,1,0.2,1,401,78,161,47,NoAdapt,nothing,,0.5347701833769946,0.2097902097902098,0.7692307692307693
Right,contig,PTT,HTL,1,0.2,1,401,78,161,47,TargetOnly,arc labels,,0.6119909502262444,0.2830188679245283,0.5769230769230769
Right,contig,PTT,HTL,1,0.2,1,401,78,161,47,Source+Target,arc labels,,0.558644915456061,0.2202797202797203,0.8076923076923077
Right,contig,PTT,HTL,1,0.2,1,401,78,161,47,COT,arc labels,,0.6117726442803841,0.2857142857142857,0.5641025641025641
Right,contig,PTT,HTL,1,0.2,1,401,78,161,47,none-HS4,arc labels,,0.4244859887274748,0.15481171548117154,0.47435897435897434
Right,contig,PTT,HTL,1,0.2,1,401,78,161,47,none-HSsrc,nothing,,0.443716757958244,0.1652892561983471,0.5128205128205128
Right,contig,PTT,HTL,1,0.2,1,401,78,161,47,none-PCA,arc segments,4.0,0.4456815114709851,0.17073170731707318,0.6282051282051282
Right,contig,PTT,HTL,1,0.2,1,401,78,161,47,QOTu-HS4,arc labels,,0.457886798444074,0.16831683168316833,0.4358974358974359
Right,contig,PTT,HTL,1,0.2,1,401,78,161,47,QOTu-HSsrc,arc segments,,0.4830912121933794,0.1836734693877551,0.46153846153846156
Right,contig,PTT,HTL,1,0.2,1,401,78,161,47,QOTu-PCA,arc segments,8.0,0.5447924108914821,0.23178807947019867,0.44871794871794873
Right,contig,PTT,HTL,1,0.2,1,401,78,161,47,QOTc-HS4,arc labels,,0.5792450583472255,0.24170616113744076,0.6538461538461539
Right,contig,PTT,HTL,1,0.2,1,401,78,161,47,QOTc-HSsrc,arc labels,,0.5073827101690879,0.19834710743801653,0.6153846153846154
Right,contig,PTT,HTL,1,0.2,1,401,78,161,47,QOTc-PCA,arc labels,64.0,0.5432245772803048,0.22340425531914893,0.5384615384615384
Right,contig,PTT,HTL,1,0.2,1,401,78,161,47,SDM-HS4,arc labels,,0.5531475748194015,0.22317596566523606,0.6666666666666666
Right,contig,PTT,HTL,1,0.2,1,401,78,161,47,SDM-HSsrc,arc labels,,0.46560689052949117,0.1759656652360515,0.5256410256410257
Right,contig,PTT,HTL,1,0.2,1,401,78,161,47,SDM-PCA,arc labels,64.0,0.5090894657458125,0.1977401129943503,0.8974358974358975
Right,contig,PTT,HTL,1,0.3,1,401,78,241,69,NoAdapt,nothing,,0.5347701833769946,0.2097902097902098,0.7692307692307693
Right,contig,PTT,HTL,1,0.3,1,401,78,241,69,TargetOnly,arc labels,,0.623045169484798,0.2929936305732484,0.5897435897435898
Right,contig,PTT,HTL,1,0.3,1,401,78,241,69,Source+Target,arc labels,,0.5458244026355481,0.2147887323943662,0.782051282051282
Right,contig,PTT,HTL,1,0.3,1,401,78,241,69,COT,arc labels,,0.5546955624355006,0.22413793103448276,0.6666666666666666
Right,contig,PTT,HTL,1,0.3,1,401,78,241,69,none-HS4,arc labels,,0.4311145510835913,0.15918367346938775,0.5
Right,contig,PTT,HTL,1,0.3,1,401,78,241,69,none-HSsrc,nothing,,0.443716757958244,0.1652892561983471,0.5128205128205128
Right,contig,PTT,HTL,1,0.3,1,401,78,241,69,none-PCA,arc segments,8.0,0.500099229975391,0.19457013574660634,0.5512820512820513
Right,contig,PTT,HTL,1,0.3,1,401,78,241,69,QOTu-HS4,arc labels,,0.46695641819480826,0.17277486910994763,0.4230769230769231
Right,contig,PTT,HTL,1,0.3,1,401,78,241,69,QOTu-HSsrc,arc segments,,0.49547511312217196,0.19148936170212766,0.46153846153846156
Right,contig,PTT,HTL,1,0.3,1,401,78,241,69,QOTu-PCA,arc segments,8.0,0.5127411288402001,0.2054794520547945,0.38461538461538464
Right,contig,PTT,HTL,1,0.3,1,401,78,241,69,QOTc-HS4,arc labels,,0.6110978804477256,0.2742857142857143,0.6153846153846154
Right,contig,PTT,HTL,1,0.3,1,401,78,241,69,QOTc-HSsrc,arc labels,,0.5128998968008256,0.20077220077220076,0.6666666666666666
Right,contig,PTT,HTL,1,0.3,1,401,78,241,69,QOTc-PCA,arc labels,64.0,0.5571564658251964,0.2346368715083799,0.5384615384615384
Right,contig,PTT,HTL,1,0.3,1,401,78,241,69,SDM-HS4,arc labels,,0.538104310550131,0.2134387351778656,0.6923076923076923
Right,contig,PTT,HTL,1,0.3,1,401,78,241,69,SDM-HSsrc,arc labels,,0.5279431610700961,0.20920502092050208,0.6410256410256411
Right,contig,PTT,HTL,1,0.3,1,401,78,241,69,SDM-PCA,arc labels,64.0,0.5022227514487576,0.19525065963060687,0.9487179487179487
Right,contig,PTT,HTL,1,0.5,1,401,78,380,86,NoAdapt,nothing,,0.5347701833769946,0.2097902097902098,0.7692307692307693
Right,contig,PTT,HTL,1,0.5,1,401,78,380,86,TargetOnly,arc labels,,0.5571366198301183,0.22790697674418606,0.6282051282051282
Right,contig,PTT,HTL,1,0.5,1,401,78,380,86,Source+Target,arc labels,,0.5409621338413908,0.2127659574468085,0.7692307692307693
Right,contig,PTT,HTL,1,0.5,1,401,78,380,86,COT,arc labels,,0.42137016750019846,0.1588447653429603,0.5641025641025641
Right,contig,PTT,HTL,1,0.5,1,401,78,380,86,none-HS4,arc labels,,0.41873065015479877,0.1541501976284585,0.5
Right,contig,PTT,HTL,1,0.5,1,401,78,380,86,none-HSsrc,nothing,,0.443716757958244,0.1652892561983471,0.5128205128205128
Right,contig,PTT,HTL,1,0.5,1,401,78,380,86,none-PCA,arc segments,8.0,0.500099229975391,0.19457013574660634,0.5512820512820513
Right,contig,PTT,HTL,1,0.5,1,401,78,380,86,QOTu-HS4,arc labels,,0.464971818686989,0.17032967032967034,0.3974358974358974
Right,contig,PTT,HTL,1,0.5,1,401,78,380,86,QOTu-HSsrc,arc segments,,0.48507581170119873,0.18536585365853658,0.48717948717948717
Right,contig,PTT,HTL,1,0.5,1,401,78,380,86,QOTu-PCA,arc segments,8.0,0.5131777407319202,0.20512820512820512,0.41025641025641024
Right,contig,PTT,HTL,1,0.5,1,401,78,380,86,QOTc-HS4,arc labels,,0.5803365880765261,0.23728813559322035,0.717948717948718
Right,contig,PTT,HTL,1,0.5,1,401,78,380,86,QOTc-HSsrc,arc labels,,0.5002976899261729,0.1946564885496183,0.6538461538461539
Right,contig,PTT,HTL,1,0.5,1,401,78,380,86,QOTc-PCA,arc labels,32.0,0.5514209732475986,0.2356687898089172,0.47435897435897434
Right,contig,PTT,HTL,1,0.5,1,401,78,380,86,SDM-HS4,arc labels,,0.5296697626418989,0.20634920634920634,0.8333333333333334
Right,contig,PTT,HTL,1,0.5,1,401,78,380,86,SDM-HSsrc,arc labels,,0.5352266412637929,0.21153846153846154,0.7051282051282052
Right,contig,PTT,HTL,1,0.5,1,401,78,380,86,SDM-PCA,arc labels,64.0,0.5135349686433277,0.2,0.7948717948717948
Right,contig,PTT,HTL,2,0.05,1,401,78,40,15,NoAdapt,nothing,,0.5309994443121377,0.20711974110032363,0.8205128205128205
Right,contig,PTT,HTL,2,0.05,1,401,78,40,15,TargetOnly,arc labels,,0.5459236326109391,0.25,0.3333333333333333
Right,contig,PTT,HTL,2,0.05,1,401,78,40,15,Source+Target,arc labels,,0.550230213542907,0.21474358974358973,0.8589743589743589
Right,contig,PTT,HTL,2,0.05,1,401,78,40,15,COT,arc labels,,0.5236762721282845,0.20277777777777778,0.9358974358974359
Right,contig,PTT,HTL,2,0.05,1,401,78,40,15,none-HS4,arc labels,,0.48616734143049933,0.18695652173913044,0.5512820512820513
Right,contig,PTT,HTL,2,0.05,1,401,78,40,15,none-HSsrc,nothing,,0.48350797809002144,0.1859504132231405,0.5769230769230769
Right,contig,PTT,HTL,2,0.05,1,401,78,40,15,none-PCA,arc segments,4.0,0.4949789632452172,0.19230769230769232,0.7051282051282052
Right,contig,PTT,HTL,2,0.05,1,401,78,40,15,QOTu-HS4,arc labels,,0.48731840914503455,0.1836734693877551,0.34615384615384615
Right,contig,PTT,HTL,2,0.05,1,401,78,40,15,QOTu-HSsrc,arc segments,,0.4950385012304517,0.19101123595505617,0.4358974358974359
Right,contig,PTT,HTL,2,0.05,1,401,78,40,15,QOTu-PCA,arc segments,8.0,0.4959514170040486,0.19047619047619047,0.3076923076923077
Right,contig,PTT,HTL,2,0.05,1,401,78,40,15,QOTc-HS4,arc labels,,0.4532825275859331,0.15037593984962405,0.2564102564102564
Right,contig,PTT,HTL,2,0.05,1,401,78,40,15,QOTc-HSsrc,arc labels,,0.497439866634913,0.19313304721030042,0.5769230769230769
Right,contig,PTT,HTL,2,0.05,1,401,78,40,15,QOTc-PCA,arc labels,64.0,0.5046042708581409,0.2028985507246377,0.1794871794871795
Right,contig,PTT,HTL,2,0.05,1,401,78,40,15,SDM-HS4,arc labels,,0.5021036754782885,0.1958762886597938,0.48717948717948717
Right,contig,PTT,HTL,2,0.05,1,401,78,40,15,SDM-HSsrc,arc labels,,0.49569341906803205,0.19170984455958548,0.47435897435897434
Right,contig,PTT,HTL,2,0.05,1,401,78,40,15,SDM-PCA,arc labels,8.0,0.5030165912518854,0.19718309859154928,0.358974358974359
Right,contig,PTT,HTL,2,0.1,1,401,78,80,33,NoAdapt,nothing,,0.5309994443121377,0.20711974110032363,0.8205128205128205
Right,contig,PTT,HTL,2,0.1,1,401,78,80,33,TargetOnly,arc labels,,0.5440978010637454,0.22115384615384615,0.5897435897435898
Right,contig,PTT,HTL,2,0.1,1,401,78,80,33,Source+Target,arc labels,,0.5530880368341669,0.21407624633431085,0.9358974358974359
Right,contig,PTT,HTL,2,0.1,1,401,78,80,33,COT,arc labels,,0.5205802968960864,0.20165745856353592,0.9358974358974359
Right,contig,PTT,HTL,2,0.1,1,401,78,80,33,none-HS4,arc labels,,0.5018655235373501,0.19555555555555557,0.5641025641025641
Right,contig,PTT,HTL,2,0.1,1,401,78,80,33,none-HSsrc,nothing,,0.48350797809002144,0.1859504132231405,0.5769230769230769
Right,contig,PTT,HTL,2,0.1,1,401,78,80,33,none-PCA,arc segments,4.0,0.49011669445105976,0.19014084507042253,0.6923076923076923
Right,contig,PTT,HTL,2,0.1,1,401,78,80,33,QOTu-HS4,arc labels,,0.4749146622211638,0.17801047120418848,0.4358974358974359
Right,contig,PTT,HTL,2,0.1,1,401,78,80,33,QOTu-HSsrc,arc segments,,0.47733587362070334,0.18095238095238095,0.48717948717948717
Right,contig,PTT,HTL,2,0.1,1,401,78,80,33,QOTu-PCA,arc segments,8.0,0.536159403032468,0.22093023255813954,0.48717948717948717
Right,contig,PTT,HTL,2,0.1,1,401,78,80,33,QOTc-HS4,arc labels,,0.4786457092958641,0.18333333333333332,0.5641025641025641
Right,contig,PTT,HTL,2,0.1,1,401,78,80,33,QOTc-HSsrc,arc labels,,0.49964277208859253,0.19433198380566802,0.6153846153846154
Right,contig,PTT,HTL,2,0.1,1,401,78,80,33,QOTc-PCA,arc labels,64.0,0.5087520838294832,0.20121951219512196,0.4230769230769231
Right,contig,PTT,HTL,2,0.1,1,401,78,80,33,SDM-HS4,arc labels,,0.49279590378661586,0.1906779661016949,0.5769230769230769
Right,contig,PTT,HTL,2,0.1,1,401,78,80,33,SDM-HSsrc,arc labels,,0.46671826625387,0.17567567567567569,0.5
Right,contig,PTT,HTL,2,0.1,1,401,78,80,33,SDM-PCA,arc labels,64.0,0.5210169087878066,0.20161290322580644,0.9615384615384616
Right,contig,PTT,HTL,2,0.2,1,401,78,161,45,NoAdapt,nothing,,0.5309994443121377,0.20711974110032363,0.8205128205128205
Right,contig,PTT,HTL,2,0.2,1,401,78,161,45,TargetOnly,arc labels,,0.577240612844328,0.23529411764705882,0.717948717948718
Right,contig,PTT,HTL,2,0.2,1,401,78,161,45,Source+Target,arc labels,,0.5449114868619512,0.2113095238095238,0.9102564102564102
Right,contig,PTT,HTL,2,0.2,1,401,78,161,45,COT,arc labels,,0.5,0.19451371571072318,1.0
Right,contig,PTT,HTL,2,0.2,1,401,78,161,45,none-HS4,arc labels,,0.5005358418671112,0.19480519480519481,0.5769230769230769
Right,contig,PTT,HTL,2,0.2,1,401,78,161,45,none-HSsrc,nothing,,0.48350797809002144,0.1859504132231405,0.5769230769230769
Right,contig,PTT,HTL,2,0.2,1,401,78,161,45,none-PCA,arc segments,4.0,0.4929943637373978,0.19133574007220217,0.6794871794871795
Right,contig,PTT,HTL,2,0.2,1,401,78,161,45,QOTu-HS4,arc labels,,0.47932047312852266,0.182648401826484,0.5128205128205128
Right,contig,PTT,HTL,2,0.2,1,401,78,161,45,QOTu-HSsrc,arc segments,,0.4762244978963245,0.18099547511312217,0.5128205128205128
Right,contig,PTT,HTL,2,0.2,1,401,78,161,45,QOTu-PCA,arc segments,4.0,0.47158053504802727,0.17857142857142858,0.5128205128205128
Right,contig,PTT,HTL,2,0.2,1,401,78,161,45,QOTc-HS4,arc labels,,0.5159958720330238,0.20233463035019456,0.6666666666666666
Right,contig,PTT,HTL,2,0.2,1,401,78,161,45,QOTc-HSsrc,arc labels,,0.513554814638406,0.20072992700729927,0.7051282051282052
Right,contig,PTT,HTL,2,0.2,1,401,78,161,45,QOTc-PCA,arc labels,64.0,0.5419147416051441,0.22784810126582278,0.46153846153846156
Right,contig,PTT,HTL,2,0.2,1,401,78,161,45,SDM-HS4,arc labels,,0.4870405652139398,0.188,0.6025641025641025
Right,contig,PTT,HTL,2,0.2,1,401,78,161,45,SDM-HSsrc,arc labels,,0.5166507898706041,0.20220588235294118,0.7051282051282052
Right,contig,PTT,HTL,2,0.2,1,401,78,161,45,SDM-PCA,arc labels,64.0,0.5121655949829325,0.19845360824742267,0.9871794871794872
Right,contig,PTT,HTL,2,0.3,1,401,78,241,53,NoAdapt,nothing,,0.5309994443121377,0.20711974110032363,0.8205128205128205
Right,contig,PTT,HTL,2,0.3,1,401,78,241,53,TargetOnly,arc labels,,0.5343335714852743,0.21014492753623187,0.7435897435897436
Right,contig,PTT,HTL,2,0.3,1,401,78,241,53,Source+Target,arc labels,,0.5497737556561086,0.21301775147928995,0.9230769230769231
Right,contig,PTT,HTL,2,0.3,1,401,78,241,53,COT,arc labels,,0.5113519091847265,0.2,0.6666666666666666
Right,contig,PTT,HTL,2,0.3,1,401,78,241,53,none-HS4,arc labels,,0.4777724855124236,0.18181818181818182,0.5128205128205128
Right,contig,PTT,HTL,2,0.3,1,401,78,241,53,none-HSsrc,nothing,,0.48350797809002144,0.1859504132231405,0.5769230769230769
Right,contig,PTT,HTL,2,0.3,1,401,78,241,53,none-PCA,arc segments,4.0,0.4883504008891006,0.18928571428571428,0.6794871794871795
Right,contig,PTT,HTL,2,0.3,1,401,78,241,53,QOTu-HS4,arc labels,,0.4760061919504644,0.18055555555555555,0.5
Right,contig,PTT,HTL,2,0.3,1,401,78,241,53,QOTu-HSsrc,arc segments,,0.4855124235929189,0.18604651162790697,0.5128205128205128
Right,contig,PTT,HTL,2,0.3,1,401,78,241,53,QOTu-PCA,arc segments,64.0,0.5233587362070334,0.21641791044776118,0.3717948717948718
Right,contig,PTT,HTL,2,0.3,1,401,78,241,53,QOTc-HS4,arc labels,,0.5228427403350004,0.20522388059701493,0.7051282051282052
Right,contig,PTT,HTL,2,0.3,1,401,78,241,53,QOTc-HSsrc,arc labels,,0.519310153211082,0.20384615384615384,0.6794871794871795
Right,contig,PTT,HTL,2,0.3,1,401,78,241,53,QOTc-PCA,arc labels,32.0,0.5551718663173771,0.23529411764705882,0.5128205128205128
Right,contig,PTT,HTL,2,0.3,1,401,78,241,53,SDM-HS4,arc labels,,0.5202032229896008,0.20491803278688525,0.6410256410256411
Right,contig,PTT,HTL,2,0.3,1,401,78,241,53,SDM-HSsrc,arc labels,,0.5482853060252442,0.22077922077922077,0.6538461538461539
Right,contig,PTT,HTL,2,0.3,1,401,78,241,53,SDM-PCA,arc labels,64.0,0.5179209335556085,0.20053475935828877,0.9615384615384616
Right,contig,PTT,HTL,2,0.5,1,401,78,380,88,NoAdapt,nothing,,0.5309994443121377,0.20711974110032363,0.8205128205128205
Right,contig,PTT,HTL,2,0.5,1,401,78,380,88,TargetOnly,arc labels,,0.610621576565849,0.25316455696202533,0.7692307692307693
Right,contig,PTT,HTL,2,0.5,1,401,78,380,88,Source+Target,arc labels,,0.5347503373819162,0.2080745341614907,0.8589743589743589
Right,contig,PTT,HTL,2,0.5,1,401,78,380,88,COT,arc labels,,0.5244105739461777,0.2077922077922078,0.6153846153846154
Right,contig,PTT,HTL,2,0.5,1,401,78,380,88,none-HS4,arc labels,,0.47068746526950866,0.17916666666666667,0.5512820512820513
Right,contig,PTT,HTL,2,0.5,1,401,78,380,88,none-HSsrc,nothing,,0.48350797809002144,0.1859504132231405,0.5769230769230769
Right,contig,PTT,HTL,2,0.5,1,401,78,380,88,none-PCA,arc segments,16.0,0.46919901563864413,0.16541353383458646,0.28205128205128205
Right,contig,PTT,HTL,2,0.5,1,401,78,380,88,QOTu-HS4,arc labels,,0.48088830673969996,0.1813186813186813,0.4230769230769231
Right,contig,PTT,HTL,2,0.5,1,401,78,380,88,QOTu-HSsrc,arc segments,,0.49458204334365324,0.19117647058823528,0.5
Right,contig,PTT,HTL,2,0.5,1,401,78,380,88,QOTu-PCA,arc segments,64.0,0.52998729856315,0.22142857142857142,0.3974358974358974
Right,contig,PTT,HTL,2,0.5,1,401,78,380,88,QOTc-HS4,arc labels,,0.6152655394141462,0.2564102564102564,0.7692307692307693
Right,contig,PTT,HTL,2,0.5,1,401,78,380,88,QOTc-HSsrc,arc labels,,0.5283797729618163,0.20883534136546184,0.6666666666666666
Right,contig,PTT,HTL,2,0.5,1,401,78,380,88,QOTc-PCA,arc labels,64.0,0.5777169167262046,0.25,0.5641025641025641
Right,contig,PTT,HTL,2,0.5,1,401,78,380,88,SDM-HS4,arc labels,,0.5392156862745098,0.21487603305785125,0.6666666666666666
Right,contig,PTT,HTL,2,0.5,1,401,78,380,88,SDM-HSsrc,arc labels,,0.5810113519091847,0.24186046511627907,0.6666666666666666
Right,contig,PTT,HTL,2,0.5,1,401,78,380,88,SDM-PCA,arc labels,64.0,0.5391561482892753,0.20857142857142857,0.9358974358974359
Right,contig,PTT,HTL,3,0.05,1,401,91,40,9,NoAdapt,nothing,,0.5582594824530308,0.2532051282051282,0.8681318681318682
Right,contig,PTT,HTL,3,0.05,1,401,91,40,9,TargetOnly,arc labels,,0.5101559730591989,0.234375,0.4945054945054945
Right,contig,PTT,HTL,3,0.05,1,401,91,40,9,Source+Target,arc labels,,0.5524636653668912,0.25,0.8791208791208791
Right,contig,PTT,HTL,3,0.05,1,401,91,40,9,COT,arc labels,,0.5023927685218008,0.22872340425531915,0.4725274725274725
Right,contig,PTT,HTL,3,0.05,1,401,91,40,9,none-HS4,arc labels,,0.5361219425735555,0.24793388429752067,0.6593406593406593
Right,contig,PTT,HTL,3,0.05,1,401,91,40,9,none-HSsrc,nothing,,0.5403048564338887,0.251063829787234,0.6483516483516484
Right,contig,PTT,HTL,3,0.05,1,401,91,40,9,none-PCA,arc segments,8.0,0.5164126196384261,0.23651452282157676,0.6263736263736264
Right,contig,PTT,HTL,3,0.05,1,401,91,40,9,QOTu-HS4,arc labels,,0.5751861042183622,0.2727272727272727,0.6923076923076923
Right,contig,PTT,HTL,3,0.05,1,401,91,40,9,QOTu-HSsrc,arc segments,,0.5548209854661468,0.2610619469026549,0.6483516483516484
Right,contig,PTT,HTL,3,0.05,1,401,91,40,9,QOTu-PCA,arc segments,4.0,0.49851116625310177,0.22580645161290322,0.46153846153846156
Right,contig,PTT,HTL,3,0.05,1,401,91,40,9,QOTc-HS4,arc labels,,0.46876993973768166,0.20224719101123595,0.3956043956043956
Right,contig,PTT,HTL,3,0.05,1,401,91,40,9,QOTc-HSsrc,arc labels,,0.5457993619283942,0.2542372881355932,0.6593406593406593
Right,contig,PTT,HTL,3,0.05,1,401,91,40,9,QOTc-PCA,arc labels,64.0,0.4903757532789791,0.17857142857142858,0.054945054945054944
Right,contig,PTT,HTL,3,0.05,1,401,91,40,9,SDM-HS4,arc labels,,0.47702942219071254,0.2,0.26373626373626374
Right,contig,PTT,HTL,3,0.05,1,401,91,40,9,SDM-HSsrc,arc labels,,0.4966501240694789,0.22477064220183487,0.5384615384615384
Right,contig,PTT,HTL,3,0.05,1,401,91,40,9,SDM-PCA,arc labels,16.0,0.4359092520382843,0.18518518518518517,0.43956043956043955
Right,contig,PTT,HTL,3,0.1,1,401,91,80,16,NoAdapt,nothing,,0.5582594824530308,0.2532051282051282,0.8681318681318682
Right,contig,PTT,HTL,3,0.1,1,401,91,80,16,TargetOnly,arc labels,,0.5497873094647288,0.25177304964539005,0.7802197802197802
Right,contig,PTT,HTL,3,0.1,1,401,91,80,16,Source+Target,arc labels,,0.5621942573555476,0.25297619047619047,0.9340659340659341
Right,contig,PTT,HTL,3,0.1,1,401,91,80,16,COT,arc labels,,0.49306983339241406,0.2222222222222222,0.5054945054945055
Right,contig,PTT,HTL,3,0.1,1,401,91,80,16,none-HS4,arc labels,,0.54413328606877,0.2558139534883721,0.6043956043956044
Right,contig,PTT,HTL,3,0.1,1,401,91,80,16,none-HSsrc,nothing,,0.5403048564338887,0.251063829787234,0.6483516483516484
Right,contig,PTT,HTL,3,0.1,1,401,91,80,16,none-PCA,arc segments,8.0,0.5164126196384261,0.23651452282157676,0.6263736263736264
Right,contig,PTT,HTL,3,0.1,1,401,91,80,16,QOTu-HS4,arc labels,,0.5936370081531371,0.2804878048780488,0.7582417582417582
Right,contig,PTT,HTL,3,0.1,1,401,91,80,16,QOTu-HSsrc,arc segments,,0.5739276852180077,0.2693877551020408,0.7252747252747253
Right,contig,PTT,HTL,3,0.1,1,401,91,80,16,QOTu-PCA,arc segments,4.0,0.5480680609712867,0.25523012552301255,0.6703296703296703
Right,contig,PTT,HTL,3,0.1,1,401,91,80,16,QOTc-HS4,arc labels,,0.5579581708613967,0.2523364485981308,0.8901098901098901
Right,contig,PTT,HTL,3,0.1,1,401,91,80,16,QOTc-HSsrc,arc labels,,0.5423254165189649,0.24907063197026022,0.7362637362637363
Right,contig,PTT,HTL,3,0.1,1,401,91,80,16,QOTc-PCA,arc labels,64.0,0.45696561503013117,0.16981132075471697,0.1978021978021978
Right,contig,PTT,HTL,3,0.1,1,401,91,80,16,SDM-HS4,arc labels,,0.4583481035093938,0.20577617328519857,0.6263736263736264
Right,contig,PTT,HTL,3,0.1,1,401,91,80,16,SDM-HSsrc,arc labels,,0.49156327543424316,0.2222222222222222,0.6153846153846154
Right,contig,PTT,HTL,3,0.1,1,401,91,80,16,SDM-PCA,arc labels,32.0,0.40616802552286424,0.16346153846153846,0.37362637362637363
Right,contig,PTT,HTL,3,0.2,1,401,91,161,37,NoAdapt,nothing,,0.5582594824530308,0.2532051282051282,0.8681318681318682
Right,contig,PTT,HTL,3,0.2,1,401,91,161,37,TargetOnly,arc labels,,0.5801311591634173,0.26838235294117646,0.8021978021978022
Right,contig,PTT,HTL,3,0.2,1,401,91,161,37,Source+Target,arc labels,,0.5580113434952144,0.25072886297376096,0.945054945054945
Right,contig,PTT,HTL,3,0.2,1,401,91,161,37,COT,arc labels,,0.4968982630272953,0.22459893048128343,0.46153846153846156
Right,contig,PTT,HTL,3,0.2,1,401,91,161,37,none-HS4,arc labels,,0.5354129741226515,0.25,0.5934065934065934
Right,contig,PTT,HTL,3,0.2,1,401,91,161,37,none-HSsrc,nothing,,0.5403048564338887,0.251063829787234,0.6483516483516484
Right,contig,PTT,HTL,3,0.2,1,401,91,161,37,none-PCA,arc segments,8.0,0.5164126196384261,0.23651452282157676,0.6263736263736264
Right,contig,PTT,HTL,3,0.2,1,401,91,161,37,QOTu-HS4,arc labels,,0.5867245657568239,0.29015544041450775,0.6153846153846154
Right,contig,PTT,HTL,3,0.2,1,401,91,161,37,QOTu-HSsrc,arc segments,,0.5344026940801134,0.25125628140703515,0.5494505494505495
Right,contig,PTT,HTL,3,0.2,1,401,91,161,37,QOTu-PCA,arc segments,4.0,0.5560262318326834,0.26842105263157895,0.5604395604395604
Right,contig,PTT,HTL,3,0.2,1,401,91,161,37,QOTc-HS4,arc labels,,0.5766572137539879,0.26229508196721313,0.8791208791208791
Right,contig,PTT,HTL,3,0.2,1,401,91,161,37,QOTc-HSsrc,arc labels,,0.5871853952499113,0.276,0.7582417582417582
Right,contig,PTT,HTL,3,0.2,1,401,91,161,37,QOTc-PCA,arc labels,32.0,0.4803084012761432,0.20714285714285716,0.31868131868131866
Right,contig,PTT,HTL,3,0.2,1,401,91,161,37,SDM-HS4,arc labels,,0.5427330733782346,0.24671052631578946,0.8241758241758241
Right,contig,PTT,HTL,3,0.2,1,401,91,161,37,SDM-HSsrc,arc labels,,0.5289613612194257,0.24545454545454545,0.5934065934065934
Right,contig,PTT,HTL,3,0.2,1,401,91,161,37,SDM-PCA,arc labels,64.0,0.499645515774548,0.2268041237113402,0.967032967032967
Right,contig,PTT,HTL,3,0.3,1,401,91,241,49,NoAdapt,nothing,,0.5582594824530308,0.2532051282051282,0.8681318681318682
Right,contig,PTT,HTL,3,0.3,1,401,91,241,49,TargetOnly,arc labels,,0.542981212336051,0.2490842490842491,0.7472527472527473
Right,contig,PTT,HTL,3,0.3,1,401,91,241,49,Source+Target,arc labels,,0.5553881602268699,0.25076452599388377,0.9010989010989011
Right,contig,PTT,HTL,3,0.3,1,401,91,241,49,COT,arc labels,,0.46393123006026227,0.19889502762430938,0.3956043956043956
Right,contig,PTT,HTL,3,0.3,1,401,91,241,49,none-HS4,arc labels,,0.5312300602623183,0.24663677130044842,0.6043956043956044
Right,contig,PTT,HTL,3,0.3,1,401,91,241,49,none-HSsrc,nothing,,0.5403048564338887,0.251063829787234,0.6483516483516484
Right,contig,PTT,HTL,3,0.3,1,401,91,241,49,none-PCA,arc segments,8.0,0.5164126196384261,0.23651452282157676,0.6263736263736264
Right,contig,PTT,HTL,3,0.3,1,401,91,241,49,QOTu-HS4,arc labels,,0.5757355547678129,0.28272251308900526,0.5934065934065934
Right,contig,PTT,HTL,3,0.3,1,401,91,241,49,QOTu-HSsrc,arc segments,,0.5424672102091457,0.25773195876288657,0.5494505494505495
Right,contig,PTT,HTL,3,0.3,1,401,91,241,49,QOTu-PCA,arc segments,16.0,0.5650478553704361,0.2777777777777778,0.5494505494505495
Right,contig,PTT,HTL,3,0.3,1,401,91,241,49,QOTc-HS4,arc labels,,0.5985820630981922,0.27526132404181186,0.8681318681318682
Right,contig,PTT,HTL,3,0.3,1,401,91,241,49,QOTc-HSsrc,arc labels,,0.5548741580999645,0.25806451612903225,0.7032967032967034
Right,contig,PTT,HTL,3,0.3,1,401,91,241,49,QOTc-PCA,arc labels,32.0,0.5252215526409074,0.2517482517482518,0.3956043956043956
Right,contig,PTT,HTL,3,0.3,1,401,91,241,49,SDM-HS4,arc labels,,0.6104218362282878,0.2916666666666667,0.7692307692307693
Right,contig,PTT,HTL,3,0.3,1,401,91,241,49,SDM-HSsrc,arc labels,,0.5858206309819213,0.2818181818181818,0.6813186813186813
Right,contig,PTT,HTL,3,0.3,1,401,91,241,49,SDM-PCA,arc labels,64.0,0.5164303438496987,0.23298429319371727,0.978021978021978
Right,contig,PTT,HTL,3,0.5,1,401,91,380,73,NoAdapt,nothing,,0.5582594824530308,0.2532051282051282,0.8681318681318682
Right,contig,PTT,HTL,3,0.5,1,401,91,380,73,TargetOnly,arc labels,,0.5659163417227934,0.2610294117647059,0.7802197802197802
Right,contig,PTT,HTL,3,0.5,1,401,91,380,73,Source+Target,arc labels,,0.548936547323644,0.24773413897280966,0.9010989010989011
Right,contig,PTT,HTL,3,0.5,1,401,91,380,73,COT,arc labels,,0.5073909961006735,0.23107569721115537,0.6373626373626373
Right,contig,PTT,HTL,3,0.5,1,401,91,380,73,none-HS4,arc labels,,0.5373803615739099,0.25,0.6263736263736264
Right,contig,PTT,HTL,3,0.5,1,401,91,380,73,none-HSsrc,nothing,,0.5403048564338887,0.251063829787234,0.6483516483516484
Right,contig,PTT,HTL,3,0.5,1,401,91,380,73,none-PCA,arc segments,4.0,0.5478199220134704,0.2518518518518518,0.7472527472527473
Right,contig,PTT,HTL,3,0.5,1,401,91,380,73,QOTu-HS4,arc labels,,0.5780042538107054,0.28350515463917525,0.6043956043956044
Right,contig,PTT,HTL,3,0.5,1,401,91,380,73,QOTu-HSsrc,arc segments,,0.532789790854307,0.25,0.5494505494505495
Right,contig,PTT,HTL,3,0.5,1,401,91,380,73,QOTu-PCA,arc segments,8.0,0.5744239631336405,0.28415300546448086,0.5714285714285714
Right,contig,PTT,HTL,3,0.5,1,401,91,380,73,QOTc-HS4,arc labels,,0.5930343849698688,0.2765151515151515,0.8021978021978022
Right,contig,PTT,HTL,3,0.5,1,401,91,380,73,QOTc-HSsrc,arc labels,,0.5897554058844381,0.2786885245901639,0.7472527472527473
Right,contig,PTT,HTL,3,0.5,1,401,91,380,73,QOTc-PCA,arc labels,64.0,0.6006380716058135,0.297029702970297,0.6593406593406593
Right,contig,PTT,HTL,3,0.5,1,401,91,380,73,SDM-HS4,arc labels,,0.5755405884438143,0.27049180327868855,0.7252747252747253
Right,contig,PTT,HTL,3,0.5,1,401,91,380,73,SDM-HSsrc,arc labels,,0.563239985820631,0.26495726495726496,0.6813186813186813
Right,contig,PTT,HTL,3,0.5,1,401,91,380,73,SDM-PCA,arc labels,64.0,0.5448068060971287,0.24444444444444444,0.967032967032967
Right,contig,PTT,HTL,4,0.05,1,401,76,40,3,NoAdapt,nothing,,0.5693319838056681,0.21630094043887146,0.9078947368421053
Right,contig,PTT,HTL,4,0.05,1,401,76,40,3,TargetOnly,arc labels,,0.5093927125506073,0.26666666666666666,0.05263157894736842
Right,contig,PTT,HTL,4,0.05,1,401,76,40,3,Source+Target,arc labels,,0.5584008097165992,0.21311475409836064,0.8552631578947368
Right,contig,PTT,HTL,4,0.05,1,401,76,40,3,COT,arc labels,,0.4420040485829959,0.16905444126074498,0.7763157894736842
Right,contig,PTT,HTL,4,0.05,1,401,76,40,3,none-HS4,arc labels,,0.5186032388663968,0.19844357976653695,0.6710526315789473
Right,contig,PTT,HTL,4,0.05,1,401,76,40,3,none-HSsrc,nothing,,0.5120242914979758,0.1953125,0.6578947368421053
Right,contig,PTT,HTL,4,0.05,1,401,76,40,3,none-PCA,arc segments,4.0,0.5301214574898785,0.20202020202020202,0.7894736842105263
Right,contig,PTT,HTL,4,0.05,1,401,76,40,3,QOTu-HS4,arc labels,,0.5800202429149798,0.2871287128712871,0.3815789473684211
Right,contig,PTT,HTL,4,0.05,1,401,76,40,3,QOTu-HSsrc,arc segments,,0.5748178137651822,0.3076923076923077,0.3157894736842105
Right,contig,PTT,HTL,4,0.05,1,401,76,40,3,QOTu-PCA,arc segments,8.0,0.6186437246963563,0.3402061855670103,0.4342105263157895
Right,contig,PTT,HTL,4,0.05,1,401,76,40,3,QOTc-HS4,arc labels,,0.5100809716599191,0.5,0.02631578947368421
Right,contig,PTT,HTL,4,0.05,1,401,76,40,3,QOTc-HSsrc,arc labels,,0.45884615384615385,0.14960629921259844,0.25
Right,contig,PTT,HTL,4,0.05,1,401,76,40,3,QOTc-PCA,arc labels,32.0,0.4988866396761134,0.16666666666666666,0.013157894736842105
Right,contig,PTT,HTL,4,0.05,1,401,76,40,3,SDM-HS4,arc labels,,0.47210526315789475,0.15217391304347827,0.18421052631578946
Right,contig,PTT,HTL,4,0.05,1,401,76,40,3,SDM-HSsrc,arc labels,,0.4918421052631579,0.17894736842105263,0.2236842105263158
Right,contig,PTT,HTL,4,0.05,1,401,76,40,3,SDM-PCA,arc labels,4.0,0.4263157894736842,0.057971014492753624,0.05263157894736842
Right,contig,PTT,HTL,4,0.1,1,401,76,80,8,NoAdapt,nothing,,0.5693319838056681,0.21630094043887146,0.9078947368421053
Right,contig,PTT,HTL,4,0.1,1,401,76,80,8,TargetOnly,arc labels,,0.6149392712550608,0.27380952380952384,0.6052631578947368
Right,contig,PTT,HTL,4,0.1,1,401,76,80,8,Source+Target,arc labels,,0.5763360323886639,0.21846153846153846,0.9342105263157895
Right,contig,PTT,HTL,4,0.1,1,401,76,80,8,COT,arc labels,,0.5015384615384615,0.19,1.0
Right,contig,PTT,HTL,4,0.1,1,401,76,80,8,none-HS4,arc labels,,0.5166396761133604,0.1976284584980237,0.6578947368421053
Right,contig,PTT,HTL,4,0.1,1,401,76,80,8,none-HSsrc,nothing,,0.5120242914979758,0.1953125,0.6578947368421053
Right,contig,PTT,HTL,4,0.1,1,401,76,80,8,none-PCA,arc segments,4.0,0.5204655870445344,0.19798657718120805,0.7763157894736842
Right,contig,PTT,HTL,4,0.1,1,401,76,80,8,QOTu-HS4,arc labels,,0.5823076923076923,0.2585034013605442,0.5
Right,contig,PTT,HTL,4,0.1,1,401,76,80,8,QOTu-HSsrc,arc segments,,0.5586437246963563,0.2426470588235294,0.4342105263157895
Right,contig,PTT,HTL,4,0.1,1,401,76,80,8,QOTu-PCA,arc segments,4.0,0.536255060728745,0.22142857142857142,0.40789473684210525
Right,contig,PTT,HTL,4,0.1,1,401,76,80,8,QOTc-HS4,arc labels,,0.5573279352226721,0.2222222222222222,0.631578947368421
Right,contig,PTT,HTL,4,0.1,1,401,76,80,8,QOTc-HSsrc,arc labels,,0.4725910931174089,0.16774193548387098,0.34210526315789475
Right,contig,PTT,HTL,4,0.1,1,401,76,80,8,QOTc-PCA,arc labels,64.0,0.5364574898785425,0.25757575757575757,0.2236842105263158
Right,contig,PTT,HTL,4,0.1,1,401,76,80,8,SDM-HS4,arc labels,,0.45105263157894737,0.15384615384615385,0.34210526315789475
Right,contig,PTT,HTL,4,0.1,1,401,76,80,8,SDM-HSsrc,arc labels,,0.48224696356275304,0.17532467532467533,0.35526315789473684
Right,contig,PTT,HTL,4,0.1,1,401,76,80,8,SDM-PCA,arc labels,64.0,0.504493927125506,0.19148936170212766,0.7105263157894737
Right,contig,PTT,HTL,4,0.2,1,401,76,161,17,NoAdapt,nothing,,0.5693319838056681,0.21630094043887146,0.9078947368421053
Right,contig,PTT,HTL,4,0.2,1,401,76,161,17,TargetOnly,arc labels,,0.478582995951417,0.16923076923076924,0.2894736842105263
Right,contig,PTT,HTL,4,0.2,1,401,76,161,17,Source+Target,arc labels,,0.5594129554655871,0.2113095238095238,0.9342105263157895
Right,contig,PTT,HTL,4,0.2,1,401,76,161,17,COT,arc labels,,0.46303643724696353,0.15126050420168066,0.23684210526315788
Right,contig,PTT,HTL,4,0.2,1,401,76,161,17,none-HS4,arc labels,,0.4999797570850203,0.18951612903225806,0.618421052631579
Right,contig,PTT,HTL,4,0.2,1,401,76,161,17,none-HSsrc,nothing,,0.5120242914979758,0.1953125,0.6578947368421053
Right,contig,PTT,HTL,4,0.2,1,401,76,161,17,none-PCA,arc segments,4.0,0.525080971659919,0.2,0.7763157894736842
Right,contig,PTT,HTL,4,0.2,1,401,76,161,17,QOTu-HS4,arc labels,,0.5795546558704454,0.24083769633507854,0.6052631578947368
Right,contig,PTT,HTL,4,0.2,1,401,76,161,17,QOTu-HSsrc,arc segments,,0.5427327935222672,0.21910112359550563,0.5131578947368421
Right,contig,PTT,HTL,4,0.2,1,401,76,161,17,QOTu-PCA,arc segments,4.0,0.5212955465587044,0.2064516129032258,0.42105263157894735
Right,contig,PTT,HTL,4,0.2,1,401,76,161,17,QOTc-HS4,arc labels,,0.5788663967611336,0.2376237623762376,0.631578947368421
Right,contig,PTT,HTL,4,0.2,1,401,76,161,17,QOTc-HSsrc,arc labels,,0.5651214574898786,0.23563218390804597,0.5394736842105263
Right,contig,PTT,HTL,4,0.2,1,401,76,161,17,QOTc-PCA,arc labels,64.0,0.5017611336032388,0.19230769230769232,0.19736842105263158
Right,contig,PTT,HTL,4,0.2,1,401,76,161,17,SDM-HS4,arc labels,,0.583744939271255,0.2459016393442623,0.5921052631578947
Right,contig,PTT,HTL,4,0.2,1,401,76,161,17,SDM-HSsrc,arc labels,,0.5697368421052631,0.23976608187134502,0.5394736842105263
Right,contig,PTT,HTL,4,0.2,1,401,76,161,17,SDM-PCA,arc labels,64.0,0.5158502024291498,0.19601328903654486,0.7763157894736842
Right,contig,PTT,HTL,4,0.3,1,401,76,241,25,NoAdapt,nothing,,0.5693319838056681,0.21630094043887146,0.9078947368421053
Right,contig,PTT,HTL,4,0.3,1,401,76,241,25,TargetOnly,arc labels,,0.5565789473684211,0.23076923076923078,0.5131578947368421
Right,contig,PTT,HTL,4,0.3,1,401,76,241,25,Source+Target,arc labels,,0.5532591093117409,0.2088235294117647,0.9342105263157895
Right,contig,PTT,HTL,4,0.3,1,401,76,241,25,COT,arc labels,,0.5224089068825911,0.2080536912751678,0.40789473684210525
Right,contig,PTT,HTL,4,0.3,1,401,76,241,25,none-HS4,arc labels,,0.4969028340080972,0.188,0.618421052631579
Right,contig,PTT,HTL,4,0.3,1,401,76,241,25,none-HSsrc,nothing,,0.5120242914979758,0.1953125,0.6578947368421053
Right,contig,PTT,HTL,4,0.3,1,401,76,241,25,none-PCA,arc segments,4.0,0.5200404858299595,0.19795221843003413,0.7631578947368421
Right,contig,PTT,HTL,4,0.3,1,401,76,241,25,QOTu-HS4,arc labels,,0.5773279352226721,0.23645320197044334,0.631578947368421
Right,contig,PTT,HTL,4,0.3,1,401,76,241,25,QOTu-HSsrc,arc segments,,0.5224696356275305,0.2028985507246377,0.5526315789473685
Right,contig,PTT,HTL,4,0.3,1,401,76,241,25,QOTu-PCA,arc segments,4.0,0.5350404858299596,0.21311475409836064,0.5131578947368421
Right,contig,PTT,HTL,4,0.3,1,401,76,241,25,QOTc-HS4,arc labels,,0.5986032388663968,0.24878048780487805,0.6710526315789473
Right,contig,PTT,HTL,4,0.3,1,401,76,241,25,QOTc-HSsrc,arc labels,,0.5410323886639676,0.22151898734177214,0.4605263157894737
Right,contig,PTT,HTL,4,0.3,1,401,76,241,25,QOTc-PCA,arc labels,64.0,0.5040485829959513,0.1935483870967742,0.3157894736842105
Right,contig,PTT,HTL,4,0.3,1,401,76,241,25,SDM-HS4,arc labels,,0.5931376518218623,0.2474747474747475,0.6447368421052632
Right,contig,PTT,HTL,4,0.3,1,401,76,241,25,SDM-HSsrc,arc labels,,0.5697368421052631,0.23976608187134502,0.5394736842105263
Right,contig,PTT,HTL,4,0.3,1,401,76,241,25,SDM-PCA,arc labels,32.0,0.47020242914979754,0.1643835616438356,0.3157894736842105
Right,contig,PTT,HTL,4,0.5,1,401,76,381,77,NoAdapt,nothing,,0.5693319838056681,0.21630094043887146,0.9078947368421053
Right,contig,PTT,HTL,4,0.5,1,401,76,381,77,TargetOnly,arc labels,,0.5993522267206478,0.23809523809523808,0.7894736842105263
Right,contig,PTT,HTL,4,0.5,1,401,76,381,77,Source+Target,arc labels,,0.5409514170040486,0.20402298850574713,0.9342105263157895
Right,contig,PTT,HTL,4,0.5,1,401,76,381,77,COT,arc labels,,0.5261336032388664,0.20346320346320346,0.618421052631579
Right,contig,PTT,HTL,4,0.5,1,401,76,381,77,none-HS4,arc labels,,0.5065587044534413,0.1927710843373494,0.631578947368421
Right,contig,PTT,HTL,4,0.5,1,401,76,381,77,none-HSsrc,nothing,,0.5120242914979758,0.1953125,0.6578947368421053
Right,contig,PTT,HTL,4,0.5,1,401,76,381,77,none-PCA,arc segments,4.0,0.5180769230769231,0.1972318339100346,0.75
Right,contig,PTT,HTL,4,0.5,1,401,76,381,77,QOTu-HS4,arc labels,,0.5727125506072874,0.23300970873786409,0.631578947368421
Right,contig,PTT,HTL,4,0.5,1,401,76,381,77,QOTu-HSsrc,arc segments,,0.5322874493927126,0.20704845814977973,0.618421052631579
Right,contig,PTT,HTL,4,0.5,1,401,76,381,77,QOTu-PCA,arc segments,4.0,0.5388663967611336,0.21052631578947367,0.631578947368421
Right,contig,PTT,HTL,4,0.5,1,401,76,381,77,QOTc-HS4,arc labels,,0.6146356275303644,0.24014336917562723,0.881578947368421
Right,contig,PTT,HTL,4,0.5,1,401,76,381,77,QOTc-HSsrc,arc labels,,0.5961133603238866,0.24034334763948498,0.7368421052631579
Right,contig,PTT,HTL,4,0.5,1,401,76,381,77,QOTc-PCA,arc labels,64.0,0.6029554655870445,0.24770642201834864,0.7105263157894737
Right,contig,PTT,HTL,4,0.5,1,401,76,381,77,SDM-HS4,arc labels,,0.6187651821862348,0.25821596244131456,0.7236842105263158
Right,contig,PTT,HTL,4,0.5,1,401,76,381,77,SDM-HSsrc,arc labels,,0.5769028340080972,0.23737373737373738,0.618421052631579
Right,contig,PTT,HTL,4,0.5,1,401,76,381,77,SDM-PCA,arc labels,64.0,0.5318825910931174,0.2,0.9868421052631579
Right,contig,PTT,HTL,5,0.05,1,401,93,40,3,NoAdapt,nothing,,0.5630149420472002,0.25903614457831325,0.9247311827956989
Right,contig,PTT,HTL,5,0.05,1,401,93,40,3,TargetOnly,arc labels,,0.49996508867476613,0.2318840579710145,0.34408602150537637
Right,contig,PTT,HTL,5,0.05,1,401,93,40,3,Source+Target,arc labels,,0.5532746823069403,0.25443786982248523,0.9247311827956989
Right,contig,PTT,HTL,5,0.05,1,401,93,40,3,COT,arc labels,,0.47060466415305124,0.2182410423452769,0.7204301075268817
Right,contig,PTT,HTL,5,0.05,1,401,93,40,3,none-HS4,arc labels,,0.5247870409160732,0.24528301886792453,0.6989247311827957
Right,contig,PTT,HTL,5,0.05,1,401,93,40,3,none-HSsrc,nothing,,0.5264104175394498,0.24621212121212122,0.6989247311827957
Right,contig,PTT,HTL,5,0.05,1,401,93,40,3,none-PCA,arc segments,64.0,0.491830749895266,0.22641509433962265,0.5161290322580645
Right,contig,PTT,HTL,5,0.05,1,401,93,40,3,QOTu-HS4,arc labels,,0.5391181399245916,0.267515923566879,0.45161290322580644
Right,contig,PTT,HTL,5,0.05,1,401,93,40,3,QOTu-HSsrc,arc segments,,0.5269340874179584,0.25125628140703515,0.5376344086021505
Right,contig,PTT,HTL,5,0.05,1,401,93,40,3,QOTu-PCA,arc segments,64.0,0.4811129730484569,0.19444444444444445,0.15053763440860216
Right,contig,PTT,HTL,5,0.05,1,401,93,40,3,QOTc-HS4,arc labels,,0.510019550342131,0.24731182795698925,0.24731182795698925
Right,contig,PTT,HTL,5,0.05,1,401,93,40,3,QOTc-HSsrc,arc labels,,0.47489875715682167,0.21142857142857144,0.3978494623655914
Right,contig,PTT,HTL,5,0.05,1,401,93,40,3,QOTc-PCA,arc labels,64.0,0.4868035190615836,0.17647058823529413,0.06451612903225806
Right,contig,PTT,HTL,5,0.05,1,401,93,40,3,SDM-HS4,arc labels,,0.48273634967183354,0.19718309859154928,0.15053763440860216
Right,contig,PTT,HTL,5,0.05,1,401,93,40,3,SDM-HSsrc,arc labels,,0.5173858399664851,0.24193548387096775,0.6451612903225806
Right,contig,PTT,HTL,5,0.05,1,401,93,40,3,SDM-PCA,arc labels,8.0,0.4063329143974306,0.1297709923664122,0.1827956989247312
Right,contig,PTT,HTL,5,0.1,1,401,93,80,4,NoAdapt,nothing,,0.5630149420472002,0.25903614457831325,0.9247311827956989
Right,contig,PTT,HTL,5,0.1,1,401,93,80,4,TargetOnly,arc labels,,0.5198470883954756,0.2517482517482518,0.3870967741935484
Right,contig,PTT,HTL,5,0.1,1,401,93,80,4,Source+Target,arc labels,,0.5608853512079318,0.25835866261398177,0.9139784946236559
Right,contig,PTT,HTL,5,0.1,1,401,93,80,4,COT,arc labels,,0.47826770004189356,0.1978021978021978,0.1935483870967742
Right,contig,PTT,HTL,5,0.1,1,401,93,80,4,none-HS4,arc labels,,0.5286447423544197,0.24803149606299213,0.6774193548387096
Right,contig,PTT,HTL,5,0.1,1,401,93,80,4,none-HSsrc,nothing,,0.5264104175394498,0.24621212121212122,0.6989247311827957
Right,contig,PTT,HTL,5,0.1,1,401,93,80,4,none-PCA,arc segments,16.0,0.5266373411534702,0.25443786982248523,0.46236559139784944
Right,contig,PTT,HTL,5,0.1,1,401,93,80,4,QOTu-HS4,arc labels,,0.5490678676162547,0.288,0.3870967741935484
Right,contig,PTT,HTL,5,0.1,1,401,93,80,4,QOTu-HSsrc,arc segments,,0.5602220360284876,0.2916666666666667,0.45161290322580644
Right,contig,PTT,HTL,5,0.1,1,401,93,80,4,QOTu-PCA,arc segments,32.0,0.5654063678257226,0.3235294117647059,0.3548387096774194
Right,contig,PTT,HTL,5,0.1,1,401,93,80,4,QOTc-HS4,arc labels,,0.5273530233207653,0.2585034013605442,0.40860215053763443
Right,contig,PTT,HTL,5,0.1,1,401,93,80,4,QOTc-HSsrc,arc labels,,0.5054287110738724,0.2358974358974359,0.4946236559139785
Right,contig,PTT,HTL,5,0.1,1,401,93,80,4,QOTc-PCA,arc labels,64.0,0.4862973048456919,0.16666666666666666,0.053763440860215055
Right,contig,PTT,HTL,5,0.1,1,401,93,80,4,SDM-HS4,arc labels,,0.5293953358469488,0.2765957446808511,0.27956989247311825
Right,contig,PTT,HTL,5,0.1,1,401,93,80,4,SDM-HSsrc,arc labels,,0.5384024577572964,0.26256983240223464,0.5053763440860215
Right,contig,PTT,HTL,5,0.1,1,401,93,80,4,SDM-PCA,arc labels,32.0,0.46194665549504255,0.1111111111111111,0.053763440860215055
Right,contig,PTT,HTL,5,0.2,1,401,93,161,12,NoAdapt,nothing,,0.5630149420472002,0.25903614457831325,0.9247311827956989
Right,contig,PTT,HTL,5,0.2,1,401,93,161,12,TargetOnly,arc labels,,0.5609377181957826,0.30327868852459017,0.3978494623655914
Right,contig,PTT,HTL,5,0.2,1,401,93,161,12,Source+Target,arc labels,,0.5357317413769027,0.24838709677419354,0.8279569892473119
Right,contig,PTT,HTL,5,0.2,1,401,93,161,12,COT,arc labels,,0.5395370758273984,0.2857142857142857,0.3225806451612903
Right,contig,PTT,HTL,5,0.2,1,401,93,161,12,none-HS4,arc labels,,0.5231636642926966,0.24436090225563908,0.6989247311827957
Right,contig,PTT,HTL,5,0.2,1,401,93,161,12,none-HSsrc,nothing,,0.5264104175394498,0.24621212121212122,0.6989247311827957
Right,contig,PTT,HTL,5,0.2,1,401,93,161,12,none-PCA,arc segments,4.0,0.5185902806870548,0.2408026755852843,0.7741935483870968
Right,contig,PTT,HTL,5,0.2,1,401,93,161,12,QOTu-HS4,arc labels,,0.5811164641809803,0.3057324840764331,0.5161290322580645
Right,contig,PTT,HTL,5,0.2,1,401,93,161,12,QOTu-HSsrc,arc segments,,0.5661045943304008,0.2953020134228188,0.4731182795698925
Right,contig,PTT,HTL,5,0.2,1,401,93,161,12,QOTu-PCA,arc segments,64.0,0.5579877112135176,0.2857142857142857,0.4731182795698925
Right,contig,PTT,HTL,5,0.2,1,401,93,161,12,QOTc-HS4,arc labels,,0.5237047898338221,0.25757575757575757,0.3655913978494624
Right,contig,PTT,HTL,5,0.2,1,401,93,161,12,QOTc-HSsrc,arc labels,,0.5427663734115347,0.26744186046511625,0.4946236559139785
Right,contig,PTT,HTL,5,0.2,1,401,93,161,12,QOTc-PCA,arc labels,64.0,0.5211911744169808,0.3023255813953488,0.13978494623655913
Right,contig,PTT,HTL,5,0.2,1,401,93,161,12,SDM-HS4,arc labels,,0.5459258483452032,0.2894736842105263,0.3548387096774194
Right,contig,PTT,HTL,5,0.2,1,401,93,161,12,SDM-HSsrc,arc labels,,0.5406367825722664,0.26627218934911245,0.4838709677419355
Right,contig,PTT,HTL,5,0.2,1,401,93,161,12,SDM-PCA,arc labels,64.0,0.5172112833403155,0.25,0.3655913978494624
Right,contig,PTT,HTL,5,0.3,1,401,93,241,29,NoAdapt,nothing,,0.5630149420472002,0.25903614457831325,0.9247311827956989
Right,contig,PTT,HTL,5,0.3,1,401,93,241,29,TargetOnly,arc labels,,0.541561932690965,0.2809917355371901,0.3655913978494624
Right,contig,PTT,HTL,5,0.3,1,401,93,241,29,Source+Target,arc labels,,0.5316645719871527,0.24495677233429394,0.9139784946236559
Right,contig,PTT,HTL,5,0.3,1,401,93,241,29,COT,arc labels,,0.5039275240888145,0.23684210526315788,0.2903225806451613
Right,contig,PTT,HTL,5,0.3,1,401,93,241,29,none-HS4,arc labels,,0.5242808267001815,0.24521072796934865,0.6881720430107527
Right,contig,PTT,HTL,5,0.3,1,401,93,241,29,none-HSsrc,nothing,,0.5264104175394498,0.24621212121212122,0.6989247311827957
Right,contig,PTT,HTL,5,0.3,1,401,93,241,29,none-PCA,arc segments,4.0,0.5229541963412931,0.24315068493150685,0.7634408602150538
Right,contig,PTT,HTL,5,0.3,1,401,93,241,29,QOTu-HS4,arc labels,,0.565685658427594,0.27860696517412936,0.6021505376344086
Right,contig,PTT,HTL,5,0.3,1,401,93,241,29,QOTu-HSsrc,arc segments,,0.5311932690964949,0.25365853658536586,0.5591397849462365
Right,contig,PTT,HTL,5,0.3,1,401,93,241,29,QOTu-PCA,arc segments,64.0,0.5829318530931434,0.2914572864321608,0.6236559139784946
Right,contig,PTT,HTL,5,0.3,1,401,93,241,29,QOTc-HS4,arc labels,,0.5451054322022064,0.2751677852348993,0.44086021505376344
Right,contig,PTT,HTL,5,0.3,1,401,93,241,29,QOTc-HSsrc,arc labels,,0.5477412372573662,0.27564102564102566,0.46236559139784944
Right,contig,PTT,HTL,5,0.3,1,401,93,241,29,QOTc-PCA,arc labels,32.0,0.5542521994134898,0.3253012048192771,0.2903225806451613
Right,contig,PTT,HTL,5,0.3,1,401,93,241,29,SDM-HS4,arc labels,,0.5561723223013546,0.30357142857142855,0.3655913978494624
Right,contig,PTT,HTL,5,0.3,1,401,93,241,29,SDM-HSsrc,arc labels,,0.5295873481357352,0.26277372262773724,0.3870967741935484
Right,contig,PTT,HTL,5,0.3,1,401,93,241,29,SDM-PCA,arc labels,64.0,0.5337068845133361,0.24829931972789115,0.7849462365591398
Right,contig,PTT,HTL,5,0.5,1,401,93,380,70,NoAdapt,nothing,,0.5630149420472002,0.25903614457831325,0.9247311827956989
Right,contig,PTT,HTL,5,0.5,1,401,93,380,70,TargetOnly,arc labels,,0.5548282362798492,0.2688679245283019,0.6129032258064516
Right,contig,PTT,HTL,5,0.5,1,401,93,380,70,Source+Target,arc labels,,0.5375471302890658,0.2471590909090909,0.9354838709677419
Right,contig,PTT,HTL,5,0.5,1,401,93,380,70,COT,arc labels,,0.5159719312945119,0.242152466367713,0.5806451612903226
Right,contig,PTT,HTL,5,0.5,1,401,93,380,70,none-HS4,arc labels,,0.520021645021645,0.24313725490196078,0.6666666666666666
Right,contig,PTT,HTL,5,0.5,1,401,93,380,70,none-HSsrc,nothing,,0.5264104175394498,0.24621212121212122,0.6989247311827957
Right,contig,PTT,HTL,5,0.5,1,401,93,380,70,none-PCA,arc segments,4.0,0.5164606898477866,0.23986486486486486,0.7634408602150538
Right,contig,PTT,HTL,5,0.5,1,401,93,380,70,QOTu-HS4,arc labels,,0.5441802820835079,0.2639593908629442,0.5591397849462365
Right,contig,PTT,HTL,5,0.5,1,401,93,380,70,QOTu-HSsrc,arc segments,,0.5218544895964251,0.24561403508771928,0.6021505376344086
Right,contig,PTT,HTL,5,0.5,1,401,93,380,70,QOTu-PCA,arc segments,8.0,0.5505690546013127,0.2669902912621359,0.5913978494623656
Right,contig,PTT,HTL,5,0.5,1,401,93,380,70,QOTc-HS4,arc labels,,0.5458909370199693,0.25793650793650796,0.6989247311827957
Right,contig,PTT,HTL,5,0.5,1,401,93,380,70,QOTc-HSsrc,arc labels,,0.5720744309453987,0.28095238095238095,0.6344086021505376
Right,contig,PTT,HTL,5,0.5,1,401,93,380,70,QOTc-PCA,arc labels,64.0,0.502583438067309,0.2336448598130841,0.5376344086021505
Right,contig,PTT,HTL,5,0.5,1,401,93,380,70,SDM-HS4,arc labels,,0.5600125680770842,0.2823529411764706,0.5161290322580645
Right,contig,PTT,HTL,5,0.5,1,401,93,380,70,SDM-HSsrc,arc labels,,0.5438835358190197,0.2694610778443114,0.4838709677419355
Right,contig,PTT,HTL,5,0.5,1,401,93,380,70,SDM-PCA,arc labels,64.0,0.5536761625471303,0.2535211267605634,0.967741935483871
Right,contig,PTT,HTL,6,0.05,1,401,87,40,2,NoAdapt,nothing,,0.571235083095395,0.24691358024691357,0.9195402298850575
Right,contig,PTT,HTL,6,0.05,1,401,87,40,2,TargetOnly,arc labels,,0.509627351929131,0.29411764705882354,0.05747126436781609
Right,contig,PTT,HTL,6,0.05,1,401,87,40,2,Source+Target,arc labels,,0.5772567537887108,0.2508038585209003,0.896551724137931
Right,contig,PTT,HTL,6,0.05,1,401,87,40,2,COT,arc labels,,0.5080349952412329,0.2777777777777778,0.05747126436781609
Right,contig,PTT,HTL,6,0.05,1,401,87,40,2,none-HS4,arc labels,,0.5330002196354052,0.23553719008264462,0.6551724137931034
Right,contig,PTT,HTL,6,0.05,1,401,87,40,2,none-HSsrc,nothing,,0.5291932059447984,0.23293172690763053,0.6666666666666666
Right,contig,PTT,HTL,6,0.05,1,401,87,40,2,none-PCA,arc segments,16.0,0.5266857017351196,0.2392638036809816,0.4482758620689655
Right,contig,PTT,HTL,6,0.05,1,401,87,40,2,QOTu-HS4,arc labels,,0.6174500329453108,0.36792452830188677,0.4482758620689655
Right,contig,PTT,HTL,6,0.05,1,401,87,40,2,QOTu-HSsrc,arc segments,,0.5912768138223882,0.33653846153846156,0.40229885057471265
Right,contig,PTT,HTL,6,0.05,1,401,87,40,2,QOTu-PCA,arc segments,16.0,0.596401639944359,0.33636363636363636,0.42528735632183906
Right,contig,PTT,HTL,6,0.05,1,401,87,40,2,QOTc-HS4,arc labels,,0.5051248261219708,0.3333333333333333,0.022988505747126436
Right,contig,PTT,HTL,6,0.05,1,401,87,40,2,QOTc-HSsrc,arc labels,,0.57513361153818,0.4444444444444444,0.22988505747126436
Right,contig,PTT,HTL,6,0.05,1,401,87,40,2,QOTc-PCA,arc labels,64.0,0.506717182809869,0.4,0.022988505747126436
Right,contig,PTT,HTL,6,0.05,1,401,87,40,2,SDM-HS4,arc labels,,0.5453547111794421,0.6923076923076923,0.10344827586206896
Right,contig,PTT,HTL,6,0.05,1,401,87,40,2,SDM-HSsrc,arc labels,,0.5674463723552237,0.4722222222222222,0.19540229885057472
Right,contig,PTT,HTL,6,0.05,1,401,87,40,2,SDM-PCA,arc labels,32.0,0.5185591917417087,0.375,0.06896551724137931
Right,contig,PTT,HTL,6,0.1,1,401,87,80,9,NoAdapt,nothing,,0.571235083095395,0.24691358024691357,0.9195402298850575
Right,contig,PTT,HTL,6,0.1,1,401,87,80,9,TargetOnly,arc labels,,0.5210666959513874,0.24509803921568626,0.28735632183908044
Right,contig,PTT,HTL,6,0.1,1,401,87,80,9,Source+Target,arc labels,,0.5521268028406179,0.23809523809523808,0.9195402298850575
Right,contig,PTT,HTL,6,0.1,1,401,87,80,9,COT,arc labels,,0.48817629401859586,0.2,0.21839080459770116
Right,contig,PTT,HTL,6,0.1,1,401,87,80,9,none-HS4,arc labels,,0.5125741269492643,0.22406639004149378,0.6206896551724138
Right,contig,PTT,HTL,6,0.1,1,401,87,80,9,none-HSsrc,nothing,,0.5291932059447984,0.23293172690763053,0.6666666666666666
Right,contig,PTT,HTL,6,0.1,1,401,87,80,9,none-PCA,arc segments,16.0,0.4928984552309832,0.21142857142857144,0.42528735632183906
Right,contig,PTT,HTL,6,0.1,1,401,87,80,9,QOTu-HS4,arc labels,,0.5710703565414745,0.27325581395348836,0.5402298850574713
Right,contig,PTT,HTL,6,0.1,1,401,87,80,9,QOTu-HSsrc,arc segments,,0.5678856431656782,0.27011494252873564,0.5402298850574713
Right,contig,PTT,HTL,6,0.1,1,401,87,80,9,QOTu-PCA,arc segments,16.0,0.607767772164873,0.3023255813953488,0.5977011494252874
Right,contig,PTT,HTL,6,0.1,1,401,87,80,9,QOTc-HS4,arc labels,,0.5781902042609268,0.32038834951456313,0.3793103448275862
Right,contig,PTT,HTL,6,0.1,1,401,87,80,9,QOTc-HSsrc,arc labels,,0.5279303023647411,0.24183006535947713,0.42528735632183906
Right,contig,PTT,HTL,6,0.1,1,401,87,80,9,QOTc-PCA,arc labels,64.0,0.5355992385972619,0.30357142857142855,0.19540229885057472
Right,contig,PTT,HTL,6,0.1,1,401,87,80,9,SDM-HS4,arc labels,,0.5900322131927667,0.32456140350877194,0.42528735632183906
Right,contig,PTT,HTL,6,0.1,1,401,87,80,9,SDM-HSsrc,arc labels,,0.5052163408741489,0.2222222222222222,0.3448275862068966
Right,contig,PTT,HTL,6,0.1,1,401,87,80,9,SDM-PCA,arc labels,64.0,0.596072186836518,0.28019323671497587,0.6666666666666666
Right,contig,PTT,HTL,6,0.2,1,401,87,161,24,NoAdapt,nothing,,0.571235083095395,0.24691358024691357,0.9195402298850575
Right,contig,PTT,HTL,6,0.2,1,401,87,161,24,TargetOnly,arc labels,,0.5520352880884398,0.25120772946859904,0.5977011494252874
Right,contig,PTT,HTL,6,0.2,1,401,87,161,24,Source+Target,arc labels,,0.5505344461527198,0.23738872403560832,0.9195402298850575
Right,contig,PTT,HTL,6,0.2,1,401,87,161,24,COT,arc labels,,0.5262098250237939,0.2336448598130841,0.5747126436781609
Right,contig,PTT,HTL,6,0.2,1,401,87,161,24,none-HS4,arc labels,,0.498169704956439,0.21585903083700442,0.5632183908045977
Right,contig,PTT,HTL,6,0.2,1,401,87,161,24,none-HSsrc,nothing,,0.5291932059447984,0.23293172690763053,0.6666666666666666
Right,contig,PTT,HTL,6,0.2,1,401,87,161,24,none-PCA,arc segments,16.0,0.5040449520462699,0.22023809523809523,0.42528735632183906
Right,contig,PTT,HTL,6,0.2,1,401,87,161,24,QOTu-HS4,arc labels,,0.5590819240061498,0.28695652173913044,0.3793103448275862
Right,contig,PTT,HTL,6,0.2,1,401,87,161,24,QOTu-HSsrc,arc segments,,0.5741086463137858,0.29838709677419356,0.42528735632183906
Right,contig,PTT,HTL,6,0.2,1,401,87,161,24,QOTu-PCA,arc segments,16.0,0.5874698001317813,0.32432432432432434,0.41379310344827586
Right,contig,PTT,HTL,6,0.2,1,401,87,161,24,QOTc-HS4,arc labels,,0.5140932718354199,0.22580645161290322,0.5632183908045977
Right,contig,PTT,HTL,6,0.2,1,401,87,161,24,QOTc-HSsrc,arc labels,,0.5433047807306538,0.25146198830409355,0.4942528735632184
Right,contig,PTT,HTL,6,0.2,1,401,87,161,24,QOTc-PCA,arc labels,64.0,0.5504978402518486,0.272,0.39080459770114945
Right,contig,PTT,HTL,6,0.2,1,401,87,161,24,SDM-HS4,arc labels,,0.547807306537814,0.25274725274725274,0.5287356321839081
Right,contig,PTT,HTL,6,0.2,1,401,87,161,24,SDM-HSsrc,arc labels,,0.5445493813602753,0.2546583850931677,0.47126436781609193
Right,contig,PTT,HTL,6,0.2,1,401,87,161,24,SDM-PCA,arc labels,64.0,0.5110000732118017,0.22126436781609196,0.8850574712643678
Right,contig,PTT,HTL,6,0.3,1,401,87,241,39,NoAdapt,nothing,,0.571235083095395,0.24691358024691357,0.9195402298850575
Right,contig,PTT,HTL,6,0.3,1,401,87,241,39,TargetOnly,arc labels,,0.5490519071674353,0.2558139534883721,0.5057471264367817
Right,contig,PTT,HTL,6,0.3,1,401,87,241,39,Source+Target,arc labels,,0.5489420894648217,0.23668639053254437,0.9195402298850575
Right,contig,PTT,HTL,6,0.3,1,401,87,241,39,COT,arc labels,,0.5352697854894208,0.24836601307189543,0.4367816091954023
Right,contig,PTT,HTL,6,0.3,1,401,87,241,39,none-HS4,arc labels,,0.5017021743905117,0.21794871794871795,0.5862068965517241
Right,contig,PTT,HTL,6,0.3,1,401,87,241,39,none-HSsrc,nothing,,0.5291932059447984,0.23293172690763053,0.6666666666666666
Right,contig,PTT,HTL,6,0.3,1,401,87,241,39,none-PCA,arc segments,4.0,0.5334211874954242,0.23357664233576642,0.735632183908046
Right,contig,PTT,HTL,6,0.3,1,401,87,241,39,QOTu-HS4,arc labels,,0.5538289772311297,0.2603550295857988,0.5057471264367817
Right,contig,PTT,HTL,6,0.3,1,401,87,241,39,QOTu-HSsrc,arc segments,,0.5583315030382898,0.2611111111111111,0.5402298850574713
Right,contig,PTT,HTL,6,0.3,1,401,87,241,39,QOTu-PCA,arc segments,4.0,0.543853869243722,0.25874125874125875,0.42528735632183906
Right,contig,PTT,HTL,6,0.3,1,401,87,241,39,QOTc-HS4,arc labels,,0.5286990262830369,0.23711340206185566,0.5287356321839081
Right,contig,PTT,HTL,6,0.3,1,401,87,241,39,QOTc-HSsrc,arc labels,,0.5647009297898822,0.26704545454545453,0.5402298850574713
Right,contig,PTT,HTL,6,0.3,1,401,87,241,39,QOTc-PCA,arc labels,32.0,0.5767442711765136,0.2866666666666667,0.4942528735632184
Right,contig,PTT,HTL,6,0.3,1,401,87,241,39,SDM-HS4,arc labels,,0.5946079508016693,0.30405405405405406,0.5172413793103449
Right,contig,PTT,HTL,6,0.3,1,401,87,241,39,SDM-HSsrc,arc labels,,0.548978695365693,0.26174496644295303,0.4482758620689655
Right,contig,PTT,HTL,6,0.3,1,401,87,241,39,SDM-PCA,arc labels,64.0,0.5514312907240647,0.2389937106918239,0.8735632183908046
Right,contig,PTT,HTL,6,0.5,1,401,87,380,78,NoAdapt,nothing,,0.571235083095395,0.24691358024691357,0.9195402298850575
Right,contig,PTT,HTL,6,0.5,1,401,87,380,78,TargetOnly,arc labels,,0.5545244893476828,0.25668449197860965,0.5517241379310345
Right,contig,PTT,HTL,6,0.5,1,401,87,380,78,Source+Target,arc labels,,0.5457573760890255,0.23529411764705882,0.9195402298850575
Right,contig,PTT,HTL,6,0.5,1,401,87,380,78,COT,arc labels,,0.507376089025551,0.22169811320754718,0.5402298850574713
Right,contig,PTT,HTL,6,0.5,1,401,87,380,78,none-HS4,arc labels,,0.5288454498865217,0.23333333333333334,0.6436781609195402
Right,contig,PTT,HTL,6,0.5,1,401,87,380,78,none-HSsrc,nothing,,0.5291932059447984,0.23293172690763053,0.6666666666666666
Right,contig,PTT,HTL,6,0.5,1,401,87,380,78,none-PCA,arc segments,4.0,0.5270517607438319,0.2302158273381295,0.735632183908046
Right,contig,PTT,HTL,6,0.5,1,401,87,380,78,QOTu-HS4,arc labels,,0.5512665641701442,0.25903614457831325,0.4942528735632184
Right,contig,PTT,HTL,6,0.5,1,401,87,380,78,QOTu-HSsrc,arc segments,,0.5465627059081923,0.25,0.5517241379310345
Right,contig,PTT,HTL,6,0.5,1,401,87,380,78,QOTu-PCA,arc segments,16.0,0.5391500109817703,0.2485207100591716,0.4827586206896552
Right,contig,PTT,HTL,6,0.5,1,401,87,380,78,QOTc-HS4,arc labels,,0.573156892891134,0.2610619469026549,0.6781609195402298
Right,contig,PTT,HTL,6,0.5,1,401,87,380,78,QOTc-HSsrc,arc labels,,0.5963467310930521,0.2849740932642487,0.632183908045977
Right,contig,PTT,HTL,6,0.5,1,401,87,380,78,QOTc-PCA,arc labels,32.0,0.5120799472875027,0.22580645161290322,0.4827586206896552
Right,contig,PTT,HTL,6,0.5,1,401,87,380,78,SDM-HS4,arc labels,,0.5796544402957757,0.2839506172839506,0.5287356321839081
Right,contig,PTT,HTL,6,0.5,1,401,87,380,78,SDM-HSsrc,arc labels,,0.5419869682992898,0.25316455696202533,0.45977011494252873
Right,contig,PTT,HTL,6,0.5,1,401,87,380,78,SDM-PCA,arc labels,64.0,0.5314993776996852,0.22849462365591397,0.9770114942528736
Right,contig,PTT,HTL,7,0.05,1,401,84,40,8,NoAdapt,nothing,,0.5592797055730809,0.23333333333333334,0.9166666666666666
Right,contig,PTT,HTL,7,0.05,1,401,84,40,8,TargetOnly,arc labels,,0.5343059936908517,0.22580645161290322,0.75
Right,contig,PTT,HTL,7,0.05,1,401,84,40,8,Source+Target,arc labels,,0.5419295478443743,0.22580645161290322,0.9166666666666666
Right,contig,PTT,HTL,7,0.05,1,401,84,40,8,COT,arc labels,,0.5,0.20947630922693267,1.0
Right,contig,PTT,HTL,7,0.05,1,401,84,40,8,none-HS4,arc labels,,0.5098392669370587,0.21487603305785125,0.6190476190476191
Right,contig,PTT,HTL,7,0.05,1,401,84,40,8,none-HSsrc,nothing,,0.5332920234339793,0.22709163346613545,0.6785714285714286
Right,contig,PTT,HTL,7,0.05,1,401,84,40,8,none-PCA,arc segments,16.0,0.5116794351810124,0.21839080459770116,0.4523809523809524
Right,contig,PTT,HTL,7,0.05,1,401,84,40,8,QOTu-HS4,arc labels,,0.557101547243503,0.23921568627450981,0.7261904761904762
Right,contig,PTT,HTL,7,0.05,1,401,84,40,8,QOTu-HSsrc,arc segments,,0.5439762655850984,0.23293172690763053,0.6904761904761905
Right,contig,PTT,HTL,7,0.05,1,401,84,40,8,QOTu-PCA,arc segments,16.0,0.6084948174853537,0.2857142857142857,0.6428571428571429
Right,contig,PTT,HTL,7,0.05,1,401,84,40,8,QOTc-HS4,arc labels,,0.6229532822592759,0.35398230088495575,0.47619047619047616
Right,contig,PTT,HTL,7,0.05,1,401,84,40,8,QOTc-HSsrc,arc labels,,0.5491587802313355,0.23102310231023102,0.8333333333333334
Right,contig,PTT,HTL,7,0.05,1,401,84,40,8,QOTc-PCA,arc labels,32.0,0.5197348655550549,0.275,0.13095238095238096
Right,contig,PTT,HTL,7,0.05,1,401,84,40,8,SDM-HS4,arc labels,,0.6056031245305693,0.3225806451612903,0.47619047619047616
Right,contig,PTT,HTL,7,0.05,1,401,84,40,8,SDM-HSsrc,arc labels,,0.4862738470782635,0.20376175548589343,0.7738095238095238
Right,contig,PTT,HTL,7,0.05,1,401,84,40,8,SDM-PCA,arc labels,32.0,0.5602561213759951,0.24110671936758893,0.7261904761904762
Right,contig,PTT,HTL,7,0.1,1,401,84,80,19,NoAdapt,nothing,,0.5592797055730809,0.23333333333333334,0.9166666666666666
Right,contig,PTT,HTL,7,0.1,1,401,84,80,19,TargetOnly,arc labels,,0.5766298633017876,0.2413793103448276,0.9166666666666666
Right,contig,PTT,HTL,7,0.1,1,401,84,80,19,Source+Target,arc labels,,0.5419295478443743,0.22580645161290322,0.9166666666666666
Right,contig,PTT,HTL,7,0.1,1,401,84,80,19,COT,arc labels,,0.4822179660507736,0.19806763285024154,0.4880952380952381
Right,contig,PTT,HTL,7,0.1,1,401,84,80,19,none-HS4,arc labels,,0.49147513895147965,0.20444444444444446,0.5476190476190477
Right,contig,PTT,HTL,7,0.1,1,401,84,80,19,none-HSsrc,nothing,,0.5332920234339793,0.22709163346613545,0.6785714285714286
Right,contig,PTT,HTL,7,0.1,1,401,84,80,19,none-PCA,arc segments,4.0,0.5353762956286616,0.22727272727272727,0.7142857142857143
Right,contig,PTT,HTL,7,0.1,1,401,84,80,19,QOTu-HS4,arc labels,,0.5209366080817185,0.22395833333333334,0.5119047619047619
Right,contig,PTT,HTL,7,0.1,1,401,84,80,19,QOTu-HSsrc,arc segments,,0.6070301937809824,0.34615384615384615,0.42857142857142855
Right,contig,PTT,HTL,7,0.1,1,401,84,80,19,QOTu-PCA,arc segments,16.0,0.5637862400480698,0.29591836734693877,0.34523809523809523
Right,contig,PTT,HTL,7,0.1,1,401,84,80,19,QOTc-HS4,arc labels,,0.5513932702418507,0.2298507462686567,0.9166666666666666
Right,contig,PTT,HTL,7,0.1,1,401,84,80,19,QOTc-HSsrc,arc labels,,0.6215262130088628,0.3308270676691729,0.5238095238095238
Right,contig,PTT,HTL,7,0.1,1,401,84,80,19,QOTc-PCA,arc labels,64.0,0.5491775574583146,0.25161290322580643,0.4642857142857143
Right,contig,PTT,HTL,7,0.1,1,401,84,80,19,SDM-HS4,arc labels,,0.5057646086825898,0.21223021582733814,0.7023809523809523
Right,contig,PTT,HTL,7,0.1,1,401,84,80,19,SDM-HSsrc,arc labels,,0.5522382454559112,0.2857142857142857,0.30952380952380953
Right,contig,PTT,HTL,7,0.1,1,401,84,80,19,SDM-PCA,arc labels,64.0,0.47496995643683343,0.2010178117048346,0.9404761904761905
Right,contig,PTT,HTL,7,0.2,1,401,84,161,32,NoAdapt,nothing,,0.5592797055730809,0.23333333333333334,0.9166666666666666
Right,contig,PTT,HTL,7,0.2,1,401,84,161,32,TargetOnly,arc labels,,0.5885534024335286,0.2774566473988439,0.5714285714285714
Right,contig,PTT,HTL,7,0.2,1,401,84,161,32,Source+Target,arc labels,,0.5435068349106204,0.22647058823529412,0.9166666666666666
Right,contig,PTT,HTL,7,0.2,1,401,84,161,32,COT,arc labels,,0.5606128886885985,0.24193548387096775,0.7142857142857143
Right,contig,PTT,HTL,7,0.2,1,401,84,161,32,none-HS4,arc labels,,0.5109095688748686,0.21585903083700442,0.5833333333333334
Right,contig,PTT,HTL,7,0.2,1,401,84,161,32,none-HSsrc,nothing,,0.5332920234339793,0.22709163346613545,0.6785714285714286
Right,contig,PTT,HTL,7,0.2,1,401,84,161,32,none-PCA,arc segments,4.0,0.5234715337238997,0.22137404580152673,0.6904761904761905
Right,contig,PTT,HTL,7,0.2,1,401,84,161,32,QOTu-HS4,arc labels,,0.5163549646988133,0.21962616822429906,0.5595238095238095
Right,contig,PTT,HTL,7,0.2,1,401,84,161,32,QOTu-HSsrc,arc segments,,0.557570977917981,0.25609756097560976,0.5
Right,contig,PTT,HTL,7,0.2,1,401,84,161,32,QOTu-PCA,arc segments,16.0,0.5547731710980922,0.2546583850931677,0.4880952380952381
Right,contig,PTT,HTL,7,0.2,1,401,84,161,32,QOTc-HS4,arc labels,,0.5934354814480998,0.2751322751322751,0.6190476190476191
Right,contig,PTT,HTL,7,0.2,1,401,84,161,32,QOTc-HSsrc,arc labels,,0.6234039357067749,0.3058823529411765,0.6190476190476191
Right,contig,PTT,HTL,7,0.2,1,401,84,161,32,QOTc-PCA,arc labels,64.0,0.6215262130088628,0.3308270676691729,0.5238095238095238
Right,contig,PTT,HTL,7,0.2,1,401,84,161,32,SDM-HS4,arc labels,,0.5772119573381402,0.28169014084507044,0.47619047619047616
Right,contig,PTT,HTL,7,0.2,1,401,84,161,32,SDM-HSsrc,arc labels,,0.5814368334084422,0.296,0.44047619047619047
Right,contig,PTT,HTL,7,0.2,1,401,84,161,32,SDM-PCA,arc labels,32.0,0.5329915878023134,0.2300469483568075,0.5833333333333334
Right,contig,PTT,HTL,7,0.3,1,401,84,241,49,NoAdapt,nothing,,0.5592797055730809,0.23333333333333334,0.9166666666666666
Right,contig,PTT,HTL,7,0.3,1,401,84,241,49,TargetOnly,arc labels,,0.5535526513444494,0.25477707006369427,0.47619047619047616
Right,contig,PTT,HTL,7,0.3,1,401,84,241,49,Source+Target,arc labels,,0.5529705573080967,0.23053892215568864,0.9166666666666666
Right,contig,PTT,HTL,7,0.3,1,401,84,241,49,COT,arc labels,,0.5488771218266486,0.26495726495726496,0.36904761904761907
Right,contig,PTT,HTL,7,0.3,1,401,84,241,49,none-HS4,arc labels,,0.5133506083821541,0.2170212765957447,0.6071428571428571
Right,contig,PTT,HTL,7,0.3,1,401,84,241,49,none-HSsrc,nothing,,0.5332920234339793,0.22709163346613545,0.6785714285714286
Right,contig,PTT,HTL,7,0.3,1,401,84,241,49,none-PCA,arc segments,16.0,0.5113226678684092,0.21787709497206703,0.4642857142857143
Right,contig,PTT,HTL,7,0.3,1,401,84,241,49,QOTu-HS4,arc labels,,0.5402771518702119,0.25,0.39285714285714285
Right,contig,PTT,HTL,7,0.3,1,401,84,241,49,QOTu-HSsrc,arc segments,,0.6040258374643233,0.32,0.47619047619047616
Right,contig,PTT,HTL,7,0.3,1,401,84,241,49,QOTu-PCA,arc segments,16.0,0.5900368033648791,0.3181818181818182,0.4166666666666667
Right,contig,PTT,HTL,7,0.3,1,401,84,241,49,QOTc-HS4,arc labels,,0.5808171849181313,0.2639593908629442,0.6190476190476191
Right,contig,PTT,HTL,7,0.3,1,401,84,241,49,QOTc-HSsrc,arc labels,,0.6299196334685293,0.33098591549295775,0.5595238095238095
Right,contig,PTT,HTL,7,0.3,1,401,84,241,49,QOTc-PCA,arc labels,32.0,0.5349819738621,0.23780487804878048,0.4642857142857143
Right,contig,PTT,HTL,7,0.3,1,401,84,241,49,SDM-HS4,arc labels,,0.5756346702718942,0.27972027972027974,0.47619047619047616
Right,contig,PTT,HTL,7,0.3,1,401,84,241,49,SDM-HSsrc,arc labels,,0.5774185068349106,0.2966101694915254,0.4166666666666667
Right,contig,PTT,HTL,7,0.3,1,401,84,241,49,SDM-PCA,arc labels,64.0,0.5208614991738021,0.21671018276762402,0.9880952380952381
Right,contig,PTT,HTL,7,0.5,1,401,84,391,82,NoAdapt,nothing,,0.5592797055730809,0.23333333333333334,0.9166666666666666
Right,contig,PTT,HTL,7,0.5,1,401,84,391,82,TargetOnly,arc labels,,0.5393570677482349,0.24096385542168675,0.47619047619047616
Right,contig,PTT,HTL,7,0.5,1,401,84,391,82,Source+Target,arc labels,,0.5403522607781283,0.22514619883040934,0.9166666666666666
Right,contig,PTT,HTL,7,0.5,1,401,84,391,82,COT,arc labels,,0.4871563767462821,0.2,0.42857142857142855
Right,contig,PTT,HTL,7,0.5,1,401,84,391,82,none-HS4,arc labels,,0.4986480396575034,0.20869565217391303,0.5714285714285714
Right,contig,PTT,HTL,7,0.5,1,401,84,391,82,none-HSsrc,nothing,,0.5332920234339793,0.22709163346613545,0.6785714285714286
Right,contig,PTT,HTL,7,0.5,1,401,84,391,82,none-PCA,arc segments,16.0,0.49906113865104407,0.2087912087912088,0.4523809523809524
Right,contig,PTT,HTL,7,0.5,1,401,84,391,82,QOTu-HS4,arc labels,,0.5144772420009014,0.22033898305084745,0.4642857142857143
Right,contig,PTT,HTL,7,0.5,1,401,84,391,82,QOTu-HSsrc,arc segments,,0.576855190025537,0.2789115646258503,0.4880952380952381
Right,contig,PTT,HTL,7,0.5,1,401,84,391,82,QOTu-PCA,arc segments,16.0,0.5667342646837915,0.2833333333333333,0.40476190476190477
Right,contig,PTT,HTL,7,0.5,1,401,84,391,82,QOTc-HS4,arc labels,,0.593792248760703,0.27717391304347827,0.6071428571428571
Right,contig,PTT,HTL,7,0.5,1,401,84,391,82,QOTc-HSsrc,arc labels,,0.5850983926693706,0.291970802919708,0.47619047619047616
Right,contig,PTT,HTL,7,0.5,1,401,84,391,82,QOTc-PCA,arc labels,64.0,0.5039995493465524,0.2129032258064516,0.39285714285714285
Right,contig,PTT,HTL,7,0.5,1,401,84,391,82,SDM-HS4,arc labels,,0.5856053777978067,0.2847682119205298,0.5119047619047619
Right,contig,PTT,HTL,7,0.5,1,401,84,391,82,SDM-HSsrc,arc labels,,0.5369723599218867,0.25217391304347825,0.34523809523809523
Right,contig,PTT,HTL,7,0.5,1,401,84,391,82,SDM-PCA,arc labels,64.0,0.5291047018176356,0.21983914209115282,0.9761904761904762
Right,contig,PTT,RTT,0,0.05,0,2129,47,213,0,NoAdapt,nothing,,0.5054264516524618,0.029411764705882353,0.0425531914893617
Right,contig,PTT,RTT,0,0.05,0,2129,47,213,0,TargetOnly,arc labels,,,,
Right,contig,PTT,RTT,0,0.05,0,2129,47,213,0,Source+Target,arc labels,,,,
Right,contig,PTT,RTT,0,0.05,0,2129,47,213,0,COT,arc labels,,,,
Right,contig,PTT,RTT,0,0.05,0,2129,47,213,0,none-HS4,arc labels,,,,
Right,contig,PTT,RTT,0,0.05,0,2129,47,213,0,none-HSsrc,nothing,,0.6280427984548409,0.13861386138613863,0.2978723404255319
Right,contig,PTT,RTT,0,0.05,0,2129,47,213,0,none-PCA,arc segments,8.0,0.5434167228728514,0.06593406593406594,0.1276595744680851
Right,contig,PTT,RTT,0,0.05,0,2129,47,213,0,QOTu-HS4,arc labels,,,,
Right,contig,PTT,RTT,0,0.05,0,2129,47,213,0,QOTu-HSsrc,arc segments,,0.5813405686022033,0.026361031518624643,0.9787234042553191
Right,contig,PTT,RTT,0,0.05,0,2129,47,213,0,QOTu-PCA,arc segments,8.0,0.3502309563226848,0.01250868658790827,0.3829787234042553
Right,contig,PTT,RTT,0,0.05,0,2129,47,213,0,QOTc-HS4,arc labels,,,,
Right,contig,PTT,RTT,0,0.05,0,2129,47,213,0,QOTc-HSsrc,arc labels,,,,
Right,contig,PTT,RTT,0,0.05,0,2129,47,213,0,QOTc-PCA,arc labels,,,,
Right,contig,PTT,RTT,0,0.05,0,2129,47,213,0,SDM-HS4,arc labels,,,,
Right,contig,PTT,RTT,0,0.05,0,2129,47,213,0,SDM-HSsrc,arc labels,,,,
Right,contig,PTT,RTT,0,0.05,0,2129,47,213,0,SDM-PCA,arc labels,,,,
Right,contig,PTT,RTT,0,0.1,0,2129,47,426,1,NoAdapt,nothing,,0.5054264516524618,0.029411764705882353,0.0425531914893617
Right,contig,PTT,RTT,0,0.1,0,2129,47,426,1,TargetOnly,arc labels,,,,
Right,contig,PTT,RTT,0,0.1,0,2129,47,426,1,Source+Target,arc labels,,,,
Right,contig,PTT,RTT,0,0.1,0,2129,47,426,1,COT,arc labels,,,,
Right,contig,PTT,RTT,0,0.1,0,2129,47,426,1,none-HS4,arc labels,,,,
Right,contig,PTT,RTT,0,0.1,0,2129,47,426,1,none-HSsrc,nothing,,0.6280427984548409,0.13861386138613863,0.2978723404255319
Right,contig,PTT,RTT,0,0.1,0,2129,47,426,1,none-PCA,arc segments,4.0,0.5443773376663192,0.06896551724137931,0.1276595744680851
Right,contig,PTT,RTT,0,0.1,0,2129,47,426,1,QOTu-HS4,arc labels,,,,
Right,contig,PTT,RTT,0,0.1,0,2129,47,426,1,QOTu-HSsrc,arc segments,,0.6326619249085372,0.03028263795423957,0.9574468085106383
Right,contig,PTT,RTT,0,0.1,0,2129,47,426,1,QOTu-PCA,arc segments,4.0,0.34648558055879164,0.011730205278592375,0.3404255319148936
Right,contig,PTT,RTT,0,0.1,0,2129,47,426,1,QOTc-HS4,arc labels,,,,
Right,contig,PTT,RTT,0,0.1,0,2129,47,426,1,QOTc-HSsrc,arc labels,,,,
Right,contig,PTT,RTT,0,0.1,0,2129,47,426,1,QOTc-PCA,arc labels,,,,
Right,contig,PTT,RTT,0,0.1,0,2129,47,426,1,SDM-HS4,arc labels,,,,
Right,contig,PTT,RTT,0,0.1,0,2129,47,426,1,SDM-HSsrc,arc labels,,,,
Right,contig,PTT,RTT,0,0.1,0,2129,47,426,1,SDM-PCA,arc labels,,,,
Right,contig,PTT,RTT,0,0.2,1,2129,47,852,15,NoAdapt,nothing,,0.5054264516524618,0.029411764705882353,0.0425531914893617
Right,contig,PTT,RTT,0,0.2,1,2129,47,852,15,TargetOnly,arc labels,,0.7773826312669896,0.0710172744721689,0.7872340425531915
Right,contig,PTT,RTT,0,0.2,1,2129,47,852,15,Source+Target,arc labels,,0.6979939501706625,0.08116883116883117,0.5319148936170213
Right,contig,PTT,RTT,0,0.2,1,2129,47,852,15,COT,arc labels,,0.3956762114987634,0.0038095238095238095,0.0425531914893617
Right,contig,PTT,RTT,0,0.2,1,2129,47,852,15,none-HS4,arc labels,,0.5446174913646862,0.06976744186046512,0.1276595744680851
Right,contig,PTT,RTT,0,0.2,1,2129,47,852,15,none-HSsrc,nothing,,0.6280427984548409,0.13861386138613863,0.2978723404255319
Right,contig,PTT,RTT,0,0.2,1,2129,47,852,15,none-PCA,arc segments,4.0,0.545818259856521,0.07407407407407407,0.1276595744680851
Right,contig,PTT,RTT,0,0.2,1,2129,47,852,15,QOTu-HS4,arc labels,,0.6222944386535042,0.034636871508379886,0.6595744680851063
Right,contig,PTT,RTT,0,0.2,1,2129,47,852,15,QOTu-HSsrc,arc segments,,0.7331432542359024,0.044012282497441144,0.9148936170212766
Right,contig,PTT,RTT,0,0.2,1,2129,47,852,15,QOTu-PCA,arc segments,4.0,0.6825934555562367,0.03954214360041623,0.8085106382978723
Right,contig,PTT,RTT,0,0.2,1,2129,47,852,15,QOTc-HS4,arc labels,,0.835831953726981,0.0703125,0.9574468085106383
Right,contig,PTT,RTT,0,0.2,1,2129,47,852,15,QOTc-HSsrc,arc labels,,0.8196701207922006,0.06646525679758308,0.9361702127659575
Right,contig,PTT,RTT,0,0.2,1,2129,47,852,15,QOTc-PCA,arc labels,32.0,0.5105872013407731,0.02564102564102564,0.14893617021276595
Right,contig,PTT,RTT,0,0.2,1,2129,47,852,15,SDM-HS4,arc labels,,0.8339107241400454,0.06944444444444445,0.9574468085106383
Right,contig,PTT,RTT,0,0.2,1,2129,47,852,15,SDM-HSsrc,arc labels,,0.7922210640341734,0.058823529411764705,0.9148936170212766
Right,contig,PTT,RTT,0,0.2,1,2129,47,852,15,SDM-PCA,arc labels,32.0,0.6199695464671858,0.04426559356136821,0.46808510638297873
Right,contig,PTT,RTT,0,0.3,1,2129,47,1278,27,NoAdapt,nothing,,0.5054264516524618,0.029411764705882353,0.0425531914893617
Right,contig,PTT,RTT,0,0.3,1,2129,47,1278,27,TargetOnly,arc labels,,0.8203445950088908,0.08368200836820083,0.851063829787234
Right,contig,PTT,RTT,0,0.3,1,2129,47,1278,27,Source+Target,arc labels,,0.7064708647577003,0.08176100628930817,0.5531914893617021
Right,contig,PTT,RTT,0,0.3,1,2129,47,1278,27,COT,arc labels,,0.5803697345024219,0.03612167300380228,0.40425531914893614
Right,contig,PTT,RTT,0,0.3,1,2129,47,1278,27,none-HS4,arc labels,,0.5438970302695854,0.06741573033707865,0.1276595744680851
Right,contig,PTT,RTT,0,0.3,1,2129,47,1278,27,none-HSsrc,nothing,,0.6280427984548409,0.13861386138613863,0.2978723404255319
Right,contig,PTT,RTT,0,0.3,1,2129,47,1278,27,none-PCA,arc segments,4.0,0.5441371839679523,0.06818181818181818,0.1276595744680851
Right,contig,PTT,RTT,0,0.3,1,2129,47,1278,27,QOTu-HS4,arc labels,,0.6569021194841294,0.04552845528455285,0.5957446808510638
Right,contig,PTT,RTT,0,0.3,1,2129,47,1278,27,QOTu-HSsrc,arc segments,,0.8046375212050606,0.06624605678233439,0.8936170212765957
Right,contig,PTT,RTT,0,0.3,1,2129,47,1278,27,QOTu-PCA,arc segments,4.0,0.678561939215566,0.0453257790368272,0.6808510638297872
Right,contig,PTT,RTT,0,0.3,1,2129,47,1278,27,QOTc-HS4,arc labels,,0.8367210333762545,0.07445008460236886,0.9361702127659575
Right,contig,PTT,RTT,0,0.3,1,2129,47,1278,27,QOTc-HSsrc,arc labels,,0.6599985692971161,0.04200542005420054,0.6595744680851063
Right,contig,PTT,RTT,0,0.3,1,2129,47,1278,27,QOTc-PCA,arc labels,32.0,0.7092556257281255,0.07052896725440806,0.5957446808510638
Right,contig,PTT,RTT,0,0.3,1,2129,47,1278,27,SDM-HS4,arc labels,,0.7897020050278987,0.07378640776699029,0.8085106382978723
Right,contig,PTT,RTT,0,0.3,1,2129,47,1278,27,SDM-HSsrc,arc labels,,0.7647975555419297,0.058734939759036146,0.8297872340425532
Right,contig,PTT,RTT,0,0.3,1,2129,47,1278,27,SDM-PCA,arc labels,32.0,0.6730895006846935,0.05689277899343545,0.5531914893617021
Right,contig,PTT,RTT,0,0.5,1,2129,47,2118,35,NoAdapt,nothing,,0.5054264516524618,0.029411764705882353,0.0425531914893617
Right,contig,PTT,RTT,0,0.5,1,2129,47,2118,35,TargetOnly,arc labels,,0.8390510352157295,0.08022388059701492,0.9148936170212766
Right,contig,PTT,RTT,0,0.5,1,2129,47,2118,35,Source+Target,arc labels,,0.8329296707339506,0.11343283582089553,0.8085106382978723
Right,contig,PTT,RTT,0,0.5,1,2129,47,2118,35,COT,arc labels,,0.7464998875876305,0.0626118067978533,0.7446808510638298
Right,contig,PTT,RTT,0,0.5,1,2129,47,2118,35,none-HS4,arc labels,,0.5441371839679523,0.06818181818181818,0.1276595744680851
Right,contig,PTT,RTT,0,0.5,1,2129,47,2118,35,none-HSsrc,nothing,,0.6280427984548409,0.13861386138613863,0.2978723404255319
Right,contig,PTT,RTT,0,0.5,1,2129,47,2118,35,none-PCA,arc segments,4.0,0.5436568765712183,0.06666666666666667,0.1276595744680851
Right,contig,PTT,RTT,0,0.5,1,2129,47,2118,35,QOTu-HS4,arc labels,,0.6658133545894904,0.05656108597285068,0.5319148936170213
Right,contig,PTT,RTT,0,0.5,1,2129,47,2118,35,QOTu-HSsrc,arc segments,,0.8056236842643121,0.07894736842105263,0.8297872340425532
Right,contig,PTT,RTT,0,0.5,1,2129,47,2118,35,QOTu-PCA,arc segments,4.0,0.6150949373556522,0.04449152542372881,0.44680851063829785
Right,contig,PTT,RTT,0,0.5,1,2129,47,2118,35,QOTc-HS4,arc labels,,0.8414525721993991,0.0817490494296578,0.9148936170212766
Right,contig,PTT,RTT,0,0.5,1,2129,47,2118,35,QOTc-HSsrc,arc labels,,0.6438622846281195,0.04326923076923077,0.574468085106383
Right,contig,PTT,RTT,0,0.5,1,2129,47,2118,35,QOTc-PCA,arc labels,64.0,0.8434708851963129,0.09601873536299765,0.8723404255319149
Right,contig,PTT,RTT,0,0.5,1,2129,47,2118,35,SDM-HS4,arc labels,,0.648256586342919,0.043010752688172046,0.5957446808510638
Right,contig,PTT,RTT,0,0.5,1,2129,47,2118,35,SDM-HSsrc,arc labels,,0.6599985692971161,0.04200542005420054,0.6595744680851063
Right,contig,PTT,RTT,0,0.5,1,2129,47,2118,35,SDM-PCA,arc labels,32.0,0.7063482330819384,0.05688073394495413,0.6595744680851063
Right,contig,PTT,RTT,1,0.05,0,2129,8,213,0,NoAdapt,nothing,,0.46322489391796323,0.0,0.0
Right,contig,PTT,RTT,1,0.05,0,2129,8,213,0,TargetOnly,arc labels,,,,
Right,contig,PTT,RTT,1,0.05,0,2129,8,213,0,Source+Target,arc labels,,,,
Right,contig,PTT,RTT,1,0.05,0,2129,8,213,0,COT,arc labels,,,,
Right,contig,PTT,RTT,1,0.05,0,2129,8,213,0,none-HS4,arc labels,,,,
Right,contig,PTT,RTT,1,0.05,0,2129,8,213,0,none-HSsrc,nothing,,0.4721829325789722,0.0,0.0
Right,contig,PTT,RTT,1,0.05,0,2129,8,213,0,none-PCA,arc segments,8.0,0.4726544082979727,0.0,0.0
Right,contig,PTT,RTT,1,0.05,0,2129,8,213,0,QOTu-HS4,arc labels,,,,
Right,contig,PTT,RTT,1,0.05,0,2129,8,213,0,QOTu-HSsrc,arc segments,,0.6222595473833097,0.006157635467980296,0.625
Right,contig,PTT,RTT,1,0.05,0,2129,8,213,0,QOTu-PCA,arc segments,8.0,0.5911421499292786,0.005296610169491525,0.625
Right,contig,PTT,RTT,1,0.05,0,2129,8,213,0,QOTc-HS4,arc labels,,,,
Right,contig,PTT,RTT,1,0.05,0,2129,8,213,0,QOTc-HSsrc,arc labels,,,,
Right,contig,PTT,RTT,1,0.05,0,2129,8,213,0,QOTc-PCA,arc labels,,,,
Right,contig,PTT,RTT,1,0.05,0,2129,8,213,0,SDM-HS4,arc labels,,,,
Right,contig,PTT,RTT,1,0.05,0,2129,8,213,0,SDM-HSsrc,arc labels,,,,
Right,contig,PTT,RTT,1,0.05,0,2129,8,213,0,SDM-PCA,arc labels,,,,
Right,contig,PTT,RTT,1,0.1,1,2129,8,426,4,NoAdapt,nothing,,0.46322489391796323,0.0,0.0
Right,contig,PTT,RTT,1,0.1,1,2129,8,426,4,TargetOnly,arc labels,,0.6257366808109383,0.011320754716981131,0.375
Right,contig,PTT,RTT,1,0.1,1,2129,8,426,4,Source+Target,arc labels,,0.5132307873644507,0.004761904761904762,0.125
Right,contig,PTT,RTT,1,0.1,1,2129,8,426,4,COT,arc labels,,0.5368635077793493,0.004672897196261682,0.375
Right,contig,PTT,RTT,1,0.1,1,2129,8,426,4,none-HS4,arc labels,,0.47123998114097126,0.0,0.0
Right,contig,PTT,RTT,1,0.1,1,2129,8,426,4,none-HSsrc,nothing,,0.4721829325789722,0.0,0.0
Right,contig,PTT,RTT,1,0.1,1,2129,8,426,4,none-PCA,arc segments,4.0,0.4679396511079679,0.0,0.0
Right,contig,PTT,RTT,1,0.1,1,2129,8,426,4,QOTu-HS4,arc labels,,0.6210808580858086,0.006119951040391677,0.625
Right,contig,PTT,RTT,1,0.1,1,2129,8,426,4,QOTu-HSsrc,arc segments,,0.6526697312588401,0.007320644216691069,0.625
Right,contig,PTT,RTT,1,0.1,1,2129,8,426,4,QOTu-PCA,arc segments,8.0,0.5691890617633192,0.005188067444876783,0.5
Right,contig,PTT,RTT,1,0.1,1,2129,8,426,4,QOTc-HS4,arc labels,,0.4933993399339934,0.0,0.0
Right,contig,PTT,RTT,1,0.1,1,2129,8,426,4,QOTc-HSsrc,arc labels,,0.6543198962753418,0.0073964497041420114,0.625
Right,contig,PTT,RTT,1,0.1,1,2129,8,426,4,QOTc-PCA,arc labels,64.0,0.5492986798679869,0.017543859649122806,0.125
Right,contig,PTT,RTT,1,0.1,1,2129,8,426,4,SDM-HS4,arc labels,,0.48066949552098065,0.0,0.0
Right,contig,PTT,RTT,1,0.1,1,2129,8,426,4,SDM-HSsrc,arc labels,,0.6540841584158417,0.007385524372230428,0.625
Right,contig,PTT,RTT,1,0.1,1,2129,8,426,4,SDM-PCA,arc labels,16.0,0.5186822253653937,0.004415011037527594,0.25
Right,contig,PTT,RTT,1,0.2,1,2129,8,852,27,NoAdapt,nothing,,0.46322489391796323,0.0,0.0
Right,contig,PTT,RTT,1,0.2,1,2129,8,852,27,TargetOnly,arc labels,,0.6941301272984441,0.016597510373443983,0.5
Right,contig,PTT,RTT,1,0.2,1,2129,8,852,27,Source+Target,arc labels,,0.5771452145214522,0.00975609756097561,0.25
Right,contig,PTT,RTT,1,0.2,1,2129,8,852,27,COT,arc labels,,0.6823727015558698,0.008976660682226212,0.625
Right,contig,PTT,RTT,1,0.2,1,2129,8,852,27,none-HS4,arc labels,,0.46864686468646866,0.0,0.0
Right,contig,PTT,RTT,1,0.2,1,2129,8,852,27,none-HSsrc,nothing,,0.4721829325789722,0.0,0.0
Right,contig,PTT,RTT,1,0.2,1,2129,8,852,27,none-PCA,arc segments,4.0,0.46935407826496933,0.0,0.0
Right,contig,PTT,RTT,1,0.2,1,2129,8,852,27,QOTu-HS4,arc labels,,0.5573727015558698,0.005405405405405406,0.375
Right,contig,PTT,RTT,1,0.2,1,2129,8,852,27,QOTu-HSsrc,arc segments,,0.6311881188118812,0.007874015748031496,0.5
Right,contig,PTT,RTT,1,0.2,1,2129,8,852,27,QOTu-PCA,arc segments,8.0,0.5413425271098539,0.004815409309791332,0.375
Right,contig,PTT,RTT,1,0.2,1,2129,8,852,27,QOTc-HS4,arc labels,,0.6747996228194248,0.01238390092879257,0.5
Right,contig,PTT,RTT,1,0.2,1,2129,8,852,27,QOTc-HSsrc,arc labels,,0.6854372937293729,0.009191176470588236,0.625
Right,contig,PTT,RTT,1,0.2,1,2129,8,852,27,QOTc-PCA,arc labels,64.0,0.5686586515794436,0.008298755186721992,0.25
Right,contig,PTT,RTT,1,0.2,1,2129,8,852,27,SDM-HS4,arc labels,,0.7488507779349364,0.01818181818181818,0.625
Right,contig,PTT,RTT,1,0.2,1,2129,8,852,27,SDM-HSsrc,arc labels,,0.6918022159358793,0.009671179883945842,0.625
Right,contig,PTT,RTT,1,0.2,1,2129,8,852,27,SDM-PCA,arc labels,32.0,0.4205858085808581,0.001658374792703151,0.125
Right,contig,PTT,RTT,1,0.3,1,2129,8,1278,28,NoAdapt,nothing,,0.46322489391796323,0.0,0.0
Right,contig,PTT,RTT,1,0.3,1,2129,8,1278,28,TargetOnly,arc labels,,0.6462458745874587,0.016853932584269662,0.375
Right,contig,PTT,RTT,1,0.3,1,2129,8,1278,28,Source+Target,arc labels,,0.5813884959924565,0.0106951871657754,0.25
Right,contig,PTT,RTT,1,0.3,1,2129,8,1278,28,COT,arc labels,,0.586604196133899,0.0069605568445475635,0.375
Right,contig,PTT,RTT,1,0.3,1,2129,8,1278,28,none-HS4,arc labels,,0.4695898161244696,0.0,0.0
Right,contig,PTT,RTT,1,0.3,1,2129,8,1278,28,none-HSsrc,nothing,,0.4721829325789722,0.0,0.0
Right,contig,PTT,RTT,1,0.3,1,2129,8,1278,28,none-PCA,arc segments,4.0,0.46935407826496933,0.0,0.0
Right,contig,PTT,RTT,1,0.3,1,2129,8,1278,28,QOTu-HS4,arc labels,,0.5328264969354078,0.005089058524173028,0.25
Right,contig,PTT,RTT,1,0.3,1,2129,8,1278,28,QOTu-HSsrc,arc segments,,0.6627769919849128,0.0106951871657754,0.5
Right,contig,PTT,RTT,1,0.3,1,2129,8,1278,28,QOTu-PCA,arc segments,4.0,0.521982555398397,0.004555808656036446,0.25
Right,contig,PTT,RTT,1,0.3,1,2129,8,1278,28,QOTc-HS4,arc labels,,0.6882366808109383,0.015037593984962405,0.5
Right,contig,PTT,RTT,1,0.3,1,2129,8,1278,28,QOTc-HSsrc,arc labels,,0.6288307402168789,0.007722007722007722,0.5
Right,contig,PTT,RTT,1,0.3,1,2129,8,1278,28,QOTc-PCA,arc labels,64.0,0.5240747289014616,0.006097560975609756,0.125
Right,contig,PTT,RTT,1,0.3,1,2129,8,1278,28,SDM-HS4,arc labels,,0.7380068363979255,0.01557632398753894,0.625
Right,contig,PTT,RTT,1,0.3,1,2129,8,1278,28,SDM-HSsrc,arc labels,,0.6311881188118812,0.007874015748031496,0.5
Right,contig,PTT,RTT,1,0.3,1,2129,8,1278,28,SDM-PCA,arc labels,64.0,0.4456034889203206,0.002621231979030144,0.25
Right,contig,PTT,RTT,1,0.5,1,2129,8,2106,73,NoAdapt,nothing,,0.46322489391796323,0.0,0.0
Right,contig,PTT,RTT,1,0.5,1,2129,8,2106,73,TargetOnly,arc labels,,0.6077911362564827,0.02666666666666667,0.25
Right,contig,PTT,RTT,1,0.5,1,2129,8,2106,73,Source+Target,arc labels,,0.5375117868929751,0.009345794392523364,0.125
Right,contig,PTT,RTT,1,0.5,1,2129,8,2106,73,COT,arc labels,,0.5158828382838283,0.004103967168262654,0.375
Right,contig,PTT,RTT,1,0.5,1,2129,8,2106,73,none-HS4,arc labels,,0.47053276756247053,0.0,0.0
Right,contig,PTT,RTT,1,0.5,1,2129,8,2106,73,none-HSsrc,nothing,,0.4721829325789722,0.0,0.0
Right,contig,PTT,RTT,1,0.5,1,2129,8,2106,73,none-PCA,arc segments,4.0,0.46746817538896746,0.0,0.0
Right,contig,PTT,RTT,1,0.5,1,2129,8,2106,73,QOTu-HS4,arc labels,,0.537069778406412,0.005333333333333333,0.25
Right,contig,PTT,RTT,1,0.5,1,2129,8,2106,73,QOTu-HSsrc,arc segments,,0.6637199434229137,0.010810810810810811,0.5
Right,contig,PTT,RTT,1,0.5,1,2129,8,2106,73,QOTu-PCA,arc segments,8.0,0.5818894389438944,0.0066518847006651885,0.375
Right,contig,PTT,RTT,1,0.5,1,2129,8,2106,73,QOTc-HS4,arc labels,,0.6627475247524752,0.027777777777777776,0.375
Right,contig,PTT,RTT,1,0.5,1,2129,8,2106,73,QOTc-HSsrc,arc labels,,0.6707920792079207,0.011764705882352941,0.5
Right,contig,PTT,RTT,1,0.5,1,2129,8,2106,73,QOTc-PCA,arc labels,32.0,0.5825671852899575,0.01098901098901099,0.25
Right,contig,PTT,RTT,1,0.5,1,2129,8,2106,73,SDM-HS4,arc labels,,0.6861150400754361,0.014545454545454545,0.5
Right,contig,PTT,RTT,1,0.5,1,2129,8,2106,73,SDM-HSsrc,arc labels,,0.67008486562942,0.011661807580174927,0.5
Right,contig,PTT,RTT,1,0.5,1,2129,8,2106,73,SDM-PCA,arc labels,64.0,0.3133250825082508,0.000945179584120983,0.125
Right,contig,PTT,RTT,2,0.05,1,2129,6,213,19,NoAdapt,nothing,,0.44747998115873766,0.0,0.0
Right,contig,PTT,RTT,2,0.05,1,2129,6,213,19,TargetOnly,arc labels,,0.5536583451091224,0.007874015748031496,0.16666666666666666
Right,contig,PTT,RTT,2,0.05,1,2129,6,213,19,Source+Target,arc labels,,0.5284581566964986,0.004273504273504274,0.16666666666666666
Right,contig,PTT,RTT,2,0.05,1,2129,6,213,19,COT,arc labels,,0.7510990736379337,0.007062146892655367,0.8333333333333334
Right,contig,PTT,RTT,2,0.05,1,2129,6,213,19,none-HS4,arc labels,,0.45525200188412623,0.0,0.0
Right,contig,PTT,RTT,2,0.05,1,2129,6,213,19,none-HSsrc,nothing,,0.46137541215261424,0.0,0.0
Right,contig,PTT,RTT,2,0.05,1,2129,6,213,19,none-PCA,arc segments,64.0,0.5242188726644685,0.003968253968253968,0.16666666666666666
Right,contig,PTT,RTT,2,0.05,1,2129,6,213,19,QOTu-HS4,arc labels,,0.7233474642801068,0.008492569002123142,0.6666666666666666
Right,contig,PTT,RTT,2,0.05,1,2129,6,213,19,QOTu-HSsrc,arc segments,,0.7372428952739833,0.009708737864077669,0.6666666666666666
Right,contig,PTT,RTT,2,0.05,1,2129,6,213,19,QOTu-PCA,arc segments,4.0,0.701208981001727,0.007079646017699115,0.6666666666666666
Right,contig,PTT,RTT,2,0.05,1,2129,6,213,19,QOTc-HS4,arc labels,,0.49811587376354216,0.0,0.0
Right,contig,PTT,RTT,2,0.05,1,2129,6,213,19,QOTc-HSsrc,arc labels,,0.397786151672162,0.0,0.0
Right,contig,PTT,RTT,2,0.05,1,2129,6,213,19,QOTc-PCA,arc labels,32.0,0.49317004239284035,0.0,0.0
Right,contig,PTT,RTT,2,0.05,1,2129,6,213,19,SDM-HS4,arc labels,,0.4992934526613283,0.0,0.0
Right,contig,PTT,RTT,2,0.05,1,2129,6,213,19,SDM-HSsrc,arc labels,,0.42510598210080075,0.0,0.0
Right,contig,PTT,RTT,2,0.05,1,2129,6,213,19,SDM-PCA,arc labels,64.0,0.5288114303658344,0.0030840400925212026,0.6666666666666666
Right,contig,PTT,RTT,2,0.1,1,2129,6,426,35,NoAdapt,nothing,,0.44747998115873766,0.0,0.0
Right,contig,PTT,RTT,2,0.1,1,2129,6,426,35,TargetOnly,arc labels,,0.7996153242267232,0.0099601593625498,0.8333333333333334
Right,contig,PTT,RTT,2,0.1,1,2129,6,426,35,Source+Target,arc labels,,0.5188020097346522,0.0036363636363636364,0.16666666666666666
Right,contig,PTT,RTT,2,0.1,1,2129,6,426,35,COT,arc labels,,0.775082430522845,0.006243496357960458,1.0
Right,contig,PTT,RTT,2,0.1,1,2129,6,426,35,none-HS4,arc labels,,0.45595854922279794,0.0,0.0
Right,contig,PTT,RTT,2,0.1,1,2129,6,426,35,none-HSsrc,nothing,,0.46137541215261424,0.0,0.0
Right,contig,PTT,RTT,2,0.1,1,2129,6,426,35,none-PCA,arc segments,4.0,0.45454545454545453,0.0,0.0
Right,contig,PTT,RTT,2,0.1,1,2129,6,426,35,QOTu-HS4,arc labels,,0.7278222640916941,0.008849557522123894,0.6666666666666666
Right,contig,PTT,RTT,2,0.1,1,2129,6,426,35,QOTu-HSsrc,arc segments,,0.7341811901397394,0.009411764705882352,0.6666666666666666
Right,contig,PTT,RTT,2,0.1,1,2129,6,426,35,QOTu-PCA,arc segments,4.0,0.7155754435547181,0.007936507936507936,0.6666666666666666
Right,contig,PTT,RTT,2,0.1,1,2129,6,426,35,QOTc-HS4,arc labels,,0.560488302716282,0.01020408163265306,0.16666666666666666
Right,contig,PTT,RTT,2,0.1,1,2129,6,426,35,QOTc-HSsrc,arc labels,,0.5701051970482022,0.0048543689320388345,0.3333333333333333
Right,contig,PTT,RTT,2,0.1,1,2129,6,426,35,QOTc-PCA,arc labels,32.0,0.525631967341812,0.0040650406504065045,0.16666666666666666
Right,contig,PTT,RTT,2,0.1,1,2129,6,426,35,SDM-HS4,arc labels,,0.5498900926362066,0.006993006993006993,0.16666666666666666
Right,contig,PTT,RTT,2,0.1,1,2129,6,426,35,SDM-HSsrc,arc labels,,0.5604490500863558,0.004415011037527594,0.3333333333333333
Right,contig,PTT,RTT,2,0.1,1,2129,6,426,35,SDM-PCA,arc labels,64.0,0.5083215575443555,0.002890173410404624,0.6666666666666666
Right,contig,PTT,RTT,2,0.2,1,2129,6,852,46,NoAdapt,nothing,,0.44747998115873766,0.0,0.0
Right,contig,PTT,RTT,2,0.2,1,2129,6,852,46,TargetOnly,arc labels,,0.7186764013188884,0.022058823529411766,0.5
Right,contig,PTT,RTT,2,0.2,1,2129,6,852,46,Source+Target,arc labels,,0.45007065473386715,0.0,0.0
Right,contig,PTT,RTT,2,0.2,1,2129,6,852,46,COT,arc labels,,0.6336159522688021,0.004694835680751174,0.6666666666666666
Right,contig,PTT,RTT,2,0.2,1,2129,6,852,46,none-HS4,arc labels,,0.45525200188412623,0.0,0.0
Right,contig,PTT,RTT,2,0.2,1,2129,6,852,46,none-HSsrc,nothing,,0.46137541215261424,0.0,0.0
Right,contig,PTT,RTT,2,0.2,1,2129,6,852,46,none-PCA,arc segments,64.0,0.5235123253257968,0.00392156862745098,0.16666666666666666
Right,contig,PTT,RTT,2,0.2,1,2129,6,852,46,QOTu-HS4,arc labels,,0.6404851625058878,0.00641025641025641,0.5
Right,contig,PTT,RTT,2,0.2,1,2129,6,852,46,QOTu-HSsrc,arc segments,,0.7351232532579683,0.009501187648456057,0.6666666666666666
Right,contig,PTT,RTT,2,0.2,1,2129,6,852,46,QOTu-PCA,arc segments,4.0,0.6239990579368817,0.0055762081784386614,0.5
Right,contig,PTT,RTT,2,0.2,1,2129,6,852,46,QOTc-HS4,arc labels,,0.7363400847856807,0.04918032786885246,0.5
Right,contig,PTT,RTT,2,0.2,1,2129,6,852,46,QOTc-HSsrc,arc labels,,0.7268802009734652,0.008771929824561403,0.6666666666666666
Right,contig,PTT,RTT,2,0.2,1,2129,6,852,46,QOTc-PCA,arc labels,32.0,0.5571910818024808,0.008928571428571428,0.16666666666666666
Right,contig,PTT,RTT,2,0.2,1,2129,6,852,46,SDM-HS4,arc labels,,0.7394017899199246,0.0625,0.5
Right,contig,PTT,RTT,2,0.2,1,2129,6,852,46,SDM-HSsrc,arc labels,,0.718401632909405,0.008130081300813009,0.6666666666666666
Right,contig,PTT,RTT,2,0.2,1,2129,6,852,46,SDM-PCA,arc labels,64.0,0.44645941278065626,0.0021344717182497333,0.3333333333333333
Right,contig,PTT,RTT,2,0.3,1,2129,6,1278,49,NoAdapt,nothing,,0.44747998115873766,0.0,0.0
Right,contig,PTT,RTT,2,0.3,1,2129,6,1278,49,TargetOnly,arc labels,,0.8093107238184958,0.03773584905660377,0.6666666666666666
Right,contig,PTT,RTT,2,0.3,1,2129,6,1278,49,Source+Target,arc labels,,0.524689904223583,0.004,0.16666666666666666
Right,contig,PTT,RTT,2,0.3,1,2129,6,1278,49,COT,arc labels,,0.6863714868896216,0.006369426751592357,0.6666666666666666
Right,contig,PTT,RTT,2,0.3,1,2129,6,1278,49,none-HS4,arc labels,,0.45525200188412623,0.0,0.0
Right,contig,PTT,RTT,2,0.3,1,2129,6,1278,49,none-HSsrc,nothing,,0.46137541215261424,0.0,0.0
Right,contig,PTT,RTT,2,0.3,1,2129,6,1278,49,none-PCA,arc segments,64.0,0.5235123253257968,0.00392156862745098,0.16666666666666666
Right,contig,PTT,RTT,2,0.3,1,2129,6,1278,49,QOTu-HS4,arc labels,,0.637423457371644,0.006237006237006237,0.5
Right,contig,PTT,RTT,2,0.3,1,2129,6,1278,49,QOTu-HSsrc,arc segments,,0.732768095462396,0.009280742459396751,0.6666666666666666
Right,contig,PTT,RTT,2,0.3,1,2129,6,1278,49,QOTu-PCA,arc segments,4.0,0.6188177107866226,0.005357142857142857,0.5
Right,contig,PTT,RTT,2,0.3,1,2129,6,1278,49,QOTc-HS4,arc labels,,0.7292746113989637,0.03296703296703297,0.5
Right,contig,PTT,RTT,2,0.3,1,2129,6,1278,49,QOTc-HSsrc,arc labels,,0.7146333804364893,0.007874015748031496,0.6666666666666666
Right,contig,PTT,RTT,2,0.3,1,2129,6,1278,49,QOTc-PCA,arc labels,64.0,0.5553069555660229,0.008333333333333333,0.16666666666666666
Right,contig,PTT,RTT,2,0.3,1,2129,6,1278,49,SDM-HS4,arc labels,,0.7167922750824305,0.020833333333333332,0.5
Right,contig,PTT,RTT,2,0.3,1,2129,6,1278,49,SDM-HSsrc,arc labels,,0.7151044119956037,0.007905138339920948,0.6666666666666666
Right,contig,PTT,RTT,2,0.3,1,2129,6,1278,49,SDM-PCA,arc labels,64.0,0.4627100015701052,0.002304147465437788,0.3333333333333333
Right,contig,PTT,RTT,2,0.5,1,2129,6,2106,76,NoAdapt,nothing,,0.44747998115873766,0.0,0.0
Right,contig,PTT,RTT,2,0.5,1,2129,6,2106,76,TargetOnly,arc labels,,0.6499450463181033,0.0273972602739726,0.3333333333333333
Right,contig,PTT,RTT,2,0.5,1,2129,6,2106,76,Source+Target,arc labels,,0.5322264091694143,0.0045871559633027525,0.16666666666666666
Right,contig,PTT,RTT,2,0.5,1,2129,6,2106,76,COT,arc labels,,0.5677107866227038,0.003861003861003861,0.5
Right,contig,PTT,RTT,2,0.5,1,2129,6,2106,76,none-HS4,arc labels,,0.45595854922279794,0.0,0.0
Right,contig,PTT,RTT,2,0.5,1,2129,6,2106,76,none-HSsrc,nothing,,0.46137541215261424,0.0,0.0
Right,contig,PTT,RTT,2,0.5,1,2129,6,2106,76,none-PCA,arc segments,4.0,0.45690061234102686,0.0,0.0
Right,contig,PTT,RTT,2,0.5,1,2129,6,2106,76,QOTu-HS4,arc labels,,0.6197597739048517,0.00539568345323741,0.5
Right,contig,PTT,RTT,2,0.5,1,2129,6,2106,76,QOTu-HSsrc,arc segments,,0.7252315905165646,0.008639308855291577,0.6666666666666666
Right,contig,PTT,RTT,2,0.5,1,2129,6,2106,76,QOTu-PCA,arc segments,4.0,0.5959726801695713,0.0045662100456621,0.5
Right,contig,PTT,RTT,2,0.5,1,2129,6,2106,76,QOTc-HS4,arc labels,,0.7337494112105512,0.041666666666666664,0.5
Right,contig,PTT,RTT,2,0.5,1,2129,6,2106,76,QOTc-HSsrc,arc labels,,0.7278222640916941,0.008849557522123894,0.6666666666666666
Right,contig,PTT,RTT,2,0.5,1,2129,6,2106,76,QOTc-PCA,arc labels,32.0,0.5301067671533993,0.004405286343612335,0.16666666666666666
Right,contig,PTT,RTT,2,0.5,1,2129,6,2106,76,SDM-HS4,arc labels,,0.7210315591144607,0.023809523809523808,0.5
Right,contig,PTT,RTT,2,0.5,1,2129,6,2106,76,SDM-HSsrc,arc labels,,0.7193436960276338,0.00819672131147541,0.6666666666666666
Right,contig,PTT,RTT,2,0.5,1,2129,6,2106,76,SDM-PCA,arc labels,64.0,0.5234338200659444,0.0031088082901554403,0.5
Right,contig,PTT,RTT,3,0.05,1,2129,6,213,12,NoAdapt,nothing,,0.44747998115873766,0.0,0.0
Right,contig,PTT,RTT,3,0.05,1,2129,6,213,12,TargetOnly,arc labels,,0.7956115559742503,0.009633911368015413,0.8333333333333334
Right,contig,PTT,RTT,3,0.05,1,2129,6,213,12,Source+Target,arc labels,,0.530813314492071,0.004464285714285714,0.16666666666666666
Right,contig,PTT,RTT,3,0.05,1,2129,6,213,12,COT,arc labels,,0.7136128120584079,0.004909983633387889,1.0
Right,contig,PTT,RTT,3,0.05,1,2129,6,213,12,none-HS4,arc labels,,0.4557230334432407,0.0,0.0
Right,contig,PTT,RTT,3,0.05,1,2129,6,213,12,none-HSsrc,nothing,,0.46137541215261424,0.0,0.0
Right,contig,PTT,RTT,3,0.05,1,2129,6,213,12,none-PCA,arc segments,4.0,0.4543099387658973,0.0,0.0
Right,contig,PTT,RTT,3,0.05,1,2129,6,213,12,QOTu-HS4,arc labels,,0.5847071753807505,0.005714285714285714,0.3333333333333333
Right,contig,PTT,RTT,3,0.05,1,2129,6,213,12,QOTu-HSsrc,arc segments,,0.7424242424242424,0.010256410256410256,0.6666666666666666
Right,contig,PTT,RTT,3,0.05,1,2129,6,213,12,QOTu-PCA,arc segments,4.0,0.6550871408384362,0.007389162561576354,0.5
Right,contig,PTT,RTT,3,0.05,1,2129,6,213,12,QOTc-HS4,arc labels,,0.8182603234416705,0.058823529411764705,0.6666666666666666
Right,contig,PTT,RTT,3,0.05,1,2129,6,213,12,QOTc-HSsrc,arc labels,,0.554364892447794,0.008064516129032258,0.16666666666666666
Right,contig,PTT,RTT,3,0.05,1,2129,6,213,12,QOTc-PCA,arc labels,64.0,0.6188569634165489,0.00975609756097561,0.3333333333333333
Right,contig,PTT,RTT,3,0.05,1,2129,6,213,12,SDM-HS4,arc labels,,0.7565551891976763,0.012121212121212121,0.6666666666666666
Right,contig,PTT,RTT,3,0.05,1,2129,6,213,12,SDM-HSsrc,arc labels,,0.5517742188726644,0.007407407407407408,0.16666666666666666
Right,contig,PTT,RTT,3,0.05,1,2129,6,213,12,SDM-PCA,arc labels,32.0,0.6473151201130476,0.00683371298405467,0.5
Right,contig,PTT,RTT,3,0.1,1,2129,6,426,22,NoAdapt,nothing,,0.44747998115873766,0.0,0.0
Right,contig,PTT,RTT,3,0.1,1,2129,6,426,22,TargetOnly,arc labels,,0.789056366776574,0.020833333333333332,0.6666666666666666
Right,contig,PTT,RTT,3,0.1,1,2129,6,426,22,Source+Target,arc labels,,0.5261029989009264,0.004098360655737705,0.16666666666666666
Right,contig,PTT,RTT,3,0.1,1,2129,6,426,22,COT,arc labels,,0.8530774061862145,0.01818181818181818,0.8333333333333334
Right,contig,PTT,RTT,3,0.1,1,2129,6,426,22,none-HS4,arc labels,,0.4543099387658973,0.0,0.0
Right,contig,PTT,RTT,3,0.1,1,2129,6,426,22,none-HSsrc,nothing,,0.46137541215261424,0.0,0.0
Right,contig,PTT,RTT,3,0.1,1,2129,6,426,22,none-PCA,arc segments,8.0,0.45690061234102686,0.0,0.0
Right,contig,PTT,RTT,3,0.1,1,2129,6,426,22,QOTu-HS4,arc labels,,0.5861202700580939,0.005813953488372093,0.3333333333333333
Right,contig,PTT,RTT,3,0.1,1,2129,6,426,22,QOTu-HSsrc,arc segments,,0.5927147118856964,0.006329113924050633,0.3333333333333333
Right,contig,PTT,RTT,3,0.1,1,2129,6,426,22,QOTu-PCA,arc segments,4.0,0.6541450777202072,0.007317073170731708,0.5
Right,contig,PTT,RTT,3,0.1,1,2129,6,426,22,QOTc-HS4,arc labels,,0.8024807662113361,0.02962962962962963,0.6666666666666666
Right,contig,PTT,RTT,3,0.1,1,2129,6,426,22,QOTc-HSsrc,arc labels,,0.7341811901397394,0.009411764705882352,0.6666666666666666
Right,contig,PTT,RTT,3,0.1,1,2129,6,426,22,QOTc-PCA,arc labels,32.0,0.6577170670434919,0.05,0.3333333333333333
Right,contig,PTT,RTT,3,0.1,1,2129,6,426,22,SDM-HS4,arc labels,,0.7295101271785209,0.03333333333333333,0.5
Right,contig,PTT,RTT,3,0.1,1,2129,6,426,22,SDM-HSsrc,arc labels,,0.7370073794944261,0.009685230024213076,0.6666666666666666
Right,contig,PTT,RTT,3,0.1,1,2129,6,426,22,SDM-PCA,arc labels,64.0,0.5973465222169885,0.003976143141153081,0.6666666666666666
Right,contig,PTT,RTT,3,0.2,1,2129,6,852,42,NoAdapt,nothing,,0.44747998115873766,0.0,0.0
Right,contig,PTT,RTT,3,0.2,1,2129,6,852,42,TargetOnly,arc labels,,0.8669728371800911,0.023148148148148147,0.8333333333333334
Right,contig,PTT,RTT,3,0.2,1,2129,6,852,42,Source+Target,arc labels,,0.4434762129062647,0.0,0.0
Right,contig,PTT,RTT,3,0.2,1,2129,6,852,42,COT,arc labels,,0.6990500863557858,0.005382131324004306,0.8333333333333334
Right,contig,PTT,RTT,3,0.2,1,2129,6,852,42,none-HS4,arc labels,,0.45525200188412623,0.0,0.0
Right,contig,PTT,RTT,3,0.2,1,2129,6,852,42,none-HSsrc,nothing,,0.46137541215261424,0.0,0.0
Right,contig,PTT,RTT,3,0.2,1,2129,6,852,42,none-PCA,arc segments,8.0,0.45690061234102686,0.0,0.0
Right,contig,PTT,RTT,3,0.2,1,2129,6,852,42,QOTu-HS4,arc labels,,0.5757575757575758,0.005154639175257732,0.3333333333333333
Right,contig,PTT,RTT,3,0.2,1,2129,6,852,42,QOTu-HSsrc,arc segments,,0.737949442612655,0.009779951100244499,0.6666666666666666
Right,contig,PTT,RTT,3,0.2,1,2129,6,852,42,QOTu-PCA,arc segments,4.0,0.7275867483121369,0.008830022075055188,0.6666666666666666
Right,contig,PTT,RTT,3,0.2,1,2129,6,852,42,QOTc-HS4,arc labels,,0.6461767938451877,0.02247191011235955,0.3333333333333333
Right,contig,PTT,RTT,3,0.2,1,2129,6,852,42,QOTc-HSsrc,arc labels,,0.5474956822107081,0.003937007874015748,0.3333333333333333
Right,contig,PTT,RTT,3,0.2,1,2129,6,852,42,QOTc-PCA,arc labels,64.0,0.6306327523944104,0.012903225806451613,0.3333333333333333
Right,contig,PTT,RTT,3,0.2,1,2129,6,852,42,SDM-HS4,arc labels,,0.7403438530381535,0.06818181818181818,0.5
Right,contig,PTT,RTT,3,0.2,1,2129,6,852,42,SDM-HSsrc,arc labels,,0.6967341811901397,0.00684931506849315,0.6666666666666666
Right,contig,PTT,RTT,3,0.2,1,2129,6,852,42,SDM-PCA,arc labels,64.0,0.5940100486732611,0.0036363636363636364,0.8333333333333334
Right,contig,PTT,RTT,3,0.3,1,2129,6,1278,48,NoAdapt,nothing,,0.44747998115873766,0.0,0.0
Right,contig,PTT,RTT,3,0.3,1,2129,6,1278,48,TargetOnly,arc labels,,0.8735672790076936,0.026595744680851064,0.8333333333333334
Right,contig,PTT,RTT,3,0.3,1,2129,6,1278,48,Source+Target,arc labels,,0.6063746271000157,0.007751937984496124,0.3333333333333333
Right,contig,PTT,RTT,3,0.3,1,2129,6,1278,48,COT,arc labels,,0.7275474956822108,0.006188118811881188,0.8333333333333334
Right,contig,PTT,RTT,3,0.3,1,2129,6,1278,48,none-HS4,arc labels,,0.45619406500235515,0.0,0.0
Right,contig,PTT,RTT,3,0.3,1,2129,6,1278,48,none-HSsrc,nothing,,0.46137541215261424,0.0,0.0
Right,contig,PTT,RTT,3,0.3,1,2129,6,1278,48,none-PCA,arc segments,8.0,0.45690061234102686,0.0,0.0
Right,contig,PTT,RTT,3,0.3,1,2129,6,1278,48,QOTu-HS4,arc labels,,0.6418982571832312,0.006493506493506494,0.5
Right,contig,PTT,RTT,3,0.3,1,2129,6,1278,48,QOTu-HSsrc,arc segments,,0.7322970639032815,0.009237875288683603,0.6666666666666666
Right,contig,PTT,RTT,3,0.3,1,2129,6,1278,48,QOTu-PCA,arc segments,4.0,0.714397864656932,0.007858546168958742,0.6666666666666666
Right,contig,PTT,RTT,3,0.3,1,2129,6,1278,48,QOTc-HS4,arc labels,,0.7323363165332077,0.038461538461538464,0.5
Right,contig,PTT,RTT,3,0.3,1,2129,6,1278,48,QOTc-HSsrc,arc labels,,0.7075679070497722,0.007434944237918215,0.6666666666666666
Right,contig,PTT,RTT,3,0.3,1,2129,6,1278,48,QOTc-PCA,arc labels,64.0,0.5531873135500078,0.007751937984496124,0.16666666666666666
Right,contig,PTT,RTT,3,0.3,1,2129,6,1278,48,SDM-HS4,arc labels,,0.7375176636834668,0.05357142857142857,0.5
Right,contig,PTT,RTT,3,0.3,1,2129,6,1278,48,SDM-HSsrc,arc labels,,0.7040351703564138,0.007233273056057866,0.6666666666666666
Right,contig,PTT,RTT,3,0.3,1,2129,6,1278,48,SDM-PCA,arc labels,64.0,0.5314413565708902,0.00322234156820623,0.5
Right,contig,PTT,RTT,3,0.5,1,2129,6,2106,76,NoAdapt,nothing,,0.44747998115873766,0.0,0.0
Right,contig,PTT,RTT,3,0.5,1,2129,6,2106,76,TargetOnly,arc labels,,0.6447636991678443,0.021052631578947368,0.3333333333333333
Right,contig,PTT,RTT,3,0.5,1,2129,6,2106,76,Source+Target,arc labels,,0.5275160935782698,0.004201680672268907,0.16666666666666666
Right,contig,PTT,RTT,3,0.5,1,2129,6,2106,76,COT,arc labels,,0.6411524572146334,0.004878048780487805,0.6666666666666666
Right,contig,PTT,RTT,3,0.5,1,2129,6,2106,76,none-HS4,arc labels,,0.45619406500235515,0.0,0.0
Right,contig,PTT,RTT,3,0.5,1,2129,6,2106,76,none-HSsrc,nothing,,0.46137541215261424,0.0,0.0
Right,contig,PTT,RTT,3,0.5,1,2129,6,2106,76,none-PCA,arc segments,8.0,0.45690061234102686,0.0,0.0
Right,contig,PTT,RTT,3,0.5,1,2129,6,2106,76,QOTu-HS4,arc labels,,0.6138718794159208,0.0051635111876075735,0.5
Right,contig,PTT,RTT,3,0.5,1,2129,6,2106,76,QOTu-HSsrc,arc segments,,0.7224054011618779,0.008421052631578947,0.6666666666666666
Right,contig,PTT,RTT,3,0.5,1,2129,6,2106,76,QOTu-PCA,arc segments,8.0,0.5940885539331136,0.004511278195488722,0.5
Right,contig,PTT,RTT,3,0.5,1,2129,6,2106,76,QOTc-HS4,arc labels,,0.6534777830114618,0.034482758620689655,0.3333333333333333
Right,contig,PTT,RTT,3,0.5,1,2129,6,2106,76,QOTc-HSsrc,arc labels,,0.7275867483121369,0.008830022075055188,0.6666666666666666
Right,contig,PTT,RTT,3,0.5,1,2129,6,2106,76,QOTc-PCA,arc labels,64.0,0.5268095462395981,0.004149377593360996,0.16666666666666666
Right,contig,PTT,RTT,3,0.5,1,2129,6,2106,76,SDM-HS4,arc labels,,0.7328073480923222,0.039473684210526314,0.5
Right,contig,PTT,RTT,3,0.5,1,2129,6,2106,76,SDM-HSsrc,arc labels,,0.7146333804364893,0.007874015748031496,0.6666666666666666
Right,contig,PTT,RTT,3,0.5,1,2129,6,2106,76,SDM-PCA,arc labels,32.0,0.39798241482179303,0.0012690355329949238,0.16666666666666666
Right,contig,PTT,RTT,4,0.05,0,2129,7,213,1,NoAdapt,nothing,,0.44745523091423184,0.0,0.0
Right,contig,PTT,RTT,4,0.05,0,2129,7,213,1,TargetOnly,arc labels,,,,
Right,contig,PTT,RTT,4,0.05,0,2129,7,213,1,Source+Target,arc labels,,,,
Right,contig,PTT,RTT,4,0.05,0,2129,7,213,1,COT,arc labels,,,,
Right,contig,PTT,RTT,4,0.05,0,2129,7,213,1,none-HS4,arc labels,,,,
Right,contig,PTT,RTT,4,0.05,0,2129,7,213,1,none-HSsrc,nothing,,0.4613572101790763,0.0,0.0
Right,contig,PTT,RTT,4,0.05,0,2129,7,213,1,none-PCA,arc segments,4.0,0.4545240339302545,0.0,0.0
Right,contig,PTT,RTT,4,0.05,0,2129,7,213,1,QOTu-HS4,arc labels,,,,
Right,contig,PTT,RTT,4,0.05,0,2129,7,213,1,QOTu-HSsrc,arc segments,,0.6872222970243705,0.009478672985781991,0.5714285714285714
Right,contig,PTT,RTT,4,0.05,0,2129,7,213,1,QOTu-PCA,arc segments,4.0,0.6780328531035411,0.008676789587852495,0.5714285714285714
Right,contig,PTT,RTT,4,0.05,0,2129,7,213,1,QOTc-HS4,arc labels,,,,
Right,contig,PTT,RTT,4,0.05,0,2129,7,213,1,QOTc-HSsrc,arc labels,,,,
Right,contig,PTT,RTT,4,0.05,0,2129,7,213,1,QOTc-PCA,arc labels,,,,
Right,contig,PTT,RTT,4,0.05,0,2129,7,213,1,SDM-HS4,arc labels,,,,
Right,contig,PTT,RTT,4,0.05,0,2129,7,213,1,SDM-HSsrc,arc labels,,,,
Right,contig,PTT,RTT,4,0.05,0,2129,7,213,1,SDM-PCA,arc labels,,,,
Right,contig,PTT,RTT,4,0.1,0,2129,7,426,1,NoAdapt,nothing,,0.44745523091423184,0.0,0.0
Right,contig,PTT,RTT,4,0.1,0,2129,7,426,1,TargetOnly,arc labels,,,,
Right,contig,PTT,RTT,4,0.1,0,2129,7,426,1,Source+Target,arc labels,,,,
Right,contig,PTT,RTT,4,0.1,0,2129,7,426,1,COT,arc labels,,,,
Right,contig,PTT,RTT,4,0.1,0,2129,7,426,1,none-HS4,arc labels,,,,
Right,contig,PTT,RTT,4,0.1,0,2129,7,426,1,none-HSsrc,nothing,,0.4613572101790763,0.0,0.0
Right,contig,PTT,RTT,4,0.1,0,2129,7,426,1,none-PCA,arc segments,4.0,0.4547596606974552,0.0,0.0
Right,contig,PTT,RTT,4,0.1,0,2129,7,426,1,QOTu-HS4,arc labels,,,,
Right,contig,PTT,RTT,4,0.1,0,2129,7,426,1,QOTu-HSsrc,arc segments,,0.6865154167227683,0.009411764705882352,0.5714285714285714
Right,contig,PTT,RTT,4,0.1,0,2129,7,426,1,QOTu-PCA,arc segments,4.0,0.6770903460347382,0.008602150537634409,0.5714285714285714
Right,contig,PTT,RTT,4,0.1,0,2129,7,426,1,QOTc-HS4,arc labels,,,,
Right,contig,PTT,RTT,4,0.1,0,2129,7,426,1,QOTc-HSsrc,arc labels,,,,
Right,contig,PTT,RTT,4,0.1,0,2129,7,426,1,QOTc-PCA,arc labels,,,,
Right,contig,PTT,RTT,4,0.1,0,2129,7,426,1,SDM-HS4,arc labels,,,,
Right,contig,PTT,RTT,4,0.1,0,2129,7,426,1,SDM-HSsrc,arc labels,,,,
Right,contig,PTT,RTT,4,0.1,0,2129,7,426,1,SDM-PCA,arc labels,,,,
Right,contig,PTT,RTT,4,0.2,1,2129,7,852,14,NoAdapt,nothing,,0.44745523091423184,0.0,0.0
Right,contig,PTT,RTT,4,0.2,1,2129,7,852,14,TargetOnly,arc labels,,0.7963511512050626,0.019011406844106463,0.7142857142857143
Right,contig,PTT,RTT,4,0.2,1,2129,7,852,14,Source+Target,arc labels,,0.517234414972398,0.004329004329004329,0.14285714285714285
Right,contig,PTT,RTT,4,0.2,1,2129,7,852,14,COT,arc labels,,0.7223643463040259,0.008665511265164644,0.7142857142857143
Right,contig,PTT,RTT,4,0.2,1,2129,7,852,14,none-HS4,arc labels,,0.45405278039585295,0.0,0.0
Right,contig,PTT,RTT,4,0.2,1,2129,7,852,14,none-HSsrc,nothing,,0.4613572101790763,0.0,0.0
Right,contig,PTT,RTT,4,0.2,1,2129,7,852,14,none-PCA,arc segments,4.0,0.4547596606974552,0.0,0.0
Right,contig,PTT,RTT,4,0.2,1,2129,7,852,14,QOTu-HS4,arc labels,,0.5314056819711862,0.004210526315789474,0.2857142857142857
Right,contig,PTT,RTT,4,0.2,1,2129,7,852,14,QOTu-HSsrc,arc segments,,0.6702571697859163,0.008097165991902834,0.5714285714285714
Right,contig,PTT,RTT,4,0.2,1,2129,7,852,14,QOTu-PCA,arc segments,4.0,0.6478726269018447,0.006791171477079796,0.5714285714285714
Right,contig,PTT,RTT,4,0.2,1,2129,7,852,14,QOTc-HS4,arc labels,,0.7597953413222027,0.03508771929824561,0.5714285714285714
Right,contig,PTT,RTT,4,0.2,1,2129,7,852,14,QOTc-HSsrc,arc labels,,0.6494883533055069,0.01079136690647482,0.42857142857142855
Right,contig,PTT,RTT,4,0.2,1,2129,7,852,14,QOTc-PCA,arc labels,64.0,0.6329608186347112,0.045454545454545456,0.2857142857142857
Right,contig,PTT,RTT,4,0.2,1,2129,7,852,14,SDM-HS4,arc labels,,0.6853036219200215,0.023809523809523808,0.42857142857142855
Right,contig,PTT,RTT,4,0.2,1,2129,7,852,14,SDM-HSsrc,arc labels,,0.5059243301467619,0.0035842293906810036,0.14285714285714285
Right,contig,PTT,RTT,4,0.2,1,2129,7,852,14,SDM-PCA,arc labels,32.0,0.5127575063955837,0.004,0.14285714285714285
Right,contig,PTT,RTT,4,0.3,1,2129,7,1278,44,NoAdapt,nothing,,0.44745523091423184,0.0,0.0
Right,contig,PTT,RTT,4,0.3,1,2129,7,1278,44,TargetOnly,arc labels,,0.8095462501683048,0.024154589371980676,0.7142857142857143
Right,contig,PTT,RTT,4,0.3,1,2129,7,1278,44,Source+Target,arc labels,,0.5188838023428033,0.004464285714285714,0.14285714285714285
Right,contig,PTT,RTT,4,0.3,1,2129,7,1278,44,COT,arc labels,,0.6054598088057088,0.005201560468140442,0.5714285714285714
Right,contig,PTT,RTT,4,0.3,1,2129,7,1278,44,none-HS4,arc labels,,0.4545240339302545,0.0,0.0
Right,contig,PTT,RTT,4,0.3,1,2129,7,1278,44,none-HSsrc,nothing,,0.4613572101790763,0.0,0.0
Right,contig,PTT,RTT,4,0.3,1,2129,7,1278,44,none-PCA,arc segments,4.0,0.4547596606974552,0.0,0.0
Right,contig,PTT,RTT,4,0.3,1,2129,7,1278,44,QOTu-HS4,arc labels,,0.5816278443516898,0.00530035335689046,0.42857142857142855
Right,contig,PTT,RTT,4,0.3,1,2129,7,1278,44,QOTu-HSsrc,arc segments,,0.6695502894843139,0.008048289738430584,0.5714285714285714
Right,contig,PTT,RTT,4,0.3,1,2129,7,1278,44,QOTu-PCA,arc segments,4.0,0.6436313450922311,0.006589785831960461,0.5714285714285714
Right,contig,PTT,RTT,4,0.3,1,2129,7,1278,44,QOTc-HS4,arc labels,,0.7543759256765854,0.029197080291970802,0.5714285714285714
Right,contig,PTT,RTT,4,0.3,1,2129,7,1278,44,QOTc-HSsrc,arc labels,,0.6646021273730982,0.007722007722007722,0.5714285714285714
Right,contig,PTT,RTT,4,0.3,1,2129,7,1278,44,QOTc-PCA,arc labels,32.0,0.667631614379965,0.014925373134328358,0.42857142857142855
Right,contig,PTT,RTT,4,0.3,1,2129,7,1278,44,SDM-HS4,arc labels,,0.758617207486199,0.03361344537815126,0.5714285714285714
Right,contig,PTT,RTT,4,0.3,1,2129,7,1278,44,SDM-HSsrc,arc labels,,0.6537632960818635,0.0070921985815602835,0.5714285714285714
Right,contig,PTT,RTT,4,0.3,1,2129,7,1278,44,SDM-PCA,arc labels,16.0,0.44250706880301605,0.0,0.0
Right,contig,PTT,RTT,4,0.5,1,2129,7,2106,75,NoAdapt,nothing,,0.44745523091423184,0.0,0.0
Right,contig,PTT,RTT,4,0.5,1,2129,7,2106,75,TargetOnly,arc labels,,0.6836542345496163,0.022556390977443608,0.42857142857142855
Right,contig,PTT,RTT,4,0.5,1,2129,7,2106,75,Source+Target,arc labels,,0.5169987882051973,0.004310344827586207,0.14285714285714285
Right,contig,PTT,RTT,4,0.5,1,2129,7,2106,75,COT,arc labels,,0.5083479197522552,0.0034207525655644243,0.42857142857142855
Right,contig,PTT,RTT,4,0.5,1,2129,7,2106,75,none-HS4,arc labels,,0.45617342130065974,0.0,0.0
Right,contig,PTT,RTT,4,0.5,1,2129,7,2106,75,none-HSsrc,nothing,,0.4613572101790763,0.0,0.0
Right,contig,PTT,RTT,4,0.5,1,2129,7,2106,75,none-PCA,arc segments,4.0,0.456880301602262,0.0,0.0
Right,contig,PTT,RTT,4,0.5,1,2129,7,2106,75,QOTu-HS4,arc labels,,0.5849266190925003,0.005434782608695652,0.42857142857142855
Right,contig,PTT,RTT,4,0.5,1,2129,7,2106,75,QOTu-HSsrc,arc segments,,0.6766190925003366,0.008565310492505354,0.5714285714285714
Right,contig,PTT,RTT,4,0.5,1,2129,7,2106,75,QOTu-PCA,arc segments,4.0,0.6433957183250303,0.006578947368421052,0.5714285714285714
Right,contig,PTT,RTT,4,0.5,1,2129,7,2106,75,QOTc-HS4,arc labels,,0.6301332974283022,0.03571428571428571,0.2857142857142857
Right,contig,PTT,RTT,4,0.5,1,2129,7,2106,75,QOTc-HSsrc,arc labels,,0.6796822404739464,0.00881057268722467,0.5714285714285714
Right,contig,PTT,RTT,4,0.5,1,2129,7,2106,75,QOTc-PCA,arc labels,32.0,0.591019254072977,0.009009009009009009,0.2857142857142857
Right,contig,PTT,RTT,4,0.5,1,2129,7,2106,75,SDM-HS4,arc labels,,0.6966137067456577,0.038461538461538464,0.42857142857142855
Right,contig,PTT,RTT,4,0.5,1,2129,7,2106,75,SDM-HSsrc,arc labels,,0.6676652753467079,0.007920792079207921,0.5714285714285714
Right,contig,PTT,RTT,4,0.5,1,2129,7,2106,75,SDM-PCA,arc labels,64.0,0.5253130469907096,0.0037267080745341614,0.42857142857142855
Right,contig,PTT,RTT,5,0.05,0,2129,22,213,1,NoAdapt,nothing,,0.4759783405962808,0.005050505050505051,0.045454545454545456
Right,contig,PTT,RTT,5,0.05,0,2129,22,213,1,TargetOnly,arc labels,,,,
Right,contig,PTT,RTT,5,0.05,0,2129,22,213,1,Source+Target,arc labels,,,,
Right,contig,PTT,RTT,5,0.05,0,2129,22,213,1,COT,arc labels,,,,
Right,contig,PTT,RTT,5,0.05,0,2129,22,213,1,none-HS4,arc labels,,,,
Right,contig,PTT,RTT,5,0.05,0,2129,22,213,1,none-HSsrc,nothing,,0.5529404150666609,0.024390243902439025,0.18181818181818182
Right,contig,PTT,RTT,5,0.05,0,2129,22,213,1,none-PCA,arc segments,64.0,0.4856538810027182,0.007874015748031496,0.09090909090909091
Right,contig,PTT,RTT,5,0.05,0,2129,22,213,1,QOTu-HS4,arc labels,,,,
Right,contig,PTT,RTT,5,0.05,0,2129,22,213,1,QOTu-HSsrc,arc segments,,0.7129697544979937,0.019267822736030827,0.9090909090909091
Right,contig,PTT,RTT,5,0.05,0,2129,22,213,1,QOTu-PCA,arc segments,8.0,0.6921409155628424,0.0184645286686103,0.8636363636363636
Right,contig,PTT,RTT,5,0.05,0,2129,22,213,1,QOTc-HS4,arc labels,,,,
Right,contig,PTT,RTT,5,0.05,0,2129,22,213,1,QOTc-HSsrc,arc labels,,,,
Right,contig,PTT,RTT,5,0.05,0,2129,22,213,1,QOTc-PCA,arc labels,,,,
Right,contig,PTT,RTT,5,0.05,0,2129,22,213,1,SDM-HS4,arc labels,,,,
Right,contig,PTT,RTT,5,0.05,0,2129,22,213,1,SDM-HSsrc,arc labels,,,,
Right,contig,PTT,RTT,5,0.05,0,2129,22,213,1,SDM-PCA,arc labels,,,,
Right,contig,PTT,RTT,5,0.1,0,2129,22,426,1,NoAdapt,nothing,,0.4759783405962808,0.005050505050505051,0.045454545454545456
Right,contig,PTT,RTT,5,0.1,0,2129,22,426,1,TargetOnly,arc labels,,,,
Right,contig,PTT,RTT,5,0.1,0,2129,22,426,1,Source+Target,arc labels,,,,
Right,contig,PTT,RTT,5,0.1,0,2129,22,426,1,COT,arc labels,,,,
Right,contig,PTT,RTT,5,0.1,0,2129,22,426,1,none-HS4,arc labels,,,,
Right,contig,PTT,RTT,5,0.1,0,2129,22,426,1,none-HSsrc,nothing,,0.5529404150666609,0.024390243902439025,0.18181818181818182
Right,contig,PTT,RTT,5,0.1,0,2129,22,426,1,none-PCA,arc segments,64.0,0.4861284894507486,0.007936507936507936,0.09090909090909091
Right,contig,PTT,RTT,5,0.1,0,2129,22,426,1,QOTu-HS4,arc labels,,,,
Right,contig,PTT,RTT,5,0.1,0,2129,22,426,1,QOTu-HSsrc,arc segments,,0.7153427967381456,0.019455252918287938,0.9090909090909091
Right,contig,PTT,RTT,5,0.1,0,2129,22,426,1,QOTu-PCA,arc segments,8.0,0.6748716399879191,0.01791044776119403,0.8181818181818182
Right,contig,PTT,RTT,5,0.1,0,2129,22,426,1,QOTc-HS4,arc labels,,,,
Right,contig,PTT,RTT,5,0.1,0,2129,22,426,1,QOTc-HSsrc,arc labels,,,,
Right,contig,PTT,RTT,5,0.1,0,2129,22,426,1,QOTc-PCA,arc labels,,,,
Right,contig,PTT,RTT,5,0.1,0,2129,22,426,1,SDM-HS4,arc labels,,,,
Right,contig,PTT,RTT,5,0.1,0,2129,22,426,1,SDM-HSsrc,arc labels,,,,
Right,contig,PTT,RTT,5,0.1,0,2129,22,426,1,SDM-PCA,arc labels,,,,
Right,contig,PTT,RTT,5,0.2,1,2129,22,852,2,NoAdapt,nothing,,0.4759783405962808,0.005050505050505051,0.045454545454545456
Right,contig,PTT,RTT,5,0.2,1,2129,22,852,2,TargetOnly,arc labels,,0.535379902489537,0.01680672268907563,0.18181818181818182
Right,contig,PTT,RTT,5,0.2,1,2129,22,852,2,Source+Target,arc labels,,0.530579885231048,0.014084507042253521,0.22727272727272727
Right,contig,PTT,RTT,5,0.2,1,2129,22,852,2,COT,arc labels,,0.4255619795486905,0.004966887417218543,0.13636363636363635
Right,contig,PTT,RTT,5,0.2,1,2129,22,852,2,none-HS4,arc labels,,0.5465332010182509,0.020942408376963352,0.18181818181818182
Right,contig,PTT,RTT,5,0.2,1,2129,22,852,2,none-HSsrc,nothing,,0.5529404150666609,0.024390243902439025,0.18181818181818182
Right,contig,PTT,RTT,5,0.2,1,2129,22,852,2,none-PCA,arc segments,64.0,0.4856538810027182,0.007874015748031496,0.09090909090909091
Right,contig,PTT,RTT,5,0.2,1,2129,22,852,2,QOTu-HS4,arc labels,,0.6171851404409544,0.016260162601626018,0.6363636363636364
Right,contig,PTT,RTT,5,0.2,1,2129,22,852,2,QOTu-HSsrc,arc segments,,0.7435819993959529,0.022002200220022004,0.9090909090909091
Right,contig,PTT,RTT,5,0.2,1,2129,22,852,2,QOTu-PCA,arc segments,32.0,0.559735945118005,0.013966480446927373,0.45454545454545453
Right,contig,PTT,RTT,5,0.2,1,2129,22,852,2,QOTc-HS4,arc labels,,0.592936963368857,0.031746031746031744,0.2727272727272727
Right,contig,PTT,RTT,5,0.2,1,2129,22,852,2,QOTc-HSsrc,arc labels,,0.7013202744099754,0.022857142857142857,0.7272727272727273
Right,contig,PTT,RTT,5,0.2,1,2129,22,852,2,QOTc-PCA,arc labels,64.0,0.4757949691504509,0.0,0.0
Right,contig,PTT,RTT,5,0.2,1,2129,22,852,2,SDM-HS4,arc labels,,0.5556802001984726,0.017341040462427744,0.2727272727272727
Right,contig,PTT,RTT,5,0.2,1,2129,22,852,2,SDM-HSsrc,arc labels,,0.5219290676101307,0.011965811965811967,0.3181818181818182
Right,contig,PTT,RTT,5,0.2,1,2129,22,852,2,SDM-PCA,arc labels,4.0,0.5344306855934763,0.01652892561983471,0.18181818181818182
Right,contig,PTT,RTT,5,0.3,1,2129,22,1278,4,NoAdapt,nothing,,0.4759783405962808,0.005050505050505051,0.045454545454545456
Right,contig,PTT,RTT,5,0.3,1,2129,22,1278,4,TargetOnly,arc labels,,0.5187686068084739,0.012987012987012988,0.18181818181818182
Right,contig,PTT,RTT,5,0.3,1,2129,22,1278,4,Source+Target,arc labels,,0.5877917763299824,0.017964071856287425,0.4090909090909091
Right,contig,PTT,RTT,5,0.3,1,2129,22,1278,4,COT,arc labels,,0.39993312335505027,0.004213483146067416,0.13636363636363635
Right,contig,PTT,RTT,5,0.3,1,2129,22,1278,4,none-HS4,arc labels,,0.5462958967942356,0.020833333333333332,0.18181818181818182
Right,contig,PTT,RTT,5,0.3,1,2129,22,1278,4,none-HSsrc,nothing,,0.5529404150666609,0.024390243902439025,0.18181818181818182
Right,contig,PTT,RTT,5,0.3,1,2129,22,1278,4,none-PCA,arc segments,64.0,0.486603097898779,0.008,0.09090909090909091
Right,contig,PTT,RTT,5,0.3,1,2129,22,1278,4,QOTu-HS4,arc labels,,0.6243042671614101,0.01684717208182912,0.6363636363636364
Right,contig,PTT,RTT,5,0.3,1,2129,22,1278,4,QOTu-HSsrc,arc segments,,0.7249428312551236,0.022670025188916875,0.8181818181818182
Right,contig,PTT,RTT,5,0.3,1,2129,22,1278,4,QOTu-PCA,arc segments,32.0,0.5682788971825516,0.014705882352941176,0.45454545454545453
Right,contig,PTT,RTT,5,0.3,1,2129,22,1278,4,QOTc-HS4,arc labels,,0.5971545066229451,0.026119402985074626,0.3181818181818182
Right,contig,PTT,RTT,5,0.3,1,2129,22,1278,4,QOTc-HSsrc,arc labels,,0.5050804677050524,0.010670731707317074,0.3181818181818182
Right,contig,PTT,RTT,5,0.3,1,2129,22,1278,4,QOTc-PCA,arc labels,64.0,0.48547050955688825,0.006329113924050633,0.045454545454545456
Right,contig,PTT,RTT,5,0.3,1,2129,22,1278,4,SDM-HS4,arc labels,,0.5368037278336282,0.017241379310344827,0.18181818181818182
Right,contig,PTT,RTT,5,0.3,1,2129,22,1278,4,SDM-HSsrc,arc labels,,0.48496354144194675,0.009316770186335404,0.2727272727272727
Right,contig,PTT,RTT,5,0.3,1,2129,22,1278,4,SDM-PCA,arc labels,32.0,0.6394701643871079,0.02631578947368421,0.45454545454545453
Right,contig,PTT,RTT,5,0.5,1,2129,22,2106,60,NoAdapt,nothing,,0.4759783405962808,0.005050505050505051,0.045454545454545456
Right,contig,PTT,RTT,5,0.5,1,2129,22,2106,60,TargetOnly,arc labels,,0.6462225482159036,0.05063291139240506,0.36363636363636365
Right,contig,PTT,RTT,5,0.5,1,2129,22,2106,60,Source+Target,arc labels,,0.6075419597014282,0.024922118380062305,0.36363636363636365
Right,contig,PTT,RTT,5,0.5,1,2129,22,2106,60,COT,arc labels,,0.36549165120593696,0.005965697240865026,0.36363636363636365
Right,contig,PTT,RTT,5,0.5,1,2129,22,2106,60,none-HS4,arc labels,,0.5238059282909782,0.015789473684210527,0.13636363636363635
Right,contig,PTT,RTT,5,0.5,1,2129,22,2106,60,none-HSsrc,nothing,,0.5529404150666609,0.024390243902439025,0.18181818181818182
Right,contig,PTT,RTT,5,0.5,1,2129,22,2106,60,none-PCA,arc segments,64.0,0.4856538810027182,0.007874015748031496,0.09090909090909091
Right,contig,PTT,RTT,5,0.5,1,2129,22,2106,60,QOTu-HS4,arc labels,,0.6268391077361177,0.020754716981132074,0.5
Right,contig,PTT,RTT,5,0.5,1,2129,22,2106,60,QOTu-HSsrc,arc segments,,0.7236808042455882,0.029469548133595286,0.6818181818181818
Right,contig,PTT,RTT,5,0.5,1,2129,22,2106,60,QOTu-PCA,arc segments,8.0,0.6268391077361177,0.020754716981132074,0.5
Right,contig,PTT,RTT,5,0.5,1,2129,22,2106,60,QOTc-HS4,arc labels,,0.7198623635500712,0.07971014492753623,0.5
Right,contig,PTT,RTT,5,0.5,1,2129,22,2106,60,QOTc-HSsrc,arc labels,,0.7130560469430901,0.030634573304157548,0.6363636363636364
Right,contig,PTT,RTT,5,0.5,1,2129,22,2106,60,QOTc-PCA,arc labels,64.0,0.511994649868404,0.013986013986013986,0.09090909090909091
Right,contig,PTT,RTT,5,0.5,1,2129,22,2106,60,SDM-HS4,arc labels,,0.6918604651162791,0.04296875,0.5
Right,contig,PTT,RTT,5,0.5,1,2129,22,2106,60,SDM-HSsrc,arc labels,,0.6531798766018035,0.026252983293556086,0.5
Right,contig,PTT,RTT,5,0.5,1,2129,22,2106,60,SDM-PCA,arc labels,64.0,0.49086378737541525,0.009972801450589302,0.5
Right,contig,PTT,RTT,6,0.05,0,2129,31,213,0,NoAdapt,nothing,,0.46083827915987574,0.004291845493562232,0.03225806451612903
Right,contig,PTT,RTT,6,0.05,0,2129,31,213,0,TargetOnly,arc labels,,,,
Right,contig,PTT,RTT,6,0.05,0,2129,31,213,0,Source+Target,arc labels,,,,
Right,contig,PTT,RTT,6,0.05,0,2129,31,213,0,COT,arc labels,,,,
Right,contig,PTT,RTT,6,0.05,0,2129,31,213,0,none-HS4,arc labels,,,,
Right,contig,PTT,RTT,6,0.05,0,2129,31,213,0,none-HSsrc,nothing,,0.5237630308435068,0.022857142857142857,0.12903225806451613
Right,contig,PTT,RTT,6,0.05,0,2129,31,213,0,none-PCA,arc segments,4.0,0.5033441987761001,0.015625,0.0967741935483871
Right,contig,PTT,RTT,6,0.05,0,2129,31,213,0,QOTu-HS4,arc labels,,,,
Right,contig,PTT,RTT,6,0.05,0,2129,31,213,0,QOTu-HSsrc,arc segments,,0.6533103723976752,0.022295623451692816,0.8709677419354839
Right,contig,PTT,RTT,6,0.05,0,2129,31,213,0,QOTu-PCA,arc segments,64.0,0.5245779390510164,0.016643550624133148,0.3870967741935484
Right,contig,PTT,RTT,6,0.05,0,2129,31,213,0,QOTc-HS4,arc labels,,,,
Right,contig,PTT,RTT,6,0.05,0,2129,31,213,0,QOTc-HSsrc,arc labels,,,,
Right,contig,PTT,RTT,6,0.05,0,2129,31,213,0,QOTc-PCA,arc labels,,,,
Right,contig,PTT,RTT,6,0.05,0,2129,31,213,0,SDM-HS4,arc labels,,,,
Right,contig,PTT,RTT,6,0.05,0,2129,31,213,0,SDM-HSsrc,arc labels,,,,
Right,contig,PTT,RTT,6,0.05,0,2129,31,213,0,SDM-PCA,arc labels,,,,
Right,contig,PTT,RTT,6,0.1,0,2129,31,426,0,NoAdapt,nothing,,0.46083827915987574,0.004291845493562232,0.03225806451612903
Right,contig,PTT,RTT,6,0.1,0,2129,31,426,0,TargetOnly,arc labels,,,,
Right,contig,PTT,RTT,6,0.1,0,2129,31,426,0,Source+Target,arc labels,,,,
Right,contig,PTT,RTT,6,0.1,0,2129,31,426,0,COT,arc labels,,,,
Right,contig,PTT,RTT,6,0.1,0,2129,31,426,0,none-HS4,arc labels,,,,
Right,contig,PTT,RTT,6,0.1,0,2129,31,426,0,none-HSsrc,nothing,,0.5237630308435068,0.022857142857142857,0.12903225806451613
Right,contig,PTT,RTT,6,0.1,0,2129,31,426,0,none-PCA,arc segments,4.0,0.50310587656447,0.015544041450777202,0.0967741935483871
Right,contig,PTT,RTT,6,0.1,0,2129,31,426,0,QOTu-HS4,arc labels,,,,
Right,contig,PTT,RTT,6,0.1,0,2129,31,426,0,QOTu-HSsrc,arc segments,,0.6449690949906208,0.021669341894060994,0.8709677419354839
Right,contig,PTT,RTT,6,0.1,0,2129,31,426,0,QOTu-PCA,arc segments,4.0,0.45593345428826226,0.0112079701120797,0.2903225806451613
Right,contig,PTT,RTT,6,0.1,0,2129,31,426,0,QOTc-HS4,arc labels,,,,
Right,contig,PTT,RTT,6,0.1,0,2129,31,426,0,QOTc-HSsrc,arc labels,,,,
Right,contig,PTT,RTT,6,0.1,0,2129,31,426,0,QOTc-PCA,arc labels,,,,
Right,contig,PTT,RTT,6,0.1,0,2129,31,426,0,SDM-HS4,arc labels,,,,
Right,contig,PTT,RTT,6,0.1,0,2129,31,426,0,SDM-HSsrc,arc labels,,,,
Right,contig,PTT,RTT,6,0.1,0,2129,31,426,0,SDM-PCA,arc labels,,,,
Right,contig,PTT,RTT,6,0.2,0,2129,31,852,0,NoAdapt,nothing,,0.46083827915987574,0.004291845493562232,0.03225806451612903
Right,contig,PTT,RTT,6,0.2,0,2129,31,852,0,TargetOnly,arc labels,,,,
Right,contig,PTT,RTT,6,0.2,0,2129,31,852,0,Source+Target,arc labels,,,,
Right,contig,PTT,RTT,6,0.2,0,2129,31,852,0,COT,arc labels,,,,
Right,contig,PTT,RTT,6,0.2,0,2129,31,852,0,none-HS4,arc labels,,,,
Right,contig,PTT,RTT,6,0.2,0,2129,31,852,0,none-HSsrc,nothing,,0.5237630308435068,0.022857142857142857,0.12903225806451613
Right,contig,PTT,RTT,6,0.2,0,2129,31,852,0,none-PCA,arc segments,4.0,0.50310587656447,0.015544041450777202,0.0967741935483871
Right,contig,PTT,RTT,6,0.2,0,2129,31,852,0,QOTu-HS4,arc labels,,,,
Right,contig,PTT,RTT,6,0.2,0,2129,31,852,0,QOTu-HSsrc,arc segments,,0.6764276269257972,0.02423698384201077,0.8709677419354839
Right,contig,PTT,RTT,6,0.2,0,2129,31,852,0,QOTu-PCA,arc segments,8.0,0.6328069743842062,0.021998166819431713,0.7741935483870968
Right,contig,PTT,RTT,6,0.2,0,2129,31,852,0,QOTc-HS4,arc labels,,,,
Right,contig,PTT,RTT,6,0.2,0,2129,31,852,0,QOTc-HSsrc,arc labels,,,,
Right,contig,PTT,RTT,6,0.2,0,2129,31,852,0,QOTc-PCA,arc labels,,,,
Right,contig,PTT,RTT,6,0.2,0,2129,31,852,0,SDM-HS4,arc labels,,,,
Right,contig,PTT,RTT,6,0.2,0,2129,31,852,0,SDM-HSsrc,arc labels,,,,
Right,contig,PTT,RTT,6,0.2,0,2129,31,852,0,SDM-PCA,arc labels,,,,
Right,contig,PTT,RTT,6,0.3,0,2129,31,1278,0,NoAdapt,nothing,,0.46083827915987574,0.004291845493562232,0.03225806451612903
Right,contig,PTT,RTT,6,0.3,0,2129,31,1278,0,TargetOnly,arc labels,,,,
Right,contig,PTT,RTT,6,0.3,0,2129,31,1278,0,Source+Target,arc labels,,,,
Right,contig,PTT,RTT,6,0.3,0,2129,31,1278,0,COT,arc labels,,,,
Right,contig,PTT,RTT,6,0.3,0,2129,31,1278,0,none-HS4,arc labels,,,,
Right,contig,PTT,RTT,6,0.3,0,2129,31,1278,0,none-HSsrc,nothing,,0.5237630308435068,0.022857142857142857,0.12903225806451613
Right,contig,PTT,RTT,6,0.3,0,2129,31,1278,0,none-PCA,arc segments,4.0,0.5026292321412097,0.015384615384615385,0.0967741935483871
Right,contig,PTT,RTT,6,0.3,0,2129,31,1278,0,QOTu-HS4,arc labels,,,,
Right,contig,PTT,RTT,6,0.3,0,2129,31,1278,0,QOTu-HSsrc,arc segments,,0.7084396814170177,0.02854006586169045,0.8387096774193549
Right,contig,PTT,RTT,6,0.3,0,2129,31,1278,0,QOTu-PCA,arc segments,4.0,0.5938682001291553,0.020856201975850714,0.6129032258064516
Right,contig,PTT,RTT,6,0.3,0,2129,31,1278,0,QOTc-HS4,arc labels,,,,
Right,contig,PTT,RTT,6,0.3,0,2129,31,1278,0,QOTc-HSsrc,arc labels,,,,
Right,contig,PTT,RTT,6,0.3,0,2129,31,1278,0,QOTc-PCA,arc labels,,,,
Right,contig,PTT,RTT,6,0.3,0,2129,31,1278,0,SDM-HS4,arc labels,,,,
Right,contig,PTT,RTT,6,0.3,0,2129,31,1278,0,SDM-HSsrc,arc labels,,,,
Right,contig,PTT,RTT,6,0.3,0,2129,31,1278,0,SDM-PCA,arc labels,,,,
Right,contig,PTT,RTT,6,0.5,1,2129,31,2106,51,NoAdapt,nothing,,0.46083827915987574,0.004291845493562232,0.03225806451612903
Right,contig,PTT,RTT,6,0.5,1,2129,31,2106,51,TargetOnly,arc labels,,0.6612980103939236,0.06018518518518518,0.41935483870967744
Right,contig,PTT,RTT,6,0.5,1,2129,31,2106,51,Source+Target,arc labels,,0.5429979396660414,0.02168021680216802,0.25806451612903225
Right,contig,PTT,RTT,6,0.5,1,2129,31,2106,51,COT,arc labels,,0.32381838309911126,0.005737704918032787,0.22580645161290322
Right,contig,PTT,RTT,6,0.5,1,2129,31,2106,51,none-HS4,arc labels,,0.5023909099295796,0.015306122448979591,0.0967741935483871
Right,contig,PTT,RTT,6,0.5,1,2129,31,2106,51,none-HSsrc,nothing,,0.5237630308435068,0.022857142857142857,0.12903225806451613
Right,contig,PTT,RTT,6,0.5,1,2129,31,2106,51,none-PCA,arc segments,4.0,0.5026292321412097,0.015384615384615385,0.0967741935483871
Right,contig,PTT,RTT,6,0.5,1,2129,31,2106,51,QOTu-HS4,arc labels,,0.5391155939604539,0.01818181818181818,0.3870967741935484
Right,contig,PTT,RTT,6,0.5,1,2129,31,2106,51,QOTu-HSsrc,arc segments,,0.7061256496202221,0.034055727554179564,0.7096774193548387
Right,contig,PTT,RTT,6,0.5,1,2129,31,2106,51,QOTu-PCA,arc segments,4.0,0.5492865709277653,0.018950437317784258,0.41935483870967744
Right,contig,PTT,RTT,6,0.5,1,2129,31,2106,51,QOTc-HS4,arc labels,,0.7410667609705095,0.10897435897435898,0.5483870967741935
Right,contig,PTT,RTT,6,0.5,1,2129,31,2106,51,QOTc-HSsrc,arc labels,,0.5600033826378424,0.022988505747126436,0.3225806451612903
Right,contig,PTT,RTT,6,0.5,1,2129,31,2106,51,QOTc-PCA,arc labels,64.0,0.5770780159291491,0.035398230088495575,0.25806451612903225
Right,contig,PTT,RTT,6,0.5,1,2129,31,2106,51,SDM-HS4,arc labels,,0.7103231956702236,0.05964912280701754,0.5483870967741935
Right,contig,PTT,RTT,6,0.5,1,2129,31,2106,51,SDM-HSsrc,arc labels,,0.43082505612103694,0.009079118028534372,0.22580645161290322
Right,contig,PTT,RTT,6,0.5,1,2129,31,2106,51,SDM-PCA,arc labels,32.0,0.47705187736400256,0.01078167115902965,0.12903225806451613
Right,contig,PTT,RTT,7,0.05,0,2129,35,213,0,NoAdapt,nothing,,0.4588893437030973,0.004291845493562232,0.02857142857142857
Right,contig,PTT,RTT,7,0.05,0,2129,35,213,0,TargetOnly,arc labels,,,,
Right,contig,PTT,RTT,7,0.05,0,2129,35,213,0,Source+Target,arc labels,,,,
Right,contig,PTT,RTT,7,0.05,0,2129,35,213,0,COT,arc labels,,,,
Right,contig,PTT,RTT,7,0.05,0,2129,35,213,0,none-HS4,arc labels,,,,
Right,contig,PTT,RTT,7,0.05,0,2129,35,213,0,none-HSsrc,nothing,,0.5163119115841179,0.022857142857142857,0.11428571428571428
Right,contig,PTT,RTT,7,0.05,0,2129,35,213,0,none-PCA,arc segments,4.0,0.5115363623959612,0.020512820512820513,0.11428571428571428
Right,contig,PTT,RTT,7,0.05,0,2129,35,213,0,QOTu-HS4,arc labels,,,,
Right,contig,PTT,RTT,7,0.05,0,2129,35,213,0,QOTu-HSsrc,arc segments,,0.6319688907081458,0.023255813953488372,0.8857142857142857
Right,contig,PTT,RTT,7,0.05,0,2129,35,213,0,QOTu-PCA,arc segments,64.0,0.638102060308364,0.02537593984962406,0.7714285714285715
Right,contig,PTT,RTT,7,0.05,0,2129,35,213,0,QOTc-HS4,arc labels,,,,
Right,contig,PTT,RTT,7,0.05,0,2129,35,213,0,QOTc-HSsrc,arc labels,,,,
Right,contig,PTT,RTT,7,0.05,0,2129,35,213,0,QOTc-PCA,arc labels,,,,
Right,contig,PTT,RTT,7,0.05,0,2129,35,213,0,SDM-HS4,arc labels,,,,
Right,contig,PTT,RTT,7,0.05,0,2129,35,213,0,SDM-HSsrc,arc labels,,,,
Right,contig,PTT,RTT,7,0.05,0,2129,35,213,0,SDM-PCA,arc labels,,,,
Right,contig,PTT,RTT,7,0.1,0,2129,35,426,0,NoAdapt,nothing,,0.4588893437030973,0.004291845493562232,0.02857142857142857
Right,contig,PTT,RTT,7,0.1,0,2129,35,426,0,TargetOnly,arc labels,,,,
Right,contig,PTT,RTT,7,0.1,0,2129,35,426,0,Source+Target,arc labels,,,,
Right,contig,PTT,RTT,7,0.1,0,2129,35,426,0,COT,arc labels,,,,
Right,contig,PTT,RTT,7,0.1,0,2129,35,426,0,none-HS4,arc labels,,,,
Right,contig,PTT,RTT,7,0.1,0,2129,35,426,0,none-HSsrc,nothing,,0.5163119115841179,0.022857142857142857,0.11428571428571428
Right,contig,PTT,RTT,7,0.1,0,2129,35,426,0,none-PCA,arc segments,4.0,0.4982057579478783,0.015789473684210527,0.08571428571428572
Right,contig,PTT,RTT,7,0.1,0,2129,35,426,0,QOTu-HS4,arc labels,,,,
Right,contig,PTT,RTT,7,0.1,0,2129,35,426,0,QOTu-HSsrc,arc segments,,0.6267157866011734,0.022878228782287822,0.8857142857142857
Right,contig,PTT,RTT,7,0.1,0,2129,35,426,0,QOTu-PCA,arc segments,64.0,0.6466571155682903,0.025711662075298437,0.8
Right,contig,PTT,RTT,7,0.1,0,2129,35,426,0,QOTc-HS4,arc labels,,,,
Right,contig,PTT,RTT,7,0.1,0,2129,35,426,0,QOTc-HSsrc,arc labels,,,,
Right,contig,PTT,RTT,7,0.1,0,2129,35,426,0,QOTc-PCA,arc labels,,,,
Right,contig,PTT,RTT,7,0.1,0,2129,35,426,0,SDM-HS4,arc labels,,,,
Right,contig,PTT,RTT,7,0.1,0,2129,35,426,0,SDM-HSsrc,arc labels,,,,
Right,contig,PTT,RTT,7,0.1,0,2129,35,426,0,SDM-PCA,arc labels,,,,
Right,contig,PTT,RTT,7,0.2,0,2129,35,852,0,NoAdapt,nothing,,0.4588893437030973,0.004291845493562232,0.02857142857142857
Right,contig,PTT,RTT,7,0.2,0,2129,35,852,0,TargetOnly,arc labels,,,,
Right,contig,PTT,RTT,7,0.2,0,2129,35,852,0,Source+Target,arc labels,,,,
Right,contig,PTT,RTT,7,0.2,0,2129,35,852,0,COT,arc labels,,,,
Right,contig,PTT,RTT,7,0.2,0,2129,35,852,0,none-HS4,arc labels,,,,
Right,contig,PTT,RTT,7,0.2,0,2129,35,852,0,none-HSsrc,nothing,,0.5163119115841179,0.022857142857142857,0.11428571428571428
Right,contig,PTT,RTT,7,0.2,0,2129,35,852,0,none-PCA,arc segments,4.0,0.4970118706508391,0.015384615384615385,0.08571428571428572
Right,contig,PTT,RTT,7,0.2,0,2129,35,852,0,QOTu-HS4,arc labels,,,,
Right,contig,PTT,RTT,7,0.2,0,2129,35,852,0,QOTu-HSsrc,arc segments,,0.6704529949515623,0.027002700270027002,0.8571428571428571
Right,contig,PTT,RTT,7,0.2,0,2129,35,852,0,QOTu-PCA,arc segments,64.0,0.5053213262382317,0.017064846416382253,0.2857142857142857
Right,contig,PTT,RTT,7,0.2,0,2129,35,852,0,QOTc-HS4,arc labels,,,,
Right,contig,PTT,RTT,7,0.2,0,2129,35,852,0,QOTc-HSsrc,arc labels,,,,
Right,contig,PTT,RTT,7,0.2,0,2129,35,852,0,QOTc-PCA,arc labels,,,,
Right,contig,PTT,RTT,7,0.2,0,2129,35,852,0,SDM-HS4,arc labels,,,,
Right,contig,PTT,RTT,7,0.2,0,2129,35,852,0,SDM-HSsrc,arc labels,,,,
Right,contig,PTT,RTT,7,0.2,0,2129,35,852,0,SDM-PCA,arc labels,,,,
Right,contig,PTT,RTT,7,0.3,1,2129,35,1278,4,NoAdapt,nothing,,0.4588893437030973,0.004291845493562232,0.02857142857142857
Right,contig,PTT,RTT,7,0.3,1,2129,35,1278,4,TargetOnly,arc labels,,0.542611543184609,0.024390243902439025,0.2571428571428571
Right,contig,PTT,RTT,7,0.3,1,2129,35,1278,4,Source+Target,arc labels,,0.4566994132896712,0.006600660066006601,0.05714285714285714
Right,contig,PTT,RTT,7,0.3,1,2129,35,1278,4,COT,arc labels,,0.6106153636239596,0.03137254901960784,0.45714285714285713
Right,contig,PTT,RTT,7,0.3,1,2129,35,1278,4,none-HS4,arc labels,,0.5098649201801064,0.019801980198019802,0.11428571428571428
Right,contig,PTT,RTT,7,0.3,1,2129,35,1278,4,none-HSsrc,nothing,,0.5163119115841179,0.022857142857142857,0.11428571428571428
Right,contig,PTT,RTT,7,0.3,1,2129,35,1278,4,none-PCA,arc segments,4.0,0.4970118706508391,0.015384615384615385,0.08571428571428572
Right,contig,PTT,RTT,7,0.3,1,2129,35,1278,4,QOTu-HS4,arc labels,,0.5445149406467458,0.02066115702479339,0.42857142857142855
Right,contig,PTT,RTT,7,0.3,1,2129,35,1278,4,QOTu-HSsrc,arc segments,,0.6841861099740756,0.030998851894374284,0.7714285714285715
Right,contig,PTT,RTT,7,0.3,1,2129,35,1278,4,QOTu-PCA,arc segments,4.0,0.4842270432528312,0.01507537688442211,0.34285714285714286
Right,contig,PTT,RTT,7,0.3,1,2129,35,1278,4,QOTc-HS4,arc labels,,0.6776299631600491,0.05128205128205128,0.5142857142857142
Right,contig,PTT,RTT,7,0.3,1,2129,35,1278,4,QOTc-HSsrc,arc labels,,0.6781006958657388,0.03361344537815126,0.6857142857142857
Right,contig,PTT,RTT,7,0.3,1,2129,35,1278,4,QOTc-PCA,arc labels,64.0,0.48706508391322145,0.008695652173913044,0.02857142857142857
Right,contig,PTT,RTT,7,0.3,1,2129,35,1278,4,SDM-HS4,arc labels,,0.6854277527629963,0.045454545454545456,0.5714285714285714
Right,contig,PTT,RTT,7,0.3,1,2129,35,1278,4,SDM-HSsrc,arc labels,,0.6695865738845681,0.03503184713375796,0.6285714285714286
Right,contig,PTT,RTT,7,0.3,1,2129,35,1278,4,SDM-PCA,arc labels,16.0,0.5394665029335517,0.022573363431151242,0.2857142857142857
Right,contig,PTT,RTT,7,0.5,1,2129,35,2118,47,NoAdapt,nothing,,0.4588893437030973,0.004291845493562232,0.02857142857142857
Right,contig,PTT,RTT,7,0.5,1,2129,35,2118,47,TargetOnly,arc labels,,0.6639036703506618,0.06637168141592921,0.42857142857142855
Right,contig,PTT,RTT,7,0.5,1,2129,35,2118,47,Source+Target,arc labels,,0.5869013507981989,0.03278688524590164,0.34285714285714286
Right,contig,PTT,RTT,7,0.5,1,2129,35,2118,47,COT,arc labels,,0.4599536089507436,0.01288659793814433,0.2857142857142857
Right,contig,PTT,RTT,7,0.5,1,2129,35,2118,47,none-HS4,arc labels,,0.4974894255696548,0.015544041450777202,0.08571428571428572
Right,contig,PTT,RTT,7,0.5,1,2129,35,2118,47,none-HSsrc,nothing,,0.5163119115841179,0.022857142857142857,0.11428571428571428
Right,contig,PTT,RTT,7,0.5,1,2129,35,2118,47,none-PCA,arc segments,4.0,0.4970118706508391,0.015384615384615385,0.08571428571428572
Right,contig,PTT,RTT,7,0.5,1,2129,35,2118,47,QOTu-HS4,arc labels,,0.4885250375221722,0.015424164524421594,0.34285714285714286
Right,contig,PTT,RTT,7,0.5,1,2129,35,2118,47,QOTu-HSsrc,arc segments,,0.699229089916769,0.03341584158415842,0.7714285714285715
Right,contig,PTT,RTT,7,0.5,1,2129,35,2118,47,QOTu-PCA,arc segments,4.0,0.48876381498158,0.015444015444015444,0.34285714285714286
Right,contig,PTT,RTT,7,0.5,1,2129,35,2118,47,QOTc-HS4,arc labels,,0.7481852913085005,0.08823529411764706,0.6
Right,contig,PTT,RTT,7,0.5,1,2129,35,2118,47,QOTc-HSsrc,arc labels,,0.6122868058398144,0.03180914512922465,0.45714285714285713
Right,contig,PTT,RTT,7,0.5,1,2129,35,2118,47,QOTc-PCA,arc labels,16.0,0.7760403875017056,0.09465020576131687,0.6571428571428571
Right,contig,PTT,RTT,7,0.5,1,2129,35,2118,47,SDM-HS4,arc labels,,0.7564197025515077,0.06217616580310881,0.6857142857142857
Right,contig,PTT,RTT,7,0.5,1,2129,35,2118,47,SDM-HSsrc,arc labels,,0.5515622868058399,0.023346303501945526,0.34285714285714286
Right,contig,PTT,RTT,7,0.5,1,2129,35,2118,47,SDM-PCA,arc labels,32.0,0.5163869559285033,0.019138755980861243,0.22857142857142856
Right,contig,PTT,WRM,0,0.05,1,508,32,51,3,NoAdapt,nothing,,0.5467436974789917,0.0821917808219178,0.375
Right,contig,PTT,WRM,0,0.05,1,508,32,51,3,TargetOnly,arc labels,,0.6446953781512605,0.47619047619047616,0.3125
Right,contig,PTT,WRM,0,0.05,1,508,32,51,3,Source+Target,arc labels,,0.5582983193277311,0.08888888888888889,0.375
Right,contig,PTT,WRM,0,0.05,1,508,32,51,3,COT,arc labels,,0.6201418067226891,0.0958904109589041,0.65625
Right,contig,PTT,WRM,0,0.05,1,508,32,51,3,none-HS4,arc labels,,0.6045168067226891,0.09174311926605505,0.625
Right,contig,PTT,WRM,0,0.05,1,508,32,51,3,none-HSsrc,nothing,,0.5456932773109244,0.08163265306122448,0.375
Right,contig,PTT,WRM,0,0.05,1,508,32,51,3,none-PCA,arc segments,8.0,0.5488445378151261,0.08333333333333333,0.375
Right,contig,PTT,WRM,0,0.05,1,508,32,51,3,QOTu-HS4,arc labels,,0.6141018907563025,0.09844559585492228,0.59375
Right,contig,PTT,WRM,0,0.05,1,508,32,51,3,QOTu-HSsrc,arc segments,,0.6137079831932772,0.0912863070539419,0.6875
Right,contig,PTT,WRM,0,0.05,1,508,32,51,3,QOTu-PCA,arc segments,4.0,0.5635504201680672,0.07782101167315175,0.625
Right,contig,PTT,WRM,0,0.05,1,508,32,51,3,QOTc-HS4,arc labels,,0.59046743697479,0.28,0.21875
Right,contig,PTT,WRM,0,0.05,1,508,32,51,3,QOTc-HSsrc,arc labels,,0.6116071428571428,0.09053497942386832,0.6875
Right,contig,PTT,WRM,0,0.05,1,508,32,51,3,QOTc-PCA,arc labels,64.0,0.5437237394957983,0.5,0.09375
Right,contig,PTT,WRM,0,0.05,1,508,32,51,3,SDM-HS4,arc labels,,0.5660451680672269,0.0821256038647343,0.53125
Right,contig,PTT,WRM,0,0.05,1,508,32,51,3,SDM-HSsrc,arc labels,,0.603203781512605,0.08764940239043825,0.6875
Right,contig,PTT,WRM,0,0.05,1,508,32,51,3,SDM-PCA,arc labels,16.0,0.5954569327731092,0.17307692307692307,0.28125
Right,contig,PTT,WRM,0,0.1,1,508,32,102,5,NoAdapt,nothing,,0.5467436974789917,0.0821917808219178,0.375
Right,contig,PTT,WRM,0,0.1,1,508,32,102,5,TargetOnly,arc labels,,0.592436974789916,0.20512820512820512,0.25
Right,contig,PTT,WRM,0,0.1,1,508,32,102,5,Source+Target,arc labels,,0.5301995798319328,0.07692307692307693,0.3125
Right,contig,PTT,WRM,0,0.1,1,508,32,102,5,COT,arc labels,,0.531906512605042,0.06930693069306931,0.65625
Right,contig,PTT,WRM,0,0.1,1,508,32,102,5,none-HS4,arc labels,,0.5961134453781513,0.08849557522123894,0.625
Right,contig,PTT,WRM,0,0.1,1,508,32,102,5,none-HSsrc,nothing,,0.5456932773109244,0.08163265306122448,0.375
Right,contig,PTT,WRM,0,0.1,1,508,32,102,5,none-PCA,arc segments,8.0,0.5488445378151261,0.08333333333333333,0.375
Right,contig,PTT,WRM,0,0.1,1,508,32,102,5,QOTu-HS4,arc labels,,0.5782563025210083,0.0823045267489712,0.625
Right,contig,PTT,WRM,0,0.1,1,508,32,102,5,QOTu-HSsrc,arc segments,,0.6125262605042017,0.08914728682170543,0.71875
Right,contig,PTT,WRM,0,0.1,1,508,32,102,5,QOTu-PCA,arc segments,8.0,0.5529149159663865,0.08333333333333333,0.40625
Right,contig,PTT,WRM,0,0.1,1,508,32,102,5,QOTc-HS4,arc labels,,0.6112132352941176,0.24324324324324326,0.28125
Right,contig,PTT,WRM,0,0.1,1,508,32,102,5,QOTc-HSsrc,arc labels,,0.5833771008403361,0.08267716535433071,0.65625
Right,contig,PTT,WRM,0,0.1,1,508,32,102,5,QOTc-PCA,arc labels,32.0,0.5259978991596639,0.2857142857142857,0.0625
Right,contig,PTT,WRM,0,0.1,1,508,32,102,5,SDM-HS4,arc labels,,0.5596113445378151,0.07860262008733625,0.5625
Right,contig,PTT,WRM,0,0.1,1,508,32,102,5,SDM-HSsrc,arc labels,,0.5459558823529411,0.0743801652892562,0.5625
Right,contig,PTT,WRM,0,0.1,1,508,32,102,5,SDM-PCA,arc labels,16.0,0.5841649159663865,0.0949367088607595,0.46875
Right,contig,PTT,WRM,0,0.2,1,508,32,203,16,NoAdapt,nothing,,0.5467436974789917,0.0821917808219178,0.375
Right,contig,PTT,WRM,0,0.2,1,508,32,203,16,TargetOnly,arc labels,,0.6176470588235294,0.5333333333333333,0.25
Right,contig,PTT,WRM,0,0.2,1,508,32,203,16,Source+Target,arc labels,,0.5292804621848739,0.0782608695652174,0.28125
Right,contig,PTT,WRM,0,0.2,1,508,32,203,16,COT,arc labels,,0.5245535714285714,0.06774193548387097,0.65625
Right,contig,PTT,WRM,0,0.2,1,508,32,203,16,none-HS4,arc labels,,0.6066176470588236,0.09259259259259259,0.625
Right,contig,PTT,WRM,0,0.2,1,508,32,203,16,none-HSsrc,nothing,,0.5456932773109244,0.08163265306122448,0.375
Right,contig,PTT,WRM,0,0.2,1,508,32,203,16,none-PCA,arc segments,8.0,0.5488445378151261,0.08333333333333333,0.375
Right,contig,PTT,WRM,0,0.2,1,508,32,203,16,QOTu-HS4,arc labels,,0.5866596638655462,0.0851063829787234,0.625
Right,contig,PTT,WRM,0,0.2,1,508,32,203,16,QOTu-HSsrc,arc segments,,0.6168592436974789,0.09243697478991597,0.6875
Right,contig,PTT,WRM,0,0.2,1,508,32,203,16,QOTu-PCA,arc segments,8.0,0.5697216386554622,0.09285714285714286,0.40625
Right,contig,PTT,WRM,0,0.2,1,508,32,203,16,QOTc-HS4,arc labels,,0.5413602941176471,0.125,0.15625
Right,contig,PTT,WRM,0,0.2,1,508,32,203,16,QOTc-HSsrc,arc labels,,0.6125262605042017,0.08914728682170543,0.71875
Right,contig,PTT,WRM,0,0.2,1,508,32,203,16,QOTc-PCA,arc labels,64.0,0.5790441176470589,0.3,0.1875
Right,contig,PTT,WRM,0,0.2,1,508,32,203,16,SDM-HS4,arc labels,,0.5193014705882353,0.08196721311475409,0.15625
Right,contig,PTT,WRM,0,0.2,1,508,32,203,16,SDM-HSsrc,arc labels,,0.5533088235294117,0.07659574468085106,0.5625
Right,contig,PTT,WRM,0,0.2,1,508,32,203,16,SDM-PCA,arc labels,16.0,0.6123949579831933,0.10884353741496598,0.5
Right,contig,PTT,WRM,0,0.3,1,508,32,305,21,NoAdapt,nothing,,0.5467436974789917,0.0821917808219178,0.375
Right,contig,PTT,WRM,0,0.3,1,508,32,305,21,TargetOnly,arc labels,,0.6207983193277311,0.6666666666666666,0.25
Right,contig,PTT,WRM,0,0.3,1,508,32,305,21,Source+Target,arc labels,,0.5191701680672269,0.07792207792207792,0.1875
Right,contig,PTT,WRM,0,0.3,1,508,32,305,21,COT,arc labels,,0.49409138655462187,0.06132075471698113,0.40625
Right,contig,PTT,WRM,0,0.3,1,508,32,305,21,none-HS4,arc labels,,0.6222426470588236,0.0967741935483871,0.65625
Right,contig,PTT,WRM,0,0.3,1,508,32,305,21,none-HSsrc,nothing,,0.5456932773109244,0.08163265306122448,0.375
Right,contig,PTT,WRM,0,0.3,1,508,32,305,21,none-PCA,arc segments,8.0,0.5488445378151261,0.08333333333333333,0.375
Right,contig,PTT,WRM,0,0.3,1,508,32,305,21,QOTu-HS4,arc labels,,0.5886292016806722,0.08433734939759036,0.65625
Right,contig,PTT,WRM,0,0.3,1,508,32,305,21,QOTu-HSsrc,arc segments,,0.6168592436974789,0.09243697478991597,0.6875
Right,contig,PTT,WRM,0,0.3,1,508,32,305,21,QOTu-PCA,arc segments,8.0,0.5623686974789917,0.08843537414965986,0.40625
Right,contig,PTT,WRM,0,0.3,1,508,32,305,21,QOTc-HS4,arc labels,,0.615546218487395,0.47058823529411764,0.25
Right,contig,PTT,WRM,0,0.3,1,508,32,305,21,QOTc-HSsrc,arc labels,,0.6116071428571428,0.09053497942386832,0.6875
Right,contig,PTT,WRM,0,0.3,1,508,32,305,21,QOTc-PCA,arc labels,64.0,0.6008403361344538,0.25806451612903225,0.25
Right,contig,PTT,WRM,0,0.3,1,508,32,305,21,SDM-HS4,arc labels,,0.5976890756302521,0.23529411764705882,0.25
Right,contig,PTT,WRM,0,0.3,1,508,32,305,21,SDM-HSsrc,arc labels,,0.5896796218487395,0.0846774193548387,0.65625
Right,contig,PTT,WRM,0,0.3,1,508,32,305,21,SDM-PCA,arc labels,64.0,0.6628151260504201,0.10619469026548672,0.75
Right,contig,PTT,WRM,0,0.5,1,508,32,498,24,NoAdapt,nothing,,0.5467436974789917,0.0821917808219178,0.375
Right,contig,PTT,WRM,0,0.5,1,508,32,498,24,TargetOnly,arc labels,,0.6123949579831933,0.4,0.25
Right,contig,PTT,WRM,0,0.5,1,508,32,498,24,Source+Target,arc labels,,0.5191701680672269,0.07792207792207792,0.1875
Right,contig,PTT,WRM,0,0.5,1,508,32,498,24,COT,arc labels,,0.5119485294117647,0.06666666666666667,0.40625
Right,contig,PTT,WRM,0,0.5,1,508,32,498,24,none-HS4,arc labels,,0.6034663865546219,0.091324200913242,0.625
Right,contig,PTT,WRM,0,0.5,1,508,32,498,24,none-HSsrc,nothing,,0.5456932773109244,0.08163265306122448,0.375
Right,contig,PTT,WRM,0,0.5,1,508,32,498,24,none-PCA,arc segments,4.0,0.5357142857142857,0.07272727272727272,0.5
Right,contig,PTT,WRM,0,0.5,1,508,32,498,24,QOTu-HS4,arc labels,,0.6034663865546219,0.091324200913242,0.625
Right,contig,PTT,WRM,0,0.5,1,508,32,498,24,QOTu-HSsrc,arc segments,,0.540047268907563,0.075,0.46875
Right,contig,PTT,WRM,0,0.5,1,508,32,498,24,QOTu-PCA,arc segments,8.0,0.5582983193277311,0.08888888888888889,0.375
Right,contig,PTT,WRM,0,0.5,1,508,32,498,24,QOTc-HS4,arc labels,,0.6122636554621849,0.25,0.28125
Right,contig,PTT,WRM,0,0.5,1,508,32,498,24,QOTc-HSsrc,arc labels,,0.6168592436974789,0.09243697478991597,0.6875
Right,contig,PTT,WRM,0,0.5,1,508,32,498,24,QOTc-PCA,arc labels,64.0,0.592436974789916,0.20512820512820512,0.25
Right,contig,PTT,WRM,0,0.5,1,508,32,498,24,SDM-HS4,arc labels,,0.6141018907563025,0.16666666666666666,0.34375
Right,contig,PTT,WRM,0,0.5,1,508,32,498,24,SDM-HSsrc,arc labels,,0.5533088235294117,0.07659574468085106,0.5625
Right,contig,PTT,WRM,0,0.5,1,508,32,498,24,SDM-PCA,arc labels,32.0,0.6960346638655462,0.16521739130434782,0.59375
Right,contig,PTT,WRM,1,0.05,0,508,19,51,0,NoAdapt,nothing,,0.5998277903347325,0.06293706293706294,0.47368421052631576
Right,contig,PTT,WRM,1,0.05,0,508,19,51,0,TargetOnly,arc labels,,,,
Right,contig,PTT,WRM,1,0.05,0,508,19,51,0,Source+Target,arc labels,,,,
Right,contig,PTT,WRM,1,0.05,0,508,19,51,0,COT,arc labels,,,,
Right,contig,PTT,WRM,1,0.05,0,508,19,51,0,none-HS4,arc labels,,,,
Right,contig,PTT,WRM,1,0.05,0,508,19,51,0,none-HSsrc,nothing,,0.6849101280809385,0.08571428571428572,0.631578947368421
Right,contig,PTT,WRM,1,0.05,0,508,19,51,0,none-PCA,arc segments,8.0,0.6018727801097836,0.06382978723404255,0.47368421052631576
Right,contig,PTT,WRM,1,0.05,0,508,19,51,0,QOTu-HS4,arc labels,,,,
Right,contig,PTT,WRM,1,0.05,0,508,19,51,0,QOTu-HSsrc,arc segments,,0.6260359487676246,0.05027932960893855,0.9473684210526315
Right,contig,PTT,WRM,1,0.05,0,508,19,51,0,QOTu-PCA,arc segments,8.0,0.6381444408567432,0.06918238993710692,0.5789473684210527
Right,contig,PTT,WRM,1,0.05,0,508,19,51,0,QOTc-HS4,arc labels,,,,
Right,contig,PTT,WRM,1,0.05,0,508,19,51,0,QOTc-HSsrc,arc labels,,,,
Right,contig,PTT,WRM,1,0.05,0,508,19,51,0,QOTc-PCA,arc labels,,,,
Right,contig,PTT,WRM,1,0.05,0,508,19,51,0,SDM-HS4,arc labels,,,,
Right,contig,PTT,WRM,1,0.05,0,508,19,51,0,SDM-HSsrc,arc labels,,,,
Right,contig,PTT,WRM,1,0.05,0,508,19,51,0,SDM-PCA,arc labels,,,,
Right,contig,PTT,WRM,1,0.1,1,508,19,102,3,NoAdapt,nothing,,0.5998277903347325,0.06293706293706294,0.47368421052631576
Right,contig,PTT,WRM,1,0.1,1,508,19,102,3,TargetOnly,arc labels,,0.6679582391561726,0.056782334384858045,0.9473684210526315
Right,contig,PTT,WRM,1,0.1,1,508,19,102,3,Source+Target,arc labels,,0.6110752340975137,0.06818181818181818,0.47368421052631576
Right,contig,PTT,WRM,1,0.1,1,508,19,102,3,COT,arc labels,,0.5841136583790765,0.045112781954887216,0.9473684210526315
Right,contig,PTT,WRM,1,0.1,1,508,19,102,3,none-HS4,arc labels,,0.7014853083629319,0.07352941176470588,0.7894736842105263
Right,contig,PTT,WRM,1,0.1,1,508,19,102,3,none-HSsrc,nothing,,0.6849101280809385,0.08571428571428572,0.631578947368421
Right,contig,PTT,WRM,1,0.1,1,508,19,102,3,none-PCA,arc segments,8.0,0.6018727801097836,0.06382978723404255,0.47368421052631576
Right,contig,PTT,WRM,1,0.1,1,508,19,102,3,QOTu-HS4,arc labels,,0.6807663330104402,0.06374501992031872,0.8421052631578947
Right,contig,PTT,WRM,1,0.1,1,508,19,102,3,QOTu-HSsrc,arc segments,,0.6692498116456786,0.058823529411764705,0.8947368421052632
Right,contig,PTT,WRM,1,0.1,1,508,19,102,3,QOTu-PCA,arc segments,8.0,0.5834678721343235,0.05660377358490566,0.47368421052631576
Right,contig,PTT,WRM,1,0.1,1,508,19,102,3,QOTc-HS4,arc labels,,0.6155957378107846,0.052083333333333336,0.7894736842105263
Right,contig,PTT,WRM,1,0.1,1,508,19,102,3,QOTc-HSsrc,arc labels,,0.70810461737165,0.06772908366533864,0.8947368421052632
Right,contig,PTT,WRM,1,0.1,1,508,19,102,3,QOTc-PCA,arc labels,16.0,0.5596814121192553,0.04784688995215311,0.5263157894736842
Right,contig,PTT,WRM,1,0.1,1,508,19,102,3,SDM-HS4,arc labels,,0.6774835862662791,0.07471264367816093,0.6842105263157895
Right,contig,PTT,WRM,1,0.1,1,508,19,102,3,SDM-HSsrc,arc labels,,0.6899687869981703,0.06611570247933884,0.8421052631578947
Right,contig,PTT,WRM,1,0.1,1,508,19,102,3,SDM-PCA,arc labels,4.0,0.6838338176730169,0.06451612903225806,0.8421052631578947
Right,contig,PTT,WRM,1,0.2,1,508,19,203,10,NoAdapt,nothing,,0.5998277903347325,0.06293706293706294,0.47368421052631576
Right,contig,PTT,WRM,1,0.2,1,508,19,203,10,TargetOnly,arc labels,,0.5849747067054138,0.052132701421800945,0.5789473684210527
Right,contig,PTT,WRM,1,0.2,1,508,19,203,10,Source+Target,arc labels,,0.5998277903347325,0.06293706293706294,0.47368421052631576
Right,contig,PTT,WRM,1,0.2,1,508,19,203,10,COT,arc labels,,0.43569045312668175,0.03081232492997199,0.5789473684210527
Right,contig,PTT,WRM,1,0.2,1,508,19,203,10,none-HS4,arc labels,,0.7004628134754063,0.07317073170731707,0.7894736842105263
Right,contig,PTT,WRM,1,0.2,1,508,19,203,10,none-HSsrc,nothing,,0.6849101280809385,0.08571428571428572,0.631578947368421
Right,contig,PTT,WRM,1,0.2,1,508,19,203,10,none-PCA,arc segments,8.0,0.6018727801097836,0.06382978723404255,0.47368421052631576
Right,contig,PTT,WRM,1,0.2,1,508,19,203,10,QOTu-HS4,arc labels,,0.6981487460983747,0.06837606837606838,0.8421052631578947
Right,contig,PTT,WRM,1,0.2,1,508,19,203,10,QOTu-HSsrc,arc segments,,0.6950812614357981,0.06751054852320675,0.8421052631578947
Right,contig,PTT,WRM,1,0.2,1,508,19,203,10,QOTu-PCA,arc segments,8.0,0.591647831234528,0.059602649006622516,0.47368421052631576
Right,contig,PTT,WRM,1,0.2,1,508,19,203,10,QOTc-HS4,arc labels,,0.7017543859649122,0.07909604519774012,0.7368421052631579
Right,contig,PTT,WRM,1,0.2,1,508,19,203,10,QOTc-HSsrc,arc labels,,0.6958346787213432,0.06463878326996197,0.8947368421052632
Right,contig,PTT,WRM,1,0.2,1,508,19,203,10,QOTc-PCA,arc labels,32.0,0.5862662791949198,0.0546448087431694,0.5263157894736842
Right,contig,PTT,WRM,1,0.2,1,508,19,203,10,SDM-HS4,arc labels,,0.6039177698848348,0.06474820143884892,0.47368421052631576
Right,contig,PTT,WRM,1,0.2,1,508,19,203,10,SDM-HSsrc,arc labels,,0.6715638790227101,0.06153846153846154,0.8421052631578947
Right,contig,PTT,WRM,1,0.2,1,508,19,203,10,SDM-PCA,arc labels,32.0,0.5571520826606393,0.05063291139240506,0.42105263157894735
Right,contig,PTT,WRM,1,0.3,1,508,19,305,27,NoAdapt,nothing,,0.5998277903347325,0.06293706293706294,0.47368421052631576
Right,contig,PTT,WRM,1,0.3,1,508,19,305,27,TargetOnly,arc labels,,0.6251210849208912,0.06896551724137931,0.5263157894736842
Right,contig,PTT,WRM,1,0.3,1,508,19,305,27,Source+Target,arc labels,,0.5814228823592724,0.055900621118012424,0.47368421052631576
Right,contig,PTT,WRM,1,0.3,1,508,19,305,27,COT,arc labels,,0.4264879991389517,0.030054644808743168,0.5789473684210527
Right,contig,PTT,WRM,1,0.3,1,508,19,305,27,none-HS4,arc labels,,0.6994403185878808,0.07281553398058252,0.7894736842105263
Right,contig,PTT,WRM,1,0.3,1,508,19,305,27,none-HSsrc,nothing,,0.6849101280809385,0.08571428571428572,0.631578947368421
Right,contig,PTT,WRM,1,0.3,1,508,19,305,27,none-PCA,arc segments,8.0,0.6018727801097836,0.06382978723404255,0.47368421052631576
Right,contig,PTT,WRM,1,0.3,1,508,19,305,27,QOTu-HS4,arc labels,,0.687170379937574,0.06880733944954129,0.7894736842105263
Right,contig,PTT,WRM,1,0.3,1,508,19,305,27,QOTu-HSsrc,arc segments,,0.7073512000861049,0.07111111111111111,0.8421052631578947
Right,contig,PTT,WRM,1,0.3,1,508,19,305,27,QOTu-PCA,arc segments,8.0,0.5970293832741362,0.06722689075630252,0.42105263157894735
Right,contig,PTT,WRM,1,0.3,1,508,19,305,27,QOTc-HS4,arc labels,,0.5367560004305242,0.056338028169014086,0.21052631578947367
Right,contig,PTT,WRM,1,0.3,1,508,19,305,27,QOTc-HSsrc,arc labels,,0.7101496071467011,0.06827309236947791,0.8947368421052632
Right,contig,PTT,WRM,1,0.3,1,508,19,305,27,QOTc-PCA,arc labels,32.0,0.48972123560434827,0.03418803418803419,0.21052631578947367
Right,contig,PTT,WRM,1,0.3,1,508,19,305,27,SDM-HS4,arc labels,,0.48923689592078357,0.03125,0.10526315789473684
Right,contig,PTT,WRM,1,0.3,1,508,19,305,27,SDM-HSsrc,arc labels,,0.6889462921106446,0.06584362139917696,0.8421052631578947
Right,contig,PTT,WRM,1,0.3,1,508,19,305,27,SDM-PCA,arc labels,16.0,0.566085459046389,0.05113636363636364,0.47368421052631576
Right,contig,PTT,WRM,1,0.5,1,508,19,487,40,NoAdapt,nothing,,0.5998277903347325,0.06293706293706294,0.47368421052631576
Right,contig,PTT,WRM,1,0.5,1,508,19,487,40,TargetOnly,arc labels,,0.4953718652459369,0.034482758620689655,0.10526315789473684
Right,contig,PTT,WRM,1,0.5,1,508,19,487,40,Source+Target,arc labels,,0.5967603056721559,0.06164383561643835,0.47368421052631576
Right,contig,PTT,WRM,1,0.5,1,508,19,487,40,COT,arc labels,,0.5294909051770531,0.0410958904109589,0.631578947368421
Right,contig,PTT,WRM,1,0.5,1,508,19,487,40,none-HS4,arc labels,,0.6994403185878808,0.07281553398058252,0.7894736842105263
Right,contig,PTT,WRM,1,0.5,1,508,19,487,40,none-HSsrc,nothing,,0.6849101280809385,0.08571428571428572,0.631578947368421
Right,contig,PTT,WRM,1,0.5,1,508,19,487,40,none-PCA,arc segments,8.0,0.6018727801097836,0.06382978723404255,0.47368421052631576
Right,contig,PTT,WRM,1,0.5,1,508,19,487,40,QOTu-HS4,arc labels,,0.7025078032504575,0.07389162561576355,0.7894736842105263
Right,contig,PTT,WRM,1,0.5,1,508,19,487,40,QOTu-HSsrc,arc segments,,0.6590786782908191,0.06770833333333333,0.6842105263157895
Right,contig,PTT,WRM,1,0.5,1,508,19,487,40,QOTu-PCA,arc segments,8.0,0.5901409966634378,0.0707070707070707,0.3684210526315789
Right,contig,PTT,WRM,1,0.5,1,508,19,487,40,QOTc-HS4,arc labels,,0.5270692067592293,0.07407407407407407,0.10526315789473684
Right,contig,PTT,WRM,1,0.5,1,508,19,487,40,QOTc-HSsrc,arc labels,,0.7510494026477237,0.08133971291866028,0.8947368421052632
Right,contig,PTT,WRM,1,0.5,1,508,19,487,40,QOTc-PCA,arc labels,32.0,0.5035518243461414,0.04,0.10526315789473684
Right,contig,PTT,WRM,1,0.5,1,508,19,487,40,SDM-HS4,arc labels,,0.5015068345710902,0.038461538461538464,0.10526315789473684
Right,contig,PTT,WRM,1,0.5,1,508,19,487,40,SDM-HSsrc,arc labels,,0.7367344742223657,0.07623318385650224,0.8947368421052632
Right,contig,PTT,WRM,1,0.5,1,508,19,487,40,SDM-PCA,arc labels,32.0,0.49585620492950166,0.036036036036036036,0.21052631578947367
Right,contig,PTT,WRM,2,0.05,0,508,18,51,0,NoAdapt,nothing,,0.6173469387755102,0.06474820143884892,0.5
Right,contig,PTT,WRM,2,0.05,0,508,18,51,0,TargetOnly,arc labels,,,,
Right,contig,PTT,WRM,2,0.05,0,508,18,51,0,Source+Target,arc labels,,,,
Right,contig,PTT,WRM,2,0.05,0,508,18,51,0,COT,arc labels,,,,
Right,contig,PTT,WRM,2,0.05,0,508,18,51,0,none-HS4,arc labels,,,,
Right,contig,PTT,WRM,2,0.05,0,508,18,51,0,none-HSsrc,nothing,,0.6925170068027211,0.08,0.6666666666666666
Right,contig,PTT,WRM,2,0.05,0,508,18,51,0,none-PCA,arc segments,64.0,0.5776643990929705,0.07692307692307693,0.2777777777777778
Right,contig,PTT,WRM,2,0.05,0,508,18,51,0,QOTu-HS4,arc labels,,,,
Right,contig,PTT,WRM,2,0.05,0,508,18,51,0,QOTu-HSsrc,arc segments,,0.6040816326530613,0.04433497536945813,1.0
Right,contig,PTT,WRM,2,0.05,0,508,18,51,0,QOTu-PCA,arc segments,8.0,0.6438775510204082,0.04904632152588556,1.0
Right,contig,PTT,WRM,2,0.05,0,508,18,51,0,QOTc-HS4,arc labels,,,,
Right,contig,PTT,WRM,2,0.05,0,508,18,51,0,QOTc-HSsrc,arc labels,,,,
Right,contig,PTT,WRM,2,0.05,0,508,18,51,0,QOTc-PCA,arc labels,,,,
Right,contig,PTT,WRM,2,0.05,0,508,18,51,0,SDM-HS4,arc labels,,,,
Right,contig,PTT,WRM,2,0.05,0,508,18,51,0,SDM-HSsrc,arc labels,,,,
Right,contig,PTT,WRM,2,0.05,0,508,18,51,0,SDM-PCA,arc labels,,,,
Right,contig,PTT,WRM,2,0.1,0,508,18,102,1,NoAdapt,nothing,,0.6173469387755102,0.06474820143884892,0.5
Right,contig,PTT,WRM,2,0.1,0,508,18,102,1,TargetOnly,arc labels,,,,
Right,contig,PTT,WRM,2,0.1,0,508,18,102,1,Source+Target,arc labels,,,,
Right,contig,PTT,WRM,2,0.1,0,508,18,102,1,COT,arc labels,,,,
Right,contig,PTT,WRM,2,0.1,0,508,18,102,1,none-HS4,arc labels,,,,
Right,contig,PTT,WRM,2,0.1,0,508,18,102,1,none-HSsrc,nothing,,0.6925170068027211,0.08,0.6666666666666666
Right,contig,PTT,WRM,2,0.1,0,508,18,102,1,none-PCA,arc segments,32.0,0.562358276643991,0.0625,0.2777777777777778
Right,contig,PTT,WRM,2,0.1,0,508,18,102,1,QOTu-HS4,arc labels,,,,
Right,contig,PTT,WRM,2,0.1,0,508,18,102,1,QOTu-HSsrc,arc segments,,0.6714285714285715,0.052941176470588235,1.0
Right,contig,PTT,WRM,2,0.1,0,508,18,102,1,QOTu-PCA,arc segments,4.0,0.6295918367346939,0.047244094488188976,1.0
Right,contig,PTT,WRM,2,0.1,0,508,18,102,1,QOTc-HS4,arc labels,,,,
Right,contig,PTT,WRM,2,0.1,0,508,18,102,1,QOTc-HSsrc,arc labels,,,,
Right,contig,PTT,WRM,2,0.1,0,508,18,102,1,QOTc-PCA,arc labels,,,,
Right,contig,PTT,WRM,2,0.1,0,508,18,102,1,SDM-HS4,arc labels,,,,
Right,contig,PTT,WRM,2,0.1,0,508,18,102,1,SDM-HSsrc,arc labels,,,,
Right,contig,PTT,WRM,2,0.1,0,508,18,102,1,SDM-PCA,arc labels,,,,
Right,contig,PTT,WRM,2,0.2,1,508,18,203,3,NoAdapt,nothing,,0.6173469387755102,0.06474820143884892,0.5
Right,contig,PTT,WRM,2,0.2,1,508,18,203,3,TargetOnly,arc labels,,0.5769841269841269,0.04680851063829787,0.6111111111111112
Right,contig,PTT,WRM,2,0.2,1,508,18,203,3,Source+Target,arc labels,,0.583219954648526,0.0603448275862069,0.3888888888888889
Right,contig,PTT,WRM,2,0.2,1,508,18,203,3,COT,arc labels,,0.5233560090702948,0.0377906976744186,0.7222222222222222
Right,contig,PTT,WRM,2,0.2,1,508,18,203,3,none-HS4,arc labels,,0.7146258503401361,0.07042253521126761,0.8333333333333334
Right,contig,PTT,WRM,2,0.2,1,508,18,203,3,none-HSsrc,nothing,,0.6925170068027211,0.08,0.6666666666666666
Right,contig,PTT,WRM,2,0.2,1,508,18,203,3,none-PCA,arc segments,64.0,0.5746031746031746,0.07352941176470588,0.2777777777777778
Right,contig,PTT,WRM,2,0.2,1,508,18,203,3,QOTu-HS4,arc labels,,0.7150793650793651,0.06319702602230483,0.9444444444444444
Right,contig,PTT,WRM,2,0.2,1,508,18,203,3,QOTu-HSsrc,arc segments,,0.7171201814058956,0.06367041198501873,0.9444444444444444
Right,contig,PTT,WRM,2,0.2,1,508,18,203,3,QOTu-PCA,arc segments,4.0,0.691609977324263,0.05821917808219178,0.9444444444444444
Right,contig,PTT,WRM,2,0.2,1,508,18,203,3,QOTc-HS4,arc labels,,0.5911564625850341,0.04491017964071856,0.8333333333333334
Right,contig,PTT,WRM,2,0.2,1,508,18,203,3,QOTc-HSsrc,arc labels,,0.7438775510204082,0.06691449814126393,1.0
Right,contig,PTT,WRM,2,0.2,1,508,18,203,3,QOTc-PCA,arc labels,32.0,0.526984126984127,0.06666666666666667,0.1111111111111111
Right,contig,PTT,WRM,2,0.2,1,508,18,203,3,SDM-HS4,arc labels,,0.5891156462585034,0.044642857142857144,0.8333333333333334
Right,contig,PTT,WRM,2,0.2,1,508,18,203,3,SDM-HSsrc,arc labels,,0.5208616780045352,0.03793103448275862,0.6111111111111112
Right,contig,PTT,WRM,2,0.2,1,508,18,203,3,SDM-PCA,arc labels,16.0,0.5261904761904762,0.05084745762711865,0.16666666666666666
Right,contig,PTT,WRM,2,0.3,1,508,18,305,9,NoAdapt,nothing,,0.6173469387755102,0.06474820143884892,0.5
Right,contig,PTT,WRM,2,0.3,1,508,18,305,9,TargetOnly,arc labels,,0.5808390022675738,0.04926108374384237,0.5555555555555556
Right,contig,PTT,WRM,2,0.3,1,508,18,305,9,Source+Target,arc labels,,0.5643990929705216,0.0641025641025641,0.2777777777777778
Right,contig,PTT,WRM,2,0.3,1,508,18,305,9,COT,arc labels,,0.43492063492063493,0.028901734104046242,0.5555555555555556
Right,contig,PTT,WRM,2,0.3,1,508,18,305,9,none-HS4,arc labels,,0.7136054421768707,0.07009345794392523,0.8333333333333334
Right,contig,PTT,WRM,2,0.3,1,508,18,305,9,none-HSsrc,nothing,,0.6925170068027211,0.08,0.6666666666666666
Right,contig,PTT,WRM,2,0.3,1,508,18,305,9,none-PCA,arc segments,64.0,0.5746031746031746,0.07352941176470588,0.2777777777777778
Right,contig,PTT,WRM,2,0.3,1,508,18,305,9,QOTu-HS4,arc labels,,0.6985260770975057,0.0622568093385214,0.8888888888888888
Right,contig,PTT,WRM,2,0.3,1,508,18,305,9,QOTu-HSsrc,arc segments,,0.7212018140589569,0.06463878326996197,0.9444444444444444
Right,contig,PTT,WRM,2,0.3,1,508,18,305,9,QOTu-PCA,arc segments,8.0,0.6145124716553287,0.058823529411764705,0.5555555555555556
Right,contig,PTT,WRM,2,0.3,1,508,18,305,9,QOTc-HS4,arc labels,,0.5417233560090703,0.05555555555555555,0.2222222222222222
Right,contig,PTT,WRM,2,0.3,1,508,18,305,9,QOTc-HSsrc,arc labels,,0.6924036281179138,0.060836501901140684,0.8888888888888888
Right,contig,PTT,WRM,2,0.3,1,508,18,305,9,QOTc-PCA,arc labels,64.0,0.500453514739229,0.03571428571428571,0.1111111111111111
Right,contig,PTT,WRM,2,0.3,1,508,18,305,9,SDM-HS4,arc labels,,0.6608843537414966,0.06629834254143646,0.6666666666666666
Right,contig,PTT,WRM,2,0.3,1,508,18,305,9,SDM-HSsrc,arc labels,,0.6852607709750567,0.05925925925925926,0.8888888888888888
Right,contig,PTT,WRM,2,0.3,1,508,18,305,9,SDM-PCA,arc labels,16.0,0.631859410430839,0.06535947712418301,0.5555555555555556
Right,contig,PTT,WRM,2,0.5,1,508,18,488,37,NoAdapt,nothing,,0.6173469387755102,0.06474820143884892,0.5
Right,contig,PTT,WRM,2,0.5,1,508,18,488,37,TargetOnly,arc labels,,0.5840136054421768,0.06896551724137931,0.3333333333333333
Right,contig,PTT,WRM,2,0.5,1,508,18,488,37,Source+Target,arc labels,,0.5873015873015873,0.0625,0.3888888888888889
Right,contig,PTT,WRM,2,0.5,1,508,18,488,37,COT,arc labels,,0.6301587301587301,0.04938271604938271,0.8888888888888888
Right,contig,PTT,WRM,2,0.5,1,508,18,488,37,none-HS4,arc labels,,0.7125850340136055,0.06976744186046512,0.8333333333333334
Right,contig,PTT,WRM,2,0.5,1,508,18,488,37,none-HSsrc,nothing,,0.6925170068027211,0.08,0.6666666666666666
Right,contig,PTT,WRM,2,0.5,1,508,18,488,37,none-PCA,arc segments,32.0,0.5582766439909297,0.05952380952380952,0.2777777777777778
Right,contig,PTT,WRM,2,0.5,1,508,18,488,37,QOTu-HS4,arc labels,,0.7146258503401361,0.07042253521126761,0.8333333333333334
Right,contig,PTT,WRM,2,0.5,1,508,18,488,37,QOTu-HSsrc,arc segments,,0.7074829931972789,0.06818181818181818,0.8333333333333334
Right,contig,PTT,WRM,2,0.5,1,508,18,488,37,QOTu-PCA,arc segments,32.0,0.6117913832199546,0.07954545454545454,0.3888888888888889
Right,contig,PTT,WRM,2,0.5,1,508,18,488,37,QOTc-HS4,arc labels,,0.5014739229024944,0.03636363636363636,0.1111111111111111
Right,contig,PTT,WRM,2,0.5,1,508,18,488,37,QOTc-HSsrc,arc labels,,0.7385487528344671,0.06910569105691057,0.9444444444444444
Right,contig,PTT,WRM,2,0.5,1,508,18,488,37,QOTc-PCA,arc labels,64.0,0.42471655328798186,0.00980392156862745,0.05555555555555555
Right,contig,PTT,WRM,2,0.5,1,508,18,488,37,SDM-HS4,arc labels,,0.5119047619047619,0.0410958904109589,0.16666666666666666
Right,contig,PTT,WRM,2,0.5,1,508,18,488,37,SDM-HSsrc,arc labels,,0.6515873015873016,0.052805280528052806,0.8888888888888888
Right,contig,PTT,WRM,2,0.5,1,508,18,488,37,SDM-PCA,arc labels,16.0,0.5131519274376417,0.04,0.2222222222222222
Right,contig,PTT,WRM,3,0.05,0,508,34,51,0,NoAdapt,nothing,,0.6075328865723504,0.10778443113772455,0.5294117647058824
Right,contig,PTT,WRM,3,0.05,0,508,34,51,0,TargetOnly,arc labels,,,,
Right,contig,PTT,WRM,3,0.05,0,508,34,51,0,Source+Target,arc labels,,,,
Right,contig,PTT,WRM,3,0.05,0,508,34,51,0,COT,arc labels,,,,
Right,contig,PTT,WRM,3,0.05,0,508,34,51,0,none-HS4,arc labels,,,,
Right,contig,PTT,WRM,3,0.05,0,508,34,51,0,none-HSsrc,nothing,,0.6253412757508067,0.1111111111111111,0.5882352941176471
Right,contig,PTT,WRM,3,0.05,0,508,34,51,0,none-PCA,arc segments,8.0,0.6096425912137007,0.10909090909090909,0.5294117647058824
Right,contig,PTT,WRM,3,0.05,0,508,34,51,0,QOTu-HS4,arc labels,,,,
Right,contig,PTT,WRM,3,0.05,0,508,34,51,0,QOTu-HSsrc,arc segments,,0.647927525440556,0.09740259740259741,0.8823529411764706
Right,contig,PTT,WRM,3,0.05,0,508,34,51,0,QOTu-PCA,arc segments,8.0,0.6043683296103252,0.10588235294117647,0.5294117647058824
Right,contig,PTT,WRM,3,0.05,0,508,34,51,0,QOTc-HS4,arc labels,,,,
Right,contig,PTT,WRM,3,0.05,0,508,34,51,0,QOTc-HSsrc,arc labels,,,,
Right,contig,PTT,WRM,3,0.05,0,508,34,51,0,QOTc-PCA,arc labels,,,,
Right,contig,PTT,WRM,3,0.05,0,508,34,51,0,SDM-HS4,arc labels,,,,
Right,contig,PTT,WRM,3,0.05,0,508,34,51,0,SDM-HSsrc,arc labels,,,,
Right,contig,PTT,WRM,3,0.05,0,508,34,51,0,SDM-PCA,arc labels,,,,
Right,contig,PTT,WRM,3,0.1,0,508,34,102,0,NoAdapt,nothing,,0.6075328865723504,0.10778443113772455,0.5294117647058824
Right,contig,PTT,WRM,3,0.1,0,508,34,102,0,TargetOnly,arc labels,,,,
Right,contig,PTT,WRM,3,0.1,0,508,34,102,0,Source+Target,arc labels,,,,
Right,contig,PTT,WRM,3,0.1,0,508,34,102,0,COT,arc labels,,,,
Right,contig,PTT,WRM,3,0.1,0,508,34,102,0,none-HS4,arc labels,,,,
Right,contig,PTT,WRM,3,0.1,0,508,34,102,0,none-HSsrc,nothing,,0.6253412757508067,0.1111111111111111,0.5882352941176471
Right,contig,PTT,WRM,3,0.1,0,508,34,102,0,none-PCA,arc segments,8.0,0.6096425912137007,0.10909090909090909,0.5294117647058824
Right,contig,PTT,WRM,3,0.1,0,508,34,102,0,QOTu-HS4,arc labels,,,,
Right,contig,PTT,WRM,3,0.1,0,508,34,102,0,QOTu-HSsrc,arc segments,,0.6447629684785307,0.09646302250803858,0.8823529411764706
Right,contig,PTT,WRM,3,0.1,0,508,34,102,0,QOTu-PCA,arc segments,16.0,0.5916480516257137,0.09644670050761421,0.5588235294117647
Right,contig,PTT,WRM,3,0.1,0,508,34,102,0,QOTc-HS4,arc labels,,,,
Right,contig,PTT,WRM,3,0.1,0,508,34,102,0,QOTc-HSsrc,arc labels,,,,
Right,contig,PTT,WRM,3,0.1,0,508,34,102,0,QOTc-PCA,arc labels,,,,
Right,contig,PTT,WRM,3,0.1,0,508,34,102,0,SDM-HS4,arc labels,,,,
Right,contig,PTT,WRM,3,0.1,0,508,34,102,0,SDM-HSsrc,arc labels,,,,
Right,contig,PTT,WRM,3,0.1,0,508,34,102,0,SDM-PCA,arc labels,,,,
Right,contig,PTT,WRM,3,0.2,0,508,34,203,1,NoAdapt,nothing,,0.6075328865723504,0.10778443113772455,0.5294117647058824
Right,contig,PTT,WRM,3,0.2,0,508,34,203,1,TargetOnly,arc labels,,,,
Right,contig,PTT,WRM,3,0.2,0,508,34,203,1,Source+Target,arc labels,,,,
Right,contig,PTT,WRM,3,0.2,0,508,34,203,1,COT,arc labels,,,,
Right,contig,PTT,WRM,3,0.2,0,508,34,203,1,none-HS4,arc labels,,,,
Right,contig,PTT,WRM,3,0.2,0,508,34,203,1,none-HSsrc,nothing,,0.6253412757508067,0.1111111111111111,0.5882352941176471
Right,contig,PTT,WRM,3,0.2,0,508,34,203,1,none-PCA,arc segments,8.0,0.6096425912137007,0.10909090909090909,0.5294117647058824
Right,contig,PTT,WRM,3,0.2,0,508,34,203,1,QOTu-HS4,arc labels,,,,
Right,contig,PTT,WRM,3,0.2,0,508,34,203,1,QOTu-HSsrc,arc segments,,0.6288781335318938,0.09090909090909091,0.9117647058823529
Right,contig,PTT,WRM,3,0.2,0,508,34,203,1,QOTu-PCA,arc segments,16.0,0.5861255894762969,0.08778625954198473,0.6764705882352942
Right,contig,PTT,WRM,3,0.2,0,508,34,203,1,QOTc-HS4,arc labels,,,,
Right,contig,PTT,WRM,3,0.2,0,508,34,203,1,QOTc-HSsrc,arc labels,,,,
Right,contig,PTT,WRM,3,0.2,0,508,34,203,1,QOTc-PCA,arc labels,,,,
Right,contig,PTT,WRM,3,0.2,0,508,34,203,1,SDM-HS4,arc labels,,,,
Right,contig,PTT,WRM,3,0.2,0,508,34,203,1,SDM-HSsrc,arc labels,,,,
Right,contig,PTT,WRM,3,0.2,0,508,34,203,1,SDM-PCA,arc labels,,,,
Right,contig,PTT,WRM,3,0.3,1,508,34,305,3,NoAdapt,nothing,,0.6075328865723504,0.10778443113772455,0.5294117647058824
Right,contig,PTT,WRM,3,0.3,1,508,34,305,3,TargetOnly,arc labels,,0.527488210474063,0.07511737089201878,0.47058823529411764
Right,contig,PTT,WRM,3,0.3,1,508,34,305,3,Source+Target,arc labels,,0.6002730206006452,0.1111111111111111,0.47058823529411764
Right,contig,PTT,WRM,3,0.3,1,508,34,305,3,COT,arc labels,,0.43348225366095805,0.05421686746987952,0.5294117647058824
Right,contig,PTT,WRM,3,0.3,1,508,34,305,3,none-HS4,arc labels,,0.5778108711839166,0.0875,0.6176470588235294
Right,contig,PTT,WRM,3,0.3,1,508,34,305,3,none-HSsrc,nothing,,0.6253412757508067,0.1111111111111111,0.5882352941176471
Right,contig,PTT,WRM,3,0.3,1,508,34,305,3,none-PCA,arc segments,4.0,0.6009555721022586,0.0944206008583691,0.6470588235294118
Right,contig,PTT,WRM,3,0.3,1,508,34,305,3,QOTu-HS4,arc labels,,0.6038098783817324,0.08852459016393442,0.7941176470588235
Right,contig,PTT,WRM,3,0.3,1,508,34,305,3,QOTu-HSsrc,arc segments,,0.6310498883097543,0.09259259259259259,0.8823529411764706
Right,contig,PTT,WRM,3,0.3,1,508,34,305,3,QOTu-PCA,arc segments,8.0,0.590282948622487,0.08791208791208792,0.7058823529411765
Right,contig,PTT,WRM,3,0.3,1,508,34,305,3,QOTc-HS4,arc labels,,0.607222635889799,0.09504132231404959,0.6764705882352942
Right,contig,PTT,WRM,3,0.3,1,508,34,305,3,QOTc-HSsrc,arc labels,,0.626644328617523,0.08847184986595175,0.9705882352941176
Right,contig,PTT,WRM,3,0.3,1,508,34,305,3,QOTc-PCA,arc labels,32.0,0.4998138495904691,0.06666666666666667,0.08823529411764706
Right,contig,PTT,WRM,3,0.3,1,508,34,305,3,SDM-HS4,arc labels,,0.6157235045917101,0.1004566210045662,0.6470588235294118
Right,contig,PTT,WRM,3,0.3,1,508,34,305,3,SDM-HSsrc,arc labels,,0.4126334077934971,0.04794520547945205,0.4117647058823529
Right,contig,PTT,WRM,3,0.3,1,508,34,305,3,SDM-PCA,arc labels,16.0,0.5269918093819806,0.08860759493670886,0.20588235294117646
Right,contig,PTT,WRM,3,0.5,1,508,34,487,23,NoAdapt,nothing,,0.6075328865723504,0.10778443113772455,0.5294117647058824
Right,contig,PTT,WRM,3,0.5,1,508,34,487,23,TargetOnly,arc labels,,0.5945023579051874,0.08921933085501858,0.7058823529411765
Right,contig,PTT,WRM,3,0.5,1,508,34,487,23,Source+Target,arc labels,,0.6096425912137007,0.10909090909090909,0.5294117647058824
Right,contig,PTT,WRM,3,0.5,1,508,34,487,23,COT,arc labels,,0.5185529908165798,0.07038123167155426,0.7058823529411765
Right,contig,PTT,WRM,3,0.5,1,508,34,487,23,none-HS4,arc labels,,0.5945644080416976,0.09055118110236221,0.6764705882352942
Right,contig,PTT,WRM,3,0.5,1,508,34,487,23,none-HSsrc,nothing,,0.6253412757508067,0.1111111111111111,0.5882352941176471
Right,contig,PTT,WRM,3,0.5,1,508,34,487,23,none-PCA,arc segments,4.0,0.6009555721022586,0.0944206008583691,0.6470588235294118
Right,contig,PTT,WRM,3,0.5,1,508,34,487,23,QOTu-HS4,arc labels,,0.5724745594440308,0.08461538461538462,0.6470588235294118
Right,contig,PTT,WRM,3,0.5,1,508,34,487,23,QOTu-HSsrc,arc segments,,0.6333457433606353,0.09747292418772563,0.7941176470588235
Right,contig,PTT,WRM,3,0.5,1,508,34,487,23,QOTu-PCA,arc segments,8.0,0.5886075949367089,0.1,0.5
Right,contig,PTT,WRM,3,0.5,1,508,34,487,23,QOTc-HS4,arc labels,,0.6002730206006452,0.1111111111111111,0.47058823529411764
Right,contig,PTT,WRM,3,0.5,1,508,34,487,23,QOTc-HSsrc,arc labels,,0.6049267808389178,0.08996539792387544,0.7647058823529411
Right,contig,PTT,WRM,3,0.5,1,508,34,487,23,QOTc-PCA,arc labels,64.0,0.4584884586746091,0.046511627906976744,0.17647058823529413
Right,contig,PTT,WRM,3,0.5,1,508,34,487,23,SDM-HS4,arc labels,,0.5214072970960536,0.07547169811320754,0.35294117647058826
Right,contig,PTT,WRM,3,0.5,1,508,34,487,23,SDM-HSsrc,arc labels,,0.4912509307520477,0.06528189910979229,0.6470588235294118
Right,contig,PTT,WRM,3,0.5,1,508,34,487,23,SDM-PCA,arc labels,16.0,0.5114792752544055,0.0695970695970696,0.5588235294117647
Right,contig,PTT,WRM,4,0.05,0,508,32,51,0,NoAdapt,nothing,,0.6175157563025211,0.10759493670886076,0.53125
Right,contig,PTT,WRM,4,0.05,0,508,32,51,0,TargetOnly,arc labels,,,,
Right,contig,PTT,WRM,4,0.05,0,508,32,51,0,Source+Target,arc labels,,,,
Right,contig,PTT,WRM,4,0.05,0,508,32,51,0,COT,arc labels,,,,
Right,contig,PTT,WRM,4,0.05,0,508,32,51,0,none-HS4,arc labels,,,,
Right,contig,PTT,WRM,4,0.05,0,508,32,51,0,none-HSsrc,nothing,,0.6009716386554622,0.1056338028169014,0.46875
Right,contig,PTT,WRM,4,0.05,0,508,32,51,0,none-PCA,arc segments,4.0,0.5789128151260504,0.09202453987730061,0.46875
Right,contig,PTT,WRM,4,0.05,0,508,32,51,0,QOTu-HS4,arc labels,,,,
Right,contig,PTT,WRM,4,0.05,0,508,32,51,0,QOTu-HSsrc,arc segments,,0.5835084033613446,0.07671232876712329,0.875
Right,contig,PTT,WRM,4,0.05,0,508,32,51,0,QOTu-PCA,arc segments,8.0,0.4799107142857143,0.058823529411764705,0.53125
Right,contig,PTT,WRM,4,0.05,0,508,32,51,0,QOTc-HS4,arc labels,,,,
Right,contig,PTT,WRM,4,0.05,0,508,32,51,0,QOTc-HSsrc,arc labels,,,,
Right,contig,PTT,WRM,4,0.05,0,508,32,51,0,QOTc-PCA,arc labels,,,,
Right,contig,PTT,WRM,4,0.05,0,508,32,51,0,SDM-HS4,arc labels,,,,
Right,contig,PTT,WRM,4,0.05,0,508,32,51,0,SDM-HSsrc,arc labels,,,,
Right,contig,PTT,WRM,4,0.05,0,508,32,51,0,SDM-PCA,arc labels,,,,
Right,contig,PTT,WRM,4,0.1,0,508,32,102,0,NoAdapt,nothing,,0.6175157563025211,0.10759493670886076,0.53125
Right,contig,PTT,WRM,4,0.1,0,508,32,102,0,TargetOnly,arc labels,,,,
Right,contig,PTT,WRM,4,0.1,0,508,32,102,0,Source+Target,arc labels,,,,
Right,contig,PTT,WRM,4,0.1,0,508,32,102,0,COT,arc labels,,,,
Right,contig,PTT,WRM,4,0.1,0,508,32,102,0,none-HS4,arc labels,,,,
Right,contig,PTT,WRM,4,0.1,0,508,32,102,0,none-HSsrc,nothing,,0.6009716386554622,0.1056338028169014,0.46875
Right,contig,PTT,WRM,4,0.1,0,508,32,102,0,none-PCA,arc segments,4.0,0.5861344537815126,0.09302325581395349,0.5
Right,contig,PTT,WRM,4,0.1,0,508,32,102,0,QOTu-HS4,arc labels,,,,
Right,contig,PTT,WRM,4,0.1,0,508,32,102,0,QOTu-HSsrc,arc segments,,0.6235556722689075,0.08681672025723473,0.84375
Right,contig,PTT,WRM,4,0.1,0,508,32,102,0,QOTu-PCA,arc segments,4.0,0.4419642857142857,0.05278592375366569,0.5625
Right,contig,PTT,WRM,4,0.1,0,508,32,102,0,QOTc-HS4,arc labels,,,,
Right,contig,PTT,WRM,4,0.1,0,508,32,102,0,QOTc-HSsrc,arc labels,,,,
Right,contig,PTT,WRM,4,0.1,0,508,32,102,0,QOTc-PCA,arc labels,,,,
Right,contig,PTT,WRM,4,0.1,0,508,32,102,0,SDM-HS4,arc labels,,,,
Right,contig,PTT,WRM,4,0.1,0,508,32,102,0,SDM-HSsrc,arc labels,,,,
Right,contig,PTT,WRM,4,0.1,0,508,32,102,0,SDM-PCA,arc labels,,,,
Right,contig,PTT,WRM,4,0.2,0,508,32,203,0,NoAdapt,nothing,,0.6175157563025211,0.10759493670886076,0.53125
Right,contig,PTT,WRM,4,0.2,0,508,32,203,0,TargetOnly,arc labels,,,,
Right,contig,PTT,WRM,4,0.2,0,508,32,203,0,Source+Target,arc labels,,,,
Right,contig,PTT,WRM,4,0.2,0,508,32,203,0,COT,arc labels,,,,
Right,contig,PTT,WRM,4,0.2,0,508,32,203,0,none-HS4,arc labels,,,,
Right,contig,PTT,WRM,4,0.2,0,508,32,203,0,none-HSsrc,nothing,,0.6009716386554622,0.1056338028169014,0.46875
Right,contig,PTT,WRM,4,0.2,0,508,32,203,0,none-PCA,arc segments,4.0,0.5882352941176471,0.09411764705882353,0.5
Right,contig,PTT,WRM,4,0.2,0,508,32,203,0,QOTu-HS4,arc labels,,,,
Right,contig,PTT,WRM,4,0.2,0,508,32,203,0,QOTu-HSsrc,arc segments,,0.617515756302521,0.08771929824561403,0.78125
Right,contig,PTT,WRM,4,0.2,0,508,32,203,0,QOTu-PCA,arc segments,4.0,0.5389968487394958,0.0701219512195122,0.71875
Right,contig,PTT,WRM,4,0.2,0,508,32,203,0,QOTc-HS4,arc labels,,,,
Right,contig,PTT,WRM,4,0.2,0,508,32,203,0,QOTc-HSsrc,arc labels,,,,
Right,contig,PTT,WRM,4,0.2,0,508,32,203,0,QOTc-PCA,arc labels,,,,
Right,contig,PTT,WRM,4,0.2,0,508,32,203,0,SDM-HS4,arc labels,,,,
Right,contig,PTT,WRM,4,0.2,0,508,32,203,0,SDM-HSsrc,arc labels,,,,
Right,contig,PTT,WRM,4,0.2,0,508,32,203,0,SDM-PCA,arc labels,,,,
Right,contig,PTT,WRM,4,0.3,0,508,32,305,1,NoAdapt,nothing,,0.6175157563025211,0.10759493670886076,0.53125
Right,contig,PTT,WRM,4,0.3,0,508,32,305,1,TargetOnly,arc labels,,,,
Right,contig,PTT,WRM,4,0.3,0,508,32,305,1,Source+Target,arc labels,,,,
Right,contig,PTT,WRM,4,0.3,0,508,32,305,1,COT,arc labels,,,,
Right,contig,PTT,WRM,4,0.3,0,508,32,305,1,none-HS4,arc labels,,,,
Right,contig,PTT,WRM,4,0.3,0,508,32,305,1,none-HSsrc,nothing,,0.6009716386554622,0.1056338028169014,0.46875
Right,contig,PTT,WRM,4,0.3,0,508,32,305,1,none-PCA,arc segments,4.0,0.5892857142857143,0.09467455621301775,0.5
Right,contig,PTT,WRM,4,0.3,0,508,32,305,1,QOTu-HS4,arc labels,,,,
Right,contig,PTT,WRM,4,0.3,0,508,32,305,1,QOTu-HSsrc,arc segments,,0.6355042016806722,0.09523809523809523,0.75
Right,contig,PTT,WRM,4,0.3,0,508,32,305,1,QOTu-PCA,arc segments,4.0,0.5519957983193278,0.07462686567164178,0.625
Right,contig,PTT,WRM,4,0.3,0,508,32,305,1,QOTc-HS4,arc labels,,,,
Right,contig,PTT,WRM,4,0.3,0,508,32,305,1,QOTc-HSsrc,arc labels,,,,
Right,contig,PTT,WRM,4,0.3,0,508,32,305,1,QOTc-PCA,arc labels,,,,
Right,contig,PTT,WRM,4,0.3,0,508,32,305,1,SDM-HS4,arc labels,,,,
Right,contig,PTT,WRM,4,0.3,0,508,32,305,1,SDM-HSsrc,arc labels,,,,
Right,contig,PTT,WRM,4,0.3,0,508,32,305,1,SDM-PCA,arc labels,,,,
Right,contig,PTT,WRM,4,0.5,1,508,32,487,27,NoAdapt,nothing,,0.6175157563025211,0.10759493670886076,0.53125
Right,contig,PTT,WRM,4,0.5,1,508,32,487,27,TargetOnly,arc labels,,0.6013655462184874,0.09049773755656108,0.625
Right,contig,PTT,WRM,4,0.5,1,508,32,487,27,Source+Target,arc labels,,0.5724789915966386,0.08648648648648649,0.5
Right,contig,PTT,WRM,4,0.5,1,508,32,487,27,COT,arc labels,,0.4683560924369748,0.056666666666666664,0.53125
Right,contig,PTT,WRM,4,0.5,1,508,32,487,27,none-HS4,arc labels,,0.5526523109243697,0.0797872340425532,0.46875
Right,contig,PTT,WRM,4,0.5,1,508,32,487,27,none-HSsrc,nothing,,0.6009716386554622,0.1056338028169014,0.46875
Right,contig,PTT,WRM,4,0.5,1,508,32,487,27,none-PCA,arc segments,4.0,0.5903361344537815,0.09523809523809523,0.5
Right,contig,PTT,WRM,4,0.5,1,508,32,487,27,QOTu-HS4,arc labels,,0.5421481092436975,0.07575757575757576,0.46875
Right,contig,PTT,WRM,4,0.5,1,508,32,487,27,QOTu-HSsrc,arc segments,,0.5963760504201681,0.09278350515463918,0.5625
Right,contig,PTT,WRM,4,0.5,1,508,32,487,27,QOTu-PCA,arc segments,8.0,0.6091123949579832,0.10240963855421686,0.53125
Right,contig,PTT,WRM,4,0.5,1,508,32,487,27,QOTc-HS4,arc labels,,0.5635504201680672,0.07782101167315175,0.625
Right,contig,PTT,WRM,4,0.5,1,508,32,487,27,QOTc-HSsrc,arc labels,,0.5884978991596639,0.0830188679245283,0.6875
Right,contig,PTT,WRM,4,0.5,1,508,32,487,27,QOTc-PCA,arc labels,64.0,0.5078781512605042,0.06557377049180328,0.375
Right,contig,PTT,WRM,4,0.5,1,508,32,487,27,SDM-HS4,arc labels,,0.4566701680672269,0.05504587155963303,0.5625
Right,contig,PTT,WRM,4,0.5,1,508,32,487,27,SDM-HSsrc,arc labels,,0.452468487394958,0.054380664652567974,0.5625
Right,contig,PTT,WRM,4,0.5,1,508,32,487,27,SDM-PCA,arc labels,16.0,0.46415441176470584,0.05592105263157895,0.53125
Right,contig,PTT,WRM,5,0.05,0,508,32,51,0,NoAdapt,nothing,,0.6154149159663865,0.10625,0.53125
Right,contig,PTT,WRM,5,0.05,0,508,32,51,0,TargetOnly,arc labels,,,,
Right,contig,PTT,WRM,5,0.05,0,508,32,51,0,Source+Target,arc labels,,,,
Right,contig,PTT,WRM,5,0.05,0,508,32,51,0,COT,arc labels,,,,
Right,contig,PTT,WRM,5,0.05,0,508,32,51,0,none-HS4,arc labels,,,,
Right,contig,PTT,WRM,5,0.05,0,508,32,51,0,none-HSsrc,nothing,,0.6146271008403361,0.11627906976744186,0.46875
Right,contig,PTT,WRM,5,0.05,0,508,32,51,0,none-PCA,arc segments,64.0,0.49094012605042014,0.056818181818181816,0.15625
Right,contig,PTT,WRM,5,0.05,0,508,32,51,0,QOTu-HS4,arc labels,,,,
Right,contig,PTT,WRM,5,0.05,0,508,32,51,0,QOTu-HSsrc,arc segments,,0.6465336134453782,0.09180327868852459,0.875
Right,contig,PTT,WRM,5,0.05,0,508,32,51,0,QOTu-PCA,arc segments,8.0,0.578781512605042,0.0784313725490196,0.75
Right,contig,PTT,WRM,5,0.05,0,508,32,51,0,QOTc-HS4,arc labels,,,,
Right,contig,PTT,WRM,5,0.05,0,508,32,51,0,QOTc-HSsrc,arc labels,,,,
Right,contig,PTT,WRM,5,0.05,0,508,32,51,0,QOTc-PCA,arc labels,,,,
Right,contig,PTT,WRM,5,0.05,0,508,32,51,0,SDM-HS4,arc labels,,,,
Right,contig,PTT,WRM,5,0.05,0,508,32,51,0,SDM-HSsrc,arc labels,,,,
Right,contig,PTT,WRM,5,0.05,0,508,32,51,0,SDM-PCA,arc labels,,,,
Right,contig,PTT,WRM,5,0.1,0,508,32,102,0,NoAdapt,nothing,,0.6154149159663865,0.10625,0.53125
Right,contig,PTT,WRM,5,0.1,0,508,32,102,0,TargetOnly,arc labels,,,,
Right,contig,PTT,WRM,5,0.1,0,508,32,102,0,Source+Target,arc labels,,,,
Right,contig,PTT,WRM,5,0.1,0,508,32,102,0,COT,arc labels,,,,
Right,contig,PTT,WRM,5,0.1,0,508,32,102,0,none-HS4,arc labels,,,,
Right,contig,PTT,WRM,5,0.1,0,508,32,102,0,none-HSsrc,nothing,,0.6146271008403361,0.11627906976744186,0.46875
Right,contig,PTT,WRM,5,0.1,0,508,32,102,0,none-PCA,arc segments,64.0,0.49094012605042014,0.056818181818181816,0.15625
Right,contig,PTT,WRM,5,0.1,0,508,32,102,0,QOTu-HS4,arc labels,,,,
Right,contig,PTT,WRM,5,0.1,0,508,32,102,0,QOTu-HSsrc,arc segments,,0.6478466386554622,0.09558823529411764,0.8125
Right,contig,PTT,WRM,5,0.1,0,508,32,102,0,QOTu-PCA,arc segments,64.0,0.5659138655462185,0.08071748878923767,0.5625
Right,contig,PTT,WRM,5,0.1,0,508,32,102,0,QOTc-HS4,arc labels,,,,
Right,contig,PTT,WRM,5,0.1,0,508,32,102,0,QOTc-HSsrc,arc labels,,,,
Right,contig,PTT,WRM,5,0.1,0,508,32,102,0,QOTc-PCA,arc labels,,,,
Right,contig,PTT,WRM,5,0.1,0,508,32,102,0,SDM-HS4,arc labels,,,,
Right,contig,PTT,WRM,5,0.1,0,508,32,102,0,SDM-HSsrc,arc labels,,,,
Right,contig,PTT,WRM,5,0.1,0,508,32,102,0,SDM-PCA,arc labels,,,,
Right,contig,PTT,WRM,5,0.2,0,508,32,203,1,NoAdapt,nothing,,0.6154149159663865,0.10625,0.53125
Right,contig,PTT,WRM,5,0.2,0,508,32,203,1,TargetOnly,arc labels,,,,
Right,contig,PTT,WRM,5,0.2,0,508,32,203,1,Source+Target,arc labels,,,,
Right,contig,PTT,WRM,5,0.2,0,508,32,203,1,COT,arc labels,,,,
Right,contig,PTT,WRM,5,0.2,0,508,32,203,1,none-HS4,arc labels,,,,
Right,contig,PTT,WRM,5,0.2,0,508,32,203,1,none-HSsrc,nothing,,0.6146271008403361,0.11627906976744186,0.46875
Right,contig,PTT,WRM,5,0.2,0,508,32,203,1,none-PCA,arc segments,64.0,0.49094012605042014,0.056818181818181816,0.15625
Right,contig,PTT,WRM,5,0.2,0,508,32,203,1,QOTu-HS4,arc labels,,,,
Right,contig,PTT,WRM,5,0.2,0,508,32,203,1,QOTu-HSsrc,arc segments,,0.6482405462184874,0.10267857142857142,0.71875
Right,contig,PTT,WRM,5,0.2,0,508,32,203,1,QOTu-PCA,arc segments,64.0,0.5871848739495799,0.0935672514619883,0.5
Right,contig,PTT,WRM,5,0.2,0,508,32,203,1,QOTc-HS4,arc labels,,,,
Right,contig,PTT,WRM,5,0.2,0,508,32,203,1,QOTc-HSsrc,arc labels,,,,
Right,contig,PTT,WRM,5,0.2,0,508,32,203,1,QOTc-PCA,arc labels,,,,
Right,contig,PTT,WRM,5,0.2,0,508,32,203,1,SDM-HS4,arc labels,,,,
Right,contig,PTT,WRM,5,0.2,0,508,32,203,1,SDM-HSsrc,arc labels,,,,
Right,contig,PTT,WRM,5,0.2,0,508,32,203,1,SDM-PCA,arc labels,,,,
Right,contig,PTT,WRM,5,0.3,1,508,32,305,8,NoAdapt,nothing,,0.6154149159663865,0.10625,0.53125
Right,contig,PTT,WRM,5,0.3,1,508,32,305,8,TargetOnly,arc labels,,0.4736081932773109,0.05357142857142857,0.28125
Right,contig,PTT,WRM,5,0.3,1,508,32,305,8,Source+Target,arc labels,,0.5845588235294117,0.10909090909090909,0.375
Right,contig,PTT,WRM,5,0.3,1,508,32,305,8,COT,arc labels,,0.47137605042016806,0.03389830508474576,0.0625
Right,contig,PTT,WRM,5,0.3,1,508,32,305,8,none-HS4,arc labels,,0.5902048319327731,0.09239130434782608,0.53125
Right,contig,PTT,WRM,5,0.3,1,508,32,305,8,none-HSsrc,nothing,,0.6146271008403361,0.11627906976744186,0.46875
Right,contig,PTT,WRM,5,0.3,1,508,32,305,8,none-PCA,arc segments,64.0,0.49094012605042014,0.056818181818181816,0.15625
Right,contig,PTT,WRM,5,0.3,1,508,32,305,8,QOTu-HS4,arc labels,,0.5681460084033614,0.08292682926829269,0.53125
Right,contig,PTT,WRM,5,0.3,1,508,32,305,8,QOTu-HSsrc,arc segments,,0.6483718487394958,0.10576923076923077,0.6875
Right,contig,PTT,WRM,5,0.3,1,508,32,305,8,QOTu-PCA,arc segments,64.0,0.6134453781512605,0.1095890410958904,0.5
Right,contig,PTT,WRM,5,0.3,1,508,32,305,8,QOTc-HS4,arc labels,,0.46060924369747897,0.039603960396039604,0.125
Right,contig,PTT,WRM,5,0.3,1,508,32,305,8,QOTc-HSsrc,arc labels,,0.6437762605042017,0.09615384615384616,0.78125
Right,contig,PTT,WRM,5,0.3,1,508,32,305,8,QOTc-PCA,arc labels,64.0,0.5056460084033614,0.06756756756756757,0.15625
Right,contig,PTT,WRM,5,0.3,1,508,32,305,8,SDM-HS4,arc labels,,0.4477415966386555,0.041379310344827586,0.1875
Right,contig,PTT,WRM,5,0.3,1,508,32,305,8,SDM-HSsrc,arc labels,,0.5923056722689075,0.08090614886731391,0.78125
Right,contig,PTT,WRM,5,0.3,1,508,32,305,8,SDM-PCA,arc labels,32.0,0.4804359243697479,0.05102040816326531,0.15625
Right,contig,PTT,WRM,5,0.5,1,508,32,487,27,NoAdapt,nothing,,0.6154149159663865,0.10625,0.53125
Right,contig,PTT,WRM,5,0.5,1,508,32,487,27,TargetOnly,arc labels,,0.6902573529411764,0.125,0.71875
Right,contig,PTT,WRM,5,0.5,1,508,32,487,27,Source+Target,arc labels,,0.5798319327731092,0.0898876404494382,0.5
Right,contig,PTT,WRM,5,0.5,1,508,32,487,27,COT,arc labels,,0.6175157563025211,0.10759493670886076,0.53125
Right,contig,PTT,WRM,5,0.5,1,508,32,487,27,none-HS4,arc labels,,0.5736607142857143,0.08928571428571429,0.46875
Right,contig,PTT,WRM,5,0.5,1,508,32,487,27,none-HSsrc,nothing,,0.6146271008403361,0.11627906976744186,0.46875
Right,contig,PTT,WRM,5,0.5,1,508,32,487,27,none-PCA,arc segments,64.0,0.49094012605042014,0.056818181818181816,0.15625
Right,contig,PTT,WRM,5,0.5,1,508,32,487,27,QOTu-HS4,arc labels,,0.5580357142857143,0.08383233532934131,0.4375
Right,contig,PTT,WRM,5,0.5,1,508,32,487,27,QOTu-HSsrc,arc segments,,0.6163340336134453,0.10285714285714286,0.5625
Right,contig,PTT,WRM,5,0.5,1,508,32,487,27,QOTu-PCA,arc segments,64.0,0.5945378151260504,0.0975609756097561,0.5
Right,contig,PTT,WRM,5,0.5,1,508,32,487,27,QOTc-HS4,arc labels,,0.6825105042016807,0.1087866108786611,0.8125
Right,contig,PTT,WRM,5,0.5,1,508,32,487,27,QOTc-HSsrc,arc labels,,0.6200105042016807,0.09361702127659574,0.6875
Right,contig,PTT,WRM,5,0.5,1,508,32,487,27,QOTc-PCA,arc labels,64.0,0.6020220588235294,0.10638297872340426,0.46875
Right,contig,PTT,WRM,5,0.5,1,508,32,487,27,SDM-HS4,arc labels,,0.5165441176470589,0.06666666666666667,0.5625
Right,contig,PTT,WRM,5,0.5,1,508,32,487,27,SDM-HSsrc,arc labels,,0.4839810924369748,0.059800664451827246,0.5625
Right,contig,PTT,WRM,5,0.5,1,508,32,487,27,SDM-PCA,arc labels,16.0,0.5147058823529411,0.06666666666666667,0.5
Right,contig,PTT,WRM,6,0.05,0,508,27,51,1,NoAdapt,nothing,,0.663047663047663,0.10429447852760736,0.6296296296296297
Right,contig,PTT,WRM,6,0.05,0,508,27,51,1,TargetOnly,arc labels,,,,
Right,contig,PTT,WRM,6,0.05,0,508,27,51,1,Source+Target,arc labels,,,,
Right,contig,PTT,WRM,6,0.05,0,508,27,51,1,COT,arc labels,,,,
Right,contig,PTT,WRM,6,0.05,0,508,27,51,1,none-HS4,arc labels,,,,
Right,contig,PTT,WRM,6,0.05,0,508,27,51,1,none-HSsrc,nothing,,0.644067144067144,0.12264150943396226,0.48148148148148145
Right,contig,PTT,WRM,6,0.05,0,508,27,51,1,none-PCA,arc segments,4.0,0.5966350966350966,0.09649122807017543,0.4074074074074074
Right,contig,PTT,WRM,6,0.05,0,508,27,51,1,QOTu-HS4,arc labels,,,,
Right,contig,PTT,WRM,6,0.05,0,508,27,51,1,QOTu-HSsrc,arc segments,,0.6084546084546084,0.13846153846153847,0.3333333333333333
Right,contig,PTT,WRM,6,0.05,0,508,27,51,1,QOTu-PCA,arc segments,16.0,0.5976745976745976,0.09734513274336283,0.4074074074074074
Right,contig,PTT,WRM,6,0.05,0,508,27,51,1,QOTc-HS4,arc labels,,,,
Right,contig,PTT,WRM,6,0.05,0,508,27,51,1,QOTc-HSsrc,arc labels,,,,
Right,contig,PTT,WRM,6,0.05,0,508,27,51,1,QOTc-PCA,arc labels,,,,
Right,contig,PTT,WRM,6,0.05,0,508,27,51,1,SDM-HS4,arc labels,,,,
Right,contig,PTT,WRM,6,0.05,0,508,27,51,1,SDM-HSsrc,arc labels,,,,
Right,contig,PTT,WRM,6,0.05,0,508,27,51,1,SDM-PCA,arc labels,,,,
Right,contig,PTT,WRM,6,0.1,0,508,27,102,1,NoAdapt,nothing,,0.663047663047663,0.10429447852760736,0.6296296296296297
Right,contig,PTT,WRM,6,0.1,0,508,27,102,1,TargetOnly,arc labels,,,,
Right,contig,PTT,WRM,6,0.1,0,508,27,102,1,Source+Target,arc labels,,,,
Right,contig,PTT,WRM,6,0.1,0,508,27,102,1,COT,arc labels,,,,
Right,contig,PTT,WRM,6,0.1,0,508,27,102,1,none-HS4,arc labels,,,,
Right,contig,PTT,WRM,6,0.1,0,508,27,102,1,none-HSsrc,nothing,,0.644067144067144,0.12264150943396226,0.48148148148148145
Right,contig,PTT,WRM,6,0.1,0,508,27,102,1,none-PCA,arc segments,4.0,0.5987140987140988,0.09821428571428571,0.4074074074074074
Right,contig,PTT,WRM,6,0.1,0,508,27,102,1,QOTu-HS4,arc labels,,,,
Right,contig,PTT,WRM,6,0.1,0,508,27,102,1,QOTu-HSsrc,arc segments,,0.6494571494571495,0.14634146341463414,0.4444444444444444
Right,contig,PTT,WRM,6,0.1,0,508,27,102,1,QOTu-PCA,arc segments,16.0,0.5791560791560791,0.08928571428571429,0.37037037037037035
Right,contig,PTT,WRM,6,0.1,0,508,27,102,1,QOTc-HS4,arc labels,,,,
Right,contig,PTT,WRM,6,0.1,0,508,27,102,1,QOTc-HSsrc,arc labels,,,,
Right,contig,PTT,WRM,6,0.1,0,508,27,102,1,QOTc-PCA,arc labels,,,,
Right,contig,PTT,WRM,6,0.1,0,508,27,102,1,SDM-HS4,arc labels,,,,
Right,contig,PTT,WRM,6,0.1,0,508,27,102,1,SDM-HSsrc,arc labels,,,,
Right,contig,PTT,WRM,6,0.1,0,508,27,102,1,SDM-PCA,arc labels,,,,
Right,contig,PTT,WRM,6,0.2,1,508,27,203,7,NoAdapt,nothing,,0.663047663047663,0.10429447852760736,0.6296296296296297
Right,contig,PTT,WRM,6,0.2,1,508,27,203,7,TargetOnly,arc labels,,0.5620620620620621,0.09722222222222222,0.25925925925925924
Right,contig,PTT,WRM,6,0.2,1,508,27,203,7,Source+Target,arc labels,,0.6469931469931469,0.11475409836065574,0.5185185185185185
Right,contig,PTT,WRM,6,0.2,1,508,27,203,7,COT,arc labels,,0.5202125202125202,0.08108108108108109,0.1111111111111111
Right,contig,PTT,WRM,6,0.2,1,508,27,203,7,none-HS4,arc labels,,0.587934087934088,0.08125,0.48148148148148145
Right,contig,PTT,WRM,6,0.2,1,508,27,203,7,none-HSsrc,nothing,,0.644067144067144,0.12264150943396226,0.48148148148148145
Right,contig,PTT,WRM,6,0.2,1,508,27,203,7,none-PCA,arc segments,4.0,0.5987140987140988,0.09821428571428571,0.4074074074074074
Right,contig,PTT,WRM,6,0.2,1,508,27,203,7,QOTu-HS4,arc labels,,0.5504350504350504,0.0784313725490196,0.2962962962962963
Right,contig,PTT,WRM,6,0.2,1,508,27,203,7,QOTu-HSsrc,arc segments,,0.6180796180796181,0.09923664122137404,0.48148148148148145
Right,contig,PTT,WRM,6,0.2,1,508,27,203,7,QOTu-PCA,arc segments,64.0,0.6091091091091091,0.10784313725490197,0.4074074074074074
Right,contig,PTT,WRM,6,0.2,1,508,27,203,7,QOTc-HS4,arc labels,,0.49357049357049354,0.04,0.037037037037037035
Right,contig,PTT,WRM,6,0.2,1,508,27,203,7,QOTc-HSsrc,arc labels,,0.62997612997613,0.09090909090909091,0.5925925925925926
Right,contig,PTT,WRM,6,0.2,1,508,27,203,7,QOTc-PCA,arc labels,64.0,0.502926002926003,0.0625,0.037037037037037035
Right,contig,PTT,WRM,6,0.2,1,508,27,203,7,SDM-HS4,arc labels,,0.45803495803495803,0.02564102564102564,0.07407407407407407
Right,contig,PTT,WRM,6,0.2,1,508,27,203,7,SDM-HSsrc,arc labels,,0.48086548086548087,0.049429657794676805,0.48148148148148145
Right,contig,PTT,WRM,6,0.2,1,508,27,203,7,SDM-PCA,arc labels,32.0,0.4725879725879726,0.03125,0.07407407407407407
Right,contig,PTT,WRM,6,0.3,1,508,27,305,7,NoAdapt,nothing,,0.663047663047663,0.10429447852760736,0.6296296296296297
Right,contig,PTT,WRM,6,0.3,1,508,27,305,7,TargetOnly,arc labels,,0.5620620620620621,0.09722222222222222,0.25925925925925924
Right,contig,PTT,WRM,6,0.3,1,508,27,305,7,Source+Target,arc labels,,0.6328251328251329,0.12244897959183673,0.4444444444444444
Right,contig,PTT,WRM,6,0.3,1,508,27,305,7,COT,arc labels,,0.5191730191730192,0.07894736842105263,0.1111111111111111
Right,contig,PTT,WRM,6,0.3,1,508,27,305,7,none-HS4,arc labels,,0.5694155694155694,0.07547169811320754,0.4444444444444444
Right,contig,PTT,WRM,6,0.3,1,508,27,305,7,none-HSsrc,nothing,,0.644067144067144,0.12264150943396226,0.48148148148148145
Right,contig,PTT,WRM,6,0.3,1,508,27,305,7,none-PCA,arc segments,4.0,0.6089166089166089,0.09917355371900827,0.4444444444444444
Right,contig,PTT,WRM,6,0.3,1,508,27,305,7,QOTu-HS4,arc labels,,0.5652575652575653,0.0736196319018405,0.4444444444444444
Right,contig,PTT,WRM,6,0.3,1,508,27,305,7,QOTu-HSsrc,arc segments,,0.6189266189266189,0.09395973154362416,0.5185185185185185
Right,contig,PTT,WRM,6,0.3,1,508,27,305,7,QOTu-PCA,arc segments,64.0,0.6386771386771386,0.1076923076923077,0.5185185185185185
Right,contig,PTT,WRM,6,0.3,1,508,27,305,7,QOTc-HS4,arc labels,,0.4977284977284977,0.047619047619047616,0.037037037037037035
Right,contig,PTT,WRM,6,0.3,1,508,27,305,7,QOTc-HSsrc,arc labels,,0.6195811195811196,0.08602150537634409,0.5925925925925926
Right,contig,PTT,WRM,6,0.3,1,508,27,305,7,QOTc-PCA,arc labels,64.0,0.4966889966889967,0.045454545454545456,0.037037037037037035
Right,contig,PTT,WRM,6,0.3,1,508,27,305,7,SDM-HS4,arc labels,,0.4432894432894433,0.02702702702702703,0.1111111111111111
Right,contig,PTT,WRM,6,0.3,1,508,27,305,7,SDM-HSsrc,arc labels,,0.5334950334950335,0.06,0.5555555555555556
Right,contig,PTT,WRM,6,0.3,1,508,27,305,7,SDM-PCA,arc labels,32.0,0.5033880033880034,0.05555555555555555,0.14814814814814814
Right,contig,PTT,WRM,6,0.5,1,508,27,487,32,NoAdapt,nothing,,0.663047663047663,0.10429447852760736,0.6296296296296297
Right,contig,PTT,WRM,6,0.5,1,508,27,487,32,TargetOnly,arc labels,,0.7061292061292062,0.11235955056179775,0.7407407407407407
Right,contig,PTT,WRM,6,0.5,1,508,27,487,32,Source+Target,arc labels,,0.6214676214676215,0.08374384236453201,0.6296296296296297
Right,contig,PTT,WRM,6,0.5,1,508,27,487,32,COT,arc labels,,0.5923615923615924,0.0735930735930736,0.6296296296296297
Right,contig,PTT,WRM,6,0.5,1,508,27,487,32,none-HS4,arc labels,,0.581042581042581,0.08527131782945736,0.4074074074074074
Right,contig,PTT,WRM,6,0.5,1,508,27,487,32,none-HSsrc,nothing,,0.644067144067144,0.12264150943396226,0.48148148148148145
Right,contig,PTT,WRM,6,0.5,1,508,27,487,32,none-PCA,arc segments,4.0,0.6089166089166089,0.09917355371900827,0.4444444444444444
Right,contig,PTT,WRM,6,0.5,1,508,27,487,32,QOTu-HS4,arc labels,,0.547971047971048,0.07042253521126761,0.37037037037037035
Right,contig,PTT,WRM,6,0.5,1,508,27,487,32,QOTu-HSsrc,arc segments,,0.6334796334796335,0.1037037037037037,0.5185185185185185
Right,contig,PTT,WRM,6,0.5,1,508,27,487,32,QOTu-PCA,arc segments,4.0,0.5625240625240625,0.078125,0.37037037037037035
Right,contig,PTT,WRM,6,0.5,1,508,27,487,32,QOTc-HS4,arc labels,,0.6839146839146839,0.09282700421940929,0.8148148148148148
Right,contig,PTT,WRM,6,0.5,1,508,27,487,32,QOTc-HSsrc,arc labels,,0.6121121121121121,0.08018867924528301,0.6296296296296297
Right,contig,PTT,WRM,6,0.5,1,508,27,487,32,QOTc-PCA,arc labels,64.0,0.5535535535535536,0.08080808080808081,0.2962962962962963
Right,contig,PTT,WRM,6,0.5,1,508,27,487,32,SDM-HS4,arc labels,,0.4446754446754447,0.043010752688172046,0.4444444444444444
Right,contig,PTT,WRM,6,0.5,1,508,27,487,32,SDM-HSsrc,arc labels,,0.44883344883344883,0.04363636363636364,0.4444444444444444
Right,contig,PTT,WRM,6,0.5,1,508,27,487,32,SDM-PCA,arc labels,16.0,0.48332948332948333,0.04932735426008968,0.4074074074074074
Right,contig,PTT,WRM,7,0.05,1,508,27,51,4,NoAdapt,nothing,,0.6391391391391392,0.0913978494623656,0.6296296296296297
Right,contig,PTT,WRM,7,0.05,1,508,27,51,4,TargetOnly,arc labels,,0.43543543543543545,0.03428571428571429,0.2222222222222222
Right,contig,PTT,WRM,7,0.05,1,508,27,51,4,Source+Target,arc labels,,0.6391391391391392,0.0913978494623656,0.6296296296296297
Right,contig,PTT,WRM,7,0.05,1,508,27,51,4,COT,arc labels,,0.5209440209440209,0.05952380952380952,0.37037037037037035
Right,contig,PTT,WRM,7,0.05,1,508,27,51,4,none-HS4,arc labels,,0.6026796026796026,0.09448818897637795,0.4444444444444444
Right,contig,PTT,WRM,7,0.05,1,508,27,51,4,none-HSsrc,nothing,,0.6284746284746284,0.10743801652892562,0.48148148148148145
Right,contig,PTT,WRM,7,0.05,1,508,27,51,4,none-PCA,arc segments,8.0,0.631015631015631,0.09142857142857143,0.5925925925925926
Right,contig,PTT,WRM,7,0.05,1,508,27,51,4,QOTu-HS4,arc labels,,0.5425040425040425,0.08333333333333333,0.2222222222222222
Right,contig,PTT,WRM,7,0.05,1,508,27,51,4,QOTu-HSsrc,arc segments,,0.5587510587510587,0.0851063829787234,0.2962962962962963
Right,contig,PTT,WRM,7,0.05,1,508,27,51,4,QOTu-PCA,arc segments,32.0,0.47551397551397556,0.0375,0.1111111111111111
Right,contig,PTT,WRM,7,0.05,1,508,27,51,4,QOTc-HS4,arc labels,,0.48544698544698545,0.0,0.0
Right,contig,PTT,WRM,7,0.05,1,508,27,51,4,QOTc-HSsrc,arc labels,,0.6163856163856164,0.11578947368421053,0.4074074074074074
Right,contig,PTT,WRM,7,0.05,1,508,27,51,4,QOTc-PCA,arc labels,64.0,0.4698544698544699,0.0,0.0
Right,contig,PTT,WRM,7,0.05,1,508,27,51,4,SDM-HS4,arc labels,,0.5,0.0,0.0
Right,contig,PTT,WRM,7,0.05,1,508,27,51,4,SDM-HSsrc,arc labels,,0.5723415723415723,0.07428571428571429,0.48148148148148145
Right,contig,PTT,WRM,7,0.05,1,508,27,51,4,SDM-PCA,arc labels,64.0,0.5127050127050128,0.05555555555555555,0.5555555555555556
Right,contig,PTT,WRM,7,0.1,1,508,27,102,7,NoAdapt,nothing,,0.6391391391391392,0.0913978494623656,0.6296296296296297
Right,contig,PTT,WRM,7,0.1,1,508,27,102,7,TargetOnly,arc labels,,0.5487410487410487,0.09090909090909091,0.2222222222222222
Right,contig,PTT,WRM,7,0.1,1,508,27,102,7,Source+Target,arc labels,,0.6422576422576423,0.09289617486338798,0.6296296296296297
Right,contig,PTT,WRM,7,0.1,1,508,27,102,7,COT,arc labels,,0.4769384769384769,0.024390243902439025,0.037037037037037035
Right,contig,PTT,WRM,7,0.1,1,508,27,102,7,none-HS4,arc labels,,0.581042581042581,0.08527131782945736,0.4074074074074074
Right,contig,PTT,WRM,7,0.1,1,508,27,102,7,none-HSsrc,nothing,,0.6284746284746284,0.10743801652892562,0.48148148148148145
Right,contig,PTT,WRM,7,0.1,1,508,27,102,7,none-PCA,arc segments,8.0,0.631015631015631,0.09142857142857143,0.5925925925925926
Right,contig,PTT,WRM,7,0.1,1,508,27,102,7,QOTu-HS4,arc labels,,0.532109032109032,0.07317073170731707,0.2222222222222222
Right,contig,PTT,WRM,7,0.1,1,508,27,102,7,QOTu-HSsrc,arc segments,,0.5905905905905906,0.09900990099009901,0.37037037037037035
Right,contig,PTT,WRM,7,0.1,1,508,27,102,7,QOTu-PCA,arc segments,32.0,0.48448448448448445,0.045871559633027525,0.18518518518518517
Right,contig,PTT,WRM,7,0.1,1,508,27,102,7,QOTc-HS4,arc labels,,0.49584199584199584,0.0,0.0
Right,contig,PTT,WRM,7,0.1,1,508,27,102,7,QOTc-HSsrc,arc labels,,0.6274351274351274,0.10655737704918032,0.48148148148148145
Right,contig,PTT,WRM,7,0.1,1,508,27,102,7,QOTc-PCA,arc labels,32.0,0.49480249480249483,0.0,0.0
Right,contig,PTT,WRM,7,0.1,1,508,27,102,7,SDM-HS4,arc labels,,0.5,0.0,0.0
Right,contig,PTT,WRM,7,0.1,1,508,27,102,7,SDM-HSsrc,arc labels,,0.6355586355586356,0.10526315789473684,0.5185185185185185
Right,contig,PTT,WRM,7,0.1,1,508,27,102,7,SDM-PCA,arc labels,32.0,0.47381997381997387,0.022727272727272728,0.037037037037037035
Right,contig,PTT,WRM,7,0.2,1,508,27,203,7,NoAdapt,nothing,,0.6391391391391392,0.0913978494623656,0.6296296296296297
Right,contig,PTT,WRM,7,0.2,1,508,27,203,7,TargetOnly,arc labels,,0.5876645876645876,0.10588235294117647,0.3333333333333333
Right,contig,PTT,WRM,7,0.2,1,508,27,203,7,Source+Target,arc labels,,0.6412181412181412,0.09239130434782608,0.6296296296296297
Right,contig,PTT,WRM,7,0.2,1,508,27,203,7,COT,arc labels,,0.5297605297605298,0.2222222222222222,0.07407407407407407
Right,contig,PTT,WRM,7,0.2,1,508,27,203,7,none-HS4,arc labels,,0.5777315777315777,0.07947019867549669,0.4444444444444444
Right,contig,PTT,WRM,7,0.2,1,508,27,203,7,none-HSsrc,nothing,,0.6284746284746284,0.10743801652892562,0.48148148148148145
Right,contig,PTT,WRM,7,0.2,1,508,27,203,7,none-PCA,arc segments,4.0,0.5903980903980904,0.09166666666666666,0.4074074074074074
Right,contig,PTT,WRM,7,0.2,1,508,27,203,7,QOTu-HS4,arc labels,,0.6012551012551013,0.08433734939759036,0.5185185185185185
Right,contig,PTT,WRM,7,0.2,1,508,27,203,7,QOTu-HSsrc,arc segments,,0.6187341187341188,0.08928571428571429,0.5555555555555556
Right,contig,PTT,WRM,7,0.2,1,508,27,203,7,QOTu-PCA,arc segments,64.0,0.5957880957880958,0.10416666666666667,0.37037037037037035
Right,contig,PTT,WRM,7,0.2,1,508,27,203,7,QOTc-HS4,arc labels,,0.48440748440748443,0.0,0.0
Right,contig,PTT,WRM,7,0.2,1,508,27,203,7,QOTc-HSsrc,arc labels,,0.6343266343266343,0.09803921568627451,0.5555555555555556
Right,contig,PTT,WRM,7,0.2,1,508,27,203,7,QOTc-PCA,arc labels,32.0,0.49480249480249483,0.0,0.0
Right,contig,PTT,WRM,7,0.2,1,508,27,203,7,SDM-HS4,arc labels,,0.4812889812889813,0.0,0.0
Right,contig,PTT,WRM,7,0.2,1,508,27,203,7,SDM-HSsrc,arc labels,,0.6324401324401324,0.10294117647058823,0.5185185185185185
Right,contig,PTT,WRM,7,0.2,1,508,27,203,7,SDM-PCA,arc labels,16.0,0.4603064603064603,0.017543859649122806,0.037037037037037035
Right,contig,PTT,WRM,7,0.3,1,508,27,305,11,NoAdapt,nothing,,0.6391391391391392,0.0913978494623656,0.6296296296296297
Right,contig,PTT,WRM,7,0.3,1,508,27,305,11,TargetOnly,arc labels,,0.5853930853930853,0.09433962264150944,0.37037037037037035
Right,contig,PTT,WRM,7,0.3,1,508,27,305,11,Source+Target,arc labels,,0.6247786247786248,0.08839779005524862,0.5925925925925926
Right,contig,PTT,WRM,7,0.3,1,508,27,305,11,COT,arc labels,,0.5506275506275506,0.08433734939759036,0.25925925925925924
Right,contig,PTT,WRM,7,0.3,1,508,27,305,11,none-HS4,arc labels,,0.5746130746130746,0.07792207792207792,0.4444444444444444
Right,contig,PTT,WRM,7,0.3,1,508,27,305,11,none-HSsrc,nothing,,0.6284746284746284,0.10743801652892562,0.48148148148148145
Right,contig,PTT,WRM,7,0.3,1,508,27,305,11,none-PCA,arc segments,4.0,0.5914375914375914,0.09243697478991597,0.4074074074074074
Right,contig,PTT,WRM,7,0.3,1,508,27,305,11,QOTu-HS4,arc labels,,0.562986062986063,0.07065217391304347,0.48148148148148145
Right,contig,PTT,WRM,7,0.3,1,508,27,305,11,QOTu-HSsrc,arc segments,,0.6524601524601524,0.09375,0.6666666666666666
Right,contig,PTT,WRM,7,0.3,1,508,27,305,11,QOTu-PCA,arc segments,64.0,0.5783090783090783,0.09574468085106383,0.3333333333333333
Right,contig,PTT,WRM,7,0.3,1,508,27,305,11,QOTc-HS4,arc labels,,0.47713097713097713,0.0,0.0
Right,contig,PTT,WRM,7,0.3,1,508,27,305,11,QOTc-HSsrc,arc labels,,0.6131516131516132,0.08056872037914692,0.6296296296296297
Right,contig,PTT,WRM,7,0.3,1,508,27,305,11,QOTc-PCA,arc labels,32.0,0.5008470008470008,0.05555555555555555,0.037037037037037035
Right,contig,PTT,WRM,7,0.3,1,508,27,305,11,SDM-HS4,arc labels,,0.48733348733348736,0.03225806451612903,0.037037037037037035
Right,contig,PTT,WRM,7,0.3,1,508,27,305,11,SDM-HSsrc,arc labels,,0.6175021175021175,0.0851063829787234,0.5925925925925926
Right,contig,PTT,WRM,7,0.3,1,508,27,305,11,SDM-PCA,arc labels,32.0,0.45726495726495725,0.03896103896103896,0.2222222222222222
Right,contig,PTT,WRM,7,0.5,1,508,27,498,32,NoAdapt,nothing,,0.6391391391391392,0.0913978494623656,0.6296296296296297
Right,contig,PTT,WRM,7,0.5,1,508,27,498,32,TargetOnly,arc labels,,0.6653961653961654,0.08898305084745763,0.7777777777777778
Right,contig,PTT,WRM,7,0.5,1,508,27,498,32,Source+Target,arc labels,,0.6173096173096173,0.0821256038647343,0.6296296296296297
Right,contig,PTT,WRM,7,0.5,1,508,27,498,32,COT,arc labels,,0.607107107107107,0.08080808080808081,0.5925925925925926
Right,contig,PTT,WRM,7,0.5,1,508,27,498,32,none-HS4,arc labels,,0.581042581042581,0.08527131782945736,0.4074074074074074
Right,contig,PTT,WRM,7,0.5,1,508,27,498,32,none-HSsrc,nothing,,0.6284746284746284,0.10743801652892562,0.48148148148148145
Right,contig,PTT,WRM,7,0.5,1,508,27,498,32,none-PCA,arc segments,4.0,0.5995610995610996,0.09230769230769231,0.4444444444444444
Right,contig,PTT,WRM,7,0.5,1,508,27,498,32,QOTu-HS4,arc labels,,0.5581735581735582,0.0728476821192053,0.4074074074074074
Right,contig,PTT,WRM,7,0.5,1,508,27,498,32,QOTu-HSsrc,arc segments,,0.6166551166551166,0.08823529411764706,0.5555555555555556
Right,contig,PTT,WRM,7,0.5,1,508,27,498,32,QOTu-PCA,arc segments,64.0,0.5475090475090475,0.08139534883720931,0.25925925925925924
Right,contig,PTT,WRM,7,0.5,1,508,27,498,32,QOTc-HS4,arc labels,,0.656040656040656,0.08571428571428572,0.7777777777777778
Right,contig,PTT,WRM,7,0.5,1,508,27,498,32,QOTc-HSsrc,arc labels,,0.6027566027566027,0.07692307692307693,0.6296296296296297
Right,contig,PTT,WRM,7,0.5,1,508,27,498,32,QOTc-PCA,arc labels,64.0,0.566027566027566,0.09195402298850575,0.2962962962962963
Right,contig,PTT,WRM,7,0.5,1,508,27,498,32,SDM-HS4,arc labels,,0.5634480634480634,0.06666666666666667,0.5925925925925926
Right,contig,PTT,WRM,7,0.5,1,508,27,498,32,SDM-HSsrc,arc labels,,0.4995764995764995,0.053061224489795916,0.48148148148148145
Right,contig,PTT,WRM,7,0.5,1,508,27,498,32,SDM-PCA,arc labels,16.0,0.5327635327635327,0.06722689075630252,0.2962962962962963
Right,contig,RTT,HTL,0,0.05,1,401,82,40,2,NoAdapt,nothing,,0.6424229681168285,0.28634361233480177,0.7926829268292683
Right,contig,RTT,HTL,0,0.05,1,401,82,40,2,TargetOnly,arc labels,,0.4800061166755868,0.17582417582417584,0.1951219512195122
Right,contig,RTT,HTL,0,0.05,1,401,82,40,2,Source+Target,arc labels,,0.6373767107577032,0.2791666666666667,0.8170731707317073
Right,contig,RTT,HTL,0,0.05,1,401,82,40,2,COT,arc labels,,0.446135025613579,0.18238993710691823,0.7073170731707317
Right,contig,RTT,HTL,0,0.05,1,401,82,40,2,none-HS4,arc labels,,0.6382368682620996,0.28837209302325584,0.7560975609756098
Right,contig,RTT,HTL,0,0.05,1,401,82,40,2,none-HSsrc,nothing,,0.6229260646838444,0.26640926640926643,0.8414634146341463
Right,contig,RTT,HTL,0,0.05,1,401,82,40,2,none-PCA,arc segments,16.0,0.6185297041058184,0.29878048780487804,0.5975609756097561
Right,contig,RTT,HTL,0,0.05,1,401,82,40,2,QOTu-HS4,arc labels,,0.6204220506154905,0.3486238532110092,0.4634146341463415
Right,contig,RTT,HTL,0,0.05,1,401,82,40,2,QOTu-HSsrc,arc segments,,0.6178033488798838,0.3645833333333333,0.4268292682926829
Right,contig,RTT,HTL,0,0.05,1,401,82,40,2,QOTu-PCA,arc segments,64.0,0.5972360272192063,0.38571428571428573,0.32926829268292684
Right,contig,RTT,HTL,0,0.05,1,401,82,40,2,QOTc-HS4,arc labels,,0.479987002064378,0.14893617021276595,0.08536585365853659
Right,contig,RTT,HTL,0,0.05,1,401,82,40,2,QOTc-HSsrc,arc labels,,0.6179944949919719,0.31851851851851853,0.524390243902439
Right,contig,RTT,HTL,0,0.05,1,401,82,40,2,QOTc-PCA,arc labels,32.0,0.45490863215842187,0.1111111111111111,0.08536585365853659
Right,contig,RTT,HTL,0,0.05,1,401,82,40,2,SDM-HS4,arc labels,,0.49130285189999234,0.16666666666666666,0.06097560975609756
Right,contig,RTT,HTL,0,0.05,1,401,82,40,2,SDM-HSsrc,arc labels,,0.6179944949919719,0.31851851851851853,0.524390243902439
Right,contig,RTT,HTL,0,0.05,1,401,82,40,2,SDM-PCA,arc labels,8.0,0.4516209190305069,0.14912280701754385,0.2073170731707317
Right,contig,RTT,HTL,0,0.1,1,401,82,80,16,NoAdapt,nothing,,0.6424229681168285,0.28634361233480177,0.7926829268292683
Right,contig,RTT,HTL,0,0.1,1,401,82,80,16,TargetOnly,arc labels,,0.5361266151846471,0.23529411764705882,0.43902439024390244
Right,contig,RTT,HTL,0,0.1,1,401,82,80,16,Source+Target,arc labels,,0.5851364783240309,0.24305555555555555,0.8536585365853658
Right,contig,RTT,HTL,0,0.1,1,401,82,80,16,COT,arc labels,,0.483274715192293,0.19899244332493704,0.9634146341463414
Right,contig,RTT,HTL,0,0.1,1,401,82,80,16,none-HS4,arc labels,,0.6354461350256135,0.2898550724637681,0.7317073170731707
Right,contig,RTT,HTL,0,0.1,1,401,82,80,16,none-HSsrc,nothing,,0.6229260646838444,0.26640926640926643,0.8414634146341463
Right,contig,RTT,HTL,0,0.1,1,401,82,80,16,none-PCA,arc segments,16.0,0.6216645003440631,0.30246913580246915,0.5975609756097561
Right,contig,RTT,HTL,0,0.1,1,401,82,80,16,QOTu-HS4,arc labels,,0.6341845706858322,0.36363636363636365,0.4878048780487805
Right,contig,RTT,HTL,0,0.1,1,401,82,80,16,QOTu-HSsrc,arc segments,,0.6127570915207585,0.3394495412844037,0.45121951219512196
Right,contig,RTT,HTL,0,0.1,1,401,82,80,16,QOTu-PCA,arc segments,64.0,0.5927058643627189,0.38235294117647056,0.3170731707317073
Right,contig,RTT,HTL,0,0.1,1,401,82,80,16,QOTc-HS4,arc labels,,0.5579363865738971,0.23706896551724138,0.6707317073170732
Right,contig,RTT,HTL,0,0.1,1,401,82,80,16,QOTc-HSsrc,arc labels,,0.619581007722303,0.29213483146067415,0.6341463414634146
Right,contig,RTT,HTL,0,0.1,1,401,82,80,16,QOTc-PCA,arc labels,32.0,0.49202920712592707,0.19387755102040816,0.23170731707317074
Right,contig,RTT,HTL,0,0.1,1,401,82,80,16,SDM-HS4,arc labels,,0.5306024925453017,0.21933085501858737,0.7195121951219512
Right,contig,RTT,HTL,0,0.1,1,401,82,80,16,SDM-HSsrc,arc labels,,0.5613961312026914,0.25,0.5365853658536586
Right,contig,RTT,HTL,0,0.1,1,401,82,80,16,SDM-PCA,arc labels,16.0,0.458980044345898,0.1792452830188679,0.4634146341463415
Right,contig,RTT,HTL,0,0.2,1,401,82,161,48,NoAdapt,nothing,,0.6424229681168285,0.28634361233480177,0.7926829268292683
Right,contig,RTT,HTL,0,0.2,1,401,82,161,48,TargetOnly,arc labels,,0.5605168590870862,0.25477707006369427,0.4878048780487805
Right,contig,RTT,HTL,0,0.2,1,401,82,161,48,Source+Target,arc labels,,0.5884624206743635,0.24,0.9512195121951219
Right,contig,RTT,HTL,0,0.2,1,401,82,161,48,COT,arc labels,,0.5147182506307821,0.21428571428571427,0.5121951219512195
Right,contig,RTT,HTL,0,0.2,1,401,82,161,48,none-HS4,arc labels,,0.6244743481917578,0.2803738317757009,0.7317073170731707
Right,contig,RTT,HTL,0,0.2,1,401,82,161,48,none-HSsrc,nothing,,0.6229260646838444,0.26640926640926643,0.8414634146341463
Right,contig,RTT,HTL,0,0.2,1,401,82,161,48,none-PCA,arc segments,16.0,0.6110367765119658,0.29559748427672955,0.573170731707317
Right,contig,RTT,HTL,0,0.2,1,401,82,161,48,QOTu-HS4,arc labels,,0.6482911537579326,0.39603960396039606,0.4878048780487805
Right,contig,RTT,HTL,0,0.2,1,401,82,161,48,QOTu-HSsrc,arc segments,,0.6284310727119811,0.37373737373737376,0.45121951219512196
Right,contig,RTT,HTL,0,0.2,1,401,82,161,48,QOTu-PCA,arc segments,64.0,0.5913104977444759,0.390625,0.3048780487804878
Right,contig,RTT,HTL,0,0.2,1,401,82,161,48,QOTc-HS4,arc labels,,0.5577452404618091,0.24352331606217617,0.573170731707317
Right,contig,RTT,HTL,0,0.2,1,401,82,161,48,QOTc-HSsrc,arc labels,,0.6417157275021026,0.2955665024630542,0.7317073170731707
Right,contig,RTT,HTL,0,0.2,1,401,82,161,48,QOTc-PCA,arc labels,64.0,0.527085404082881,0.22279792746113988,0.524390243902439
Right,contig,RTT,HTL,0,0.2,1,401,82,161,48,SDM-HS4,arc labels,,0.5061931340316539,0.2081447963800905,0.5609756097560976
Right,contig,RTT,HTL,0,0.2,1,401,82,161,48,SDM-HSsrc,arc labels,,0.6180136096031807,0.2905027932960894,0.6341463414634146
Right,contig,RTT,HTL,0,0.2,1,401,82,161,48,SDM-PCA,arc labels,64.0,0.5097484517164921,0.2077922077922078,0.975609756097561
Right,contig,RTT,HTL,0,0.3,1,401,82,241,60,NoAdapt,nothing,,0.6424229681168285,0.28634361233480177,0.7926829268292683
Right,contig,RTT,HTL,0,0.3,1,401,82,241,60,TargetOnly,arc labels,,0.5499082498661977,0.23737373737373738,0.573170731707317
Right,contig,RTT,HTL,0,0.3,1,401,82,241,60,Source+Target,arc labels,,0.5929925835308509,0.2415902140672783,0.9634146341463414
Right,contig,RTT,HTL,0,0.3,1,401,82,241,60,COT,arc labels,,0.41472971939750747,0.15048543689320387,0.3780487804878049
Right,contig,RTT,HTL,0,0.3,1,401,82,241,60,none-HS4,arc labels,,0.6333626424038535,0.2825112107623318,0.7682926829268293
Right,contig,RTT,HTL,0,0.3,1,401,82,241,60,none-HSsrc,nothing,,0.6229260646838444,0.26640926640926643,0.8414634146341463
Right,contig,RTT,HTL,0,0.3,1,401,82,241,60,none-PCA,arc segments,16.0,0.6091253153910849,0.28823529411764703,0.5975609756097561
Right,contig,RTT,HTL,0,0.3,1,401,82,241,60,QOTu-HS4,arc labels,,0.6434169278996865,0.3761467889908257,0.5
Right,contig,RTT,HTL,0,0.3,1,401,82,241,60,QOTu-HSsrc,arc segments,,0.6188546524963683,0.34545454545454546,0.4634146341463415
Right,contig,RTT,HTL,0,0.3,1,401,82,241,60,QOTu-PCA,arc segments,16.0,0.6104824527869104,0.37209302325581395,0.3902439024390244
Right,contig,RTT,HTL,0,0.3,1,401,82,241,60,QOTc-HS4,arc labels,,0.5236256594540867,0.21686746987951808,0.6585365853658537
Right,contig,RTT,HTL,0,0.3,1,401,82,241,60,QOTc-HSsrc,arc labels,,0.62604174631088,0.28169014084507044,0.7317073170731707
Right,contig,RTT,HTL,0,0.3,1,401,82,241,60,QOTc-PCA,arc labels,64.0,0.4941509289701047,0.2,0.4146341463414634
Right,contig,RTT,HTL,0,0.3,1,401,82,241,60,SDM-HS4,arc labels,,0.46911078828656627,0.1897810218978102,0.6341463414634146
Right,contig,RTT,HTL,0,0.3,1,401,82,241,60,SDM-HSsrc,arc labels,,0.6176695466014221,0.2857142857142857,0.6585365853658537
Right,contig,RTT,HTL,0,0.3,1,401,82,241,60,SDM-PCA,arc labels,64.0,0.48553023931493233,0.19946808510638298,0.9146341463414634
Right,contig,RTT,HTL,0,0.5,1,401,82,391,84,NoAdapt,nothing,,0.6424229681168285,0.28634361233480177,0.7926829268292683
Right,contig,RTT,HTL,0,0.5,1,401,82,391,84,TargetOnly,arc labels,,0.5378851594158576,0.23036649214659685,0.5365853658536586
Right,contig,RTT,HTL,0,0.5,1,401,82,391,84,Source+Target,arc labels,,0.5994342075082193,0.24528301886792453,0.9512195121951219
Right,contig,RTT,HTL,0,0.5,1,401,82,391,84,COT,arc labels,,0.45274868109182664,0.18421052631578946,0.6829268292682927
Right,contig,RTT,HTL,0,0.5,1,401,82,391,84,none-HS4,arc labels,,0.6208234574508755,0.2727272727272727,0.7682926829268293
Right,contig,RTT,HTL,0,0.5,1,401,82,391,84,none-HSsrc,nothing,,0.6229260646838444,0.26640926640926643,0.8414634146341463
Right,contig,RTT,HTL,0,0.5,1,401,82,391,84,none-PCA,arc segments,8.0,0.6122601116293295,0.2916666666666667,0.5975609756097561
Right,contig,RTT,HTL,0,0.5,1,401,82,391,84,QOTu-HS4,arc labels,,0.6347006651884701,0.3894736842105263,0.45121951219512196
Right,contig,RTT,HTL,0,0.5,1,401,82,391,84,QOTu-HSsrc,arc segments,,0.620766113617249,0.36363636363636365,0.43902439024390244
Right,contig,RTT,HTL,0,0.5,1,401,82,391,84,QOTu-PCA,arc segments,16.0,0.6017661900756939,0.3888888888888889,0.34146341463414637
Right,contig,RTT,HTL,0,0.5,1,401,82,391,84,QOTc-HS4,arc labels,,0.5380954201391543,0.22262773722627738,0.7439024390243902
Right,contig,RTT,HTL,0,0.5,1,401,82,391,84,QOTc-HSsrc,arc labels,,0.5964332135484365,0.2599118942731278,0.7195121951219512
Right,contig,RTT,HTL,0,0.5,1,401,82,391,84,QOTc-PCA,arc labels,64.0,0.4938068659683462,0.2,0.43902439024390244
Right,contig,RTT,HTL,0,0.5,1,401,82,391,84,SDM-HS4,arc labels,,0.46545989754568395,0.18900343642611683,0.6707317073170732
Right,contig,RTT,HTL,0,0.5,1,401,82,391,84,SDM-HSsrc,arc labels,,0.5814473583607309,0.2534562211981567,0.6707317073170732
Right,contig,RTT,HTL,0,0.5,1,401,82,391,84,SDM-PCA,arc labels,64.0,0.49564186864439175,0.20304568527918782,0.975609756097561
Right,contig,RTT,HTL,1,0.05,1,401,78,40,13,NoAdapt,nothing,,0.6444589981741684,0.28095238095238095,0.7564102564102564
Right,contig,RTT,HTL,1,0.05,1,401,78,40,13,TargetOnly,arc labels,,0.5551520203222989,0.22815533980582525,0.6025641025641025
Right,contig,RTT,HTL,1,0.05,1,401,78,40,13,Source+Target,arc labels,,0.5959950781932206,0.23432343234323433,0.9102564102564102
Right,contig,RTT,HTL,1,0.05,1,401,78,40,13,COT,arc labels,,0.5,0.19451371571072318,1.0
Right,contig,RTT,HTL,1,0.05,1,401,78,40,13,none-HS4,arc labels,,0.6407081051043899,0.28426395939086296,0.717948717948718
Right,contig,RTT,HTL,1,0.05,1,401,78,40,13,none-HSsrc,nothing,,0.6205644201000238,0.25609756097560976,0.8076923076923077
Right,contig,RTT,HTL,1,0.05,1,401,78,40,13,none-PCA,arc segments,8.0,0.6117726442803841,0.2857142857142857,0.5641025641025641
Right,contig,RTT,HTL,1,0.05,1,401,78,40,13,QOTu-HS4,arc labels,,0.6170913709613399,0.3076923076923077,0.5128205128205128
Right,contig,RTT,HTL,1,0.05,1,401,78,40,13,QOTu-HSsrc,arc segments,,0.6314598713979519,0.32061068702290074,0.5384615384615384
Right,contig,RTT,HTL,1,0.05,1,401,78,40,13,QOTu-PCA,arc segments,8.0,0.5962927681193935,0.2682926829268293,0.5641025641025641
Right,contig,RTT,HTL,1,0.05,1,401,78,40,13,QOTc-HS4,arc labels,,0.5226244343891403,0.20532319391634982,0.6923076923076923
Right,contig,RTT,HTL,1,0.05,1,401,78,40,13,QOTc-HSsrc,arc labels,,0.5900611256648408,0.24166666666666667,0.7435897435897436
Right,contig,RTT,HTL,1,0.05,1,401,78,40,13,QOTc-PCA,arc labels,32.0,0.49237913788997384,0.18947368421052632,0.46153846153846156
Right,contig,RTT,HTL,1,0.05,1,401,78,40,13,SDM-HS4,arc labels,,0.5418750496149878,0.21739130434782608,0.6410256410256411
Right,contig,RTT,HTL,1,0.05,1,401,78,40,13,SDM-HSsrc,arc labels,,0.578570294514567,0.23706896551724138,0.7051282051282052
Right,contig,RTT,HTL,1,0.05,1,401,78,40,13,SDM-PCA,arc labels,16.0,0.5222076684924982,0.2073732718894009,0.5769230769230769
Right,contig,RTT,HTL,1,0.1,1,401,78,80,28,NoAdapt,nothing,,0.6444589981741684,0.28095238095238095,0.7564102564102564
Right,contig,RTT,HTL,1,0.1,1,401,78,80,28,TargetOnly,arc labels,,0.5757521632134636,0.26717557251908397,0.44871794871794873
Right,contig,RTT,HTL,1,0.1,1,401,78,80,28,Source+Target,arc labels,,0.5948837024688418,0.23248407643312102,0.9358974358974359
Right,contig,RTT,HTL,1,0.1,1,401,78,80,28,COT,arc labels,,0.5,0.19451371571072318,1.0
Right,contig,RTT,HTL,1,0.1,1,401,78,80,28,none-HS4,arc labels,,0.639378423434151,0.28078817733990147,0.7307692307692307
Right,contig,RTT,HTL,1,0.1,1,401,78,80,28,none-HSsrc,nothing,,0.6205644201000238,0.25609756097560976,0.8076923076923077
Right,contig,RTT,HTL,1,0.1,1,401,78,80,28,none-PCA,arc segments,8.0,0.6133206318964832,0.2875816993464052,0.5641025641025641
Right,contig,RTT,HTL,1,0.1,1,401,78,80,28,QOTu-HS4,arc labels,,0.6175478288481384,0.33653846153846156,0.44871794871794873
Right,contig,RTT,HTL,1,0.1,1,401,78,80,28,QOTu-HSsrc,arc segments,,0.6142335476700802,0.33663366336633666,0.4358974358974359
Right,contig,RTT,HTL,1,0.1,1,401,78,80,28,QOTu-PCA,arc segments,8.0,0.6018298007462094,0.2827586206896552,0.5256410256410257
Right,contig,RTT,HTL,1,0.1,1,401,78,80,28,QOTc-HS4,arc labels,,0.48904501071683737,0.18834080717488788,0.5384615384615384
Right,contig,RTT,HTL,1,0.1,1,401,78,80,28,QOTc-HSsrc,arc labels,,0.4870207192188616,0.1888111888111888,0.6923076923076923
Right,contig,RTT,HTL,1,0.1,1,401,78,80,28,QOTc-PCA,arc labels,32.0,0.4963681829006906,0.19186046511627908,0.4230769230769231
Right,contig,RTT,HTL,1,0.1,1,401,78,80,28,SDM-HS4,arc labels,,0.5111336032388664,0.2,0.6538461538461539
Right,contig,RTT,HTL,1,0.1,1,401,78,80,28,SDM-HSsrc,arc labels,,0.4967452568071763,0.19310344827586207,0.717948717948718
Right,contig,RTT,HTL,1,0.1,1,401,78,80,28,SDM-PCA,arc labels,64.0,0.4821187584345479,0.18820224719101122,0.8589743589743589
Right,contig,RTT,HTL,1,0.2,1,401,78,161,47,NoAdapt,nothing,,0.6444589981741684,0.28095238095238095,0.7564102564102564
Right,contig,RTT,HTL,1,0.2,1,401,78,161,47,TargetOnly,arc labels,,0.6119909502262444,0.2830188679245283,0.5769230769230769
Right,contig,RTT,HTL,1,0.2,1,401,78,161,47,Source+Target,arc labels,,0.5997459712629991,0.23417721518987342,0.9487179487179487
Right,contig,RTT,HTL,1,0.2,1,401,78,161,47,COT,arc labels,,0.6166349130745415,0.28846153846153844,0.5769230769230769
Right,contig,RTT,HTL,1,0.2,1,401,78,161,47,none-HS4,arc labels,,0.6296538858458363,0.27638190954773867,0.7051282051282052
Right,contig,RTT,HTL,1,0.2,1,401,78,161,47,none-HSsrc,nothing,,0.6205644201000238,0.25609756097560976,0.8076923076923077
Right,contig,RTT,HTL,1,0.2,1,401,78,161,47,none-PCA,arc segments,8.0,0.6179645947447805,0.29333333333333333,0.5641025641025641
Right,contig,RTT,HTL,1,0.2,1,401,78,161,47,QOTu-HS4,arc labels,,0.63455584663015,0.32558139534883723,0.5384615384615384
Right,contig,RTT,HTL,1,0.2,1,401,78,161,47,QOTu-HSsrc,arc segments,,0.6239382392633167,0.3049645390070922,0.5512820512820513
Right,contig,RTT,HTL,1,0.2,1,401,78,161,47,QOTu-PCA,arc segments,8.0,0.6352107644677304,0.3125,0.5769230769230769
Right,contig,RTT,HTL,1,0.2,1,401,78,161,47,QOTc-HS4,arc labels,,0.5646582519647536,0.23414634146341465,0.6153846153846154
Right,contig,RTT,HTL,1,0.2,1,401,78,161,47,QOTc-HSsrc,arc labels,,0.633841390807335,0.2702702702702703,0.7692307692307693
Right,contig,RTT,HTL,1,0.2,1,401,78,161,47,QOTc-PCA,arc labels,64.0,0.5513812812574422,0.22270742358078602,0.6538461538461539
Right,contig,RTT,HTL,1,0.2,1,401,78,161,47,SDM-HS4,arc labels,,0.5319322060808129,0.21266968325791855,0.6025641025641025
Right,contig,RTT,HTL,1,0.2,1,401,78,161,47,SDM-HSsrc,arc labels,,0.6234619353814401,0.270935960591133,0.7051282051282052
Right,contig,RTT,HTL,1,0.2,1,401,78,161,47,SDM-PCA,arc labels,32.0,0.5127212828451219,0.2032967032967033,0.47435897435897434
Right,contig,RTT,HTL,1,0.3,1,401,78,241,69,NoAdapt,nothing,,0.6444589981741684,0.28095238095238095,0.7564102564102564
Right,contig,RTT,HTL,1,0.3,1,401,78,241,69,TargetOnly,arc labels,,0.623045169484798,0.2929936305732484,0.5897435897435898
Right,contig,RTT,HTL,1,0.3,1,401,78,241,69,Source+Target,arc labels,,0.5913511153449234,0.23202614379084968,0.9102564102564102
Right,contig,RTT,HTL,1,0.3,1,401,78,241,69,COT,arc labels,,0.45983170596173695,0.17667844522968199,0.6410256410256411
Right,contig,RTT,HTL,1,0.3,1,401,78,241,69,none-HS4,arc labels,,0.6353893784234341,0.27149321266968324,0.7692307692307693
Right,contig,RTT,HTL,1,0.3,1,401,78,241,69,none-HSsrc,nothing,,0.6205644201000238,0.25609756097560976,0.8076923076923077
Right,contig,RTT,HTL,1,0.3,1,401,78,241,69,none-PCA,arc segments,8.0,0.6179645947447805,0.29333333333333333,0.5641025641025641
Right,contig,RTT,HTL,1,0.3,1,401,78,241,69,QOTu-HS4,arc labels,,0.6290386599984124,0.3392857142857143,0.48717948717948717
Right,contig,RTT,HTL,1,0.3,1,401,78,241,69,QOTu-HSsrc,arc segments,,0.6179844407398587,0.32456140350877194,0.47435897435897434
Right,contig,RTT,HTL,1,0.3,1,401,78,241,69,QOTu-PCA,arc segments,8.0,0.6526950861316186,0.37383177570093457,0.5128205128205128
Right,contig,RTT,HTL,1,0.3,1,401,78,241,69,QOTc-HS4,arc labels,,0.6179447487497023,0.27419354838709675,0.6538461538461539
Right,contig,RTT,HTL,1,0.3,1,401,78,241,69,QOTc-HSsrc,arc labels,,0.6188179725331429,0.2669902912621359,0.7051282051282052
Right,contig,RTT,HTL,1,0.3,1,401,78,241,69,QOTc-PCA,arc labels,64.0,0.5606692069540367,0.22869955156950672,0.6538461538461539
Right,contig,RTT,HTL,1,0.3,1,401,78,241,69,SDM-HS4,arc labels,,0.5456259426847663,0.21810699588477367,0.6794871794871795
Right,contig,RTT,HTL,1,0.3,1,401,78,241,69,SDM-HSsrc,arc labels,,0.6210407239819005,0.27717391304347827,0.6538461538461539
Right,contig,RTT,HTL,1,0.3,1,401,78,241,69,SDM-PCA,arc labels,64.0,0.5015479876160991,0.195,1.0
Right,contig,RTT,HTL,1,0.5,1,401,78,380,86,NoAdapt,nothing,,0.6444589981741684,0.28095238095238095,0.7564102564102564
Right,contig,RTT,HTL,1,0.5,1,401,78,380,86,TargetOnly,arc labels,,0.5571366198301183,0.22790697674418606,0.6282051282051282
Right,contig,RTT,HTL,1,0.5,1,401,78,380,86,Source+Target,arc labels,,0.6008573469873779,0.2360655737704918,0.9230769230769231
Right,contig,RTT,HTL,1,0.5,1,401,78,380,86,COT,arc labels,,0.44591966341192346,0.16796875,0.5512820512820513
Right,contig,RTT,HTL,1,0.5,1,401,78,380,86,none-HS4,arc labels,,0.626339604667778,0.2755102040816326,0.6923076923076923
Right,contig,RTT,HTL,1,0.5,1,401,78,380,86,none-HSsrc,nothing,,0.6205644201000238,0.25609756097560976,0.8076923076923077
Right,contig,RTT,HTL,1,0.5,1,401,78,380,86,none-PCA,arc segments,8.0,0.6179645947447805,0.29333333333333333,0.5641025641025641
Right,contig,RTT,HTL,1,0.5,1,401,78,380,86,QOTu-HS4,arc labels,,0.6416408668730651,0.3577981651376147,0.5
Right,contig,RTT,HTL,1,0.5,1,401,78,380,86,QOTu-HSsrc,arc segments,,0.6197507343018179,0.3220338983050847,0.48717948717948717
Right,contig,RTT,HTL,1,0.5,1,401,78,380,86,QOTu-PCA,arc segments,8.0,0.6281654362149718,0.3695652173913043,0.4358974358974359
Right,contig,RTT,HTL,1,0.5,1,401,78,380,86,QOTc-HS4,arc labels,,0.5555489402238628,0.21875,0.8076923076923077
Right,contig,RTT,HTL,1,0.5,1,401,78,380,86,QOTc-HSsrc,arc labels,,0.6210208779868223,0.2636363636363636,0.7435897435897436
Right,contig,RTT,HTL,1,0.5,1,401,78,380,86,QOTc-PCA,arc labels,64.0,0.5047431928236882,0.19724770642201836,0.5512820512820513
Right,contig,RTT,HTL,1,0.5,1,401,78,380,86,SDM-HS4,arc labels,,0.5049218067793919,0.19661016949152543,0.7435897435897436
Right,contig,RTT,HTL,1,0.5,1,401,78,380,86,SDM-HSsrc,arc labels,,0.6378304358180519,0.27941176470588236,0.7307692307692307
Right,contig,RTT,HTL,1,0.5,1,401,78,380,86,SDM-PCA,arc labels,32.0,0.4746963562753036,0.1774193548387097,0.4230769230769231
Right,contig,RTT,HTL,2,0.05,1,401,78,40,15,NoAdapt,nothing,,0.625208382948321,0.25925925925925924,0.8076923076923077
Right,contig,RTT,HTL,2,0.05,1,401,78,40,15,TargetOnly,arc labels,,0.5459236326109391,0.25,0.3333333333333333
Right,contig,RTT,HTL,2,0.05,1,401,78,40,15,Source+Target,arc labels,,0.583611177264428,0.2282958199356913,0.9102564102564102
Right,contig,RTT,HTL,2,0.05,1,401,78,40,15,COT,arc labels,,0.5015479876160991,0.195,1.0
Right,contig,RTT,HTL,2,0.05,1,401,78,40,15,none-HS4,arc labels,,0.6196713503215051,0.25190839694656486,0.8461538461538461
Right,contig,RTT,HTL,2,0.05,1,401,78,40,15,none-HSsrc,nothing,,0.593573866793681,0.23591549295774647,0.8589743589743589
Right,contig,RTT,HTL,2,0.05,1,401,78,40,15,none-PCA,arc segments,8.0,0.6119711042311662,0.26666666666666666,0.6666666666666666
Right,contig,RTT,HTL,2,0.05,1,401,78,40,15,QOTu-HS4,arc labels,,0.6177462887989205,0.296551724137931,0.5512820512820513
Right,contig,RTT,HTL,2,0.05,1,401,78,40,15,QOTu-HSsrc,arc segments,,0.6254862268794157,0.30714285714285716,0.5512820512820513
Right,contig,RTT,HTL,2,0.05,1,401,78,40,15,QOTu-PCA,arc segments,8.0,0.6115543383345241,0.28859060402684567,0.5512820512820513
Right,contig,RTT,HTL,2,0.05,1,401,78,40,15,QOTc-HS4,arc labels,,0.53020560450901,0.2206896551724138,0.41025641025641024
Right,contig,RTT,HTL,2,0.05,1,401,78,40,15,QOTc-HSsrc,arc labels,,0.5557870921648012,0.22178988326848248,0.7307692307692307
Right,contig,RTT,HTL,2,0.05,1,401,78,40,15,QOTc-PCA,arc labels,64.0,0.5216122886401524,0.22340425531914893,0.2692307692307692
Right,contig,RTT,HTL,2,0.05,1,401,78,40,15,SDM-HS4,arc labels,,0.49021592442645073,0.18269230769230768,0.24358974358974358
Right,contig,RTT,HTL,2,0.05,1,401,78,40,15,SDM-HSsrc,arc labels,,0.5135746606334841,0.20168067226890757,0.6153846153846154
Right,contig,RTT,HTL,2,0.05,1,401,78,40,15,SDM-PCA,arc labels,8.0,0.49218067793919185,0.18791946308724833,0.358974358974359
Right,contig,RTT,HTL,2,0.1,1,401,78,80,33,NoAdapt,nothing,,0.625208382948321,0.25925925925925924,0.8076923076923077
Right,contig,RTT,HTL,2,0.1,1,401,78,80,33,TargetOnly,arc labels,,0.5440978010637454,0.22115384615384615,0.5897435897435898
Right,contig,RTT,HTL,2,0.1,1,401,78,80,33,Source+Target,arc labels,,0.5862506946098277,0.22686567164179106,0.9743589743589743
Right,contig,RTT,HTL,2,0.1,1,401,78,80,33,COT,arc labels,,0.4997816940541399,0.19444444444444445,0.9871794871794872
Right,contig,RTT,HTL,2,0.1,1,401,78,80,33,none-HS4,arc labels,,0.6179050567595459,0.25193798449612403,0.8333333333333334
Right,contig,RTT,HTL,2,0.1,1,401,78,80,33,none-HSsrc,nothing,,0.593573866793681,0.23591549295774647,0.8589743589743589
Right,contig,RTT,HTL,2,0.1,1,401,78,80,33,none-PCA,arc segments,8.0,0.6150670794633643,0.2694300518134715,0.6666666666666666
Right,contig,RTT,HTL,2,0.1,1,401,78,80,33,QOTu-HS4,arc labels,,0.6243748511550369,0.2980132450331126,0.5769230769230769
Right,contig,RTT,HTL,2,0.1,1,401,78,80,33,QOTu-HSsrc,arc segments,,0.6343176946892117,0.3,0.6153846153846154
Right,contig,RTT,HTL,2,0.1,1,401,78,80,33,QOTu-PCA,arc segments,8.0,0.6077835992696674,0.27325581395348836,0.6025641025641025
Right,contig,RTT,HTL,2,0.1,1,401,78,80,33,QOTc-HS4,arc labels,,0.5195284591569421,0.2037735849056604,0.6923076923076923
Right,contig,RTT,HTL,2,0.1,1,401,78,80,33,QOTc-HSsrc,arc labels,,0.5573350797809002,0.22265625,0.7307692307692307
Right,contig,RTT,HTL,2,0.1,1,401,78,80,33,QOTc-PCA,arc labels,64.0,0.5399102961022466,0.22162162162162163,0.5256410256410257
Right,contig,RTT,HTL,2,0.1,1,401,78,80,33,SDM-HS4,arc labels,,0.478427403350004,0.1829787234042553,0.5512820512820513
Right,contig,RTT,HTL,2,0.1,1,401,78,80,33,SDM-HSsrc,arc labels,,0.526395173453997,0.20833333333333334,0.6410256410256411
Right,contig,RTT,HTL,2,0.1,1,401,78,80,33,SDM-PCA,arc labels,32.0,0.5319718980709692,0.2214765100671141,0.4230769230769231
Right,contig,RTT,HTL,2,0.2,1,401,78,161,45,NoAdapt,nothing,,0.625208382948321,0.25925925925925924,0.8076923076923077
Right,contig,RTT,HTL,2,0.2,1,401,78,161,45,TargetOnly,arc labels,,0.577240612844328,0.23529411764705882,0.717948717948718
Right,contig,RTT,HTL,2,0.2,1,401,78,161,45,Source+Target,arc labels,,0.5813884258156704,0.22522522522522523,0.9615384615384616
Right,contig,RTT,HTL,2,0.2,1,401,78,161,45,COT,arc labels,,0.5,0.19451371571072318,1.0
Right,contig,RTT,HTL,2,0.2,1,401,78,161,45,none-HS4,arc labels,,0.6196713503215051,0.25190839694656486,0.8461538461538461
Right,contig,RTT,HTL,2,0.2,1,401,78,161,45,none-HSsrc,nothing,,0.593573866793681,0.23591549295774647,0.8589743589743589
Right,contig,RTT,HTL,2,0.2,1,401,78,161,45,none-PCA,arc segments,8.0,0.6181630546955624,0.27225130890052357,0.6666666666666666
Right,contig,RTT,HTL,2,0.2,1,401,78,161,45,QOTu-HS4,arc labels,,0.6228268635389378,0.29605263157894735,0.5769230769230769
Right,contig,RTT,HTL,2,0.2,1,401,78,161,45,QOTu-HSsrc,arc segments,,0.6327697070731126,0.2981366459627329,0.6153846153846154
Right,contig,RTT,HTL,2,0.2,1,401,78,161,45,QOTu-PCA,arc segments,8.0,0.6201675001984599,0.2865853658536585,0.6025641025641025
Right,contig,RTT,HTL,2,0.2,1,401,78,161,45,QOTc-HS4,arc labels,,0.5040485829959513,0.19636363636363635,0.6923076923076923
Right,contig,RTT,HTL,2,0.2,1,401,78,161,45,QOTc-HSsrc,arc labels,,0.5794435182980074,0.23412698412698413,0.7564102564102564
Right,contig,RTT,HTL,2,0.2,1,401,78,161,45,QOTc-PCA,arc labels,64.0,0.4968047947924109,0.19230769230769232,0.44871794871794873
Right,contig,RTT,HTL,2,0.2,1,401,78,161,45,SDM-HS4,arc labels,,0.49057315233785825,0.18992248062015504,0.6282051282051282
Right,contig,RTT,HTL,2,0.2,1,401,78,161,45,SDM-HSsrc,arc labels,,0.5392156862745098,0.21487603305785125,0.6666666666666666
Right,contig,RTT,HTL,2,0.2,1,401,78,161,45,SDM-PCA,arc labels,64.0,0.4874176391204255,0.19021739130434784,0.8974358974358975
Right,contig,RTT,HTL,2,0.3,1,401,78,241,53,NoAdapt,nothing,,0.625208382948321,0.25925925925925924,0.8076923076923077
Right,contig,RTT,HTL,2,0.3,1,401,78,241,53,TargetOnly,arc labels,,0.5343335714852743,0.21014492753623187,0.7435897435897436
Right,contig,RTT,HTL,2,0.3,1,401,78,241,53,Source+Target,arc labels,,0.5785107565293324,0.2235294117647059,0.9743589743589743
Right,contig,RTT,HTL,2,0.3,1,401,78,241,53,COT,arc labels,,0.5281614670159562,0.20901639344262296,0.6538461538461539
Right,contig,RTT,HTL,2,0.3,1,401,78,241,53,none-HS4,arc labels,,0.6128244820195284,0.250996015936255,0.8076923076923077
Right,contig,RTT,HTL,2,0.3,1,401,78,241,53,none-HSsrc,nothing,,0.593573866793681,0.23591549295774647,0.8589743589743589
Right,contig,RTT,HTL,2,0.3,1,401,78,241,53,none-PCA,arc segments,8.0,0.6197110423116614,0.2736842105263158,0.6666666666666666
Right,contig,RTT,HTL,2,0.3,1,401,78,241,53,QOTu-HS4,arc labels,,0.6316583313487338,0.29069767441860467,0.6410256410256411
Right,contig,RTT,HTL,2,0.3,1,401,78,241,53,QOTu-HSsrc,arc segments,,0.6382868937048504,0.29213483146067415,0.6666666666666666
Right,contig,RTT,HTL,2,0.3,1,401,78,241,53,QOTu-PCA,arc segments,8.0,0.6436056203858062,0.3116883116883117,0.6153846153846154
Right,contig,RTT,HTL,2,0.3,1,401,78,241,53,QOTc-HS4,arc labels,,0.5292529967452568,0.20817843866171004,0.717948717948718
Right,contig,RTT,HTL,2,0.3,1,401,78,241,53,QOTc-HSsrc,arc labels,,0.5809915059141065,0.2350597609561753,0.7564102564102564
Right,contig,RTT,HTL,2,0.3,1,401,78,241,53,QOTc-PCA,arc labels,64.0,0.5522743510359609,0.22535211267605634,0.6153846153846154
Right,contig,RTT,HTL,2,0.3,1,401,78,241,53,SDM-HS4,arc labels,,0.5027387473207907,0.19591836734693877,0.6153846153846154
Right,contig,RTT,HTL,2,0.3,1,401,78,241,53,SDM-HSsrc,arc labels,,0.5894062078272605,0.24444444444444444,0.7051282051282052
Right,contig,RTT,HTL,2,0.3,1,401,78,241,53,SDM-PCA,arc labels,64.0,0.4951377312058427,0.19298245614035087,0.9871794871794872
Right,contig,RTT,HTL,2,0.5,1,401,78,380,88,NoAdapt,nothing,,0.625208382948321,0.25925925925925924,0.8076923076923077
Right,contig,RTT,HTL,2,0.5,1,401,78,380,88,TargetOnly,arc labels,,0.610621576565849,0.25316455696202533,0.7692307692307693
Right,contig,RTT,HTL,2,0.5,1,401,78,380,88,Source+Target,arc labels,,0.5670199253790585,0.21987951807228914,0.9358974358974359
Right,contig,RTT,HTL,2,0.5,1,401,78,380,88,COT,arc labels,,0.5237358101135191,0.20634920634920634,0.6666666666666666
Right,contig,RTT,HTL,2,0.5,1,401,78,380,88,none-HS4,arc labels,,0.6081805191712313,0.24803149606299213,0.8076923076923077
Right,contig,RTT,HTL,2,0.5,1,401,78,380,88,none-HSsrc,nothing,,0.593573866793681,0.23591549295774647,0.8589743589743589
Right,contig,RTT,HTL,2,0.5,1,401,78,380,88,none-PCA,arc segments,8.0,0.6068905294911486,0.26595744680851063,0.6410256410256411
Right,contig,RTT,HTL,2,0.5,1,401,78,380,88,QOTu-HS4,arc labels,,0.6241565452091768,0.3013698630136986,0.5641025641025641
Right,contig,RTT,HTL,2,0.5,1,401,78,380,88,QOTu-HSsrc,arc segments,,0.6449353020560451,0.31756756756756754,0.6025641025641025
Right,contig,RTT,HTL,2,0.5,1,401,78,380,88,QOTu-PCA,arc segments,8.0,0.6365404461379693,0.3188405797101449,0.5641025641025641
Right,contig,RTT,HTL,2,0.5,1,401,78,380,88,QOTc-HS4,arc labels,,0.6075256013336509,0.2510460251046025,0.7692307692307693
Right,contig,RTT,HTL,2,0.5,1,401,78,380,88,QOTc-HSsrc,arc labels,,0.6039930142097325,0.2510822510822511,0.7435897435897436
Right,contig,RTT,HTL,2,0.5,1,401,78,380,88,QOTc-PCA,arc labels,64.0,0.6062157656584901,0.2583732057416268,0.6923076923076923
Right,contig,RTT,HTL,2,0.5,1,401,78,380,88,SDM-HS4,arc labels,,0.5566801619433198,0.22406639004149378,0.6923076923076923
Right,contig,RTT,HTL,2,0.5,1,401,78,380,88,SDM-HSsrc,arc labels,,0.6247717710566008,0.26180257510729615,0.782051282051282
Right,contig,RTT,HTL,2,0.5,1,401,78,380,88,SDM-PCA,arc labels,64.0,0.5152615702151306,0.19948186528497408,0.9871794871794872
Right,contig,RTT,HTL,3,0.05,1,401,91,40,9,NoAdapt,nothing,,0.5895072669266217,0.2727272727272727,0.8241758241758241
Right,contig,RTT,HTL,3,0.05,1,401,91,40,9,TargetOnly,arc labels,,0.5101559730591989,0.234375,0.4945054945054945
Right,contig,RTT,HTL,3,0.05,1,401,91,40,9,Source+Target,arc labels,,0.5589684509039348,0.2514792899408284,0.9340659340659341
Right,contig,RTT,HTL,3,0.05,1,401,91,40,9,COT,arc labels,,0.4891350584898972,0.2185792349726776,0.43956043956043955
Right,contig,RTT,HTL,3,0.05,1,401,91,40,9,none-HS4,arc labels,,0.6024636653668911,0.2768166089965398,0.8791208791208791
Right,contig,RTT,HTL,3,0.05,1,401,91,40,9,none-HSsrc,nothing,,0.580538816022687,0.26384364820846906,0.8901098901098901
Right,contig,RTT,HTL,3,0.05,1,401,91,40,9,none-PCA,arc segments,8.0,0.5942396313364056,0.2850877192982456,0.7142857142857143
Right,contig,RTT,HTL,3,0.05,1,401,91,40,9,QOTu-HS4,arc labels,,0.6101205246366537,0.2891566265060241,0.7912087912087912
Right,contig,RTT,HTL,3,0.05,1,401,91,40,9,QOTu-HSsrc,arc segments,,0.6130450194966324,0.2890625,0.8131868131868132
Right,contig,RTT,HTL,3,0.05,1,401,91,40,9,QOTu-PCA,arc segments,8.0,0.6133463310882665,0.291497975708502,0.7912087912087912
Right,contig,RTT,HTL,3,0.05,1,401,91,40,9,QOTc-HS4,arc labels,,0.565402339595888,0.27461139896373055,0.5824175824175825
Right,contig,RTT,HTL,3,0.05,1,401,91,40,9,QOTc-HSsrc,arc labels,,0.5627437079049983,0.25675675675675674,0.8351648351648352
Right,contig,RTT,HTL,3,0.05,1,401,91,40,9,QOTc-PCA,arc labels,32.0,0.48427862460120524,0.17777777777777778,0.08791208791208792
Right,contig,RTT,HTL,3,0.05,1,401,91,40,9,SDM-HS4,arc labels,,0.46185749734136833,0.184,0.25274725274725274
Right,contig,RTT,HTL,3,0.05,1,401,91,40,9,SDM-HSsrc,arc labels,,0.5721552640907479,0.2833333333333333,0.5604395604395604
Right,contig,RTT,HTL,3,0.05,1,401,91,40,9,SDM-PCA,arc labels,16.0,0.4626728110599078,0.2,0.42857142857142855
Right,contig,RTT,HTL,3,0.1,1,401,91,80,16,NoAdapt,nothing,,0.5895072669266217,0.2727272727272727,0.8241758241758241
Right,contig,RTT,HTL,3,0.1,1,401,91,80,16,TargetOnly,arc labels,,0.5497873094647288,0.25177304964539005,0.7802197802197802
Right,contig,RTT,HTL,3,0.1,1,401,91,80,16,Source+Target,arc labels,,0.5612371499468274,0.25219941348973607,0.945054945054945
Right,contig,RTT,HTL,3,0.1,1,401,91,80,16,COT,arc labels,,0.5079404466501241,0.23222748815165878,0.5384615384615384
Right,contig,RTT,HTL,3,0.1,1,401,91,80,16,none-HS4,arc labels,,0.5782169443459766,0.26595744680851063,0.8241758241758241
Right,contig,RTT,HTL,3,0.1,1,401,91,80,16,none-HSsrc,nothing,,0.580538816022687,0.26384364820846906,0.8901098901098901
Right,contig,RTT,HTL,3,0.1,1,401,91,80,16,none-PCA,arc segments,8.0,0.5942396313364056,0.2850877192982456,0.7142857142857143
Right,contig,RTT,HTL,3,0.1,1,401,91,80,16,QOTu-HS4,arc labels,,0.6117334278624601,0.2903225806451613,0.7912087912087912
Right,contig,RTT,HTL,3,0.1,1,401,91,80,16,QOTu-HSsrc,arc segments,,0.6188408365827721,0.29435483870967744,0.8021978021978022
Right,contig,RTT,HTL,3,0.1,1,401,91,80,16,QOTu-PCA,arc segments,8.0,0.6143034384969869,0.29338842975206614,0.7802197802197802
Right,contig,RTT,HTL,3,0.1,1,401,91,80,16,QOTc-HS4,arc labels,,0.5485820630981921,0.24842767295597484,0.8681318681318682
Right,contig,RTT,HTL,3,0.1,1,401,91,80,16,QOTc-HSsrc,arc labels,,0.5837646224742998,0.26557377049180325,0.8901098901098901
Right,contig,RTT,HTL,3,0.1,1,401,91,80,16,QOTc-PCA,arc labels,64.0,0.45056717476072317,0.17424242424242425,0.25274725274725274
Right,contig,RTT,HTL,3,0.1,1,401,91,80,16,SDM-HS4,arc labels,,0.467476072314782,0.21221864951768488,0.7252747252747253
Right,contig,RTT,HTL,3,0.1,1,401,91,80,16,SDM-HSsrc,arc labels,,0.5866891173342786,0.266025641025641,0.9120879120879121
Right,contig,RTT,HTL,3,0.1,1,401,91,80,16,SDM-PCA,arc labels,64.0,0.5,0.22693266832917705,1.0
Right,contig,RTT,HTL,3,0.2,1,401,91,161,37,NoAdapt,nothing,,0.5895072669266217,0.2727272727272727,0.8241758241758241
Right,contig,RTT,HTL,3,0.2,1,401,91,161,37,TargetOnly,arc labels,,0.5801311591634173,0.26838235294117646,0.8021978021978022
Right,contig,RTT,HTL,3,0.2,1,401,91,161,37,Source+Target,arc labels,,0.5709677419354838,0.2549019607843137,1.0
Right,contig,RTT,HTL,3,0.2,1,401,91,161,37,COT,arc labels,,0.5042538107054236,0.23076923076923078,0.3956043956043956
Right,contig,RTT,HTL,3,0.2,1,401,91,161,37,none-HS4,arc labels,,0.5956575682382134,0.275,0.8461538461538461
Right,contig,RTT,HTL,3,0.2,1,401,91,161,37,none-HSsrc,nothing,,0.580538816022687,0.26384364820846906,0.8901098901098901
Right,contig,RTT,HTL,3,0.2,1,401,91,161,37,none-PCA,arc segments,8.0,0.6039170506912442,0.2927927927927928,0.7142857142857143
Right,contig,RTT,HTL,3,0.2,1,401,91,161,37,QOTu-HS4,arc labels,,0.6200460829493087,0.30660377358490565,0.7142857142857143
Right,contig,RTT,HTL,3,0.2,1,401,91,161,37,QOTu-HSsrc,arc segments,,0.609712867777384,0.29906542056074764,0.7032967032967034
Right,contig,RTT,HTL,3,0.2,1,401,91,161,37,QOTu-PCA,arc segments,8.0,0.6129386742289968,0.3018867924528302,0.7032967032967034
Right,contig,RTT,HTL,3,0.2,1,401,91,161,37,QOTc-HS4,arc labels,,0.5717653314427508,0.26223776223776224,0.8241758241758241
Right,contig,RTT,HTL,3,0.2,1,401,91,161,37,QOTc-HSsrc,arc labels,,0.6008507621410847,0.27586206896551724,0.8791208791208791
Right,contig,RTT,HTL,3,0.2,1,401,91,161,37,QOTc-PCA,arc labels,64.0,0.5123714994682737,0.23699421965317918,0.45054945054945056
Right,contig,RTT,HTL,3,0.2,1,401,91,161,37,SDM-HS4,arc labels,,0.5413683091102446,0.24817518248175183,0.7472527472527473
Right,contig,RTT,HTL,3,0.2,1,401,91,161,37,SDM-HSsrc,arc labels,,0.5905175469691599,0.2705479452054795,0.8681318681318682
Right,contig,RTT,HTL,3,0.2,1,401,91,161,37,SDM-PCA,arc labels,64.0,0.4647642679900745,0.21428571428571427,0.9230769230769231
Right,contig,RTT,HTL,3,0.3,1,401,91,241,49,NoAdapt,nothing,,0.5895072669266217,0.2727272727272727,0.8241758241758241
Right,contig,RTT,HTL,3,0.3,1,401,91,241,49,TargetOnly,arc labels,,0.542981212336051,0.2490842490842491,0.7472527472527473
Right,contig,RTT,HTL,3,0.3,1,401,91,241,49,Source+Target,arc labels,,0.5670861396667849,0.2535211267605634,0.989010989010989
Right,contig,RTT,HTL,3,0.3,1,401,91,241,49,COT,arc labels,,0.5068769939737682,0.23255813953488372,0.43956043956043955
Right,contig,RTT,HTL,3,0.3,1,401,91,241,49,none-HS4,arc labels,,0.597926267281106,0.2756183745583039,0.8571428571428571
Right,contig,RTT,HTL,3,0.3,1,401,91,241,49,none-HSsrc,nothing,,0.580538816022687,0.26384364820846906,0.8901098901098901
Right,contig,RTT,HTL,3,0.3,1,401,91,241,49,none-PCA,arc segments,8.0,0.6039170506912442,0.2927927927927928,0.7142857142857143
Right,contig,RTT,HTL,3,0.3,1,401,91,241,49,QOTu-HS4,arc labels,,0.6161644806806097,0.3047619047619048,0.7032967032967034
Right,contig,RTT,HTL,3,0.3,1,401,91,241,49,QOTu-HSsrc,arc segments,,0.609712867777384,0.29906542056074764,0.7032967032967034
Right,contig,RTT,HTL,3,0.3,1,401,91,241,49,QOTu-PCA,arc segments,8.0,0.6213045019496632,0.31313131313131315,0.6813186813186813
Right,contig,RTT,HTL,3,0.3,1,401,91,241,49,QOTc-HS4,arc labels,,0.5552818149592342,0.254416961130742,0.7912087912087912
Right,contig,RTT,HTL,3,0.3,1,401,91,241,49,QOTc-HSsrc,arc labels,,0.5963133640552996,0.2746478873239437,0.8571428571428571
Right,contig,RTT,HTL,3,0.3,1,401,91,241,49,QOTc-PCA,arc labels,64.0,0.5111662531017369,0.23444976076555024,0.5384615384615384
Right,contig,RTT,HTL,3,0.3,1,401,91,241,49,SDM-HS4,arc labels,,0.5513470400567175,0.2548262548262548,0.7252747252747253
Right,contig,RTT,HTL,3,0.3,1,401,91,241,49,SDM-HSsrc,arc labels,,0.5963133640552996,0.2746478873239437,0.8571428571428571
Right,contig,RTT,HTL,3,0.3,1,401,91,241,49,SDM-PCA,arc labels,64.0,0.4857320099255583,0.22163588390501318,0.9230769230769231
Right,contig,RTT,HTL,3,0.5,1,401,91,380,73,NoAdapt,nothing,,0.5895072669266217,0.2727272727272727,0.8241758241758241
Right,contig,RTT,HTL,3,0.5,1,401,91,380,73,TargetOnly,arc labels,,0.5659163417227934,0.2610294117647059,0.7802197802197802
Right,contig,RTT,HTL,3,0.5,1,401,91,380,73,Source+Target,arc labels,,0.5686990428925913,0.2542372881355932,0.989010989010989
Right,contig,RTT,HTL,3,0.5,1,401,91,380,73,COT,arc labels,,0.4966501240694789,0.22477064220183487,0.5384615384615384
Right,contig,RTT,HTL,3,0.5,1,401,91,380,73,none-HS4,arc labels,,0.583055654023396,0.26881720430107525,0.8241758241758241
Right,contig,RTT,HTL,3,0.5,1,401,91,380,73,none-HSsrc,nothing,,0.580538816022687,0.26384364820846906,0.8901098901098901
Right,contig,RTT,HTL,3,0.5,1,401,91,380,73,none-PCA,arc segments,8.0,0.6039170506912442,0.2927927927927928,0.7142857142857143
Right,contig,RTT,HTL,3,0.5,1,401,91,380,73,QOTu-HS4,arc labels,,0.6077454803261255,0.30198019801980197,0.6703296703296703
Right,contig,RTT,HTL,3,0.5,1,401,91,380,73,QOTu-HSsrc,arc segments,,0.6258419000354485,0.3137254901960784,0.7032967032967034
Right,contig,RTT,HTL,3,0.5,1,401,91,380,73,QOTu-PCA,arc segments,16.0,0.6170152428216944,0.32919254658385094,0.5824175824175825
Right,contig,RTT,HTL,3,0.5,1,401,91,380,73,QOTc-HS4,arc labels,,0.5836582772066643,0.2720306513409962,0.7802197802197802
Right,contig,RTT,HTL,3,0.5,1,401,91,380,73,QOTc-HSsrc,arc labels,,0.5982275788727401,0.2773722627737226,0.8351648351648352
Right,contig,RTT,HTL,3,0.5,1,401,91,380,73,QOTc-PCA,arc labels,64.0,0.5587025877348458,0.2631578947368421,0.6593406593406593
Right,contig,RTT,HTL,3,0.5,1,401,91,380,73,SDM-HS4,arc labels,,0.5125310173697271,0.23430962343096234,0.6153846153846154
Right,contig,RTT,HTL,3,0.5,1,401,91,380,73,SDM-HSsrc,arc labels,,0.5959588798298475,0.2767527675276753,0.8241758241758241
Right,contig,RTT,HTL,3,0.5,1,401,91,380,73,SDM-PCA,arc labels,64.0,0.5038284296348813,0.2283464566929134,0.9560439560439561
Right,contig,RTT,HTL,4,0.05,1,401,76,40,3,NoAdapt,nothing,,0.6119838056680162,0.23776223776223776,0.8947368421052632
Right,contig,RTT,HTL,4,0.05,1,401,76,40,3,TargetOnly,arc labels,,0.5093927125506073,0.26666666666666666,0.05263157894736842
Right,contig,RTT,HTL,4,0.05,1,401,76,40,3,Source+Target,arc labels,,0.5967611336032388,0.22712933753943218,0.9473684210526315
Right,contig,RTT,HTL,4,0.05,1,401,76,40,3,COT,arc labels,,0.486417004048583,0.18527918781725888,0.9605263157894737
Right,contig,RTT,HTL,4,0.05,1,401,76,40,3,none-HS4,arc labels,,0.6266801619433198,0.24390243902439024,0.9210526315789473
Right,contig,RTT,HTL,4,0.05,1,401,76,40,3,none-HSsrc,nothing,,0.5978744939271255,0.2282958199356913,0.9342105263157895
Right,contig,RTT,HTL,4,0.05,1,401,76,40,3,none-PCA,arc segments,8.0,0.6575506072874494,0.27391304347826084,0.8289473684210527
Right,contig,RTT,HTL,4,0.05,1,401,76,40,3,QOTu-HS4,arc labels,,0.6462955465587044,0.29310344827586204,0.6710526315789473
Right,contig,RTT,HTL,4,0.05,1,401,76,40,3,QOTu-HSsrc,arc segments,,0.6822672064777328,0.3163841807909605,0.7368421052631579
Right,contig,RTT,HTL,4,0.05,1,401,76,40,3,QOTu-PCA,arc segments,16.0,0.5811943319838058,0.2549019607843137,0.5131578947368421
Right,contig,RTT,HTL,4,0.05,1,401,76,40,3,QOTc-HS4,arc labels,,0.5050404858299595,0.5,0.013157894736842105
Right,contig,RTT,HTL,4,0.05,1,401,76,40,3,QOTc-HSsrc,arc labels,,0.4017004048582996,0.047058823529411764,0.05263157894736842
Right,contig,RTT,HTL,4,0.05,1,401,76,40,3,QOTc-PCA,arc labels,32.0,0.49973684210526315,0.1875,0.039473684210526314
Right,contig,RTT,HTL,4,0.05,1,401,76,40,3,SDM-HS4,arc labels,,0.44647773279352226,0.1038961038961039,0.10526315789473684
Right,contig,RTT,HTL,4,0.05,1,401,76,40,3,SDM-HSsrc,arc labels,,0.41204453441295547,0.0410958904109589,0.039473684210526314
Right,contig,RTT,HTL,4,0.05,1,401,76,40,3,SDM-PCA,arc labels,4.0,0.43894736842105264,0.11650485436893204,0.15789473684210525
Right,contig,RTT,HTL,4,0.1,1,401,76,80,8,NoAdapt,nothing,,0.6119838056680162,0.23776223776223776,0.8947368421052632
Right,contig,RTT,HTL,4,0.1,1,401,76,80,8,TargetOnly,arc labels,,0.6149392712550608,0.27380952380952384,0.6052631578947368
Right,contig,RTT,HTL,4,0.1,1,401,76,80,8,Source+Target,arc labels,,0.5890688259109311,0.2236024844720497,0.9473684210526315
Right,contig,RTT,HTL,4,0.1,1,401,76,80,8,COT,arc labels,,0.5,0.18952618453865336,1.0
Right,contig,RTT,HTL,4,0.1,1,401,76,80,8,none-HS4,arc labels,,0.6100202429149797,0.2375886524822695,0.881578947368421
Right,contig,RTT,HTL,4,0.1,1,401,76,80,8,none-HSsrc,nothing,,0.5978744939271255,0.2282958199356913,0.9342105263157895
Right,contig,RTT,HTL,4,0.1,1,401,76,80,8,none-PCA,arc segments,8.0,0.6575506072874494,0.27391304347826084,0.8289473684210527
Right,contig,RTT,HTL,4,0.1,1,401,76,80,8,QOTu-HS4,arc labels,,0.6369635627530364,0.2672811059907834,0.7631578947368421
Right,contig,RTT,HTL,4,0.1,1,401,76,80,8,QOTu-HSsrc,arc segments,,0.6369635627530364,0.2672811059907834,0.7631578947368421
Right,contig,RTT,HTL,4,0.1,1,401,76,80,8,QOTu-PCA,arc segments,32.0,0.600080971659919,0.273972602739726,0.5263157894736842
Right,contig,RTT,HTL,4,0.1,1,401,76,80,8,QOTc-HS4,arc labels,,0.6043927125506073,0.24015748031496062,0.8026315789473685
Right,contig,RTT,HTL,4,0.1,1,401,76,80,8,QOTc-HSsrc,arc labels,,0.6185627530364373,0.24041811846689895,0.9078947368421053
Right,contig,RTT,HTL,4,0.1,1,401,76,80,8,QOTc-PCA,arc labels,64.0,0.4758704453441296,0.1518987341772152,0.15789473684210525
Right,contig,RTT,HTL,4,0.1,1,401,76,80,8,SDM-HS4,arc labels,,0.4206477732793522,0.11764705882352941,0.21052631578947367
Right,contig,RTT,HTL,4,0.1,1,401,76,80,8,SDM-HSsrc,arc labels,,0.6132591093117409,0.23588039867109634,0.9342105263157895
Right,contig,RTT,HTL,4,0.1,1,401,76,80,8,SDM-PCA,arc labels,16.0,0.44165991902834006,0.14285714285714285,0.2894736842105263
Right,contig,RTT,HTL,4,0.2,1,401,76,161,17,NoAdapt,nothing,,0.6119838056680162,0.23776223776223776,0.8947368421052632
Right,contig,RTT,HTL,4,0.2,1,401,76,161,17,TargetOnly,arc labels,,0.478582995951417,0.16923076923076924,0.2894736842105263
Right,contig,RTT,HTL,4,0.2,1,401,76,161,17,Source+Target,arc labels,,0.5745344129554656,0.21637426900584794,0.9736842105263158
Right,contig,RTT,HTL,4,0.2,1,401,76,161,17,COT,arc labels,,0.47645748987854253,0.1619047619047619,0.2236842105263158
Right,contig,RTT,HTL,4,0.2,1,401,76,161,17,none-HS4,arc labels,,0.6220647773279352,0.2413793103448276,0.9210526315789473
Right,contig,RTT,HTL,4,0.2,1,401,76,161,17,none-HSsrc,nothing,,0.5978744939271255,0.2282958199356913,0.9342105263157895
Right,contig,RTT,HTL,4,0.2,1,401,76,161,17,none-PCA,arc segments,16.0,0.5787651821862349,0.2301255230125523,0.7236842105263158
Right,contig,RTT,HTL,4,0.2,1,401,76,161,17,QOTu-HS4,arc labels,,0.648744939271255,0.26556016597510373,0.8421052631578947
Right,contig,RTT,HTL,4,0.2,1,401,76,161,17,QOTu-HSsrc,arc segments,,0.6548987854251012,0.270042194092827,0.8421052631578947
Right,contig,RTT,HTL,4,0.2,1,401,76,161,17,QOTu-PCA,arc segments,16.0,0.6074089068825912,0.25773195876288657,0.6578947368421053
Right,contig,RTT,HTL,4,0.2,1,401,76,161,17,QOTc-HS4,arc labels,,0.5906477732793523,0.23893805309734514,0.7105263157894737
Right,contig,RTT,HTL,4,0.2,1,401,76,161,17,QOTc-HSsrc,arc labels,,0.5878947368421052,0.22962962962962963,0.8157894736842105
Right,contig,RTT,HTL,4,0.2,1,401,76,161,17,QOTc-PCA,arc labels,64.0,0.47338056680161944,0.1588785046728972,0.2236842105263158
Right,contig,RTT,HTL,4,0.2,1,401,76,161,17,SDM-HS4,arc labels,,0.6057085020242915,0.26436781609195403,0.6052631578947368
Right,contig,RTT,HTL,4,0.2,1,401,76,161,17,SDM-HSsrc,arc labels,,0.6117611336032389,0.2560386473429952,0.6973684210526315
Right,contig,RTT,HTL,4,0.2,1,401,76,161,17,SDM-PCA,arc labels,32.0,0.4774089068825911,0.15384615384615385,0.15789473684210525
Right,contig,RTT,HTL,4,0.3,1,401,76,241,25,NoAdapt,nothing,,0.6119838056680162,0.23776223776223776,0.8947368421052632
Right,contig,RTT,HTL,4,0.3,1,401,76,241,25,TargetOnly,arc labels,,0.5565789473684211,0.23076923076923078,0.5131578947368421
Right,contig,RTT,HTL,4,0.3,1,401,76,241,25,Source+Target,arc labels,,0.5745344129554656,0.21637426900584794,0.9736842105263158
Right,contig,RTT,HTL,4,0.3,1,401,76,241,25,COT,arc labels,,0.5250607287449393,0.2112676056338028,0.39473684210526316
Right,contig,RTT,HTL,4,0.3,1,401,76,241,25,none-HS4,arc labels,,0.6266801619433198,0.24390243902439024,0.9210526315789473
Right,contig,RTT,HTL,4,0.3,1,401,76,241,25,none-HSsrc,nothing,,0.5978744939271255,0.2282958199356913,0.9342105263157895
Right,contig,RTT,HTL,4,0.3,1,401,76,241,25,none-PCA,arc segments,16.0,0.5856072874493927,0.23660714285714285,0.6973684210526315
Right,contig,RTT,HTL,4,0.3,1,401,76,241,25,QOTu-HS4,arc labels,,0.6373886639676113,0.26576576576576577,0.7763157894736842
Right,contig,RTT,HTL,4,0.3,1,401,76,241,25,QOTu-HSsrc,arc segments,,0.6424291497975708,0.26785714285714285,0.7894736842105263
Right,contig,RTT,HTL,4,0.3,1,401,76,241,25,QOTu-PCA,arc segments,16.0,0.6131376518218623,0.2648648648648649,0.6447368421052632
Right,contig,RTT,HTL,4,0.3,1,401,76,241,25,QOTc-HS4,arc labels,,0.6085829959514171,0.24390243902439024,0.7894736842105263
Right,contig,RTT,HTL,4,0.3,1,401,76,241,25,QOTc-HSsrc,arc labels,,0.5867813765182186,0.22826086956521738,0.8289473684210527
Right,contig,RTT,HTL,4,0.3,1,401,76,241,25,QOTc-PCA,arc labels,64.0,0.4798582995951417,0.1724137931034483,0.32894736842105265
Right,contig,RTT,HTL,4,0.3,1,401,76,241,25,SDM-HS4,arc labels,,0.6021052631578947,0.25,0.6842105263157895
Right,contig,RTT,HTL,4,0.3,1,401,76,241,25,SDM-HSsrc,arc labels,,0.6042307692307692,0.2446351931330472,0.75
Right,contig,RTT,HTL,4,0.3,1,401,76,241,25,SDM-PCA,arc labels,32.0,0.4409109311740891,0.12149532710280374,0.17105263157894737
Right,contig,RTT,HTL,4,0.5,1,401,76,381,77,NoAdapt,nothing,,0.6119838056680162,0.23776223776223776,0.8947368421052632
Right,contig,RTT,HTL,4,0.5,1,401,76,381,77,TargetOnly,arc labels,,0.5993522267206478,0.23809523809523808,0.7894736842105263
Right,contig,RTT,HTL,4,0.5,1,401,76,381,77,Source+Target,arc labels,,0.5576113360323887,0.2096317280453258,0.9736842105263158
Right,contig,RTT,HTL,4,0.5,1,401,76,381,77,COT,arc labels,,0.5220445344129554,0.20297029702970298,0.5394736842105263
Right,contig,RTT,HTL,4,0.5,1,401,76,381,77,none-HS4,arc labels,,0.6196761133603239,0.24199288256227758,0.8947368421052632
Right,contig,RTT,HTL,4,0.5,1,401,76,381,77,none-HSsrc,nothing,,0.5978744939271255,0.2282958199356913,0.9342105263157895
Right,contig,RTT,HTL,4,0.5,1,401,76,381,77,none-PCA,arc segments,16.0,0.588421052631579,0.23529411764705882,0.7368421052631579
Right,contig,RTT,HTL,4,0.5,1,401,76,381,77,QOTu-HS4,arc labels,,0.6400404858299595,0.26976744186046514,0.7631578947368421
Right,contig,RTT,HTL,4,0.5,1,401,76,381,77,QOTu-HSsrc,arc segments,,0.6400404858299595,0.26976744186046514,0.7631578947368421
Right,contig,RTT,HTL,4,0.5,1,401,76,381,77,QOTu-PCA,arc segments,32.0,0.647246963562753,0.3129251700680272,0.6052631578947368
Right,contig,RTT,HTL,4,0.5,1,401,76,381,77,QOTc-HS4,arc labels,,0.6168623481781377,0.24344569288389514,0.8552631578947368
Right,contig,RTT,HTL,4,0.5,1,401,76,381,77,QOTc-HSsrc,arc labels,,0.6130971659919028,0.2392857142857143,0.881578947368421
Right,contig,RTT,HTL,4,0.5,1,401,76,381,77,QOTc-PCA,arc labels,32.0,0.5840688259109311,0.23555555555555555,0.6973684210526315
Right,contig,RTT,HTL,4,0.5,1,401,76,381,77,SDM-HS4,arc labels,,0.5674089068825912,0.22727272727272727,0.6578947368421053
Right,contig,RTT,HTL,4,0.5,1,401,76,381,77,SDM-HSsrc,arc labels,,0.6236032388663968,0.2422145328719723,0.9210526315789473
Right,contig,RTT,HTL,4,0.5,1,401,76,381,77,SDM-PCA,arc labels,64.0,0.48163967611336034,0.18351063829787234,0.9078947368421053
Right,contig,RTT,HTL,5,0.05,1,401,93,40,3,NoAdapt,nothing,,0.5651619885490853,0.2669172932330827,0.7634408602150538
Right,contig,RTT,HTL,5,0.05,1,401,93,40,3,TargetOnly,arc labels,,0.49996508867476613,0.2318840579710145,0.34408602150537637
Right,contig,RTT,HTL,5,0.05,1,401,93,40,3,Source+Target,arc labels,,0.5464844295489457,0.2532051282051282,0.8494623655913979
Right,contig,RTT,HTL,5,0.05,1,401,93,40,3,COT,arc labels,,0.5064935064935064,0.23425692695214106,1.0
Right,contig,RTT,HTL,5,0.05,1,401,93,40,3,none-HS4,arc labels,,0.5747975143136433,0.27106227106227104,0.7956989247311828
Right,contig,RTT,HTL,5,0.05,1,401,93,40,3,none-HSsrc,nothing,,0.5739770981706466,0.2662337662337662,0.8817204301075269
Right,contig,RTT,HTL,5,0.05,1,401,93,40,3,none-PCA,arc segments,8.0,0.5763336126239352,0.2824074074074074,0.6559139784946236
Right,contig,RTT,HTL,5,0.05,1,401,93,40,3,QOTu-HS4,arc labels,,0.5976295210166178,0.2886178861788618,0.7634408602150538
Right,contig,RTT,HTL,5,0.05,1,401,93,40,3,QOTu-HSsrc,arc segments,,0.6051354559419075,0.292,0.7849462365591398
Right,contig,RTT,HTL,5,0.05,1,401,93,40,3,QOTu-PCA,arc segments,8.0,0.5977517106549364,0.3170731707317073,0.5591397849462365
Right,contig,RTT,HTL,5,0.05,1,401,93,40,3,QOTc-HS4,arc labels,,0.4958106409719313,0.226890756302521,0.2903225806451613
Right,contig,RTT,HTL,5,0.05,1,401,93,40,3,QOTc-HSsrc,arc labels,,0.5598903784387655,0.26587301587301587,0.7204301075268817
Right,contig,RTT,HTL,5,0.05,1,401,93,40,3,QOTc-PCA,arc labels,64.0,0.45260787599497276,0.1323529411764706,0.0967741935483871
Right,contig,RTT,HTL,5,0.05,1,401,93,40,3,SDM-HS4,arc labels,,0.43626937578550484,0.13186813186813187,0.12903225806451613
Right,contig,RTT,HTL,5,0.05,1,401,93,40,3,SDM-HSsrc,arc labels,,0.5745007680491552,0.2757201646090535,0.7204301075268817
Right,contig,RTT,HTL,5,0.05,1,401,93,40,3,SDM-PCA,arc labels,8.0,0.3592549923195084,0.10625,0.1827956989247312
Right,contig,RTT,HTL,5,0.1,1,401,93,80,4,NoAdapt,nothing,,0.5651619885490853,0.2669172932330827,0.7634408602150538
Right,contig,RTT,HTL,5,0.1,1,401,93,80,4,TargetOnly,arc labels,,0.5198470883954756,0.2517482517482518,0.3870967741935484
Right,contig,RTT,HTL,5,0.1,1,401,93,80,4,Source+Target,arc labels,,0.549731182795699,0.25483870967741934,0.8494623655913979
Right,contig,RTT,HTL,5,0.1,1,401,93,80,4,COT,arc labels,,0.479576874738165,0.20930232558139536,0.2903225806451613
Right,contig,RTT,HTL,5,0.1,1,401,93,80,4,none-HS4,arc labels,,0.5759146767211283,0.27238805970149255,0.7849462365591398
Right,contig,RTT,HTL,5,0.1,1,401,93,80,4,none-HSsrc,nothing,,0.5739770981706466,0.2662337662337662,0.8817204301075269
Right,contig,RTT,HTL,5,0.1,1,401,93,80,4,none-PCA,arc segments,8.0,0.586073872364195,0.2904761904761905,0.6559139784946236
Right,contig,RTT,HTL,5,0.1,1,401,93,80,4,QOTu-HS4,arc labels,,0.5918516966904064,0.2894736842105263,0.7096774193548387
Right,contig,RTT,HTL,5,0.1,1,401,93,80,4,QOTu-HSsrc,arc segments,,0.5993576316156961,0.29310344827586204,0.7311827956989247
Right,contig,RTT,HTL,5,0.1,1,401,93,80,4,QOTu-PCA,arc segments,8.0,0.6065668202764977,0.3058252427184466,0.6774193548387096
Right,contig,RTT,HTL,5,0.1,1,401,93,80,4,QOTc-HS4,arc labels,,0.526323139226365,0.25,0.5591397849462365
Right,contig,RTT,HTL,5,0.1,1,401,93,80,4,QOTc-HSsrc,arc labels,,0.5758273984080435,0.2830188679245283,0.6451612903225806
Right,contig,RTT,HTL,5,0.1,1,401,93,80,4,QOTc-PCA,arc labels,32.0,0.4761555648652423,0.05263157894736842,0.010752688172043012
Right,contig,RTT,HTL,5,0.1,1,401,93,80,4,SDM-HS4,arc labels,,0.5573767630219243,0.2822085889570552,0.4946236559139785
Right,contig,RTT,HTL,5,0.1,1,401,93,80,4,SDM-HSsrc,arc labels,,0.5815179444211702,0.2988505747126437,0.5591397849462365
Right,contig,RTT,HTL,5,0.1,1,401,93,80,4,SDM-PCA,arc labels,32.0,0.4703602848764139,0.17142857142857143,0.12903225806451613
Right,contig,RTT,HTL,5,0.2,1,401,93,161,12,NoAdapt,nothing,,0.5651619885490853,0.2669172932330827,0.7634408602150538
Right,contig,RTT,HTL,5,0.2,1,401,93,161,12,TargetOnly,arc labels,,0.5609377181957826,0.30327868852459017,0.3978494623655914
Right,contig,RTT,HTL,5,0.2,1,401,93,161,12,Source+Target,arc labels,,0.5279116045245077,0.24347826086956523,0.9032258064516129
Right,contig,RTT,HTL,5,0.2,1,401,93,161,12,COT,arc labels,,0.5121491411813992,0.25,0.25806451612903225
Right,contig,RTT,HTL,5,0.2,1,401,93,161,12,none-HS4,arc labels,,0.572667923474375,0.27037037037037037,0.7849462365591398
Right,contig,RTT,HTL,5,0.2,1,401,93,161,12,none-HSsrc,nothing,,0.5739770981706466,0.2662337662337662,0.8817204301075269
Right,contig,RTT,HTL,5,0.2,1,401,93,161,12,none-PCA,arc segments,8.0,0.5893206256109482,0.2932692307692308,0.6559139784946236
Right,contig,RTT,HTL,5,0.2,1,401,93,161,12,QOTu-HS4,arc labels,,0.5987466834241028,0.29045643153526973,0.7526881720430108
Right,contig,RTT,HTL,5,0.2,1,401,93,161,12,QOTu-HSsrc,arc segments,,0.6052401899176093,0.29535864978902954,0.7526881720430108
Right,contig,RTT,HTL,5,0.2,1,401,93,161,12,QOTu-PCA,arc segments,8.0,0.6043324954615277,0.30092592592592593,0.6989247311827957
Right,contig,RTT,HTL,5,0.2,1,401,93,161,12,QOTc-HS4,arc labels,,0.5396243541404832,0.2670807453416149,0.46236559139784944
Right,contig,RTT,HTL,5,0.2,1,401,93,161,12,QOTc-HSsrc,arc labels,,0.6080854629241725,0.30275229357798167,0.7096774193548387
Right,contig,RTT,HTL,5,0.2,1,401,93,161,12,QOTc-PCA,arc labels,64.0,0.5084136293813714,0.28,0.07526881720430108
Right,contig,RTT,HTL,5,0.2,1,401,93,161,12,SDM-HS4,arc labels,,0.563067309035051,0.304,0.40860215053763443
Right,contig,RTT,HTL,5,0.2,1,401,93,161,12,SDM-HSsrc,arc labels,,0.5917644183773216,0.3081395348837209,0.5698924731182796
Right,contig,RTT,HTL,5,0.2,1,401,93,161,12,SDM-PCA,arc labels,64.0,0.496281943862589,0.22988505747126436,0.6451612903225806
Right,contig,RTT,HTL,5,0.3,1,401,93,241,29,NoAdapt,nothing,,0.5651619885490853,0.2669172932330827,0.7634408602150538
Right,contig,RTT,HTL,5,0.3,1,401,93,241,29,TargetOnly,arc labels,,0.541561932690965,0.2809917355371901,0.3655913978494624
Right,contig,RTT,HTL,5,0.3,1,401,93,241,29,Source+Target,arc labels,,0.5186775590001397,0.23943661971830985,0.9139784946236559
Right,contig,RTT,HTL,5,0.3,1,401,93,241,29,COT,arc labels,,0.4890203882139366,0.21505376344086022,0.21505376344086022
Right,contig,RTT,HTL,5,0.3,1,401,93,241,29,none-HS4,arc labels,,0.5742913000977516,0.27137546468401486,0.7849462365591398
Right,contig,RTT,HTL,5,0.3,1,401,93,241,29,none-HSsrc,nothing,,0.5739770981706466,0.2662337662337662,0.8817204301075269
Right,contig,RTT,HTL,5,0.3,1,401,93,241,29,none-PCA,arc segments,8.0,0.5893206256109482,0.2932692307692308,0.6559139784946236
Right,contig,RTT,HTL,5,0.3,1,401,93,241,29,QOTu-HS4,arc labels,,0.6108260019550342,0.30660377358490565,0.6989247311827957
Right,contig,RTT,HTL,5,0.3,1,401,93,241,29,QOTu-HSsrc,arc segments,,0.6070730344923894,0.3047619047619048,0.6881720430107527
Right,contig,RTT,HTL,5,0.3,1,401,93,241,29,QOTu-PCA,arc segments,8.0,0.6109307359307359,0.31155778894472363,0.6666666666666666
Right,contig,RTT,HTL,5,0.3,1,401,93,241,29,QOTc-HS4,arc labels,,0.5547409579667644,0.28205128205128205,0.4731182795698925
Right,contig,RTT,HTL,5,0.3,1,401,93,241,29,QOTc-HSsrc,arc labels,,0.5956046641530512,0.29130434782608694,0.7204301075268817
Right,contig,RTT,HTL,5,0.3,1,401,93,241,29,QOTc-PCA,arc labels,64.0,0.5191488618907973,0.2604166666666667,0.26881720430107525
Right,contig,RTT,HTL,5,0.3,1,401,93,241,29,SDM-HS4,arc labels,,0.5645859516827259,0.29927007299270075,0.44086021505376344
Right,contig,RTT,HTL,5,0.3,1,401,93,241,29,SDM-HSsrc,arc labels,,0.5766478145510403,0.2937853107344633,0.5591397849462365
Right,contig,RTT,HTL,5,0.3,1,401,93,241,29,SDM-PCA,arc labels,64.0,0.46177209886887305,0.2155688622754491,0.7741935483870968
Right,contig,RTT,HTL,5,0.5,1,401,93,380,70,NoAdapt,nothing,,0.5651619885490853,0.2669172932330827,0.7634408602150538
Right,contig,RTT,HTL,5,0.5,1,401,93,380,70,TargetOnly,arc labels,,0.5548282362798492,0.2688679245283019,0.6129032258064516
Right,contig,RTT,HTL,5,0.5,1,401,93,380,70,Source+Target,arc labels,,0.5262882279011312,0.24277456647398843,0.9032258064516129
Right,contig,RTT,HTL,5,0.5,1,401,93,380,70,COT,arc labels,,0.511520737327189,0.2413793103448276,0.45161290322580644
Right,contig,RTT,HTL,5,0.5,1,401,93,380,70,none-HS4,arc labels,,0.5725631894986734,0.26855123674911663,0.8172043010752689
Right,contig,RTT,HTL,5,0.5,1,401,93,380,70,none-HSsrc,nothing,,0.5739770981706466,0.2662337662337662,0.8817204301075269
Right,contig,RTT,HTL,5,0.5,1,401,93,380,70,none-PCA,arc segments,8.0,0.5909440022343249,0.2946859903381642,0.6559139784946236
Right,contig,RTT,HTL,5,0.5,1,401,93,380,70,QOTu-HS4,arc labels,,0.5937892752408882,0.30319148936170215,0.6129032258064516
Right,contig,RTT,HTL,5,0.5,1,401,93,380,70,QOTu-HSsrc,arc segments,,0.5975422427035331,0.30526315789473685,0.6236559139784946
Right,contig,RTT,HTL,5,0.5,1,401,93,380,70,QOTu-PCA,arc segments,8.0,0.6149979053204859,0.3333333333333333,0.5806451612903226
Right,contig,RTT,HTL,5,0.5,1,401,93,380,70,QOTc-HS4,arc labels,,0.5751117162407485,0.2777777777777778,0.6989247311827957
Right,contig,RTT,HTL,5,0.5,1,401,93,380,70,QOTc-HSsrc,arc labels,,0.5819019689987432,0.27692307692307694,0.7741935483870968
Right,contig,RTT,HTL,5,0.5,1,401,93,380,70,QOTc-PCA,arc labels,64.0,0.4738688730624214,0.21610169491525424,0.5483870967741935
Right,contig,RTT,HTL,5,0.5,1,401,93,380,70,SDM-HS4,arc labels,,0.5745182237117721,0.29310344827586204,0.5483870967741935
Right,contig,RTT,HTL,5,0.5,1,401,93,380,70,SDM-HSsrc,arc labels,,0.5911360145231113,0.284,0.7634408602150538
Right,contig,RTT,HTL,5,0.5,1,401,93,380,70,SDM-PCA,arc labels,64.0,0.4668342410277894,0.2192513368983957,0.8817204301075269
Right,contig,RTT,HTL,6,0.05,1,401,87,40,2,NoAdapt,nothing,,0.5515594113771141,0.2441860465116279,0.7241379310344828
Right,contig,RTT,HTL,6,0.05,1,401,87,40,2,TargetOnly,arc labels,,0.509627351929131,0.29411764705882354,0.05747126436781609
Right,contig,RTT,HTL,6,0.05,1,401,87,40,2,Source+Target,arc labels,,0.5334943992971667,0.23232323232323232,0.7931034482758621
Right,contig,RTT,HTL,6,0.05,1,401,87,40,2,COT,arc labels,,0.5137821216780145,0.3157894736842105,0.06896551724137931
Right,contig,RTT,HTL,6,0.05,1,401,87,40,2,none-HS4,arc labels,,0.5821619445054542,0.2620967741935484,0.7471264367816092
Right,contig,RTT,HTL,6,0.05,1,401,87,40,2,none-HSsrc,nothing,,0.5908924518632404,0.2605633802816901,0.8505747126436781
Right,contig,RTT,HTL,6,0.05,1,401,87,40,2,none-PCA,arc segments,8.0,0.5631817849037265,0.26,0.5977011494252874
Right,contig,RTT,HTL,6,0.05,1,401,87,40,2,QOTu-HS4,arc labels,,0.5787575957244308,0.27624309392265195,0.5747126436781609
Right,contig,RTT,HTL,6,0.05,1,401,87,40,2,QOTu-HSsrc,arc segments,,0.5940588622886009,0.2897727272727273,0.5862068965517241
Right,contig,RTT,HTL,6,0.05,1,401,87,40,2,QOTu-PCA,arc segments,16.0,0.5907277253093198,0.3106060606060606,0.47126436781609193
Right,contig,RTT,HTL,6,0.05,1,401,87,40,2,QOTc-HS4,arc labels,,0.5051248261219708,0.3333333333333333,0.022988505747126436
Right,contig,RTT,HTL,6,0.05,1,401,87,40,2,QOTc-HSsrc,arc labels,,0.604290211582107,0.3902439024390244,0.367816091954023
Right,contig,RTT,HTL,6,0.05,1,401,87,40,2,QOTc-PCA,arc labels,64.0,0.5092795958708544,0.375,0.034482758620689655
Right,contig,RTT,HTL,6,0.05,1,401,87,40,2,SDM-HS4,arc labels,,0.5140566659345487,0.6,0.034482758620689655
Right,contig,RTT,HTL,6,0.05,1,401,87,40,2,SDM-HSsrc,arc labels,,0.5671718280986895,0.4,0.22988505747126436
Right,contig,RTT,HTL,6,0.05,1,401,87,40,2,SDM-PCA,arc labels,32.0,0.5060948824950582,0.3,0.034482758620689655
Right,contig,RTT,HTL,6,0.1,1,401,87,80,9,NoAdapt,nothing,,0.5515594113771141,0.2441860465116279,0.7241379310344828
Right,contig,RTT,HTL,6,0.1,1,401,87,80,9,TargetOnly,arc labels,,0.5210666959513874,0.24509803921568626,0.28735632183908044
Right,contig,RTT,HTL,6,0.1,1,401,87,80,9,Source+Target,arc labels,,0.5384178929643458,0.2323529411764706,0.9080459770114943
Right,contig,RTT,HTL,6,0.1,1,401,87,80,9,COT,arc labels,,0.4818068672670034,0.1919191919191919,0.21839080459770116
Right,contig,RTT,HTL,6,0.1,1,401,87,80,9,none-HS4,arc labels,,0.5837543011933524,0.2631578947368421,0.7471264367816092
Right,contig,RTT,HTL,6,0.1,1,401,87,80,9,none-HSsrc,nothing,,0.5908924518632404,0.2605633802816901,0.8505747126436781
Right,contig,RTT,HTL,6,0.1,1,401,87,80,9,none-PCA,arc segments,8.0,0.5647741415916245,0.2613065326633166,0.5977011494252874
Right,contig,RTT,HTL,6,0.1,1,401,87,80,9,QOTu-HS4,arc labels,,0.6107511530858775,0.2898550724637681,0.6896551724137931
Right,contig,RTT,HTL,6,0.1,1,401,87,80,9,QOTu-HSsrc,arc segments,,0.6097810967127901,0.29064039408866993,0.6781609195402298
Right,contig,RTT,HTL,6,0.1,1,401,87,80,9,QOTu-PCA,arc segments,8.0,0.5883849476535618,0.2777777777777778,0.632183908045977
Right,contig,RTT,HTL,6,0.1,1,401,87,80,9,QOTc-HS4,arc labels,,0.5687092759352808,0.2878787878787879,0.4367816091954023
Right,contig,RTT,HTL,6,0.1,1,401,87,80,9,QOTc-HSsrc,arc labels,,0.5989823559557801,0.2785388127853881,0.7011494252873564
Right,contig,RTT,HTL,6,0.1,1,401,87,80,9,QOTc-PCA,arc labels,64.0,0.5148986016545868,0.2463768115942029,0.19540229885057472
Right,contig,RTT,HTL,6,0.1,1,401,87,80,9,SDM-HS4,arc labels,,0.5807526173219123,0.32075471698113206,0.39080459770114945
Right,contig,RTT,HTL,6,0.1,1,401,87,80,9,SDM-HSsrc,arc labels,,0.5953034629182223,0.29518072289156627,0.5632183908045977
Right,contig,RTT,HTL,6,0.1,1,401,87,80,9,SDM-PCA,arc labels,16.0,0.5716743539058496,0.3770491803278688,0.26436781609195403
Right,contig,RTT,HTL,6,0.2,1,401,87,161,24,NoAdapt,nothing,,0.5515594113771141,0.2441860465116279,0.7241379310344828
Right,contig,RTT,HTL,6,0.2,1,401,87,161,24,TargetOnly,arc labels,,0.5520352880884398,0.25120772946859904,0.5977011494252874
Right,contig,RTT,HTL,6,0.2,1,401,87,161,24,Source+Target,arc labels,,0.541602606340142,0.23372781065088757,0.9080459770114943
Right,contig,RTT,HTL,6,0.2,1,401,87,161,24,COT,arc labels,,0.5543963686946336,0.24696356275303644,0.7011494252873564
Right,contig,RTT,HTL,6,0.2,1,401,87,161,24,none-HS4,arc labels,,0.5617358518193133,0.25101214574898784,0.7126436781609196
Right,contig,RTT,HTL,6,0.2,1,401,87,161,24,none-HSsrc,nothing,,0.5908924518632404,0.2605633802816901,0.8505747126436781
Right,contig,RTT,HTL,6,0.2,1,401,87,161,24,none-PCA,arc segments,8.0,0.5663664982795227,0.26262626262626265,0.5977011494252874
Right,contig,RTT,HTL,6,0.2,1,401,87,161,24,QOTu-HS4,arc labels,,0.5730104692876492,0.2722222222222222,0.5632183908045977
Right,contig,RTT,HTL,6,0.2,1,401,87,161,24,QOTu-HSsrc,arc segments,,0.5950289186616883,0.28888888888888886,0.5977011494252874
Right,contig,RTT,HTL,6,0.2,1,401,87,161,24,QOTu-PCA,arc segments,8.0,0.5854747785342997,0.27956989247311825,0.5977011494252874
Right,contig,RTT,HTL,6,0.2,1,401,87,161,24,QOTc-HS4,arc labels,,0.5415843033897064,0.2413793103448276,0.6436781609195402
Right,contig,RTT,HTL,6,0.2,1,401,87,161,24,QOTc-HSsrc,arc labels,,0.6011970129584889,0.28169014084507044,0.6896551724137931
Right,contig,RTT,HTL,6,0.2,1,401,87,161,24,QOTc-PCA,arc labels,64.0,0.5543780657441979,0.2695035460992908,0.4367816091954023
Right,contig,RTT,HTL,6,0.2,1,401,87,161,24,SDM-HS4,arc labels,,0.5255143129072406,0.23469387755102042,0.5287356321839081
Right,contig,RTT,HTL,6,0.2,1,401,87,161,24,SDM-HSsrc,arc labels,,0.6002269565854015,0.2822966507177033,0.6781609195402298
Right,contig,RTT,HTL,6,0.2,1,401,87,161,24,SDM-PCA,arc labels,64.0,0.503660590087122,0.21839080459770116,0.8735632183908046
Right,contig,RTT,HTL,6,0.3,1,401,87,241,39,NoAdapt,nothing,,0.5515594113771141,0.2441860465116279,0.7241379310344828
Right,contig,RTT,HTL,6,0.3,1,401,87,241,39,TargetOnly,arc labels,,0.5490519071674353,0.2558139534883721,0.5057471264367817
Right,contig,RTT,HTL,6,0.3,1,401,87,241,39,Source+Target,arc labels,,0.5352331795885497,0.2309941520467836,0.9080459770114943
Right,contig,RTT,HTL,6,0.3,1,401,87,241,39,COT,arc labels,,0.5454462259316202,0.2605633802816901,0.42528735632183906
Right,contig,RTT,HTL,6,0.3,1,401,87,241,39,none-HS4,arc labels,,0.5805695878175562,0.26104417670682734,0.7471264367816092
Right,contig,RTT,HTL,6,0.3,1,401,87,241,39,none-HSsrc,nothing,,0.5908924518632404,0.2605633802816901,0.8505747126436781
Right,contig,RTT,HTL,6,0.3,1,401,87,241,39,none-PCA,arc segments,8.0,0.5663664982795227,0.26262626262626265,0.5977011494252874
Right,contig,RTT,HTL,6,0.3,1,401,87,241,39,QOTu-HS4,arc labels,,0.5845047221612123,0.2802197802197802,0.5862068965517241
Right,contig,RTT,HTL,6,0.3,1,401,87,241,39,QOTu-HSsrc,arc segments,,0.5838824218464016,0.27807486631016043,0.5977011494252874
Right,contig,RTT,HTL,6,0.3,1,401,87,241,39,QOTu-PCA,arc segments,8.0,0.5819423091002269,0.27932960893854747,0.5747126436781609
Right,contig,RTT,HTL,6,0.3,1,401,87,241,39,QOTc-HS4,arc labels,,0.556116846035581,0.25806451612903225,0.5517241379310345
Right,contig,RTT,HTL,6,0.3,1,401,87,241,39,QOTc-HSsrc,arc labels,,0.6053517827073724,0.2837209302325581,0.7011494252873564
Right,contig,RTT,HTL,6,0.3,1,401,87,241,39,QOTc-PCA,arc labels,64.0,0.5263379456768431,0.24025974025974026,0.42528735632183906
Right,contig,RTT,HTL,6,0.3,1,401,87,241,39,SDM-HS4,arc labels,,0.5703748444249213,0.2792207792207792,0.4942528735632184
Right,contig,RTT,HTL,6,0.3,1,401,87,241,39,SDM-HSsrc,arc labels,,0.6209275935280767,0.3010204081632653,0.6781609195402298
Right,contig,RTT,HTL,6,0.3,1,401,87,241,39,SDM-PCA,arc labels,64.0,0.5079617834394905,0.2196969696969697,1.0
Right,contig,RTT,HTL,6,0.5,1,401,87,380,78,NoAdapt,nothing,,0.5515594113771141,0.2441860465116279,0.7241379310344828
Right,contig,RTT,HTL,6,0.5,1,401,87,380,78,TargetOnly,arc labels,,0.5545244893476828,0.25668449197860965,0.5517241379310345
Right,contig,RTT,HTL,6,0.5,1,401,87,380,78,Source+Target,arc labels,,0.5412548502818655,0.23404255319148937,0.8850574712643678
Right,contig,RTT,HTL,6,0.5,1,401,87,380,78,COT,arc labels,,0.49421626766234716,0.2127659574468085,0.45977011494252873
Right,contig,RTT,HTL,6,0.5,1,401,87,380,78,none-HS4,arc labels,,0.5697708470605461,0.2528301886792453,0.7701149425287356
Right,contig,RTT,HTL,6,0.5,1,401,87,380,78,none-HSsrc,nothing,,0.5908924518632404,0.2605633802816901,0.8505747126436781
Right,contig,RTT,HTL,6,0.5,1,401,87,380,78,none-PCA,arc segments,8.0,0.5679588549674208,0.2639593908629442,0.5977011494252874
Right,contig,RTT,HTL,6,0.5,1,401,87,380,78,QOTu-HS4,arc labels,,0.5646277179881397,0.27450980392156865,0.4827586206896552
Right,contig,RTT,HTL,6,0.5,1,401,87,380,78,QOTu-HSsrc,arc segments,,0.5888608243648876,0.29931972789115646,0.5057471264367817
Right,contig,RTT,HTL,6,0.5,1,401,87,380,78,QOTu-PCA,arc segments,8.0,0.6025697342411597,0.3146853146853147,0.5172413793103449
Right,contig,RTT,HTL,6,0.5,1,401,87,380,78,QOTc-HS4,arc labels,,0.5744014935207555,0.2638888888888889,0.6551724137931034
Right,contig,RTT,HTL,6,0.5,1,401,87,380,78,QOTc-HSsrc,arc labels,,0.6005747126436782,0.2798165137614679,0.7011494252873564
Right,contig,RTT,HTL,6,0.5,1,401,87,380,78,QOTc-PCA,arc labels,64.0,0.5357639651511823,0.2403846153846154,0.5747126436781609
Right,contig,RTT,HTL,6,0.5,1,401,87,380,78,SDM-HS4,arc labels,,0.5800021963540523,0.2807017543859649,0.5517241379310345
Right,contig,RTT,HTL,6,0.5,1,401,87,380,78,SDM-HSsrc,arc labels,,0.5993301120140566,0.27631578947368424,0.7241379310344828
Right,contig,RTT,HTL,6,0.5,1,401,87,380,78,SDM-PCA,arc labels,64.0,0.5069917270664032,0.2193877551020408,0.9885057471264368
Right,contig,RTT,HTL,7,0.05,1,401,84,40,8,NoAdapt,nothing,,0.5175191527715187,0.21839080459770116,0.6785714285714286
Right,contig,RTT,HTL,7,0.05,1,401,84,40,8,TargetOnly,arc labels,,0.5343059936908517,0.22580645161290322,0.75
Right,contig,RTT,HTL,7,0.05,1,401,84,40,8,Source+Target,arc labels,,0.5338928946973112,0.22324159021406728,0.8690476190476191
Right,contig,RTT,HTL,7,0.05,1,401,84,40,8,COT,arc labels,,0.5,0.20947630922693267,1.0
Right,contig,RTT,HTL,7,0.05,1,401,84,40,8,none-HS4,arc labels,,0.5515059336037254,0.23694779116465864,0.7023809523809523
Right,contig,RTT,HTL,7,0.05,1,401,84,40,8,none-HSsrc,nothing,,0.5751089079164788,0.24548736462093862,0.8095238095238095
Right,contig,RTT,HTL,7,0.05,1,401,84,40,8,none-PCA,arc segments,8.0,0.5212370437133844,0.2217391304347826,0.6071428571428571
Right,contig,RTT,HTL,7,0.05,1,401,84,40,8,QOTu-HS4,arc labels,,0.5739447198437735,0.25217391304347825,0.6904761904761905
Right,contig,RTT,HTL,7,0.05,1,401,84,40,8,QOTu-HSsrc,arc segments,,0.6106354213609734,0.3018867924528302,0.5714285714285714
Right,contig,RTT,HTL,7,0.05,1,401,84,40,8,QOTu-PCA,arc segments,8.0,0.5340055580591858,0.22821576763485477,0.6547619047619048
Right,contig,RTT,HTL,7,0.05,1,401,84,40,8,QOTc-HS4,arc labels,,0.6138463271744029,0.34210526315789475,0.4642857142857143
Right,contig,RTT,HTL,7,0.05,1,401,84,40,8,QOTc-HSsrc,arc labels,,0.6123065945621151,0.2772727272727273,0.7261904761904762
Right,contig,RTT,HTL,7,0.05,1,401,84,40,8,QOTc-PCA,arc labels,64.0,0.4987231485654199,0.20512820512820512,0.09523809523809523
Right,contig,RTT,HTL,7,0.05,1,401,84,40,8,SDM-HS4,arc labels,,0.6053965750337991,0.30405405405405406,0.5357142857142857
Right,contig,RTT,HTL,7,0.05,1,401,84,40,8,SDM-HSsrc,arc labels,,0.603199639477242,0.27149321266968324,0.7142857142857143
Right,contig,RTT,HTL,7,0.05,1,401,84,40,8,SDM-PCA,arc labels,8.0,0.5943555655700766,0.2903225806451613,0.5357142857142857
Right,contig,RTT,HTL,7,0.1,1,401,84,80,19,NoAdapt,nothing,,0.5175191527715187,0.21839080459770116,0.6785714285714286
Right,contig,RTT,HTL,7,0.1,1,401,84,80,19,TargetOnly,arc labels,,0.5766298633017876,0.2413793103448276,0.9166666666666666
Right,contig,RTT,HTL,7,0.1,1,401,84,80,19,Source+Target,arc labels,,0.5244291722998348,0.21921921921921922,0.8690476190476191
Right,contig,RTT,HTL,7,0.1,1,401,84,80,19,COT,arc labels,,0.4888275499474238,0.2033195020746888,0.5833333333333334
Right,contig,RTT,HTL,7,0.1,1,401,84,80,19,none-HS4,arc labels,,0.5637674628210906,0.24390243902439024,0.7142857142857143
Right,contig,RTT,HTL,7,0.1,1,401,84,80,19,none-HSsrc,nothing,,0.5751089079164788,0.24548736462093862,0.8095238095238095
Right,contig,RTT,HTL,7,0.1,1,401,84,80,19,none-PCA,arc segments,8.0,0.5191527715187021,0.22119815668202766,0.5714285714285714
Right,contig,RTT,HTL,7,0.1,1,401,84,80,19,QOTu-HS4,arc labels,,0.5948625506985128,0.28402366863905326,0.5714285714285714
Right,contig,RTT,HTL,7,0.1,1,401,84,80,19,QOTu-HSsrc,arc segments,,0.5881027489860298,0.3103448275862069,0.42857142857142855
Right,contig,RTT,HTL,7,0.1,1,401,84,80,19,QOTu-PCA,arc segments,16.0,0.5827136848430223,0.3372093023255814,0.34523809523809523
Right,contig,RTT,HTL,7,0.1,1,401,84,80,19,QOTc-HS4,arc labels,,0.5450841219768664,0.22713864306784662,0.9166666666666666
Right,contig,RTT,HTL,7,0.1,1,401,84,80,19,QOTc-HSsrc,arc labels,,0.6434016824395373,0.34265734265734266,0.5833333333333334
Right,contig,RTT,HTL,7,0.1,1,401,84,80,19,QOTc-PCA,arc labels,64.0,0.5326348204897101,0.22935779816513763,0.5952380952380952
Right,contig,RTT,HTL,7,0.1,1,401,84,80,19,SDM-HS4,arc labels,,0.491212257773772,0.2054794520547945,0.7142857142857143
Right,contig,RTT,HTL,7,0.1,1,401,84,80,19,SDM-HSsrc,arc labels,,0.6269716088328076,0.35,0.5
Right,contig,RTT,HTL,7,0.1,1,401,84,80,19,SDM-PCA,arc labels,64.0,0.5063091482649842,0.21158690176322417,1.0
Right,contig,RTT,HTL,7,0.2,1,401,84,161,32,NoAdapt,nothing,,0.5175191527715187,0.21839080459770116,0.6785714285714286
Right,contig,RTT,HTL,7,0.2,1,401,84,161,32,TargetOnly,arc labels,,0.5885534024335286,0.2774566473988439,0.5714285714285714
Right,contig,RTT,HTL,7,0.2,1,401,84,161,32,Source+Target,arc labels,,0.5240724049872315,0.21893491124260356,0.8809523809523809
Right,contig,RTT,HTL,7,0.2,1,401,84,161,32,COT,arc labels,,0.5735879525311702,0.251063829787234,0.7023809523809523
Right,contig,RTT,HTL,7,0.2,1,401,84,161,32,none-HS4,arc labels,,0.5546605077362174,0.2388663967611336,0.7023809523809523
Right,contig,RTT,HTL,7,0.2,1,401,84,161,32,none-HSsrc,nothing,,0.5751089079164788,0.24548736462093862,0.8095238095238095
Right,contig,RTT,HTL,7,0.2,1,401,84,161,32,none-PCA,arc segments,8.0,0.5191527715187021,0.22119815668202766,0.5714285714285714
Right,contig,RTT,HTL,7,0.2,1,401,84,161,32,QOTu-HS4,arc labels,,0.5808735165990686,0.2792207792207792,0.5119047619047619
Right,contig,RTT,HTL,7,0.2,1,401,84,161,32,QOTu-HSsrc,arc segments,,0.5878961994892594,0.29285714285714287,0.4880952380952381
Right,contig,RTT,HTL,7,0.2,1,401,84,161,32,QOTu-PCA,arc segments,8.0,0.5729870812678384,0.27044025157232704,0.5119047619047619
Right,contig,RTT,HTL,7,0.2,1,401,84,161,32,QOTc-HS4,arc labels,,0.5512054979720594,0.24170616113744076,0.6071428571428571
Right,contig,RTT,HTL,7,0.2,1,401,84,161,32,QOTc-HSsrc,arc labels,,0.6176017725702269,0.2925531914893617,0.6547619047619048
Right,contig,RTT,HTL,7,0.2,1,401,84,161,32,QOTc-PCA,arc labels,64.0,0.5354326273095988,0.23076923076923078,0.6071428571428571
Right,contig,RTT,HTL,7,0.2,1,401,84,161,32,SDM-HS4,arc labels,,0.5475439387111312,0.24120603015075376,0.5714285714285714
Right,contig,RTT,HTL,7,0.2,1,401,84,161,32,SDM-HSsrc,arc labels,,0.620606128886886,0.30538922155688625,0.6071428571428571
Right,contig,RTT,HTL,7,0.2,1,401,84,161,32,SDM-PCA,arc labels,64.0,0.5205047318611987,0.21649484536082475,1.0
Right,contig,RTT,HTL,7,0.3,1,401,84,241,49,NoAdapt,nothing,,0.5175191527715187,0.21839080459770116,0.6785714285714286
Right,contig,RTT,HTL,7,0.3,1,401,84,241,49,TargetOnly,arc labels,,0.5535526513444494,0.25477707006369427,0.47619047619047616
Right,contig,RTT,HTL,7,0.3,1,401,84,241,49,Source+Target,arc labels,,0.5338928946973112,0.22324159021406728,0.8690476190476191
Right,contig,RTT,HTL,7,0.3,1,401,84,241,49,COT,arc labels,,0.5353950728556407,0.25,0.34523809523809523
Right,contig,RTT,HTL,7,0.3,1,401,84,241,49,none-HS4,arc labels,,0.5492151119122728,0.23461538461538461,0.7261904761904762
Right,contig,RTT,HTL,7,0.3,1,401,84,241,49,none-HSsrc,nothing,,0.5751089079164788,0.24548736462093862,0.8095238095238095
Right,contig,RTT,HTL,7,0.3,1,401,84,241,49,none-PCA,arc segments,8.0,0.5191527715187021,0.22119815668202766,0.5714285714285714
Right,contig,RTT,HTL,7,0.3,1,401,84,241,49,QOTu-HS4,arc labels,,0.5621526213008863,0.2676056338028169,0.4523809523809524
Right,contig,RTT,HTL,7,0.3,1,401,84,241,49,QOTu-HSsrc,arc segments,,0.6057533423464023,0.3076923076923077,0.5238095238095238
Right,contig,RTT,HTL,7,0.3,1,401,84,241,49,QOTu-PCA,arc segments,8.0,0.5882529668018627,0.2962962962962963,0.47619047619047616
Right,contig,RTT,HTL,7,0.3,1,401,84,241,49,QOTc-HS4,arc labels,,0.5415915577587502,0.23737373737373738,0.5595238095238095
Right,contig,RTT,HTL,7,0.3,1,401,84,241,49,QOTc-HSsrc,arc labels,,0.6176017725702269,0.2925531914893617,0.6547619047619048
Right,contig,RTT,HTL,7,0.3,1,401,84,241,49,QOTc-PCA,arc labels,64.0,0.5417417755745831,0.2350230414746544,0.6071428571428571
Right,contig,RTT,HTL,7,0.3,1,401,84,241,49,SDM-HS4,arc labels,,0.5777189424665765,0.27564102564102566,0.5119047619047619
Right,contig,RTT,HTL,7,0.3,1,401,84,241,49,SDM-HSsrc,arc labels,,0.6337314105452907,0.31213872832369943,0.6428571428571429
Right,contig,RTT,HTL,7,0.3,1,401,84,241,49,SDM-PCA,arc labels,64.0,0.5047318611987381,0.21105527638190955,1.0
Right,contig,RTT,HTL,7,0.5,1,401,84,391,82,NoAdapt,nothing,,0.5175191527715187,0.21839080459770116,0.6785714285714286
Right,contig,RTT,HTL,7,0.5,1,401,84,391,82,TargetOnly,arc labels,,0.5393570677482349,0.24096385542168675,0.47619047619047616
Right,contig,RTT,HTL,7,0.5,1,401,84,391,82,Source+Target,arc labels,,0.5143082469580892,0.21568627450980393,0.7857142857142857
Right,contig,RTT,HTL,7,0.5,1,401,84,391,82,COT,arc labels,,0.4968266486405288,0.20666666666666667,0.36904761904761907
Right,contig,RTT,HTL,7,0.5,1,401,84,391,82,none-HS4,arc labels,,0.5436194982724951,0.23228346456692914,0.7023809523809523
Right,contig,RTT,HTL,7,0.5,1,401,84,391,82,none-HSsrc,nothing,,0.5751089079164788,0.24548736462093862,0.8095238095238095
Right,contig,RTT,HTL,7,0.5,1,401,84,391,82,none-PCA,arc segments,8.0,0.5207300585849481,0.2222222222222222,0.5714285714285714
Right,contig,RTT,HTL,7,0.5,1,401,84,391,82,QOTu-HS4,arc labels,,0.5982800060087126,0.34,0.40476190476190477
Right,contig,RTT,HTL,7,0.5,1,401,84,391,82,QOTu-HSsrc,arc segments,,0.5847979570377047,0.32323232323232326,0.38095238095238093
Right,contig,RTT,HTL,7,0.5,1,401,84,391,82,QOTu-PCA,arc segments,8.0,0.5923276250563316,0.3333333333333333,0.39285714285714285
Right,contig,RTT,HTL,7,0.5,1,401,84,391,82,QOTc-HS4,arc labels,,0.5908442241249813,0.2839506172839506,0.5476190476190477
Right,contig,RTT,HTL,7,0.5,1,401,84,391,82,QOTc-HSsrc,arc labels,,0.6297130839717591,0.3132530120481928,0.6190476190476191
Right,contig,RTT,HTL,7,0.5,1,401,84,391,82,QOTc-PCA,arc labels,64.0,0.535132191677933,0.23497267759562843,0.5119047619047619
Right,contig,RTT,HTL,7,0.5,1,401,84,391,82,SDM-HS4,arc labels,,0.5670347003154574,0.26582278481012656,0.5
Right,contig,RTT,HTL,7,0.5,1,401,84,391,82,SDM-HSsrc,arc labels,,0.6191790596364729,0.29411764705882354,0.6547619047619048
Right,contig,RTT,HTL,7,0.5,1,401,84,391,82,SDM-PCA,arc labels,64.0,0.5035113414450955,0.21065989847715735,0.9880952380952381
Right,contig,RTT,PTT,0,0.05,0,1136,80,114,1,NoAdapt,nothing,,0.4808712121212121,0.06267029972752043,0.2875
Right,contig,RTT,PTT,0,0.05,0,1136,80,114,1,TargetOnly,arc labels,,,,
Right,contig,RTT,PTT,0,0.05,0,1136,80,114,1,Source+Target,arc labels,,,,
Right,contig,RTT,PTT,0,0.05,0,1136,80,114,1,COT,arc labels,,,,
Right,contig,RTT,PTT,0,0.05,0,1136,80,114,1,none-HS4,arc labels,,,,
Right,contig,RTT,PTT,0,0.05,0,1136,80,114,1,none-HSsrc,nothing,,0.5074810606060606,0.0724907063197026,0.4875
Right,contig,RTT,PTT,0,0.05,0,1136,80,114,1,none-PCA,arc segments,16.0,0.48125,0.0625,0.275
Right,contig,RTT,PTT,0,0.05,0,1136,80,114,1,QOTu-HS4,arc labels,,,,
Right,contig,RTT,PTT,0,0.05,0,1136,80,114,1,QOTu-HSsrc,arc segments,,0.4922348484848485,0.0661764705882353,0.225
Right,contig,RTT,PTT,0,0.05,0,1136,80,114,1,QOTu-PCA,arc segments,64.0,0.4837121212121212,0.06206896551724138,0.225
Right,contig,RTT,PTT,0,0.05,0,1136,80,114,1,QOTc-HS4,arc labels,,,,
Right,contig,RTT,PTT,0,0.05,0,1136,80,114,1,QOTc-HSsrc,arc labels,,,,
Right,contig,RTT,PTT,0,0.05,0,1136,80,114,1,QOTc-PCA,arc labels,,,,
Right,contig,RTT,PTT,0,0.05,0,1136,80,114,1,SDM-HS4,arc labels,,,,
Right,contig,RTT,PTT,0,0.05,0,1136,80,114,1,SDM-HSsrc,arc labels,,,,
Right,contig,RTT,PTT,0,0.05,0,1136,80,114,1,SDM-PCA,arc labels,,,,
Right,contig,RTT,PTT,0,0.1,1,1136,80,227,2,NoAdapt,nothing,,0.4808712121212121,0.06267029972752043,0.2875
Right,contig,RTT,PTT,0,0.1,1,1136,80,227,2,TargetOnly,arc labels,,0.4793560606060606,0.027777777777777776,0.025
Right,contig,RTT,PTT,0,0.1,1,1136,80,227,2,Source+Target,arc labels,,0.47642045454545456,0.0603448275862069,0.2625
Right,contig,RTT,PTT,0,0.1,1,1136,80,227,2,COT,arc labels,,0.45681818181818185,0.062261753494282084,0.6125
Right,contig,RTT,PTT,0,0.1,1,1136,80,227,2,none-HS4,arc labels,,0.5053977272727272,0.07179487179487179,0.525
Right,contig,RTT,PTT,0,0.1,1,1136,80,227,2,none-HSsrc,nothing,,0.5074810606060606,0.0724907063197026,0.4875
Right,contig,RTT,PTT,0,0.1,1,1136,80,227,2,none-PCA,arc segments,16.0,0.48125,0.0625,0.275
Right,contig,RTT,PTT,0,0.1,1,1136,80,227,2,QOTu-HS4,arc labels,,0.4771780303030303,0.05113636363636364,0.1125
Right,contig,RTT,PTT,0,0.1,1,1136,80,227,2,QOTu-HSsrc,arc segments,,0.48418560606060607,0.05963302752293578,0.1625
Right,contig,RTT,PTT,0,0.1,1,1136,80,227,2,QOTu-PCA,arc segments,8.0,0.46202651515151516,0.061514195583596214,0.4875
Right,contig,RTT,PTT,0,0.1,1,1136,80,227,2,QOTc-HS4,arc labels,,0.390719696969697,0.034934497816593885,0.2
Right,contig,RTT,PTT,0,0.1,1,1136,80,227,2,QOTc-HSsrc,arc labels,,0.3992424242424243,0.0410958904109589,0.2625
Right,contig,RTT,PTT,0,0.1,1,1136,80,227,2,QOTc-PCA,arc labels,8.0,0.41325757575757577,0.016666666666666666,0.05
Right,contig,RTT,PTT,0,0.1,1,1136,80,227,2,SDM-HS4,arc labels,,0.4694128787878788,0.021505376344086023,0.025
Right,contig,RTT,PTT,0,0.1,1,1136,80,227,2,SDM-HSsrc,arc labels,,0.5226325757575758,0.07561728395061729,0.6125
Right,contig,RTT,PTT,0,0.1,1,1136,80,227,2,SDM-PCA,arc labels,4.0,0.4069128787878788,0.0326975476839237,0.15
Right,contig,RTT,PTT,0,0.2,1,1136,80,454,2,NoAdapt,nothing,,0.4808712121212121,0.06267029972752043,0.2875
Right,contig,RTT,PTT,0,0.2,1,1136,80,454,2,TargetOnly,arc labels,,0.48077651515151515,0.028985507246376812,0.025
Right,contig,RTT,PTT,0,0.2,1,1136,80,454,2,Source+Target,arc labels,,0.4889204545454545,0.06571428571428571,0.2875
Right,contig,RTT,PTT,0,0.2,1,1136,80,454,2,COT,arc labels,,0.46657196969696973,0.020202020202020204,0.025
Right,contig,RTT,PTT,0,0.2,1,1136,80,454,2,none-HS4,arc labels,,0.5019886363636363,0.07093425605536333,0.5125
Right,contig,RTT,PTT,0,0.2,1,1136,80,454,2,none-HSsrc,nothing,,0.5074810606060606,0.0724907063197026,0.4875
Right,contig,RTT,PTT,0,0.2,1,1136,80,454,2,none-PCA,arc segments,16.0,0.4817234848484849,0.06267806267806268,0.275
Right,contig,RTT,PTT,0,0.2,1,1136,80,454,2,QOTu-HS4,arc labels,,0.5071969696969697,0.07547169811320754,0.2
Right,contig,RTT,PTT,0,0.2,1,1136,80,454,2,QOTu-HSsrc,arc segments,,0.4856060606060606,0.06046511627906977,0.1625
Right,contig,RTT,PTT,0,0.2,1,1136,80,454,2,QOTu-PCA,arc segments,64.0,0.4821022727272727,0.04878048780487805,0.075
Right,contig,RTT,PTT,0,0.2,1,1136,80,454,2,QOTc-HS4,arc labels,,0.3892992424242424,0.03470715835140998,0.2
Right,contig,RTT,PTT,0,0.2,1,1136,80,454,2,QOTc-HSsrc,arc labels,,0.40303030303030307,0.041749502982107355,0.2625
Right,contig,RTT,PTT,0,0.2,1,1136,80,454,2,QOTc-PCA,arc labels,8.0,0.43257575757575756,0.016216216216216217,0.0375
Right,contig,RTT,PTT,0,0.2,1,1136,80,454,2,SDM-HS4,arc labels,,0.4683712121212121,0.012345679012345678,0.0125
Right,contig,RTT,PTT,0,0.2,1,1136,80,454,2,SDM-HSsrc,arc labels,,0.42244318181818186,0.04878048780487805,0.325
Right,contig,RTT,PTT,0,0.2,1,1136,80,454,2,SDM-PCA,arc labels,8.0,0.44109848484848485,0.017964071856287425,0.0375
Right,contig,RTT,PTT,0,0.3,1,1136,80,682,17,NoAdapt,nothing,,0.4808712121212121,0.06267029972752043,0.2875
Right,contig,RTT,PTT,0,0.3,1,1136,80,682,17,TargetOnly,arc labels,,0.5330492424242425,0.10852713178294573,0.175
Right,contig,RTT,PTT,0,0.3,1,1136,80,682,17,Source+Target,arc labels,,0.4872159090909091,0.06430868167202572,0.25
Right,contig,RTT,PTT,0,0.3,1,1136,80,682,17,COT,arc labels,,0.3835227272727273,0.05084745762711865,0.5625
Right,contig,RTT,PTT,0,0.3,1,1136,80,682,17,none-HS4,arc labels,,0.5035037878787879,0.07142857142857142,0.4625
Right,contig,RTT,PTT,0,0.3,1,1136,80,682,17,none-HSsrc,nothing,,0.5074810606060606,0.0724907063197026,0.4875
Right,contig,RTT,PTT,0,0.3,1,1136,80,682,17,none-PCA,arc segments,16.0,0.4773674242424243,0.06069364161849711,0.2625
Right,contig,RTT,PTT,0,0.3,1,1136,80,682,17,QOTu-HS4,arc labels,,0.4804924242424243,0.04081632653061224,0.05
Right,contig,RTT,PTT,0,0.3,1,1136,80,682,17,QOTu-HSsrc,arc segments,,0.4785984848484849,0.0392156862745098,0.05
Right,contig,RTT,PTT,0,0.3,1,1136,80,682,17,QOTu-PCA,arc segments,8.0,0.5,0.07042253521126761,0.0625
Right,contig,RTT,PTT,0,0.3,1,1136,80,682,17,QOTc-HS4,arc labels,,0.6630681818181818,0.16666666666666666,0.525
Right,contig,RTT,PTT,0,0.3,1,1136,80,682,17,QOTc-HSsrc,arc labels,,0.5421401515151515,0.12096774193548387,0.1875
Right,contig,RTT,PTT,0,0.3,1,1136,80,682,17,QOTc-PCA,arc labels,64.0,0.4792613636363636,0.06295399515738499,0.325
Right,contig,RTT,PTT,0,0.3,1,1136,80,682,17,SDM-HS4,arc labels,,0.6044507575757576,0.09618573797678276,0.725
Right,contig,RTT,PTT,0,0.3,1,1136,80,682,17,SDM-HSsrc,arc labels,,0.5421401515151515,0.12096774193548387,0.1875
Right,contig,RTT,PTT,0,0.3,1,1136,80,682,17,SDM-PCA,arc labels,64.0,0.4209280303030303,0.0580168776371308,0.6875
Right,contig,RTT,PTT,0,0.5,1,1136,80,1124,41,NoAdapt,nothing,,0.4808712121212121,0.06267029972752043,0.2875
Right,contig,RTT,PTT,0,0.5,1,1136,80,1124,41,TargetOnly,arc labels,,0.5306818181818181,0.1044776119402985,0.175
Right,contig,RTT,PTT,0,0.5,1,1136,80,1124,41,Source+Target,arc labels,,0.45170454545454547,0.040983606557377046,0.125
Right,contig,RTT,PTT,0,0.5,1,1136,80,1124,41,COT,arc labels,,0.47888257575757576,0.06641123882503193,0.65
Right,contig,RTT,PTT,0,0.5,1,1136,80,1124,41,none-HS4,arc labels,,0.49375,0.06854838709677419,0.425
Right,contig,RTT,PTT,0,0.5,1,1136,80,1124,41,none-HSsrc,nothing,,0.5074810606060606,0.0724907063197026,0.4875
Right,contig,RTT,PTT,0,0.5,1,1136,80,1124,41,none-PCA,arc segments,16.0,0.49801136363636367,0.06956521739130435,0.3
Right,contig,RTT,PTT,0,0.5,1,1136,80,1124,41,QOTu-HS4,arc labels,,0.4888257575757576,0.038461538461538464,0.025
Right,contig,RTT,PTT,0,0.5,1,1136,80,1124,41,QOTu-HSsrc,arc segments,,0.4921401515151515,0.044444444444444446,0.025
Right,contig,RTT,PTT,0,0.5,1,1136,80,1124,41,QOTu-PCA,arc segments,16.0,0.4921401515151515,0.044444444444444446,0.025
Right,contig,RTT,PTT,0,0.5,1,1136,80,1124,41,QOTc-HS4,arc labels,,0.6067234848484848,0.17088607594936708,0.3375
Right,contig,RTT,PTT,0,0.5,1,1136,80,1124,41,QOTc-HSsrc,arc labels,,0.48522727272727273,0.045454545454545456,0.05
Right,contig,RTT,PTT,0,0.5,1,1136,80,1124,41,QOTc-PCA,arc labels,64.0,0.4806818181818182,0.05970149253731343,0.2
Right,contig,RTT,PTT,0,0.5,1,1136,80,1124,41,SDM-HS4,arc labels,,0.4795454545454545,0.06070287539936102,0.2375
Right,contig,RTT,PTT,0,0.5,1,1136,80,1124,41,SDM-HSsrc,arc labels,,0.46600378787878793,0.04824561403508772,0.1375
Right,contig,RTT,PTT,0,0.5,1,1136,80,1124,41,SDM-PCA,arc labels,64.0,0.41373106060606063,0.05580865603644647,0.6125
Right,contig,RTT,PTT,1,0.05,1,1136,67,114,2,NoAdapt,nothing,,0.47296259581419375,0.049586776859504134,0.26865671641791045
Right,contig,RTT,PTT,1,0.05,1,1136,67,114,2,TargetOnly,arc labels,,0.4096868324420926,0.00881057268722467,0.029850746268656716
Right,contig,RTT,PTT,1,0.05,1,1136,67,114,2,Source+Target,arc labels,,0.47296259581419375,0.049586776859504134,0.26865671641791045
Right,contig,RTT,PTT,1,0.05,1,1136,67,114,2,COT,arc labels,,0.445261996844589,0.045364891518737675,0.34328358208955223
Right,contig,RTT,PTT,1,0.05,1,1136,67,114,2,none-HS4,arc labels,,0.4425812937184983,0.0413625304136253,0.2537313432835821
Right,contig,RTT,PTT,1,0.05,1,1136,67,114,2,none-HSsrc,nothing,,0.5105343255658099,0.061452513966480445,0.4925373134328358
Right,contig,RTT,PTT,1,0.05,1,1136,67,114,2,none-PCA,arc segments,8.0,0.4599290730631222,0.04411764705882353,0.22388059701492538
Right,contig,RTT,PTT,1,0.05,1,1136,67,114,2,QOTu-HS4,arc labels,,0.45918210630663336,0.031746031746031744,0.08955223880597014
Right,contig,RTT,PTT,1,0.05,1,1136,67,114,2,QOTu-HSsrc,arc segments,,0.4675802465688396,0.03723404255319149,0.1044776119402985
Right,contig,RTT,PTT,1,0.05,1,1136,67,114,2,QOTu-PCA,arc segments,8.0,0.4674127026234589,0.046296296296296294,0.22388059701492538
Right,contig,RTT,PTT,1,0.05,1,1136,67,114,2,QOTc-HS4,arc labels,,0.3965485947251581,0.01384083044982699,0.05970149253731343
Right,contig,RTT,PTT,1,0.05,1,1136,67,114,2,QOTc-HSsrc,arc labels,,0.3841363807715399,0.030828516377649325,0.23880597014925373
Right,contig,RTT,PTT,1,0.05,1,1136,67,114,2,QOTc-PCA,arc labels,64.0,0.6042891250017453,0.1377245508982036,0.34328358208955223
Right,contig,RTT,PTT,1,0.05,1,1136,67,114,2,SDM-HS4,arc labels,,0.44002624855144296,0.023474178403755867,0.07462686567164178
Right,contig,RTT,PTT,1,0.05,1,1136,67,114,2,SDM-HSsrc,arc labels,,0.4170866900297391,0.021505376344086023,0.08955223880597014
Right,contig,RTT,PTT,1,0.05,1,1136,67,114,2,SDM-PCA,arc labels,8.0,0.42278318417268196,0.010050251256281407,0.029850746268656716
Right,contig,RTT,PTT,1,0.1,1,1136,67,227,2,NoAdapt,nothing,,0.47296259581419375,0.049586776859504134,0.26865671641791045
Right,contig,RTT,PTT,1,0.1,1,1136,67,227,2,TargetOnly,arc labels,,0.4704913226198288,0.020618556701030927,0.029850746268656716
Right,contig,RTT,PTT,1,0.1,1,1136,67,227,2,Source+Target,arc labels,,0.4724948689666727,0.04945054945054945,0.26865671641791045
Right,contig,RTT,PTT,1,0.1,1,1136,67,227,2,COT,arc labels,,0.4781075911369253,0.05113636363636364,0.26865671641791045
Right,contig,RTT,PTT,1,0.1,1,1136,67,227,2,none-HS4,arc labels,,0.4956927244041719,0.057815845824411134,0.40298507462686567
Right,contig,RTT,PTT,1,0.1,1,1136,67,227,2,none-HSsrc,nothing,,0.5105343255658099,0.061452513966480445,0.4925373134328358
Right,contig,RTT,PTT,1,0.1,1,1136,67,227,2,none-PCA,arc segments,8.0,0.4599290730631222,0.04411764705882353,0.22388059701492538
Right,contig,RTT,PTT,1,0.1,1,1136,67,227,2,QOTu-HS4,arc labels,,0.5188417128576016,0.06926406926406926,0.23880597014925373
Right,contig,RTT,PTT,1,0.1,1,1136,67,227,2,QOTu-HSsrc,arc segments,,0.4922650545215922,0.05454545454545454,0.1791044776119403
Right,contig,RTT,PTT,1,0.1,1,1136,67,227,2,QOTu-PCA,arc segments,8.0,0.48237996174413245,0.05136986301369863,0.22388059701492538
Right,contig,RTT,PTT,1,0.1,1,1136,67,227,2,QOTc-HS4,arc labels,,0.3984195021152423,0.014035087719298246,0.05970149253731343
Right,contig,RTT,PTT,1,0.1,1,1136,67,227,2,QOTc-HSsrc,arc labels,,0.385539561314103,0.031007751937984496,0.23880597014925373
Right,contig,RTT,PTT,1,0.1,1,1136,67,227,2,QOTc-PCA,arc labels,32.0,0.4667495078396604,0.01904761904761905,0.029850746268656716
Right,contig,RTT,PTT,1,0.1,1,1136,67,227,2,SDM-HS4,arc labels,,0.4504000111695964,0.008130081300813009,0.014925373134328358
Right,contig,RTT,PTT,1,0.1,1,1136,67,227,2,SDM-HSsrc,arc labels,,0.35998212864582607,0.01839080459770115,0.11940298507462686
Right,contig,RTT,PTT,1,0.1,1,1136,67,227,2,SDM-PCA,arc labels,8.0,0.4340086285131871,0.011428571428571429,0.029850746268656716
Right,contig,RTT,PTT,1,0.2,1,1136,67,454,19,NoAdapt,nothing,,0.47296259581419375,0.049586776859504134,0.26865671641791045
Right,contig,RTT,PTT,1,0.2,1,1136,67,454,19,TargetOnly,arc labels,,0.47088225849238374,0.0521415270018622,0.417910447761194
Right,contig,RTT,PTT,1,0.2,1,1136,67,454,19,Source+Target,arc labels,,0.4873364701283107,0.055299539170506916,0.3582089552238806
Right,contig,RTT,PTT,1,0.2,1,1136,67,454,19,COT,arc labels,,0.35480222833447356,0.03751465416178194,0.47761194029850745
Right,contig,RTT,PTT,1,0.2,1,1136,67,454,19,none-HS4,arc labels,,0.5105343255658099,0.061452513966480445,0.4925373134328358
Right,contig,RTT,PTT,1,0.2,1,1136,67,454,19,none-HSsrc,nothing,,0.5105343255658099,0.061452513966480445,0.4925373134328358
Right,contig,RTT,PTT,1,0.2,1,1136,67,454,19,none-PCA,arc segments,8.0,0.4599290730631222,0.04411764705882353,0.22388059701492538
Right,contig,RTT,PTT,1,0.2,1,1136,67,454,19,QOTu-HS4,arc labels,,0.5263253424179384,0.07441860465116279,0.23880597014925373
Right,contig,RTT,PTT,1,0.2,1,1136,67,454,19,QOTu-HSsrc,arc segments,,0.5263881713974561,0.07926829268292683,0.19402985074626866
Right,contig,RTT,PTT,1,0.2,1,1136,67,454,19,QOTu-PCA,arc segments,8.0,0.5087192661575192,0.06837606837606838,0.11940298507462686
Right,contig,RTT,PTT,1,0.2,1,1136,67,454,19,QOTc-HS4,arc labels,,0.5709199558800944,0.07095046854082998,0.7910447761194029
Right,contig,RTT,PTT,1,0.2,1,1136,67,454,19,QOTc-HSsrc,arc labels,,0.5787875403152618,0.07142857142857142,0.8507462686567164
Right,contig,RTT,PTT,1,0.2,1,1136,67,454,19,QOTc-PCA,arc labels,64.0,0.39865685603786494,0.03184713375796178,0.22388059701492538
Right,contig,RTT,PTT,1,0.2,1,1136,67,454,19,SDM-HS4,arc labels,,0.5191907627438114,0.062411347517730496,0.6567164179104478
Right,contig,RTT,PTT,1,0.2,1,1136,67,454,19,SDM-HSsrc,arc labels,,0.5619703167976767,0.06854345165238677,0.835820895522388
Right,contig,RTT,PTT,1,0.2,1,1136,67,454,19,SDM-PCA,arc labels,16.0,0.40010192256677324,0.029953917050691243,0.19402985074626866
Right,contig,RTT,PTT,1,0.3,1,1136,67,682,36,NoAdapt,nothing,,0.47296259581419375,0.049586776859504134,0.26865671641791045
Right,contig,RTT,PTT,1,0.3,1,1136,67,682,36,TargetOnly,arc labels,,0.5069391117378496,0.06103286384976526,0.3880597014925373
Right,contig,RTT,PTT,1,0.3,1,1136,67,682,36,Source+Target,arc labels,,0.4855283917177443,0.05426356589147287,0.31343283582089554
Right,contig,RTT,PTT,1,0.3,1,1136,67,682,36,COT,arc labels,,0.4032573335381093,0.045454545454545456,0.6119402985074627
Right,contig,RTT,PTT,1,0.3,1,1136,67,682,36,none-HS4,arc labels,,0.5096407578571129,0.061386138613861385,0.4626865671641791
Right,contig,RTT,PTT,1,0.3,1,1136,67,682,36,none-HSsrc,nothing,,0.5105343255658099,0.061452513966480445,0.4925373134328358
Right,contig,RTT,PTT,1,0.3,1,1136,67,682,36,none-PCA,arc segments,8.0,0.45946134621560114,0.04398826979472141,0.22388059701492538
Right,contig,RTT,PTT,1,0.3,1,1136,67,682,36,QOTu-HS4,arc labels,,0.49804532063722545,0.05555555555555555,0.05970149253731343
Right,contig,RTT,PTT,1,0.3,1,1136,67,682,36,QOTu-HSsrc,arc segments,,0.4919858146126245,0.04411764705882353,0.04477611940298507
Right,contig,RTT,PTT,1,0.3,1,1136,67,682,36,QOTu-PCA,arc segments,8.0,0.49619535624031386,0.05084745762711865,0.04477611940298507
Right,contig,RTT,PTT,1,0.3,1,1136,67,682,36,QOTc-HS4,arc labels,,0.6303212655152675,0.08548387096774193,0.7910447761194029
Right,contig,RTT,PTT,1,0.3,1,1136,67,682,36,QOTc-HSsrc,arc labels,,0.6324225458302501,0.0979020979020979,0.6268656716417911
Right,contig,RTT,PTT,1,0.3,1,1136,67,682,36,QOTc-PCA,arc labels,64.0,0.4247029585468355,0.04119850187265917,0.3283582089552239
Right,contig,RTT,PTT,1,0.3,1,1136,67,682,36,SDM-HS4,arc labels,,0.5778730296133923,0.07151979565772669,0.835820895522388
Right,contig,RTT,PTT,1,0.3,1,1136,67,682,36,SDM-HSsrc,arc labels,,0.5929031177135836,0.07571428571428572,0.7910447761194029
Right,contig,RTT,PTT,1,0.3,1,1136,67,682,36,SDM-PCA,arc labels,64.0,0.3709632380659844,0.04251012145748988,0.6268656716417911
Right,contig,RTT,PTT,1,0.5,1,1136,67,1112,54,NoAdapt,nothing,,0.47296259581419375,0.049586776859504134,0.26865671641791045
Right,contig,RTT,PTT,1,0.5,1,1136,67,1112,54,TargetOnly,arc labels,,0.5622146517180235,0.09166666666666666,0.3283582089552239
Right,contig,RTT,PTT,1,0.5,1,1136,67,1112,54,Source+Target,arc labels,,0.4720899710986694,0.04777070063694268,0.22388059701492538
Right,contig,RTT,PTT,1,0.5,1,1136,67,1112,54,COT,arc labels,,0.39392373958086085,0.04419889502762431,0.5970149253731343
Right,contig,RTT,PTT,1,0.5,1,1136,67,1112,54,none-HS4,arc labels,,0.5068553397651593,0.06072874493927125,0.44776119402985076
Right,contig,RTT,PTT,1,0.5,1,1136,67,1112,54,none-HSsrc,nothing,,0.5105343255658099,0.061452513966480445,0.4925373134328358
Right,contig,RTT,PTT,1,0.5,1,1136,67,1112,54,none-PCA,arc segments,16.0,0.47768175027574944,0.050156739811912224,0.23880597014925373
Right,contig,RTT,PTT,1,0.5,1,1136,67,1112,54,QOTu-HS4,arc labels,,0.49247448445331804,0.04,0.029850746268656716
Right,contig,RTT,PTT,1,0.5,1,1136,67,1112,54,QOTu-HSsrc,arc segments,,0.49574857238596537,0.046511627906976744,0.029850746268656716
Right,contig,RTT,PTT,1,0.5,1,1136,67,1112,54,QOTu-PCA,arc segments,16.0,0.5027435321056085,0.06666666666666667,0.04477611940298507
Right,contig,RTT,PTT,1,0.5,1,1136,67,1112,54,QOTc-HS4,arc labels,,0.6866160311631739,0.12362637362637363,0.6716417910447762
Right,contig,RTT,PTT,1,0.5,1,1136,67,1112,54,QOTc-HSsrc,arc labels,,0.713506834396772,0.2833333333333333,0.5074626865671642
Right,contig,RTT,PTT,1,0.5,1,1136,67,1112,54,QOTc-PCA,arc labels,64.0,0.3918783072476718,0.03869047619047619,0.3880597014925373
Right,contig,RTT,PTT,1,0.5,1,1136,67,1112,54,SDM-HS4,arc labels,,0.5651536517599095,0.07524752475247524,0.5671641791044776
Right,contig,RTT,PTT,1,0.5,1,1136,67,1112,54,SDM-HSsrc,arc labels,,0.46568839618558283,0.03827751196172249,0.11940298507462686
Right,contig,RTT,PTT,1,0.5,1,1136,67,1112,54,SDM-PCA,arc labels,64.0,0.3420270024991972,0.03903903903903904,0.582089552238806
Right,contig,RTT,PTT,2,0.05,0,1136,67,114,0,NoAdapt,nothing,,0.45333901121148235,0.04381443298969072,0.2537313432835821
Right,contig,RTT,PTT,2,0.05,0,1136,67,114,0,TargetOnly,arc labels,,,,
Right,contig,RTT,PTT,2,0.05,0,1136,67,114,0,Source+Target,arc labels,,,,
Right,contig,RTT,PTT,2,0.05,0,1136,67,114,0,COT,arc labels,,,,
Right,contig,RTT,PTT,2,0.05,0,1136,67,114,0,none-HS4,arc labels,,,,
Right,contig,RTT,PTT,2,0.05,0,1136,67,114,0,none-HSsrc,nothing,,0.47269033690295015,0.053082191780821915,0.4626865671641791
Right,contig,RTT,PTT,2,0.05,0,1136,67,114,0,none-PCA,arc segments,8.0,0.4319073481982045,0.03551912568306011,0.19402985074626866
Right,contig,RTT,PTT,2,0.05,0,1136,67,114,0,QOTu-HS4,arc labels,,,,
Right,contig,RTT,PTT,2,0.05,0,1136,67,114,0,QOTu-HSsrc,arc segments,,0.5197562235594712,0.06910569105691057,0.2537313432835821
Right,contig,RTT,PTT,2,0.05,0,1136,67,114,0,QOTu-PCA,arc segments,8.0,0.510359800622705,0.06333333333333334,0.2835820895522388
Right,contig,RTT,PTT,2,0.05,0,1136,67,114,0,QOTc-HS4,arc labels,,,,
Right,contig,RTT,PTT,2,0.05,0,1136,67,114,0,QOTc-HSsrc,arc labels,,,,
Right,contig,RTT,PTT,2,0.05,0,1136,67,114,0,QOTc-PCA,arc labels,,,,
Right,contig,RTT,PTT,2,0.05,0,1136,67,114,0,SDM-HS4,arc labels,,,,
Right,contig,RTT,PTT,2,0.05,0,1136,67,114,0,SDM-HSsrc,arc labels,,,,
Right,contig,RTT,PTT,2,0.05,0,1136,67,114,0,SDM-PCA,arc labels,,,,
Right,contig,RTT,PTT,2,0.1,0,1136,67,227,0,NoAdapt,nothing,,0.45333901121148235,0.04381443298969072,0.2537313432835821
Right,contig,RTT,PTT,2,0.1,0,1136,67,227,0,TargetOnly,arc labels,,,,
Right,contig,RTT,PTT,2,0.1,0,1136,67,227,0,Source+Target,arc labels,,,,
Right,contig,RTT,PTT,2,0.1,0,1136,67,227,0,COT,arc labels,,,,
Right,contig,RTT,PTT,2,0.1,0,1136,67,227,0,none-HS4,arc labels,,,,
Right,contig,RTT,PTT,2,0.1,0,1136,67,227,0,none-HSsrc,nothing,,0.47269033690295015,0.053082191780821915,0.4626865671641791
Right,contig,RTT,PTT,2,0.1,0,1136,67,227,0,none-PCA,arc segments,8.0,0.4319073481982045,0.03551912568306011,0.19402985074626866
Right,contig,RTT,PTT,2,0.1,0,1136,67,227,0,QOTu-HS4,arc labels,,,,
Right,contig,RTT,PTT,2,0.1,0,1136,67,227,0,QOTu-HSsrc,arc segments,,0.5108694134565712,0.06415094339622641,0.2537313432835821
Right,contig,RTT,PTT,2,0.1,0,1136,67,227,0,QOTu-PCA,arc segments,8.0,0.5080421093782723,0.0625,0.26865671641791045
Right,contig,RTT,PTT,2,0.1,0,1136,67,227,0,QOTc-HS4,arc labels,,,,
Right,contig,RTT,PTT,2,0.1,0,1136,67,227,0,QOTc-HSsrc,arc labels,,,,
Right,contig,RTT,PTT,2,0.1,0,1136,67,227,0,QOTc-PCA,arc labels,,,,
Right,contig,RTT,PTT,2,0.1,0,1136,67,227,0,SDM-HS4,arc labels,,,,
Right,contig,RTT,PTT,2,0.1,0,1136,67,227,0,SDM-HSsrc,arc labels,,,,
Right,contig,RTT,PTT,2,0.1,0,1136,67,227,0,SDM-PCA,arc labels,,,,
Right,contig,RTT,PTT,2,0.2,1,1136,67,454,25,NoAdapt,nothing,,0.45333901121148235,0.04381443298969072,0.2537313432835821
Right,contig,RTT,PTT,2,0.2,1,1136,67,454,25,TargetOnly,arc labels,,0.49862474344833363,0.0584958217270195,0.31343283582089554
Right,contig,RTT,PTT,2,0.2,1,1136,67,454,25,Source+Target,arc labels,,0.43928626279267835,0.041379310344827586,0.26865671641791045
Right,contig,RTT,PTT,2,0.2,1,1136,67,454,25,COT,arc labels,,0.42124038367563493,0.0446685878962536,0.4626865671641791
Right,contig,RTT,PTT,2,0.2,1,1136,67,454,25,none-HS4,arc labels,,0.4476006310821943,0.045816733067729085,0.34328358208955223
Right,contig,RTT,PTT,2,0.2,1,1136,67,454,25,none-HSsrc,nothing,,0.47269033690295015,0.053082191780821915,0.4626865671641791
Right,contig,RTT,PTT,2,0.2,1,1136,67,454,25,none-PCA,arc segments,8.0,0.4319073481982045,0.03551912568306011,0.19402985074626866
Right,contig,RTT,PTT,2,0.2,1,1136,67,454,25,QOTu-HS4,arc labels,,0.526346285411111,0.07575757575757576,0.22388059701492538
Right,contig,RTT,PTT,2,0.2,1,1136,67,454,25,QOTu-HSsrc,arc segments,,0.5487971740921213,0.1,0.22388059701492538
Right,contig,RTT,PTT,2,0.2,1,1136,67,454,25,QOTu-PCA,arc segments,8.0,0.48027170043142564,0.03636363636363636,0.05970149253731343
Right,contig,RTT,PTT,2,0.2,1,1136,67,454,25,QOTc-HS4,arc labels,,0.47729779540091866,0.047619047619047616,0.1791044776119403
Right,contig,RTT,PTT,2,0.2,1,1136,67,454,25,QOTc-HSsrc,arc labels,,0.6642070284685087,0.11375661375661375,0.6417910447761194
Right,contig,RTT,PTT,2,0.2,1,1136,67,454,25,QOTc-PCA,arc labels,64.0,0.4414294290940061,0.023809523809523808,0.07462686567164178
Right,contig,RTT,PTT,2,0.2,1,1136,67,454,25,SDM-HS4,arc labels,,0.40522597489633216,0.031818181818181815,0.208955223880597
Right,contig,RTT,PTT,2,0.2,1,1136,67,454,25,SDM-HSsrc,arc labels,,0.6539589238093908,0.11202185792349727,0.6119402985074627
Right,contig,RTT,PTT,2,0.2,1,1136,67,454,25,SDM-PCA,arc labels,64.0,0.3969883975817824,0.04681647940074907,0.746268656716418
Right,contig,RTT,PTT,2,0.3,1,1136,67,682,42,NoAdapt,nothing,,0.45333901121148235,0.04381443298969072,0.2537313432835821
Right,contig,RTT,PTT,2,0.3,1,1136,67,682,42,TargetOnly,arc labels,,0.515162727056951,0.06914893617021277,0.19402985074626866
Right,contig,RTT,PTT,2,0.3,1,1136,67,682,42,Source+Target,arc labels,,0.4435586333998855,0.04,0.22388059701492538
Right,contig,RTT,PTT,2,0.3,1,1136,67,682,42,COT,arc labels,,0.3982170531812407,0.043478260869565216,0.5373134328358209
Right,contig,RTT,PTT,2,0.3,1,1136,67,682,42,none-HS4,arc labels,,0.4718386551805984,0.052123552123552123,0.40298507462686567
Right,contig,RTT,PTT,2,0.3,1,1136,67,682,42,none-HSsrc,nothing,,0.47269033690295015,0.053082191780821915,0.4626865671641791
Right,contig,RTT,PTT,2,0.3,1,1136,67,682,42,none-PCA,arc segments,8.0,0.4319073481982045,0.03551912568306011,0.19402985074626866
Right,contig,RTT,PTT,2,0.3,1,1136,67,682,42,QOTu-HS4,arc labels,,0.49898077433226756,0.05714285714285714,0.05970149253731343
Right,contig,RTT,PTT,2,0.3,1,1136,67,682,42,QOTu-HSsrc,arc segments,,0.4966421400946623,0.05333333333333334,0.05970149253731343
Right,contig,RTT,PTT,2,0.3,1,1136,67,682,42,QOTu-PCA,arc segments,8.0,0.5036580428074781,0.06666666666666667,0.05970149253731343
Right,contig,RTT,PTT,2,0.3,1,1136,67,682,42,QOTc-HS4,arc labels,,0.5142272733619089,0.06842105263157895,0.19402985074626866
Right,contig,RTT,PTT,2,0.3,1,1136,67,682,42,QOTc-HSsrc,arc labels,,0.6873350739287659,0.20754716981132076,0.4925373134328358
Right,contig,RTT,PTT,2,0.3,1,1136,67,682,42,QOTc-PCA,arc labels,64.0,0.44842438881364927,0.02830188679245283,0.08955223880597014
Right,contig,RTT,PTT,2,0.3,1,1136,67,682,42,SDM-HS4,arc labels,,0.4790221018387948,0.051771117166212535,0.2835820895522388
Right,contig,RTT,PTT,2,0.3,1,1136,67,682,42,SDM-HSsrc,arc labels,,0.527707579967329,0.07423580786026202,0.2537313432835821
Right,contig,RTT,PTT,2,0.3,1,1136,67,682,42,SDM-PCA,arc labels,16.0,0.4146014548399257,0.03225806451612903,0.19402985074626866
Right,contig,RTT,PTT,2,0.5,1,1136,67,1112,54,NoAdapt,nothing,,0.45333901121148235,0.04381443298969072,0.2537313432835821
Right,contig,RTT,PTT,2,0.5,1,1136,67,1112,54,TargetOnly,arc labels,,0.4984083325188836,0.057692307692307696,0.13432835820895522
Right,contig,RTT,PTT,2,0.5,1,1136,67,1112,54,Source+Target,arc labels,,0.4632241039889421,0.04430379746835443,0.208955223880597
Right,contig,RTT,PTT,2,0.5,1,1136,67,1112,54,COT,arc labels,,0.40561691076888706,0.045454545454545456,0.5970149253731343
Right,contig,RTT,PTT,2,0.5,1,1136,67,1112,54,none-HS4,arc labels,,0.4778772182120269,0.05380333951762523,0.43283582089552236
Right,contig,RTT,PTT,2,0.5,1,1136,67,1112,54,none-HSsrc,nothing,,0.47269033690295015,0.053082191780821915,0.4626865671641791
Right,contig,RTT,PTT,2,0.5,1,1136,67,1112,54,none-PCA,arc segments,16.0,0.45059547910587383,0.04081632653061224,0.208955223880597
Right,contig,RTT,PTT,2,0.5,1,1136,67,1112,54,QOTu-HS4,arc labels,,0.49434539184340226,0.043478260869565216,0.029850746268656716
Right,contig,RTT,PTT,2,0.5,1,1136,67,1112,54,QOTu-HSsrc,arc segments,,0.49434539184340226,0.043478260869565216,0.029850746268656716
Right,contig,RTT,PTT,2,0.5,1,1136,67,1112,54,QOTu-PCA,arc segments,8.0,0.5008726247155243,0.061224489795918366,0.04477611940298507
Right,contig,RTT,PTT,2,0.5,1,1136,67,1112,54,QOTc-HS4,arc labels,,0.6102020300741382,0.10689655172413794,0.4626865671641791
Right,contig,RTT,PTT,2,0.5,1,1136,67,1112,54,QOTc-HSsrc,arc labels,,0.5487971740921213,0.1,0.22388059701492538
Right,contig,RTT,PTT,2,0.5,1,1136,67,1112,54,QOTc-PCA,arc labels,64.0,0.46292392108680175,0.03314917127071823,0.08955223880597014
Right,contig,RTT,PTT,2,0.5,1,1136,67,1112,54,SDM-HS4,arc labels,,0.5097035868366306,0.06167400881057269,0.417910447761194
Right,contig,RTT,PTT,2,0.5,1,1136,67,1112,54,SDM-HSsrc,arc labels,,0.45954511818829147,0.040293040293040296,0.16417910447761194
Right,contig,RTT,PTT,2,0.5,1,1136,67,1112,54,SDM-PCA,arc labels,64.0,0.39994135961911675,0.04559915164369035,0.6417910447761194
Right,contig,RTT,PTT,3,0.05,1,1136,53,114,5,NoAdapt,nothing,,0.4510357323298315,0.035634743875278395,0.3018867924528302
Right,contig,RTT,PTT,3,0.05,1,1136,53,114,5,TargetOnly,arc labels,,0.49789194933709646,0.038461538461538464,0.018867924528301886
Right,contig,RTT,PTT,3,0.05,1,1136,53,114,5,Source+Target,arc labels,,0.4462795519085698,0.03291139240506329,0.24528301886792453
Right,contig,RTT,PTT,3,0.05,1,1136,53,114,5,COT,arc labels,,0.5531106813707556,0.2,0.1320754716981132
Right,contig,RTT,PTT,3,0.05,1,1136,53,114,5,none-HS4,arc labels,,0.4929441279464799,0.045454545454545456,0.5094339622641509
Right,contig,RTT,PTT,3,0.05,1,1136,53,114,5,none-HSsrc,nothing,,0.4928831512744124,0.04552590266875981,0.5471698113207547
Right,contig,RTT,PTT,3,0.05,1,1136,53,114,5,none-PCA,arc segments,8.0,0.4398160246694194,0.03178484107579462,0.24528301886792453
Right,contig,RTT,PTT,3,0.05,1,1136,53,114,5,QOTu-HS4,arc labels,,0.5554365058624715,0.07777777777777778,0.2641509433962264
Right,contig,RTT,PTT,3,0.05,1,1136,53,114,5,QOTu-HSsrc,arc segments,,0.5311677903796234,0.05905511811023622,0.2830188679245283
Right,contig,RTT,PTT,3,0.05,1,1136,53,114,5,QOTu-PCA,arc segments,8.0,0.45411069879266186,0.02631578947368421,0.11320754716981132
Right,contig,RTT,PTT,3,0.05,1,1136,53,114,5,QOTc-HS4,arc labels,,0.5057405181274935,0.1111111111111111,0.018867924528301886
Right,contig,RTT,PTT,3,0.05,1,1136,53,114,5,QOTc-HSsrc,arc labels,,0.5458021916758131,0.0759493670886076,0.22641509433962265
Right,contig,RTT,PTT,3,0.05,1,1136,53,114,5,QOTc-PCA,arc labels,16.0,0.5250701231728776,0.3,0.05660377358490566
Right,contig,RTT,PTT,3,0.05,1,1136,53,114,5,SDM-HS4,arc labels,,0.46808306764926216,0.017857142857142856,0.03773584905660377
Right,contig,RTT,PTT,3,0.05,1,1136,53,114,5,SDM-HSsrc,arc labels,,0.42847436366487224,0.03076923076923077,0.2641509433962264
Right,contig,RTT,PTT,3,0.05,1,1136,53,114,5,SDM-PCA,arc labels,32.0,0.48753462603878117,0.0,0.0
Right,contig,RTT,PTT,3,0.1,1,1136,53,227,7,NoAdapt,nothing,,0.4510357323298315,0.035634743875278395,0.3018867924528302
Right,contig,RTT,PTT,3,0.1,1,1136,53,227,7,TargetOnly,arc labels,,0.5204533180020559,0.15,0.05660377358490566
Right,contig,RTT,PTT,3,0.1,1,1136,53,227,7,Source+Target,arc labels,,0.4527430791477204,0.03412073490813648,0.24528301886792453
Right,contig,RTT,PTT,3,0.1,1,1136,53,227,7,COT,arc labels,,0.5218383595533024,0.17647058823529413,0.05660377358490566
Right,contig,RTT,PTT,3,0.1,1,1136,53,227,7,none-HS4,arc labels,,0.485557239673165,0.04426229508196721,0.5094339622641509
Right,contig,RTT,PTT,3,0.1,1,1136,53,227,7,none-HSsrc,nothing,,0.4928831512744124,0.04552590266875981,0.5471698113207547
Right,contig,RTT,PTT,3,0.1,1,1136,53,227,7,none-PCA,arc segments,8.0,0.4398160246694194,0.03178484107579462,0.24528301886792453
Right,contig,RTT,PTT,3,0.1,1,1136,53,227,7,QOTu-HS4,arc labels,,0.5485722747783063,0.07894736842105263,0.22641509433962265
Right,contig,RTT,PTT,3,0.1,1,1136,53,227,7,QOTu-HSsrc,arc segments,,0.5529277513545532,0.07926829268292683,0.24528301886792453
Right,contig,RTT,PTT,3,0.1,1,1136,53,227,7,QOTu-PCA,arc segments,8.0,0.49618460251920765,0.0425531914893617,0.07547169811320754
Right,contig,RTT,PTT,3,0.1,1,1136,53,227,7,QOTc-HS4,arc labels,,0.5630063241519887,0.22857142857142856,0.1509433962264151
Right,contig,RTT,PTT,3,0.1,1,1136,53,227,7,QOTc-HSsrc,arc labels,,0.562623042213279,0.09090909090909091,0.24528301886792453
Right,contig,RTT,PTT,3,0.1,1,1136,53,227,7,QOTc-PCA,arc labels,16.0,0.5048171570933292,0.09090909090909091,0.018867924528301886
Right,contig,RTT,PTT,3,0.1,1,1136,53,227,7,SDM-HS4,arc labels,,0.4928134636491925,0.02702702702702703,0.018867924528301886
Right,contig,RTT,PTT,3,0.1,1,1136,53,227,7,SDM-HSsrc,arc labels,,0.4964633530200875,0.04504504504504504,0.18867924528301888
Right,contig,RTT,PTT,3,0.1,1,1136,53,227,7,SDM-PCA,arc labels,64.0,0.5559243192390111,0.05246913580246913,0.9622641509433962
Right,contig,RTT,PTT,3,0.2,1,1136,53,454,23,NoAdapt,nothing,,0.4510357323298315,0.035634743875278395,0.3018867924528302
Right,contig,RTT,PTT,3,0.2,1,1136,53,454,23,TargetOnly,arc labels,,0.4988153103712608,0.041666666666666664,0.018867924528301886
Right,contig,RTT,PTT,3,0.2,1,1136,53,454,23,Source+Target,arc labels,,0.44449380651230863,0.03089887640449438,0.20754716981132076
Right,contig,RTT,PTT,3,0.2,1,1136,53,454,23,COT,arc labels,,0.45360546350981723,0.035545023696682464,0.2830188679245283
Right,contig,RTT,PTT,3,0.2,1,1136,53,454,23,none-HS4,arc labels,,0.4885276746981655,0.0448,0.5283018867924528
Right,contig,RTT,PTT,3,0.2,1,1136,53,454,23,none-HSsrc,nothing,,0.4928831512744124,0.04552590266875981,0.5471698113207547
Right,contig,RTT,PTT,3,0.2,1,1136,53,454,23,none-PCA,arc segments,8.0,0.43843098311817275,0.03155339805825243,0.24528301886792453
Right,contig,RTT,PTT,3,0.2,1,1136,53,454,23,QOTu-HS4,arc labels,,0.5033711388700152,0.05263157894736842,0.05660377358490566
Right,contig,RTT,PTT,3,0.2,1,1136,53,454,23,QOTu-HSsrc,arc segments,,0.502909458352933,0.05172413793103448,0.05660377358490566
Right,contig,RTT,PTT,3,0.2,1,1136,53,454,23,QOTu-PCA,arc segments,8.0,0.5183452673391523,0.08695652173913043,0.07547169811320754
Right,contig,RTT,PTT,3,0.2,1,1136,53,454,23,QOTc-HS4,arc labels,,0.5528493527761807,0.14035087719298245,0.1509433962264151
Right,contig,RTT,PTT,3,0.2,1,1136,53,454,23,QOTc-HSsrc,arc labels,,0.5318733775849753,0.08641975308641975,0.1320754716981132
Right,contig,RTT,PTT,3,0.2,1,1136,53,454,23,QOTc-PCA,arc labels,16.0,0.5011237129566718,0.05263157894736842,0.018867924528301886
Right,contig,RTT,PTT,3,0.2,1,1136,53,454,23,SDM-HS4,arc labels,,0.5194080036237565,0.06481481481481481,0.1320754716981132
Right,contig,RTT,PTT,3,0.2,1,1136,53,454,23,SDM-HSsrc,arc labels,,0.4752260492343072,0.03731343283582089,0.18867924528301888
Right,contig,RTT,PTT,3,0.2,1,1136,53,454,23,SDM-PCA,arc labels,16.0,0.5004007038450148,0.047619047619047616,0.03773584905660377
Right,contig,RTT,PTT,3,0.3,1,1136,53,682,50,NoAdapt,nothing,,0.4510357323298315,0.035634743875278395,0.3018867924528302
Right,contig,RTT,PTT,3,0.3,1,1136,53,682,50,TargetOnly,arc labels,,0.5229010958379066,0.0759493670886076,0.11320754716981132
Right,contig,RTT,PTT,3,0.3,1,1136,53,682,50,Source+Target,arc labels,,0.43724629348943356,0.03211009174311927,0.2641509433962264
Right,contig,RTT,PTT,3,0.3,1,1136,53,682,50,COT,arc labels,,0.3392045157581143,0.02912621359223301,0.5094339622641509
Right,contig,RTT,PTT,3,0.3,1,1136,53,682,50,none-HS4,arc labels,,0.47242983327235666,0.04213938411669368,0.49056603773584906
Right,contig,RTT,PTT,3,0.3,1,1136,53,682,50,none-HSsrc,nothing,,0.4928831512744124,0.04552590266875981,0.5471698113207547
Right,contig,RTT,PTT,3,0.3,1,1136,53,682,50,none-PCA,arc segments,8.0,0.43843098311817275,0.03155339805825243,0.24528301886792453
Right,contig,RTT,PTT,3,0.3,1,1136,53,682,50,QOTu-HS4,arc labels,,0.4990156622937682,0.044444444444444446,0.03773584905660377
Right,contig,RTT,PTT,3,0.3,1,1136,53,682,50,QOTu-HSsrc,arc segments,,0.5004007038450148,0.047619047619047616,0.03773584905660377
Right,contig,RTT,PTT,3,0.3,1,1136,53,682,50,QOTu-PCA,arc segments,8.0,0.5188069478562345,0.08888888888888889,0.07547169811320754
Right,contig,RTT,PTT,3,0.3,1,1136,53,682,50,QOTc-HS4,arc labels,,0.6022056133382114,0.11888111888111888,0.32075471698113206
Right,contig,RTT,PTT,3,0.3,1,1136,53,682,50,QOTc-HSsrc,arc labels,,0.5759508005365948,0.09554140127388536,0.2830188679245283
Right,contig,RTT,PTT,3,0.3,1,1136,53,682,50,QOTc-PCA,arc labels,64.0,0.4899998257809369,0.0423728813559322,0.18867924528301888
Right,contig,RTT,PTT,3,0.3,1,1136,53,682,50,SDM-HS4,arc labels,,0.5313071656300632,0.05660377358490566,0.33962264150943394
Right,contig,RTT,PTT,3,0.3,1,1136,53,682,50,SDM-HSsrc,arc labels,,0.48506071534347284,0.04180064308681672,0.24528301886792453
Right,contig,RTT,PTT,3,0.3,1,1136,53,682,50,SDM-PCA,arc labels,64.0,0.4005644697642816,0.0364741641337386,0.6792452830188679
Right,contig,RTT,PTT,3,0.5,1,1136,53,1112,68,NoAdapt,nothing,,0.4510357323298315,0.035634743875278395,0.3018867924528302
Right,contig,RTT,PTT,3,0.5,1,1136,53,1112,68,TargetOnly,arc labels,,0.6211954912106483,0.2542372881355932,0.2830188679245283
Right,contig,RTT,PTT,3,0.5,1,1136,53,1112,68,Source+Target,arc labels,,0.49662015017683236,0.045871559633027525,0.37735849056603776
Right,contig,RTT,PTT,3,0.5,1,1136,53,1112,68,COT,arc labels,,0.44497290893569574,0.03564356435643564,0.33962264150943394
Right,contig,RTT,PTT,3,0.5,1,1136,53,1112,68,none-HS4,arc labels,,0.46207250997404137,0.040453074433656956,0.4716981132075472
Right,contig,RTT,PTT,3,0.5,1,1136,53,1112,68,none-HSsrc,nothing,,0.4928831512744124,0.04552590266875981,0.5471698113207547
Right,contig,RTT,PTT,3,0.5,1,1136,53,1112,68,none-PCA,arc segments,8.0,0.43843098311817275,0.03155339805825243,0.24528301886792453
Right,contig,RTT,PTT,3,0.5,1,1136,53,1112,68,QOTu-HS4,arc labels,,0.5004007038450148,0.047619047619047616,0.03773584905660377
Right,contig,RTT,PTT,3,0.5,1,1136,53,1112,68,QOTu-HSsrc,arc segments,,0.5004007038450148,0.047619047619047616,0.03773584905660377
Right,contig,RTT,PTT,3,0.5,1,1136,53,1112,68,QOTu-PCA,arc segments,16.0,0.5084496245579192,0.06521739130434782,0.05660377358490566
Right,contig,RTT,PTT,3,0.5,1,1136,53,1112,68,QOTc-HS4,arc labels,,0.6706127284447465,0.21568627450980393,0.41509433962264153
Right,contig,RTT,PTT,3,0.5,1,1136,53,1112,68,QOTc-HSsrc,arc labels,,0.6968675412463632,0.2727272727272727,0.4528301886792453
Right,contig,RTT,PTT,3,0.5,1,1136,53,1112,68,QOTc-PCA,arc labels,64.0,0.5414467150995662,0.07534246575342465,0.20754716981132076
Right,contig,RTT,PTT,3,0.5,1,1136,53,1112,68,SDM-HS4,arc labels,,0.6675377619819161,0.09907120743034056,0.6037735849056604
Right,contig,RTT,PTT,3,0.5,1,1136,53,1112,68,SDM-HSsrc,arc labels,,0.6866495931984877,0.16993464052287582,0.49056603773584906
Right,contig,RTT,PTT,3,0.5,1,1136,53,1112,68,SDM-PCA,arc labels,64.0,0.5634331608564609,0.054022988505747126,0.8867924528301887
Right,contig,RTT,PTT,4,0.05,1,1136,51,114,10,NoAdapt,nothing,,0.4192825517303696,0.028747433264887063,0.27450980392156865
Right,contig,RTT,PTT,4,0.05,1,1136,51,114,10,TargetOnly,arc labels,,0.4138700641546942,0.014492753623188406,0.0784313725490196
Right,contig,RTT,PTT,4,0.05,1,1136,51,114,10,Source+Target,arc labels,,0.38454865817294664,0.019955654101995565,0.17647058823529413
Right,contig,RTT,PTT,4,0.05,1,1136,51,114,10,COT,arc labels,,0.42830035239902414,0.035667107001321,0.5294117647058824
Right,contig,RTT,PTT,4,0.05,1,1136,51,114,10,none-HS4,arc labels,,0.47517845848016627,0.04107424960505529,0.5098039215686274
Right,contig,RTT,PTT,4,0.05,1,1136,51,114,10,none-HSsrc,nothing,,0.4761001174663414,0.04120443740095087,0.5098039215686274
Right,contig,RTT,PTT,4,0.05,1,1136,51,114,10,none-PCA,arc segments,8.0,0.4055389897894642,0.024444444444444446,0.21568627450980393
Right,contig,RTT,PTT,4,0.05,1,1136,51,114,10,QOTu-HS4,arc labels,,0.4930875576036866,0.0,0.0
Right,contig,RTT,PTT,4,0.05,1,1136,51,114,10,QOTu-HSsrc,arc segments,,0.4944700460829493,0.0,0.0
Right,contig,RTT,PTT,4,0.05,1,1136,51,114,10,QOTu-PCA,arc segments,32.0,0.4749073823077618,0.020202020202020204,0.0392156862745098
Right,contig,RTT,PTT,4,0.05,1,1136,51,114,10,QOTc-HS4,arc labels,,0.3690431011114123,0.008547008547008548,0.058823529411764705
Right,contig,RTT,PTT,4,0.05,1,1136,51,114,10,QOTc-HSsrc,arc labels,,0.45626637751874943,0.021739130434782608,0.0784313725490196
Right,contig,RTT,PTT,4,0.05,1,1136,51,114,10,QOTc-PCA,arc labels,32.0,0.419065690792446,0.017421602787456445,0.09803921568627451
Right,contig,RTT,PTT,4,0.05,1,1136,51,114,10,SDM-HS4,arc labels,,0.35200144573958614,0.022116903633491312,0.27450980392156865
Right,contig,RTT,PTT,4,0.05,1,1136,51,114,10,SDM-HSsrc,arc labels,,0.4327731092436975,0.03125,0.29411764705882354
Right,contig,RTT,PTT,4,0.05,1,1136,51,114,10,SDM-PCA,arc labels,64.0,0.39889762356555525,0.035035035035035036,0.6862745098039216
Right,contig,RTT,PTT,4,0.1,1,1136,51,227,22,NoAdapt,nothing,,0.4192825517303696,0.028747433264887063,0.27450980392156865
Right,contig,RTT,PTT,4,0.1,1,1136,51,227,22,TargetOnly,arc labels,,0.5626366675702539,0.35,0.13725490196078433
Right,contig,RTT,PTT,4,0.1,1,1136,51,227,22,Source+Target,arc labels,,0.4291677961507183,0.028503562945368172,0.23529411764705882
Right,contig,RTT,PTT,4,0.1,1,1136,51,227,22,COT,arc labels,,0.562356555525436,0.0610079575596817,0.45098039215686275
Right,contig,RTT,PTT,4,0.1,1,1136,51,227,22,none-HS4,arc labels,,0.42418903045089007,0.03278688524590164,0.39215686274509803
Right,contig,RTT,PTT,4,0.1,1,1136,51,227,22,none-HSsrc,nothing,,0.4761001174663414,0.04120443740095087,0.5098039215686274
Right,contig,RTT,PTT,4,0.1,1,1136,51,227,22,none-PCA,arc segments,16.0,0.3953555615794705,0.018276762402088774,0.13725490196078433
Right,contig,RTT,PTT,4,0.1,1,1136,51,227,22,QOTu-HS4,arc labels,,0.49539170506912444,0.0,0.0
Right,contig,RTT,PTT,4,0.1,1,1136,51,227,22,QOTu-HSsrc,arc segments,,0.49539170506912444,0.0,0.0
Right,contig,RTT,PTT,4,0.1,1,1136,51,227,22,QOTu-PCA,arc segments,32.0,0.4935483870967742,0.0,0.0
Right,contig,RTT,PTT,4,0.1,1,1136,51,227,22,QOTc-HS4,arc labels,,0.6952832746001627,0.4772727272727273,0.4117647058823529
Right,contig,RTT,PTT,4,0.1,1,1136,51,227,22,QOTc-HSsrc,arc labels,,0.5020963223999277,0.05,0.0392156862745098
Right,contig,RTT,PTT,4,0.1,1,1136,51,227,22,QOTc-PCA,arc labels,64.0,0.5009306948585885,0.04526748971193416,0.21568627450980393
Right,contig,RTT,PTT,4,0.1,1,1136,51,227,22,SDM-HS4,arc labels,,0.7046263666757026,0.4782608695652174,0.43137254901960786
Right,contig,RTT,PTT,4,0.1,1,1136,51,227,22,SDM-HSsrc,arc labels,,0.6833017077798862,0.3,0.4117647058823529
Right,contig,RTT,PTT,4,0.1,1,1136,51,227,22,SDM-PCA,arc labels,16.0,0.5886599801210807,0.0975609756097561,0.3137254901960784
Right,contig,RTT,PTT,4,0.2,1,1136,51,454,45,NoAdapt,nothing,,0.4192825517303696,0.028747433264887063,0.27450980392156865
Right,contig,RTT,PTT,4,0.2,1,1136,51,454,45,TargetOnly,arc labels,,0.7050871961687901,0.4888888888888889,0.43137254901960786
Right,contig,RTT,PTT,4,0.2,1,1136,51,454,45,Source+Target,arc labels,,0.5070118369928617,0.04656862745098039,0.37254901960784315
Right,contig,RTT,PTT,4,0.2,1,1136,51,454,45,COT,arc labels,,0.6738321134905575,0.41304347826086957,0.37254901960784315
Right,contig,RTT,PTT,4,0.2,1,1136,51,454,45,none-HS4,arc labels,,0.42661968013011653,0.03349282296650718,0.4117647058823529
Right,contig,RTT,PTT,4,0.2,1,1136,51,454,45,none-HSsrc,nothing,,0.4761001174663414,0.04120443740095087,0.5098039215686274
Right,contig,RTT,PTT,4,0.2,1,1136,51,454,45,none-PCA,arc segments,16.0,0.40423782416192283,0.02072538860103627,0.1568627450980392
Right,contig,RTT,PTT,4,0.2,1,1136,51,454,45,QOTu-HS4,arc labels,,0.4889400921658986,0.0,0.0
Right,contig,RTT,PTT,4,0.2,1,1136,51,454,45,QOTu-HSsrc,arc segments,,0.4955182072829132,0.03125,0.0196078431372549
Right,contig,RTT,PTT,4,0.2,1,1136,51,454,45,QOTu-PCA,arc segments,16.0,0.4807716635041113,0.015625,0.0196078431372549
Right,contig,RTT,PTT,4,0.2,1,1136,51,454,45,QOTc-HS4,arc labels,,0.7069305141411404,0.5365853658536586,0.43137254901960786
Right,contig,RTT,PTT,4,0.2,1,1136,51,454,45,QOTc-HSsrc,arc labels,,0.6687629890665944,0.3333333333333333,0.37254901960784315
Right,contig,RTT,PTT,4,0.2,1,1136,51,454,45,QOTc-PCA,arc labels,32.0,0.5898707870244873,0.22,0.21568627450980393
Right,contig,RTT,PTT,4,0.2,1,1136,51,454,45,SDM-HS4,arc labels,,0.7078521731273155,0.5641025641025641,0.43137254901960786
Right,contig,RTT,PTT,4,0.2,1,1136,51,454,45,SDM-HSsrc,arc labels,,0.6833017077798862,0.3,0.4117647058823529
Right,contig,RTT,PTT,4,0.2,1,1136,51,454,45,SDM-PCA,arc labels,64.0,0.5730188849733442,0.05251875669882101,0.9607843137254902
Right,contig,RTT,PTT,4,0.3,1,1136,51,682,52,NoAdapt,nothing,,0.4192825517303696,0.028747433264887063,0.27450980392156865
Right,contig,RTT,PTT,4,0.3,1,1136,51,682,52,TargetOnly,arc labels,,0.7046263666757026,0.4782608695652174,0.43137254901960786
Right,contig,RTT,PTT,4,0.3,1,1136,51,682,52,Source+Target,arc labels,,0.5143851088822626,0.04846938775510204,0.37254901960784315
Right,contig,RTT,PTT,4,0.3,1,1136,51,682,52,COT,arc labels,,0.6765970904490828,0.475,0.37254901960784315
Right,contig,RTT,PTT,4,0.3,1,1136,51,682,52,none-HS4,arc labels,,0.41878557874762806,0.03260869565217391,0.4117647058823529
Right,contig,RTT,PTT,4,0.3,1,1136,51,682,52,none-HSsrc,nothing,,0.4761001174663414,0.04120443740095087,0.5098039215686274
Right,contig,RTT,PTT,4,0.3,1,1136,51,682,52,none-PCA,arc segments,16.0,0.40377699466883527,0.020671834625323,0.1568627450980392
Right,contig,RTT,PTT,4,0.3,1,1136,51,682,52,QOTu-HS4,arc labels,,0.49597903677600075,0.03225806451612903,0.0196078431372549
Right,contig,RTT,PTT,4,0.3,1,1136,51,682,52,QOTu-HSsrc,arc segments,,0.4950573777898256,0.030303030303030304,0.0196078431372549
Right,contig,RTT,PTT,4,0.3,1,1136,51,682,52,QOTu-PCA,arc segments,16.0,0.48353664046263667,0.017241379310344827,0.0196078431372549
Right,contig,RTT,PTT,4,0.3,1,1136,51,682,52,QOTc-HS4,arc labels,,0.7046263666757026,0.4782608695652174,0.43137254901960786
Right,contig,RTT,PTT,4,0.3,1,1136,51,682,52,QOTc-HSsrc,arc labels,,0.6935664588416012,0.3142857142857143,0.43137254901960786
Right,contig,RTT,PTT,4,0.3,1,1136,51,682,52,QOTc-PCA,arc labels,32.0,0.5813228517213337,0.375,0.17647058823529413
Right,contig,RTT,PTT,4,0.3,1,1136,51,682,52,SDM-HS4,arc labels,,0.7078521731273155,0.5641025641025641,0.43137254901960786
Right,contig,RTT,PTT,4,0.3,1,1136,51,682,52,SDM-HSsrc,arc labels,,0.6814583898075359,0.28378378378378377,0.4117647058823529
Right,contig,RTT,PTT,4,0.3,1,1136,51,682,52,SDM-PCA,arc labels,32.0,0.639857233215867,0.14084507042253522,0.39215686274509803
Right,contig,RTT,PTT,4,0.5,1,1136,51,1114,69,NoAdapt,nothing,,0.4192825517303696,0.028747433264887063,0.27450980392156865
Right,contig,RTT,PTT,4,0.5,1,1136,51,1114,69,TargetOnly,arc labels,,0.6742929429836451,0.4222222222222222,0.37254901960784315
Right,contig,RTT,PTT,4,0.5,1,1136,51,1114,69,Source+Target,arc labels,,0.5946597994036324,0.06818181818181818,0.5294117647058824
Right,contig,RTT,PTT,4,0.5,1,1136,51,1114,69,COT,arc labels,,0.6690611728562392,0.13157894736842105,0.49019607843137253
Right,contig,RTT,PTT,4,0.5,1,1136,51,1114,69,none-HS4,arc labels,,0.4811692418903045,0.041935483870967745,0.5098039215686274
Right,contig,RTT,PTT,4,0.5,1,1136,51,1114,69,none-HSsrc,nothing,,0.4761001174663414,0.04120443740095087,0.5098039215686274
Right,contig,RTT,PTT,4,0.5,1,1136,51,1114,69,none-PCA,arc segments,16.0,0.4177283816752508,0.023746701846965697,0.17647058823529413
Right,contig,RTT,PTT,4,0.5,1,1136,51,1114,69,QOTu-HS4,arc labels,,0.49459654829673805,0.029411764705882353,0.0196078431372549
Right,contig,RTT,PTT,4,0.5,1,1136,51,1114,69,QOTu-HSsrc,arc segments,,0.4950573777898256,0.030303030303030304,0.0196078431372549
Right,contig,RTT,PTT,4,0.5,1,1136,51,1114,69,QOTu-PCA,arc segments,16.0,0.4909099123520376,0.023809523809523808,0.0196078431372549
Right,contig,RTT,PTT,4,0.5,1,1136,51,1114,69,QOTc-HS4,arc labels,,0.6981747537724767,0.36666666666666664,0.43137254901960786
Right,contig,RTT,PTT,4,0.5,1,1136,51,1114,69,QOTc-HSsrc,arc labels,,0.7010662329447909,0.3026315789473684,0.45098039215686275
Right,contig,RTT,PTT,4,0.5,1,1136,51,1114,69,QOTc-PCA,arc labels,64.0,0.6399385560675883,0.22666666666666666,0.3333333333333333
Right,contig,RTT,PTT,4,0.5,1,1136,51,1114,69,SDM-HS4,arc labels,,0.679994578476552,0.16666666666666666,0.47058823529411764
Right,contig,RTT,PTT,4,0.5,1,1136,51,1114,69,SDM-HSsrc,arc labels,,0.6955362790277402,0.26136363636363635,0.45098039215686275
Right,contig,RTT,PTT,4,0.5,1,1136,51,1114,69,SDM-PCA,arc labels,64.0,0.5606578115117015,0.051511758118701005,0.9019607843137255
Right,contig,RTT,PTT,5,0.05,1,1136,19,114,20,NoAdapt,nothing,,0.3854780191301889,0.00808080808080808,0.21052631578947367
Right,contig,RTT,PTT,5,0.05,1,1136,19,114,20,TargetOnly,arc labels,,0.5200490034396645,0.06666666666666667,0.05263157894736842
Right,contig,RTT,PTT,5,0.05,1,1136,19,114,20,Source+Target,arc labels,,0.3853837817462187,0.009009009009009009,0.2631578947368421
Right,contig,RTT,PTT,5,0.05,1,1136,19,114,20,COT,arc labels,,0.41780144183197476,0.008264462809917356,0.15789473684210525
Right,contig,RTT,PTT,5,0.05,1,1136,19,114,20,none-HS4,arc labels,,0.4133958441313669,0.011437908496732025,0.3684210526315789
Right,contig,RTT,PTT,5,0.05,1,1136,19,114,20,none-HSsrc,nothing,,0.43210196484945573,0.012698412698412698,0.42105263157894735
Right,contig,RTT,PTT,5,0.05,1,1136,19,114,20,none-PCA,arc segments,8.0,0.3948781981812185,0.008438818565400843,0.21052631578947367
Right,contig,RTT,PTT,5,0.05,1,1136,19,114,20,QOTu-HS4,arc labels,,0.4977618621307073,0.0,0.0
Right,contig,RTT,PTT,5,0.05,1,1136,19,114,20,QOTu-HSsrc,arc segments,,0.4968666069829902,0.0,0.0
Right,contig,RTT,PTT,5,0.05,1,1136,19,114,20,QOTu-PCA,arc segments,8.0,0.4991047448522829,0.0,0.0
Right,contig,RTT,PTT,5,0.05,1,1136,19,114,20,QOTc-HS4,arc labels,,0.5,0.0,0.0
Right,contig,RTT,PTT,5,0.05,1,1136,19,114,20,QOTc-HSsrc,arc labels,,0.535174103566885,0.04878048780487805,0.10526315789473684
Right,contig,RTT,PTT,5,0.05,1,1136,19,114,20,QOTc-PCA,arc labels,64.0,0.5440324176600857,0.037037037037037035,0.15789473684210525
Right,contig,RTT,PTT,5,0.05,1,1136,19,114,20,SDM-HS4,arc labels,,0.5,0.0,0.0
Right,contig,RTT,PTT,5,0.05,1,1136,19,114,20,SDM-HSsrc,arc labels,,0.5369646138623192,0.05405405405405406,0.10526315789473684
Right,contig,RTT,PTT,5,0.05,1,1136,19,114,20,SDM-PCA,arc labels,32.0,0.5610187061207181,0.023391812865497075,0.42105263157894735
Right,contig,RTT,PTT,5,0.1,1,1136,19,227,23,NoAdapt,nothing,,0.3854780191301889,0.00808080808080808,0.21052631578947367
Right,contig,RTT,PTT,5,0.1,1,1136,19,227,23,TargetOnly,arc labels,,0.4991047448522829,0.0,0.0
Right,contig,RTT,PTT,5,0.1,1,1136,19,227,23,Source+Target,arc labels,,0.3957734533289356,0.00847457627118644,0.21052631578947367
Right,contig,RTT,PTT,5,0.1,1,1136,19,227,23,COT,arc labels,,0.4677708146821844,0.0,0.0
Right,contig,RTT,PTT,5,0.1,1,1136,19,227,23,none-HS4,arc labels,,0.45304622343683737,0.013996889580093312,0.47368421052631576
Right,contig,RTT,PTT,5,0.1,1,1136,19,227,23,none-HSsrc,nothing,,0.43210196484945573,0.012698412698412698,0.42105263157894735
Right,contig,RTT,PTT,5,0.1,1,1136,19,227,23,none-PCA,arc segments,8.0,0.3948781981812185,0.008438818565400843,0.21052631578947367
Right,contig,RTT,PTT,5,0.1,1,1136,19,227,23,QOTu-HS4,arc labels,,0.4977618621307073,0.0,0.0
Right,contig,RTT,PTT,5,0.1,1,1136,19,227,23,QOTu-HSsrc,arc segments,,0.4968666069829902,0.0,0.0
Right,contig,RTT,PTT,5,0.1,1,1136,19,227,23,QOTu-PCA,arc segments,8.0,0.4991047448522829,0.0,0.0
Right,contig,RTT,PTT,5,0.1,1,1136,19,227,23,QOTc-HS4,arc labels,,0.5,0.0,0.0
Right,contig,RTT,PTT,5,0.1,1,1136,19,227,23,QOTc-HSsrc,arc labels,,0.535174103566885,0.04878048780487805,0.10526315789473684
Right,contig,RTT,PTT,5,0.1,1,1136,19,227,23,QOTc-PCA,arc labels,64.0,0.5218395137350987,0.09090909090909091,0.05263157894736842
Right,contig,RTT,PTT,5,0.1,1,1136,19,227,23,SDM-HS4,arc labels,,0.5,0.0,0.0
Right,contig,RTT,PTT,5,0.1,1,1136,19,227,23,SDM-HSsrc,arc labels,,0.5182584931442303,0.05263157894736842,0.05263157894736842
Right,contig,RTT,PTT,5,0.1,1,1136,19,227,23,SDM-PCA,arc labels,32.0,0.5429251283984357,0.0199203187250996,0.5263157894736842
Right,contig,RTT,PTT,5,0.2,1,1136,19,454,39,NoAdapt,nothing,,0.3854780191301889,0.00808080808080808,0.21052631578947367
Right,contig,RTT,PTT,5,0.2,1,1136,19,454,39,TargetOnly,arc labels,,0.4995523724261415,0.0,0.0
Right,contig,RTT,PTT,5,0.2,1,1136,19,454,39,Source+Target,arc labels,,0.37188427649248457,0.002890173410404624,0.05263157894736842
Right,contig,RTT,PTT,5,0.2,1,1136,19,454,39,COT,arc labels,,0.4923903312444047,0.0,0.0
Right,contig,RTT,PTT,5,0.2,1,1136,19,454,39,none-HS4,arc labels,,0.4116053338359327,0.011363636363636364,0.3684210526315789
Right,contig,RTT,PTT,5,0.2,1,1136,19,454,39,none-HSsrc,nothing,,0.43210196484945573,0.012698412698412698,0.42105263157894735
Right,contig,RTT,PTT,5,0.2,1,1136,19,454,39,none-PCA,arc segments,8.0,0.3935353154596428,0.008385744234800839,0.21052631578947367
Right,contig,RTT,PTT,5,0.2,1,1136,19,454,39,QOTu-HS4,arc labels,,0.4964189794091316,0.0,0.0
Right,contig,RTT,PTT,5,0.2,1,1136,19,454,39,QOTu-HSsrc,arc segments,,0.4968666069829902,0.0,0.0
Right,contig,RTT,PTT,5,0.2,1,1136,19,454,39,QOTu-PCA,arc segments,8.0,0.4914950760966876,0.0,0.0
Right,contig,RTT,PTT,5,0.2,1,1136,19,454,39,QOTc-HS4,arc labels,,0.4995523724261415,0.0,0.0
Right,contig,RTT,PTT,5,0.2,1,1136,19,454,39,QOTc-HSsrc,arc labels,,0.495076096687556,0.0,0.0
Right,contig,RTT,PTT,5,0.2,1,1136,19,454,39,QOTc-PCA,arc labels,64.0,0.519601375865806,0.0625,0.05263157894736842
Right,contig,RTT,PTT,5,0.2,1,1136,19,454,39,SDM-HS4,arc labels,,0.5,0.0,0.0
Right,contig,RTT,PTT,5,0.2,1,1136,19,454,39,SDM-HSsrc,arc labels,,0.5725863450030627,0.05194805194805195,0.21052631578947367
Right,contig,RTT,PTT,5,0.2,1,1136,19,454,39,SDM-PCA,arc labels,32.0,0.5310983367101729,0.018518518518518517,0.631578947368421
Right,contig,RTT,PTT,5,0.3,1,1136,19,682,48,NoAdapt,nothing,,0.3854780191301889,0.00808080808080808,0.21052631578947367
Right,contig,RTT,PTT,5,0.3,1,1136,19,682,48,TargetOnly,arc labels,,0.4995523724261415,0.0,0.0
Right,contig,RTT,PTT,5,0.3,1,1136,19,682,48,Source+Target,arc labels,,0.37546529708335297,0.0029585798816568047,0.05263157894736842
Right,contig,RTT,PTT,5,0.3,1,1136,19,682,48,COT,arc labels,,0.4883616830796777,0.0,0.0
Right,contig,RTT,PTT,5,0.3,1,1136,19,682,48,none-HS4,arc labels,,0.43219620223342603,0.012280701754385965,0.3684210526315789
Right,contig,RTT,PTT,5,0.3,1,1136,19,682,48,none-HSsrc,nothing,,0.43210196484945573,0.012698412698412698,0.42105263157894735
Right,contig,RTT,PTT,5,0.3,1,1136,19,682,48,none-PCA,arc segments,8.0,0.3935353154596428,0.008385744234800839,0.21052631578947367
Right,contig,RTT,PTT,5,0.3,1,1136,19,682,48,QOTu-HS4,arc labels,,0.4968666069829902,0.0,0.0
Right,contig,RTT,PTT,5,0.3,1,1136,19,682,48,QOTu-HSsrc,arc segments,,0.4968666069829902,0.0,0.0
Right,contig,RTT,PTT,5,0.3,1,1136,19,682,48,QOTu-PCA,arc segments,8.0,0.4914950760966876,0.0,0.0
Right,contig,RTT,PTT,5,0.3,1,1136,19,682,48,QOTc-HS4,arc labels,,0.4986571172784244,0.0,0.0
Right,contig,RTT,PTT,5,0.3,1,1136,19,682,48,QOTc-HSsrc,arc labels,,0.4955237242614145,0.0,0.0
Right,contig,RTT,PTT,5,0.3,1,1136,19,682,48,QOTc-PCA,arc labels,4.0,0.4995523724261415,0.0,0.0
Right,contig,RTT,PTT,5,0.3,1,1136,19,682,48,SDM-HS4,arc labels,,0.4995523724261415,0.0,0.0
Right,contig,RTT,PTT,5,0.3,1,1136,19,682,48,SDM-HSsrc,arc labels,,0.5356217311407435,0.05,0.10526315789473684
Right,contig,RTT,PTT,5,0.3,1,1136,19,682,48,SDM-PCA,arc labels,32.0,0.43874570041935634,0.010638297872340425,0.21052631578947367
Right,contig,RTT,PTT,5,0.5,1,1136,19,1112,99,NoAdapt,nothing,,0.3854780191301889,0.00808080808080808,0.21052631578947367
Right,contig,RTT,PTT,5,0.5,1,1136,19,1112,99,TargetOnly,arc labels,,0.4968666069829902,0.0,0.0
Right,contig,RTT,PTT,5,0.5,1,1136,19,1112,99,Source+Target,arc labels,,0.4170946614521981,0.004081632653061225,0.05263157894736842
Right,contig,RTT,PTT,5,0.5,1,1136,19,1112,99,COT,arc labels,,0.482094897045658,0.0,0.0
Right,contig,RTT,PTT,5,0.5,1,1136,19,1112,99,none-HS4,arc labels,,0.41294821655750835,0.011419249592169658,0.3684210526315789
Right,contig,RTT,PTT,5,0.5,1,1136,19,1112,99,none-HSsrc,nothing,,0.43210196484945573,0.012698412698412698,0.42105263157894735
Right,contig,RTT,PTT,5,0.5,1,1136,19,1112,99,none-PCA,arc segments,8.0,0.3935353154596428,0.008385744234800839,0.21052631578947367
Right,contig,RTT,PTT,5,0.5,1,1136,19,1112,99,QOTu-HS4,arc labels,,0.4959713518352731,0.0,0.0
Right,contig,RTT,PTT,5,0.5,1,1136,19,1112,99,QOTu-HSsrc,arc segments,,0.4968666069829902,0.0,0.0
Right,contig,RTT,PTT,5,0.5,1,1136,19,1112,99,QOTu-PCA,arc segments,8.0,0.4968666069829902,0.0,0.0
Right,contig,RTT,PTT,5,0.5,1,1136,19,1112,99,QOTc-HS4,arc labels,,0.4973142345568487,0.0,0.0
Right,contig,RTT,PTT,5,0.5,1,1136,19,1112,99,QOTc-HSsrc,arc labels,,0.4937332139659803,0.0,0.0
Right,contig,RTT,PTT,5,0.5,1,1136,19,1112,99,QOTc-PCA,arc labels,64.0,0.5145832351693918,0.022988505747126436,0.10526315789473684
Right,contig,RTT,PTT,5,0.5,1,1136,19,1112,99,SDM-HS4,arc labels,,0.4963247420251614,0.014705882352941176,0.05263157894736842
Right,contig,RTT,PTT,5,0.5,1,1136,19,1112,99,SDM-HSsrc,arc labels,,0.5511944588418225,0.046153846153846156,0.15789473684210525
Right,contig,RTT,PTT,5,0.5,1,1136,19,1112,99,SDM-PCA,arc labels,64.0,0.5866748339066108,0.020969855832241154,0.8421052631578947
Right,contig,RTT,PTT,6,0.05,0,1136,36,114,0,NoAdapt,nothing,,0.597929292929293,0.04297520661157025,0.7222222222222222
Right,contig,RTT,PTT,6,0.05,0,1136,36,114,0,TargetOnly,arc labels,,,,
Right,contig,RTT,PTT,6,0.05,0,1136,36,114,0,Source+Target,arc labels,,,,
Right,contig,RTT,PTT,6,0.05,0,1136,36,114,0,COT,arc labels,,,,
Right,contig,RTT,PTT,6,0.05,0,1136,36,114,0,none-HS4,arc labels,,,,
Right,contig,RTT,PTT,6,0.05,0,1136,36,114,0,none-HSsrc,nothing,,0.5754545454545454,0.03935860058309038,0.75
Right,contig,RTT,PTT,6,0.05,0,1136,36,114,0,none-PCA,arc segments,8.0,0.5981313131313131,0.04363001745200698,0.6944444444444444
Right,contig,RTT,PTT,6,0.05,0,1136,36,114,0,QOTu-HS4,arc labels,,,,
Right,contig,RTT,PTT,6,0.05,0,1136,36,114,0,QOTu-HSsrc,arc segments,,0.751969696969697,0.11822660098522167,0.6666666666666666
Right,contig,RTT,PTT,6,0.05,0,1136,36,114,0,QOTu-PCA,arc segments,8.0,0.7465151515151516,0.11162790697674418,0.6666666666666666
Right,contig,RTT,PTT,6,0.05,0,1136,36,114,0,QOTc-HS4,arc labels,,,,
Right,contig,RTT,PTT,6,0.05,0,1136,36,114,0,QOTc-HSsrc,arc labels,,,,
Right,contig,RTT,PTT,6,0.05,0,1136,36,114,0,QOTc-PCA,arc labels,,,,
Right,contig,RTT,PTT,6,0.05,0,1136,36,114,0,SDM-HS4,arc labels,,,,
Right,contig,RTT,PTT,6,0.05,0,1136,36,114,0,SDM-HSsrc,arc labels,,,,
Right,contig,RTT,PTT,6,0.05,0,1136,36,114,0,SDM-PCA,arc labels,,,,
Right,contig,RTT,PTT,6,0.1,1,1136,36,227,12,NoAdapt,nothing,,0.597929292929293,0.04297520661157025,0.7222222222222222
Right,contig,RTT,PTT,6,0.1,1,1136,36,227,12,TargetOnly,arc labels,,0.49772727272727274,0.0,0.0
Right,contig,RTT,PTT,6,0.1,1,1136,36,227,12,Source+Target,arc labels,,0.567929292929293,0.038748137108792845,0.7222222222222222
Right,contig,RTT,PTT,6,0.1,1,1136,36,227,12,COT,arc labels,,0.4909090909090909,0.0,0.0
Right,contig,RTT,PTT,6,0.1,1,1136,36,227,12,none-HS4,arc labels,,0.5786363636363636,0.039764359351988215,0.75
Right,contig,RTT,PTT,6,0.1,1,1136,36,227,12,none-HSsrc,nothing,,0.5754545454545454,0.03935860058309038,0.75
Right,contig,RTT,PTT,6,0.1,1,1136,36,227,12,none-PCA,arc segments,8.0,0.5981313131313131,0.04363001745200698,0.6944444444444444
Right,contig,RTT,PTT,6,0.1,1,1136,36,227,12,QOTu-HS4,arc labels,,0.7774242424242424,0.16326530612244897,0.6666666666666666
Right,contig,RTT,PTT,6,0.1,1,1136,36,227,12,QOTu-HSsrc,arc segments,,0.7642424242424242,0.13636363636363635,0.6666666666666666
Right,contig,RTT,PTT,6,0.1,1,1136,36,227,12,QOTu-PCA,arc segments,8.0,0.7774242424242424,0.16326530612244897,0.6666666666666666
Right,contig,RTT,PTT,6,0.1,1,1136,36,227,12,QOTc-HS4,arc labels,,0.5141414141414141,0.0625,0.05555555555555555
Right,contig,RTT,PTT,6,0.1,1,1136,36,227,12,QOTc-HSsrc,arc labels,,0.4996969696969697,0.031578947368421054,0.16666666666666666
Right,contig,RTT,PTT,6,0.1,1,1136,36,227,12,QOTc-PCA,arc labels,8.0,0.41974747474747476,0.018648018648018648,0.2222222222222222
Right,contig,RTT,PTT,6,0.1,1,1136,36,227,12,SDM-HS4,arc labels,,0.5014141414141414,0.03333333333333333,0.05555555555555555
Right,contig,RTT,PTT,6,0.1,1,1136,36,227,12,SDM-HSsrc,arc labels,,0.5283333333333333,0.047244094488188976,0.16666666666666666
Right,contig,RTT,PTT,6,0.1,1,1136,36,227,12,SDM-PCA,arc labels,16.0,0.4781818181818182,0.0,0.0
Right,contig,RTT,PTT,6,0.2,1,1136,36,454,24,NoAdapt,nothing,,0.597929292929293,0.04297520661157025,0.7222222222222222
Right,contig,RTT,PTT,6,0.2,1,1136,36,454,24,TargetOnly,arc labels,,0.7364141414141414,0.18018018018018017,0.5555555555555556
Right,contig,RTT,PTT,6,0.2,1,1136,36,454,24,Source+Target,arc labels,,0.6224747474747474,0.047186932849364795,0.7222222222222222
Right,contig,RTT,PTT,6,0.2,1,1136,36,454,24,COT,arc labels,,0.6656565656565656,0.09883720930232558,0.4722222222222222
Right,contig,RTT,PTT,6,0.2,1,1136,36,454,24,none-HS4,arc labels,,0.5811616161616162,0.03971631205673759,0.7777777777777778
Right,contig,RTT,PTT,6,0.2,1,1136,36,454,24,none-HSsrc,nothing,,0.5754545454545454,0.03935860058309038,0.75
Right,contig,RTT,PTT,6,0.2,1,1136,36,454,24,none-PCA,arc segments,8.0,0.5963131313131314,0.043327556325823226,0.6944444444444444
Right,contig,RTT,PTT,6,0.2,1,1136,36,454,24,QOTu-HS4,arc labels,,0.7721717171717171,0.18110236220472442,0.6388888888888888
Right,contig,RTT,PTT,6,0.2,1,1136,36,454,24,QOTu-HSsrc,arc segments,,0.7519191919191919,0.15714285714285714,0.6111111111111112
Right,contig,RTT,PTT,6,0.2,1,1136,36,454,24,QOTu-PCA,arc segments,8.0,0.781060606060606,0.17266187050359713,0.6666666666666666
Right,contig,RTT,PTT,6,0.2,1,1136,36,454,24,QOTc-HS4,arc labels,,0.8031313131313131,0.20491803278688525,0.6944444444444444
Right,contig,RTT,PTT,6,0.2,1,1136,36,454,24,QOTc-HSsrc,arc labels,,0.7874747474747474,0.13829787234042554,0.7222222222222222
Right,contig,RTT,PTT,6,0.2,1,1136,36,454,24,QOTc-PCA,arc labels,32.0,0.6088888888888888,0.13157894736842105,0.2777777777777778
Right,contig,RTT,PTT,6,0.2,1,1136,36,454,24,SDM-HS4,arc labels,,0.577020202020202,0.0963855421686747,0.2222222222222222
Right,contig,RTT,PTT,6,0.2,1,1136,36,454,24,SDM-HSsrc,arc labels,,0.6831818181818181,0.10909090909090909,0.5
Right,contig,RTT,PTT,6,0.2,1,1136,36,454,24,SDM-PCA,arc labels,64.0,0.5062121212121212,0.032357473035439135,0.5833333333333334
Right,contig,RTT,PTT,6,0.3,1,1136,36,682,38,NoAdapt,nothing,,0.597929292929293,0.04297520661157025,0.7222222222222222
Right,contig,RTT,PTT,6,0.3,1,1136,36,682,38,TargetOnly,arc labels,,0.7585353535353535,0.1464968152866242,0.6388888888888888
Right,contig,RTT,PTT,6,0.3,1,1136,36,682,38,Source+Target,arc labels,,0.5952020202020202,0.0425531914893617,0.7222222222222222
Right,contig,RTT,PTT,6,0.3,1,1136,36,682,38,COT,arc labels,,0.5587878787878788,0.0436046511627907,0.4166666666666667
Right,contig,RTT,PTT,6,0.3,1,1136,36,682,38,none-HS4,arc labels,,0.567929292929293,0.038748137108792845,0.7222222222222222
Right,contig,RTT,PTT,6,0.3,1,1136,36,682,38,none-HSsrc,nothing,,0.5754545454545454,0.03935860058309038,0.75
Right,contig,RTT,PTT,6,0.3,1,1136,36,682,38,none-PCA,arc segments,8.0,0.5967676767676767,0.043402777777777776,0.6944444444444444
Right,contig,RTT,PTT,6,0.3,1,1136,36,682,38,QOTu-HS4,arc labels,,0.7865151515151515,0.1889763779527559,0.6666666666666666
Right,contig,RTT,PTT,6,0.3,1,1136,36,682,38,QOTu-HSsrc,arc segments,,0.7407575757575757,0.15789473684210525,0.5833333333333334
Right,contig,RTT,PTT,6,0.3,1,1136,36,682,38,QOTu-PCA,arc segments,8.0,0.781060606060606,0.17266187050359713,0.6666666666666666
Right,contig,RTT,PTT,6,0.3,1,1136,36,682,38,QOTc-HS4,arc labels,,0.7343939393939394,0.14285714285714285,0.5833333333333334
Right,contig,RTT,PTT,6,0.3,1,1136,36,682,38,QOTc-HSsrc,arc labels,,0.7731313131313131,0.13297872340425532,0.6944444444444444
Right,contig,RTT,PTT,6,0.3,1,1136,36,682,38,QOTc-PCA,arc labels,64.0,0.5036868686868686,0.03636363636363636,0.05555555555555555
Right,contig,RTT,PTT,6,0.3,1,1136,36,682,38,SDM-HS4,arc labels,,0.659949494949495,0.10457516339869281,0.4444444444444444
Right,contig,RTT,PTT,6,0.3,1,1136,36,682,38,SDM-HSsrc,arc labels,,0.7580808080808081,0.14556962025316456,0.6388888888888888
Right,contig,RTT,PTT,6,0.3,1,1136,36,682,38,SDM-PCA,arc labels,64.0,0.46898989898989896,0.029684601113172542,0.8888888888888888
Right,contig,RTT,PTT,6,0.5,1,1136,36,1112,81,NoAdapt,nothing,,0.597929292929293,0.04297520661157025,0.7222222222222222
Right,contig,RTT,PTT,6,0.5,1,1136,36,1112,81,TargetOnly,arc labels,,0.643080808080808,0.11023622047244094,0.3888888888888889
Right,contig,RTT,PTT,6,0.5,1,1136,36,1112,81,Source+Target,arc labels,,0.6847474747474747,0.06280193236714976,0.7222222222222222
Right,contig,RTT,PTT,6,0.5,1,1136,36,1112,81,COT,arc labels,,0.7357575757575758,0.14583333333333334,0.5833333333333334
Right,contig,RTT,PTT,6,0.5,1,1136,36,1112,81,none-HS4,arc labels,,0.5604040404040405,0.038109756097560975,0.6944444444444444
Right,contig,RTT,PTT,6,0.5,1,1136,36,1112,81,none-HSsrc,nothing,,0.5754545454545454,0.03935860058309038,0.75
Right,contig,RTT,PTT,6,0.5,1,1136,36,1112,81,none-PCA,arc segments,8.0,0.5967676767676767,0.043402777777777776,0.6944444444444444
Right,contig,RTT,PTT,6,0.5,1,1136,36,1112,81,QOTu-HS4,arc labels,,0.7571717171717172,0.14375,0.6388888888888888
Right,contig,RTT,PTT,6,0.5,1,1136,36,1112,81,QOTu-HSsrc,arc segments,,0.7519191919191919,0.15714285714285714,0.6111111111111112
Right,contig,RTT,PTT,6,0.5,1,1136,36,1112,81,QOTu-PCA,arc segments,8.0,0.7783333333333333,0.16551724137931034,0.6666666666666666
Right,contig,RTT,PTT,6,0.5,1,1136,36,1112,81,QOTc-HS4,arc labels,,0.7002525252525252,0.11949685534591195,0.5277777777777778
Right,contig,RTT,PTT,6,0.5,1,1136,36,1112,81,QOTc-HSsrc,arc labels,,0.7663131313131313,0.12315270935960591,0.6944444444444444
Right,contig,RTT,PTT,6,0.5,1,1136,36,1112,81,QOTc-PCA,arc labels,64.0,0.4640909090909091,0.0,0.0
Right,contig,RTT,PTT,6,0.5,1,1136,36,1112,81,SDM-HS4,arc labels,,0.5702525252525252,0.062111801242236024,0.2777777777777778
Right,contig,RTT,PTT,6,0.5,1,1136,36,1112,81,SDM-HSsrc,arc labels,,0.6668181818181818,0.08955223880597014,0.5
Right,contig,RTT,PTT,6,0.5,1,1136,36,1112,81,SDM-PCA,arc labels,64.0,0.5605555555555556,0.0392156862745098,0.6111111111111112
Right,contig,RTT,PTT,7,0.05,1,1136,41,114,3,NoAdapt,nothing,,0.6219957679028845,0.048812664907651716,0.9024390243902439
Right,contig,RTT,PTT,7,0.05,1,1136,41,114,3,TargetOnly,arc labels,,0.5553959238222519,0.049689440993788817,0.3902439024390244
Right,contig,RTT,PTT,7,0.05,1,1136,41,114,3,Source+Target,arc labels,,0.6324980510079073,0.050340136054421766,0.9024390243902439
Right,contig,RTT,PTT,7,0.05,1,1136,41,114,3,COT,arc labels,,0.5004566210045662,0.03612334801762115,1.0
Right,contig,RTT,PTT,7,0.05,1,1136,41,114,3,none-HS4,arc labels,,0.6454727697961911,0.051181102362204724,0.9512195121951219
Right,contig,RTT,PTT,7,0.05,1,1136,41,114,3,none-HSsrc,nothing,,0.6035972825481679,0.04600484261501211,0.926829268292683
Right,contig,RTT,PTT,7,0.05,1,1136,41,114,3,none-PCA,arc segments,8.0,0.631718454170843,0.05077574047954866,0.8780487804878049
Right,contig,RTT,PTT,7,0.05,1,1136,41,114,3,QOTu-HS4,arc labels,,0.7942755317964139,0.10198300283286119,0.8780487804878049
Right,contig,RTT,PTT,7,0.05,1,1136,41,114,3,QOTu-HSsrc,arc segments,,0.7933622897872814,0.10140845070422536,0.8780487804878049
Right,contig,RTT,PTT,7,0.05,1,1136,41,114,3,QOTu-PCA,arc segments,8.0,0.7977948546608754,0.09919571045576407,0.9024390243902439
Right,contig,RTT,PTT,7,0.05,1,1136,41,114,3,QOTc-HS4,arc labels,,0.3936629914244348,0.00949367088607595,0.07317073170731707
Right,contig,RTT,PTT,7,0.05,1,1136,41,114,3,QOTc-HSsrc,arc labels,,0.6649181423321082,0.05572289156626506,0.9024390243902439
Right,contig,RTT,PTT,7,0.05,1,1136,41,114,3,QOTc-PCA,arc labels,64.0,0.49836284664216507,0.03389830508474576,0.04878048780487805
Right,contig,RTT,PTT,7,0.05,1,1136,41,114,3,SDM-HS4,arc labels,,0.37872814344581807,0.006230529595015576,0.04878048780487805
Right,contig,RTT,PTT,7,0.05,1,1136,41,114,3,SDM-HSsrc,arc labels,,0.7128633478115602,0.06618962432915922,0.9024390243902439
Right,contig,RTT,PTT,7,0.05,1,1136,41,114,3,SDM-PCA,arc labels,8.0,0.4214611872146119,0.0,0.0
Right,contig,RTT,PTT,7,0.1,1,1136,41,227,4,NoAdapt,nothing,,0.6219957679028845,0.048812664907651716,0.9024390243902439
Right,contig,RTT,PTT,7,0.1,1,1136,41,227,4,TargetOnly,arc labels,,0.45882614990533466,0.01990049751243781,0.0975609756097561
Right,contig,RTT,PTT,7,0.1,1,1136,41,227,4,Source+Target,arc labels,,0.636151019044437,0.05089408528198074,0.9024390243902439
Right,contig,RTT,PTT,7,0.1,1,1136,41,227,4,COT,arc labels,,0.4001893306604299,0.0072992700729927005,0.04878048780487805
Right,contig,RTT,PTT,7,0.1,1,1136,41,227,4,none-HS4,arc labels,,0.6276645506181089,0.04868913857677903,0.9512195121951219
Right,contig,RTT,PTT,7,0.1,1,1136,41,227,4,none-HSsrc,nothing,,0.6035972825481679,0.04600484261501211,0.926829268292683
Right,contig,RTT,PTT,7,0.1,1,1136,41,227,4,none-PCA,arc segments,8.0,0.631718454170843,0.05077574047954866,0.8780487804878049
Right,contig,RTT,PTT,7,0.1,1,1136,41,227,4,QOTu-HS4,arc labels,,0.8070609199242678,0.11076923076923077,0.8780487804878049
Right,contig,RTT,PTT,7,0.1,1,1136,41,227,4,QOTu-HSsrc,arc segments,,0.8056910569105691,0.10975609756097561,0.8780487804878049
Right,contig,RTT,PTT,7,0.1,1,1136,41,227,4,QOTu-PCA,arc segments,8.0,0.820625904889186,0.11455108359133127,0.9024390243902439
Right,contig,RTT,PTT,7,0.1,1,1136,41,227,4,QOTc-HS4,arc labels,,0.6204254371310837,0.07659574468085106,0.43902439024390244
Right,contig,RTT,PTT,7,0.1,1,1136,41,227,4,QOTc-HSsrc,arc labels,,0.75989531128188,0.08114035087719298,0.9024390243902439
Right,contig,RTT,PTT,7,0.1,1,1136,41,227,4,QOTc-PCA,arc labels,64.0,0.506715669896425,0.07692307692307693,0.024390243902439025
Right,contig,RTT,PTT,7,0.1,1,1136,41,227,4,SDM-HS4,arc labels,,0.6483350038979843,0.08171206225680934,0.5121951219512195
Right,contig,RTT,PTT,7,0.1,1,1136,41,227,4,SDM-HSsrc,arc labels,,0.7685711103686379,0.08466819221967964,0.9024390243902439
Right,contig,RTT,PTT,7,0.1,1,1136,41,227,4,SDM-PCA,arc labels,32.0,0.4820581356498497,0.014925373134328358,0.024390243902439025
Right,contig,RTT,PTT,7,0.2,1,1136,41,454,40,NoAdapt,nothing,,0.6219957679028845,0.048812664907651716,0.9024390243902439
Right,contig,RTT,PTT,7,0.2,1,1136,41,454,40,TargetOnly,arc labels,,0.7872368860674908,0.10862619808306709,0.8292682926829268
Right,contig,RTT,PTT,7,0.2,1,1136,41,454,40,Source+Target,arc labels,,0.6548724802316517,0.05393586005830904,0.9024390243902439
Right,contig,RTT,PTT,7,0.2,1,1136,41,454,40,COT,arc labels,,0.7215057356053013,0.10266159695817491,0.6585365853658537
Right,contig,RTT,PTT,7,0.2,1,1136,41,454,40,none-HS4,arc labels,,0.6000779596837065,0.04590570719602978,0.9024390243902439
Right,contig,RTT,PTT,7,0.2,1,1136,41,454,40,none-HSsrc,nothing,,0.6035972825481679,0.04600484261501211,0.926829268292683
Right,contig,RTT,PTT,7,0.2,1,1136,41,454,40,none-PCA,arc segments,8.0,0.6326316961799755,0.05091937765205092,0.8780487804878049
Right,contig,RTT,PTT,7,0.2,1,1136,41,454,40,QOTu-HS4,arc labels,,0.816193340015592,0.1180327868852459,0.8780487804878049
Right,contig,RTT,PTT,7,0.2,1,1136,41,454,40,QOTu-HSsrc,arc segments,,0.8157367190110257,0.11764705882352941,0.8780487804878049
Right,contig,RTT,PTT,7,0.2,1,1136,41,454,40,QOTu-PCA,arc segments,8.0,0.8166499610201581,0.11842105263157894,0.8780487804878049
Right,contig,RTT,PTT,7,0.2,1,1136,41,454,40,QOTc-HS4,arc labels,,0.8242788729257156,0.11746031746031746,0.9024390243902439
Right,contig,RTT,PTT,7,0.2,1,1136,41,454,40,QOTc-HSsrc,arc labels,,0.7851431117050897,0.09651474530831099,0.8780487804878049
Right,contig,RTT,PTT,7,0.2,1,1136,41,454,40,QOTc-PCA,arc labels,64.0,0.6533021494598508,0.11042944785276074,0.43902439024390244
Right,contig,RTT,PTT,7,0.2,1,1136,41,454,40,SDM-HS4,arc labels,,0.8139102349927609,0.11612903225806452,0.8780487804878049
Right,contig,RTT,PTT,7,0.2,1,1136,41,454,40,SDM-HSsrc,arc labels,,0.785733377881724,0.10174418604651163,0.8536585365853658
Right,contig,RTT,PTT,7,0.2,1,1136,41,454,40,SDM-PCA,arc labels,32.0,0.5490811894420314,0.05333333333333334,0.2926829268292683
Right,contig,RTT,PTT,7,0.3,1,1136,41,682,54,NoAdapt,nothing,,0.6219957679028845,0.048812664907651716,0.9024390243902439
Right,contig,RTT,PTT,7,0.3,1,1136,41,682,54,TargetOnly,arc labels,,0.7998886290232765,0.11182108626198083,0.8536585365853658
Right,contig,RTT,PTT,7,0.3,1,1136,41,682,54,Source+Target,arc labels,,0.688205813564985,0.06035889070146819,0.9024390243902439
Right,contig,RTT,PTT,7,0.3,1,1136,41,682,54,COT,arc labels,,0.778371756320303,0.11552346570397112,0.7804878048780488
Right,contig,RTT,PTT,7,0.3,1,1136,41,682,54,none-HS4,arc labels,,0.6041875487248023,0.04642409033877039,0.9024390243902439
Right,contig,RTT,PTT,7,0.3,1,1136,41,682,54,none-HSsrc,nothing,,0.6035972825481679,0.04600484261501211,0.926829268292683
Right,contig,RTT,PTT,7,0.3,1,1136,41,682,54,none-PCA,arc segments,8.0,0.6312618331662769,0.05070422535211268,0.8780487804878049
Right,contig,RTT,PTT,7,0.3,1,1136,41,682,54,QOTu-HS4,arc labels,,0.8116271299699298,0.11428571428571428,0.8780487804878049
Right,contig,RTT,PTT,7,0.3,1,1136,41,682,54,QOTu-HSsrc,arc segments,,0.7915358057690166,0.10027855153203342,0.8780487804878049
Right,contig,RTT,PTT,7,0.3,1,1136,41,682,54,QOTu-PCA,arc segments,8.0,0.8219957679028845,0.115625,0.9024390243902439
Right,contig,RTT,PTT,7,0.3,1,1136,41,682,54,QOTc-HS4,arc labels,,0.8187994208709211,0.11314984709480122,0.9024390243902439
Right,contig,RTT,PTT,7,0.3,1,1136,41,682,54,QOTc-HSsrc,arc labels,,0.7918587816015147,0.09585492227979274,0.9024390243902439
Right,contig,RTT,PTT,7,0.3,1,1136,41,682,54,QOTc-PCA,arc labels,64.0,0.6416193340015592,0.08196721311475409,0.4878048780487805
Right,contig,RTT,PTT,7,0.3,1,1136,41,682,54,SDM-HS4,arc labels,,0.8242788729257156,0.11746031746031746,0.9024390243902439
Right,contig,RTT,PTT,7,0.3,1,1136,41,682,54,SDM-HSsrc,arc labels,,0.7983851208375097,0.10465116279069768,0.8780487804878049
Right,contig,RTT,PTT,7,0.3,1,1136,41,682,54,SDM-PCA,arc labels,64.0,0.5834725470542377,0.047217537942664416,0.6829268292682927
Right,contig,RTT,PTT,7,0.5,1,1136,41,1124,80,NoAdapt,nothing,,0.6219957679028845,0.048812664907651716,0.9024390243902439
Right,contig,RTT,PTT,7,0.5,1,1136,41,1124,80,TargetOnly,arc labels,,0.7884731039091213,0.10355029585798817,0.8536585365853658
Right,contig,RTT,PTT,7,0.5,1,1136,41,1124,80,Source+Target,arc labels,,0.6548724802316517,0.05393586005830904,0.9024390243902439
Right,contig,RTT,PTT,7,0.5,1,1136,41,1124,80,COT,arc labels,,0.6233544938189108,0.07042253521126761,0.4878048780487805
Right,contig,RTT,PTT,7,0.5,1,1136,41,1124,80,none-HS4,arc labels,,0.601447822697405,0.0460772104607721,0.9024390243902439
Right,contig,RTT,PTT,7,0.5,1,1136,41,1124,80,none-HSsrc,nothing,,0.6035972825481679,0.04600484261501211,0.926829268292683
Right,contig,RTT,PTT,7,0.5,1,1136,41,1124,80,none-PCA,arc segments,8.0,0.6321750751754093,0.05084745762711865,0.8780487804878049
Right,contig,RTT,PTT,7,0.5,1,1136,41,1124,80,QOTu-HS4,arc labels,,0.7600289564539481,0.08411214953271028,0.8780487804878049
Right,contig,RTT,PTT,7,0.5,1,1136,41,1124,80,QOTu-HSsrc,arc segments,,0.7568326094219846,0.08275862068965517,0.8780487804878049
Right,contig,RTT,PTT,7,0.5,1,1136,41,1124,80,QOTu-PCA,arc segments,8.0,0.7955117496380444,0.09788359788359788,0.9024390243902439
Right,contig,RTT,PTT,7,0.5,1,1136,41,1124,80,QOTc-HS4,arc labels,,0.8110368637932954,0.10755813953488372,0.9024390243902439
Right,contig,RTT,PTT,7,0.5,1,1136,41,1124,80,QOTc-HSsrc,arc labels,,0.751219512195122,0.07789473684210527,0.9024390243902439
Right,contig,RTT,PTT,7,0.5,1,1136,41,1124,80,QOTc-PCA,arc labels,32.0,0.5537030849760552,0.050335570469798654,0.36585365853658536
Right,contig,RTT,PTT,7,0.5,1,1136,41,1124,80,SDM-HS4,arc labels,,0.8151464528343914,0.11044776119402985,0.9024390243902439
Right,contig,RTT,PTT,7,0.5,1,1136,41,1124,80,SDM-HSsrc,arc labels,,0.7831829825147567,0.09135802469135802,0.9024390243902439
Right,contig,RTT,PTT,7,0.5,1,1136,41,1124,80,SDM-PCA,arc labels,64.0,0.4312284218732598,0.029850746268656716,0.6341463414634146
Right,contig,RTT,WRM,0,0.05,1,508,32,51,3,NoAdapt,nothing,,0.5766806722689075,0.14814814814814814,0.25
Right,contig,RTT,WRM,0,0.05,1,508,32,51,3,TargetOnly,arc labels,,0.6446953781512605,0.47619047619047616,0.3125
Right,contig,RTT,WRM,0,0.05,1,508,32,51,3,Source+Target,arc labels,,0.563156512605042,0.13725490196078433,0.21875
Right,contig,RTT,WRM,0,0.05,1,508,32,51,3,COT,arc labels,,0.5294117647058824,0.06666666666666667,1.0
Right,contig,RTT,WRM,0,0.05,1,508,32,51,3,none-HS4,arc labels,,0.6017594537815126,0.1956521739130435,0.28125
Right,contig,RTT,WRM,0,0.05,1,508,32,51,3,none-HSsrc,nothing,,0.6081932773109244,0.3333333333333333,0.25
Right,contig,RTT,WRM,0,0.05,1,508,32,51,3,none-PCA,arc segments,16.0,0.5882352941176471,0.18604651162790697,0.25
Right,contig,RTT,WRM,0,0.05,1,508,32,51,3,QOTu-HS4,arc labels,,0.6081932773109244,0.3333333333333333,0.25
Right,contig,RTT,WRM,0,0.05,1,508,32,51,3,QOTu-HSsrc,arc segments,,0.6071428571428572,0.32,0.25
Right,contig,RTT,WRM,0,0.05,1,508,32,51,3,QOTu-PCA,arc segments,8.0,0.5580357142857143,0.15,0.1875
Right,contig,RTT,WRM,0,0.05,1,508,32,51,3,QOTc-HS4,arc labels,,0.6039915966386555,0.2857142857142857,0.25
Right,contig,RTT,WRM,0,0.05,1,508,32,51,3,QOTc-HSsrc,arc labels,,0.6029411764705883,0.27586206896551724,0.25
Right,contig,RTT,WRM,0,0.05,1,508,32,51,3,QOTc-PCA,arc labels,64.0,0.5259978991596639,0.2857142857142857,0.0625
Right,contig,RTT,WRM,0,0.05,1,508,32,51,3,SDM-HS4,arc labels,,0.53453256302521,0.08181818181818182,0.28125
Right,contig,RTT,WRM,0,0.05,1,508,32,51,3,SDM-HSsrc,arc labels,,0.6050420168067228,0.2962962962962963,0.25
Right,contig,RTT,WRM,0,0.05,1,508,32,51,3,SDM-PCA,arc labels,8.0,0.5777310924369747,0.1509433962264151,0.25
Right,contig,RTT,WRM,0,0.1,1,508,32,102,5,NoAdapt,nothing,,0.5766806722689075,0.14814814814814814,0.25
Right,contig,RTT,WRM,0,0.1,1,508,32,102,5,TargetOnly,arc labels,,0.592436974789916,0.20512820512820512,0.25
Right,contig,RTT,WRM,0,0.1,1,508,32,102,5,Source+Target,arc labels,,0.563156512605042,0.13725490196078433,0.21875
Right,contig,RTT,WRM,0,0.1,1,508,32,102,5,COT,arc labels,,0.5182510504201681,0.06645569620253164,0.65625
Right,contig,RTT,WRM,0,0.1,1,508,32,102,5,none-HS4,arc labels,,0.6071428571428572,0.32,0.25
Right,contig,RTT,WRM,0,0.1,1,508,32,102,5,none-HSsrc,nothing,,0.6081932773109244,0.3333333333333333,0.25
Right,contig,RTT,WRM,0,0.1,1,508,32,102,5,none-PCA,arc segments,16.0,0.5882352941176471,0.18604651162790697,0.25
Right,contig,RTT,WRM,0,0.1,1,508,32,102,5,QOTu-HS4,arc labels,,0.5884978991596639,0.5454545454545454,0.1875
Right,contig,RTT,WRM,0,0.1,1,508,32,102,5,QOTu-HSsrc,arc segments,,0.6092436974789917,0.34782608695652173,0.25
Right,contig,RTT,WRM,0,0.1,1,508,32,102,5,QOTu-PCA,arc segments,8.0,0.5466123949579832,0.14285714285714285,0.15625
Right,contig,RTT,WRM,0,0.1,1,508,32,102,5,QOTc-HS4,arc labels,,0.6101628151260504,0.23684210526315788,0.28125
Right,contig,RTT,WRM,0,0.1,1,508,32,102,5,QOTc-HSsrc,arc labels,,0.5965073529411764,0.17647058823529413,0.28125
Right,contig,RTT,WRM,0,0.1,1,508,32,102,5,QOTc-PCA,arc labels,64.0,0.4944852941176471,0.05405405405405406,0.0625
Right,contig,RTT,WRM,0,0.1,1,508,32,102,5,SDM-HS4,arc labels,,0.5622373949579832,0.08588957055214724,0.4375
Right,contig,RTT,WRM,0,0.1,1,508,32,102,5,SDM-HSsrc,arc labels,,0.5883665966386555,0.25925925925925924,0.21875
Right,contig,RTT,WRM,0,0.1,1,508,32,102,5,SDM-PCA,arc labels,32.0,0.4523371848739496,0.03225806451612903,0.09375
Right,contig,RTT,WRM,0,0.2,1,508,32,203,16,NoAdapt,nothing,,0.5766806722689075,0.14814814814814814,0.25
Right,contig,RTT,WRM,0,0.2,1,508,32,203,16,TargetOnly,arc labels,,0.6176470588235294,0.5333333333333333,0.25
Right,contig,RTT,WRM,0,0.2,1,508,32,203,16,Source+Target,arc labels,,0.5828518907563025,0.140625,0.28125
Right,contig,RTT,WRM,0,0.2,1,508,32,203,16,COT,arc labels,,0.4948792016806723,0.06237424547283702,0.96875
Right,contig,RTT,WRM,0,0.2,1,508,32,203,16,none-HS4,arc labels,,0.6152836134453781,0.20408163265306123,0.3125
Right,contig,RTT,WRM,0,0.2,1,508,32,203,16,none-HSsrc,nothing,,0.6081932773109244,0.3333333333333333,0.25
Right,contig,RTT,WRM,0,0.2,1,508,32,203,16,none-PCA,arc segments,16.0,0.5882352941176471,0.18604651162790697,0.25
Right,contig,RTT,WRM,0,0.2,1,508,32,203,16,QOTu-HS4,arc labels,,0.5749737394957983,0.625,0.15625
Right,contig,RTT,WRM,0,0.2,1,508,32,203,16,QOTu-HSsrc,arc segments,,0.5739233193277311,0.5555555555555556,0.15625
Right,contig,RTT,WRM,0,0.2,1,508,32,203,16,QOTu-PCA,arc segments,8.0,0.5747111344537815,0.175,0.21875
Right,contig,RTT,WRM,0,0.2,1,508,32,203,16,QOTc-HS4,arc labels,,0.6039915966386555,0.2857142857142857,0.25
Right,contig,RTT,WRM,0,0.2,1,508,32,203,16,QOTc-HSsrc,arc labels,,0.5883665966386555,0.25925925925925924,0.21875
Right,contig,RTT,WRM,0,0.2,1,508,32,203,16,QOTc-PCA,arc labels,64.0,0.57484243697479,0.25,0.1875
Right,contig,RTT,WRM,0,0.2,1,508,32,203,16,SDM-HS4,arc labels,,0.6059611344537815,0.21428571428571427,0.28125
Right,contig,RTT,WRM,0,0.2,1,508,32,203,16,SDM-HSsrc,arc labels,,0.6039915966386555,0.2857142857142857,0.25
Right,contig,RTT,WRM,0,0.2,1,508,32,203,16,SDM-PCA,arc labels,32.0,0.6108193277310925,0.09433962264150944,0.625
Right,contig,RTT,WRM,0,0.3,1,508,32,305,21,NoAdapt,nothing,,0.5766806722689075,0.14814814814814814,0.25
Right,contig,RTT,WRM,0,0.3,1,508,32,305,21,TargetOnly,arc labels,,0.6207983193277311,0.6666666666666666,0.25
Right,contig,RTT,WRM,0,0.3,1,508,32,305,21,Source+Target,arc labels,,0.5984768907563025,0.15384615384615385,0.3125
Right,contig,RTT,WRM,0,0.3,1,508,32,305,21,COT,arc labels,,0.4897584033613445,0.0603448275862069,0.4375
Right,contig,RTT,WRM,0,0.3,1,508,32,305,21,none-HS4,arc labels,,0.5840336134453781,0.1702127659574468,0.25
Right,contig,RTT,WRM,0,0.3,1,508,32,305,21,none-HSsrc,nothing,,0.6081932773109244,0.3333333333333333,0.25
Right,contig,RTT,WRM,0,0.3,1,508,32,305,21,none-PCA,arc segments,16.0,0.5882352941176471,0.18604651162790697,0.25
Right,contig,RTT,WRM,0,0.3,1,508,32,305,21,QOTu-HS4,arc labels,,0.5749737394957983,0.625,0.15625
Right,contig,RTT,WRM,0,0.3,1,508,32,305,21,QOTu-HSsrc,arc segments,,0.5739233193277311,0.5555555555555556,0.15625
Right,contig,RTT,WRM,0,0.3,1,508,32,305,21,QOTu-PCA,arc segments,16.0,0.5395220588235294,0.3,0.09375
Right,contig,RTT,WRM,0,0.3,1,508,32,305,21,QOTc-HS4,arc labels,,0.5634191176470589,0.2631578947368421,0.15625
Right,contig,RTT,WRM,0,0.3,1,508,32,305,21,QOTc-HSsrc,arc labels,,0.584296218487395,0.4,0.1875
Right,contig,RTT,WRM,0,0.3,1,508,32,305,21,QOTc-PCA,arc labels,64.0,0.6144957983193278,0.4444444444444444,0.25
Right,contig,RTT,WRM,0,0.3,1,508,32,305,21,SDM-HS4,arc labels,,0.5404411764705883,0.16,0.125
Right,contig,RTT,WRM,0,0.3,1,508,32,305,21,SDM-HSsrc,arc labels,,0.5769432773109244,0.2727272727272727,0.1875
Right,contig,RTT,WRM,0,0.3,1,508,32,305,21,SDM-PCA,arc labels,64.0,0.49094012605042014,0.06183368869936034,0.90625
Right,contig,RTT,WRM,0,0.5,1,508,32,498,24,NoAdapt,nothing,,0.5766806722689075,0.14814814814814814,0.25
Right,contig,RTT,WRM,0,0.5,1,508,32,498,24,TargetOnly,arc labels,,0.6123949579831933,0.4,0.25
Right,contig,RTT,WRM,0,0.5,1,508,32,498,24,Source+Target,arc labels,,0.5870535714285714,0.15,0.28125
Right,contig,RTT,WRM,0,0.5,1,508,32,498,24,COT,arc labels,,0.5002626050420168,0.06306306306306306,0.4375
Right,contig,RTT,WRM,0,0.5,1,508,32,498,24,none-HS4,arc labels,,0.6081932773109244,0.3333333333333333,0.25
Right,contig,RTT,WRM,0,0.5,1,508,32,498,24,none-HSsrc,nothing,,0.6081932773109244,0.3333333333333333,0.25
Right,contig,RTT,WRM,0,0.5,1,508,32,498,24,none-PCA,arc segments,16.0,0.5882352941176471,0.18604651162790697,0.25
Right,contig,RTT,WRM,0,0.5,1,508,32,498,24,QOTu-HS4,arc labels,,0.5895483193277311,0.6,0.1875
Right,contig,RTT,WRM,0,0.5,1,508,32,498,24,QOTu-HSsrc,arc segments,,0.5884978991596639,0.5454545454545454,0.1875
Right,contig,RTT,WRM,0,0.5,1,508,32,498,24,QOTu-PCA,arc segments,16.0,0.584296218487395,0.4,0.1875
Right,contig,RTT,WRM,0,0.5,1,508,32,498,24,QOTc-HS4,arc labels,,0.5676207983193278,0.3333333333333333,0.15625
Right,contig,RTT,WRM,0,0.5,1,508,32,498,24,QOTc-HSsrc,arc labels,,0.5852153361344538,0.23333333333333334,0.21875
Right,contig,RTT,WRM,0,0.5,1,508,32,498,24,QOTc-PCA,arc labels,64.0,0.5933560924369747,0.16666666666666666,0.28125
Right,contig,RTT,WRM,0,0.5,1,508,32,498,24,SDM-HS4,arc labels,,0.5424107142857143,0.1282051282051282,0.15625
Right,contig,RTT,WRM,0,0.5,1,508,32,498,24,SDM-HSsrc,arc labels,,0.5831144957983193,0.21875,0.21875
Right,contig,RTT,WRM,0,0.5,1,508,32,498,24,SDM-PCA,arc labels,32.0,0.6293329831932772,0.13043478260869565,0.46875
Right,contig,RTT,WRM,1,0.05,0,508,19,51,0,NoAdapt,nothing,,0.513776773221397,0.05,0.10526315789473684
Right,contig,RTT,WRM,1,0.05,0,508,19,51,0,TargetOnly,arc labels,,,,
Right,contig,RTT,WRM,1,0.05,0,508,19,51,0,Source+Target,arc labels,,,,
Right,contig,RTT,WRM,1,0.05,0,508,19,51,0,COT,arc labels,,,,
Right,contig,RTT,WRM,1,0.05,0,508,19,51,0,none-HS4,arc labels,,,,
Right,contig,RTT,WRM,1,0.05,0,508,19,51,0,none-HSsrc,nothing,,0.5383166505220105,0.125,0.10526315789473684
Right,contig,RTT,WRM,1,0.05,0,508,19,51,0,none-PCA,arc segments,8.0,0.5158217629964481,0.05263157894736842,0.10526315789473684
Right,contig,RTT,WRM,1,0.05,0,508,19,51,0,QOTu-HS4,arc labels,,,,
Right,contig,RTT,WRM,1,0.05,0,508,19,51,0,QOTu-HSsrc,arc segments,,0.7152620815843289,0.06967213114754098,0.8947368421052632
Right,contig,RTT,WRM,1,0.05,0,508,19,51,0,QOTu-PCA,arc segments,8.0,0.5410612420622107,0.047619047619047616,0.3684210526315789
Right,contig,RTT,WRM,1,0.05,0,508,19,51,0,QOTc-HS4,arc labels,,,,
Right,contig,RTT,WRM,1,0.05,0,508,19,51,0,QOTc-HSsrc,arc labels,,,,
Right,contig,RTT,WRM,1,0.05,0,508,19,51,0,QOTc-PCA,arc labels,,,,
Right,contig,RTT,WRM,1,0.05,0,508,19,51,0,SDM-HS4,arc labels,,,,
Right,contig,RTT,WRM,1,0.05,0,508,19,51,0,SDM-HSsrc,arc labels,,,,
Right,contig,RTT,WRM,1,0.05,0,508,19,51,0,SDM-PCA,arc labels,,,,
Right,contig,RTT,WRM,1,0.1,1,508,19,102,3,NoAdapt,nothing,,0.513776773221397,0.05,0.10526315789473684
Right,contig,RTT,WRM,1,0.1,1,508,19,102,3,TargetOnly,arc labels,,0.6679582391561726,0.056782334384858045,0.9473684210526315
Right,contig,RTT,WRM,1,0.1,1,508,19,102,3,Source+Target,arc labels,,0.5227101496071467,0.05172413793103448,0.15789473684210525
Right,contig,RTT,WRM,1,0.1,1,508,19,102,3,COT,arc labels,,0.5470347648261759,0.04112554112554113,1.0
Right,contig,RTT,WRM,1,0.1,1,508,19,102,3,none-HS4,arc labels,,0.5383166505220105,0.125,0.10526315789473684
Right,contig,RTT,WRM,1,0.1,1,508,19,102,3,none-HSsrc,nothing,,0.5383166505220105,0.125,0.10526315789473684
Right,contig,RTT,WRM,1,0.1,1,508,19,102,3,none-PCA,arc segments,8.0,0.5158217629964481,0.05263157894736842,0.10526315789473684
Right,contig,RTT,WRM,1,0.1,1,508,19,102,3,QOTu-HS4,arc labels,,0.511731783446346,0.047619047619047616,0.10526315789473684
Right,contig,RTT,WRM,1,0.1,1,508,19,102,3,QOTu-HSsrc,arc segments,,0.5045743192336669,0.04081632653061224,0.10526315789473684
Right,contig,RTT,WRM,1,0.1,1,508,19,102,3,QOTu-PCA,arc segments,8.0,0.4963943601334625,0.03508771929824561,0.10526315789473684
Right,contig,RTT,WRM,1,0.1,1,508,19,102,3,QOTc-HS4,arc labels,,0.6145732429232591,0.05190311418685121,0.7894736842105263
Right,contig,RTT,WRM,1,0.1,1,508,19,102,3,QOTc-HSsrc,arc labels,,0.6794747605209343,0.06093189964157706,0.8947368421052632
Right,contig,RTT,WRM,1,0.1,1,508,19,102,3,QOTc-PCA,arc labels,32.0,0.5159832095576364,0.04,0.47368421052631576
Right,contig,RTT,WRM,1,0.1,1,508,19,102,3,SDM-HS4,arc labels,,0.6487999138951673,0.05501618122977346,0.8947368421052632
Right,contig,RTT,WRM,1,0.1,1,508,19,102,3,SDM-HSsrc,arc labels,,0.6587557851684426,0.05521472392638037,0.9473684210526315
Right,contig,RTT,WRM,1,0.1,1,508,19,102,3,SDM-PCA,arc labels,8.0,0.5489183080400387,0.04395604395604396,0.631578947368421
Right,contig,RTT,WRM,1,0.2,1,508,19,203,10,NoAdapt,nothing,,0.513776773221397,0.05,0.10526315789473684
Right,contig,RTT,WRM,1,0.2,1,508,19,203,10,TargetOnly,arc labels,,0.5849747067054138,0.052132701421800945,0.5789473684210527
Right,contig,RTT,WRM,1,0.2,1,508,19,203,10,Source+Target,arc labels,,0.5206651598320956,0.05,0.15789473684210525
Right,contig,RTT,WRM,1,0.2,1,508,19,203,10,COT,arc labels,,0.4551178559896674,0.03254437869822485,0.5789473684210527
Right,contig,RTT,WRM,1,0.2,1,508,19,203,10,none-HS4,arc labels,,0.5096867936712948,0.045454545454545456,0.10526315789473684
Right,contig,RTT,WRM,1,0.2,1,508,19,203,10,none-HSsrc,nothing,,0.5383166505220105,0.125,0.10526315789473684
Right,contig,RTT,WRM,1,0.2,1,508,19,203,10,none-PCA,arc segments,8.0,0.5158217629964481,0.05263157894736842,0.10526315789473684
Right,contig,RTT,WRM,1,0.2,1,508,19,203,10,QOTu-HS4,arc labels,,0.5495640942847917,0.4,0.10526315789473684
Right,contig,RTT,WRM,1,0.2,1,508,19,203,10,QOTu-HSsrc,arc segments,,0.5475191045097406,0.2857142857142857,0.10526315789473684
Right,contig,RTT,WRM,1,0.2,1,508,19,203,10,QOTu-PCA,arc segments,8.0,0.5352491658594338,0.10526315789473684,0.10526315789473684
Right,contig,RTT,WRM,1,0.2,1,508,19,203,10,QOTc-HS4,arc labels,,0.5875040361640297,0.04961832061068702,0.6842105263157895
Right,contig,RTT,WRM,1,0.2,1,508,19,203,10,QOTc-HSsrc,arc labels,,0.5025293294586158,0.0392156862745098,0.10526315789473684
Right,contig,RTT,WRM,1,0.2,1,508,19,203,10,QOTc-PCA,arc labels,64.0,0.5587127327521257,0.05825242718446602,0.3157894736842105
Right,contig,RTT,WRM,1,0.2,1,508,19,203,10,SDM-HS4,arc labels,,0.5639866537509418,0.0456140350877193,0.6842105263157895
Right,contig,RTT,WRM,1,0.2,1,508,19,203,10,SDM-HSsrc,arc labels,,0.5025293294586158,0.0392156862745098,0.10526315789473684
Right,contig,RTT,WRM,1,0.2,1,508,19,203,10,SDM-PCA,arc labels,32.0,0.5438596491228069,0.04678362573099415,0.42105263157894735
Right,contig,RTT,WRM,1,0.3,1,508,19,305,27,NoAdapt,nothing,,0.513776773221397,0.05,0.10526315789473684
Right,contig,RTT,WRM,1,0.3,1,508,19,305,27,TargetOnly,arc labels,,0.6251210849208912,0.06896551724137931,0.5263157894736842
Right,contig,RTT,WRM,1,0.3,1,508,19,305,27,Source+Target,arc labels,,0.5436443870412226,0.054945054945054944,0.2631578947368421
Right,contig,RTT,WRM,1,0.3,1,508,19,305,27,COT,arc labels,,0.4152405553761705,0.029177718832891247,0.5789473684210527
Right,contig,RTT,WRM,1,0.3,1,508,19,305,27,none-HS4,arc labels,,0.5229792272091272,0.06451612903225806,0.10526315789473684
Right,contig,RTT,WRM,1,0.3,1,508,19,305,27,none-HSsrc,nothing,,0.5383166505220105,0.125,0.10526315789473684
Right,contig,RTT,WRM,1,0.3,1,508,19,305,27,none-PCA,arc segments,8.0,0.5158217629964481,0.05263157894736842,0.10526315789473684
Right,contig,RTT,WRM,1,0.3,1,508,19,305,27,QOTu-HS4,arc labels,,0.5475191045097406,0.2857142857142857,0.10526315789473684
Right,contig,RTT,WRM,1,0.3,1,508,19,305,27,QOTu-HSsrc,arc segments,,0.5475191045097406,0.2857142857142857,0.10526315789473684
Right,contig,RTT,WRM,1,0.3,1,508,19,305,27,QOTu-PCA,arc segments,8.0,0.5362716607469594,0.1111111111111111,0.10526315789473684
Right,contig,RTT,WRM,1,0.3,1,508,19,305,27,QOTc-HS4,arc labels,,0.5055968141211926,0.041666666666666664,0.10526315789473684
Right,contig,RTT,WRM,1,0.3,1,508,19,305,27,QOTc-HSsrc,arc labels,,0.5066193090087181,0.0425531914893617,0.10526315789473684
Right,contig,RTT,WRM,1,0.3,1,508,19,305,27,QOTc-PCA,arc labels,64.0,0.5285760413303197,0.05063291139240506,0.21052631578947367
Right,contig,RTT,WRM,1,0.3,1,508,19,305,27,SDM-HS4,arc labels,,0.5275535464427941,0.05,0.21052631578947367
Right,contig,RTT,WRM,1,0.3,1,508,19,305,27,SDM-HSsrc,arc labels,,0.49741685502098804,0.03571428571428571,0.10526315789473684
Right,contig,RTT,WRM,1,0.3,1,508,19,305,27,SDM-PCA,arc labels,32.0,0.5402540092562695,0.043859649122807015,0.5263157894736842
Right,contig,RTT,WRM,1,0.5,1,508,19,487,40,NoAdapt,nothing,,0.513776773221397,0.05,0.10526315789473684
Right,contig,RTT,WRM,1,0.5,1,508,19,487,40,TargetOnly,arc labels,,0.4953718652459369,0.034482758620689655,0.10526315789473684
Right,contig,RTT,WRM,1,0.5,1,508,19,487,40,Source+Target,arc labels,,0.5446668819287482,0.05555555555555555,0.2631578947368421
Right,contig,RTT,WRM,1,0.5,1,508,19,487,40,COT,arc labels,,0.47438381229146487,0.030303030303030304,0.21052631578947367
Right,contig,RTT,WRM,1,0.5,1,508,19,487,40,none-HS4,arc labels,,0.5383166505220105,0.125,0.10526315789473684
Right,contig,RTT,WRM,1,0.5,1,508,19,487,40,none-HSsrc,nothing,,0.5383166505220105,0.125,0.10526315789473684
Right,contig,RTT,WRM,1,0.5,1,508,19,487,40,none-PCA,arc segments,8.0,0.5158217629964481,0.05263157894736842,0.10526315789473684
Right,contig,RTT,WRM,1,0.5,1,508,19,487,40,QOTu-HS4,arc labels,,0.5475191045097406,0.2857142857142857,0.10526315789473684
Right,contig,RTT,WRM,1,0.5,1,508,19,487,40,QOTu-HSsrc,arc segments,,0.5475191045097406,0.2857142857142857,0.10526315789473684
Right,contig,RTT,WRM,1,0.5,1,508,19,487,40,QOTu-PCA,arc segments,8.0,0.546496609622215,0.25,0.10526315789473684
Right,contig,RTT,WRM,1,0.5,1,508,19,487,40,QOTc-HS4,arc labels,,0.5240017220966526,0.06666666666666667,0.10526315789473684
Right,contig,RTT,WRM,1,0.5,1,508,19,487,40,QOTc-HSsrc,arc labels,,0.5096867936712948,0.045454545454545456,0.10526315789473684
Right,contig,RTT,WRM,1,0.5,1,508,19,487,40,QOTc-PCA,arc labels,64.0,0.5035518243461414,0.04,0.10526315789473684
Right,contig,RTT,WRM,1,0.5,1,508,19,487,40,SDM-HS4,arc labels,,0.5268001291572489,0.05555555555555555,0.15789473684210525
Right,contig,RTT,WRM,1,0.5,1,508,19,487,40,SDM-HSsrc,arc labels,,0.5247551393821979,0.05357142857142857,0.15789473684210525
Right,contig,RTT,WRM,1,0.5,1,508,19,487,40,SDM-PCA,arc labels,64.0,0.48164890754493594,0.03579952267303103,0.7894736842105263
Right,contig,RTT,WRM,2,0.05,0,508,18,51,0,NoAdapt,nothing,,0.5096371882086168,0.0425531914893617,0.1111111111111111
Right,contig,RTT,WRM,2,0.05,0,508,18,51,0,TargetOnly,arc labels,,,,
Right,contig,RTT,WRM,2,0.05,0,508,18,51,0,Source+Target,arc labels,,,,
Right,contig,RTT,WRM,2,0.05,0,508,18,51,0,COT,arc labels,,,,
Right,contig,RTT,WRM,2,0.05,0,508,18,51,0,none-HS4,arc labels,,,,
Right,contig,RTT,WRM,2,0.05,0,508,18,51,0,none-HSsrc,nothing,,0.5290249433106576,0.07142857142857142,0.1111111111111111
Right,contig,RTT,WRM,2,0.05,0,508,18,51,0,none-PCA,arc segments,8.0,0.513718820861678,0.046511627906976744,0.1111111111111111
Right,contig,RTT,WRM,2,0.05,0,508,18,51,0,QOTu-HS4,arc labels,,,,
Right,contig,RTT,WRM,2,0.05,0,508,18,51,0,QOTu-HSsrc,arc segments,,0.5024943310657596,0.037037037037037035,0.1111111111111111
Right,contig,RTT,WRM,2,0.05,0,508,18,51,0,QOTu-PCA,arc segments,8.0,0.48673469387755103,0.0,0.0
Right,contig,RTT,WRM,2,0.05,0,508,18,51,0,QOTc-HS4,arc labels,,,,
Right,contig,RTT,WRM,2,0.05,0,508,18,51,0,QOTc-HSsrc,arc labels,,,,
Right,contig,RTT,WRM,2,0.05,0,508,18,51,0,QOTc-PCA,arc labels,,,,
Right,contig,RTT,WRM,2,0.05,0,508,18,51,0,SDM-HS4,arc labels,,,,
Right,contig,RTT,WRM,2,0.05,0,508,18,51,0,SDM-HSsrc,arc labels,,,,
Right,contig,RTT,WRM,2,0.05,0,508,18,51,0,SDM-PCA,arc labels,,,,
Right,contig,RTT,WRM,2,0.1,0,508,18,102,1,NoAdapt,nothing,,0.5096371882086168,0.0425531914893617,0.1111111111111111
Right,contig,RTT,WRM,2,0.1,0,508,18,102,1,TargetOnly,arc labels,,,,
Right,contig,RTT,WRM,2,0.1,0,508,18,102,1,Source+Target,arc labels,,,,
Right,contig,RTT,WRM,2,0.1,0,508,18,102,1,COT,arc labels,,,,
Right,contig,RTT,WRM,2,0.1,0,508,18,102,1,none-HS4,arc labels,,,,
Right,contig,RTT,WRM,2,0.1,0,508,18,102,1,none-HSsrc,nothing,,0.5290249433106576,0.07142857142857142,0.1111111111111111
Right,contig,RTT,WRM,2,0.1,0,508,18,102,1,none-PCA,arc segments,8.0,0.513718820861678,0.046511627906976744,0.1111111111111111
Right,contig,RTT,WRM,2,0.1,0,508,18,102,1,QOTu-HS4,arc labels,,,,
Right,contig,RTT,WRM,2,0.1,0,508,18,102,1,QOTu-HSsrc,arc segments,,0.5290249433106576,0.07142857142857142,0.1111111111111111
Right,contig,RTT,WRM,2,0.1,0,508,18,102,1,QOTu-PCA,arc segments,8.0,0.5412698412698412,0.125,0.1111111111111111
Right,contig,RTT,WRM,2,0.1,0,508,18,102,1,QOTc-HS4,arc labels,,,,
Right,contig,RTT,WRM,2,0.1,0,508,18,102,1,QOTc-HSsrc,arc labels,,,,
Right,contig,RTT,WRM,2,0.1,0,508,18,102,1,QOTc-PCA,arc labels,,,,
Right,contig,RTT,WRM,2,0.1,0,508,18,102,1,SDM-HS4,arc labels,,,,
Right,contig,RTT,WRM,2,0.1,0,508,18,102,1,SDM-HSsrc,arc labels,,,,
Right,contig,RTT,WRM,2,0.1,0,508,18,102,1,SDM-PCA,arc labels,,,,
Right,contig,RTT,WRM,2,0.2,1,508,18,203,3,NoAdapt,nothing,,0.5096371882086168,0.0425531914893617,0.1111111111111111
Right,contig,RTT,WRM,2,0.2,1,508,18,203,3,TargetOnly,arc labels,,0.5769841269841269,0.04680851063829787,0.6111111111111112
Right,contig,RTT,WRM,2,0.2,1,508,18,203,3,Source+Target,arc labels,,0.5343537414965986,0.058823529411764705,0.16666666666666666
Right,contig,RTT,WRM,2,0.2,1,508,18,203,3,COT,arc labels,,0.5427437641723356,0.04,0.7222222222222222
Right,contig,RTT,WRM,2,0.2,1,508,18,203,3,none-HS4,arc labels,,0.4973922902494331,0.03389830508474576,0.1111111111111111
Right,contig,RTT,WRM,2,0.2,1,508,18,203,3,none-HSsrc,nothing,,0.5290249433106576,0.07142857142857142,0.1111111111111111
Right,contig,RTT,WRM,2,0.2,1,508,18,203,3,none-PCA,arc segments,8.0,0.513718820861678,0.046511627906976744,0.1111111111111111
Right,contig,RTT,WRM,2,0.2,1,508,18,203,3,QOTu-HS4,arc labels,,0.5412698412698412,0.125,0.1111111111111111
Right,contig,RTT,WRM,2,0.2,1,508,18,203,3,QOTu-HSsrc,arc segments,,0.5290249433106576,0.07142857142857142,0.1111111111111111
Right,contig,RTT,WRM,2,0.2,1,508,18,203,3,QOTu-PCA,arc segments,8.0,0.5290249433106576,0.07142857142857142,0.1111111111111111
Right,contig,RTT,WRM,2,0.2,1,508,18,203,3,QOTc-HS4,arc labels,,0.5709750566893423,0.041884816753926704,0.8888888888888888
Right,contig,RTT,WRM,2,0.2,1,508,18,203,3,QOTc-HSsrc,arc labels,,0.6069160997732426,0.06611570247933884,0.4444444444444444
Right,contig,RTT,WRM,2,0.2,1,508,18,203,3,QOTc-PCA,arc labels,32.0,0.4989795918367347,0.0,0.0
Right,contig,RTT,WRM,2,0.2,1,508,18,203,3,SDM-HS4,arc labels,,0.5789115646258504,0.04335260115606936,0.8333333333333334
Right,contig,RTT,WRM,2,0.2,1,508,18,203,3,SDM-HSsrc,arc labels,,0.6595238095238095,0.056179775280898875,0.8333333333333334
Right,contig,RTT,WRM,2,0.2,1,508,18,203,3,SDM-PCA,arc labels,32.0,0.6316326530612245,0.072,0.5
Right,contig,RTT,WRM,2,0.3,1,508,18,305,9,NoAdapt,nothing,,0.5096371882086168,0.0425531914893617,0.1111111111111111
Right,contig,RTT,WRM,2,0.3,1,508,18,305,9,TargetOnly,arc labels,,0.5808390022675738,0.04926108374384237,0.5555555555555556
Right,contig,RTT,WRM,2,0.3,1,508,18,305,9,Source+Target,arc labels,,0.5343537414965986,0.058823529411764705,0.16666666666666666
Right,contig,RTT,WRM,2,0.3,1,508,18,305,9,COT,arc labels,,0.445124716553288,0.02976190476190476,0.5555555555555556
Right,contig,RTT,WRM,2,0.3,1,508,18,305,9,none-HS4,arc labels,,0.5188208616780046,0.05263157894736842,0.1111111111111111
Right,contig,RTT,WRM,2,0.3,1,508,18,305,9,none-HSsrc,nothing,,0.5290249433106576,0.07142857142857142,0.1111111111111111
Right,contig,RTT,WRM,2,0.3,1,508,18,305,9,none-PCA,arc segments,8.0,0.513718820861678,0.046511627906976744,0.1111111111111111
Right,contig,RTT,WRM,2,0.3,1,508,18,305,9,QOTu-HS4,arc labels,,0.5371882086167801,0.1,0.1111111111111111
Right,contig,RTT,WRM,2,0.3,1,508,18,305,9,QOTu-HSsrc,arc segments,,0.5280045351473923,0.06896551724137931,0.1111111111111111
Right,contig,RTT,WRM,2,0.3,1,508,18,305,9,QOTu-PCA,arc segments,8.0,0.5259637188208617,0.06451612903225806,0.1111111111111111
Right,contig,RTT,WRM,2,0.3,1,508,18,305,9,QOTc-HS4,arc labels,,0.5014739229024944,0.03636363636363636,0.1111111111111111
Right,contig,RTT,WRM,2,0.3,1,508,18,305,9,QOTc-HSsrc,arc labels,,0.5149659863945578,0.04285714285714286,0.16666666666666666
Right,contig,RTT,WRM,2,0.3,1,508,18,305,9,QOTc-PCA,arc labels,64.0,0.5414965986394558,0.06818181818181818,0.16666666666666666
Right,contig,RTT,WRM,2,0.3,1,508,18,305,9,SDM-HS4,arc labels,,0.5210884353741496,0.046875,0.16666666666666666
Right,contig,RTT,WRM,2,0.3,1,508,18,305,9,SDM-HSsrc,arc labels,,0.5821995464852607,0.05982905982905983,0.3888888888888889
Right,contig,RTT,WRM,2,0.3,1,508,18,305,9,SDM-PCA,arc labels,32.0,0.5380952380952381,0.045454545454545456,0.3333333333333333
Right,contig,RTT,WRM,2,0.5,1,508,18,488,37,NoAdapt,nothing,,0.5096371882086168,0.0425531914893617,0.1111111111111111
Right,contig,RTT,WRM,2,0.5,1,508,18,488,37,TargetOnly,arc labels,,0.5840136054421768,0.06896551724137931,0.3333333333333333
Right,contig,RTT,WRM,2,0.5,1,508,18,488,37,Source+Target,arc labels,,0.5552154195011338,0.05747126436781609,0.2777777777777778
Right,contig,RTT,WRM,2,0.5,1,508,18,488,37,COT,arc labels,,0.56859410430839,0.046511627906976744,0.5555555555555556
Right,contig,RTT,WRM,2,0.5,1,508,18,488,37,none-HS4,arc labels,,0.5157596371882086,0.04878048780487805,0.1111111111111111
Right,contig,RTT,WRM,2,0.5,1,508,18,488,37,none-HSsrc,nothing,,0.5290249433106576,0.07142857142857142,0.1111111111111111
Right,contig,RTT,WRM,2,0.5,1,508,18,488,37,none-PCA,arc segments,8.0,0.513718820861678,0.046511627906976744,0.1111111111111111
Right,contig,RTT,WRM,2,0.5,1,508,18,488,37,QOTu-HS4,arc labels,,0.5412698412698412,0.125,0.1111111111111111
Right,contig,RTT,WRM,2,0.5,1,508,18,488,37,QOTu-HSsrc,arc segments,,0.5361678004535148,0.09523809523809523,0.1111111111111111
Right,contig,RTT,WRM,2,0.5,1,508,18,488,37,QOTu-PCA,arc segments,8.0,0.5290249433106576,0.07142857142857142,0.1111111111111111
Right,contig,RTT,WRM,2,0.5,1,508,18,488,37,QOTc-HS4,arc labels,,0.5024943310657596,0.037037037037037035,0.1111111111111111
Right,contig,RTT,WRM,2,0.5,1,508,18,488,37,QOTc-HSsrc,arc labels,,0.49433106575963714,0.03225806451612903,0.1111111111111111
Right,contig,RTT,WRM,2,0.5,1,508,18,488,37,QOTc-PCA,arc labels,32.0,0.4492063492063492,0.01282051282051282,0.05555555555555555
Right,contig,RTT,WRM,2,0.5,1,508,18,488,37,SDM-HS4,arc labels,,0.5119047619047619,0.0410958904109589,0.16666666666666666
Right,contig,RTT,WRM,2,0.5,1,508,18,488,37,SDM-HSsrc,arc labels,,0.495578231292517,0.033707865168539325,0.16666666666666666
Right,contig,RTT,WRM,2,0.5,1,508,18,488,37,SDM-PCA,arc labels,64.0,0.49705215419501136,0.035175879396984924,0.7777777777777778
Right,contig,RTT,WRM,3,0.05,0,508,34,51,0,NoAdapt,nothing,,0.6152271034996277,0.15294117647058825,0.38235294117647056
Right,contig,RTT,WRM,3,0.05,0,508,34,51,0,TargetOnly,arc labels,,,,
Right,contig,RTT,WRM,3,0.05,0,508,34,51,0,Source+Target,arc labels,,,,
Right,contig,RTT,WRM,3,0.05,0,508,34,51,0,COT,arc labels,,,,
Right,contig,RTT,WRM,3,0.05,0,508,34,51,0,none-HS4,arc labels,,,,
Right,contig,RTT,WRM,3,0.05,0,508,34,51,0,none-HSsrc,nothing,,0.6331595929511045,0.19117647058823528,0.38235294117647056
Right,contig,RTT,WRM,3,0.05,0,508,34,51,0,none-PCA,arc segments,8.0,0.6068503350707372,0.15384615384615385,0.35294117647058826
Right,contig,RTT,WRM,3,0.05,0,508,34,51,0,QOTu-HS4,arc labels,,,,
Right,contig,RTT,WRM,3,0.05,0,508,34,51,0,QOTu-HSsrc,arc segments,,0.5912757508066517,0.24242424242424243,0.23529411764705882
Right,contig,RTT,WRM,3,0.05,0,508,34,51,0,QOTu-PCA,arc segments,8.0,0.5765698684537106,0.21875,0.20588235294117646
Right,contig,RTT,WRM,3,0.05,0,508,34,51,0,QOTc-HS4,arc labels,,,,
Right,contig,RTT,WRM,3,0.05,0,508,34,51,0,QOTc-HSsrc,arc labels,,,,
Right,contig,RTT,WRM,3,0.05,0,508,34,51,0,QOTc-PCA,arc labels,,,,
Right,contig,RTT,WRM,3,0.05,0,508,34,51,0,SDM-HS4,arc labels,,,,
Right,contig,RTT,WRM,3,0.05,0,508,34,51,0,SDM-HSsrc,arc labels,,,,
Right,contig,RTT,WRM,3,0.05,0,508,34,51,0,SDM-PCA,arc labels,,,,
Right,contig,RTT,WRM,3,0.1,0,508,34,102,0,NoAdapt,nothing,,0.6152271034996277,0.15294117647058825,0.38235294117647056
Right,contig,RTT,WRM,3,0.1,0,508,34,102,0,TargetOnly,arc labels,,,,
Right,contig,RTT,WRM,3,0.1,0,508,34,102,0,Source+Target,arc labels,,,,
Right,contig,RTT,WRM,3,0.1,0,508,34,102,0,COT,arc labels,,,,
Right,contig,RTT,WRM,3,0.1,0,508,34,102,0,none-HS4,arc labels,,,,
Right,contig,RTT,WRM,3,0.1,0,508,34,102,0,none-HSsrc,nothing,,0.6331595929511045,0.19117647058823528,0.38235294117647056
Right,contig,RTT,WRM,3,0.1,0,508,34,102,0,none-PCA,arc segments,8.0,0.6068503350707372,0.15384615384615385,0.35294117647058826
Right,contig,RTT,WRM,3,0.1,0,508,34,102,0,QOTu-HS4,arc labels,,,,
Right,contig,RTT,WRM,3,0.1,0,508,34,102,0,QOTu-HSsrc,arc segments,,0.6048647307024075,0.2,0.29411764705882354
Right,contig,RTT,WRM,3,0.1,0,508,34,102,0,QOTu-PCA,arc segments,8.0,0.5849466368826012,0.20512820512820512,0.23529411764705882
Right,contig,RTT,WRM,3,0.1,0,508,34,102,0,QOTc-HS4,arc labels,,,,
Right,contig,RTT,WRM,3,0.1,0,508,34,102,0,QOTc-HSsrc,arc labels,,,,
Right,contig,RTT,WRM,3,0.1,0,508,34,102,0,QOTc-PCA,arc labels,,,,
Right,contig,RTT,WRM,3,0.1,0,508,34,102,0,SDM-HS4,arc labels,,,,
Right,contig,RTT,WRM,3,0.1,0,508,34,102,0,SDM-HSsrc,arc labels,,,,
Right,contig,RTT,WRM,3,0.1,0,508,34,102,0,SDM-PCA,arc labels,,,,
Right,contig,RTT,WRM,3,0.2,0,508,34,203,1,NoAdapt,nothing,,0.6152271034996277,0.15294117647058825,0.38235294117647056
Right,contig,RTT,WRM,3,0.2,0,508,34,203,1,TargetOnly,arc labels,,,,
Right,contig,RTT,WRM,3,0.2,0,508,34,203,1,Source+Target,arc labels,,,,
Right,contig,RTT,WRM,3,0.2,0,508,34,203,1,COT,arc labels,,,,
Right,contig,RTT,WRM,3,0.2,0,508,34,203,1,none-HS4,arc labels,,,,
Right,contig,RTT,WRM,3,0.2,0,508,34,203,1,none-HSsrc,nothing,,0.6331595929511045,0.19117647058823528,0.38235294117647056
Right,contig,RTT,WRM,3,0.2,0,508,34,203,1,none-PCA,arc segments,8.0,0.6068503350707372,0.15384615384615385,0.35294117647058826
Right,contig,RTT,WRM,3,0.2,0,508,34,203,1,QOTu-HS4,arc labels,,,,
Right,contig,RTT,WRM,3,0.2,0,508,34,203,1,QOTu-HSsrc,arc segments,,0.6436460660213452,0.1917808219178082,0.4117647058823529
Right,contig,RTT,WRM,3,0.2,0,508,34,203,1,QOTu-PCA,arc segments,8.0,0.6185157607346736,0.21153846153846154,0.3235294117647059
Right,contig,RTT,WRM,3,0.2,0,508,34,203,1,QOTc-HS4,arc labels,,,,
Right,contig,RTT,WRM,3,0.2,0,508,34,203,1,QOTc-HSsrc,arc labels,,,,
Right,contig,RTT,WRM,3,0.2,0,508,34,203,1,QOTc-PCA,arc labels,,,,
Right,contig,RTT,WRM,3,0.2,0,508,34,203,1,SDM-HS4,arc labels,,,,
Right,contig,RTT,WRM,3,0.2,0,508,34,203,1,SDM-HSsrc,arc labels,,,,
Right,contig,RTT,WRM,3,0.2,0,508,34,203,1,SDM-PCA,arc labels,,,,
Right,contig,RTT,WRM,3,0.3,1,508,34,305,3,NoAdapt,nothing,,0.6152271034996277,0.15294117647058825,0.38235294117647056
Right,contig,RTT,WRM,3,0.3,1,508,34,305,3,TargetOnly,arc labels,,0.527488210474063,0.07511737089201878,0.47058823529411764
Right,contig,RTT,WRM,3,0.3,1,508,34,305,3,Source+Target,arc labels,,0.6288781335318938,0.16091954022988506,0.4117647058823529
Right,contig,RTT,WRM,3,0.3,1,508,34,305,3,COT,arc labels,,0.47145693720526183,0.060810810810810814,0.5294117647058824
Right,contig,RTT,WRM,3,0.3,1,508,34,305,3,none-HS4,arc labels,,0.6141102010424423,0.13861386138613863,0.4117647058823529
Right,contig,RTT,WRM,3,0.3,1,508,34,305,3,none-HSsrc,nothing,,0.6331595929511045,0.19117647058823528,0.38235294117647056
Right,contig,RTT,WRM,3,0.3,1,508,34,305,3,none-PCA,arc segments,8.0,0.6068503350707372,0.15384615384615385,0.35294117647058826
Right,contig,RTT,WRM,3,0.3,1,508,34,305,3,QOTu-HS4,arc labels,,0.6172747580044676,0.14285714285714285,0.4117647058823529
Right,contig,RTT,WRM,3,0.3,1,508,34,305,3,QOTu-HSsrc,arc segments,,0.6141102010424423,0.13861386138613863,0.4117647058823529
Right,contig,RTT,WRM,3,0.3,1,508,34,305,3,QOTu-PCA,arc segments,8.0,0.6436460660213452,0.1917808219178082,0.4117647058823529
Right,contig,RTT,WRM,3,0.3,1,508,34,305,3,QOTc-HS4,arc labels,,0.5541697691734921,0.07629427792915532,0.8235294117647058
Right,contig,RTT,WRM,3,0.3,1,508,34,305,3,QOTc-HSsrc,arc labels,,0.649168528170762,0.10305343511450382,0.7941176470588235
Right,contig,RTT,WRM,3,0.3,1,508,34,305,3,QOTc-PCA,arc labels,64.0,0.49156118143459915,0.0,0.0
Right,contig,RTT,WRM,3,0.3,1,508,34,305,3,SDM-HS4,arc labels,,0.4607843137254902,0.05952380952380952,0.5882352941176471
Right,contig,RTT,WRM,3,0.3,1,508,34,305,3,SDM-HSsrc,arc labels,,0.6061057334326136,0.09302325581395349,0.7058823529411765
Right,contig,RTT,WRM,3,0.3,1,508,34,305,3,SDM-PCA,arc labels,32.0,0.5259369570613055,0.0875,0.20588235294117646
Right,contig,RTT,WRM,3,0.5,1,508,34,487,23,NoAdapt,nothing,,0.6152271034996277,0.15294117647058825,0.38235294117647056
Right,contig,RTT,WRM,3,0.5,1,508,34,487,23,TargetOnly,arc labels,,0.5945023579051874,0.08921933085501858,0.7058823529411765
Right,contig,RTT,WRM,3,0.5,1,508,34,487,23,Source+Target,arc labels,,0.6550012410027302,0.14754098360655737,0.5294117647058824
Right,contig,RTT,WRM,3,0.5,1,508,34,487,23,COT,arc labels,,0.4883966244725738,0.06415094339622641,0.5
Right,contig,RTT,WRM,3,0.5,1,508,34,487,23,none-HS4,arc labels,,0.6004591710101762,0.13131313131313133,0.38235294117647056
Right,contig,RTT,WRM,3,0.5,1,508,34,487,23,none-HSsrc,nothing,,0.6331595929511045,0.19117647058823528,0.38235294117647056
Right,contig,RTT,WRM,3,0.5,1,508,34,487,23,none-PCA,arc segments,8.0,0.6068503350707372,0.15384615384615385,0.35294117647058826
Right,contig,RTT,WRM,3,0.5,1,508,34,487,23,QOTu-HS4,arc labels,,0.6067882849342268,0.13978494623655913,0.38235294117647056
Right,contig,RTT,WRM,3,0.5,1,508,34,487,23,QOTu-HSsrc,arc segments,,0.6299329858525688,0.16279069767441862,0.4117647058823529
Right,contig,RTT,WRM,3,0.5,1,508,34,487,23,QOTu-PCA,arc segments,8.0,0.6320426904939191,0.16666666666666666,0.4117647058823529
Right,contig,RTT,WRM,3,0.5,1,508,34,487,23,QOTc-HS4,arc labels,,0.622300819061802,0.11764705882352941,0.5294117647058824
Right,contig,RTT,WRM,3,0.5,1,508,34,487,23,QOTc-HSsrc,arc labels,,0.6024447753785058,0.11811023622047244,0.4411764705882353
Right,contig,RTT,WRM,3,0.5,1,508,34,487,23,QOTc-PCA,arc labels,64.0,0.515512534127575,0.08333333333333333,0.14705882352941177
Right,contig,RTT,WRM,3,0.5,1,508,34,487,23,SDM-HS4,arc labels,,0.5771903698188137,0.10294117647058823,0.4117647058823529
Right,contig,RTT,WRM,3,0.5,1,508,34,487,23,SDM-HSsrc,arc labels,,0.5129684785306527,0.0718562874251497,0.35294117647058826
Right,contig,RTT,WRM,3,0.5,1,508,34,487,23,SDM-PCA,arc labels,32.0,0.47505584512285925,0.05851063829787234,0.3235294117647059
Right,contig,RTT,WRM,4,0.05,0,508,32,51,0,NoAdapt,nothing,,0.6596638655462185,0.1568627450980392,0.5
Right,contig,RTT,WRM,4,0.05,0,508,32,51,0,TargetOnly,arc labels,,,,
Right,contig,RTT,WRM,4,0.05,0,508,32,51,0,Source+Target,arc labels,,,,
Right,contig,RTT,WRM,4,0.05,0,508,32,51,0,COT,arc labels,,,,
Right,contig,RTT,WRM,4,0.05,0,508,32,51,0,none-HS4,arc labels,,,,
Right,contig,RTT,WRM,4,0.05,0,508,32,51,0,none-HSsrc,nothing,,0.6671481092436975,0.189873417721519,0.46875
Right,contig,RTT,WRM,4,0.05,0,508,32,51,0,none-PCA,arc segments,8.0,0.6492909663865547,0.15625,0.46875
Right,contig,RTT,WRM,4,0.05,0,508,32,51,0,QOTu-HS4,arc labels,,,,
Right,contig,RTT,WRM,4,0.05,0,508,32,51,0,QOTu-HSsrc,arc segments,,0.6538865546218487,0.11695906432748537,0.625
Right,contig,RTT,WRM,4,0.05,0,508,32,51,0,QOTu-PCA,arc segments,16.0,0.5154936974789917,0.06944444444444445,0.3125
Right,contig,RTT,WRM,4,0.05,0,508,32,51,0,QOTc-HS4,arc labels,,,,
Right,contig,RTT,WRM,4,0.05,0,508,32,51,0,QOTc-HSsrc,arc labels,,,,
Right,contig,RTT,WRM,4,0.05,0,508,32,51,0,QOTc-PCA,arc labels,,,,
Right,contig,RTT,WRM,4,0.05,0,508,32,51,0,SDM-HS4,arc labels,,,,
Right,contig,RTT,WRM,4,0.05,0,508,32,51,0,SDM-HSsrc,arc labels,,,,
Right,contig,RTT,WRM,4,0.05,0,508,32,51,0,SDM-PCA,arc labels,,,,
Right,contig,RTT,WRM,4,0.1,0,508,32,102,0,NoAdapt,nothing,,0.6596638655462185,0.1568627450980392,0.5
Right,contig,RTT,WRM,4,0.1,0,508,32,102,0,TargetOnly,arc labels,,,,
Right,contig,RTT,WRM,4,0.1,0,508,32,102,0,Source+Target,arc labels,,,,
Right,contig,RTT,WRM,4,0.1,0,508,32,102,0,COT,arc labels,,,,
Right,contig,RTT,WRM,4,0.1,0,508,32,102,0,none-HS4,arc labels,,,,
Right,contig,RTT,WRM,4,0.1,0,508,32,102,0,none-HSsrc,nothing,,0.6671481092436975,0.189873417721519,0.46875
Right,contig,RTT,WRM,4,0.1,0,508,32,102,0,none-PCA,arc segments,8.0,0.6492909663865547,0.15625,0.46875
Right,contig,RTT,WRM,4,0.1,0,508,32,102,0,QOTu-HS4,arc labels,,,,
Right,contig,RTT,WRM,4,0.1,0,508,32,102,0,QOTu-HSsrc,arc segments,,0.6550682773109244,0.12337662337662338,0.59375
Right,contig,RTT,WRM,4,0.1,0,508,32,102,0,QOTu-PCA,arc segments,8.0,0.6664915966386555,0.12578616352201258,0.625
Right,contig,RTT,WRM,4,0.1,0,508,32,102,0,QOTc-HS4,arc labels,,,,
Right,contig,RTT,WRM,4,0.1,0,508,32,102,0,QOTc-HSsrc,arc labels,,,,
Right,contig,RTT,WRM,4,0.1,0,508,32,102,0,QOTc-PCA,arc labels,,,,
Right,contig,RTT,WRM,4,0.1,0,508,32,102,0,SDM-HS4,arc labels,,,,
Right,contig,RTT,WRM,4,0.1,0,508,32,102,0,SDM-HSsrc,arc labels,,,,
Right,contig,RTT,WRM,4,0.1,0,508,32,102,0,SDM-PCA,arc labels,,,,
Right,contig,RTT,WRM,4,0.2,0,508,32,203,0,NoAdapt,nothing,,0.6596638655462185,0.1568627450980392,0.5
Right,contig,RTT,WRM,4,0.2,0,508,32,203,0,TargetOnly,arc labels,,,,
Right,contig,RTT,WRM,4,0.2,0,508,32,203,0,Source+Target,arc labels,,,,
Right,contig,RTT,WRM,4,0.2,0,508,32,203,0,COT,arc labels,,,,
Right,contig,RTT,WRM,4,0.2,0,508,32,203,0,none-HS4,arc labels,,,,
Right,contig,RTT,WRM,4,0.2,0,508,32,203,0,none-HSsrc,nothing,,0.6671481092436975,0.189873417721519,0.46875
Right,contig,RTT,WRM,4,0.2,0,508,32,203,0,none-PCA,arc segments,16.0,0.6557247899159664,0.1891891891891892,0.4375
Right,contig,RTT,WRM,4,0.2,0,508,32,203,0,QOTu-HS4,arc labels,,,,
Right,contig,RTT,WRM,4,0.2,0,508,32,203,0,QOTu-HSsrc,arc segments,,0.6616334033613445,0.14655172413793102,0.53125
Right,contig,RTT,WRM,4,0.2,0,508,32,203,0,QOTu-PCA,arc segments,8.0,0.6836922268907564,0.17894736842105263,0.53125
Right,contig,RTT,WRM,4,0.2,0,508,32,203,0,QOTc-HS4,arc labels,,,,
Right,contig,RTT,WRM,4,0.2,0,508,32,203,0,QOTc-HSsrc,arc labels,,,,
Right,contig,RTT,WRM,4,0.2,0,508,32,203,0,QOTc-PCA,arc labels,,,,
Right,contig,RTT,WRM,4,0.2,0,508,32,203,0,SDM-HS4,arc labels,,,,
Right,contig,RTT,WRM,4,0.2,0,508,32,203,0,SDM-HSsrc,arc labels,,,,
Right,contig,RTT,WRM,4,0.2,0,508,32,203,0,SDM-PCA,arc labels,,,,
Right,contig,RTT,WRM,4,0.3,0,508,32,305,1,NoAdapt,nothing,,0.6596638655462185,0.1568627450980392,0.5
Right,contig,RTT,WRM,4,0.3,0,508,32,305,1,TargetOnly,arc labels,,,,
Right,contig,RTT,WRM,4,0.3,0,508,32,305,1,Source+Target,arc labels,,,,
Right,contig,RTT,WRM,4,0.3,0,508,32,305,1,COT,arc labels,,,,
Right,contig,RTT,WRM,4,0.3,0,508,32,305,1,none-HS4,arc labels,,,,
Right,contig,RTT,WRM,4,0.3,0,508,32,305,1,none-HSsrc,nothing,,0.6671481092436975,0.189873417721519,0.46875
Right,contig,RTT,WRM,4,0.3,0,508,32,305,1,none-PCA,arc segments,16.0,0.6265756302521008,0.17142857142857143,0.375
Right,contig,RTT,WRM,4,0.3,0,508,32,305,1,QOTu-HS4,arc labels,,,,
Right,contig,RTT,WRM,4,0.3,0,508,32,305,1,QOTu-HSsrc,arc segments,,0.6689863445378151,0.1559633027522936,0.53125
Right,contig,RTT,WRM,4,0.3,0,508,32,305,1,QOTu-PCA,arc segments,8.0,0.6857930672268908,0.1827956989247312,0.53125
Right,contig,RTT,WRM,4,0.3,0,508,32,305,1,QOTc-HS4,arc labels,,,,
Right,contig,RTT,WRM,4,0.3,0,508,32,305,1,QOTc-HSsrc,arc labels,,,,
Right,contig,RTT,WRM,4,0.3,0,508,32,305,1,QOTc-PCA,arc labels,,,,
Right,contig,RTT,WRM,4,0.3,0,508,32,305,1,SDM-HS4,arc labels,,,,
Right,contig,RTT,WRM,4,0.3,0,508,32,305,1,SDM-HSsrc,arc labels,,,,
Right,contig,RTT,WRM,4,0.3,0,508,32,305,1,SDM-PCA,arc labels,,,,
Right,contig,RTT,WRM,4,0.5,1,508,32,487,27,NoAdapt,nothing,,0.6596638655462185,0.1568627450980392,0.5
Right,contig,RTT,WRM,4,0.5,1,508,32,487,27,TargetOnly,arc labels,,0.6013655462184874,0.09049773755656108,0.625
Right,contig,RTT,WRM,4,0.5,1,508,32,487,27,Source+Target,arc labels,,0.6629464285714286,0.10952380952380952,0.71875
Right,contig,RTT,WRM,4,0.5,1,508,32,487,27,COT,arc labels,,0.5676207983193278,0.09154929577464789,0.40625
Right,contig,RTT,WRM,4,0.5,1,508,32,487,27,none-HS4,arc labels,,0.673188025210084,0.1619047619047619,0.53125
Right,contig,RTT,WRM,4,0.5,1,508,32,487,27,none-HSsrc,nothing,,0.6671481092436975,0.189873417721519,0.46875
Right,contig,RTT,WRM,4,0.5,1,508,32,487,27,none-PCA,arc segments,16.0,0.6255252100840336,0.16901408450704225,0.375
Right,contig,RTT,WRM,4,0.5,1,508,32,487,27,QOTu-HS4,arc labels,,0.6626838235294117,0.14782608695652175,0.53125
Right,contig,RTT,WRM,4,0.5,1,508,32,487,27,QOTu-HSsrc,arc segments,,0.6784401260504201,0.17,0.53125
Right,contig,RTT,WRM,4,0.5,1,508,32,487,27,QOTu-PCA,arc segments,8.0,0.6773897058823529,0.16831683168316833,0.53125
Right,contig,RTT,WRM,4,0.5,1,508,32,487,27,QOTc-HS4,arc labels,,0.6636029411764706,0.10116731517509728,0.8125
Right,contig,RTT,WRM,4,0.5,1,508,32,487,27,QOTc-HSsrc,arc labels,,0.6498161764705883,0.11949685534591195,0.59375
Right,contig,RTT,WRM,4,0.5,1,508,32,487,27,QOTc-PCA,arc labels,64.0,0.47741596638655465,0.047058823529411764,0.125
Right,contig,RTT,WRM,4,0.5,1,508,32,487,27,SDM-HS4,arc labels,,0.49868697478991597,0.0627177700348432,0.5625
Right,contig,RTT,WRM,4,0.5,1,508,32,487,27,SDM-HSsrc,arc labels,,0.5626313025210083,0.07851239669421488,0.59375
Right,contig,RTT,WRM,4,0.5,1,508,32,487,27,SDM-PCA,arc labels,64.0,0.4641544117647059,0.058004640371229696,0.78125
Right,contig,RTT,WRM,5,0.05,0,508,32,51,0,NoAdapt,nothing,,0.6449579831932772,0.13793103448275862,0.5
Right,contig,RTT,WRM,5,0.05,0,508,32,51,0,TargetOnly,arc labels,,,,
Right,contig,RTT,WRM,5,0.05,0,508,32,51,0,Source+Target,arc labels,,,,
Right,contig,RTT,WRM,5,0.05,0,508,32,51,0,COT,arc labels,,,,
Right,contig,RTT,WRM,5,0.05,0,508,32,51,0,none-HS4,arc labels,,,,
Right,contig,RTT,WRM,5,0.05,0,508,32,51,0,none-HSsrc,nothing,,0.6576943277310925,0.17045454545454544,0.46875
Right,contig,RTT,WRM,5,0.05,0,508,32,51,0,none-PCA,arc segments,8.0,0.6366859243697479,0.1388888888888889,0.46875
Right,contig,RTT,WRM,5,0.05,0,508,32,51,0,QOTu-HS4,arc labels,,,,
Right,contig,RTT,WRM,5,0.05,0,508,32,51,0,QOTu-HSsrc,arc segments,,0.6168592436974789,0.09243697478991597,0.6875
Right,contig,RTT,WRM,5,0.05,0,508,32,51,0,QOTu-PCA,arc segments,8.0,0.6928834033613445,0.11020408163265306,0.84375
Right,contig,RTT,WRM,5,0.05,0,508,32,51,0,QOTc-HS4,arc labels,,,,
Right,contig,RTT,WRM,5,0.05,0,508,32,51,0,QOTc-HSsrc,arc labels,,,,
Right,contig,RTT,WRM,5,0.05,0,508,32,51,0,QOTc-PCA,arc labels,,,,
Right,contig,RTT,WRM,5,0.05,0,508,32,51,0,SDM-HS4,arc labels,,,,
Right,contig,RTT,WRM,5,0.05,0,508,32,51,0,SDM-HSsrc,arc labels,,,,
Right,contig,RTT,WRM,5,0.05,0,508,32,51,0,SDM-PCA,arc labels,,,,
Right,contig,RTT,WRM,5,0.1,0,508,32,102,0,NoAdapt,nothing,,0.6449579831932772,0.13793103448275862,0.5
Right,contig,RTT,WRM,5,0.1,0,508,32,102,0,TargetOnly,arc labels,,,,
Right,contig,RTT,WRM,5,0.1,0,508,32,102,0,Source+Target,arc labels,,,,
Right,contig,RTT,WRM,5,0.1,0,508,32,102,0,COT,arc labels,,,,
Right,contig,RTT,WRM,5,0.1,0,508,32,102,0,none-HS4,arc labels,,,,
Right,contig,RTT,WRM,5,0.1,0,508,32,102,0,none-HSsrc,nothing,,0.6576943277310925,0.17045454545454544,0.46875
Right,contig,RTT,WRM,5,0.1,0,508,32,102,0,none-PCA,arc segments,8.0,0.6366859243697479,0.1388888888888889,0.46875
Right,contig,RTT,WRM,5,0.1,0,508,32,102,0,QOTu-HS4,arc labels,,,,
Right,contig,RTT,WRM,5,0.1,0,508,32,102,0,QOTu-HSsrc,arc segments,,0.6259191176470589,0.09025270758122744,0.78125
Right,contig,RTT,WRM,5,0.1,0,508,32,102,0,QOTu-PCA,arc segments,8.0,0.6613707983193278,0.09818181818181818,0.84375
Right,contig,RTT,WRM,5,0.1,0,508,32,102,0,QOTc-HS4,arc labels,,,,
Right,contig,RTT,WRM,5,0.1,0,508,32,102,0,QOTc-HSsrc,arc labels,,,,
Right,contig,RTT,WRM,5,0.1,0,508,32,102,0,QOTc-PCA,arc labels,,,,
Right,contig,RTT,WRM,5,0.1,0,508,32,102,0,SDM-HS4,arc labels,,,,
Right,contig,RTT,WRM,5,0.1,0,508,32,102,0,SDM-HSsrc,arc labels,,,,
Right,contig,RTT,WRM,5,0.1,0,508,32,102,0,SDM-PCA,arc labels,,,,
Right,contig,RTT,WRM,5,0.2,0,508,32,203,1,NoAdapt,nothing,,0.6449579831932772,0.13793103448275862,0.5
Right,contig,RTT,WRM,5,0.2,0,508,32,203,1,TargetOnly,arc labels,,,,
Right,contig,RTT,WRM,5,0.2,0,508,32,203,1,Source+Target,arc labels,,,,
Right,contig,RTT,WRM,5,0.2,0,508,32,203,1,COT,arc labels,,,,
Right,contig,RTT,WRM,5,0.2,0,508,32,203,1,none-HS4,arc labels,,,,
Right,contig,RTT,WRM,5,0.2,0,508,32,203,1,none-HSsrc,nothing,,0.6576943277310925,0.17045454545454544,0.46875
Right,contig,RTT,WRM,5,0.2,0,508,32,203,1,none-PCA,arc segments,8.0,0.6366859243697479,0.1388888888888889,0.46875
Right,contig,RTT,WRM,5,0.2,0,508,32,203,1,QOTu-HS4,arc labels,,,,
Right,contig,RTT,WRM,5,0.2,0,508,32,203,1,QOTu-HSsrc,arc segments,,0.6267069327731092,0.10497237569060773,0.59375
Right,contig,RTT,WRM,5,0.2,0,508,32,203,1,QOTu-PCA,arc segments,8.0,0.6519170168067228,0.12101910828025478,0.59375
Right,contig,RTT,WRM,5,0.2,0,508,32,203,1,QOTc-HS4,arc labels,,,,
Right,contig,RTT,WRM,5,0.2,0,508,32,203,1,QOTc-HSsrc,arc labels,,,,
Right,contig,RTT,WRM,5,0.2,0,508,32,203,1,QOTc-PCA,arc labels,,,,
Right,contig,RTT,WRM,5,0.2,0,508,32,203,1,SDM-HS4,arc labels,,,,
Right,contig,RTT,WRM,5,0.2,0,508,32,203,1,SDM-HSsrc,arc labels,,,,
Right,contig,RTT,WRM,5,0.2,0,508,32,203,1,SDM-PCA,arc labels,,,,
Right,contig,RTT,WRM,5,0.3,1,508,32,305,8,NoAdapt,nothing,,0.6449579831932772,0.13793103448275862,0.5
Right,contig,RTT,WRM,5,0.3,1,508,32,305,8,TargetOnly,arc labels,,0.4736081932773109,0.05357142857142857,0.28125
Right,contig,RTT,WRM,5,0.3,1,508,32,305,8,Source+Target,arc labels,,0.6437762605042017,0.12781954887218044,0.53125
Right,contig,RTT,WRM,5,0.3,1,508,32,305,8,COT,arc labels,,0.4724264705882353,0.034482758620689655,0.0625
Right,contig,RTT,WRM,5,0.3,1,508,32,305,8,none-HS4,arc labels,,0.6668855042016807,0.15315315315315314,0.53125
Right,contig,RTT,WRM,5,0.3,1,508,32,305,8,none-HSsrc,nothing,,0.6576943277310925,0.17045454545454544,0.46875
Right,contig,RTT,WRM,5,0.3,1,508,32,305,8,none-PCA,arc segments,8.0,0.6366859243697479,0.1388888888888889,0.46875
Right,contig,RTT,WRM,5,0.3,1,508,32,305,8,QOTu-HS4,arc labels,,0.6580882352941176,0.11976047904191617,0.625
Right,contig,RTT,WRM,5,0.3,1,508,32,305,8,QOTu-HSsrc,arc segments,,0.6277573529411764,0.10555555555555556,0.59375
Right,contig,RTT,WRM,5,0.3,1,508,32,305,8,QOTu-PCA,arc segments,8.0,0.6498161764705883,0.11949685534591195,0.59375
Right,contig,RTT,WRM,5,0.3,1,508,32,305,8,QOTc-HS4,arc labels,,0.44485294117647056,0.034482758620689655,0.125
Right,contig,RTT,WRM,5,0.3,1,508,32,305,8,QOTc-HSsrc,arc labels,,0.641281512605042,0.09032258064516129,0.875
Right,contig,RTT,WRM,5,0.3,1,508,32,305,8,QOTc-PCA,arc labels,64.0,0.4849002100840336,0.04838709677419355,0.09375
Right,contig,RTT,WRM,5,0.3,1,508,32,305,8,SDM-HS4,arc labels,,0.43920693277310924,0.04142011834319527,0.21875
Right,contig,RTT,WRM,5,0.3,1,508,32,305,8,SDM-HSsrc,arc labels,,0.6366859243697479,0.09787234042553192,0.71875
Right,contig,RTT,WRM,5,0.3,1,508,32,305,8,SDM-PCA,arc labels,32.0,0.4892331932773109,0.047619047619047616,0.0625
Right,contig,RTT,WRM,5,0.5,1,508,32,487,27,NoAdapt,nothing,,0.6449579831932772,0.13793103448275862,0.5
Right,contig,RTT,WRM,5,0.5,1,508,32,487,27,TargetOnly,arc labels,,0.6902573529411764,0.125,0.71875
Right,contig,RTT,WRM,5,0.5,1,508,32,487,27,Source+Target,arc labels,,0.6431197478991597,0.10328638497652583,0.6875
Right,contig,RTT,WRM,5,0.5,1,508,32,487,27,COT,arc labels,,0.5996586134453781,0.09714285714285714,0.53125
Right,contig,RTT,WRM,5,0.5,1,508,32,487,27,none-HS4,arc labels,,0.6295955882352942,0.1566265060240964,0.40625
Right,contig,RTT,WRM,5,0.5,1,508,32,487,27,none-HSsrc,nothing,,0.6576943277310925,0.17045454545454544,0.46875
Right,contig,RTT,WRM,5,0.5,1,508,32,487,27,none-PCA,arc segments,8.0,0.6366859243697479,0.1388888888888889,0.46875
Right,contig,RTT,WRM,5,0.5,1,508,32,487,27,QOTu-HS4,arc labels,,0.6416754201680672,0.1259259259259259,0.53125
Right,contig,RTT,WRM,5,0.5,1,508,32,487,27,QOTu-HSsrc,arc segments,,0.6509978991596639,0.1267605633802817,0.5625
Right,contig,RTT,WRM,5,0.5,1,508,32,487,27,QOTu-PCA,arc segments,8.0,0.6415441176470589,0.11920529801324503,0.5625
Right,contig,RTT,WRM,5,0.5,1,508,32,487,27,QOTc-HS4,arc labels,,0.6805409663865547,0.1111111111111111,0.78125
Right,contig,RTT,WRM,5,0.5,1,508,32,487,27,QOTc-HSsrc,arc labels,,0.6358981092436975,0.10294117647058823,0.65625
Right,contig,RTT,WRM,5,0.5,1,508,32,487,27,QOTc-PCA,arc labels,64.0,0.5575105042016807,0.09615384615384616,0.3125
Right,contig,RTT,WRM,5,0.5,1,508,32,487,27,SDM-HS4,arc labels,,0.5291491596638656,0.06976744186046512,0.5625
Right,contig,RTT,WRM,5,0.5,1,508,32,487,27,SDM-HSsrc,arc labels,,0.6105567226890756,0.09016393442622951,0.6875
Right,contig,RTT,WRM,5,0.5,1,508,32,487,27,SDM-PCA,arc labels,64.0,0.3738182773109244,0.04358974358974359,0.53125
Right,contig,RTT,WRM,6,0.05,0,508,27,51,1,NoAdapt,nothing,,0.6809116809116809,0.12598425196850394,0.5925925925925926
Right,contig,RTT,WRM,6,0.05,0,508,27,51,1,TargetOnly,arc labels,,,,
Right,contig,RTT,WRM,6,0.05,0,508,27,51,1,Source+Target,arc labels,,,,
Right,contig,RTT,WRM,6,0.05,0,508,27,51,1,COT,arc labels,,,,
Right,contig,RTT,WRM,6,0.05,0,508,27,51,1,none-HS4,arc labels,,,,
Right,contig,RTT,WRM,6,0.05,0,508,27,51,1,none-HSsrc,nothing,,0.6904596904596905,0.15151515151515152,0.5555555555555556
Right,contig,RTT,WRM,6,0.05,0,508,27,51,1,none-PCA,arc segments,8.0,0.6717486717486718,0.1282051282051282,0.5555555555555556
Right,contig,RTT,WRM,6,0.05,0,508,27,51,1,QOTu-HS4,arc labels,,,,
Right,contig,RTT,WRM,6,0.05,0,508,27,51,1,QOTu-HSsrc,arc segments,,0.6909216909216909,0.11612903225806452,0.6666666666666666
Right,contig,RTT,WRM,6,0.05,0,508,27,51,1,QOTu-PCA,arc segments,8.0,0.7085932085932085,0.13043478260869565,0.6666666666666666
Right,contig,RTT,WRM,6,0.05,0,508,27,51,1,QOTc-HS4,arc labels,,,,
Right,contig,RTT,WRM,6,0.05,0,508,27,51,1,QOTc-HSsrc,arc labels,,,,
Right,contig,RTT,WRM,6,0.05,0,508,27,51,1,QOTc-PCA,arc labels,,,,
Right,contig,RTT,WRM,6,0.05,0,508,27,51,1,SDM-HS4,arc labels,,,,
Right,contig,RTT,WRM,6,0.05,0,508,27,51,1,SDM-HSsrc,arc labels,,,,
Right,contig,RTT,WRM,6,0.05,0,508,27,51,1,SDM-PCA,arc labels,,,,
Right,contig,RTT,WRM,6,0.1,0,508,27,102,1,NoAdapt,nothing,,0.6809116809116809,0.12598425196850394,0.5925925925925926
Right,contig,RTT,WRM,6,0.1,0,508,27,102,1,TargetOnly,arc labels,,,,
Right,contig,RTT,WRM,6,0.1,0,508,27,102,1,Source+Target,arc labels,,,,
Right,contig,RTT,WRM,6,0.1,0,508,27,102,1,COT,arc labels,,,,
Right,contig,RTT,WRM,6,0.1,0,508,27,102,1,none-HS4,arc labels,,,,
Right,contig,RTT,WRM,6,0.1,0,508,27,102,1,none-HSsrc,nothing,,0.6904596904596905,0.15151515151515152,0.5555555555555556
Right,contig,RTT,WRM,6,0.1,0,508,27,102,1,none-PCA,arc segments,8.0,0.6717486717486718,0.1282051282051282,0.5555555555555556
Right,contig,RTT,WRM,6,0.1,0,508,27,102,1,QOTu-HS4,arc labels,,,,
Right,contig,RTT,WRM,6,0.1,0,508,27,102,1,QOTu-HSsrc,arc segments,,0.6961191961191961,0.12,0.6666666666666666
Right,contig,RTT,WRM,6,0.1,0,508,27,102,1,QOTu-PCA,arc segments,8.0,0.7054747054747055,0.1276595744680851,0.6666666666666666
Right,contig,RTT,WRM,6,0.1,0,508,27,102,1,QOTc-HS4,arc labels,,,,
Right,contig,RTT,WRM,6,0.1,0,508,27,102,1,QOTc-HSsrc,arc labels,,,,
Right,contig,RTT,WRM,6,0.1,0,508,27,102,1,QOTc-PCA,arc labels,,,,
Right,contig,RTT,WRM,6,0.1,0,508,27,102,1,SDM-HS4,arc labels,,,,
Right,contig,RTT,WRM,6,0.1,0,508,27,102,1,SDM-HSsrc,arc labels,,,,
Right,contig,RTT,WRM,6,0.1,0,508,27,102,1,SDM-PCA,arc labels,,,,
Right,contig,RTT,WRM,6,0.2,1,508,27,203,7,NoAdapt,nothing,,0.6809116809116809,0.12598425196850394,0.5925925925925926
Right,contig,RTT,WRM,6,0.2,1,508,27,203,7,TargetOnly,arc labels,,0.5620620620620621,0.09722222222222222,0.25925925925925924
Right,contig,RTT,WRM,6,0.2,1,508,27,203,7,Source+Target,arc labels,,0.6963116963116963,0.1297709923664122,0.6296296296296297
Right,contig,RTT,WRM,6,0.2,1,508,27,203,7,COT,arc labels,,0.5316470316470316,0.11538461538461539,0.1111111111111111
Right,contig,RTT,WRM,6,0.2,1,508,27,203,7,none-HS4,arc labels,,0.7127512127512128,0.13432835820895522,0.6666666666666666
Right,contig,RTT,WRM,6,0.2,1,508,27,203,7,none-HSsrc,nothing,,0.6904596904596905,0.15151515151515152,0.5555555555555556
Right,contig,RTT,WRM,6,0.2,1,508,27,203,7,none-PCA,arc segments,8.0,0.6717486717486718,0.1282051282051282,0.5555555555555556
Right,contig,RTT,WRM,6,0.2,1,508,27,203,7,QOTu-HS4,arc labels,,0.7071687071687072,0.11299435028248588,0.7407407407407407
Right,contig,RTT,WRM,6,0.2,1,508,27,203,7,QOTu-HSsrc,arc segments,,0.6740971740971742,0.1,0.7037037037037037
Right,contig,RTT,WRM,6,0.2,1,508,27,203,7,QOTu-PCA,arc segments,8.0,0.6907291907291908,0.10919540229885058,0.7037037037037037
Right,contig,RTT,WRM,6,0.2,1,508,27,203,7,QOTc-HS4,arc labels,,0.48837298837298837,0.03333333333333333,0.037037037037037035
Right,contig,RTT,WRM,6,0.2,1,508,27,203,7,QOTc-HSsrc,arc labels,,0.6760606760606761,0.08305647840531562,0.9259259259259259
Right,contig,RTT,WRM,6,0.2,1,508,27,203,7,QOTc-PCA,arc labels,64.0,0.4966889966889967,0.045454545454545456,0.037037037037037035
Right,contig,RTT,WRM,6,0.2,1,508,27,203,7,SDM-HS4,arc labels,,0.4861014861014861,0.0392156862745098,0.07407407407407407
Right,contig,RTT,WRM,6,0.2,1,508,27,203,7,SDM-HSsrc,arc labels,,0.6760606760606761,0.08305647840531562,0.9259259259259259
Right,contig,RTT,WRM,6,0.2,1,508,27,203,7,SDM-PCA,arc labels,32.0,0.48629398629398635,0.03125,0.037037037037037035
Right,contig,RTT,WRM,6,0.3,1,508,27,305,7,NoAdapt,nothing,,0.6809116809116809,0.12598425196850394,0.5925925925925926
Right,contig,RTT,WRM,6,0.3,1,508,27,305,7,TargetOnly,arc labels,,0.5620620620620621,0.09722222222222222,0.25925925925925924
Right,contig,RTT,WRM,6,0.3,1,508,27,305,7,Source+Target,arc labels,,0.6973511973511974,0.13076923076923078,0.6296296296296297
Right,contig,RTT,WRM,6,0.3,1,508,27,305,7,COT,arc labels,,0.5202125202125202,0.08108108108108109,0.1111111111111111
Right,contig,RTT,WRM,6,0.3,1,508,27,305,7,none-HS4,arc labels,,0.7106722106722106,0.1323529411764706,0.6666666666666666
Right,contig,RTT,WRM,6,0.3,1,508,27,305,7,none-HSsrc,nothing,,0.6904596904596905,0.15151515151515152,0.5555555555555556
Right,contig,RTT,WRM,6,0.3,1,508,27,305,7,none-PCA,arc segments,8.0,0.6717486717486718,0.1282051282051282,0.5555555555555556
Right,contig,RTT,WRM,6,0.3,1,508,27,305,7,QOTu-HS4,arc labels,,0.7102872102872102,0.11494252873563218,0.7407407407407407
Right,contig,RTT,WRM,6,0.3,1,508,27,305,7,QOTu-HSsrc,arc segments,,0.672018172018172,0.09895833333333333,0.7037037037037037
Right,contig,RTT,WRM,6,0.3,1,508,27,305,7,QOTu-PCA,arc segments,8.0,0.7215292215292215,0.11538461538461539,0.7777777777777778
Right,contig,RTT,WRM,6,0.3,1,508,27,305,7,QOTc-HS4,arc labels,,0.49253099253099253,0.038461538461538464,0.037037037037037035
Right,contig,RTT,WRM,6,0.3,1,508,27,305,7,QOTc-HSsrc,arc labels,,0.6887271887271887,0.08888888888888889,0.8888888888888888
Right,contig,RTT,WRM,6,0.3,1,508,27,305,7,QOTc-PCA,arc labels,64.0,0.4966889966889967,0.045454545454545456,0.037037037037037035
Right,contig,RTT,WRM,6,0.3,1,508,27,305,7,SDM-HS4,arc labels,,0.45803495803495803,0.02564102564102564,0.07407407407407407
Right,contig,RTT,WRM,6,0.3,1,508,27,305,7,SDM-HSsrc,arc labels,,0.6870331870331869,0.09401709401709402,0.8148148148148148
Right,contig,RTT,WRM,6,0.3,1,508,27,305,7,SDM-PCA,arc labels,32.0,0.508970508970509,0.06896551724137931,0.07407407407407407
Right,contig,RTT,WRM,6,0.5,1,508,27,487,32,NoAdapt,nothing,,0.6809116809116809,0.12598425196850394,0.5925925925925926
Right,contig,RTT,WRM,6,0.5,1,508,27,487,32,TargetOnly,arc labels,,0.7061292061292062,0.11235955056179775,0.7407407407407407
Right,contig,RTT,WRM,6,0.5,1,508,27,487,32,Source+Target,arc labels,,0.6699391699391699,0.0979381443298969,0.7037037037037037
Right,contig,RTT,WRM,6,0.5,1,508,27,487,32,COT,arc labels,,0.6206206206206206,0.08648648648648649,0.5925925925925926
Right,contig,RTT,WRM,6,0.5,1,508,27,487,32,none-HS4,arc labels,,0.6544621544621545,0.13541666666666666,0.48148148148148145
Right,contig,RTT,WRM,6,0.5,1,508,27,487,32,none-HSsrc,nothing,,0.6904596904596905,0.15151515151515152,0.5555555555555556
Right,contig,RTT,WRM,6,0.5,1,508,27,487,32,none-PCA,arc segments,8.0,0.6717486717486718,0.1282051282051282,0.5555555555555556
Right,contig,RTT,WRM,6,0.5,1,508,27,487,32,QOTu-HS4,arc labels,,0.6838376838376838,0.11888111888111888,0.6296296296296297
Right,contig,RTT,WRM,6,0.5,1,508,27,487,32,QOTu-HSsrc,arc segments,,0.6857241857241857,0.1125,0.6666666666666666
Right,contig,RTT,WRM,6,0.5,1,508,27,487,32,QOTu-PCA,arc segments,8.0,0.6826056826056826,0.11042944785276074,0.6666666666666666
Right,contig,RTT,WRM,6,0.5,1,508,27,487,32,QOTc-HS4,arc labels,,0.6797566797566797,0.0912863070539419,0.8148148148148148
Right,contig,RTT,WRM,6,0.5,1,508,27,487,32,QOTc-HSsrc,arc labels,,0.6891121891121891,0.09482758620689655,0.8148148148148148
Right,contig,RTT,WRM,6,0.5,1,508,27,487,32,QOTc-PCA,arc labels,64.0,0.6018326018326018,0.10091743119266056,0.4074074074074074
Right,contig,RTT,WRM,6,0.5,1,508,27,487,32,SDM-HS4,arc labels,,0.4117964117964118,0.03663003663003663,0.37037037037037035
Right,contig,RTT,WRM,6,0.5,1,508,27,487,32,SDM-HSsrc,arc labels,,0.5543620543620543,0.06172839506172839,0.7407407407407407
Right,contig,RTT,WRM,6,0.5,1,508,27,487,32,SDM-PCA,arc labels,64.0,0.4725109725109725,0.0502092050209205,0.8888888888888888
Right,contig,RTT,WRM,7,0.05,1,508,27,51,4,NoAdapt,nothing,,0.6892276892276892,0.13445378151260504,0.5925925925925926
Right,contig,RTT,WRM,7,0.05,1,508,27,51,4,TargetOnly,arc labels,,0.43543543543543545,0.03428571428571429,0.2222222222222222
Right,contig,RTT,WRM,7,0.05,1,508,27,51,4,Source+Target,arc labels,,0.6759066759066759,0.13274336283185842,0.5555555555555556
Right,contig,RTT,WRM,7,0.05,1,508,27,51,4,COT,arc labels,,0.5011935011935011,0.053475935828877004,0.37037037037037035
Right,contig,RTT,WRM,7,0.05,1,508,27,51,4,none-HS4,arc labels,,0.6297066297066297,0.1188118811881188,0.4444444444444444
Right,contig,RTT,WRM,7,0.05,1,508,27,51,4,none-HSsrc,nothing,,0.6800646800646801,0.13761467889908258,0.5555555555555556
Right,contig,RTT,WRM,7,0.05,1,508,27,51,4,none-PCA,arc segments,8.0,0.677985677985678,0.13513513513513514,0.5555555555555556
Right,contig,RTT,WRM,7,0.05,1,508,27,51,4,QOTu-HS4,arc labels,,0.563948563948564,0.0898876404494382,0.2962962962962963
Right,contig,RTT,WRM,7,0.05,1,508,27,51,4,QOTu-HSsrc,arc segments,,0.7113267113267113,0.11560693641618497,0.7407407407407407
Right,contig,RTT,WRM,7,0.05,1,508,27,51,4,QOTu-PCA,arc segments,8.0,0.5411180411180411,0.05825242718446602,0.8888888888888888
Right,contig,RTT,WRM,7,0.05,1,508,27,51,4,QOTc-HS4,arc labels,,0.4979209979209979,0.0,0.0
Right,contig,RTT,WRM,7,0.05,1,508,27,51,4,QOTc-HSsrc,arc labels,,0.6405251405251405,0.07344632768361582,0.9629629629629629
Right,contig,RTT,WRM,7,0.05,1,508,27,51,4,QOTc-PCA,arc labels,32.0,0.44752444752444753,0.03980099502487562,0.2962962962962963
Right,contig,RTT,WRM,7,0.05,1,508,27,51,4,SDM-HS4,arc labels,,0.5,0.0,0.0
Right,contig,RTT,WRM,7,0.05,1,508,27,51,4,SDM-HSsrc,arc labels,,0.37984137984137983,0.036939313984168866,0.5185185185185185
Right,contig,RTT,WRM,7,0.05,1,508,27,51,4,SDM-PCA,arc labels,32.0,0.42946792946792944,0.0390625,0.37037037037037035
Right,contig,RTT,WRM,7,0.1,1,508,27,102,7,NoAdapt,nothing,,0.6892276892276892,0.13445378151260504,0.5925925925925926
Right,contig,RTT,WRM,7,0.1,1,508,27,102,7,TargetOnly,arc labels,,0.5487410487410487,0.09090909090909091,0.2222222222222222
Right,contig,RTT,WRM,7,0.1,1,508,27,102,7,Source+Target,arc labels,,0.6902671902671902,0.13559322033898305,0.5925925925925926
Right,contig,RTT,WRM,7,0.1,1,508,27,102,7,COT,arc labels,,0.46654346654346657,0.0196078431372549,0.037037037037037035
Right,contig,RTT,WRM,7,0.1,1,508,27,102,7,none-HS4,arc labels,,0.6677831677831678,0.13725490196078433,0.5185185185185185
Right,contig,RTT,WRM,7,0.1,1,508,27,102,7,none-HSsrc,nothing,,0.6800646800646801,0.13761467889908258,0.5555555555555556
Right,contig,RTT,WRM,7,0.1,1,508,27,102,7,none-PCA,arc segments,8.0,0.677985677985678,0.13513513513513514,0.5555555555555556
Right,contig,RTT,WRM,7,0.1,1,508,27,102,7,QOTu-HS4,arc labels,,0.7028182028182028,0.105,0.7777777777777778
Right,contig,RTT,WRM,7,0.1,1,508,27,102,7,QOTu-HSsrc,arc segments,,0.6986601986601987,0.10294117647058823,0.7777777777777778
Right,contig,RTT,WRM,7,0.1,1,508,27,102,7,QOTu-PCA,arc segments,8.0,0.7100947100947101,0.10880829015544041,0.7777777777777778
Right,contig,RTT,WRM,7,0.1,1,508,27,102,7,QOTc-HS4,arc labels,,0.4916839916839917,0.0,0.0
Right,contig,RTT,WRM,7,0.1,1,508,27,102,7,QOTc-HSsrc,arc labels,,0.6521521521521522,0.07716049382716049,0.9259259259259259
Right,contig,RTT,WRM,7,0.1,1,508,27,102,7,QOTc-PCA,arc labels,64.0,0.4979209979209979,0.0,0.0
Right,contig,RTT,WRM,7,0.1,1,508,27,102,7,SDM-HS4,arc labels,,0.49376299376299376,0.0,0.0
Right,contig,RTT,WRM,7,0.1,1,508,27,102,7,SDM-HSsrc,arc labels,,0.6405251405251405,0.07344632768361582,0.9629629629629629
Right,contig,RTT,WRM,7,0.1,1,508,27,102,7,SDM-PCA,arc labels,32.0,0.4792099792099792,0.0,0.0
Right,contig,RTT,WRM,7,0.2,1,508,27,203,7,NoAdapt,nothing,,0.6892276892276892,0.13445378151260504,0.5925925925925926
Right,contig,RTT,WRM,7,0.2,1,508,27,203,7,TargetOnly,arc labels,,0.5876645876645876,0.10588235294117647,0.3333333333333333
Right,contig,RTT,WRM,7,0.2,1,508,27,203,7,Source+Target,arc labels,,0.7077462077462078,0.14166666666666666,0.6296296296296297
Right,contig,RTT,WRM,7,0.2,1,508,27,203,7,COT,arc labels,,0.5266420266420266,0.16666666666666666,0.07407407407407407
Right,contig,RTT,WRM,7,0.2,1,508,27,203,7,none-HS4,arc labels,,0.7212597212597213,0.1588785046728972,0.6296296296296297
Right,contig,RTT,WRM,7,0.2,1,508,27,203,7,none-HSsrc,nothing,,0.6800646800646801,0.13761467889908258,0.5555555555555556
Right,contig,RTT,WRM,7,0.2,1,508,27,203,7,none-PCA,arc segments,8.0,0.677985677985678,0.13513513513513514,0.5555555555555556
Right,contig,RTT,WRM,7,0.2,1,508,27,203,7,QOTu-HS4,arc labels,,0.662932162932163,0.08333333333333333,0.8518518518518519
Right,contig,RTT,WRM,7,0.2,1,508,27,203,7,QOTu-HSsrc,arc segments,,0.6845691845691846,0.08759124087591241,0.8888888888888888
Right,contig,RTT,WRM,7,0.2,1,508,27,203,7,QOTu-PCA,arc segments,8.0,0.6818356818356819,0.09205020920502092,0.8148148148148148
Right,contig,RTT,WRM,7,0.2,1,508,27,203,7,QOTc-HS4,arc labels,,0.48232848232848236,0.0,0.0
Right,contig,RTT,WRM,7,0.2,1,508,27,203,7,QOTc-HSsrc,arc labels,,0.647994147994148,0.07621951219512195,0.9259259259259259
Right,contig,RTT,WRM,7,0.2,1,508,27,203,7,QOTc-PCA,arc labels,32.0,0.4979209979209979,0.0,0.0
Right,contig,RTT,WRM,7,0.2,1,508,27,203,7,SDM-HS4,arc labels,,0.4916839916839917,0.0,0.0
Right,contig,RTT,WRM,7,0.2,1,508,27,203,7,SDM-HSsrc,arc labels,,0.6643566643566643,0.08860759493670886,0.7777777777777778
Right,contig,RTT,WRM,7,0.2,1,508,27,203,7,SDM-PCA,arc labels,32.0,0.4812889812889813,0.0,0.0
Right,contig,RTT,WRM,7,0.3,1,508,27,305,11,NoAdapt,nothing,,0.6892276892276892,0.13445378151260504,0.5925925925925926
Right,contig,RTT,WRM,7,0.3,1,508,27,305,11,TargetOnly,arc labels,,0.5853930853930853,0.09433962264150944,0.37037037037037035
Right,contig,RTT,WRM,7,0.3,1,508,27,305,11,Source+Target,arc labels,,0.6809116809116809,0.12598425196850394,0.5925925925925926
Right,contig,RTT,WRM,7,0.3,1,508,27,305,11,COT,arc labels,,0.5957880957880958,0.10416666666666667,0.37037037037037035
Right,contig,RTT,WRM,7,0.3,1,508,27,305,11,none-HS4,arc labels,,0.7150227150227151,0.1504424778761062,0.6296296296296297
Right,contig,RTT,WRM,7,0.3,1,508,27,305,11,none-HSsrc,nothing,,0.6800646800646801,0.13761467889908258,0.5555555555555556
Right,contig,RTT,WRM,7,0.3,1,508,27,305,11,none-PCA,arc segments,8.0,0.677985677985678,0.13513513513513514,0.5555555555555556
Right,contig,RTT,WRM,7,0.3,1,508,27,305,11,QOTu-HS4,arc labels,,0.6930776930776931,0.0931174089068826,0.8518518518518519
Right,contig,RTT,WRM,7,0.3,1,508,27,305,11,QOTu-HSsrc,arc segments,,0.6743666743666744,0.08679245283018867,0.8518518518518519
Right,contig,RTT,WRM,7,0.3,1,508,27,305,11,QOTu-PCA,arc segments,8.0,0.6932701932701932,0.09649122807017543,0.8148148148148148
Right,contig,RTT,WRM,7,0.3,1,508,27,305,11,QOTc-HS4,arc labels,,0.4553014553014553,0.0,0.0
Right,contig,RTT,WRM,7,0.3,1,508,27,305,11,QOTc-HSsrc,arc labels,,0.646954646954647,0.07598784194528875,0.9259259259259259
Right,contig,RTT,WRM,7,0.3,1,508,27,305,11,QOTc-PCA,arc labels,64.0,0.4885654885654886,0.0,0.0
Right,contig,RTT,WRM,7,0.3,1,508,27,305,11,SDM-HS4,arc labels,,0.49272349272349275,0.0,0.0
Right,contig,RTT,WRM,7,0.3,1,508,27,305,11,SDM-HSsrc,arc labels,,0.6506506506506506,0.08178438661710037,0.8148148148148148
Right,contig,RTT,WRM,7,0.3,1,508,27,305,11,SDM-PCA,arc labels,32.0,0.40644490644490644,0.0,0.0
Right,contig,RTT,WRM,7,0.5,1,508,27,498,32,NoAdapt,nothing,,0.6892276892276892,0.13445378151260504,0.5925925925925926
Right,contig,RTT,WRM,7,0.5,1,508,27,498,32,TargetOnly,arc labels,,0.6653961653961654,0.08898305084745763,0.7777777777777778
Right,contig,RTT,WRM,7,0.5,1,508,27,498,32,Source+Target,arc labels,,0.6370601370601371,0.09042553191489362,0.6296296296296297
Right,contig,RTT,WRM,7,0.5,1,508,27,498,32,COT,arc labels,,0.6102256102256103,0.08205128205128205,0.5925925925925926
Right,contig,RTT,WRM,7,0.5,1,508,27,498,32,none-HS4,arc labels,,0.6811041811041811,0.1388888888888889,0.5555555555555556
Right,contig,RTT,WRM,7,0.5,1,508,27,498,32,none-HSsrc,nothing,,0.6800646800646801,0.13761467889908258,0.5555555555555556
Right,contig,RTT,WRM,7,0.5,1,508,27,498,32,none-PCA,arc segments,8.0,0.677985677985678,0.13513513513513514,0.5555555555555556
Right,contig,RTT,WRM,7,0.5,1,508,27,498,32,QOTu-HS4,arc labels,,0.6824131824131825,0.1043956043956044,0.7037037037037037
Right,contig,RTT,WRM,7,0.5,1,508,27,498,32,QOTu-HSsrc,arc segments,,0.6543466543466543,0.09090909090909091,0.7037037037037037
Right,contig,RTT,WRM,7,0.5,1,508,27,498,32,QOTu-PCA,arc segments,8.0,0.698005698005698,0.11377245508982035,0.7037037037037037
Right,contig,RTT,WRM,7,0.5,1,508,27,498,32,QOTc-HS4,arc labels,,0.6707861707861708,0.09433962264150944,0.7407407407407407
Right,contig,RTT,WRM,7,0.5,1,508,27,498,32,QOTc-HSsrc,arc labels,,0.6670901670901671,0.08455882352941177,0.8518518518518519
Right,contig,RTT,WRM,7,0.5,1,508,27,498,32,QOTc-PCA,arc labels,32.0,0.5558250558250558,0.08974358974358974,0.25925925925925924
Right,contig,RTT,WRM,7,0.5,1,508,27,498,32,SDM-HS4,arc labels,,0.5490875490875491,0.06382978723404255,0.5555555555555556
Right,contig,RTT,WRM,7,0.5,1,508,27,498,32,SDM-HSsrc,arc labels,,0.6377916377916377,0.07523510971786834,0.8888888888888888
Right,contig,RTT,WRM,7,0.5,1,508,27,498,32,SDM-PCA,arc labels,32.0,0.4822129822129822,0.046153846153846156,0.2222222222222222
Right,contig,WRM,HTL,0,0.05,1,401,82,40,2,NoAdapt,nothing,,0.5969875372734919,0.24666666666666667,0.9024390243902439
Right,contig,WRM,HTL,0,0.05,1,401,82,40,2,TargetOnly,arc labels,,0.4800061166755868,0.17582417582417584,0.1951219512195122
Right,contig,WRM,HTL,0,0.05,1,401,82,40,2,Source+Target,arc labels,,0.6089915131126232,0.2585551330798479,0.8292682926829268
Right,contig,WRM,HTL,0,0.05,1,401,82,40,2,COT,arc labels,,0.46230598669623063,0.18473895582329317,0.5609756097560976
Right,contig,WRM,HTL,0,0.05,1,401,82,40,2,none-HS4,arc labels,,0.5562351861763132,0.22699386503067484,0.9024390243902439
Right,contig,WRM,HTL,0,0.05,1,401,82,40,2,none-HSsrc,nothing,,0.5631929046563193,0.23178807947019867,0.8536585365853658
Right,contig,WRM,HTL,0,0.05,1,401,82,40,2,none-PCA,arc segments,4.0,0.5468307974615796,0.22289156626506024,0.9024390243902439
Right,contig,WRM,HTL,0,0.05,1,401,82,40,2,QOTu-HS4,arc labels,,0.5873346586130438,0.28888888888888886,0.47560975609756095
Right,contig,WRM,HTL,0,0.05,1,401,82,40,2,QOTu-HSsrc,arc segments,,0.6373384815352856,0.3223684210526316,0.5975609756097561
Right,contig,WRM,HTL,0,0.05,1,401,82,40,2,QOTu-PCA,arc segments,8.0,0.6056273415398731,0.30434782608695654,0.5121951219512195
Right,contig,WRM,HTL,0,0.05,1,401,82,40,2,QOTc-HS4,arc labels,,0.5123862680633076,0.24390243902439024,0.12195121951219512
Right,contig,WRM,HTL,0,0.05,1,401,82,40,2,QOTc-HSsrc,arc labels,,0.636994418533527,0.3148148148148148,0.6219512195121951
Right,contig,WRM,HTL,0,0.05,1,401,82,40,2,QOTc-PCA,arc labels,64.0,0.4845171649208655,0.16326530612244897,0.0975609756097561
Right,contig,WRM,HTL,0,0.05,1,401,82,40,2,SDM-HS4,arc labels,,0.48363789280526037,0.13333333333333333,0.04878048780487805
Right,contig,WRM,HTL,0,0.05,1,401,82,40,2,SDM-HSsrc,arc labels,,0.5984975915589876,0.281437125748503,0.573170731707317
Right,contig,WRM,HTL,0,0.05,1,401,82,40,2,SDM-PCA,arc labels,8.0,0.4730292835843719,0.15492957746478872,0.13414634146341464
Right,contig,WRM,HTL,0,0.1,1,401,82,80,16,NoAdapt,nothing,,0.5969875372734919,0.24666666666666667,0.9024390243902439
Right,contig,WRM,HTL,0,0.1,1,401,82,80,16,TargetOnly,arc labels,,0.5361266151846471,0.23529411764705882,0.43902439024390244
Right,contig,WRM,HTL,0,0.1,1,401,82,80,16,Source+Target,arc labels,,0.5786948543466626,0.23905723905723905,0.8658536585365854
Right,contig,WRM,HTL,0,0.1,1,401,82,80,16,COT,arc labels,,0.46826974539337873,0.1924198250728863,0.8048780487804879
Right,contig,WRM,HTL,0,0.1,1,401,82,80,16,none-HS4,arc labels,,0.5600581084180748,0.23026315789473684,0.8536585365853658
Right,contig,WRM,HTL,0,0.1,1,401,82,80,16,none-HSsrc,nothing,,0.5631929046563193,0.23178807947019867,0.8536585365853658
Right,contig,WRM,HTL,0,0.1,1,401,82,80,16,none-PCA,arc segments,4.0,0.5555470601727961,0.2254335260115607,0.9512195121951219
Right,contig,WRM,HTL,0,0.1,1,401,82,80,16,QOTu-HS4,arc labels,,0.5984975915589876,0.281437125748503,0.573170731707317
Right,contig,WRM,HTL,0,0.1,1,401,82,80,16,QOTu-HSsrc,arc segments,,0.625850600198792,0.2988505747126437,0.6341463414634146
Right,contig,WRM,HTL,0,0.1,1,401,82,80,16,QOTu-PCA,arc segments,4.0,0.5880418992277697,0.27672955974842767,0.5365853658536586
Right,contig,WRM,HTL,0,0.1,1,401,82,80,16,QOTc-HS4,arc labels,,0.5969301934398654,0.27976190476190477,0.573170731707317
Right,contig,WRM,HTL,0,0.1,1,401,82,80,16,QOTc-HSsrc,arc labels,,0.648845477482988,0.3160919540229885,0.6707317073170732
Right,contig,WRM,HTL,0,0.1,1,401,82,80,16,QOTc-PCA,arc labels,32.0,0.45336034865050845,0.14814814814814814,0.1951219512195122
Right,contig,WRM,HTL,0,0.1,1,401,82,80,16,SDM-HS4,arc labels,,0.5765922471136937,0.241635687732342,0.7926829268292683
Right,contig,WRM,HTL,0,0.1,1,401,82,80,16,SDM-HSsrc,arc labels,,0.6582498661977216,0.3273809523809524,0.6707317073170732
Right,contig,WRM,HTL,0,0.1,1,401,82,80,16,SDM-PCA,arc labels,32.0,0.4650584907102989,0.17751479289940827,0.36585365853658536
Right,contig,WRM,HTL,0,0.2,1,401,82,161,48,NoAdapt,nothing,,0.5969875372734919,0.24666666666666667,0.9024390243902439
Right,contig,WRM,HTL,0,0.2,1,401,82,161,48,TargetOnly,arc labels,,0.5605168590870862,0.25477707006369427,0.4878048780487805
Right,contig,WRM,HTL,0,0.2,1,401,82,161,48,Source+Target,arc labels,,0.561625506537197,0.23102310231023102,0.8536585365853658
Right,contig,WRM,HTL,0,0.2,1,401,82,161,48,COT,arc labels,,0.5150623136325407,0.21505376344086022,0.4878048780487805
Right,contig,WRM,HTL,0,0.2,1,401,82,161,48,none-HS4,arc labels,,0.5428167291077299,0.2222222222222222,0.8536585365853658
Right,contig,WRM,HTL,0,0.2,1,401,82,161,48,none-HSsrc,nothing,,0.5631929046563193,0.23178807947019867,0.8536585365853658
Right,contig,WRM,HTL,0,0.2,1,401,82,161,48,none-PCA,arc segments,4.0,0.5536355990519153,0.22408963585434175,0.975609756097561
Right,contig,WRM,HTL,0,0.2,1,401,82,161,48,QOTu-HS4,arc labels,,0.6136554782475725,0.29069767441860467,0.6097560975609756
Right,contig,WRM,HTL,0,0.2,1,401,82,161,48,QOTu-HSsrc,arc segments,,0.6274179983179142,0.30057803468208094,0.6341463414634146
Right,contig,WRM,HTL,0,0.2,1,401,82,161,48,QOTu-PCA,arc segments,4.0,0.6152228763666947,0.29239766081871343,0.6097560975609756
Right,contig,WRM,HTL,0,0.2,1,401,82,161,48,QOTc-HS4,arc labels,,0.5941394602033795,0.28125,0.5487804878048781
Right,contig,WRM,HTL,0,0.2,1,401,82,161,48,QOTc-HSsrc,arc labels,,0.6342227999082499,0.29292929292929293,0.7073170731707317
Right,contig,WRM,HTL,0,0.2,1,401,82,161,48,QOTc-PCA,arc labels,64.0,0.5135140301246273,0.21212121212121213,0.5975609756097561
Right,contig,WRM,HTL,0,0.2,1,401,82,161,48,SDM-HS4,arc labels,,0.5519917424879578,0.24175824175824176,0.5365853658536586
Right,contig,WRM,HTL,0,0.2,1,401,82,161,48,SDM-HSsrc,arc labels,,0.642575885006499,0.3089887640449438,0.6707317073170732
Right,contig,WRM,HTL,0,0.2,1,401,82,161,48,SDM-PCA,arc labels,64.0,0.48342763208196343,0.19827586206896552,0.8414634146341463
Right,contig,WRM,HTL,0,0.3,1,401,82,241,60,NoAdapt,nothing,,0.5969875372734919,0.24666666666666667,0.9024390243902439
Right,contig,WRM,HTL,0,0.3,1,401,82,241,60,TargetOnly,arc labels,,0.5499082498661977,0.23737373737373738,0.573170731707317
Right,contig,WRM,HTL,0,0.3,1,401,82,241,60,Source+Target,arc labels,,0.5551838825598288,0.22756410256410256,0.8658536585365854
Right,contig,WRM,HTL,0,0.3,1,401,82,241,60,COT,arc labels,,0.4326592247113694,0.15428571428571428,0.32926829268292684
Right,contig,WRM,HTL,0,0.3,1,401,82,241,60,none-HS4,arc labels,,0.5529283584371893,0.22522522522522523,0.9146341463414634
Right,contig,WRM,HTL,0,0.3,1,401,82,241,60,none-HSsrc,nothing,,0.5631929046563193,0.23178807947019867,0.8536585365853658
Right,contig,WRM,HTL,0,0.3,1,401,82,241,60,none-PCA,arc segments,4.0,0.5410964140989372,0.2191780821917808,0.975609756097561
Right,contig,WRM,HTL,0,0.3,1,401,82,241,60,QOTu-HS4,arc labels,,0.6194089762214237,0.2896174863387978,0.6463414634146342
Right,contig,WRM,HTL,0,0.3,1,401,82,241,60,QOTu-HSsrc,arc segments,,0.6270739353161556,0.29508196721311475,0.6585365853658537
Right,contig,WRM,HTL,0,0.3,1,401,82,241,60,QOTu-PCA,arc segments,4.0,0.6103486505084487,0.2849162011173184,0.6219512195121951
Right,contig,WRM,HTL,0,0.3,1,401,82,241,60,QOTc-HS4,arc labels,,0.5694242679103907,0.24761904761904763,0.6341463414634146
Right,contig,WRM,HTL,0,0.3,1,401,82,241,60,QOTc-HSsrc,arc labels,,0.6229069500726355,0.27906976744186046,0.7317073170731707
Right,contig,WRM,HTL,0,0.3,1,401,82,241,60,QOTc-PCA,arc labels,32.0,0.46366312409205596,0.17575757575757575,0.35365853658536583
Right,contig,WRM,HTL,0,0.3,1,401,82,241,60,SDM-HS4,arc labels,,0.5271045186940898,0.21940928270042195,0.6341463414634146
Right,contig,WRM,HTL,0,0.3,1,401,82,241,60,SDM-HSsrc,arc labels,,0.6281252389326402,0.2893401015228426,0.6951219512195121
Right,contig,WRM,HTL,0,0.3,1,401,82,241,60,SDM-PCA,arc labels,64.0,0.441757779646762,0.1760299625468165,0.573170731707317
Right,contig,WRM,HTL,0,0.5,1,401,82,391,84,NoAdapt,nothing,,0.5969875372734919,0.24666666666666667,0.9024390243902439
Right,contig,WRM,HTL,0,0.5,1,401,82,391,84,TargetOnly,arc labels,,0.5378851594158576,0.23036649214659685,0.5365853658536586
Right,contig,WRM,HTL,0,0.5,1,401,82,391,84,Source+Target,arc labels,,0.5556999770624665,0.22895622895622897,0.8292682926829268
Right,contig,WRM,HTL,0,0.5,1,401,82,391,84,COT,arc labels,,0.455692331217983,0.18250950570342206,0.5853658536585366
Right,contig,WRM,HTL,0,0.5,1,401,82,391,84,none-HS4,arc labels,,0.5558911231745547,0.2261904761904762,0.926829268292683
Right,contig,WRM,HTL,0,0.5,1,401,82,391,84,none-HSsrc,nothing,,0.5631929046563193,0.23178807947019867,0.8536585365853658
Right,contig,WRM,HTL,0,0.5,1,401,82,391,84,none-PCA,arc segments,4.0,0.5520682009327931,0.22346368715083798,0.975609756097561
Right,contig,WRM,HTL,0,0.5,1,401,82,391,84,QOTu-HS4,arc labels,,0.6194089762214237,0.2896174863387978,0.6463414634146342
Right,contig,WRM,HTL,0,0.5,1,401,82,391,84,QOTu-HSsrc,arc segments,,0.6239391390779112,0.2918918918918919,0.6585365853658537
Right,contig,WRM,HTL,0,0.5,1,401,82,391,84,QOTu-PCA,arc segments,4.0,0.6117440171266917,0.28415300546448086,0.6341463414634146
Right,contig,WRM,HTL,0,0.5,1,401,82,391,84,QOTc-HS4,arc labels,,0.5657733771695084,0.2422907488986784,0.6707317073170732
Right,contig,WRM,HTL,0,0.5,1,401,82,391,84,QOTc-HSsrc,arc labels,,0.6258697148100008,0.2798165137614679,0.7439024390243902
Right,contig,WRM,HTL,0,0.5,1,401,82,391,84,QOTc-PCA,arc labels,32.0,0.4500917501338023,0.1724137931034483,0.4268292682926829
Right,contig,WRM,HTL,0,0.5,1,401,82,391,84,SDM-HS4,arc labels,,0.4973239544307669,0.203125,0.6341463414634146
Right,contig,WRM,HTL,0,0.5,1,401,82,391,84,SDM-HSsrc,arc labels,,0.5833779340928206,0.248,0.7560975609756098
Right,contig,WRM,HTL,0,0.5,1,401,82,391,84,SDM-PCA,arc labels,64.0,0.506766572367918,0.20710059171597633,0.8536585365853658
Right,contig,WRM,HTL,1,0.05,1,401,78,40,13,NoAdapt,nothing,,0.5814082718107486,0.22895622895622897,0.8717948717948718
Right,contig,WRM,HTL,1,0.05,1,401,78,40,13,TargetOnly,arc labels,,0.5551520203222989,0.22815533980582525,0.6025641025641025
Right,contig,WRM,HTL,1,0.05,1,401,78,40,13,Source+Target,arc labels,,0.5369532428355958,0.20833333333333334,0.8974358974358975
Right,contig,WRM,HTL,1,0.05,1,401,78,40,13,COT,arc labels,,0.5,0.19451371571072318,1.0
Right,contig,WRM,HTL,1,0.05,1,401,78,40,13,none-HS4,arc labels,,0.5752163213463524,0.22591362126245848,0.8717948717948718
Right,contig,WRM,HTL,1,0.05,1,401,78,40,13,none-HSsrc,nothing,,0.5716837342224339,0.22525597269624573,0.8461538461538461
Right,contig,WRM,HTL,1,0.05,1,401,78,40,13,none-PCA,arc segments,4.0,0.5336389616575374,0.2072072072072072,0.8846153846153846
Right,contig,WRM,HTL,1,0.05,1,401,78,40,13,QOTu-HS4,arc labels,,0.6228070175438596,0.2765957446808511,0.6666666666666666
Right,contig,WRM,HTL,1,0.05,1,401,78,40,13,QOTu-HSsrc,arc segments,,0.6402714932126696,0.2887700534759358,0.6923076923076923
Right,contig,WRM,HTL,1,0.05,1,401,78,40,13,QOTu-PCA,arc segments,16.0,0.5825593395252837,0.24299065420560748,0.6666666666666666
Right,contig,WRM,HTL,1,0.05,1,401,78,40,13,QOTc-HS4,arc labels,,0.5701754385964912,0.23423423423423423,0.6666666666666666
Right,contig,WRM,HTL,1,0.05,1,401,78,40,13,QOTc-HSsrc,arc labels,,0.6141541636897674,0.2530612244897959,0.7948717948717948
Right,contig,WRM,HTL,1,0.05,1,401,78,40,13,QOTc-PCA,arc labels,64.0,0.47114392315630704,0.17757009345794392,0.48717948717948717
Right,contig,WRM,HTL,1,0.05,1,401,78,40,13,SDM-HS4,arc labels,,0.5489402238628245,0.21951219512195122,0.6923076923076923
Right,contig,WRM,HTL,1,0.05,1,401,78,40,13,SDM-HSsrc,arc labels,,0.6017702627609748,0.2450592885375494,0.7948717948717948
Right,contig,WRM,HTL,1,0.05,1,401,78,40,13,SDM-PCA,arc labels,64.0,0.5168889418115424,0.2033195020746888,0.6282051282051282
Right,contig,WRM,HTL,1,0.1,1,401,78,80,28,NoAdapt,nothing,,0.5814082718107486,0.22895622895622897,0.8717948717948718
Right,contig,WRM,HTL,1,0.1,1,401,78,80,28,TargetOnly,arc labels,,0.5757521632134636,0.26717557251908397,0.44871794871794873
Right,contig,WRM,HTL,1,0.1,1,401,78,80,28,Source+Target,arc labels,,0.5378463126141144,0.209375,0.8589743589743589
Right,contig,WRM,HTL,1,0.1,1,401,78,80,28,COT,arc labels,,0.5,0.19451371571072318,1.0
Right,contig,WRM,HTL,1,0.1,1,401,78,80,28,none-HS4,arc labels,,0.5436016511867905,0.21241830065359477,0.8333333333333334
Right,contig,WRM,HTL,1,0.1,1,401,78,80,28,none-HSsrc,nothing,,0.5716837342224339,0.22525597269624573,0.8461538461538461
Right,contig,WRM,HTL,1,0.1,1,401,78,80,28,none-PCA,arc segments,4.0,0.5369532428355958,0.20833333333333334,0.8974358974358975
Right,contig,WRM,HTL,1,0.1,1,401,78,80,28,QOTu-HS4,arc labels,,0.6239183932682385,0.2824858757062147,0.6410256410256411
Right,contig,WRM,HTL,1,0.1,1,401,78,80,28,QOTu-HSsrc,arc segments,,0.6206041120901802,0.28160919540229884,0.6282051282051282
Right,contig,WRM,HTL,1,0.1,1,401,78,80,28,QOTu-PCA,arc segments,4.0,0.6358656823053108,0.3018867924528302,0.6153846153846154
Right,contig,WRM,HTL,1,0.1,1,401,78,80,28,QOTc-HS4,arc labels,,0.5155791061363817,0.2037914691943128,0.5512820512820513
Right,contig,WRM,HTL,1,0.1,1,401,78,80,28,QOTc-HSsrc,arc labels,,0.5124235929189489,0.19937694704049844,0.8205128205128205
Right,contig,WRM,HTL,1,0.1,1,401,78,80,28,QOTc-PCA,arc labels,32.0,0.4201000238151941,0.13714285714285715,0.3076923076923077
Right,contig,WRM,HTL,1,0.1,1,401,78,80,28,SDM-HS4,arc labels,,0.5259387155671986,0.20676691729323307,0.7051282051282052
Right,contig,WRM,HTL,1,0.1,1,401,78,80,28,SDM-HSsrc,arc labels,,0.5133166626974677,0.2,0.782051282051282
Right,contig,WRM,HTL,1,0.1,1,401,78,80,28,SDM-PCA,arc labels,64.0,0.5485234579661824,0.225,0.5769230769230769
Right,contig,WRM,HTL,1,0.2,1,401,78,161,47,NoAdapt,nothing,,0.5814082718107486,0.22895622895622897,0.8717948717948718
Right,contig,WRM,HTL,1,0.2,1,401,78,161,47,TargetOnly,arc labels,,0.6119909502262444,0.2830188679245283,0.5769230769230769
Right,contig,WRM,HTL,1,0.2,1,401,78,161,47,Source+Target,arc labels,,0.5455862506946098,0.2126984126984127,0.8589743589743589
Right,contig,WRM,HTL,1,0.2,1,401,78,161,47,COT,arc labels,,0.5865682305310789,0.2625,0.5384615384615384
Right,contig,WRM,HTL,1,0.2,1,401,78,161,47,none-HS4,arc labels,,0.5451496388028896,0.21311475409836064,0.8333333333333334
Right,contig,WRM,HTL,1,0.2,1,401,78,161,47,none-HSsrc,nothing,,0.5716837342224339,0.22525597269624573,0.8461538461538461
Right,contig,WRM,HTL,1,0.2,1,401,78,161,47,none-PCA,arc segments,4.0,0.5455664046995317,0.21082621082621084,0.9487179487179487
Right,contig,WRM,HTL,1,0.2,1,401,78,161,47,QOTu-HS4,arc labels,,0.6245733111058189,0.2760416666666667,0.6794871794871795
Right,contig,WRM,HTL,1,0.2,1,401,78,161,47,QOTu-HSsrc,arc segments,,0.6409264110502501,0.28217821782178215,0.7307692307692307
Right,contig,WRM,HTL,1,0.2,1,401,78,161,47,QOTu-PCA,arc segments,4.0,0.6216956418194808,0.271356783919598,0.6923076923076923
Right,contig,WRM,HTL,1,0.2,1,401,78,161,47,QOTc-HS4,arc labels,,0.5978209097404144,0.2562814070351759,0.6538461538461539
Right,contig,WRM,HTL,1,0.2,1,401,78,161,47,QOTc-HSsrc,arc labels,,0.6084186711121695,0.2556053811659193,0.7307692307692307
Right,contig,WRM,HTL,1,0.2,1,401,78,161,47,QOTc-PCA,arc labels,64.0,0.49767801857585137,0.19306930693069307,0.5
Right,contig,WRM,HTL,1,0.2,1,401,78,161,47,SDM-HS4,arc labels,,0.5752758593315869,0.24352331606217617,0.6025641025641025
Right,contig,WRM,HTL,1,0.2,1,401,78,161,47,SDM-HSsrc,arc labels,,0.5737278717154878,0.2422680412371134,0.6025641025641025
Right,contig,WRM,HTL,1,0.2,1,401,78,161,47,SDM-PCA,arc labels,64.0,0.5314757481940144,0.21052631578947367,0.6666666666666666
Right,contig,WRM,HTL,1,0.3,1,401,78,241,69,NoAdapt,nothing,,0.5814082718107486,0.22895622895622897,0.8717948717948718
Right,contig,WRM,HTL,1,0.3,1,401,78,241,69,TargetOnly,arc labels,,0.623045169484798,0.2929936305732484,0.5897435897435898
Right,contig,WRM,HTL,1,0.3,1,401,78,241,69,Source+Target,arc labels,,0.5657100897038977,0.22185430463576158,0.8589743589743589
Right,contig,WRM,HTL,1,0.3,1,401,78,241,69,COT,arc labels,,0.5071644042232277,0.19831223628691982,0.6025641025641025
Right,contig,WRM,HTL,1,0.3,1,401,78,241,69,none-HS4,arc labels,,0.5550924823370644,0.21656050955414013,0.8717948717948718
Right,contig,WRM,HTL,1,0.3,1,401,78,241,69,none-HSsrc,nothing,,0.5716837342224339,0.22525597269624573,0.8461538461538461
Right,contig,WRM,HTL,1,0.3,1,401,78,241,69,none-PCA,arc segments,4.0,0.5347304913868381,0.20670391061452514,0.9487179487179487
Right,contig,WRM,HTL,1,0.3,1,401,78,241,69,QOTu-HS4,arc labels,,0.6210407239819005,0.27717391304347827,0.6538461538461539
Right,contig,WRM,HTL,1,0.3,1,401,78,241,69,QOTu-HSsrc,arc segments,,0.6241366992140986,0.2802197802197802,0.6538461538461539
Right,contig,WRM,HTL,1,0.3,1,401,78,241,69,QOTu-PCA,arc segments,4.0,0.6338612368024132,0.2849462365591398,0.6794871794871795
Right,contig,WRM,HTL,1,0.3,1,401,78,241,69,QOTc-HS4,arc labels,,0.6272326744462968,0.2833333333333333,0.6538461538461539
Right,contig,WRM,HTL,1,0.3,1,401,78,241,69,QOTc-HSsrc,arc labels,,0.6269945225053584,0.27014218009478674,0.7307692307692307
Right,contig,WRM,HTL,1,0.3,1,401,78,241,69,QOTc-PCA,arc labels,64.0,0.5534055727554179,0.23493975903614459,0.5
Right,contig,WRM,HTL,1,0.3,1,401,78,241,69,SDM-HS4,arc labels,,0.5761490831150273,0.23943661971830985,0.6538461538461539
Right,contig,WRM,HTL,1,0.3,1,401,78,241,69,SDM-HSsrc,arc labels,,0.6294355798999762,0.27835051546391754,0.6923076923076923
Right,contig,WRM,HTL,1,0.3,1,401,78,241,69,SDM-PCA,arc labels,64.0,0.5119869810272287,0.19935691318327975,0.7948717948717948
Right,contig,WRM,HTL,1,0.5,1,401,78,380,86,NoAdapt,nothing,,0.5814082718107486,0.22895622895622897,0.8717948717948718
Right,contig,WRM,HTL,1,0.5,1,401,78,380,86,TargetOnly,arc labels,,0.5571366198301183,0.22790697674418606,0.6282051282051282
Right,contig,WRM,HTL,1,0.5,1,401,78,380,86,Source+Target,arc labels,,0.573450027784393,0.2255892255892256,0.8589743589743589
Right,contig,WRM,HTL,1,0.5,1,401,78,380,86,COT,arc labels,,0.4775343335714853,0.18326693227091634,0.5897435897435898
Right,contig,WRM,HTL,1,0.5,1,401,78,380,86,none-HS4,arc labels,,0.5634873382551401,0.2191358024691358,0.9102564102564102
Right,contig,WRM,HTL,1,0.5,1,401,78,380,86,none-HSsrc,nothing,,0.5716837342224339,0.22525597269624573,0.8461538461538461
Right,contig,WRM,HTL,1,0.5,1,401,78,380,86,none-PCA,arc segments,4.0,0.5424704294673335,0.2096317280453258,0.9487179487179487
Right,contig,WRM,HTL,1,0.5,1,401,78,380,86,QOTu-HS4,arc labels,,0.6342978486941335,0.28061224489795916,0.7051282051282052
Right,contig,WRM,HTL,1,0.5,1,401,78,380,86,QOTu-HSsrc,arc segments,,0.645133762006827,0.291005291005291,0.7051282051282052
Right,contig,WRM,HTL,1,0.5,1,401,78,380,86,QOTu-PCA,arc segments,4.0,0.6354092244185123,0.2864864864864865,0.6794871794871795
Right,contig,WRM,HTL,1,0.5,1,401,78,380,86,QOTc-HS4,arc labels,,0.5650750178613956,0.22709163346613545,0.7307692307692307
Right,contig,WRM,HTL,1,0.5,1,401,78,380,86,QOTc-HSsrc,arc labels,,0.633623084861475,0.271889400921659,0.7564102564102564
Right,contig,WRM,HTL,1,0.5,1,401,78,380,86,QOTc-PCA,arc labels,32.0,0.5018853695324283,0.19576719576719576,0.47435897435897434
Right,contig,WRM,HTL,1,0.5,1,401,78,380,86,SDM-HS4,arc labels,,0.5000595379852346,0.1945392491467577,0.7307692307692307
Right,contig,WRM,HTL,1,0.5,1,401,78,380,86,SDM-HSsrc,arc labels,,0.5619591966341192,0.22145328719723184,0.8205128205128205
Right,contig,WRM,HTL,1,0.5,1,401,78,380,86,SDM-PCA,arc labels,64.0,0.47443835833928716,0.18181818181818182,0.5897435897435898
Right,contig,WRM,HTL,2,0.05,1,401,78,40,15,NoAdapt,nothing,,0.5522148130507264,0.21495327102803738,0.8846153846153846
Right,contig,WRM,HTL,2,0.05,1,401,78,40,15,TargetOnly,arc labels,,0.5459236326109391,0.25,0.3333333333333333
Right,contig,WRM,HTL,2,0.05,1,401,78,40,15,Source+Target,arc labels,,0.5232396602365642,0.20285714285714285,0.9102564102564102
Right,contig,WRM,HTL,2,0.05,1,401,78,40,15,COT,arc labels,,0.512840358815591,0.1989100817438692,0.9358974358974359
Right,contig,WRM,HTL,2,0.05,1,401,78,40,15,none-HS4,arc labels,,0.5438001111375724,0.21037463976945245,0.9358974358974359
Right,contig,WRM,HTL,2,0.05,1,401,78,40,15,none-HSsrc,nothing,,0.5615027387473208,0.21904761904761905,0.8846153846153846
Right,contig,WRM,HTL,2,0.05,1,401,78,40,15,none-PCA,arc segments,8.0,0.5858339287131856,0.23183391003460208,0.8589743589743589
Right,contig,WRM,HTL,2,0.05,1,401,78,40,15,QOTu-HS4,arc labels,,0.6241168532190204,0.26605504587155965,0.7435897435897436
Right,contig,WRM,HTL,2,0.05,1,401,78,40,15,QOTu-HSsrc,arc segments,,0.633623084861475,0.271889400921659,0.7564102564102564
Right,contig,WRM,HTL,2,0.05,1,401,78,40,15,QOTu-PCA,arc segments,8.0,0.6196911963165833,0.2610619469026549,0.7564102564102564
Right,contig,WRM,HTL,2,0.05,1,401,78,40,15,QOTc-HS4,arc labels,,0.4886480908152735,0.18439716312056736,0.3333333333333333
Right,contig,WRM,HTL,2,0.05,1,401,78,40,15,QOTc-HSsrc,arc labels,,0.6145907755814877,0.25098039215686274,0.8205128205128205
Right,contig,WRM,HTL,2,0.05,1,401,78,40,15,QOTc-PCA,arc labels,32.0,0.5169683257918551,0.21649484536082475,0.2692307692307692
Right,contig,WRM,HTL,2,0.05,1,401,78,40,15,SDM-HS4,arc labels,,0.5043264269270461,0.19767441860465115,0.4358974358974359
Right,contig,WRM,HTL,2,0.05,1,401,78,40,15,SDM-HSsrc,arc labels,,0.49460188933873145,0.19047619047619047,0.41025641025641024
Right,contig,WRM,HTL,2,0.05,1,401,78,40,15,SDM-PCA,arc labels,16.0,0.46963562753036436,0.16783216783216784,0.3076923076923077
Right,contig,WRM,HTL,2,0.1,1,401,78,80,33,NoAdapt,nothing,,0.5522148130507264,0.21495327102803738,0.8846153846153846
Right,contig,WRM,HTL,2,0.1,1,401,78,80,33,TargetOnly,arc labels,,0.5440978010637454,0.22115384615384615,0.5897435897435898
Right,contig,WRM,HTL,2,0.1,1,401,78,80,33,Source+Target,arc labels,,0.5298682225926808,0.2050561797752809,0.9358974358974359
Right,contig,WRM,HTL,2,0.1,1,401,78,80,33,COT,arc labels,,0.5205802968960864,0.20165745856353592,0.9358974358974359
Right,contig,WRM,HTL,2,0.1,1,401,78,80,33,none-HS4,arc labels,,0.5557474001746447,0.21580547112462006,0.9102564102564102
Right,contig,WRM,HTL,2,0.1,1,401,78,80,33,none-HSsrc,nothing,,0.5615027387473208,0.21904761904761905,0.8846153846153846
Right,contig,WRM,HTL,2,0.1,1,401,78,80,33,none-PCA,arc segments,8.0,0.5968881479717393,0.23693379790940766,0.8717948717948718
Right,contig,WRM,HTL,2,0.1,1,401,78,80,33,QOTu-HS4,arc labels,,0.6097483527824086,0.25806451612903225,0.717948717948718
Right,contig,WRM,HTL,2,0.1,1,401,78,80,33,QOTu-HSsrc,arc segments,,0.6305271096292768,0.2694063926940639,0.7564102564102564
Right,contig,WRM,HTL,2,0.1,1,401,78,80,33,QOTu-PCA,arc segments,16.0,0.5940501706755577,0.24774774774774774,0.7051282051282052
Right,contig,WRM,HTL,2,0.1,1,401,78,80,33,QOTc-HS4,arc labels,,0.5115702151305866,0.2,0.6794871794871795
Right,contig,WRM,HTL,2,0.1,1,401,78,80,33,QOTc-HSsrc,arc labels,,0.5986742875287767,0.24313725490196078,0.7948717948717948
Right,contig,WRM,HTL,2,0.1,1,401,78,80,33,QOTc-PCA,arc labels,64.0,0.5030165912518854,0.19718309859154928,0.358974358974359
Right,contig,WRM,HTL,2,0.1,1,401,78,80,33,SDM-HS4,arc labels,,0.4932325156783361,0.1910569105691057,0.6025641025641025
Right,contig,WRM,HTL,2,0.1,1,401,78,80,33,SDM-HSsrc,arc labels,,0.4963483369056124,0.19230769230769232,0.5128205128205128
Right,contig,WRM,HTL,2,0.1,1,401,78,80,33,SDM-PCA,arc labels,64.0,0.4837064380408034,0.1872791519434629,0.6794871794871795
Right,contig,WRM,HTL,2,0.2,1,401,78,161,45,NoAdapt,nothing,,0.5522148130507264,0.21495327102803738,0.8846153846153846
Right,contig,WRM,HTL,2,0.2,1,401,78,161,45,TargetOnly,arc labels,,0.577240612844328,0.23529411764705882,0.717948717948718
Right,contig,WRM,HTL,2,0.2,1,401,78,161,45,Source+Target,arc labels,,0.5356235611653568,0.20760233918128654,0.9102564102564102
Right,contig,WRM,HTL,2,0.2,1,401,78,161,45,COT,arc labels,,0.5,0.19451371571072318,1.0
Right,contig,WRM,HTL,2,0.2,1,401,78,161,45,none-HS4,arc labels,,0.5418155116297532,0.21005917159763313,0.9102564102564102
Right,contig,WRM,HTL,2,0.2,1,401,78,161,45,none-HSsrc,nothing,,0.5615027387473208,0.21904761904761905,0.8846153846153846
Right,contig,WRM,HTL,2,0.2,1,401,78,161,45,none-PCA,arc segments,16.0,0.4961697229499087,0.19083969465648856,0.32051282051282054
Right,contig,WRM,HTL,2,0.2,1,401,78,161,45,QOTu-HS4,arc labels,,0.6236802413273002,0.2692307692307692,0.717948717948718
Right,contig,WRM,HTL,2,0.2,1,401,78,161,45,QOTu-HSsrc,arc segments,,0.6320750972453759,0.2706422018348624,0.7564102564102564
Right,contig,WRM,HTL,2,0.2,1,401,78,161,45,QOTu-PCA,arc segments,8.0,0.6358259903151544,0.2683982683982684,0.7948717948717948
Right,contig,WRM,HTL,2,0.2,1,401,78,161,45,QOTc-HS4,arc labels,,0.5117885210764468,0.2,0.6923076923076923
Right,contig,WRM,HTL,2,0.2,1,401,78,161,45,QOTc-HSsrc,arc labels,,0.5991108994204969,0.24150943396226415,0.8205128205128205
Right,contig,WRM,HTL,2,0.2,1,401,78,161,45,QOTc-PCA,arc labels,64.0,0.42696673811224894,0.13333333333333333,0.2564102564102564
Right,contig,WRM,HTL,2,0.2,1,401,78,161,45,SDM-HS4,arc labels,,0.4885885528300389,0.18875502008032127,0.6025641025641025
Right,contig,WRM,HTL,2,0.2,1,401,78,161,45,SDM-HSsrc,arc labels,,0.6033182503770739,0.24603174603174602,0.7948717948717948
Right,contig,WRM,HTL,2,0.2,1,401,78,161,45,SDM-PCA,arc labels,64.0,0.4368500436611892,0.1647940074906367,0.5641025641025641
Right,contig,WRM,HTL,2,0.3,1,401,78,241,53,NoAdapt,nothing,,0.5522148130507264,0.21495327102803738,0.8846153846153846
Right,contig,WRM,HTL,2,0.3,1,401,78,241,53,TargetOnly,arc labels,,0.5343335714852743,0.21014492753623187,0.7435897435897436
Right,contig,WRM,HTL,2,0.3,1,401,78,241,53,Source+Target,arc labels,,0.5351869492736365,0.20783132530120482,0.8846153846153846
Right,contig,WRM,HTL,2,0.3,1,401,78,241,53,COT,arc labels,,0.5403072160038104,0.21348314606741572,0.7307692307692307
Right,contig,WRM,HTL,2,0.3,1,401,78,241,53,none-HS4,arc labels,,0.5449114868619512,0.2113095238095238,0.9102564102564102
Right,contig,WRM,HTL,2,0.3,1,401,78,241,53,none-HSsrc,nothing,,0.5615027387473208,0.21904761904761905,0.8846153846153846
Right,contig,WRM,HTL,2,0.3,1,401,78,241,53,none-PCA,arc segments,16.0,0.4928554417718504,0.1875,0.3076923076923077
Right,contig,WRM,HTL,2,0.3,1,401,78,241,53,QOTu-HS4,arc labels,,0.6225688656029214,0.2648401826484018,0.7435897435897436
Right,contig,WRM,HTL,2,0.3,1,401,78,241,53,QOTu-HSsrc,arc segments,,0.6243351591648805,0.2645739910313901,0.7564102564102564
Right,contig,WRM,HTL,2,0.3,1,401,78,241,53,QOTu-PCA,arc segments,16.0,0.604667778042391,0.2571428571428571,0.6923076923076923
Right,contig,WRM,HTL,2,0.3,1,401,78,241,53,QOTc-HS4,arc labels,,0.5369929348257522,0.21212121212121213,0.717948717948718
Right,contig,WRM,HTL,2,0.3,1,401,78,241,53,QOTc-HSsrc,arc labels,,0.5940303246804794,0.24031007751937986,0.7948717948717948
Right,contig,WRM,HTL,2,0.3,1,401,78,241,53,QOTc-PCA,arc labels,64.0,0.5125029768992617,0.2033898305084746,0.46153846153846156
Right,contig,WRM,HTL,2,0.3,1,401,78,241,53,SDM-HS4,arc labels,,0.507601016114948,0.19838056680161945,0.6282051282051282
Right,contig,WRM,HTL,2,0.3,1,401,78,241,53,SDM-HSsrc,arc labels,,0.6039930142097325,0.2510822510822511,0.7435897435897436
Right,contig,WRM,HTL,2,0.3,1,401,78,241,53,SDM-PCA,arc labels,64.0,0.457172342621259,0.17627118644067796,0.6666666666666666
Right,contig,WRM,HTL,2,0.5,1,401,78,380,88,NoAdapt,nothing,,0.5522148130507264,0.21495327102803738,0.8846153846153846
Right,contig,WRM,HTL,2,0.5,1,401,78,380,88,TargetOnly,arc labels,,0.610621576565849,0.25316455696202533,0.7692307692307693
Right,contig,WRM,HTL,2,0.5,1,401,78,380,88,Source+Target,arc labels,,0.5475708502024291,0.21296296296296297,0.8846153846153846
Right,contig,WRM,HTL,2,0.5,1,401,78,380,88,COT,arc labels,,0.5821028816384853,0.2375,0.7307692307692307
Right,contig,WRM,HTL,2,0.5,1,401,78,380,88,none-HS4,arc labels,,0.5371715487814559,0.20821114369501467,0.9102564102564102
Right,contig,WRM,HTL,2,0.5,1,401,78,380,88,none-HSsrc,nothing,,0.5615027387473208,0.21904761904761905,0.8846153846153846
Right,contig,WRM,HTL,2,0.5,1,401,78,380,88,none-PCA,arc segments,16.0,0.49108914820989125,0.18548387096774194,0.2948717948717949
Right,contig,WRM,HTL,2,0.5,1,401,78,380,88,QOTu-HS4,arc labels,,0.6289791220131777,0.2681818181818182,0.7564102564102564
Right,contig,WRM,HTL,2,0.5,1,401,78,380,88,QOTu-HSsrc,arc segments,,0.6349527665317138,0.27488151658767773,0.7435897435897436
Right,contig,WRM,HTL,2,0.5,1,401,78,380,88,QOTu-PCA,arc segments,16.0,0.6071088354370089,0.26424870466321243,0.6538461538461539
Right,contig,WRM,HTL,2,0.5,1,401,78,380,88,QOTc-HS4,arc labels,,0.6092918948956101,0.25102880658436216,0.782051282051282
Right,contig,WRM,HTL,2,0.5,1,401,78,380,88,QOTc-HSsrc,arc labels,,0.6221124077161229,0.2571428571428571,0.8076923076923077
Right,contig,WRM,HTL,2,0.5,1,401,78,380,88,QOTc-PCA,arc labels,64.0,0.5381440025402873,0.22099447513812154,0.5128205128205128
Right,contig,WRM,HTL,2,0.5,1,401,78,380,88,SDM-HS4,arc labels,,0.5653131698023339,0.2318181818181818,0.6538461538461539
Right,contig,WRM,HTL,2,0.5,1,401,78,380,88,SDM-HSsrc,arc labels,,0.6051043899341113,0.2545454545454545,0.717948717948718
Right,contig,WRM,HTL,2,0.5,1,401,78,380,88,SDM-PCA,arc labels,64.0,0.5407438278955307,0.21299638989169675,0.7564102564102564
Right,contig,WRM,HTL,3,0.05,1,401,91,40,9,NoAdapt,nothing,,0.537646224742999,0.24260355029585798,0.9010989010989011
Right,contig,WRM,HTL,3,0.05,1,401,91,40,9,TargetOnly,arc labels,,0.5101559730591989,0.234375,0.4945054945054945
Right,contig,WRM,HTL,3,0.05,1,401,91,40,9,Source+Target,arc labels,,0.545409429280397,0.24561403508771928,0.9230769230769231
Right,contig,WRM,HTL,3,0.05,1,401,91,40,9,COT,arc labels,,0.5467032967032968,0.2583732057416268,0.5934065934065934
Right,contig,WRM,HTL,3,0.05,1,401,91,40,9,none-HS4,arc labels,,0.5760545905707196,0.26006191950464397,0.9230769230769231
Right,contig,WRM,HTL,3,0.05,1,401,91,40,9,none-HSsrc,nothing,,0.577667493796526,0.2608695652173913,0.9230769230769231
Right,contig,WRM,HTL,3,0.05,1,401,91,40,9,none-PCA,arc segments,8.0,0.5786246012052464,0.2618296529968454,0.9120879120879121
Right,contig,WRM,HTL,3,0.05,1,401,91,40,9,QOTu-HS4,arc labels,,0.6040765685926976,0.2777777777777778,0.8791208791208791
Right,contig,WRM,HTL,3,0.05,1,401,91,40,9,QOTu-HSsrc,arc segments,,0.6050336760014179,0.2791519434628975,0.8681318681318682
Right,contig,WRM,HTL,3,0.05,1,401,91,40,9,QOTu-PCA,arc segments,16.0,0.5433888691953208,0.24675324675324675,0.8351648351648352
Right,contig,WRM,HTL,3,0.05,1,401,91,40,9,QOTc-HS4,arc labels,,0.48954271534916693,0.22018348623853212,0.5274725274725275
Right,contig,WRM,HTL,3,0.05,1,401,91,40,9,QOTc-HSsrc,arc labels,,0.5892591279688054,0.2679738562091503,0.9010989010989011
Right,contig,WRM,HTL,3,0.05,1,401,91,40,9,QOTc-PCA,arc labels,32.0,0.43110599078341016,0.13,0.14285714285714285
Right,contig,WRM,HTL,3,0.05,1,401,91,40,9,SDM-HS4,arc labels,,0.4322226160935838,0.16770186335403728,0.2967032967032967
Right,contig,WRM,HTL,3,0.05,1,401,91,40,9,SDM-HSsrc,arc labels,,0.5979794399149237,0.2721311475409836,0.9120879120879121
Right,contig,WRM,HTL,3,0.05,1,401,91,40,9,SDM-PCA,arc labels,16.0,0.4309641970932293,0.17142857142857143,0.32967032967032966
Right,contig,WRM,HTL,3,0.1,1,401,91,80,16,NoAdapt,nothing,,0.537646224742999,0.24260355029585798,0.9010989010989011
Right,contig,WRM,HTL,3,0.1,1,401,91,80,16,TargetOnly,arc labels,,0.5497873094647288,0.25177304964539005,0.7802197802197802
Right,contig,WRM,HTL,3,0.1,1,401,91,80,16,Source+Target,arc labels,,0.5292803970223325,0.23863636363636365,0.9230769230769231
Right,contig,WRM,HTL,3,0.1,1,401,91,80,16,COT,arc labels,,0.5219071251329316,0.2396694214876033,0.6373626373626373
Right,contig,WRM,HTL,3,0.1,1,401,91,80,16,none-HS4,arc labels,,0.5502481389578164,0.24778761061946902,0.9230769230769231
Right,contig,WRM,HTL,3,0.1,1,401,91,80,16,none-HSsrc,nothing,,0.577667493796526,0.2608695652173913,0.9230769230769231
Right,contig,WRM,HTL,3,0.1,1,401,91,80,16,none-PCA,arc segments,16.0,0.4664480680609713,0.19607843137254902,0.32967032967032966
Right,contig,WRM,HTL,3,0.1,1,401,91,80,16,QOTu-HS4,arc labels,,0.5869904289259128,0.26732673267326734,0.8901098901098901
Right,contig,WRM,HTL,3,0.1,1,401,91,80,16,QOTu-HSsrc,arc segments,,0.6008507621410847,0.27586206896551724,0.8791208791208791
Right,contig,WRM,HTL,3,0.1,1,401,91,80,16,QOTu-PCA,arc segments,16.0,0.5459057071960298,0.25,0.7692307692307693
Right,contig,WRM,HTL,3,0.1,1,401,91,80,16,QOTc-HS4,arc labels,,0.5608826657213754,0.2530487804878049,0.9120879120879121
Right,contig,WRM,HTL,3,0.1,1,401,91,80,16,QOTc-HSsrc,arc labels,,0.5979794399149237,0.2721311475409836,0.9120879120879121
Right,contig,WRM,HTL,3,0.1,1,401,91,80,16,QOTc-PCA,arc labels,32.0,0.4560085076214109,0.17117117117117117,0.2087912087912088
Right,contig,WRM,HTL,3,0.1,1,401,91,80,16,SDM-HS4,arc labels,,0.4707018787663949,0.21359223300970873,0.7252747252747253
Right,contig,WRM,HTL,3,0.1,1,401,91,80,16,SDM-HSsrc,arc labels,,0.5617866004962779,0.2558139534883721,0.8461538461538461
Right,contig,WRM,HTL,3,0.1,1,401,91,80,16,SDM-PCA,arc labels,32.0,0.4687167671038639,0.1987179487179487,0.34065934065934067
Right,contig,WRM,HTL,3,0.2,1,401,91,161,37,NoAdapt,nothing,,0.537646224742999,0.24260355029585798,0.9010989010989011
Right,contig,WRM,HTL,3,0.2,1,401,91,161,37,TargetOnly,arc labels,,0.5801311591634173,0.26838235294117646,0.8021978021978022
Right,contig,WRM,HTL,3,0.2,1,401,91,161,37,Source+Target,arc labels,,0.5276674937965261,0.23796033994334279,0.9230769230769231
Right,contig,WRM,HTL,3,0.2,1,401,91,161,37,COT,arc labels,,0.5450903934774902,0.2571428571428571,0.5934065934065934
Right,contig,WRM,HTL,3,0.2,1,401,91,161,37,none-HS4,arc labels,,0.5615384615384615,0.25301204819277107,0.9230769230769231
Right,contig,WRM,HTL,3,0.2,1,401,91,161,37,none-HSsrc,nothing,,0.577667493796526,0.2608695652173913,0.9230769230769231
Right,contig,WRM,HTL,3,0.2,1,401,91,161,37,none-PCA,arc segments,16.0,0.47612548741580996,0.20408163265306123,0.32967032967032966
Right,contig,WRM,HTL,3,0.2,1,401,91,161,37,QOTu-HS4,arc labels,,0.608560794044665,0.28308823529411764,0.8461538461538461
Right,contig,WRM,HTL,3,0.2,1,401,91,161,37,QOTu-HSsrc,arc segments,,0.6159695143566112,0.2889733840304182,0.8351648351648352
Right,contig,WRM,HTL,3,0.2,1,401,91,161,37,QOTu-PCA,arc segments,4.0,0.604679191775966,0.2814814814814815,0.8351648351648352
Right,contig,WRM,HTL,3,0.2,1,401,91,161,37,QOTc-HS4,arc labels,,0.5934420418291386,0.2709030100334448,0.8901098901098901
Right,contig,WRM,HTL,3,0.2,1,401,91,161,37,QOTc-HSsrc,arc labels,,0.6056894718185041,0.2787456445993031,0.8791208791208791
Right,contig,WRM,HTL,3,0.2,1,401,91,161,37,QOTc-PCA,arc labels,64.0,0.48202764976958523,0.21311475409836064,0.42857142857142855
Right,contig,WRM,HTL,3,0.2,1,401,91,161,37,SDM-HS4,arc labels,,0.5514533853243531,0.2508250825082508,0.8351648351648352
Right,contig,WRM,HTL,3,0.2,1,401,91,161,37,SDM-HSsrc,arc labels,,0.5462601914214817,0.24914675767918087,0.8021978021978022
Right,contig,WRM,HTL,3,0.2,1,401,91,161,37,SDM-PCA,arc labels,64.0,0.42316554413328605,0.1896551724137931,0.6043956043956044
Right,contig,WRM,HTL,3,0.3,1,401,91,241,49,NoAdapt,nothing,,0.537646224742999,0.24260355029585798,0.9010989010989011
Right,contig,WRM,HTL,3,0.3,1,401,91,241,49,TargetOnly,arc labels,,0.542981212336051,0.2490842490842491,0.7472527472527473
Right,contig,WRM,HTL,3,0.3,1,401,91,241,49,Source+Target,arc labels,,0.5341191066997519,0.24068767908309455,0.9230769230769231
Right,contig,WRM,HTL,3,0.3,1,401,91,241,49,COT,arc labels,,0.5296171570365118,0.24553571428571427,0.6043956043956044
Right,contig,WRM,HTL,3,0.3,1,401,91,241,49,none-HS4,arc labels,,0.5599255583126551,0.25225225225225223,0.9230769230769231
Right,contig,WRM,HTL,3,0.3,1,401,91,241,49,none-HSsrc,nothing,,0.577667493796526,0.2608695652173913,0.9230769230769231
Right,contig,WRM,HTL,3,0.3,1,401,91,241,49,none-PCA,arc segments,16.0,0.47642679900744417,0.2028985507246377,0.3076923076923077
Right,contig,WRM,HTL,3,0.3,1,401,91,241,49,QOTu-HS4,arc labels,,0.6014533853243531,0.27941176470588236,0.8351648351648352
Right,contig,WRM,HTL,3,0.3,1,401,91,241,49,QOTu-HSsrc,arc segments,,0.619195320808224,0.29118773946360155,0.8351648351648352
Right,contig,WRM,HTL,3,0.3,1,401,91,241,49,QOTu-PCA,arc segments,4.0,0.6111308046791918,0.2857142857142857,0.8351648351648352
Right,contig,WRM,HTL,3,0.3,1,401,91,241,49,QOTc-HS4,arc labels,,0.601807869549805,0.2771929824561403,0.8681318681318682
Right,contig,WRM,HTL,3,0.3,1,401,91,241,49,QOTc-HSsrc,arc labels,,0.6004962779156328,0.2779783393501805,0.8461538461538461
Right,contig,WRM,HTL,3,0.3,1,401,91,241,49,QOTc-PCA,arc labels,32.0,0.47986529599432826,0.21428571428571427,0.5274725274725275
Right,contig,WRM,HTL,3,0.3,1,401,91,241,49,SDM-HS4,arc labels,,0.5640021269053528,0.25886524822695034,0.8021978021978022
Right,contig,WRM,HTL,3,0.3,1,401,91,241,49,SDM-HSsrc,arc labels,,0.6069478908188586,0.28205128205128205,0.8461538461538461
Right,contig,WRM,HTL,3,0.3,1,401,91,241,49,SDM-PCA,arc labels,64.0,0.4402516838000709,0.19636363636363635,0.5934065934065934
Right,contig,WRM,HTL,3,0.5,1,401,91,380,73,NoAdapt,nothing,,0.537646224742999,0.24260355029585798,0.9010989010989011
Right,contig,WRM,HTL,3,0.5,1,401,91,380,73,TargetOnly,arc labels,,0.5659163417227934,0.2610294117647059,0.7802197802197802
Right,contig,WRM,HTL,3,0.5,1,401,91,380,73,Source+Target,arc labels,,0.5470223325062035,0.24633431085043989,0.9230769230769231
Right,contig,WRM,HTL,3,0.5,1,401,91,380,73,COT,arc labels,,0.5073909961006735,0.23107569721115537,0.6373626373626373
Right,contig,WRM,HTL,3,0.5,1,401,91,380,73,none-HS4,arc labels,,0.563151364764268,0.2537764350453172,0.9230769230769231
Right,contig,WRM,HTL,3,0.5,1,401,91,380,73,none-HSsrc,nothing,,0.577667493796526,0.2608695652173913,0.9230769230769231
Right,contig,WRM,HTL,3,0.5,1,401,91,380,73,none-PCA,arc segments,16.0,0.4796526054590571,0.20588235294117646,0.3076923076923077
Right,contig,WRM,HTL,3,0.5,1,401,91,380,73,QOTu-HS4,arc labels,,0.6150124069478908,0.2873134328358209,0.8461538461538461
Right,contig,WRM,HTL,3,0.5,1,401,91,380,73,QOTu-HSsrc,arc segments,,0.6240340304856434,0.29457364341085274,0.8351648351648352
Right,contig,WRM,HTL,3,0.5,1,401,91,380,73,QOTu-PCA,arc segments,4.0,0.6208082240340305,0.2923076923076923,0.8351648351648352
Right,contig,WRM,HTL,3,0.5,1,401,91,380,73,QOTc-HS4,arc labels,,0.5875930521091811,0.27017543859649124,0.8461538461538461
Right,contig,WRM,HTL,3,0.5,1,401,91,380,73,QOTc-HSsrc,arc labels,,0.6076036866359447,0.2815884476534296,0.8571428571428571
Right,contig,WRM,HTL,3,0.5,1,401,91,380,73,QOTc-PCA,arc labels,64.0,0.5609712867777383,0.26406926406926406,0.6703296703296703
Right,contig,WRM,HTL,3,0.5,1,401,91,380,73,SDM-HS4,arc labels,,0.5761963842609004,0.2701612903225806,0.7362637362637363
Right,contig,WRM,HTL,3,0.5,1,401,91,380,73,SDM-HSsrc,arc labels,,0.5991315136476427,0.2834008097165992,0.7692307692307693
Right,contig,WRM,HTL,3,0.5,1,401,91,380,73,SDM-PCA,arc labels,64.0,0.4986706841545551,0.2261904761904762,0.6263736263736264
Right,contig,WRM,HTL,4,0.05,1,401,76,40,3,NoAdapt,nothing,,0.5448785425101215,0.2050561797752809,0.9605263157894737
Right,contig,WRM,HTL,4,0.05,1,401,76,40,3,TargetOnly,arc labels,,0.5093927125506073,0.26666666666666666,0.05263157894736842
Right,contig,WRM,HTL,4,0.05,1,401,76,40,3,Source+Target,arc labels,,0.5637651821862348,0.21203438395415472,0.9736842105263158
Right,contig,WRM,HTL,4,0.05,1,401,76,40,3,COT,arc labels,,0.4056072874493927,0.15542521994134897,0.6973684210526315
Right,contig,WRM,HTL,4,0.05,1,401,76,40,3,none-HS4,arc labels,,0.58,0.2177650429799427,1.0
Right,contig,WRM,HTL,4,0.05,1,401,76,40,3,none-HSsrc,nothing,,0.5918825910931174,0.22321428571428573,0.9868421052631579
Right,contig,WRM,HTL,4,0.05,1,401,76,40,3,none-PCA,arc segments,4.0,0.5376113360323886,0.20218579234972678,0.9736842105263158
Right,contig,WRM,HTL,4,0.05,1,401,76,40,3,QOTu-HS4,arc labels,,0.631336032388664,0.2751322751322751,0.6842105263157895
Right,contig,WRM,HTL,4,0.05,1,401,76,40,3,QOTu-HSsrc,arc segments,,0.6408906882591093,0.26666666666666666,0.7894736842105263
Right,contig,WRM,HTL,4,0.05,1,401,76,40,3,QOTu-PCA,arc segments,32.0,0.5486234817813765,0.22105263157894736,0.5526315789473685
Right,contig,WRM,HTL,4,0.05,1,401,76,40,3,QOTc-HS4,arc labels,,0.5100809716599191,0.5,0.02631578947368421
Right,contig,WRM,HTL,4,0.05,1,401,76,40,3,QOTc-HSsrc,arc labels,,0.6695344129554657,0.3055555555555556,0.7236842105263158
Right,contig,WRM,HTL,4,0.05,1,401,76,40,3,QOTc-PCA,arc labels,32.0,0.4988866396761134,0.16666666666666666,0.013157894736842105
Right,contig,WRM,HTL,4,0.05,1,401,76,40,3,SDM-HS4,arc labels,,0.5010121457489879,0.1935483870967742,0.07894736842105263
Right,contig,WRM,HTL,4,0.05,1,401,76,40,3,SDM-HSsrc,arc labels,,0.6153036437246964,0.3130434782608696,0.47368421052631576
Right,contig,WRM,HTL,4,0.05,1,401,76,40,3,SDM-PCA,arc labels,4.0,0.4761336032388664,0.14285714285714285,0.11842105263157894
Right,contig,WRM,HTL,4,0.1,1,401,76,80,8,NoAdapt,nothing,,0.5448785425101215,0.2050561797752809,0.9605263157894737
Right,contig,WRM,HTL,4,0.1,1,401,76,80,8,TargetOnly,arc labels,,0.6149392712550608,0.27380952380952384,0.6052631578947368
Right,contig,WRM,HTL,4,0.1,1,401,76,80,8,Source+Target,arc labels,,0.549493927125506,0.20679886685552407,0.9605263157894737
Right,contig,WRM,HTL,4,0.1,1,401,76,80,8,COT,arc labels,,0.5,0.18952618453865336,1.0
Right,contig,WRM,HTL,4,0.1,1,401,76,80,8,none-HS4,arc labels,,0.5811133603238866,0.21865889212827988,0.9868421052631579
Right,contig,WRM,HTL,4,0.1,1,401,76,80,8,none-HSsrc,nothing,,0.5918825910931174,0.22321428571428573,0.9868421052631579
Right,contig,WRM,HTL,4,0.1,1,401,76,80,8,none-PCA,arc segments,4.0,0.5345344129554656,0.20108695652173914,0.9736842105263158
Right,contig,WRM,HTL,4,0.1,1,401,76,80,8,QOTu-HS4,arc labels,,0.6020040485829959,0.24081632653061225,0.7763157894736842
Right,contig,WRM,HTL,4,0.1,1,401,76,80,8,QOTu-HSsrc,arc segments,,0.625668016194332,0.25,0.8421052631578947
Right,contig,WRM,HTL,4,0.1,1,401,76,80,8,QOTu-PCA,arc segments,16.0,0.6125101214574898,0.2440944881889764,0.8157894736842105
Right,contig,WRM,HTL,4,0.1,1,401,76,80,8,QOTc-HS4,arc labels,,0.6024291497975709,0.24,0.7894736842105263
Right,contig,WRM,HTL,4,0.1,1,401,76,80,8,QOTc-HSsrc,arc labels,,0.6038663967611335,0.23426573426573427,0.881578947368421
Right,contig,WRM,HTL,4,0.1,1,401,76,80,8,QOTc-PCA,arc labels,32.0,0.4773076923076923,0.16521739130434782,0.25
Right,contig,WRM,HTL,4,0.1,1,401,76,80,8,SDM-HS4,arc labels,,0.46028340080971664,0.15950920245398773,0.34210526315789475
Right,contig,WRM,HTL,4,0.1,1,401,76,80,8,SDM-HSsrc,arc labels,,0.6104453441295546,0.23693379790940766,0.8947368421052632
Right,contig,WRM,HTL,4,0.1,1,401,76,80,8,SDM-PCA,arc labels,16.0,0.44346153846153846,0.1386861313868613,0.25
Right,contig,WRM,HTL,4,0.2,1,401,76,161,17,NoAdapt,nothing,,0.5448785425101215,0.2050561797752809,0.9605263157894737
Right,contig,WRM,HTL,4,0.2,1,401,76,161,17,TargetOnly,arc labels,,0.478582995951417,0.16923076923076924,0.2894736842105263
Right,contig,WRM,HTL,4,0.2,1,401,76,161,17,Source+Target,arc labels,,0.549919028340081,0.20670391061452514,0.9736842105263158
Right,contig,WRM,HTL,4,0.2,1,401,76,161,17,COT,arc labels,,0.471417004048583,0.1553398058252427,0.21052631578947367
Right,contig,WRM,HTL,4,0.2,1,401,76,161,17,none-HS4,arc labels,,0.5953846153846154,0.22418879056047197,1.0
Right,contig,WRM,HTL,4,0.2,1,401,76,161,17,none-HSsrc,nothing,,0.5918825910931174,0.22321428571428573,0.9868421052631579
Right,contig,WRM,HTL,4,0.2,1,401,76,161,17,none-PCA,arc segments,16.0,0.482085020242915,0.17293233082706766,0.3026315789473684
Right,contig,WRM,HTL,4,0.2,1,401,76,161,17,QOTu-HS4,arc labels,,0.6080566801619434,0.23741007194244604,0.868421052631579
Right,contig,WRM,HTL,4,0.2,1,401,76,161,17,QOTu-HSsrc,arc segments,,0.6212145748987854,0.24285714285714285,0.8947368421052632
Right,contig,WRM,HTL,4,0.2,1,401,76,161,17,QOTu-PCA,arc segments,4.0,0.6212145748987854,0.24285714285714285,0.8947368421052632
Right,contig,WRM,HTL,4,0.2,1,401,76,161,17,QOTc-HS4,arc labels,,0.578076923076923,0.228,0.75
Right,contig,WRM,HTL,4,0.2,1,401,76,161,17,QOTc-HSsrc,arc labels,,0.6013157894736842,0.23828125,0.8026315789473685
Right,contig,WRM,HTL,4,0.2,1,401,76,161,17,QOTc-PCA,arc labels,16.0,0.4408097165991903,0.1388888888888889,0.2631578947368421
Right,contig,WRM,HTL,4,0.2,1,401,76,161,17,SDM-HS4,arc labels,,0.590323886639676,0.25,0.6052631578947368
Right,contig,WRM,HTL,4,0.2,1,401,76,161,17,SDM-HSsrc,arc labels,,0.6120242914979757,0.2617801047120419,0.6578947368421053
Right,contig,WRM,HTL,4,0.2,1,401,76,161,17,SDM-PCA,arc labels,32.0,0.44526315789473686,0.13333333333333333,0.21052631578947367
Right,contig,WRM,HTL,4,0.3,1,401,76,241,25,NoAdapt,nothing,,0.5448785425101215,0.2050561797752809,0.9605263157894737
Right,contig,WRM,HTL,4,0.3,1,401,76,241,25,TargetOnly,arc labels,,0.5565789473684211,0.23076923076923078,0.5131578947368421
Right,contig,WRM,HTL,4,0.3,1,401,76,241,25,Source+Target,arc labels,,0.5545344129554656,0.2084507042253521,0.9736842105263158
Right,contig,WRM,HTL,4,0.3,1,401,76,241,25,COT,arc labels,,0.53334008097166,0.2147239263803681,0.4605263157894737
Right,contig,WRM,HTL,4,0.3,1,401,76,241,25,none-HS4,arc labels,,0.5907692307692307,0.2222222222222222,1.0
Right,contig,WRM,HTL,4,0.3,1,401,76,241,25,none-HSsrc,nothing,,0.5918825910931174,0.22321428571428573,0.9868421052631579
Right,contig,WRM,HTL,4,0.3,1,401,76,241,25,none-PCA,arc segments,16.0,0.4827732793522267,0.1721311475409836,0.27631578947368424
Right,contig,WRM,HTL,4,0.3,1,401,76,241,25,QOTu-HS4,arc labels,,0.622753036437247,0.24372759856630824,0.8947368421052632
Right,contig,WRM,HTL,4,0.3,1,401,76,241,25,QOTu-HSsrc,arc segments,,0.6212145748987854,0.24285714285714285,0.8947368421052632
Right,contig,WRM,HTL,4,0.3,1,401,76,241,25,QOTu-PCA,arc segments,16.0,0.5852429149797571,0.22743682310469315,0.8289473684210527
Right,contig,WRM,HTL,4,0.3,1,401,76,241,25,QOTc-HS4,arc labels,,0.5947368421052632,0.23529411764705882,0.7894736842105263
Right,contig,WRM,HTL,4,0.3,1,401,76,241,25,QOTc-HSsrc,arc labels,,0.5971255060728745,0.23484848484848486,0.8157894736842105
Right,contig,WRM,HTL,4,0.3,1,401,76,241,25,QOTc-PCA,arc labels,64.0,0.4741295546558705,0.16883116883116883,0.34210526315789475
Right,contig,WRM,HTL,4,0.3,1,401,76,241,25,SDM-HS4,arc labels,,0.5942510121457489,0.25,0.631578947368421
Right,contig,WRM,HTL,4,0.3,1,401,76,241,25,SDM-HSsrc,arc labels,,0.6058704453441296,0.2564102564102564,0.6578947368421053
Right,contig,WRM,HTL,4,0.3,1,401,76,241,25,SDM-PCA,arc labels,32.0,0.4569838056680162,0.12790697674418605,0.14473684210526316
Right,contig,WRM,HTL,4,0.5,1,401,76,381,77,NoAdapt,nothing,,0.5448785425101215,0.2050561797752809,0.9605263157894737
Right,contig,WRM,HTL,4,0.5,1,401,76,381,77,TargetOnly,arc labels,,0.5993522267206478,0.23809523809523808,0.7894736842105263
Right,contig,WRM,HTL,4,0.5,1,401,76,381,77,Source+Target,arc labels,,0.5529959514170041,0.20786516853932585,0.9736842105263158
Right,contig,WRM,HTL,4,0.5,1,401,76,381,77,COT,arc labels,,0.5440688259109312,0.21115537848605578,0.6973684210526315
Right,contig,WRM,HTL,4,0.5,1,401,76,381,77,none-HS4,arc labels,,0.5776113360323887,0.21764705882352942,0.9736842105263158
Right,contig,WRM,HTL,4,0.5,1,401,76,381,77,none-HSsrc,nothing,,0.5918825910931174,0.22321428571428573,0.9868421052631579
Right,contig,WRM,HTL,4,0.5,1,401,76,381,77,none-PCA,arc segments,16.0,0.4869635627530364,0.17543859649122806,0.2631578947368421
Right,contig,WRM,HTL,4,0.5,1,401,76,381,77,QOTu-HS4,arc labels,,0.6119838056680162,0.23776223776223776,0.8947368421052632
Right,contig,WRM,HTL,4,0.5,1,401,76,381,77,QOTu-HSsrc,arc segments,,0.6289068825910931,0.24727272727272728,0.8947368421052632
Right,contig,WRM,HTL,4,0.5,1,401,76,381,77,QOTu-PCA,arc segments,16.0,0.5933603238866396,0.23104693140794225,0.8421052631578947
Right,contig,WRM,HTL,4,0.5,1,401,76,381,77,QOTc-HS4,arc labels,,0.6143724696356275,0.23728813559322035,0.9210526315789473
Right,contig,WRM,HTL,4,0.5,1,401,76,381,77,QOTc-HSsrc,arc labels,,0.5981376518218624,0.2305084745762712,0.8947368421052632
Right,contig,WRM,HTL,4,0.5,1,401,76,381,77,QOTc-PCA,arc labels,16.0,0.5849797570850203,0.22525597269624573,0.868421052631579
Right,contig,WRM,HTL,4,0.5,1,401,76,381,77,SDM-HS4,arc labels,,0.600991902834008,0.24766355140186916,0.6973684210526315
Right,contig,WRM,HTL,4,0.5,1,401,76,381,77,SDM-HSsrc,arc labels,,0.6090080971659919,0.24302788844621515,0.8026315789473685
Right,contig,WRM,HTL,4,0.5,1,401,76,381,77,SDM-PCA,arc labels,64.0,0.5015789473684211,0.1901639344262295,0.7631578947368421
Right,contig,WRM,HTL,5,0.05,1,401,93,40,3,NoAdapt,nothing,,0.4929130009775171,0.2289855072463768,0.8494623655913979
Right,contig,WRM,HTL,5,0.05,1,401,93,40,3,TargetOnly,arc labels,,0.49996508867476613,0.2318840579710145,0.34408602150537637
Right,contig,WRM,HTL,5,0.05,1,401,93,40,3,Source+Target,arc labels,,0.496665968440162,0.23054755043227665,0.8602150537634409
Right,contig,WRM,HTL,5,0.05,1,401,93,40,3,COT,arc labels,,0.4720185728250244,0.21987951807228914,0.7849462365591398
Right,contig,WRM,HTL,5,0.05,1,401,93,40,3,none-HS4,arc labels,,0.5830016757436112,0.26851851851851855,0.9354838709677419
Right,contig,WRM,HTL,5,0.05,1,401,93,40,3,none-HSsrc,nothing,,0.5802611367127496,0.26666666666666666,0.946236559139785
Right,contig,WRM,HTL,5,0.05,1,401,93,40,3,none-PCA,arc segments,32.0,0.49034701857282503,0.20967741935483872,0.13978494623655913
Right,contig,WRM,HTL,5,0.05,1,401,93,40,3,QOTu-HS4,arc labels,,0.5959014104175394,0.2846153846153846,0.7956989247311828
Right,contig,WRM,HTL,5,0.05,1,401,93,40,3,QOTu-HSsrc,arc segments,,0.5872783130847647,0.2796934865900383,0.7849462365591398
Right,contig,WRM,HTL,5,0.05,1,401,93,40,3,QOTu-PCA,arc segments,32.0,0.557464041335009,0.2694063926940639,0.6344086021505376
Right,contig,WRM,HTL,5,0.05,1,401,93,40,3,QOTc-HS4,arc labels,,0.5443024717218266,0.28695652173913044,0.3548387096774194
Right,contig,WRM,HTL,5,0.05,1,401,93,40,3,QOTc-HSsrc,arc labels,,0.5478285155704511,0.2641509433962264,0.6021505376344086
Right,contig,WRM,HTL,5,0.05,1,401,93,40,3,QOTc-PCA,arc labels,64.0,0.4263196480938416,0.14634146341463414,0.1935483870967742
Right,contig,WRM,HTL,5,0.05,1,401,93,40,3,SDM-HS4,arc labels,,0.4608294930875576,0.12,0.06451612903225806
Right,contig,WRM,HTL,5,0.05,1,401,93,40,3,SDM-HSsrc,arc labels,,0.5590874179583857,0.2706422018348624,0.6344086021505376
Right,contig,WRM,HTL,5,0.05,1,401,93,40,3,SDM-PCA,arc labels,8.0,0.4093701996927803,0.14838709677419354,0.24731182795698925
Right,contig,WRM,HTL,5,0.1,1,401,93,80,4,NoAdapt,nothing,,0.4929130009775171,0.2289855072463768,0.8494623655913979
Right,contig,WRM,HTL,5,0.1,1,401,93,80,4,TargetOnly,arc labels,,0.5198470883954756,0.2517482517482518,0.3870967741935484
Right,contig,WRM,HTL,5,0.1,1,401,93,80,4,Source+Target,arc labels,,0.4982893450635386,0.23121387283236994,0.8602150537634409
Right,contig,WRM,HTL,5,0.1,1,401,93,80,4,COT,arc labels,,0.45543569333891915,0.17796610169491525,0.22580645161290322
Right,contig,WRM,HTL,5,0.1,1,401,93,80,4,none-HS4,arc labels,,0.5851312665828795,0.2691131498470948,0.946236559139785
Right,contig,WRM,HTL,5,0.1,1,401,93,80,4,none-HSsrc,nothing,,0.5802611367127496,0.26666666666666666,0.946236559139785
Right,contig,WRM,HTL,5,0.1,1,401,93,80,4,none-PCA,arc segments,32.0,0.4778662198017037,0.1891891891891892,0.15053763440860216
Right,contig,WRM,HTL,5,0.1,1,401,93,80,4,QOTu-HS4,arc labels,,0.57601941069683,0.27450980392156865,0.7526881720430108
Right,contig,WRM,HTL,5,0.1,1,401,93,80,4,QOTu-HSsrc,arc segments,,0.5889016897081413,0.28076923076923077,0.7849462365591398
Right,contig,WRM,HTL,5,0.1,1,401,93,80,4,QOTu-PCA,arc segments,4.0,0.5902283200670297,0.28820960698689957,0.7096774193548387
Right,contig,WRM,HTL,5,0.1,1,401,93,80,4,QOTc-HS4,arc labels,,0.5374947633012149,0.26582278481012656,0.45161290322580644
Right,contig,WRM,HTL,5,0.1,1,401,93,80,4,QOTc-HSsrc,arc labels,,0.5589826839826839,0.2683982683982684,0.6666666666666666
Right,contig,WRM,HTL,5,0.1,1,401,93,80,4,QOTc-PCA,arc labels,64.0,0.4662058371735791,0.13725490196078433,0.07526881720430108
Right,contig,WRM,HTL,5,0.1,1,401,93,80,4,SDM-HS4,arc labels,,0.5728075687753107,0.31932773109243695,0.40860215053763443
Right,contig,WRM,HTL,5,0.1,1,401,93,80,4,SDM-HSsrc,arc labels,,0.5871037564585951,0.31543624161073824,0.5053763440860215
Right,contig,WRM,HTL,5,0.1,1,401,93,80,4,SDM-PCA,arc labels,32.0,0.4396208630079598,0.11842105263157894,0.0967741935483871
Right,contig,WRM,HTL,5,0.2,1,401,93,161,12,NoAdapt,nothing,,0.4929130009775171,0.2289855072463768,0.8494623655913979
Right,contig,WRM,HTL,5,0.2,1,401,93,161,12,TargetOnly,arc labels,,0.5609377181957826,0.30327868852459017,0.3978494623655914
Right,contig,WRM,HTL,5,0.2,1,401,93,161,12,Source+Target,arc labels,,0.49341921519340876,0.22922636103151864,0.8602150537634409
Right,contig,WRM,HTL,5,0.2,1,401,93,161,12,COT,arc labels,,0.5087976539589443,0.24324324324324326,0.2903225806451613
Right,contig,WRM,HTL,5,0.2,1,401,93,161,12,none-HS4,arc labels,,0.5851312665828795,0.2691131498470948,0.946236559139785
Right,contig,WRM,HTL,5,0.2,1,401,93,161,12,none-HSsrc,nothing,,0.5802611367127496,0.26666666666666666,0.946236559139785
Right,contig,WRM,HTL,5,0.2,1,401,93,161,12,none-PCA,arc segments,4.0,0.5315598380114509,0.24444444444444444,0.946236559139785
Right,contig,WRM,HTL,5,0.2,1,401,93,161,12,QOTu-HS4,arc labels,,0.5602918586789555,0.26394052044609667,0.7634408602150538
Right,contig,WRM,HTL,5,0.2,1,401,93,161,12,QOTu-HSsrc,arc segments,,0.5742913000977516,0.27137546468401486,0.7849462365591398
Right,contig,WRM,HTL,5,0.2,1,401,93,161,12,QOTu-PCA,arc segments,4.0,0.5765256249127217,0.27413127413127414,0.7634408602150538
Right,contig,WRM,HTL,5,0.2,1,401,93,161,12,QOTc-HS4,arc labels,,0.5321184192151934,0.2611464968152866,0.44086021505376344
Right,contig,WRM,HTL,5,0.2,1,401,93,161,12,QOTc-HSsrc,arc labels,,0.5893206256109482,0.2932692307692308,0.6559139784946236
Right,contig,WRM,HTL,5,0.2,1,401,93,161,12,QOTc-PCA,arc labels,64.0,0.5141739980449658,0.25,0.3010752688172043
Right,contig,WRM,HTL,5,0.2,1,401,93,161,12,SDM-HS4,arc labels,,0.5307045105432202,0.26515151515151514,0.3763440860215054
Right,contig,WRM,HTL,5,0.2,1,401,93,161,12,SDM-HSsrc,arc labels,,0.5966345482474515,0.3136094674556213,0.5698924731182796
Right,contig,WRM,HTL,5,0.2,1,401,93,161,12,SDM-PCA,arc labels,32.0,0.4792975841362938,0.13333333333333333,0.043010752688172046
Right,contig,WRM,HTL,5,0.3,1,401,93,241,29,NoAdapt,nothing,,0.4929130009775171,0.2289855072463768,0.8494623655913979
Right,contig,WRM,HTL,5,0.3,1,401,93,241,29,TargetOnly,arc labels,,0.541561932690965,0.2809917355371901,0.3655913978494624
Right,contig,WRM,HTL,5,0.3,1,401,93,241,29,Source+Target,arc labels,,0.5046781175813434,0.23380281690140844,0.8924731182795699
Right,contig,WRM,HTL,5,0.3,1,401,93,241,29,COT,arc labels,,0.5202660242982824,0.26373626373626374,0.25806451612903225
Right,contig,WRM,HTL,5,0.3,1,401,93,241,29,none-HS4,arc labels,,0.5716380393799748,0.2628398791540785,0.9354838709677419
Right,contig,WRM,HTL,5,0.3,1,401,93,241,29,none-HSsrc,nothing,,0.5802611367127496,0.26666666666666666,0.946236559139785
Right,contig,WRM,HTL,5,0.3,1,401,93,241,29,none-PCA,arc segments,4.0,0.5234429548945678,0.2410958904109589,0.946236559139785
Right,contig,WRM,HTL,5,0.3,1,401,93,241,29,QOTu-HS4,arc labels,,0.5809942745426616,0.2803347280334728,0.7204301075268817
Right,contig,WRM,HTL,5,0.3,1,401,93,241,29,QOTu-HSsrc,arc segments,,0.5889016897081413,0.28076923076923077,0.7849462365591398
Right,contig,WRM,HTL,5,0.3,1,401,93,241,29,QOTu-PCA,arc segments,16.0,0.552279709537774,0.26053639846743293,0.7311827956989247
Right,contig,WRM,HTL,5,0.3,1,401,93,241,29,QOTc-HS4,arc labels,,0.547130289065773,0.2727272727272727,0.4838709677419355
Right,contig,WRM,HTL,5,0.3,1,401,93,241,29,QOTc-HSsrc,arc labels,,0.5695433598659405,0.28421052631578947,0.5806451612903226
Right,contig,WRM,HTL,5,0.3,1,401,93,241,29,QOTc-PCA,arc labels,16.0,0.5299888283759252,0.2597402597402597,0.43010752688172044
Right,contig,WRM,HTL,5,0.3,1,401,93,241,29,SDM-HS4,arc labels,,0.5663140622818043,0.3089430894308943,0.40860215053763443
Right,contig,WRM,HTL,5,0.3,1,401,93,241,29,SDM-HSsrc,arc labels,,0.6012079318530932,0.3382352941176471,0.4946236559139785
Right,contig,WRM,HTL,5,0.3,1,401,93,241,29,SDM-PCA,arc labels,64.0,0.45520876972489877,0.20187793427230047,0.46236559139784944
Right,contig,WRM,HTL,5,0.5,1,401,93,380,70,NoAdapt,nothing,,0.4929130009775171,0.2289855072463768,0.8494623655913979
Right,contig,WRM,HTL,5,0.5,1,401,93,380,70,TargetOnly,arc labels,,0.5548282362798492,0.2688679245283019,0.6129032258064516
Right,contig,WRM,HTL,5,0.5,1,401,93,380,70,Source+Target,arc labels,,0.521522832006703,0.24107142857142858,0.8709677419354839
Right,contig,WRM,HTL,5,0.5,1,401,93,380,70,COT,arc labels,,0.515570451054322,0.24271844660194175,0.5376344086021505
Right,contig,WRM,HTL,5,0.5,1,401,93,380,70,none-HS4,arc labels,,0.5661569613182517,0.2594752186588921,0.956989247311828
Right,contig,WRM,HTL,5,0.5,1,401,93,380,70,none-HSsrc,nothing,,0.5802611367127496,0.26666666666666666,0.946236559139785
Right,contig,WRM,HTL,5,0.5,1,401,93,380,70,none-PCA,arc segments,32.0,0.4658916352464739,0.17777777777777778,0.17204301075268819
Right,contig,WRM,HTL,5,0.5,1,401,93,380,70,QOTu-HS4,arc labels,,0.5711492808267002,0.2713178294573643,0.7526881720430108
Right,contig,WRM,HTL,5,0.5,1,401,93,380,70,QOTu-HSsrc,arc segments,,0.5900188521156263,0.2823529411764706,0.7741935483870968
Right,contig,WRM,HTL,5,0.5,1,401,93,380,70,QOTu-PCA,arc segments,16.0,0.5371631057114928,0.2518796992481203,0.7204301075268817
Right,contig,WRM,HTL,5,0.5,1,401,93,380,70,QOTc-HS4,arc labels,,0.552279709537774,0.26053639846743293,0.7311827956989247
Right,contig,WRM,HTL,5,0.5,1,401,93,380,70,QOTc-HSsrc,arc labels,,0.5765256249127217,0.27413127413127414,0.7634408602150538
Right,contig,WRM,HTL,5,0.5,1,401,93,380,70,QOTc-PCA,arc labels,64.0,0.5107875994972769,0.23773584905660378,0.6774193548387096
Right,contig,WRM,HTL,5,0.5,1,401,93,380,70,SDM-HS4,arc labels,,0.5868942885071917,0.3028571428571429,0.5698924731182796
Right,contig,WRM,HTL,5,0.5,1,401,93,380,70,SDM-HSsrc,arc labels,,0.5893206256109482,0.2932692307692308,0.6559139784946236
Right,contig,WRM,HTL,5,0.5,1,401,93,380,70,SDM-PCA,arc labels,64.0,0.4854245217148443,0.22426470588235295,0.6559139784946236
Right,contig,WRM,HTL,6,0.05,1,401,87,40,2,NoAdapt,nothing,,0.49244088147009296,0.21385542168674698,0.8160919540229885
Right,contig,WRM,HTL,6,0.05,1,401,87,40,2,TargetOnly,arc labels,,0.509627351929131,0.29411764705882354,0.05747126436781609
Right,contig,WRM,HTL,6,0.05,1,401,87,40,2,Source+Target,arc labels,,0.5093345047221612,0.22085889570552147,0.8275862068965517
Right,contig,WRM,HTL,6,0.05,1,401,87,40,2,COT,arc labels,,0.5070649388681455,0.2857142857142857,0.04597701149425287
Right,contig,WRM,HTL,6,0.05,1,401,87,40,2,none-HS4,arc labels,,0.5760121531590893,0.24922118380062305,0.9195402298850575
Right,contig,WRM,HTL,6,0.05,1,401,87,40,2,none-HSsrc,nothing,,0.5843216926568563,0.2523076923076923,0.9425287356321839
Right,contig,WRM,HTL,6,0.05,1,401,87,40,2,none-PCA,arc segments,16.0,0.47205139468482316,0.19014084507042253,0.3103448275862069
Right,contig,WRM,HTL,6,0.05,1,401,87,40,2,QOTu-HS4,arc labels,,0.5966944871513288,0.28217821782178215,0.6551724137931034
Right,contig,WRM,HTL,6,0.05,1,401,87,40,2,QOTu-HSsrc,arc segments,,0.6034116699611978,0.28502415458937197,0.6781609195402298
Right,contig,WRM,HTL,6,0.05,1,401,87,40,2,QOTu-PCA,arc segments,64.0,0.5032945310784098,0.21888412017167383,0.5862068965517241
Right,contig,WRM,HTL,6,0.05,1,401,87,40,2,QOTc-HS4,arc labels,,0.5051248261219708,0.3333333333333333,0.022988505747126436
Right,contig,WRM,HTL,6,0.05,1,401,87,40,2,QOTc-HSsrc,arc labels,,0.5653049271542573,0.35384615384615387,0.26436781609195403
Right,contig,WRM,HTL,6,0.05,1,401,87,40,2,QOTc-PCA,arc labels,64.0,0.5009700563730873,0.25,0.011494252873563218
Right,contig,WRM,HTL,6,0.05,1,401,87,40,2,SDM-HS4,arc labels,,0.5249286184933011,0.5,0.06896551724137931
Right,contig,WRM,HTL,6,0.05,1,401,87,40,2,SDM-HSsrc,arc labels,,0.5802584376601508,0.43137254901960786,0.25287356321839083
Right,contig,WRM,HTL,6,0.05,1,401,87,40,2,SDM-PCA,arc labels,8.0,0.5185591917417087,0.375,0.06896551724137931
Right,contig,WRM,HTL,6,0.1,1,401,87,80,9,NoAdapt,nothing,,0.49244088147009296,0.21385542168674698,0.8160919540229885
Right,contig,WRM,HTL,6,0.1,1,401,87,80,9,TargetOnly,arc labels,,0.5210666959513874,0.24509803921568626,0.28735632183908044
Right,contig,WRM,HTL,6,0.1,1,401,87,80,9,Source+Target,arc labels,,0.5186873123947581,0.22408963585434175,0.9195402298850575
Right,contig,WRM,HTL,6,0.1,1,401,87,80,9,COT,arc labels,,0.44510945164360494,0.1414141414141414,0.16091954022988506
Right,contig,WRM,HTL,6,0.1,1,401,87,80,9,none-HS4,arc labels,,0.5807892232227835,0.25157232704402516,0.9195402298850575
Right,contig,WRM,HTL,6,0.1,1,401,87,80,9,none-HSsrc,nothing,,0.5843216926568563,0.2523076923076923,0.9425287356321839
Right,contig,WRM,HTL,6,0.1,1,401,87,80,9,none-PCA,arc segments,8.0,0.5613331869097299,0.24299065420560748,0.896551724137931
Right,contig,WRM,HTL,6,0.1,1,401,87,80,9,QOTu-HS4,arc labels,,0.5770371183834835,0.2603305785123967,0.7241379310344828
Right,contig,WRM,HTL,6,0.1,1,401,87,80,9,QOTu-HSsrc,arc segments,,0.5933084413207409,0.2697095435684647,0.7471264367816092
Right,contig,WRM,HTL,6,0.1,1,401,87,80,9,QOTu-PCA,arc segments,8.0,0.5579288381287064,0.24803149606299213,0.7241379310344828
Right,contig,WRM,HTL,6,0.1,1,401,87,80,9,QOTc-HS4,arc labels,,0.5715462332528003,0.2975206611570248,0.41379310344827586
Right,contig,WRM,HTL,6,0.1,1,401,87,80,9,QOTc-HSsrc,arc labels,,0.5729372574859067,0.2802547770700637,0.5057471264367817
Right,contig,WRM,HTL,6,0.1,1,401,87,80,9,QOTc-PCA,arc labels,64.0,0.5159418698294165,0.23958333333333334,0.26436781609195403
Right,contig,WRM,HTL,6,0.1,1,401,87,80,9,SDM-HS4,arc labels,,0.5887144007614028,0.33663366336633666,0.39080459770114945
Right,contig,WRM,HTL,6,0.1,1,401,87,80,9,SDM-HSsrc,arc labels,,0.5946079508016693,0.30405405405405406,0.5172413793103449
Right,contig,WRM,HTL,6,0.1,1,401,87,80,9,SDM-PCA,arc labels,16.0,0.5023610806061938,0.225,0.10344827586206896
Right,contig,WRM,HTL,6,0.2,1,401,87,161,24,NoAdapt,nothing,,0.49244088147009296,0.21385542168674698,0.8160919540229885
Right,contig,WRM,HTL,6,0.2,1,401,87,161,24,TargetOnly,arc labels,,0.5520352880884398,0.25120772946859904,0.5977011494252874
Right,contig,WRM,HTL,6,0.2,1,401,87,161,24,Source+Target,arc labels,,0.5250567391463504,0.22662889518413598,0.9195402298850575
Right,contig,WRM,HTL,6,0.2,1,401,87,161,24,COT,arc labels,,0.5224028113331869,0.23076923076923078,0.5862068965517241
Right,contig,WRM,HTL,6,0.2,1,401,87,161,24,none-HS4,arc labels,,0.5843216926568563,0.2523076923076923,0.9425287356321839
Right,contig,WRM,HTL,6,0.2,1,401,87,161,24,none-HSsrc,nothing,,0.5843216926568563,0.2523076923076923,0.9425287356321839
Right,contig,WRM,HTL,6,0.2,1,401,87,161,24,none-PCA,arc segments,8.0,0.5661102569734241,0.24528301886792453,0.896551724137931
Right,contig,WRM,HTL,6,0.2,1,401,87,161,24,QOTu-HS4,arc labels,,0.5862435024525954,0.2687224669603524,0.7011494252873564
Right,contig,WRM,HTL,6,0.2,1,401,87,161,24,QOTu-HSsrc,arc segments,,0.5948275862068966,0.2764976958525346,0.6896551724137931
Right,contig,WRM,HTL,6,0.2,1,401,87,161,24,QOTu-PCA,arc segments,64.0,0.5130500036605901,0.22631578947368422,0.4942528735632184
Right,contig,WRM,HTL,6,0.2,1,401,87,161,24,QOTc-HS4,arc labels,,0.5052346438245845,0.21991701244813278,0.6091954022988506
Right,contig,WRM,HTL,6,0.2,1,401,87,161,24,QOTc-HSsrc,arc labels,,0.6002269565854015,0.2822966507177033,0.6781609195402298
Right,contig,WRM,HTL,6,0.2,1,401,87,161,24,QOTc-PCA,arc labels,64.0,0.4866022402811333,0.2079207920792079,0.4827586206896552
Right,contig,WRM,HTL,6,0.2,1,401,87,161,24,SDM-HS4,arc labels,,0.5720404129145618,0.2727272727272727,0.5517241379310345
Right,contig,WRM,HTL,6,0.2,1,401,87,161,24,SDM-HSsrc,arc labels,,0.5946079508016693,0.30405405405405406,0.5172413793103449
Right,contig,WRM,HTL,6,0.2,1,401,87,161,24,SDM-PCA,arc labels,64.0,0.49714473973204476,0.21568627450980393,0.7586206896551724
Right,contig,WRM,HTL,6,0.3,1,401,87,241,39,NoAdapt,nothing,,0.49244088147009296,0.21385542168674698,0.8160919540229885
Right,contig,WRM,HTL,6,0.3,1,401,87,241,39,TargetOnly,arc labels,,0.5490519071674353,0.2558139534883721,0.5057471264367817
Right,contig,WRM,HTL,6,0.3,1,401,87,241,39,Source+Target,arc labels,,0.5179918002782049,0.22418879056047197,0.8735632183908046
Right,contig,WRM,HTL,6,0.3,1,401,87,241,39,COT,arc labels,,0.5286258144812943,0.23976608187134502,0.47126436781609193
Right,contig,WRM,HTL,6,0.3,1,401,87,241,39,none-HS4,arc labels,,0.5890987627205505,0.2546583850931677,0.9425287356321839
Right,contig,WRM,HTL,6,0.3,1,401,87,241,39,none-HSsrc,nothing,,0.5843216926568563,0.2523076923076923,0.9425287356321839
Right,contig,WRM,HTL,6,0.3,1,401,87,241,39,none-PCA,arc segments,16.0,0.46727432462112894,0.18620689655172415,0.3103448275862069
Right,contig,WRM,HTL,6,0.3,1,401,87,241,39,QOTu-HS4,arc labels,,0.5792517753861923,0.2627118644067797,0.7126436781609196
Right,contig,WRM,HTL,6,0.3,1,401,87,241,39,QOTu-HSsrc,arc segments,,0.5913683285745662,0.2703862660944206,0.7241379310344828
Right,contig,WRM,HTL,6,0.3,1,401,87,241,39,QOTu-PCA,arc segments,64.0,0.5008602386704737,0.21764705882352942,0.42528735632183906
Right,contig,WRM,HTL,6,0.3,1,401,87,241,39,QOTc-HS4,arc labels,,0.5271066695951387,0.2358974358974359,0.5287356321839081
Right,contig,WRM,HTL,6,0.3,1,401,87,241,39,QOTc-HSsrc,arc labels,,0.6043817263342851,0.2843601895734597,0.6896551724137931
Right,contig,WRM,HTL,6,0.3,1,401,87,241,39,QOTc-PCA,arc labels,64.0,0.4605022329599532,0.19282511210762332,0.4942528735632184
Right,contig,WRM,HTL,6,0.3,1,401,87,241,39,SDM-HS4,arc labels,,0.6025697342411597,0.3146853146853147,0.5172413793103449
Right,contig,WRM,HTL,6,0.3,1,401,87,241,39,SDM-HSsrc,arc labels,,0.5984149644922762,0.3120567375886525,0.5057471264367817
Right,contig,WRM,HTL,6,0.3,1,401,87,241,39,SDM-PCA,arc labels,64.0,0.4782377919320594,0.20640569395017794,0.6666666666666666
Right,contig,WRM,HTL,6,0.5,1,401,87,380,78,NoAdapt,nothing,,0.49244088147009296,0.21385542168674698,0.8160919540229885
Right,contig,WRM,HTL,6,0.5,1,401,87,380,78,TargetOnly,arc labels,,0.5545244893476828,0.25668449197860965,0.5517241379310345
Right,contig,WRM,HTL,6,0.5,1,401,87,380,78,Source+Target,arc labels,,0.5258803719159528,0.2282958199356913,0.8160919540229885
Right,contig,WRM,HTL,6,0.5,1,401,87,380,78,COT,arc labels,,0.49580862435024525,0.21390374331550802,0.45977011494252873
Right,contig,WRM,HTL,6,0.5,1,401,87,380,78,none-HS4,arc labels,,0.5763599092173658,0.24848484848484848,0.9425287356321839
Right,contig,WRM,HTL,6,0.5,1,401,87,380,78,none-HSsrc,nothing,,0.5843216926568563,0.2523076923076923,0.9425287356321839
Right,contig,WRM,HTL,6,0.5,1,401,87,380,78,none-PCA,arc segments,16.0,0.4812577787539351,0.1968503937007874,0.28735632183908044
Right,contig,WRM,HTL,6,0.5,1,401,87,380,78,QOTu-HS4,arc labels,,0.5888059155135807,0.26956521739130435,0.7126436781609196
Right,contig,WRM,HTL,6,0.5,1,401,87,380,78,QOTu-HSsrc,arc segments,,0.5903250603997364,0.2766990291262136,0.6551724137931034
Right,contig,WRM,HTL,6,0.5,1,401,87,380,78,QOTu-PCA,arc segments,16.0,0.5370817775825463,0.2398190045248869,0.6091954022988506
Right,contig,WRM,HTL,6,0.5,1,401,87,380,78,QOTc-HS4,arc labels,,0.5617358518193133,0.25101214574898784,0.7126436781609196
Right,contig,WRM,HTL,6,0.5,1,401,87,380,78,QOTc-HSsrc,arc labels,,0.5814664323889012,0.26521739130434785,0.7011494252873564
Right,contig,WRM,HTL,6,0.5,1,401,87,380,78,QOTc-PCA,arc labels,32.0,0.5087671132586573,0.2217741935483871,0.632183908045977
Right,contig,WRM,HTL,6,0.5,1,401,87,380,78,SDM-HS4,arc labels,,0.5895563364814408,0.2909090909090909,0.5517241379310345
Right,contig,WRM,HTL,6,0.5,1,401,87,380,78,SDM-HSsrc,arc labels,,0.6103301852258585,0.3028571428571429,0.6091954022988506
Right,contig,WRM,HTL,6,0.5,1,401,87,380,78,SDM-PCA,arc labels,64.0,0.520755545793982,0.2262295081967213,0.7931034482758621
Right,contig,WRM,HTL,7,0.05,1,401,84,40,8,NoAdapt,nothing,,0.48154198587952535,0.20186335403726707,0.7738095238095238
Right,contig,WRM,HTL,7,0.05,1,401,84,40,8,TargetOnly,arc labels,,0.5343059936908517,0.22580645161290322,0.75
Right,contig,WRM,HTL,7,0.05,1,401,84,40,8,Source+Target,arc labels,,0.5242226228030644,0.2184873949579832,0.9285714285714286
Right,contig,WRM,HTL,7,0.05,1,401,84,40,8,COT,arc labels,,0.5,0.20947630922693267,1.0
Right,contig,WRM,HTL,7,0.05,1,401,84,40,8,none-HS4,arc labels,,0.5596364728856842,0.23384615384615384,0.9047619047619048
Right,contig,WRM,HTL,7,0.05,1,401,84,40,8,none-HSsrc,nothing,,0.5655888538380651,0.2361963190184049,0.9166666666666666
Right,contig,WRM,HTL,7,0.05,1,401,84,40,8,none-PCA,arc segments,64.0,0.4243841069550849,0.11818181818181818,0.15476190476190477
Right,contig,WRM,HTL,7,0.05,1,401,84,40,8,QOTu-HS4,arc labels,,0.5856617094787442,0.3148148148148148,0.40476190476190477
Right,contig,WRM,HTL,7,0.05,1,401,84,40,8,QOTu-HSsrc,arc segments,,0.567429022082019,0.2441860465116279,0.75
Right,contig,WRM,HTL,7,0.05,1,401,84,40,8,QOTu-PCA,arc segments,16.0,0.5612888688598467,0.2706766917293233,0.42857142857142855
Right,contig,WRM,HTL,7,0.05,1,401,84,40,8,QOTc-HS4,arc labels,,0.6022983325822442,0.3364485981308411,0.42857142857142855
Right,contig,WRM,HTL,7,0.05,1,401,84,40,8,QOTc-HSsrc,arc labels,,0.6012655850983927,0.2687224669603524,0.7261904761904762
Right,contig,WRM,HTL,7,0.05,1,401,84,40,8,QOTc-PCA,arc labels,64.0,0.5169370587351659,0.2702702702702703,0.11904761904761904
Right,contig,WRM,HTL,7,0.05,1,401,84,40,8,SDM-HS4,arc labels,,0.6252441039507286,0.37254901960784315,0.4523809523809524
Right,contig,WRM,HTL,7,0.05,1,401,84,40,8,SDM-HSsrc,arc labels,,0.6230471683941715,0.3028571428571429,0.6309523809523809
Right,contig,WRM,HTL,7,0.05,1,401,84,40,8,SDM-PCA,arc labels,32.0,0.5433753943217665,0.24277456647398843,0.5
Right,contig,WRM,HTL,7,0.1,1,401,84,80,19,NoAdapt,nothing,,0.48154198587952535,0.20186335403726707,0.7738095238095238
Right,contig,WRM,HTL,7,0.1,1,401,84,80,19,TargetOnly,arc labels,,0.5766298633017876,0.2413793103448276,0.9166666666666666
Right,contig,WRM,HTL,7,0.1,1,401,84,80,19,Source+Target,arc labels,,0.5277339642481598,0.22,0.9166666666666666
Right,contig,WRM,HTL,7,0.1,1,401,84,80,19,COT,arc labels,,0.4751952831605828,0.19457013574660634,0.5119047619047619
Right,contig,WRM,HTL,7,0.1,1,401,84,80,19,none-HS4,arc labels,,0.5521068048670572,0.23076923076923078,0.8928571428571429
Right,contig,WRM,HTL,7,0.1,1,401,84,80,19,none-HSsrc,nothing,,0.5655888538380651,0.2361963190184049,0.9166666666666666
Right,contig,WRM,HTL,7,0.1,1,401,84,80,19,none-PCA,arc segments,4.0,0.5245793901156677,0.21875,0.9166666666666666
Right,contig,WRM,HTL,7,0.1,1,401,84,80,19,QOTu-HS4,arc labels,,0.6108419708577437,0.31851851851851853,0.5119047619047619
Right,contig,WRM,HTL,7,0.1,1,401,84,80,19,QOTu-HSsrc,arc segments,,0.6169445696259577,0.3096774193548387,0.5714285714285714
Right,contig,WRM,HTL,7,0.1,1,401,84,80,19,QOTu-PCA,arc segments,4.0,0.6041760552801563,0.3055555555555556,0.5238095238095238
Right,contig,WRM,HTL,7,0.1,1,401,84,80,19,QOTc-HS4,arc labels,,0.544070151719994,0.2282958199356913,0.8452380952380952
Right,contig,WRM,HTL,7,0.1,1,401,84,80,19,QOTc-HSsrc,arc labels,,0.6288493315307195,0.3184713375796178,0.5952380952380952
Right,contig,WRM,HTL,7,0.1,1,401,84,80,19,QOTc-PCA,arc labels,64.0,0.504863301787592,0.21341463414634146,0.4166666666666667
Right,contig,WRM,HTL,7,0.1,1,401,84,80,19,SDM-HS4,arc labels,,0.49986855941114616,0.2094017094017094,0.5833333333333334
Right,contig,WRM,HTL,7,0.1,1,401,84,80,19,SDM-HSsrc,arc labels,,0.6215825446898002,0.3888888888888889,0.4166666666666667
Right,contig,WRM,HTL,7,0.1,1,401,84,80,19,SDM-PCA,arc labels,64.0,0.5352636322667869,0.22285714285714286,0.9285714285714286
Right,contig,WRM,HTL,7,0.2,1,401,84,161,32,NoAdapt,nothing,,0.48154198587952535,0.20186335403726707,0.7738095238095238
Right,contig,WRM,HTL,7,0.2,1,401,84,161,32,TargetOnly,arc labels,,0.5885534024335286,0.2774566473988439,0.5714285714285714
Right,contig,WRM,HTL,7,0.2,1,401,84,161,32,Source+Target,arc labels,,0.5237156376746283,0.21865889212827988,0.8928571428571429
Right,contig,WRM,HTL,7,0.2,1,401,84,161,32,COT,arc labels,,0.5585286164939162,0.2425531914893617,0.6785714285714286
Right,contig,WRM,HTL,7,0.2,1,401,84,161,32,none-HS4,arc labels,,0.5655888538380651,0.2361963190184049,0.9166666666666666
Right,contig,WRM,HTL,7,0.2,1,401,84,161,32,none-HSsrc,nothing,,0.5655888538380651,0.2361963190184049,0.9166666666666666
Right,contig,WRM,HTL,7,0.2,1,401,84,161,32,none-PCA,arc segments,32.0,0.4133430974913625,0.1111111111111111,0.15476190476190477
Right,contig,WRM,HTL,7,0.2,1,401,84,161,32,QOTu-HS4,arc labels,,0.5823944719843774,0.2653061224489796,0.6190476190476191
Right,contig,WRM,HTL,7,0.2,1,401,84,161,32,QOTu-HSsrc,arc segments,,0.592214961694457,0.2756756756756757,0.6071428571428571
Right,contig,WRM,HTL,7,0.2,1,401,84,161,32,QOTu-PCA,arc segments,4.0,0.5985241099594412,0.281767955801105,0.6071428571428571
Right,contig,WRM,HTL,7,0.2,1,401,84,161,32,QOTc-HS4,arc labels,,0.5816809373591708,0.2621359223300971,0.6428571428571429
Right,contig,WRM,HTL,7,0.2,1,401,84,161,32,QOTc-HSsrc,arc labels,,0.6060537779780681,0.287292817679558,0.6190476190476191
Right,contig,WRM,HTL,7,0.2,1,401,84,161,32,QOTc-PCA,arc labels,32.0,0.5281095087877422,0.22842639593908629,0.5357142857142857
Right,contig,WRM,HTL,7,0.2,1,401,84,161,32,SDM-HS4,arc labels,,0.6171511191227279,0.3282442748091603,0.5119047619047619
Right,contig,WRM,HTL,7,0.2,1,401,84,161,32,SDM-HSsrc,arc labels,,0.5912573231185219,0.3157894736842105,0.42857142857142855
Right,contig,WRM,HTL,7,0.2,1,401,84,161,32,SDM-PCA,arc labels,64.0,0.530588102748986,0.22258064516129034,0.8214285714285714
Right,contig,WRM,HTL,7,0.3,1,401,84,241,49,NoAdapt,nothing,,0.48154198587952535,0.20186335403726707,0.7738095238095238
Right,contig,WRM,HTL,7,0.3,1,401,84,241,49,TargetOnly,arc labels,,0.5535526513444494,0.25477707006369427,0.47619047619047616
Right,contig,WRM,HTL,7,0.3,1,401,84,241,49,Source+Target,arc labels,,0.5013331831155176,0.21003134796238246,0.7976190476190477
Right,contig,WRM,HTL,7,0.3,1,401,84,241,49,COT,arc labels,,0.5220632417004657,0.23134328358208955,0.36904761904761907
Right,contig,WRM,HTL,7,0.3,1,401,84,241,49,none-HS4,arc labels,,0.562434279705573,0.2347560975609756,0.9166666666666666
Right,contig,WRM,HTL,7,0.3,1,401,84,241,49,none-HSsrc,nothing,,0.5655888538380651,0.2361963190184049,0.9166666666666666
Right,contig,WRM,HTL,7,0.3,1,401,84,241,49,none-PCA,arc segments,4.0,0.5119610935856993,0.21388888888888888,0.9166666666666666
Right,contig,WRM,HTL,7,0.3,1,401,84,241,49,QOTu-HS4,arc labels,,0.5717102298332581,0.25757575757575757,0.6071428571428571
Right,contig,WRM,HTL,7,0.3,1,401,84,241,49,QOTu-HSsrc,arc segments,,0.6016786840919333,0.2849162011173184,0.6071428571428571
Right,contig,WRM,HTL,7,0.3,1,401,84,241,49,QOTu-PCA,arc segments,4.0,0.6004581643382905,0.2857142857142857,0.5952380952380952
Right,contig,WRM,HTL,7,0.3,1,401,84,241,49,QOTc-HS4,arc labels,,0.5674853537629563,0.25116279069767444,0.6428571428571429
Right,contig,WRM,HTL,7,0.3,1,401,84,241,49,QOTc-HSsrc,arc labels,,0.5965900555805919,0.27807486631016043,0.6190476190476191
Right,contig,WRM,HTL,7,0.3,1,401,84,241,49,QOTc-PCA,arc labels,64.0,0.4942166140904311,0.2066420664206642,0.6666666666666666
Right,contig,WRM,HTL,7,0.3,1,401,84,241,49,SDM-HS4,arc labels,,0.5980734565119423,0.31451612903225806,0.4642857142857143
Right,contig,WRM,HTL,7,0.3,1,401,84,241,49,SDM-HSsrc,arc labels,,0.6229532822592759,0.35398230088495575,0.47619047619047616
Right,contig,WRM,HTL,7,0.3,1,401,84,241,49,SDM-PCA,arc labels,64.0,0.5077925491963347,0.2125748502994012,0.8452380952380952
Right,contig,WRM,HTL,7,0.5,1,401,84,391,82,NoAdapt,nothing,,0.48154198587952535,0.20186335403726707,0.7738095238095238
Right,contig,WRM,HTL,7,0.5,1,401,84,391,82,TargetOnly,arc labels,,0.5393570677482349,0.24096385542168675,0.47619047619047616
Right,contig,WRM,HTL,7,0.5,1,401,84,391,82,Source+Target,arc labels,,0.491212257773772,0.2054794520547945,0.7142857142857143
Right,contig,WRM,HTL,7,0.5,1,401,84,391,82,COT,arc labels,,0.5039995493465524,0.2129032258064516,0.39285714285714285
Right,contig,WRM,HTL,7,0.5,1,401,84,391,82,none-HS4,arc labels,,0.551750037554454,0.23030303030303031,0.9047619047619048
Right,contig,WRM,HTL,7,0.5,1,401,84,391,82,none-HSsrc,nothing,,0.5655888538380651,0.2361963190184049,0.9166666666666666
Right,contig,WRM,HTL,7,0.5,1,401,84,391,82,none-PCA,arc segments,16.0,0.4418281508186871,0.16149068322981366,0.30952380952380953
Right,contig,WRM,HTL,7,0.5,1,401,84,391,82,QOTu-HS4,arc labels,,0.5912009914375844,0.28662420382165604,0.5357142857142857
Right,contig,WRM,HTL,7,0.5,1,401,84,391,82,QOTu-HSsrc,arc segments,,0.6069738621000451,0.30612244897959184,0.5357142857142857
Right,contig,WRM,HTL,7,0.5,1,401,84,391,82,QOTu-PCA,arc segments,16.0,0.5623028391167193,0.2608695652173913,0.5
Right,contig,WRM,HTL,7,0.5,1,401,84,391,82,QOTc-HS4,arc labels,,0.5702831605828451,0.25229357798165136,0.6547619047619048
Right,contig,WRM,HTL,7,0.5,1,401,84,391,82,QOTc-HSsrc,arc labels,,0.6039695057833859,0.2916666666666667,0.5833333333333334
Right,contig,WRM,HTL,7,0.5,1,401,84,391,82,QOTc-PCA,arc labels,64.0,0.47641580291422564,0.19555555555555557,0.5238095238095238
Right,contig,WRM,HTL,7,0.5,1,401,84,391,82,SDM-HS4,arc labels,,0.6043826047769265,0.325,0.4642857142857143
Right,contig,WRM,HTL,7,0.5,1,401,84,391,82,SDM-HSsrc,arc labels,,0.6114052876671173,0.3490566037735849,0.44047619047619047
Right,contig,WRM,HTL,7,0.5,1,401,84,391,82,SDM-PCA,arc labels,64.0,0.5254994742376446,0.22012578616352202,0.8333333333333334
Right,contig,WRM,PTT,0,0.05,0,1136,80,114,1,NoAdapt,nothing,,0.5989583333333334,0.09331259720062209,0.75
Right,contig,WRM,PTT,0,0.05,0,1136,80,114,1,TargetOnly,arc labels,,,,
Right,contig,WRM,PTT,0,0.05,0,1136,80,114,1,Source+Target,arc labels,,,,
Right,contig,WRM,PTT,0,0.05,0,1136,80,114,1,COT,arc labels,,,,
Right,contig,WRM,PTT,0,0.05,0,1136,80,114,1,none-HS4,arc labels,,,,
Right,contig,WRM,PTT,0,0.05,0,1136,80,114,1,none-HSsrc,nothing,,0.5738636363636364,0.08353221957040573,0.875
Right,contig,WRM,PTT,0,0.05,0,1136,80,114,1,none-PCA,arc segments,4.0,0.6149621212121212,0.09362279511533243,0.8625
Right,contig,WRM,PTT,0,0.05,0,1136,80,114,1,QOTu-HS4,arc labels,,,,
Right,contig,WRM,PTT,0,0.05,0,1136,80,114,1,QOTu-HSsrc,arc segments,,0.5788825757575757,0.09320388349514563,0.6
Right,contig,WRM,PTT,0,0.05,0,1136,80,114,1,QOTu-PCA,arc segments,16.0,0.5893939393939394,0.08584686774941995,0.925
Right,contig,WRM,PTT,0,0.05,0,1136,80,114,1,QOTc-HS4,arc labels,,,,
Right,contig,WRM,PTT,0,0.05,0,1136,80,114,1,QOTc-HSsrc,arc labels,,,,
Right,contig,WRM,PTT,0,0.05,0,1136,80,114,1,QOTc-PCA,arc labels,,,,
Right,contig,WRM,PTT,0,0.05,0,1136,80,114,1,SDM-HS4,arc labels,,,,
Right,contig,WRM,PTT,0,0.05,0,1136,80,114,1,SDM-HSsrc,arc labels,,,,
Right,contig,WRM,PTT,0,0.05,0,1136,80,114,1,SDM-PCA,arc labels,,,,
Right,contig,WRM,PTT,0,0.1,1,1136,80,227,2,NoAdapt,nothing,,0.5989583333333334,0.09331259720062209,0.75
Right,contig,WRM,PTT,0,0.1,1,1136,80,227,2,TargetOnly,arc labels,,0.4793560606060606,0.027777777777777776,0.025
Right,contig,WRM,PTT,0,0.1,1,1136,80,227,2,Source+Target,arc labels,,0.6071022727272727,0.0953125,0.7625
Right,contig,WRM,PTT,0,0.1,1,1136,80,227,2,COT,arc labels,,0.48030303030303034,0.06583072100313479,0.525
Right,contig,WRM,PTT,0,0.1,1,1136,80,227,2,none-HS4,arc labels,,0.5972537878787879,0.08981233243967829,0.8375
Right,contig,WRM,PTT,0,0.1,1,1136,80,227,2,none-HSsrc,nothing,,0.5738636363636364,0.08353221957040573,0.875
Right,contig,WRM,PTT,0,0.1,1,1136,80,227,2,none-PCA,arc segments,32.0,0.5230113636363636,0.07739307535641547,0.475
Right,contig,WRM,PTT,0,0.1,1,1136,80,227,2,QOTu-HS4,arc labels,,0.6249053030303031,0.09922480620155039,0.8
Right,contig,WRM,PTT,0,0.1,1,1136,80,227,2,QOTu-HSsrc,arc segments,,0.5475378787878789,0.08705882352941176,0.4625
Right,contig,WRM,PTT,0,0.1,1,1136,80,227,2,QOTu-PCA,arc segments,16.0,0.6178030303030303,0.09696969696969697,0.8
Right,contig,WRM,PTT,0,0.1,1,1136,80,227,2,QOTc-HS4,arc labels,,0.4798295454545455,0.028169014084507043,0.025
Right,contig,WRM,PTT,0,0.1,1,1136,80,227,2,QOTc-HSsrc,arc labels,,0.4152462121212121,0.04319654427645788,0.25
Right,contig,WRM,PTT,0,0.1,1,1136,80,227,2,QOTc-PCA,arc labels,64.0,0.4633522727272727,0.025,0.0375
Right,contig,WRM,PTT,0,0.1,1,1136,80,227,2,SDM-HS4,arc labels,,0.49053030303030304,0.0,0.0
Right,contig,WRM,PTT,0,0.1,1,1136,80,227,2,SDM-HSsrc,arc labels,,0.4114583333333333,0.04246284501061571,0.25
Right,contig,WRM,PTT,0,0.1,1,1136,80,227,2,SDM-PCA,arc labels,4.0,0.41571969696969696,0.020080321285140562,0.0625
Right,contig,WRM,PTT,0,0.2,1,1136,80,454,2,NoAdapt,nothing,,0.5989583333333334,0.09331259720062209,0.75
Right,contig,WRM,PTT,0,0.2,1,1136,80,454,2,TargetOnly,arc labels,,0.48077651515151515,0.028985507246376812,0.025
Right,contig,WRM,PTT,0,0.2,1,1136,80,454,2,Source+Target,arc labels,,0.6120265151515152,0.09574468085106383,0.7875
Right,contig,WRM,PTT,0,0.2,1,1136,80,454,2,COT,arc labels,,0.46657196969696973,0.020202020202020204,0.025
Right,contig,WRM,PTT,0,0.2,1,1136,80,454,2,none-HS4,arc labels,,0.6057765151515151,0.09203296703296704,0.8375
Right,contig,WRM,PTT,0,0.2,1,1136,80,454,2,none-HSsrc,nothing,,0.5738636363636364,0.08353221957040573,0.875
Right,contig,WRM,PTT,0,0.2,1,1136,80,454,2,none-PCA,arc segments,32.0,0.5225378787878787,0.07723577235772358,0.475
Right,contig,WRM,PTT,0,0.2,1,1136,80,454,2,QOTu-HS4,arc labels,,0.6238636363636363,0.0995260663507109,0.7875
Right,contig,WRM,PTT,0,0.2,1,1136,80,454,2,QOTu-HSsrc,arc segments,,0.5514204545454545,0.08816705336426914,0.475
Right,contig,WRM,PTT,0,0.2,1,1136,80,454,2,QOTu-PCA,arc segments,16.0,0.6007575757575758,0.09747292418772563,0.675
Right,contig,WRM,PTT,0,0.2,1,1136,80,454,2,QOTc-HS4,arc labels,,0.47073863636363633,0.013157894736842105,0.0125
Right,contig,WRM,PTT,0,0.2,1,1136,80,454,2,QOTc-HSsrc,arc labels,,0.40946969696969693,0.04121475054229935,0.2375
Right,contig,WRM,PTT,0,0.2,1,1136,80,454,2,QOTc-PCA,arc labels,16.0,0.5232007575757576,0.07957559681697612,0.375
Right,contig,WRM,PTT,0,0.2,1,1136,80,454,2,SDM-HS4,arc labels,,0.4958333333333333,0.043478260869565216,0.0125
Right,contig,WRM,PTT,0,0.2,1,1136,80,454,2,SDM-HSsrc,arc labels,,0.3972537878787879,0.03992015968063872,0.25
Right,contig,WRM,PTT,0,0.2,1,1136,80,454,2,SDM-PCA,arc labels,8.0,0.528125,0.0810126582278481,0.4
Right,contig,WRM,PTT,0,0.3,1,1136,80,682,17,NoAdapt,nothing,,0.5989583333333334,0.09331259720062209,0.75
Right,contig,WRM,PTT,0,0.3,1,1136,80,682,17,TargetOnly,arc labels,,0.5330492424242425,0.10852713178294573,0.175
Right,contig,WRM,PTT,0,0.3,1,1136,80,682,17,Source+Target,arc labels,,0.6243371212121211,0.10816326530612246,0.6625
Right,contig,WRM,PTT,0,0.3,1,1136,80,682,17,COT,arc labels,,0.4275568181818182,0.05970149253731343,0.75
Right,contig,WRM,PTT,0,0.3,1,1136,80,682,17,none-HS4,arc labels,,0.5757575757575757,0.08519003931847968,0.8125
Right,contig,WRM,PTT,0,0.3,1,1136,80,682,17,none-HSsrc,nothing,,0.5738636363636364,0.08353221957040573,0.875
Right,contig,WRM,PTT,0,0.3,1,1136,80,682,17,none-PCA,arc segments,4.0,0.609564393939394,0.09305555555555556,0.8375
Right,contig,WRM,PTT,0,0.3,1,1136,80,682,17,QOTu-HS4,arc labels,,0.509280303030303,0.07627118644067797,0.225
Right,contig,WRM,PTT,0,0.3,1,1136,80,682,17,QOTu-HSsrc,arc segments,,0.5214962121212121,0.08239700374531835,0.275
Right,contig,WRM,PTT,0,0.3,1,1136,80,682,17,QOTu-PCA,arc segments,16.0,0.500094696969697,0.07046979865771812,0.2625
Right,contig,WRM,PTT,0,0.3,1,1136,80,682,17,QOTc-HS4,arc labels,,0.5237689393939394,0.0903954802259887,0.2
Right,contig,WRM,PTT,0,0.3,1,1136,80,682,17,QOTc-HSsrc,arc labels,,0.521875,0.08839779005524862,0.2
Right,contig,WRM,PTT,0,0.3,1,1136,80,682,17,QOTc-PCA,arc labels,64.0,0.48399621212121213,0.06130268199233716,0.2
Right,contig,WRM,PTT,0,0.3,1,1136,80,682,17,SDM-HS4,arc labels,,0.5979166666666667,0.10020449897750511,0.6125
Right,contig,WRM,PTT,0,0.3,1,1136,80,682,17,SDM-HSsrc,arc labels,,0.5168560606060606,0.08181818181818182,0.225
Right,contig,WRM,PTT,0,0.3,1,1136,80,682,17,SDM-PCA,arc labels,32.0,0.565530303030303,0.12643678160919541,0.275
Right,contig,WRM,PTT,0,0.5,1,1136,80,1124,41,NoAdapt,nothing,,0.5989583333333334,0.09331259720062209,0.75
Right,contig,WRM,PTT,0,0.5,1,1136,80,1124,41,TargetOnly,arc labels,,0.5306818181818181,0.1044776119402985,0.175
Right,contig,WRM,PTT,0,0.5,1,1136,80,1124,41,Source+Target,arc labels,,0.6371212121212121,0.13395638629283488,0.5375
Right,contig,WRM,PTT,0,0.5,1,1136,80,1124,41,COT,arc labels,,0.48484848484848486,0.0673854447439353,0.625
Right,contig,WRM,PTT,0,0.5,1,1136,80,1124,41,none-HS4,arc labels,,0.5973484848484849,0.08947368421052632,0.85
Right,contig,WRM,PTT,0,0.5,1,1136,80,1124,41,none-HSsrc,nothing,,0.5738636363636364,0.08353221957040573,0.875
Right,contig,WRM,PTT,0,0.5,1,1136,80,1124,41,none-PCA,arc segments,16.0,0.5519886363636364,0.0821917808219178,0.675
Right,contig,WRM,PTT,0,0.5,1,1136,80,1124,41,QOTu-HS4,arc labels,,0.5458333333333333,0.13725490196078433,0.175
Right,contig,WRM,PTT,0,0.5,1,1136,80,1124,41,QOTu-HSsrc,arc segments,,0.5429924242424242,0.12962962962962962,0.175
Right,contig,WRM,PTT,0,0.5,1,1136,80,1124,41,QOTu-PCA,arc segments,16.0,0.5605113636363637,0.08853118712273642,0.55
Right,contig,WRM,PTT,0,0.5,1,1136,80,1124,41,QOTc-HS4,arc labels,,0.5304924242424243,0.11320754716981132,0.15
Right,contig,WRM,PTT,0,0.5,1,1136,80,1124,41,QOTc-HSsrc,arc labels,,0.5037878787878788,0.07462686567164178,0.125
Right,contig,WRM,PTT,0,0.5,1,1136,80,1124,41,QOTc-PCA,arc labels,32.0,0.4822916666666667,0.052980132450331126,0.1
Right,contig,WRM,PTT,0,0.5,1,1136,80,1124,41,SDM-HS4,arc labels,,0.5048295454545455,0.07373271889400922,0.2
Right,contig,WRM,PTT,0,0.5,1,1136,80,1124,41,SDM-HSsrc,arc labels,,0.5076704545454546,0.07582938388625593,0.2
Right,contig,WRM,PTT,0,0.5,1,1136,80,1124,41,SDM-PCA,arc labels,64.0,0.45625,0.05489260143198091,0.2875
Right,contig,WRM,PTT,1,0.05,1,1136,67,114,2,NoAdapt,nothing,,0.6139927118383759,0.0821256038647343,0.7611940298507462
Right,contig,WRM,PTT,1,0.05,1,1136,67,114,2,TargetOnly,arc labels,,0.4096868324420926,0.00881057268722467,0.029850746268656716
Right,contig,WRM,PTT,1,0.05,1,1136,67,114,2,Source+Target,arc labels,,0.6181603674797201,0.08204334365325078,0.7910447761194029
Right,contig,WRM,PTT,1,0.05,1,1136,67,114,2,COT,arc labels,,0.4513633888555353,0.04612159329140461,0.3283582089552239
Right,contig,WRM,PTT,1,0.05,1,1136,67,114,2,none-HS4,arc labels,,0.6232634768161066,0.08221225710014948,0.8208955223880597
Right,contig,WRM,PTT,1,0.05,1,1136,67,114,2,none-HSsrc,nothing,,0.5582075590243358,0.06769596199524941,0.8507462686567164
Right,contig,WRM,PTT,1,0.05,1,1136,67,114,2,none-PCA,arc segments,4.0,0.6531142230847633,0.08766716196136701,0.8805970149253731
Right,contig,WRM,PTT,1,0.05,1,1136,67,114,2,QOTu-HS4,arc labels,,0.526241570445248,0.0706713780918728,0.29850746268656714
Right,contig,WRM,PTT,1,0.05,1,1136,67,114,2,QOTu-HSsrc,arc segments,,0.6192424221269703,0.08761904761904762,0.6865671641791045
Right,contig,WRM,PTT,1,0.05,1,1136,67,114,2,QOTu-PCA,arc segments,4.0,0.629448640799743,0.08756567425569177,0.746268656716418
Right,contig,WRM,PTT,1,0.05,1,1136,67,114,2,QOTc-HS4,arc labels,,0.4457227426943859,0.007518796992481203,0.014925373134328358
Right,contig,WRM,PTT,1,0.05,1,1136,67,114,2,QOTc-HSsrc,arc labels,,0.4318445192186868,0.03836930455635491,0.23880597014925373
Right,contig,WRM,PTT,1,0.05,1,1136,67,114,2,QOTc-PCA,arc labels,64.0,0.43164905128240927,0.015228426395939087,0.04477611940298507
Right,contig,WRM,PTT,1,0.05,1,1136,67,114,2,SDM-HS4,arc labels,,0.50559177917708,0.2,0.014925373134328358
Right,contig,WRM,PTT,1,0.05,1,1136,67,114,2,SDM-HSsrc,arc labels,,0.399592309732907,0.031982942430703626,0.22388059701492538
Right,contig,WRM,PTT,1,0.05,1,1136,67,114,2,SDM-PCA,arc labels,8.0,0.3813719056727587,0.028513238289205704,0.208955223880597
Right,contig,WRM,PTT,1,0.1,1,1136,67,227,2,NoAdapt,nothing,,0.6139927118383759,0.0821256038647343,0.7611940298507462
Right,contig,WRM,PTT,1,0.1,1,1136,67,227,2,TargetOnly,arc labels,,0.4704913226198288,0.020618556701030927,0.029850746268656716
Right,contig,WRM,PTT,1,0.1,1,1136,67,227,2,Source+Target,arc labels,,0.6227957499685856,0.08208955223880597,0.8208955223880597
Right,contig,WRM,PTT,1,0.1,1,1136,67,227,2,COT,arc labels,,0.4217639585049495,0.022304832713754646,0.08955223880597014
Right,contig,WRM,PTT,1,0.1,1,1136,67,227,2,none-HS4,arc labels,,0.6213716264328497,0.08115942028985507,0.835820895522388
Right,contig,WRM,PTT,1,0.1,1,1136,67,227,2,none-HSsrc,nothing,,0.5582075590243358,0.06769596199524941,0.8507462686567164
Right,contig,WRM,PTT,1,0.1,1,1136,67,227,2,none-PCA,arc segments,4.0,0.6549851304748475,0.08819133034379671,0.8805970149253731
Right,contig,WRM,PTT,1,0.1,1,1136,67,227,2,QOTu-HS4,arc labels,,0.5248174469095124,0.06930693069306931,0.31343283582089554
Right,contig,WRM,PTT,1,0.1,1,1136,67,227,2,QOTu-HSsrc,arc segments,,0.6192424221269703,0.08761904761904762,0.6865671641791045
Right,contig,WRM,PTT,1,0.1,1,1136,67,227,2,QOTu-PCA,arc segments,4.0,0.6397386314452062,0.09107468123861566,0.746268656716418
Right,contig,WRM,PTT,1,0.1,1,1136,67,227,2,QOTc-HS4,arc labels,,0.47846362202085924,0.015873015873015872,0.014925373134328358
Right,contig,WRM,PTT,1,0.1,1,1136,67,227,2,QOTc-HSsrc,arc labels,,0.4220850844002625,0.03359173126614987,0.19402985074626866
Right,contig,WRM,PTT,1,0.1,1,1136,67,227,2,QOTc-PCA,arc labels,32.0,0.4396004076902671,0.016666666666666666,0.04477611940298507
Right,contig,WRM,PTT,1,0.1,1,1136,67,227,2,SDM-HS4,arc labels,,0.4990645463049579,0.0,0.0
Right,contig,WRM,PTT,1,0.1,1,1136,67,227,2,SDM-HSsrc,arc labels,,0.4258268991804309,0.03430079155672823,0.19402985074626866
Right,contig,WRM,PTT,1,0.1,1,1136,67,227,2,SDM-PCA,arc labels,8.0,0.4269927258003714,0.010526315789473684,0.029850746268656716
Right,contig,WRM,PTT,1,0.2,1,1136,67,454,19,NoAdapt,nothing,,0.6139927118383759,0.0821256038647343,0.7611940298507462
Right,contig,WRM,PTT,1,0.2,1,1136,67,454,19,TargetOnly,arc labels,,0.47088225849238374,0.0521415270018622,0.417910447761194
Right,contig,WRM,PTT,1,0.2,1,1136,67,454,19,Source+Target,arc labels,,0.6509012468061934,0.0920138888888889,0.7910447761194029
Right,contig,WRM,PTT,1,0.2,1,1136,67,454,19,COT,arc labels,,0.3999623026122894,0.04535637149028078,0.6268656716417911
Right,contig,WRM,PTT,1,0.2,1,1136,67,454,19,none-HS4,arc labels,,0.6283037571729752,0.08075370121130551,0.8955223880597015
Right,contig,WRM,PTT,1,0.2,1,1136,67,454,19,none-HSsrc,nothing,,0.5582075590243358,0.06769596199524941,0.8507462686567164
Right,contig,WRM,PTT,1,0.2,1,1136,67,454,19,none-PCA,arc segments,4.0,0.6479692277620317,0.08625730994152046,0.8805970149253731
Right,contig,WRM,PTT,1,0.2,1,1136,67,454,19,QOTu-HS4,arc labels,,0.5261996844589029,0.0694006309148265,0.3283582089552239
Right,contig,WRM,PTT,1,0.2,1,1136,67,454,19,QOTu-HSsrc,arc segments,,0.6059506024601036,0.0990990990990991,0.4925373134328358
Right,contig,WRM,PTT,1,0.2,1,1136,67,454,19,QOTu-PCA,arc segments,4.0,0.6314033201625175,0.09218436873747494,0.6865671641791045
Right,contig,WRM,PTT,1,0.2,1,1136,67,454,19,QOTc-HS4,arc labels,,0.5976222721751392,0.07774390243902439,0.7611940298507462
Right,contig,WRM,PTT,1,0.2,1,1136,67,454,19,QOTc-HSsrc,arc labels,,0.5250757438253075,0.06567796610169492,0.4626865671641791
Right,contig,WRM,PTT,1,0.2,1,1136,67,454,19,QOTc-PCA,arc labels,64.0,0.3864540720159725,0.032015065913371,0.2537313432835821
Right,contig,WRM,PTT,1,0.2,1,1136,67,454,19,SDM-HS4,arc labels,,0.5466609887885177,0.06684491978609626,0.746268656716418
Right,contig,WRM,PTT,1,0.2,1,1136,67,454,19,SDM-HSsrc,arc labels,,0.4078857350292504,0.0379746835443038,0.31343283582089554
Right,contig,WRM,PTT,1,0.2,1,1136,67,454,19,SDM-PCA,arc labels,64.0,0.41494352372841126,0.037698412698412696,0.2835820895522388
Right,contig,WRM,PTT,1,0.3,1,1136,67,682,36,NoAdapt,nothing,,0.6139927118383759,0.0821256038647343,0.7611940298507462
Right,contig,WRM,PTT,1,0.3,1,1136,67,682,36,TargetOnly,arc labels,,0.5069391117378496,0.06103286384976526,0.3880597014925373
Right,contig,WRM,PTT,1,0.3,1,1136,67,682,36,Source+Target,arc labels,,0.65808469346439,0.10588235294117647,0.6716417910447762
Right,contig,WRM,PTT,1,0.3,1,1136,67,682,36,COT,arc labels,,0.40234282283623973,0.04509582863585118,0.5970149253731343
Right,contig,WRM,PTT,1,0.3,1,1136,67,682,36,none-HS4,arc labels,,0.6035561202407047,0.07611548556430446,0.8656716417910447
Right,contig,WRM,PTT,1,0.3,1,1136,67,682,36,none-HSsrc,nothing,,0.5582075590243358,0.06769596199524941,0.8507462686567164
Right,contig,WRM,PTT,1,0.3,1,1136,67,682,36,none-PCA,arc segments,4.0,0.6148443935607277,0.08005822416302766,0.8208955223880597
Right,contig,WRM,PTT,1,0.3,1,1136,67,682,36,QOTu-HS4,arc labels,,0.5291317035030646,0.07655502392344497,0.23880597014925373
Right,contig,WRM,PTT,1,0.3,1,1136,67,682,36,QOTu-HSsrc,arc segments,,0.5417393853929604,0.08542713567839195,0.2537313432835821
Right,contig,WRM,PTT,1,0.3,1,1136,67,682,36,QOTu-PCA,arc segments,4.0,0.545523086159474,0.09554140127388536,0.22388059701492538
Right,contig,WRM,PTT,1,0.3,1,1136,67,682,36,QOTc-HS4,arc labels,,0.6406531421470756,0.09042553191489362,0.7611940298507462
Right,contig,WRM,PTT,1,0.3,1,1136,67,682,36,QOTc-HSsrc,arc labels,,0.5533487846082963,0.08677685950413223,0.31343283582089554
Right,contig,WRM,PTT,1,0.3,1,1136,67,682,36,QOTc-PCA,arc labels,64.0,0.4649693534199908,0.04830917874396135,0.29850746268656714
Right,contig,WRM,PTT,1,0.3,1,1136,67,682,36,SDM-HS4,arc labels,,0.5994094075925331,0.0763888888888889,0.8208955223880597
Right,contig,WRM,PTT,1,0.3,1,1136,67,682,36,SDM-HSsrc,arc labels,,0.5461443949569272,0.07317073170731707,0.44776119402985076
Right,contig,WRM,PTT,1,0.3,1,1136,67,682,36,SDM-PCA,arc labels,64.0,0.39604596288901606,0.040172166427546625,0.417910447761194
Right,contig,WRM,PTT,1,0.5,1,1136,67,1112,54,NoAdapt,nothing,,0.6139927118383759,0.0821256038647343,0.7611940298507462
Right,contig,WRM,PTT,1,0.5,1,1136,67,1112,54,TargetOnly,arc labels,,0.5622146517180235,0.09166666666666666,0.3283582089552239
Right,contig,WRM,PTT,1,0.5,1,1136,67,1112,54,Source+Target,arc labels,,0.6689471259232369,0.12618296529968454,0.5970149253731343
Right,contig,WRM,PTT,1,0.5,1,1136,67,1112,54,COT,arc labels,,0.3929882858858188,0.044101433296582136,0.5970149253731343
Right,contig,WRM,PTT,1,0.5,1,1136,67,1112,54,none-HS4,arc labels,,0.6133993270318194,0.0787292817679558,0.8507462686567164
Right,contig,WRM,PTT,1,0.5,1,1136,67,1112,54,none-HSsrc,nothing,,0.5582075590243358,0.06769596199524941,0.8507462686567164
Right,contig,WRM,PTT,1,0.5,1,1136,67,1112,54,none-PCA,arc segments,4.0,0.6460983203719476,0.08575581395348837,0.8805970149253731
Right,contig,WRM,PTT,1,0.5,1,1136,67,1112,54,QOTu-HS4,arc labels,,0.5591290507239295,0.13829787234042554,0.19402985074626866
Right,contig,WRM,PTT,1,0.5,1,1136,67,1112,54,QOTu-HSsrc,arc segments,,0.5637853762059674,0.13861386138613863,0.208955223880597
Right,contig,WRM,PTT,1,0.5,1,1136,67,1112,54,QOTu-PCA,arc segments,4.0,0.5637853762059674,0.13861386138613863,0.208955223880597
Right,contig,WRM,PTT,1,0.5,1,1136,67,1112,54,QOTc-HS4,arc labels,,0.7381078703768342,0.19545454545454546,0.6417910447761194
Right,contig,WRM,PTT,1,0.5,1,1136,67,1112,54,QOTc-HSsrc,arc labels,,0.532405791435712,0.07920792079207921,0.23880597014925373
Right,contig,WRM,PTT,1,0.5,1,1136,67,1112,54,QOTc-PCA,arc labels,64.0,0.4287379752314201,0.027777777777777776,0.11940298507462686
Right,contig,WRM,PTT,1,0.5,1,1136,67,1112,54,SDM-HS4,arc labels,,0.5452089412618851,0.07281553398058252,0.44776119402985076
Right,contig,WRM,PTT,1,0.5,1,1136,67,1112,54,SDM-HSsrc,arc labels,,0.532622202365162,0.0691358024691358,0.417910447761194
Right,contig,WRM,PTT,1,0.5,1,1136,67,1112,54,SDM-PCA,arc labels,64.0,0.39053795568462646,0.03685897435897436,0.34328358208955223
Right,contig,WRM,PTT,2,0.05,0,1136,67,114,0,NoAdapt,nothing,,0.57893414126747,0.07363770250368189,0.746268656716418
Right,contig,WRM,PTT,2,0.05,0,1136,67,114,0,TargetOnly,arc labels,,,,
Right,contig,WRM,PTT,2,0.05,0,1136,67,114,0,Source+Target,arc labels,,,,
Right,contig,WRM,PTT,2,0.05,0,1136,67,114,0,COT,arc labels,,,,
Right,contig,WRM,PTT,2,0.05,0,1136,67,114,0,none-HS4,arc labels,,,,
Right,contig,WRM,PTT,2,0.05,0,1136,67,114,0,none-HSsrc,nothing,,0.5245521689959929,0.06243032329988852,0.835820895522388
Right,contig,WRM,PTT,2,0.05,0,1136,67,114,0,none-PCA,arc segments,16.0,0.5290130265417534,0.06432748538011696,0.6567164179104478
Right,contig,WRM,PTT,2,0.05,0,1136,67,114,0,QOTu-HS4,arc labels,,,,
Right,contig,WRM,PTT,2,0.05,0,1136,67,114,0,QOTu-HSsrc,arc segments,,0.5985996118565265,0.07903225806451612,0.7313432835820896
Right,contig,WRM,PTT,2,0.05,0,1136,67,114,0,QOTu-PCA,arc segments,8.0,0.6512852016810242,0.08864696734059098,0.8507462686567164
Right,contig,WRM,PTT,2,0.05,0,1136,67,114,0,QOTc-HS4,arc labels,,,,
Right,contig,WRM,PTT,2,0.05,0,1136,67,114,0,QOTc-HSsrc,arc labels,,,,
Right,contig,WRM,PTT,2,0.05,0,1136,67,114,0,QOTc-PCA,arc labels,,,,
Right,contig,WRM,PTT,2,0.05,0,1136,67,114,0,SDM-HS4,arc labels,,,,
Right,contig,WRM,PTT,2,0.05,0,1136,67,114,0,SDM-HSsrc,arc labels,,,,
Right,contig,WRM,PTT,2,0.05,0,1136,67,114,0,SDM-PCA,arc labels,,,,
Right,contig,WRM,PTT,2,0.1,0,1136,67,227,0,NoAdapt,nothing,,0.57893414126747,0.07363770250368189,0.746268656716418
Right,contig,WRM,PTT,2,0.1,0,1136,67,227,0,TargetOnly,arc labels,,,,
Right,contig,WRM,PTT,2,0.1,0,1136,67,227,0,Source+Target,arc labels,,,,
Right,contig,WRM,PTT,2,0.1,0,1136,67,227,0,COT,arc labels,,,,
Right,contig,WRM,PTT,2,0.1,0,1136,67,227,0,none-HS4,arc labels,,,,
Right,contig,WRM,PTT,2,0.1,0,1136,67,227,0,none-HSsrc,nothing,,0.5245521689959929,0.06243032329988852,0.835820895522388
Right,contig,WRM,PTT,2,0.1,0,1136,67,227,0,none-PCA,arc segments,16.0,0.5318403306200522,0.06505295007564296,0.6417910447761194
Right,contig,WRM,PTT,2,0.1,0,1136,67,227,0,QOTu-HS4,arc labels,,,,
Right,contig,WRM,PTT,2,0.1,0,1136,67,227,0,QOTu-HSsrc,arc segments,,0.5883096212110634,0.0763239875389408,0.7313432835820896
Right,contig,WRM,PTT,2,0.1,0,1136,67,227,0,QOTu-PCA,arc segments,8.0,0.6032140513522193,0.07866868381240545,0.7761194029850746
Right,contig,WRM,PTT,2,0.1,0,1136,67,227,0,QOTc-HS4,arc labels,,,,
Right,contig,WRM,PTT,2,0.1,0,1136,67,227,0,QOTc-HSsrc,arc labels,,,,
Right,contig,WRM,PTT,2,0.1,0,1136,67,227,0,QOTc-PCA,arc labels,,,,
Right,contig,WRM,PTT,2,0.1,0,1136,67,227,0,SDM-HS4,arc labels,,,,
Right,contig,WRM,PTT,2,0.1,0,1136,67,227,0,SDM-HSsrc,arc labels,,,,
Right,contig,WRM,PTT,2,0.1,0,1136,67,227,0,SDM-PCA,arc labels,,,,
Right,contig,WRM,PTT,2,0.2,1,1136,67,454,25,NoAdapt,nothing,,0.57893414126747,0.07363770250368189,0.746268656716418
Right,contig,WRM,PTT,2,0.2,1,1136,67,454,25,TargetOnly,arc labels,,0.49862474344833363,0.0584958217270195,0.31343283582089554
Right,contig,WRM,PTT,2,0.2,1,1136,67,454,25,Source+Target,arc labels,,0.6673973444284658,0.1070615034168565,0.7014925373134329
Right,contig,WRM,PTT,2,0.2,1,1136,67,454,25,COT,arc labels,,0.4384625050612233,0.04827586206896552,0.5223880597014925
Right,contig,WRM,PTT,2,0.2,1,1136,67,454,25,none-HS4,arc labels,,0.5956257068260196,0.07480314960629922,0.8507462686567164
Right,contig,WRM,PTT,2,0.2,1,1136,67,454,25,none-HSsrc,nothing,,0.5245521689959929,0.06243032329988852,0.835820895522388
Right,contig,WRM,PTT,2,0.2,1,1136,67,454,25,none-PCA,arc segments,16.0,0.5659843904890887,0.07312925170068027,0.6417910447761194
Right,contig,WRM,PTT,2,0.2,1,1136,67,454,25,QOTu-HS4,arc labels,,0.5033020119235441,0.06017191977077364,0.31343283582089554
Right,contig,WRM,PTT,2,0.2,1,1136,67,454,25,QOTu-HSsrc,arc segments,,0.5144017983050138,0.06323185011709602,0.40298507462686567
Right,contig,WRM,PTT,2,0.2,1,1136,67,454,25,QOTu-PCA,arc segments,16.0,0.582627089063569,0.09036144578313253,0.44776119402985076
Right,contig,WRM,PTT,2,0.2,1,1136,67,454,25,QOTc-HS4,arc labels,,0.433862027560979,0.030612244897959183,0.13432835820895522
Right,contig,WRM,PTT,2,0.2,1,1136,67,454,25,QOTc-HSsrc,arc labels,,0.5213129860519665,0.06438631790744467,0.47761194029850745
Right,contig,WRM,PTT,2,0.2,1,1136,67,454,25,QOTc-PCA,arc labels,64.0,0.4180849727042989,0.01327433628318584,0.04477611940298507
Right,contig,WRM,PTT,2,0.2,1,1136,67,454,25,SDM-HS4,arc labels,,0.38568616226631114,0.022670025188916875,0.13432835820895522
Right,contig,WRM,PTT,2,0.2,1,1136,67,454,25,SDM-HSsrc,arc labels,,0.49473632771595716,0.05761316872427984,0.417910447761194
Right,contig,WRM,PTT,2,0.2,1,1136,67,454,25,SDM-PCA,arc labels,64.0,0.37621294835457886,0.04147982062780269,0.5522388059701493
Right,contig,WRM,PTT,2,0.3,1,1136,67,682,42,NoAdapt,nothing,,0.57893414126747,0.07363770250368189,0.746268656716418
Right,contig,WRM,PTT,2,0.3,1,1136,67,682,42,TargetOnly,arc labels,,0.515162727056951,0.06914893617021277,0.19402985074626866
Right,contig,WRM,PTT,2,0.3,1,1136,67,682,42,Source+Target,arc labels,,0.6749856889546655,0.1242603550295858,0.6268656716417911
Right,contig,WRM,PTT,2,0.3,1,1136,67,682,42,COT,arc labels,,0.44086396827834634,0.04783258594917788,0.47761194029850745
Right,contig,WRM,PTT,2,0.3,1,1136,67,682,42,none-HS4,arc labels,,0.6078075478547393,0.07788595271210014,0.835820895522388
Right,contig,WRM,PTT,2,0.3,1,1136,67,682,42,none-HSsrc,nothing,,0.5245521689959929,0.06243032329988852,0.835820895522388
Right,contig,WRM,PTT,2,0.3,1,1136,67,682,42,none-PCA,arc segments,16.0,0.5718972955614816,0.07172995780590717,0.7611940298507462
Right,contig,WRM,PTT,2,0.3,1,1136,67,682,42,QOTu-HS4,arc labels,,0.5295575443642405,0.0743801652892562,0.26865671641791045
Right,contig,WRM,PTT,2,0.3,1,1136,67,682,42,QOTu-HSsrc,arc segments,,0.5407201597252279,0.07806691449814127,0.31343283582089554
Right,contig,WRM,PTT,2,0.3,1,1136,67,682,42,QOTu-PCA,arc segments,8.0,0.5062130879745333,0.06201550387596899,0.23880597014925373
Right,contig,WRM,PTT,2,0.3,1,1136,67,682,42,QOTc-HS4,arc labels,,0.543163508928696,0.0893854748603352,0.23880597014925373
Right,contig,WRM,PTT,2,0.3,1,1136,67,682,42,QOTc-HSsrc,arc labels,,0.5528810577607752,0.08641975308641975,0.31343283582089554
Right,contig,WRM,PTT,2,0.3,1,1136,67,682,42,QOTc-PCA,arc labels,64.0,0.4367940466051408,0.016129032258064516,0.04477611940298507
Right,contig,WRM,PTT,2,0.3,1,1136,67,682,42,SDM-HS4,arc labels,,0.4631612750094244,0.04632152588555858,0.2537313432835821
Right,contig,WRM,PTT,2,0.3,1,1136,67,682,42,SDM-HSsrc,arc labels,,0.5260740264998673,0.06682577565632458,0.417910447761194
Right,contig,WRM,PTT,2,0.3,1,1136,67,682,42,SDM-PCA,arc labels,64.0,0.34144757968808903,0.03089887640449438,0.3283582089552239
Right,contig,WRM,PTT,2,0.5,1,1136,67,1112,54,NoAdapt,nothing,,0.57893414126747,0.07363770250368189,0.746268656716418
Right,contig,WRM,PTT,2,0.5,1,1136,67,1112,54,TargetOnly,arc labels,,0.4984083325188836,0.057692307692307696,0.13432835820895522
Right,contig,WRM,PTT,2,0.5,1,1136,67,1112,54,Source+Target,arc labels,,0.6438155341161359,0.12639405204460966,0.5074626865671642
Right,contig,WRM,PTT,2,0.5,1,1136,67,1112,54,COT,arc labels,,0.4014073691411976,0.04499437570303712,0.5970149253731343
Right,contig,WRM,PTT,2,0.5,1,1136,67,1112,54,none-HS4,arc labels,,0.5905225974896332,0.07442489851150202,0.8208955223880597
Right,contig,WRM,PTT,2,0.5,1,1136,67,1112,54,none-HSsrc,nothing,,0.5245521689959929,0.06243032329988852,0.835820895522388
Right,contig,WRM,PTT,2,0.5,1,1136,67,1112,54,none-PCA,arc segments,16.0,0.5416416514248217,0.0669710806697108,0.6567164179104478
Right,contig,WRM,PTT,2,0.5,1,1136,67,1112,54,QOTu-HS4,arc labels,,0.5483294472446002,0.09933774834437085,0.22388059701492538
Right,contig,WRM,PTT,2,0.5,1,1136,67,1112,54,QOTu-HSsrc,arc segments,,0.5431844519218687,0.09259259259259259,0.22388059701492538
Right,contig,WRM,PTT,2,0.5,1,1136,67,1112,54,QOTu-PCA,arc segments,16.0,0.44466163104030826,0.029535864978902954,0.1044776119402985
Right,contig,WRM,PTT,2,0.5,1,1136,67,1112,54,QOTc-HS4,arc labels,,0.5440989626237381,0.0903954802259887,0.23880597014925373
Right,contig,WRM,PTT,2,0.5,1,1136,67,1112,54,QOTc-HSsrc,arc labels,,0.538465297460313,0.0825242718446602,0.2537313432835821
Right,contig,WRM,PTT,2,0.5,1,1136,67,1112,54,QOTc-PCA,arc labels,64.0,0.448487217793167,0.018633540372670808,0.04477611940298507
Right,contig,WRM,PTT,2,0.5,1,1136,67,1112,54,SDM-HS4,arc labels,,0.4775770353098865,0.05198019801980198,0.31343283582089554
Right,contig,WRM,PTT,2,0.5,1,1136,67,1112,54,SDM-HSsrc,arc labels,,0.517675886237661,0.06428571428571428,0.40298507462686567
Right,contig,WRM,PTT,2,0.5,1,1136,67,1112,54,SDM-PCA,arc labels,64.0,0.39334431676975273,0.0372168284789644,0.34328358208955223
Right,contig,WRM,PTT,3,0.05,1,1136,53,114,5,NoAdapt,nothing,,0.5853150751755257,0.059077809798270896,0.7735849056603774
Right,contig,WRM,PTT,3,0.05,1,1136,53,114,5,TargetOnly,arc labels,,0.49789194933709646,0.038461538461538464,0.018867924528301886
Right,contig,WRM,PTT,3,0.05,1,1136,53,114,5,Source+Target,arc labels,,0.6056290179271416,0.06307692307692307,0.7735849056603774
Right,contig,WRM,PTT,3,0.05,1,1136,53,114,5,COT,arc labels,,0.5025087545079183,0.0625,0.018867924528301886
Right,contig,WRM,PTT,3,0.05,1,1136,53,114,5,none-HS4,arc labels,,0.6256816320841827,0.06687898089171974,0.7924528301886793
Right,contig,WRM,PTT,3,0.05,1,1136,53,114,5,none-HSsrc,nothing,,0.5537378699977351,0.052749719416386086,0.8867924528301887
Right,contig,WRM,PTT,3,0.05,1,1136,53,114,5,none-PCA,arc segments,16.0,0.5732329831530165,0.05872756933115824,0.6792452830188679
Right,contig,WRM,PTT,3,0.05,1,1136,53,114,5,QOTu-HS4,arc labels,,0.677694733357724,0.10631229235880399,0.6037735849056604
Right,contig,WRM,PTT,3,0.05,1,1136,53,114,5,QOTu-HSsrc,arc segments,,0.6320057840728932,0.07090909090909091,0.7358490566037735
Right,contig,WRM,PTT,3,0.05,1,1136,53,114,5,QOTu-PCA,arc segments,32.0,0.5179968292130526,0.05066079295154185,0.4339622641509434
Right,contig,WRM,PTT,3,0.05,1,1136,53,114,5,QOTc-HS4,arc labels,,0.49973867140542516,0.045454545454545456,0.018867924528301886
Right,contig,WRM,PTT,3,0.05,1,1136,53,114,5,QOTc-HSsrc,arc labels,,0.5552361539399641,0.08176100628930817,0.24528301886792453
Right,contig,WRM,PTT,3,0.05,1,1136,53,114,5,QOTc-PCA,arc labels,16.0,0.5048171570933292,0.09090909090909091,0.018867924528301886
Right,contig,WRM,PTT,3,0.05,1,1136,53,114,5,SDM-HS4,arc labels,,0.45272565724141534,0.025974025974025976,0.11320754716981132
Right,contig,WRM,PTT,3,0.05,1,1136,53,114,5,SDM-HSsrc,arc labels,,0.48096656736180077,0.039711191335740074,0.20754716981132076
Right,contig,WRM,PTT,3,0.05,1,1136,53,114,5,SDM-PCA,arc labels,64.0,0.46808306764926216,0.017857142857142856,0.03773584905660377
Right,contig,WRM,PTT,3,0.1,1,1136,53,227,7,NoAdapt,nothing,,0.5853150751755257,0.059077809798270896,0.7735849056603774
Right,contig,WRM,PTT,3,0.1,1,1136,53,227,7,TargetOnly,arc labels,,0.5204533180020559,0.15,0.05660377358490566
Right,contig,WRM,PTT,3,0.1,1,1136,53,227,7,Source+Target,arc labels,,0.6362828620707678,0.07692307692307693,0.660377358490566
Right,contig,WRM,PTT,3,0.1,1,1136,53,227,7,COT,arc labels,,0.5195299569678914,0.13636363636363635,0.05660377358490566
Right,contig,WRM,PTT,3,0.1,1,1136,53,227,7,none-HS4,arc labels,,0.6350546176762661,0.06696428571428571,0.8490566037735849
Right,contig,WRM,PTT,3,0.1,1,1136,53,227,7,none-HSsrc,nothing,,0.5537378699977351,0.052749719416386086,0.8867924528301887
Right,contig,WRM,PTT,3,0.1,1,1136,53,227,7,none-PCA,arc segments,8.0,0.5692172337497169,0.056851311953352766,0.7358490566037735
Right,contig,WRM,PTT,3,0.1,1,1136,53,227,7,QOTu-HS4,arc labels,,0.6670760814648339,0.09876543209876543,0.6037735849056604
Right,contig,WRM,PTT,3,0.1,1,1136,53,227,7,QOTu-HSsrc,arc segments,,0.5939302078433422,0.06724511930585683,0.5849056603773585
Right,contig,WRM,PTT,3,0.1,1,1136,53,227,7,QOTu-PCA,arc segments,32.0,0.490017247687242,0.04404145077720207,0.32075471698113206
Right,contig,WRM,PTT,3,0.1,1,1136,53,227,7,QOTc-HS4,arc labels,,0.48681161692712416,0.02,0.018867924528301886
Right,contig,WRM,PTT,3,0.1,1,1136,53,227,7,QOTc-HSsrc,arc labels,,0.5552361539399641,0.08176100628930817,0.24528301886792453
Right,contig,WRM,PTT,3,0.1,1,1136,53,227,7,QOTc-PCA,arc labels,32.0,0.5080489207129044,0.25,0.018867924528301886
Right,contig,WRM,PTT,3,0.1,1,1136,53,227,7,SDM-HS4,arc labels,,0.48378020523005627,0.02564102564102564,0.03773584905660377
Right,contig,WRM,PTT,3,0.1,1,1136,53,227,7,SDM-HSsrc,arc labels,,0.46585306364222373,0.03125,0.1320754716981132
Right,contig,WRM,PTT,3,0.1,1,1136,53,227,7,SDM-PCA,arc labels,64.0,0.47048729071935047,0.038461538461538464,0.2641509433962264
Right,contig,WRM,PTT,3,0.2,1,1136,53,454,23,NoAdapt,nothing,,0.5853150751755257,0.059077809798270896,0.7735849056603774
Right,contig,WRM,PTT,3,0.2,1,1136,53,454,23,TargetOnly,arc labels,,0.4988153103712608,0.041666666666666664,0.018867924528301886
Right,contig,WRM,PTT,3,0.2,1,1136,53,454,23,Source+Target,arc labels,,0.6897594034739281,0.12931034482758622,0.5660377358490566
Right,contig,WRM,PTT,3,0.2,1,1136,53,454,23,COT,arc labels,,0.4684837714942769,0.025974025974025976,0.07547169811320754
Right,contig,WRM,PTT,3,0.2,1,1136,53,454,23,none-HS4,arc labels,,0.5759595114897472,0.05625,0.8490566037735849
Right,contig,WRM,PTT,3,0.2,1,1136,53,454,23,none-HSsrc,nothing,,0.5537378699977351,0.052749719416386086,0.8867924528301887
Right,contig,WRM,PTT,3,0.2,1,1136,53,454,23,none-PCA,arc segments,16.0,0.572710325963867,0.0578386605783866,0.7169811320754716
Right,contig,WRM,PTT,3,0.2,1,1136,53,454,23,QOTu-HS4,arc labels,,0.5336155682154742,0.05750798722044728,0.33962264150943394
Right,contig,WRM,PTT,3,0.2,1,1136,53,454,23,QOTu-HSsrc,arc segments,,0.5557762330354187,0.06792452830188679,0.33962264150943394
Right,contig,WRM,PTT,3,0.2,1,1136,53,454,23,QOTu-PCA,arc segments,8.0,0.5371696371016916,0.06224066390041494,0.2830188679245283
Right,contig,WRM,PTT,3,0.2,1,1136,53,454,23,QOTc-HS4,arc labels,,0.5155142075645918,0.06315789473684211,0.11320754716981132
Right,contig,WRM,PTT,3,0.2,1,1136,53,454,23,QOTc-HSsrc,arc labels,,0.5599139357828533,0.10377358490566038,0.20754716981132076
Right,contig,WRM,PTT,3,0.2,1,1136,53,454,23,QOTc-PCA,arc labels,64.0,0.48885869091796025,0.029850746268656716,0.03773584905660377
Right,contig,WRM,PTT,3,0.2,1,1136,53,454,23,SDM-HS4,arc labels,,0.4984320284325511,0.045454545454545456,0.11320754716981132
Right,contig,WRM,PTT,3,0.2,1,1136,53,454,23,SDM-HSsrc,arc labels,,0.5405233540654019,0.07432432432432433,0.20754716981132076
Right,contig,WRM,PTT,3,0.2,1,1136,53,454,23,SDM-PCA,arc labels,64.0,0.49329256607257965,0.043010752688172046,0.1509433962264151
Right,contig,WRM,PTT,3,0.3,1,1136,53,682,50,NoAdapt,nothing,,0.5853150751755257,0.059077809798270896,0.7735849056603774
Right,contig,WRM,PTT,3,0.3,1,1136,53,682,50,TargetOnly,arc labels,,0.5229010958379066,0.0759493670886076,0.11320754716981132
Right,contig,WRM,PTT,3,0.3,1,1136,53,682,50,Source+Target,arc labels,,0.6914057736197494,0.14009661835748793,0.5471698113207547
Right,contig,WRM,PTT,3,0.3,1,1136,53,682,50,COT,arc labels,,0.4149810972316591,0.034722222222222224,0.4716981132075472
Right,contig,WRM,PTT,3,0.3,1,1136,53,682,50,none-HS4,arc labels,,0.62602135925713,0.06451612903225806,0.8679245283018868
Right,contig,WRM,PTT,3,0.3,1,1136,53,682,50,none-HSsrc,nothing,,0.5537378699977351,0.052749719416386086,0.8867924528301887
Right,contig,WRM,PTT,3,0.3,1,1136,53,682,50,none-PCA,arc segments,32.0,0.49195979024024805,0.04538341158059468,0.5471698113207547
Right,contig,WRM,PTT,3,0.3,1,1136,53,682,50,QOTu-HS4,arc labels,,0.5572832279308002,0.07954545454545454,0.2641509433962264
Right,contig,WRM,PTT,3,0.3,1,1136,53,682,50,QOTu-HSsrc,arc segments,,0.5505583720970748,0.07075471698113207,0.2830188679245283
Right,contig,WRM,PTT,3,0.3,1,1136,53,682,50,QOTu-PCA,arc segments,8.0,0.511637833411732,0.05172413793103448,0.22641509433962265
Right,contig,WRM,PTT,3,0.3,1,1136,53,682,50,QOTc-HS4,arc labels,,0.5725186849945121,0.0979020979020979,0.2641509433962264
Right,contig,WRM,PTT,3,0.3,1,1136,53,682,50,QOTc-HSsrc,arc labels,,0.582092022509103,0.08653846153846154,0.33962264150943394
Right,contig,WRM,PTT,3,0.3,1,1136,53,682,50,QOTc-PCA,arc labels,64.0,0.46485130402968694,0.01680672268907563,0.03773584905660377
Right,contig,WRM,PTT,3,0.3,1,1136,53,682,50,SDM-HS4,arc labels,,0.5135629540584331,0.050746268656716415,0.32075471698113206
Right,contig,WRM,PTT,3,0.3,1,1136,53,682,50,SDM-HSsrc,arc labels,,0.583433509294587,0.0678391959798995,0.5094339622641509
Right,contig,WRM,PTT,3,0.3,1,1136,53,682,50,SDM-PCA,arc labels,64.0,0.44585271520409764,0.03879310344827586,0.5094339622641509
Right,contig,WRM,PTT,3,0.5,1,1136,53,1112,68,NoAdapt,nothing,,0.5853150751755257,0.059077809798270896,0.7735849056603774
Right,contig,WRM,PTT,3,0.5,1,1136,53,1112,68,TargetOnly,arc labels,,0.6211954912106483,0.2542372881355932,0.2830188679245283
Right,contig,WRM,PTT,3,0.5,1,1136,53,1112,68,Source+Target,arc labels,,0.6868499451209951,0.15517241379310345,0.5094339622641509
Right,contig,WRM,PTT,3,0.5,1,1136,53,1112,68,COT,arc labels,,0.5098695099217756,0.04956268221574344,0.32075471698113206
Right,contig,WRM,PTT,3,0.5,1,1136,53,1112,68,none-HS4,arc labels,,0.6329465670133626,0.0659025787965616,0.8679245283018868
Right,contig,WRM,PTT,3,0.5,1,1136,53,1112,68,none-HSsrc,nothing,,0.5537378699977351,0.052749719416386086,0.8867924528301887
Right,contig,WRM,PTT,3,0.5,1,1136,53,1112,68,none-PCA,arc segments,16.0,0.5697398909388665,0.05763239875389408,0.6981132075471698
Right,contig,WRM,PTT,3,0.5,1,1136,53,1112,68,QOTu-HS4,arc labels,,0.5799665499398944,0.14285714285714285,0.22641509433962265
Right,contig,WRM,PTT,3,0.5,1,1136,53,1112,68,QOTu-HSsrc,arc segments,,0.5709332915207582,0.104,0.24528301886792453
Right,contig,WRM,PTT,3,0.5,1,1136,53,1112,68,QOTu-PCA,arc segments,16.0,0.5198087074687713,0.06,0.16981132075471697
Right,contig,WRM,PTT,3,0.5,1,1136,53,1112,68,QOTc-HS4,arc labels,,0.6795850101918153,0.22115384615384615,0.4339622641509434
Right,contig,WRM,PTT,3,0.5,1,1136,53,1112,68,QOTc-HSsrc,arc labels,,0.5733200926845415,0.07929515418502203,0.33962264150943394
Right,contig,WRM,PTT,3,0.5,1,1136,53,1112,68,QOTc-PCA,arc labels,64.0,0.49499991289046846,0.0423728813559322,0.09433962264150944
Right,contig,WRM,PTT,3,0.5,1,1136,53,1112,68,SDM-HS4,arc labels,,0.6697677659889545,0.12796208530805686,0.5094339622641509
Right,contig,WRM,PTT,3,0.5,1,1136,53,1112,68,SDM-HSsrc,arc labels,,0.5809247547866687,0.06806282722513089,0.49056603773584906
Right,contig,WRM,PTT,3,0.5,1,1136,53,1112,68,SDM-PCA,arc labels,32.0,0.4228557988815136,0.025,0.16981132075471697
Right,contig,WRM,PTT,4,0.05,1,1136,51,114,10,NoAdapt,nothing,,0.56747989518388,0.054285714285714284,0.7450980392156863
Right,contig,WRM,PTT,4,0.05,1,1136,51,114,10,TargetOnly,arc labels,,0.4138700641546942,0.014492753623188406,0.0784313725490196
Right,contig,WRM,PTT,4,0.05,1,1136,51,114,10,Source+Target,arc labels,,0.6056383843860125,0.0683371298405467,0.5882352941176471
Right,contig,WRM,PTT,4,0.05,1,1136,51,114,10,COT,arc labels,,0.467253998373543,0.038135593220338986,0.35294117647058826
Right,contig,WRM,PTT,4,0.05,1,1136,51,114,10,none-HS4,arc labels,,0.5211077979578929,0.047149122807017545,0.8431372549019608
Right,contig,WRM,PTT,4,0.05,1,1136,51,114,10,none-HSsrc,nothing,,0.5341375259781332,0.04856512141280353,0.8627450980392157
Right,contig,WRM,PTT,4,0.05,1,1136,51,114,10,none-PCA,arc segments,32.0,0.4621487304599259,0.03912363067292645,0.49019607843137253
Right,contig,WRM,PTT,4,0.05,1,1136,51,114,10,QOTu-HS4,arc labels,,0.4895274238727749,0.022222222222222223,0.0196078431372549
Right,contig,WRM,PTT,4,0.05,1,1136,51,114,10,QOTu-HSsrc,arc segments,,0.5417728381675251,0.13953488372093023,0.11764705882352941
Right,contig,WRM,PTT,4,0.05,1,1136,51,114,10,QOTu-PCA,arc segments,32.0,0.5843498689798501,0.07166123778501629,0.43137254901960786
Right,contig,WRM,PTT,4,0.05,1,1136,51,114,10,QOTc-HS4,arc labels,,0.48517213336947684,0.030303030303030304,0.058823529411764705
Right,contig,WRM,PTT,4,0.05,1,1136,51,114,10,QOTc-HSsrc,arc labels,,0.5091352670100298,0.06382978723404255,0.058823529411764705
Right,contig,WRM,PTT,4,0.05,1,1136,51,114,10,QOTc-PCA,arc labels,64.0,0.45567904581187313,0.018404907975460124,0.058823529411764705
Right,contig,WRM,PTT,4,0.05,1,1136,51,114,10,SDM-HS4,arc labels,,0.490955091714105,0.03816793893129771,0.09803921568627451
Right,contig,WRM,PTT,4,0.05,1,1136,51,114,10,SDM-HSsrc,arc labels,,0.5360350591849643,0.08,0.1568627450980392
Right,contig,WRM,PTT,4,0.05,1,1136,51,114,10,SDM-PCA,arc labels,64.0,0.4827866630523177,0.03508771929824561,0.11764705882352941
Right,contig,WRM,PTT,4,0.1,1,1136,51,227,22,NoAdapt,nothing,,0.56747989518388,0.054285714285714284,0.7450980392156863
Right,contig,WRM,PTT,4,0.1,1,1136,51,227,22,TargetOnly,arc labels,,0.5626366675702539,0.35,0.13725490196078433
Right,contig,WRM,PTT,4,0.1,1,1136,51,227,22,Source+Target,arc labels,,0.6734616427216047,0.12,0.5294117647058824
Right,contig,WRM,PTT,4,0.1,1,1136,51,227,22,COT,arc labels,,0.5474292942983645,0.1320754716981132,0.13725490196078433
Right,contig,WRM,PTT,4,0.1,1,1136,51,227,22,none-HS4,arc labels,,0.5382849914159212,0.04905239687848383,0.8627450980392157
Right,contig,WRM,PTT,4,0.1,1,1136,51,227,22,none-HSsrc,nothing,,0.5341375259781332,0.04856512141280353,0.8627450980392157
Right,contig,WRM,PTT,4,0.1,1,1136,51,227,22,none-PCA,arc segments,16.0,0.5851179181349959,0.05701754385964912,0.7647058823529411
Right,contig,WRM,PTT,4,0.1,1,1136,51,227,22,QOTu-HS4,arc labels,,0.5451251468329267,0.1206896551724138,0.13725490196078433
Right,contig,WRM,PTT,4,0.1,1,1136,51,227,22,QOTu-HSsrc,arc segments,,0.5413120086744375,0.13636363636363635,0.11764705882352941
Right,contig,WRM,PTT,4,0.1,1,1136,51,227,22,QOTu-PCA,arc segments,32.0,0.671907472666486,0.18803418803418803,0.43137254901960786
Right,contig,WRM,PTT,4,0.1,1,1136,51,227,22,QOTc-HS4,arc labels,,0.5184783590855697,0.08163265306122448,0.0784313725490196
Right,contig,WRM,PTT,4,0.1,1,1136,51,227,22,QOTc-HSsrc,arc labels,,0.5180175295924822,0.08,0.0784313725490196
Right,contig,WRM,PTT,4,0.1,1,1136,51,227,22,QOTc-PCA,arc labels,32.0,0.618613897171772,0.16161616161616163,0.3137254901960784
Right,contig,WRM,PTT,4,0.1,1,1136,51,227,22,SDM-HS4,arc labels,,0.5211620131923738,0.06363636363636363,0.13725490196078433
Right,contig,WRM,PTT,4,0.1,1,1136,51,227,22,SDM-HSsrc,arc labels,,0.514918225354658,0.06329113924050633,0.09803921568627451
Right,contig,WRM,PTT,4,0.1,1,1136,51,227,22,SDM-PCA,arc labels,16.0,0.5072919490376796,0.058823529411764705,0.058823529411764705
Right,contig,WRM,PTT,4,0.2,1,1136,51,454,45,NoAdapt,nothing,,0.56747989518388,0.054285714285714284,0.7450980392156863
Right,contig,WRM,PTT,4,0.2,1,1136,51,454,45,TargetOnly,arc labels,,0.7050871961687901,0.4888888888888889,0.43137254901960786
Right,contig,WRM,PTT,4,0.2,1,1136,51,454,45,Source+Target,arc labels,,0.7117104906478721,0.19014084507042253,0.5294117647058824
Right,contig,WRM,PTT,4,0.2,1,1136,51,454,45,COT,arc labels,,0.7037047076895274,0.4583333333333333,0.43137254901960786
Right,contig,WRM,PTT,4,0.2,1,1136,51,454,45,none-HS4,arc labels,,0.5372368302159574,0.04903078677309008,0.8431372549019608
Right,contig,WRM,PTT,4,0.2,1,1136,51,454,45,none-HSsrc,nothing,,0.5341375259781332,0.04856512141280353,0.8627450980392157
Right,contig,WRM,PTT,4,0.2,1,1136,51,454,45,none-PCA,arc segments,16.0,0.5805909460558417,0.05741626794258373,0.7058823529411765
Right,contig,WRM,PTT,4,0.2,1,1136,51,454,45,QOTu-HS4,arc labels,,0.5651938194632692,0.15254237288135594,0.17647058823529413
Right,contig,WRM,PTT,4,0.2,1,1136,51,454,45,QOTu-HSsrc,arc segments,,0.5778892202042107,0.14473684210526316,0.21568627450980393
Right,contig,WRM,PTT,4,0.2,1,1136,51,454,45,QOTu-PCA,arc segments,32.0,0.6752597813318876,0.17424242424242425,0.45098039215686275
Right,contig,WRM,PTT,4,0.2,1,1136,51,454,45,QOTc-HS4,arc labels,,0.6791542423420982,0.26582278481012656,0.4117647058823529
Right,contig,WRM,PTT,4,0.2,1,1136,51,454,45,QOTc-HSsrc,arc labels,,0.5734074274871239,0.1111111111111111,0.23529411764705882
Right,contig,WRM,PTT,4,0.2,1,1136,51,454,45,QOTc-PCA,arc labels,64.0,0.6027740128309389,0.5,0.21568627450980393
Right,contig,WRM,PTT,4,0.2,1,1136,51,454,45,SDM-HS4,arc labels,,0.6773109243697479,0.25301204819277107,0.4117647058823529
Right,contig,WRM,PTT,4,0.2,1,1136,51,454,45,SDM-HSsrc,arc labels,,0.5291226167886509,0.06956521739130435,0.1568627450980392
Right,contig,WRM,PTT,4,0.2,1,1136,51,454,45,SDM-PCA,arc labels,64.0,0.6006054034517032,0.0782312925170068,0.45098039215686275
Right,contig,WRM,PTT,4,0.3,1,1136,51,682,52,NoAdapt,nothing,,0.56747989518388,0.054285714285714284,0.7450980392156863
Right,contig,WRM,PTT,4,0.3,1,1136,51,682,52,TargetOnly,arc labels,,0.7046263666757026,0.4782608695652174,0.43137254901960786
Right,contig,WRM,PTT,4,0.3,1,1136,51,682,52,Source+Target,arc labels,,0.7105358272341195,0.25,0.49019607843137253
Right,contig,WRM,PTT,4,0.3,1,1136,51,682,52,COT,arc labels,,0.6939007861208999,0.44680851063829785,0.4117647058823529
Right,contig,WRM,PTT,4,0.3,1,1136,51,682,52,none-HS4,arc labels,,0.5652209270805096,0.05289672544080604,0.8235294117647058
Right,contig,WRM,PTT,4,0.3,1,1136,51,682,52,none-HSsrc,nothing,,0.5341375259781332,0.04856512141280353,0.8627450980392157
Right,contig,WRM,PTT,4,0.3,1,1136,51,682,52,none-PCA,arc segments,32.0,0.467217854883889,0.03980891719745223,0.49019607843137253
Right,contig,WRM,PTT,4,0.3,1,1136,51,682,52,QOTu-HS4,arc labels,,0.5788108791903859,0.14864864864864866,0.21568627450980393
Right,contig,WRM,PTT,4,0.3,1,1136,51,682,52,QOTu-HSsrc,arc segments,,0.5646516671184603,0.09448818897637795,0.23529411764705882
Right,contig,WRM,PTT,4,0.3,1,1136,51,682,52,QOTu-PCA,arc segments,32.0,0.6693955001355381,0.1437125748502994,0.47058823529411764
Right,contig,WRM,PTT,4,0.3,1,1136,51,682,52,QOTc-HS4,arc labels,,0.6492816481431283,0.23376623376623376,0.35294117647058826
Right,contig,WRM,PTT,4,0.3,1,1136,51,682,52,QOTc-HSsrc,arc labels,,0.5738682569802115,0.11214953271028037,0.23529411764705882
Right,contig,WRM,PTT,4,0.3,1,1136,51,682,52,QOTc-PCA,arc labels,64.0,0.5154603776994668,0.18181818181818182,0.0392156862745098
Right,contig,WRM,PTT,4,0.3,1,1136,51,682,52,SDM-HS4,arc labels,,0.7091533387548568,0.24271844660194175,0.49019607843137253
Right,contig,WRM,PTT,4,0.3,1,1136,51,682,52,SDM-HSsrc,arc labels,,0.5502394506189573,0.08088235294117647,0.21568627450980393
Right,contig,WRM,PTT,4,0.3,1,1136,51,682,52,SDM-PCA,arc labels,64.0,0.6173669467787115,0.07588075880758807,0.5490196078431373
Right,contig,WRM,PTT,4,0.5,1,1136,51,1114,69,NoAdapt,nothing,,0.56747989518388,0.054285714285714284,0.7450980392156863
Right,contig,WRM,PTT,4,0.5,1,1136,51,1114,69,TargetOnly,arc labels,,0.6742929429836451,0.4222222222222222,0.37254901960784315
Right,contig,WRM,PTT,4,0.5,1,1136,51,1114,69,Source+Target,arc labels,,0.6901328273244782,0.19672131147540983,0.47058823529411764
Right,contig,WRM,PTT,4,0.5,1,1136,51,1114,69,COT,arc labels,,0.4859672901418632,0.02666666666666667,0.0392156862745098
Right,contig,WRM,PTT,4,0.5,1,1136,51,1114,69,none-HS4,arc labels,,0.6214421252371917,0.0625,0.8235294117647058
Right,contig,WRM,PTT,4,0.5,1,1136,51,1114,69,none-HSsrc,nothing,,0.5341375259781332,0.04856512141280353,0.8627450980392157
Right,contig,WRM,PTT,4,0.5,1,1136,51,1114,69,none-PCA,arc segments,16.0,0.5575042920393964,0.05442176870748299,0.6274509803921569
Right,contig,WRM,PTT,4,0.5,1,1136,51,1114,69,QOTu-HS4,arc labels,,0.5806541971627361,0.15714285714285714,0.21568627450980393
Right,contig,WRM,PTT,4,0.5,1,1136,51,1114,69,QOTu-HSsrc,arc segments,,0.5669558145838981,0.09836065573770492,0.23529411764705882
Right,contig,WRM,PTT,4,0.5,1,1136,51,1114,69,QOTu-PCA,arc segments,16.0,0.5164272160477094,0.061224489795918366,0.11764705882352941
Right,contig,WRM,PTT,4,0.5,1,1136,51,1114,69,QOTc-HS4,arc labels,,0.6800759013282732,0.2727272727272727,0.4117647058823529
Right,contig,WRM,PTT,4,0.5,1,1136,51,1114,69,QOTc-HSsrc,arc labels,,0.5743742658353663,0.08205128205128205,0.3137254901960784
Right,contig,WRM,PTT,4,0.5,1,1136,51,1114,69,QOTc-PCA,arc labels,64.0,0.5892021324658896,0.13541666666666666,0.2549019607843137
Right,contig,WRM,PTT,4,0.5,1,1136,51,1114,69,SDM-HS4,arc labels,,0.6897985000451794,0.1724137931034483,0.49019607843137253
Right,contig,WRM,PTT,4,0.5,1,1136,51,1114,69,SDM-HSsrc,arc labels,,0.5842233667660612,0.07368421052631578,0.4117647058823529
Right,contig,WRM,PTT,4,0.5,1,1136,51,1114,69,SDM-PCA,arc labels,32.0,0.5771844221559591,0.07194244604316546,0.39215686274509803
Right,contig,WRM,PTT,5,0.05,1,1136,19,114,20,NoAdapt,nothing,,0.36111765537388685,0.008968609865470852,0.3157894736842105
Right,contig,WRM,PTT,5,0.05,1,1136,19,114,20,TargetOnly,arc labels,,0.5200490034396645,0.06666666666666667,0.05263157894736842
Right,contig,WRM,PTT,5,0.05,1,1136,19,114,20,Source+Target,arc labels,,0.48977524383923104,0.015267175572519083,0.21052631578947367
Right,contig,WRM,PTT,5,0.05,1,1136,19,114,20,COT,arc labels,,0.5280827404231259,0.02027027027027027,0.3157894736842105
Right,contig,WRM,PTT,5,0.05,1,1136,19,114,20,none-HS4,arc labels,,0.40710549875135466,0.012972972972972972,0.631578947368421
Right,contig,WRM,PTT,5,0.05,1,1136,19,114,20,none-HSsrc,nothing,,0.423667718984121,0.013513513513513514,0.631578947368421
Right,contig,WRM,PTT,5,0.05,1,1136,19,114,20,none-PCA,arc segments,4.0,0.44831079489233383,0.013108614232209739,0.3684210526315789
Right,contig,WRM,PTT,5,0.05,1,1136,19,114,20,QOTu-HS4,arc labels,,0.4928379588182632,0.0,0.0
Right,contig,WRM,PTT,5,0.05,1,1136,19,114,20,QOTu-HSsrc,arc segments,,0.4923903312444047,0.0,0.0
Right,contig,WRM,PTT,5,0.05,1,1136,19,114,20,QOTu-PCA,arc segments,32.0,0.501696272911464,0.017857142857142856,0.05263157894736842
Right,contig,WRM,PTT,5,0.05,1,1136,19,114,20,QOTc-HS4,arc labels,,0.4986571172784244,0.0,0.0
Right,contig,WRM,PTT,5,0.05,1,1136,19,114,20,QOTc-HSsrc,arc labels,,0.4884088017716628,0.015957446808510637,0.47368421052631576
Right,contig,WRM,PTT,5,0.05,1,1136,19,114,20,QOTc-PCA,arc labels,32.0,0.5605004005088818,0.038461538461538464,0.21052631578947367
Right,contig,WRM,PTT,5,0.05,1,1136,19,114,20,SDM-HS4,arc labels,,0.5,0.0,0.0
Right,contig,WRM,PTT,5,0.05,1,1136,19,114,20,SDM-HSsrc,arc labels,,0.4912830419827545,0.01598173515981735,0.3684210526315789
Right,contig,WRM,PTT,5,0.05,1,1136,19,114,20,SDM-PCA,arc labels,32.0,0.49479338453564525,0.015706806282722512,0.15789473684210525
Right,contig,WRM,PTT,5,0.1,1,1136,19,227,23,NoAdapt,nothing,,0.36111765537388685,0.008968609865470852,0.3157894736842105
Right,contig,WRM,PTT,5,0.1,1,1136,19,227,23,TargetOnly,arc labels,,0.4991047448522829,0.0,0.0
Right,contig,WRM,PTT,5,0.1,1,1136,19,227,23,Source+Target,arc labels,,0.4722470904207699,0.0,0.0
Right,contig,WRM,PTT,5,0.1,1,1136,19,227,23,COT,arc labels,,0.4968666069829902,0.0,0.0
Right,contig,WRM,PTT,5,0.1,1,1136,19,227,23,none-HS4,arc labels,,0.41516279508080856,0.013230429988974642,0.631578947368421
Right,contig,WRM,PTT,5,0.1,1,1136,19,227,23,none-HSsrc,nothing,,0.423667718984121,0.013513513513513514,0.631578947368421
Right,contig,WRM,PTT,5,0.1,1,1136,19,227,23,none-PCA,arc segments,4.0,0.43264382980728455,0.012302284710017574,0.3684210526315789
Right,contig,WRM,PTT,5,0.1,1,1136,19,227,23,QOTu-HS4,arc labels,,0.4941808415398389,0.0,0.0
Right,contig,WRM,PTT,5,0.1,1,1136,19,227,23,QOTu-HSsrc,arc segments,,0.4905998209489705,0.0,0.0
Right,contig,WRM,PTT,5,0.1,1,1136,19,227,23,QOTu-PCA,arc segments,32.0,0.497667624746737,0.015384615384615385,0.05263157894736842
Right,contig,WRM,PTT,5,0.1,1,1136,19,227,23,QOTc-HS4,arc labels,,0.4995523724261415,0.0,0.0
Right,contig,WRM,PTT,5,0.1,1,1136,19,227,23,QOTc-HSsrc,arc labels,,0.4921782971304717,0.016055045871559634,0.3684210526315789
Right,contig,WRM,PTT,5,0.1,1,1136,19,227,23,QOTc-PCA,arc labels,32.0,0.4986571172784244,0.0,0.0
Right,contig,WRM,PTT,5,0.1,1,1136,19,227,23,SDM-HS4,arc labels,,0.4995523724261415,0.0,0.0
Right,contig,WRM,PTT,5,0.1,1,1136,19,227,23,SDM-HSsrc,arc labels,,0.4610328417283136,0.012953367875647668,0.2631578947368421
Right,contig,WRM,PTT,5,0.1,1,1136,19,227,23,SDM-PCA,arc labels,64.0,0.5402158036092918,0.01858736059479554,0.7894736842105263
Right,contig,WRM,PTT,5,0.2,1,1136,19,454,39,NoAdapt,nothing,,0.36111765537388685,0.008968609865470852,0.3157894736842105
Right,contig,WRM,PTT,5,0.2,1,1136,19,454,39,TargetOnly,arc labels,,0.4995523724261415,0.0,0.0
Right,contig,WRM,PTT,5,0.2,1,1136,19,454,39,Source+Target,arc labels,,0.4767233661593554,0.0,0.0
Right,contig,WRM,PTT,5,0.2,1,1136,19,454,39,COT,arc labels,,0.4968666069829902,0.0,0.0
Right,contig,WRM,PTT,5,0.2,1,1136,19,454,39,none-HS4,arc labels,,0.42769636714884796,0.013651877133105802,0.631578947368421
Right,contig,WRM,PTT,5,0.2,1,1136,19,454,39,none-HSsrc,nothing,,0.423667718984121,0.013513513513513514,0.631578947368421
Right,contig,WRM,PTT,5,0.2,1,1136,19,454,39,none-PCA,arc segments,4.0,0.41115770626207415,0.011345218800648298,0.3684210526315789
Right,contig,WRM,PTT,5,0.2,1,1136,19,454,39,QOTu-HS4,arc labels,,0.4914950760966876,0.0,0.0
Right,contig,WRM,PTT,5,0.2,1,1136,19,454,39,QOTu-HSsrc,arc segments,,0.4883616830796777,0.0,0.0
Right,contig,WRM,PTT,5,0.2,1,1136,19,454,39,QOTu-PCA,arc segments,4.0,0.4955237242614145,0.0,0.0
Right,contig,WRM,PTT,5,0.2,1,1136,19,454,39,QOTc-HS4,arc labels,,0.4991047448522829,0.0,0.0
Right,contig,WRM,PTT,5,0.2,1,1136,19,454,39,QOTc-HSsrc,arc labels,,0.4677708146821844,0.0,0.0
Right,contig,WRM,PTT,5,0.2,1,1136,19,454,39,QOTc-PCA,arc labels,64.0,0.4928379588182632,0.0,0.0
Right,contig,WRM,PTT,5,0.2,1,1136,19,454,39,SDM-HS4,arc labels,,0.4964189794091316,0.0,0.0
Right,contig,WRM,PTT,5,0.2,1,1136,19,454,39,SDM-HSsrc,arc labels,,0.39570277529095793,0.0,0.0
Right,contig,WRM,PTT,5,0.2,1,1136,19,454,39,SDM-PCA,arc labels,32.0,0.5646939640955567,0.025547445255474453,0.3684210526315789
Right,contig,WRM,PTT,5,0.3,1,1136,19,682,48,NoAdapt,nothing,,0.36111765537388685,0.008968609865470852,0.3157894736842105
Right,contig,WRM,PTT,5,0.3,1,1136,19,682,48,TargetOnly,arc labels,,0.4995523724261415,0.0,0.0
Right,contig,WRM,PTT,5,0.3,1,1136,19,682,48,Source+Target,arc labels,,0.482094897045658,0.0,0.0
Right,contig,WRM,PTT,5,0.3,1,1136,19,682,48,COT,arc labels,,0.4959713518352731,0.0,0.0
Right,contig,WRM,PTT,5,0.3,1,1136,19,682,48,none-HS4,arc labels,,0.41042736653630496,0.012531328320802004,0.5263157894736842
Right,contig,WRM,PTT,5,0.3,1,1136,19,682,48,none-HSsrc,nothing,,0.423667718984121,0.013513513513513514,0.631578947368421
Right,contig,WRM,PTT,5,0.3,1,1136,19,682,48,none-PCA,arc segments,4.0,0.40757668567120575,0.0112,0.3684210526315789
Right,contig,WRM,PTT,5,0.3,1,1136,19,682,48,QOTu-HS4,arc labels,,0.4901521933751119,0.0,0.0
Right,contig,WRM,PTT,5,0.3,1,1136,19,682,48,QOTu-HSsrc,arc segments,,0.4825425246195166,0.0,0.0
Right,contig,WRM,PTT,5,0.3,1,1136,19,682,48,QOTu-PCA,arc segments,32.0,0.474838618479951,0.008620689655172414,0.05263157894736842
Right,contig,WRM,PTT,5,0.3,1,1136,19,682,48,QOTc-HS4,arc labels,,0.4905998209489705,0.0,0.0
Right,contig,WRM,PTT,5,0.3,1,1136,19,682,48,QOTc-HSsrc,arc labels,,0.4829901521933751,0.0,0.0
Right,contig,WRM,PTT,5,0.3,1,1136,19,682,48,QOTc-PCA,arc labels,64.0,0.5124393346840692,0.03125,0.05263157894736842
Right,contig,WRM,PTT,5,0.3,1,1136,19,682,48,SDM-HS4,arc labels,,0.491047448522829,0.0,0.0
Right,contig,WRM,PTT,5,0.3,1,1136,19,682,48,SDM-HSsrc,arc labels,,0.44897045658012535,0.0,0.0
Right,contig,WRM,PTT,5,0.3,1,1136,19,682,48,SDM-PCA,arc labels,32.0,0.4618574188380531,0.006896551724137931,0.05263157894736842
Right,contig,WRM,PTT,5,0.5,1,1136,19,1112,99,NoAdapt,nothing,,0.36111765537388685,0.008968609865470852,0.3157894736842105
Right,contig,WRM,PTT,5,0.5,1,1136,19,1112,99,TargetOnly,arc labels,,0.4968666069829902,0.0,0.0
Right,contig,WRM,PTT,5,0.5,1,1136,19,1112,99,Source+Target,arc labels,,0.4843330349149508,0.0,0.0
Right,contig,WRM,PTT,5,0.5,1,1136,19,1112,99,COT,arc labels,,0.4709042076991943,0.0,0.0
Right,contig,WRM,PTT,5,0.5,1,1136,19,1112,99,none-HS4,arc labels,,0.39386514630353864,0.011976047904191617,0.5263157894736842
Right,contig,WRM,PTT,5,0.5,1,1136,19,1112,99,none-HSsrc,nothing,,0.423667718984121,0.013513513513513514,0.631578947368421
Right,contig,WRM,PTT,5,0.5,1,1136,19,1112,99,none-PCA,arc segments,4.0,0.41813127267587047,0.012482662968099861,0.47368421052631576
Right,contig,WRM,PTT,5,0.5,1,1136,19,1112,99,QOTu-HS4,arc labels,,0.4914950760966876,0.0,0.0
Right,contig,WRM,PTT,5,0.5,1,1136,19,1112,99,QOTu-HSsrc,arc segments,,0.4883616830796777,0.0,0.0
Right,contig,WRM,PTT,5,0.5,1,1136,19,1112,99,QOTu-PCA,arc segments,4.0,0.482094897045658,0.0,0.0
Right,contig,WRM,PTT,5,0.5,1,1136,19,1112,99,QOTc-HS4,arc labels,,0.4973142345568487,0.0,0.0
Right,contig,WRM,PTT,5,0.5,1,1136,19,1112,99,QOTc-HSsrc,arc labels,,0.4565801253357207,0.0,0.0
Right,contig,WRM,PTT,5,0.5,1,1136,19,1112,99,QOTc-PCA,arc labels,64.0,0.4646374216651746,0.0,0.0
Right,contig,WRM,PTT,5,0.5,1,1136,19,1112,99,SDM-HS4,arc labels,,0.49901050746831266,0.016129032258064516,0.05263157894736842
Right,contig,WRM,PTT,5,0.5,1,1136,19,1112,99,SDM-HSsrc,arc labels,,0.48647693540027326,0.011111111111111112,0.05263157894736842
Right,contig,WRM,PTT,5,0.5,1,1136,19,1112,99,SDM-PCA,arc labels,64.0,0.6345945436554681,0.03081232492997199,0.5789473684210527
Right,contig,WRM,PTT,6,0.05,0,1136,36,114,0,NoAdapt,nothing,,0.5716161616161617,0.03856749311294766,0.7777777777777778
Right,contig,WRM,PTT,6,0.05,0,1136,36,114,0,TargetOnly,arc labels,,,,
Right,contig,WRM,PTT,6,0.05,0,1136,36,114,0,Source+Target,arc labels,,,,
Right,contig,WRM,PTT,6,0.05,0,1136,36,114,0,COT,arc labels,,,,
Right,contig,WRM,PTT,6,0.05,0,1136,36,114,0,none-HS4,arc labels,,,,
Right,contig,WRM,PTT,6,0.05,0,1136,36,114,0,none-HSsrc,nothing,,0.5045959595959596,0.032044198895027624,0.8055555555555556
Right,contig,WRM,PTT,6,0.05,0,1136,36,114,0,none-PCA,arc segments,16.0,0.5201010101010102,0.033846153846153845,0.6111111111111112
Right,contig,WRM,PTT,6,0.05,0,1136,36,114,0,QOTu-HS4,arc labels,,,,
Right,contig,WRM,PTT,6,0.05,0,1136,36,114,0,QOTu-HSsrc,arc segments,,0.7576767676767677,0.11261261261261261,0.6944444444444444
Right,contig,WRM,PTT,6,0.05,0,1136,36,114,0,QOTu-PCA,arc segments,64.0,0.6976262626262626,0.07903780068728522,0.6388888888888888
Right,contig,WRM,PTT,6,0.05,0,1136,36,114,0,QOTc-HS4,arc labels,,,,
Right,contig,WRM,PTT,6,0.05,0,1136,36,114,0,QOTc-HSsrc,arc labels,,,,
Right,contig,WRM,PTT,6,0.05,0,1136,36,114,0,QOTc-PCA,arc labels,,,,
Right,contig,WRM,PTT,6,0.05,0,1136,36,114,0,SDM-HS4,arc labels,,,,
Right,contig,WRM,PTT,6,0.05,0,1136,36,114,0,SDM-HSsrc,arc labels,,,,
Right,contig,WRM,PTT,6,0.05,0,1136,36,114,0,SDM-PCA,arc labels,,,,
Right,contig,WRM,PTT,6,0.1,1,1136,36,227,12,NoAdapt,nothing,,0.5716161616161617,0.03856749311294766,0.7777777777777778
Right,contig,WRM,PTT,6,0.1,1,1136,36,227,12,TargetOnly,arc labels,,0.49772727272727274,0.0,0.0
Right,contig,WRM,PTT,6,0.1,1,1136,36,227,12,Source+Target,arc labels,,0.7306565656565657,0.08306709265175719,0.7222222222222222
Right,contig,WRM,PTT,6,0.1,1,1136,36,227,12,COT,arc labels,,0.4961616161616162,0.025,0.027777777777777776
Right,contig,WRM,PTT,6,0.1,1,1136,36,227,12,none-HS4,arc labels,,0.5095454545454545,0.032490974729241874,0.75
Right,contig,WRM,PTT,6,0.1,1,1136,36,227,12,none-HSsrc,nothing,,0.5045959595959596,0.032044198895027624,0.8055555555555556
Right,contig,WRM,PTT,6,0.1,1,1136,36,227,12,none-PCA,arc segments,16.0,0.4955050505050505,0.031201248049921998,0.5555555555555556
Right,contig,WRM,PTT,6,0.1,1,1136,36,227,12,QOTu-HS4,arc labels,,0.7256060606060606,0.09195402298850575,0.6666666666666666
Right,contig,WRM,PTT,6,0.1,1,1136,36,227,12,QOTu-HSsrc,arc segments,,0.7526767676767676,0.1072961373390558,0.6944444444444444
Right,contig,WRM,PTT,6,0.1,1,1136,36,227,12,QOTu-PCA,arc segments,16.0,0.7504040404040404,0.10504201680672269,0.6944444444444444
Right,contig,WRM,PTT,6,0.1,1,1136,36,227,12,QOTc-HS4,arc labels,,0.5234848484848484,0.06976744186046512,0.08333333333333333
Right,contig,WRM,PTT,6,0.1,1,1136,36,227,12,QOTc-HSsrc,arc labels,,0.41075757575757577,0.020869565217391306,0.3333333333333333
Right,contig,WRM,PTT,6,0.1,1,1136,36,227,12,QOTc-PCA,arc labels,32.0,0.47075757575757576,0.018867924528301886,0.08333333333333333
Right,contig,WRM,PTT,6,0.1,1,1136,36,227,12,SDM-HS4,arc labels,,0.5014141414141414,0.03333333333333333,0.05555555555555555
Right,contig,WRM,PTT,6,0.1,1,1136,36,227,12,SDM-HSsrc,arc labels,,0.4091919191919192,0.021311475409836064,0.3611111111111111
Right,contig,WRM,PTT,6,0.1,1,1136,36,227,12,SDM-PCA,arc labels,8.0,0.4957070707070707,0.024390243902439025,0.027777777777777776
Right,contig,WRM,PTT,6,0.2,1,1136,36,454,24,NoAdapt,nothing,,0.5716161616161617,0.03856749311294766,0.7777777777777778
Right,contig,WRM,PTT,6,0.2,1,1136,36,454,24,TargetOnly,arc labels,,0.7364141414141414,0.18018018018018017,0.5555555555555556
Right,contig,WRM,PTT,6,0.2,1,1136,36,454,24,Source+Target,arc labels,,0.779949494949495,0.14450867052023122,0.6944444444444444
Right,contig,WRM,PTT,6,0.2,1,1136,36,454,24,COT,arc labels,,0.7605555555555557,0.18181818181818182,0.6111111111111112
Right,contig,WRM,PTT,6,0.2,1,1136,36,454,24,none-HS4,arc labels,,0.4995454545454545,0.031652989449003514,0.75
Right,contig,WRM,PTT,6,0.2,1,1136,36,454,24,none-HSsrc,nothing,,0.5045959595959596,0.032044198895027624,0.8055555555555556
Right,contig,WRM,PTT,6,0.2,1,1136,36,454,24,none-PCA,arc segments,4.0,0.5561111111111111,0.03730272596843615,0.7222222222222222
Right,contig,WRM,PTT,6,0.2,1,1136,36,454,24,QOTu-HS4,arc labels,,0.7533333333333333,0.12,0.6666666666666666
Right,contig,WRM,PTT,6,0.2,1,1136,36,454,24,QOTu-HSsrc,arc segments,,0.7456060606060606,0.11059907834101383,0.6666666666666666
Right,contig,WRM,PTT,6,0.2,1,1136,36,454,24,QOTu-PCA,arc segments,4.0,0.7774242424242424,0.16326530612244897,0.6666666666666666
Right,contig,WRM,PTT,6,0.2,1,1136,36,454,24,QOTc-HS4,arc labels,,0.7072727272727273,0.16071428571428573,0.5
Right,contig,WRM,PTT,6,0.2,1,1136,36,454,24,QOTc-HSsrc,arc labels,,0.5753030303030303,0.04225352112676056,0.5833333333333334
Right,contig,WRM,PTT,6,0.2,1,1136,36,454,24,QOTc-PCA,arc labels,64.0,0.7532828282828283,0.16058394160583941,0.6111111111111112
Right,contig,WRM,PTT,6,0.2,1,1136,36,454,24,SDM-HS4,arc labels,,0.7341414141414142,0.1724137931034483,0.5555555555555556
Right,contig,WRM,PTT,6,0.2,1,1136,36,454,24,SDM-HSsrc,arc labels,,0.5687373737373738,0.040515653775322284,0.6111111111111112
Right,contig,WRM,PTT,6,0.2,1,1136,36,454,24,SDM-PCA,arc labels,16.0,0.6665656565656566,0.1,0.4722222222222222
Right,contig,WRM,PTT,6,0.3,1,1136,36,682,38,NoAdapt,nothing,,0.5716161616161617,0.03856749311294766,0.7777777777777778
Right,contig,WRM,PTT,6,0.3,1,1136,36,682,38,TargetOnly,arc labels,,0.7585353535353535,0.1464968152866242,0.6388888888888888
Right,contig,WRM,PTT,6,0.3,1,1136,36,682,38,Source+Target,arc labels,,0.7631313131313131,0.11904761904761904,0.6944444444444444
Right,contig,WRM,PTT,6,0.3,1,1136,36,682,38,COT,arc labels,,0.6911616161616161,0.10614525139664804,0.5277777777777778
Right,contig,WRM,PTT,6,0.3,1,1136,36,682,38,none-HS4,arc labels,,0.5005050505050506,0.03172866520787746,0.8055555555555556
Right,contig,WRM,PTT,6,0.3,1,1136,36,682,38,none-HSsrc,nothing,,0.5045959595959596,0.032044198895027624,0.8055555555555556
Right,contig,WRM,PTT,6,0.3,1,1136,36,682,38,none-PCA,arc segments,4.0,0.5324747474747474,0.03471295060080107,0.7222222222222222
Right,contig,WRM,PTT,6,0.3,1,1136,36,682,38,QOTu-HS4,arc labels,,0.7269696969696969,0.09302325581395349,0.6666666666666666
Right,contig,WRM,PTT,6,0.3,1,1136,36,682,38,QOTu-HSsrc,arc segments,,0.7567676767676768,0.11160714285714286,0.6944444444444444
Right,contig,WRM,PTT,6,0.3,1,1136,36,682,38,QOTu-PCA,arc segments,4.0,0.7765151515151515,0.1610738255033557,0.6666666666666666
Right,contig,WRM,PTT,6,0.3,1,1136,36,682,38,QOTc-HS4,arc labels,,0.7375757575757576,0.15,0.5833333333333334
Right,contig,WRM,PTT,6,0.3,1,1136,36,682,38,QOTc-HSsrc,arc labels,,0.7122222222222222,0.07763975155279502,0.6944444444444444
Right,contig,WRM,PTT,6,0.3,1,1136,36,682,38,QOTc-PCA,arc labels,64.0,0.6476262626262627,0.11965811965811966,0.3888888888888889
Right,contig,WRM,PTT,6,0.3,1,1136,36,682,38,SDM-HS4,arc labels,,0.6927272727272727,0.125,0.5
Right,contig,WRM,PTT,6,0.3,1,1136,36,682,38,SDM-HSsrc,arc labels,,0.7222222222222222,0.08333333333333333,0.6944444444444444
Right,contig,WRM,PTT,6,0.3,1,1136,36,682,38,SDM-PCA,arc labels,64.0,0.5455050505050505,0.03766478342749529,0.5555555555555556
Right,contig,WRM,PTT,6,0.5,1,1136,36,1112,81,NoAdapt,nothing,,0.5716161616161617,0.03856749311294766,0.7777777777777778
Right,contig,WRM,PTT,6,0.5,1,1136,36,1112,81,TargetOnly,arc labels,,0.643080808080808,0.11023622047244094,0.3888888888888889
Right,contig,WRM,PTT,6,0.5,1,1136,36,1112,81,Source+Target,arc labels,,0.7663131313131313,0.12315270935960591,0.6944444444444444
Right,contig,WRM,PTT,6,0.5,1,1136,36,1112,81,COT,arc labels,,0.6986363636363636,0.13740458015267176,0.5
Right,contig,WRM,PTT,6,0.5,1,1136,36,1112,81,none-HS4,arc labels,,0.512979797979798,0.03274853801169591,0.7777777777777778
Right,contig,WRM,PTT,6,0.5,1,1136,36,1112,81,none-HSsrc,nothing,,0.5045959595959596,0.032044198895027624,0.8055555555555556
Right,contig,WRM,PTT,6,0.5,1,1136,36,1112,81,none-PCA,arc segments,4.0,0.5525252525252525,0.036458333333333336,0.7777777777777778
Right,contig,WRM,PTT,6,0.5,1,1136,36,1112,81,QOTu-HS4,arc labels,,0.7246969696969696,0.09125475285171103,0.6666666666666666
Right,contig,WRM,PTT,6,0.5,1,1136,36,1112,81,QOTu-HSsrc,arc segments,,0.7567676767676768,0.11160714285714286,0.6944444444444444
Right,contig,WRM,PTT,6,0.5,1,1136,36,1112,81,QOTu-PCA,arc segments,32.0,0.6747979797979797,0.08837209302325581,0.5277777777777778
Right,contig,WRM,PTT,6,0.5,1,1136,36,1112,81,QOTc-HS4,arc labels,,0.7038888888888889,0.12582781456953643,0.5277777777777778
Right,contig,WRM,PTT,6,0.5,1,1136,36,1112,81,QOTc-HSsrc,arc labels,,0.7026767676767677,0.0728862973760933,0.6944444444444444
Right,contig,WRM,PTT,6,0.5,1,1136,36,1112,81,QOTc-PCA,arc labels,64.0,0.5151515151515151,0.038461538461538464,0.16666666666666666
Right,contig,WRM,PTT,6,0.5,1,1136,36,1112,81,SDM-HS4,arc labels,,0.6262626262626263,0.08536585365853659,0.3888888888888889
Right,contig,WRM,PTT,6,0.5,1,1136,36,1112,81,SDM-HSsrc,arc labels,,0.7131313131313131,0.078125,0.6944444444444444
Right,contig,WRM,PTT,6,0.5,1,1136,36,1112,81,SDM-PCA,arc labels,64.0,0.6013636363636363,0.05217391304347826,0.5
Right,contig,WRM,PTT,7,0.05,1,1136,41,114,3,NoAdapt,nothing,,0.5925047332665108,0.04441913439635535,0.9512195121951219
Right,contig,WRM,PTT,7,0.05,1,1136,41,114,3,TargetOnly,arc labels,,0.5553959238222519,0.049689440993788817,0.3902439024390244
Right,contig,WRM,PTT,7,0.05,1,1136,41,114,3,Source+Target,arc labels,,0.6247354939302818,0.04920212765957447,0.9024390243902439
Right,contig,WRM,PTT,7,0.05,1,1136,41,114,3,COT,arc labels,,0.4365519545606415,0.03145235892691952,0.8292682926829268
Right,contig,WRM,PTT,7,0.05,1,1136,41,114,3,none-HS4,arc labels,,0.5807662323198575,0.04337899543378995,0.926829268292683
Right,contig,WRM,PTT,7,0.05,1,1136,41,114,3,none-HSsrc,nothing,,0.5313175186546386,0.038537549407114624,0.9512195121951219
Right,contig,WRM,PTT,7,0.05,1,1136,41,114,3,none-PCA,arc segments,4.0,0.6754204254371311,0.057722308892355696,0.9024390243902439
Right,contig,WRM,PTT,7,0.05,1,1136,41,114,3,QOTu-HS4,arc labels,,0.6973382336563092,0.06239460370994941,0.9024390243902439
Right,contig,WRM,PTT,7,0.05,1,1136,41,114,3,QOTu-HSsrc,arc segments,,0.7069272747521995,0.06468531468531469,0.9024390243902439
Right,contig,WRM,PTT,7,0.05,1,1136,41,114,3,QOTu-PCA,arc segments,16.0,0.7653747633366745,0.08333333333333333,0.9024390243902439
Right,contig,WRM,PTT,7,0.05,1,1136,41,114,3,QOTc-HS4,arc labels,,0.6160485577458514,0.06666666666666667,0.4878048780487805
Right,contig,WRM,PTT,7,0.05,1,1136,41,114,3,QOTc-HSsrc,arc labels,,0.7051007907339347,0.0642361111111111,0.9024390243902439
Right,contig,WRM,PTT,7,0.05,1,1136,41,114,3,QOTc-PCA,arc labels,64.0,0.4954337899543379,0.0,0.0
Right,contig,WRM,PTT,7,0.05,1,1136,41,114,3,SDM-HS4,arc labels,,0.717128856220069,0.08841463414634146,0.7073170731707317
Right,contig,WRM,PTT,7,0.05,1,1136,41,114,3,SDM-HSsrc,arc labels,,0.7219400824145228,0.07456140350877193,0.8292682926829268
Right,contig,WRM,PTT,7,0.05,1,1136,41,114,3,SDM-PCA,arc labels,16.0,0.4906002895645395,0.02631578947368421,0.04878048780487805
Right,contig,WRM,PTT,7,0.1,1,1136,41,227,4,NoAdapt,nothing,,0.5925047332665108,0.04441913439635535,0.9512195121951219
Right,contig,WRM,PTT,7,0.1,1,1136,41,227,4,TargetOnly,arc labels,,0.45882614990533466,0.01990049751243781,0.0975609756097561
Right,contig,WRM,PTT,7,0.1,1,1136,41,227,4,Source+Target,arc labels,,0.7000779596837065,0.06303236797274275,0.9024390243902439
Right,contig,WRM,PTT,7,0.1,1,1136,41,227,4,COT,arc labels,,0.2592827709099009,0.006269592476489028,0.0975609756097561
Right,contig,WRM,PTT,7,0.1,1,1136,41,227,4,none-HS4,arc labels,,0.6247354939302818,0.04920212765957447,0.9024390243902439
Right,contig,WRM,PTT,7,0.1,1,1136,41,227,4,none-HSsrc,nothing,,0.5313175186546386,0.038537549407114624,0.9512195121951219
Right,contig,WRM,PTT,7,0.1,1,1136,41,227,4,none-PCA,arc segments,4.0,0.6566989642499165,0.054252199413489736,0.9024390243902439
Right,contig,WRM,PTT,7,0.1,1,1136,41,227,4,QOTu-HS4,arc labels,,0.7767902884508298,0.0883054892601432,0.9024390243902439
Right,contig,WRM,PTT,7,0.1,1,1136,41,227,4,QOTu-HSsrc,arc segments,,0.7626350373092772,0.08222222222222222,0.9024390243902439
Right,contig,WRM,PTT,7,0.1,1,1136,41,227,4,QOTu-PCA,arc segments,16.0,0.7941418866243457,0.09711286089238845,0.9024390243902439
Right,contig,WRM,PTT,7,0.1,1,1136,41,227,4,QOTc-HS4,arc labels,,0.49683706426105356,0.035211267605633804,0.24390243902439024
Right,contig,WRM,PTT,7,0.1,1,1136,41,227,4,QOTc-HSsrc,arc labels,,0.7471099231540261,0.07644628099173553,0.9024390243902439
Right,contig,WRM,PTT,7,0.1,1,1136,41,227,4,QOTc-PCA,arc labels,64.0,0.5007795968370642,0.038461538461538464,0.024390243902439025
Right,contig,WRM,PTT,7,0.1,1,1136,41,227,4,SDM-HS4,arc labels,,0.43860118053235325,0.018315018315018316,0.12195121951219512
Right,contig,WRM,PTT,7,0.1,1,1136,41,227,4,SDM-HSsrc,arc labels,,0.7366076400490033,0.07297830374753451,0.9024390243902439
Right,contig,WRM,PTT,7,0.1,1,1136,41,227,4,SDM-PCA,arc labels,16.0,0.5320748412963582,0.0625,0.14634146341463414
Right,contig,WRM,PTT,7,0.2,1,1136,41,454,40,NoAdapt,nothing,,0.5925047332665108,0.04441913439635535,0.9512195121951219
Right,contig,WRM,PTT,7,0.2,1,1136,41,454,40,TargetOnly,arc labels,,0.7872368860674908,0.10862619808306709,0.8292682926829268
Right,contig,WRM,PTT,7,0.2,1,1136,41,454,40,Source+Target,arc labels,,0.8119501058024279,0.10818713450292397,0.9024390243902439
Right,contig,WRM,PTT,7,0.2,1,1136,41,454,40,COT,arc labels,,0.7855440472212942,0.11418685121107267,0.8048780487804879
Right,contig,WRM,PTT,7,0.2,1,1136,41,454,40,none-HS4,arc labels,,0.5585254482681813,0.04124860646599777,0.9024390243902439
Right,contig,WRM,PTT,7,0.2,1,1136,41,454,40,none-HSsrc,nothing,,0.5313175186546386,0.038537549407114624,0.9512195121951219
Right,contig,WRM,PTT,7,0.2,1,1136,41,454,40,none-PCA,arc segments,4.0,0.5842855551843189,0.04352678571428571,0.9512195121951219
Right,contig,WRM,PTT,7,0.2,1,1136,41,454,40,QOTu-HS4,arc labels,,0.8069272747521996,0.1048158640226629,0.9024390243902439
Right,contig,WRM,PTT,7,0.2,1,1136,41,454,40,QOTu-HSsrc,arc segments,,0.7799866354827931,0.08980582524271845,0.9024390243902439
Right,contig,WRM,PTT,7,0.2,1,1136,41,454,40,QOTu-PCA,arc segments,4.0,0.7840962245238892,0.09181141439205956,0.9024390243902439
Right,contig,WRM,PTT,7,0.2,1,1136,41,454,40,QOTc-HS4,arc labels,,0.7642165051787504,0.1038961038961039,0.7804878048780488
Right,contig,WRM,PTT,7,0.2,1,1136,41,454,40,QOTc-HSsrc,arc labels,,0.6059026617663437,0.049441786283891544,0.7560975609756098
Right,contig,WRM,PTT,7,0.2,1,1136,41,454,40,QOTc-PCA,arc labels,32.0,0.7147900657088763,0.104,0.6341463414634146
Right,contig,WRM,PTT,7,0.2,1,1136,41,454,40,SDM-HS4,arc labels,,0.7745851431117051,0.10543130990415335,0.8048780487804879
Right,contig,WRM,PTT,7,0.2,1,1136,41,454,40,SDM-HSsrc,arc labels,,0.6090990087983071,0.05,0.7560975609756098
Right,contig,WRM,PTT,7,0.2,1,1136,41,454,40,SDM-PCA,arc labels,64.0,0.6286223410179308,0.06082725060827251,0.6097560975609756
Right,contig,WRM,PTT,7,0.3,1,1136,41,682,54,NoAdapt,nothing,,0.5925047332665108,0.04441913439635535,0.9512195121951219
Right,contig,WRM,PTT,7,0.3,1,1136,41,682,54,TargetOnly,arc labels,,0.7998886290232765,0.11182108626198083,0.8536585365853658
Right,contig,WRM,PTT,7,0.3,1,1136,41,682,54,Source+Target,arc labels,,0.8165163158480899,0.11144578313253012,0.9024390243902439
Right,contig,WRM,PTT,7,0.3,1,1136,41,682,54,COT,arc labels,,0.7801982403385678,0.11721611721611722,0.7804878048780488
Right,contig,WRM,PTT,7,0.3,1,1136,41,682,54,none-HS4,arc labels,,0.5539592382225192,0.040793825799338476,0.9024390243902439
Right,contig,WRM,PTT,7,0.3,1,1136,41,682,54,none-HSsrc,nothing,,0.5313175186546386,0.038537549407114624,0.9512195121951219
Right,contig,WRM,PTT,7,0.3,1,1136,41,682,54,none-PCA,arc segments,4.0,0.5765229981066934,0.04271631982475356,0.9512195121951219
Right,contig,WRM,PTT,7,0.3,1,1136,41,682,54,QOTu-HS4,arc labels,,0.7868359505512863,0.09319899244332494,0.9024390243902439
Right,contig,WRM,PTT,7,0.3,1,1136,41,682,54,QOTu-HSsrc,arc segments,,0.7530459962133869,0.07855626326963906,0.9024390243902439
Right,contig,WRM,PTT,7,0.3,1,1136,41,682,54,QOTu-PCA,arc segments,4.0,0.7612651742955786,0.08167770419426049,0.9024390243902439
Right,contig,WRM,PTT,7,0.3,1,1136,41,682,54,QOTc-HS4,arc labels,,0.7980621450050116,0.11041009463722397,0.8536585365853658
Right,contig,WRM,PTT,7,0.3,1,1136,41,682,54,QOTc-HSsrc,arc labels,,0.6764673126183316,0.058919803600654665,0.8780487804878049
Right,contig,WRM,PTT,7,0.3,1,1136,41,682,54,QOTc-PCA,arc labels,16.0,0.8265619779485467,0.11935483870967742,0.9024390243902439
Right,contig,WRM,PTT,7,0.3,1,1136,41,682,54,SDM-HS4,arc labels,,0.8197126628800535,0.11384615384615385,0.9024390243902439
Right,contig,WRM,PTT,7,0.3,1,1136,41,682,54,SDM-HSsrc,arc labels,,0.6380554627464083,0.05392156862745098,0.8048780487804879
Right,contig,WRM,PTT,7,0.3,1,1136,41,682,54,SDM-PCA,arc labels,64.0,0.4963581690611426,0.03549060542797495,0.4146341463414634
Right,contig,WRM,PTT,7,0.5,1,1136,41,1124,80,NoAdapt,nothing,,0.5925047332665108,0.04441913439635535,0.9512195121951219
Right,contig,WRM,PTT,7,0.5,1,1136,41,1124,80,TargetOnly,arc labels,,0.7884731039091213,0.10355029585798817,0.8536585365853658
Right,contig,WRM,PTT,7,0.5,1,1136,41,1124,80,Source+Target,arc labels,,0.7945985076289119,0.09736842105263158,0.9024390243902439
Right,contig,WRM,PTT,7,0.5,1,1136,41,1124,80,COT,arc labels,,0.7584140772914578,0.10580204778156997,0.7560975609756098
Right,contig,WRM,PTT,7,0.5,1,1136,41,1124,80,none-HS4,arc labels,,0.55989531128188,0.04138702460850112,0.9024390243902439
Right,contig,WRM,PTT,7,0.5,1,1136,41,1124,80,none-HSsrc,nothing,,0.5313175186546386,0.038537549407114624,0.9512195121951219
Right,contig,WRM,PTT,7,0.5,1,1136,41,1124,80,none-PCA,arc segments,4.0,0.5772469094553959,0.04322429906542056,0.9024390243902439
Right,contig,WRM,PTT,7,0.5,1,1136,41,1124,80,QOTu-HS4,arc labels,,0.7265619779485466,0.06994328922495274,0.9024390243902439
Right,contig,WRM,PTT,7,0.5,1,1136,41,1124,80,QOTu-HSsrc,arc segments,,0.6909455395923823,0.060955518945634266,0.9024390243902439
Right,contig,WRM,PTT,7,0.5,1,1136,41,1124,80,QOTu-PCA,arc segments,4.0,0.7347811560307385,0.07240704500978473,0.9024390243902439
Right,contig,WRM,PTT,7,0.5,1,1136,41,1124,80,QOTc-HS4,arc labels,,0.8041875487248022,0.10306406685236769,0.9024390243902439
Right,contig,WRM,PTT,7,0.5,1,1136,41,1124,80,QOTc-HSsrc,arc labels,,0.647109923154026,0.05263157894736842,0.9024390243902439
Right,contig,WRM,PTT,7,0.5,1,1136,41,1124,80,QOTc-PCA,arc labels,32.0,0.5822029179195901,0.058419243986254296,0.4146341463414634
Right,contig,WRM,PTT,7,0.5,1,1136,41,1124,80,SDM-HS4,arc labels,,0.7846864907005234,0.0962566844919786,0.8780487804878049
Right,contig,WRM,PTT,7,0.5,1,1136,41,1124,80,SDM-HSsrc,arc labels,,0.6565653190778483,0.05352112676056338,0.926829268292683
Right,contig,WRM,PTT,7,0.5,1,1136,41,1124,80,SDM-PCA,arc labels,64.0,0.4840850874262167,0.03395585738539898,0.4878048780487805
Right,contig,WRM,RTT,0,0.05,0,2129,47,213,0,NoAdapt,nothing,,0.868830093813232,0.10436893203883495,0.9148936170212766
Right,contig,WRM,RTT,0,0.05,0,2129,47,213,0,TargetOnly,arc labels,,,,
Right,contig,WRM,RTT,0,0.05,0,2129,47,213,0,Source+Target,arc labels,,,,
Right,contig,WRM,RTT,0,0.05,0,2129,47,213,0,COT,arc labels,,,,
Right,contig,WRM,RTT,0,0.05,0,2129,47,213,0,none-HS4,arc labels,,,,
Right,contig,WRM,RTT,0,0.05,0,2129,47,213,0,none-HSsrc,nothing,,0.8624174791015187,0.09090909090909091,0.9361702127659575
Right,contig,WRM,RTT,0,0.05,0,2129,47,213,0,none-PCA,arc segments,16.0,0.8050003065791894,0.09113300492610837,0.7872340425531915
Right,contig,WRM,RTT,0,0.05,0,2129,47,213,0,QOTu-HS4,arc labels,,,,
Right,contig,WRM,RTT,0,0.05,0,2129,47,213,0,QOTu-HSsrc,arc segments,,0.5501921229586936,0.024479166666666666,1.0
Right,contig,WRM,RTT,0,0.05,0,2129,47,213,0,QOTu-PCA,arc segments,16.0,0.24754225683160627,0.009009009009009009,0.3404255319148936
Right,contig,WRM,RTT,0,0.05,0,2129,47,213,0,QOTc-HS4,arc labels,,,,
Right,contig,WRM,RTT,0,0.05,0,2129,47,213,0,QOTc-HSsrc,arc labels,,,,
Right,contig,WRM,RTT,0,0.05,0,2129,47,213,0,QOTc-PCA,arc labels,,,,
Right,contig,WRM,RTT,0,0.05,0,2129,47,213,0,SDM-HS4,arc labels,,,,
Right,contig,WRM,RTT,0,0.05,0,2129,47,213,0,SDM-HSsrc,arc labels,,,,
Right,contig,WRM,RTT,0,0.05,0,2129,47,213,0,SDM-PCA,arc labels,,,,
Right,contig,WRM,RTT,0,0.1,0,2129,47,426,1,NoAdapt,nothing,,0.868830093813232,0.10436893203883495,0.9148936170212766
Right,contig,WRM,RTT,0,0.1,0,2129,47,426,1,TargetOnly,arc labels,,,,
Right,contig,WRM,RTT,0,0.1,0,2129,47,426,1,Source+Target,arc labels,,,,
Right,contig,WRM,RTT,0,0.1,0,2129,47,426,1,COT,arc labels,,,,
Right,contig,WRM,RTT,0,0.1,0,2129,47,426,1,none-HS4,arc labels,,,,
Right,contig,WRM,RTT,0,0.1,0,2129,47,426,1,none-HSsrc,nothing,,0.8624174791015187,0.09090909090909091,0.9361702127659575
Right,contig,WRM,RTT,0,0.1,0,2129,47,426,1,none-PCA,arc segments,8.0,0.8797085453839393,0.10679611650485436,0.9361702127659575
Right,contig,WRM,RTT,0,0.1,0,2129,47,426,1,QOTu-HS4,arc labels,,,,
Right,contig,WRM,RTT,0,0.1,0,2129,47,426,1,QOTu-HSsrc,arc segments,,0.641138839495575,0.03074866310160428,0.9787234042553191
Right,contig,WRM,RTT,0,0.1,0,2129,47,426,1,QOTu-PCA,arc segments,64.0,0.6004404521021113,0.03144016227180527,0.6595744680851063
Right,contig,WRM,RTT,0,0.1,0,2129,47,426,1,QOTc-HS4,arc labels,,,,
Right,contig,WRM,RTT,0,0.1,0,2129,47,426,1,QOTc-HSsrc,arc labels,,,,
Right,contig,WRM,RTT,0,0.1,0,2129,47,426,1,QOTc-PCA,arc labels,,,,
Right,contig,WRM,RTT,0,0.1,0,2129,47,426,1,SDM-HS4,arc labels,,,,
Right,contig,WRM,RTT,0,0.1,0,2129,47,426,1,SDM-HSsrc,arc labels,,,,
Right,contig,WRM,RTT,0,0.1,0,2129,47,426,1,SDM-PCA,arc labels,,,,
Right,contig,WRM,RTT,0,0.2,1,2129,47,852,15,NoAdapt,nothing,,0.868830093813232,0.10436893203883495,0.9148936170212766
Right,contig,WRM,RTT,0,0.2,1,2129,47,852,15,TargetOnly,arc labels,,0.7773826312669896,0.0710172744721689,0.7872340425531915
Right,contig,WRM,RTT,0,0.2,1,2129,47,852,15,Source+Target,arc labels,,0.8340333558158073,0.09501187648456057,0.851063829787234
Right,contig,WRM,RTT,0,0.2,1,2129,47,852,15,COT,arc labels,,0.44958816195556645,0.013282732447817837,0.14893617021276595
Right,contig,WRM,RTT,0,0.2,1,2129,47,852,15,none-HS4,arc labels,,0.8789880842888385,0.10602409638554217,0.9361702127659575
Right,contig,WRM,RTT,0,0.2,1,2129,47,852,15,none-HSsrc,nothing,,0.8624174791015187,0.09090909090909091,0.9361702127659575
Right,contig,WRM,RTT,0,0.2,1,2129,47,852,15,none-PCA,arc segments,4.0,0.8658767142886341,0.11081794195250659,0.8936170212765957
Right,contig,WRM,RTT,0,0.2,1,2129,47,852,15,QOTu-HS4,arc labels,,0.7825893678337115,0.050716648291069456,0.9787234042553191
Right,contig,WRM,RTT,0,0.2,1,2129,47,852,15,QOTu-HSsrc,arc segments,,0.7585024628528216,0.04677754677754678,0.9574468085106383
Right,contig,WRM,RTT,0,0.2,1,2129,47,852,15,QOTu-PCA,arc segments,4.0,0.7536993888854825,0.045824847250509164,0.9574468085106383
Right,contig,WRM,RTT,0,0.2,1,2129,47,852,15,QOTc-HS4,arc labels,,0.8447176405665584,0.07462686567164178,0.9574468085106383
Right,contig,WRM,RTT,0,0.2,1,2129,47,852,15,QOTc-HSsrc,arc labels,,0.8406350276943202,0.07258064516129033,0.9574468085106383
Right,contig,WRM,RTT,0,0.2,1,2129,47,852,15,QOTc-PCA,arc labels,64.0,0.5468248615283995,0.03875968992248062,0.2127659574468085
Right,contig,WRM,RTT,0,0.2,1,2129,47,852,15,SDM-HS4,arc labels,,0.8406350276943202,0.07258064516129033,0.9574468085106383
Right,contig,WRM,RTT,0,0.2,1,2129,47,852,15,SDM-HSsrc,arc labels,,0.8367925685204489,0.07075471698113207,0.9574468085106383
Right,contig,WRM,RTT,0,0.2,1,2129,47,852,15,SDM-PCA,arc labels,64.0,0.5363500725570749,0.02710843373493976,0.3829787234042553
Right,contig,WRM,RTT,0,0.3,1,2129,47,1278,27,NoAdapt,nothing,,0.868830093813232,0.10436893203883495,0.9148936170212766
Right,contig,WRM,RTT,0,0.3,1,2129,47,1278,27,TargetOnly,arc labels,,0.8203445950088908,0.08368200836820083,0.851063829787234
Right,contig,WRM,RTT,0,0.3,1,2129,47,1278,27,Source+Target,arc labels,,0.8586721033376254,0.10268948655256724,0.8936170212765957
Right,contig,WRM,RTT,0,0.3,1,2129,47,1278,27,COT,arc labels,,0.7384317452531322,0.06573705179282868,0.7021276595744681
Right,contig,WRM,RTT,0,0.3,1,2129,47,1278,27,none-HS4,arc labels,,0.8720236270361967,0.0990990990990991,0.9361702127659575
Right,contig,WRM,RTT,0,0.3,1,2129,47,1278,27,none-HSsrc,nothing,,0.8624174791015187,0.09090909090909091,0.9361702127659575
Right,contig,WRM,RTT,0,0.3,1,2129,47,1278,27,none-PCA,arc segments,64.0,0.7343746806466778,0.0783289817232376,0.6382978723404256
Right,contig,WRM,RTT,0,0.3,1,2129,47,1278,27,QOTu-HS4,arc labels,,0.7890019825454249,0.05389221556886228,0.9574468085106383
Right,contig,WRM,RTT,0,0.3,1,2129,47,1278,27,QOTu-HSsrc,arc segments,,0.8002892063686717,0.05710659898477157,0.9574468085106383
Right,contig,WRM,RTT,0,0.3,1,2129,47,1278,27,QOTu-PCA,arc segments,16.0,0.823032272569338,0.06790123456790123,0.9361702127659575
Right,contig,WRM,RTT,0,0.3,1,2129,47,1278,27,QOTc-HS4,arc labels,,0.8417642610419604,0.07719298245614035,0.9361702127659575
Right,contig,WRM,RTT,0,0.3,1,2129,47,1278,27,QOTc-HSsrc,arc labels,,0.8437570257730905,0.07413509060955518,0.9574468085106383
Right,contig,WRM,RTT,0,0.3,1,2129,47,1278,27,QOTc-PCA,arc labels,32.0,0.5517710057841274,0.036585365853658534,0.2553191489361702
Right,contig,WRM,RTT,0,0.3,1,2129,47,1278,27,SDM-HS4,arc labels,,0.8360005722811535,0.07407407407407407,0.9361702127659575
Right,contig,WRM,RTT,0,0.3,1,2129,47,1278,27,SDM-HSsrc,arc labels,,0.8423161035828888,0.0734094616639478,0.9574468085106383
Right,contig,WRM,RTT,0,0.3,1,2129,47,1278,27,SDM-PCA,arc labels,64.0,0.573430825515564,0.03818615751789976,0.3404255319148936
Right,contig,WRM,RTT,0,0.5,1,2129,47,2118,35,NoAdapt,nothing,,0.868830093813232,0.10436893203883495,0.9148936170212766
Right,contig,WRM,RTT,0,0.5,1,2129,47,2118,35,TargetOnly,arc labels,,0.8390510352157295,0.08022388059701492,0.9148936170212766
Right,contig,WRM,RTT,0,0.5,1,2129,47,2118,35,Source+Target,arc labels,,0.8701023974492612,0.09734513274336283,0.9361702127659575
Right,contig,WRM,RTT,0,0.5,1,2129,47,2118,35,COT,arc labels,,0.7685940278373904,0.07494646680942184,0.7446808510638298
Right,contig,WRM,RTT,0,0.5,1,2129,47,2118,35,none-HS4,arc labels,,0.881869928669242,0.10918114143920596,0.9361702127659575
Right,contig,WRM,RTT,0,0.5,1,2129,47,2118,35,none-HSsrc,nothing,,0.8624174791015187,0.09090909090909091,0.9361702127659575
Right,contig,WRM,RTT,0,0.5,1,2129,47,2118,35,none-PCA,arc segments,8.0,0.8777873157970038,0.10476190476190476,0.9361702127659575
Right,contig,WRM,RTT,0,0.5,1,2129,47,2118,35,QOTu-HS4,arc labels,,0.8106158153984508,0.06040268456375839,0.9574468085106383
Right,contig,WRM,RTT,0,0.5,1,2129,47,2118,35,QOTu-HSsrc,arc segments,,0.8295879575694403,0.06756756756756757,0.9574468085106383
Right,contig,WRM,RTT,0,0.5,1,2129,47,2118,35,QOTu-PCA,arc segments,8.0,0.8262258057923029,0.0661764705882353,0.9574468085106383
Right,contig,WRM,RTT,0,0.5,1,2129,47,2118,35,QOTc-HS4,arc labels,,0.8480082571995013,0.08088235294117647,0.9361702127659575
Right,contig,WRM,RTT,0,0.5,1,2129,47,2118,35,QOTc-HSsrc,arc labels,,0.8525711774684734,0.0838095238095238,0.9361702127659575
Right,contig,WRM,RTT,0,0.5,1,2129,47,2118,35,QOTc-PCA,arc labels,16.0,0.8750740899707727,0.11139896373056994,0.9148936170212766
Right,contig,WRM,RTT,0,0.5,1,2129,47,2118,35,SDM-HS4,arc labels,,0.8139319802971774,0.07454545454545454,0.8723404255319149
Right,contig,WRM,RTT,0,0.5,1,2129,47,2118,35,SDM-HSsrc,arc labels,,0.8396028777566579,0.07599309153713299,0.9361702127659575
Right,contig,WRM,RTT,0,0.5,1,2129,47,2118,35,SDM-PCA,arc labels,64.0,0.5249657653238499,0.02493765586034913,0.425531914893617
Right,contig,WRM,RTT,1,0.05,0,2129,8,213,0,NoAdapt,nothing,,0.646481612446959,0.01694915254237288,0.375
Right,contig,WRM,RTT,1,0.05,0,2129,8,213,0,TargetOnly,arc labels,,,,
Right,contig,WRM,RTT,1,0.05,0,2129,8,213,0,Source+Target,arc labels,,,,
Right,contig,WRM,RTT,1,0.05,0,2129,8,213,0,COT,arc labels,,,,
Right,contig,WRM,RTT,1,0.05,0,2129,8,213,0,none-HS4,arc labels,,,,
Right,contig,WRM,RTT,1,0.05,0,2129,8,213,0,none-HSsrc,nothing,,0.675035360678925,0.012422360248447204,0.5
Right,contig,WRM,RTT,1,0.05,0,2129,8,213,0,none-PCA,arc segments,4.0,0.700966525223951,0.018867924528301886,0.5
Right,contig,WRM,RTT,1,0.05,0,2129,8,213,0,QOTu-HS4,arc labels,,,,
Right,contig,WRM,RTT,1,0.05,0,2129,8,213,0,QOTu-HSsrc,arc segments,,0.6232024988213107,0.006188118811881188,0.625
Right,contig,WRM,RTT,1,0.05,0,2129,8,213,0,QOTu-PCA,arc segments,4.0,0.6352251296558227,0.0066050198150594455,0.625
Right,contig,WRM,RTT,1,0.05,0,2129,8,213,0,QOTc-HS4,arc labels,,,,
Right,contig,WRM,RTT,1,0.05,0,2129,8,213,0,QOTc-HSsrc,arc labels,,,,
Right,contig,WRM,RTT,1,0.05,0,2129,8,213,0,QOTc-PCA,arc labels,,,,
Right,contig,WRM,RTT,1,0.05,0,2129,8,213,0,SDM-HS4,arc labels,,,,
Right,contig,WRM,RTT,1,0.05,0,2129,8,213,0,SDM-HSsrc,arc labels,,,,
Right,contig,WRM,RTT,1,0.05,0,2129,8,213,0,SDM-PCA,arc labels,,,,
Right,contig,WRM,RTT,1,0.1,1,2129,8,426,4,NoAdapt,nothing,,0.646481612446959,0.01694915254237288,0.375
Right,contig,WRM,RTT,1,0.1,1,2129,8,426,4,TargetOnly,arc labels,,0.6257366808109383,0.011320754716981131,0.375
Right,contig,WRM,RTT,1,0.1,1,2129,8,426,4,Source+Target,arc labels,,0.6365806223479491,0.0136986301369863,0.375
Right,contig,WRM,RTT,1,0.1,1,2129,8,426,4,COT,arc labels,,0.6686999057048562,0.008130081300813009,0.625
Right,contig,WRM,RTT,1,0.1,1,2129,8,426,4,none-HS4,arc labels,,0.583981612446959,0.011363636363636364,0.25
Right,contig,WRM,RTT,1,0.1,1,2129,8,426,4,none-HSsrc,nothing,,0.675035360678925,0.012422360248447204,0.5
Right,contig,WRM,RTT,1,0.1,1,2129,8,426,4,none-PCA,arc segments,4.0,0.6993163602074493,0.0182648401826484,0.5
Right,contig,WRM,RTT,1,0.1,1,2129,8,426,4,QOTu-HS4,arc labels,,0.65994813767091,0.010362694300518135,0.5
Right,contig,WRM,RTT,1,0.1,1,2129,8,426,4,QOTu-HSsrc,arc segments,,0.6833156529938709,0.009041591320072333,0.625
Right,contig,WRM,RTT,1,0.1,1,2129,8,426,4,QOTu-PCA,arc segments,4.0,0.6724717114568599,0.008347245409015025,0.625
Right,contig,WRM,RTT,1,0.1,1,2129,8,426,4,QOTc-HS4,arc labels,,0.48184818481848185,0.0,0.0
Right,contig,WRM,RTT,1,0.1,1,2129,8,426,4,QOTc-HSsrc,arc labels,,0.6825789721829325,0.013793103448275862,0.5
Right,contig,WRM,RTT,1,0.1,1,2129,8,426,4,QOTc-PCA,arc labels,32.0,0.49434229137199437,0.0,0.0
Right,contig,WRM,RTT,1,0.1,1,2129,8,426,4,SDM-HS4,arc labels,,0.48043375766148044,0.0,0.0
Right,contig,WRM,RTT,1,0.1,1,2129,8,426,4,SDM-HSsrc,arc labels,,0.6962517680339462,0.017241379310344827,0.5
Right,contig,WRM,RTT,1,0.1,1,2129,8,426,4,SDM-PCA,arc labels,32.0,0.51252357378595,0.004694835680751174,0.125
Right,contig,WRM,RTT,1,0.2,1,2129,8,852,27,NoAdapt,nothing,,0.646481612446959,0.01694915254237288,0.375
Right,contig,WRM,RTT,1,0.2,1,2129,8,852,27,TargetOnly,arc labels,,0.6941301272984441,0.016597510373443983,0.5
Right,contig,WRM,RTT,1,0.2,1,2129,8,852,27,Source+Target,arc labels,,0.6379950495049505,0.014084507042253521,0.375
Right,contig,WRM,RTT,1,0.2,1,2129,8,852,27,COT,arc labels,,0.7108969825553983,0.011467889908256881,0.625
Right,contig,WRM,RTT,1,0.2,1,2129,8,852,27,none-HS4,arc labels,,0.6842291371994342,0.014134275618374558,0.5
Right,contig,WRM,RTT,1,0.2,1,2129,8,852,27,none-HSsrc,nothing,,0.675035360678925,0.012422360248447204,0.5
Right,contig,WRM,RTT,1,0.2,1,2129,8,852,27,none-PCA,arc segments,4.0,0.6995520980669496,0.01834862385321101,0.5
Right,contig,WRM,RTT,1,0.2,1,2129,8,852,27,QOTu-HS4,arc labels,,0.6757425742574257,0.012539184952978056,0.5
Right,contig,WRM,RTT,1,0.2,1,2129,8,852,27,QOTu-HSsrc,arc segments,,0.700524516737388,0.010416666666666666,0.625
Right,contig,WRM,RTT,1,0.2,1,2129,8,852,27,QOTu-PCA,arc segments,4.0,0.6991100895803866,0.0102880658436214,0.625
Right,contig,WRM,RTT,1,0.2,1,2129,8,852,27,QOTc-HS4,arc labels,,0.6976661951909477,0.017699115044247787,0.5
Right,contig,WRM,RTT,1,0.2,1,2129,8,852,27,QOTc-HSsrc,arc labels,,0.6611268269684112,0.010498687664041995,0.5
Right,contig,WRM,RTT,1,0.2,1,2129,8,852,27,QOTc-PCA,arc labels,64.0,0.654496699669967,0.02097902097902098,0.375
Right,contig,WRM,RTT,1,0.2,1,2129,8,852,27,SDM-HS4,arc labels,,0.7035596416784535,0.01990049751243781,0.5
Right,contig,WRM,RTT,1,0.2,1,2129,8,852,27,SDM-HSsrc,arc labels,,0.6689061763319188,0.011494252873563218,0.5
Right,contig,WRM,RTT,1,0.2,1,2129,8,852,27,SDM-PCA,arc labels,32.0,0.46584747760490336,0.0024330900243309003,0.125
Right,contig,WRM,RTT,1,0.3,1,2129,8,1278,28,NoAdapt,nothing,,0.646481612446959,0.01694915254237288,0.375
Right,contig,WRM,RTT,1,0.3,1,2129,8,1278,28,TargetOnly,arc labels,,0.6462458745874587,0.016853932584269662,0.375
Right,contig,WRM,RTT,1,0.3,1,2129,8,1278,28,Source+Target,arc labels,,0.6448314474304573,0.016304347826086956,0.375
Right,contig,WRM,RTT,1,0.3,1,2129,8,1278,28,COT,arc labels,,0.604520273455917,0.008450704225352112,0.375
Right,contig,WRM,RTT,1,0.3,1,2129,8,1278,28,none-HS4,arc labels,,0.6913012729844413,0.015810276679841896,0.5
Right,contig,WRM,RTT,1,0.3,1,2129,8,1278,28,none-HSsrc,nothing,,0.675035360678925,0.012422360248447204,0.5
Right,contig,WRM,RTT,1,0.3,1,2129,8,1278,28,none-PCA,arc segments,4.0,0.7014380009429515,0.01904761904761905,0.5
Right,contig,WRM,RTT,1,0.3,1,2129,8,1278,28,QOTu-HS4,arc labels,,0.67008486562942,0.011661807580174927,0.5
Right,contig,WRM,RTT,1,0.3,1,2129,8,1278,28,QOTu-HSsrc,arc segments,,0.6483969825553983,0.009195402298850575,0.5
Right,contig,WRM,RTT,1,0.3,1,2129,8,1278,28,QOTu-PCA,arc segments,4.0,0.704532060348892,0.01079913606911447,0.625
Right,contig,WRM,RTT,1,0.3,1,2129,8,1278,28,QOTc-HS4,arc labels,,0.6936586515794436,0.01646090534979424,0.5
Right,contig,WRM,RTT,1,0.3,1,2129,8,1278,28,QOTc-HSsrc,arc labels,,0.6740924092409242,0.012269938650306749,0.5
Right,contig,WRM,RTT,1,0.3,1,2129,8,1278,28,QOTc-PCA,arc labels,32.0,0.658504243281471,0.023809523809523808,0.375
Right,contig,WRM,RTT,1,0.3,1,2129,8,1278,28,SDM-HS4,arc labels,,0.6946016030174447,0.016736401673640166,0.5
Right,contig,WRM,RTT,1,0.3,1,2129,8,1278,28,SDM-HSsrc,arc labels,,0.680928807166431,0.013468013468013467,0.5
Right,contig,WRM,RTT,1,0.3,1,2129,8,1278,28,SDM-PCA,arc labels,32.0,0.4273927392739274,0.0,0.0
Right,contig,WRM,RTT,1,0.5,1,2129,8,2106,73,NoAdapt,nothing,,0.646481612446959,0.01694915254237288,0.375
Right,contig,WRM,RTT,1,0.5,1,2129,8,2106,73,TargetOnly,arc labels,,0.6077911362564827,0.02666666666666667,0.25
Right,contig,WRM,RTT,1,0.5,1,2129,8,2106,73,Source+Target,arc labels,,0.5964757190004715,0.016260162601626018,0.25
Right,contig,WRM,RTT,1,0.5,1,2129,8,2106,73,COT,arc labels,,0.501944837340877,0.003816793893129771,0.25
Right,contig,WRM,RTT,1,0.5,1,2129,8,2106,73,none-HS4,arc labels,,0.7042668552569542,0.020202020202020204,0.5
Right,contig,WRM,RTT,1,0.5,1,2129,8,2106,73,none-HSsrc,nothing,,0.675035360678925,0.012422360248447204,0.5
Right,contig,WRM,RTT,1,0.5,1,2129,8,2106,73,none-PCA,arc segments,4.0,0.6997878359264498,0.018433179723502304,0.5
Right,contig,WRM,RTT,1,0.5,1,2129,8,2106,73,QOTu-HS4,arc labels,,0.6578264969354078,0.010126582278481013,0.5
Right,contig,WRM,RTT,1,0.5,1,2129,8,2106,73,QOTu-HSsrc,arc segments,,0.7052392739273927,0.010869565217391304,0.625
Right,contig,WRM,RTT,1,0.5,1,2129,8,2106,73,QOTu-PCA,arc segments,4.0,0.6658415841584158,0.0110803324099723,0.5
Right,contig,WRM,RTT,1,0.5,1,2129,8,2106,73,QOTc-HS4,arc labels,,0.5988330975954739,0.017699115044247787,0.25
Right,contig,WRM,RTT,1,0.5,1,2129,8,2106,73,QOTc-HSsrc,arc labels,,0.7127534181989628,0.024691358024691357,0.5
Right,contig,WRM,RTT,1,0.5,1,2129,8,2106,73,QOTc-PCA,arc labels,16.0,0.5417550683639792,0.011235955056179775,0.125
Right,contig,WRM,RTT,1,0.5,1,2129,8,2106,73,SDM-HS4,arc labels,,0.5863389910419614,0.012048192771084338,0.25
Right,contig,WRM,RTT,1,0.5,1,2129,8,2106,73,SDM-HSsrc,arc labels,,0.7127534181989628,0.024691358024691357,0.5
Right,contig,WRM,RTT,1,0.5,1,2129,8,2106,73,SDM-PCA,arc labels,64.0,0.3467998585572843,0.001091703056768559,0.125
Right,contig,WRM,RTT,2,0.05,1,2129,6,213,19,NoAdapt,nothing,,0.7200894959962317,0.023076923076923078,0.5
Right,contig,WRM,RTT,2,0.05,1,2129,6,213,19,TargetOnly,arc labels,,0.5536583451091224,0.007874015748031496,0.16666666666666666
Right,contig,WRM,RTT,2,0.05,1,2129,6,213,19,Source+Target,arc labels,,0.6407599309153713,0.017857142857142856,0.3333333333333333
Right,contig,WRM,RTT,2,0.05,1,2129,6,213,19,COT,arc labels,,0.6407206782854451,0.006423982869379015,0.5
Right,contig,WRM,RTT,2,0.05,1,2129,6,213,19,none-HS4,arc labels,,0.6970089495996232,0.013157894736842105,0.5
Right,contig,WRM,RTT,2,0.05,1,2129,6,213,19,none-HSsrc,nothing,,0.7574972523159051,0.012269938650306749,0.6666666666666666
Right,contig,WRM,RTT,2,0.05,1,2129,6,213,19,none-PCA,arc segments,8.0,0.6228607316690218,0.010638297872340425,0.3333333333333333
Right,contig,WRM,RTT,2,0.05,1,2129,6,213,19,QOTu-HS4,arc labels,,0.6431150887109436,0.0196078431372549,0.3333333333333333
Right,contig,WRM,RTT,2,0.05,1,2129,6,213,19,QOTu-HSsrc,arc segments,,0.7231512011304757,0.02564102564102564,0.5
Right,contig,WRM,RTT,2,0.05,1,2129,6,213,19,QOTu-PCA,arc segments,16.0,0.6254514052441513,0.011299435028248588,0.3333333333333333
Right,contig,WRM,RTT,2,0.05,1,2129,6,213,19,QOTc-HS4,arc labels,,0.4995289684408855,0.0,0.0
Right,contig,WRM,RTT,2,0.05,1,2129,6,213,19,QOTc-HSsrc,arc labels,,0.6570105197048202,0.046511627906976744,0.3333333333333333
Right,contig,WRM,RTT,2,0.05,1,2129,6,213,19,QOTc-PCA,arc labels,64.0,0.49740932642487046,0.0,0.0
Right,contig,WRM,RTT,2,0.05,1,2129,6,213,19,SDM-HS4,arc labels,,0.4990579368817711,0.0,0.0
Right,contig,WRM,RTT,2,0.05,1,2129,6,213,19,SDM-HSsrc,arc labels,,0.5762678599466164,0.03225806451612903,0.16666666666666666
Right,contig,WRM,RTT,2,0.05,1,2129,6,213,19,SDM-PCA,arc labels,64.0,0.4866933584550165,0.0026761819803746653,0.5
Right,contig,WRM,RTT,2,0.1,1,2129,6,426,35,NoAdapt,nothing,,0.7200894959962317,0.023076923076923078,0.5
Right,contig,WRM,RTT,2,0.1,1,2129,6,426,35,TargetOnly,arc labels,,0.7996153242267232,0.0099601593625498,0.8333333333333334
Right,contig,WRM,RTT,2,0.1,1,2129,6,426,35,Source+Target,arc labels,,0.6306327523944104,0.012903225806451613,0.3333333333333333
Right,contig,WRM,RTT,2,0.1,1,2129,6,426,35,COT,arc labels,,0.6178363950384675,0.004352557127312296,0.6666666666666666
Right,contig,WRM,RTT,2,0.1,1,2129,6,426,35,none-HS4,arc labels,,0.698893075836081,0.013636363636363636,0.5
Right,contig,WRM,RTT,2,0.1,1,2129,6,426,35,none-HSsrc,nothing,,0.7574972523159051,0.012269938650306749,0.6666666666666666
Right,contig,WRM,RTT,2,0.1,1,2129,6,426,35,none-PCA,arc segments,8.0,0.6223897001099074,0.010526315789473684,0.3333333333333333
Right,contig,WRM,RTT,2,0.1,1,2129,6,426,35,QOTu-HS4,arc labels,,0.6327523944104255,0.0136986301369863,0.3333333333333333
Right,contig,WRM,RTT,2,0.1,1,2129,6,426,35,QOTu-HSsrc,arc segments,,0.7914115245721463,0.02197802197802198,0.6666666666666666
Right,contig,WRM,RTT,2,0.1,1,2129,6,426,35,QOTu-PCA,arc segments,16.0,0.6339299733082117,0.014184397163120567,0.3333333333333333
Right,contig,WRM,RTT,2,0.1,1,2129,6,426,35,QOTc-HS4,arc labels,,0.5715575443554718,0.0196078431372549,0.16666666666666666
Right,contig,WRM,RTT,2,0.1,1,2129,6,426,35,QOTc-HSsrc,arc labels,,0.7930601350290469,0.022857142857142857,0.6666666666666666
Right,contig,WRM,RTT,2,0.1,1,2129,6,426,35,QOTc-PCA,arc labels,16.0,0.5621369131731826,0.01098901098901099,0.16666666666666666
Right,contig,WRM,RTT,2,0.1,1,2129,6,426,35,SDM-HS4,arc labels,,0.562607944732297,0.011235955056179775,0.16666666666666666
Right,contig,WRM,RTT,2,0.1,1,2129,6,426,35,SDM-HSsrc,arc labels,,0.7930601350290469,0.022857142857142857,0.6666666666666666
Right,contig,WRM,RTT,2,0.1,1,2129,6,426,35,SDM-PCA,arc labels,64.0,0.6071596796985398,0.0035842293906810036,1.0
Right,contig,WRM,RTT,2,0.2,1,2129,6,852,46,NoAdapt,nothing,,0.7200894959962317,0.023076923076923078,0.5
Right,contig,WRM,RTT,2,0.2,1,2129,6,852,46,TargetOnly,arc labels,,0.7186764013188884,0.022058823529411766,0.5
Right,contig,WRM,RTT,2,0.2,1,2129,6,852,46,Source+Target,arc labels,,0.63322342596954,0.013888888888888888,0.3333333333333333
Right,contig,WRM,RTT,2,0.2,1,2129,6,852,46,COT,arc labels,,0.5644135657089024,0.0037926675094816687,0.5
Right,contig,WRM,RTT,2,0.2,1,2129,6,852,46,none-HS4,arc labels,,0.7794002198147276,0.017167381974248927,0.6666666666666666
Right,contig,WRM,RTT,2,0.2,1,2129,6,852,46,none-HSsrc,nothing,,0.7574972523159051,0.012269938650306749,0.6666666666666666
Right,contig,WRM,RTT,2,0.2,1,2129,6,852,46,none-PCA,arc segments,8.0,0.7036033914272256,0.015,0.5
Right,contig,WRM,RTT,2,0.2,1,2129,6,852,46,QOTu-HS4,arc labels,,0.7104333490343853,0.017543859649122806,0.5
Right,contig,WRM,RTT,2,0.2,1,2129,6,852,46,QOTu-HSsrc,arc segments,,0.7843460511854294,0.018867924528301886,0.6666666666666666
Right,contig,WRM,RTT,2,0.2,1,2129,6,852,46,QOTu-PCA,arc segments,16.0,0.6963024022609514,0.012987012987012988,0.5
Right,contig,WRM,RTT,2,0.2,1,2129,6,852,46,QOTc-HS4,arc labels,,0.7358690532265661,0.047619047619047616,0.5
Right,contig,WRM,RTT,2,0.2,1,2129,6,852,46,QOTc-HSsrc,arc labels,,0.7902339456743601,0.0213903743315508,0.6666666666666666
Right,contig,WRM,RTT,2,0.2,1,2129,6,852,46,QOTc-PCA,arc labels,64.0,0.738695242581253,0.058823529411764705,0.5
Right,contig,WRM,RTT,2,0.2,1,2129,6,852,46,SDM-HS4,arc labels,,0.5727351232532579,0.021739130434782608,0.16666666666666666
Right,contig,WRM,RTT,2,0.2,1,2129,6,852,46,SDM-HSsrc,arc labels,,0.7907049772334747,0.021621621621621623,0.6666666666666666
Right,contig,WRM,RTT,2,0.2,1,2129,6,852,46,SDM-PCA,arc labels,64.0,0.6241953210865128,0.004484304932735426,0.6666666666666666
Right,contig,WRM,RTT,2,0.3,1,2129,6,1278,49,NoAdapt,nothing,,0.7200894959962317,0.023076923076923078,0.5
Right,contig,WRM,RTT,2,0.3,1,2129,6,1278,49,TargetOnly,arc labels,,0.8093107238184958,0.03773584905660377,0.6666666666666666
Right,contig,WRM,RTT,2,0.3,1,2129,6,1278,49,Source+Target,arc labels,,0.627100015701052,0.011764705882352941,0.3333333333333333
Right,contig,WRM,RTT,2,0.3,1,2129,6,1278,49,COT,arc labels,,0.5837258596325954,0.004231311706629055,0.5
Right,contig,WRM,RTT,2,0.3,1,2129,6,1278,49,none-HS4,arc labels,,0.7784581566964986,0.016877637130801686,0.6666666666666666
Right,contig,WRM,RTT,2,0.3,1,2129,6,1278,49,none-HSsrc,nothing,,0.7574972523159051,0.012269938650306749,0.6666666666666666
Right,contig,WRM,RTT,2,0.3,1,2129,6,1278,49,none-PCA,arc segments,8.0,0.7838750196263149,0.018691588785046728,0.6666666666666666
Right,contig,WRM,RTT,2,0.3,1,2129,6,1278,49,QOTu-HS4,arc labels,,0.7864656932014444,0.019704433497536946,0.6666666666666666
Right,contig,WRM,RTT,2,0.3,1,2129,6,1278,49,QOTu-HSsrc,arc segments,,0.7553776102998901,0.011940298507462687,0.6666666666666666
Right,contig,WRM,RTT,2,0.3,1,2129,6,1278,49,QOTu-PCA,arc segments,16.0,0.7662113361595226,0.01384083044982699,0.6666666666666666
Right,contig,WRM,RTT,2,0.3,1,2129,6,1278,49,QOTc-HS4,arc labels,,0.7311587376354216,0.03614457831325301,0.5
Right,contig,WRM,RTT,2,0.3,1,2129,6,1278,49,QOTc-HSsrc,arc labels,,0.7815198618307426,0.017857142857142856,0.6666666666666666
Right,contig,WRM,RTT,2,0.3,1,2129,6,1278,49,QOTc-PCA,arc labels,32.0,0.6565394881457057,0.044444444444444446,0.3333333333333333
Right,contig,WRM,RTT,2,0.3,1,2129,6,1278,49,SDM-HS4,arc labels,,0.7295101271785209,0.03333333333333333,0.5
Right,contig,WRM,RTT,2,0.3,1,2129,6,1278,49,SDM-HSsrc,arc labels,,0.7819908933898572,0.018018018018018018,0.6666666666666666
Right,contig,WRM,RTT,2,0.3,1,2129,6,1278,49,SDM-PCA,arc labels,64.0,0.38145705762286075,0.0016488046166529267,0.3333333333333333
Right,contig,WRM,RTT,2,0.5,1,2129,6,2106,76,NoAdapt,nothing,,0.7200894959962317,0.023076923076923078,0.5
Right,contig,WRM,RTT,2,0.5,1,2129,6,2106,76,TargetOnly,arc labels,,0.6499450463181033,0.0273972602739726,0.3333333333333333
Right,contig,WRM,RTT,2,0.5,1,2129,6,2106,76,Source+Target,arc labels,,0.6280420788192809,0.012048192771084338,0.3333333333333333
Right,contig,WRM,RTT,2,0.5,1,2129,6,2106,76,COT,arc labels,,0.5980923221855865,0.004629629629629629,0.5
Right,contig,WRM,RTT,2,0.5,1,2129,6,2106,76,none-HS4,arc labels,,0.7794002198147276,0.017167381974248927,0.6666666666666666
Right,contig,WRM,RTT,2,0.5,1,2129,6,2106,76,none-HSsrc,nothing,,0.7574972523159051,0.012269938650306749,0.6666666666666666
Right,contig,WRM,RTT,2,0.5,1,2129,6,2106,76,none-PCA,arc segments,8.0,0.7838750196263149,0.018691588785046728,0.6666666666666666
Right,contig,WRM,RTT,2,0.5,1,2129,6,2106,76,QOTu-HS4,arc labels,,0.7819908933898572,0.018018018018018018,0.6666666666666666
Right,contig,WRM,RTT,2,0.5,1,2129,6,2106,76,QOTu-HSsrc,arc segments,,0.7473700737949442,0.01084010840108401,0.6666666666666666
Right,contig,WRM,RTT,2,0.5,1,2129,6,2106,76,QOTu-PCA,arc segments,8.0,0.7607944732297064,0.01282051282051282,0.6666666666666666
Right,contig,WRM,RTT,2,0.5,1,2129,6,2106,76,QOTc-HS4,arc labels,,0.5682603234416707,0.015384615384615385,0.16666666666666666
Right,contig,WRM,RTT,2,0.5,1,2129,6,2106,76,QOTc-HSsrc,arc labels,,0.7902339456743601,0.0213903743315508,0.6666666666666666
Right,contig,WRM,RTT,2,0.5,1,2129,6,2106,76,QOTc-PCA,arc labels,16.0,0.6593656775003925,0.06060606060606061,0.3333333333333333
Right,contig,WRM,RTT,2,0.5,1,2129,6,2106,76,SDM-HS4,arc labels,,0.6499450463181033,0.0273972602739726,0.3333333333333333
Right,contig,WRM,RTT,2,0.5,1,2129,6,2106,76,SDM-HSsrc,arc labels,,0.7914115245721463,0.02197802197802198,0.6666666666666666
Right,contig,WRM,RTT,2,0.5,1,2129,6,2106,76,SDM-PCA,arc labels,64.0,0.4210237085884754,0.0019138755980861245,0.3333333333333333
Right,contig,WRM,RTT,3,0.05,1,2129,6,213,12,NoAdapt,nothing,,0.7205605275553462,0.0234375,0.5
Right,contig,WRM,RTT,3,0.05,1,2129,6,213,12,TargetOnly,arc labels,,0.7956115559742503,0.009633911368015413,0.8333333333333334
Right,contig,WRM,RTT,3,0.05,1,2129,6,213,12,Source+Target,arc labels,,0.7142016015073009,0.01935483870967742,0.5
Right,contig,WRM,RTT,3,0.05,1,2129,6,213,12,COT,arc labels,,0.7444653791804051,0.005499541704857928,1.0
Right,contig,WRM,RTT,3,0.05,1,2129,6,213,12,none-HS4,arc labels,,0.7553776102998901,0.011940298507462687,0.6666666666666666
Right,contig,WRM,RTT,3,0.05,1,2129,6,213,12,none-HSsrc,nothing,,0.7579682838750197,0.012345679012345678,0.6666666666666666
Right,contig,WRM,RTT,3,0.05,1,2129,6,213,12,none-PCA,arc segments,8.0,0.7033678756476685,0.014925373134328358,0.5
Right,contig,WRM,RTT,3,0.05,1,2129,6,213,12,QOTu-HS4,arc labels,,0.7768095462395981,0.01639344262295082,0.6666666666666666
Right,contig,WRM,RTT,3,0.05,1,2129,6,213,12,QOTu-HSsrc,arc segments,,0.7815198618307426,0.017857142857142856,0.6666666666666666
Right,contig,WRM,RTT,3,0.05,1,2129,6,213,12,QOTu-PCA,arc segments,16.0,0.7742188726644685,0.01568627450980392,0.6666666666666666
Right,contig,WRM,RTT,3,0.05,1,2129,6,213,12,QOTc-HS4,arc labels,,0.812607944732297,0.043478260869565216,0.6666666666666666
Right,contig,WRM,RTT,3,0.05,1,2129,6,213,12,QOTc-HSsrc,arc labels,,0.7819908933898572,0.018018018018018018,0.6666666666666666
Right,contig,WRM,RTT,3,0.05,1,2129,6,213,12,QOTc-PCA,arc labels,64.0,0.6457057622860731,0.02197802197802198,0.3333333333333333
Right,contig,WRM,RTT,3,0.05,1,2129,6,213,12,SDM-HS4,arc labels,,0.743130789762914,0.0103359173126615,0.6666666666666666
Right,contig,WRM,RTT,3,0.05,1,2129,6,213,12,SDM-HSsrc,arc labels,,0.7662113361595226,0.01384083044982699,0.6666666666666666
Right,contig,WRM,RTT,3,0.05,1,2129,6,213,12,SDM-PCA,arc labels,32.0,0.5978960590359554,0.006802721088435374,0.3333333333333333
Right,contig,WRM,RTT,3,0.1,1,2129,6,426,22,NoAdapt,nothing,,0.7205605275553462,0.0234375,0.5
Right,contig,WRM,RTT,3,0.1,1,2129,6,426,22,TargetOnly,arc labels,,0.789056366776574,0.020833333333333332,0.6666666666666666
Right,contig,WRM,RTT,3,0.1,1,2129,6,426,22,Source+Target,arc labels,,0.7043099387658973,0.015228426395939087,0.5
Right,contig,WRM,RTT,3,0.1,1,2129,6,426,22,COT,arc labels,,0.7680954623959806,0.014234875444839857,0.6666666666666666
Right,contig,WRM,RTT,3,0.1,1,2129,6,426,22,none-HS4,arc labels,,0.7605589574501491,0.012779552715654952,0.6666666666666666
Right,contig,WRM,RTT,3,0.1,1,2129,6,426,22,none-HSsrc,nothing,,0.7579682838750197,0.012345679012345678,0.6666666666666666
Right,contig,WRM,RTT,3,0.1,1,2129,6,426,22,none-PCA,arc segments,8.0,0.7033678756476685,0.014925373134328358,0.5
Right,contig,WRM,RTT,3,0.1,1,2129,6,426,22,QOTu-HS4,arc labels,,0.80130318731355,0.02857142857142857,0.6666666666666666
Right,contig,WRM,RTT,3,0.1,1,2129,6,426,22,QOTu-HSsrc,arc segments,,0.7930601350290469,0.022857142857142857,0.6666666666666666
Right,contig,WRM,RTT,3,0.1,1,2129,6,426,22,QOTu-PCA,arc segments,16.0,0.7963573559428482,0.024844720496894408,0.6666666666666666
Right,contig,WRM,RTT,3,0.1,1,2129,6,426,22,QOTc-HS4,arc labels,,0.8046004082273512,0.031746031746031744,0.6666666666666666
Right,contig,WRM,RTT,3,0.1,1,2129,6,426,22,QOTc-HSsrc,arc labels,,0.7921180719108181,0.0223463687150838,0.6666666666666666
Right,contig,WRM,RTT,3,0.1,1,2129,6,426,22,QOTc-PCA,arc labels,64.0,0.6574815512639347,0.04878048780487805,0.3333333333333333
Right,contig,WRM,RTT,3,0.1,1,2129,6,426,22,SDM-HS4,arc labels,,0.7297456429580782,0.033707865168539325,0.5
Right,contig,WRM,RTT,3,0.1,1,2129,6,426,22,SDM-HSsrc,arc labels,,0.7932956508086042,0.022988505747126436,0.6666666666666666
Right,contig,WRM,RTT,3,0.1,1,2129,6,426,22,SDM-PCA,arc labels,64.0,0.5173104097974563,0.0030272452068617556,0.5
Right,contig,WRM,RTT,3,0.2,1,2129,6,852,42,NoAdapt,nothing,,0.7205605275553462,0.0234375,0.5
Right,contig,WRM,RTT,3,0.2,1,2129,6,852,42,TargetOnly,arc labels,,0.8669728371800911,0.023148148148148147,0.8333333333333334
Right,contig,WRM,RTT,3,0.2,1,2129,6,852,42,Source+Target,arc labels,,0.7076071596796986,0.01639344262295082,0.5
Right,contig,WRM,RTT,3,0.2,1,2129,6,852,42,COT,arc labels,,0.5597032501177579,0.0036991368680641184,0.5
Right,contig,WRM,RTT,3,0.2,1,2129,6,852,42,none-HS4,arc labels,,0.7052520018841262,0.015544041450777202,0.5
Right,contig,WRM,RTT,3,0.2,1,2129,6,852,42,none-HSsrc,nothing,,0.7579682838750197,0.012345679012345678,0.6666666666666666
Right,contig,WRM,RTT,3,0.2,1,2129,6,852,42,none-PCA,arc segments,8.0,0.6235672790076935,0.010810810810810811,0.3333333333333333
Right,contig,WRM,RTT,3,0.2,1,2129,6,852,42,QOTu-HS4,arc labels,,0.7925891034699324,0.022598870056497175,0.6666666666666666
Right,contig,WRM,RTT,3,0.2,1,2129,6,852,42,QOTu-HSsrc,arc segments,,0.7914115245721463,0.02197802197802198,0.6666666666666666
Right,contig,WRM,RTT,3,0.2,1,2129,6,852,42,QOTu-PCA,arc segments,16.0,0.6308682681739677,0.012987012987012988,0.3333333333333333
Right,contig,WRM,RTT,3,0.2,1,2129,6,852,42,QOTc-HS4,arc labels,,0.6520646883341183,0.03125,0.3333333333333333
Right,contig,WRM,RTT,3,0.2,1,2129,6,852,42,QOTc-HSsrc,arc labels,,0.7918825561312608,0.022222222222222223,0.6666666666666666
Right,contig,WRM,RTT,3,0.2,1,2129,6,852,42,QOTc-PCA,arc labels,64.0,0.7391662741403674,0.061224489795918366,0.5
Right,contig,WRM,RTT,3,0.2,1,2129,6,852,42,SDM-HS4,arc labels,,0.6497095305385461,0.02702702702702703,0.3333333333333333
Right,contig,WRM,RTT,3,0.2,1,2129,6,852,42,SDM-HSsrc,arc labels,,0.789998429894803,0.02127659574468085,0.6666666666666666
Right,contig,WRM,RTT,3,0.2,1,2129,6,852,42,SDM-PCA,arc labels,64.0,0.5148767467420318,0.0029222676797194622,0.8333333333333334
Right,contig,WRM,RTT,3,0.3,1,2129,6,1278,48,NoAdapt,nothing,,0.7205605275553462,0.0234375,0.5
Right,contig,WRM,RTT,3,0.3,1,2129,6,1278,48,TargetOnly,arc labels,,0.8735672790076936,0.026595744680851064,0.8333333333333334
Right,contig,WRM,RTT,3,0.3,1,2129,6,1278,48,Source+Target,arc labels,,0.6176793845187627,0.009523809523809525,0.3333333333333333
Right,contig,WRM,RTT,3,0.3,1,2129,6,1278,48,COT,arc labels,,0.5750117757889779,0.004021447721179625,0.5
Right,contig,WRM,RTT,3,0.3,1,2129,6,1278,48,none-HS4,arc labels,,0.7043099387658973,0.015228426395939087,0.5
Right,contig,WRM,RTT,3,0.3,1,2129,6,1278,48,none-HSsrc,nothing,,0.7579682838750197,0.012345679012345678,0.6666666666666666
Right,contig,WRM,RTT,3,0.3,1,2129,6,1278,48,none-PCA,arc segments,8.0,0.6209766054325639,0.01020408163265306,0.3333333333333333
Right,contig,WRM,RTT,3,0.3,1,2129,6,1278,48,QOTu-HS4,arc labels,,0.7892918825561313,0.020942408376963352,0.6666666666666666
Right,contig,WRM,RTT,3,0.3,1,2129,6,1278,48,QOTu-HSsrc,arc segments,,0.7690375255142095,0.01444043321299639,0.6666666666666666
Right,contig,WRM,RTT,3,0.3,1,2129,6,1278,48,QOTu-PCA,arc segments,64.0,0.7005416862929816,0.014084507042253521,0.5
Right,contig,WRM,RTT,3,0.3,1,2129,6,1278,48,QOTc-HS4,arc labels,,0.7332783796514366,0.04054054054054054,0.5
Right,contig,WRM,RTT,3,0.3,1,2129,6,1278,48,QOTc-HSsrc,arc labels,,0.7826974407285288,0.0182648401826484,0.6666666666666666
Right,contig,WRM,RTT,3,0.3,1,2129,6,1278,48,QOTc-PCA,arc labels,64.0,0.7422279792746114,0.08333333333333333,0.5
Right,contig,WRM,RTT,3,0.3,1,2129,6,1278,48,SDM-HS4,arc labels,,0.6506515936567749,0.02857142857142857,0.3333333333333333
Right,contig,WRM,RTT,3,0.3,1,2129,6,1278,48,SDM-HSsrc,arc labels,,0.7826974407285288,0.0182648401826484,0.6666666666666666
Right,contig,WRM,RTT,3,0.3,1,2129,6,1278,48,SDM-PCA,arc labels,64.0,0.41321243523316065,0.00209351011863224,0.5
Right,contig,WRM,RTT,3,0.5,1,2129,6,2106,76,NoAdapt,nothing,,0.7205605275553462,0.0234375,0.5
Right,contig,WRM,RTT,3,0.5,1,2129,6,2106,76,TargetOnly,arc labels,,0.6447636991678443,0.021052631578947368,0.3333333333333333
Right,contig,WRM,RTT,3,0.5,1,2129,6,2106,76,Source+Target,arc labels,,0.6275710472601664,0.011904761904761904,0.3333333333333333
Right,contig,WRM,RTT,3,0.5,1,2129,6,2106,76,COT,arc labels,,0.5806641544983514,0.004155124653739612,0.5
Right,contig,WRM,RTT,3,0.5,1,2129,6,2106,76,none-HS4,arc labels,,0.7794002198147276,0.017167381974248927,0.6666666666666666
Right,contig,WRM,RTT,3,0.5,1,2129,6,2106,76,none-HSsrc,nothing,,0.7579682838750197,0.012345679012345678,0.6666666666666666
Right,contig,WRM,RTT,3,0.5,1,2129,6,2106,76,none-PCA,arc segments,8.0,0.7841105354058722,0.018779342723004695,0.6666666666666666
Right,contig,WRM,RTT,3,0.5,1,2129,6,2106,76,QOTu-HS4,arc labels,,0.7855236300832156,0.01932367149758454,0.6666666666666666
Right,contig,WRM,RTT,3,0.5,1,2129,6,2106,76,QOTu-HSsrc,arc segments,,0.7504317789291882,0.011235955056179775,0.6666666666666666
Right,contig,WRM,RTT,3,0.5,1,2129,6,2106,76,QOTu-PCA,arc segments,16.0,0.6918276024493641,0.012,0.5
Right,contig,WRM,RTT,3,0.5,1,2129,6,2106,76,QOTc-HS4,arc labels,,0.5689668707803422,0.016129032258064516,0.16666666666666666
Right,contig,WRM,RTT,3,0.5,1,2129,6,2106,76,QOTc-HSsrc,arc labels,,0.7909404930130319,0.021739130434782608,0.6666666666666666
Right,contig,WRM,RTT,3,0.5,1,2129,6,2106,76,QOTc-PCA,arc labels,64.0,0.7434055581723975,0.0967741935483871,0.5
Right,contig,WRM,RTT,3,0.5,1,2129,6,2106,76,SDM-HS4,arc labels,,0.6518291725545612,0.03076923076923077,0.3333333333333333
Right,contig,WRM,RTT,3,0.5,1,2129,6,2106,76,SDM-HSsrc,arc labels,,0.7921180719108181,0.0223463687150838,0.6666666666666666
Right,contig,WRM,RTT,3,0.5,1,2129,6,2106,76,SDM-PCA,arc labels,64.0,0.509773904851625,0.002932551319648094,0.5
Right,contig,WRM,RTT,4,0.05,0,2129,7,213,1,NoAdapt,nothing,,0.6843611148512185,0.023076923076923078,0.42857142857142855
Right,contig,WRM,RTT,4,0.05,0,2129,7,213,1,TargetOnly,arc labels,,,,
Right,contig,WRM,RTT,4,0.05,0,2129,7,213,1,Source+Target,arc labels,,,,
Right,contig,WRM,RTT,4,0.05,0,2129,7,213,1,COT,arc labels,,,,
Right,contig,WRM,RTT,4,0.05,0,2129,7,213,1,none-HS4,arc labels,,,,
Right,contig,WRM,RTT,4,0.05,0,2129,7,213,1,none-HSsrc,nothing,,0.7103137202100445,0.012345679012345678,0.5714285714285714
Right,contig,WRM,RTT,4,0.05,0,2129,7,213,1,none-PCA,arc segments,32.0,0.742358960549347,0.02127659574468085,0.5714285714285714
Right,contig,WRM,RTT,4,0.05,0,2129,7,213,1,QOTu-HS4,arc labels,,,,
Right,contig,WRM,RTT,4,0.05,0,2129,7,213,1,QOTu-HSsrc,arc segments,,0.6990036353844082,0.010752688172043012,0.5714285714285714
Right,contig,WRM,RTT,4,0.05,0,2129,7,213,1,QOTu-PCA,arc segments,32.0,0.6483102194695032,0.01060070671378092,0.42857142857142855
Right,contig,WRM,RTT,4,0.05,0,2129,7,213,1,QOTc-HS4,arc labels,,,,
Right,contig,WRM,RTT,4,0.05,0,2129,7,213,1,QOTc-HSsrc,arc labels,,,,
Right,contig,WRM,RTT,4,0.05,0,2129,7,213,1,QOTc-PCA,arc labels,,,,
Right,contig,WRM,RTT,4,0.05,0,2129,7,213,1,SDM-HS4,arc labels,,,,
Right,contig,WRM,RTT,4,0.05,0,2129,7,213,1,SDM-HSsrc,arc labels,,,,
Right,contig,WRM,RTT,4,0.05,0,2129,7,213,1,SDM-PCA,arc labels,,,,
Right,contig,WRM,RTT,4,0.1,0,2129,7,426,1,NoAdapt,nothing,,0.6843611148512185,0.023076923076923078,0.42857142857142855
Right,contig,WRM,RTT,4,0.1,0,2129,7,426,1,TargetOnly,arc labels,,,,
Right,contig,WRM,RTT,4,0.1,0,2129,7,426,1,Source+Target,arc labels,,,,
Right,contig,WRM,RTT,4,0.1,0,2129,7,426,1,COT,arc labels,,,,
Right,contig,WRM,RTT,4,0.1,0,2129,7,426,1,none-HS4,arc labels,,,,
Right,contig,WRM,RTT,4,0.1,0,2129,7,426,1,none-HSsrc,nothing,,0.7103137202100445,0.012345679012345678,0.5714285714285714
Right,contig,WRM,RTT,4,0.1,0,2129,7,426,1,none-PCA,arc segments,32.0,0.739531439342938,0.02,0.5714285714285714
Right,contig,WRM,RTT,4,0.1,0,2129,7,426,1,QOTu-HS4,arc labels,,,,
Right,contig,WRM,RTT,4,0.1,0,2129,7,426,1,QOTu-HSsrc,arc segments,,0.7079574525380369,0.011976047904191617,0.5714285714285714
Right,contig,WRM,RTT,4,0.1,0,2129,7,426,1,QOTu-PCA,arc segments,8.0,0.7392958125757372,0.01990049751243781,0.5714285714285714
Right,contig,WRM,RTT,4,0.1,0,2129,7,426,1,QOTc-HS4,arc labels,,,,
Right,contig,WRM,RTT,4,0.1,0,2129,7,426,1,QOTc-HSsrc,arc labels,,,,
Right,contig,WRM,RTT,4,0.1,0,2129,7,426,1,QOTc-PCA,arc labels,,,,
Right,contig,WRM,RTT,4,0.1,0,2129,7,426,1,SDM-HS4,arc labels,,,,
Right,contig,WRM,RTT,4,0.1,0,2129,7,426,1,SDM-HSsrc,arc labels,,,,
Right,contig,WRM,RTT,4,0.1,0,2129,7,426,1,SDM-PCA,arc labels,,,,
Right,contig,WRM,RTT,4,0.2,1,2129,7,852,14,NoAdapt,nothing,,0.6843611148512185,0.023076923076923078,0.42857142857142855
Right,contig,WRM,RTT,4,0.2,1,2129,7,852,14,TargetOnly,arc labels,,0.7963511512050626,0.019011406844106463,0.7142857142857143
Right,contig,WRM,RTT,4,0.2,1,2129,7,852,14,Source+Target,arc labels,,0.7176181499932678,0.013651877133105802,0.5714285714285714
Right,contig,WRM,RTT,4,0.2,1,2129,7,852,14,COT,arc labels,,0.7527601992729231,0.011160714285714286,0.7142857142857143
Right,contig,WRM,RTT,4,0.2,1,2129,7,852,14,none-HS4,arc labels,,0.7143193752524573,0.013029315960912053,0.5714285714285714
Right,contig,WRM,RTT,4,0.2,1,2129,7,852,14,none-HSsrc,nothing,,0.7103137202100445,0.012345679012345678,0.5714285714285714
Right,contig,WRM,RTT,4,0.2,1,2129,7,852,14,none-PCA,arc segments,32.0,0.7390601858085364,0.019801980198019802,0.5714285714285714
Right,contig,WRM,RTT,4,0.2,1,2129,7,852,14,QOTu-HS4,arc labels,,0.7166756429244647,0.013468013468013467,0.5714285714285714
Right,contig,WRM,RTT,4,0.2,1,2129,7,852,14,QOTu-HSsrc,arc segments,,0.7577083613841389,0.0117096018735363,0.7142857142857143
Right,contig,WRM,RTT,4,0.2,1,2129,7,852,14,QOTu-PCA,arc segments,32.0,0.6549077689511242,0.011764705882352941,0.42857142857142855
Right,contig,WRM,RTT,4,0.2,1,2129,7,852,14,QOTc-HS4,arc labels,,0.7607378483910058,0.03636363636363636,0.5714285714285714
Right,contig,WRM,RTT,4,0.2,1,2129,7,852,14,QOTc-HSsrc,arc labels,,0.7018311565908173,0.011111111111111112,0.5714285714285714
Right,contig,WRM,RTT,4,0.2,1,2129,7,852,14,QOTc-PCA,arc labels,64.0,0.5617678739733405,0.023809523809523808,0.14285714285714285
Right,contig,WRM,RTT,4,0.2,1,2129,7,852,14,SDM-HS4,arc labels,,0.7567321933485929,0.031496062992125984,0.5714285714285714
Right,contig,WRM,RTT,4,0.2,1,2129,7,852,14,SDM-HSsrc,arc labels,,0.7124343611148511,0.012698412698412698,0.5714285714285714
Right,contig,WRM,RTT,4,0.2,1,2129,7,852,14,SDM-PCA,arc labels,64.0,0.4824289753601724,0.00303951367781155,0.42857142857142855
Right,contig,WRM,RTT,4,0.3,1,2129,7,1278,44,NoAdapt,nothing,,0.6843611148512185,0.023076923076923078,0.42857142857142855
Right,contig,WRM,RTT,4,0.3,1,2129,7,1278,44,TargetOnly,arc labels,,0.8095462501683048,0.024154589371980676,0.7142857142857143
Right,contig,WRM,RTT,4,0.3,1,2129,7,1278,44,Source+Target,arc labels,,0.7301063686549077,0.016666666666666666,0.5714285714285714
Right,contig,WRM,RTT,4,0.3,1,2129,7,1278,44,COT,arc labels,,0.555473273192406,0.004431314623338257,0.42857142857142855
Right,contig,WRM,RTT,4,0.3,1,2129,7,1278,44,none-HS4,arc labels,,0.73081324895651,0.016877637130801686,0.5714285714285714
Right,contig,WRM,RTT,4,0.3,1,2129,7,1278,44,none-HSsrc,nothing,,0.7103137202100445,0.012345679012345678,0.5714285714285714
Right,contig,WRM,RTT,4,0.3,1,2129,7,1278,44,none-PCA,arc segments,4.0,0.7211525515012791,0.014388489208633094,0.5714285714285714
Right,contig,WRM,RTT,4,0.3,1,2129,7,1278,44,QOTu-HS4,arc labels,,0.7211525515012791,0.014388489208633094,0.5714285714285714
Right,contig,WRM,RTT,4,0.3,1,2129,7,1278,44,QOTu-HSsrc,arc segments,,0.7577083613841389,0.0117096018735363,0.7142857142857143
Right,contig,WRM,RTT,4,0.3,1,2129,7,1278,44,QOTu-PCA,arc segments,32.0,0.658913423993537,0.012605042016806723,0.42857142857142855
Right,contig,WRM,RTT,4,0.3,1,2129,7,1278,44,QOTc-HS4,arc labels,,0.6857748754544231,0.024193548387096774,0.42857142857142855
Right,contig,WRM,RTT,4,0.3,1,2129,7,1278,44,QOTc-HSsrc,arc labels,,0.7258650868452942,0.015503875968992248,0.5714285714285714
Right,contig,WRM,RTT,4,0.3,1,2129,7,1278,44,QOTc-PCA,arc labels,32.0,0.635081459539518,0.05714285714285714,0.2857142857142857
Right,contig,WRM,RTT,4,0.3,1,2129,7,1278,44,SDM-HS4,arc labels,,0.6881311431264305,0.02631578947368421,0.42857142857142855
Right,contig,WRM,RTT,4,0.3,1,2129,7,1278,44,SDM-HSsrc,arc labels,,0.7244513262420896,0.015151515151515152,0.5714285714285714
Right,contig,WRM,RTT,4,0.3,1,2129,7,1278,44,SDM-PCA,arc labels,64.0,0.3987478120371617,0.0019267822736030828,0.2857142857142857
Right,contig,WRM,RTT,4,0.5,1,2129,7,2106,75,NoAdapt,nothing,,0.6843611148512185,0.023076923076923078,0.42857142857142855
Right,contig,WRM,RTT,4,0.5,1,2129,7,2106,75,TargetOnly,arc labels,,0.6836542345496163,0.022556390977443608,0.42857142857142855
Right,contig,WRM,RTT,4,0.5,1,2129,7,2106,75,Source+Target,arc labels,,0.6002086979938064,0.01092896174863388,0.2857142857142857
Right,contig,WRM,RTT,4,0.5,1,2129,7,2106,75,COT,arc labels,,0.5467550828059782,0.004201680672268907,0.42857142857142855
Right,contig,WRM,RTT,4,0.5,1,2129,7,2106,75,none-HS4,arc labels,,0.7315201292581123,0.017094017094017096,0.5714285714285714
Right,contig,WRM,RTT,4,0.5,1,2129,7,2106,75,none-HSsrc,nothing,,0.7103137202100445,0.012345679012345678,0.5714285714285714
Right,contig,WRM,RTT,4,0.5,1,2129,7,2106,75,none-PCA,arc segments,32.0,0.7402383196445401,0.02030456852791878,0.5714285714285714
Right,contig,WRM,RTT,4,0.5,1,2129,7,2106,75,QOTu-HS4,arc labels,,0.7369395449037296,0.018957345971563982,0.5714285714285714
Right,contig,WRM,RTT,4,0.5,1,2129,7,2106,75,QOTu-HSsrc,arc segments,,0.7048943045644271,0.011527377521613832,0.5714285714285714
Right,contig,WRM,RTT,4,0.5,1,2129,7,2106,75,QOTu-PCA,arc segments,16.0,0.6556146492527265,0.011904761904761904,0.42857142857142855
Right,contig,WRM,RTT,4,0.5,1,2129,7,2106,75,QOTc-HS4,arc labels,,0.5568197118621246,0.015873015873015872,0.14285714285714285
Right,contig,WRM,RTT,4,0.5,1,2129,7,2106,75,QOTc-HSsrc,arc labels,,0.7442439746869529,0.022222222222222223,0.5714285714285714
Right,contig,WRM,RTT,4,0.5,1,2129,7,2106,75,QOTc-PCA,arc labels,16.0,0.636023966608321,0.06451612903225806,0.2857142857142857
Right,contig,WRM,RTT,4,0.5,1,2129,7,2106,75,SDM-HS4,arc labels,,0.5579978456981285,0.017241379310344827,0.14285714285714285
Right,contig,WRM,RTT,4,0.5,1,2129,7,2106,75,SDM-HSsrc,arc labels,,0.7444796014541537,0.0223463687150838,0.5714285714285714
Right,contig,WRM,RTT,4,0.5,1,2129,7,2106,75,SDM-PCA,arc labels,64.0,0.48077958798976705,0.0030181086519114686,0.42857142857142855
Right,contig,WRM,RTT,5,0.05,0,2129,22,213,1,NoAdapt,nothing,,0.8107175216809768,0.06694560669456066,0.7272727272727273
Right,contig,WRM,RTT,5,0.05,0,2129,22,213,1,TargetOnly,arc labels,,,,
Right,contig,WRM,RTT,5,0.05,0,2129,22,213,1,Source+Target,arc labels,,,,
Right,contig,WRM,RTT,5,0.05,0,2129,22,213,1,COT,arc labels,,,,
Right,contig,WRM,RTT,5,0.05,0,2129,22,213,1,none-HS4,arc labels,,,,
Right,contig,WRM,RTT,5,0.05,0,2129,22,213,1,none-HSsrc,nothing,,0.7973745523579411,0.04336734693877551,0.7727272727272727
Right,contig,WRM,RTT,5,0.05,0,2129,22,213,1,none-PCA,arc segments,32.0,0.845493377054839,0.06293706293706294,0.8181818181818182
Right,contig,WRM,RTT,5,0.05,0,2129,22,213,1,QOTu-HS4,arc labels,,,,
Right,contig,WRM,RTT,5,0.05,0,2129,22,213,1,QOTu-HSsrc,arc segments,,0.7143396470638996,0.018600531443755536,0.9545454545454546
Right,contig,WRM,RTT,5,0.05,0,2129,22,213,1,QOTu-PCA,arc segments,16.0,0.6757129913276092,0.016736401673640166,0.9090909090909091
Right,contig,WRM,RTT,5,0.05,0,2129,22,213,1,QOTc-HS4,arc labels,,,,
Right,contig,WRM,RTT,5,0.05,0,2129,22,213,1,QOTc-HSsrc,arc labels,,,,
Right,contig,WRM,RTT,5,0.05,0,2129,22,213,1,QOTc-PCA,arc labels,,,,
Right,contig,WRM,RTT,5,0.05,0,2129,22,213,1,SDM-HS4,arc labels,,,,
Right,contig,WRM,RTT,5,0.05,0,2129,22,213,1,SDM-HSsrc,arc labels,,,,
Right,contig,WRM,RTT,5,0.05,0,2129,22,213,1,SDM-PCA,arc labels,,,,
Right,contig,WRM,RTT,5,0.1,0,2129,22,426,1,NoAdapt,nothing,,0.8107175216809768,0.06694560669456066,0.7272727272727273
Right,contig,WRM,RTT,5,0.1,0,2129,22,426,1,TargetOnly,arc labels,,,,
Right,contig,WRM,RTT,5,0.1,0,2129,22,426,1,Source+Target,arc labels,,,,
Right,contig,WRM,RTT,5,0.1,0,2129,22,426,1,COT,arc labels,,,,
Right,contig,WRM,RTT,5,0.1,0,2129,22,426,1,none-HS4,arc labels,,,,
Right,contig,WRM,RTT,5,0.1,0,2129,22,426,1,none-HSsrc,nothing,,0.7973745523579411,0.04336734693877551,0.7727272727272727
Right,contig,WRM,RTT,5,0.1,0,2129,22,426,1,none-PCA,arc segments,32.0,0.8440695517107477,0.06164383561643835,0.8181818181818182
Right,contig,WRM,RTT,5,0.1,0,2129,22,426,1,QOTu-HS4,arc labels,,,,
Right,contig,WRM,RTT,5,0.1,0,2129,22,426,1,QOTu-HSsrc,arc segments,,0.7226452949044311,0.019195612431444242,0.9545454545454546
Right,contig,WRM,RTT,5,0.1,0,2129,22,426,1,QOTu-PCA,arc segments,8.0,0.7361716356732968,0.020250723240115717,0.9545454545454546
Right,contig,WRM,RTT,5,0.1,0,2129,22,426,1,QOTc-HS4,arc labels,,,,
Right,contig,WRM,RTT,5,0.1,0,2129,22,426,1,QOTc-HSsrc,arc labels,,,,
Right,contig,WRM,RTT,5,0.1,0,2129,22,426,1,QOTc-PCA,arc labels,,,,
Right,contig,WRM,RTT,5,0.1,0,2129,22,426,1,SDM-HS4,arc labels,,,,
Right,contig,WRM,RTT,5,0.1,0,2129,22,426,1,SDM-HSsrc,arc labels,,,,
Right,contig,WRM,RTT,5,0.1,0,2129,22,426,1,SDM-PCA,arc labels,,,,
Right,contig,WRM,RTT,5,0.2,1,2129,22,852,2,NoAdapt,nothing,,0.8107175216809768,0.06694560669456066,0.7272727272727273
Right,contig,WRM,RTT,5,0.2,1,2129,22,852,2,TargetOnly,arc labels,,0.535379902489537,0.01680672268907563,0.18181818181818182
Right,contig,WRM,RTT,5,0.2,1,2129,22,852,2,Source+Target,arc labels,,0.7945269016697588,0.04207920792079208,0.7727272727272727
Right,contig,WRM,RTT,5,0.2,1,2129,22,852,2,COT,arc labels,,0.4552250075505889,0.006263048016701462,0.13636363636363635
Right,contig,WRM,RTT,5,0.2,1,2129,22,852,2,none-HS4,arc labels,,0.7488350519911982,0.03722084367245657,0.6818181818181818
Right,contig,WRM,RTT,5,0.2,1,2129,22,852,2,none-HSsrc,nothing,,0.7973745523579411,0.04336734693877551,0.7727272727272727
Right,contig,WRM,RTT,5,0.2,1,2129,22,852,2,none-PCA,arc segments,32.0,0.844306855934763,0.061855670103092786,0.8181818181818182
Right,contig,WRM,RTT,5,0.2,1,2129,22,852,2,QOTu-HS4,arc labels,,0.789565086076714,0.02586206896551724,0.9545454545454546
Right,contig,WRM,RTT,5,0.2,1,2129,22,852,2,QOTu-HSsrc,arc segments,,0.7807848297881521,0.024734982332155476,0.9545454545454546
Right,contig,WRM,RTT,5,0.2,1,2129,22,852,2,QOTu-PCA,arc segments,32.0,0.6537084178280191,0.03125,0.45454545454545453
Right,contig,WRM,RTT,5,0.2,1,2129,22,852,2,QOTc-HS4,arc labels,,0.614715019200069,0.03608247422680412,0.3181818181818182
Right,contig,WRM,RTT,5,0.2,1,2129,22,852,2,QOTc-HSsrc,arc labels,,0.7960262329033093,0.029069767441860465,0.9090909090909091
Right,contig,WRM,RTT,5,0.2,1,2129,22,852,2,QOTc-PCA,arc labels,64.0,0.5179272554687837,0.01694915254237288,0.09090909090909091
Right,contig,WRM,RTT,5,0.2,1,2129,22,852,2,SDM-HS4,arc labels,,0.4963325710834017,0.009569377990430622,0.09090909090909091
Right,contig,WRM,RTT,5,0.2,1,2129,22,852,2,SDM-HSsrc,arc labels,,0.7448763860723994,0.02535211267605634,0.8181818181818182
Right,contig,WRM,RTT,5,0.2,1,2129,22,852,2,SDM-PCA,arc labels,32.0,0.5273115588730207,0.014705882352941176,0.18181818181818182
Right,contig,WRM,RTT,5,0.3,1,2129,22,1278,4,NoAdapt,nothing,,0.8107175216809768,0.06694560669456066,0.7272727272727273
Right,contig,WRM,RTT,5,0.3,1,2129,22,1278,4,TargetOnly,arc labels,,0.5187686068084739,0.012987012987012988,0.18181818181818182
Right,contig,WRM,RTT,5,0.3,1,2129,22,1278,4,Source+Target,arc labels,,0.7781529102127109,0.035940803382663845,0.7727272727272727
Right,contig,WRM,RTT,5,0.3,1,2129,22,1278,4,COT,arc labels,,0.4599710920308927,0.006535947712418301,0.13636363636363635
Right,contig,WRM,RTT,5,0.3,1,2129,22,1278,4,none-HS4,arc labels,,0.7386849031367304,0.04011461318051576,0.6363636363636364
Right,contig,WRM,RTT,5,0.3,1,2129,22,1278,4,none-HSsrc,nothing,,0.7973745523579411,0.04336734693877551,0.7727272727272727
Right,contig,WRM,RTT,5,0.3,1,2129,22,1278,4,none-PCA,arc segments,32.0,0.844306855934763,0.061855670103092786,0.8181818181818182
Right,contig,WRM,RTT,5,0.3,1,2129,22,1278,4,QOTu-HS4,arc labels,,0.8021961427277042,0.030211480362537766,0.9090909090909091
Right,contig,WRM,RTT,5,0.3,1,2129,22,1278,4,QOTu-HSsrc,arc segments,,0.7749061569659577,0.02574002574002574,0.9090909090909091
Right,contig,WRM,RTT,5,0.3,1,2129,22,1278,4,QOTu-PCA,arc segments,32.0,0.6489623333477154,0.029411764705882353,0.45454545454545453
Right,contig,WRM,RTT,5,0.3,1,2129,22,1278,4,QOTc-HS4,arc labels,,0.5893234672304439,0.023255813953488372,0.3181818181818182
Right,contig,WRM,RTT,5,0.3,1,2129,22,1278,4,QOTc-HSsrc,arc labels,,0.7133149242783794,0.021352313167259787,0.8181818181818182
Right,contig,WRM,RTT,5,0.3,1,2129,22,1278,4,QOTc-PCA,arc labels,64.0,0.47621564482029594,0.005076142131979695,0.045454545454545456
Right,contig,WRM,RTT,5,0.3,1,2129,22,1278,4,SDM-HS4,arc labels,,0.5912758338007507,0.030612244897959183,0.2727272727272727
Right,contig,WRM,RTT,5,0.3,1,2129,22,1278,4,SDM-HSsrc,arc labels,,0.6555744919532295,0.018844221105527637,0.6818181818181818
Right,contig,WRM,RTT,5,0.3,1,2129,22,1278,4,SDM-PCA,arc labels,16.0,0.557157958320749,0.0205761316872428,0.22727272727272727
Right,contig,WRM,RTT,5,0.5,1,2129,22,2106,60,NoAdapt,nothing,,0.8107175216809768,0.06694560669456066,0.7272727272727273
Right,contig,WRM,RTT,5,0.5,1,2129,22,2106,60,TargetOnly,arc labels,,0.6462225482159036,0.05063291139240506,0.36363636363636365
Right,contig,WRM,RTT,5,0.5,1,2129,22,2106,60,Source+Target,arc labels,,0.7550588945937783,0.05,0.6363636363636364
Right,contig,WRM,RTT,5,0.5,1,2129,22,2106,60,COT,arc labels,,0.46207447038011823,0.008565310492505354,0.36363636363636365
Right,contig,WRM,RTT,5,0.5,1,2129,22,2106,60,none-HS4,arc labels,,0.8154096733830953,0.05379746835443038,0.7727272727272727
Right,contig,WRM,RTT,5,0.5,1,2129,22,2106,60,none-HSsrc,nothing,,0.7973745523579411,0.04336734693877551,0.7727272727272727
Right,contig,WRM,RTT,5,0.5,1,2129,22,2106,60,none-PCA,arc segments,32.0,0.8464425939508996,0.06382978723404255,0.8181818181818182
Right,contig,WRM,RTT,5,0.5,1,2129,22,2106,60,QOTu-HS4,arc labels,,0.7916792509815765,0.040865384615384616,0.7727272727272727
Right,contig,WRM,RTT,5,0.5,1,2129,22,2106,60,QOTu-HSsrc,arc segments,,0.8408767312421797,0.04008016032064128,0.9090909090909091
Right,contig,WRM,RTT,5,0.5,1,2129,22,2106,60,QOTu-PCA,arc segments,32.0,0.80876515511067,0.04941860465116279,0.7727272727272727
Right,contig,WRM,RTT,5,0.5,1,2129,22,2106,60,QOTc-HS4,arc labels,,0.6765435561116624,0.07086614173228346,0.4090909090909091
Right,contig,WRM,RTT,5,0.5,1,2129,22,2106,60,QOTc-HSsrc,arc labels,,0.6999288087327955,0.04954954954954955,0.5
Right,contig,WRM,RTT,5,0.5,1,2129,22,2106,60,QOTc-PCA,arc labels,64.0,0.63488587824136,0.06422018348623854,0.3181818181818182
Right,contig,WRM,RTT,5,0.5,1,2129,22,2106,60,SDM-HS4,arc labels,,0.6930469862363551,0.043824701195219126,0.5
Right,contig,WRM,RTT,5,0.5,1,2129,22,2106,60,SDM-HSsrc,arc labels,,0.6523385252621133,0.039301310043668124,0.4090909090909091
Right,contig,WRM,RTT,5,0.5,1,2129,22,2106,60,SDM-PCA,arc labels,64.0,0.5000970790007335,0.0103397341211226,0.3181818181818182
Right,contig,WRM,RTT,6,0.05,0,2129,31,213,0,NoAdapt,nothing,,0.8201282327254835,0.07868852459016394,0.7741935483870968
Right,contig,WRM,RTT,6,0.05,0,2129,31,213,0,TargetOnly,arc labels,,,,
Right,contig,WRM,RTT,6,0.05,0,2129,31,213,0,Source+Target,arc labels,,,,
Right,contig,WRM,RTT,6,0.05,0,2129,31,213,0,COT,arc labels,,,,
Right,contig,WRM,RTT,6,0.05,0,2129,31,213,0,none-HS4,arc labels,,,,
Right,contig,WRM,RTT,6,0.05,0,2129,31,213,0,none-HSsrc,nothing,,0.7858098342507457,0.053452115812917596,0.7741935483870968
Right,contig,WRM,RTT,6,0.05,0,2129,31,213,0,none-PCA,arc segments,16.0,0.8309372981949015,0.0654911838790932,0.8387096774193549
Right,contig,WRM,RTT,6,0.05,0,2129,31,213,0,QOTu-HS4,arc labels,,,,
Right,contig,WRM,RTT,6,0.05,0,2129,31,213,0,QOTu-HSsrc,arc segments,,0.6826316922414588,0.023183925811437404,0.967741935483871
Right,contig,WRM,RTT,6,0.05,0,2129,31,213,0,QOTu-PCA,arc segments,8.0,0.694547802822965,0.024115755627009645,0.967741935483871
Right,contig,WRM,RTT,6,0.05,0,2129,31,213,0,QOTc-HS4,arc labels,,,,
Right,contig,WRM,RTT,6,0.05,0,2129,31,213,0,QOTc-HSsrc,arc labels,,,,
Right,contig,WRM,RTT,6,0.05,0,2129,31,213,0,QOTc-PCA,arc labels,,,,
Right,contig,WRM,RTT,6,0.05,0,2129,31,213,0,SDM-HS4,arc labels,,,,
Right,contig,WRM,RTT,6,0.05,0,2129,31,213,0,SDM-HSsrc,arc labels,,,,
Right,contig,WRM,RTT,6,0.05,0,2129,31,213,0,SDM-PCA,arc labels,,,,
Right,contig,WRM,RTT,6,0.1,0,2129,31,426,0,NoAdapt,nothing,,0.8201282327254835,0.07868852459016394,0.7741935483870968
Right,contig,WRM,RTT,6,0.1,0,2129,31,426,0,TargetOnly,arc labels,,,,
Right,contig,WRM,RTT,6,0.1,0,2129,31,426,0,Source+Target,arc labels,,,,
Right,contig,WRM,RTT,6,0.1,0,2129,31,426,0,COT,arc labels,,,,
Right,contig,WRM,RTT,6,0.1,0,2129,31,426,0,none-HS4,arc labels,,,,
Right,contig,WRM,RTT,6,0.1,0,2129,31,426,0,none-HSsrc,nothing,,0.7858098342507457,0.053452115812917596,0.7741935483870968
Right,contig,WRM,RTT,6,0.1,0,2129,31,426,0,none-PCA,arc segments,16.0,0.8306989759832714,0.06532663316582915,0.8387096774193549
Right,contig,WRM,RTT,6,0.1,0,2129,31,426,0,QOTu-HS4,arc labels,,,,
Right,contig,WRM,RTT,6,0.1,0,2129,31,426,0,QOTu-HSsrc,arc segments,,0.6745287370460347,0.022590361445783132,0.967741935483871
Right,contig,WRM,RTT,6,0.1,0,2129,31,426,0,QOTu-PCA,arc segments,8.0,0.6969310249392663,0.024311183144246355,0.967741935483871
Right,contig,WRM,RTT,6,0.1,0,2129,31,426,0,QOTc-HS4,arc labels,,,,
Right,contig,WRM,RTT,6,0.1,0,2129,31,426,0,QOTc-HSsrc,arc labels,,,,
Right,contig,WRM,RTT,6,0.1,0,2129,31,426,0,QOTc-PCA,arc labels,,,,
Right,contig,WRM,RTT,6,0.1,0,2129,31,426,0,SDM-HS4,arc labels,,,,
Right,contig,WRM,RTT,6,0.1,0,2129,31,426,0,SDM-HSsrc,arc labels,,,,
Right,contig,WRM,RTT,6,0.1,0,2129,31,426,0,SDM-PCA,arc labels,,,,
Right,contig,WRM,RTT,6,0.2,0,2129,31,852,0,NoAdapt,nothing,,0.8201282327254835,0.07868852459016394,0.7741935483870968
Right,contig,WRM,RTT,6,0.2,0,2129,31,852,0,TargetOnly,arc labels,,,,
Right,contig,WRM,RTT,6,0.2,0,2129,31,852,0,Source+Target,arc labels,,,,
Right,contig,WRM,RTT,6,0.2,0,2129,31,852,0,COT,arc labels,,,,
Right,contig,WRM,RTT,6,0.2,0,2129,31,852,0,none-HS4,arc labels,,,,
Right,contig,WRM,RTT,6,0.2,0,2129,31,852,0,none-HSsrc,nothing,,0.7858098342507457,0.053452115812917596,0.7741935483870968
Right,contig,WRM,RTT,6,0.2,0,2129,31,852,0,none-PCA,arc segments,16.0,0.8005858113718134,0.06201550387596899,0.7741935483870968
Right,contig,WRM,RTT,6,0.2,0,2129,31,852,0,QOTu-HS4,arc labels,,,,
Right,contig,WRM,RTT,6,0.2,0,2129,31,852,0,QOTu-HSsrc,arc segments,,0.719571635044128,0.02633889376646181,0.967741935483871
Right,contig,WRM,RTT,6,0.2,0,2129,31,852,0,QOTu-PCA,arc segments,16.0,0.6326378424920815,0.02447980416156671,0.6451612903225806
Right,contig,WRM,RTT,6,0.2,0,2129,31,852,0,QOTc-HS4,arc labels,,,,
Right,contig,WRM,RTT,6,0.2,0,2129,31,852,0,QOTc-HSsrc,arc labels,,,,
Right,contig,WRM,RTT,6,0.2,0,2129,31,852,0,QOTc-PCA,arc labels,,,,
Right,contig,WRM,RTT,6,0.2,0,2129,31,852,0,SDM-HS4,arc labels,,,,
Right,contig,WRM,RTT,6,0.2,0,2129,31,852,0,SDM-HSsrc,arc labels,,,,
Right,contig,WRM,RTT,6,0.2,0,2129,31,852,0,SDM-PCA,arc labels,,,,
Right,contig,WRM,RTT,6,0.3,0,2129,31,1278,0,NoAdapt,nothing,,0.8201282327254835,0.07868852459016394,0.7741935483870968
Right,contig,WRM,RTT,6,0.3,0,2129,31,1278,0,TargetOnly,arc labels,,,,
Right,contig,WRM,RTT,6,0.3,0,2129,31,1278,0,Source+Target,arc labels,,,,
Right,contig,WRM,RTT,6,0.3,0,2129,31,1278,0,COT,arc labels,,,,
Right,contig,WRM,RTT,6,0.3,0,2129,31,1278,0,none-HS4,arc labels,,,,
Right,contig,WRM,RTT,6,0.3,0,2129,31,1278,0,none-HSsrc,nothing,,0.7858098342507457,0.053452115812917596,0.7741935483870968
Right,contig,WRM,RTT,6,0.3,0,2129,31,1278,0,none-PCA,arc segments,32.0,0.8561225744949107,0.075,0.8709677419354839
Right,contig,WRM,RTT,6,0.3,0,2129,31,1278,0,QOTu-HS4,arc labels,,,,
Right,contig,WRM,RTT,6,0.3,0,2129,31,1278,0,QOTu-HSsrc,arc segments,,0.7559503674774747,0.03297997644287397,0.9032258064516129
Right,contig,WRM,RTT,6,0.3,0,2129,31,1278,0,QOTu-PCA,arc segments,8.0,0.806397798210277,0.04107648725212465,0.9354838709677419
Right,contig,WRM,RTT,6,0.3,0,2129,31,1278,0,QOTc-HS4,arc labels,,,,
Right,contig,WRM,RTT,6,0.3,0,2129,31,1278,0,QOTc-HSsrc,arc labels,,,,
Right,contig,WRM,RTT,6,0.3,0,2129,31,1278,0,QOTc-PCA,arc labels,,,,
Right,contig,WRM,RTT,6,0.3,0,2129,31,1278,0,SDM-HS4,arc labels,,,,
Right,contig,WRM,RTT,6,0.3,0,2129,31,1278,0,SDM-HSsrc,arc labels,,,,
Right,contig,WRM,RTT,6,0.3,0,2129,31,1278,0,SDM-PCA,arc labels,,,,
Right,contig,WRM,RTT,6,0.5,1,2129,31,2106,51,NoAdapt,nothing,,0.8201282327254835,0.07868852459016394,0.7741935483870968
Right,contig,WRM,RTT,6,0.5,1,2129,31,2106,51,TargetOnly,arc labels,,0.6612980103939236,0.06018518518518518,0.41935483870967744
Right,contig,WRM,RTT,6,0.5,1,2129,31,2106,51,Source+Target,arc labels,,0.5990113472123989,0.03235294117647059,0.3548387096774194
Right,contig,WRM,RTT,6,0.5,1,2129,31,2106,51,COT,arc labels,,0.41222823580060886,0.006220839813374806,0.12903225806451613
Right,contig,WRM,RTT,6,0.5,1,2129,31,2106,51,none-HS4,arc labels,,0.7861250345951598,0.06068601583113457,0.7419354838709677
Right,contig,WRM,RTT,6,0.5,1,2129,31,2106,51,none-HSsrc,nothing,,0.7858098342507457,0.053452115812917596,0.7741935483870968
Right,contig,WRM,RTT,6,0.5,1,2129,31,2106,51,none-PCA,arc segments,16.0,0.762208247486085,0.06140350877192982,0.6774193548387096
Right,contig,WRM,RTT,6,0.5,1,2129,31,2106,51,QOTu-HS4,arc labels,,0.8220424982318029,0.0536779324055666,0.8709677419354839
Right,contig,WRM,RTT,6,0.5,1,2129,31,2106,51,QOTu-HSsrc,arc segments,,0.785894400196808,0.04436860068259386,0.8387096774193549
Right,contig,WRM,RTT,6,0.5,1,2129,31,2106,51,QOTu-PCA,arc segments,32.0,0.7661828469510132,0.05583756345177665,0.7096774193548387
Right,contig,WRM,RTT,6,0.5,1,2129,31,2106,51,QOTc-HS4,arc labels,,0.685130231556936,0.11206896551724138,0.41935483870967744
Right,contig,WRM,RTT,6,0.5,1,2129,31,2106,51,QOTc-HSsrc,arc labels,,0.6465989114056399,0.05741626794258373,0.3870967741935484
Right,contig,WRM,RTT,6,0.5,1,2129,31,2106,51,QOTc-PCA,arc labels,64.0,0.6682093545311971,0.06951871657754011,0.41935483870967744
Right,contig,WRM,RTT,6,0.5,1,2129,31,2106,51,SDM-HS4,arc labels,,0.6291168240105784,0.06896551724137931,0.3225806451612903
Right,contig,WRM,RTT,6,0.5,1,2129,31,2106,51,SDM-HSsrc,arc labels,,0.5640471724222762,0.0330188679245283,0.22580645161290322
Right,contig,WRM,RTT,6,0.5,1,2129,31,2106,51,SDM-PCA,arc labels,64.0,0.47293889726006333,0.012658227848101266,0.3548387096774194
Right,contig,WRM,RTT,7,0.05,0,2129,35,213,0,NoAdapt,nothing,,0.8185768863419294,0.07588075880758807,0.8
Right,contig,WRM,RTT,7,0.05,0,2129,35,213,0,TargetOnly,arc labels,,,,
Right,contig,WRM,RTT,7,0.05,0,2129,35,213,0,Source+Target,arc labels,,,,
Right,contig,WRM,RTT,7,0.05,0,2129,35,213,0,COT,arc labels,,,,
Right,contig,WRM,RTT,7,0.05,0,2129,35,213,0,none-HS4,arc labels,,,,
Right,contig,WRM,RTT,7,0.05,0,2129,35,213,0,none-HSsrc,nothing,,0.7810888252148998,0.053231939163498096,0.8
Right,contig,WRM,RTT,7,0.05,0,2129,35,213,0,none-PCA,arc segments,32.0,0.7976054031927957,0.06818181818181818,0.7714285714285715
Right,contig,WRM,RTT,7,0.05,0,2129,35,213,0,QOTu-HS4,arc labels,,,,
Right,contig,WRM,RTT,7,0.05,0,2129,35,213,0,QOTu-HSsrc,arc segments,,0.6464115158957566,0.02336769759450172,0.9714285714285714
Right,contig,WRM,RTT,7,0.05,0,2129,35,213,0,QOTu-PCA,arc segments,64.0,0.418610997407559,0.007751937984496124,0.14285714285714285
Right,contig,WRM,RTT,7,0.05,0,2129,35,213,0,QOTc-HS4,arc labels,,,,
Right,contig,WRM,RTT,7,0.05,0,2129,35,213,0,QOTc-HSsrc,arc labels,,,,
Right,contig,WRM,RTT,7,0.05,0,2129,35,213,0,QOTc-PCA,arc labels,,,,
Right,contig,WRM,RTT,7,0.05,0,2129,35,213,0,SDM-HS4,arc labels,,,,
Right,contig,WRM,RTT,7,0.05,0,2129,35,213,0,SDM-HSsrc,arc labels,,,,
Right,contig,WRM,RTT,7,0.05,0,2129,35,213,0,SDM-PCA,arc labels,,,,
Right,contig,WRM,RTT,7,0.1,0,2129,35,426,0,NoAdapt,nothing,,0.8185768863419294,0.07588075880758807,0.8
Right,contig,WRM,RTT,7,0.1,0,2129,35,426,0,TargetOnly,arc labels,,,,
Right,contig,WRM,RTT,7,0.1,0,2129,35,426,0,Source+Target,arc labels,,,,
Right,contig,WRM,RTT,7,0.1,0,2129,35,426,0,COT,arc labels,,,,
Right,contig,WRM,RTT,7,0.1,0,2129,35,426,0,none-HS4,arc labels,,,,
Right,contig,WRM,RTT,7,0.1,0,2129,35,426,0,none-HSsrc,nothing,,0.7810888252148998,0.053231939163498096,0.8
Right,contig,WRM,RTT,7,0.1,0,2129,35,426,0,none-PCA,arc segments,64.0,0.7997544003274663,0.06976744186046512,0.7714285714285715
Right,contig,WRM,RTT,7,0.1,0,2129,35,426,0,QOTu-HS4,arc labels,,,,
Right,contig,WRM,RTT,7,0.1,0,2129,35,426,0,QOTu-HSsrc,arc segments,,0.6538136171373994,0.023876404494382022,0.9714285714285714
Right,contig,WRM,RTT,7,0.1,0,2129,35,426,0,QOTu-PCA,arc segments,32.0,0.4543048164824669,0.011799410029498525,0.22857142857142856
Right,contig,WRM,RTT,7,0.1,0,2129,35,426,0,QOTc-HS4,arc labels,,,,
Right,contig,WRM,RTT,7,0.1,0,2129,35,426,0,QOTc-HSsrc,arc labels,,,,
Right,contig,WRM,RTT,7,0.1,0,2129,35,426,0,QOTc-PCA,arc labels,,,,
Right,contig,WRM,RTT,7,0.1,0,2129,35,426,0,SDM-HS4,arc labels,,,,
Right,contig,WRM,RTT,7,0.1,0,2129,35,426,0,SDM-HSsrc,arc labels,,,,
Right,contig,WRM,RTT,7,0.1,0,2129,35,426,0,SDM-PCA,arc labels,,,,
Right,contig,WRM,RTT,7,0.2,0,2129,35,852,0,NoAdapt,nothing,,0.8185768863419294,0.07588075880758807,0.8
Right,contig,WRM,RTT,7,0.2,0,2129,35,852,0,TargetOnly,arc labels,,,,
Right,contig,WRM,RTT,7,0.2,0,2129,35,852,0,Source+Target,arc labels,,,,
Right,contig,WRM,RTT,7,0.2,0,2129,35,852,0,COT,arc labels,,,,
Right,contig,WRM,RTT,7,0.2,0,2129,35,852,0,none-HS4,arc labels,,,,
Right,contig,WRM,RTT,7,0.2,0,2129,35,852,0,none-HSsrc,nothing,,0.7810888252148998,0.053231939163498096,0.8
Right,contig,WRM,RTT,7,0.2,0,2129,35,852,0,none-PCA,arc segments,32.0,0.8490176013098649,0.07311320754716981,0.8857142857142857
Right,contig,WRM,RTT,7,0.2,0,2129,35,852,0,QOTu-HS4,arc labels,,,,
Right,contig,WRM,RTT,7,0.2,0,2129,35,852,0,QOTu-HSsrc,arc segments,,0.7206713057715923,0.02972027972027972,0.9714285714285714
Right,contig,WRM,RTT,7,0.2,0,2129,35,852,0,QOTu-PCA,arc segments,64.0,0.5806863146404693,0.023778071334214,0.5142857142857142
Right,contig,WRM,RTT,7,0.2,0,2129,35,852,0,QOTc-HS4,arc labels,,,,
Right,contig,WRM,RTT,7,0.2,0,2129,35,852,0,QOTc-HSsrc,arc labels,,,,
Right,contig,WRM,RTT,7,0.2,0,2129,35,852,0,QOTc-PCA,arc labels,,,,
Right,contig,WRM,RTT,7,0.2,0,2129,35,852,0,SDM-HS4,arc labels,,,,
Right,contig,WRM,RTT,7,0.2,0,2129,35,852,0,SDM-HSsrc,arc labels,,,,
Right,contig,WRM,RTT,7,0.2,0,2129,35,852,0,SDM-PCA,arc labels,,,,
Right,contig,WRM,RTT,7,0.3,1,2129,35,1278,4,NoAdapt,nothing,,0.8185768863419294,0.07588075880758807,0.8
Right,contig,WRM,RTT,7,0.3,1,2129,35,1278,4,TargetOnly,arc labels,,0.542611543184609,0.024390243902439025,0.2571428571428571
Right,contig,WRM,RTT,7,0.3,1,2129,35,1278,4,Source+Target,arc labels,,0.7442011188429527,0.050200803212851405,0.7142857142857143
Right,contig,WRM,RTT,7,0.3,1,2129,35,1278,4,COT,arc labels,,0.6443580297448492,0.032679738562091505,0.5714285714285714
Right,contig,WRM,RTT,7,0.3,1,2129,35,1278,4,none-HS4,arc labels,,0.7299154045572384,0.0482897384305835,0.6857142857142857
Right,contig,WRM,RTT,7,0.3,1,2129,35,1278,4,none-HSsrc,nothing,,0.7810888252148998,0.053231939163498096,0.8
Right,contig,WRM,RTT,7,0.3,1,2129,35,1278,4,none-PCA,arc segments,64.0,0.800231955246282,0.07012987012987013,0.7714285714285715
Right,contig,WRM,RTT,7,0.3,1,2129,35,1278,4,QOTu-HS4,arc labels,,0.7728475917587665,0.04172274562584118,0.8857142857142857
Right,contig,WRM,RTT,7,0.3,1,2129,35,1278,4,QOTu-HSsrc,arc segments,,0.7613453404284349,0.03755868544600939,0.9142857142857143
Right,contig,WRM,RTT,7,0.3,1,2129,35,1278,4,QOTu-PCA,arc segments,64.0,0.6436416973666257,0.032520325203252036,0.5714285714285714
Right,contig,WRM,RTT,7,0.3,1,2129,35,1278,4,QOTc-HS4,arc labels,,0.6847523536635285,0.049738219895287955,0.5428571428571428
Right,contig,WRM,RTT,7,0.3,1,2129,35,1278,4,QOTc-HSsrc,arc labels,,0.7768317642243143,0.055900621118012424,0.7714285714285715
Right,contig,WRM,RTT,7,0.3,1,2129,35,1278,4,QOTc-PCA,arc labels,64.0,0.5179424205212171,0.021834061135371178,0.14285714285714285
Right,contig,WRM,RTT,7,0.3,1,2129,35,1278,4,SDM-HS4,arc labels,,0.672138081593669,0.0481283422459893,0.5142857142857142
Right,contig,WRM,RTT,7,0.3,1,2129,35,1278,4,SDM-HSsrc,arc labels,,0.752756174102879,0.0497131931166348,0.7428571428571429
Right,contig,WRM,RTT,7,0.3,1,2129,35,1278,4,SDM-PCA,arc labels,16.0,0.5311911584117888,0.02247191011235955,0.22857142857142856
Right,contig,WRM,RTT,7,0.5,1,2129,35,2118,47,NoAdapt,nothing,,0.8185768863419294,0.07588075880758807,0.8
Right,contig,WRM,RTT,7,0.5,1,2129,35,2118,47,TargetOnly,arc labels,,0.6639036703506618,0.06637168141592921,0.42857142857142855
Right,contig,WRM,RTT,7,0.5,1,2129,35,2118,47,Source+Target,arc labels,,0.6585686996861781,0.04594594594594595,0.4857142857142857
Right,contig,WRM,RTT,7,0.5,1,2129,35,2118,47,COT,arc labels,,0.46262109428298537,0.01278409090909091,0.2571428571428571
Right,contig,WRM,RTT,7,0.5,1,2129,35,2118,47,none-HS4,arc labels,,0.787337972438259,0.06150341685649203,0.7714285714285715
Right,contig,WRM,RTT,7,0.5,1,2129,35,2118,47,none-HSsrc,nothing,,0.7810888252148998,0.053231939163498096,0.8
Right,contig,WRM,RTT,7,0.5,1,2129,35,2118,47,none-PCA,arc segments,64.0,0.7987992904898349,0.06905370843989769,0.7714285714285715
Right,contig,WRM,RTT,7,0.5,1,2129,35,2118,47,QOTu-HS4,arc labels,,0.8012621094282986,0.049679487179487176,0.8857142857142857
Right,contig,WRM,RTT,7,0.5,1,2129,35,2118,47,QOTu-HSsrc,arc segments,,0.7804884704598172,0.04360056258790436,0.8857142857142857
Right,contig,WRM,RTT,7,0.5,1,2129,35,2118,47,QOTu-PCA,arc segments,64.0,0.6777050075044344,0.037037037037037035,0.6285714285714286
Right,contig,WRM,RTT,7,0.5,1,2129,35,2118,47,QOTc-HS4,arc labels,,0.7034588620548506,0.09340659340659341,0.4857142857142857
Right,contig,WRM,RTT,7,0.5,1,2129,35,2118,47,QOTc-HSsrc,arc labels,,0.6960158275344521,0.06569343065693431,0.5142857142857142
Right,contig,WRM,RTT,7,0.5,1,2129,35,2118,47,QOTc-PCA,arc labels,8.0,0.7660526674853323,0.09821428571428571,0.6285714285714286
Right,contig,WRM,RTT,7,0.5,1,2129,35,2118,47,SDM-HS4,arc labels,,0.7231955246281894,0.08597285067873303,0.5428571428571428
Right,contig,WRM,RTT,7,0.5,1,2129,35,2118,47,SDM-HSsrc,arc labels,,0.6136853595306317,0.05699481865284974,0.3142857142857143
Right,contig,WRM,RTT,7,0.5,1,2129,35,2118,47,SDM-PCA,arc labels,64.0,0.5321394460362943,0.019525801952580194,0.4
