Side,Arc,Enc,Source,Target,Rot,AdaptFrac,ArcOK,nEval,nEvalPos,nArc,nArcPos,Method,Uses,K,BAC,Precision,Recall
Left,contig,Ang,HTL,PTT,0,0.05,1,1136,85,114,5,NoAdapt,nothing,,0.47955448592377015,0.06528189910979229,0.25882352941176473
Left,contig,Ang,HTL,PTT,0,0.05,1,1136,85,114,5,TargetOnly,arc labels,,0.5525773772877371,0.08702064896755163,0.6941176470588235
Left,contig,Ang,HTL,PTT,0,0.05,1,1136,85,114,5,Source+Target,arc labels,,0.46497453405720046,0.05128205128205128,0.1411764705882353
Left,contig,Ang,HTL,PTT,0,0.05,1,1136,85,114,5,COT,arc labels,,0.47567582694352717,0.06940509915014165,0.5764705882352941
Left,contig,Ang,HTL,PTT,0,0.05,1,1136,85,114,5,none-Ang-HS4,arc labels,,0.4501427212178878,0.05120481927710843,0.2
Left,contig,Ang,HTL,PTT,0,0.05,1,1136,85,114,5,none-Ang-HSsrc,nothing,,0.4930822186153243,0.058823529411764705,0.047058823529411764
Left,contig,Ang,HTL,PTT,0,0.05,1,1136,85,114,5,none-Ang-PCA,arc segments,64.0,0.5372978116079924,0.09042553191489362,0.4
Left,contig,Ang,HTL,PTT,0,0.05,1,1136,85,114,5,QOTu-Ang-HS4,arc labels,,0.4490625174903453,0.05263157894736842,0.2235294117647059
Left,contig,Ang,HTL,PTT,0,0.05,1,1136,85,114,5,QOTu-Ang-HSsrc,arc segments,,0.4873733698998153,0.05,0.047058823529411764
Left,contig,Ang,HTL,PTT,0,0.05,1,1136,85,114,5,QOTu-Ang-PCA,arc segments,32.0,0.546504729389377,0.10762331838565023,0.2823529411764706
Left,contig,Ang,HTL,PTT,0,0.05,1,1136,85,114,5,QOTc-Ang-HS4,arc labels,,0.43046398388089774,0.044444444444444446,0.18823529411764706
Left,contig,Ang,HTL,PTT,0,0.05,1,1136,85,114,5,QOTc-Ang-HSsrc,arc labels,,0.6184026417417585,0.10849909584086799,0.7058823529411765
Left,contig,Ang,HTL,PTT,0,0.05,1,1136,85,114,5,QOTc-Ang-PCA,arc labels,64.0,0.47950411372922147,0.05333333333333334,0.09411764705882353
Left,contig,Ang,HTL,PTT,0,0.05,1,1136,85,114,5,SDM-Ang-HS4,arc labels,,0.48651144568198357,0.06172839506172839,0.11764705882352941
Left,contig,Ang,HTL,PTT,0,0.05,1,1136,85,114,5,SDM-Ang-HSsrc,arc labels,,0.4521911904628645,0.0646900269541779,0.5647058823529412
Left,contig,Ang,HTL,PTT,0,0.05,1,1136,85,114,5,SDM-Ang-PCA,arc labels,64.0,0.505540941400347,0.08196721311475409,0.11764705882352941
Left,contig,Ang,HTL,PTT,0,0.1,1,1136,85,227,7,NoAdapt,nothing,,0.47955448592377015,0.06528189910979229,0.25882352941176473
Left,contig,Ang,HTL,PTT,0,0.1,1,1136,85,227,7,TargetOnly,arc labels,,0.5465271170313987,0.08384710234278668,0.8
Left,contig,Ang,HTL,PTT,0,0.1,1,1136,85,227,7,Source+Target,arc labels,,0.4955504561482062,0.06993006993006994,0.11764705882352941
Left,contig,Ang,HTL,PTT,0,0.1,1,1136,85,227,7,COT,arc labels,,0.4806962556668719,0.07097591888466413,0.6588235294117647
Left,contig,Ang,HTL,PTT,0,0.1,1,1136,85,227,7,none-Ang-HS4,arc labels,,0.449364750657637,0.05187319884726225,0.21176470588235294
Left,contig,Ang,HTL,PTT,0,0.1,1,1136,85,227,7,none-Ang-HSsrc,nothing,,0.4930822186153243,0.058823529411764705,0.047058823529411764
Left,contig,Ang,HTL,PTT,0,0.1,1,1136,85,227,7,none-Ang-PCA,arc segments,64.0,0.5353500867521128,0.09117647058823529,0.36470588235294116
Left,contig,Ang,HTL,PTT,0,0.1,1,1136,85,227,7,QOTu-Ang-HS4,arc labels,,0.4571500531706498,0.055232558139534885,0.2235294117647059
Left,contig,Ang,HTL,PTT,0,0.1,1,1136,85,227,7,QOTu-Ang-HSsrc,arc segments,,0.4873733698998153,0.05,0.047058823529411764
Left,contig,Ang,HTL,PTT,0,0.1,1,1136,85,227,7,QOTu-Ang-PCA,arc segments,16.0,0.4990541221245872,0.0738255033557047,0.12941176470588237
Left,contig,Ang,HTL,PTT,0,0.1,1,1136,85,227,7,QOTc-Ang-HS4,arc labels,,0.3715173224380142,0.03625954198473282,0.2235294117647059
Left,contig,Ang,HTL,PTT,0,0.1,1,1136,85,227,7,QOTc-Ang-HSsrc,arc labels,,0.5919796272457604,0.09667673716012085,0.7529411764705882
Left,contig,Ang,HTL,PTT,0,0.1,1,1136,85,227,7,QOTc-Ang-PCA,arc labels,64.0,0.5165780489169978,0.08282208588957055,0.3176470588235294
Left,contig,Ang,HTL,PTT,0,0.1,1,1136,85,227,7,SDM-Ang-HS4,arc labels,,0.4568478200033581,0.055865921787709494,0.23529411764705882
Left,contig,Ang,HTL,PTT,0,0.1,1,1136,85,227,7,SDM-Ang-HSsrc,arc labels,,0.387048749090502,0.0464,0.3411764705882353
Left,contig,Ang,HTL,PTT,0,0.1,1,1136,85,227,7,SDM-Ang-PCA,arc labels,64.0,0.4797839592544915,0.07017543859649122,0.5647058823529412
Left,contig,Ang,HTL,PTT,0,0.2,1,1136,85,454,10,NoAdapt,nothing,,0.47955448592377015,0.06528189910979229,0.25882352941176473
Left,contig,Ang,HTL,PTT,0,0.2,1,1136,85,454,10,TargetOnly,arc labels,,0.49486763306654724,0.07272727272727272,0.32941176470588235
Left,contig,Ang,HTL,PTT,0,0.2,1,1136,85,454,10,Source+Target,arc labels,,0.5031174791515084,0.08045977011494253,0.08235294117647059
Left,contig,Ang,HTL,PTT,0,0.2,1,1136,85,454,10,COT,arc labels,,0.4873062069737505,0.07142857142857142,0.49411764705882355
Left,contig,Ang,HTL,PTT,0,0.2,1,1136,85,454,10,none-Ang-HS4,arc labels,,0.4340572004253652,0.0515695067264574,0.27058823529411763
Left,contig,Ang,HTL,PTT,0,0.2,1,1136,85,454,10,none-Ang-HSsrc,nothing,,0.4930822186153243,0.058823529411764705,0.047058823529411764
Left,contig,Ang,HTL,PTT,0,0.2,1,1136,85,454,10,none-Ang-PCA,arc segments,64.0,0.5389824816701181,0.09404388714733543,0.35294117647058826
Left,contig,Ang,HTL,PTT,0,0.2,1,1136,85,454,10,QOTu-Ang-HS4,arc labels,,0.43310572563944705,0.05133928571428571,0.27058823529411763
Left,contig,Ang,HTL,PTT,0,0.2,1,1136,85,454,10,QOTu-Ang-HSsrc,arc segments,,0.48689763250685625,0.04938271604938271,0.047058823529411764
Left,contig,Ang,HTL,PTT,0,0.2,1,1136,85,454,10,QOTu-Ang-PCA,arc segments,16.0,0.48379134717635863,0.06597222222222222,0.2235294117647059
Left,contig,Ang,HTL,PTT,0,0.2,1,1136,85,454,10,QOTc-Ang-HS4,arc labels,,0.38181563776795213,0.04559748427672956,0.3411764705882353
Left,contig,Ang,HTL,PTT,0,0.2,1,1136,85,454,10,QOTc-Ang-HSsrc,arc labels,,0.4592824760732076,0.06550218340611354,0.5294117647058824
Left,contig,Ang,HTL,PTT,0,0.2,1,1136,85,454,10,QOTc-Ang-PCA,arc labels,64.0,0.4245368556556781,0.03761755485893417,0.1411764705882353
Left,contig,Ang,HTL,PTT,0,0.2,1,1136,85,454,10,SDM-Ang-HS4,arc labels,,0.4850842335031063,0.06060606060606061,0.11764705882352941
Left,contig,Ang,HTL,PTT,0,0.2,1,1136,85,454,10,SDM-Ang-HSsrc,arc labels,,0.38903565231991943,0.04332129963898917,0.2823529411764706
Left,contig,Ang,HTL,PTT,0,0.2,1,1136,85,454,10,SDM-Ang-PCA,arc labels,64.0,0.46679352997145573,0.05723905723905724,0.2
Left,contig,Ang,HTL,PTT,0,0.3,1,1136,85,682,28,NoAdapt,nothing,,0.47955448592377015,0.06528189910979229,0.25882352941176473
Left,contig,Ang,HTL,PTT,0,0.3,1,1136,85,682,28,TargetOnly,arc labels,,0.49373705714445626,0.07048458149779736,0.18823529411764706
Left,contig,Ang,HTL,PTT,0,0.3,1,1136,85,682,28,Source+Target,arc labels,,0.5037667207701348,0.08080808080808081,0.09411764705882353
Left,contig,Ang,HTL,PTT,0,0.3,1,1136,85,682,28,COT,arc labels,,0.4728661778698159,0.06914893617021277,0.611764705882353
Left,contig,Ang,HTL,PTT,0,0.3,1,1136,85,682,28,none-Ang-HS4,arc labels,,0.4951586724128281,0.06493506493506493,0.058823529411764705
Left,contig,Ang,HTL,PTT,0,0.3,1,1136,85,682,28,none-Ang-HSsrc,nothing,,0.4930822186153243,0.058823529411764705,0.047058823529411764
Left,contig,Ang,HTL,PTT,0,0.3,1,1136,85,682,28,none-Ang-PCA,arc segments,16.0,0.4277830637488107,0.044854881266490766,0.2
Left,contig,Ang,HTL,PTT,0,0.3,1,1136,85,682,28,QOTu-Ang-HS4,arc labels,,0.5066211451278895,0.08602150537634409,0.09411764705882353
Left,contig,Ang,HTL,PTT,0,0.3,1,1136,85,682,28,QOTu-Ang-HSsrc,arc segments,,0.49135277326915544,0.058823529411764705,0.058823529411764705
Left,contig,Ang,HTL,PTT,0,0.3,1,1136,85,682,28,QOTu-Ang-PCA,arc segments,8.0,0.45338892931102037,0.05612244897959184,0.25882352941176473
Left,contig,Ang,HTL,PTT,0,0.3,1,1136,85,682,28,QOTc-Ang-HS4,arc labels,,0.5200313426988302,0.09655172413793103,0.16470588235294117
Left,contig,Ang,HTL,PTT,0,0.3,1,1136,85,682,28,QOTc-Ang-HSsrc,arc labels,,0.5123747691274416,0.09090909090909091,0.12941176470588237
Left,contig,Ang,HTL,PTT,0,0.3,1,1136,85,682,28,QOTc-Ang-PCA,arc labels,64.0,0.5672636704539095,0.13855421686746988,0.27058823529411763
Left,contig,Ang,HTL,PTT,0,0.3,1,1136,85,682,28,SDM-Ang-HS4,arc labels,,0.5250069961381317,0.09574468085106383,0.21176470588235294
Left,contig,Ang,HTL,PTT,0,0.3,1,1136,85,682,28,SDM-Ang-HSsrc,arc labels,,0.4049980410813231,0.050488599348534204,0.36470588235294116
Left,contig,Ang,HTL,PTT,0,0.3,1,1136,85,682,28,SDM-Ang-PCA,arc labels,64.0,0.5329713997873174,0.08985507246376812,0.36470588235294116
Left,contig,Ang,HTL,PTT,0,0.5,1,1136,85,1124,54,NoAdapt,nothing,,0.47955448592377015,0.06528189910979229,0.25882352941176473
Left,contig,Ang,HTL,PTT,0,0.5,1,1136,85,1124,54,TargetOnly,arc labels,,0.5066771142329434,0.07728337236533958,0.38823529411764707
Left,contig,Ang,HTL,PTT,0,0.5,1,1136,85,1124,54,Source+Target,arc labels,,0.4780769015503442,0.05228758169934641,0.09411764705882353
Left,contig,Ang,HTL,PTT,0,0.5,1,1136,85,1124,54,COT,arc labels,,0.49094419880226114,0.07282913165266107,0.611764705882353
Left,contig,Ang,HTL,PTT,0,0.5,1,1136,85,1124,54,none-Ang-HS4,arc labels,,0.4854760172384844,0.06493506493506493,0.17647058823529413
Left,contig,Ang,HTL,PTT,0,0.5,1,1136,85,1124,54,none-Ang-HSsrc,nothing,,0.4930822186153243,0.058823529411764705,0.047058823529411764
Left,contig,Ang,HTL,PTT,0,0.5,1,1136,85,1124,54,none-Ang-PCA,arc segments,16.0,0.40840655957911237,0.03816793893129771,0.17647058823529413
Left,contig,Ang,HTL,PTT,0,0.5,1,1136,85,1124,54,QOTu-Ang-HS4,arc labels,,0.5070968825208485,0.08695652173913043,0.09411764705882353
Left,contig,Ang,HTL,PTT,0,0.5,1,1136,85,1124,54,QOTu-Ang-HSsrc,arc segments,,0.4864218951138971,0.04878048780487805,0.047058823529411764
Left,contig,Ang,HTL,PTT,0,0.5,1,1136,85,1124,54,QOTu-Ang-PCA,arc segments,8.0,0.517781384675659,0.0975609756097561,0.1411764705882353
Left,contig,Ang,HTL,PTT,0,0.5,1,1136,85,1124,54,QOTc-Ang-HS4,arc labels,,0.5094755694856439,0.09195402298850575,0.09411764705882353
Left,contig,Ang,HTL,PTT,0,0.5,1,1136,85,1124,54,QOTc-Ang-HSsrc,arc labels,,0.4969328930430403,0.07,0.08235294117647059
Left,contig,Ang,HTL,PTT,0,0.5,1,1136,85,1124,54,QOTc-Ang-PCA,arc labels,64.0,0.49412884087983433,0.07167235494880546,0.24705882352941178
Left,contig,Ang,HTL,PTT,0,0.5,1,1136,85,1124,54,SDM-Ang-HS4,arc labels,,0.48379134717635863,0.06597222222222222,0.2235294117647059
Left,contig,Ang,HTL,PTT,0,0.5,1,1136,85,1124,54,SDM-Ang-HSsrc,arc labels,,0.38142945094307945,0.04881450488145049,0.4117647058823529
Left,contig,Ang,HTL,PTT,0,0.5,1,1136,85,1124,54,SDM-Ang-PCA,arc labels,64.0,0.5705994291151284,0.1111111111111111,0.4
Left,contig,Ang,HTL,PTT,1,0.05,1,1136,76,114,9,NoAdapt,nothing,,0.49285004965243295,0.06395348837209303,0.2894736842105263
Left,contig,Ang,HTL,PTT,1,0.05,1,1136,76,114,9,TargetOnly,arc labels,,0.581454816285998,0.09072164948453608,0.5789473684210527
Left,contig,Ang,HTL,PTT,1,0.05,1,1136,76,114,9,Source+Target,arc labels,,0.4624875868917577,0.043668122270742356,0.13157894736842105
Left,contig,Ang,HTL,PTT,1,0.05,1,1136,76,114,9,COT,arc labels,,0.4981380337636544,0.06642728904847396,0.4868421052631579
Left,contig,Ang,HTL,PTT,1,0.05,1,1136,76,114,9,none-Ang-HS4,arc labels,,0.46087388282025815,0.05113636363636364,0.23684210526315788
Left,contig,Ang,HTL,PTT,1,0.05,1,1136,76,114,9,none-Ang-HSsrc,nothing,,0.49143495531281034,0.047619047619047616,0.039473684210526314
Left,contig,Ang,HTL,PTT,1,0.05,1,1136,76,114,9,none-Ang-PCA,arc segments,64.0,0.5186941410129097,0.07449856733524356,0.34210526315789475
Left,contig,Ang,HTL,PTT,1,0.05,1,1136,76,114,9,QOTu-Ang-HS4,arc labels,,0.4771350546176763,0.04918032786885246,0.11842105263157894
Left,contig,Ang,HTL,PTT,1,0.05,1,1136,76,114,9,QOTu-Ang-HSsrc,arc segments,,0.4853028798411122,0.039473684210526314,0.039473684210526314
Left,contig,Ang,HTL,PTT,1,0.05,1,1136,76,114,9,QOTu-Ang-PCA,arc segments,8.0,0.46904170804369416,0.04897959183673469,0.15789473684210525
Left,contig,Ang,HTL,PTT,1,0.05,1,1136,76,114,9,QOTc-Ang-HS4,arc labels,,0.5011668321747765,0.06728538283062645,0.3815789473684211
Left,contig,Ang,HTL,PTT,1,0.05,1,1136,76,114,9,QOTc-Ang-HSsrc,arc labels,,0.5650943396226416,0.07983193277310924,0.75
Left,contig,Ang,HTL,PTT,1,0.05,1,1136,76,114,9,QOTc-Ang-PCA,arc labels,64.0,0.5015888778550149,0.06739130434782609,0.40789473684210525
Left,contig,Ang,HTL,PTT,1,0.05,1,1136,76,114,9,SDM-Ang-HS4,arc labels,,0.4733118172790467,0.049773755656108594,0.14473684210526316
Left,contig,Ang,HTL,PTT,1,0.05,1,1136,76,114,9,SDM-Ang-HSsrc,arc labels,,0.49433962264150944,0.06551724137931035,0.5
Left,contig,Ang,HTL,PTT,1,0.05,1,1136,76,114,9,SDM-Ang-PCA,arc labels,64.0,0.4284260178748759,0.038781163434903045,0.18421052631578946
Left,contig,Ang,HTL,PTT,1,0.1,1,1136,76,227,11,NoAdapt,nothing,,0.49285004965243295,0.06395348837209303,0.2894736842105263
Left,contig,Ang,HTL,PTT,1,0.1,1,1136,76,227,11,TargetOnly,arc labels,,0.6064299900695134,0.10067114093959731,0.5921052631578947
Left,contig,Ang,HTL,PTT,1,0.1,1,1136,76,227,11,Source+Target,arc labels,,0.5158391261171797,0.09302325581395349,0.10526315789473684
Left,contig,Ang,HTL,PTT,1,0.1,1,1136,76,227,11,COT,arc labels,,0.47775571002979145,0.06212121212121212,0.5394736842105263
Left,contig,Ang,HTL,PTT,1,0.1,1,1136,76,227,11,none-Ang-HS4,arc labels,,0.46514399205561074,0.051829268292682924,0.2236842105263158
Left,contig,Ang,HTL,PTT,1,0.1,1,1136,76,227,11,none-Ang-HSsrc,nothing,,0.49143495531281034,0.047619047619047616,0.039473684210526314
Left,contig,Ang,HTL,PTT,1,0.1,1,1136,76,227,11,none-Ang-PCA,arc segments,64.0,0.5210526315789473,0.0755813953488372,0.34210526315789475
Left,contig,Ang,HTL,PTT,1,0.1,1,1136,76,227,11,QOTu-Ang-HS4,arc labels,,0.47805362462760675,0.05102040816326531,0.13157894736842105
Left,contig,Ang,HTL,PTT,1,0.1,1,1136,76,227,11,QOTu-Ang-HSsrc,arc segments,,0.4848311817279047,0.03896103896103896,0.039473684210526314
Left,contig,Ang,HTL,PTT,1,0.1,1,1136,76,227,11,QOTu-Ang-PCA,arc segments,16.0,0.5104021847070507,0.0728744939271255,0.23684210526315788
Left,contig,Ang,HTL,PTT,1,0.1,1,1136,76,227,11,QOTc-Ang-HS4,arc labels,,0.4259930486593843,0.0413625304136253,0.2236842105263158
Left,contig,Ang,HTL,PTT,1,0.1,1,1136,76,227,11,QOTc-Ang-HSsrc,arc labels,,0.4381330685203575,0.05510752688172043,0.5394736842105263
Left,contig,Ang,HTL,PTT,1,0.1,1,1136,76,227,11,QOTc-Ang-PCA,arc labels,64.0,0.5138778550148957,0.07159904534606205,0.39473684210526316
Left,contig,Ang,HTL,PTT,1,0.1,1,1136,76,227,11,SDM-Ang-HS4,arc labels,,0.4577706057596822,0.04184100418410042,0.13157894736842105
Left,contig,Ang,HTL,PTT,1,0.1,1,1136,76,227,11,SDM-Ang-HSsrc,arc labels,,0.49433962264150944,0.06551724137931035,0.5
Left,contig,Ang,HTL,PTT,1,0.1,1,1136,76,227,11,SDM-Ang-PCA,arc labels,64.0,0.5412859980139026,0.08459214501510574,0.3684210526315789
Left,contig,Ang,HTL,PTT,1,0.2,1,1136,76,454,25,NoAdapt,nothing,,0.49285004965243295,0.06395348837209303,0.2894736842105263
Left,contig,Ang,HTL,PTT,1,0.2,1,1136,76,454,25,TargetOnly,arc labels,,0.48540218470705065,0.06335616438356165,0.4868421052631579
Left,contig,Ang,HTL,PTT,1,0.2,1,1136,76,454,25,Source+Target,arc labels,,0.5073485600794438,0.07692307692307693,0.10526315789473684
Left,contig,Ang,HTL,PTT,1,0.2,1,1136,76,454,25,COT,arc labels,,0.4977408142999007,0.06627680311890838,0.4473684210526316
Left,contig,Ang,HTL,PTT,1,0.2,1,1136,76,454,25,none-Ang-HS4,arc labels,,0.4888778550148957,0.05851063829787234,0.14473684210526316
Left,contig,Ang,HTL,PTT,1,0.2,1,1136,76,454,25,none-Ang-HSsrc,nothing,,0.49143495531281034,0.047619047619047616,0.039473684210526314
Left,contig,Ang,HTL,PTT,1,0.2,1,1136,76,454,25,none-Ang-PCA,arc segments,64.0,0.5296176762661371,0.08185053380782918,0.3026315789473684
Left,contig,Ang,HTL,PTT,1,0.2,1,1136,76,454,25,QOTu-Ang-HS4,arc labels,,0.4766633565044687,0.04891304347826087,0.11842105263157894
Left,contig,Ang,HTL,PTT,1,0.2,1,1136,76,454,25,QOTu-Ang-HSsrc,arc segments,,0.4848311817279047,0.03896103896103896,0.039473684210526314
Left,contig,Ang,HTL,PTT,1,0.2,1,1136,76,454,25,QOTu-Ang-PCA,arc segments,64.0,0.4382820258192651,0.043243243243243246,0.21052631578947367
Left,contig,Ang,HTL,PTT,1,0.2,1,1136,76,454,25,QOTc-Ang-HS4,arc labels,,0.4195878848063555,0.029508196721311476,0.11842105263157894
Left,contig,Ang,HTL,PTT,1,0.2,1,1136,76,454,25,QOTc-Ang-HSsrc,arc labels,,0.5794438927507448,0.10714285714285714,0.39473684210526316
Left,contig,Ang,HTL,PTT,1,0.2,1,1136,76,454,25,QOTc-Ang-PCA,arc labels,64.0,0.5174528301886793,0.07692307692307693,0.25
Left,contig,Ang,HTL,PTT,1,0.2,1,1136,76,454,25,SDM-Ang-HS4,arc labels,,0.361395233366435,0.0300187617260788,0.21052631578947367
Left,contig,Ang,HTL,PTT,1,0.2,1,1136,76,454,25,SDM-Ang-HSsrc,arc labels,,0.392974180734856,0.035343035343035345,0.2236842105263158
Left,contig,Ang,HTL,PTT,1,0.2,1,1136,76,454,25,SDM-Ang-PCA,arc labels,32.0,0.41956305858987086,0.03125,0.13157894736842105
Left,contig,Ang,HTL,PTT,1,0.3,1,1136,76,682,42,NoAdapt,nothing,,0.49285004965243295,0.06395348837209303,0.2894736842105263
Left,contig,Ang,HTL,PTT,1,0.3,1,1136,76,682,42,TargetOnly,arc labels,,0.564746772591857,0.09269662921348315,0.4342105263157895
Left,contig,Ang,HTL,PTT,1,0.3,1,1136,76,682,42,Source+Target,arc labels,,0.5073733862959285,0.07865168539325842,0.09210526315789473
Left,contig,Ang,HTL,PTT,1,0.3,1,1136,76,682,42,COT,arc labels,,0.5373386295928501,0.07882882882882883,0.4605263157894737
Left,contig,Ang,HTL,PTT,1,0.3,1,1136,76,682,42,none-Ang-HS4,arc labels,,0.46482125124131085,0.04602510460251046,0.14473684210526316
Left,contig,Ang,HTL,PTT,1,0.3,1,1136,76,682,42,none-Ang-HSsrc,nothing,,0.49143495531281034,0.047619047619047616,0.039473684210526314
Left,contig,Ang,HTL,PTT,1,0.3,1,1136,76,682,42,none-Ang-PCA,arc segments,64.0,0.5394240317775572,0.084375,0.35526315789473684
Left,contig,Ang,HTL,PTT,1,0.3,1,1136,76,682,42,QOTu-Ang-HS4,arc labels,,0.4888778550148957,0.05851063829787234,0.14473684210526316
Left,contig,Ang,HTL,PTT,1,0.3,1,1136,76,682,42,QOTu-Ang-HSsrc,arc segments,,0.4843594836146971,0.038461538461538464,0.039473684210526314
Left,contig,Ang,HTL,PTT,1,0.3,1,1136,76,682,42,QOTu-Ang-PCA,arc segments,8.0,0.516261171797418,0.08695652173913043,0.13157894736842105
Left,contig,Ang,HTL,PTT,1,0.3,1,1136,76,682,42,QOTc-Ang-HS4,arc labels,,0.45685203574975175,0.03982300884955752,0.11842105263157894
Left,contig,Ang,HTL,PTT,1,0.3,1,1136,76,682,42,QOTc-Ang-HSsrc,arc labels,,0.49746772591856997,0.06363636363636363,0.09210526315789473
Left,contig,Ang,HTL,PTT,1,0.3,1,1136,76,682,42,QOTc-Ang-PCA,arc labels,64.0,0.4640268123138034,0.033112582781456956,0.06578947368421052
Left,contig,Ang,HTL,PTT,1,0.3,1,1136,76,682,42,SDM-Ang-HS4,arc labels,,0.4628599801390268,0.04861111111111111,0.18421052631578946
Left,contig,Ang,HTL,PTT,1,0.3,1,1136,76,682,42,SDM-Ang-HSsrc,arc labels,,0.4765392254220457,0.05405405405405406,0.18421052631578946
Left,contig,Ang,HTL,PTT,1,0.3,1,1136,76,682,42,SDM-Ang-PCA,arc labels,64.0,0.45042204568023836,0.050119331742243436,0.27631578947368424
Left,contig,Ang,HTL,PTT,1,0.5,1,1136,76,1112,63,NoAdapt,nothing,,0.49285004965243295,0.06395348837209303,0.2894736842105263
Left,contig,Ang,HTL,PTT,1,0.5,1,1136,76,1112,63,TargetOnly,arc labels,,0.46037735849056605,0.051630434782608696,0.25
Left,contig,Ang,HTL,PTT,1,0.5,1,1136,76,1112,63,Source+Target,arc labels,,0.5040714995034756,0.07291666666666667,0.09210526315789473
Left,contig,Ang,HTL,PTT,1,0.5,1,1136,76,1112,63,COT,arc labels,,0.5067279046673288,0.06889352818371608,0.4342105263157895
Left,contig,Ang,HTL,PTT,1,0.5,1,1136,76,1112,63,none-Ang-HS4,arc labels,,0.4566782522343595,0.04833836858006042,0.21052631578947367
Left,contig,Ang,HTL,PTT,1,0.5,1,1136,76,1112,63,none-Ang-HSsrc,nothing,,0.49143495531281034,0.047619047619047616,0.039473684210526314
Left,contig,Ang,HTL,PTT,1,0.5,1,1136,76,1112,63,none-Ang-PCA,arc segments,8.0,0.4707547169811321,0.05491329479768786,0.25
Left,contig,Ang,HTL,PTT,1,0.5,1,1136,76,1112,63,QOTu-Ang-HS4,arc labels,,0.4950595829195631,0.06206896551724138,0.11842105263157894
Left,contig,Ang,HTL,PTT,1,0.5,1,1136,76,1112,63,QOTu-Ang-HSsrc,arc segments,,0.4848311817279047,0.03896103896103896,0.039473684210526314
Left,contig,Ang,HTL,PTT,1,0.5,1,1136,76,1112,63,QOTu-Ang-PCA,arc segments,64.0,0.5424280039721946,0.09569377990430622,0.2631578947368421
Left,contig,Ang,HTL,PTT,1,0.5,1,1136,76,1112,63,QOTc-Ang-HS4,arc labels,,0.501713008937438,0.06930693069306931,0.09210526315789473
Left,contig,Ang,HTL,PTT,1,0.5,1,1136,76,1112,63,QOTc-Ang-HSsrc,arc labels,,0.4984359483614697,0.06451612903225806,0.07894736842105263
Left,contig,Ang,HTL,PTT,1,0.5,1,1136,76,1112,63,QOTc-Ang-PCA,arc labels,64.0,0.47775571002979145,0.05851063829787234,0.2894736842105263
Left,contig,Ang,HTL,PTT,1,0.5,1,1136,76,1112,63,SDM-Ang-HS4,arc labels,,0.4621896722939424,0.05378973105134474,0.2894736842105263
Left,contig,Ang,HTL,PTT,1,0.5,1,1136,76,1112,63,SDM-Ang-HSsrc,arc labels,,0.42157398212512415,0.045714285714285714,0.3157894736842105
Left,contig,Ang,HTL,PTT,1,0.5,1,1136,76,1112,63,SDM-Ang-PCA,arc labels,64.0,0.44667328699106257,0.04854368932038835,0.2631578947368421
Left,contig,Ang,HTL,PTT,2,0.05,0,1136,82,114,0,NoAdapt,nothing,,0.48092053501180176,0.06376811594202898,0.2682926829268293
Left,contig,Ang,HTL,PTT,2,0.05,0,1136,82,114,0,TargetOnly,arc labels,,,,
Left,contig,Ang,HTL,PTT,2,0.05,0,1136,82,114,0,Source+Target,arc labels,,,,
Left,contig,Ang,HTL,PTT,2,0.05,0,1136,82,114,0,COT,arc labels,,,,
Left,contig,Ang,HTL,PTT,2,0.05,0,1136,82,114,0,none-Ang-HS4,arc labels,,,,
Left,contig,Ang,HTL,PTT,2,0.05,0,1136,82,114,0,none-Ang-HSsrc,nothing,,0.4922016013329014,0.05172413793103448,0.036585365853658534
Left,contig,Ang,HTL,PTT,2,0.05,0,1136,82,114,0,none-Ang-PCA,arc segments,16.0,0.46005924006109133,0.05136986301369863,0.18292682926829268
Left,contig,Ang,HTL,PTT,2,0.05,0,1136,82,114,0,QOTu-Ang-HS4,arc labels,,,,
Left,contig,Ang,HTL,PTT,2,0.05,0,1136,82,114,0,QOTu-Ang-HSsrc,arc segments,,0.5167885407506827,0.09401709401709402,0.13414634146341464
Left,contig,Ang,HTL,PTT,2,0.05,0,1136,82,114,0,QOTu-Ang-PCA,arc segments,16.0,0.4963090665062248,0.07011070110701106,0.23170731707317074
Left,contig,Ang,HTL,PTT,2,0.05,0,1136,82,114,0,QOTc-Ang-HS4,arc labels,,,,
Left,contig,Ang,HTL,PTT,2,0.05,0,1136,82,114,0,QOTc-Ang-HSsrc,arc labels,,,,
Left,contig,Ang,HTL,PTT,2,0.05,0,1136,82,114,0,QOTc-Ang-PCA,arc labels,,,,
Left,contig,Ang,HTL,PTT,2,0.05,0,1136,82,114,0,SDM-Ang-HS4,arc labels,,,,
Left,contig,Ang,HTL,PTT,2,0.05,0,1136,82,114,0,SDM-Ang-HSsrc,arc labels,,,,
Left,contig,Ang,HTL,PTT,2,0.05,0,1136,82,114,0,SDM-Ang-PCA,arc labels,,,,
Left,contig,Ang,HTL,PTT,2,0.1,1,1136,82,227,4,NoAdapt,nothing,,0.48092053501180176,0.06376811594202898,0.2682926829268293
Left,contig,Ang,HTL,PTT,2,0.1,1,1136,82,227,4,TargetOnly,arc labels,,0.5002545471375017,0.07246376811594203,0.12195121951219512
Left,contig,Ang,HTL,PTT,2,0.1,1,1136,82,227,4,Source+Target,arc labels,,0.5183505345489888,0.10465116279069768,0.10975609756097561
Left,contig,Ang,HTL,PTT,2,0.1,1,1136,82,227,4,COT,arc labels,,0.5016082750960337,0.0738255033557047,0.13414634146341464
Left,contig,Ang,HTL,PTT,2,0.1,1,1136,82,227,4,none-Ang-HS4,arc labels,,0.4332160873790901,0.04702970297029703,0.23170731707317074
Left,contig,Ang,HTL,PTT,2,0.1,1,1136,82,227,4,none-Ang-HSsrc,nothing,,0.4922016013329014,0.05172413793103448,0.036585365853658534
Left,contig,Ang,HTL,PTT,2,0.1,1,1136,82,227,4,none-Ang-PCA,arc segments,16.0,0.46331050122645434,0.05351170568561873,0.1951219512195122
Left,contig,Ang,HTL,PTT,2,0.1,1,1136,82,227,4,QOTu-Ang-HS4,arc labels,,0.478976720507243,0.05325443786982249,0.10975609756097561
Left,contig,Ang,HTL,PTT,2,0.1,1,1136,82,227,4,QOTu-Ang-HSsrc,arc segments,,0.4972115518119128,0.06741573033707865,0.07317073170731707
Left,contig,Ang,HTL,PTT,2,0.1,1,1136,82,227,4,QOTu-Ang-PCA,arc segments,16.0,0.5022099319664923,0.07373271889400922,0.1951219512195122
Left,contig,Ang,HTL,PTT,2,0.1,1,1136,82,227,4,QOTc-Ang-HS4,arc labels,,0.4552459850974221,0.05063291139240506,0.1951219512195122
Left,contig,Ang,HTL,PTT,2,0.1,1,1136,82,227,4,QOTc-Ang-HSsrc,arc labels,,0.474371731383348,0.06675938803894298,0.5853658536585366
Left,contig,Ang,HTL,PTT,2,0.1,1,1136,82,227,4,QOTc-Ang-PCA,arc labels,64.0,0.4999768593511362,0.07216494845360824,0.17073170731707318
Left,contig,Ang,HTL,PTT,2,0.1,1,1136,82,227,4,SDM-Ang-HS4,arc labels,,0.46725598185773126,0.04216867469879518,0.08536585365853659
Left,contig,Ang,HTL,PTT,2,0.1,1,1136,82,227,4,SDM-Ang-HSsrc,arc labels,,0.44758643032350626,0.049132947976878616,0.2073170731707317
Left,contig,Ang,HTL,PTT,2,0.1,1,1136,82,227,4,SDM-Ang-PCA,arc labels,16.0,0.4978826306289628,0.06993006993006994,0.12195121951219512
Left,contig,Ang,HTL,PTT,2,0.2,1,1136,82,454,30,NoAdapt,nothing,,0.48092053501180176,0.06376811594202898,0.2682926829268293
Left,contig,Ang,HTL,PTT,2,0.2,1,1136,82,454,30,TargetOnly,arc labels,,0.4897834035266349,0.06873614190687362,0.3780487804878049
Left,contig,Ang,HTL,PTT,2,0.2,1,1136,82,454,30,Source+Target,arc labels,,0.5197042625075208,0.10309278350515463,0.12195121951219512
Left,contig,Ang,HTL,PTT,2,0.2,1,1136,82,454,30,COT,arc labels,,0.4903156384505022,0.06941838649155722,0.45121951219512196
Left,contig,Ang,HTL,PTT,2,0.2,1,1136,82,454,30,none-Ang-HS4,arc labels,,0.46263942240940437,0.04897959183673469,0.14634146341463414
Left,contig,Ang,HTL,PTT,2,0.2,1,1136,82,454,30,none-Ang-HSsrc,nothing,,0.4922016013329014,0.05172413793103448,0.036585365853658534
Left,contig,Ang,HTL,PTT,2,0.2,1,1136,82,454,30,none-Ang-PCA,arc segments,16.0,0.4674411070486416,0.05660377358490566,0.21951219512195122
Left,contig,Ang,HTL,PTT,2,0.2,1,1136,82,454,30,QOTu-Ang-HS4,arc labels,,0.48886934789651504,0.06172839506172839,0.12195121951219512
Left,contig,Ang,HTL,PTT,2,0.2,1,1136,82,454,30,QOTu-Ang-HSsrc,arc segments,,0.4850858518072847,0.0410958904109589,0.036585365853658534
Left,contig,Ang,HTL,PTT,2,0.2,1,1136,82,454,30,QOTu-Ang-PCA,arc segments,16.0,0.5101356042023418,0.07894736842105263,0.21951219512195122
Left,contig,Ang,HTL,PTT,2,0.2,1,1136,82,454,30,QOTc-Ang-HS4,arc labels,,0.4127366131346323,0.04838709677419355,0.32926829268292684
Left,contig,Ang,HTL,PTT,2,0.2,1,1136,82,454,30,QOTc-Ang-HSsrc,arc labels,,0.5448697181468969,0.08851674641148326,0.45121951219512196
Left,contig,Ang,HTL,PTT,2,0.2,1,1136,82,454,30,QOTc-Ang-PCA,arc labels,64.0,0.4596079974082473,0.010101010101010102,0.012195121951219513
Left,contig,Ang,HTL,PTT,2,0.2,1,1136,82,454,30,SDM-Ang-HS4,arc labels,,0.46724441153329943,0.053231939163498096,0.17073170731707318
Left,contig,Ang,HTL,PTT,2,0.2,1,1136,82,454,30,SDM-Ang-HSsrc,arc labels,,0.5115240431341694,0.0755813953488372,0.47560975609756095
Left,contig,Ang,HTL,PTT,2,0.2,1,1136,82,454,30,SDM-Ang-PCA,arc labels,64.0,0.45916832507983524,0.05570291777188329,0.25609756097560976
Left,contig,Ang,HTL,PTT,2,0.3,1,1136,82,682,43,NoAdapt,nothing,,0.48092053501180176,0.06376811594202898,0.2682926829268293
Left,contig,Ang,HTL,PTT,2,0.3,1,1136,82,682,43,TargetOnly,arc labels,,0.4679154903503494,0.056782334384858045,0.21951219512195122
Left,contig,Ang,HTL,PTT,2,0.3,1,1136,82,682,43,Source+Target,arc labels,,0.5047322626926459,0.08045977011494253,0.08536585365853659
Left,contig,Ang,HTL,PTT,2,0.3,1,1136,82,682,43,COT,arc labels,,0.5620863609015597,0.09887005649717515,0.4268292682926829
Left,contig,Ang,HTL,PTT,2,0.3,1,1136,82,682,43,none-Ang-HS4,arc labels,,0.46635349655204333,0.05747126436781609,0.24390243902439024
Left,contig,Ang,HTL,PTT,2,0.3,1,1136,82,682,43,none-Ang-HSsrc,nothing,,0.4922016013329014,0.05172413793103448,0.036585365853658534
Left,contig,Ang,HTL,PTT,2,0.3,1,1136,82,682,43,none-Ang-PCA,arc segments,16.0,0.4940875642153006,0.06622516556291391,0.12195121951219512
Left,contig,Ang,HTL,PTT,2,0.3,1,1136,82,682,43,QOTu-Ang-HS4,arc labels,,0.4912412644050539,0.06369426751592357,0.12195121951219512
Left,contig,Ang,HTL,PTT,2,0.3,1,1136,82,682,43,QOTu-Ang-HSsrc,arc segments,,0.4855602351089925,0.041666666666666664,0.036585365853658534
Left,contig,Ang,HTL,PTT,2,0.3,1,1136,82,682,43,QOTu-Ang-PCA,arc segments,32.0,0.4753204979867635,0.04697986577181208,0.08536585365853659
Left,contig,Ang,HTL,PTT,2,0.3,1,1136,82,682,43,QOTc-Ang-HS4,arc labels,,0.4983570139306706,0.07042253521126761,0.12195121951219512
Left,contig,Ang,HTL,PTT,2,0.3,1,1136,82,682,43,QOTc-Ang-HSsrc,arc labels,,0.4923982968482436,0.061946902654867256,0.08536585365853659
Left,contig,Ang,HTL,PTT,2,0.3,1,1136,82,682,43,QOTc-Ang-PCA,arc labels,64.0,0.48940158282038226,0.06557377049180328,0.1951219512195122
Left,contig,Ang,HTL,PTT,2,0.3,1,1136,82,682,43,SDM-Ang-HS4,arc labels,,0.4933354931272273,0.0673076923076923,0.17073170731707318
Left,contig,Ang,HTL,PTT,2,0.3,1,1136,82,682,43,SDM-Ang-HSsrc,arc labels,,0.43917480446151713,0.050808314087759814,0.2682926829268293
Left,contig,Ang,HTL,PTT,2,0.3,1,1136,82,682,43,SDM-Ang-PCA,arc labels,64.0,0.48011061230156893,0.06269592476489028,0.24390243902439024
Left,contig,Ang,HTL,PTT,2,0.5,1,1136,82,1112,57,NoAdapt,nothing,,0.48092053501180176,0.06376811594202898,0.2682926829268293
Left,contig,Ang,HTL,PTT,2,0.5,1,1136,82,1112,57,TargetOnly,arc labels,,0.4946892210857592,0.0684931506849315,0.18292682926829268
Left,contig,Ang,HTL,PTT,2,0.5,1,1136,82,1112,57,Source+Target,arc labels,,0.4991090850187439,0.07058823529411765,0.07317073170731707
Left,contig,Ang,HTL,PTT,2,0.5,1,1136,82,1112,57,COT,arc labels,,0.47469570046744114,0.05818181818181818,0.1951219512195122
Left,contig,Ang,HTL,PTT,2,0.5,1,1136,82,1112,57,none-Ang-HS4,arc labels,,0.4873652057203684,0.06521739130434782,0.21951219512195122
Left,contig,Ang,HTL,PTT,2,0.5,1,1136,82,1112,57,none-Ang-HSsrc,nothing,,0.4922016013329014,0.05172413793103448,0.036585365853658534
Left,contig,Ang,HTL,PTT,2,0.5,1,1136,82,1112,57,none-Ang-PCA,arc segments,8.0,0.47368908224186607,0.05154639175257732,0.12195121951219512
Left,contig,Ang,HTL,PTT,2,0.5,1,1136,82,1112,57,QOTu-Ang-HS4,arc labels,,0.49076688110334615,0.06329113924050633,0.12195121951219512
Left,contig,Ang,HTL,PTT,2,0.5,1,1136,82,1112,57,QOTu-Ang-HSsrc,arc segments,,0.4850858518072847,0.0410958904109589,0.036585365853658534
Left,contig,Ang,HTL,PTT,2,0.5,1,1136,82,1112,57,QOTu-Ang-PCA,arc segments,16.0,0.4955107141204239,0.06756756756756757,0.12195121951219512
Left,contig,Ang,HTL,PTT,2,0.5,1,1136,82,1112,57,QOTc-Ang-HS4,arc labels,,0.5117785902716713,0.09302325581395349,0.0975609756097561
Left,contig,Ang,HTL,PTT,2,0.5,1,1136,82,1112,57,QOTc-Ang-HSsrc,arc labels,,0.4972115518119128,0.06741573033707865,0.07317073170731707
Left,contig,Ang,HTL,PTT,2,0.5,1,1136,82,1112,57,QOTc-Ang-PCA,arc labels,64.0,0.4691535150645624,0.043209876543209874,0.08536585365853659
Left,contig,Ang,HTL,PTT,2,0.5,1,1136,82,1112,57,SDM-Ang-HS4,arc labels,,0.5080413754801685,0.07909604519774012,0.17073170731707318
Left,contig,Ang,HTL,PTT,2,0.5,1,1136,82,1112,57,SDM-Ang-HSsrc,arc labels,,0.49001481001527286,0.06511627906976744,0.17073170731707318
Left,contig,Ang,HTL,PTT,2,0.5,1,1136,82,1112,57,SDM-Ang-PCA,arc labels,64.0,0.4840445226084139,0.0636042402826855,0.21951219512195122
Left,contig,Ang,HTL,PTT,3,0.05,1,1136,66,114,5,NoAdapt,nothing,,0.5212404418011894,0.06645569620253164,0.3181818181818182
Left,contig,Ang,HTL,PTT,3,0.05,1,1136,66,114,5,TargetOnly,arc labels,,0.4853724157462475,0.047337278106508875,0.12121212121212122
Left,contig,Ang,HTL,PTT,3,0.05,1,1136,66,114,5,Source+Target,arc labels,,0.4939110733503257,0.05511811023622047,0.21212121212121213
Left,contig,Ang,HTL,PTT,3,0.05,1,1136,66,114,5,COT,arc labels,,0.47612574341546304,0.043689320388349516,0.13636363636363635
Left,contig,Ang,HTL,PTT,3,0.05,1,1136,66,114,5,none-Ang-HS4,arc labels,,0.4915463041631266,0.05202312138728324,0.13636363636363635
Left,contig,Ang,HTL,PTT,3,0.05,1,1136,66,114,5,none-Ang-HSsrc,nothing,,0.48280940243557063,0.018518518518518517,0.015151515151515152
Left,contig,Ang,HTL,PTT,3,0.05,1,1136,66,114,5,none-Ang-PCA,arc segments,8.0,0.48630699518549986,0.04790419161676647,0.12121212121212122
Left,contig,Ang,HTL,PTT,3,0.05,1,1136,66,114,5,QOTu-Ang-HS4,arc labels,,0.4604361370716511,0.040145985401459854,0.16666666666666666
Left,contig,Ang,HTL,PTT,3,0.05,1,1136,66,114,5,QOTu-Ang-HSsrc,arc segments,,0.4790710846785613,0.016129032258064516,0.015151515151515152
Left,contig,Ang,HTL,PTT,3,0.05,1,1136,66,114,5,QOTu-Ang-PCA,arc segments,8.0,0.4939818748229963,0.05405405405405406,0.15151515151515152
Left,contig,Ang,HTL,PTT,3,0.05,1,1136,66,114,5,QOTc-Ang-HS4,arc labels,,0.45195412064570945,0.04155124653739612,0.22727272727272727
Left,contig,Ang,HTL,PTT,3,0.05,1,1136,66,114,5,QOTc-Ang-HSsrc,arc labels,,0.5579014443500425,0.07011686143572621,0.6363636363636364
Left,contig,Ang,HTL,PTT,3,0.05,1,1136,66,114,5,QOTc-Ang-PCA,arc labels,64.0,0.5263239875389408,0.08270676691729323,0.16666666666666666
Left,contig,Ang,HTL,PTT,3,0.05,1,1136,66,114,5,SDM-Ang-HS4,arc labels,,0.4557632398753894,0.03873239436619718,0.16666666666666666
Left,contig,Ang,HTL,PTT,3,0.05,1,1136,66,114,5,SDM-Ang-HSsrc,arc labels,,0.5525063721325404,0.07425742574257425,0.45454545454545453
Left,contig,Ang,HTL,PTT,3,0.05,1,1136,66,114,5,SDM-Ang-PCA,arc labels,32.0,0.4995893514585103,0.057803468208092484,0.15151515151515152
Left,contig,Ang,HTL,PTT,3,0.1,1,1136,66,227,8,NoAdapt,nothing,,0.5212404418011894,0.06645569620253164,0.3181818181818182
Left,contig,Ang,HTL,PTT,3,0.1,1,1136,66,227,8,TargetOnly,arc labels,,0.5570518266779949,0.08247422680412371,0.36363636363636365
Left,contig,Ang,HTL,PTT,3,0.1,1,1136,66,227,8,Source+Target,arc labels,,0.5137779665817048,0.07692307692307693,0.10606060606060606
Left,contig,Ang,HTL,PTT,3,0.1,1,1136,66,227,8,COT,arc labels,,0.4727131124327386,0.04843304843304843,0.25757575757575757
Left,contig,Ang,HTL,PTT,3,0.1,1,1136,66,227,8,none-Ang-HS4,arc labels,,0.46791277258566977,0.04263565891472868,0.16666666666666666
Left,contig,Ang,HTL,PTT,3,0.1,1,1136,66,227,8,none-Ang-HSsrc,nothing,,0.48280940243557063,0.018518518518518517,0.015151515151515152
Left,contig,Ang,HTL,PTT,3,0.1,1,1136,66,227,8,none-Ang-PCA,arc segments,16.0,0.48709997167941094,0.052805280528052806,0.24242424242424243
Left,contig,Ang,HTL,PTT,3,0.1,1,1136,66,227,8,QOTu-Ang-HS4,arc labels,,0.4674454828660436,0.04247104247104247,0.16666666666666666
Left,contig,Ang,HTL,PTT,3,0.1,1,1136,66,227,8,QOTu-Ang-HSsrc,arc segments,,0.4790710846785613,0.016129032258064516,0.015151515151515152
Left,contig,Ang,HTL,PTT,3,0.1,1,1136,66,227,8,QOTu-Ang-PCA,arc segments,8.0,0.49585103370150097,0.055248618784530384,0.15151515151515152
Left,contig,Ang,HTL,PTT,3,0.1,1,1136,66,227,8,QOTc-Ang-HS4,arc labels,,0.45154347210421975,0.04681647940074907,0.3787878787878788
Left,contig,Ang,HTL,PTT,3,0.1,1,1136,66,227,8,QOTc-Ang-HSsrc,arc labels,,0.5576607193429624,0.06805555555555555,0.7424242424242424
Left,contig,Ang,HTL,PTT,3,0.1,1,1136,66,227,8,QOTc-Ang-PCA,arc labels,32.0,0.4861370716510903,0.0502283105022831,0.16666666666666666
Left,contig,Ang,HTL,PTT,3,0.1,1,1136,66,227,8,SDM-Ang-HS4,arc labels,,0.4349617672047579,0.0400890868596882,0.2727272727272727
Left,contig,Ang,HTL,PTT,3,0.1,1,1136,66,227,8,SDM-Ang-HSsrc,arc labels,,0.5647833474936279,0.07484407484407485,0.5454545454545454
Left,contig,Ang,HTL,PTT,3,0.1,1,1136,66,227,8,SDM-Ang-PCA,arc labels,64.0,0.5381761540640045,0.14285714285714285,0.12121212121212122
Left,contig,Ang,HTL,PTT,3,0.2,1,1136,66,454,24,NoAdapt,nothing,,0.5212404418011894,0.06645569620253164,0.3181818181818182
Left,contig,Ang,HTL,PTT,3,0.2,1,1136,66,454,24,TargetOnly,arc labels,,0.4676437269895214,0.04436860068259386,0.19696969696969696
Left,contig,Ang,HTL,PTT,3,0.2,1,1136,66,454,24,Source+Target,arc labels,,0.5018974794675729,0.06097560975609756,0.07575757575757576
Left,contig,Ang,HTL,PTT,3,0.2,1,1136,66,454,24,COT,arc labels,,0.5346077598414047,0.06551724137931035,0.5757575757575758
Left,contig,Ang,HTL,PTT,3,0.2,1,1136,66,454,24,none-Ang-HS4,arc labels,,0.4834324553950722,0.049586776859504134,0.18181818181818182
Left,contig,Ang,HTL,PTT,3,0.2,1,1136,66,454,24,none-Ang-HSsrc,nothing,,0.48280940243557063,0.018518518518518517,0.015151515151515152
Left,contig,Ang,HTL,PTT,3,0.2,1,1136,66,454,24,none-Ang-PCA,arc segments,8.0,0.4871424525630133,0.0472972972972973,0.10606060606060606
Left,contig,Ang,HTL,PTT,3,0.2,1,1136,66,454,24,QOTu-Ang-HS4,arc labels,,0.5034975927499292,0.061946902654867256,0.10606060606060606
Left,contig,Ang,HTL,PTT,3,0.2,1,1136,66,454,24,QOTu-Ang-HSsrc,arc segments,,0.4790710846785613,0.016129032258064516,0.015151515151515152
Left,contig,Ang,HTL,PTT,3,0.2,1,1136,66,454,24,QOTu-Ang-PCA,arc segments,8.0,0.5116397621070519,0.06923076923076923,0.13636363636363635
Left,contig,Ang,HTL,PTT,3,0.2,1,1136,66,454,24,QOTc-Ang-HS4,arc labels,,0.4916737468139337,0.05434782608695652,0.22727272727272727
Left,contig,Ang,HTL,PTT,3,0.2,1,1136,66,454,24,QOTc-Ang-HSsrc,arc labels,,0.4643726989521382,0.043333333333333335,0.19696969696969696
Left,contig,Ang,HTL,PTT,3,0.2,1,1136,66,454,24,QOTc-Ang-PCA,arc labels,64.0,0.4971537807986406,0.055900621118012424,0.13636363636363635
Left,contig,Ang,HTL,PTT,3,0.2,1,1136,66,454,24,SDM-Ang-HS4,arc labels,,0.4737892948173322,0.04265402843601896,0.13636363636363635
Left,contig,Ang,HTL,PTT,3,0.2,1,1136,66,454,24,SDM-Ang-HSsrc,arc labels,,0.5461342395921835,0.07377049180327869,0.4090909090909091
Left,contig,Ang,HTL,PTT,3,0.2,1,1136,66,454,24,SDM-Ang-PCA,arc labels,64.0,0.5674879637496459,0.07641921397379912,0.5303030303030303
Left,contig,Ang,HTL,PTT,3,0.3,1,1136,66,682,42,NoAdapt,nothing,,0.5212404418011894,0.06645569620253164,0.3181818181818182
Left,contig,Ang,HTL,PTT,3,0.3,1,1136,66,682,42,TargetOnly,arc labels,,0.4465024072500708,0.046263345195729534,0.3939393939393939
Left,contig,Ang,HTL,PTT,3,0.3,1,1136,66,682,42,Source+Target,arc labels,,0.4999291985273294,0.057971014492753624,0.06060606060606061
Left,contig,Ang,HTL,PTT,3,0.3,1,1136,66,682,42,COT,arc labels,,0.4188898329085245,0.045103092783505154,0.5303030303030303
Left,contig,Ang,HTL,PTT,3,0.3,1,1136,66,682,42,none-Ang-HS4,arc labels,,0.4933729821580289,0.05555555555555555,0.2727272727272727
Left,contig,Ang,HTL,PTT,3,0.3,1,1136,66,682,42,none-Ang-HSsrc,nothing,,0.48280940243557063,0.018518518518518517,0.015151515151515152
Left,contig,Ang,HTL,PTT,3,0.3,1,1136,66,682,42,none-Ang-PCA,arc segments,8.0,0.4918436703483432,0.05357142857142857,0.18181818181818182
Left,contig,Ang,HTL,PTT,3,0.3,1,1136,66,682,42,QOTu-Ang-HS4,arc labels,,0.5022939677145284,0.06,0.13636363636363635
Left,contig,Ang,HTL,PTT,3,0.3,1,1136,66,682,42,QOTu-Ang-HSsrc,arc segments,,0.4790710846785613,0.016129032258064516,0.015151515151515152
Left,contig,Ang,HTL,PTT,3,0.3,1,1136,66,682,42,QOTu-Ang-PCA,arc segments,8.0,0.5148116680826962,0.07547169811320754,0.12121212121212122
Left,contig,Ang,HTL,PTT,3,0.3,1,1136,66,682,42,QOTc-Ang-HS4,arc labels,,0.5005805720758992,0.05830903790087463,0.30303030303030304
Left,contig,Ang,HTL,PTT,3,0.3,1,1136,66,682,42,QOTc-Ang-HSsrc,arc labels,,0.4675446049277825,0.043478260869565216,0.18181818181818182
Left,contig,Ang,HTL,PTT,3,0.3,1,1136,66,682,42,QOTc-Ang-PCA,arc labels,64.0,0.48096856414613426,0.041666666666666664,0.09090909090909091
Left,contig,Ang,HTL,PTT,3,0.3,1,1136,66,682,42,SDM-Ang-HS4,arc labels,,0.5133673180402152,0.06439393939393939,0.25757575757575757
Left,contig,Ang,HTL,PTT,3,0.3,1,1136,66,682,42,SDM-Ang-HSsrc,arc labels,,0.5423251203625036,0.06997742663656885,0.4696969696969697
Left,contig,Ang,HTL,PTT,3,0.3,1,1136,66,682,42,SDM-Ang-PCA,arc labels,64.0,0.6317757009345795,0.11538461538461539,0.5
Left,contig,Ang,HTL,PTT,3,0.5,1,1136,66,1112,73,NoAdapt,nothing,,0.5212404418011894,0.06645569620253164,0.3181818181818182
Left,contig,Ang,HTL,PTT,3,0.5,1,1136,66,1112,73,TargetOnly,arc labels,,0.5196969696969697,0.06345733041575492,0.4393939393939394
Left,contig,Ang,HTL,PTT,3,0.5,1,1136,66,1112,73,Source+Target,arc labels,,0.4838431039365619,0.028985507246376812,0.030303030303030304
Left,contig,Ang,HTL,PTT,3,0.5,1,1136,66,1112,73,COT,arc labels,,0.4508071367884452,0.04736842105263158,0.4090909090909091
Left,contig,Ang,HTL,PTT,3,0.5,1,1136,66,1112,73,none-Ang-HS4,arc labels,,0.49197111299915036,0.05504587155963303,0.2727272727272727
Left,contig,Ang,HTL,PTT,3,0.5,1,1136,66,1112,73,none-Ang-HSsrc,nothing,,0.48280940243557063,0.018518518518518517,0.015151515151515152
Left,contig,Ang,HTL,PTT,3,0.5,1,1136,66,1112,73,none-Ang-PCA,arc segments,8.0,0.49221183800623053,0.05339805825242718,0.16666666666666666
Left,contig,Ang,HTL,PTT,3,0.5,1,1136,66,1112,73,QOTu-Ang-HS4,arc labels,,0.50089209855565,0.058823529411764705,0.13636363636363635
Left,contig,Ang,HTL,PTT,3,0.5,1,1136,66,1112,73,QOTu-Ang-HSsrc,arc segments,,0.4790710846785613,0.016129032258064516,0.015151515151515152
Left,contig,Ang,HTL,PTT,3,0.5,1,1136,66,1112,73,QOTu-Ang-PCA,arc segments,8.0,0.5021948456527896,0.06015037593984962,0.12121212121212122
Left,contig,Ang,HTL,PTT,3,0.5,1,1136,66,1112,73,QOTc-Ang-HS4,arc labels,,0.4893939393939394,0.05518763796909492,0.3787878787878788
Left,contig,Ang,HTL,PTT,3,0.5,1,1136,66,1112,73,QOTc-Ang-HSsrc,arc labels,,0.4909515717926933,0.04225352112676056,0.045454545454545456
Left,contig,Ang,HTL,PTT,3,0.5,1,1136,66,1112,73,QOTc-Ang-PCA,arc labels,64.0,0.47288303596714815,0.046822742474916385,0.21212121212121213
Left,contig,Ang,HTL,PTT,3,0.5,1,1136,66,1112,73,SDM-Ang-HS4,arc labels,,0.48809119229679976,0.05496828752642706,0.3939393939393939
Left,contig,Ang,HTL,PTT,3,0.5,1,1136,66,1112,73,SDM-Ang-HSsrc,arc labels,,0.5404559614839989,0.06935123042505593,0.4696969696969697
Left,contig,Ang,HTL,PTT,3,0.5,1,1136,66,1112,73,SDM-Ang-PCA,arc labels,64.0,0.6159869725290286,0.10089020771513353,0.5151515151515151
Left,contig,Ang,HTL,PTT,4,0.05,1,1136,64,114,10,NoAdapt,nothing,,0.53125,0.06944444444444445,0.3125
Left,contig,Ang,HTL,PTT,4,0.05,1,1136,64,114,10,TargetOnly,arc labels,,0.39155783582089554,0.007462686567164179,0.03125
Left,contig,Ang,HTL,PTT,4,0.05,1,1136,64,114,10,Source+Target,arc labels,,0.5020988805970149,0.057803468208092484,0.15625
Left,contig,Ang,HTL,PTT,4,0.05,1,1136,64,114,10,COT,arc labels,,0.410097947761194,0.04172274562584118,0.484375
Left,contig,Ang,HTL,PTT,4,0.05,1,1136,64,114,10,none-Ang-HS4,arc labels,,0.5213386194029851,0.07027027027027027,0.203125
Left,contig,Ang,HTL,PTT,4,0.05,1,1136,64,114,10,none-Ang-HSsrc,nothing,,0.4906716417910448,0.0,0.0
Left,contig,Ang,HTL,PTT,4,0.05,1,1136,64,114,10,none-Ang-PCA,arc segments,8.0,0.4986007462686567,0.05405405405405406,0.0625
Left,contig,Ang,HTL,PTT,4,0.05,1,1136,64,114,10,QOTu-Ang-HS4,arc labels,,0.49172108208955223,0.04225352112676056,0.046875
Left,contig,Ang,HTL,PTT,4,0.05,1,1136,64,114,10,QOTu-Ang-HSsrc,arc segments,,0.48973880597014924,0.0,0.0
Left,contig,Ang,HTL,PTT,4,0.05,1,1136,64,114,10,QOTu-Ang-PCA,arc segments,8.0,0.4982509328358209,0.05263157894736842,0.046875
Left,contig,Ang,HTL,PTT,4,0.05,1,1136,64,114,10,QOTc-Ang-HS4,arc labels,,0.5016324626865671,0.0625,0.03125
Left,contig,Ang,HTL,PTT,4,0.05,1,1136,64,114,10,QOTc-Ang-HSsrc,arc labels,,0.44111473880597013,0.03146853146853147,0.140625
Left,contig,Ang,HTL,PTT,4,0.05,1,1136,64,114,10,QOTc-Ang-PCA,arc labels,64.0,0.5006996268656716,0.058823529411764705,0.03125
Left,contig,Ang,HTL,PTT,4,0.05,1,1136,64,114,10,SDM-Ang-HS4,arc labels,,0.4944029850746269,0.0,0.0
Left,contig,Ang,HTL,PTT,4,0.05,1,1136,64,114,10,SDM-Ang-HSsrc,arc labels,,0.435517723880597,0.030201342281879196,0.140625
Left,contig,Ang,HTL,PTT,4,0.05,1,1136,64,114,10,SDM-Ang-PCA,arc labels,64.0,0.494169776119403,0.041666666666666664,0.03125
Left,contig,Ang,HTL,PTT,4,0.1,1,1136,64,227,20,NoAdapt,nothing,,0.53125,0.06944444444444445,0.3125
Left,contig,Ang,HTL,PTT,4,0.1,1,1136,64,227,20,TargetOnly,arc labels,,0.5198227611940298,0.059743954480796585,0.65625
Left,contig,Ang,HTL,PTT,4,0.1,1,1136,64,227,20,Source+Target,arc labels,,0.49580223880597013,0.05,0.0625
Left,contig,Ang,HTL,PTT,4,0.1,1,1136,64,227,20,COT,arc labels,,0.5115438432835822,0.05813953488372093,0.703125
Left,contig,Ang,HTL,PTT,4,0.1,1,1136,64,227,20,none-Ang-HS4,arc labels,,0.519472947761194,0.06878306878306878,0.203125
Left,contig,Ang,HTL,PTT,4,0.1,1,1136,64,227,20,none-Ang-HSsrc,nothing,,0.4906716417910448,0.0,0.0
Left,contig,Ang,HTL,PTT,4,0.1,1,1136,64,227,20,none-Ang-PCA,arc segments,8.0,0.4808768656716418,0.03571428571428571,0.0625
Left,contig,Ang,HTL,PTT,4,0.1,1,1136,64,227,20,QOTu-Ang-HS4,arc labels,,0.49673507462686567,0.05128205128205128,0.0625
Left,contig,Ang,HTL,PTT,4,0.1,1,1136,64,227,20,QOTu-Ang-HSsrc,arc segments,,0.48927238805970147,0.0,0.0
Left,contig,Ang,HTL,PTT,4,0.1,1,1136,64,227,20,QOTu-Ang-PCA,arc segments,64.0,0.44088152985074625,0.027888446215139442,0.109375
Left,contig,Ang,HTL,PTT,4,0.1,1,1136,64,227,20,QOTc-Ang-HS4,arc labels,,0.4597714552238806,0.0457516339869281,0.328125
Left,contig,Ang,HTL,PTT,4,0.1,1,1136,64,227,20,QOTc-Ang-HSsrc,arc labels,,0.43458488805970147,0.03,0.140625
Left,contig,Ang,HTL,PTT,4,0.1,1,1136,64,227,20,QOTc-Ang-PCA,arc labels,64.0,0.49661847014925375,0.0546218487394958,0.203125
Left,contig,Ang,HTL,PTT,4,0.1,1,1136,64,227,20,SDM-Ang-HS4,arc labels,,0.4986007462686567,0.05555555555555555,0.1875
Left,contig,Ang,HTL,PTT,4,0.1,1,1136,64,227,20,SDM-Ang-HSsrc,arc labels,,0.5223880597014925,0.06349206349206349,0.375
Left,contig,Ang,HTL,PTT,4,0.1,1,1136,64,227,20,SDM-Ang-PCA,arc labels,64.0,0.5187733208955223,0.08333333333333333,0.109375
Left,contig,Ang,HTL,PTT,4,0.2,1,1136,64,454,38,NoAdapt,nothing,,0.53125,0.06944444444444445,0.3125
Left,contig,Ang,HTL,PTT,4,0.2,1,1136,64,454,38,TargetOnly,arc labels,,0.5087453358208955,0.057692307692307696,0.703125
Left,contig,Ang,HTL,PTT,4,0.2,1,1136,64,454,38,Source+Target,arc labels,,0.49510261194029853,0.05128205128205128,0.09375
Left,contig,Ang,HTL,PTT,4,0.2,1,1136,64,454,38,COT,arc labels,,0.5087453358208955,0.057692307692307696,0.703125
Left,contig,Ang,HTL,PTT,4,0.2,1,1136,64,454,38,none-Ang-HS4,arc labels,,0.5073460820895522,0.06046511627906977,0.203125
Left,contig,Ang,HTL,PTT,4,0.2,1,1136,64,454,38,none-Ang-HSsrc,nothing,,0.4906716417910448,0.0,0.0
Left,contig,Ang,HTL,PTT,4,0.2,1,1136,64,454,38,none-Ang-PCA,arc segments,8.0,0.4996501865671642,0.05612244897959184,0.171875
Left,contig,Ang,HTL,PTT,4,0.2,1,1136,64,454,38,QOTu-Ang-HS4,arc labels,,0.503964552238806,0.061224489795918366,0.09375
Left,contig,Ang,HTL,PTT,4,0.2,1,1136,64,454,38,QOTu-Ang-HSsrc,arc segments,,0.48927238805970147,0.0,0.0
Left,contig,Ang,HTL,PTT,4,0.2,1,1136,64,454,38,QOTu-Ang-PCA,arc segments,64.0,0.4800606343283582,0.03125,0.046875
Left,contig,Ang,HTL,PTT,4,0.2,1,1136,64,454,38,QOTc-Ang-HS4,arc labels,,0.427705223880597,0.04534005037783375,0.5625
Left,contig,Ang,HTL,PTT,4,0.2,1,1136,64,454,38,QOTc-Ang-HSsrc,arc labels,,0.4317863805970149,0.029411764705882353,0.140625
Left,contig,Ang,HTL,PTT,4,0.2,1,1136,64,454,38,QOTc-Ang-PCA,arc labels,64.0,0.46793376865671643,0.046798029556650245,0.296875
Left,contig,Ang,HTL,PTT,4,0.2,1,1136,64,454,38,SDM-Ang-HS4,arc labels,,0.4317863805970149,0.045081967213114756,0.515625
Left,contig,Ang,HTL,PTT,4,0.2,1,1136,64,454,38,SDM-Ang-HSsrc,arc labels,,0.5303171641791045,0.06481481481481481,0.4375
Left,contig,Ang,HTL,PTT,4,0.2,1,1136,64,454,38,SDM-Ang-PCA,arc labels,64.0,0.6103078358208955,0.14285714285714285,0.34375
Left,contig,Ang,HTL,PTT,4,0.3,1,1136,64,682,51,NoAdapt,nothing,,0.53125,0.06944444444444445,0.3125
Left,contig,Ang,HTL,PTT,4,0.3,1,1136,64,682,51,TargetOnly,arc labels,,0.5239039179104478,0.060393258426966294,0.671875
Left,contig,Ang,HTL,PTT,4,0.3,1,1136,64,682,51,Source+Target,arc labels,,0.48145988805970147,0.04680851063829787,0.171875
Left,contig,Ang,HTL,PTT,4,0.3,1,1136,64,682,51,COT,arc labels,,0.5082789179104478,0.05761843790012804,0.703125
Left,contig,Ang,HTL,PTT,4,0.3,1,1136,64,682,51,none-Ang-HS4,arc labels,,0.49755130597014924,0.05508474576271186,0.203125
Left,contig,Ang,HTL,PTT,4,0.3,1,1136,64,682,51,none-Ang-HSsrc,nothing,,0.4906716417910448,0.0,0.0
Left,contig,Ang,HTL,PTT,4,0.3,1,1136,64,682,51,none-Ang-PCA,arc segments,64.0,0.46921641791044777,0.043010752688172046,0.1875
Left,contig,Ang,HTL,PTT,4,0.3,1,1136,64,682,51,QOTu-Ang-HS4,arc labels,,0.505830223880597,0.06382978723404255,0.09375
Left,contig,Ang,HTL,PTT,4,0.3,1,1136,64,682,51,QOTu-Ang-HSsrc,arc segments,,0.48927238805970147,0.0,0.0
Left,contig,Ang,HTL,PTT,4,0.3,1,1136,64,682,51,QOTu-Ang-PCA,arc segments,64.0,0.4769123134328358,0.023529411764705882,0.03125
Left,contig,Ang,HTL,PTT,4,0.3,1,1136,64,682,51,QOTc-Ang-HS4,arc labels,,0.4254897388059702,0.04481434058898848,0.546875
Left,contig,Ang,HTL,PTT,4,0.3,1,1136,64,682,51,QOTc-Ang-HSsrc,arc labels,,0.49381996268656714,0.03225806451612903,0.015625
Left,contig,Ang,HTL,PTT,4,0.3,1,1136,64,682,51,QOTc-Ang-PCA,arc labels,64.0,0.5564365671641791,0.06791171477079797,0.625
Left,contig,Ang,HTL,PTT,4,0.3,1,1136,64,682,51,SDM-Ang-HS4,arc labels,,0.4881063432835821,0.053388090349075976,0.40625
Left,contig,Ang,HTL,PTT,4,0.3,1,1136,64,682,51,SDM-Ang-HSsrc,arc labels,,0.5587686567164178,0.0684931506849315,0.625
Left,contig,Ang,HTL,PTT,4,0.3,1,1136,64,682,51,SDM-Ang-PCA,arc labels,64.0,0.6310634328358209,0.12962962962962962,0.4375
Left,contig,Ang,HTL,PTT,4,0.5,1,1136,64,1114,71,NoAdapt,nothing,,0.53125,0.06944444444444445,0.3125
Left,contig,Ang,HTL,PTT,4,0.5,1,1136,64,1114,71,TargetOnly,arc labels,,0.5293843283582089,0.06128133704735376,0.6875
Left,contig,Ang,HTL,PTT,4,0.5,1,1136,64,1114,71,Source+Target,arc labels,,0.47143190298507465,0.012658227848101266,0.015625
Left,contig,Ang,HTL,PTT,4,0.5,1,1136,64,1114,71,COT,arc labels,,0.5026819029850746,0.056712962962962965,0.765625
Left,contig,Ang,HTL,PTT,4,0.5,1,1136,64,1114,71,none-Ang-HS4,arc labels,,0.5008162313432836,0.056768558951965066,0.203125
Left,contig,Ang,HTL,PTT,4,0.5,1,1136,64,1114,71,none-Ang-HSsrc,nothing,,0.4906716417910448,0.0,0.0
Left,contig,Ang,HTL,PTT,4,0.5,1,1136,64,1114,71,none-Ang-PCA,arc segments,16.0,0.511660447761194,0.06382978723404255,0.1875
Left,contig,Ang,HTL,PTT,4,0.5,1,1136,64,1114,71,QOTu-Ang-HS4,arc labels,,0.5086287313432836,0.06818181818181818,0.09375
Left,contig,Ang,HTL,PTT,4,0.5,1,1136,64,1114,71,QOTu-Ang-HSsrc,arc segments,,0.4878731343283582,0.0,0.0
Left,contig,Ang,HTL,PTT,4,0.5,1,1136,64,1114,71,QOTu-Ang-PCA,arc segments,16.0,0.496152052238806,0.05154639175257732,0.078125
Left,contig,Ang,HTL,PTT,4,0.5,1,1136,64,1114,71,QOTc-Ang-HS4,arc labels,,0.47341417910447764,0.05054151624548736,0.4375
Left,contig,Ang,HTL,PTT,4,0.5,1,1136,64,1114,71,QOTc-Ang-HSsrc,arc labels,,0.49381996268656714,0.03225806451612903,0.015625
Left,contig,Ang,HTL,PTT,4,0.5,1,1136,64,1114,71,QOTc-Ang-PCA,arc labels,64.0,0.4322527985074627,0.04054054054054054,0.328125
Left,contig,Ang,HTL,PTT,4,0.5,1,1136,64,1114,71,SDM-Ang-HS4,arc labels,,0.48099347014925375,0.051923076923076926,0.421875
Left,contig,Ang,HTL,PTT,4,0.5,1,1136,64,1114,71,SDM-Ang-HSsrc,arc labels,,0.5611007462686567,0.0690846286701209,0.625
Left,contig,Ang,HTL,PTT,4,0.5,1,1136,64,1114,71,SDM-Ang-PCA,arc labels,64.0,0.609258395522388,0.0851528384279476,0.609375
Left,contig,Ang,HTL,PTT,5,0.05,1,1136,36,114,16,NoAdapt,nothing,,0.5091414141414141,0.03363914373088685,0.3055555555555556
Left,contig,Ang,HTL,PTT,5,0.05,1,1136,36,114,16,TargetOnly,arc labels,,0.4949494949494949,0.031007751937984496,0.4444444444444444
Left,contig,Ang,HTL,PTT,5,0.05,1,1136,36,114,16,Source+Target,arc labels,,0.47787878787878785,0.025210084033613446,0.16666666666666666
Left,contig,Ang,HTL,PTT,5,0.05,1,1136,36,114,16,COT,arc labels,,0.4538888888888889,0.02710413694721826,0.5277777777777778
Left,contig,Ang,HTL,PTT,5,0.05,1,1136,36,114,16,none-Ang-HS4,arc labels,,0.5359090909090909,0.04390243902439024,0.25
Left,contig,Ang,HTL,PTT,5,0.05,1,1136,36,114,16,none-Ang-HSsrc,nothing,,0.4940909090909091,0.0,0.0
Left,contig,Ang,HTL,PTT,5,0.05,1,1136,36,114,16,none-Ang-PCA,arc segments,16.0,0.5226262626262627,0.046296296296296294,0.1388888888888889
Left,contig,Ang,HTL,PTT,5,0.05,1,1136,36,114,16,QOTu-Ang-HS4,arc labels,,0.503030303030303,0.03409090909090909,0.08333333333333333
Left,contig,Ang,HTL,PTT,5,0.05,1,1136,36,114,16,QOTu-Ang-HSsrc,arc segments,,0.49318181818181817,0.0,0.0
Left,contig,Ang,HTL,PTT,5,0.05,1,1136,36,114,16,QOTu-Ang-PCA,arc segments,8.0,0.5189393939393939,0.05660377358490566,0.08333333333333333
Left,contig,Ang,HTL,PTT,5,0.05,1,1136,36,114,16,QOTc-Ang-HS4,arc labels,,0.4821212121212122,0.029914529914529916,0.5833333333333334
Left,contig,Ang,HTL,PTT,5,0.05,1,1136,36,114,16,QOTc-Ang-HSsrc,arc labels,,0.49272727272727274,0.0,0.0
Left,contig,Ang,HTL,PTT,5,0.05,1,1136,36,114,16,QOTc-Ang-PCA,arc labels,64.0,0.46636363636363637,0.025139664804469275,0.25
Left,contig,Ang,HTL,PTT,5,0.05,1,1136,36,114,16,SDM-Ang-HS4,arc labels,,0.5174242424242425,0.034482758620689655,0.4166666666666667
Left,contig,Ang,HTL,PTT,5,0.05,1,1136,36,114,16,SDM-Ang-HSsrc,arc labels,,0.4776767676767677,0.029832935560859187,0.6944444444444444
Left,contig,Ang,HTL,PTT,5,0.05,1,1136,36,114,16,SDM-Ang-PCA,arc labels,64.0,0.5868181818181818,0.04774535809018567,0.5
Left,contig,Ang,HTL,PTT,5,0.1,1,1136,36,227,17,NoAdapt,nothing,,0.5091414141414141,0.03363914373088685,0.3055555555555556
Left,contig,Ang,HTL,PTT,5,0.1,1,1136,36,227,17,TargetOnly,arc labels,,0.48358585858585856,0.029574861367837338,0.4444444444444444
Left,contig,Ang,HTL,PTT,5,0.1,1,1136,36,227,17,Source+Target,arc labels,,0.47005050505050505,0.015503875968992248,0.05555555555555555
Left,contig,Ang,HTL,PTT,5,0.1,1,1136,36,227,17,COT,arc labels,,0.44414141414141417,0.026525198938992044,0.5555555555555556
Left,contig,Ang,HTL,PTT,5,0.1,1,1136,36,227,17,none-Ang-HS4,arc labels,,0.5311616161616162,0.04048582995951417,0.2777777777777778
Left,contig,Ang,HTL,PTT,5,0.1,1,1136,36,227,17,none-Ang-HSsrc,nothing,,0.4940909090909091,0.0,0.0
Left,contig,Ang,HTL,PTT,5,0.1,1,1136,36,227,17,none-Ang-PCA,arc segments,16.0,0.5132828282828282,0.041237113402061855,0.1111111111111111
Left,contig,Ang,HTL,PTT,5,0.1,1,1136,36,227,17,QOTu-Ang-HS4,arc labels,,0.5043939393939394,0.03529411764705882,0.08333333333333333
Left,contig,Ang,HTL,PTT,5,0.1,1,1136,36,227,17,QOTu-Ang-HSsrc,arc segments,,0.49318181818181817,0.0,0.0
Left,contig,Ang,HTL,PTT,5,0.1,1,1136,36,227,17,QOTu-Ang-PCA,arc segments,8.0,0.5125757575757576,0.04477611940298507,0.08333333333333333
Left,contig,Ang,HTL,PTT,5,0.1,1,1136,36,227,17,QOTc-Ang-HS4,arc labels,,0.48424242424242425,0.030303030303030304,0.6666666666666666
Left,contig,Ang,HTL,PTT,5,0.1,1,1136,36,227,17,QOTc-Ang-HSsrc,arc labels,,0.49363636363636365,0.0,0.0
Left,contig,Ang,HTL,PTT,5,0.1,1,1136,36,227,17,QOTc-Ang-PCA,arc labels,64.0,0.46045454545454545,0.02425876010781671,0.25
Left,contig,Ang,HTL,PTT,5,0.1,1,1136,36,227,17,SDM-Ang-HS4,arc labels,,0.5178787878787879,0.03456221198156682,0.4166666666666667
Left,contig,Ang,HTL,PTT,5,0.1,1,1136,36,227,17,SDM-Ang-HSsrc,arc labels,,0.47858585858585856,0.029904306220095694,0.6944444444444444
Left,contig,Ang,HTL,PTT,5,0.1,1,1136,36,227,17,SDM-Ang-PCA,arc labels,64.0,0.5104040404040404,0.03319502074688797,0.4444444444444444
Left,contig,Ang,HTL,PTT,5,0.2,1,1136,36,454,37,NoAdapt,nothing,,0.5091414141414141,0.03363914373088685,0.3055555555555556
Left,contig,Ang,HTL,PTT,5,0.2,1,1136,36,454,37,TargetOnly,arc labels,,0.4834848484848485,0.030042918454935622,0.5833333333333334
Left,contig,Ang,HTL,PTT,5,0.2,1,1136,36,454,37,Source+Target,arc labels,,0.4416666666666667,0.013452914798206279,0.08333333333333333
Left,contig,Ang,HTL,PTT,5,0.2,1,1136,36,454,37,COT,arc labels,,0.46398989898989895,0.02857142857142857,0.6388888888888888
Left,contig,Ang,HTL,PTT,5,0.2,1,1136,36,454,37,none-Ang-HS4,arc labels,,0.5211616161616162,0.03717472118959108,0.2777777777777778
Left,contig,Ang,HTL,PTT,5,0.2,1,1136,36,454,37,none-Ang-HSsrc,nothing,,0.4940909090909091,0.0,0.0
Left,contig,Ang,HTL,PTT,5,0.2,1,1136,36,454,37,none-Ang-PCA,arc segments,32.0,0.49797979797979797,0.027777777777777776,0.027777777777777776
Left,contig,Ang,HTL,PTT,5,0.2,1,1136,36,454,37,QOTu-Ang-HS4,arc labels,,0.5189393939393939,0.05660377358490566,0.08333333333333333
Left,contig,Ang,HTL,PTT,5,0.2,1,1136,36,454,37,QOTu-Ang-HSsrc,arc segments,,0.49318181818181817,0.0,0.0
Left,contig,Ang,HTL,PTT,5,0.2,1,1136,36,454,37,QOTu-Ang-PCA,arc segments,32.0,0.48843434343434344,0.017543859649122806,0.027777777777777776
Left,contig,Ang,HTL,PTT,5,0.2,1,1136,36,454,37,QOTc-Ang-HS4,arc labels,,0.48782828282828283,0.030513176144244106,0.6111111111111112
Left,contig,Ang,HTL,PTT,5,0.2,1,1136,36,454,37,QOTc-Ang-HSsrc,arc labels,,0.49363636363636365,0.0,0.0
Left,contig,Ang,HTL,PTT,5,0.2,1,1136,36,454,37,QOTc-Ang-PCA,arc labels,64.0,0.44858585858585853,0.025889967637540454,0.4444444444444444
Left,contig,Ang,HTL,PTT,5,0.2,1,1136,36,454,37,SDM-Ang-HS4,arc labels,,0.522020202020202,0.03483606557377049,0.4722222222222222
Left,contig,Ang,HTL,PTT,5,0.2,1,1136,36,454,37,SDM-Ang-HSsrc,arc labels,,0.5066161616161616,0.03222094361334868,0.7777777777777778
Left,contig,Ang,HTL,PTT,5,0.2,1,1136,36,454,37,SDM-Ang-PCA,arc labels,64.0,0.520959595959596,0.036544850498338874,0.3055555555555556
Left,contig,Ang,HTL,PTT,5,0.3,1,1136,36,682,47,NoAdapt,nothing,,0.5091414141414141,0.03363914373088685,0.3055555555555556
Left,contig,Ang,HTL,PTT,5,0.3,1,1136,36,682,47,TargetOnly,arc labels,,0.460959595959596,0.02789400278940028,0.5555555555555556
Left,contig,Ang,HTL,PTT,5,0.3,1,1136,36,682,47,Source+Target,arc labels,,0.4586363636363636,0.0,0.0
Left,contig,Ang,HTL,PTT,5,0.3,1,1136,36,682,47,COT,arc labels,,0.4705555555555556,0.028985507246376812,0.6111111111111112
Left,contig,Ang,HTL,PTT,5,0.3,1,1136,36,682,47,none-Ang-HS4,arc labels,,0.522979797979798,0.03773584905660377,0.2777777777777778
Left,contig,Ang,HTL,PTT,5,0.3,1,1136,36,682,47,none-Ang-HSsrc,nothing,,0.4940909090909091,0.0,0.0
Left,contig,Ang,HTL,PTT,5,0.3,1,1136,36,682,47,none-Ang-PCA,arc segments,32.0,0.4916161616161616,0.02,0.027777777777777776
Left,contig,Ang,HTL,PTT,5,0.3,1,1136,36,682,47,QOTu-Ang-HS4,arc labels,,0.502979797979798,0.04,0.027777777777777776
Left,contig,Ang,HTL,PTT,5,0.3,1,1136,36,682,47,QOTu-Ang-HSsrc,arc segments,,0.49318181818181817,0.0,0.0
Left,contig,Ang,HTL,PTT,5,0.3,1,1136,36,682,47,QOTu-Ang-PCA,arc segments,16.0,0.5143939393939394,0.047619047619047616,0.08333333333333333
Left,contig,Ang,HTL,PTT,5,0.3,1,1136,36,682,47,QOTc-Ang-HS4,arc labels,,0.5170202020202019,0.03406813627254509,0.4722222222222222
Left,contig,Ang,HTL,PTT,5,0.3,1,1136,36,682,47,QOTc-Ang-HSsrc,arc labels,,0.49318181818181817,0.0,0.0
Left,contig,Ang,HTL,PTT,5,0.3,1,1136,36,682,47,QOTc-Ang-PCA,arc labels,64.0,0.4444444444444444,0.024822695035460994,0.3888888888888889
Left,contig,Ang,HTL,PTT,5,0.3,1,1136,36,682,47,SDM-Ang-HS4,arc labels,,0.5279292929292929,0.035789473684210524,0.4722222222222222
Left,contig,Ang,HTL,PTT,5,0.3,1,1136,36,682,47,SDM-Ang-HSsrc,arc labels,,0.4538888888888889,0.023980815347721823,0.2777777777777778
Left,contig,Ang,HTL,PTT,5,0.3,1,1136,36,682,47,SDM-Ang-PCA,arc labels,32.0,0.4590909090909091,0.02735562310030395,0.5
Left,contig,Ang,HTL,PTT,5,0.5,1,1136,36,1112,100,NoAdapt,nothing,,0.5091414141414141,0.03363914373088685,0.3055555555555556
Left,contig,Ang,HTL,PTT,5,0.5,1,1136,36,1112,100,TargetOnly,arc labels,,0.4625757575757576,0.028187919463087248,0.5833333333333334
Left,contig,Ang,HTL,PTT,5,0.5,1,1136,36,1112,100,Source+Target,arc labels,,0.413030303030303,0.01048951048951049,0.08333333333333333
Left,contig,Ang,HTL,PTT,5,0.5,1,1136,36,1112,100,COT,arc labels,,0.4858585858585859,0.03048780487804878,0.6944444444444444
Left,contig,Ang,HTL,PTT,5,0.5,1,1136,36,1112,100,none-Ang-HS4,arc labels,,0.5325252525252525,0.040983606557377046,0.2777777777777778
Left,contig,Ang,HTL,PTT,5,0.5,1,1136,36,1112,100,none-Ang-HSsrc,nothing,,0.4940909090909091,0.0,0.0
Left,contig,Ang,HTL,PTT,5,0.5,1,1136,36,1112,100,none-Ang-PCA,arc segments,64.0,0.47449494949494947,0.02527075812274368,0.19444444444444445
Left,contig,Ang,HTL,PTT,5,0.5,1,1136,36,1112,100,QOTu-Ang-HS4,arc labels,,0.4998484848484849,0.031578947368421054,0.08333333333333333
Left,contig,Ang,HTL,PTT,5,0.5,1,1136,36,1112,100,QOTu-Ang-HSsrc,arc segments,,0.49318181818181817,0.0,0.0
Left,contig,Ang,HTL,PTT,5,0.5,1,1136,36,1112,100,QOTu-Ang-PCA,arc segments,64.0,0.48005050505050506,0.018691588785046728,0.05555555555555555
Left,contig,Ang,HTL,PTT,5,0.5,1,1136,36,1112,100,QOTc-Ang-HS4,arc labels,,0.48717171717171714,0.03050397877984085,0.6388888888888888
Left,contig,Ang,HTL,PTT,5,0.5,1,1136,36,1112,100,QOTc-Ang-HSsrc,arc labels,,0.48318181818181816,0.0,0.0
Left,contig,Ang,HTL,PTT,5,0.5,1,1136,36,1112,100,QOTc-Ang-PCA,arc labels,64.0,0.5035858585858586,0.03286384976525822,0.19444444444444445
Left,contig,Ang,HTL,PTT,5,0.5,1,1136,36,1112,100,SDM-Ang-HS4,arc labels,,0.4955555555555556,0.03125,0.6111111111111112
Left,contig,Ang,HTL,PTT,5,0.5,1,1136,36,1112,100,SDM-Ang-HSsrc,arc labels,,0.4776767676767677,0.029832935560859187,0.6944444444444444
Left,contig,Ang,HTL,PTT,5,0.5,1,1136,36,1112,100,SDM-Ang-PCA,arc labels,64.0,0.5567676767676768,0.03765060240963856,0.6944444444444444
Left,contig,Ang,HTL,PTT,6,0.05,0,1136,51,114,1,NoAdapt,nothing,,0.5773561037318153,0.06426735218508997,0.49019607843137253
Left,contig,Ang,HTL,PTT,6,0.05,0,1136,51,114,1,TargetOnly,arc labels,,,,
Left,contig,Ang,HTL,PTT,6,0.05,0,1136,51,114,1,Source+Target,arc labels,,,,
Left,contig,Ang,HTL,PTT,6,0.05,0,1136,51,114,1,COT,arc labels,,,,
Left,contig,Ang,HTL,PTT,6,0.05,0,1136,51,114,1,none-Ang-HS4,arc labels,,,,
Left,contig,Ang,HTL,PTT,6,0.05,0,1136,51,114,1,none-Ang-HSsrc,nothing,,0.5272341194542333,0.13333333333333333,0.0784313725490196
Left,contig,Ang,HTL,PTT,6,0.05,0,1136,51,114,1,none-Ang-PCA,arc segments,64.0,0.5427487123881811,0.056,0.4117647058823529
Left,contig,Ang,HTL,PTT,6,0.05,0,1136,51,114,1,QOTu-Ang-HS4,arc labels,,,,
Left,contig,Ang,HTL,PTT,6,0.05,0,1136,51,114,1,QOTu-Ang-HSsrc,arc segments,,0.5796060359627723,0.2,0.19607843137254902
Left,contig,Ang,HTL,PTT,6,0.05,0,1136,51,114,1,QOTu-Ang-PCA,arc segments,8.0,0.5786030541248757,0.1092436974789916,0.2549019607843137
Left,contig,Ang,HTL,PTT,6,0.05,0,1136,51,114,1,QOTc-Ang-HS4,arc labels,,,,
Left,contig,Ang,HTL,PTT,6,0.05,0,1136,51,114,1,QOTc-Ang-HSsrc,arc labels,,,,
Left,contig,Ang,HTL,PTT,6,0.05,0,1136,51,114,1,QOTc-Ang-PCA,arc labels,,,,
Left,contig,Ang,HTL,PTT,6,0.05,0,1136,51,114,1,SDM-Ang-HS4,arc labels,,,,
Left,contig,Ang,HTL,PTT,6,0.05,0,1136,51,114,1,SDM-Ang-HSsrc,arc labels,,,,
Left,contig,Ang,HTL,PTT,6,0.05,0,1136,51,114,1,SDM-Ang-PCA,arc labels,,,,
Left,contig,Ang,HTL,PTT,6,0.1,1,1136,51,227,17,NoAdapt,nothing,,0.5773561037318153,0.06426735218508997,0.49019607843137253
Left,contig,Ang,HTL,PTT,6,0.1,1,1136,51,227,17,TargetOnly,arc labels,,0.4800759013282732,0.0410958904109589,0.4117647058823529
Left,contig,Ang,HTL,PTT,6,0.1,1,1136,51,227,17,Source+Target,arc labels,,0.6095238095238095,0.12056737588652482,0.3333333333333333
Left,contig,Ang,HTL,PTT,6,0.1,1,1136,51,227,17,COT,arc labels,,0.5035872413481521,0.04539007092198582,0.6274509803921569
Left,contig,Ang,HTL,PTT,6,0.1,1,1136,51,227,17,none-Ang-HS4,arc labels,,0.5171049064787205,0.050505050505050504,0.29411764705882354
Left,contig,Ang,HTL,PTT,6,0.1,1,1136,51,227,17,none-Ang-HSsrc,nothing,,0.5272341194542333,0.13333333333333333,0.0784313725490196
Left,contig,Ang,HTL,PTT,6,0.1,1,1136,51,227,17,none-Ang-PCA,arc segments,64.0,0.5410318966296196,0.05486284289276808,0.43137254901960786
Left,contig,Ang,HTL,PTT,6,0.1,1,1136,51,227,17,QOTu-Ang-HS4,arc labels,,0.5632691786391976,0.09230769230769231,0.23529411764705882
Left,contig,Ang,HTL,PTT,6,0.1,1,1136,51,227,17,QOTu-Ang-HSsrc,arc segments,,0.5796060359627723,0.2,0.19607843137254902
Left,contig,Ang,HTL,PTT,6,0.1,1,1136,51,227,17,QOTu-Ang-PCA,arc segments,64.0,0.5634770037047077,0.11764705882352941,0.19607843137254902
Left,contig,Ang,HTL,PTT,6,0.1,1,1136,51,227,17,QOTc-Ang-HS4,arc labels,,0.49357549471401463,0.044058744993324434,0.6470588235294118
Left,contig,Ang,HTL,PTT,6,0.1,1,1136,51,227,17,QOTc-Ang-HSsrc,arc labels,,0.5361163820366857,0.15151515151515152,0.09803921568627451
Left,contig,Ang,HTL,PTT,6,0.1,1,1136,51,227,17,QOTc-Ang-PCA,arc labels,64.0,0.49775006776904307,0.04424778761061947,0.29411764705882354
Left,contig,Ang,HTL,PTT,6,0.1,1,1136,51,227,17,SDM-Ang-HS4,arc labels,,0.45627541339116295,0.03496503496503497,0.29411764705882354
Left,contig,Ang,HTL,PTT,6,0.1,1,1136,51,227,17,SDM-Ang-HSsrc,arc labels,,0.5433541158398844,0.04966139954853273,0.8627450980392157
Left,contig,Ang,HTL,PTT,6,0.1,1,1136,51,227,17,SDM-Ang-PCA,arc labels,64.0,0.4676786843769766,0.03987240829346093,0.49019607843137253
Left,contig,Ang,HTL,PTT,6,0.2,1,1136,51,454,31,NoAdapt,nothing,,0.5773561037318153,0.06426735218508997,0.49019607843137253
Left,contig,Ang,HTL,PTT,6,0.2,1,1136,51,454,31,TargetOnly,arc labels,,0.5101201771030993,0.046474358974358976,0.5686274509803921
Left,contig,Ang,HTL,PTT,6,0.2,1,1136,51,454,31,Source+Target,arc labels,,0.59288876841059,0.14772727272727273,0.2549019607843137
Left,contig,Ang,HTL,PTT,6,0.2,1,1136,51,454,31,COT,arc labels,,0.5245775729646698,0.048295454545454544,0.6666666666666666
Left,contig,Ang,HTL,PTT,6,0.2,1,1136,51,454,31,none-Ang-HS4,arc labels,,0.5387638926538357,0.06,0.29411764705882354
Left,contig,Ang,HTL,PTT,6,0.2,1,1136,51,454,31,none-Ang-HSsrc,nothing,,0.5272341194542333,0.13333333333333333,0.0784313725490196
Left,contig,Ang,HTL,PTT,6,0.2,1,1136,51,454,31,none-Ang-PCA,arc segments,64.0,0.5523448088912984,0.057007125890736345,0.47058823529411764
Left,contig,Ang,HTL,PTT,6,0.2,1,1136,51,454,31,QOTu-Ang-HS4,arc labels,,0.5441221649950303,0.07874015748031496,0.19607843137254902
Left,contig,Ang,HTL,PTT,6,0.2,1,1136,51,454,31,QOTu-Ang-HSsrc,arc segments,,0.5702629438872323,0.1875,0.17647058823529413
Left,contig,Ang,HTL,PTT,6,0.2,1,1136,51,454,31,QOTu-Ang-PCA,arc segments,16.0,0.5949850908105178,0.1171875,0.29411764705882354
Left,contig,Ang,HTL,PTT,6,0.2,1,1136,51,454,31,QOTc-Ang-HS4,arc labels,,0.5308213608023855,0.04897959183673469,0.7058823529411765
Left,contig,Ang,HTL,PTT,6,0.2,1,1136,51,454,31,QOTc-Ang-HSsrc,arc labels,,0.5791452064696847,0.19607843137254902,0.19607843137254902
Left,contig,Ang,HTL,PTT,6,0.2,1,1136,51,454,31,QOTc-Ang-PCA,arc labels,64.0,0.4542604138429565,0.031055900621118012,0.19607843137254902
Left,contig,Ang,HTL,PTT,6,0.2,1,1136,51,454,31,SDM-Ang-HS4,arc labels,,0.4998102466793169,0.044859813084112146,0.47058823529411764
Left,contig,Ang,HTL,PTT,6,0.2,1,1136,51,454,31,SDM-Ang-HSsrc,arc labels,,0.514150176199512,0.046539379474940336,0.7647058823529411
Left,contig,Ang,HTL,PTT,6,0.2,1,1136,51,454,31,SDM-Ang-PCA,arc labels,32.0,0.5177012740580103,0.047957371225577264,0.5294117647058824
Left,contig,Ang,HTL,PTT,6,0.3,1,1136,51,682,48,NoAdapt,nothing,,0.5773561037318153,0.06426735218508997,0.49019607843137253
Left,contig,Ang,HTL,PTT,6,0.3,1,1136,51,682,48,TargetOnly,arc labels,,0.5044637209722599,0.04560260586319218,0.5490196078431373
Left,contig,Ang,HTL,PTT,6,0.3,1,1136,51,682,48,Source+Target,arc labels,,0.5901237914520647,0.13829787234042554,0.2549019607843137
Left,contig,Ang,HTL,PTT,6,0.3,1,1136,51,682,48,COT,arc labels,,0.5144845034788109,0.046625766871165646,0.7450980392156863
Left,contig,Ang,HTL,PTT,6,0.3,1,1136,51,682,48,none-Ang-HS4,arc labels,,0.5299629529231047,0.06111111111111111,0.21568627450980393
Left,contig,Ang,HTL,PTT,6,0.3,1,1136,51,682,48,none-Ang-HSsrc,nothing,,0.5272341194542333,0.13333333333333333,0.0784313725490196
Left,contig,Ang,HTL,PTT,6,0.3,1,1136,51,682,48,none-Ang-PCA,arc segments,8.0,0.5235565193819464,0.053003533568904596,0.29411764705882354
Left,contig,Ang,HTL,PTT,6,0.3,1,1136,51,682,48,QOTu-Ang-HS4,arc labels,,0.5510346073913437,0.08928571428571429,0.19607843137254902
Left,contig,Ang,HTL,PTT,6,0.3,1,1136,51,682,48,QOTu-Ang-HSsrc,arc segments,,0.5800668654558597,0.20408163265306123,0.19607843137254902
Left,contig,Ang,HTL,PTT,6,0.3,1,1136,51,682,48,QOTu-Ang-PCA,arc segments,16.0,0.6136712749615976,0.12878787878787878,0.3333333333333333
Left,contig,Ang,HTL,PTT,6,0.3,1,1136,51,682,48,QOTc-Ang-HS4,arc labels,,0.5753501400560224,0.058823529411764705,0.6078431372549019
Left,contig,Ang,HTL,PTT,6,0.3,1,1136,51,682,48,QOTc-Ang-HSsrc,arc labels,,0.5707237733803199,0.19148936170212766,0.17647058823529413
Left,contig,Ang,HTL,PTT,6,0.3,1,1136,51,682,48,QOTc-Ang-PCA,arc labels,64.0,0.48794614620041565,0.04142011834319527,0.27450980392156865
Left,contig,Ang,HTL,PTT,6,0.3,1,1136,51,682,48,SDM-Ang-HS4,arc labels,,0.4967922652932141,0.04426559356136821,0.43137254901960786
Left,contig,Ang,HTL,PTT,6,0.3,1,1136,51,682,48,SDM-Ang-HSsrc,arc labels,,0.44158308484684194,0.03773584905660377,0.5882352941176471
Left,contig,Ang,HTL,PTT,6,0.3,1,1136,51,682,48,SDM-Ang-PCA,arc labels,64.0,0.47057016354929065,0.04043545878693624,0.5098039215686274
Left,contig,Ang,HTL,PTT,6,0.5,1,1136,51,1112,88,NoAdapt,nothing,,0.5773561037318153,0.06426735218508997,0.49019607843137253
Left,contig,Ang,HTL,PTT,6,0.5,1,1136,51,1112,88,TargetOnly,arc labels,,0.4384747447366043,0.03454231433506045,0.39215686274509803
Left,contig,Ang,HTL,PTT,6,0.5,1,1136,51,1112,88,Source+Target,arc labels,,0.5642360169874401,0.07373271889400922,0.3137254901960784
Left,contig,Ang,HTL,PTT,6,0.5,1,1136,51,1112,88,COT,arc labels,,0.48134092346616064,0.04240766073871409,0.6078431372549019
Left,contig,Ang,HTL,PTT,6,0.5,1,1136,51,1112,88,none-Ang-HS4,arc labels,,0.5304237824161924,0.061452513966480445,0.21568627450980393
Left,contig,Ang,HTL,PTT,6,0.5,1,1136,51,1112,88,none-Ang-HSsrc,nothing,,0.5272341194542333,0.13333333333333333,0.0784313725490196
Left,contig,Ang,HTL,PTT,6,0.5,1,1136,51,1112,88,none-Ang-PCA,arc segments,8.0,0.5470588235294118,0.06465517241379311,0.29411764705882354
Left,contig,Ang,HTL,PTT,6,0.5,1,1136,51,1112,88,QOTu-Ang-HS4,arc labels,,0.5441221649950303,0.07874015748031496,0.19607843137254902
Left,contig,Ang,HTL,PTT,6,0.5,1,1136,51,1112,88,QOTu-Ang-HSsrc,arc segments,,0.5800668654558597,0.20408163265306123,0.19607843137254902
Left,contig,Ang,HTL,PTT,6,0.5,1,1136,51,1112,88,QOTu-Ang-PCA,arc segments,64.0,0.5282913165266107,0.05423728813559322,0.3137254901960784
Left,contig,Ang,HTL,PTT,6,0.5,1,1136,51,1112,88,QOTc-Ang-HS4,arc labels,,0.497298274148369,0.044444444444444446,0.5098039215686274
Left,contig,Ang,HTL,PTT,6,0.5,1,1136,51,1112,88,QOTc-Ang-HSsrc,arc labels,,0.5866449805728744,0.19298245614035087,0.21568627450980393
Left,contig,Ang,HTL,PTT,6,0.5,1,1136,51,1112,88,QOTc-Ang-PCA,arc labels,64.0,0.5455498328363604,0.06572769953051644,0.27450980392156865
Left,contig,Ang,HTL,PTT,6,0.5,1,1136,51,1112,88,SDM-Ang-HS4,arc labels,,0.5340381313815848,0.051759834368530024,0.49019607843137253
Left,contig,Ang,HTL,PTT,6,0.5,1,1136,51,1112,88,SDM-Ang-HSsrc,arc labels,,0.5131020149995482,0.04645476772616137,0.7450980392156863
Left,contig,Ang,HTL,PTT,6,0.5,1,1136,51,1112,88,SDM-Ang-PCA,arc labels,64.0,0.3655733261046354,0.02146690518783542,0.23529411764705882
Left,contig,Ang,HTL,PTT,7,0.05,1,1136,54,114,4,NoAdapt,nothing,,0.6004141849798041,0.0674373795761079,0.6481481481481481
Left,contig,Ang,HTL,PTT,7,0.05,1,1136,54,114,4,TargetOnly,arc labels,,0.49957212295474773,0.046511627906976744,0.037037037037037035
Left,contig,Ang,HTL,PTT,7,0.05,1,1136,54,114,4,Source+Target,arc labels,,0.6080303963852948,0.10096153846153846,0.3888888888888889
Left,contig,Ang,HTL,PTT,7,0.05,1,1136,54,114,4,COT,arc labels,,0.4497843499691928,0.04157043879907621,0.6666666666666666
Left,contig,Ang,HTL,PTT,7,0.05,1,1136,54,114,4,none-Ang-HS4,arc labels,,0.5339220921476004,0.06962025316455696,0.2037037037037037
Left,contig,Ang,HTL,PTT,7,0.05,1,1136,54,114,4,none-Ang-HSsrc,nothing,,0.5231738207708633,0.11764705882352941,0.07407407407407407
Left,contig,Ang,HTL,PTT,7,0.05,1,1136,54,114,4,none-Ang-PCA,arc segments,16.0,0.6169644690901623,0.07936507936507936,0.5555555555555556
Left,contig,Ang,HTL,PTT,7,0.05,1,1136,54,114,4,QOTu-Ang-HS4,arc labels,,0.558841651263093,0.14516129032258066,0.16666666666666666
Left,contig,Ang,HTL,PTT,7,0.05,1,1136,54,114,4,QOTu-Ang-HSsrc,arc segments,,0.5768980625727391,0.16923076923076924,0.2037037037037037
Left,contig,Ang,HTL,PTT,7,0.05,1,1136,54,114,4,QOTu-Ang-PCA,arc segments,8.0,0.5756144314369823,0.08762886597938144,0.3148148148148148
Left,contig,Ang,HTL,PTT,7,0.05,1,1136,54,114,4,QOTc-Ang-HS4,arc labels,,0.5153522283836517,0.06451612903225806,0.1111111111111111
Left,contig,Ang,HTL,PTT,7,0.05,1,1136,54,114,4,QOTc-Ang-HSsrc,arc labels,,0.5296604367768878,0.12195121951219512,0.09259259259259259
Left,contig,Ang,HTL,PTT,7,0.05,1,1136,54,114,4,QOTc-Ang-PCA,arc labels,64.0,0.48938864927774356,0.022727272727272728,0.018518518518518517
Left,contig,Ang,HTL,PTT,7,0.05,1,1136,54,114,4,SDM-Ang-HS4,arc labels,,0.49031286369548843,0.023809523809523808,0.018518518518518517
Left,contig,Ang,HTL,PTT,7,0.05,1,1136,54,114,4,SDM-Ang-HSsrc,arc labels,,0.5081296638597932,0.050156739811912224,0.2962962962962963
Left,contig,Ang,HTL,PTT,7,0.05,1,1136,54,114,4,SDM-Ang-PCA,arc labels,64.0,0.4941466420209488,0.04455445544554455,0.16666666666666666
Left,contig,Ang,HTL,PTT,7,0.1,1,1136,54,227,8,NoAdapt,nothing,,0.6004141849798041,0.0674373795761079,0.6481481481481481
Left,contig,Ang,HTL,PTT,7,0.1,1,1136,54,227,8,TargetOnly,arc labels,,0.5031834052166769,0.04819277108433735,0.4444444444444444
Left,contig,Ang,HTL,PTT,7,0.1,1,1136,54,227,8,Source+Target,arc labels,,0.5658588348052304,0.09210526315789473,0.25925925925925924
Left,contig,Ang,HTL,PTT,7,0.1,1,1136,54,227,8,COT,arc labels,,0.44964742931471213,0.04011461318051576,0.5185185185185185
Left,contig,Ang,HTL,PTT,7,0.1,1,1136,54,227,8,none-Ang-HS4,arc labels,,0.5367460806462655,0.06511627906976744,0.25925925925925924
Left,contig,Ang,HTL,PTT,7,0.1,1,1136,54,227,8,none-Ang-HSsrc,nothing,,0.5231738207708633,0.11764705882352941,0.07407407407407407
Left,contig,Ang,HTL,PTT,7,0.1,1,1136,54,227,8,none-Ang-PCA,arc segments,16.0,0.5863969329773396,0.07222222222222222,0.48148148148148145
Left,contig,Ang,HTL,PTT,7,0.1,1,1136,54,227,8,QOTu-Ang-HS4,arc labels,,0.5445163277880468,0.0967741935483871,0.16666666666666666
Left,contig,Ang,HTL,PTT,7,0.1,1,1136,54,227,8,QOTu-Ang-HSsrc,arc segments,,0.5768980625727391,0.16923076923076924,0.2037037037037037
Left,contig,Ang,HTL,PTT,7,0.1,1,1136,54,227,8,QOTu-Ang-PCA,arc segments,8.0,0.5616998699253782,0.08695652173913043,0.25925925925925924
Left,contig,Ang,HTL,PTT,7,0.1,1,1136,54,227,8,QOTc-Ang-HS4,arc labels,,0.549633737249264,0.08870967741935484,0.2037037037037037
Left,contig,Ang,HTL,PTT,7,0.1,1,1136,54,227,8,QOTc-Ang-HSsrc,arc labels,,0.5086773464777161,0.04964539007092199,0.3888888888888889
Left,contig,Ang,HTL,PTT,7,0.1,1,1136,54,227,8,QOTc-Ang-PCA,arc labels,64.0,0.5065037310878346,0.07142857142857142,0.037037037037037035
Left,contig,Ang,HTL,PTT,7,0.1,1,1136,54,227,8,SDM-Ang-HS4,arc labels,,0.5273841308961457,0.07954545454545454,0.12962962962962962
Left,contig,Ang,HTL,PTT,7,0.1,1,1136,54,227,8,SDM-Ang-HSsrc,arc labels,,0.49029574861367836,0.04584040747028863,0.5
Left,contig,Ang,HTL,PTT,7,0.1,1,1136,54,227,8,SDM-Ang-PCA,arc labels,64.0,0.5088827274594373,0.056074766355140186,0.1111111111111111
Left,contig,Ang,HTL,PTT,7,0.2,1,1136,54,454,47,NoAdapt,nothing,,0.6004141849798041,0.0674373795761079,0.6481481481481481
Left,contig,Ang,HTL,PTT,7,0.2,1,1136,54,454,47,TargetOnly,arc labels,,0.4835010611350722,0.04533678756476684,0.6481481481481481
Left,contig,Ang,HTL,PTT,7,0.2,1,1136,54,454,47,Source+Target,arc labels,,0.5702231806668036,0.06582278481012659,0.48148148148148145
Left,contig,Ang,HTL,PTT,7,0.2,1,1136,54,454,47,COT,arc labels,,0.5177483398370644,0.04993429697766097,0.7037037037037037
Left,contig,Ang,HTL,PTT,7,0.2,1,1136,54,454,47,none-Ang-HS4,arc labels,,0.5284110358047511,0.06132075471698113,0.24074074074074073
Left,contig,Ang,HTL,PTT,7,0.2,1,1136,54,454,47,none-Ang-HSsrc,nothing,,0.5231738207708633,0.11764705882352941,0.07407407407407407
Left,contig,Ang,HTL,PTT,7,0.2,1,1136,54,454,47,none-Ang-PCA,arc segments,16.0,0.595673307318409,0.07329842931937172,0.5185185185185185
Left,contig,Ang,HTL,PTT,7,0.2,1,1136,54,454,47,QOTu-Ang-HS4,arc labels,,0.5450297802423496,0.07741935483870968,0.2222222222222222
Left,contig,Ang,HTL,PTT,7,0.2,1,1136,54,454,47,QOTu-Ang-HSsrc,arc segments,,0.5768980625727391,0.16923076923076924,0.2037037037037037
Left,contig,Ang,HTL,PTT,7,0.2,1,1136,54,454,47,QOTu-Ang-PCA,arc segments,8.0,0.5756144314369823,0.08762886597938144,0.3148148148148148
Left,contig,Ang,HTL,PTT,7,0.2,1,1136,54,454,47,QOTc-Ang-HS4,arc labels,,0.448688984733347,0.03951367781155015,0.48148148148148145
Left,contig,Ang,HTL,PTT,7,0.2,1,1136,54,454,47,QOTc-Ang-HSsrc,arc labels,,0.5695556924762101,0.09722222222222222,0.25925925925925924
Left,contig,Ang,HTL,PTT,7,0.2,1,1136,54,454,47,QOTc-Ang-PCA,arc labels,64.0,0.5769322927363593,0.12149532710280374,0.24074074074074073
Left,contig,Ang,HTL,PTT,7,0.2,1,1136,54,454,47,SDM-Ang-HS4,arc labels,,0.4869069624152803,0.044226044226044224,0.3333333333333333
Left,contig,Ang,HTL,PTT,7,0.2,1,1136,54,454,47,SDM-Ang-HSsrc,arc labels,,0.44826110768809474,0.039942938659058486,0.5185185185185185
Left,contig,Ang,HTL,PTT,7,0.2,1,1136,54,454,47,SDM-Ang-PCA,arc labels,64.0,0.4707160950229342,0.040380047505938245,0.3148148148148148
Left,contig,Ang,HTL,PTT,7,0.3,1,1136,54,682,59,NoAdapt,nothing,,0.6004141849798041,0.0674373795761079,0.6481481481481481
Left,contig,Ang,HTL,PTT,7,0.3,1,1136,54,682,59,TargetOnly,arc labels,,0.44867186965153694,0.03924646781789639,0.46296296296296297
Left,contig,Ang,HTL,PTT,7,0.3,1,1136,54,682,59,Source+Target,arc labels,,0.5702060655849935,0.06684491978609626,0.46296296296296297
Left,contig,Ang,HTL,PTT,7,0.3,1,1136,54,682,59,COT,arc labels,,0.4547477236941193,0.04096045197740113,0.5370370370370371
Left,contig,Ang,HTL,PTT,7,0.3,1,1136,54,682,59,none-Ang-HS4,arc labels,,0.5445847881152872,0.07344632768361582,0.24074074074074073
Left,contig,Ang,HTL,PTT,7,0.3,1,1136,54,682,59,none-Ang-HSsrc,nothing,,0.5231738207708633,0.11764705882352941,0.07407407407407407
Left,contig,Ang,HTL,PTT,7,0.3,1,1136,54,682,59,none-Ang-PCA,arc segments,16.0,0.6187786677620319,0.08433734939759036,0.5185185185185185
Left,contig,Ang,HTL,PTT,7,0.3,1,1136,54,682,59,QOTu-Ang-HS4,arc labels,,0.5431813514068597,0.07547169811320754,0.2222222222222222
Left,contig,Ang,HTL,PTT,7,0.3,1,1136,54,682,59,QOTu-Ang-HSsrc,arc segments,,0.5681009105223523,0.15873015873015872,0.18518518518518517
Left,contig,Ang,HTL,PTT,7,0.3,1,1136,54,682,59,QOTu-Ang-PCA,arc segments,16.0,0.60527486821387,0.09361702127659574,0.4074074074074074
Left,contig,Ang,HTL,PTT,7,0.3,1,1136,54,682,59,QOTc-Ang-HS4,arc labels,,0.4745841035120148,0.04333868378812199,0.5
Left,contig,Ang,HTL,PTT,7,0.3,1,1136,54,682,59,QOTc-Ang-HSsrc,arc labels,,0.5676901485589101,0.10236220472440945,0.24074074074074073
Left,contig,Ang,HTL,PTT,7,0.3,1,1136,54,682,59,QOTc-Ang-PCA,arc labels,64.0,0.5565482303005408,0.11363636363636363,0.18518518518518517
Left,contig,Ang,HTL,PTT,7,0.3,1,1136,54,682,59,SDM-Ang-HS4,arc labels,,0.47809269528308346,0.041666666666666664,0.2962962962962963
Left,contig,Ang,HTL,PTT,7,0.3,1,1136,54,682,59,SDM-Ang-HSsrc,arc labels,,0.46169644690901623,0.04201680672268908,0.5555555555555556
Left,contig,Ang,HTL,PTT,7,0.3,1,1136,54,682,59,SDM-Ang-PCA,arc labels,64.0,0.5048435681522557,0.049429657794676805,0.24074074074074073
Left,contig,Ang,HTL,PTT,7,0.5,1,1136,54,1124,84,NoAdapt,nothing,,0.6004141849798041,0.0674373795761079,0.6481481481481481
Left,contig,Ang,HTL,PTT,7,0.5,1,1136,54,1124,84,TargetOnly,arc labels,,0.4666598206339426,0.04136690647482014,0.42592592592592593
Left,contig,Ang,HTL,PTT,7,0.5,1,1136,54,1124,84,Source+Target,arc labels,,0.5868761552680222,0.07105263157894737,0.5
Left,contig,Ang,HTL,PTT,7,0.5,1,1136,54,1124,84,COT,arc labels,,0.43143698226877525,0.03359683794466403,0.3148148148148148
Left,contig,Ang,HTL,PTT,7,0.5,1,1136,54,1124,84,none-Ang-HS4,arc labels,,0.5302081193948107,0.06896551724137931,0.18518518518518517
Left,contig,Ang,HTL,PTT,7,0.5,1,1136,54,1124,84,none-Ang-HSsrc,nothing,,0.5231738207708633,0.11764705882352941,0.07407407407407407
Left,contig,Ang,HTL,PTT,7,0.5,1,1136,54,1124,84,none-Ang-PCA,arc segments,16.0,0.5952112001095364,0.0731070496083551,0.5185185185185185
Left,contig,Ang,HTL,PTT,7,0.5,1,1136,54,1124,84,QOTu-Ang-HS4,arc labels,,0.5255870473060861,0.06451612903225806,0.18518518518518517
Left,contig,Ang,HTL,PTT,7,0.5,1,1136,54,1124,84,QOTu-Ang-HSsrc,arc segments,,0.5681009105223523,0.15873015873015872,0.18518518518518517
Left,contig,Ang,HTL,PTT,7,0.5,1,1136,54,1124,84,QOTu-Ang-PCA,arc segments,16.0,0.6029643321695077,0.09166666666666666,0.4074074074074074
Left,contig,Ang,HTL,PTT,7,0.5,1,1136,54,1124,84,QOTc-Ang-HS4,arc labels,,0.4341925104401999,0.033402922755741124,0.2962962962962963
Left,contig,Ang,HTL,PTT,7,0.5,1,1136,54,1124,84,QOTc-Ang-HSsrc,arc labels,,0.5880228657492983,0.1566265060240964,0.24074074074074073
Left,contig,Ang,HTL,PTT,7,0.5,1,1136,54,1124,84,QOTc-Ang-PCA,arc labels,64.0,0.5339734373930307,0.06334841628959276,0.25925925925925924
Left,contig,Ang,HTL,PTT,7,0.5,1,1136,54,1124,84,SDM-Ang-HS4,arc labels,,0.4887725063325803,0.04481132075471698,0.35185185185185186
Left,contig,Ang,HTL,PTT,7,0.5,1,1136,54,1124,84,SDM-Ang-HSsrc,arc labels,,0.46724173341548575,0.042735042735042736,0.5555555555555556
Left,contig,Ang,HTL,PTT,7,0.5,1,1136,54,1124,84,SDM-Ang-PCA,arc labels,64.0,0.5219586499623469,0.05668016194331984,0.25925925925925924
Left,contig,Ang,HTL,RTT,0,0.05,1,2129,35,213,4,NoAdapt,nothing,,0.7168167553554373,0.03387850467289719,0.8285714285714286
Left,contig,Ang,HTL,RTT,0,0.05,1,2129,35,213,4,TargetOnly,arc labels,,0.4145517805976259,0.0075528700906344415,0.14285714285714285
Left,contig,Ang,HTL,RTT,0,0.05,1,2129,35,213,4,Source+Target,arc labels,,0.7504843771319416,0.04055944055944056,0.8285714285714286
Left,contig,Ang,HTL,RTT,0,0.05,1,2129,35,213,4,COT,arc labels,,0.3046391049256379,0.0011376564277588168,0.02857142857142857
Left,contig,Ang,HTL,RTT,0,0.05,1,2129,35,213,4,none-Ang-HS4,arc labels,,0.7541956610724518,0.13157894736842105,0.5714285714285714
Left,contig,Ang,HTL,RTT,0,0.05,1,2129,35,213,4,none-Ang-HSsrc,nothing,,0.7173079547005048,0.13709677419354838,0.4857142857142857
Left,contig,Ang,HTL,RTT,0,0.05,1,2129,35,213,4,none-Ang-PCA,arc segments,64.0,0.6649338245326784,0.04086021505376344,0.5428571428571428
Left,contig,Ang,HTL,RTT,0,0.05,1,2129,35,213,4,QOTu-Ang-HS4,arc labels,,0.6739937235639242,0.02679343128781331,0.8857142857142857
Left,contig,Ang,HTL,RTT,0,0.05,1,2129,35,213,4,QOTu-Ang-HSsrc,arc segments,,0.6749488334015554,0.026886383347788378,0.8857142857142857
Left,contig,Ang,HTL,RTT,0,0.05,1,2129,35,213,4,QOTu-Ang-PCA,arc segments,16.0,0.612552872151726,0.02305721605465414,0.7714285714285715
Left,contig,Ang,HTL,RTT,0,0.05,1,2129,35,213,4,QOTc-Ang-HS4,arc labels,,0.35871878837494886,0.004790419161676647,0.11428571428571428
Left,contig,Ang,HTL,RTT,0,0.05,1,2129,35,213,4,QOTc-Ang-HSsrc,arc labels,,0.32576749897666807,0.0041109969167523125,0.11428571428571428
Left,contig,Ang,HTL,RTT,0,0.05,1,2129,35,213,4,QOTc-Ang-PCA,arc labels,64.0,0.36547960158275344,0.007619047619047619,0.22857142857142856
Left,contig,Ang,HTL,RTT,0,0.05,1,2129,35,213,4,SDM-Ang-HS4,arc labels,,0.4381566380133715,0.0,0.0
Left,contig,Ang,HTL,RTT,0,0.05,1,2129,35,213,4,SDM-Ang-HSsrc,arc labels,,0.44173829990448904,0.0,0.0
Left,contig,Ang,HTL,RTT,0,0.05,1,2129,35,213,4,SDM-Ang-PCA,arc labels,64.0,0.5445558739255014,0.021052631578947368,0.4
Left,contig,Ang,HTL,RTT,0,0.1,1,2129,35,426,5,NoAdapt,nothing,,0.7168167553554373,0.03387850467289719,0.8285714285714286
Left,contig,Ang,HTL,RTT,0,0.1,1,2129,35,426,5,TargetOnly,arc labels,,0.45116659844453544,0.007751937984496124,0.08571428571428572
Left,contig,Ang,HTL,RTT,0,0.1,1,2129,35,426,5,Source+Target,arc labels,,0.8060444808295811,0.10460251046025104,0.7142857142857143
Left,contig,Ang,HTL,RTT,0,0.1,1,2129,35,426,5,COT,arc labels,,0.4570064128803384,0.013186813186813187,0.34285714285714286
Left,contig,Ang,HTL,RTT,0,0.1,1,2129,35,426,5,none-Ang-HS4,arc labels,,0.7966502933551645,0.0675,0.7714285714285715
Left,contig,Ang,HTL,RTT,0,0.1,1,2129,35,426,5,none-Ang-HSsrc,nothing,,0.7173079547005048,0.13709677419354838,0.4857142857142857
Left,contig,Ang,HTL,RTT,0,0.1,1,2129,35,426,5,none-Ang-PCA,arc segments,64.0,0.6808909810342475,0.04357298474945534,0.5714285714285714
Left,contig,Ang,HTL,RTT,0,0.1,1,2129,35,426,5,QOTu-Ang-HS4,arc labels,,0.6773366079956338,0.02712160979877515,0.8857142857142857
Left,contig,Ang,HTL,RTT,0,0.1,1,2129,35,426,5,QOTu-Ang-HSsrc,arc segments,,0.6142788920725883,0.03753351206434316,0.4
Left,contig,Ang,HTL,RTT,0,0.1,1,2129,35,426,5,QOTu-Ang-PCA,arc segments,8.0,0.7571292127166052,0.040106951871657755,0.8571428571428571
Left,contig,Ang,HTL,RTT,0,0.1,1,2129,35,426,5,QOTc-Ang-HS4,arc labels,,0.3245736116796289,0.00408997955010225,0.11428571428571428
Left,contig,Ang,HTL,RTT,0,0.1,1,2129,35,426,5,QOTc-Ang-HSsrc,arc labels,,0.31693273297857827,0.0039603960396039604,0.11428571428571428
Left,contig,Ang,HTL,RTT,0,0.1,1,2129,35,426,5,QOTc-Ang-PCA,arc labels,64.0,0.39122663392004364,0.00897308075772682,0.2571428571428571
Left,contig,Ang,HTL,RTT,0,0.1,1,2129,35,426,5,SDM-Ang-HS4,arc labels,,0.43529130850047754,0.0,0.0
Left,contig,Ang,HTL,RTT,0,0.1,1,2129,35,426,5,SDM-Ang-HSsrc,arc labels,,0.4648997134670487,0.0,0.0
Left,contig,Ang,HTL,RTT,0,0.1,1,2129,35,426,5,SDM-Ang-PCA,arc labels,64.0,0.5200914176558875,0.022727272727272728,0.14285714285714285
Left,contig,Ang,HTL,RTT,0,0.2,1,2129,35,852,18,NoAdapt,nothing,,0.7168167553554373,0.03387850467289719,0.8285714285714286
Left,contig,Ang,HTL,RTT,0,0.2,1,2129,35,852,18,TargetOnly,arc labels,,0.6840360212853049,0.04935064935064935,0.5428571428571428
Left,contig,Ang,HTL,RTT,0,0.2,1,2129,35,852,18,Source+Target,arc labels,,0.790087324328012,0.09795918367346938,0.6857142857142857
Left,contig,Ang,HTL,RTT,0,0.2,1,2129,35,852,18,COT,arc labels,,0.5473461590940101,0.024390243902439025,0.2857142857142857
Left,contig,Ang,HTL,RTT,0,0.2,1,2129,35,852,18,none-Ang-HS4,arc labels,,0.7068017464865602,0.10119047619047619,0.4857142857142857
Left,contig,Ang,HTL,RTT,0,0.2,1,2129,35,852,18,none-Ang-HSsrc,nothing,,0.7173079547005048,0.13709677419354838,0.4857142857142857
Left,contig,Ang,HTL,RTT,0,0.2,1,2129,35,852,18,none-Ang-PCA,arc segments,32.0,0.7266543866830399,0.056555269922879174,0.6285714285714286
Left,contig,Ang,HTL,RTT,0,0.2,1,2129,35,852,18,QOTu-Ang-HS4,arc labels,,0.6905989903124574,0.040740740740740744,0.6285714285714286
Left,contig,Ang,HTL,RTT,0,0.2,1,2129,35,852,18,QOTu-Ang-HSsrc,arc segments,,0.7239527902851685,0.11464968152866242,0.5142857142857142
Left,contig,Ang,HTL,RTT,0,0.2,1,2129,35,852,18,QOTu-Ang-PCA,arc segments,32.0,0.7753990994678674,0.05521472392638037,0.7714285714285715
Left,contig,Ang,HTL,RTT,0,0.2,1,2129,35,852,18,QOTc-Ang-HS4,arc labels,,0.6236662573338791,0.03119584055459272,0.5142857142857142
Left,contig,Ang,HTL,RTT,0,0.2,1,2129,35,852,18,QOTc-Ang-HSsrc,arc labels,,0.7912812116250512,0.1,0.6857142857142857
Left,contig,Ang,HTL,RTT,0,0.2,1,2129,35,852,18,QOTc-Ang-PCA,arc labels,64.0,0.7339746213671715,0.05,0.6857142857142857
Left,contig,Ang,HTL,RTT,0,0.2,1,2129,35,852,18,SDM-Ang-HS4,arc labels,,0.6101378087051439,0.03125,0.45714285714285713
Left,contig,Ang,HTL,RTT,0,0.2,1,2129,35,852,18,SDM-Ang-HSsrc,arc labels,,0.7949788511393097,0.06633906633906633,0.7714285714285715
Left,contig,Ang,HTL,RTT,0,0.2,1,2129,35,852,18,SDM-Ang-PCA,arc labels,64.0,0.6869832173557102,0.06772908366533864,0.4857142857142857
Left,contig,Ang,HTL,RTT,0,0.3,1,2129,35,1278,27,NoAdapt,nothing,,0.7168167553554373,0.03387850467289719,0.8285714285714286
Left,contig,Ang,HTL,RTT,0,0.3,1,2129,35,1278,27,TargetOnly,arc labels,,0.7680379315049802,0.05664488017429194,0.7428571428571429
Left,contig,Ang,HTL,RTT,0,0.3,1,2129,35,1278,27,Source+Target,arc labels,,0.8322281348069314,0.10756972111553785,0.7714285714285715
Left,contig,Ang,HTL,RTT,0,0.3,1,2129,35,1278,27,COT,arc labels,,0.6511256651657797,0.03896103896103896,0.5142857142857142
Left,contig,Ang,HTL,RTT,0,0.3,1,2129,35,1278,27,none-Ang-HS4,arc labels,,0.68018147086915,0.14432989690721648,0.4
Left,contig,Ang,HTL,RTT,0,0.3,1,2129,35,1278,27,none-Ang-HSsrc,nothing,,0.7173079547005048,0.13709677419354838,0.4857142857142857
Left,contig,Ang,HTL,RTT,0,0.3,1,2129,35,1278,27,none-Ang-PCA,arc segments,32.0,0.7521217082821667,0.0594059405940594,0.6857142857142857
Left,contig,Ang,HTL,RTT,0,0.3,1,2129,35,1278,27,QOTu-Ang-HS4,arc labels,,0.7089507436212307,0.1069182389937107,0.4857142857142857
Left,contig,Ang,HTL,RTT,0,0.3,1,2129,35,1278,27,QOTu-Ang-HSsrc,arc segments,,0.7077568563241916,0.10365853658536585,0.4857142857142857
Left,contig,Ang,HTL,RTT,0,0.3,1,2129,35,1278,27,QOTu-Ang-PCA,arc segments,4.0,0.7311911584117887,0.05945945945945946,0.6285714285714286
Left,contig,Ang,HTL,RTT,0,0.3,1,2129,35,1278,27,QOTc-Ang-HS4,arc labels,,0.5600832310001365,0.03404255319148936,0.22857142857142856
Left,contig,Ang,HTL,RTT,0,0.3,1,2129,35,1278,27,QOTc-Ang-HSsrc,arc labels,,0.7748055669259108,0.07766990291262135,0.6857142857142857
Left,contig,Ang,HTL,RTT,0,0.3,1,2129,35,1278,27,QOTc-Ang-PCA,arc labels,64.0,0.684916086778551,0.10869565217391304,0.42857142857142855
Left,contig,Ang,HTL,RTT,0,0.3,1,2129,35,1278,27,SDM-Ang-HS4,arc labels,,0.4578523673079547,0.008356545961002786,0.08571428571428572
Left,contig,Ang,HTL,RTT,0,0.3,1,2129,35,1278,27,SDM-Ang-HSsrc,arc labels,,0.7532337290216946,0.04990403071017274,0.7428571428571429
Left,contig,Ang,HTL,RTT,0,0.3,1,2129,35,1278,27,SDM-Ang-PCA,arc labels,64.0,0.568720152817574,0.050724637681159424,0.2
Left,contig,Ang,HTL,RTT,0,0.5,1,2129,35,2118,35,NoAdapt,nothing,,0.7168167553554373,0.03387850467289719,0.8285714285714286
Left,contig,Ang,HTL,RTT,0,0.5,1,2129,35,2118,35,TargetOnly,arc labels,,0.7443989630236049,0.04659498207885305,0.7428571428571429
Left,contig,Ang,HTL,RTT,0,0.5,1,2129,35,2118,35,Source+Target,arc labels,,0.835571019238641,0.11392405063291139,0.7714285714285715
Left,contig,Ang,HTL,RTT,0,0.5,1,2129,35,2118,35,COT,arc labels,,0.6233865465957156,0.0297339593114241,0.5428571428571428
Left,contig,Ang,HTL,RTT,0,0.5,1,2129,35,2118,35,none-Ang-HS4,arc labels,,0.7261427206985946,0.19540229885057472,0.4857142857142857
Left,contig,Ang,HTL,RTT,0,0.5,1,2129,35,2118,35,none-Ang-HSsrc,nothing,,0.7173079547005048,0.13709677419354838,0.4857142857142857
Left,contig,Ang,HTL,RTT,0,0.5,1,2129,35,2118,35,none-Ang-PCA,arc segments,16.0,0.7589234547687269,0.04838709677419355,0.7714285714285715
Left,contig,Ang,HTL,RTT,0,0.5,1,2129,35,2118,35,QOTu-Ang-HS4,arc labels,,0.7008323100013645,0.08808290155440414,0.4857142857142857
Left,contig,Ang,HTL,RTT,0,0.5,1,2129,35,2118,35,QOTu-Ang-HSsrc,arc segments,,0.7008323100013645,0.08808290155440414,0.4857142857142857
Left,contig,Ang,HTL,RTT,0,0.5,1,2129,35,2118,35,QOTu-Ang-PCA,arc segments,4.0,0.7747646336471552,0.06756756756756757,0.7142857142857143
Left,contig,Ang,HTL,RTT,0,0.5,1,2129,35,2118,35,QOTc-Ang-HS4,arc labels,,0.725658343566653,0.05066079295154185,0.6571428571428571
Left,contig,Ang,HTL,RTT,0,0.5,1,2129,35,2118,35,QOTc-Ang-HSsrc,arc labels,,0.7442011188429527,0.050200803212851405,0.7142857142857143
Left,contig,Ang,HTL,RTT,0,0.5,1,2129,35,2118,35,QOTc-Ang-PCA,arc labels,64.0,0.6359257743211898,0.039603960396039604,0.45714285714285713
Left,contig,Ang,HTL,RTT,0,0.5,1,2129,35,2118,35,SDM-Ang-HS4,arc labels,,0.5942966298267158,0.025714285714285714,0.5142857142857142
Left,contig,Ang,HTL,RTT,0,0.5,1,2129,35,2118,35,SDM-Ang-HSsrc,arc labels,,0.7565766134534043,0.05128205128205128,0.7428571428571429
Left,contig,Ang,HTL,RTT,0,0.5,1,2129,35,2118,35,SDM-Ang-PCA,arc labels,64.0,0.5335721107927411,0.01969057665260197,0.4
Left,contig,Ang,HTL,RTT,1,0.05,1,2129,8,213,2,NoAdapt,nothing,,0.6420615275813295,0.006868131868131868,0.625
Left,contig,Ang,HTL,RTT,1,0.05,1,2129,8,213,2,TargetOnly,arc labels,,0.4476661951909477,0.0,0.0
Left,contig,Ang,HTL,RTT,1,0.05,1,2129,8,213,2,Source+Target,arc labels,,0.6500176803394625,0.018518518518518517,0.375
Left,contig,Ang,HTL,RTT,1,0.05,1,2129,8,213,2,COT,arc labels,,0.3854903347477605,0.0019646365422396855,0.25
Left,contig,Ang,HTL,RTT,1,0.05,1,2129,8,213,2,none-Ang-HS4,arc labels,,0.5274045261669025,0.004807692307692308,0.25
Left,contig,Ang,HTL,RTT,1,0.05,1,2129,8,213,2,none-Ang-HSsrc,nothing,,0.5320898161244696,0.007692307692307693,0.125
Left,contig,Ang,HTL,RTT,1,0.05,1,2129,8,213,2,none-Ang-PCA,arc segments,32.0,0.47224186704384724,0.003076923076923077,0.25
Left,contig,Ang,HTL,RTT,1,0.05,1,2129,8,213,2,QOTu-Ang-HS4,arc labels,,0.6189002828854314,0.01020408163265306,0.375
Left,contig,Ang,HTL,RTT,1,0.05,1,2129,8,213,2,QOTu-Ang-HSsrc,arc segments,,0.6354019330504479,0.013392857142857142,0.375
Left,contig,Ang,HTL,RTT,1,0.05,1,2129,8,213,2,QOTu-Ang-PCA,arc segments,8.0,0.4550035360678925,0.002188183807439825,0.125
Left,contig,Ang,HTL,RTT,1,0.05,1,2129,8,213,2,QOTc-Ang-HS4,arc labels,,0.4008132956152758,0.002098635886673662,0.25
Left,contig,Ang,HTL,RTT,1,0.05,1,2129,8,213,2,QOTc-Ang-HSsrc,arc labels,,0.3949198491277699,0.002044989775051125,0.25
Left,contig,Ang,HTL,RTT,1,0.05,1,2129,8,213,2,QOTc-Ang-PCA,arc labels,64.0,0.45453206034889204,0.002178649237472767,0.125
Left,contig,Ang,HTL,RTT,1,0.05,1,2129,8,213,2,SDM-Ang-HS4,arc labels,,0.4351720886374352,0.0,0.0
Left,contig,Ang,HTL,RTT,1,0.05,1,2129,8,213,2,SDM-Ang-HSsrc,arc labels,,0.41254125412541254,0.0,0.0
Left,contig,Ang,HTL,RTT,1,0.05,1,2129,8,213,2,SDM-Ang-PCA,arc labels,64.0,0.4351720886374352,0.0,0.0
Left,contig,Ang,HTL,RTT,1,0.1,1,2129,8,426,7,NoAdapt,nothing,,0.6420615275813295,0.006868131868131868,0.625
Left,contig,Ang,HTL,RTT,1,0.1,1,2129,8,426,7,TargetOnly,arc labels,,0.5573727015558698,0.005405405405405406,0.375
Left,contig,Ang,HTL,RTT,1,0.1,1,2129,8,426,7,Source+Target,arc labels,,0.6448314474304573,0.016304347826086956,0.375
Left,contig,Ang,HTL,RTT,1,0.1,1,2129,8,426,7,COT,arc labels,,0.38781824611032534,0.0013477088948787063,0.125
Left,contig,Ang,HTL,RTT,1,0.1,1,2129,8,426,7,none-Ang-HS4,arc labels,,0.558993399339934,0.0070921985815602835,0.25
Left,contig,Ang,HTL,RTT,1,0.1,1,2129,8,426,7,none-Ang-HSsrc,nothing,,0.5320898161244696,0.007692307692307693,0.125
Left,contig,Ang,HTL,RTT,1,0.1,1,2129,8,426,7,none-Ang-PCA,arc segments,16.0,0.46446251768033947,0.0029282576866764276,0.25
Left,contig,Ang,HTL,RTT,1,0.1,1,2129,8,426,7,QOTu-Ang-HS4,arc labels,,0.6231435643564356,0.010869565217391304,0.375
Left,contig,Ang,HTL,RTT,1,0.1,1,2129,8,426,7,QOTu-Ang-HSsrc,arc segments,,0.6377593116454503,0.014018691588785047,0.375
Left,contig,Ang,HTL,RTT,1,0.1,1,2129,8,426,7,QOTu-Ang-PCA,arc segments,4.0,0.6203147100424329,0.010416666666666666,0.375
Left,contig,Ang,HTL,RTT,1,0.1,1,2129,8,426,7,QOTc-Ang-HS4,arc labels,,0.4232083922677982,0.002331002331002331,0.25
Left,contig,Ang,HTL,RTT,1,0.1,1,2129,8,426,7,QOTc-Ang-HSsrc,arc labels,,0.5033297972654408,0.003968253968253968,0.125
Left,contig,Ang,HTL,RTT,1,0.1,1,2129,8,426,7,QOTc-Ang-PCA,arc labels,64.0,0.4570957095709571,0.0,0.0
Left,contig,Ang,HTL,RTT,1,0.1,1,2129,8,426,7,SDM-Ang-HS4,arc labels,,0.4304573314474305,0.0,0.0
Left,contig,Ang,HTL,RTT,1,0.1,1,2129,8,426,7,SDM-Ang-HSsrc,arc labels,,0.4262140499764262,0.0,0.0
Left,contig,Ang,HTL,RTT,1,0.1,1,2129,8,426,7,SDM-Ang-PCA,arc labels,64.0,0.4448373408769448,0.0,0.0
Left,contig,Ang,HTL,RTT,1,0.2,1,2129,8,852,25,NoAdapt,nothing,,0.6420615275813295,0.006868131868131868,0.625
Left,contig,Ang,HTL,RTT,1,0.2,1,2129,8,852,25,TargetOnly,arc labels,,0.4781058462989156,0.002785515320334262,0.125
Left,contig,Ang,HTL,RTT,1,0.2,1,2129,8,852,25,Source+Target,arc labels,,0.6436527581329561,0.015873015873015872,0.375
Left,contig,Ang,HTL,RTT,1,0.2,1,2129,8,852,25,COT,arc labels,,0.4521746817538897,0.0021321961620469083,0.125
Left,contig,Ang,HTL,RTT,1,0.2,1,2129,8,852,25,none-Ang-HS4,arc labels,,0.5252534181989628,0.006289308176100629,0.125
Left,contig,Ang,HTL,RTT,1,0.2,1,2129,8,852,25,none-Ang-HSsrc,nothing,,0.5320898161244696,0.007692307692307693,0.125
Left,contig,Ang,HTL,RTT,1,0.2,1,2129,8,852,25,none-Ang-PCA,arc segments,16.0,0.48005068363979253,0.0033975084937712344,0.375
Left,contig,Ang,HTL,RTT,1,0.2,1,2129,8,852,25,QOTu-Ang-HS4,arc labels,,0.6346947194719472,0.013215859030837005,0.375
Left,contig,Ang,HTL,RTT,1,0.2,1,2129,8,852,25,QOTu-Ang-HSsrc,arc segments,,0.6377593116454503,0.014018691588785047,0.375
Left,contig,Ang,HTL,RTT,1,0.2,1,2129,8,852,25,QOTu-Ang-PCA,arc segments,8.0,0.47621994342291374,0.0027247956403269754,0.125
Left,contig,Ang,HTL,RTT,1,0.2,1,2129,8,852,25,QOTc-Ang-HS4,arc labels,,0.5722241867043847,0.006097560975609756,0.375
Left,contig,Ang,HTL,RTT,1,0.2,1,2129,8,852,25,QOTc-Ang-HSsrc,arc labels,,0.624557991513437,0.011111111111111112,0.375
Left,contig,Ang,HTL,RTT,1,0.2,1,2129,8,852,25,QOTc-Ang-PCA,arc labels,64.0,0.47854785478547857,0.0,0.0
Left,contig,Ang,HTL,RTT,1,0.2,1,2129,8,852,25,SDM-Ang-HS4,arc labels,,0.4000471475719001,0.0,0.0
Left,contig,Ang,HTL,RTT,1,0.2,1,2129,8,852,25,SDM-Ang-HSsrc,arc labels,,0.593440594059406,0.007462686567164179,0.375
Left,contig,Ang,HTL,RTT,1,0.2,1,2129,8,852,25,SDM-Ang-PCA,arc labels,64.0,0.5891678453559641,0.012987012987012988,0.25
Left,contig,Ang,HTL,RTT,1,0.3,1,2129,8,1278,27,NoAdapt,nothing,,0.6420615275813295,0.006868131868131868,0.625
Left,contig,Ang,HTL,RTT,1,0.3,1,2129,8,1278,27,TargetOnly,arc labels,,0.49555044790193303,0.0035087719298245615,0.125
Left,contig,Ang,HTL,RTT,1,0.3,1,2129,8,1278,27,Source+Target,arc labels,,0.6438884959924565,0.015957446808510637,0.375
Left,contig,Ang,HTL,RTT,1,0.3,1,2129,8,1278,27,COT,arc labels,,0.47244813767090993,0.0026109660574412533,0.125
Left,contig,Ang,HTL,RTT,1,0.3,1,2129,8,1278,27,none-Ang-HS4,arc labels,,0.5304396511079679,0.0072992700729927005,0.125
Left,contig,Ang,HTL,RTT,1,0.3,1,2129,8,1278,27,none-Ang-HSsrc,nothing,,0.5320898161244696,0.007692307692307693,0.125
Left,contig,Ang,HTL,RTT,1,0.3,1,2129,8,1278,27,none-Ang-PCA,arc segments,16.0,0.46207567185289955,0.00234192037470726,0.125
Left,contig,Ang,HTL,RTT,1,0.3,1,2129,8,1278,27,QOTu-Ang-HS4,arc labels,,0.6377593116454503,0.014018691588785047,0.375
Left,contig,Ang,HTL,RTT,1,0.3,1,2129,8,1278,27,QOTu-Ang-HSsrc,arc segments,,0.6354019330504479,0.013392857142857142,0.375
Left,contig,Ang,HTL,RTT,1,0.3,1,2129,8,1278,27,QOTu-Ang-PCA,arc segments,32.0,0.4550035360678925,0.002188183807439825,0.125
Left,contig,Ang,HTL,RTT,1,0.3,1,2129,8,1278,27,QOTc-Ang-HS4,arc labels,,0.5203029231494578,0.005555555555555556,0.125
Left,contig,Ang,HTL,RTT,1,0.3,1,2129,8,1278,27,QOTc-Ang-HSsrc,arc labels,,0.6080563413484206,0.008823529411764706,0.375
Left,contig,Ang,HTL,RTT,1,0.3,1,2129,8,1278,27,QOTc-Ang-PCA,arc labels,64.0,0.47925506836397924,0.0,0.0
Left,contig,Ang,HTL,RTT,1,0.3,1,2129,8,1278,27,SDM-Ang-HS4,arc labels,,0.4104196133899104,0.0,0.0
Left,contig,Ang,HTL,RTT,1,0.3,1,2129,8,1278,27,SDM-Ang-HSsrc,arc labels,,0.5597300801508722,0.005504587155963303,0.375
Left,contig,Ang,HTL,RTT,1,0.3,1,2129,8,1278,27,SDM-Ang-PCA,arc labels,64.0,0.4754832626119755,0.0,0.0
Left,contig,Ang,HTL,RTT,1,0.5,1,2129,8,2106,59,NoAdapt,nothing,,0.6420615275813295,0.006868131868131868,0.625
Left,contig,Ang,HTL,RTT,1,0.5,1,2129,8,2106,59,TargetOnly,arc labels,,0.4606317774634606,0.0,0.0
Left,contig,Ang,HTL,RTT,1,0.5,1,2129,8,2106,59,Source+Target,arc labels,,0.6007190004714758,0.01904761904761905,0.25
Left,contig,Ang,HTL,RTT,1,0.5,1,2129,8,2106,59,COT,arc labels,,0.46726190476190477,0.0024691358024691358,0.125
Left,contig,Ang,HTL,RTT,1,0.5,1,2129,8,2106,59,none-Ang-HS4,arc labels,,0.5252534181989628,0.006289308176100629,0.125
Left,contig,Ang,HTL,RTT,1,0.5,1,2129,8,2106,59,none-Ang-HSsrc,nothing,,0.5320898161244696,0.007692307692307693,0.125
Left,contig,Ang,HTL,RTT,1,0.5,1,2129,8,2106,59,none-Ang-PCA,arc segments,32.0,0.5557225365393682,0.005338078291814947,0.375
Left,contig,Ang,HTL,RTT,1,0.5,1,2129,8,2106,59,QOTu-Ang-HS4,arc labels,,0.5250176803394625,0.00625,0.125
Left,contig,Ang,HTL,RTT,1,0.5,1,2129,8,2106,59,QOTu-Ang-HSsrc,arc segments,,0.6290370108439416,0.01195219123505976,0.375
Left,contig,Ang,HTL,RTT,1,0.5,1,2129,8,2106,59,QOTu-Ang-PCA,arc segments,16.0,0.49555044790193303,0.0035087719298245615,0.125
Left,contig,Ang,HTL,RTT,1,0.5,1,2129,8,2106,59,QOTc-Ang-HS4,arc labels,,0.4639321074964639,0.0,0.0
Left,contig,Ang,HTL,RTT,1,0.5,1,2129,8,2106,59,QOTc-Ang-HSsrc,arc labels,,0.47339108910891087,0.002638522427440633,0.125
Left,contig,Ang,HTL,RTT,1,0.5,1,2129,8,2106,59,QOTc-Ang-PCA,arc labels,64.0,0.4768976897689769,0.0,0.0
Left,contig,Ang,HTL,RTT,1,0.5,1,2129,8,2106,59,SDM-Ang-HS4,arc labels,,0.4754832626119755,0.0,0.0
Left,contig,Ang,HTL,RTT,1,0.5,1,2129,8,2106,59,SDM-Ang-HSsrc,arc labels,,0.4740983026874116,0.0026595744680851063,0.125
Left,contig,Ang,HTL,RTT,1,0.5,1,2129,8,2106,59,SDM-Ang-PCA,arc labels,64.0,0.4087694483734088,0.0,0.0
Left,contig,Ang,HTL,RTT,2,0.05,1,2129,8,213,15,NoAdapt,nothing,,0.6231730315888732,0.007380073800738007,0.5
Left,contig,Ang,HTL,RTT,2,0.05,1,2129,8,213,15,TargetOnly,arc labels,,0.5606435643564356,0.007272727272727273,0.25
Left,contig,Ang,HTL,RTT,2,0.05,1,2129,8,213,15,Source+Target,arc labels,,0.6408239038189534,0.014925373134328358,0.375
Left,contig,Ang,HTL,RTT,2,0.05,1,2129,8,213,15,COT,arc labels,,0.6420615275813295,0.006868131868131868,0.625
Left,contig,Ang,HTL,RTT,2,0.05,1,2129,8,213,15,none-Ang-HS4,arc labels,,0.4946369636963696,0.0036036036036036037,0.25
Left,contig,Ang,HTL,RTT,2,0.05,1,2129,8,213,15,none-Ang-HSsrc,nothing,,0.5618222536539368,0.007407407407407408,0.25
Left,contig,Ang,HTL,RTT,2,0.05,1,2129,8,213,15,none-Ang-PCA,arc segments,16.0,0.5828323903818953,0.006711409395973154,0.375
Left,contig,Ang,HTL,RTT,2,0.05,1,2129,8,213,15,QOTu-Ang-HS4,arc labels,,0.5571074964639321,0.006896551724137931,0.25
Left,contig,Ang,HTL,RTT,2,0.05,1,2129,8,213,15,QOTu-Ang-HSsrc,arc segments,,0.6528760018859029,0.009615384615384616,0.5
Left,contig,Ang,HTL,RTT,2,0.05,1,2129,8,213,15,QOTu-Ang-PCA,arc segments,16.0,0.5431989627534182,0.0057306590257879654,0.25
Left,contig,Ang,HTL,RTT,2,0.05,1,2129,8,213,15,QOTc-Ang-HS4,arc labels,,0.563000942951438,0.007547169811320755,0.25
Left,contig,Ang,HTL,RTT,2,0.05,1,2129,8,213,15,QOTc-Ang-HSsrc,arc labels,,0.5321192833569071,0.005050505050505051,0.25
Left,contig,Ang,HTL,RTT,2,0.05,1,2129,8,213,15,QOTc-Ang-PCA,arc labels,64.0,0.5118163602074493,0.004629629629629629,0.125
Left,contig,Ang,HTL,RTT,2,0.05,1,2129,8,213,15,SDM-Ang-HS4,arc labels,,0.6986680810938237,0.007957559681697613,0.75
Left,contig,Ang,HTL,RTT,2,0.05,1,2129,8,213,15,SDM-Ang-HSsrc,arc labels,,0.4686763319189062,0.002506265664160401,0.125
Left,contig,Ang,HTL,RTT,2,0.05,1,2129,8,213,15,SDM-Ang-PCA,arc labels,64.0,0.48971593587930223,0.0035629453681710215,0.375
Left,contig,Ang,HTL,RTT,2,0.1,1,2129,8,426,25,NoAdapt,nothing,,0.6231730315888732,0.007380073800738007,0.5
Left,contig,Ang,HTL,RTT,2,0.1,1,2129,8,426,25,TargetOnly,arc labels,,0.5806812824139557,0.010526315789473684,0.25
Left,contig,Ang,HTL,RTT,2,0.1,1,2129,8,426,25,Source+Target,arc labels,,0.6445957095709571,0.016216216216216217,0.375
Left,contig,Ang,HTL,RTT,2,0.1,1,2129,8,426,25,COT,arc labels,,0.639468411126827,0.006765899864682003,0.625
Left,contig,Ang,HTL,RTT,2,0.1,1,2129,8,426,25,none-Ang-HS4,arc labels,,0.6085278170674211,0.008875739644970414,0.375
Left,contig,Ang,HTL,RTT,2,0.1,1,2129,8,426,25,none-Ang-HSsrc,nothing,,0.5618222536539368,0.007407407407407408,0.25
Left,contig,Ang,HTL,RTT,2,0.1,1,2129,8,426,25,none-Ang-PCA,arc segments,32.0,0.522483498349835,0.004267425320056899,0.375
Left,contig,Ang,HTL,RTT,2,0.1,1,2129,8,426,25,QOTu-Ang-HS4,arc labels,,0.6663130598774163,0.011142061281337047,0.5
Left,contig,Ang,HTL,RTT,2,0.1,1,2129,8,426,25,QOTu-Ang-HSsrc,arc segments,,0.6641914191419143,0.010869565217391304,0.5
Left,contig,Ang,HTL,RTT,2,0.1,1,2129,8,426,25,QOTu-Ang-PCA,arc segments,8.0,0.4991159830268741,0.0037313432835820895,0.25
Left,contig,Ang,HTL,RTT,2,0.1,1,2129,8,426,25,QOTc-Ang-HS4,arc labels,,0.7108969825553983,0.011467889908256881,0.625
Left,contig,Ang,HTL,RTT,2,0.1,1,2129,8,426,25,QOTc-Ang-HSsrc,arc labels,,0.6434464875058934,0.008771929824561403,0.5
Left,contig,Ang,HTL,RTT,2,0.1,1,2129,8,426,25,QOTc-Ang-PCA,arc labels,64.0,0.6368458274398868,0.008264462809917356,0.5
Left,contig,Ang,HTL,RTT,2,0.1,1,2129,8,426,25,SDM-Ang-HS4,arc labels,,0.6545556341348421,0.007407407407407408,0.625
Left,contig,Ang,HTL,RTT,2,0.1,1,2129,8,426,25,SDM-Ang-HSsrc,arc labels,,0.6208156529938709,0.007246376811594203,0.5
Left,contig,Ang,HTL,RTT,2,0.1,1,2129,8,426,25,SDM-Ang-PCA,arc labels,64.0,0.5073668081093824,0.003992015968063872,0.25
Left,contig,Ang,HTL,RTT,2,0.2,1,2129,8,852,38,NoAdapt,nothing,,0.6231730315888732,0.007380073800738007,0.5
Left,contig,Ang,HTL,RTT,2,0.2,1,2129,8,852,38,TargetOnly,arc labels,,0.591996699669967,0.014084507042253521,0.25
Left,contig,Ang,HTL,RTT,2,0.2,1,2129,8,852,38,Source+Target,arc labels,,0.5922324375294672,0.014184397163120567,0.25
Left,contig,Ang,HTL,RTT,2,0.2,1,2129,8,852,38,COT,arc labels,,0.5189179632248939,0.004424778761061947,0.25
Left,contig,Ang,HTL,RTT,2,0.2,1,2129,8,852,38,none-Ang-HS4,arc labels,,0.48945073078736445,0.0034662045060658577,0.25
Left,contig,Ang,HTL,RTT,2,0.2,1,2129,8,852,38,none-Ang-HSsrc,nothing,,0.5618222536539368,0.007407407407407408,0.25
Left,contig,Ang,HTL,RTT,2,0.2,1,2129,8,852,38,none-Ang-PCA,arc segments,16.0,0.5003241395568128,0.0037641154328732747,0.375
Left,contig,Ang,HTL,RTT,2,0.2,1,2129,8,852,38,QOTu-Ang-HS4,arc labels,,0.6691419141914192,0.011527377521613832,0.5
Left,contig,Ang,HTL,RTT,2,0.2,1,2129,8,852,38,QOTu-Ang-HSsrc,arc segments,,0.6648986327204149,0.010958904109589041,0.5
Left,contig,Ang,HTL,RTT,2,0.2,1,2129,8,852,38,QOTu-Ang-PCA,arc segments,32.0,0.5028583215464404,0.003937007874015748,0.125
Left,contig,Ang,HTL,RTT,2,0.2,1,2129,8,852,38,QOTc-Ang-HS4,arc labels,,0.4936940122583687,0.0035778175313059034,0.25
Left,contig,Ang,HTL,RTT,2,0.2,1,2129,8,852,38,QOTc-Ang-HSsrc,arc labels,,0.5215110796793965,0.0045351473922902496,0.25
Left,contig,Ang,HTL,RTT,2,0.2,1,2129,8,852,38,QOTc-Ang-PCA,arc labels,64.0,0.48514851485148514,0.0,0.0
Left,contig,Ang,HTL,RTT,2,0.2,1,2129,8,852,38,SDM-Ang-HS4,arc labels,,0.4583038661008958,0.002257336343115124,0.125
Left,contig,Ang,HTL,RTT,2,0.2,1,2129,8,852,38,SDM-Ang-HSsrc,arc labels,,0.4389733616218765,0.0019047619047619048,0.125
Left,contig,Ang,HTL,RTT,2,0.2,1,2129,8,852,38,SDM-Ang-PCA,arc labels,64.0,0.580475011786893,0.006564551422319475,0.375
Left,contig,Ang,HTL,RTT,2,0.3,1,2129,8,1278,40,NoAdapt,nothing,,0.6231730315888732,0.007380073800738007,0.5
Left,contig,Ang,HTL,RTT,2,0.3,1,2129,8,1278,40,TargetOnly,arc labels,,0.4707685054219708,0.0,0.0
Left,contig,Ang,HTL,RTT,2,0.3,1,2129,8,1278,40,Source+Target,arc labels,,0.6412953795379538,0.01507537688442211,0.375
Left,contig,Ang,HTL,RTT,2,0.3,1,2129,8,1278,40,COT,arc labels,,0.5323550212164074,0.005063291139240506,0.25
Left,contig,Ang,HTL,RTT,2,0.3,1,2129,8,1278,40,none-Ang-HS4,arc labels,,0.5057166430928808,0.003937007874015748,0.25
Left,contig,Ang,HTL,RTT,2,0.3,1,2129,8,1278,40,none-Ang-HSsrc,nothing,,0.5618222536539368,0.007407407407407408,0.25
Left,contig,Ang,HTL,RTT,2,0.3,1,2129,8,1278,40,none-Ang-PCA,arc segments,16.0,0.5295556341348421,0.004457652303120356,0.375
Left,contig,Ang,HTL,RTT,2,0.3,1,2129,8,1278,40,QOTu-Ang-HS4,arc labels,,0.6665487977369166,0.0111731843575419,0.5
Left,contig,Ang,HTL,RTT,2,0.3,1,2129,8,1278,40,QOTu-Ang-HSsrc,arc segments,,0.6625412541254125,0.010666666666666666,0.5
Left,contig,Ang,HTL,RTT,2,0.3,1,2129,8,1278,40,QOTu-Ang-PCA,arc segments,32.0,0.5340051862329089,0.005154639175257732,0.25
Left,contig,Ang,HTL,RTT,2,0.3,1,2129,8,1278,40,QOTc-Ang-HS4,arc labels,,0.5101661951909477,0.004484304932735426,0.125
Left,contig,Ang,HTL,RTT,2,0.3,1,2129,8,1278,40,QOTc-Ang-HSsrc,arc labels,,0.629066478076379,0.007736943907156673,0.5
Left,contig,Ang,HTL,RTT,2,0.3,1,2129,8,1278,40,QOTc-Ang-PCA,arc labels,64.0,0.45568128241395567,0.0,0.0
Left,contig,Ang,HTL,RTT,2,0.3,1,2129,8,1278,40,SDM-Ang-HS4,arc labels,,0.4231494578029231,0.0,0.0
Left,contig,Ang,HTL,RTT,2,0.3,1,2129,8,1278,40,SDM-Ang-HSsrc,arc labels,,0.5885195662423386,0.005805515239477504,0.5
Left,contig,Ang,HTL,RTT,2,0.3,1,2129,8,1278,40,SDM-Ang-PCA,arc labels,64.0,0.5630304101838755,0.005649717514124294,0.375
Left,contig,Ang,HTL,RTT,2,0.5,1,2129,8,2106,62,NoAdapt,nothing,,0.6231730315888732,0.007380073800738007,0.5
Left,contig,Ang,HTL,RTT,2,0.5,1,2129,8,2106,62,TargetOnly,arc labels,,0.5297324375294672,0.007142857142857143,0.125
Left,contig,Ang,HTL,RTT,2,0.5,1,2129,8,2106,62,Source+Target,arc labels,,0.6321016030174447,0.012605042016806723,0.375
Left,contig,Ang,HTL,RTT,2,0.5,1,2129,8,2106,62,COT,arc labels,,0.463490099009901,0.0023752969121140144,0.125
Left,contig,Ang,HTL,RTT,2,0.5,1,2129,8,2106,62,none-Ang-HS4,arc labels,,0.5483851956624234,0.0061162079510703364,0.25
Left,contig,Ang,HTL,RTT,2,0.5,1,2129,8,2106,62,none-Ang-HSsrc,nothing,,0.5618222536539368,0.007407407407407408,0.25
Left,contig,Ang,HTL,RTT,2,0.5,1,2129,8,2106,62,none-Ang-PCA,arc segments,16.0,0.5698668081093824,0.00597609561752988,0.375
Left,contig,Ang,HTL,RTT,2,0.5,1,2129,8,2106,62,QOTu-Ang-HS4,arc labels,,0.55498585572843,0.006688963210702341,0.25
Left,contig,Ang,HTL,RTT,2,0.5,1,2129,8,2106,62,QOTu-Ang-HSsrc,arc segments,,0.6625412541254125,0.010666666666666666,0.5
Left,contig,Ang,HTL,RTT,2,0.5,1,2129,8,2106,62,QOTu-Ang-PCA,arc segments,32.0,0.4913071664309288,0.0033003300330033004,0.125
Left,contig,Ang,HTL,RTT,2,0.5,1,2129,8,2106,62,QOTc-Ang-HS4,arc labels,,0.5221888260254597,0.005813953488372093,0.125
Left,contig,Ang,HTL,RTT,2,0.5,1,2129,8,2106,62,QOTc-Ang-HSsrc,arc labels,,0.46655469118340404,0.0024509803921568627,0.125
Left,contig,Ang,HTL,RTT,2,0.5,1,2129,8,2106,62,QOTc-Ang-PCA,arc labels,64.0,0.45426685525695426,0.0,0.0
Left,contig,Ang,HTL,RTT,2,0.5,1,2129,8,2106,62,SDM-Ang-HS4,arc labels,,0.46298915605846297,0.0,0.0
Left,contig,Ang,HTL,RTT,2,0.5,1,2129,8,2106,62,SDM-Ang-HSsrc,arc labels,,0.5378064592173504,0.004702194357366771,0.375
Left,contig,Ang,HTL,RTT,2,0.5,1,2129,8,2106,62,SDM-Ang-PCA,arc labels,64.0,0.4507602545968883,0.002105263157894737,0.125
Left,contig,Ang,HTL,RTT,3,0.05,1,2129,9,213,8,NoAdapt,nothing,,0.6116090146750524,0.008456659619450317,0.4444444444444444
Left,contig,Ang,HTL,RTT,3,0.05,1,2129,9,213,8,TargetOnly,arc labels,,0.4803197064989517,0.003125,0.1111111111111111
Left,contig,Ang,HTL,RTT,3,0.05,1,2129,9,213,8,Source+Target,arc labels,,0.6157232704402515,0.0136986301369863,0.3333333333333333
Left,contig,Ang,HTL,RTT,3,0.05,1,2129,9,213,8,COT,arc labels,,0.5575733752620545,0.008733624454148471,0.2222222222222222
Left,contig,Ang,HTL,RTT,3,0.05,1,2129,9,213,8,none-Ang-HS4,arc labels,,0.4475366876310273,0.002178649237472767,0.1111111111111111
Left,contig,Ang,HTL,RTT,3,0.05,1,2129,9,213,8,none-Ang-HSsrc,nothing,,0.5479035639412998,0.007407407407407408,0.2222222222222222
Left,contig,Ang,HTL,RTT,3,0.05,1,2129,9,213,8,none-Ang-PCA,arc segments,16.0,0.5360062893081761,0.005385996409335727,0.3333333333333333
Left,contig,Ang,HTL,RTT,3,0.05,1,2129,9,213,8,QOTu-Ang-HS4,arc labels,,0.6377882599580713,0.011049723756906077,0.4444444444444444
Left,contig,Ang,HTL,RTT,3,0.05,1,2129,9,213,8,QOTu-Ang-HSsrc,arc segments,,0.6354297693920335,0.010752688172043012,0.4444444444444444
Left,contig,Ang,HTL,RTT,3,0.05,1,2129,9,213,8,QOTu-Ang-PCA,arc segments,16.0,0.5398846960167715,0.006578947368421052,0.2222222222222222
Left,contig,Ang,HTL,RTT,3,0.05,1,2129,9,213,8,QOTc-Ang-HS4,arc labels,,0.5017819706498952,0.004366812227074236,0.1111111111111111
Left,contig,Ang,HTL,RTT,3,0.05,1,2129,9,213,8,QOTc-Ang-HSsrc,arc labels,,0.6068920335429769,0.008113590263691683,0.4444444444444444
Left,contig,Ang,HTL,RTT,3,0.05,1,2129,9,213,8,QOTc-Ang-PCA,arc labels,64.0,0.5507337526205451,0.007751937984496124,0.2222222222222222
Left,contig,Ang,HTL,RTT,3,0.05,1,2129,9,213,8,SDM-Ang-HS4,arc labels,,0.4785377358490566,0.0,0.0
Left,contig,Ang,HTL,RTT,3,0.05,1,2129,9,213,8,SDM-Ang-HSsrc,arc labels,,0.5722222222222222,0.00625,0.4444444444444444
Left,contig,Ang,HTL,RTT,3,0.05,1,2129,9,213,8,SDM-Ang-PCA,arc labels,32.0,0.6175052410901467,0.008928571428571428,0.4444444444444444
Left,contig,Ang,HTL,RTT,3,0.1,1,2129,9,426,18,NoAdapt,nothing,,0.6116090146750524,0.008456659619450317,0.4444444444444444
Left,contig,Ang,HTL,RTT,3,0.1,1,2129,9,426,18,TargetOnly,arc labels,,0.5036687631027253,0.004524886877828055,0.1111111111111111
Left,contig,Ang,HTL,RTT,3,0.1,1,2129,9,426,18,Source+Target,arc labels,,0.5611111111111111,0.009345794392523364,0.2222222222222222
Left,contig,Ang,HTL,RTT,3,0.1,1,2129,9,426,18,COT,arc labels,,0.46947064989517817,0.00273224043715847,0.1111111111111111
Left,contig,Ang,HTL,RTT,3,0.1,1,2129,9,426,18,none-Ang-HS4,arc labels,,0.47513102725366874,0.0029239766081871343,0.1111111111111111
Left,contig,Ang,HTL,RTT,3,0.1,1,2129,9,426,18,none-Ang-HSsrc,nothing,,0.5479035639412998,0.007407407407407408,0.2222222222222222
Left,contig,Ang,HTL,RTT,3,0.1,1,2129,9,426,18,none-Ang-PCA,arc segments,16.0,0.522562893081761,0.004885993485342019,0.3333333333333333
Left,contig,Ang,HTL,RTT,3,0.1,1,2129,9,426,18,QOTu-Ang-HS4,arc labels,,0.6384958071278826,0.011142061281337047,0.4444444444444444
Left,contig,Ang,HTL,RTT,3,0.1,1,2129,9,426,18,QOTu-Ang-HSsrc,arc segments,,0.6351939203354298,0.010723860589812333,0.4444444444444444
Left,contig,Ang,HTL,RTT,3,0.1,1,2129,9,426,18,QOTu-Ang-PCA,arc segments,16.0,0.5158280922431866,0.0049261083743842365,0.2222222222222222
Left,contig,Ang,HTL,RTT,3,0.1,1,2129,9,426,18,QOTc-Ang-HS4,arc labels,,0.4220911949685534,0.0028846153846153848,0.3333333333333333
Left,contig,Ang,HTL,RTT,3,0.1,1,2129,9,426,18,QOTc-Ang-HSsrc,arc labels,,0.584958071278826,0.006825938566552901,0.4444444444444444
Left,contig,Ang,HTL,RTT,3,0.1,1,2129,9,426,18,QOTc-Ang-PCA,arc labels,64.0,0.5595911949685535,0.006564551422319475,0.3333333333333333
Left,contig,Ang,HTL,RTT,3,0.1,1,2129,9,426,18,SDM-Ang-HS4,arc labels,,0.3761792452830189,0.0,0.0
Left,contig,Ang,HTL,RTT,3,0.1,1,2129,9,426,18,SDM-Ang-HSsrc,arc labels,,0.5717505241090146,0.006230529595015576,0.4444444444444444
Left,contig,Ang,HTL,RTT,3,0.1,1,2129,9,426,18,SDM-Ang-PCA,arc labels,64.0,0.47712264150943395,0.0,0.0
Left,contig,Ang,HTL,RTT,3,0.2,1,2129,9,852,31,NoAdapt,nothing,,0.6116090146750524,0.008456659619450317,0.4444444444444444
Left,contig,Ang,HTL,RTT,3,0.2,1,2129,9,852,31,TargetOnly,arc labels,,0.5251310272536688,0.007692307692307693,0.1111111111111111
Left,contig,Ang,HTL,RTT,3,0.2,1,2129,9,852,31,Source+Target,arc labels,,0.5762054507337526,0.013333333333333334,0.2222222222222222
Left,contig,Ang,HTL,RTT,3,0.2,1,2129,9,852,31,COT,arc labels,,0.49743186582809223,0.004132231404958678,0.2222222222222222
Left,contig,Ang,HTL,RTT,3,0.2,1,2129,9,852,31,none-Ang-HS4,arc labels,,0.4335167714884696,0.0026490066225165563,0.2222222222222222
Left,contig,Ang,HTL,RTT,3,0.2,1,2129,9,852,31,none-Ang-HSsrc,nothing,,0.5479035639412998,0.007407407407407408,0.2222222222222222
Left,contig,Ang,HTL,RTT,3,0.2,1,2129,9,852,31,none-Ang-PCA,arc segments,16.0,0.4987421383647799,0.004195804195804196,0.3333333333333333
Left,contig,Ang,HTL,RTT,3,0.2,1,2129,9,852,31,QOTu-Ang-HS4,arc labels,,0.6363731656184486,0.010869565217391304,0.4444444444444444
Left,contig,Ang,HTL,RTT,3,0.2,1,2129,9,852,31,QOTu-Ang-HSsrc,arc segments,,0.6347222222222222,0.010666666666666666,0.4444444444444444
Left,contig,Ang,HTL,RTT,3,0.2,1,2129,9,852,31,QOTu-Ang-PCA,arc segments,8.0,0.5009696016771488,0.0042643923240938165,0.2222222222222222
Left,contig,Ang,HTL,RTT,3,0.2,1,2129,9,852,31,QOTc-Ang-HS4,arc labels,,0.5368186582809225,0.006309148264984227,0.2222222222222222
Left,contig,Ang,HTL,RTT,3,0.2,1,2129,9,852,31,QOTc-Ang-HSsrc,arc labels,,0.4993186582809224,0.004201680672268907,0.2222222222222222
Left,contig,Ang,HTL,RTT,3,0.2,1,2129,9,852,31,QOTc-Ang-PCA,arc labels,64.0,0.4884433962264151,0.0,0.0
Left,contig,Ang,HTL,RTT,3,0.2,1,2129,9,852,31,SDM-Ang-HS4,arc labels,,0.44528301886792454,0.0,0.0
Left,contig,Ang,HTL,RTT,3,0.2,1,2129,9,852,31,SDM-Ang-HSsrc,arc labels,,0.5719863731656185,0.0062402496099844,0.4444444444444444
Left,contig,Ang,HTL,RTT,3,0.2,1,2129,9,852,31,SDM-Ang-PCA,arc labels,64.0,0.5499213836477987,0.006024096385542169,0.3333333333333333
Left,contig,Ang,HTL,RTT,3,0.3,1,2129,9,1278,35,NoAdapt,nothing,,0.6116090146750524,0.008456659619450317,0.4444444444444444
Left,contig,Ang,HTL,RTT,3,0.3,1,2129,9,1278,35,TargetOnly,arc labels,,0.532206498951782,0.01,0.1111111111111111
Left,contig,Ang,HTL,RTT,3,0.3,1,2129,9,1278,35,Source+Target,arc labels,,0.5790356394129978,0.014492753623188406,0.2222222222222222
Left,contig,Ang,HTL,RTT,3,0.3,1,2129,9,1278,35,COT,arc labels,,0.5178459119496855,0.00473186119873817,0.3333333333333333
Left,contig,Ang,HTL,RTT,3,0.3,1,2129,9,1278,35,none-Ang-HS4,arc labels,,0.4738469601677149,0.003424657534246575,0.2222222222222222
Left,contig,Ang,HTL,RTT,3,0.3,1,2129,9,1278,35,none-Ang-HSsrc,nothing,,0.5479035639412998,0.007407407407407408,0.2222222222222222
Left,contig,Ang,HTL,RTT,3,0.3,1,2129,9,1278,35,none-Ang-PCA,arc segments,16.0,0.5473270440251572,0.005893909626719057,0.3333333333333333
Left,contig,Ang,HTL,RTT,3,0.3,1,2129,9,1278,35,QOTu-Ang-HS4,arc labels,,0.6373165618448637,0.01098901098901099,0.4444444444444444
Left,contig,Ang,HTL,RTT,3,0.3,1,2129,9,1278,35,QOTu-Ang-HSsrc,arc segments,,0.6347222222222222,0.010666666666666666,0.4444444444444444
Left,contig,Ang,HTL,RTT,3,0.3,1,2129,9,1278,35,QOTu-Ang-PCA,arc segments,16.0,0.5378930817610063,0.00546448087431694,0.3333333333333333
Left,contig,Ang,HTL,RTT,3,0.3,1,2129,9,1278,35,QOTc-Ang-HS4,arc labels,,0.545545073375262,0.007142857142857143,0.2222222222222222
Left,contig,Ang,HTL,RTT,3,0.3,1,2129,9,1278,35,QOTc-Ang-HSsrc,arc labels,,0.5925052410901468,0.007220216606498195,0.4444444444444444
Left,contig,Ang,HTL,RTT,3,0.3,1,2129,9,1278,35,QOTc-Ang-PCA,arc labels,64.0,0.4910377358490566,0.0,0.0
Left,contig,Ang,HTL,RTT,3,0.3,1,2129,9,1278,35,SDM-Ang-HS4,arc labels,,0.44599056603773585,0.0,0.0
Left,contig,Ang,HTL,RTT,3,0.3,1,2129,9,1278,35,SDM-Ang-HSsrc,arc labels,,0.5437893081761006,0.0057251908396946565,0.3333333333333333
Left,contig,Ang,HTL,RTT,3,0.3,1,2129,9,1278,35,SDM-Ang-PCA,arc labels,64.0,0.5338836477987421,0.00530035335689046,0.3333333333333333
Left,contig,Ang,HTL,RTT,3,0.5,1,2129,9,2106,61,NoAdapt,nothing,,0.6116090146750524,0.008456659619450317,0.4444444444444444
Left,contig,Ang,HTL,RTT,3,0.5,1,2129,9,2106,61,TargetOnly,arc labels,,0.5237159329140462,0.007352941176470588,0.1111111111111111
Left,contig,Ang,HTL,RTT,3,0.5,1,2129,9,2106,61,Source+Target,arc labels,,0.6102987421383648,0.012396694214876033,0.3333333333333333
Left,contig,Ang,HTL,RTT,3,0.5,1,2129,9,2106,61,COT,arc labels,,0.46252620545073375,0.0031645569620253164,0.2222222222222222
Left,contig,Ang,HTL,RTT,3,0.5,1,2129,9,2106,61,none-Ang-HS4,arc labels,,0.5231394129979036,0.005333333333333333,0.2222222222222222
Left,contig,Ang,HTL,RTT,3,0.5,1,2129,9,2106,61,none-Ang-HSsrc,nothing,,0.5479035639412998,0.007407407407407408,0.2222222222222222
Left,contig,Ang,HTL,RTT,3,0.5,1,2129,9,2106,61,none-Ang-PCA,arc segments,16.0,0.5466194968553459,0.005859375,0.3333333333333333
Left,contig,Ang,HTL,RTT,3,0.5,1,2129,9,2106,61,QOTu-Ang-HS4,arc labels,,0.5401205450733753,0.006600660066006601,0.2222222222222222
Left,contig,Ang,HTL,RTT,3,0.5,1,2129,9,2106,61,QOTu-Ang-HSsrc,arc segments,,0.6347222222222222,0.010666666666666666,0.4444444444444444
Left,contig,Ang,HTL,RTT,3,0.5,1,2129,9,2106,61,QOTu-Ang-PCA,arc segments,4.0,0.6091457023060797,0.006944444444444444,0.5555555555555556
Left,contig,Ang,HTL,RTT,3,0.5,1,2129,9,2106,61,QOTc-Ang-HS4,arc labels,,0.5107442348008385,0.005235602094240838,0.1111111111111111
Left,contig,Ang,HTL,RTT,3,0.5,1,2129,9,2106,61,QOTc-Ang-HSsrc,arc labels,,0.47017819706498953,0.0027548209366391185,0.1111111111111111
Left,contig,Ang,HTL,RTT,3,0.5,1,2129,9,2106,61,QOTc-Ang-PCA,arc labels,64.0,0.47570754716981134,0.0,0.0
Left,contig,Ang,HTL,RTT,3,0.5,1,2129,9,2106,61,SDM-Ang-HS4,arc labels,,0.46226415094339623,0.0,0.0
Left,contig,Ang,HTL,RTT,3,0.5,1,2129,9,2106,61,SDM-Ang-HSsrc,arc labels,,0.4437631027253669,0.002105263157894737,0.1111111111111111
Left,contig,Ang,HTL,RTT,3,0.5,1,2129,9,2106,61,SDM-Ang-PCA,arc labels,64.0,0.4805555555555555,0.003134796238244514,0.1111111111111111
Left,contig,Ang,HTL,RTT,4,0.05,0,2129,14,213,0,NoAdapt,nothing,,0.5326916582235731,0.00851063829787234,0.2857142857142857
Left,contig,Ang,HTL,RTT,4,0.05,0,2129,14,213,0,TargetOnly,arc labels,,,,
Left,contig,Ang,HTL,RTT,4,0.05,0,2129,14,213,0,Source+Target,arc labels,,,,
Left,contig,Ang,HTL,RTT,4,0.05,0,2129,14,213,0,COT,arc labels,,,,
Left,contig,Ang,HTL,RTT,4,0.05,0,2129,14,213,0,none-Ang-HS4,arc labels,,,,
Left,contig,Ang,HTL,RTT,4,0.05,0,2129,14,213,0,none-Ang-HSsrc,nothing,,0.5080715974332995,0.007407407407407408,0.14285714285714285
Left,contig,Ang,HTL,RTT,4,0.05,0,2129,14,213,0,none-Ang-PCA,arc segments,64.0,0.43689631881121244,0.002386634844868735,0.07142857142857142
Left,contig,Ang,HTL,RTT,4,0.05,0,2129,14,213,0,QOTu-Ang-HS4,arc labels,,,,
Left,contig,Ang,HTL,RTT,4,0.05,0,2129,14,213,0,QOTu-Ang-HSsrc,arc segments,,0.5544410672070246,0.010582010582010581,0.2857142857142857
Left,contig,Ang,HTL,RTT,4,0.05,0,2129,14,213,0,QOTu-Ang-PCA,arc segments,8.0,0.461499493414387,0.004282655246252677,0.14285714285714285
Left,contig,Ang,HTL,RTT,4,0.05,0,2129,14,213,0,QOTc-Ang-HS4,arc labels,,,,
Left,contig,Ang,HTL,RTT,4,0.05,0,2129,14,213,0,QOTc-Ang-HSsrc,arc labels,,,,
Left,contig,Ang,HTL,RTT,4,0.05,0,2129,14,213,0,QOTc-Ang-PCA,arc labels,,,,
Left,contig,Ang,HTL,RTT,4,0.05,0,2129,14,213,0,SDM-Ang-HS4,arc labels,,,,
Left,contig,Ang,HTL,RTT,4,0.05,0,2129,14,213,0,SDM-Ang-HSsrc,arc labels,,,,
Left,contig,Ang,HTL,RTT,4,0.05,0,2129,14,213,0,SDM-Ang-PCA,arc labels,,,,
Left,contig,Ang,HTL,RTT,4,0.1,0,2129,14,426,1,NoAdapt,nothing,,0.5326916582235731,0.00851063829787234,0.2857142857142857
Left,contig,Ang,HTL,RTT,4,0.1,0,2129,14,426,1,TargetOnly,arc labels,,,,
Left,contig,Ang,HTL,RTT,4,0.1,0,2129,14,426,1,Source+Target,arc labels,,,,
Left,contig,Ang,HTL,RTT,4,0.1,0,2129,14,426,1,COT,arc labels,,,,
Left,contig,Ang,HTL,RTT,4,0.1,0,2129,14,426,1,none-Ang-HS4,arc labels,,,,
Left,contig,Ang,HTL,RTT,4,0.1,0,2129,14,426,1,none-Ang-HSsrc,nothing,,0.5080715974332995,0.007407407407407408,0.14285714285714285
Left,contig,Ang,HTL,RTT,4,0.1,0,2129,14,426,1,none-Ang-PCA,arc segments,64.0,0.4371327254305978,0.0023923444976076554,0.07142857142857142
Left,contig,Ang,HTL,RTT,4,0.1,0,2129,14,426,1,QOTu-Ang-HS4,arc labels,,,,
Left,contig,Ang,HTL,RTT,4,0.1,0,2129,14,426,1,QOTu-Ang-HSsrc,arc segments,,0.5544410672070246,0.010582010582010581,0.2857142857142857
Left,contig,Ang,HTL,RTT,4,0.1,0,2129,14,426,1,QOTu-Ang-PCA,arc segments,64.0,0.5151975683890577,0.007352941176470588,0.2857142857142857
Left,contig,Ang,HTL,RTT,4,0.1,0,2129,14,426,1,QOTc-Ang-HS4,arc labels,,,,
Left,contig,Ang,HTL,RTT,4,0.1,0,2129,14,426,1,QOTc-Ang-HSsrc,arc labels,,,,
Left,contig,Ang,HTL,RTT,4,0.1,0,2129,14,426,1,QOTc-Ang-PCA,arc labels,,,,
Left,contig,Ang,HTL,RTT,4,0.1,0,2129,14,426,1,SDM-Ang-HS4,arc labels,,,,
Left,contig,Ang,HTL,RTT,4,0.1,0,2129,14,426,1,SDM-Ang-HSsrc,arc labels,,,,
Left,contig,Ang,HTL,RTT,4,0.1,0,2129,14,426,1,SDM-Ang-PCA,arc labels,,,,
Left,contig,Ang,HTL,RTT,4,0.2,1,2129,14,852,10,NoAdapt,nothing,,0.5326916582235731,0.00851063829787234,0.2857142857142857
Left,contig,Ang,HTL,RTT,4,0.2,1,2129,14,852,10,TargetOnly,arc labels,,0.5061803444782168,0.007194244604316547,0.14285714285714285
Left,contig,Ang,HTL,RTT,4,0.2,1,2129,14,852,10,Source+Target,arc labels,,0.5513508949679162,0.012552301255230125,0.21428571428571427
Left,contig,Ang,HTL,RTT,4,0.2,1,2129,14,852,10,COT,arc labels,,0.5123438027693347,0.007425742574257425,0.21428571428571427
Left,contig,Ang,HTL,RTT,4,0.2,1,2129,14,852,10,none-Ang-HS4,arc labels,,0.5055217831813577,0.0067842605156037995,0.35714285714285715
Left,contig,Ang,HTL,RTT,4,0.2,1,2129,14,852,10,none-Ang-HSsrc,nothing,,0.5080715974332995,0.007407407407407408,0.14285714285714285
Left,contig,Ang,HTL,RTT,4,0.2,1,2129,14,852,10,none-Ang-PCA,arc segments,64.0,0.4541708882134414,0.004016064257028112,0.14285714285714285
Left,contig,Ang,HTL,RTT,4,0.2,1,2129,14,852,10,QOTu-Ang-HS4,arc labels,,0.5549138804457954,0.010638297872340425,0.2857142857142857
Left,contig,Ang,HTL,RTT,4,0.2,1,2129,14,852,10,QOTu-Ang-HSsrc,arc segments,,0.5556231003039513,0.010723860589812333,0.2857142857142857
Left,contig,Ang,HTL,RTT,4,0.2,1,2129,14,852,10,QOTu-Ang-PCA,arc segments,16.0,0.4783012495778453,0.005474452554744526,0.21428571428571427
Left,contig,Ang,HTL,RTT,4,0.2,1,2129,14,852,10,QOTc-Ang-HS4,arc labels,,0.5092874029044241,0.007029876977152899,0.2857142857142857
Left,contig,Ang,HTL,RTT,4,0.2,1,2129,14,852,10,QOTc-Ang-HSsrc,arc labels,,0.5272711921648092,0.007751937984496124,0.35714285714285715
Left,contig,Ang,HTL,RTT,4,0.2,1,2129,14,852,10,QOTc-Ang-PCA,arc labels,64.0,0.49598108747044917,0.0,0.0
Left,contig,Ang,HTL,RTT,4,0.2,1,2129,14,852,10,SDM-Ang-HS4,arc labels,,0.49484971293481933,0.006276150627615063,0.21428571428571427
Left,contig,Ang,HTL,RTT,4,0.2,1,2129,14,852,10,SDM-Ang-HSsrc,arc labels,,0.5724924012158055,0.00847457627118644,0.6428571428571429
Left,contig,Ang,HTL,RTT,4,0.2,1,2129,14,852,10,SDM-Ang-PCA,arc labels,64.0,0.5549138804457954,0.010638297872340425,0.2857142857142857
Left,contig,Ang,HTL,RTT,4,0.3,1,2129,14,1278,32,NoAdapt,nothing,,0.5326916582235731,0.00851063829787234,0.2857142857142857
Left,contig,Ang,HTL,RTT,4,0.3,1,2129,14,1278,32,TargetOnly,arc labels,,0.5033265788584937,0.007246376811594203,0.07142857142857142
Left,contig,Ang,HTL,RTT,4,0.3,1,2129,14,1278,32,Source+Target,arc labels,,0.5272205336035123,0.010582010582010581,0.14285714285714285
Left,contig,Ang,HTL,RTT,4,0.3,1,2129,14,1278,32,COT,arc labels,,0.4700607902735562,0.005636978579481398,0.35714285714285715
Left,contig,Ang,HTL,RTT,4,0.3,1,2129,14,1278,32,none-Ang-HS4,arc labels,,0.4317122593718339,0.003372681281618887,0.14285714285714285
Left,contig,Ang,HTL,RTT,4,0.3,1,2129,14,1278,32,none-Ang-HSsrc,nothing,,0.5080715974332995,0.007407407407407408,0.14285714285714285
Left,contig,Ang,HTL,RTT,4,0.3,1,2129,14,1278,32,none-Ang-PCA,arc segments,32.0,0.44520432286389733,0.00436046511627907,0.21428571428571427
Left,contig,Ang,HTL,RTT,4,0.3,1,2129,14,1278,32,QOTu-Ang-HS4,arc labels,,0.5499493414387031,0.010075566750629723,0.2857142857142857
Left,contig,Ang,HTL,RTT,4,0.3,1,2129,14,1278,32,QOTu-Ang-HSsrc,arc segments,,0.5551502870651807,0.010666666666666666,0.2857142857142857
Left,contig,Ang,HTL,RTT,4,0.3,1,2129,14,1278,32,QOTu-Ang-PCA,arc segments,16.0,0.47404593042890913,0.00530035335689046,0.21428571428571427
Left,contig,Ang,HTL,RTT,4,0.3,1,2129,14,1278,32,QOTc-Ang-HS4,arc labels,,0.469064505234718,0.004597701149425287,0.14285714285714285
Left,contig,Ang,HTL,RTT,4,0.3,1,2129,14,1278,32,QOTc-Ang-HSsrc,arc labels,,0.5267983789260385,0.0077279752704791345,0.35714285714285715
Left,contig,Ang,HTL,RTT,4,0.3,1,2129,14,1278,32,QOTc-Ang-PCA,arc labels,64.0,0.47470449172576834,0.0,0.0
Left,contig,Ang,HTL,RTT,4,0.3,1,2129,14,1278,32,SDM-Ang-HS4,arc labels,,0.43664302600472815,0.0,0.0
Left,contig,Ang,HTL,RTT,4,0.3,1,2129,14,1278,32,SDM-Ang-HSsrc,arc labels,,0.543853427895981,0.007963594994311717,0.5
Left,contig,Ang,HTL,RTT,4,0.3,1,2129,14,1278,32,SDM-Ang-PCA,arc labels,64.0,0.5206349206349206,0.007677543186180422,0.2857142857142857
Left,contig,Ang,HTL,RTT,4,0.5,1,2129,14,2106,56,NoAdapt,nothing,,0.5326916582235731,0.00851063829787234,0.2857142857142857
Left,contig,Ang,HTL,RTT,4,0.5,1,2129,14,2106,56,TargetOnly,arc labels,,0.5130192502532929,0.010309278350515464,0.07142857142857142
Left,contig,Ang,HTL,RTT,4,0.5,1,2129,14,2106,56,Source+Target,arc labels,,0.5508780817291455,0.012448132780082987,0.21428571428571427
Left,contig,Ang,HTL,RTT,4,0.5,1,2129,14,2106,56,COT,arc labels,,0.4823370482944951,0.005856515373352855,0.2857142857142857
Left,contig,Ang,HTL,RTT,4,0.5,1,2129,14,2106,56,none-Ang-HS4,arc labels,,0.4473150962512664,0.003795066413662239,0.14285714285714285
Left,contig,Ang,HTL,RTT,4,0.5,1,2129,14,2106,56,none-Ang-HSsrc,nothing,,0.5080715974332995,0.007407407407407408,0.14285714285714285
Left,contig,Ang,HTL,RTT,4,0.5,1,2129,14,2106,56,none-Ang-PCA,arc segments,16.0,0.4891759540695711,0.00597609561752988,0.21428571428571427
Left,contig,Ang,HTL,RTT,4,0.5,1,2129,14,2106,56,QOTu-Ang-HS4,arc labels,,0.4988517392772712,0.006472491909385114,0.14285714285714285
Left,contig,Ang,HTL,RTT,4,0.5,1,2129,14,2106,56,QOTu-Ang-HSsrc,arc segments,,0.5551502870651807,0.010666666666666666,0.2857142857142857
Left,contig,Ang,HTL,RTT,4,0.5,1,2129,14,2106,56,QOTu-Ang-PCA,arc segments,64.0,0.5202296521445458,0.007073386383731211,0.5714285714285714
Left,contig,Ang,HTL,RTT,4,0.5,1,2129,14,2106,56,QOTc-Ang-HS4,arc labels,,0.48370482944951027,0.004524886877828055,0.07142857142857142
Left,contig,Ang,HTL,RTT,4,0.5,1,2129,14,2106,56,QOTc-Ang-HSsrc,arc labels,,0.5348193177980411,0.008676789587852495,0.2857142857142857
Left,contig,Ang,HTL,RTT,4,0.5,1,2129,14,2106,56,QOTc-Ang-PCA,arc labels,64.0,0.4711583924349882,0.0,0.0
Left,contig,Ang,HTL,RTT,4,0.5,1,2129,14,2106,56,SDM-Ang-HS4,arc labels,,0.493161094224924,0.0055248618784530384,0.07142857142857142
Left,contig,Ang,HTL,RTT,4,0.5,1,2129,14,2106,56,SDM-Ang-HSsrc,arc labels,,0.5097602161431949,0.007054673721340388,0.2857142857142857
Left,contig,Ang,HTL,RTT,4,0.5,1,2129,14,2106,56,SDM-Ang-PCA,arc labels,64.0,0.5019250253292806,0.006756756756756757,0.14285714285714285
Left,contig,Ang,HTL,RTT,5,0.05,0,2129,26,213,1,NoAdapt,nothing,,0.6063956252971945,0.02106969205834684,0.5
Left,contig,Ang,HTL,RTT,5,0.05,0,2129,26,213,1,TargetOnly,arc labels,,,,
Left,contig,Ang,HTL,RTT,5,0.05,0,2129,26,213,1,Source+Target,arc labels,,,,
Left,contig,Ang,HTL,RTT,5,0.05,0,2129,26,213,1,COT,arc labels,,,,
Left,contig,Ang,HTL,RTT,5,0.05,0,2129,26,213,1,none-Ang-HS4,arc labels,,,,
Left,contig,Ang,HTL,RTT,5,0.05,0,2129,26,213,1,none-Ang-HSsrc,nothing,,0.5431069168587,0.01935483870967742,0.23076923076923078
Left,contig,Ang,HTL,RTT,5,0.05,0,2129,26,213,1,none-Ang-PCA,arc segments,64.0,0.4464501261933501,0.005141388174807198,0.07692307692307693
Left,contig,Ang,HTL,RTT,5,0.05,0,2129,26,213,1,QOTu-Ang-HS4,arc labels,,,,
Left,contig,Ang,HTL,RTT,5,0.05,0,2129,26,213,1,QOTu-Ang-HSsrc,arc segments,,0.5280917370788982,0.013422818791946308,0.6153846153846154
Left,contig,Ang,HTL,RTT,5,0.05,0,2129,26,213,1,QOTu-Ang-PCA,arc segments,16.0,0.5785782215882074,0.017711171662125342,0.5
Left,contig,Ang,HTL,RTT,5,0.05,0,2129,26,213,1,QOTc-Ang-HS4,arc labels,,,,
Left,contig,Ang,HTL,RTT,5,0.05,0,2129,26,213,1,QOTc-Ang-HSsrc,arc labels,,,,
Left,contig,Ang,HTL,RTT,5,0.05,0,2129,26,213,1,QOTc-Ang-PCA,arc labels,,,,
Left,contig,Ang,HTL,RTT,5,0.05,0,2129,26,213,1,SDM-Ang-HS4,arc labels,,,,
Left,contig,Ang,HTL,RTT,5,0.05,0,2129,26,213,1,SDM-Ang-HSsrc,arc labels,,,,
Left,contig,Ang,HTL,RTT,5,0.05,0,2129,26,213,1,SDM-Ang-PCA,arc labels,,,,
Left,contig,Ang,HTL,RTT,5,0.1,0,2129,26,426,1,NoAdapt,nothing,,0.6063956252971945,0.02106969205834684,0.5
Left,contig,Ang,HTL,RTT,5,0.1,0,2129,26,426,1,TargetOnly,arc labels,,,,
Left,contig,Ang,HTL,RTT,5,0.1,0,2129,26,426,1,Source+Target,arc labels,,,,
Left,contig,Ang,HTL,RTT,5,0.1,0,2129,26,426,1,COT,arc labels,,,,
Left,contig,Ang,HTL,RTT,5,0.1,0,2129,26,426,1,none-Ang-HS4,arc labels,,,,
Left,contig,Ang,HTL,RTT,5,0.1,0,2129,26,426,1,none-Ang-HSsrc,nothing,,0.5431069168587,0.01935483870967742,0.23076923076923078
Left,contig,Ang,HTL,RTT,5,0.1,0,2129,26,426,1,none-Ang-PCA,arc segments,32.0,0.5073612787592816,0.012747875354107648,0.34615384615384615
Left,contig,Ang,HTL,RTT,5,0.1,0,2129,26,426,1,QOTu-Ang-HS4,arc labels,,,,
Left,contig,Ang,HTL,RTT,5,0.1,0,2129,26,426,1,QOTu-Ang-HSsrc,arc segments,,0.5354164380555251,0.015306122448979591,0.34615384615384615
Left,contig,Ang,HTL,RTT,5,0.1,0,2129,26,426,1,QOTu-Ang-PCA,arc segments,16.0,0.5548026628625773,0.015587529976019185,0.5
Left,contig,Ang,HTL,RTT,5,0.1,0,2129,26,426,1,QOTc-Ang-HS4,arc labels,,,,
Left,contig,Ang,HTL,RTT,5,0.1,0,2129,26,426,1,QOTc-Ang-HSsrc,arc labels,,,,
Left,contig,Ang,HTL,RTT,5,0.1,0,2129,26,426,1,QOTc-Ang-PCA,arc labels,,,,
Left,contig,Ang,HTL,RTT,5,0.1,0,2129,26,426,1,SDM-Ang-HS4,arc labels,,,,
Left,contig,Ang,HTL,RTT,5,0.1,0,2129,26,426,1,SDM-Ang-HSsrc,arc labels,,,,
Left,contig,Ang,HTL,RTT,5,0.1,0,2129,26,426,1,SDM-Ang-PCA,arc labels,,,,
Left,contig,Ang,HTL,RTT,5,0.2,0,2129,26,852,1,NoAdapt,nothing,,0.6063956252971945,0.02106969205834684,0.5
Left,contig,Ang,HTL,RTT,5,0.2,0,2129,26,852,1,TargetOnly,arc labels,,,,
Left,contig,Ang,HTL,RTT,5,0.2,0,2129,26,852,1,Source+Target,arc labels,,,,
Left,contig,Ang,HTL,RTT,5,0.2,0,2129,26,852,1,COT,arc labels,,,,
Left,contig,Ang,HTL,RTT,5,0.2,0,2129,26,852,1,none-Ang-HS4,arc labels,,,,
Left,contig,Ang,HTL,RTT,5,0.2,0,2129,26,852,1,none-Ang-HSsrc,nothing,,0.5431069168587,0.01935483870967742,0.23076923076923078
Left,contig,Ang,HTL,RTT,5,0.2,0,2129,26,852,1,none-Ang-PCA,arc segments,32.0,0.49571125498372287,0.011920529801324504,0.34615384615384615
Left,contig,Ang,HTL,RTT,5,0.2,0,2129,26,852,1,QOTu-Ang-HS4,arc labels,,,,
Left,contig,Ang,HTL,RTT,5,0.2,0,2129,26,852,1,QOTu-Ang-HSsrc,arc segments,,0.5561011741468231,0.017964071856287425,0.34615384615384615
Left,contig,Ang,HTL,RTT,5,0.2,0,2129,26,852,1,QOTu-Ang-PCA,arc segments,32.0,0.5240773254325323,0.013309671694764862,0.5769230769230769
Left,contig,Ang,HTL,RTT,5,0.2,0,2129,26,852,1,QOTc-Ang-HS4,arc labels,,,,
Left,contig,Ang,HTL,RTT,5,0.2,0,2129,26,852,1,QOTc-Ang-HSsrc,arc labels,,,,
Left,contig,Ang,HTL,RTT,5,0.2,0,2129,26,852,1,QOTc-Ang-PCA,arc labels,,,,
Left,contig,Ang,HTL,RTT,5,0.2,0,2129,26,852,1,SDM-Ang-HS4,arc labels,,,,
Left,contig,Ang,HTL,RTT,5,0.2,0,2129,26,852,1,SDM-Ang-HSsrc,arc labels,,,,
Left,contig,Ang,HTL,RTT,5,0.2,0,2129,26,852,1,SDM-Ang-PCA,arc labels,,,,
Left,contig,Ang,HTL,RTT,5,0.3,1,2129,26,1278,3,NoAdapt,nothing,,0.6063956252971945,0.02106969205834684,0.5
Left,contig,Ang,HTL,RTT,5,0.3,1,2129,26,1278,3,TargetOnly,arc labels,,0.5564212297450528,0.023622047244094488,0.23076923076923078
Left,contig,Ang,HTL,RTT,5,0.3,1,2129,26,1278,3,Source+Target,arc labels,,0.5753868100515747,0.023668639053254437,0.3076923076923077
Left,contig,Ang,HTL,RTT,5,0.3,1,2129,26,1278,3,COT,arc labels,,0.4640440396503164,0.006349206349206349,0.07692307692307693
Left,contig,Ang,HTL,RTT,5,0.3,1,2129,26,1278,3,none-Ang-HS4,arc labels,,0.5261165368155383,0.014104372355430184,0.38461538461538464
Left,contig,Ang,HTL,RTT,5,0.3,1,2129,26,1278,3,none-Ang-HSsrc,nothing,,0.5431069168587,0.01935483870967742,0.23076923076923078
Left,contig,Ang,HTL,RTT,5,0.3,1,2129,26,1278,3,none-Ang-PCA,arc segments,32.0,0.47315190753136543,0.010416666666666666,0.3076923076923077
Left,contig,Ang,HTL,RTT,5,0.3,1,2129,26,1278,3,QOTu-Ang-HS4,arc labels,,0.5484929953546216,0.016885553470919325,0.34615384615384615
Left,contig,Ang,HTL,RTT,5,0.3,1,2129,26,1278,3,QOTu-Ang-HSsrc,arc segments,,0.5573173854200959,0.01932367149758454,0.3076923076923077
Left,contig,Ang,HTL,RTT,5,0.3,1,2129,26,1278,3,QOTu-Ang-PCA,arc segments,32.0,0.4950985771242547,0.011996572407883462,0.5384615384615384
Left,contig,Ang,HTL,RTT,5,0.3,1,2129,26,1278,3,QOTc-Ang-HS4,arc labels,,0.47510881890339807,0.010067114093959731,0.23076923076923078
Left,contig,Ang,HTL,RTT,5,0.3,1,2129,26,1278,3,QOTc-Ang-HSsrc,arc labels,,0.4433501591133545,0.009657594381035996,0.4230769230769231
Left,contig,Ang,HTL,RTT,5,0.3,1,2129,26,1278,3,QOTc-Ang-PCA,arc labels,64.0,0.4903526098247924,0.011111111111111112,0.19230769230769232
Left,contig,Ang,HTL,RTT,5,0.3,1,2129,26,1278,3,SDM-Ang-HS4,arc labels,,0.46464757306412086,0.009375,0.23076923076923078
Left,contig,Ang,HTL,RTT,5,0.3,1,2129,26,1278,3,SDM-Ang-HSsrc,arc labels,,0.4352207469183218,0.006666666666666667,0.15384615384615385
Left,contig,Ang,HTL,RTT,5,0.3,1,2129,26,1278,3,SDM-Ang-PCA,arc labels,32.0,0.5128845239401587,0.01348747591522158,0.2692307692307692
Left,contig,Ang,HTL,RTT,5,0.5,1,2129,26,2106,44,NoAdapt,nothing,,0.6063956252971945,0.02106969205834684,0.5
Left,contig,Ang,HTL,RTT,5,0.5,1,2129,26,2106,44,TargetOnly,arc labels,,0.5514832290866527,0.036036036036036036,0.15384615384615385
Left,contig,Ang,HTL,RTT,5,0.5,1,2129,26,2106,44,Source+Target,arc labels,,0.5576100076813344,0.024096385542168676,0.23076923076923078
Left,contig,Ang,HTL,RTT,5,0.5,1,2129,26,2106,44,COT,arc labels,,0.4355042247338966,0.00938566552901024,0.4230769230769231
Left,contig,Ang,HTL,RTT,5,0.5,1,2129,26,2106,44,none-Ang-HS4,arc labels,,0.5957514905446432,0.02208835341365462,0.4230769230769231
Left,contig,Ang,HTL,RTT,5,0.5,1,2129,26,2106,44,none-Ang-HSsrc,nothing,,0.5431069168587,0.01935483870967742,0.23076923076923078
Left,contig,Ang,HTL,RTT,5,0.5,1,2129,26,2106,44,none-Ang-PCA,arc segments,32.0,0.4801291195727715,0.010141987829614604,0.19230769230769232
Left,contig,Ang,HTL,RTT,5,0.5,1,2129,26,2106,44,QOTu-Ang-HS4,arc labels,,0.5620724971652218,0.02030456852791878,0.3076923076923077
Left,contig,Ang,HTL,RTT,5,0.5,1,2129,26,2106,44,QOTu-Ang-HSsrc,arc segments,,0.5568418742455832,0.019230769230769232,0.3076923076923077
Left,contig,Ang,HTL,RTT,5,0.5,1,2129,26,2106,44,QOTu-Ang-PCA,arc segments,64.0,0.4481327041954717,0.009643201542912247,0.38461538461538464
Left,contig,Ang,HTL,RTT,5,0.5,1,2129,26,2106,44,QOTc-Ang-HS4,arc labels,,0.58423863345404,0.043795620437956206,0.23076923076923078
Left,contig,Ang,HTL,RTT,5,0.5,1,2129,26,2106,44,QOTc-Ang-HSsrc,arc labels,,0.6161984710486851,0.02669902912621359,0.4230769230769231
Left,contig,Ang,HTL,RTT,5,0.5,1,2129,26,2106,44,QOTc-Ang-PCA,arc labels,64.0,0.5187278247192655,0.023529411764705882,0.07692307692307693
Left,contig,Ang,HTL,RTT,5,0.5,1,2129,26,2106,44,SDM-Ang-HS4,arc labels,,0.604155236109587,0.03686635944700461,0.3076923076923077
Left,contig,Ang,HTL,RTT,5,0.5,1,2129,26,2106,44,SDM-Ang-HSsrc,arc labels,,0.5876403672409378,0.019543973941368076,0.46153846153846156
Left,contig,Ang,HTL,RTT,5,0.5,1,2129,26,2106,44,SDM-Ang-PCA,arc labels,64.0,0.6064504919711767,0.024282560706401765,0.4230769230769231
Left,contig,Ang,HTL,RTT,6,0.05,0,2129,36,213,0,NoAdapt,nothing,,0.6014094601051123,0.028125,0.5
Left,contig,Ang,HTL,RTT,6,0.05,0,2129,36,213,0,TargetOnly,arc labels,,,,
Left,contig,Ang,HTL,RTT,6,0.05,0,2129,36,213,0,Source+Target,arc labels,,,,
Left,contig,Ang,HTL,RTT,6,0.05,0,2129,36,213,0,COT,arc labels,,,,
Left,contig,Ang,HTL,RTT,6,0.05,0,2129,36,213,0,none-Ang-HS4,arc labels,,,,
Left,contig,Ang,HTL,RTT,6,0.05,0,2129,36,213,0,none-Ang-HSsrc,nothing,,0.5384880819663429,0.02564102564102564,0.2222222222222222
Left,contig,Ang,HTL,RTT,6,0.05,0,2129,36,213,0,none-Ang-PCA,arc segments,64.0,0.48658225832138874,0.014598540145985401,0.16666666666666666
Left,contig,Ang,HTL,RTT,6,0.05,0,2129,36,213,0,QOTu-Ang-HS4,arc labels,,,,
Left,contig,Ang,HTL,RTT,6,0.05,0,2129,36,213,0,QOTu-Ang-HSsrc,arc segments,,0.48077586664543187,0.015047879616963064,0.3055555555555556
Left,contig,Ang,HTL,RTT,6,0.05,0,2129,36,213,0,QOTu-Ang-PCA,arc segments,4.0,0.5076578011360621,0.017336485421591805,0.6111111111111112
Left,contig,Ang,HTL,RTT,6,0.05,0,2129,36,213,0,QOTc-Ang-HS4,arc labels,,,,
Left,contig,Ang,HTL,RTT,6,0.05,0,2129,36,213,0,QOTc-Ang-HSsrc,arc labels,,,,
Left,contig,Ang,HTL,RTT,6,0.05,0,2129,36,213,0,QOTc-Ang-PCA,arc labels,,,,
Left,contig,Ang,HTL,RTT,6,0.05,0,2129,36,213,0,SDM-Ang-HS4,arc labels,,,,
Left,contig,Ang,HTL,RTT,6,0.05,0,2129,36,213,0,SDM-Ang-HSsrc,arc labels,,,,
Left,contig,Ang,HTL,RTT,6,0.05,0,2129,36,213,0,SDM-Ang-PCA,arc labels,,,,
Left,contig,Ang,HTL,RTT,6,0.1,0,2129,36,426,0,NoAdapt,nothing,,0.6014094601051123,0.028125,0.5
Left,contig,Ang,HTL,RTT,6,0.1,0,2129,36,426,0,TargetOnly,arc labels,,,,
Left,contig,Ang,HTL,RTT,6,0.1,0,2129,36,426,0,Source+Target,arc labels,,,,
Left,contig,Ang,HTL,RTT,6,0.1,0,2129,36,426,0,COT,arc labels,,,,
Left,contig,Ang,HTL,RTT,6,0.1,0,2129,36,426,0,none-Ang-HS4,arc labels,,,,
Left,contig,Ang,HTL,RTT,6,0.1,0,2129,36,426,0,none-Ang-HSsrc,nothing,,0.5384880819663429,0.02564102564102564,0.2222222222222222
Left,contig,Ang,HTL,RTT,6,0.1,0,2129,36,426,0,none-Ang-PCA,arc segments,64.0,0.5066823273345012,0.018134715025906734,0.19444444444444445
Left,contig,Ang,HTL,RTT,6,0.1,0,2129,36,426,0,QOTu-Ang-HS4,arc labels,,,,
Left,contig,Ang,HTL,RTT,6,0.1,0,2129,36,426,0,QOTu-Ang-HSsrc,arc segments,,0.4755534320751712,0.014778325123152709,0.3333333333333333
Left,contig,Ang,HTL,RTT,6,0.1,0,2129,36,426,0,QOTu-Ang-PCA,arc segments,4.0,0.5059855603333865,0.017241379310344827,0.6111111111111112
Left,contig,Ang,HTL,RTT,6,0.1,0,2129,36,426,0,QOTc-Ang-HS4,arc labels,,,,
Left,contig,Ang,HTL,RTT,6,0.1,0,2129,36,426,0,QOTc-Ang-HSsrc,arc labels,,,,
Left,contig,Ang,HTL,RTT,6,0.1,0,2129,36,426,0,QOTc-Ang-PCA,arc labels,,,,
Left,contig,Ang,HTL,RTT,6,0.1,0,2129,36,426,0,SDM-Ang-HS4,arc labels,,,,
Left,contig,Ang,HTL,RTT,6,0.1,0,2129,36,426,0,SDM-Ang-HSsrc,arc labels,,,,
Left,contig,Ang,HTL,RTT,6,0.1,0,2129,36,426,0,SDM-Ang-PCA,arc labels,,,,
Left,contig,Ang,HTL,RTT,6,0.2,0,2129,36,852,0,NoAdapt,nothing,,0.6014094601051123,0.028125,0.5
Left,contig,Ang,HTL,RTT,6,0.2,0,2129,36,852,0,TargetOnly,arc labels,,,,
Left,contig,Ang,HTL,RTT,6,0.2,0,2129,36,852,0,Source+Target,arc labels,,,,
Left,contig,Ang,HTL,RTT,6,0.2,0,2129,36,852,0,COT,arc labels,,,,
Left,contig,Ang,HTL,RTT,6,0.2,0,2129,36,852,0,none-Ang-HS4,arc labels,,,,
Left,contig,Ang,HTL,RTT,6,0.2,0,2129,36,852,0,none-Ang-HSsrc,nothing,,0.5384880819663429,0.02564102564102564,0.2222222222222222
Left,contig,Ang,HTL,RTT,6,0.2,0,2129,36,852,0,none-Ang-PCA,arc segments,64.0,0.4923156553591336,0.015503875968992248,0.16666666666666666
Left,contig,Ang,HTL,RTT,6,0.2,0,2129,36,852,0,QOTu-Ang-HS4,arc labels,,,,
Left,contig,Ang,HTL,RTT,6,0.2,0,2129,36,852,0,QOTu-Ang-HSsrc,arc segments,,0.5517930137495355,0.02355072463768116,0.3611111111111111
Left,contig,Ang,HTL,RTT,6,0.2,0,2129,36,852,0,QOTu-Ang-PCA,arc segments,4.0,0.5088522588522588,0.01740506329113924,0.6111111111111112
Left,contig,Ang,HTL,RTT,6,0.2,0,2129,36,852,0,QOTc-Ang-HS4,arc labels,,,,
Left,contig,Ang,HTL,RTT,6,0.2,0,2129,36,852,0,QOTc-Ang-HSsrc,arc labels,,,,
Left,contig,Ang,HTL,RTT,6,0.2,0,2129,36,852,0,QOTc-Ang-PCA,arc labels,,,,
Left,contig,Ang,HTL,RTT,6,0.2,0,2129,36,852,0,SDM-Ang-HS4,arc labels,,,,
Left,contig,Ang,HTL,RTT,6,0.2,0,2129,36,852,0,SDM-Ang-HSsrc,arc labels,,,,
Left,contig,Ang,HTL,RTT,6,0.2,0,2129,36,852,0,SDM-Ang-PCA,arc labels,,,,
Left,contig,Ang,HTL,RTT,6,0.3,0,2129,36,1278,0,NoAdapt,nothing,,0.6014094601051123,0.028125,0.5
Left,contig,Ang,HTL,RTT,6,0.3,0,2129,36,1278,0,TargetOnly,arc labels,,,,
Left,contig,Ang,HTL,RTT,6,0.3,0,2129,36,1278,0,Source+Target,arc labels,,,,
Left,contig,Ang,HTL,RTT,6,0.3,0,2129,36,1278,0,COT,arc labels,,,,
Left,contig,Ang,HTL,RTT,6,0.3,0,2129,36,1278,0,none-Ang-HS4,arc labels,,,,
Left,contig,Ang,HTL,RTT,6,0.3,0,2129,36,1278,0,none-Ang-HSsrc,nothing,,0.5384880819663429,0.02564102564102564,0.2222222222222222
Left,contig,Ang,HTL,RTT,6,0.3,0,2129,36,1278,0,none-Ang-PCA,arc segments,16.0,0.5532927217709827,0.022590361445783132,0.4166666666666667
Left,contig,Ang,HTL,RTT,6,0.3,0,2129,36,1278,0,QOTu-Ang-HS4,arc labels,,,,
Left,contig,Ang,HTL,RTT,6,0.3,0,2129,36,1278,0,QOTu-Ang-HSsrc,arc segments,,0.5902877315920794,0.03111111111111111,0.3888888888888889
Left,contig,Ang,HTL,RTT,6,0.3,0,2129,36,1278,0,QOTu-Ang-PCA,arc segments,64.0,0.5469090088655306,0.021013597033374538,0.4722222222222222
Left,contig,Ang,HTL,RTT,6,0.3,0,2129,36,1278,0,QOTc-Ang-HS4,arc labels,,,,
Left,contig,Ang,HTL,RTT,6,0.3,0,2129,36,1278,0,QOTc-Ang-HSsrc,arc labels,,,,
Left,contig,Ang,HTL,RTT,6,0.3,0,2129,36,1278,0,QOTc-Ang-PCA,arc labels,,,,
Left,contig,Ang,HTL,RTT,6,0.3,0,2129,36,1278,0,SDM-Ang-HS4,arc labels,,,,
Left,contig,Ang,HTL,RTT,6,0.3,0,2129,36,1278,0,SDM-Ang-HSsrc,arc labels,,,,
Left,contig,Ang,HTL,RTT,6,0.3,0,2129,36,1278,0,SDM-Ang-PCA,arc labels,,,,
Left,contig,Ang,HTL,RTT,6,0.5,1,2129,36,2106,34,NoAdapt,nothing,,0.6014094601051123,0.028125,0.5
Left,contig,Ang,HTL,RTT,6,0.5,1,2129,36,2106,34,TargetOnly,arc labels,,0.5515275787014917,0.0625,0.1388888888888889
Left,contig,Ang,HTL,RTT,6,0.5,1,2129,36,2106,34,Source+Target,arc labels,,0.5561660561660562,0.03361344537815126,0.2222222222222222
Left,contig,Ang,HTL,RTT,6,0.5,1,2129,36,2106,34,COT,arc labels,,0.48968121250729946,0.01600985221674877,0.3611111111111111
Left,contig,Ang,HTL,RTT,6,0.5,1,2129,36,2106,34,none-Ang-HS4,arc labels,,0.5522707968360142,0.023636363636363636,0.3611111111111111
Left,contig,Ang,HTL,RTT,6,0.5,1,2129,36,2106,34,none-Ang-HSsrc,nothing,,0.5384880819663429,0.02564102564102564,0.2222222222222222
Left,contig,Ang,HTL,RTT,6,0.5,1,2129,36,2106,34,none-Ang-PCA,arc segments,32.0,0.5000265435048044,0.016913319238900635,0.2222222222222222
Left,contig,Ang,HTL,RTT,6,0.5,1,2129,36,2106,34,QOTu-Ang-HS4,arc labels,,0.541898922333705,0.02403846153846154,0.2777777777777778
Left,contig,Ang,HTL,RTT,6,0.5,1,2129,36,2106,34,QOTu-Ang-HSsrc,arc segments,,0.546437861655253,0.02518891687657431,0.2777777777777778
Left,contig,Ang,HTL,RTT,6,0.5,1,2129,36,2106,34,QOTu-Ang-PCA,arc segments,8.0,0.5657814407814408,0.023287671232876714,0.4722222222222222
Left,contig,Ang,HTL,RTT,6,0.5,1,2129,36,2106,34,QOTc-Ang-HS4,arc labels,,0.5445997239475501,0.045871559633027525,0.1388888888888889
Left,contig,Ang,HTL,RTT,6,0.5,1,2129,36,2106,34,QOTc-Ang-HSsrc,arc labels,,0.5540093964007008,0.0226928895612708,0.4166666666666667
Left,contig,Ang,HTL,RTT,6,0.5,1,2129,36,2106,34,QOTc-Ang-PCA,arc labels,64.0,0.5134774645644211,0.024793388429752067,0.08333333333333333
Left,contig,Ang,HTL,RTT,6,0.5,1,2129,36,2106,34,SDM-Ang-HS4,arc labels,,0.5377382279556193,0.02734375,0.19444444444444445
Left,contig,Ang,HTL,RTT,6,0.5,1,2129,36,2106,34,SDM-Ang-HSsrc,arc labels,,0.562815204119552,0.024778761061946902,0.3888888888888889
Left,contig,Ang,HTL,RTT,6,0.5,1,2129,36,2106,34,SDM-Ang-PCA,arc labels,64.0,0.520843287147635,0.020224719101123594,0.25
Left,contig,Ang,HTL,RTT,7,0.05,0,2129,35,213,0,NoAdapt,nothing,,0.5964046936826306,0.02526595744680851,0.5428571428571428
Left,contig,Ang,HTL,RTT,7,0.05,0,2129,35,213,0,TargetOnly,arc labels,,,,
Left,contig,Ang,HTL,RTT,7,0.05,0,2129,35,213,0,Source+Target,arc labels,,,,
Left,contig,Ang,HTL,RTT,7,0.05,0,2129,35,213,0,COT,arc labels,,,,
Left,contig,Ang,HTL,RTT,7,0.05,0,2129,35,213,0,none-Ang-HS4,arc labels,,,,
Left,contig,Ang,HTL,RTT,7,0.05,0,2129,35,213,0,none-Ang-HSsrc,nothing,,0.5311911584117888,0.02247191011235955,0.22857142857142856
Left,contig,Ang,HTL,RTT,7,0.05,0,2129,35,213,0,none-Ang-PCA,arc segments,16.0,0.5300313821803793,0.019548872180451128,0.37142857142857144
Left,contig,Ang,HTL,RTT,7,0.05,0,2129,35,213,0,QOTu-Ang-HS4,arc labels,,,,
Left,contig,Ang,HTL,RTT,7,0.05,0,2129,35,213,0,QOTu-Ang-HSsrc,arc segments,,0.5179219538818393,0.017371601208459216,0.6571428571428571
Left,contig,Ang,HTL,RTT,7,0.05,0,2129,35,213,0,QOTu-Ang-PCA,arc segments,4.0,0.5059830809114476,0.016739446870451237,0.6571428571428571
Left,contig,Ang,HTL,RTT,7,0.05,0,2129,35,213,0,QOTc-Ang-HS4,arc labels,,,,
Left,contig,Ang,HTL,RTT,7,0.05,0,2129,35,213,0,QOTc-Ang-HSsrc,arc labels,,,,
Left,contig,Ang,HTL,RTT,7,0.05,0,2129,35,213,0,QOTc-Ang-PCA,arc labels,,,,
Left,contig,Ang,HTL,RTT,7,0.05,0,2129,35,213,0,SDM-Ang-HS4,arc labels,,,,
Left,contig,Ang,HTL,RTT,7,0.05,0,2129,35,213,0,SDM-Ang-HSsrc,arc labels,,,,
Left,contig,Ang,HTL,RTT,7,0.05,0,2129,35,213,0,SDM-Ang-PCA,arc labels,,,,
Left,contig,Ang,HTL,RTT,7,0.1,0,2129,35,426,0,NoAdapt,nothing,,0.5964046936826306,0.02526595744680851,0.5428571428571428
Left,contig,Ang,HTL,RTT,7,0.1,0,2129,35,426,0,TargetOnly,arc labels,,,,
Left,contig,Ang,HTL,RTT,7,0.1,0,2129,35,426,0,Source+Target,arc labels,,,,
Left,contig,Ang,HTL,RTT,7,0.1,0,2129,35,426,0,COT,arc labels,,,,
Left,contig,Ang,HTL,RTT,7,0.1,0,2129,35,426,0,none-Ang-HS4,arc labels,,,,
Left,contig,Ang,HTL,RTT,7,0.1,0,2129,35,426,0,none-Ang-HSsrc,nothing,,0.5311911584117888,0.02247191011235955,0.22857142857142856
Left,contig,Ang,HTL,RTT,7,0.1,0,2129,35,426,0,none-Ang-PCA,arc segments,16.0,0.5114067403465684,0.017496635262449527,0.37142857142857144
Left,contig,Ang,HTL,RTT,7,0.1,0,2129,35,426,0,QOTu-Ang-HS4,arc labels,,,,
Left,contig,Ang,HTL,RTT,7,0.1,0,2129,35,426,0,QOTu-Ang-HSsrc,arc segments,,0.5179219538818393,0.017371601208459216,0.6571428571428571
Left,contig,Ang,HTL,RTT,7,0.1,0,2129,35,426,0,QOTu-Ang-PCA,arc segments,4.0,0.5033565288579616,0.01660649819494585,0.6571428571428571
Left,contig,Ang,HTL,RTT,7,0.1,0,2129,35,426,0,QOTc-Ang-HS4,arc labels,,,,
Left,contig,Ang,HTL,RTT,7,0.1,0,2129,35,426,0,QOTc-Ang-HSsrc,arc labels,,,,
Left,contig,Ang,HTL,RTT,7,0.1,0,2129,35,426,0,QOTc-Ang-PCA,arc labels,,,,
Left,contig,Ang,HTL,RTT,7,0.1,0,2129,35,426,0,SDM-Ang-HS4,arc labels,,,,
Left,contig,Ang,HTL,RTT,7,0.1,0,2129,35,426,0,SDM-Ang-HSsrc,arc labels,,,,
Left,contig,Ang,HTL,RTT,7,0.1,0,2129,35,426,0,SDM-Ang-PCA,arc labels,,,,
Left,contig,Ang,HTL,RTT,7,0.2,0,2129,35,852,0,NoAdapt,nothing,,0.5964046936826306,0.02526595744680851,0.5428571428571428
Left,contig,Ang,HTL,RTT,7,0.2,0,2129,35,852,0,TargetOnly,arc labels,,,,
Left,contig,Ang,HTL,RTT,7,0.2,0,2129,35,852,0,Source+Target,arc labels,,,,
Left,contig,Ang,HTL,RTT,7,0.2,0,2129,35,852,0,COT,arc labels,,,,
Left,contig,Ang,HTL,RTT,7,0.2,0,2129,35,852,0,none-Ang-HS4,arc labels,,,,
Left,contig,Ang,HTL,RTT,7,0.2,0,2129,35,852,0,none-Ang-HSsrc,nothing,,0.5311911584117888,0.02247191011235955,0.22857142857142856
Left,contig,Ang,HTL,RTT,7,0.2,0,2129,35,852,0,none-Ang-PCA,arc segments,16.0,0.5414517669531996,0.02064896755162242,0.4
Left,contig,Ang,HTL,RTT,7,0.2,0,2129,35,852,0,QOTu-Ang-HS4,arc labels,,,,
Left,contig,Ang,HTL,RTT,7,0.2,0,2129,35,852,0,QOTu-Ang-HSsrc,arc segments,,0.5530222404147905,0.01954120645709431,0.6571428571428571
Left,contig,Ang,HTL,RTT,7,0.2,0,2129,35,852,0,QOTu-Ang-PCA,arc segments,16.0,0.5337699549733934,0.019455252918287938,0.42857142857142855
Left,contig,Ang,HTL,RTT,7,0.2,0,2129,35,852,0,QOTc-Ang-HS4,arc labels,,,,
Left,contig,Ang,HTL,RTT,7,0.2,0,2129,35,852,0,QOTc-Ang-HSsrc,arc labels,,,,
Left,contig,Ang,HTL,RTT,7,0.2,0,2129,35,852,0,QOTc-Ang-PCA,arc labels,,,,
Left,contig,Ang,HTL,RTT,7,0.2,0,2129,35,852,0,SDM-Ang-HS4,arc labels,,,,
Left,contig,Ang,HTL,RTT,7,0.2,0,2129,35,852,0,SDM-Ang-HSsrc,arc labels,,,,
Left,contig,Ang,HTL,RTT,7,0.2,0,2129,35,852,0,SDM-Ang-PCA,arc labels,,,,
Left,contig,Ang,HTL,RTT,7,0.3,0,2129,35,1278,0,NoAdapt,nothing,,0.5964046936826306,0.02526595744680851,0.5428571428571428
Left,contig,Ang,HTL,RTT,7,0.3,0,2129,35,1278,0,TargetOnly,arc labels,,,,
Left,contig,Ang,HTL,RTT,7,0.3,0,2129,35,1278,0,Source+Target,arc labels,,,,
Left,contig,Ang,HTL,RTT,7,0.3,0,2129,35,1278,0,COT,arc labels,,,,
Left,contig,Ang,HTL,RTT,7,0.3,0,2129,35,1278,0,none-Ang-HS4,arc labels,,,,
Left,contig,Ang,HTL,RTT,7,0.3,0,2129,35,1278,0,none-Ang-HSsrc,nothing,,0.5311911584117888,0.02247191011235955,0.22857142857142856
Left,contig,Ang,HTL,RTT,7,0.3,0,2129,35,1278,0,none-Ang-PCA,arc segments,16.0,0.5730863692181744,0.023351648351648352,0.4857142857142857
Left,contig,Ang,HTL,RTT,7,0.3,0,2129,35,1278,0,QOTu-Ang-HS4,arc labels,,,,
Left,contig,Ang,HTL,RTT,7,0.3,0,2129,35,1278,0,QOTu-Ang-HSsrc,arc segments,,0.5930276981852913,0.030303030303030304,0.4
Left,contig,Ang,HTL,RTT,7,0.3,0,2129,35,1278,0,QOTu-Ang-PCA,arc segments,16.0,0.5319006685768863,0.019498607242339833,0.4
Left,contig,Ang,HTL,RTT,7,0.3,0,2129,35,1278,0,QOTc-Ang-HS4,arc labels,,,,
Left,contig,Ang,HTL,RTT,7,0.3,0,2129,35,1278,0,QOTc-Ang-HSsrc,arc labels,,,,
Left,contig,Ang,HTL,RTT,7,0.3,0,2129,35,1278,0,QOTc-Ang-PCA,arc labels,,,,
Left,contig,Ang,HTL,RTT,7,0.3,0,2129,35,1278,0,SDM-Ang-HS4,arc labels,,,,
Left,contig,Ang,HTL,RTT,7,0.3,0,2129,35,1278,0,SDM-Ang-HSsrc,arc labels,,,,
Left,contig,Ang,HTL,RTT,7,0.3,0,2129,35,1278,0,SDM-Ang-PCA,arc labels,,,,
Left,contig,Ang,HTL,RTT,7,0.5,1,2129,35,2118,35,NoAdapt,nothing,,0.5964046936826306,0.02526595744680851,0.5428571428571428
Left,contig,Ang,HTL,RTT,7,0.5,1,2129,35,2118,35,TargetOnly,arc labels,,0.5998362668849775,0.043824701195219126,0.3142857142857143
Left,contig,Ang,HTL,RTT,7,0.5,1,2129,35,2118,35,Source+Target,arc labels,,0.577193341519989,0.03508771929824561,0.2857142857142857
Left,contig,Ang,HTL,RTT,7,0.5,1,2129,35,2118,35,COT,arc labels,,0.5147428025651521,0.01736745886654479,0.5428571428571428
Left,contig,Ang,HTL,RTT,7,0.5,1,2129,35,2118,35,none-Ang-HS4,arc labels,,0.5641356255969436,0.024013722126929673,0.4
Left,contig,Ang,HTL,RTT,7,0.5,1,2129,35,2118,35,none-Ang-HSsrc,nothing,,0.5311911584117888,0.02247191011235955,0.22857142857142856
Left,contig,Ang,HTL,RTT,7,0.5,1,2129,35,2118,35,none-Ang-PCA,arc segments,16.0,0.5211147496247782,0.01820388349514563,0.42857142857142855
Left,contig,Ang,HTL,RTT,7,0.5,1,2129,35,2118,35,QOTu-Ang-HS4,arc labels,,0.5553827261563651,0.024096385542168676,0.34285714285714286
Left,contig,Ang,HTL,RTT,7,0.5,1,2129,35,2118,35,QOTu-Ang-HSsrc,arc segments,,0.5939828080229226,0.03056768558951965,0.4
Left,contig,Ang,HTL,RTT,7,0.5,1,2129,35,2118,35,QOTu-Ang-PCA,arc segments,16.0,0.5435598308091145,0.02054794520547945,0.42857142857142855
Left,contig,Ang,HTL,RTT,7,0.5,1,2129,35,2118,35,QOTc-Ang-HS4,arc labels,,0.5534793286942284,0.0425531914893617,0.17142857142857143
Left,contig,Ang,HTL,RTT,7,0.5,1,2129,35,2118,35,QOTc-Ang-HSsrc,arc labels,,0.6332992222677036,0.03855421686746988,0.45714285714285713
Left,contig,Ang,HTL,RTT,7,0.5,1,2129,35,2118,35,QOTc-Ang-PCA,arc labels,64.0,0.5382794378496384,0.04819277108433735,0.11428571428571428
Left,contig,Ang,HTL,RTT,7,0.5,1,2129,35,2118,35,SDM-Ang-HS4,arc labels,,0.5664892891253923,0.03345724907063197,0.2571428571428571
Left,contig,Ang,HTL,RTT,7,0.5,1,2129,35,2118,35,SDM-Ang-HSsrc,arc labels,,0.6081866557511256,0.029259896729776247,0.4857142857142857
Left,contig,Ang,HTL,RTT,7,0.5,1,2129,35,2118,35,SDM-Ang-PCA,arc labels,64.0,0.44348478646472916,0.008333333333333333,0.11428571428571428
Left,contig,Ang,HTL,WRM,0,0.05,0,508,35,51,0,NoAdapt,nothing,,0.5059800664451828,0.07142857142857142,0.3142857142857143
Left,contig,Ang,HTL,WRM,0,0.05,0,508,35,51,0,TargetOnly,arc labels,,,,
Left,contig,Ang,HTL,WRM,0,0.05,0,508,35,51,0,Source+Target,arc labels,,,,
Left,contig,Ang,HTL,WRM,0,0.05,0,508,35,51,0,COT,arc labels,,,,
Left,contig,Ang,HTL,WRM,0,0.05,0,508,35,51,0,none-Ang-HS4,arc labels,,,,
Left,contig,Ang,HTL,WRM,0,0.05,0,508,35,51,0,none-Ang-HSsrc,nothing,,0.5048021745696164,0.07692307692307693,0.08571428571428572
Left,contig,Ang,HTL,WRM,0,0.05,0,508,35,51,0,none-Ang-PCA,arc segments,8.0,0.6097553609181516,0.1,0.6571428571428571
Left,contig,Ang,HTL,WRM,0,0.05,0,508,35,51,0,QOTu-Ang-HS4,arc labels,,,,
Left,contig,Ang,HTL,WRM,0,0.05,0,508,35,51,0,QOTu-Ang-HSsrc,arc segments,,0.5339474479009363,0.09523809523809523,0.22857142857142856
Left,contig,Ang,HTL,WRM,0,0.05,0,508,35,51,0,QOTu-Ang-PCA,arc segments,8.0,0.5593778314708547,0.1016949152542373,0.34285714285714286
Left,contig,Ang,HTL,WRM,0,0.05,0,508,35,51,0,QOTc-Ang-HS4,arc labels,,,,
Left,contig,Ang,HTL,WRM,0,0.05,0,508,35,51,0,QOTc-Ang-HSsrc,arc labels,,,,
Left,contig,Ang,HTL,WRM,0,0.05,0,508,35,51,0,QOTc-Ang-PCA,arc labels,,,,
Left,contig,Ang,HTL,WRM,0,0.05,0,508,35,51,0,SDM-Ang-HS4,arc labels,,,,
Left,contig,Ang,HTL,WRM,0,0.05,0,508,35,51,0,SDM-Ang-HSsrc,arc labels,,,,
Left,contig,Ang,HTL,WRM,0,0.05,0,508,35,51,0,SDM-Ang-PCA,arc labels,,,,
Left,contig,Ang,HTL,WRM,0,0.1,0,508,35,102,0,NoAdapt,nothing,,0.5059800664451828,0.07142857142857142,0.3142857142857143
Left,contig,Ang,HTL,WRM,0,0.1,0,508,35,102,0,TargetOnly,arc labels,,,,
Left,contig,Ang,HTL,WRM,0,0.1,0,508,35,102,0,Source+Target,arc labels,,,,
Left,contig,Ang,HTL,WRM,0,0.1,0,508,35,102,0,COT,arc labels,,,,
Left,contig,Ang,HTL,WRM,0,0.1,0,508,35,102,0,none-Ang-HS4,arc labels,,,,
Left,contig,Ang,HTL,WRM,0,0.1,0,508,35,102,0,none-Ang-HSsrc,nothing,,0.5048021745696164,0.07692307692307693,0.08571428571428572
Left,contig,Ang,HTL,WRM,0,0.1,0,508,35,102,0,none-Ang-PCA,arc segments,8.0,0.6573542736333434,0.11682242990654206,0.7142857142857143
Left,contig,Ang,HTL,WRM,0,0.1,0,508,35,102,0,QOTu-Ang-HS4,arc labels,,,,
Left,contig,Ang,HTL,WRM,0,0.1,0,508,35,102,0,QOTu-Ang-HSsrc,arc segments,,0.5392328601630927,0.10126582278481013,0.22857142857142856
Left,contig,Ang,HTL,WRM,0,0.1,0,508,35,102,0,QOTu-Ang-PCA,arc segments,16.0,0.5804892781636968,0.14492753623188406,0.2857142857142857
Left,contig,Ang,HTL,WRM,0,0.1,0,508,35,102,0,QOTc-Ang-HS4,arc labels,,,,
Left,contig,Ang,HTL,WRM,0,0.1,0,508,35,102,0,QOTc-Ang-HSsrc,arc labels,,,,
Left,contig,Ang,HTL,WRM,0,0.1,0,508,35,102,0,QOTc-Ang-PCA,arc labels,,,,
Left,contig,Ang,HTL,WRM,0,0.1,0,508,35,102,0,SDM-Ang-HS4,arc labels,,,,
Left,contig,Ang,HTL,WRM,0,0.1,0,508,35,102,0,SDM-Ang-HSsrc,arc labels,,,,
Left,contig,Ang,HTL,WRM,0,0.1,0,508,35,102,0,SDM-Ang-PCA,arc labels,,,,
Left,contig,Ang,HTL,WRM,0,0.2,1,508,35,203,7,NoAdapt,nothing,,0.5059800664451828,0.07142857142857142,0.3142857142857143
Left,contig,Ang,HTL,WRM,0,0.2,1,508,35,203,7,TargetOnly,arc labels,,0.5863183328299607,0.14102564102564102,0.3142857142857143
Left,contig,Ang,HTL,WRM,0,0.2,1,508,35,203,7,Source+Target,arc labels,,0.5005436424041075,0.07142857142857142,0.02857142857142857
Left,contig,Ang,HTL,WRM,0,0.2,1,508,35,203,7,COT,arc labels,,0.6231350045303534,0.09018567639257294,0.9714285714285714
Left,contig,Ang,HTL,WRM,0,0.2,1,508,35,203,7,none-Ang-HS4,arc labels,,0.6366656599214738,0.12422360248447205,0.5714285714285714
Left,contig,Ang,HTL,WRM,0,0.2,1,508,35,203,7,none-Ang-HSsrc,nothing,,0.5048021745696164,0.07692307692307693,0.08571428571428572
Left,contig,Ang,HTL,WRM,0,0.2,1,508,35,203,7,none-Ang-PCA,arc segments,32.0,0.5699486559951676,0.1111111111111111,0.34285714285714286
Left,contig,Ang,HTL,WRM,0,0.2,1,508,35,203,7,QOTu-Ang-HS4,arc labels,,0.5788885533071579,0.16071428571428573,0.2571428571428571
Left,contig,Ang,HTL,WRM,0,0.2,1,508,35,203,7,QOTu-Ang-HSsrc,arc segments,,0.5413470250679553,0.1038961038961039,0.22857142857142856
Left,contig,Ang,HTL,WRM,0,0.2,1,508,35,203,7,QOTu-Ang-PCA,arc segments,16.0,0.6275747508305648,0.19117647058823528,0.37142857142857144
Left,contig,Ang,HTL,WRM,0,0.2,1,508,35,203,7,QOTc-Ang-HS4,arc labels,,0.5004228329809726,0.06896551724137931,0.8
Left,contig,Ang,HTL,WRM,0,0.2,1,508,35,203,7,QOTc-Ang-HSsrc,arc labels,,0.45708245243128964,0.06263982102908278,0.8
Left,contig,Ang,HTL,WRM,0,0.2,1,508,35,203,7,QOTc-Ang-PCA,arc labels,64.0,0.48218061008758684,0.06172839506172839,0.2857142857142857
Left,contig,Ang,HTL,WRM,0,0.2,1,508,35,203,7,SDM-Ang-HS4,arc labels,,0.5415282392026578,0.0796812749003984,0.5714285714285714
Left,contig,Ang,HTL,WRM,0,0.2,1,508,35,203,7,SDM-Ang-HSsrc,arc labels,,0.5156750226517668,0.07210031347962383,0.6571428571428571
Left,contig,Ang,HTL,WRM,0,0.2,1,508,35,203,7,SDM-Ang-PCA,arc labels,64.0,0.6144669284204167,0.10989010989010989,0.5714285714285714
Left,contig,Ang,HTL,WRM,0,0.3,1,508,35,305,12,NoAdapt,nothing,,0.5059800664451828,0.07142857142857142,0.3142857142857143
Left,contig,Ang,HTL,WRM,0,0.3,1,508,35,305,12,TargetOnly,arc labels,,0.5265176683781335,0.0967741935483871,0.17142857142857143
Left,contig,Ang,HTL,WRM,0,0.3,1,508,35,305,12,Source+Target,arc labels,,0.5090003020235578,0.16666666666666666,0.02857142857142857
Left,contig,Ang,HTL,WRM,0,0.3,1,508,35,305,12,COT,arc labels,,0.5530957414678345,0.08791208791208792,0.45714285714285713
Left,contig,Ang,HTL,WRM,0,0.3,1,508,35,305,12,none-Ang-HS4,arc labels,,0.59903352461492,0.1368421052631579,0.37142857142857144
Left,contig,Ang,HTL,WRM,0,0.3,1,508,35,305,12,none-Ang-HSsrc,nothing,,0.5048021745696164,0.07692307692307693,0.08571428571428572
Left,contig,Ang,HTL,WRM,0,0.3,1,508,35,305,12,none-Ang-PCA,arc segments,8.0,0.6573542736333434,0.11682242990654206,0.7142857142857143
Left,contig,Ang,HTL,WRM,0,0.3,1,508,35,305,12,QOTu-Ang-HS4,arc labels,,0.5772878284506192,0.18604651162790697,0.22857142857142856
Left,contig,Ang,HTL,WRM,0,0.3,1,508,35,305,12,QOTu-Ang-HSsrc,arc segments,,0.5413470250679553,0.1038961038961039,0.22857142857142856
Left,contig,Ang,HTL,WRM,0,0.3,1,508,35,305,12,QOTu-Ang-PCA,arc segments,16.0,0.6307459981878587,0.2,0.37142857142857144
Left,contig,Ang,HTL,WRM,0,0.3,1,508,35,305,12,QOTc-Ang-HS4,arc labels,,0.5656297191180912,0.24,0.17142857142857143
Left,contig,Ang,HTL,WRM,0,0.3,1,508,35,305,12,QOTc-Ang-HSsrc,arc labels,,0.5111446692842041,0.09090909090909091,0.08571428571428572
Left,contig,Ang,HTL,WRM,0,0.3,1,508,35,305,12,QOTc-Ang-PCA,arc labels,64.0,0.5276049531863486,0.08888888888888889,0.22857142857142856
Left,contig,Ang,HTL,WRM,0,0.3,1,508,35,305,12,SDM-Ang-HS4,arc labels,,0.5635759589247962,0.11764705882352941,0.2857142857142857
Left,contig,Ang,HTL,WRM,0,0.3,1,508,35,305,12,SDM-Ang-HSsrc,arc labels,,0.6228933856840833,0.12413793103448276,0.5142857142857142
Left,contig,Ang,HTL,WRM,0,0.3,1,508,35,305,12,SDM-Ang-PCA,arc labels,64.0,0.5705225007550588,0.09933774834437085,0.42857142857142855
Left,contig,Ang,HTL,WRM,0,0.5,1,508,35,498,14,NoAdapt,nothing,,0.5059800664451828,0.07142857142857142,0.3142857142857143
Left,contig,Ang,HTL,WRM,0,0.5,1,508,35,498,14,TargetOnly,arc labels,,0.4709755360918152,0.04225352112676056,0.08571428571428572
Left,contig,Ang,HTL,WRM,0,0.5,1,508,35,498,14,Source+Target,arc labels,,0.5100573844759891,0.2,0.02857142857142857
Left,contig,Ang,HTL,WRM,0,0.5,1,508,35,498,14,COT,arc labels,,0.4256418000604047,0.04782608695652174,0.3142857142857143
Left,contig,Ang,HTL,WRM,0,0.5,1,508,35,498,14,none-Ang-HS4,arc labels,,0.6053760193295077,0.14606741573033707,0.37142857142857144
Left,contig,Ang,HTL,WRM,0,0.5,1,508,35,498,14,none-Ang-HSsrc,nothing,,0.5048021745696164,0.07692307692307693,0.08571428571428572
Left,contig,Ang,HTL,WRM,0,0.5,1,508,35,498,14,none-Ang-PCA,arc segments,4.0,0.5530051344004832,0.10526315789473684,0.2857142857142857
Left,contig,Ang,HTL,WRM,0,0.5,1,508,35,498,14,QOTu-Ang-HS4,arc labels,,0.5354877680459076,0.1282051282051282,0.14285714285714285
Left,contig,Ang,HTL,WRM,0,0.5,1,508,35,498,14,QOTu-Ang-HSsrc,arc segments,,0.5598912715191785,0.10679611650485436,0.3142857142857143
Left,contig,Ang,HTL,WRM,0,0.5,1,508,35,498,14,QOTu-Ang-PCA,arc segments,16.0,0.6318030806402899,0.203125,0.37142857142857144
Left,contig,Ang,HTL,WRM,0,0.5,1,508,35,498,14,QOTc-Ang-HS4,arc labels,,0.5127151917849592,0.11764705882352941,0.05714285714285714
Left,contig,Ang,HTL,WRM,0,0.5,1,508,35,498,14,QOTc-Ang-HSsrc,arc labels,,0.5111446692842041,0.09090909090909091,0.08571428571428572
Left,contig,Ang,HTL,WRM,0,0.5,1,508,35,498,14,QOTc-Ang-PCA,arc labels,64.0,0.5772878284506192,0.18604651162790697,0.22857142857142856
Left,contig,Ang,HTL,WRM,0,0.5,1,508,35,498,14,SDM-Ang-HS4,arc labels,,0.49109030504379336,0.06172839506172839,0.14285714285714285
Left,contig,Ang,HTL,WRM,0,0.5,1,508,35,498,14,SDM-Ang-HSsrc,arc labels,,0.5917245545152522,0.10052910052910052,0.5428571428571428
Left,contig,Ang,HTL,WRM,0,0.5,1,508,35,498,14,SDM-Ang-PCA,arc labels,64.0,0.5636061612805798,0.10526315789473684,0.34285714285714286
Left,contig,Ang,HTL,WRM,1,0.05,0,508,24,51,0,NoAdapt,nothing,,0.43577823691460055,0.02976190476190476,0.20833333333333334
Left,contig,Ang,HTL,WRM,1,0.05,0,508,24,51,0,TargetOnly,arc labels,,,,
Left,contig,Ang,HTL,WRM,1,0.05,0,508,24,51,0,Source+Target,arc labels,,,,
Left,contig,Ang,HTL,WRM,1,0.05,0,508,24,51,0,COT,arc labels,,,,
Left,contig,Ang,HTL,WRM,1,0.05,0,508,24,51,0,none-Ang-HS4,arc labels,,,,
Left,contig,Ang,HTL,WRM,1,0.05,0,508,24,51,0,none-Ang-HSsrc,nothing,,0.4796831955922865,0.03225806451612903,0.08333333333333333
Left,contig,Ang,HTL,WRM,1,0.05,0,508,24,51,0,none-Ang-PCA,arc segments,8.0,0.7133264462809917,0.08823529411764706,0.875
Left,contig,Ang,HTL,WRM,1,0.05,0,508,24,51,0,QOTu-Ang-HS4,arc labels,,,,
Left,contig,Ang,HTL,WRM,1,0.05,0,508,24,51,0,QOTu-Ang-HSsrc,arc segments,,0.48588154269972456,0.03571428571428571,0.08333333333333333
Left,contig,Ang,HTL,WRM,1,0.05,0,508,24,51,0,QOTu-Ang-PCA,arc segments,16.0,0.625,0.09022556390977443,0.5
Left,contig,Ang,HTL,WRM,1,0.05,0,508,24,51,0,QOTc-Ang-HS4,arc labels,,,,
Left,contig,Ang,HTL,WRM,1,0.05,0,508,24,51,0,QOTc-Ang-HSsrc,arc labels,,,,
Left,contig,Ang,HTL,WRM,1,0.05,0,508,24,51,0,QOTc-Ang-PCA,arc labels,,,,
Left,contig,Ang,HTL,WRM,1,0.05,0,508,24,51,0,SDM-Ang-HS4,arc labels,,,,
Left,contig,Ang,HTL,WRM,1,0.05,0,508,24,51,0,SDM-Ang-HSsrc,arc labels,,,,
Left,contig,Ang,HTL,WRM,1,0.05,0,508,24,51,0,SDM-Ang-PCA,arc labels,,,,
Left,contig,Ang,HTL,WRM,1,0.1,1,508,24,102,3,NoAdapt,nothing,,0.43577823691460055,0.02976190476190476,0.20833333333333334
Left,contig,Ang,HTL,WRM,1,0.1,1,508,24,102,3,TargetOnly,arc labels,,0.59383608815427,0.06319702602230483,0.7083333333333334
Left,contig,Ang,HTL,WRM,1,0.1,1,508,24,102,3,Source+Target,arc labels,,0.5440771349862259,0.09523809523809523,0.16666666666666666
Left,contig,Ang,HTL,WRM,1,0.1,1,508,24,102,3,COT,arc labels,,0.6112258953168044,0.061452513966480445,0.9166666666666666
Left,contig,Ang,HTL,WRM,1,0.1,1,508,24,102,3,none-Ang-HS4,arc labels,,0.5232438016528926,0.05357142857142857,0.375
Left,contig,Ang,HTL,WRM,1,0.1,1,508,24,102,3,none-Ang-HSsrc,nothing,,0.4796831955922865,0.03225806451612903,0.08333333333333333
Left,contig,Ang,HTL,WRM,1,0.1,1,508,24,102,3,none-Ang-PCA,arc segments,64.0,0.5234159779614325,0.06451612903225806,0.16666666666666666
Left,contig,Ang,HTL,WRM,1,0.1,1,508,24,102,3,QOTu-Ang-HS4,arc labels,,0.49018595041322316,0.0410958904109589,0.125
Left,contig,Ang,HTL,WRM,1,0.1,1,508,24,102,3,QOTu-Ang-HSsrc,arc segments,,0.46935261707988984,0.027777777777777776,0.08333333333333333
Left,contig,Ang,HTL,WRM,1,0.1,1,508,24,102,3,QOTu-Ang-PCA,arc segments,16.0,0.49173553719008267,0.044444444444444446,0.25
Left,contig,Ang,HTL,WRM,1,0.1,1,508,24,102,3,QOTc-Ang-HS4,arc labels,,0.5237603305785123,0.05027932960893855,0.75
Left,contig,Ang,HTL,WRM,1,0.1,1,508,24,102,3,QOTc-Ang-HSsrc,arc labels,,0.515495867768595,0.04918032786885246,0.75
Left,contig,Ang,HTL,WRM,1,0.1,1,508,24,102,3,QOTc-Ang-PCA,arc labels,64.0,0.5049931129476584,0.04824561403508772,0.4583333333333333
Left,contig,Ang,HTL,WRM,1,0.1,1,508,24,102,3,SDM-Ang-HS4,arc labels,,0.5581955922865014,0.07079646017699115,0.3333333333333333
Left,contig,Ang,HTL,WRM,1,0.1,1,508,24,102,3,SDM-Ang-HSsrc,arc labels,,0.5175619834710744,0.04945054945054945,0.75
Left,contig,Ang,HTL,WRM,1,0.1,1,508,24,102,3,SDM-Ang-PCA,arc labels,64.0,0.6203512396694215,0.12162162162162163,0.375
Left,contig,Ang,HTL,WRM,1,0.2,1,508,24,203,6,NoAdapt,nothing,,0.43577823691460055,0.02976190476190476,0.20833333333333334
Left,contig,Ang,HTL,WRM,1,0.2,1,508,24,203,6,TargetOnly,arc labels,,0.5910812672176309,0.06951871657754011,0.5416666666666666
Left,contig,Ang,HTL,WRM,1,0.2,1,508,24,203,6,Source+Target,arc labels,,0.5575068870523416,0.13793103448275862,0.16666666666666666
Left,contig,Ang,HTL,WRM,1,0.2,1,508,24,203,6,COT,arc labels,,0.5971074380165289,0.075,0.5
Left,contig,Ang,HTL,WRM,1,0.2,1,508,24,203,6,none-Ang-HS4,arc labels,,0.5430440771349863,0.058823529411764705,0.4166666666666667
Left,contig,Ang,HTL,WRM,1,0.2,1,508,24,203,6,none-Ang-HSsrc,nothing,,0.4796831955922865,0.03225806451612903,0.08333333333333333
Left,contig,Ang,HTL,WRM,1,0.2,1,508,24,203,6,none-Ang-PCA,arc segments,8.0,0.693698347107438,0.08171206225680934,0.875
Left,contig,Ang,HTL,WRM,1,0.2,1,508,24,203,6,QOTu-Ang-HS4,arc labels,,0.48088842975206614,0.036585365853658534,0.125
Left,contig,Ang,HTL,WRM,1,0.2,1,508,24,203,6,QOTu-Ang-HSsrc,arc segments,,0.45179063360881544,0.02247191011235955,0.08333333333333333
Left,contig,Ang,HTL,WRM,1,0.2,1,508,24,203,6,QOTu-Ang-PCA,arc segments,16.0,0.546487603305785,0.07317073170731707,0.25
Left,contig,Ang,HTL,WRM,1,0.2,1,508,24,203,6,QOTc-Ang-HS4,arc labels,,0.5611225895316805,0.06018518518518518,0.5416666666666666
Left,contig,Ang,HTL,WRM,1,0.2,1,508,24,203,6,QOTc-Ang-HSsrc,arc labels,,0.5244490358126721,0.049773755656108594,0.9166666666666666
Left,contig,Ang,HTL,WRM,1,0.2,1,508,24,203,6,QOTc-Ang-PCA,arc labels,64.0,0.4361225895316805,0.03333333333333333,0.2916666666666667
Left,contig,Ang,HTL,WRM,1,0.2,1,508,24,203,6,SDM-Ang-HS4,arc labels,,0.5370179063360881,0.07142857142857142,0.20833333333333334
Left,contig,Ang,HTL,WRM,1,0.2,1,508,24,203,6,SDM-Ang-HSsrc,arc labels,,0.6227617079889807,0.07053941908713693,0.7083333333333334
Left,contig,Ang,HTL,WRM,1,0.2,1,508,24,203,6,SDM-Ang-PCA,arc labels,64.0,0.528236914600551,0.056338028169014086,0.3333333333333333
Left,contig,Ang,HTL,WRM,1,0.3,1,508,24,305,18,NoAdapt,nothing,,0.43577823691460055,0.02976190476190476,0.20833333333333334
Left,contig,Ang,HTL,WRM,1,0.3,1,508,24,305,18,TargetOnly,arc labels,,0.7565426997245179,0.11428571428571428,0.8333333333333334
Left,contig,Ang,HTL,WRM,1,0.3,1,508,24,305,18,Source+Target,arc labels,,0.5461432506887053,0.1,0.16666666666666666
Left,contig,Ang,HTL,WRM,1,0.3,1,508,24,305,18,COT,arc labels,,0.7214187327823691,0.09569377990430622,0.8333333333333334
Left,contig,Ang,HTL,WRM,1,0.3,1,508,24,305,18,none-Ang-HS4,arc labels,,0.5495867768595042,0.05825242718446602,0.5
Left,contig,Ang,HTL,WRM,1,0.3,1,508,24,305,18,none-Ang-HSsrc,nothing,,0.4796831955922865,0.03225806451612903,0.08333333333333333
Left,contig,Ang,HTL,WRM,1,0.3,1,508,24,305,18,none-Ang-PCA,arc segments,8.0,0.6895661157024793,0.08045977011494253,0.875
Left,contig,Ang,HTL,WRM,1,0.3,1,508,24,305,18,QOTu-Ang-HS4,arc labels,,0.5330578512396694,0.06315789473684211,0.25
Left,contig,Ang,HTL,WRM,1,0.3,1,508,24,305,18,QOTu-Ang-HSsrc,arc segments,,0.46332644628099173,0.030303030303030304,0.125
Left,contig,Ang,HTL,WRM,1,0.3,1,508,24,305,18,QOTu-Ang-PCA,arc segments,16.0,0.546487603305785,0.07317073170731707,0.25
Left,contig,Ang,HTL,WRM,1,0.3,1,508,24,305,18,QOTc-Ang-HS4,arc labels,,0.6707988980716253,0.07751937984496124,0.8333333333333334
Left,contig,Ang,HTL,WRM,1,0.3,1,508,24,305,18,QOTc-Ang-HSsrc,arc labels,,0.5077479338842975,0.04805491990846682,0.875
Left,contig,Ang,HTL,WRM,1,0.3,1,508,24,305,18,QOTc-Ang-PCA,arc labels,64.0,0.5485537190082644,0.075,0.25
Left,contig,Ang,HTL,WRM,1,0.3,1,508,24,305,18,SDM-Ang-HS4,arc labels,,0.7544765840220387,0.11299435028248588,0.8333333333333334
Left,contig,Ang,HTL,WRM,1,0.3,1,508,24,305,18,SDM-Ang-HSsrc,arc labels,,0.5289256198347108,0.05099150141643059,0.75
Left,contig,Ang,HTL,WRM,1,0.3,1,508,24,305,18,SDM-Ang-PCA,arc labels,64.0,0.6568526170798898,0.08173076923076923,0.7083333333333334
Left,contig,Ang,HTL,WRM,1,0.5,1,508,24,487,30,NoAdapt,nothing,,0.43577823691460055,0.02976190476190476,0.20833333333333334
Left,contig,Ang,HTL,WRM,1,0.5,1,508,24,487,30,TargetOnly,arc labels,,0.696969696969697,0.08,0.9166666666666666
Left,contig,Ang,HTL,WRM,1,0.5,1,508,24,487,30,Source+Target,arc labels,,0.5544077134986226,0.125,0.16666666666666666
Left,contig,Ang,HTL,WRM,1,0.5,1,508,24,487,30,COT,arc labels,,0.6938705234159779,0.07913669064748201,0.9166666666666666
Left,contig,Ang,HTL,WRM,1,0.5,1,508,24,487,30,none-Ang-HS4,arc labels,,0.5631887052341598,0.06074766355140187,0.5416666666666666
Left,contig,Ang,HTL,WRM,1,0.5,1,508,24,487,30,none-Ang-HSsrc,nothing,,0.4796831955922865,0.03225806451612903,0.08333333333333333
Left,contig,Ang,HTL,WRM,1,0.5,1,508,24,487,30,none-Ang-PCA,arc segments,16.0,0.5578512396694215,0.08450704225352113,0.25
Left,contig,Ang,HTL,WRM,1,0.5,1,508,24,487,30,QOTu-Ang-HS4,arc labels,,0.5340909090909092,0.06382978723404255,0.25
Left,contig,Ang,HTL,WRM,1,0.5,1,508,24,487,30,QOTu-Ang-HSsrc,arc segments,,0.5020661157024793,0.048,0.25
Left,contig,Ang,HTL,WRM,1,0.5,1,508,24,487,30,QOTu-Ang-PCA,arc segments,8.0,0.5645661157024793,0.0703125,0.375
Left,contig,Ang,HTL,WRM,1,0.5,1,508,24,487,30,QOTc-Ang-HS4,arc labels,,0.6146694214876033,0.08391608391608392,0.5
Left,contig,Ang,HTL,WRM,1,0.5,1,508,24,487,30,QOTc-Ang-HSsrc,arc labels,,0.3741391184573003,0.025925925925925925,0.2916666666666667
Left,contig,Ang,HTL,WRM,1,0.5,1,508,24,487,30,QOTc-Ang-PCA,arc labels,64.0,0.5482093663911846,0.10526315789473684,0.16666666666666666
Left,contig,Ang,HTL,WRM,1,0.5,1,508,24,487,30,SDM-Ang-HS4,arc labels,,0.6849173553719008,0.0891089108910891,0.75
Left,contig,Ang,HTL,WRM,1,0.5,1,508,24,487,30,SDM-Ang-HSsrc,arc labels,,0.5254820936639119,0.049886621315192746,0.9166666666666666
Left,contig,Ang,HTL,WRM,1,0.5,1,508,24,487,30,SDM-Ang-PCA,arc labels,64.0,0.5490702479338843,0.06293706293706294,0.375
Left,contig,Ang,HTL,WRM,2,0.05,0,508,24,51,0,NoAdapt,nothing,,0.4337121212121212,0.029411764705882353,0.20833333333333334
Left,contig,Ang,HTL,WRM,2,0.05,0,508,24,51,0,TargetOnly,arc labels,,,,
Left,contig,Ang,HTL,WRM,2,0.05,0,508,24,51,0,Source+Target,arc labels,,,,
Left,contig,Ang,HTL,WRM,2,0.05,0,508,24,51,0,COT,arc labels,,,,
Left,contig,Ang,HTL,WRM,2,0.05,0,508,24,51,0,none-Ang-HS4,arc labels,,,,
Left,contig,Ang,HTL,WRM,2,0.05,0,508,24,51,0,none-Ang-HSsrc,nothing,,0.46108815426997246,0.025,0.08333333333333333
Left,contig,Ang,HTL,WRM,2,0.05,0,508,24,51,0,none-Ang-PCA,arc segments,16.0,0.5015495867768596,0.04838709677419355,0.125
Left,contig,Ang,HTL,WRM,2,0.05,0,508,24,51,0,QOTu-Ang-HS4,arc labels,,,,
Left,contig,Ang,HTL,WRM,2,0.05,0,508,24,51,0,QOTu-Ang-HSsrc,arc segments,,0.4724517906336088,0.028985507246376812,0.08333333333333333
Left,contig,Ang,HTL,WRM,2,0.05,0,508,24,51,0,QOTu-Ang-PCA,arc segments,8.0,0.571797520661157,0.0743801652892562,0.375
Left,contig,Ang,HTL,WRM,2,0.05,0,508,24,51,0,QOTc-Ang-HS4,arc labels,,,,
Left,contig,Ang,HTL,WRM,2,0.05,0,508,24,51,0,QOTc-Ang-HSsrc,arc labels,,,,
Left,contig,Ang,HTL,WRM,2,0.05,0,508,24,51,0,QOTc-Ang-PCA,arc labels,,,,
Left,contig,Ang,HTL,WRM,2,0.05,0,508,24,51,0,SDM-Ang-HS4,arc labels,,,,
Left,contig,Ang,HTL,WRM,2,0.05,0,508,24,51,0,SDM-Ang-HSsrc,arc labels,,,,
Left,contig,Ang,HTL,WRM,2,0.05,0,508,24,51,0,SDM-Ang-PCA,arc labels,,,,
Left,contig,Ang,HTL,WRM,2,0.1,0,508,24,102,0,NoAdapt,nothing,,0.4337121212121212,0.029411764705882353,0.20833333333333334
Left,contig,Ang,HTL,WRM,2,0.1,0,508,24,102,0,TargetOnly,arc labels,,,,
Left,contig,Ang,HTL,WRM,2,0.1,0,508,24,102,0,Source+Target,arc labels,,,,
Left,contig,Ang,HTL,WRM,2,0.1,0,508,24,102,0,COT,arc labels,,,,
Left,contig,Ang,HTL,WRM,2,0.1,0,508,24,102,0,none-Ang-HS4,arc labels,,,,
Left,contig,Ang,HTL,WRM,2,0.1,0,508,24,102,0,none-Ang-HSsrc,nothing,,0.46108815426997246,0.025,0.08333333333333333
Left,contig,Ang,HTL,WRM,2,0.1,0,508,24,102,0,none-Ang-PCA,arc segments,16.0,0.5289256198347108,0.06060606060606061,0.25
Left,contig,Ang,HTL,WRM,2,0.1,0,508,24,102,0,QOTu-Ang-HS4,arc labels,,,,
Left,contig,Ang,HTL,WRM,2,0.1,0,508,24,102,0,QOTu-Ang-HSsrc,arc segments,,0.47555096418732784,0.030303030303030304,0.08333333333333333
Left,contig,Ang,HTL,WRM,2,0.1,0,508,24,102,0,QOTu-Ang-PCA,arc segments,8.0,0.6179407713498623,0.08074534161490683,0.5416666666666666
Left,contig,Ang,HTL,WRM,2,0.1,0,508,24,102,0,QOTc-Ang-HS4,arc labels,,,,
Left,contig,Ang,HTL,WRM,2,0.1,0,508,24,102,0,QOTc-Ang-HSsrc,arc labels,,,,
Left,contig,Ang,HTL,WRM,2,0.1,0,508,24,102,0,QOTc-Ang-PCA,arc labels,,,,
Left,contig,Ang,HTL,WRM,2,0.1,0,508,24,102,0,SDM-Ang-HS4,arc labels,,,,
Left,contig,Ang,HTL,WRM,2,0.1,0,508,24,102,0,SDM-Ang-HSsrc,arc labels,,,,
Left,contig,Ang,HTL,WRM,2,0.1,0,508,24,102,0,SDM-Ang-PCA,arc labels,,,,
Left,contig,Ang,HTL,WRM,2,0.2,0,508,24,203,1,NoAdapt,nothing,,0.4337121212121212,0.029411764705882353,0.20833333333333334
Left,contig,Ang,HTL,WRM,2,0.2,0,508,24,203,1,TargetOnly,arc labels,,,,
Left,contig,Ang,HTL,WRM,2,0.2,0,508,24,203,1,Source+Target,arc labels,,,,
Left,contig,Ang,HTL,WRM,2,0.2,0,508,24,203,1,COT,arc labels,,,,
Left,contig,Ang,HTL,WRM,2,0.2,0,508,24,203,1,none-Ang-HS4,arc labels,,,,
Left,contig,Ang,HTL,WRM,2,0.2,0,508,24,203,1,none-Ang-HSsrc,nothing,,0.46108815426997246,0.025,0.08333333333333333
Left,contig,Ang,HTL,WRM,2,0.2,0,508,24,203,1,none-Ang-PCA,arc segments,16.0,0.524793388429752,0.05825242718446602,0.25
Left,contig,Ang,HTL,WRM,2,0.2,0,508,24,203,1,QOTu-Ang-HS4,arc labels,,,,
Left,contig,Ang,HTL,WRM,2,0.2,0,508,24,203,1,QOTu-Ang-HSsrc,arc segments,,0.45712809917355374,0.02857142857142857,0.125
Left,contig,Ang,HTL,WRM,2,0.2,0,508,24,203,1,QOTu-Ang-PCA,arc segments,8.0,0.6107093663911846,0.07738095238095238,0.5416666666666666
Left,contig,Ang,HTL,WRM,2,0.2,0,508,24,203,1,QOTc-Ang-HS4,arc labels,,,,
Left,contig,Ang,HTL,WRM,2,0.2,0,508,24,203,1,QOTc-Ang-HSsrc,arc labels,,,,
Left,contig,Ang,HTL,WRM,2,0.2,0,508,24,203,1,QOTc-Ang-PCA,arc labels,,,,
Left,contig,Ang,HTL,WRM,2,0.2,0,508,24,203,1,SDM-Ang-HS4,arc labels,,,,
Left,contig,Ang,HTL,WRM,2,0.2,0,508,24,203,1,SDM-Ang-HSsrc,arc labels,,,,
Left,contig,Ang,HTL,WRM,2,0.2,0,508,24,203,1,SDM-Ang-PCA,arc labels,,,,
Left,contig,Ang,HTL,WRM,2,0.3,1,508,24,305,3,NoAdapt,nothing,,0.4337121212121212,0.029411764705882353,0.20833333333333334
Left,contig,Ang,HTL,WRM,2,0.3,1,508,24,305,3,TargetOnly,arc labels,,0.6146694214876033,0.08391608391608392,0.5
Left,contig,Ang,HTL,WRM,2,0.3,1,508,24,305,3,Source+Target,arc labels,,0.5199724517906336,0.08695652173913043,0.08333333333333333
Left,contig,Ang,HTL,WRM,2,0.3,1,508,24,305,3,COT,arc labels,,0.49207988980716255,0.04519774011299435,0.3333333333333333
Left,contig,Ang,HTL,WRM,2,0.3,1,508,24,305,3,none-Ang-HS4,arc labels,,0.5275482093663912,0.05405405405405406,0.4166666666666667
Left,contig,Ang,HTL,WRM,2,0.3,1,508,24,305,3,none-Ang-HSsrc,nothing,,0.46108815426997246,0.025,0.08333333333333333
Left,contig,Ang,HTL,WRM,2,0.3,1,508,24,305,3,none-Ang-PCA,arc segments,64.0,0.49242424242424243,0.043478260869565216,0.16666666666666666
Left,contig,Ang,HTL,WRM,2,0.3,1,508,24,305,3,QOTu-Ang-HS4,arc labels,,0.4674586776859504,0.031578947368421054,0.125
Left,contig,Ang,HTL,WRM,2,0.3,1,508,24,305,3,QOTu-Ang-HSsrc,arc segments,,0.43526170798898073,0.01904761904761905,0.08333333333333333
Left,contig,Ang,HTL,WRM,2,0.3,1,508,24,305,3,QOTu-Ang-PCA,arc segments,16.0,0.5165289256198347,0.05405405405405406,0.25
Left,contig,Ang,HTL,WRM,2,0.3,1,508,24,305,3,QOTc-Ang-HS4,arc labels,,0.6556473829201102,0.0851063829787234,0.6666666666666666
Left,contig,Ang,HTL,WRM,2,0.3,1,508,24,305,3,QOTc-Ang-HSsrc,arc labels,,0.6082988980716253,0.06666666666666667,0.7083333333333334
Left,contig,Ang,HTL,WRM,2,0.3,1,508,24,305,3,QOTc-Ang-PCA,arc labels,64.0,0.5290977961432507,0.058333333333333334,0.2916666666666667
Left,contig,Ang,HTL,WRM,2,0.3,1,508,24,305,3,SDM-Ang-HS4,arc labels,,0.5204889807162534,0.05813953488372093,0.20833333333333334
Left,contig,Ang,HTL,WRM,2,0.3,1,508,24,305,3,SDM-Ang-HSsrc,arc labels,,0.6082988980716253,0.06666666666666667,0.7083333333333334
Left,contig,Ang,HTL,WRM,2,0.3,1,508,24,305,3,SDM-Ang-PCA,arc labels,64.0,0.49156336088154273,0.043859649122807015,0.20833333333333334
Left,contig,Ang,HTL,WRM,2,0.5,1,508,24,488,27,NoAdapt,nothing,,0.4337121212121212,0.029411764705882353,0.20833333333333334
Left,contig,Ang,HTL,WRM,2,0.5,1,508,24,488,27,TargetOnly,arc labels,,0.7362258953168044,0.09282700421940929,0.9166666666666666
Left,contig,Ang,HTL,WRM,2,0.5,1,508,24,488,27,Source+Target,arc labels,,0.5044765840220385,0.05263157894736842,0.08333333333333333
Left,contig,Ang,HTL,WRM,2,0.5,1,508,24,488,27,COT,arc labels,,0.7298553719008265,0.0945945945945946,0.875
Left,contig,Ang,HTL,WRM,2,0.5,1,508,24,488,27,none-Ang-HS4,arc labels,,0.5983126721763086,0.07222222222222222,0.5416666666666666
Left,contig,Ang,HTL,WRM,2,0.5,1,508,24,488,27,none-Ang-HSsrc,nothing,,0.46108815426997246,0.025,0.08333333333333333
Left,contig,Ang,HTL,WRM,2,0.5,1,508,24,488,27,none-Ang-PCA,arc segments,64.0,0.4862258953168044,0.04081632653061224,0.16666666666666666
Left,contig,Ang,HTL,WRM,2,0.5,1,508,24,488,27,QOTu-Ang-HS4,arc labels,,0.5320247933884297,0.0625,0.25
Left,contig,Ang,HTL,WRM,2,0.5,1,508,24,488,27,QOTu-Ang-HSsrc,arc segments,,0.5010330578512396,0.047619047619047616,0.25
Left,contig,Ang,HTL,WRM,2,0.5,1,508,24,488,27,QOTu-Ang-PCA,arc segments,16.0,0.540461432506887,0.06422018348623854,0.2916666666666667
Left,contig,Ang,HTL,WRM,2,0.5,1,508,24,488,27,QOTc-Ang-HS4,arc labels,,0.7017906336088154,0.08771929824561403,0.8333333333333334
Left,contig,Ang,HTL,WRM,2,0.5,1,508,24,488,27,QOTc-Ang-HSsrc,arc labels,,0.4027203856749311,0.03363914373088685,0.4583333333333333
Left,contig,Ang,HTL,WRM,2,0.5,1,508,24,488,27,QOTc-Ang-PCA,arc labels,64.0,0.5327134986225895,0.07547169811320754,0.16666666666666666
Left,contig,Ang,HTL,WRM,2,0.5,1,508,24,488,27,SDM-Ang-HS4,arc labels,,0.7214187327823691,0.09569377990430622,0.8333333333333334
Left,contig,Ang,HTL,WRM,2,0.5,1,508,24,488,27,SDM-Ang-HSsrc,arc labels,,0.5010330578512396,0.04736842105263158,0.75
Left,contig,Ang,HTL,WRM,2,0.5,1,508,24,488,27,SDM-Ang-PCA,arc labels,64.0,0.5824724517906336,0.0718954248366013,0.4583333333333333
Left,contig,Ang,HTL,WRM,3,0.05,0,508,36,51,0,NoAdapt,nothing,,0.4844632768361582,0.06521739130434782,0.3333333333333333
Left,contig,Ang,HTL,WRM,3,0.05,0,508,36,51,0,TargetOnly,arc labels,,,,
Left,contig,Ang,HTL,WRM,3,0.05,0,508,36,51,0,Source+Target,arc labels,,,,
Left,contig,Ang,HTL,WRM,3,0.05,0,508,36,51,0,COT,arc labels,,,,
Left,contig,Ang,HTL,WRM,3,0.05,0,508,36,51,0,none-Ang-HS4,arc labels,,,,
Left,contig,Ang,HTL,WRM,3,0.05,0,508,36,51,0,none-Ang-HSsrc,nothing,,0.4612758945386064,0.043010752688172046,0.1111111111111111
Left,contig,Ang,HTL,WRM,3,0.05,0,508,36,51,0,none-Ang-PCA,arc segments,8.0,0.6443032015065914,0.10622710622710622,0.8055555555555556
Left,contig,Ang,HTL,WRM,3,0.05,0,508,36,51,0,QOTu-Ang-HS4,arc labels,,,,
Left,contig,Ang,HTL,WRM,3,0.05,0,508,36,51,0,QOTu-Ang-HSsrc,arc segments,,0.4749293785310735,0.045454545454545456,0.08333333333333333
Left,contig,Ang,HTL,WRM,3,0.05,0,508,36,51,0,QOTu-Ang-PCA,arc segments,16.0,0.5668549905838042,0.1282051282051282,0.2777777777777778
Left,contig,Ang,HTL,WRM,3,0.05,0,508,36,51,0,QOTc-Ang-HS4,arc labels,,,,
Left,contig,Ang,HTL,WRM,3,0.05,0,508,36,51,0,QOTc-Ang-HSsrc,arc labels,,,,
Left,contig,Ang,HTL,WRM,3,0.05,0,508,36,51,0,QOTc-Ang-PCA,arc labels,,,,
Left,contig,Ang,HTL,WRM,3,0.05,0,508,36,51,0,SDM-Ang-HS4,arc labels,,,,
Left,contig,Ang,HTL,WRM,3,0.05,0,508,36,51,0,SDM-Ang-HSsrc,arc labels,,,,
Left,contig,Ang,HTL,WRM,3,0.05,0,508,36,51,0,SDM-Ang-PCA,arc labels,,,,
Left,contig,Ang,HTL,WRM,3,0.1,0,508,36,102,0,NoAdapt,nothing,,0.4844632768361582,0.06521739130434782,0.3333333333333333
Left,contig,Ang,HTL,WRM,3,0.1,0,508,36,102,0,TargetOnly,arc labels,,,,
Left,contig,Ang,HTL,WRM,3,0.1,0,508,36,102,0,Source+Target,arc labels,,,,
Left,contig,Ang,HTL,WRM,3,0.1,0,508,36,102,0,COT,arc labels,,,,
Left,contig,Ang,HTL,WRM,3,0.1,0,508,36,102,0,none-Ang-HS4,arc labels,,,,
Left,contig,Ang,HTL,WRM,3,0.1,0,508,36,102,0,none-Ang-HSsrc,nothing,,0.4612758945386064,0.043010752688172046,0.1111111111111111
Left,contig,Ang,HTL,WRM,3,0.1,0,508,36,102,0,none-Ang-PCA,arc segments,8.0,0.6474811676082862,0.10740740740740741,0.8055555555555556
Left,contig,Ang,HTL,WRM,3,0.1,0,508,36,102,0,QOTu-Ang-HS4,arc labels,,,,
Left,contig,Ang,HTL,WRM,3,0.1,0,508,36,102,0,QOTu-Ang-HSsrc,arc segments,,0.4762241054613936,0.053763440860215055,0.1388888888888889
Left,contig,Ang,HTL,WRM,3,0.1,0,508,36,102,0,QOTu-Ang-PCA,arc segments,8.0,0.618997175141243,0.11413043478260869,0.5833333333333334
Left,contig,Ang,HTL,WRM,3,0.1,0,508,36,102,0,QOTc-Ang-HS4,arc labels,,,,
Left,contig,Ang,HTL,WRM,3,0.1,0,508,36,102,0,QOTc-Ang-HSsrc,arc labels,,,,
Left,contig,Ang,HTL,WRM,3,0.1,0,508,36,102,0,QOTc-Ang-PCA,arc labels,,,,
Left,contig,Ang,HTL,WRM,3,0.1,0,508,36,102,0,SDM-Ang-HS4,arc labels,,,,
Left,contig,Ang,HTL,WRM,3,0.1,0,508,36,102,0,SDM-Ang-HSsrc,arc labels,,,,
Left,contig,Ang,HTL,WRM,3,0.1,0,508,36,102,0,SDM-Ang-PCA,arc labels,,,,
Left,contig,Ang,HTL,WRM,3,0.2,0,508,36,203,0,NoAdapt,nothing,,0.4844632768361582,0.06521739130434782,0.3333333333333333
Left,contig,Ang,HTL,WRM,3,0.2,0,508,36,203,0,TargetOnly,arc labels,,,,
Left,contig,Ang,HTL,WRM,3,0.2,0,508,36,203,0,Source+Target,arc labels,,,,
Left,contig,Ang,HTL,WRM,3,0.2,0,508,36,203,0,COT,arc labels,,,,
Left,contig,Ang,HTL,WRM,3,0.2,0,508,36,203,0,none-Ang-HS4,arc labels,,,,
Left,contig,Ang,HTL,WRM,3,0.2,0,508,36,203,0,none-Ang-HSsrc,nothing,,0.4612758945386064,0.043010752688172046,0.1111111111111111
Left,contig,Ang,HTL,WRM,3,0.2,0,508,36,203,0,none-Ang-PCA,arc segments,16.0,0.5147128060263653,0.08080808080808081,0.2222222222222222
Left,contig,Ang,HTL,WRM,3,0.2,0,508,36,203,0,QOTu-Ang-HS4,arc labels,,,,
Left,contig,Ang,HTL,WRM,3,0.2,0,508,36,203,0,QOTu-Ang-HSsrc,arc segments,,0.45280131826742,0.039603960396039604,0.1111111111111111
Left,contig,Ang,HTL,WRM,3,0.2,0,508,36,203,0,QOTu-Ang-PCA,arc segments,16.0,0.5169491525423728,0.08108108108108109,0.25
Left,contig,Ang,HTL,WRM,3,0.2,0,508,36,203,0,QOTc-Ang-HS4,arc labels,,,,
Left,contig,Ang,HTL,WRM,3,0.2,0,508,36,203,0,QOTc-Ang-HSsrc,arc labels,,,,
Left,contig,Ang,HTL,WRM,3,0.2,0,508,36,203,0,QOTc-Ang-PCA,arc labels,,,,
Left,contig,Ang,HTL,WRM,3,0.2,0,508,36,203,0,SDM-Ang-HS4,arc labels,,,,
Left,contig,Ang,HTL,WRM,3,0.2,0,508,36,203,0,SDM-Ang-HSsrc,arc labels,,,,
Left,contig,Ang,HTL,WRM,3,0.2,0,508,36,203,0,SDM-Ang-PCA,arc labels,,,,
Left,contig,Ang,HTL,WRM,3,0.3,0,508,36,305,1,NoAdapt,nothing,,0.4844632768361582,0.06521739130434782,0.3333333333333333
Left,contig,Ang,HTL,WRM,3,0.3,0,508,36,305,1,TargetOnly,arc labels,,,,
Left,contig,Ang,HTL,WRM,3,0.3,0,508,36,305,1,Source+Target,arc labels,,,,
Left,contig,Ang,HTL,WRM,3,0.3,0,508,36,305,1,COT,arc labels,,,,
Left,contig,Ang,HTL,WRM,3,0.3,0,508,36,305,1,none-Ang-HS4,arc labels,,,,
Left,contig,Ang,HTL,WRM,3,0.3,0,508,36,305,1,none-Ang-HSsrc,nothing,,0.4612758945386064,0.043010752688172046,0.1111111111111111
Left,contig,Ang,HTL,WRM,3,0.3,0,508,36,305,1,none-Ang-PCA,arc segments,16.0,0.5448446327683616,0.09448818897637795,0.3333333333333333
Left,contig,Ang,HTL,WRM,3,0.3,0,508,36,305,1,QOTu-Ang-HS4,arc labels,,,,
Left,contig,Ang,HTL,WRM,3,0.3,0,508,36,305,1,QOTu-Ang-HSsrc,arc segments,,0.44008945386064025,0.035398230088495575,0.1111111111111111
Left,contig,Ang,HTL,WRM,3,0.3,0,508,36,305,1,QOTu-Ang-PCA,arc segments,16.0,0.6019303201506592,0.10752688172043011,0.5555555555555556
Left,contig,Ang,HTL,WRM,3,0.3,0,508,36,305,1,QOTc-Ang-HS4,arc labels,,,,
Left,contig,Ang,HTL,WRM,3,0.3,0,508,36,305,1,QOTc-Ang-HSsrc,arc labels,,,,
Left,contig,Ang,HTL,WRM,3,0.3,0,508,36,305,1,QOTc-Ang-PCA,arc labels,,,,
Left,contig,Ang,HTL,WRM,3,0.3,0,508,36,305,1,SDM-Ang-HS4,arc labels,,,,
Left,contig,Ang,HTL,WRM,3,0.3,0,508,36,305,1,SDM-Ang-HSsrc,arc labels,,,,
Left,contig,Ang,HTL,WRM,3,0.3,0,508,36,305,1,SDM-Ang-PCA,arc labels,,,,
Left,contig,Ang,HTL,WRM,3,0.5,1,508,36,487,18,NoAdapt,nothing,,0.4844632768361582,0.06521739130434782,0.3333333333333333
Left,contig,Ang,HTL,WRM,3,0.5,1,508,36,487,18,TargetOnly,arc labels,,0.5307203389830508,0.08,0.5
Left,contig,Ang,HTL,WRM,3,0.5,1,508,36,487,18,Source+Target,arc labels,,0.5421374764595104,0.11864406779661017,0.19444444444444445
Left,contig,Ang,HTL,WRM,3,0.5,1,508,36,487,18,COT,arc labels,,0.5648540489642184,0.09049773755656108,0.5555555555555556
Left,contig,Ang,HTL,WRM,3,0.5,1,508,36,487,18,none-Ang-HS4,arc labels,,0.539665725047081,0.08904109589041095,0.3611111111111111
Left,contig,Ang,HTL,WRM,3,0.5,1,508,36,487,18,none-Ang-HSsrc,nothing,,0.4612758945386064,0.043010752688172046,0.1111111111111111
Left,contig,Ang,HTL,WRM,3,0.5,1,508,36,487,18,none-Ang-PCA,arc segments,8.0,0.5635593220338984,0.08411214953271028,0.75
Left,contig,Ang,HTL,WRM,3,0.5,1,508,36,487,18,QOTu-Ang-HS4,arc labels,,0.5287193973634652,0.08771929824561403,0.2777777777777778
Left,contig,Ang,HTL,WRM,3,0.5,1,508,36,487,18,QOTu-Ang-HSsrc,arc segments,,0.46786723163841804,0.05217391304347826,0.16666666666666666
Left,contig,Ang,HTL,WRM,3,0.5,1,508,36,487,18,QOTu-Ang-PCA,arc segments,16.0,0.5758003766478342,0.1111111111111111,0.3888888888888889
Left,contig,Ang,HTL,WRM,3,0.5,1,508,36,487,18,QOTc-Ang-HS4,arc labels,,0.544373822975518,0.08585858585858586,0.4722222222222222
Left,contig,Ang,HTL,WRM,3,0.5,1,508,36,487,18,QOTc-Ang-HSsrc,arc labels,,0.3718220338983051,0.036290322580645164,0.25
Left,contig,Ang,HTL,WRM,3,0.5,1,508,36,487,18,QOTc-Ang-PCA,arc labels,64.0,0.5356638418079096,0.11764705882352941,0.16666666666666666
Left,contig,Ang,HTL,WRM,3,0.5,1,508,36,487,18,SDM-Ang-HS4,arc labels,,0.541078154425612,0.0855614973262032,0.4444444444444444
Left,contig,Ang,HTL,WRM,3,0.5,1,508,36,487,18,SDM-Ang-HSsrc,arc labels,,0.4968220338983051,0.0703125,0.75
Left,contig,Ang,HTL,WRM,3,0.5,1,508,36,487,18,SDM-Ang-PCA,arc labels,64.0,0.5952212806026365,0.11333333333333333,0.4722222222222222
Left,contig,Ang,HTL,WRM,4,0.05,0,508,30,51,0,NoAdapt,nothing,,0.4813807531380753,0.05429864253393665,0.4
Left,contig,Ang,HTL,WRM,4,0.05,0,508,30,51,0,TargetOnly,arc labels,,,,
Left,contig,Ang,HTL,WRM,4,0.05,0,508,30,51,0,Source+Target,arc labels,,,,
Left,contig,Ang,HTL,WRM,4,0.05,0,508,30,51,0,COT,arc labels,,,,
Left,contig,Ang,HTL,WRM,4,0.05,0,508,30,51,0,none-Ang-HS4,arc labels,,,,
Left,contig,Ang,HTL,WRM,4,0.05,0,508,30,51,0,none-Ang-HSsrc,nothing,,0.44748953974895395,0.0297029702970297,0.1
Left,contig,Ang,HTL,WRM,4,0.05,0,508,30,51,0,none-Ang-PCA,arc segments,16.0,0.5391910739191074,0.08163265306122448,0.26666666666666666
Left,contig,Ang,HTL,WRM,4,0.05,0,508,30,51,0,QOTu-Ang-HS4,arc labels,,,,
Left,contig,Ang,HTL,WRM,4,0.05,0,508,30,51,0,QOTu-Ang-HSsrc,arc segments,,0.5180613668061367,0.0650887573964497,0.36666666666666664
Left,contig,Ang,HTL,WRM,4,0.05,0,508,30,51,0,QOTu-Ang-PCA,arc segments,32.0,0.5848675034867503,0.09352517985611511,0.43333333333333335
Left,contig,Ang,HTL,WRM,4,0.05,0,508,30,51,0,QOTc-Ang-HS4,arc labels,,,,
Left,contig,Ang,HTL,WRM,4,0.05,0,508,30,51,0,QOTc-Ang-HSsrc,arc labels,,,,
Left,contig,Ang,HTL,WRM,4,0.05,0,508,30,51,0,QOTc-Ang-PCA,arc labels,,,,
Left,contig,Ang,HTL,WRM,4,0.05,0,508,30,51,0,SDM-Ang-HS4,arc labels,,,,
Left,contig,Ang,HTL,WRM,4,0.05,0,508,30,51,0,SDM-Ang-HSsrc,arc labels,,,,
Left,contig,Ang,HTL,WRM,4,0.05,0,508,30,51,0,SDM-Ang-PCA,arc labels,,,,
Left,contig,Ang,HTL,WRM,4,0.1,0,508,30,102,0,NoAdapt,nothing,,0.4813807531380753,0.05429864253393665,0.4
Left,contig,Ang,HTL,WRM,4,0.1,0,508,30,102,0,TargetOnly,arc labels,,,,
Left,contig,Ang,HTL,WRM,4,0.1,0,508,30,102,0,Source+Target,arc labels,,,,
Left,contig,Ang,HTL,WRM,4,0.1,0,508,30,102,0,COT,arc labels,,,,
Left,contig,Ang,HTL,WRM,4,0.1,0,508,30,102,0,none-Ang-HS4,arc labels,,,,
Left,contig,Ang,HTL,WRM,4,0.1,0,508,30,102,0,none-Ang-HSsrc,nothing,,0.44748953974895395,0.0297029702970297,0.1
Left,contig,Ang,HTL,WRM,4,0.1,0,508,30,102,0,none-Ang-PCA,arc segments,64.0,0.5193165969316597,0.06837606837606838,0.26666666666666666
Left,contig,Ang,HTL,WRM,4,0.1,0,508,30,102,0,QOTu-Ang-HS4,arc labels,,,,
Left,contig,Ang,HTL,WRM,4,0.1,0,508,30,102,0,QOTu-Ang-HSsrc,arc segments,,0.5170153417015342,0.06470588235294118,0.36666666666666664
Left,contig,Ang,HTL,WRM,4,0.1,0,508,30,102,0,QOTu-Ang-PCA,arc segments,64.0,0.5313807531380753,0.06696428571428571,0.5
Left,contig,Ang,HTL,WRM,4,0.1,0,508,30,102,0,QOTc-Ang-HS4,arc labels,,,,
Left,contig,Ang,HTL,WRM,4,0.1,0,508,30,102,0,QOTc-Ang-HSsrc,arc labels,,,,
Left,contig,Ang,HTL,WRM,4,0.1,0,508,30,102,0,QOTc-Ang-PCA,arc labels,,,,
Left,contig,Ang,HTL,WRM,4,0.1,0,508,30,102,0,SDM-Ang-HS4,arc labels,,,,
Left,contig,Ang,HTL,WRM,4,0.1,0,508,30,102,0,SDM-Ang-HSsrc,arc labels,,,,
Left,contig,Ang,HTL,WRM,4,0.1,0,508,30,102,0,SDM-Ang-PCA,arc labels,,,,
Left,contig,Ang,HTL,WRM,4,0.2,0,508,30,203,0,NoAdapt,nothing,,0.4813807531380753,0.05429864253393665,0.4
Left,contig,Ang,HTL,WRM,4,0.2,0,508,30,203,0,TargetOnly,arc labels,,,,
Left,contig,Ang,HTL,WRM,4,0.2,0,508,30,203,0,Source+Target,arc labels,,,,
Left,contig,Ang,HTL,WRM,4,0.2,0,508,30,203,0,COT,arc labels,,,,
Left,contig,Ang,HTL,WRM,4,0.2,0,508,30,203,0,none-Ang-HS4,arc labels,,,,
Left,contig,Ang,HTL,WRM,4,0.2,0,508,30,203,0,none-Ang-HSsrc,nothing,,0.44748953974895395,0.0297029702970297,0.1
Left,contig,Ang,HTL,WRM,4,0.2,0,508,30,203,0,none-Ang-PCA,arc segments,16.0,0.5806834030683403,0.09090909090909091,0.43333333333333335
Left,contig,Ang,HTL,WRM,4,0.2,0,508,30,203,0,QOTu-Ang-HS4,arc labels,,,,
Left,contig,Ang,HTL,WRM,4,0.2,0,508,30,203,0,QOTu-Ang-HSsrc,arc segments,,0.4462343096234309,0.0392156862745098,0.2
Left,contig,Ang,HTL,WRM,4,0.2,0,508,30,203,0,QOTu-Ang-PCA,arc segments,64.0,0.5552301255230125,0.07142857142857142,0.6
Left,contig,Ang,HTL,WRM,4,0.2,0,508,30,203,0,QOTc-Ang-HS4,arc labels,,,,
Left,contig,Ang,HTL,WRM,4,0.2,0,508,30,203,0,QOTc-Ang-HSsrc,arc labels,,,,
Left,contig,Ang,HTL,WRM,4,0.2,0,508,30,203,0,QOTc-Ang-PCA,arc labels,,,,
Left,contig,Ang,HTL,WRM,4,0.2,0,508,30,203,0,SDM-Ang-HS4,arc labels,,,,
Left,contig,Ang,HTL,WRM,4,0.2,0,508,30,203,0,SDM-Ang-HSsrc,arc labels,,,,
Left,contig,Ang,HTL,WRM,4,0.2,0,508,30,203,0,SDM-Ang-PCA,arc labels,,,,
Left,contig,Ang,HTL,WRM,4,0.3,0,508,30,305,0,NoAdapt,nothing,,0.4813807531380753,0.05429864253393665,0.4
Left,contig,Ang,HTL,WRM,4,0.3,0,508,30,305,0,TargetOnly,arc labels,,,,
Left,contig,Ang,HTL,WRM,4,0.3,0,508,30,305,0,Source+Target,arc labels,,,,
Left,contig,Ang,HTL,WRM,4,0.3,0,508,30,305,0,COT,arc labels,,,,
Left,contig,Ang,HTL,WRM,4,0.3,0,508,30,305,0,none-Ang-HS4,arc labels,,,,
Left,contig,Ang,HTL,WRM,4,0.3,0,508,30,305,0,none-Ang-HSsrc,nothing,,0.44748953974895395,0.0297029702970297,0.1
Left,contig,Ang,HTL,WRM,4,0.3,0,508,30,305,0,none-Ang-PCA,arc segments,64.0,0.5087866108786611,0.0625,0.3
Left,contig,Ang,HTL,WRM,4,0.3,0,508,30,305,0,QOTu-Ang-HS4,arc labels,,,,
Left,contig,Ang,HTL,WRM,4,0.3,0,508,30,305,0,QOTu-Ang-HSsrc,arc segments,,0.4462343096234309,0.0392156862745098,0.2
Left,contig,Ang,HTL,WRM,4,0.3,0,508,30,305,0,QOTu-Ang-PCA,arc segments,16.0,0.6336122733612273,0.0979381443298969,0.6333333333333333
Left,contig,Ang,HTL,WRM,4,0.3,0,508,30,305,0,QOTc-Ang-HS4,arc labels,,,,
Left,contig,Ang,HTL,WRM,4,0.3,0,508,30,305,0,QOTc-Ang-HSsrc,arc labels,,,,
Left,contig,Ang,HTL,WRM,4,0.3,0,508,30,305,0,QOTc-Ang-PCA,arc labels,,,,
Left,contig,Ang,HTL,WRM,4,0.3,0,508,30,305,0,SDM-Ang-HS4,arc labels,,,,
Left,contig,Ang,HTL,WRM,4,0.3,0,508,30,305,0,SDM-Ang-HSsrc,arc labels,,,,
Left,contig,Ang,HTL,WRM,4,0.3,0,508,30,305,0,SDM-Ang-PCA,arc labels,,,,
Left,contig,Ang,HTL,WRM,4,0.5,1,508,30,487,24,NoAdapt,nothing,,0.4813807531380753,0.05429864253393665,0.4
Left,contig,Ang,HTL,WRM,4,0.5,1,508,30,487,24,TargetOnly,arc labels,,0.599163179916318,0.08571428571428572,0.6
Left,contig,Ang,HTL,WRM,4,0.5,1,508,30,487,24,Source+Target,arc labels,,0.60278940027894,0.125,0.36666666666666664
Left,contig,Ang,HTL,WRM,4,0.5,1,508,30,487,24,COT,arc labels,,0.653486750348675,0.10857142857142857,0.6333333333333333
Left,contig,Ang,HTL,WRM,4,0.5,1,508,30,487,24,none-Ang-HS4,arc labels,,0.605160390516039,0.08088235294117647,0.7333333333333333
Left,contig,Ang,HTL,WRM,4,0.5,1,508,30,487,24,none-Ang-HSsrc,nothing,,0.44748953974895395,0.0297029702970297,0.1
Left,contig,Ang,HTL,WRM,4,0.5,1,508,30,487,24,none-Ang-PCA,arc segments,16.0,0.6147838214783821,0.08962264150943396,0.6333333333333333
Left,contig,Ang,HTL,WRM,4,0.5,1,508,30,487,24,QOTu-Ang-HS4,arc labels,,0.5223849372384937,0.06870229007633588,0.3
Left,contig,Ang,HTL,WRM,4,0.5,1,508,30,487,24,QOTu-Ang-HSsrc,arc segments,,0.50139470013947,0.05952380952380952,0.3333333333333333
Left,contig,Ang,HTL,WRM,4,0.5,1,508,30,487,24,QOTu-Ang-PCA,arc segments,16.0,0.6440725244072525,0.10326086956521739,0.6333333333333333
Left,contig,Ang,HTL,WRM,4,0.5,1,508,30,487,24,QOTc-Ang-HS4,arc labels,,0.5686889818688982,0.07326007326007326,0.6666666666666666
Left,contig,Ang,HTL,WRM,4,0.5,1,508,30,487,24,QOTc-Ang-HSsrc,arc labels,,0.38744769874476986,0.03461538461538462,0.3
Left,contig,Ang,HTL,WRM,4,0.5,1,508,30,487,24,QOTc-Ang-PCA,arc labels,64.0,0.5735006973500697,0.09482758620689655,0.36666666666666664
Left,contig,Ang,HTL,WRM,4,0.5,1,508,30,487,24,SDM-Ang-HS4,arc labels,,0.603207810320781,0.08333333333333333,0.6666666666666666
Left,contig,Ang,HTL,WRM,4,0.5,1,508,30,487,24,SDM-Ang-HSsrc,arc labels,,0.5822175732217573,0.07581227436823104,0.7
Left,contig,Ang,HTL,WRM,4,0.5,1,508,30,487,24,SDM-Ang-PCA,arc labels,64.0,0.49825662482566246,0.05847953216374269,0.3333333333333333
Left,contig,Ang,HTL,WRM,5,0.05,0,508,28,51,0,NoAdapt,nothing,,0.4257440476190476,0.04152249134948097,0.42857142857142855
Left,contig,Ang,HTL,WRM,5,0.05,0,508,28,51,0,TargetOnly,arc labels,,,,
Left,contig,Ang,HTL,WRM,5,0.05,0,508,28,51,0,Source+Target,arc labels,,,,
Left,contig,Ang,HTL,WRM,5,0.05,0,508,28,51,0,COT,arc labels,,,,
Left,contig,Ang,HTL,WRM,5,0.05,0,508,28,51,0,none-Ang-HS4,arc labels,,,,
Left,contig,Ang,HTL,WRM,5,0.05,0,508,28,51,0,none-Ang-HSsrc,nothing,,0.41294642857142855,0.021739130434782608,0.10714285714285714
Left,contig,Ang,HTL,WRM,5,0.05,0,508,28,51,0,none-Ang-PCA,arc segments,32.0,0.46056547619047616,0.04371584699453552,0.2857142857142857
Left,contig,Ang,HTL,WRM,5,0.05,0,508,28,51,0,QOTu-Ang-HS4,arc labels,,,,
Left,contig,Ang,HTL,WRM,5,0.05,0,508,28,51,0,QOTu-Ang-HSsrc,arc segments,,0.44226190476190474,0.043137254901960784,0.39285714285714285
Left,contig,Ang,HTL,WRM,5,0.05,0,508,28,51,0,QOTu-Ang-PCA,arc segments,8.0,0.42113095238095244,0.03765690376569038,0.32142857142857145
Left,contig,Ang,HTL,WRM,5,0.05,0,508,28,51,0,QOTc-Ang-HS4,arc labels,,,,
Left,contig,Ang,HTL,WRM,5,0.05,0,508,28,51,0,QOTc-Ang-HSsrc,arc labels,,,,
Left,contig,Ang,HTL,WRM,5,0.05,0,508,28,51,0,QOTc-Ang-PCA,arc labels,,,,
Left,contig,Ang,HTL,WRM,5,0.05,0,508,28,51,0,SDM-Ang-HS4,arc labels,,,,
Left,contig,Ang,HTL,WRM,5,0.05,0,508,28,51,0,SDM-Ang-HSsrc,arc labels,,,,
Left,contig,Ang,HTL,WRM,5,0.05,0,508,28,51,0,SDM-Ang-PCA,arc labels,,,,
Left,contig,Ang,HTL,WRM,5,0.1,0,508,28,102,0,NoAdapt,nothing,,0.4257440476190476,0.04152249134948097,0.42857142857142855
Left,contig,Ang,HTL,WRM,5,0.1,0,508,28,102,0,TargetOnly,arc labels,,,,
Left,contig,Ang,HTL,WRM,5,0.1,0,508,28,102,0,Source+Target,arc labels,,,,
Left,contig,Ang,HTL,WRM,5,0.1,0,508,28,102,0,COT,arc labels,,,,
Left,contig,Ang,HTL,WRM,5,0.1,0,508,28,102,0,none-Ang-HS4,arc labels,,,,
Left,contig,Ang,HTL,WRM,5,0.1,0,508,28,102,0,none-Ang-HSsrc,nothing,,0.41294642857142855,0.021739130434782608,0.10714285714285714
Left,contig,Ang,HTL,WRM,5,0.1,0,508,28,102,0,none-Ang-PCA,arc segments,32.0,0.4395833333333333,0.03783783783783784,0.25
Left,contig,Ang,HTL,WRM,5,0.1,0,508,28,102,0,QOTu-Ang-HS4,arc labels,,,,
Left,contig,Ang,HTL,WRM,5,0.1,0,508,28,102,0,QOTu-Ang-HSsrc,arc segments,,0.45059523809523805,0.044534412955465584,0.39285714285714285
Left,contig,Ang,HTL,WRM,5,0.1,0,508,28,102,0,QOTu-Ang-PCA,arc segments,8.0,0.40669642857142857,0.03690036900369004,0.35714285714285715
Left,contig,Ang,HTL,WRM,5,0.1,0,508,28,102,0,QOTc-Ang-HS4,arc labels,,,,
Left,contig,Ang,HTL,WRM,5,0.1,0,508,28,102,0,QOTc-Ang-HSsrc,arc labels,,,,
Left,contig,Ang,HTL,WRM,5,0.1,0,508,28,102,0,QOTc-Ang-PCA,arc labels,,,,
Left,contig,Ang,HTL,WRM,5,0.1,0,508,28,102,0,SDM-Ang-HS4,arc labels,,,,
Left,contig,Ang,HTL,WRM,5,0.1,0,508,28,102,0,SDM-Ang-HSsrc,arc labels,,,,
Left,contig,Ang,HTL,WRM,5,0.1,0,508,28,102,0,SDM-Ang-PCA,arc labels,,,,
Left,contig,Ang,HTL,WRM,5,0.2,0,508,28,203,0,NoAdapt,nothing,,0.4257440476190476,0.04152249134948097,0.42857142857142855
Left,contig,Ang,HTL,WRM,5,0.2,0,508,28,203,0,TargetOnly,arc labels,,,,
Left,contig,Ang,HTL,WRM,5,0.2,0,508,28,203,0,Source+Target,arc labels,,,,
Left,contig,Ang,HTL,WRM,5,0.2,0,508,28,203,0,COT,arc labels,,,,
Left,contig,Ang,HTL,WRM,5,0.2,0,508,28,203,0,none-Ang-HS4,arc labels,,,,
Left,contig,Ang,HTL,WRM,5,0.2,0,508,28,203,0,none-Ang-HSsrc,nothing,,0.41294642857142855,0.021739130434782608,0.10714285714285714
Left,contig,Ang,HTL,WRM,5,0.2,0,508,28,203,0,none-Ang-PCA,arc segments,32.0,0.4563988095238095,0.0427807486631016,0.2857142857142857
Left,contig,Ang,HTL,WRM,5,0.2,0,508,28,203,0,QOTu-Ang-HS4,arc labels,,,,
Left,contig,Ang,HTL,WRM,5,0.2,0,508,28,203,0,QOTu-Ang-HSsrc,arc segments,,0.45684523809523814,0.04564315352697095,0.39285714285714285
Left,contig,Ang,HTL,WRM,5,0.2,0,508,28,203,0,QOTu-Ang-PCA,arc segments,16.0,0.577827380952381,0.07037037037037037,0.6785714285714286
Left,contig,Ang,HTL,WRM,5,0.2,0,508,28,203,0,QOTc-Ang-HS4,arc labels,,,,
Left,contig,Ang,HTL,WRM,5,0.2,0,508,28,203,0,QOTc-Ang-HSsrc,arc labels,,,,
Left,contig,Ang,HTL,WRM,5,0.2,0,508,28,203,0,QOTc-Ang-PCA,arc labels,,,,
Left,contig,Ang,HTL,WRM,5,0.2,0,508,28,203,0,SDM-Ang-HS4,arc labels,,,,
Left,contig,Ang,HTL,WRM,5,0.2,0,508,28,203,0,SDM-Ang-HSsrc,arc labels,,,,
Left,contig,Ang,HTL,WRM,5,0.2,0,508,28,203,0,SDM-Ang-PCA,arc labels,,,,
Left,contig,Ang,HTL,WRM,5,0.3,1,508,28,305,6,NoAdapt,nothing,,0.4257440476190476,0.04152249134948097,0.42857142857142855
Left,contig,Ang,HTL,WRM,5,0.3,1,508,28,305,6,TargetOnly,arc labels,,0.5584821428571429,0.0898876404494382,0.2857142857142857
Left,contig,Ang,HTL,WRM,5,0.3,1,508,28,305,6,Source+Target,arc labels,,0.5511904761904762,0.08333333333333333,0.2857142857142857
Left,contig,Ang,HTL,WRM,5,0.3,1,508,28,305,6,COT,arc labels,,0.5979166666666667,0.21212121212121213,0.25
Left,contig,Ang,HTL,WRM,5,0.3,1,508,28,305,6,none-Ang-HS4,arc labels,,0.609077380952381,0.07916666666666666,0.6785714285714286
Left,contig,Ang,HTL,WRM,5,0.3,1,508,28,305,6,none-Ang-HSsrc,nothing,,0.41294642857142855,0.021739130434782608,0.10714285714285714
Left,contig,Ang,HTL,WRM,5,0.3,1,508,28,305,6,none-Ang-PCA,arc segments,64.0,0.5261904761904762,0.06666666666666667,0.2857142857142857
Left,contig,Ang,HTL,WRM,5,0.3,1,508,28,305,6,QOTu-Ang-HS4,arc labels,,0.48660714285714285,0.05263157894736842,0.5357142857142857
Left,contig,Ang,HTL,WRM,5,0.3,1,508,28,305,6,QOTu-Ang-HSsrc,arc segments,,0.45788690476190474,0.04583333333333333,0.39285714285714285
Left,contig,Ang,HTL,WRM,5,0.3,1,508,28,305,6,QOTu-Ang-PCA,arc segments,8.0,0.42351190476190476,0.040293040293040296,0.39285714285714285
Left,contig,Ang,HTL,WRM,5,0.3,1,508,28,305,6,QOTc-Ang-HS4,arc labels,,0.5636904761904762,0.09523809523809523,0.2857142857142857
Left,contig,Ang,HTL,WRM,5,0.3,1,508,28,305,6,QOTc-Ang-HSsrc,arc labels,,0.5108630952380953,0.05847953216374269,0.35714285714285715
Left,contig,Ang,HTL,WRM,5,0.3,1,508,28,305,6,QOTc-Ang-PCA,arc labels,32.0,0.5215773809523809,0.07142857142857142,0.17857142857142858
Left,contig,Ang,HTL,WRM,5,0.3,1,508,28,305,6,SDM-Ang-HS4,arc labels,,0.5864583333333333,0.1590909090909091,0.25
Left,contig,Ang,HTL,WRM,5,0.3,1,508,28,305,6,SDM-Ang-HSsrc,arc labels,,0.555952380952381,0.07317073170731707,0.42857142857142855
Left,contig,Ang,HTL,WRM,5,0.3,1,508,28,305,6,SDM-Ang-PCA,arc labels,32.0,0.48035714285714287,0.02702702702702703,0.03571428571428571
Left,contig,Ang,HTL,WRM,5,0.5,1,508,28,487,26,NoAdapt,nothing,,0.4257440476190476,0.04152249134948097,0.42857142857142855
Left,contig,Ang,HTL,WRM,5,0.5,1,508,28,487,26,TargetOnly,arc labels,,0.637202380952381,0.0892018779342723,0.6785714285714286
Left,contig,Ang,HTL,WRM,5,0.5,1,508,28,487,26,Source+Target,arc labels,,0.5641369047619048,0.07971014492753623,0.39285714285714285
Left,contig,Ang,HTL,WRM,5,0.5,1,508,28,487,26,COT,arc labels,,0.7199404761904762,0.11702127659574468,0.7857142857142857
Left,contig,Ang,HTL,WRM,5,0.5,1,508,28,487,26,none-Ang-HS4,arc labels,,0.3983630952380952,0.035842293906810034,0.35714285714285715
Left,contig,Ang,HTL,WRM,5,0.5,1,508,28,487,26,none-Ang-HSsrc,nothing,,0.41294642857142855,0.021739130434782608,0.10714285714285714
Left,contig,Ang,HTL,WRM,5,0.5,1,508,28,487,26,none-Ang-PCA,arc segments,64.0,0.5032738095238095,0.056338028169014086,0.2857142857142857
Left,contig,Ang,HTL,WRM,5,0.5,1,508,28,487,26,QOTu-Ang-HS4,arc labels,,0.44940476190476186,0.043478260869565216,0.35714285714285715
Left,contig,Ang,HTL,WRM,5,0.5,1,508,28,487,26,QOTu-Ang-HSsrc,arc segments,,0.45788690476190474,0.04583333333333333,0.39285714285714285
Left,contig,Ang,HTL,WRM,5,0.5,1,508,28,487,26,QOTu-Ang-PCA,arc segments,64.0,0.5327380952380952,0.061371841155234655,0.6071428571428571
Left,contig,Ang,HTL,WRM,5,0.5,1,508,28,487,26,QOTc-Ang-HS4,arc labels,,0.5863095238095238,0.08496732026143791,0.4642857142857143
Left,contig,Ang,HTL,WRM,5,0.5,1,508,28,487,26,QOTc-Ang-HSsrc,arc labels,,0.3712797619047619,0.03278688524590164,0.35714285714285715
Left,contig,Ang,HTL,WRM,5,0.5,1,508,28,487,26,QOTc-Ang-PCA,arc labels,64.0,0.5828869047619047,0.09166666666666666,0.39285714285714285
Left,contig,Ang,HTL,WRM,5,0.5,1,508,28,487,26,SDM-Ang-HS4,arc labels,,0.6261904761904762,0.09933774834437085,0.5357142857142857
Left,contig,Ang,HTL,WRM,5,0.5,1,508,28,487,26,SDM-Ang-HSsrc,arc labels,,0.5580357142857143,0.0657439446366782,0.6785714285714286
Left,contig,Ang,HTL,WRM,5,0.5,1,508,28,487,26,SDM-Ang-PCA,arc labels,64.0,0.48973214285714284,0.05161290322580645,0.2857142857142857
Left,contig,Ang,HTL,WRM,6,0.05,0,508,18,51,0,NoAdapt,nothing,,0.5384353741496598,0.03986710963455149,0.6666666666666666
Left,contig,Ang,HTL,WRM,6,0.05,0,508,18,51,0,TargetOnly,arc labels,,,,
Left,contig,Ang,HTL,WRM,6,0.05,0,508,18,51,0,Source+Target,arc labels,,,,
Left,contig,Ang,HTL,WRM,6,0.05,0,508,18,51,0,COT,arc labels,,,,
Left,contig,Ang,HTL,WRM,6,0.05,0,508,18,51,0,none-Ang-HS4,arc labels,,,,
Left,contig,Ang,HTL,WRM,6,0.05,0,508,18,51,0,none-Ang-HSsrc,nothing,,0.4065759637188209,0.013513513513513514,0.1111111111111111
Left,contig,Ang,HTL,WRM,6,0.05,0,508,18,51,0,none-Ang-PCA,arc segments,64.0,0.4557823129251701,0.0234375,0.16666666666666666
Left,contig,Ang,HTL,WRM,6,0.05,0,508,18,51,0,QOTu-Ang-HS4,arc labels,,,,
Left,contig,Ang,HTL,WRM,6,0.05,0,508,18,51,0,QOTu-Ang-HSsrc,arc segments,,0.5308390022675737,0.03968253968253968,0.5555555555555556
Left,contig,Ang,HTL,WRM,6,0.05,0,508,18,51,0,QOTu-Ang-PCA,arc segments,8.0,0.545578231292517,0.04081632653061224,0.6666666666666666
Left,contig,Ang,HTL,WRM,6,0.05,0,508,18,51,0,QOTc-Ang-HS4,arc labels,,,,
Left,contig,Ang,HTL,WRM,6,0.05,0,508,18,51,0,QOTc-Ang-HSsrc,arc labels,,,,
Left,contig,Ang,HTL,WRM,6,0.05,0,508,18,51,0,QOTc-Ang-PCA,arc labels,,,,
Left,contig,Ang,HTL,WRM,6,0.05,0,508,18,51,0,SDM-Ang-HS4,arc labels,,,,
Left,contig,Ang,HTL,WRM,6,0.05,0,508,18,51,0,SDM-Ang-HSsrc,arc labels,,,,
Left,contig,Ang,HTL,WRM,6,0.05,0,508,18,51,0,SDM-Ang-PCA,arc labels,,,,
Left,contig,Ang,HTL,WRM,6,0.1,0,508,18,102,0,NoAdapt,nothing,,0.5384353741496598,0.03986710963455149,0.6666666666666666
Left,contig,Ang,HTL,WRM,6,0.1,0,508,18,102,0,TargetOnly,arc labels,,,,
Left,contig,Ang,HTL,WRM,6,0.1,0,508,18,102,0,Source+Target,arc labels,,,,
Left,contig,Ang,HTL,WRM,6,0.1,0,508,18,102,0,COT,arc labels,,,,
Left,contig,Ang,HTL,WRM,6,0.1,0,508,18,102,0,none-Ang-HS4,arc labels,,,,
Left,contig,Ang,HTL,WRM,6,0.1,0,508,18,102,0,none-Ang-HSsrc,nothing,,0.4065759637188209,0.013513513513513514,0.1111111111111111
Left,contig,Ang,HTL,WRM,6,0.1,0,508,18,102,0,none-Ang-PCA,arc segments,64.0,0.47868480725623586,0.030864197530864196,0.2777777777777778
Left,contig,Ang,HTL,WRM,6,0.1,0,508,18,102,0,QOTu-Ang-HS4,arc labels,,,,
Left,contig,Ang,HTL,WRM,6,0.1,0,508,18,102,0,QOTu-Ang-HSsrc,arc segments,,0.5308390022675737,0.03968253968253968,0.5555555555555556
Left,contig,Ang,HTL,WRM,6,0.1,0,508,18,102,0,QOTu-Ang-PCA,arc segments,8.0,0.4775510204081633,0.03260869565217391,0.5
Left,contig,Ang,HTL,WRM,6,0.1,0,508,18,102,0,QOTc-Ang-HS4,arc labels,,,,
Left,contig,Ang,HTL,WRM,6,0.1,0,508,18,102,0,QOTc-Ang-HSsrc,arc labels,,,,
Left,contig,Ang,HTL,WRM,6,0.1,0,508,18,102,0,QOTc-Ang-PCA,arc labels,,,,
Left,contig,Ang,HTL,WRM,6,0.1,0,508,18,102,0,SDM-Ang-HS4,arc labels,,,,
Left,contig,Ang,HTL,WRM,6,0.1,0,508,18,102,0,SDM-Ang-HSsrc,arc labels,,,,
Left,contig,Ang,HTL,WRM,6,0.1,0,508,18,102,0,SDM-Ang-PCA,arc labels,,,,
Left,contig,Ang,HTL,WRM,6,0.2,1,508,18,203,6,NoAdapt,nothing,,0.5384353741496598,0.03986710963455149,0.6666666666666666
Left,contig,Ang,HTL,WRM,6,0.2,1,508,18,203,6,TargetOnly,arc labels,,0.550907029478458,0.06349206349206349,0.2222222222222222
Left,contig,Ang,HTL,WRM,6,0.2,1,508,18,203,6,Source+Target,arc labels,,0.6792517006802721,0.0736196319018405,0.6666666666666666
Left,contig,Ang,HTL,WRM,6,0.2,1,508,18,203,6,COT,arc labels,,0.49489795918367346,0.0,0.0
Left,contig,Ang,HTL,WRM,6,0.2,1,508,18,203,6,none-Ang-HS4,arc labels,,0.5352607709750566,0.04294478527607362,0.3888888888888889
Left,contig,Ang,HTL,WRM,6,0.2,1,508,18,203,6,none-Ang-HSsrc,nothing,,0.4065759637188209,0.013513513513513514,0.1111111111111111
Left,contig,Ang,HTL,WRM,6,0.2,1,508,18,203,6,none-Ang-PCA,arc segments,64.0,0.48072562358276644,0.03125,0.2777777777777778
Left,contig,Ang,HTL,WRM,6,0.2,1,508,18,203,6,QOTu-Ang-HS4,arc labels,,0.4640589569160998,0.03065134099616858,0.4444444444444444
Left,contig,Ang,HTL,WRM,6,0.2,1,508,18,203,6,QOTu-Ang-HSsrc,arc segments,,0.5308390022675737,0.03968253968253968,0.5555555555555556
Left,contig,Ang,HTL,WRM,6,0.2,1,508,18,203,6,QOTu-Ang-PCA,arc segments,8.0,0.47959183673469385,0.032846715328467155,0.5
Left,contig,Ang,HTL,WRM,6,0.2,1,508,18,203,6,QOTc-Ang-HS4,arc labels,,0.4634920634920635,0.015625,0.05555555555555555
Left,contig,Ang,HTL,WRM,6,0.2,1,508,18,203,6,QOTc-Ang-HSsrc,arc labels,,0.5416099773242631,0.043243243243243246,0.4444444444444444
Left,contig,Ang,HTL,WRM,6,0.2,1,508,18,203,6,QOTc-Ang-PCA,arc labels,16.0,0.5280045351473923,0.06896551724137931,0.1111111111111111
Left,contig,Ang,HTL,WRM,6,0.2,1,508,18,203,6,SDM-Ang-HS4,arc labels,,0.545578231292517,0.075,0.16666666666666666
Left,contig,Ang,HTL,WRM,6,0.2,1,508,18,203,6,SDM-Ang-HSsrc,arc labels,,0.5722222222222222,0.05161290322580645,0.4444444444444444
Left,contig,Ang,HTL,WRM,6,0.2,1,508,18,203,6,SDM-Ang-PCA,arc labels,64.0,0.4785714285714286,0.0,0.0
Left,contig,Ang,HTL,WRM,6,0.3,1,508,18,305,9,NoAdapt,nothing,,0.5384353741496598,0.03986710963455149,0.6666666666666666
Left,contig,Ang,HTL,WRM,6,0.3,1,508,18,305,9,TargetOnly,arc labels,,0.6518140589569161,0.1038961038961039,0.4444444444444444
Left,contig,Ang,HTL,WRM,6,0.3,1,508,18,305,9,Source+Target,arc labels,,0.6048752834467119,0.06504065040650407,0.4444444444444444
Left,contig,Ang,HTL,WRM,6,0.3,1,508,18,305,9,COT,arc labels,,0.6250566893424037,0.09333333333333334,0.3888888888888889
Left,contig,Ang,HTL,WRM,6,0.3,1,508,18,305,9,none-Ang-HS4,arc labels,,0.4606575963718821,0.021052631578947368,0.1111111111111111
Left,contig,Ang,HTL,WRM,6,0.3,1,508,18,305,9,none-Ang-HSsrc,nothing,,0.4065759637188209,0.013513513513513514,0.1111111111111111
Left,contig,Ang,HTL,WRM,6,0.3,1,508,18,305,9,none-Ang-PCA,arc segments,64.0,0.502154195011338,0.03597122302158273,0.2777777777777778
Left,contig,Ang,HTL,WRM,6,0.3,1,508,18,305,9,QOTu-Ang-HS4,arc labels,,0.5295918367346939,0.04,0.5
Left,contig,Ang,HTL,WRM,6,0.3,1,508,18,305,9,QOTu-Ang-HSsrc,arc segments,,0.5308390022675737,0.03968253968253968,0.5555555555555556
Left,contig,Ang,HTL,WRM,6,0.3,1,508,18,305,9,QOTu-Ang-PCA,arc segments,8.0,0.5175736961451247,0.03773584905660377,0.5555555555555556
Left,contig,Ang,HTL,WRM,6,0.3,1,508,18,305,9,QOTc-Ang-HS4,arc labels,,0.5356009070294785,0.05128205128205128,0.2222222222222222
Left,contig,Ang,HTL,WRM,6,0.3,1,508,18,305,9,QOTc-Ang-HSsrc,arc labels,,0.5018140589569161,0.03571428571428571,0.4444444444444444
Left,contig,Ang,HTL,WRM,6,0.3,1,508,18,305,9,QOTc-Ang-PCA,arc labels,64.0,0.46938775510204084,0.0,0.0
Left,contig,Ang,HTL,WRM,6,0.3,1,508,18,305,9,SDM-Ang-HS4,arc labels,,0.5611111111111111,0.07547169811320754,0.2222222222222222
Left,contig,Ang,HTL,WRM,6,0.3,1,508,18,305,9,SDM-Ang-HSsrc,arc labels,,0.6145124716553287,0.058823529411764705,0.5555555555555556
Left,contig,Ang,HTL,WRM,6,0.3,1,508,18,305,9,SDM-Ang-PCA,arc labels,64.0,0.46122448979591835,0.0,0.0
Left,contig,Ang,HTL,WRM,6,0.5,1,508,18,487,32,NoAdapt,nothing,,0.5384353741496598,0.03986710963455149,0.6666666666666666
Left,contig,Ang,HTL,WRM,6,0.5,1,508,18,487,32,TargetOnly,arc labels,,0.6837868480725624,0.06511627906976744,0.7777777777777778
Left,contig,Ang,HTL,WRM,6,0.5,1,508,18,487,32,Source+Target,arc labels,,0.6761904761904762,0.07228915662650602,0.6666666666666666
Left,contig,Ang,HTL,WRM,6,0.5,1,508,18,487,32,COT,arc labels,,0.7146258503401361,0.07042253521126761,0.8333333333333334
Left,contig,Ang,HTL,WRM,6,0.5,1,508,18,487,32,none-Ang-HS4,arc labels,,0.5298185941043084,0.039525691699604744,0.5555555555555556
Left,contig,Ang,HTL,WRM,6,0.5,1,508,18,487,32,none-Ang-HSsrc,nothing,,0.4065759637188209,0.013513513513513514,0.1111111111111111
Left,contig,Ang,HTL,WRM,6,0.5,1,508,18,487,32,none-Ang-PCA,arc segments,64.0,0.49603174603174605,0.034482758620689655,0.2777777777777778
Left,contig,Ang,HTL,WRM,6,0.5,1,508,18,487,32,QOTu-Ang-HS4,arc labels,,0.4875283446712018,0.03361344537815126,0.4444444444444444
Left,contig,Ang,HTL,WRM,6,0.5,1,508,18,487,32,QOTu-Ang-HSsrc,arc segments,,0.5308390022675737,0.03968253968253968,0.5555555555555556
Left,contig,Ang,HTL,WRM,6,0.5,1,508,18,487,32,QOTu-Ang-PCA,arc segments,64.0,0.5702947845804989,0.0436241610738255,0.7222222222222222
Left,contig,Ang,HTL,WRM,6,0.5,1,508,18,487,32,QOTc-Ang-HS4,arc labels,,0.5336734693877552,0.04072398190045249,0.5
Left,contig,Ang,HTL,WRM,6,0.5,1,508,18,487,32,QOTc-Ang-HSsrc,arc labels,,0.43503401360544214,0.02575107296137339,0.3333333333333333
Left,contig,Ang,HTL,WRM,6,0.5,1,508,18,487,32,QOTc-Ang-PCA,arc labels,64.0,0.6871882086167801,0.08661417322834646,0.6111111111111112
Left,contig,Ang,HTL,WRM,6,0.5,1,508,18,487,32,SDM-Ang-HS4,arc labels,,0.6524943310657596,0.06832298136645963,0.6111111111111112
Left,contig,Ang,HTL,WRM,6,0.5,1,508,18,487,32,SDM-Ang-HSsrc,arc labels,,0.5094104308390023,0.03663003663003663,0.5555555555555556
Left,contig,Ang,HTL,WRM,6,0.5,1,508,18,487,32,SDM-Ang-PCA,arc labels,64.0,0.5383219954648526,0.04375,0.3888888888888889
Left,contig,Ang,HTL,WRM,7,0.05,1,508,19,51,5,NoAdapt,nothing,,0.5182434614142719,0.039603960396039604,0.631578947368421
Left,contig,Ang,HTL,WRM,7,0.05,1,508,19,51,5,TargetOnly,arc labels,,0.4942955548380153,0.03614457831325301,0.3157894736842105
Left,contig,Ang,HTL,WRM,7,0.05,1,508,19,51,5,Source+Target,arc labels,,0.5435367560004305,0.04262295081967213,0.6842105263157895
Left,contig,Ang,HTL,WRM,7,0.05,1,508,19,51,5,COT,arc labels,,0.4329458615864815,0.02654867256637168,0.3157894736842105
Left,contig,Ang,HTL,WRM,7,0.05,1,508,19,51,5,none-Ang-HS4,arc labels,,0.43752018082014854,0.02909090909090909,0.42105263157894735
Left,contig,Ang,HTL,WRM,7,0.05,1,508,19,51,5,none-Ang-HSsrc,nothing,,0.3798299429555484,0.011695906432748537,0.10526315789473684
Left,contig,Ang,HTL,WRM,7,0.05,1,508,19,51,5,none-Ang-PCA,arc segments,16.0,0.5157679474760521,0.041379310344827586,0.3157894736842105
Left,contig,Ang,HTL,WRM,7,0.05,1,508,19,51,5,QOTu-Ang-HS4,arc labels,,0.4303627166074696,0.028368794326241134,0.42105263157894735
Left,contig,Ang,HTL,WRM,7,0.05,1,508,19,51,5,QOTu-Ang-HSsrc,arc segments,,0.39436013346249055,0.02109704641350211,0.2631578947368421
Left,contig,Ang,HTL,WRM,7,0.05,1,508,19,51,5,QOTu-Ang-PCA,arc segments,32.0,0.48417823700355184,0.036170212765957444,0.8947368421052632
Left,contig,Ang,HTL,WRM,7,0.05,1,508,19,51,5,QOTc-Ang-HS4,arc labels,,0.48918308040038744,0.03508771929824561,0.3157894736842105
Left,contig,Ang,HTL,WRM,7,0.05,1,508,19,51,5,QOTc-Ang-HSsrc,arc labels,,0.48046496609622213,0.034334763948497854,0.42105263157894735
Left,contig,Ang,HTL,WRM,7,0.05,1,508,19,51,5,QOTc-Ang-PCA,arc labels,64.0,0.42062210741577866,0.028985507246376812,0.5263157894736842
Left,contig,Ang,HTL,WRM,7,0.05,1,508,19,51,5,SDM-Ang-HS4,arc labels,,0.4845549456463244,0.034934497816593885,0.42105263157894735
Left,contig,Ang,HTL,WRM,7,0.05,1,508,19,51,5,SDM-Ang-HSsrc,arc labels,,0.4845549456463244,0.034934497816593885,0.42105263157894735
Left,contig,Ang,HTL,WRM,7,0.05,1,508,19,51,5,SDM-Ang-PCA,arc labels,64.0,0.4335378323108384,0.0,0.0
Left,contig,Ang,HTL,WRM,7,0.1,1,508,19,102,6,NoAdapt,nothing,,0.5182434614142719,0.039603960396039604,0.631578947368421
Left,contig,Ang,HTL,WRM,7,0.1,1,508,19,102,6,TargetOnly,arc labels,,0.5541384135184587,0.07407407407407407,0.21052631578947367
Left,contig,Ang,HTL,WRM,7,0.1,1,508,19,102,6,Source+Target,arc labels,,0.5455817457754817,0.0429042904290429,0.6842105263157895
Left,contig,Ang,HTL,WRM,7,0.1,1,508,19,102,6,COT,arc labels,,0.5370250780325045,0.06818181818181818,0.15789473684210525
Left,contig,Ang,HTL,WRM,7,0.1,1,508,19,102,6,none-Ang-HS4,arc labels,,0.4288020665159832,0.02967359050445104,0.5263157894736842
Left,contig,Ang,HTL,WRM,7,0.1,1,508,19,102,6,none-Ang-HSsrc,nothing,,0.3798299429555484,0.011695906432748537,0.10526315789473684
Left,contig,Ang,HTL,WRM,7,0.1,1,508,19,102,6,none-Ang-PCA,arc segments,16.0,0.5308362931869551,0.044585987261146494,0.3684210526315789
Left,contig,Ang,HTL,WRM,7,0.1,1,508,19,102,6,QOTu-Ang-HS4,arc labels,,0.43725110321816807,0.029801324503311258,0.47368421052631576
Left,contig,Ang,HTL,WRM,7,0.1,1,508,19,102,6,QOTu-Ang-HSsrc,arc segments,,0.4901517597675169,0.036101083032490974,0.5263157894736842
Left,contig,Ang,HTL,WRM,7,0.1,1,508,19,102,6,QOTu-Ang-PCA,arc segments,8.0,0.43622860833064253,0.0297029702970297,0.47368421052631576
Left,contig,Ang,HTL,WRM,7,0.1,1,508,19,102,6,QOTc-Ang-HS4,arc labels,,0.4291787751587558,0.010416666666666666,0.05263157894736842
Left,contig,Ang,HTL,WRM,7,0.1,1,508,19,102,6,QOTc-Ang-HSsrc,arc labels,,0.4436551501453019,0.02973977695167286,0.42105263157894735
Left,contig,Ang,HTL,WRM,7,0.1,1,508,19,102,6,QOTc-Ang-PCA,arc labels,64.0,0.3862339898826822,0.007246376811594203,0.05263157894736842
Left,contig,Ang,HTL,WRM,7,0.1,1,508,19,102,6,SDM-Ang-HS4,arc labels,,0.5219029168012055,0.04316546762589928,0.3157894736842105
Left,contig,Ang,HTL,WRM,7,0.1,1,508,19,102,6,SDM-Ang-HSsrc,arc labels,,0.48250995587127327,0.03463203463203463,0.42105263157894735
Left,contig,Ang,HTL,WRM,7,0.1,1,508,19,102,6,SDM-Ang-PCA,arc labels,64.0,0.4938650306748466,0.0,0.0
Left,contig,Ang,HTL,WRM,7,0.2,1,508,19,203,8,NoAdapt,nothing,,0.5182434614142719,0.039603960396039604,0.631578947368421
Left,contig,Ang,HTL,WRM,7,0.2,1,508,19,203,8,TargetOnly,arc labels,,0.5300290603810138,0.04201680672268908,0.5263157894736842
Left,contig,Ang,HTL,WRM,7,0.2,1,508,19,203,8,Source+Target,arc labels,,0.6447637498654613,0.06310679611650485,0.6842105263157895
Left,contig,Ang,HTL,WRM,7,0.2,1,508,19,203,8,COT,arc labels,,0.5502098805295448,0.044897959183673466,0.5789473684210527
Left,contig,Ang,HTL,WRM,7,0.2,1,508,19,203,8,none-Ang-HS4,arc labels,,0.500645786244753,0.0375,0.47368421052631576
Left,contig,Ang,HTL,WRM,7,0.2,1,508,19,203,8,none-Ang-HSsrc,nothing,,0.3798299429555484,0.011695906432748537,0.10526315789473684
Left,contig,Ang,HTL,WRM,7,0.2,1,508,19,203,8,none-Ang-PCA,arc segments,16.0,0.5328812829620062,0.04516129032258064,0.3684210526315789
Left,contig,Ang,HTL,WRM,7,0.2,1,508,19,203,8,QOTu-Ang-HS4,arc labels,,0.4827252179528576,0.03536977491961415,0.5789473684210527
Left,contig,Ang,HTL,WRM,7,0.2,1,508,19,203,8,QOTu-Ang-HSsrc,arc segments,,0.48299429555483797,0.035211267605633804,0.5263157894736842
Left,contig,Ang,HTL,WRM,7,0.2,1,508,19,203,8,QOTu-Ang-PCA,arc segments,8.0,0.4423635776557959,0.030303030303030304,0.47368421052631576
Left,contig,Ang,HTL,WRM,7,0.2,1,508,19,203,8,QOTc-Ang-HS4,arc labels,,0.41050478958131525,0.014184397163120567,0.10526315789473684
Left,contig,Ang,HTL,WRM,7,0.2,1,508,19,203,8,QOTc-Ang-HSsrc,arc labels,,0.4385426757076741,0.029197080291970802,0.42105263157894735
Left,contig,Ang,HTL,WRM,7,0.2,1,508,19,203,8,QOTc-Ang-PCA,arc labels,64.0,0.482348509310085,0.022727272727272728,0.05263157894736842
Left,contig,Ang,HTL,WRM,7,0.2,1,508,19,203,8,SDM-Ang-HS4,arc labels,,0.5305672155849748,0.043478260869565216,0.42105263157894735
Left,contig,Ang,HTL,WRM,7,0.2,1,508,19,203,8,SDM-Ang-HSsrc,arc labels,,0.47535249165859433,0.03361344537815126,0.42105263157894735
Left,contig,Ang,HTL,WRM,7,0.2,1,508,19,203,8,SDM-Ang-PCA,arc labels,64.0,0.4754601226993865,0.0,0.0
Left,contig,Ang,HTL,WRM,7,0.3,1,508,19,305,12,NoAdapt,nothing,,0.5182434614142719,0.039603960396039604,0.631578947368421
Left,contig,Ang,HTL,WRM,7,0.3,1,508,19,305,12,TargetOnly,arc labels,,0.5778172424927349,0.05045871559633028,0.5789473684210527
Left,contig,Ang,HTL,WRM,7,0.3,1,508,19,305,12,Source+Target,arc labels,,0.673393606716177,0.07303370786516854,0.6842105263157895
Left,contig,Ang,HTL,WRM,7,0.3,1,508,19,305,12,COT,arc labels,,0.6128511462705843,0.06369426751592357,0.5263157894736842
Left,contig,Ang,HTL,WRM,7,0.3,1,508,19,305,12,none-Ang-HS4,arc labels,,0.479711548810677,0.033816425120772944,0.3684210526315789
Left,contig,Ang,HTL,WRM,7,0.3,1,508,19,305,12,none-Ang-HSsrc,nothing,,0.3798299429555484,0.011695906432748537,0.10526315789473684
Left,contig,Ang,HTL,WRM,7,0.3,1,508,19,305,12,none-Ang-PCA,arc segments,16.0,0.5384780970831988,0.04433497536945813,0.47368421052631576
Left,contig,Ang,HTL,WRM,7,0.3,1,508,19,305,12,QOTu-Ang-HS4,arc labels,,0.48299429555483797,0.035211267605633804,0.5263157894736842
Left,contig,Ang,HTL,WRM,7,0.3,1,508,19,305,12,QOTu-Ang-HSsrc,arc segments,,0.48708427510494023,0.03571428571428571,0.5263157894736842
Left,contig,Ang,HTL,WRM,7,0.3,1,508,19,305,12,QOTu-Ang-PCA,arc segments,8.0,0.42142934022171996,0.026515151515151516,0.3684210526315789
Left,contig,Ang,HTL,WRM,7,0.3,1,508,19,305,12,QOTc-Ang-HS4,arc labels,,0.4631363685286837,0.027972027972027972,0.21052631578947367
Left,contig,Ang,HTL,WRM,7,0.3,1,508,19,305,12,QOTc-Ang-HSsrc,arc labels,,0.4405876654827252,0.029411764705882353,0.42105263157894735
Left,contig,Ang,HTL,WRM,7,0.3,1,508,19,305,12,QOTc-Ang-PCA,arc labels,32.0,0.5630717899042084,0.06944444444444445,0.2631578947368421
Left,contig,Ang,HTL,WRM,7,0.3,1,508,19,305,12,SDM-Ang-HS4,arc labels,,0.5305672155849748,0.043478260869565216,0.42105263157894735
Left,contig,Ang,HTL,WRM,7,0.3,1,508,19,305,12,SDM-Ang-HSsrc,arc labels,,0.48046496609622213,0.034334763948497854,0.42105263157894735
Left,contig,Ang,HTL,WRM,7,0.3,1,508,19,305,12,SDM-Ang-PCA,arc labels,64.0,0.4059304703476483,0.0,0.0
Left,contig,Ang,HTL,WRM,7,0.5,1,508,19,498,35,NoAdapt,nothing,,0.5182434614142719,0.039603960396039604,0.631578947368421
Left,contig,Ang,HTL,WRM,7,0.5,1,508,19,498,35,TargetOnly,arc labels,,0.6549348832203208,0.056105610561056105,0.8947368421052632
Left,contig,Ang,HTL,WRM,7,0.5,1,508,19,498,35,Source+Target,arc labels,,0.6204929501668281,0.059113300492610835,0.631578947368421
Left,contig,Ang,HTL,WRM,7,0.5,1,508,19,498,35,COT,arc labels,,0.5044666881928748,0.03802281368821293,0.5263157894736842
Left,contig,Ang,HTL,WRM,7,0.5,1,508,19,498,35,none-Ang-HS4,arc labels,,0.49424173931761917,0.03663003663003663,0.5263157894736842
Left,contig,Ang,HTL,WRM,7,0.5,1,508,19,498,35,none-Ang-HSsrc,nothing,,0.3798299429555484,0.011695906432748537,0.10526315789473684
Left,contig,Ang,HTL,WRM,7,0.5,1,508,19,498,35,none-Ang-PCA,arc segments,16.0,0.5494564632439995,0.045662100456621,0.5263157894736842
Left,contig,Ang,HTL,WRM,7,0.5,1,508,19,498,35,QOTu-Ang-HS4,arc labels,,0.4669034549564094,0.03296703296703297,0.47368421052631576
Left,contig,Ang,HTL,WRM,7,0.5,1,508,19,498,35,QOTu-Ang-HSsrc,arc segments,,0.48912926487999137,0.03597122302158273,0.5263157894736842
Left,contig,Ang,HTL,WRM,7,0.5,1,508,19,498,35,QOTu-Ang-PCA,arc segments,16.0,0.563448498546981,0.04424778761061947,0.7894736842105263
Left,contig,Ang,HTL,WRM,7,0.5,1,508,19,498,35,QOTc-Ang-HS4,arc labels,,0.47325368636314713,0.0345821325648415,0.631578947368421
Left,contig,Ang,HTL,WRM,7,0.5,1,508,19,498,35,QOTc-Ang-HSsrc,arc labels,,0.41986869013023354,0.02821316614420063,0.47368421052631576
Left,contig,Ang,HTL,WRM,7,0.5,1,508,19,498,35,QOTc-Ang-PCA,arc labels,64.0,0.5134000645786245,0.03914590747330961,0.5789473684210527
Left,contig,Ang,HTL,WRM,7,0.5,1,508,19,498,35,SDM-Ang-HS4,arc labels,,0.5356258745022064,0.04195804195804196,0.631578947368421
Left,contig,Ang,HTL,WRM,7,0.5,1,508,19,498,35,SDM-Ang-HSsrc,arc labels,,0.408352168765472,0.028011204481792718,0.5263157894736842
Left,contig,Ang,HTL,WRM,7,0.5,1,508,19,498,35,SDM-Ang-PCA,arc labels,64.0,0.5052739209988161,0.038461538461538464,0.3684210526315789
Left,contig,Ang,PTT,HTL,0,0.05,1,401,79,40,10,NoAdapt,nothing,,0.48103231386115264,0.1897590361445783,0.7974683544303798
Left,contig,Ang,PTT,HTL,0,0.05,1,401,79,40,10,TargetOnly,arc labels,,0.5317045365201667,0.21634615384615385,0.569620253164557
Left,contig,Ang,PTT,HTL,0,0.05,1,401,79,40,10,Source+Target,arc labels,,0.4637157009198836,0.1831831831831832,0.7721518987341772
Left,contig,Ang,PTT,HTL,0,0.05,1,401,79,40,10,COT,arc labels,,0.4918822234452394,0.19437340153452684,0.9620253164556962
Left,contig,Ang,PTT,HTL,0,0.05,1,401,79,40,10,none-Ang-HS4,arc labels,,0.5159014073433446,0.20294117647058824,0.8734177215189873
Left,contig,Ang,PTT,HTL,0,0.05,1,401,79,40,10,none-Ang-HSsrc,nothing,,0.6045483135466625,0.25675675675675674,0.7215189873417721
Left,contig,Ang,PTT,HTL,0,0.05,1,401,79,40,10,none-Ang-PCA,arc segments,8.0,0.558416542180989,0.21893491124260356,0.9367088607594937
Left,contig,Ang,PTT,HTL,0,0.05,1,401,79,40,10,QOTu-Ang-HS4,arc labels,,0.539114710275965,0.22340425531914893,0.5316455696202531
Left,contig,Ang,PTT,HTL,0,0.05,1,401,79,40,10,QOTu-Ang-HSsrc,arc segments,,0.5882931048038368,0.23880597014925373,0.810126582278481
Left,contig,Ang,PTT,HTL,0,0.05,1,401,79,40,10,QOTu-Ang-PCA,arc segments,4.0,0.6076539036087742,0.2590909090909091,0.7215189873417721
Left,contig,Ang,PTT,HTL,0,0.05,1,401,79,40,10,QOTc-Ang-HS4,arc labels,,0.4263896532746285,0.13636363636363635,0.26582278481012656
Left,contig,Ang,PTT,HTL,0,0.05,1,401,79,40,10,QOTc-Ang-HSsrc,arc labels,,0.4103899677647614,0.11805555555555555,0.21518987341772153
Left,contig,Ang,PTT,HTL,0,0.05,1,401,79,40,10,QOTc-Ang-PCA,arc labels,64.0,0.46627093324946933,0.1724137931034483,0.379746835443038
Left,contig,Ang,PTT,HTL,0,0.05,1,401,79,40,10,SDM-Ang-HS4,arc labels,,0.42617344130827894,0.07692307692307693,0.0759493670886076
Left,contig,Ang,PTT,HTL,0,0.05,1,401,79,40,10,SDM-Ang-HSsrc,arc labels,,0.4248368582435726,0.13548387096774195,0.26582278481012656
Left,contig,Ang,PTT,HTL,0,0.05,1,401,79,40,10,SDM-Ang-PCA,arc labels,64.0,0.5088843462536363,0.20164609053497942,0.620253164556962
Left,contig,Ang,PTT,HTL,0,0.1,1,401,79,80,24,NoAdapt,nothing,,0.48103231386115264,0.1897590361445783,0.7974683544303798
Left,contig,Ang,PTT,HTL,0,0.1,1,401,79,80,24,TargetOnly,arc labels,,0.5220339649343502,0.21105527638190955,0.5316455696202531
Left,contig,Ang,PTT,HTL,0,0.1,1,401,79,80,24,Source+Target,arc labels,,0.45726865319600596,0.18042813455657492,0.7468354430379747
Left,contig,Ang,PTT,HTL,0,0.1,1,401,79,80,24,COT,arc labels,,0.5257292239955971,0.21171171171171171,0.5949367088607594
Left,contig,Ang,PTT,HTL,0,0.1,1,401,79,80,24,none-Ang-HS4,arc labels,,0.509572293419294,0.20058997050147492,0.8607594936708861
Left,contig,Ang,PTT,HTL,0,0.1,1,401,79,80,24,none-Ang-HSsrc,nothing,,0.6045483135466625,0.25675675675675674,0.7215189873417721
Left,contig,Ang,PTT,HTL,0,0.1,1,401,79,80,24,none-Ang-PCA,arc segments,8.0,0.5647456561050397,0.22123893805309736,0.9493670886075949
Left,contig,Ang,PTT,HTL,0,0.1,1,401,79,80,24,QOTu-Ang-HS4,arc labels,,0.5332573315512226,0.21739130434782608,0.569620253164557
Left,contig,Ang,PTT,HTL,0,0.1,1,401,79,80,24,QOTu-Ang-HSsrc,arc segments,,0.610759493670886,0.26146788990825687,0.7215189873417721
Left,contig,Ang,PTT,HTL,0,0.1,1,401,79,80,24,QOTu-Ang-PCA,arc segments,64.0,0.5293262048903216,0.21839080459770116,0.4810126582278481
Left,contig,Ang,PTT,HTL,0,0.1,1,401,79,80,24,QOTc-Ang-HS4,arc labels,,0.49777891343659086,0.19583333333333333,0.5949367088607594
Left,contig,Ang,PTT,HTL,0,0.1,1,401,79,80,24,QOTc-Ang-HSsrc,arc labels,,0.5295227612233666,0.2088607594936709,0.8354430379746836
Left,contig,Ang,PTT,HTL,0,0.1,1,401,79,80,24,QOTc-Ang-PCA,arc labels,64.0,0.46125874675682055,0.16666666666666666,0.34177215189873417
Left,contig,Ang,PTT,HTL,0,0.1,1,401,79,80,24,SDM-Ang-HS4,arc labels,,0.5083929554210237,0.20069204152249134,0.7341772151898734
Left,contig,Ang,PTT,HTL,0,0.1,1,401,79,80,24,SDM-Ang-HSsrc,arc labels,,0.38613491626700214,0.11891891891891893,0.27848101265822783
Left,contig,Ang,PTT,HTL,0,0.1,1,401,79,80,24,SDM-Ang-PCA,arc labels,64.0,0.5341025237833164,0.2215909090909091,0.4936708860759494
Left,contig,Ang,PTT,HTL,0,0.2,1,401,79,161,54,NoAdapt,nothing,,0.48103231386115264,0.1897590361445783,0.7974683544303798
Left,contig,Ang,PTT,HTL,0,0.2,1,401,79,161,54,TargetOnly,arc labels,,0.5843816337762402,0.2603550295857988,0.5569620253164557
Left,contig,Ang,PTT,HTL,0,0.2,1,401,79,161,54,Source+Target,arc labels,,0.45726865319600596,0.18042813455657492,0.7468354430379747
Left,contig,Ang,PTT,HTL,0,0.2,1,401,79,161,54,COT,arc labels,,0.42194748014781036,0.15450643776824036,0.45569620253164556
Left,contig,Ang,PTT,HTL,0,0.2,1,401,79,161,54,none-Ang-HS4,arc labels,,0.5129137510810597,0.2017291066282421,0.8860759493670886
Left,contig,Ang,PTT,HTL,0,0.2,1,401,79,161,54,none-Ang-HSsrc,nothing,,0.6045483135466625,0.25675675675675674,0.7215189873417721
Left,contig,Ang,PTT,HTL,0,0.2,1,401,79,161,54,none-Ang-PCA,arc segments,8.0,0.5615221322431009,0.22023809523809523,0.9367088607594937
Left,contig,Ang,PTT,HTL,0,0.2,1,401,79,161,54,QOTu-Ang-HS4,arc labels,,0.527164085226826,0.21296296296296297,0.5822784810126582
Left,contig,Ang,PTT,HTL,0,0.2,1,401,79,161,54,QOTu-Ang-HSsrc,arc segments,,0.6138650837329979,0.2638888888888889,0.7215189873417721
Left,contig,Ang,PTT,HTL,0,0.2,1,401,79,161,54,QOTu-Ang-PCA,arc segments,8.0,0.6235356553188144,0.26666666666666666,0.759493670886076
Left,contig,Ang,PTT,HTL,0,0.2,1,401,79,161,54,QOTc-Ang-HS4,arc labels,,0.5709961474958722,0.2413793103448276,0.620253164556962
Left,contig,Ang,PTT,HTL,0,0.2,1,401,79,161,54,QOTc-Ang-HSsrc,arc labels,,0.5049139083261263,0.19883040935672514,0.8607594936708861
Left,contig,Ang,PTT,HTL,0,0.2,1,401,79,161,54,QOTc-Ang-PCA,arc labels,64.0,0.4975823571035459,0.19387755102040816,0.24050632911392406
Left,contig,Ang,PTT,HTL,0,0.2,1,401,79,161,54,SDM-Ang-HS4,arc labels,,0.5551340514191367,0.25,0.4177215189873418
Left,contig,Ang,PTT,HTL,0,0.2,1,401,79,161,54,SDM-Ang-HSsrc,arc labels,,0.6119584873024608,0.26732673267326734,0.6835443037974683
Left,contig,Ang,PTT,HTL,0,0.2,1,401,79,161,54,SDM-Ang-PCA,arc labels,64.0,0.5061522132243101,0.20103092783505155,0.4936708860759494
Left,contig,Ang,PTT,HTL,0,0.3,1,401,79,241,63,NoAdapt,nothing,,0.48103231386115264,0.1897590361445783,0.7974683544303798
Left,contig,Ang,PTT,HTL,0,0.3,1,401,79,241,63,TargetOnly,arc labels,,0.5504560106926646,0.22885572139303484,0.5822784810126582
Left,contig,Ang,PTT,HTL,0,0.3,1,401,79,241,63,Source+Target,arc labels,,0.47303247110621904,0.18654434250764526,0.7721518987341772
Left,contig,Ang,PTT,HTL,0,0.3,1,401,79,241,63,COT,arc labels,,0.4844130827895275,0.1875,0.4936708860759494
Left,contig,Ang,PTT,HTL,0,0.3,1,401,79,241,63,none-Ang-HS4,arc labels,,0.509926094818775,0.20056497175141244,0.8987341772151899
Left,contig,Ang,PTT,HTL,0,0.3,1,401,79,241,63,none-Ang-HSsrc,nothing,,0.6045483135466625,0.25675675675675674,0.7215189873417721
Left,contig,Ang,PTT,HTL,0,0.3,1,401,79,241,63,none-Ang-PCA,arc segments,8.0,0.5553109521188773,0.21764705882352942,0.9367088607594937
Left,contig,Ang,PTT,HTL,0,0.3,1,401,79,241,63,QOTu-Ang-HS4,arc labels,,0.5790942684173285,0.23297491039426524,0.8227848101265823
Left,contig,Ang,PTT,HTL,0,0.3,1,401,79,241,63,QOTu-Ang-HSsrc,arc segments,,0.5861506407736458,0.24180327868852458,0.7468354430379747
Left,contig,Ang,PTT,HTL,0,0.3,1,401,79,241,63,QOTu-Ang-PCA,arc segments,8.0,0.5940325497287523,0.2459016393442623,0.759493670886076
Left,contig,Ang,PTT,HTL,0,0.3,1,401,79,241,63,QOTc-Ang-HS4,arc labels,,0.5037542259611605,0.19911504424778761,0.569620253164557
Left,contig,Ang,PTT,HTL,0,0.3,1,401,79,241,63,QOTc-Ang-HSsrc,arc labels,,0.5547212831197421,0.21904761904761905,0.8734177215189873
Left,contig,Ang,PTT,HTL,0,0.3,1,401,79,241,63,QOTc-Ang-PCA,arc labels,64.0,0.48897318971617265,0.1865671641791045,0.31645569620253167
Left,contig,Ang,PTT,HTL,0,0.3,1,401,79,241,63,SDM-Ang-HS4,arc labels,,0.4987616951018162,0.19594594594594594,0.3670886075949367
Left,contig,Ang,PTT,HTL,0,0.3,1,401,79,241,63,SDM-Ang-HSsrc,arc labels,,0.614218885132479,0.2597402597402597,0.759493670886076
Left,contig,Ang,PTT,HTL,0,0.3,1,401,79,241,63,SDM-Ang-PCA,arc labels,64.0,0.4750963126031921,0.1822429906542056,0.4936708860759494
Left,contig,Ang,PTT,HTL,0,0.5,1,401,79,391,88,NoAdapt,nothing,,0.48103231386115264,0.1897590361445783,0.7974683544303798
Left,contig,Ang,PTT,HTL,0,0.5,1,401,79,391,88,TargetOnly,arc labels,,0.5411392405063291,0.2222222222222222,0.5822784810126582
Left,contig,Ang,PTT,HTL,0,0.5,1,401,79,391,88,Source+Target,arc labels,,0.4461632203789606,0.17592592592592593,0.7215189873417721
Left,contig,Ang,PTT,HTL,0,0.5,1,401,79,391,88,COT,arc labels,,0.4712831197421181,0.1774193548387097,0.4177215189873418
Left,contig,Ang,PTT,HTL,0,0.5,1,401,79,391,88,none-Ang-HS4,arc labels,,0.5014545168645335,0.19756838905775076,0.8227848101265823
Left,contig,Ang,PTT,HTL,0,0.5,1,401,79,391,88,none-Ang-HSsrc,nothing,,0.6045483135466625,0.25675675675675674,0.7215189873417721
Left,contig,Ang,PTT,HTL,0,0.5,1,401,79,391,88,none-Ang-PCA,arc segments,64.0,0.4771601541001651,0.16831683168316833,0.21518987341772153
Left,contig,Ang,PTT,HTL,0,0.5,1,401,79,391,88,QOTu-Ang-HS4,arc labels,,0.5552126739523547,0.22304832713754646,0.759493670886076
Left,contig,Ang,PTT,HTL,0,0.5,1,401,79,391,88,QOTu-Ang-HSsrc,arc segments,,0.6003616636528029,0.24897959183673468,0.7721518987341772
Left,contig,Ang,PTT,HTL,0,0.5,1,401,79,391,88,QOTu-Ang-PCA,arc segments,16.0,0.5080588096548471,0.20192307692307693,0.5316455696202531
Left,contig,Ang,PTT,HTL,0,0.5,1,401,79,391,88,QOTc-Ang-HS4,arc labels,,0.5269085619938674,0.20955882352941177,0.7215189873417721
Left,contig,Ang,PTT,HTL,0,0.5,1,401,79,391,88,QOTc-Ang-HSsrc,arc labels,,0.5202059910370312,0.20496894409937888,0.8354430379746836
Left,contig,Ang,PTT,HTL,0,0.5,1,401,79,391,88,QOTc-Ang-PCA,arc labels,64.0,0.47953848573001023,0.17777777777777778,0.3037974683544304
Left,contig,Ang,PTT,HTL,0,0.5,1,401,79,391,88,SDM-Ang-HS4,arc labels,,0.45742589826244207,0.17,0.43037974683544306
Left,contig,Ang,PTT,HTL,0,0.5,1,401,79,391,88,SDM-Ang-HSsrc,arc labels,,0.5824553817123987,0.24434389140271492,0.6835443037974683
Left,contig,Ang,PTT,HTL,0,0.5,1,401,79,391,88,SDM-Ang-PCA,arc labels,64.0,0.4682954634798333,0.17616580310880828,0.43037974683544306
Left,contig,Ang,PTT,HTL,1,0.05,1,401,69,40,21,NoAdapt,nothing,,0.45577964030033175,0.15759312320916904,0.7971014492753623
Left,contig,Ang,PTT,HTL,1,0.05,1,401,69,40,21,TargetOnly,arc labels,,0.4589226471101799,0.14736842105263157,0.4057971014492754
Left,contig,Ang,PTT,HTL,1,0.05,1,401,69,40,21,Source+Target,arc labels,,0.4367688143879867,0.15142857142857144,0.7681159420289855
Left,contig,Ang,PTT,HTL,1,0.05,1,401,69,40,21,COT,arc labels,,0.4918150864326873,0.16966580976863754,0.9565217391304348
Left,contig,Ang,PTT,HTL,1,0.05,1,401,69,40,21,none-Ang-HS4,arc labels,,0.5306006635236599,0.18235294117647058,0.8985507246376812
Left,contig,Ang,PTT,HTL,1,0.05,1,401,69,40,21,none-Ang-HSsrc,nothing,,0.5809760782259473,0.21212121212121213,0.7101449275362319
Left,contig,Ang,PTT,HTL,1,0.05,1,401,69,40,21,none-Ang-PCA,arc segments,16.0,0.5946176008381352,0.2151394422310757,0.782608695652174
Left,contig,Ang,PTT,HTL,1,0.05,1,401,69,40,21,QOTu-Ang-HS4,arc labels,,0.6025187707351143,0.21561338289962825,0.8405797101449275
Left,contig,Ang,PTT,HTL,1,0.05,1,401,69,40,21,QOTu-Ang-HSsrc,arc segments,,0.572594726733019,0.2047244094488189,0.7536231884057971
Left,contig,Ang,PTT,HTL,1,0.05,1,401,69,40,21,QOTu-Ang-PCA,arc segments,16.0,0.5839008206740004,0.22,0.6376811594202898
Left,contig,Ang,PTT,HTL,1,0.05,1,401,69,40,21,QOTc-Ang-HS4,arc labels,,0.570062860136197,0.20930232558139536,0.6521739130434783
Left,contig,Ang,PTT,HTL,1,0.05,1,401,69,40,21,QOTc-Ang-HSsrc,arc labels,,0.5098000698445958,0.1752873563218391,0.8840579710144928
Left,contig,Ang,PTT,HTL,1,0.05,1,401,69,40,21,QOTc-Ang-PCA,arc labels,64.0,0.5752575519469181,0.23529411764705882,0.463768115942029
Left,contig,Ang,PTT,HTL,1,0.05,1,401,69,40,21,SDM-Ang-HS4,arc labels,,0.5430417321459752,0.19083969465648856,0.7246376811594203
Left,contig,Ang,PTT,HTL,1,0.05,1,401,69,40,21,SDM-Ang-HSsrc,arc labels,,0.5443513183167452,0.1891891891891892,0.8115942028985508
Left,contig,Ang,PTT,HTL,1,0.05,1,401,69,40,21,SDM-Ang-PCA,arc labels,32.0,0.4769949362668064,0.15730337078651685,0.4057971014492754
Left,contig,Ang,PTT,HTL,1,0.1,1,401,69,80,34,NoAdapt,nothing,,0.45577964030033175,0.15759312320916904,0.7971014492753623
Left,contig,Ang,PTT,HTL,1,0.1,1,401,69,80,34,TargetOnly,arc labels,,0.42325825039287585,0.12138728323699421,0.30434782608695654
Left,contig,Ang,PTT,HTL,1,0.1,1,401,69,80,34,Source+Target,arc labels,,0.4427929107735289,0.1531791907514451,0.7681159420289855
Left,contig,Ang,PTT,HTL,1,0.1,1,401,69,80,34,COT,arc labels,,0.4790247948314999,0.16524216524216523,0.8405797101449275
Left,contig,Ang,PTT,HTL,1,0.1,1,401,69,80,34,none-Ang-HS4,arc labels,,0.5408590885280251,0.18584070796460178,0.9130434782608695
Left,contig,Ang,PTT,HTL,1,0.1,1,401,69,80,34,none-Ang-HSsrc,nothing,,0.5809760782259473,0.21212121212121213,0.7101449275362319
Left,contig,Ang,PTT,HTL,1,0.1,1,401,69,80,34,none-Ang-PCA,arc segments,16.0,0.6007290029683954,0.213768115942029,0.855072463768116
Left,contig,Ang,PTT,HTL,1,0.1,1,401,69,80,34,QOTu-Ang-HS4,arc labels,,0.5750392875851231,0.20454545454545456,0.782608695652174
Left,contig,Ang,PTT,HTL,1,0.1,1,401,69,80,34,QOTu-Ang-HSsrc,arc segments,,0.5750392875851231,0.20454545454545456,0.782608695652174
Left,contig,Ang,PTT,HTL,1,0.1,1,401,69,80,34,QOTu-Ang-PCA,arc segments,16.0,0.53627553693033,0.19090909090909092,0.6086956521739131
Left,contig,Ang,PTT,HTL,1,0.1,1,401,69,80,34,QOTc-Ang-HS4,arc labels,,0.49598393574297184,0.17037037037037037,0.6666666666666666
Left,contig,Ang,PTT,HTL,1,0.1,1,401,69,80,34,QOTc-Ang-HSsrc,arc labels,,0.5025536930330016,0.1729106628242075,0.8695652173913043
Left,contig,Ang,PTT,HTL,1,0.1,1,401,69,80,34,QOTc-Ang-PCA,arc labels,64.0,0.4841540073336826,0.16,0.34782608695652173
Left,contig,Ang,PTT,HTL,1,0.1,1,401,69,80,34,SDM-Ang-HS4,arc labels,,0.4760345730749084,0.16153846153846155,0.6086956521739131
Left,contig,Ang,PTT,HTL,1,0.1,1,401,69,80,34,SDM-Ang-HSsrc,arc labels,,0.41365461847389556,0.12041884816753927,0.3333333333333333
Left,contig,Ang,PTT,HTL,1,0.1,1,401,69,80,34,SDM-Ang-PCA,arc labels,64.0,0.5020298585646935,0.17341040462427745,0.43478260869565216
Left,contig,Ang,PTT,HTL,1,0.2,1,401,69,161,55,NoAdapt,nothing,,0.45577964030033175,0.15759312320916904,0.7971014492753623
Left,contig,Ang,PTT,HTL,1,0.2,1,401,69,161,55,TargetOnly,arc labels,,0.6134538152610441,0.23958333333333334,0.6666666666666666
Left,contig,Ang,PTT,HTL,1,0.2,1,401,69,161,55,Source+Target,arc labels,,0.447027239392352,0.15472779369627507,0.782608695652174
Left,contig,Ang,PTT,HTL,1,0.2,1,401,69,161,55,COT,arc labels,,0.47858826610790994,0.16019417475728157,0.4782608695652174
Left,contig,Ang,PTT,HTL,1,0.2,1,401,69,161,55,none-Ang-HS4,arc labels,,0.520058494848961,0.1786743515850144,0.8985507246376812
Left,contig,Ang,PTT,HTL,1,0.2,1,401,69,161,55,none-Ang-HSsrc,nothing,,0.5809760782259473,0.21212121212121213,0.7101449275362319
Left,contig,Ang,PTT,HTL,1,0.2,1,401,69,161,55,none-Ang-PCA,arc segments,16.0,0.591692858390082,0.20921985815602837,0.855072463768116
Left,contig,Ang,PTT,HTL,1,0.2,1,401,69,161,55,QOTu-Ang-HS4,arc labels,,0.5426706827309237,0.19246861924686193,0.6666666666666666
Left,contig,Ang,PTT,HTL,1,0.2,1,401,69,161,55,QOTu-Ang-HSsrc,arc segments,,0.6014929282346778,0.22270742358078602,0.7391304347826086
Left,contig,Ang,PTT,HTL,1,0.2,1,401,69,161,55,QOTu-Ang-PCA,arc segments,32.0,0.5518159594901344,0.20710059171597633,0.5072463768115942
Left,contig,Ang,PTT,HTL,1,0.2,1,401,69,161,55,QOTc-Ang-HS4,arc labels,,0.5103020778767243,0.17757009345794392,0.5507246376811594
Left,contig,Ang,PTT,HTL,1,0.2,1,401,69,161,55,QOTc-Ang-HSsrc,arc labels,,0.520058494848961,0.1786743515850144,0.8985507246376812
Left,contig,Ang,PTT,HTL,1,0.2,1,401,69,161,55,QOTc-Ang-PCA,arc labels,64.0,0.49816657936092196,0.17098445595854922,0.4782608695652174
Left,contig,Ang,PTT,HTL,1,0.2,1,401,69,161,55,SDM-Ang-HS4,arc labels,,0.5487166055526453,0.2112676056338028,0.43478260869565216
Left,contig,Ang,PTT,HTL,1,0.2,1,401,69,161,55,SDM-Ang-HSsrc,arc labels,,0.5930242709970316,0.21973094170403587,0.7101449275362319
Left,contig,Ang,PTT,HTL,1,0.2,1,401,69,161,55,SDM-Ang-PCA,arc labels,64.0,0.4969442989348699,0.1702127659574468,0.463768115942029
Left,contig,Ang,PTT,HTL,1,0.3,1,401,69,241,73,NoAdapt,nothing,,0.45577964030033175,0.15759312320916904,0.7971014492753623
Left,contig,Ang,PTT,HTL,1,0.3,1,401,69,241,73,TargetOnly,arc labels,,0.5606556661428321,0.20707070707070707,0.5942028985507246
Left,contig,Ang,PTT,HTL,1,0.3,1,401,69,241,73,Source+Target,arc labels,,0.47629649030906235,0.1642651296829971,0.8260869565217391
Left,contig,Ang,PTT,HTL,1,0.3,1,401,69,241,73,COT,arc labels,,0.5090797974506722,0.17703349282296652,0.5362318840579711
Left,contig,Ang,PTT,HTL,1,0.3,1,401,69,241,73,none-Ang-HS4,arc labels,,0.5483892090099528,0.18862275449101795,0.9130434782608695
Left,contig,Ang,PTT,HTL,1,0.3,1,401,69,241,73,none-Ang-HSsrc,nothing,,0.5809760782259473,0.21212121212121213,0.7101449275362319
Left,contig,Ang,PTT,HTL,1,0.3,1,401,69,241,73,none-Ang-PCA,arc segments,64.0,0.5069408067050812,0.18,0.2608695652173913
Left,contig,Ang,PTT,HTL,1,0.3,1,401,69,241,73,QOTu-Ang-HS4,arc labels,,0.5550899249170596,0.1968503937007874,0.7246376811594203
Left,contig,Ang,PTT,HTL,1,0.3,1,401,69,241,73,QOTu-Ang-HSsrc,arc segments,,0.5900995285489785,0.2125984251968504,0.782608695652174
Left,contig,Ang,PTT,HTL,1,0.3,1,401,69,241,73,QOTu-Ang-PCA,arc segments,32.0,0.555199057097957,0.20526315789473684,0.5652173913043478
Left,contig,Ang,PTT,HTL,1,0.3,1,401,69,241,73,QOTc-Ang-HS4,arc labels,,0.5340055875676619,0.1865671641791045,0.7246376811594203
Left,contig,Ang,PTT,HTL,1,0.3,1,401,69,241,73,QOTc-Ang-HSsrc,arc labels,,0.5329579186310459,0.1838006230529595,0.855072463768116
Left,contig,Ang,PTT,HTL,1,0.3,1,401,69,241,73,QOTc-Ang-PCA,arc labels,64.0,0.5483455561375938,0.2184873949579832,0.37681159420289856
Left,contig,Ang,PTT,HTL,1,0.3,1,401,69,241,73,SDM-Ang-HS4,arc labels,,0.49543827483848435,0.1693121693121693,0.463768115942029
Left,contig,Ang,PTT,HTL,1,0.3,1,401,69,241,73,SDM-Ang-HSsrc,arc labels,,0.6016893661602933,0.23195876288659795,0.6521739130434783
Left,contig,Ang,PTT,HTL,1,0.3,1,401,69,241,73,SDM-Ang-PCA,arc labels,64.0,0.5549153134276236,0.20408163265306123,0.5797101449275363
Left,contig,Ang,PTT,HTL,1,0.5,1,401,69,380,94,NoAdapt,nothing,,0.45577964030033175,0.15759312320916904,0.7971014492753623
Left,contig,Ang,PTT,HTL,1,0.5,1,401,69,380,94,TargetOnly,arc labels,,0.5473851929456959,0.19900497512437812,0.5797101449275363
Left,contig,Ang,PTT,HTL,1,0.5,1,401,69,380,94,Source+Target,arc labels,,0.4732844421162913,0.16332378223495703,0.8260869565217391
Left,contig,Ang,PTT,HTL,1,0.5,1,401,69,380,94,COT,arc labels,,0.5247948314999127,0.18518518518518517,0.5797101449275363
Left,contig,Ang,PTT,HTL,1,0.5,1,401,69,380,94,none-Ang-HS4,arc labels,,0.5417976252837436,0.18571428571428572,0.9420289855072463
Left,contig,Ang,PTT,HTL,1,0.5,1,401,69,380,94,none-Ang-HSsrc,nothing,,0.5809760782259473,0.21212121212121213,0.7101449275362319
Left,contig,Ang,PTT,HTL,1,0.5,1,401,69,380,94,none-Ang-PCA,arc segments,16.0,0.5621616902392177,0.20812182741116753,0.5942028985507246
Left,contig,Ang,PTT,HTL,1,0.5,1,401,69,380,94,QOTu-Ang-HS4,arc labels,,0.589903090623363,0.20761245674740483,0.8695652173913043
Left,contig,Ang,PTT,HTL,1,0.5,1,401,69,380,94,QOTu-Ang-HSsrc,arc segments,,0.5792736162039462,0.20599250936329588,0.7971014492753623
Left,contig,Ang,PTT,HTL,1,0.5,1,401,69,380,94,QOTu-Ang-PCA,arc segments,32.0,0.5313864152261218,0.19,0.5507246376811594
Left,contig,Ang,PTT,HTL,1,0.5,1,401,69,380,94,QOTc-Ang-HS4,arc labels,,0.5116989697922123,0.17689530685920576,0.7101449275362319
Left,contig,Ang,PTT,HTL,1,0.5,1,401,69,380,94,QOTc-Ang-HSsrc,arc labels,,0.5284398463418893,0.18209876543209877,0.855072463768116
Left,contig,Ang,PTT,HTL,1,0.5,1,401,69,380,94,QOTc-Ang-PCA,arc labels,64.0,0.5535184215121355,0.21804511278195488,0.42028985507246375
Left,contig,Ang,PTT,HTL,1,0.5,1,401,69,380,94,SDM-Ang-HS4,arc labels,,0.47162563296664917,0.15577889447236182,0.4492753623188406
Left,contig,Ang,PTT,HTL,1,0.5,1,401,69,380,94,SDM-Ang-HSsrc,arc labels,,0.5821983586519993,0.211864406779661,0.7246376811594203
Left,contig,Ang,PTT,HTL,1,0.5,1,401,69,380,94,SDM-Ang-PCA,arc labels,64.0,0.5204731971363716,0.18478260869565216,0.4927536231884058
Left,contig,Ang,PTT,HTL,2,0.05,1,401,68,40,20,NoAdapt,nothing,,0.48098834128245893,0.1632047477744807,0.8088235294117647
Left,contig,Ang,PTT,HTL,2,0.05,1,401,68,40,20,TargetOnly,arc labels,,0.45544073485249953,0.14207650273224043,0.38235294117647056
Left,contig,Ang,PTT,HTL,2,0.05,1,401,68,40,20,Source+Target,arc labels,,0.48248984278396045,0.1636904761904762,0.8088235294117647
Left,contig,Ang,PTT,HTL,2,0.05,1,401,68,40,20,COT,arc labels,,0.5015015015015015,0.17,1.0
Left,contig,Ang,PTT,HTL,2,0.05,1,401,68,40,20,none-Ang-HS4,arc labels,,0.5521771771771772,0.19172932330827067,0.75
Left,contig,Ang,PTT,HTL,2,0.05,1,401,68,40,20,none-Ang-HSsrc,nothing,,0.5771285991874227,0.2102803738317757,0.6617647058823529
Left,contig,Ang,PTT,HTL,2,0.05,1,401,68,40,20,none-Ang-PCA,arc segments,8.0,0.5468556792086203,0.18435754189944134,0.9705882352941176
Left,contig,Ang,PTT,HTL,2,0.05,1,401,68,40,20,QOTu-Ang-HS4,arc labels,,0.5286610139551315,0.18536585365853658,0.5588235294117647
Left,contig,Ang,PTT,HTL,2,0.05,1,401,68,40,20,QOTu-Ang-HSsrc,arc segments,,0.5816331036919272,0.2132701421800948,0.6617647058823529
Left,contig,Ang,PTT,HTL,2,0.05,1,401,68,40,20,QOTu-Ang-PCA,arc segments,8.0,0.5989886945769298,0.20921985815602837,0.8676470588235294
Left,contig,Ang,PTT,HTL,2,0.05,1,401,68,40,20,QOTc-Ang-HS4,arc labels,,0.4691529765059177,0.13761467889908258,0.22058823529411764
Left,contig,Ang,PTT,HTL,2,0.05,1,401,68,40,20,QOTc-Ang-HSsrc,arc labels,,0.46853471118177004,0.14285714285714285,0.27941176470588236
Left,contig,Ang,PTT,HTL,2,0.05,1,401,68,40,20,QOTc-Ang-PCA,arc labels,32.0,0.5199611376081965,0.18090452261306533,0.5294117647058824
Left,contig,Ang,PTT,HTL,2,0.05,1,401,68,40,20,SDM-Ang-HS4,arc labels,,0.4991830065359477,0.16853932584269662,0.22058823529411764
Left,contig,Ang,PTT,HTL,2,0.05,1,401,68,40,20,SDM-Ang-HSsrc,arc labels,,0.4358770535241123,0.1411764705882353,0.5294117647058824
Left,contig,Ang,PTT,HTL,2,0.05,1,401,68,40,20,SDM-Ang-PCA,arc labels,64.0,0.4782282282282282,0.15813953488372093,0.5
Left,contig,Ang,PTT,HTL,2,0.1,1,401,68,80,37,NoAdapt,nothing,,0.48098834128245893,0.1632047477744807,0.8088235294117647
Left,contig,Ang,PTT,HTL,2,0.1,1,401,68,80,37,TargetOnly,arc labels,,0.4534755343578873,0.14356435643564355,0.4264705882352941
Left,contig,Ang,PTT,HTL,2,0.1,1,401,68,80,37,Source+Target,arc labels,,0.4691308956014838,0.1592920353982301,0.7941176470588235
Left,contig,Ang,PTT,HTL,2,0.1,1,401,68,80,37,COT,arc labels,,0.5,0.16957605985037408,1.0
Left,contig,Ang,PTT,HTL,2,0.1,1,401,68,80,37,none-Ang-HS4,arc labels,,0.6045310015898251,0.20945945945945946,0.9117647058823529
Left,contig,Ang,PTT,HTL,2,0.1,1,401,68,80,37,none-Ang-HSsrc,nothing,,0.5771285991874227,0.2102803738317757,0.6617647058823529
Left,contig,Ang,PTT,HTL,2,0.1,1,401,68,80,37,none-Ang-PCA,arc segments,32.0,0.5669713831478538,0.22,0.4852941176470588
Left,contig,Ang,PTT,HTL,2,0.1,1,401,68,80,37,QOTu-Ang-HS4,arc labels,,0.5520667726550079,0.19718309859154928,0.6176470588235294
Left,contig,Ang,PTT,HTL,2,0.1,1,401,68,80,37,QOTu-Ang-HSsrc,arc segments,,0.5919890478714008,0.21904761904761905,0.6764705882352942
Left,contig,Ang,PTT,HTL,2,0.1,1,401,68,80,37,QOTu-Ang-PCA,arc segments,32.0,0.5898692810457516,0.2127659574468085,0.7352941176470589
Left,contig,Ang,PTT,HTL,2,0.1,1,401,68,80,37,QOTc-Ang-HS4,arc labels,,0.44281045751633985,0.13953488372093023,0.4411764705882353
Left,contig,Ang,PTT,HTL,2,0.1,1,401,68,80,37,QOTc-Ang-HSsrc,arc labels,,0.4750485779897545,0.11538461538461539,0.08823529411764706
Left,contig,Ang,PTT,HTL,2,0.1,1,401,68,80,37,QOTc-Ang-PCA,arc labels,64.0,0.4584437378555026,0.143646408839779,0.38235294117647056
Left,contig,Ang,PTT,HTL,2,0.1,1,401,68,80,37,SDM-Ang-HS4,arc labels,,0.4818936583642466,0.15384615384615385,0.29411764705882354
Left,contig,Ang,PTT,HTL,2,0.1,1,401,68,80,37,SDM-Ang-HSsrc,arc labels,,0.5484896661367249,0.2,0.5294117647058824
Left,contig,Ang,PTT,HTL,2,0.1,1,401,68,80,37,SDM-Ang-PCA,arc labels,64.0,0.5315094506270976,0.18660287081339713,0.5735294117647058
Left,contig,Ang,PTT,HTL,2,0.2,1,401,68,161,56,NoAdapt,nothing,,0.48098834128245893,0.1632047477744807,0.8088235294117647
Left,contig,Ang,PTT,HTL,2,0.2,1,401,68,161,56,TargetOnly,arc labels,,0.47418742271683445,0.155,0.45588235294117646
Left,contig,Ang,PTT,HTL,2,0.2,1,401,68,161,56,Source+Target,arc labels,,0.4766384031089913,0.16167664670658682,0.7941176470588235
Left,contig,Ang,PTT,HTL,2,0.2,1,401,68,161,56,COT,arc labels,,0.48845168698109875,0.16624040920716113,0.9558823529411765
Left,contig,Ang,PTT,HTL,2,0.2,1,401,68,161,56,none-Ang-HS4,arc labels,,0.5624889595477831,0.19135802469135801,0.9117647058823529
Left,contig,Ang,PTT,HTL,2,0.2,1,401,68,161,56,none-Ang-HSsrc,nothing,,0.5771285991874227,0.2102803738317757,0.6617647058823529
Left,contig,Ang,PTT,HTL,2,0.2,1,401,68,161,56,none-Ang-PCA,arc segments,4.0,0.5527071188835895,0.18611111111111112,0.9852941176470589
Left,contig,Ang,PTT,HTL,2,0.2,1,401,68,161,56,QOTu-Ang-HS4,arc labels,,0.5542969440028264,0.1950207468879668,0.6911764705882353
Left,contig,Ang,PTT,HTL,2,0.2,1,401,68,161,56,QOTu-Ang-HSsrc,arc segments,,0.588831478537361,0.21559633027522937,0.6911764705882353
Left,contig,Ang,PTT,HTL,2,0.2,1,401,68,161,56,QOTu-Ang-PCA,arc segments,16.0,0.5229199788023318,0.1796875,0.6764705882352942
Left,contig,Ang,PTT,HTL,2,0.2,1,401,68,161,56,QOTc-Ang-HS4,arc labels,,0.44565889418830595,0.1415525114155251,0.45588235294117646
Left,contig,Ang,PTT,HTL,2,0.2,1,401,68,161,56,QOTc-Ang-HSsrc,arc labels,,0.5399664370252606,0.18289085545722714,0.9117647058823529
Left,contig,Ang,PTT,HTL,2,0.2,1,401,68,161,56,QOTc-Ang-PCA,arc labels,64.0,0.45616940469881645,0.14622641509433962,0.45588235294117646
Left,contig,Ang,PTT,HTL,2,0.2,1,401,68,161,56,SDM-Ang-HS4,arc labels,,0.4690646528881823,0.15418502202643172,0.5147058823529411
Left,contig,Ang,PTT,HTL,2,0.2,1,401,68,161,56,SDM-Ang-HSsrc,arc labels,,0.40335188129305777,0.115,0.3382352941176471
Left,contig,Ang,PTT,HTL,2,0.2,1,401,68,161,56,SDM-Ang-PCA,arc labels,64.0,0.45528616852146264,0.14285714285714285,0.39705882352941174
Left,contig,Ang,PTT,HTL,2,0.3,1,401,68,241,62,NoAdapt,nothing,,0.48098834128245893,0.1632047477744807,0.8088235294117647
Left,contig,Ang,PTT,HTL,2,0.3,1,401,68,241,62,TargetOnly,arc labels,,0.46787228404875464,0.1527777777777778,0.4852941176470588
Left,contig,Ang,PTT,HTL,2,0.3,1,401,68,241,62,Source+Target,arc labels,,0.48264440911499734,0.16363636363636364,0.7941176470588235
Left,contig,Ang,PTT,HTL,2,0.3,1,401,68,241,62,COT,arc labels,,0.49847641759406464,0.16883116883116883,0.5735294117647058
Left,contig,Ang,PTT,HTL,2,0.3,1,401,68,241,62,none-Ang-HS4,arc labels,,0.523604486839781,0.17732558139534885,0.8970588235294118
Left,contig,Ang,PTT,HTL,2,0.3,1,401,68,241,62,none-Ang-HSsrc,nothing,,0.5771285991874227,0.2102803738317757,0.6617647058823529
Left,contig,Ang,PTT,HTL,2,0.3,1,401,68,241,62,none-Ang-PCA,arc segments,8.0,0.551205617382088,0.18559556786703602,0.9852941176470589
Left,contig,Ang,PTT,HTL,2,0.3,1,401,68,241,62,QOTu-Ang-HS4,arc labels,,0.5849010775481364,0.20703125,0.7794117647058824
Left,contig,Ang,PTT,HTL,2,0.3,1,401,68,241,62,QOTu-Ang-HSsrc,arc segments,,0.570658894188306,0.2033898305084746,0.7058823529411765
Left,contig,Ang,PTT,HTL,2,0.3,1,401,68,241,62,QOTu-Ang-PCA,arc segments,16.0,0.5352411234764176,0.1864406779661017,0.6470588235294118
Left,contig,Ang,PTT,HTL,2,0.3,1,401,68,241,62,QOTc-Ang-HS4,arc labels,,0.4606297473944533,0.15298507462686567,0.6029411764705882
Left,contig,Ang,PTT,HTL,2,0.3,1,401,68,241,62,QOTc-Ang-HSsrc,arc labels,,0.5534799505387741,0.18787878787878787,0.9117647058823529
Left,contig,Ang,PTT,HTL,2,0.3,1,401,68,241,62,QOTc-Ang-PCA,arc labels,64.0,0.523736972266384,0.18562874251497005,0.45588235294117646
Left,contig,Ang,PTT,HTL,2,0.3,1,401,68,241,62,SDM-Ang-HS4,arc labels,,0.45736177353824414,0.14798206278026907,0.4852941176470588
Left,contig,Ang,PTT,HTL,2,0.3,1,401,68,241,62,SDM-Ang-HSsrc,arc labels,,0.4173290937996821,0.11560693641618497,0.29411764705882354
Left,contig,Ang,PTT,HTL,2,0.3,1,401,68,241,62,SDM-Ang-PCA,arc labels,64.0,0.4383059530118354,0.13761467889908258,0.4411764705882353
Left,contig,Ang,PTT,HTL,2,0.5,1,401,68,380,99,NoAdapt,nothing,,0.48098834128245893,0.1632047477744807,0.8088235294117647
Left,contig,Ang,PTT,HTL,2,0.5,1,401,68,380,99,TargetOnly,arc labels,,0.5283518812930578,0.18433179723502305,0.5882352941176471
Left,contig,Ang,PTT,HTL,2,0.5,1,401,68,380,99,Source+Target,arc labels,,0.4827989754460343,0.16358024691358025,0.7794117647058824
Left,contig,Ang,PTT,HTL,2,0.5,1,401,68,380,99,COT,arc labels,,0.47460695990107754,0.15767634854771784,0.5588235294117647
Left,contig,Ang,PTT,HTL,2,0.5,1,401,68,380,99,none-Ang-HS4,arc labels,,0.5574103515279986,0.1917808219178082,0.8235294117647058
Left,contig,Ang,PTT,HTL,2,0.5,1,401,68,380,99,none-Ang-HSsrc,nothing,,0.5771285991874227,0.2102803738317757,0.6617647058823529
Left,contig,Ang,PTT,HTL,2,0.5,1,401,68,380,99,none-Ang-PCA,arc segments,32.0,0.575362126832715,0.22023809523809523,0.5441176470588235
Left,contig,Ang,PTT,HTL,2,0.5,1,401,68,380,99,QOTu-Ang-HS4,arc labels,,0.5785859388800565,0.20220588235294118,0.8088235294117647
Left,contig,Ang,PTT,HTL,2,0.5,1,401,68,380,99,QOTu-Ang-HSsrc,arc segments,,0.585673909203321,0.21238938053097345,0.7058823529411765
Left,contig,Ang,PTT,HTL,2,0.5,1,401,68,380,99,QOTu-Ang-PCA,arc segments,16.0,0.558072778661014,0.20095693779904306,0.6176470588235294
Left,contig,Ang,PTT,HTL,2,0.5,1,401,68,380,99,QOTc-Ang-HS4,arc labels,,0.5173335099805688,0.1760797342192691,0.7794117647058824
Left,contig,Ang,PTT,HTL,2,0.5,1,401,68,380,99,QOTc-Ang-HSsrc,arc labels,,0.5344241300123653,0.18153846153846154,0.8676470588235294
Left,contig,Ang,PTT,HTL,2,0.5,1,401,68,380,99,QOTc-Ang-PCA,arc labels,64.0,0.5061826532414768,0.17391304347826086,0.4117647058823529
Left,contig,Ang,PTT,HTL,2,0.5,1,401,68,380,99,SDM-Ang-HS4,arc labels,,0.4831964317258435,0.15979381443298968,0.45588235294117646
Left,contig,Ang,PTT,HTL,2,0.5,1,401,68,380,99,SDM-Ang-HSsrc,arc labels,,0.5934905493729024,0.22009569377990432,0.6764705882352942
Left,contig,Ang,PTT,HTL,2,0.5,1,401,68,380,99,SDM-Ang-PCA,arc labels,32.0,0.5469881646352235,0.19889502762430938,0.5294117647058824
Left,contig,Ang,PTT,HTL,3,0.05,1,401,79,40,4,NoAdapt,nothing,,0.5139948109128076,0.20245398773006135,0.8354430379746836
Left,contig,Ang,PTT,HTL,3,0.05,1,401,79,40,4,TargetOnly,arc labels,,0.5111643997169588,0.20388349514563106,0.5316455696202531
Left,contig,Ang,PTT,HTL,3,0.05,1,401,79,40,4,Source+Target,arc labels,,0.5045601069266452,0.19877675840978593,0.8227848101265823
Left,contig,Ang,PTT,HTL,3,0.05,1,401,79,40,4,COT,arc labels,,0.49502712477396027,0.19455252918287938,0.6329113924050633
Left,contig,Ang,PTT,HTL,3,0.05,1,401,79,40,4,none-Ang-HS4,arc labels,,0.5765783473543518,0.22875816993464052,0.8860759493670886
Left,contig,Ang,PTT,HTL,3,0.05,1,401,79,40,4,none-Ang-HSsrc,nothing,,0.5981012658227849,0.25462962962962965,0.6962025316455697
Left,contig,Ang,PTT,HTL,3,0.05,1,401,79,40,4,none-Ang-PCA,arc segments,4.0,0.5555664753518359,0.22183098591549297,0.7974683544303798
Left,contig,Ang,PTT,HTL,3,0.05,1,401,79,40,4,QOTu-Ang-HS4,arc labels,,0.5561757999842756,0.22633744855967078,0.6962025316455697
Left,contig,Ang,PTT,HTL,3,0.05,1,401,79,40,4,QOTu-Ang-HSsrc,arc segments,,0.5816298451136095,0.25268817204301075,0.5949367088607594
Left,contig,Ang,PTT,HTL,3,0.05,1,401,79,40,4,QOTu-Ang-PCA,arc segments,16.0,0.5762442015881751,0.24,0.6835443037974683
Left,contig,Ang,PTT,HTL,3,0.05,1,401,79,40,4,QOTc-Ang-HS4,arc labels,,0.5589668999135152,0.2765957446808511,0.3291139240506329
Left,contig,Ang,PTT,HTL,3,0.05,1,401,79,40,4,QOTc-Ang-HSsrc,arc labels,,0.43071389260161963,0.07142857142857142,0.06329113924050633
Left,contig,Ang,PTT,HTL,3,0.05,1,401,79,40,4,QOTc-Ang-PCA,arc labels,64.0,0.4982899599025081,0.1953125,0.31645569620253167
Left,contig,Ang,PTT,HTL,3,0.05,1,401,79,40,4,SDM-Ang-HS4,arc labels,,0.48362685745734724,0.14634146341463414,0.0759493670886076
Left,contig,Ang,PTT,HTL,3,0.05,1,401,79,40,4,SDM-Ang-HSsrc,arc labels,,0.414694551458448,0.1111111111111111,0.17721518987341772
Left,contig,Ang,PTT,HTL,3,0.05,1,401,79,40,4,SDM-Ang-PCA,arc labels,32.0,0.5107123201509554,0.20833333333333334,0.31645569620253167
Left,contig,Ang,PTT,HTL,3,0.1,1,401,79,80,16,NoAdapt,nothing,,0.5139948109128076,0.20245398773006135,0.8354430379746836
Left,contig,Ang,PTT,HTL,3,0.1,1,401,79,80,16,TargetOnly,arc labels,,0.49086013051340516,0.19158878504672897,0.5189873417721519
Left,contig,Ang,PTT,HTL,3,0.1,1,401,79,80,16,Source+Target,arc labels,,0.5014545168645335,0.19756838905775076,0.8227848101265823
Left,contig,Ang,PTT,HTL,3,0.1,1,401,79,80,16,COT,arc labels,,0.4927667269439421,0.19298245614035087,0.5569620253164557
Left,contig,Ang,PTT,HTL,3,0.1,1,401,79,80,16,none-Ang-HS4,arc labels,,0.5765783473543518,0.22875816993464052,0.8860759493670886
Left,contig,Ang,PTT,HTL,3,0.1,1,401,79,80,16,none-Ang-HSsrc,nothing,,0.5981012658227849,0.25462962962962965,0.6962025316455697
Left,contig,Ang,PTT,HTL,3,0.1,1,401,79,80,16,none-Ang-PCA,arc segments,4.0,0.570013365830647,0.2271186440677966,0.8481012658227848
Left,contig,Ang,PTT,HTL,3,0.1,1,401,79,80,16,QOTu-Ang-HS4,arc labels,,0.587094111172262,0.23591549295774647,0.8481012658227848
Left,contig,Ang,PTT,HTL,3,0.1,1,401,79,80,16,QOTu-Ang-HSsrc,arc segments,,0.5933249469297901,0.2523364485981308,0.6835443037974683
Left,contig,Ang,PTT,HTL,3,0.1,1,401,79,80,16,QOTu-Ang-PCA,arc segments,32.0,0.5135623869801085,0.20689655172413793,0.45569620253164556
Left,contig,Ang,PTT,HTL,3,0.1,1,401,79,80,16,QOTc-Ang-HS4,arc labels,,0.4527675131692743,0.16748768472906403,0.43037974683544306
Left,contig,Ang,PTT,HTL,3,0.1,1,401,79,80,16,QOTc-Ang-HSsrc,arc labels,,0.43071389260161963,0.07142857142857142,0.06329113924050633
Left,contig,Ang,PTT,HTL,3,0.1,1,401,79,80,16,QOTc-Ang-PCA,arc labels,64.0,0.42613413004166995,0.1523809523809524,0.4050632911392405
Left,contig,Ang,PTT,HTL,3,0.1,1,401,79,80,16,SDM-Ang-HS4,arc labels,,0.43796682129098197,0.15254237288135594,0.34177215189873417
Left,contig,Ang,PTT,HTL,3,0.1,1,401,79,80,16,SDM-Ang-HSsrc,arc labels,,0.37719160311345235,0.08571428571428572,0.1518987341772152
Left,contig,Ang,PTT,HTL,3,0.1,1,401,79,80,16,SDM-Ang-PCA,arc labels,64.0,0.5087860680871138,0.20348837209302326,0.4430379746835443
Left,contig,Ang,PTT,HTL,3,0.2,1,401,79,161,35,NoAdapt,nothing,,0.5139948109128076,0.20245398773006135,0.8354430379746836
Left,contig,Ang,PTT,HTL,3,0.2,1,401,79,161,35,TargetOnly,arc labels,,0.5172576460413554,0.20812182741116753,0.5189873417721519
Left,contig,Ang,PTT,HTL,3,0.2,1,401,79,161,35,Source+Target,arc labels,,0.5323924836858244,0.21052631578947367,0.810126582278481
Left,contig,Ang,PTT,HTL,3,0.2,1,401,79,161,35,COT,arc labels,,0.494201588175171,0.19369369369369369,0.5443037974683544
Left,contig,Ang,PTT,HTL,3,0.2,1,401,79,161,35,none-Ang-HS4,arc labels,,0.5518712162905889,0.2222222222222222,0.7341772151898734
Left,contig,Ang,PTT,HTL,3,0.2,1,401,79,161,35,none-Ang-HSsrc,nothing,,0.5981012658227849,0.25462962962962965,0.6962025316455697
Left,contig,Ang,PTT,HTL,3,0.2,1,401,79,161,35,none-Ang-PCA,arc segments,4.0,0.5775218177529681,0.2254335260115607,0.9873417721518988
Left,contig,Ang,PTT,HTL,3,0.2,1,401,79,161,35,QOTu-Ang-HS4,arc labels,,0.5390950546426606,0.21653543307086615,0.6962025316455697
Left,contig,Ang,PTT,HTL,3,0.2,1,401,79,161,35,QOTu-Ang-HSsrc,arc segments,,0.5788780564509789,0.24630541871921183,0.6329113924050633
Left,contig,Ang,PTT,HTL,3,0.2,1,401,79,161,35,QOTu-Ang-PCA,arc segments,16.0,0.5048156301596037,0.1992619926199262,0.6835443037974683
Left,contig,Ang,PTT,HTL,3,0.2,1,401,79,161,35,QOTc-Ang-HS4,arc labels,,0.4832140891579526,0.1875,0.5316455696202531
Left,contig,Ang,PTT,HTL,3,0.2,1,401,79,161,35,QOTc-Ang-HSsrc,arc labels,,0.44014859658778205,0.08695652173913043,0.0759493670886076
Left,contig,Ang,PTT,HTL,3,0.2,1,401,79,161,35,QOTc-Ang-PCA,arc labels,64.0,0.5008845034987027,0.19747899159663865,0.5949367088607594
Left,contig,Ang,PTT,HTL,3,0.2,1,401,79,161,35,SDM-Ang-HS4,arc labels,,0.473071782372828,0.1794871794871795,0.4430379746835443
Left,contig,Ang,PTT,HTL,3,0.2,1,401,79,161,35,SDM-Ang-HSsrc,arc labels,,0.6056293733784103,0.263681592039801,0.6708860759493671
Left,contig,Ang,PTT,HTL,3,0.2,1,401,79,161,35,SDM-Ang-PCA,arc labels,64.0,0.42123987734884816,0.1477832512315271,0.379746835443038
Left,contig,Ang,PTT,HTL,3,0.3,1,401,79,241,50,NoAdapt,nothing,,0.5139948109128076,0.20245398773006135,0.8354430379746836
Left,contig,Ang,PTT,HTL,3,0.3,1,401,79,241,50,TargetOnly,arc labels,,0.5020834971302776,0.1981981981981982,0.5569620253164557
Left,contig,Ang,PTT,HTL,3,0.3,1,401,79,241,50,Source+Target,arc labels,,0.5405102602405849,0.21337579617834396,0.8481012658227848
Left,contig,Ang,PTT,HTL,3,0.3,1,401,79,241,50,COT,arc labels,,0.5140144665461122,0.20384615384615384,0.6708860759493671
Left,contig,Ang,PTT,HTL,3,0.3,1,401,79,241,50,none-Ang-HS4,arc labels,,0.5589079330136018,0.2226027397260274,0.8227848101265823
Left,contig,Ang,PTT,HTL,3,0.3,1,401,79,241,50,none-Ang-HSsrc,nothing,,0.5981012658227849,0.25462962962962965,0.6962025316455697
Left,contig,Ang,PTT,HTL,3,0.3,1,401,79,241,50,none-Ang-PCA,arc segments,64.0,0.5150169038446418,0.21568627450980393,0.27848101265822783
Left,contig,Ang,PTT,HTL,3,0.3,1,401,79,241,50,QOTu-Ang-HS4,arc labels,,0.5740820819246796,0.23220973782771537,0.7848101265822784
Left,contig,Ang,PTT,HTL,3,0.3,1,401,79,241,50,QOTu-Ang-HSsrc,arc segments,,0.5981012658227849,0.25462962962962965,0.6962025316455697
Left,contig,Ang,PTT,HTL,3,0.3,1,401,79,241,50,QOTu-Ang-PCA,arc segments,16.0,0.5262009591949053,0.21074380165289255,0.6455696202531646
Left,contig,Ang,PTT,HTL,3,0.3,1,401,79,241,50,QOTc-Ang-HS4,arc labels,,0.5045797625599496,0.19923371647509577,0.6582278481012658
Left,contig,Ang,PTT,HTL,3,0.3,1,401,79,241,50,QOTc-Ang-HSsrc,arc labels,,0.5203435804701627,0.20689655172413793,0.6835443037974683
Left,contig,Ang,PTT,HTL,3,0.3,1,401,79,241,50,QOTc-Ang-PCA,arc labels,64.0,0.5507115339256231,0.2413793103448276,0.4430379746835443
Left,contig,Ang,PTT,HTL,3,0.3,1,401,79,241,50,SDM-Ang-HS4,arc labels,,0.4889535340828681,0.19,0.4810126582278481
Left,contig,Ang,PTT,HTL,3,0.3,1,401,79,241,50,SDM-Ang-HSsrc,arc labels,,0.59869093482192,0.24896265560165975,0.759493670886076
Left,contig,Ang,PTT,HTL,3,0.3,1,401,79,241,50,SDM-Ang-PCA,arc labels,64.0,0.4752142464030191,0.182648401826484,0.5063291139240507
Left,contig,Ang,PTT,HTL,3,0.5,1,401,79,380,86,NoAdapt,nothing,,0.5139948109128076,0.20245398773006135,0.8354430379746836
Left,contig,Ang,PTT,HTL,3,0.5,1,401,79,380,86,TargetOnly,arc labels,,0.5651387687711298,0.23423423423423423,0.6582278481012658
Left,contig,Ang,PTT,HTL,3,0.5,1,401,79,380,86,Source+Target,arc labels,,0.5433799827030428,0.2152317880794702,0.8227848101265823
Left,contig,Ang,PTT,HTL,3,0.5,1,401,79,380,86,COT,arc labels,,0.5199897790706817,0.2073170731707317,0.6455696202531646
Left,contig,Ang,PTT,HTL,3,0.5,1,401,79,380,86,none-Ang-HS4,arc labels,,0.5983174777891344,0.23972602739726026,0.8860759493670886
Left,contig,Ang,PTT,HTL,3,0.5,1,401,79,380,86,none-Ang-HSsrc,nothing,,0.5981012658227849,0.25462962962962965,0.6962025316455697
Left,contig,Ang,PTT,HTL,3,0.5,1,401,79,380,86,none-Ang-PCA,arc segments,64.0,0.5125009827816652,0.20930232558139536,0.34177215189873417
Left,contig,Ang,PTT,HTL,3,0.5,1,401,79,380,86,QOTu-Ang-HS4,arc labels,,0.5712123594622218,0.22939068100358423,0.810126582278481
Left,contig,Ang,PTT,HTL,3,0.5,1,401,79,380,86,QOTu-Ang-HSsrc,arc segments,,0.5981012658227849,0.25462962962962965,0.6962025316455697
Left,contig,Ang,PTT,HTL,3,0.5,1,401,79,380,86,QOTu-Ang-PCA,arc segments,16.0,0.5565492570170611,0.234375,0.569620253164557
Left,contig,Ang,PTT,HTL,3,0.5,1,401,79,380,86,QOTc-Ang-HS4,arc labels,,0.5192625206384149,0.20567375886524822,0.7341772151898734
Left,contig,Ang,PTT,HTL,3,0.5,1,401,79,380,86,QOTc-Ang-HSsrc,arc labels,,0.5450507115339256,0.21568627450980393,0.8354430379746836
Left,contig,Ang,PTT,HTL,3,0.5,1,401,79,380,86,QOTc-Ang-PCA,arc labels,64.0,0.5142896454123752,0.21014492753623187,0.3670886075949367
Left,contig,Ang,PTT,HTL,3,0.5,1,401,79,380,86,SDM-Ang-HS4,arc labels,,0.5281272112587467,0.21578947368421053,0.5189873417721519
Left,contig,Ang,PTT,HTL,3,0.5,1,401,79,380,86,SDM-Ang-HSsrc,arc labels,,0.5857968393741646,0.2445414847161572,0.7088607594936709
Left,contig,Ang,PTT,HTL,3,0.5,1,401,79,380,86,SDM-Ang-PCA,arc labels,64.0,0.4998230993002595,0.19689119170984457,0.4810126582278481
Left,contig,Ang,PTT,HTL,4,0.05,0,401,76,40,0,NoAdapt,nothing,,0.5346356275303643,0.20241691842900303,0.881578947368421
Left,contig,Ang,PTT,HTL,4,0.05,0,401,76,40,0,TargetOnly,arc labels,,,,
Left,contig,Ang,PTT,HTL,4,0.05,0,401,76,40,0,Source+Target,arc labels,,,,
Left,contig,Ang,PTT,HTL,4,0.05,0,401,76,40,0,COT,arc labels,,,,
Left,contig,Ang,PTT,HTL,4,0.05,0,401,76,40,0,none-Ang-HS4,arc labels,,,,
Left,contig,Ang,PTT,HTL,4,0.05,0,401,76,40,0,none-Ang-HSsrc,nothing,,0.5586032388663967,0.22077922077922077,0.6710526315789473
Left,contig,Ang,PTT,HTL,4,0.05,0,401,76,40,0,none-Ang-PCA,arc segments,16.0,0.5983400809716599,0.24434389140271492,0.7105263157894737
Left,contig,Ang,PTT,HTL,4,0.05,0,401,76,40,0,QOTu-Ang-HS4,arc labels,,,,
Left,contig,Ang,PTT,HTL,4,0.05,0,401,76,40,0,QOTu-Ang-HSsrc,arc segments,,0.5375910931174088,0.2112676056338028,0.5921052631578947
Left,contig,Ang,PTT,HTL,4,0.05,0,401,76,40,0,QOTu-Ang-PCA,arc segments,16.0,0.5183805668016194,0.20224719101123595,0.47368421052631576
Left,contig,Ang,PTT,HTL,4,0.05,0,401,76,40,0,QOTc-Ang-HS4,arc labels,,,,
Left,contig,Ang,PTT,HTL,4,0.05,0,401,76,40,0,QOTc-Ang-HSsrc,arc labels,,,,
Left,contig,Ang,PTT,HTL,4,0.05,0,401,76,40,0,QOTc-Ang-PCA,arc labels,,,,
Left,contig,Ang,PTT,HTL,4,0.05,0,401,76,40,0,SDM-Ang-HS4,arc labels,,,,
Left,contig,Ang,PTT,HTL,4,0.05,0,401,76,40,0,SDM-Ang-HSsrc,arc labels,,,,
Left,contig,Ang,PTT,HTL,4,0.05,0,401,76,40,0,SDM-Ang-PCA,arc labels,,,,
Left,contig,Ang,PTT,HTL,4,0.1,1,401,76,80,4,NoAdapt,nothing,,0.5346356275303643,0.20241691842900303,0.881578947368421
Left,contig,Ang,PTT,HTL,4,0.1,1,401,76,80,4,TargetOnly,arc labels,,0.43236842105263157,0.10784313725490197,0.14473684210526316
Left,contig,Ang,PTT,HTL,4,0.1,1,401,76,80,4,Source+Target,arc labels,,0.5273076923076923,0.20141342756183744,0.75
Left,contig,Ang,PTT,HTL,4,0.1,1,401,76,80,4,COT,arc labels,,0.43663967611336035,0.16393442622950818,0.6578947368421053
Left,contig,Ang,PTT,HTL,4,0.1,1,401,76,80,4,none-Ang-HS4,arc labels,,0.5190283400809717,0.1984732824427481,0.6842105263157895
Left,contig,Ang,PTT,HTL,4,0.1,1,401,76,80,4,none-Ang-HSsrc,nothing,,0.5586032388663967,0.22077922077922077,0.6710526315789473
Left,contig,Ang,PTT,HTL,4,0.1,1,401,76,80,4,none-Ang-PCA,arc segments,8.0,0.5453036437246964,0.20498614958448755,0.9736842105263158
Left,contig,Ang,PTT,HTL,4,0.1,1,401,76,80,4,QOTu-Ang-HS4,arc labels,,0.5154655870445344,0.19900497512437812,0.5263157894736842
Left,contig,Ang,PTT,HTL,4,0.1,1,401,76,80,4,QOTu-Ang-HSsrc,arc segments,,0.5597165991902835,0.2222222222222222,0.6578947368421053
Left,contig,Ang,PTT,HTL,4,0.1,1,401,76,80,4,QOTu-Ang-PCA,arc segments,16.0,0.5167408906882591,0.19907407407407407,0.5657894736842105
Left,contig,Ang,PTT,HTL,4,0.1,1,401,76,80,4,QOTc-Ang-HS4,arc labels,,0.4722064777327935,0.12727272727272726,0.09210526315789473
Left,contig,Ang,PTT,HTL,4,0.1,1,401,76,80,4,QOTc-Ang-HSsrc,arc labels,,0.44366396761133603,0.07936507936507936,0.06578947368421052
Left,contig,Ang,PTT,HTL,4,0.1,1,401,76,80,4,QOTc-Ang-PCA,arc labels,32.0,0.4684412955465587,0.1323529411764706,0.11842105263157894
Left,contig,Ang,PTT,HTL,4,0.1,1,401,76,80,4,SDM-Ang-HS4,arc labels,,0.42520242914979756,0.06666666666666667,0.06578947368421052
Left,contig,Ang,PTT,HTL,4,0.1,1,401,76,80,4,SDM-Ang-HSsrc,arc labels,,0.37093117408906884,0.0380952380952381,0.05263157894736842
Left,contig,Ang,PTT,HTL,4,0.1,1,401,76,80,4,SDM-Ang-PCA,arc labels,16.0,0.48520242914979755,0.1388888888888889,0.06578947368421052
Left,contig,Ang,PTT,HTL,4,0.2,1,401,76,161,9,NoAdapt,nothing,,0.5346356275303643,0.20241691842900303,0.881578947368421
Left,contig,Ang,PTT,HTL,4,0.2,1,401,76,161,9,TargetOnly,arc labels,,0.5704858299595141,0.22935779816513763,0.6578947368421053
Left,contig,Ang,PTT,HTL,4,0.2,1,401,76,161,9,Source+Target,arc labels,,0.5606275303643725,0.2150170648464164,0.8289473684210527
Left,contig,Ang,PTT,HTL,4,0.2,1,401,76,161,9,COT,arc labels,,0.4930769230769231,0.18536585365853658,0.5
Left,contig,Ang,PTT,HTL,4,0.2,1,401,76,161,9,none-Ang-HS4,arc labels,,0.5540485829959514,0.21232876712328766,0.8157894736842105
Left,contig,Ang,PTT,HTL,4,0.2,1,401,76,161,9,none-Ang-HSsrc,nothing,,0.5586032388663967,0.22077922077922077,0.6710526315789473
Left,contig,Ang,PTT,HTL,4,0.2,1,401,76,161,9,none-Ang-PCA,arc segments,8.0,0.5518825910931174,0.20718232044198895,0.9868421052631579
Left,contig,Ang,PTT,HTL,4,0.2,1,401,76,161,9,QOTu-Ang-HS4,arc labels,,0.561740890688259,0.21602787456445993,0.8157894736842105
Left,contig,Ang,PTT,HTL,4,0.2,1,401,76,161,9,QOTu-Ang-HSsrc,arc segments,,0.5597165991902835,0.2222222222222222,0.6578947368421053
Left,contig,Ang,PTT,HTL,4,0.2,1,401,76,161,9,QOTu-Ang-PCA,arc segments,16.0,0.5361133603238866,0.20588235294117646,0.7368421052631579
Left,contig,Ang,PTT,HTL,4,0.2,1,401,76,161,9,QOTc-Ang-HS4,arc labels,,0.5554251012145749,0.21481481481481482,0.7631578947368421
Left,contig,Ang,PTT,HTL,4,0.2,1,401,76,161,9,QOTc-Ang-HSsrc,arc labels,,0.5743117408906883,0.22433460076045628,0.7763157894736842
Left,contig,Ang,PTT,HTL,4,0.2,1,401,76,161,9,QOTc-Ang-PCA,arc labels,64.0,0.5012348178137652,0.19090909090909092,0.27631578947368424
Left,contig,Ang,PTT,HTL,4,0.2,1,401,76,161,9,SDM-Ang-HS4,arc labels,,0.4869230769230769,0.18181818181818182,0.5
Left,contig,Ang,PTT,HTL,4,0.2,1,401,76,161,9,SDM-Ang-HSsrc,arc labels,,0.5563157894736843,0.22702702702702704,0.5526315789473685
Left,contig,Ang,PTT,HTL,4,0.2,1,401,76,161,9,SDM-Ang-PCA,arc labels,64.0,0.48356275303643725,0.16216216216216217,0.15789473684210525
Left,contig,Ang,PTT,HTL,4,0.3,1,401,76,241,22,NoAdapt,nothing,,0.5346356275303643,0.20241691842900303,0.881578947368421
Left,contig,Ang,PTT,HTL,4,0.3,1,401,76,241,22,TargetOnly,arc labels,,0.5141902834008097,0.1989247311827957,0.4868421052631579
Left,contig,Ang,PTT,HTL,4,0.3,1,401,76,241,22,Source+Target,arc labels,,0.555587044534413,0.21305841924398625,0.8157894736842105
Left,contig,Ang,PTT,HTL,4,0.3,1,401,76,241,22,COT,arc labels,,0.45137651821862346,0.16113744075829384,0.4473684210526316
Left,contig,Ang,PTT,HTL,4,0.3,1,401,76,241,22,none-Ang-HS4,arc labels,,0.5312348178137651,0.2027491408934708,0.7763157894736842
Left,contig,Ang,PTT,HTL,4,0.3,1,401,76,241,22,none-Ang-HSsrc,nothing,,0.5586032388663967,0.22077922077922077,0.6710526315789473
Left,contig,Ang,PTT,HTL,4,0.3,1,401,76,241,22,none-Ang-PCA,arc segments,16.0,0.5690080971659919,0.22021660649819494,0.8026315789473685
Left,contig,Ang,PTT,HTL,4,0.3,1,401,76,241,22,QOTu-Ang-HS4,arc labels,,0.5565384615384615,0.2159090909090909,0.75
Left,contig,Ang,PTT,HTL,4,0.3,1,401,76,241,22,QOTu-Ang-HSsrc,arc segments,,0.5597165991902835,0.2222222222222222,0.6578947368421053
Left,contig,Ang,PTT,HTL,4,0.3,1,401,76,241,22,QOTu-Ang-PCA,arc segments,16.0,0.5418421052631579,0.20912547528517111,0.7236842105263158
Left,contig,Ang,PTT,HTL,4,0.3,1,401,76,241,22,QOTc-Ang-HS4,arc labels,,0.47732793522267203,0.1791044776119403,0.631578947368421
Left,contig,Ang,PTT,HTL,4,0.3,1,401,76,241,22,QOTc-Ang-HSsrc,arc labels,,0.4217004048582996,0.05555555555555555,0.05263157894736842
Left,contig,Ang,PTT,HTL,4,0.3,1,401,76,241,22,QOTc-Ang-PCA,arc labels,64.0,0.5072874493927125,0.1958041958041958,0.3684210526315789
Left,contig,Ang,PTT,HTL,4,0.3,1,401,76,241,22,SDM-Ang-HS4,arc labels,,0.44925101214574903,0.15591397849462366,0.3815789473684211
Left,contig,Ang,PTT,HTL,4,0.3,1,401,76,241,22,SDM-Ang-HSsrc,arc labels,,0.5877327935222673,0.23293172690763053,0.7631578947368421
Left,contig,Ang,PTT,HTL,4,0.3,1,401,76,241,22,SDM-Ang-PCA,arc labels,32.0,0.506336032388664,0.19411764705882353,0.4342105263157895
Left,contig,Ang,PTT,HTL,4,0.5,1,401,76,381,80,NoAdapt,nothing,,0.5346356275303643,0.20241691842900303,0.881578947368421
Left,contig,Ang,PTT,HTL,4,0.5,1,401,76,381,80,TargetOnly,arc labels,,0.5534008097165992,0.22115384615384615,0.6052631578947368
Left,contig,Ang,PTT,HTL,4,0.5,1,401,76,381,80,Source+Target,arc labels,,0.5849797570850203,0.22525597269624573,0.868421052631579
Left,contig,Ang,PTT,HTL,4,0.5,1,401,76,381,80,COT,arc labels,,0.5344129554655871,0.20634920634920634,0.6842105263157895
Left,contig,Ang,PTT,HTL,4,0.5,1,401,76,381,80,none-Ang-HS4,arc labels,,0.5483198380566802,0.20930232558139536,0.8289473684210527
Left,contig,Ang,PTT,HTL,4,0.5,1,401,76,381,80,none-Ang-HSsrc,nothing,,0.5586032388663967,0.22077922077922077,0.6710526315789473
Left,contig,Ang,PTT,HTL,4,0.5,1,401,76,381,80,none-Ang-PCA,arc segments,16.0,0.5900202429149797,0.2271186440677966,0.881578947368421
Left,contig,Ang,PTT,HTL,4,0.5,1,401,76,381,80,QOTu-Ang-HS4,arc labels,,0.542004048582996,0.20774647887323944,0.7763157894736842
Left,contig,Ang,PTT,HTL,4,0.5,1,401,76,381,80,QOTu-Ang-HSsrc,arc segments,,0.5717611336032389,0.22746781115879827,0.6973684210526315
Left,contig,Ang,PTT,HTL,4,0.5,1,401,76,381,80,QOTu-Ang-PCA,arc segments,16.0,0.5882591093117409,0.23963133640552994,0.6842105263157895
Left,contig,Ang,PTT,HTL,4,0.5,1,401,76,381,80,QOTc-Ang-HS4,arc labels,,0.5401417004048583,0.20987654320987653,0.6710526315789473
Left,contig,Ang,PTT,HTL,4,0.5,1,401,76,381,80,QOTc-Ang-HSsrc,arc labels,,0.4047773279352227,0.04819277108433735,0.05263157894736842
Left,contig,Ang,PTT,HTL,4,0.5,1,401,76,381,80,QOTc-Ang-PCA,arc labels,64.0,0.5271862348178138,0.20958083832335328,0.4605263157894737
Left,contig,Ang,PTT,HTL,4,0.5,1,401,76,381,80,SDM-Ang-HS4,arc labels,,0.49838056680161946,0.18848167539267016,0.47368421052631576
Left,contig,Ang,PTT,HTL,4,0.5,1,401,76,381,80,SDM-Ang-HSsrc,arc labels,,0.6053441295546559,0.24669603524229075,0.7368421052631579
Left,contig,Ang,PTT,HTL,4,0.5,1,401,76,381,80,SDM-Ang-PCA,arc labels,64.0,0.48427125506072877,0.18055555555555555,0.5131578947368421
Left,contig,Ang,PTT,HTL,5,0.05,0,401,91,40,1,NoAdapt,nothing,,0.5389578163771712,0.24277456647398843,0.9230769230769231
Left,contig,Ang,PTT,HTL,5,0.05,0,401,91,40,1,TargetOnly,arc labels,,,,
Left,contig,Ang,PTT,HTL,5,0.05,0,401,91,40,1,Source+Target,arc labels,,,,
Left,contig,Ang,PTT,HTL,5,0.05,0,401,91,40,1,COT,arc labels,,,,
Left,contig,Ang,PTT,HTL,5,0.05,0,401,91,40,1,none-Ang-HS4,arc labels,,,,
Left,contig,Ang,PTT,HTL,5,0.05,0,401,91,40,1,none-Ang-HSsrc,nothing,,0.5435306628855017,0.2532188841201717,0.6483516483516484
Left,contig,Ang,PTT,HTL,5,0.05,0,401,91,40,1,none-Ang-PCA,arc segments,16.0,0.548369372562921,0.2565217391304348,0.6483516483516484
Left,contig,Ang,PTT,HTL,5,0.05,0,401,91,40,1,QOTu-Ang-HS4,arc labels,,,,
Left,contig,Ang,PTT,HTL,5,0.05,0,401,91,40,1,QOTu-Ang-HSsrc,arc segments,,0.5461006735200283,0.2555066079295154,0.6373626373626373
Left,contig,Ang,PTT,HTL,5,0.05,0,401,91,40,1,QOTu-Ang-PCA,arc segments,32.0,0.48771712158808933,0.21374045801526717,0.3076923076923077
Left,contig,Ang,PTT,HTL,5,0.05,0,401,91,40,1,QOTc-Ang-HS4,arc labels,,,,
Left,contig,Ang,PTT,HTL,5,0.05,0,401,91,40,1,QOTc-Ang-HSsrc,arc labels,,,,
Left,contig,Ang,PTT,HTL,5,0.05,0,401,91,40,1,QOTc-Ang-PCA,arc labels,,,,
Left,contig,Ang,PTT,HTL,5,0.05,0,401,91,40,1,SDM-Ang-HS4,arc labels,,,,
Left,contig,Ang,PTT,HTL,5,0.05,0,401,91,40,1,SDM-Ang-HSsrc,arc labels,,,,
Left,contig,Ang,PTT,HTL,5,0.05,0,401,91,40,1,SDM-Ang-PCA,arc labels,,,,
Left,contig,Ang,PTT,HTL,5,0.1,0,401,91,80,1,NoAdapt,nothing,,0.5389578163771712,0.24277456647398843,0.9230769230769231
Left,contig,Ang,PTT,HTL,5,0.1,0,401,91,80,1,TargetOnly,arc labels,,,,
Left,contig,Ang,PTT,HTL,5,0.1,0,401,91,80,1,Source+Target,arc labels,,,,
Left,contig,Ang,PTT,HTL,5,0.1,0,401,91,80,1,COT,arc labels,,,,
Left,contig,Ang,PTT,HTL,5,0.1,0,401,91,80,1,none-Ang-HS4,arc labels,,,,
Left,contig,Ang,PTT,HTL,5,0.1,0,401,91,80,1,none-Ang-HSsrc,nothing,,0.5435306628855017,0.2532188841201717,0.6483516483516484
Left,contig,Ang,PTT,HTL,5,0.1,0,401,91,80,1,none-Ang-PCA,arc segments,16.0,0.5445941155618574,0.25,0.7472527472527473
Left,contig,Ang,PTT,HTL,5,0.1,0,401,91,80,1,QOTu-Ang-HS4,arc labels,,,,
Left,contig,Ang,PTT,HTL,5,0.1,0,401,91,80,1,QOTu-Ang-HSsrc,arc segments,,0.5451435661113081,0.2543103448275862,0.6483516483516484
Left,contig,Ang,PTT,HTL,5,0.1,0,401,91,80,1,QOTu-Ang-PCA,arc segments,32.0,0.5004785537043601,0.22727272727272727,0.4945054945054945
Left,contig,Ang,PTT,HTL,5,0.1,0,401,91,80,1,QOTc-Ang-HS4,arc labels,,,,
Left,contig,Ang,PTT,HTL,5,0.1,0,401,91,80,1,QOTc-Ang-HSsrc,arc labels,,,,
Left,contig,Ang,PTT,HTL,5,0.1,0,401,91,80,1,QOTc-Ang-PCA,arc labels,,,,
Left,contig,Ang,PTT,HTL,5,0.1,0,401,91,80,1,SDM-Ang-HS4,arc labels,,,,
Left,contig,Ang,PTT,HTL,5,0.1,0,401,91,80,1,SDM-Ang-HSsrc,arc labels,,,,
Left,contig,Ang,PTT,HTL,5,0.1,0,401,91,80,1,SDM-Ang-PCA,arc labels,,,,
Left,contig,Ang,PTT,HTL,5,0.2,1,401,91,161,4,NoAdapt,nothing,,0.5389578163771712,0.24277456647398843,0.9230769230769231
Left,contig,Ang,PTT,HTL,5,0.2,1,401,91,161,4,TargetOnly,arc labels,,0.6088443814250266,0.3524590163934426,0.4725274725274725
Left,contig,Ang,PTT,HTL,5,0.2,1,401,91,161,4,Source+Target,arc labels,,0.546207018787664,0.25092250922509224,0.7472527472527473
Left,contig,Ang,PTT,HTL,5,0.2,1,401,91,161,4,COT,arc labels,,0.6350584898971996,0.3617021276595745,0.5604395604395604
Left,contig,Ang,PTT,HTL,5,0.2,1,401,91,161,4,none-Ang-HS4,arc labels,,0.5601205246366536,0.2571428571428571,0.7912087912087912
Left,contig,Ang,PTT,HTL,5,0.2,1,401,91,161,4,none-Ang-HSsrc,nothing,,0.5435306628855017,0.2532188841201717,0.6483516483516484
Left,contig,Ang,PTT,HTL,5,0.2,1,401,91,161,4,none-Ang-PCA,arc segments,8.0,0.5257532789790854,0.2369146005509642,0.945054945054945
Left,contig,Ang,PTT,HTL,5,0.2,1,401,91,161,4,QOTu-Ang-HS4,arc labels,,0.5526586316908898,0.2546816479400749,0.7472527472527473
Left,contig,Ang,PTT,HTL,5,0.2,1,401,91,161,4,QOTu-Ang-HSsrc,arc segments,,0.5438319744771358,0.2544642857142857,0.6263736263736264
Left,contig,Ang,PTT,HTL,5,0.2,1,401,91,161,4,QOTu-Ang-PCA,arc segments,8.0,0.5362814604750088,0.2435064935064935,0.8241758241758241
Left,contig,Ang,PTT,HTL,5,0.2,1,401,91,161,4,QOTc-Ang-HS4,arc labels,,0.5961006735200283,0.29591836734693877,0.6373626373626373
Left,contig,Ang,PTT,HTL,5,0.2,1,401,91,161,4,QOTc-Ang-HSsrc,arc labels,,0.5626373626373626,0.2619047619047619,0.7252747252747253
Left,contig,Ang,PTT,HTL,5,0.2,1,401,91,161,4,QOTc-Ang-PCA,arc labels,64.0,0.5738036157390997,0.4,0.26373626373626374
Left,contig,Ang,PTT,HTL,5,0.2,1,401,91,161,4,SDM-Ang-HS4,arc labels,,0.559092520382843,0.29508196721311475,0.3956043956043956
Left,contig,Ang,PTT,HTL,5,0.2,1,401,91,161,4,SDM-Ang-HSsrc,arc labels,,0.5362637362637362,0.25748502994011974,0.4725274725274725
Left,contig,Ang,PTT,HTL,5,0.2,1,401,91,161,4,SDM-Ang-PCA,arc labels,32.0,0.547040056717476,0.30864197530864196,0.27472527472527475
Left,contig,Ang,PTT,HTL,5,0.3,1,401,91,241,26,NoAdapt,nothing,,0.5389578163771712,0.24277456647398843,0.9230769230769231
Left,contig,Ang,PTT,HTL,5,0.3,1,401,91,241,26,TargetOnly,arc labels,,0.5726692662176533,0.26640926640926643,0.7582417582417582
Left,contig,Ang,PTT,HTL,5,0.3,1,401,91,241,26,Source+Target,arc labels,,0.5375398794753633,0.24489795918367346,0.7912087912087912
Left,contig,Ang,PTT,HTL,5,0.3,1,401,91,241,26,COT,arc labels,,0.5595179014533853,0.2550335570469799,0.8351648351648352
Left,contig,Ang,PTT,HTL,5,0.3,1,401,91,241,26,none-Ang-HS4,arc labels,,0.5530662885501596,0.25165562913907286,0.8351648351648352
Left,contig,Ang,PTT,HTL,5,0.3,1,401,91,241,26,none-Ang-HSsrc,nothing,,0.5435306628855017,0.2532188841201717,0.6483516483516484
Left,contig,Ang,PTT,HTL,5,0.3,1,401,91,241,26,none-Ang-PCA,arc segments,16.0,0.5542715349166962,0.2556390977443609,0.7472527472527473
Left,contig,Ang,PTT,HTL,5,0.3,1,401,91,241,26,QOTu-Ang-HS4,arc labels,,0.5297235023041474,0.24253731343283583,0.7142857142857143
Left,contig,Ang,PTT,HTL,5,0.3,1,401,91,241,26,QOTu-Ang-HSsrc,arc segments,,0.5422190712513293,0.25333333333333335,0.6263736263736264
Left,contig,Ang,PTT,HTL,5,0.3,1,401,91,241,26,QOTu-Ang-PCA,arc segments,16.0,0.5110244594115562,0.2323943661971831,0.7252747252747253
Left,contig,Ang,PTT,HTL,5,0.3,1,401,91,241,26,QOTc-Ang-HS4,arc labels,,0.5384438142502659,0.24719101123595505,0.7252747252747253
Left,contig,Ang,PTT,HTL,5,0.3,1,401,91,241,26,QOTc-Ang-HSsrc,arc labels,,0.5682382133995038,0.25925925925925924,0.8461538461538461
Left,contig,Ang,PTT,HTL,5,0.3,1,401,91,241,26,QOTc-Ang-PCA,arc labels,64.0,0.559092520382843,0.29508196721311475,0.3956043956043956
Left,contig,Ang,PTT,HTL,5,0.3,1,401,91,241,26,SDM-Ang-HS4,arc labels,,0.5266926621765331,0.24423963133640553,0.5824175824175825
Left,contig,Ang,PTT,HTL,5,0.3,1,401,91,241,26,SDM-Ang-HSsrc,arc labels,,0.5545196738745126,0.25957446808510637,0.6703296703296703
Left,contig,Ang,PTT,HTL,5,0.3,1,401,91,241,26,SDM-Ang-PCA,arc labels,64.0,0.5747784473590924,0.28061224489795916,0.6043956043956044
Left,contig,Ang,PTT,HTL,5,0.5,1,401,91,380,70,NoAdapt,nothing,,0.5389578163771712,0.24277456647398843,0.9230769230769231
Left,contig,Ang,PTT,HTL,5,0.5,1,401,91,380,70,TargetOnly,arc labels,,0.5777029422190713,0.28078817733990147,0.6263736263736264
Left,contig,Ang,PTT,HTL,5,0.5,1,401,91,380,70,Source+Target,arc labels,,0.5702056008507621,0.2588996763754045,0.8791208791208791
Left,contig,Ang,PTT,HTL,5,0.5,1,401,91,380,70,COT,arc labels,,0.5724742998936547,0.25961538461538464,0.8901098901098901
Left,contig,Ang,PTT,HTL,5,0.5,1,401,91,380,70,none-Ang-HS4,arc labels,,0.5353243530662886,0.24281150159744408,0.8351648351648352
Left,contig,Ang,PTT,HTL,5,0.5,1,401,91,380,70,none-Ang-HSsrc,nothing,,0.5435306628855017,0.2532188841201717,0.6483516483516484
Left,contig,Ang,PTT,HTL,5,0.5,1,401,91,380,70,none-Ang-PCA,arc segments,16.0,0.5626905352711804,0.2591240875912409,0.7802197802197802
Left,contig,Ang,PTT,HTL,5,0.5,1,401,91,380,70,QOTu-Ang-HS4,arc labels,,0.5285182559376108,0.24013157894736842,0.8021978021978022
Left,contig,Ang,PTT,HTL,5,0.5,1,401,91,380,70,QOTu-Ang-HSsrc,arc segments,,0.5480680609712867,0.25523012552301255,0.6703296703296703
Left,contig,Ang,PTT,HTL,5,0.5,1,401,91,380,70,QOTu-Ang-PCA,arc segments,16.0,0.5232187167671039,0.24,0.6593406593406593
Left,contig,Ang,PTT,HTL,5,0.5,1,401,91,380,70,QOTc-Ang-HS4,arc labels,,0.5346685572492024,0.24271844660194175,0.8241758241758241
Left,contig,Ang,PTT,HTL,5,0.5,1,401,91,380,70,QOTc-Ang-HSsrc,arc labels,,0.5779156327543424,0.2646048109965636,0.8461538461538461
Left,contig,Ang,PTT,HTL,5,0.5,1,401,91,380,70,QOTc-Ang-PCA,arc labels,64.0,0.5374158099964551,0.27522935779816515,0.32967032967032966
Left,contig,Ang,PTT,HTL,5,0.5,1,401,91,380,70,SDM-Ang-HS4,arc labels,,0.5144452321871676,0.23580786026200873,0.5934065934065934
Left,contig,Ang,PTT,HTL,5,0.5,1,401,91,380,70,SDM-Ang-HSsrc,arc labels,,0.5502304147465438,0.26262626262626265,0.5714285714285714
Left,contig,Ang,PTT,HTL,5,0.5,1,401,91,380,70,SDM-Ang-PCA,arc labels,64.0,0.44906061680255227,0.1864406779661017,0.3626373626373626
Left,contig,Ang,PTT,HTL,6,0.05,1,401,89,40,3,NoAdapt,nothing,,0.5335638144626909,0.23582089552238805,0.8876404494382022
Left,contig,Ang,PTT,HTL,6,0.05,1,401,89,40,3,TargetOnly,arc labels,,0.45440795159896286,0.13043478260869565,0.10112359550561797
Left,contig,Ang,PTT,HTL,6,0.05,1,401,89,40,3,Source+Target,arc labels,,0.5534788245462403,0.25,0.7415730337078652
Left,contig,Ang,PTT,HTL,6,0.05,1,401,89,40,3,COT,arc labels,,0.4271823681936041,0.11578947368421053,0.12359550561797752
Left,contig,Ang,PTT,HTL,6,0.05,1,401,89,40,3,none-Ang-HS4,arc labels,,0.5568099971189858,0.24615384615384617,0.898876404494382
Left,contig,Ang,PTT,HTL,6,0.05,1,401,89,40,3,none-Ang-HSsrc,nothing,,0.5485811005473926,0.25225225225225223,0.6292134831460674
Left,contig,Ang,PTT,HTL,6,0.05,1,401,89,40,3,none-Ang-PCA,arc segments,16.0,0.5526145203111494,0.2532188841201717,0.6629213483146067
Left,contig,Ang,PTT,HTL,6,0.05,1,401,89,40,3,QOTu-Ang-HS4,arc labels,,0.5350583405358686,0.2392857142857143,0.7528089887640449
Left,contig,Ang,PTT,HTL,6,0.05,1,401,89,40,3,QOTu-Ang-HSsrc,arc segments,,0.5358866320944973,0.23890784982935154,0.7865168539325843
Left,contig,Ang,PTT,HTL,6,0.05,1,401,89,40,3,QOTu-Ang-PCA,arc segments,64.0,0.5323573898012101,0.2556390977443609,0.38202247191011235
Left,contig,Ang,PTT,HTL,6,0.05,1,401,89,40,3,QOTc-Ang-HS4,arc labels,,0.47678983002016706,0.10714285714285714,0.033707865168539325
Left,contig,Ang,PTT,HTL,6,0.05,1,401,89,40,3,QOTc-Ang-HSsrc,arc labels,,0.4632130509939499,0.13559322033898305,0.0898876404494382
Left,contig,Ang,PTT,HTL,6,0.05,1,401,89,40,3,QOTc-Ang-PCA,arc labels,64.0,0.47524128493229617,0.16071428571428573,0.10112359550561797
Left,contig,Ang,PTT,HTL,6,0.05,1,401,89,40,3,SDM-Ang-HS4,arc labels,,0.4567847882454624,0.1111111111111111,0.06741573033707865
Left,contig,Ang,PTT,HTL,6,0.05,1,401,89,40,3,SDM-Ang-HSsrc,arc labels,,0.4664541918755402,0.16,0.1348314606741573
Left,contig,Ang,PTT,HTL,6,0.05,1,401,89,40,3,SDM-Ang-PCA,arc labels,4.0,0.48802578507634686,0.16666666666666666,0.056179775280898875
Left,contig,Ang,PTT,HTL,6,0.1,1,401,89,80,11,NoAdapt,nothing,,0.5335638144626909,0.23582089552238805,0.8876404494382022
Left,contig,Ang,PTT,HTL,6,0.1,1,401,89,80,11,TargetOnly,arc labels,,0.5381734370498416,0.2446351931330472,0.6404494382022472
Left,contig,Ang,PTT,HTL,6,0.1,1,401,89,80,11,Source+Target,arc labels,,0.5527225583405359,0.24738675958188153,0.797752808988764
Left,contig,Ang,PTT,HTL,6,0.1,1,401,89,80,11,COT,arc labels,,0.5284860270815327,0.2413793103448276,0.550561797752809
Left,contig,Ang,PTT,HTL,6,0.1,1,401,89,80,11,none-Ang-HS4,arc labels,,0.5391457793143186,0.2389937106918239,0.8539325842696629
Left,contig,Ang,PTT,HTL,6,0.1,1,401,89,80,11,none-Ang-HSsrc,nothing,,0.5485811005473926,0.25225225225225223,0.6292134831460674
Left,contig,Ang,PTT,HTL,6,0.1,1,401,89,80,11,none-Ang-PCA,arc segments,16.0,0.5598710746182656,0.2549800796812749,0.7191011235955056
Left,contig,Ang,PTT,HTL,6,0.1,1,401,89,80,11,QOTu-Ang-HS4,arc labels,,0.532663497551138,0.23776223776223776,0.7640449438202247
Left,contig,Ang,PTT,HTL,6,0.1,1,401,89,80,11,QOTu-Ang-HSsrc,arc segments,,0.5422608758282916,0.24354243542435425,0.7415730337078652
Left,contig,Ang,PTT,HTL,6,0.1,1,401,89,80,11,QOTu-Ang-PCA,arc segments,16.0,0.507850763468741,0.2253968253968254,0.797752808988764
Left,contig,Ang,PTT,HTL,6,0.1,1,401,89,80,11,QOTc-Ang-HS4,arc labels,,0.5148732353788534,0.23148148148148148,0.5617977528089888
Left,contig,Ang,PTT,HTL,6,0.1,1,401,89,80,11,QOTc-Ang-HSsrc,arc labels,,0.49288749639873236,0.2037037037037037,0.12359550561797752
Left,contig,Ang,PTT,HTL,6,0.1,1,401,89,80,11,QOTc-Ang-PCA,arc labels,32.0,0.5475547392682224,0.2818181818181818,0.34831460674157305
Left,contig,Ang,PTT,HTL,6,0.1,1,401,89,80,11,SDM-Ang-HS4,arc labels,,0.5051858254105445,0.22580645161290322,0.47191011235955055
Left,contig,Ang,PTT,HTL,6,0.1,1,401,89,80,11,SDM-Ang-HSsrc,arc labels,,0.5155754825698646,0.23493975903614459,0.43820224719101125
Left,contig,Ang,PTT,HTL,6,0.1,1,401,89,80,11,SDM-Ang-PCA,arc labels,32.0,0.5516421780466725,0.2702702702702703,0.449438202247191
Left,contig,Ang,PTT,HTL,6,0.2,1,401,89,161,24,NoAdapt,nothing,,0.5335638144626909,0.23582089552238805,0.8876404494382022
Left,contig,Ang,PTT,HTL,6,0.2,1,401,89,161,24,TargetOnly,arc labels,,0.4981453471622011,0.2210144927536232,0.6853932584269663
Left,contig,Ang,PTT,HTL,6,0.2,1,401,89,161,24,Source+Target,arc labels,,0.5439174589455489,0.24242424242424243,0.8089887640449438
Left,contig,Ang,PTT,HTL,6,0.2,1,401,89,161,24,COT,arc labels,,0.5021427542494958,0.22304832713754646,0.6741573033707865
Left,contig,Ang,PTT,HTL,6,0.2,1,401,89,161,24,none-Ang-HS4,arc labels,,0.5214995678478824,0.23125,0.8314606741573034
Left,contig,Ang,PTT,HTL,6,0.2,1,401,89,161,24,none-Ang-HSsrc,nothing,,0.5485811005473926,0.25225225225225223,0.6292134831460674
Left,contig,Ang,PTT,HTL,6,0.2,1,401,89,161,24,none-Ang-PCA,arc segments,32.0,0.47073970037453183,0.2028301886792453,0.48314606741573035
Left,contig,Ang,PTT,HTL,6,0.2,1,401,89,161,24,QOTu-Ang-HS4,arc labels,,0.510983866320945,0.22743682310469315,0.7078651685393258
Left,contig,Ang,PTT,HTL,6,0.2,1,401,89,161,24,QOTu-Ang-HSsrc,arc segments,,0.5581784788245463,0.2608695652173913,0.6067415730337079
Left,contig,Ang,PTT,HTL,6,0.2,1,401,89,161,24,QOTu-Ang-PCA,arc segments,16.0,0.4972090175741861,0.22009569377990432,0.5168539325842697
Left,contig,Ang,PTT,HTL,6,0.2,1,401,89,161,24,QOTc-Ang-HS4,arc labels,,0.4884939498703544,0.2159090909090909,0.6404494382022472
Left,contig,Ang,PTT,HTL,6,0.2,1,401,89,161,24,QOTc-Ang-HSsrc,arc labels,,0.43042350907519444,0.13513513513513514,0.16853932584269662
Left,contig,Ang,PTT,HTL,6,0.2,1,401,89,161,24,QOTc-Ang-PCA,arc labels,64.0,0.5379213483146068,0.27102803738317754,0.3258426966292135
Left,contig,Ang,PTT,HTL,6,0.2,1,401,89,161,24,SDM-Ang-HS4,arc labels,,0.4700194468452895,0.20553359683794467,0.5842696629213483
Left,contig,Ang,PTT,HTL,6,0.2,1,401,89,161,24,SDM-Ang-HSsrc,arc labels,,0.4441083261307981,0.16417910447761194,0.24719101123595505
Left,contig,Ang,PTT,HTL,6,0.2,1,401,89,161,24,SDM-Ang-PCA,arc labels,64.0,0.5397219821377124,0.24878048780487805,0.5730337078651685
Left,contig,Ang,PTT,HTL,6,0.3,1,401,89,241,34,NoAdapt,nothing,,0.5335638144626909,0.23582089552238805,0.8876404494382022
Left,contig,Ang,PTT,HTL,6,0.3,1,401,89,241,34,TargetOnly,arc labels,,0.49322961682512245,0.21777777777777776,0.550561797752809
Left,contig,Ang,PTT,HTL,6,0.3,1,401,89,241,34,Source+Target,arc labels,,0.5447277441659464,0.2425249169435216,0.8202247191011236
Left,contig,Ang,PTT,HTL,6,0.3,1,401,89,241,34,COT,arc labels,,0.5140809564966868,0.23076923076923078,0.5730337078651685
Left,contig,Ang,PTT,HTL,6,0.3,1,401,89,241,34,none-Ang-HS4,arc labels,,0.5190687121866897,0.2305194805194805,0.797752808988764
Left,contig,Ang,PTT,HTL,6,0.3,1,401,89,241,34,none-Ang-HSsrc,nothing,,0.5485811005473926,0.25225225225225223,0.6292134831460674
Left,contig,Ang,PTT,HTL,6,0.3,1,401,89,241,34,none-Ang-PCA,arc segments,16.0,0.5638504753673292,0.25957446808510637,0.6853932584269663
Left,contig,Ang,PTT,HTL,6,0.3,1,401,89,241,34,QOTu-Ang-HS4,arc labels,,0.5037633246902911,0.22382671480144403,0.6966292134831461
Left,contig,Ang,PTT,HTL,6,0.3,1,401,89,241,34,QOTu-Ang-HSsrc,arc segments,,0.5437734082397003,0.24888888888888888,0.6292134831460674
Left,contig,Ang,PTT,HTL,6,0.3,1,401,89,241,34,QOTu-Ang-PCA,arc segments,32.0,0.546168251224431,0.2511415525114155,0.6179775280898876
Left,contig,Ang,PTT,HTL,6,0.3,1,401,89,241,34,QOTc-Ang-HS4,arc labels,,0.4933556611927398,0.21875,0.7078651685393258
Left,contig,Ang,PTT,HTL,6,0.3,1,401,89,241,34,QOTc-Ang-HSsrc,arc labels,,0.5591328147507922,0.2508833922261484,0.797752808988764
Left,contig,Ang,PTT,HTL,6,0.3,1,401,89,241,34,QOTc-Ang-PCA,arc labels,64.0,0.5010083549409392,0.22330097087378642,0.25842696629213485
Left,contig,Ang,PTT,HTL,6,0.3,1,401,89,241,34,SDM-Ang-HS4,arc labels,,0.4138036588879286,0.1688888888888889,0.42696629213483145
Left,contig,Ang,PTT,HTL,6,0.3,1,401,89,241,34,SDM-Ang-HSsrc,arc labels,,0.5357425813886488,0.24434389140271492,0.6067415730337079
Left,contig,Ang,PTT,HTL,6,0.3,1,401,89,241,34,SDM-Ang-PCA,arc labels,64.0,0.5620678478824546,0.2808219178082192,0.4606741573033708
Left,contig,Ang,PTT,HTL,6,0.5,1,401,89,380,78,NoAdapt,nothing,,0.5335638144626909,0.23582089552238805,0.8876404494382022
Left,contig,Ang,PTT,HTL,6,0.5,1,401,89,380,78,TargetOnly,arc labels,,0.5501296456352636,0.25773195876288657,0.5617977528089888
Left,contig,Ang,PTT,HTL,6,0.5,1,401,89,380,78,Source+Target,arc labels,,0.5374891961970614,0.23972602739726026,0.7865168539325843
Left,contig,Ang,PTT,HTL,6,0.5,1,401,89,380,78,COT,arc labels,,0.5287561221549986,0.23372781065088757,0.8876404494382022
Left,contig,Ang,PTT,HTL,6,0.5,1,401,89,380,78,none-Ang-HS4,arc labels,,0.5198789974070873,0.23076923076923078,0.8089887640449438
Left,contig,Ang,PTT,HTL,6,0.5,1,401,89,380,78,none-Ang-HSsrc,nothing,,0.5485811005473926,0.25225225225225223,0.6292134831460674
Left,contig,Ang,PTT,HTL,6,0.5,1,401,89,380,78,none-Ang-PCA,arc segments,32.0,0.4898624315759147,0.21232876712328766,0.34831460674157305
Left,contig,Ang,PTT,HTL,6,0.5,1,401,89,380,78,QOTu-Ang-HS4,arc labels,,0.5166558628637281,0.22950819672131148,0.7865168539325843
Left,contig,Ang,PTT,HTL,6,0.5,1,401,89,380,78,QOTu-Ang-HSsrc,arc segments,,0.5437734082397003,0.24888888888888888,0.6292134831460674
Left,contig,Ang,PTT,HTL,6,0.5,1,401,89,380,78,QOTu-Ang-PCA,arc segments,32.0,0.5324294151541342,0.2485207100591716,0.47191011235955055
Left,contig,Ang,PTT,HTL,6,0.5,1,401,89,380,78,QOTc-Ang-HS4,arc labels,,0.49340968020743303,0.21904761904761905,0.7752808988764045
Left,contig,Ang,PTT,HTL,6,0.5,1,401,89,380,78,QOTc-Ang-HSsrc,arc labels,,0.5423329011812158,0.24104234527687296,0.8314606741573034
Left,contig,Ang,PTT,HTL,6,0.5,1,401,89,380,78,QOTc-Ang-PCA,arc labels,64.0,0.4954804091040046,0.21768707482993196,0.3595505617977528
Left,contig,Ang,PTT,HTL,6,0.5,1,401,89,380,78,SDM-Ang-HS4,arc labels,,0.4820296744454048,0.21161825726141079,0.5730337078651685
Left,contig,Ang,PTT,HTL,6,0.5,1,401,89,380,78,SDM-Ang-HSsrc,arc labels,,0.5325194468452895,0.24299065420560748,0.5842696629213483
Left,contig,Ang,PTT,HTL,6,0.5,1,401,89,380,78,SDM-Ang-PCA,arc labels,64.0,0.4980193027945837,0.22065727699530516,0.5280898876404494
Left,contig,Ang,PTT,HTL,7,0.05,1,401,88,40,5,NoAdapt,nothing,,0.5457631426081906,0.24013157894736842,0.8295454545454546
Left,contig,Ang,PTT,HTL,7,0.05,1,401,88,40,5,TargetOnly,arc labels,,0.4947720011617775,0.21621621621621623,0.5454545454545454
Left,contig,Ang,PTT,HTL,7,0.05,1,401,88,40,5,Source+Target,arc labels,,0.5572901539355213,0.24817518248175183,0.7727272727272727
Left,contig,Ang,PTT,HTL,7,0.05,1,401,88,40,5,COT,arc labels,,0.5023054022654662,0.22025316455696203,0.9886363636363636
Left,contig,Ang,PTT,HTL,7,0.05,1,401,88,40,5,none-Ang-HS4,arc labels,,0.548250072611095,0.24104234527687296,0.8409090909090909
Left,contig,Ang,PTT,HTL,7,0.05,1,401,88,40,5,none-Ang-HSsrc,nothing,,0.5089674702294511,0.22549019607843138,0.5227272727272727
Left,contig,Ang,PTT,HTL,7,0.05,1,401,88,40,5,none-Ang-PCA,arc segments,32.0,0.4922850711588731,0.2146118721461187,0.5340909090909091
Left,contig,Ang,PTT,HTL,7,0.05,1,401,88,40,5,QOTu-Ang-HS4,arc labels,,0.5737728724949172,0.2679425837320574,0.6363636363636364
Left,contig,Ang,PTT,HTL,7,0.05,1,401,88,40,5,QOTu-Ang-HSsrc,arc segments,,0.5350893116468196,0.23828125,0.6931818181818182
Left,contig,Ang,PTT,HTL,7,0.05,1,401,88,40,5,QOTu-Ang-PCA,arc segments,64.0,0.5112910252686611,0.22594142259414227,0.6136363636363636
Left,contig,Ang,PTT,HTL,7,0.05,1,401,88,40,5,QOTc-Ang-HS4,arc labels,,0.5446013650885856,0.29069767441860467,0.2840909090909091
Left,contig,Ang,PTT,HTL,7,0.05,1,401,88,40,5,QOTc-Ang-HSsrc,arc labels,,0.5459083647981411,0.24675324675324675,0.6477272727272727
Left,contig,Ang,PTT,HTL,7,0.05,1,401,88,40,5,QOTc-Ang-PCA,arc labels,64.0,0.538211588730758,0.2777777777777778,0.2840909090909091
Left,contig,Ang,PTT,HTL,7,0.05,1,401,88,40,5,SDM-Ang-HS4,arc labels,,0.541388324135928,0.3404255319148936,0.18181818181818182
Left,contig,Ang,PTT,HTL,7,0.05,1,401,88,40,5,SDM-Ang-HSsrc,arc labels,,0.5275740633168748,0.25,0.3522727272727273
Left,contig,Ang,PTT,HTL,7,0.05,1,401,88,40,5,SDM-Ang-PCA,arc labels,32.0,0.5255954109787976,0.2727272727272727,0.20454545454545456
Left,contig,Ang,PTT,HTL,7,0.1,1,401,88,80,17,NoAdapt,nothing,,0.5457631426081906,0.24013157894736842,0.8295454545454546
Left,contig,Ang,PTT,HTL,7,0.1,1,401,88,80,17,TargetOnly,arc labels,,0.47191765901829796,0.20783132530120482,0.7840909090909091
Left,contig,Ang,PTT,HTL,7,0.1,1,401,88,80,17,Source+Target,arc labels,,0.5336915480685449,0.23452768729641693,0.8181818181818182
Left,contig,Ang,PTT,HTL,7,0.1,1,401,88,80,17,COT,arc labels,,0.5072429567237874,0.2225705329153605,0.8068181818181818
Left,contig,Ang,PTT,HTL,7,0.1,1,401,88,80,17,none-Ang-HS4,arc labels,,0.5084773453383677,0.22333333333333333,0.7613636363636364
Left,contig,Ang,PTT,HTL,7,0.1,1,401,88,80,17,none-Ang-HSsrc,nothing,,0.5089674702294511,0.22549019607843138,0.5227272727272727
Left,contig,Ang,PTT,HTL,7,0.1,1,401,88,80,17,none-Ang-PCA,arc segments,32.0,0.5018697356956143,0.22065727699530516,0.5340909090909091
Left,contig,Ang,PTT,HTL,7,0.1,1,401,88,80,17,QOTu-Ang-HS4,arc labels,,0.540226546616323,0.24347826086956523,0.6363636363636364
Left,contig,Ang,PTT,HTL,7,0.1,1,401,88,80,17,QOTu-Ang-HSsrc,arc segments,,0.5070069706651177,0.22459893048128343,0.4772727272727273
Left,contig,Ang,PTT,HTL,7,0.1,1,401,88,80,17,QOTu-Ang-PCA,arc segments,64.0,0.5563462097008423,0.272108843537415,0.45454545454545453
Left,contig,Ang,PTT,HTL,7,0.1,1,401,88,80,17,QOTc-Ang-HS4,arc labels,,0.44862765030496665,0.19230769230769232,0.5681818181818182
Left,contig,Ang,PTT,HTL,7,0.1,1,401,88,80,17,QOTc-Ang-HSsrc,arc labels,,0.4109243392390357,0.11304347826086956,0.14772727272727273
Left,contig,Ang,PTT,HTL,7,0.1,1,401,88,80,17,QOTc-Ang-PCA,arc labels,64.0,0.5611748475167005,0.25663716814159293,0.6590909090909091
Left,contig,Ang,PTT,HTL,7,0.1,1,401,88,80,17,SDM-Ang-HS4,arc labels,,0.4225421144350857,0.18275862068965518,0.6022727272727273
Left,contig,Ang,PTT,HTL,7,0.1,1,401,88,80,17,SDM-Ang-HSsrc,arc labels,,0.4604814115596863,0.18674698795180722,0.3522727272727273
Left,contig,Ang,PTT,HTL,7,0.1,1,401,88,80,17,SDM-Ang-PCA,arc labels,64.0,0.5192600929422015,0.23316062176165803,0.5113636363636364
Left,contig,Ang,PTT,HTL,7,0.2,1,401,88,161,27,NoAdapt,nothing,,0.5457631426081906,0.24013157894736842,0.8295454545454546
Left,contig,Ang,PTT,HTL,7,0.2,1,401,88,161,27,TargetOnly,arc labels,,0.4642208829509149,0.193717277486911,0.42045454545454547
Left,contig,Ang,PTT,HTL,7,0.2,1,401,88,161,27,Source+Target,arc labels,,0.5409526575660761,0.24060150375939848,0.7272727272727273
Left,contig,Ang,PTT,HTL,7,0.2,1,401,88,161,27,COT,arc labels,,0.4461044147545745,0.17714285714285713,0.3522727272727273
Left,contig,Ang,PTT,HTL,7,0.2,1,401,88,161,27,none-Ang-HS4,arc labels,,0.5102563171652629,0.22402597402597402,0.7840909090909091
Left,contig,Ang,PTT,HTL,7,0.2,1,401,88,161,27,none-Ang-HSsrc,nothing,,0.5089674702294511,0.22549019607843138,0.5227272727272727
Left,contig,Ang,PTT,HTL,7,0.2,1,401,88,161,27,none-Ang-PCA,arc segments,16.0,0.5231810920708684,0.23348017621145375,0.6022727272727273
Left,contig,Ang,PTT,HTL,7,0.2,1,401,88,161,27,QOTu-Ang-HS4,arc labels,,0.5274469939006681,0.23529411764705882,0.6363636363636364
Left,contig,Ang,PTT,HTL,7,0.2,1,401,88,161,27,QOTu-Ang-HSsrc,arc segments,,0.5153572465872786,0.23,0.5227272727272727
Left,contig,Ang,PTT,HTL,7,0.2,1,401,88,161,27,QOTu-Ang-PCA,arc segments,16.0,0.5317128957304675,0.23694779116465864,0.6704545454545454
Left,contig,Ang,PTT,HTL,7,0.2,1,401,88,161,27,QOTc-Ang-HS4,arc labels,,0.46884984025559107,0.2,0.5
Left,contig,Ang,PTT,HTL,7,0.2,1,401,88,161,27,QOTc-Ang-HSsrc,arc labels,,0.5531876270694162,0.2510822510822511,0.6590909090909091
Left,contig,Ang,PTT,HTL,7,0.2,1,401,88,161,27,QOTc-Ang-PCA,arc labels,64.0,0.4577948010455998,0.168141592920354,0.2159090909090909
Left,contig,Ang,PTT,HTL,7,0.2,1,401,88,161,27,SDM-Ang-HS4,arc labels,,0.41043421434795235,0.16113744075829384,0.38636363636363635
Left,contig,Ang,PTT,HTL,7,0.2,1,401,88,161,27,SDM-Ang-HSsrc,arc labels,,0.5105649143189079,0.22660098522167488,0.5227272727272727
Left,contig,Ang,PTT,HTL,7,0.2,1,401,88,161,27,SDM-Ang-PCA,arc labels,64.0,0.5716126924194017,0.2887323943661972,0.4659090909090909
Left,contig,Ang,PTT,HTL,7,0.3,1,401,88,241,39,NoAdapt,nothing,,0.5457631426081906,0.24013157894736842,0.8295454545454546
Left,contig,Ang,PTT,HTL,7,0.3,1,401,88,241,39,TargetOnly,arc labels,,0.4992012779552716,0.21890547263681592,0.5
Left,contig,Ang,PTT,HTL,7,0.3,1,401,88,241,39,Source+Target,arc labels,,0.5272836189369736,0.23333333333333334,0.7159090909090909
Left,contig,Ang,PTT,HTL,7,0.3,1,401,88,241,39,COT,arc labels,,0.5112728724949172,0.22727272727272727,0.5113636363636364
Left,contig,Ang,PTT,HTL,7,0.3,1,401,88,241,39,none-Ang-HS4,arc labels,,0.5201858844031368,0.22939068100358423,0.7272727272727273
Left,contig,Ang,PTT,HTL,7,0.3,1,401,88,241,39,none-Ang-HSsrc,nothing,,0.5089674702294511,0.22549019607843138,0.5227272727272727
Left,contig,Ang,PTT,HTL,7,0.3,1,401,88,241,39,none-Ang-PCA,arc segments,16.0,0.5416424629683416,0.24545454545454545,0.6136363636363636
Left,contig,Ang,PTT,HTL,7,0.3,1,401,88,241,39,QOTu-Ang-HS4,arc labels,,0.5162648852744699,0.22857142857142856,0.6363636363636364
Left,contig,Ang,PTT,HTL,7,0.3,1,401,88,241,39,QOTu-Ang-HSsrc,arc segments,,0.5064805402265466,0.22388059701492538,0.5113636363636364
Left,contig,Ang,PTT,HTL,7,0.3,1,401,88,241,39,QOTu-Ang-PCA,arc segments,16.0,0.5292259657275632,0.23577235772357724,0.6590909090909091
Left,contig,Ang,PTT,HTL,7,0.3,1,401,88,241,39,QOTc-Ang-HS4,arc labels,,0.48769241940168456,0.21323529411764705,0.6590909090909091
Left,contig,Ang,PTT,HTL,7,0.3,1,401,88,241,39,QOTc-Ang-HSsrc,arc labels,,0.5397001161777519,0.24180327868852458,0.6704545454545454
Left,contig,Ang,PTT,HTL,7,0.3,1,401,88,241,39,QOTc-Ang-PCA,arc labels,64.0,0.4922306128376416,0.20833333333333334,0.22727272727272727
Left,contig,Ang,PTT,HTL,7,0.3,1,401,88,241,39,SDM-Ang-HS4,arc labels,,0.4494989834446703,0.18834080717488788,0.4772727272727273
Left,contig,Ang,PTT,HTL,7,0.3,1,401,88,241,39,SDM-Ang-HSsrc,arc labels,,0.535579436537903,0.25,0.45454545454545453
Left,contig,Ang,PTT,HTL,7,0.3,1,401,88,241,39,SDM-Ang-PCA,arc labels,64.0,0.5673467905896021,0.2900763358778626,0.4318181818181818
Left,contig,Ang,PTT,HTL,7,0.5,1,401,88,391,79,NoAdapt,nothing,,0.5457631426081906,0.24013157894736842,0.8295454545454546
Left,contig,Ang,PTT,HTL,7,0.5,1,401,88,391,79,TargetOnly,arc labels,,0.5073700261399942,0.22439024390243903,0.5227272727272727
Left,contig,Ang,PTT,HTL,7,0.5,1,401,88,391,79,Source+Target,arc labels,,0.5302969793784491,0.23552123552123552,0.6931818181818182
Left,contig,Ang,PTT,HTL,7,0.5,1,401,88,391,79,COT,arc labels,,0.4983299448155678,0.2184873949579832,0.5909090909090909
Left,contig,Ang,PTT,HTL,7,0.5,1,401,88,391,79,none-Ang-HS4,arc labels,,0.5107827476038338,0.22448979591836735,0.75
Left,contig,Ang,PTT,HTL,7,0.5,1,401,88,391,79,none-Ang-HSsrc,nothing,,0.5089674702294511,0.22549019607843138,0.5227272727272727
Left,contig,Ang,PTT,HTL,7,0.5,1,401,88,391,79,none-Ang-PCA,arc segments,16.0,0.5275922160906187,0.24242424242424243,0.45454545454545453
Left,contig,Ang,PTT,HTL,7,0.5,1,401,88,391,79,QOTu-Ang-HS4,arc labels,,0.5544401684577404,0.2490118577075099,0.7159090909090909
Left,contig,Ang,PTT,HTL,7,0.5,1,401,88,391,79,QOTu-Ang-HSsrc,arc segments,,0.5041751379610804,0.2222222222222222,0.5227272727272727
Left,contig,Ang,PTT,HTL,7,0.5,1,401,88,391,79,QOTu-Ang-PCA,arc segments,16.0,0.5496115306418821,0.25862068965517243,0.5113636363636364
Left,contig,Ang,PTT,HTL,7,0.5,1,401,88,391,79,QOTc-Ang-HS4,arc labels,,0.47155460354342144,0.2070063694267516,0.7386363636363636
Left,contig,Ang,PTT,HTL,7,0.5,1,401,88,391,79,QOTc-Ang-HSsrc,arc labels,,0.5278100493755445,0.234375,0.6818181818181818
Left,contig,Ang,PTT,HTL,7,0.5,1,401,88,391,79,QOTc-Ang-PCA,arc labels,64.0,0.47823482428115016,0.20121951219512196,0.375
Left,contig,Ang,PTT,HTL,7,0.5,1,401,88,391,79,SDM-Ang-HS4,arc labels,,0.44755663665408074,0.1902834008097166,0.5340909090909091
Left,contig,Ang,PTT,HTL,7,0.5,1,401,88,391,79,SDM-Ang-HSsrc,arc labels,,0.5060993319779262,0.22535211267605634,0.36363636363636365
Left,contig,Ang,PTT,HTL,7,0.5,1,401,88,391,79,SDM-Ang-PCA,arc labels,64.0,0.44788338658146964,0.18032786885245902,0.375
Left,contig,Ang,PTT,RTT,0,0.05,1,2129,35,213,4,NoAdapt,nothing,,0.7553486150907354,0.10096153846153846,0.6
Left,contig,Ang,PTT,RTT,0,0.05,1,2129,35,213,4,TargetOnly,arc labels,,0.4145517805976259,0.0075528700906344415,0.14285714285714285
Left,contig,Ang,PTT,RTT,0,0.05,1,2129,35,213,4,Source+Target,arc labels,,0.7515281757402101,0.09375,0.6
Left,contig,Ang,PTT,RTT,0,0.05,1,2129,35,213,4,COT,arc labels,,0.3602742529676627,0.0015479876160990713,0.02857142857142857
Left,contig,Ang,PTT,RTT,0,0.05,1,2129,35,213,4,none-Ang-HS4,arc labels,,0.8518078864783736,0.15976331360946747,0.7714285714285715
Left,contig,Ang,PTT,RTT,0,0.05,1,2129,35,213,4,none-Ang-HSsrc,nothing,,0.6266884977486696,0.029154518950437316,0.5714285714285714
Left,contig,Ang,PTT,RTT,0,0.05,1,2129,35,213,4,none-Ang-PCA,arc segments,64.0,0.4506822213125938,0.011936339522546418,0.2571428571428571
Left,contig,Ang,PTT,RTT,0,0.05,1,2129,35,213,4,QOTu-Ang-HS4,arc labels,,0.7225474143812253,0.03485576923076923,0.8285714285714286
Left,contig,Ang,PTT,RTT,0,0.05,1,2129,35,213,4,QOTu-Ang-HSsrc,arc segments,,0.5567267021421749,0.020429009193054137,0.5714285714285714
Left,contig,Ang,PTT,RTT,0,0.05,1,2129,35,213,4,QOTu-Ang-PCA,arc segments,16.0,0.6187951971619593,0.022084195997239476,0.9142857142857143
Left,contig,Ang,PTT,RTT,0,0.05,1,2129,35,213,4,QOTc-Ang-HS4,arc labels,,0.33714695047073273,0.0057306590257879654,0.17142857142857143
Left,contig,Ang,PTT,RTT,0,0.05,1,2129,35,213,4,QOTc-Ang-HSsrc,arc labels,,0.6588347659980898,0.02697495183044316,0.8
Left,contig,Ang,PTT,RTT,0,0.05,1,2129,35,213,4,QOTc-Ang-PCA,arc labels,64.0,0.450880065493246,0.012285012285012284,0.2857142857142857
Left,contig,Ang,PTT,RTT,0,0.05,1,2129,35,213,4,SDM-Ang-HS4,arc labels,,0.43529130850047754,0.0,0.0
Left,contig,Ang,PTT,RTT,0,0.05,1,2129,35,213,4,SDM-Ang-HSsrc,arc labels,,0.5145108473188702,0.01780821917808219,0.37142857142857144
Left,contig,Ang,PTT,RTT,0,0.05,1,2129,35,213,4,SDM-Ang-PCA,arc labels,64.0,0.46982535134397596,0.013050570962479609,0.22857142857142856
Left,contig,Ang,PTT,RTT,0,0.1,1,2129,35,426,5,NoAdapt,nothing,,0.7553486150907354,0.10096153846153846,0.6
Left,contig,Ang,PTT,RTT,0,0.1,1,2129,35,426,5,TargetOnly,arc labels,,0.45116659844453544,0.007751937984496124,0.08571428571428572
Left,contig,Ang,PTT,RTT,0,0.1,1,2129,35,426,5,Source+Target,arc labels,,0.7515281757402101,0.09375,0.6
Left,contig,Ang,PTT,RTT,0,0.1,1,2129,35,426,5,COT,arc labels,,0.4697025515077091,0.013819095477386936,0.3142857142857143
Left,contig,Ang,PTT,RTT,0,0.1,1,2129,35,426,5,none-Ang-HS4,arc labels,,0.7577773229635694,0.145985401459854,0.5714285714285714
Left,contig,Ang,PTT,RTT,0,0.1,1,2129,35,426,5,none-Ang-HSsrc,nothing,,0.6266884977486696,0.029154518950437316,0.5714285714285714
Left,contig,Ang,PTT,RTT,0,0.1,1,2129,35,426,5,none-Ang-PCA,arc segments,32.0,0.5416905444126074,0.0206794682422452,0.4
Left,contig,Ang,PTT,RTT,0,0.1,1,2129,35,426,5,QOTu-Ang-HS4,arc labels,,0.7249351889753036,0.03527980535279805,0.8285714285714286
Left,contig,Ang,PTT,RTT,0,0.1,1,2129,35,426,5,QOTu-Ang-HSsrc,arc segments,,0.5643266475644699,0.020833333333333332,0.6
Left,contig,Ang,PTT,RTT,0,0.1,1,2129,35,426,5,QOTu-Ang-PCA,arc segments,32.0,0.36090871878837494,0.00392156862745098,0.08571428571428572
Left,contig,Ang,PTT,RTT,0,0.1,1,2129,35,426,5,QOTc-Ang-HS4,arc labels,,0.34041479055805707,0.002531645569620253,0.05714285714285714
Left,contig,Ang,PTT,RTT,0,0.1,1,2129,35,426,5,QOTc-Ang-HSsrc,arc labels,,0.7203233729021694,0.04180602006688963,0.7142857142857143
Left,contig,Ang,PTT,RTT,0,0.1,1,2129,35,426,5,QOTc-Ang-PCA,arc labels,64.0,0.40543730386137267,0.00788436268068331,0.17142857142857143
Left,contig,Ang,PTT,RTT,0,0.1,1,2129,35,426,5,SDM-Ang-HS4,arc labels,,0.47206303724928367,0.0,0.0
Left,contig,Ang,PTT,RTT,0,0.1,1,2129,35,426,5,SDM-Ang-HSsrc,arc labels,,0.7244235229908582,0.046153846153846156,0.6857142857142857
Left,contig,Ang,PTT,RTT,0,0.1,1,2129,35,426,5,SDM-Ang-PCA,arc labels,64.0,0.6674443989630235,0.058823529411764705,0.45714285714285713
Left,contig,Ang,PTT,RTT,0,0.2,1,2129,35,852,18,NoAdapt,nothing,,0.7553486150907354,0.10096153846153846,0.6
Left,contig,Ang,PTT,RTT,0,0.2,1,2129,35,852,18,TargetOnly,arc labels,,0.6840360212853049,0.04935064935064935,0.5428571428571428
Left,contig,Ang,PTT,RTT,0,0.2,1,2129,35,852,18,Source+Target,arc labels,,0.7493791786055397,0.09012875536480687,0.6
Left,contig,Ang,PTT,RTT,0,0.2,1,2129,35,852,18,COT,arc labels,,0.6040114613180516,0.03365384615384615,0.4
Left,contig,Ang,PTT,RTT,0,0.2,1,2129,35,852,18,none-Ang-HS4,arc labels,,0.7284486287351617,0.09547738693467336,0.5428571428571428
Left,contig,Ang,PTT,RTT,0,0.2,1,2129,35,852,18,none-Ang-HSsrc,nothing,,0.6266884977486696,0.029154518950437316,0.5714285714285714
Left,contig,Ang,PTT,RTT,0,0.2,1,2129,35,852,18,none-Ang-PCA,arc segments,32.0,0.6092645654250239,0.03553299492385787,0.4
Left,contig,Ang,PTT,RTT,0,0.2,1,2129,35,852,18,QOTu-Ang-HS4,arc labels,,0.6526265520534862,0.02631578947368421,0.8
Left,contig,Ang,PTT,RTT,0,0.2,1,2129,35,852,18,QOTu-Ang-HSsrc,arc segments,,0.564087870105062,0.02081268582755203,0.6
Left,contig,Ang,PTT,RTT,0,0.2,1,2129,35,852,18,QOTu-Ang-PCA,arc segments,64.0,0.3114817846909538,0.0030864197530864196,0.08571428571428572
Left,contig,Ang,PTT,RTT,0,0.2,1,2129,35,852,18,QOTc-Ang-HS4,arc labels,,0.6269682084868331,0.030448717948717948,0.5428571428571428
Left,contig,Ang,PTT,RTT,0,0.2,1,2129,35,852,18,QOTc-Ang-HSsrc,arc labels,,0.6193955519170419,0.022943037974683545,0.8285714285714286
Left,contig,Ang,PTT,RTT,0,0.2,1,2129,35,852,18,QOTc-Ang-PCA,arc labels,64.0,0.48491608677855097,0.008064516129032258,0.02857142857142857
Left,contig,Ang,PTT,RTT,0,0.2,1,2129,35,852,18,SDM-Ang-HS4,arc labels,,0.59250920998772,0.02857142857142857,0.42857142857142855
Left,contig,Ang,PTT,RTT,0,0.2,1,2129,35,852,18,SDM-Ang-HSsrc,arc labels,,0.7399031245736116,0.04844961240310078,0.7142857142857143
Left,contig,Ang,PTT,RTT,0,0.2,1,2129,35,852,18,SDM-Ang-PCA,arc labels,64.0,0.5032951289398281,0.01699029126213592,0.2
Left,contig,Ang,PTT,RTT,0,0.3,1,2129,35,1278,27,NoAdapt,nothing,,0.7553486150907354,0.10096153846153846,0.6
Left,contig,Ang,PTT,RTT,0,0.3,1,2129,35,1278,27,TargetOnly,arc labels,,0.7680379315049802,0.05664488017429194,0.7428571428571429
Left,contig,Ang,PTT,RTT,0,0.3,1,2129,35,1278,27,Source+Target,arc labels,,0.8303179151316687,0.10424710424710425,0.7714285714285715
Left,contig,Ang,PTT,RTT,0,0.3,1,2129,35,1278,27,COT,arc labels,,0.6609155410015009,0.04275534441805225,0.5142857142857142
Left,contig,Ang,PTT,RTT,0,0.3,1,2129,35,1278,27,none-Ang-HS4,arc labels,,0.670698594624096,0.032214765100671144,0.6857142857142857
Left,contig,Ang,PTT,RTT,0,0.3,1,2129,35,1278,27,none-Ang-HSsrc,nothing,,0.6266884977486696,0.029154518950437316,0.5714285714285714
Left,contig,Ang,PTT,RTT,0,0.3,1,2129,35,1278,27,none-Ang-PCA,arc segments,64.0,0.42688634192932184,0.009562841530054645,0.2
Left,contig,Ang,PTT,RTT,0,0.3,1,2129,35,1278,27,QOTu-Ang-HS4,arc labels,,0.6470186928639651,0.027624309392265192,0.7142857142857143
Left,contig,Ang,PTT,RTT,0,0.3,1,2129,35,1278,27,QOTu-Ang-HSsrc,arc segments,,0.5922636103151863,0.02356902356902357,0.6
Left,contig,Ang,PTT,RTT,0,0.3,1,2129,35,1278,27,QOTu-Ang-PCA,arc segments,64.0,0.2802019375085278,0.0027198549410698096,0.08571428571428572
Left,contig,Ang,PTT,RTT,0,0.3,1,2129,35,1278,27,QOTc-Ang-HS4,arc labels,,0.6273297857825079,0.03636363636363636,0.45714285714285713
Left,contig,Ang,PTT,RTT,0,0.3,1,2129,35,1278,27,QOTc-Ang-HSsrc,arc labels,,0.7110519852640196,0.041666666666666664,0.6857142857142857
Left,contig,Ang,PTT,RTT,0,0.3,1,2129,35,1278,27,QOTc-Ang-PCA,arc labels,64.0,0.5974894255696548,0.05,0.2857142857142857
Left,contig,Ang,PTT,RTT,0,0.3,1,2129,35,1278,27,SDM-Ang-HS4,arc labels,,0.5714626824942011,0.032362459546925564,0.2857142857142857
Left,contig,Ang,PTT,RTT,0,0.3,1,2129,35,1278,27,SDM-Ang-HSsrc,arc labels,,0.739425569654796,0.04826254826254826,0.7142857142857143
Left,contig,Ang,PTT,RTT,0,0.3,1,2129,35,1278,27,SDM-Ang-PCA,arc labels,64.0,0.432821667348888,0.004962779156327543,0.05714285714285714
Left,contig,Ang,PTT,RTT,0,0.5,1,2129,35,2118,35,NoAdapt,nothing,,0.7553486150907354,0.10096153846153846,0.6
Left,contig,Ang,PTT,RTT,0,0.5,1,2129,35,2118,35,TargetOnly,arc labels,,0.7443989630236049,0.04659498207885305,0.7428571428571429
Left,contig,Ang,PTT,RTT,0,0.5,1,2129,35,2118,35,Source+Target,arc labels,,0.8676831764224314,0.10526315789473684,0.8571428571428571
Left,contig,Ang,PTT,RTT,0,0.5,1,2129,35,2118,35,COT,arc labels,,0.619607040523946,0.030303030303030304,0.5142857142857142
Left,contig,Ang,PTT,RTT,0,0.5,1,2129,35,2118,35,none-Ang-HS4,arc labels,,0.6379451494064674,0.026511134676564158,0.7142857142857143
Left,contig,Ang,PTT,RTT,0,0.5,1,2129,35,2118,35,none-Ang-HSsrc,nothing,,0.6266884977486696,0.029154518950437316,0.5714285714285714
Left,contig,Ang,PTT,RTT,0,0.5,1,2129,35,2118,35,none-Ang-PCA,arc segments,64.0,0.40945558739255017,0.008695652173913044,0.2
Left,contig,Ang,PTT,RTT,0,0.5,1,2129,35,2118,35,QOTu-Ang-HS4,arc labels,,0.608261700095511,0.025485436893203883,0.6
Left,contig,Ang,PTT,RTT,0,0.5,1,2129,35,2118,35,QOTu-Ang-HSsrc,arc segments,,0.6126006276436076,0.026845637583892617,0.5714285714285714
Left,contig,Ang,PTT,RTT,0,0.5,1,2129,35,2118,35,QOTu-Ang-PCA,arc segments,64.0,0.3094487651794242,0.005159071367153913,0.17142857142857143
Left,contig,Ang,PTT,RTT,0,0.5,1,2129,35,2118,35,QOTc-Ang-HS4,arc labels,,0.6890435257197435,0.03429355281207133,0.7142857142857143
Left,contig,Ang,PTT,RTT,0,0.5,1,2129,35,2118,35,QOTc-Ang-HSsrc,arc labels,,0.7345681539091282,0.04090909090909091,0.7714285714285715
Left,contig,Ang,PTT,RTT,0,0.5,1,2129,35,2118,35,QOTc-Ang-PCA,arc labels,64.0,0.6205689725747032,0.05333333333333334,0.34285714285714286
Left,contig,Ang,PTT,RTT,0,0.5,1,2129,35,2118,35,SDM-Ang-HS4,arc labels,,0.6188088415882111,0.027816411682892908,0.5714285714285714
Left,contig,Ang,PTT,RTT,0,0.5,1,2129,35,2118,35,SDM-Ang-HSsrc,arc labels,,0.7083844999317779,0.038580246913580245,0.7142857142857143
Left,contig,Ang,PTT,RTT,0,0.5,1,2129,35,2118,35,SDM-Ang-PCA,arc labels,64.0,0.5929867649065357,0.028680688336520075,0.42857142857142855
Left,contig,Ang,PTT,RTT,1,0.05,1,2129,8,213,2,NoAdapt,nothing,,0.5203029231494578,0.005555555555555556,0.125
Left,contig,Ang,PTT,RTT,1,0.05,1,2129,8,213,2,TargetOnly,arc labels,,0.4476661951909477,0.0,0.0
Left,contig,Ang,PTT,RTT,1,0.05,1,2129,8,213,2,Source+Target,arc labels,,0.521481612446959,0.005714285714285714,0.125
Left,contig,Ang,PTT,RTT,1,0.05,1,2129,8,213,2,COT,arc labels,,0.30245167373880244,0.0,0.0
Left,contig,Ang,PTT,RTT,1,0.05,1,2129,8,213,2,none-Ang-HS4,arc labels,,0.5104019330504479,0.0045045045045045045,0.125
Left,contig,Ang,PTT,RTT,1,0.05,1,2129,8,213,2,none-Ang-HSsrc,nothing,,0.5196546440358322,0.004195804195804196,0.375
Left,contig,Ang,PTT,RTT,1,0.05,1,2129,8,213,2,none-Ang-PCA,arc segments,64.0,0.4753064592173503,0.0031397174254317113,0.25
Left,contig,Ang,PTT,RTT,1,0.05,1,2129,8,213,2,QOTu-Ang-HS4,arc labels,,0.48665134370579916,0.0035087719298245615,0.375
Left,contig,Ang,PTT,RTT,1,0.05,1,2129,8,213,2,QOTu-Ang-HSsrc,arc segments,,0.43926803394625175,0.002840909090909091,0.375
Left,contig,Ang,PTT,RTT,1,0.05,1,2129,8,213,2,QOTu-Ang-PCA,arc segments,64.0,0.4456034889203206,0.002621231979030144,0.25
Left,contig,Ang,PTT,RTT,1,0.05,1,2129,8,213,2,QOTc-Ang-HS4,arc labels,,0.42574257425742573,0.0,0.0
Left,contig,Ang,PTT,RTT,1,0.05,1,2129,8,213,2,QOTc-Ang-HSsrc,arc labels,,0.5602015558698727,0.0055248618784530384,0.375
Left,contig,Ang,PTT,RTT,1,0.05,1,2129,8,213,2,QOTc-Ang-PCA,arc labels,64.0,0.4512022630834512,0.0,0.0
Left,contig,Ang,PTT,RTT,1,0.05,1,2129,8,213,2,SDM-Ang-HS4,arc labels,,0.4389438943894389,0.0,0.0
Left,contig,Ang,PTT,RTT,1,0.05,1,2129,8,213,2,SDM-Ang-HSsrc,arc labels,,0.5560172088637435,0.004574565416285453,0.625
Left,contig,Ang,PTT,RTT,1,0.05,1,2129,8,213,2,SDM-Ang-PCA,arc labels,64.0,0.4526166902404526,0.0,0.0
Left,contig,Ang,PTT,RTT,1,0.1,1,2129,8,426,7,NoAdapt,nothing,,0.5203029231494578,0.005555555555555556,0.125
Left,contig,Ang,PTT,RTT,1,0.1,1,2129,8,426,7,TargetOnly,arc labels,,0.5573727015558698,0.005405405405405406,0.375
Left,contig,Ang,PTT,RTT,1,0.1,1,2129,8,426,7,Source+Target,arc labels,,0.5177098066949553,0.005235602094240838,0.125
Left,contig,Ang,PTT,RTT,1,0.1,1,2129,8,426,7,COT,arc labels,,0.4550035360678925,0.002188183807439825,0.125
Left,contig,Ang,PTT,RTT,1,0.1,1,2129,8,426,7,none-Ang-HS4,arc labels,,0.47713342762847716,0.0,0.0
Left,contig,Ang,PTT,RTT,1,0.1,1,2129,8,426,7,none-Ang-HSsrc,nothing,,0.5196546440358322,0.004195804195804196,0.375
Left,contig,Ang,PTT,RTT,1,0.1,1,2129,8,426,7,none-Ang-PCA,arc segments,64.0,0.4319306930693069,0.00243605359317905,0.25
Left,contig,Ang,PTT,RTT,1,0.1,1,2129,8,426,7,QOTu-Ang-HS4,arc labels,,0.49372347949080625,0.0036363636363636364,0.375
Left,contig,Ang,PTT,RTT,1,0.1,1,2129,8,426,7,QOTu-Ang-HSsrc,arc segments,,0.43903229608675154,0.002838221381267739,0.375
Left,contig,Ang,PTT,RTT,1,0.1,1,2129,8,426,7,QOTu-Ang-PCA,arc segments,64.0,0.4354667609618105,0.0024813895781637717,0.25
Left,contig,Ang,PTT,RTT,1,0.1,1,2129,8,426,7,QOTc-Ang-HS4,arc labels,,0.4262729844413013,0.002366863905325444,0.25
Left,contig,Ang,PTT,RTT,1,0.1,1,2129,8,426,7,QOTc-Ang-HSsrc,arc labels,,0.5560172088637435,0.004574565416285453,0.625
Left,contig,Ang,PTT,RTT,1,0.1,1,2129,8,426,7,QOTc-Ang-PCA,arc labels,64.0,0.5601720886374352,0.007220216606498195,0.25
Left,contig,Ang,PTT,RTT,1,0.1,1,2129,8,426,7,SDM-Ang-HS4,arc labels,,0.4316360207449316,0.0,0.0
Left,contig,Ang,PTT,RTT,1,0.1,1,2129,8,426,7,SDM-Ang-HSsrc,arc labels,,0.48547265440829795,0.0034883720930232558,0.375
Left,contig,Ang,PTT,RTT,1,0.1,1,2129,8,426,7,SDM-Ang-PCA,arc labels,64.0,0.5292904290429044,0.004901960784313725,0.25
Left,contig,Ang,PTT,RTT,1,0.2,1,2129,8,852,25,NoAdapt,nothing,,0.5203029231494578,0.005555555555555556,0.125
Left,contig,Ang,PTT,RTT,1,0.2,1,2129,8,852,25,TargetOnly,arc labels,,0.4781058462989156,0.002785515320334262,0.125
Left,contig,Ang,PTT,RTT,1,0.2,1,2129,8,852,25,Source+Target,arc labels,,0.5153524280999529,0.004975124378109453,0.125
Left,contig,Ang,PTT,RTT,1,0.2,1,2129,8,852,25,COT,arc labels,,0.46207567185289955,0.00234192037470726,0.125
Left,contig,Ang,PTT,RTT,1,0.2,1,2129,8,852,25,none-Ang-HS4,arc labels,,0.5196546440358322,0.004195804195804196,0.375
Left,contig,Ang,PTT,RTT,1,0.2,1,2129,8,852,25,none-Ang-HSsrc,nothing,,0.5196546440358322,0.004195804195804196,0.375
Left,contig,Ang,PTT,RTT,1,0.2,1,2129,8,852,25,none-Ang-PCA,arc segments,32.0,0.5042727487034417,0.004032258064516129,0.125
Left,contig,Ang,PTT,RTT,1,0.2,1,2129,8,852,25,QOTu-Ang-HS4,arc labels,,0.43054573314474304,0.0027447392497712718,0.375
Left,contig,Ang,PTT,RTT,1,0.2,1,2129,8,852,25,QOTu-Ang-HSsrc,arc segments,,0.43903229608675154,0.002838221381267739,0.375
Left,contig,Ang,PTT,RTT,1,0.2,1,2129,8,852,25,QOTu-Ang-PCA,arc segments,32.0,0.5198903818953324,0.004201680672268907,0.375
Left,contig,Ang,PTT,RTT,1,0.2,1,2129,8,852,25,QOTc-Ang-HS4,arc labels,,0.5493576143328618,0.0050933786078098476,0.375
Left,contig,Ang,PTT,RTT,1,0.2,1,2129,8,852,25,QOTc-Ang-HSsrc,arc labels,,0.42465228665723714,0.0026833631484794273,0.375
Left,contig,Ang,PTT,RTT,1,0.2,1,2129,8,852,25,QOTc-Ang-PCA,arc labels,64.0,0.591996699669967,0.014084507042253521,0.25
Left,contig,Ang,PTT,RTT,1,0.2,1,2129,8,852,25,SDM-Ang-HS4,arc labels,,0.43399339933993397,0.0,0.0
Left,contig,Ang,PTT,RTT,1,0.2,1,2129,8,852,25,SDM-Ang-HSsrc,arc labels,,0.5503005657708628,0.005128205128205128,0.375
Left,contig,Ang,PTT,RTT,1,0.2,1,2129,8,852,25,SDM-Ang-PCA,arc labels,64.0,0.5641796322489392,0.007692307692307693,0.25
Left,contig,Ang,PTT,RTT,1,0.3,1,2129,8,1278,27,NoAdapt,nothing,,0.5203029231494578,0.005555555555555556,0.125
Left,contig,Ang,PTT,RTT,1,0.3,1,2129,8,1278,27,TargetOnly,arc labels,,0.49555044790193303,0.0035087719298245615,0.125
Left,contig,Ang,PTT,RTT,1,0.3,1,2129,8,1278,27,Source+Target,arc labels,,0.5186527581329561,0.0053475935828877,0.125
Left,contig,Ang,PTT,RTT,1,0.3,1,2129,8,1278,27,COT,arc labels,,0.46773338048090524,0.0024813895781637717,0.125
Left,contig,Ang,PTT,RTT,1,0.3,1,2129,8,1278,27,none-Ang-HS4,arc labels,,0.5097536539368223,0.003963011889035667,0.375
Left,contig,Ang,PTT,RTT,1,0.3,1,2129,8,1278,27,none-Ang-HSsrc,nothing,,0.5196546440358322,0.004195804195804196,0.375
Left,contig,Ang,PTT,RTT,1,0.3,1,2129,8,1278,27,none-Ang-PCA,arc segments,32.0,0.45335337105139084,0.0021551724137931034,0.125
Left,contig,Ang,PTT,RTT,1,0.3,1,2129,8,1278,27,QOTu-Ang-HS4,arc labels,,0.43903229608675154,0.002838221381267739,0.375
Left,contig,Ang,PTT,RTT,1,0.3,1,2129,8,1278,27,QOTu-Ang-HSsrc,arc segments,,0.44044672324375295,0.0028544243577545195,0.375
Left,contig,Ang,PTT,RTT,1,0.3,1,2129,8,1278,27,QOTu-Ang-PCA,arc segments,32.0,0.513525459688826,0.004048582995951417,0.375
Left,contig,Ang,PTT,RTT,1,0.3,1,2129,8,1278,27,QOTc-Ang-HS4,arc labels,,0.5547795851013673,0.00530035335689046,0.375
Left,contig,Ang,PTT,RTT,1,0.3,1,2129,8,1278,27,QOTc-Ang-HSsrc,arc labels,,0.5494165487977369,0.0044603033006244425,0.625
Left,contig,Ang,PTT,RTT,1,0.3,1,2129,8,1278,27,QOTc-Ang-PCA,arc labels,64.0,0.4813767090994814,0.0,0.0
Left,contig,Ang,PTT,RTT,1,0.3,1,2129,8,1278,27,SDM-Ang-HS4,arc labels,,0.39792550683639794,0.0,0.0
Left,contig,Ang,PTT,RTT,1,0.3,1,2129,8,1278,27,SDM-Ang-HSsrc,arc labels,,0.5583156529938709,0.0054446460980036296,0.375
Left,contig,Ang,PTT,RTT,1,0.3,1,2129,8,1278,27,SDM-Ang-PCA,arc labels,64.0,0.5387199434229137,0.005434782608695652,0.25
Left,contig,Ang,PTT,RTT,1,0.5,1,2129,8,2106,59,NoAdapt,nothing,,0.5203029231494578,0.005555555555555556,0.125
Left,contig,Ang,PTT,RTT,1,0.5,1,2129,8,2106,59,TargetOnly,arc labels,,0.4606317774634606,0.0,0.0
Left,contig,Ang,PTT,RTT,1,0.5,1,2129,8,2106,59,Source+Target,arc labels,,0.5278465346534653,0.006756756756756757,0.125
Left,contig,Ang,PTT,RTT,1,0.5,1,2129,8,2106,59,COT,arc labels,,0.4012258368694012,0.0,0.0
Left,contig,Ang,PTT,RTT,1,0.5,1,2129,8,2106,59,none-Ang-HS4,arc labels,,0.47486445073078737,0.0033149171270718232,0.375
Left,contig,Ang,PTT,RTT,1,0.5,1,2129,8,2106,59,none-Ang-HSsrc,nothing,,0.5196546440358322,0.004195804195804196,0.375
Left,contig,Ang,PTT,RTT,1,0.5,1,2129,8,2106,59,none-Ang-PCA,arc segments,64.0,0.4378241395568128,0.002512562814070352,0.25
Left,contig,Ang,PTT,RTT,1,0.5,1,2129,8,2106,59,QOTu-Ang-HS4,arc labels,,0.5109323432343233,0.003989361702127659,0.375
Left,contig,Ang,PTT,RTT,1,0.5,1,2129,8,2106,59,QOTu-Ang-HSsrc,arc segments,,0.49678807166430927,0.003694581280788177,0.375
Left,contig,Ang,PTT,RTT,1,0.5,1,2129,8,2106,59,QOTu-Ang-PCA,arc segments,64.0,0.530999528524281,0.004287245444801715,0.5
Left,contig,Ang,PTT,RTT,1,0.5,1,2129,8,2106,59,QOTc-Ang-HS4,arc labels,,0.500500942951438,0.003787878787878788,0.125
Left,contig,Ang,PTT,RTT,1,0.5,1,2129,8,2106,59,QOTc-Ang-HSsrc,arc labels,,0.5462930221593587,0.0049833887043189366,0.375
Left,contig,Ang,PTT,RTT,1,0.5,1,2129,8,2106,59,QOTc-Ang-PCA,arc labels,64.0,0.5507131070249882,0.0196078431372549,0.125
Left,contig,Ang,PTT,RTT,1,0.5,1,2129,8,2106,59,SDM-Ang-HS4,arc labels,,0.4273927392739274,0.0,0.0
Left,contig,Ang,PTT,RTT,1,0.5,1,2129,8,2106,59,SDM-Ang-HSsrc,arc labels,,0.5594943422913721,0.005494505494505495,0.375
Left,contig,Ang,PTT,RTT,1,0.5,1,2129,8,2106,59,SDM-Ang-PCA,arc labels,64.0,0.5035655351249411,0.00398406374501992,0.125
Left,contig,Ang,PTT,RTT,2,0.05,1,2129,8,213,15,NoAdapt,nothing,,0.5441419141914192,0.005797101449275362,0.25
Left,contig,Ang,PTT,RTT,2,0.05,1,2129,8,213,15,TargetOnly,arc labels,,0.5606435643564356,0.007272727272727273,0.25
Left,contig,Ang,PTT,RTT,2,0.05,1,2129,8,213,15,Source+Target,arc labels,,0.5599363507779349,0.007194244604316547,0.25
Left,contig,Ang,PTT,RTT,2,0.05,1,2129,8,213,15,COT,arc labels,,0.6418257897218294,0.006858710562414266,0.625
Left,contig,Ang,PTT,RTT,2,0.05,1,2129,8,213,15,none-Ang-HS4,arc labels,,0.5154113625648279,0.004092769440654843,0.375
Left,contig,Ang,PTT,RTT,2,0.05,1,2129,8,213,15,none-Ang-HSsrc,nothing,,0.5132897218293258,0.004043126684636119,0.375
Left,contig,Ang,PTT,RTT,2,0.05,1,2129,8,213,15,none-Ang-PCA,arc segments,8.0,0.6739450730787364,0.006222222222222222,0.875
Left,contig,Ang,PTT,RTT,2,0.05,1,2129,8,213,15,QOTu-Ang-HS4,arc labels,,0.4964049976426214,0.0037220843672456576,0.75
Left,contig,Ang,PTT,RTT,2,0.05,1,2129,8,213,15,QOTu-Ang-HSsrc,arc segments,,0.49475483262611974,0.0037059913526868438,0.75
Left,contig,Ang,PTT,RTT,2,0.05,1,2129,8,213,15,QOTu-Ang-PCA,arc segments,8.0,0.5612918434700613,0.004280363830925628,1.0
Left,contig,Ang,PTT,RTT,2,0.05,1,2129,8,213,15,QOTc-Ang-HS4,arc labels,,0.5172383309759547,0.0051813471502590676,0.125
Left,contig,Ang,PTT,RTT,2,0.05,1,2129,8,213,15,QOTc-Ang-HSsrc,arc labels,,0.5787069778406412,0.004578155657292348,0.875
Left,contig,Ang,PTT,RTT,2,0.05,1,2129,8,213,15,QOTc-Ang-PCA,arc labels,64.0,0.6342232437529467,0.013100436681222707,0.375
Left,contig,Ang,PTT,RTT,2,0.05,1,2129,8,213,15,SDM-Ang-HS4,arc labels,,0.5744931636020745,0.00441257584114727,1.0
Left,contig,Ang,PTT,RTT,2,0.05,1,2129,8,213,15,SDM-Ang-HSsrc,arc labels,,0.5081624233851957,0.0038580246913580245,0.625
Left,contig,Ang,PTT,RTT,2,0.05,1,2129,8,213,15,SDM-Ang-PCA,arc labels,64.0,0.6535832154644036,0.009685230024213076,0.5
Left,contig,Ang,PTT,RTT,2,0.1,1,2129,8,426,25,NoAdapt,nothing,,0.5441419141914192,0.005797101449275362,0.25
Left,contig,Ang,PTT,RTT,2,0.1,1,2129,8,426,25,TargetOnly,arc labels,,0.5806812824139557,0.010526315789473684,0.25
Left,contig,Ang,PTT,RTT,2,0.1,1,2129,8,426,25,Source+Target,arc labels,,0.5632366808109383,0.007575757575757576,0.25
Left,contig,Ang,PTT,RTT,2,0.1,1,2129,8,426,25,COT,arc labels,,0.594501414427157,0.0047879616963064295,0.875
Left,contig,Ang,PTT,RTT,2,0.1,1,2129,8,426,25,none-Ang-HS4,arc labels,,0.5151756247053276,0.004087193460490463,0.375
Left,contig,Ang,PTT,RTT,2,0.1,1,2129,8,426,25,none-Ang-HSsrc,nothing,,0.5132897218293258,0.004043126684636119,0.375
Left,contig,Ang,PTT,RTT,2,0.1,1,2129,8,426,25,none-Ang-PCA,arc segments,16.0,0.5665370108439416,0.008,0.25
Left,contig,Ang,PTT,RTT,2,0.1,1,2129,8,426,25,QOTu-Ang-HS4,arc labels,,0.5204207920792079,0.0040192926045016075,0.625
Left,contig,Ang,PTT,RTT,2,0.1,1,2129,8,426,25,QOTu-Ang-HSsrc,arc segments,,0.5173561999057048,0.003977724741447892,0.625
Left,contig,Ang,PTT,RTT,2,0.1,1,2129,8,426,25,QOTu-Ang-PCA,arc segments,16.0,0.5107260726072607,0.003925417075564278,0.5
Left,contig,Ang,PTT,RTT,2,0.1,1,2129,8,426,25,QOTc-Ang-HS4,arc labels,,0.6543198962753418,0.0073964497041420114,0.625
Left,contig,Ang,PTT,RTT,2,0.1,1,2129,8,426,25,QOTc-Ang-HSsrc,arc labels,,0.4968470061291843,0.003720238095238095,0.625
Left,contig,Ang,PTT,RTT,2,0.1,1,2129,8,426,25,QOTc-Ang-PCA,arc labels,64.0,0.6285655351249411,0.011857707509881422,0.375
Left,contig,Ang,PTT,RTT,2,0.1,1,2129,8,426,25,SDM-Ang-HS4,arc labels,,0.6678453559641678,0.0056457304163726185,1.0
Left,contig,Ang,PTT,RTT,2,0.1,1,2129,8,426,25,SDM-Ang-HSsrc,arc labels,,0.5088991041961339,0.003848620910840282,0.75
Left,contig,Ang,PTT,RTT,2,0.1,1,2129,8,426,25,SDM-Ang-PCA,arc labels,64.0,0.5748467703913249,0.00535475234270415,0.5
Left,contig,Ang,PTT,RTT,2,0.2,1,2129,8,852,38,NoAdapt,nothing,,0.5441419141914192,0.005797101449275362,0.25
Left,contig,Ang,PTT,RTT,2,0.2,1,2129,8,852,38,TargetOnly,arc labels,,0.591996699669967,0.014084507042253521,0.25
Left,contig,Ang,PTT,RTT,2,0.2,1,2129,8,852,38,Source+Target,arc labels,,0.5592291371994342,0.0071174377224199285,0.25
Left,contig,Ang,PTT,RTT,2,0.2,1,2129,8,852,38,COT,arc labels,,0.6351956624233852,0.008146639511201629,0.5
Left,contig,Ang,PTT,RTT,2,0.2,1,2129,8,852,38,none-Ang-HS4,arc labels,,0.4616631305987742,0.003121748178980229,0.375
Left,contig,Ang,PTT,RTT,2,0.2,1,2129,8,852,38,none-Ang-HSsrc,nothing,,0.5132897218293258,0.004043126684636119,0.375
Left,contig,Ang,PTT,RTT,2,0.2,1,2129,8,852,38,none-Ang-PCA,arc segments,16.0,0.576467468175389,0.006329113924050633,0.375
Left,contig,Ang,PTT,RTT,2,0.2,1,2129,8,852,38,QOTu-Ang-HS4,arc labels,,0.5857201791607732,0.005170630816959669,0.625
Left,contig,Ang,PTT,RTT,2,0.2,1,2129,8,852,38,QOTu-Ang-HSsrc,arc segments,,0.519477840641207,0.004006410256410256,0.625
Left,contig,Ang,PTT,RTT,2,0.2,1,2129,8,852,38,QOTu-Ang-PCA,arc segments,8.0,0.6284771334276285,0.005050505050505051,1.0
Left,contig,Ang,PTT,RTT,2,0.2,1,2129,8,852,38,QOTc-Ang-HS4,arc labels,,0.49304573314474304,0.003656307129798903,0.5
Left,contig,Ang,PTT,RTT,2,0.2,1,2129,8,852,38,QOTc-Ang-HSsrc,arc labels,,0.5829502593116455,0.004632693580410324,0.875
Left,contig,Ang,PTT,RTT,2,0.2,1,2129,8,852,38,QOTc-Ang-PCA,arc labels,64.0,0.6009547383309759,0.019230769230769232,0.25
Left,contig,Ang,PTT,RTT,2,0.2,1,2129,8,852,38,SDM-Ang-HS4,arc labels,,0.4222654408297973,0.002320185614849188,0.25
Left,contig,Ang,PTT,RTT,2,0.2,1,2129,8,852,38,SDM-Ang-HSsrc,arc labels,,0.5822430457331448,0.004623513870541612,0.875
Left,contig,Ang,PTT,RTT,2,0.2,1,2129,8,852,38,SDM-Ang-PCA,arc labels,64.0,0.683551390853371,0.009057971014492754,0.625
Left,contig,Ang,PTT,RTT,2,0.3,1,2129,8,1278,40,NoAdapt,nothing,,0.5441419141914192,0.005797101449275362,0.25
Left,contig,Ang,PTT,RTT,2,0.3,1,2129,8,1278,40,TargetOnly,arc labels,,0.4707685054219708,0.0,0.0
Left,contig,Ang,PTT,RTT,2,0.3,1,2129,8,1278,40,Source+Target,arc labels,,0.5625294672324375,0.00749063670411985,0.25
Left,contig,Ang,PTT,RTT,2,0.3,1,2129,8,1278,40,COT,arc labels,,0.5476779820839226,0.006060606060606061,0.25
Left,contig,Ang,PTT,RTT,2,0.3,1,2129,8,1278,40,none-Ang-HS4,arc labels,,0.4420968882602546,0.0028735632183908046,0.375
Left,contig,Ang,PTT,RTT,2,0.3,1,2129,8,1278,40,none-Ang-HSsrc,nothing,,0.5132897218293258,0.004043126684636119,0.375
Left,contig,Ang,PTT,RTT,2,0.3,1,2129,8,1278,40,none-Ang-PCA,arc segments,64.0,0.46351956624233853,0.002911208151382824,0.25
Left,contig,Ang,PTT,RTT,2,0.3,1,2129,8,1278,40,QOTu-Ang-HS4,arc labels,,0.5680398396982556,0.0047984644913627635,0.625
Left,contig,Ang,PTT,RTT,2,0.3,1,2129,8,1278,40,QOTu-Ang-HSsrc,arc segments,,0.5715759075907592,0.004868549172346641,0.625
Left,contig,Ang,PTT,RTT,2,0.3,1,2129,8,1278,40,QOTu-Ang-PCA,arc segments,8.0,0.6320132013201321,0.005098789037603569,1.0
Left,contig,Ang,PTT,RTT,2,0.3,1,2129,8,1278,40,QOTc-Ang-HS4,arc labels,,0.5012376237623762,0.003795066413662239,0.25
Left,contig,Ang,PTT,RTT,2,0.3,1,2129,8,1278,40,QOTc-Ang-HSsrc,arc labels,,0.5791489863272041,0.004758128469468675,0.75
Left,contig,Ang,PTT,RTT,2,0.3,1,2129,8,1278,40,QOTc-Ang-PCA,arc labels,64.0,0.46581801037246584,0.0,0.0
Left,contig,Ang,PTT,RTT,2,0.3,1,2129,8,1278,40,SDM-Ang-HS4,arc labels,,0.4436586515794437,0.0,0.0
Left,contig,Ang,PTT,RTT,2,0.3,1,2129,8,1278,40,SDM-Ang-HSsrc,arc labels,,0.5796204620462047,0.004765687053216839,0.75
Left,contig,Ang,PTT,RTT,2,0.3,1,2129,8,1278,40,SDM-Ang-PCA,arc labels,64.0,0.5731671381423857,0.006147540983606557,0.375
Left,contig,Ang,PTT,RTT,2,0.5,1,2129,8,2106,62,NoAdapt,nothing,,0.5441419141914192,0.005797101449275362,0.25
Left,contig,Ang,PTT,RTT,2,0.5,1,2129,8,2106,62,TargetOnly,arc labels,,0.5297324375294672,0.007142857142857143,0.125
Left,contig,Ang,PTT,RTT,2,0.5,1,2129,8,2106,62,Source+Target,arc labels,,0.5526284771334276,0.006472491909385114,0.25
Left,contig,Ang,PTT,RTT,2,0.5,1,2129,8,2106,62,COT,arc labels,,0.39816124469589814,0.0,0.0
Left,contig,Ang,PTT,RTT,2,0.5,1,2129,8,2106,62,none-Ang-HS4,arc labels,,0.5750825082508251,0.005361930294906166,0.5
Left,contig,Ang,PTT,RTT,2,0.5,1,2129,8,2106,62,none-Ang-HSsrc,nothing,,0.5132897218293258,0.004043126684636119,0.375
Left,contig,Ang,PTT,RTT,2,0.5,1,2129,8,2106,62,none-Ang-PCA,arc segments,16.0,0.517474068835455,0.005208333333333333,0.125
Left,contig,Ang,PTT,RTT,2,0.5,1,2129,8,2106,62,QOTu-Ang-HS4,arc labels,,0.5972713342762848,0.0054466230936819175,0.625
Left,contig,Ang,PTT,RTT,2,0.5,1,2129,8,2106,62,QOTu-Ang-HSsrc,arc segments,,0.5904349363507779,0.005279831045406547,0.625
Left,contig,Ang,PTT,RTT,2,0.5,1,2129,8,2106,62,QOTu-Ang-PCA,arc segments,8.0,0.6529644035832155,0.005766062602965404,0.875
Left,contig,Ang,PTT,RTT,2,0.5,1,2129,8,2106,62,QOTc-Ang-HS4,arc labels,,0.5146746817538896,0.00425531914893617,0.25
Left,contig,Ang,PTT,RTT,2,0.5,1,2129,8,2106,62,QOTc-Ang-HSsrc,arc labels,,0.5743752946723244,0.0053404539385847796,0.5
Left,contig,Ang,PTT,RTT,2,0.5,1,2129,8,2106,62,QOTc-Ang-PCA,arc labels,64.0,0.6547324375294672,0.02112676056338028,0.375
Left,contig,Ang,PTT,RTT,2,0.5,1,2129,8,2106,62,SDM-Ang-HS4,arc labels,,0.4189061763319189,0.0,0.0
Left,contig,Ang,PTT,RTT,2,0.5,1,2129,8,2106,62,SDM-Ang-HSsrc,arc labels,,0.5882838283828382,0.005797101449275362,0.5
Left,contig,Ang,PTT,RTT,2,0.5,1,2129,8,2106,62,SDM-Ang-PCA,arc labels,64.0,0.4304573314474305,0.0,0.0
Left,contig,Ang,PTT,RTT,3,0.05,1,2129,9,213,8,NoAdapt,nothing,,0.5309224318658281,0.005847953216374269,0.2222222222222222
Left,contig,Ang,PTT,RTT,3,0.05,1,2129,9,213,8,TargetOnly,arc labels,,0.4803197064989517,0.003125,0.1111111111111111
Left,contig,Ang,PTT,RTT,3,0.05,1,2129,9,213,8,Source+Target,arc labels,,0.5614779874213837,0.0066815144766146995,0.3333333333333333
Left,contig,Ang,PTT,RTT,3,0.05,1,2129,9,213,8,COT,arc labels,,0.5335167714884697,0.006042296072507553,0.2222222222222222
Left,contig,Ang,PTT,RTT,3,0.05,1,2129,9,213,8,none-Ang-HS4,arc labels,,0.4750524109014675,0.0038022813688212928,0.4444444444444444
Left,contig,Ang,PTT,RTT,3,0.05,1,2129,9,213,8,none-Ang-HSsrc,nothing,,0.5067610062893082,0.004405286343612335,0.3333333333333333
Left,contig,Ang,PTT,RTT,3,0.05,1,2129,9,213,8,none-Ang-PCA,arc segments,16.0,0.5488469601677148,0.007518796992481203,0.2222222222222222
Left,contig,Ang,PTT,RTT,3,0.05,1,2129,9,213,8,QOTu-Ang-HS4,arc labels,,0.4999213836477987,0.004225352112676056,0.3333333333333333
Left,contig,Ang,PTT,RTT,3,0.05,1,2129,9,213,8,QOTu-Ang-HSsrc,arc segments,,0.5394654088050315,0.004792332268370607,0.6666666666666666
Left,contig,Ang,PTT,RTT,3,0.05,1,2129,9,213,8,QOTu-Ang-PCA,arc segments,16.0,0.48930817610062893,0.003973509933774834,0.3333333333333333
Left,contig,Ang,PTT,RTT,3,0.05,1,2129,9,213,8,QOTc-Ang-HS4,arc labels,,0.4736111111111111,0.003418803418803419,0.2222222222222222
Left,contig,Ang,PTT,RTT,3,0.05,1,2129,9,213,8,QOTc-Ang-HSsrc,arc labels,,0.5575995807127883,0.005698005698005698,0.4444444444444444
Left,contig,Ang,PTT,RTT,3,0.05,1,2129,9,213,8,QOTc-Ang-PCA,arc labels,64.0,0.5729035639412998,0.012195121951219513,0.2222222222222222
Left,contig,Ang,PTT,RTT,3,0.05,1,2129,9,213,8,SDM-Ang-HS4,arc labels,,0.45272536687631026,0.002288329519450801,0.1111111111111111
Left,contig,Ang,PTT,RTT,3,0.05,1,2129,9,213,8,SDM-Ang-HSsrc,arc labels,,0.5611373165618448,0.005822416302765648,0.4444444444444444
Left,contig,Ang,PTT,RTT,3,0.05,1,2129,9,213,8,SDM-Ang-PCA,arc labels,64.0,0.49517819706498956,0.0038910505836575876,0.1111111111111111
Left,contig,Ang,PTT,RTT,3,0.1,1,2129,9,426,18,NoAdapt,nothing,,0.5309224318658281,0.005847953216374269,0.2222222222222222
Left,contig,Ang,PTT,RTT,3,0.1,1,2129,9,426,18,TargetOnly,arc labels,,0.5036687631027253,0.004524886877828055,0.1111111111111111
Left,contig,Ang,PTT,RTT,3,0.1,1,2129,9,426,18,Source+Target,arc labels,,0.5021488469601677,0.004310344827586207,0.2222222222222222
Left,contig,Ang,PTT,RTT,3,0.1,1,2129,9,426,18,COT,arc labels,,0.5492138364779874,0.005988023952095809,0.3333333333333333
Left,contig,Ang,PTT,RTT,3,0.1,1,2129,9,426,18,none-Ang-HS4,arc labels,,0.5084119496855346,0.004451038575667656,0.3333333333333333
Left,contig,Ang,PTT,RTT,3,0.1,1,2129,9,426,18,none-Ang-HSsrc,nothing,,0.5067610062893082,0.004405286343612335,0.3333333333333333
Left,contig,Ang,PTT,RTT,3,0.1,1,2129,9,426,18,none-Ang-PCA,arc segments,32.0,0.5034329140461216,0.0045045045045045045,0.1111111111111111
Left,contig,Ang,PTT,RTT,3,0.1,1,2129,9,426,18,QOTu-Ang-HS4,arc labels,,0.5773060796645703,0.005847953216374269,0.5555555555555556
Left,contig,Ang,PTT,RTT,3,0.1,1,2129,9,426,18,QOTu-Ang-HSsrc,arc segments,,0.5213050314465408,0.004514672686230248,0.6666666666666666
Left,contig,Ang,PTT,RTT,3,0.1,1,2129,9,426,18,QOTu-Ang-PCA,arc segments,16.0,0.45948637316561847,0.0035778175313059034,0.4444444444444444
Left,contig,Ang,PTT,RTT,3,0.1,1,2129,9,426,18,QOTc-Ang-HS4,arc labels,,0.42114779874213837,0.0028735632183908046,0.3333333333333333
Left,contig,Ang,PTT,RTT,3,0.1,1,2129,9,426,18,QOTc-Ang-HSsrc,arc labels,,0.5575995807127883,0.005698005698005698,0.4444444444444444
Left,contig,Ang,PTT,RTT,3,0.1,1,2129,9,426,18,QOTc-Ang-PCA,arc labels,64.0,0.5415356394129979,0.006734006734006734,0.2222222222222222
Left,contig,Ang,PTT,RTT,3,0.1,1,2129,9,426,18,SDM-Ang-HS4,arc labels,,0.39187631027253667,0.0014388489208633094,0.1111111111111111
Left,contig,Ang,PTT,RTT,3,0.1,1,2129,9,426,18,SDM-Ang-HSsrc,arc labels,,0.5594863731656184,0.005763688760806916,0.4444444444444444
Left,contig,Ang,PTT,RTT,3,0.1,1,2129,9,426,18,SDM-Ang-PCA,arc labels,64.0,0.46297169811320754,0.0,0.0
Left,contig,Ang,PTT,RTT,3,0.2,1,2129,9,852,31,NoAdapt,nothing,,0.5309224318658281,0.005847953216374269,0.2222222222222222
Left,contig,Ang,PTT,RTT,3,0.2,1,2129,9,852,31,TargetOnly,arc labels,,0.5251310272536688,0.007692307692307693,0.1111111111111111
Left,contig,Ang,PTT,RTT,3,0.2,1,2129,9,852,31,Source+Target,arc labels,,0.5295073375262054,0.005747126436781609,0.2222222222222222
Left,contig,Ang,PTT,RTT,3,0.2,1,2129,9,852,31,COT,arc labels,,0.6094863731656184,0.008298755186721992,0.4444444444444444
Left,contig,Ang,PTT,RTT,3,0.2,1,2129,9,852,31,none-Ang-HS4,arc labels,,0.5039308176100629,0.004329004329004329,0.3333333333333333
Left,contig,Ang,PTT,RTT,3,0.2,1,2129,9,852,31,none-Ang-HSsrc,nothing,,0.5067610062893082,0.004405286343612335,0.3333333333333333
Left,contig,Ang,PTT,RTT,3,0.2,1,2129,9,852,31,none-Ang-PCA,arc segments,32.0,0.5034329140461216,0.0045045045045045045,0.1111111111111111
Left,contig,Ang,PTT,RTT,3,0.2,1,2129,9,852,31,QOTu-Ang-HS4,arc labels,,0.5806079664570231,0.005945303210463734,0.5555555555555556
Left,contig,Ang,PTT,RTT,3,0.2,1,2129,9,852,31,QOTu-Ang-HSsrc,arc segments,,0.5229559748427672,0.0045385779122541605,0.6666666666666666
Left,contig,Ang,PTT,RTT,3,0.2,1,2129,9,852,31,QOTu-Ang-PCA,arc segments,32.0,0.504874213836478,0.0043541364296081275,0.3333333333333333
Left,contig,Ang,PTT,RTT,3,0.2,1,2129,9,852,31,QOTc-Ang-HS4,arc labels,,0.4895440251572327,0.003978779840848806,0.3333333333333333
Left,contig,Ang,PTT,RTT,3,0.2,1,2129,9,852,31,QOTc-Ang-HSsrc,arc labels,,0.5698637316561845,0.006153846153846154,0.4444444444444444
Left,contig,Ang,PTT,RTT,3,0.2,1,2129,9,852,31,QOTc-Ang-PCA,arc labels,64.0,0.5632337526205451,0.00975609756097561,0.2222222222222222
Left,contig,Ang,PTT,RTT,3,0.2,1,2129,9,852,31,SDM-Ang-HS4,arc labels,,0.47783018867924526,0.0,0.0
Left,contig,Ang,PTT,RTT,3,0.2,1,2129,9,852,31,SDM-Ang-HSsrc,arc labels,,0.5719863731656185,0.0062402496099844,0.4444444444444444
Left,contig,Ang,PTT,RTT,3,0.2,1,2129,9,852,31,SDM-Ang-PCA,arc labels,64.0,0.627646750524109,0.009876543209876543,0.4444444444444444
Left,contig,Ang,PTT,RTT,3,0.3,1,2129,9,1278,35,NoAdapt,nothing,,0.5309224318658281,0.005847953216374269,0.2222222222222222
Left,contig,Ang,PTT,RTT,3,0.3,1,2129,9,1278,35,TargetOnly,arc labels,,0.532206498951782,0.01,0.1111111111111111
Left,contig,Ang,PTT,RTT,3,0.3,1,2129,9,1278,35,Source+Target,arc labels,,0.5304507337526205,0.005813953488372093,0.2222222222222222
Left,contig,Ang,PTT,RTT,3,0.3,1,2129,9,1278,35,COT,arc labels,,0.5965146750524108,0.0074487895716946,0.4444444444444444
Left,contig,Ang,PTT,RTT,3,0.3,1,2129,9,1278,35,none-Ang-HS4,arc labels,,0.4542976939203354,0.0035087719298245615,0.4444444444444444
Left,contig,Ang,PTT,RTT,3,0.3,1,2129,9,1278,35,none-Ang-HSsrc,nothing,,0.5067610062893082,0.004405286343612335,0.3333333333333333
Left,contig,Ang,PTT,RTT,3,0.3,1,2129,9,1278,35,none-Ang-PCA,arc segments,32.0,0.515461215932914,0.005847953216374269,0.1111111111111111
Left,contig,Ang,PTT,RTT,3,0.3,1,2129,9,1278,35,QOTu-Ang-HS4,arc labels,,0.510062893081761,0.004497751124437781,0.3333333333333333
Left,contig,Ang,PTT,RTT,3,0.3,1,2129,9,1278,35,QOTu-Ang-HSsrc,arc segments,,0.5650419287211741,0.005512679162072767,0.5555555555555556
Left,contig,Ang,PTT,RTT,3,0.3,1,2129,9,1278,35,QOTu-Ang-PCA,arc segments,64.0,0.4743186582809224,0.003436426116838488,0.2222222222222222
Left,contig,Ang,PTT,RTT,3,0.3,1,2129,9,1278,35,QOTc-Ang-HS4,arc labels,,0.5002620545073375,0.00423728813559322,0.2222222222222222
Left,contig,Ang,PTT,RTT,3,0.3,1,2129,9,1278,35,QOTc-Ang-HSsrc,arc labels,,0.5583071278825995,0.005722460658082976,0.4444444444444444
Left,contig,Ang,PTT,RTT,3,0.3,1,2129,9,1278,35,QOTc-Ang-PCA,arc labels,64.0,0.5884696016771489,0.02040816326530612,0.2222222222222222
Left,contig,Ang,PTT,RTT,3,0.3,1,2129,9,1278,35,SDM-Ang-HS4,arc labels,,0.4660377358490566,0.0,0.0
Left,contig,Ang,PTT,RTT,3,0.3,1,2129,9,1278,35,SDM-Ang-HSsrc,arc labels,,0.5618448637316562,0.005847953216374269,0.4444444444444444
Left,contig,Ang,PTT,RTT,3,0.3,1,2129,9,1278,35,SDM-Ang-PCA,arc labels,64.0,0.6697589098532495,0.01079913606911447,0.5555555555555556
Left,contig,Ang,PTT,RTT,3,0.5,1,2129,9,2106,61,NoAdapt,nothing,,0.5309224318658281,0.005847953216374269,0.2222222222222222
Left,contig,Ang,PTT,RTT,3,0.5,1,2129,9,2106,61,TargetOnly,arc labels,,0.5237159329140462,0.007352941176470588,0.1111111111111111
Left,contig,Ang,PTT,RTT,3,0.5,1,2129,9,2106,61,Source+Target,arc labels,,0.5330450733752621,0.006006006006006006,0.2222222222222222
Left,contig,Ang,PTT,RTT,3,0.5,1,2129,9,2106,61,COT,arc labels,,0.4754979035639413,0.0034662045060658577,0.2222222222222222
Left,contig,Ang,PTT,RTT,3,0.5,1,2129,9,2106,61,none-Ang-HS4,arc labels,,0.5055817610062893,0.004373177842565598,0.3333333333333333
Left,contig,Ang,PTT,RTT,3,0.5,1,2129,9,2106,61,none-Ang-HSsrc,nothing,,0.5067610062893082,0.004405286343612335,0.3333333333333333
Left,contig,Ang,PTT,RTT,3,0.5,1,2129,9,2106,61,none-Ang-PCA,arc segments,64.0,0.44979035639412995,0.0029154518950437317,0.2222222222222222
Left,contig,Ang,PTT,RTT,3,0.5,1,2129,9,2106,61,QOTu-Ang-HS4,arc labels,,0.5394392033542976,0.005134788189987163,0.4444444444444444
Left,contig,Ang,PTT,RTT,3,0.5,1,2129,9,2106,61,QOTu-Ang-HSsrc,arc segments,,0.5777777777777777,0.005861664712778429,0.5555555555555556
Left,contig,Ang,PTT,RTT,3,0.5,1,2129,9,2106,61,QOTu-Ang-PCA,arc segments,64.0,0.46865828092243184,0.0033003300330033004,0.2222222222222222
Left,contig,Ang,PTT,RTT,3,0.5,1,2129,9,2106,61,QOTc-Ang-HS4,arc labels,,0.49719601677148845,0.004123711340206186,0.2222222222222222
Left,contig,Ang,PTT,RTT,3,0.5,1,2129,9,2106,61,QOTc-Ang-HSsrc,arc labels,,0.5616090146750524,0.00583941605839416,0.4444444444444444
Left,contig,Ang,PTT,RTT,3,0.5,1,2129,9,2106,61,QOTc-Ang-PCA,arc labels,64.0,0.5797431865828092,0.014814814814814815,0.2222222222222222
Left,contig,Ang,PTT,RTT,3,0.5,1,2129,9,2106,61,SDM-Ang-HS4,arc labels,,0.49659329140461217,0.00398406374501992,0.1111111111111111
Left,contig,Ang,PTT,RTT,3,0.5,1,2129,9,2106,61,SDM-Ang-HSsrc,arc labels,,0.5719863731656185,0.0062402496099844,0.4444444444444444
Left,contig,Ang,PTT,RTT,3,0.5,1,2129,9,2106,61,SDM-Ang-PCA,arc labels,64.0,0.4514150943396226,0.0,0.0
Left,contig,Ang,PTT,RTT,4,0.05,0,2129,14,213,0,NoAdapt,nothing,,0.49175954069571093,0.0058997050147492625,0.14285714285714285
Left,contig,Ang,PTT,RTT,4,0.05,0,2129,14,213,0,TargetOnly,arc labels,,,,
Left,contig,Ang,PTT,RTT,4,0.05,0,2129,14,213,0,Source+Target,arc labels,,,,
Left,contig,Ang,PTT,RTT,4,0.05,0,2129,14,213,0,COT,arc labels,,,,
Left,contig,Ang,PTT,RTT,4,0.05,0,2129,14,213,0,none-Ang-HS4,arc labels,,,,
Left,contig,Ang,PTT,RTT,4,0.05,0,2129,14,213,0,none-Ang-HSsrc,nothing,,0.4799560959135427,0.005545286506469501,0.21428571428571427
Left,contig,Ang,PTT,RTT,4,0.05,0,2129,14,213,0,none-Ang-PCA,arc segments,8.0,0.5204322863897332,0.007263922518159807,0.42857142857142855
Left,contig,Ang,PTT,RTT,4,0.05,0,2129,14,213,0,QOTu-Ang-HS4,arc labels,,,,
Left,contig,Ang,PTT,RTT,4,0.05,0,2129,14,213,0,QOTu-Ang-HSsrc,arc segments,,0.49842958459979736,0.00651890482398957,0.35714285714285715
Left,contig,Ang,PTT,RTT,4,0.05,0,2129,14,213,0,QOTu-Ang-PCA,arc segments,16.0,0.4702803107058426,0.005449591280653951,0.2857142857142857
Left,contig,Ang,PTT,RTT,4,0.05,0,2129,14,213,0,QOTc-Ang-HS4,arc labels,,,,
Left,contig,Ang,PTT,RTT,4,0.05,0,2129,14,213,0,QOTc-Ang-HSsrc,arc labels,,,,
Left,contig,Ang,PTT,RTT,4,0.05,0,2129,14,213,0,QOTc-Ang-PCA,arc labels,,,,
Left,contig,Ang,PTT,RTT,4,0.05,0,2129,14,213,0,SDM-Ang-HS4,arc labels,,,,
Left,contig,Ang,PTT,RTT,4,0.05,0,2129,14,213,0,SDM-Ang-HSsrc,arc labels,,,,
Left,contig,Ang,PTT,RTT,4,0.05,0,2129,14,213,0,SDM-Ang-PCA,arc labels,,,,
Left,contig,Ang,PTT,RTT,4,0.1,0,2129,14,426,1,NoAdapt,nothing,,0.49175954069571093,0.0058997050147492625,0.14285714285714285
Left,contig,Ang,PTT,RTT,4,0.1,0,2129,14,426,1,TargetOnly,arc labels,,,,
Left,contig,Ang,PTT,RTT,4,0.1,0,2129,14,426,1,Source+Target,arc labels,,,,
Left,contig,Ang,PTT,RTT,4,0.1,0,2129,14,426,1,COT,arc labels,,,,
Left,contig,Ang,PTT,RTT,4,0.1,0,2129,14,426,1,none-Ang-HS4,arc labels,,,,
Left,contig,Ang,PTT,RTT,4,0.1,0,2129,14,426,1,none-Ang-HSsrc,nothing,,0.4799560959135427,0.005545286506469501,0.21428571428571427
Left,contig,Ang,PTT,RTT,4,0.1,0,2129,14,426,1,none-Ang-PCA,arc segments,32.0,0.4834684228301249,0.0045045045045045045,0.07142857142857142
Left,contig,Ang,PTT,RTT,4,0.1,0,2129,14,426,1,QOTu-Ang-HS4,arc labels,,,,
Left,contig,Ang,PTT,RTT,4,0.1,0,2129,14,426,1,QOTu-Ang-HSsrc,arc segments,,0.504339750084431,0.006738544474393531,0.35714285714285715
Left,contig,Ang,PTT,RTT,4,0.1,0,2129,14,426,1,QOTu-Ang-PCA,arc segments,16.0,0.4752448497129348,0.005610098176718092,0.2857142857142857
Left,contig,Ang,PTT,RTT,4,0.1,0,2129,14,426,1,QOTc-Ang-HS4,arc labels,,,,
Left,contig,Ang,PTT,RTT,4,0.1,0,2129,14,426,1,QOTc-Ang-HSsrc,arc labels,,,,
Left,contig,Ang,PTT,RTT,4,0.1,0,2129,14,426,1,QOTc-Ang-PCA,arc labels,,,,
Left,contig,Ang,PTT,RTT,4,0.1,0,2129,14,426,1,SDM-Ang-HS4,arc labels,,,,
Left,contig,Ang,PTT,RTT,4,0.1,0,2129,14,426,1,SDM-Ang-HSsrc,arc labels,,,,
Left,contig,Ang,PTT,RTT,4,0.1,0,2129,14,426,1,SDM-Ang-PCA,arc labels,,,,
Left,contig,Ang,PTT,RTT,4,0.2,1,2129,14,852,10,NoAdapt,nothing,,0.49175954069571093,0.0058997050147492625,0.14285714285714285
Left,contig,Ang,PTT,RTT,4,0.2,1,2129,14,852,10,TargetOnly,arc labels,,0.5061803444782168,0.007194244604316547,0.14285714285714285
Left,contig,Ang,PTT,RTT,4,0.2,1,2129,14,852,10,Source+Target,arc labels,,0.5045423843296184,0.006864988558352402,0.21428571428571427
Left,contig,Ang,PTT,RTT,4,0.2,1,2129,14,852,10,COT,arc labels,,0.4657885849375211,0.005312084993359893,0.2857142857142857
Left,contig,Ang,PTT,RTT,4,0.2,1,2129,14,852,10,none-Ang-HS4,arc labels,,0.5239614994934144,0.007587253414264037,0.35714285714285715
Left,contig,Ang,PTT,RTT,4,0.2,1,2129,14,852,10,none-Ang-HSsrc,nothing,,0.4799560959135427,0.005545286506469501,0.21428571428571427
Left,contig,Ang,PTT,RTT,4,0.2,1,2129,14,852,10,none-Ang-PCA,arc segments,16.0,0.5135089496791625,0.008097165991902834,0.14285714285714285
Left,contig,Ang,PTT,RTT,4,0.2,1,2129,14,852,10,QOTu-Ang-HS4,arc labels,,0.49368456602499156,0.006299212598425197,0.2857142857142857
Left,contig,Ang,PTT,RTT,4,0.2,1,2129,14,852,10,QOTu-Ang-HSsrc,arc segments,,0.5015028706518069,0.006631299734748011,0.35714285714285715
Left,contig,Ang,PTT,RTT,4,0.2,1,2129,14,852,10,QOTu-Ang-PCA,arc segments,8.0,0.4847517730496454,0.006200177147918512,0.5
Left,contig,Ang,PTT,RTT,4,0.2,1,2129,14,852,10,QOTc-Ang-HS4,arc labels,,0.4908308004052685,0.006060606060606061,0.21428571428571427
Left,contig,Ang,PTT,RTT,4,0.2,1,2129,14,852,10,QOTc-Ang-HSsrc,arc labels,,0.5693853427895981,0.009079118028534372,0.5
Left,contig,Ang,PTT,RTT,4,0.2,1,2129,14,852,10,QOTc-Ang-PCA,arc labels,64.0,0.5454238432961838,0.017857142857142856,0.14285714285714285
Left,contig,Ang,PTT,RTT,4,0.2,1,2129,14,852,10,SDM-Ang-HS4,arc labels,,0.4849206349206349,0.0057692307692307696,0.21428571428571427
Left,contig,Ang,PTT,RTT,4,0.2,1,2129,14,852,10,SDM-Ang-HSsrc,arc labels,,0.5712765957446808,0.009174311926605505,0.5
Left,contig,Ang,PTT,RTT,4,0.2,1,2129,14,852,10,SDM-Ang-PCA,arc labels,64.0,0.45933806146572104,0.0,0.0
Left,contig,Ang,PTT,RTT,4,0.3,1,2129,14,1278,32,NoAdapt,nothing,,0.49175954069571093,0.0058997050147492625,0.14285714285714285
Left,contig,Ang,PTT,RTT,4,0.3,1,2129,14,1278,32,TargetOnly,arc labels,,0.5033265788584937,0.007246376811594203,0.07142857142857142
Left,contig,Ang,PTT,RTT,4,0.3,1,2129,14,1278,32,Source+Target,arc labels,,0.4891590678824721,0.005714285714285714,0.14285714285714285
Left,contig,Ang,PTT,RTT,4,0.3,1,2129,14,1278,32,COT,arc labels,,0.5220702465383317,0.0074962518740629685,0.35714285714285715
Left,contig,Ang,PTT,RTT,4,0.3,1,2129,14,1278,32,none-Ang-HS4,arc labels,,0.48610266801756163,0.005825242718446602,0.21428571428571427
Left,contig,Ang,PTT,RTT,4,0.3,1,2129,14,1278,32,none-Ang-HSsrc,nothing,,0.4799560959135427,0.005545286506469501,0.21428571428571427
Left,contig,Ang,PTT,RTT,4,0.3,1,2129,14,1278,32,none-Ang-PCA,arc segments,32.0,0.4919790611279973,0.005376344086021506,0.07142857142857142
Left,contig,Ang,PTT,RTT,4,0.3,1,2129,14,1278,32,QOTu-Ang-HS4,arc labels,,0.4775920297196893,0.0054446460980036296,0.21428571428571427
Left,contig,Ang,PTT,RTT,4,0.3,1,2129,14,1278,32,QOTu-Ang-HSsrc,arc segments,,0.5130867950016886,0.0070921985815602835,0.35714285714285715
Left,contig,Ang,PTT,RTT,4,0.3,1,2129,14,1278,32,QOTu-Ang-PCA,arc segments,16.0,0.4482776089159068,0.0044444444444444444,0.21428571428571427
Left,contig,Ang,PTT,RTT,4,0.3,1,2129,14,1278,32,QOTc-Ang-HS4,arc labels,,0.42272880783519085,0.003169572107765452,0.14285714285714285
Left,contig,Ang,PTT,RTT,4,0.3,1,2129,14,1278,32,QOTc-Ang-HSsrc,arc labels,,0.5715130023640662,0.009186351706036745,0.5
Left,contig,Ang,PTT,RTT,4,0.3,1,2129,14,1278,32,QOTc-Ang-PCA,arc labels,64.0,0.5099628503883823,0.007633587786259542,0.14285714285714285
Left,contig,Ang,PTT,RTT,4,0.3,1,2129,14,1278,32,SDM-Ang-HS4,arc labels,,0.4494089834515366,0.0,0.0
Left,contig,Ang,PTT,RTT,4,0.3,1,2129,14,1278,32,SDM-Ang-HSsrc,arc labels,,0.5410165484633569,0.007856341189674524,0.5
Left,contig,Ang,PTT,RTT,4,0.3,1,2129,14,1278,32,SDM-Ang-PCA,arc labels,64.0,0.467629179331307,0.0034602076124567475,0.07142857142857142
Left,contig,Ang,PTT,RTT,4,0.5,1,2129,14,2106,56,NoAdapt,nothing,,0.49175954069571093,0.0058997050147492625,0.14285714285714285
Left,contig,Ang,PTT,RTT,4,0.5,1,2129,14,2106,56,TargetOnly,arc labels,,0.5130192502532929,0.010309278350515464,0.07142857142857142
Left,contig,Ang,PTT,RTT,4,0.5,1,2129,14,2106,56,Source+Target,arc labels,,0.4924687605538669,0.005952380952380952,0.14285714285714285
Left,contig,Ang,PTT,RTT,4,0.5,1,2129,14,2106,56,COT,arc labels,,0.541708882134414,0.008152173913043478,0.42857142857142855
Left,contig,Ang,PTT,RTT,4,0.5,1,2129,14,2106,56,none-Ang-HS4,arc labels,,0.5071597433299562,0.006920415224913495,0.2857142857142857
Left,contig,Ang,PTT,RTT,4,0.5,1,2129,14,2106,56,none-Ang-HSsrc,nothing,,0.4799560959135427,0.005545286506469501,0.21428571428571427
Left,contig,Ang,PTT,RTT,4,0.5,1,2129,14,2106,56,none-Ang-PCA,arc segments,16.0,0.4910334346504559,0.005263157894736842,0.07142857142857142
Left,contig,Ang,PTT,RTT,4,0.5,1,2129,14,2106,56,QOTu-Ang-HS4,arc labels,,0.503613644039176,0.006745362563237774,0.2857142857142857
Left,contig,Ang,PTT,RTT,4,0.5,1,2129,14,2106,56,QOTu-Ang-HSsrc,arc segments,,0.5130867950016886,0.0070921985815602835,0.35714285714285715
Left,contig,Ang,PTT,RTT,4,0.5,1,2129,14,2106,56,QOTu-Ang-PCA,arc segments,16.0,0.48113812901046943,0.005597014925373134,0.21428571428571427
Left,contig,Ang,PTT,RTT,4,0.5,1,2129,14,2106,56,QOTc-Ang-HS4,arc labels,,0.49793988517392773,0.006482982171799027,0.2857142857142857
Left,contig,Ang,PTT,RTT,4,0.5,1,2129,14,2106,56,QOTc-Ang-HSsrc,arc labels,,0.5750591016548463,0.009370816599732263,0.5
Left,contig,Ang,PTT,RTT,4,0.5,1,2129,14,2106,56,QOTc-Ang-PCA,arc labels,64.0,0.5723910840932117,0.02,0.21428571428571427
Left,contig,Ang,PTT,RTT,4,0.5,1,2129,14,2106,56,SDM-Ang-HS4,arc labels,,0.47732185072610606,0.004032258064516129,0.07142857142857142
Left,contig,Ang,PTT,RTT,4,0.5,1,2129,14,2106,56,SDM-Ang-HSsrc,arc labels,,0.5774231678486997,0.009497964721845319,0.5
Left,contig,Ang,PTT,RTT,4,0.5,1,2129,14,2106,56,SDM-Ang-PCA,arc labels,64.0,0.5442586963863559,0.011152416356877323,0.21428571428571427
Left,contig,Ang,PTT,RTT,5,0.05,0,2129,26,213,1,NoAdapt,nothing,,0.6055269029591426,0.02666666666666667,0.38461538461538464
Left,contig,Ang,PTT,RTT,5,0.05,0,2129,26,213,1,TargetOnly,arc labels,,,,
Left,contig,Ang,PTT,RTT,5,0.05,0,2129,26,213,1,Source+Target,arc labels,,,,
Left,contig,Ang,PTT,RTT,5,0.05,0,2129,26,213,1,COT,arc labels,,,,
Left,contig,Ang,PTT,RTT,5,0.05,0,2129,26,213,1,none-Ang-HS4,arc labels,,,,
Left,contig,Ang,PTT,RTT,5,0.05,0,2129,26,213,1,none-Ang-HSsrc,nothing,,0.4806046307472841,0.010183299389002037,0.19230769230769232
Left,contig,Ang,PTT,RTT,5,0.05,0,2129,26,213,1,none-Ang-PCA,arc segments,64.0,0.5311917041588938,0.01583710407239819,0.2692307692307692
Left,contig,Ang,PTT,RTT,5,0.05,0,2129,26,213,1,QOTu-Ang-HS4,arc labels,,,,
Left,contig,Ang,PTT,RTT,5,0.05,0,2129,26,213,1,QOTu-Ang-HSsrc,arc segments,,0.4587585500566956,0.007984031936127744,0.15384615384615385
Left,contig,Ang,PTT,RTT,5,0.05,0,2129,26,213,1,QOTu-Ang-PCA,arc segments,64.0,0.5525622736749698,0.018433179723502304,0.3076923076923077
Left,contig,Ang,PTT,RTT,5,0.05,0,2129,26,213,1,QOTc-Ang-HS4,arc labels,,,,
Left,contig,Ang,PTT,RTT,5,0.05,0,2129,26,213,1,QOTc-Ang-HSsrc,arc labels,,,,
Left,contig,Ang,PTT,RTT,5,0.05,0,2129,26,213,1,QOTc-Ang-PCA,arc labels,,,,
Left,contig,Ang,PTT,RTT,5,0.05,0,2129,26,213,1,SDM-Ang-HS4,arc labels,,,,
Left,contig,Ang,PTT,RTT,5,0.05,0,2129,26,213,1,SDM-Ang-HSsrc,arc labels,,,,
Left,contig,Ang,PTT,RTT,5,0.05,0,2129,26,213,1,SDM-Ang-PCA,arc labels,,,,
Left,contig,Ang,PTT,RTT,5,0.1,0,2129,26,426,1,NoAdapt,nothing,,0.6055269029591426,0.02666666666666667,0.38461538461538464
Left,contig,Ang,PTT,RTT,5,0.1,0,2129,26,426,1,TargetOnly,arc labels,,,,
Left,contig,Ang,PTT,RTT,5,0.1,0,2129,26,426,1,Source+Target,arc labels,,,,
Left,contig,Ang,PTT,RTT,5,0.1,0,2129,26,426,1,COT,arc labels,,,,
Left,contig,Ang,PTT,RTT,5,0.1,0,2129,26,426,1,none-Ang-HS4,arc labels,,,,
Left,contig,Ang,PTT,RTT,5,0.1,0,2129,26,426,1,none-Ang-HSsrc,nothing,,0.4806046307472841,0.010183299389002037,0.19230769230769232
Left,contig,Ang,PTT,RTT,5,0.1,0,2129,26,426,1,none-Ang-PCA,arc segments,16.0,0.585875489227843,0.0330188679245283,0.2692307692307692
Left,contig,Ang,PTT,RTT,5,0.1,0,2129,26,426,1,QOTu-Ang-HS4,arc labels,,,,
Left,contig,Ang,PTT,RTT,5,0.1,0,2129,26,426,1,QOTu-Ang-HSsrc,arc segments,,0.45281466037528806,0.0076045627376425855,0.15384615384615385
Left,contig,Ang,PTT,RTT,5,0.1,0,2129,26,426,1,QOTu-Ang-PCA,arc segments,32.0,0.5050111562237097,0.012618296529968454,0.3076923076923077
Left,contig,Ang,PTT,RTT,5,0.1,0,2129,26,426,1,QOTc-Ang-HS4,arc labels,,,,
Left,contig,Ang,PTT,RTT,5,0.1,0,2129,26,426,1,QOTc-Ang-HSsrc,arc labels,,,,
Left,contig,Ang,PTT,RTT,5,0.1,0,2129,26,426,1,QOTc-Ang-PCA,arc labels,,,,
Left,contig,Ang,PTT,RTT,5,0.1,0,2129,26,426,1,SDM-Ang-HS4,arc labels,,,,
Left,contig,Ang,PTT,RTT,5,0.1,0,2129,26,426,1,SDM-Ang-HSsrc,arc labels,,,,
Left,contig,Ang,PTT,RTT,5,0.1,0,2129,26,426,1,SDM-Ang-PCA,arc labels,,,,
Left,contig,Ang,PTT,RTT,5,0.2,0,2129,26,852,1,NoAdapt,nothing,,0.6055269029591426,0.02666666666666667,0.38461538461538464
Left,contig,Ang,PTT,RTT,5,0.2,0,2129,26,852,1,TargetOnly,arc labels,,,,
Left,contig,Ang,PTT,RTT,5,0.2,0,2129,26,852,1,Source+Target,arc labels,,,,
Left,contig,Ang,PTT,RTT,5,0.2,0,2129,26,852,1,COT,arc labels,,,,
Left,contig,Ang,PTT,RTT,5,0.2,0,2129,26,852,1,none-Ang-HS4,arc labels,,,,
Left,contig,Ang,PTT,RTT,5,0.2,0,2129,26,852,1,none-Ang-HSsrc,nothing,,0.4806046307472841,0.010183299389002037,0.19230769230769232
Left,contig,Ang,PTT,RTT,5,0.2,0,2129,26,852,1,none-Ang-PCA,arc segments,16.0,0.5842112001170489,0.0319634703196347,0.2692307692307692
Left,contig,Ang,PTT,RTT,5,0.2,0,2129,26,852,1,QOTu-Ang-HS4,arc labels,,,,
Left,contig,Ang,PTT,RTT,5,0.2,0,2129,26,852,1,QOTu-Ang-HSsrc,arc segments,,0.45186363802626284,0.007547169811320755,0.15384615384615385
Left,contig,Ang,PTT,RTT,5,0.2,0,2129,26,852,1,QOTu-Ang-PCA,arc segments,32.0,0.5245071143787263,0.014492753623188406,0.3076923076923077
Left,contig,Ang,PTT,RTT,5,0.2,0,2129,26,852,1,QOTc-Ang-HS4,arc labels,,,,
Left,contig,Ang,PTT,RTT,5,0.2,0,2129,26,852,1,QOTc-Ang-HSsrc,arc labels,,,,
Left,contig,Ang,PTT,RTT,5,0.2,0,2129,26,852,1,QOTc-Ang-PCA,arc labels,,,,
Left,contig,Ang,PTT,RTT,5,0.2,0,2129,26,852,1,SDM-Ang-HS4,arc labels,,,,
Left,contig,Ang,PTT,RTT,5,0.2,0,2129,26,852,1,SDM-Ang-HSsrc,arc labels,,,,
Left,contig,Ang,PTT,RTT,5,0.2,0,2129,26,852,1,SDM-Ang-PCA,arc labels,,,,
Left,contig,Ang,PTT,RTT,5,0.3,1,2129,26,1278,3,NoAdapt,nothing,,0.6055269029591426,0.02666666666666667,0.38461538461538464
Left,contig,Ang,PTT,RTT,5,0.3,1,2129,26,1278,3,TargetOnly,arc labels,,0.5564212297450528,0.023622047244094488,0.23076923076923078
Left,contig,Ang,PTT,RTT,5,0.3,1,2129,26,1278,3,Source+Target,arc labels,,0.5067303120084861,0.012958963282937365,0.23076923076923078
Left,contig,Ang,PTT,RTT,5,0.3,1,2129,26,1278,3,COT,arc labels,,0.4711492739310143,0.008174386920980926,0.11538461538461539
Left,contig,Ang,PTT,RTT,5,0.3,1,2129,26,1278,3,none-Ang-HS4,arc labels,,0.5046728117341527,0.01327433628318584,0.11538461538461539
Left,contig,Ang,PTT,RTT,5,0.3,1,2129,26,1278,3,none-Ang-HSsrc,nothing,,0.4806046307472841,0.010183299389002037,0.19230769230769232
Left,contig,Ang,PTT,RTT,5,0.3,1,2129,26,1278,3,none-Ang-PCA,arc segments,64.0,0.5269121035882804,0.015217391304347827,0.2692307692307692
Left,contig,Ang,PTT,RTT,5,0.3,1,2129,26,1278,3,QOTu-Ang-HS4,arc labels,,0.49412926588390216,0.011627906976744186,0.23076923076923078
Left,contig,Ang,PTT,RTT,5,0.3,1,2129,26,1278,3,QOTu-Ang-HSsrc,arc segments,,0.45281466037528806,0.0076045627376425855,0.15384615384615385
Left,contig,Ang,PTT,RTT,5,0.3,1,2129,26,1278,3,QOTu-Ang-PCA,arc segments,64.0,0.5221569918431544,0.014583333333333334,0.2692307692307692
Left,contig,Ang,PTT,RTT,5,0.3,1,2129,26,1278,3,QOTc-Ang-HS4,arc labels,,0.47180767401880097,0.00946969696969697,0.19230769230769232
Left,contig,Ang,PTT,RTT,5,0.3,1,2129,26,1278,3,QOTc-Ang-HSsrc,arc labels,,0.48910896521452873,0.011308562197092083,0.2692307692307692
Left,contig,Ang,PTT,RTT,5,0.3,1,2129,26,1278,3,QOTc-Ang-PCA,arc labels,64.0,0.469274662569955,0.006825938566552901,0.07692307692307693
Left,contig,Ang,PTT,RTT,5,0.3,1,2129,26,1278,3,SDM-Ang-HS4,arc labels,,0.46108123925527633,0.00916030534351145,0.23076923076923078
Left,contig,Ang,PTT,RTT,5,0.3,1,2129,26,1278,3,SDM-Ang-HSsrc,arc labels,,0.5029262226123853,0.012526096033402923,0.23076923076923078
Left,contig,Ang,PTT,RTT,5,0.3,1,2129,26,1278,3,SDM-Ang-PCA,arc labels,32.0,0.4923369545338162,0.01020408163265306,0.07692307692307693
Left,contig,Ang,PTT,RTT,5,0.5,1,2129,26,2106,44,NoAdapt,nothing,,0.6055269029591426,0.02666666666666667,0.38461538461538464
Left,contig,Ang,PTT,RTT,5,0.5,1,2129,26,2106,44,TargetOnly,arc labels,,0.5514832290866527,0.036036036036036036,0.15384615384615385
Left,contig,Ang,PTT,RTT,5,0.5,1,2129,26,2106,44,Source+Target,arc labels,,0.5461703061560408,0.018469656992084433,0.2692307692307692
Left,contig,Ang,PTT,RTT,5,0.5,1,2129,26,2106,44,COT,arc labels,,0.49753099967079994,0.012084592145015106,0.46153846153846156
Left,contig,Ang,PTT,RTT,5,0.5,1,2129,26,2106,44,none-Ang-HS4,arc labels,,0.552772595925235,0.017475728155339806,0.34615384615384615
Left,contig,Ang,PTT,RTT,5,0.5,1,2129,26,2106,44,none-Ang-HSsrc,nothing,,0.4806046307472841,0.010183299389002037,0.19230769230769232
Left,contig,Ang,PTT,RTT,5,0.5,1,2129,26,2106,44,none-Ang-PCA,arc segments,64.0,0.5079190899447675,0.013100436681222707,0.23076923076923078
Left,contig,Ang,PTT,RTT,5,0.5,1,2129,26,2106,44,QOTu-Ang-HS4,arc labels,,0.5231080141921797,0.014705882352941176,0.2692307692307692
Left,contig,Ang,PTT,RTT,5,0.5,1,2129,26,2106,44,QOTu-Ang-HSsrc,arc segments,,0.4841160978821464,0.0109375,0.2692307692307692
Left,contig,Ang,PTT,RTT,5,0.5,1,2129,26,2106,44,QOTu-Ang-PCA,arc segments,64.0,0.4832473755440945,0.010050251256281407,0.15384615384615385
Left,contig,Ang,PTT,RTT,5,0.5,1,2129,26,2106,44,QOTc-Ang-HS4,arc labels,,0.5506602289769194,0.01809954751131222,0.3076923076923077
Left,contig,Ang,PTT,RTT,5,0.5,1,2129,26,2106,44,QOTc-Ang-HSsrc,arc labels,,0.5764384213029006,0.017496635262449527,0.5
Left,contig,Ang,PTT,RTT,5,0.5,1,2129,26,2106,44,QOTc-Ang-PCA,arc labels,64.0,0.538196349537291,0.03529411764705882,0.11538461538461539
Left,contig,Ang,PTT,RTT,5,0.5,1,2129,26,2106,44,SDM-Ang-HS4,arc labels,,0.565958886572296,0.03787878787878788,0.19230769230769232
Left,contig,Ang,PTT,RTT,5,0.5,1,2129,26,2106,44,SDM-Ang-HSsrc,arc labels,,0.5852353780313837,0.018413597733711047,0.5
Left,contig,Ang,PTT,RTT,5,0.5,1,2129,26,2106,44,SDM-Ang-PCA,arc labels,64.0,0.5932184790957973,0.030418250950570342,0.3076923076923077
Left,contig,Ang,PTT,RTT,6,0.05,0,2129,36,213,0,NoAdapt,nothing,,0.5988878271486967,0.033816425120772944,0.3888888888888889
Left,contig,Ang,PTT,RTT,6,0.05,0,2129,36,213,0,TargetOnly,arc labels,,,,
Left,contig,Ang,PTT,RTT,6,0.05,0,2129,36,213,0,Source+Target,arc labels,,,,
Left,contig,Ang,PTT,RTT,6,0.05,0,2129,36,213,0,COT,arc labels,,,,
Left,contig,Ang,PTT,RTT,6,0.05,0,2129,36,213,0,none-Ang-HS4,arc labels,,,,
Left,contig,Ang,PTT,RTT,6,0.05,0,2129,36,213,0,none-Ang-HSsrc,nothing,,0.4844654138132399,0.014613778705636743,0.19444444444444445
Left,contig,Ang,PTT,RTT,6,0.05,0,2129,36,213,0,none-Ang-PCA,arc segments,32.0,0.5514214046822743,0.028391167192429023,0.25
Left,contig,Ang,PTT,RTT,6,0.05,0,2129,36,213,0,QOTu-Ang-HS4,arc labels,,,,
Left,contig,Ang,PTT,RTT,6,0.05,0,2129,36,213,0,QOTu-Ang-HSsrc,arc segments,,0.4411265063438976,0.008281573498964804,0.1111111111111111
Left,contig,Ang,PTT,RTT,6,0.05,0,2129,36,213,0,QOTu-Ang-PCA,arc segments,64.0,0.5207371131284175,0.01906158357771261,0.3611111111111111
Left,contig,Ang,PTT,RTT,6,0.05,0,2129,36,213,0,QOTc-Ang-HS4,arc labels,,,,
Left,contig,Ang,PTT,RTT,6,0.05,0,2129,36,213,0,QOTc-Ang-HSsrc,arc labels,,,,
Left,contig,Ang,PTT,RTT,6,0.05,0,2129,36,213,0,QOTc-Ang-PCA,arc labels,,,,
Left,contig,Ang,PTT,RTT,6,0.05,0,2129,36,213,0,SDM-Ang-HS4,arc labels,,,,
Left,contig,Ang,PTT,RTT,6,0.05,0,2129,36,213,0,SDM-Ang-HSsrc,arc labels,,,,
Left,contig,Ang,PTT,RTT,6,0.05,0,2129,36,213,0,SDM-Ang-PCA,arc labels,,,,
Left,contig,Ang,PTT,RTT,6,0.1,0,2129,36,426,0,NoAdapt,nothing,,0.5988878271486967,0.033816425120772944,0.3888888888888889
Left,contig,Ang,PTT,RTT,6,0.1,0,2129,36,426,0,TargetOnly,arc labels,,,,
Left,contig,Ang,PTT,RTT,6,0.1,0,2129,36,426,0,Source+Target,arc labels,,,,
Left,contig,Ang,PTT,RTT,6,0.1,0,2129,36,426,0,COT,arc labels,,,,
Left,contig,Ang,PTT,RTT,6,0.1,0,2129,36,426,0,none-Ang-HS4,arc labels,,,,
Left,contig,Ang,PTT,RTT,6,0.1,0,2129,36,426,0,none-Ang-HSsrc,nothing,,0.4844654138132399,0.014613778705636743,0.19444444444444445
Left,contig,Ang,PTT,RTT,6,0.1,0,2129,36,426,0,none-Ang-PCA,arc segments,32.0,0.5456880076445294,0.026392961876832845,0.25
Left,contig,Ang,PTT,RTT,6,0.1,0,2129,36,426,0,QOTu-Ang-HS4,arc labels,,,,
Left,contig,Ang,PTT,RTT,6,0.1,0,2129,36,426,0,QOTu-Ang-HSsrc,arc segments,,0.46173753782449434,0.011650485436893204,0.16666666666666666
Left,contig,Ang,PTT,RTT,6,0.1,0,2129,36,426,0,QOTu-Ang-PCA,arc segments,64.0,0.5559205287466157,0.022970903522205207,0.4166666666666667
Left,contig,Ang,PTT,RTT,6,0.1,0,2129,36,426,0,QOTc-Ang-HS4,arc labels,,,,
Left,contig,Ang,PTT,RTT,6,0.1,0,2129,36,426,0,QOTc-Ang-HSsrc,arc labels,,,,
Left,contig,Ang,PTT,RTT,6,0.1,0,2129,36,426,0,QOTc-Ang-PCA,arc labels,,,,
Left,contig,Ang,PTT,RTT,6,0.1,0,2129,36,426,0,SDM-Ang-HS4,arc labels,,,,
Left,contig,Ang,PTT,RTT,6,0.1,0,2129,36,426,0,SDM-Ang-HSsrc,arc labels,,,,
Left,contig,Ang,PTT,RTT,6,0.1,0,2129,36,426,0,SDM-Ang-PCA,arc labels,,,,
Left,contig,Ang,PTT,RTT,6,0.2,0,2129,36,852,0,NoAdapt,nothing,,0.5988878271486967,0.033816425120772944,0.3888888888888889
Left,contig,Ang,PTT,RTT,6,0.2,0,2129,36,852,0,TargetOnly,arc labels,,,,
Left,contig,Ang,PTT,RTT,6,0.2,0,2129,36,852,0,Source+Target,arc labels,,,,
Left,contig,Ang,PTT,RTT,6,0.2,0,2129,36,852,0,COT,arc labels,,,,
Left,contig,Ang,PTT,RTT,6,0.2,0,2129,36,852,0,none-Ang-HS4,arc labels,,,,
Left,contig,Ang,PTT,RTT,6,0.2,0,2129,36,852,0,none-Ang-HSsrc,nothing,,0.4844654138132399,0.014613778705636743,0.19444444444444445
Left,contig,Ang,PTT,RTT,6,0.2,0,2129,36,852,0,none-Ang-PCA,arc segments,32.0,0.554526994744386,0.029605263157894735,0.25
Left,contig,Ang,PTT,RTT,6,0.2,0,2129,36,852,0,QOTu-Ang-HS4,arc labels,,,,
Left,contig,Ang,PTT,RTT,6,0.2,0,2129,36,852,0,QOTu-Ang-HSsrc,arc segments,,0.4610208631947762,0.011583011583011582,0.16666666666666666
Left,contig,Ang,PTT,RTT,6,0.2,0,2129,36,852,0,QOTu-Ang-PCA,arc segments,32.0,0.5405982905982906,0.02127659574468085,0.3888888888888889
Left,contig,Ang,PTT,RTT,6,0.2,0,2129,36,852,0,QOTc-Ang-HS4,arc labels,,,,
Left,contig,Ang,PTT,RTT,6,0.2,0,2129,36,852,0,QOTc-Ang-HSsrc,arc labels,,,,
Left,contig,Ang,PTT,RTT,6,0.2,0,2129,36,852,0,QOTc-Ang-PCA,arc labels,,,,
Left,contig,Ang,PTT,RTT,6,0.2,0,2129,36,852,0,SDM-Ang-HS4,arc labels,,,,
Left,contig,Ang,PTT,RTT,6,0.2,0,2129,36,852,0,SDM-Ang-HSsrc,arc labels,,,,
Left,contig,Ang,PTT,RTT,6,0.2,0,2129,36,852,0,SDM-Ang-PCA,arc labels,,,,
Left,contig,Ang,PTT,RTT,6,0.3,0,2129,36,1278,0,NoAdapt,nothing,,0.5988878271486967,0.033816425120772944,0.3888888888888889
Left,contig,Ang,PTT,RTT,6,0.3,0,2129,36,1278,0,TargetOnly,arc labels,,,,
Left,contig,Ang,PTT,RTT,6,0.3,0,2129,36,1278,0,Source+Target,arc labels,,,,
Left,contig,Ang,PTT,RTT,6,0.3,0,2129,36,1278,0,COT,arc labels,,,,
Left,contig,Ang,PTT,RTT,6,0.3,0,2129,36,1278,0,none-Ang-HS4,arc labels,,,,
Left,contig,Ang,PTT,RTT,6,0.3,0,2129,36,1278,0,none-Ang-HSsrc,nothing,,0.4844654138132399,0.014613778705636743,0.19444444444444445
Left,contig,Ang,PTT,RTT,6,0.3,0,2129,36,1278,0,none-Ang-PCA,arc segments,32.0,0.5413547804852152,0.02666666666666667,0.2222222222222222
Left,contig,Ang,PTT,RTT,6,0.3,0,2129,36,1278,0,QOTu-Ang-HS4,arc labels,,,,
Left,contig,Ang,PTT,RTT,6,0.3,0,2129,36,1278,0,QOTu-Ang-HSsrc,arc segments,,0.45958751393534003,0.011450381679389313,0.16666666666666666
Left,contig,Ang,PTT,RTT,6,0.3,0,2129,36,1278,0,QOTu-Ang-PCA,arc segments,32.0,0.5479707490577056,0.022887323943661973,0.3611111111111111
Left,contig,Ang,PTT,RTT,6,0.3,0,2129,36,1278,0,QOTc-Ang-HS4,arc labels,,,,
Left,contig,Ang,PTT,RTT,6,0.3,0,2129,36,1278,0,QOTc-Ang-HSsrc,arc labels,,,,
Left,contig,Ang,PTT,RTT,6,0.3,0,2129,36,1278,0,QOTc-Ang-PCA,arc labels,,,,
Left,contig,Ang,PTT,RTT,6,0.3,0,2129,36,1278,0,SDM-Ang-HS4,arc labels,,,,
Left,contig,Ang,PTT,RTT,6,0.3,0,2129,36,1278,0,SDM-Ang-HSsrc,arc labels,,,,
Left,contig,Ang,PTT,RTT,6,0.3,0,2129,36,1278,0,SDM-Ang-PCA,arc labels,,,,
Left,contig,Ang,PTT,RTT,6,0.5,1,2129,36,2106,34,NoAdapt,nothing,,0.5988878271486967,0.033816425120772944,0.3888888888888889
Left,contig,Ang,PTT,RTT,6,0.5,1,2129,36,2106,34,TargetOnly,arc labels,,0.5515275787014917,0.0625,0.1388888888888889
Left,contig,Ang,PTT,RTT,6,0.5,1,2129,36,2106,34,Source+Target,arc labels,,0.5461989701120136,0.02512562814070352,0.2777777777777778
Left,contig,Ang,PTT,RTT,6,0.5,1,2129,36,2106,34,COT,arc labels,,0.5392578436056696,0.019123505976095617,0.6666666666666666
Left,contig,Ang,PTT,RTT,6,0.5,1,2129,36,2106,34,none-Ang-HS4,arc labels,,0.5621383447470404,0.03755868544600939,0.2222222222222222
Left,contig,Ang,PTT,RTT,6,0.5,1,2129,36,2106,34,none-Ang-HSsrc,nothing,,0.4844654138132399,0.014613778705636743,0.19444444444444445
Left,contig,Ang,PTT,RTT,6,0.5,1,2129,36,2106,34,none-Ang-PCA,arc segments,32.0,0.5219713861018209,0.021739130434782608,0.19444444444444445
Left,contig,Ang,PTT,RTT,6,0.5,1,2129,36,2106,34,QOTu-Ang-HS4,arc labels,,0.5261320804799066,0.02074688796680498,0.2777777777777778
Left,contig,Ang,PTT,RTT,6,0.5,1,2129,36,2106,34,QOTu-Ang-HSsrc,arc segments,,0.4776039178213091,0.01437699680511182,0.25
Left,contig,Ang,PTT,RTT,6,0.5,1,2129,36,2106,34,QOTu-Ang-PCA,arc segments,32.0,0.5302264160959813,0.02099236641221374,0.3055555555555556
Left,contig,Ang,PTT,RTT,6,0.5,1,2129,36,2106,34,QOTc-Ang-HS4,arc labels,,0.5818601688166906,0.0326975476839237,0.3333333333333333
Left,contig,Ang,PTT,RTT,6,0.5,1,2129,36,2106,34,QOTc-Ang-HSsrc,arc labels,,0.5980981578807666,0.02664796633941094,0.5277777777777778
Left,contig,Ang,PTT,RTT,6,0.5,1,2129,36,2106,34,QOTc-Ang-PCA,arc labels,32.0,0.534738811912725,0.09375,0.08333333333333333
Left,contig,Ang,PTT,RTT,6,0.5,1,2129,36,2106,34,SDM-Ang-HS4,arc labels,,0.5481830970961405,0.05319148936170213,0.1388888888888889
Left,contig,Ang,PTT,RTT,6,0.5,1,2129,36,2106,34,SDM-Ang-HSsrc,arc labels,,0.6035926633752721,0.02753623188405797,0.5277777777777778
Left,contig,Ang,PTT,RTT,6,0.5,1,2129,36,2106,34,SDM-Ang-PCA,arc labels,32.0,0.5220045654828264,0.02099737532808399,0.2222222222222222
Left,contig,Ang,PTT,RTT,7,0.05,0,2129,35,213,0,NoAdapt,nothing,,0.6106153636239596,0.03137254901960784,0.45714285714285713
Left,contig,Ang,PTT,RTT,7,0.05,0,2129,35,213,0,TargetOnly,arc labels,,,,
Left,contig,Ang,PTT,RTT,7,0.05,0,2129,35,213,0,Source+Target,arc labels,,,,
Left,contig,Ang,PTT,RTT,7,0.05,0,2129,35,213,0,COT,arc labels,,,,
Left,contig,Ang,PTT,RTT,7,0.05,0,2129,35,213,0,none-Ang-HS4,arc labels,,,,
Left,contig,Ang,PTT,RTT,7,0.05,0,2129,35,213,0,none-Ang-HSsrc,nothing,,0.46063583026333743,0.010660980810234541,0.14285714285714285
Left,contig,Ang,PTT,RTT,7,0.05,0,2129,35,213,0,none-Ang-PCA,arc segments,16.0,0.5604379860826852,0.026442307692307692,0.3142857142857143
Left,contig,Ang,PTT,RTT,7,0.05,0,2129,35,213,0,QOTu-Ang-HS4,arc labels,,,,
Left,contig,Ang,PTT,RTT,7,0.05,0,2129,35,213,0,QOTu-Ang-HSsrc,arc segments,,0.42064401691908854,0.004405286343612335,0.05714285714285714
Left,contig,Ang,PTT,RTT,7,0.05,0,2129,35,213,0,QOTu-Ang-PCA,arc segments,64.0,0.58832719334152,0.02482758620689655,0.5142857142857142
Left,contig,Ang,PTT,RTT,7,0.05,0,2129,35,213,0,QOTc-Ang-HS4,arc labels,,,,
Left,contig,Ang,PTT,RTT,7,0.05,0,2129,35,213,0,QOTc-Ang-HSsrc,arc labels,,,,
Left,contig,Ang,PTT,RTT,7,0.05,0,2129,35,213,0,QOTc-Ang-PCA,arc labels,,,,
Left,contig,Ang,PTT,RTT,7,0.05,0,2129,35,213,0,SDM-Ang-HS4,arc labels,,,,
Left,contig,Ang,PTT,RTT,7,0.05,0,2129,35,213,0,SDM-Ang-HSsrc,arc labels,,,,
Left,contig,Ang,PTT,RTT,7,0.05,0,2129,35,213,0,SDM-Ang-PCA,arc labels,,,,
Left,contig,Ang,PTT,RTT,7,0.1,0,2129,35,426,0,NoAdapt,nothing,,0.6106153636239596,0.03137254901960784,0.45714285714285713
Left,contig,Ang,PTT,RTT,7,0.1,0,2129,35,426,0,TargetOnly,arc labels,,,,
Left,contig,Ang,PTT,RTT,7,0.1,0,2129,35,426,0,Source+Target,arc labels,,,,
Left,contig,Ang,PTT,RTT,7,0.1,0,2129,35,426,0,COT,arc labels,,,,
Left,contig,Ang,PTT,RTT,7,0.1,0,2129,35,426,0,none-Ang-HS4,arc labels,,,,
Left,contig,Ang,PTT,RTT,7,0.1,0,2129,35,426,0,none-Ang-HSsrc,nothing,,0.46063583026333743,0.010660980810234541,0.14285714285714285
Left,contig,Ang,PTT,RTT,7,0.1,0,2129,35,426,0,none-Ang-PCA,arc segments,16.0,0.5601582753445218,0.02510460251046025,0.34285714285714286
Left,contig,Ang,PTT,RTT,7,0.1,0,2129,35,426,0,QOTu-Ang-HS4,arc labels,,,,
Left,contig,Ang,PTT,RTT,7,0.1,0,2129,35,426,0,QOTu-Ang-HSsrc,arc segments,,0.4204052394596807,0.004395604395604396,0.05714285714285714
Left,contig,Ang,PTT,RTT,7,0.1,0,2129,35,426,0,QOTu-Ang-PCA,arc segments,64.0,0.5346090871878837,0.020512820512820513,0.34285714285714286
Left,contig,Ang,PTT,RTT,7,0.1,0,2129,35,426,0,QOTc-Ang-HS4,arc labels,,,,
Left,contig,Ang,PTT,RTT,7,0.1,0,2129,35,426,0,QOTc-Ang-HSsrc,arc labels,,,,
Left,contig,Ang,PTT,RTT,7,0.1,0,2129,35,426,0,QOTc-Ang-PCA,arc labels,,,,
Left,contig,Ang,PTT,RTT,7,0.1,0,2129,35,426,0,SDM-Ang-HS4,arc labels,,,,
Left,contig,Ang,PTT,RTT,7,0.1,0,2129,35,426,0,SDM-Ang-HSsrc,arc labels,,,,
Left,contig,Ang,PTT,RTT,7,0.1,0,2129,35,426,0,SDM-Ang-PCA,arc labels,,,,
Left,contig,Ang,PTT,RTT,7,0.2,0,2129,35,852,0,NoAdapt,nothing,,0.6106153636239596,0.03137254901960784,0.45714285714285713
Left,contig,Ang,PTT,RTT,7,0.2,0,2129,35,852,0,TargetOnly,arc labels,,,,
Left,contig,Ang,PTT,RTT,7,0.2,0,2129,35,852,0,Source+Target,arc labels,,,,
Left,contig,Ang,PTT,RTT,7,0.2,0,2129,35,852,0,COT,arc labels,,,,
Left,contig,Ang,PTT,RTT,7,0.2,0,2129,35,852,0,none-Ang-HS4,arc labels,,,,
Left,contig,Ang,PTT,RTT,7,0.2,0,2129,35,852,0,none-Ang-HSsrc,nothing,,0.46063583026333743,0.010660980810234541,0.14285714285714285
Left,contig,Ang,PTT,RTT,7,0.2,0,2129,35,852,0,none-Ang-PCA,arc segments,16.0,0.5363214626824941,0.02127659574468085,0.3142857142857143
Left,contig,Ang,PTT,RTT,7,0.2,0,2129,35,852,0,QOTu-Ang-HS4,arc labels,,,,
Left,contig,Ang,PTT,RTT,7,0.2,0,2129,35,852,0,QOTu-Ang-HSsrc,arc segments,,0.4389070814572247,0.008928571428571428,0.14285714285714285
Left,contig,Ang,PTT,RTT,7,0.2,0,2129,35,852,0,QOTu-Ang-PCA,arc segments,32.0,0.49091963432937646,0.01488833746898263,0.17142857142857143
Left,contig,Ang,PTT,RTT,7,0.2,0,2129,35,852,0,QOTc-Ang-HS4,arc labels,,,,
Left,contig,Ang,PTT,RTT,7,0.2,0,2129,35,852,0,QOTc-Ang-HSsrc,arc labels,,,,
Left,contig,Ang,PTT,RTT,7,0.2,0,2129,35,852,0,QOTc-Ang-PCA,arc labels,,,,
Left,contig,Ang,PTT,RTT,7,0.2,0,2129,35,852,0,SDM-Ang-HS4,arc labels,,,,
Left,contig,Ang,PTT,RTT,7,0.2,0,2129,35,852,0,SDM-Ang-HSsrc,arc labels,,,,
Left,contig,Ang,PTT,RTT,7,0.2,0,2129,35,852,0,SDM-Ang-PCA,arc labels,,,,
Left,contig,Ang,PTT,RTT,7,0.3,0,2129,35,1278,0,NoAdapt,nothing,,0.6106153636239596,0.03137254901960784,0.45714285714285713
Left,contig,Ang,PTT,RTT,7,0.3,0,2129,35,1278,0,TargetOnly,arc labels,,,,
Left,contig,Ang,PTT,RTT,7,0.3,0,2129,35,1278,0,Source+Target,arc labels,,,,
Left,contig,Ang,PTT,RTT,7,0.3,0,2129,35,1278,0,COT,arc labels,,,,
Left,contig,Ang,PTT,RTT,7,0.3,0,2129,35,1278,0,none-Ang-HS4,arc labels,,,,
Left,contig,Ang,PTT,RTT,7,0.3,0,2129,35,1278,0,none-Ang-HSsrc,nothing,,0.46063583026333743,0.010660980810234541,0.14285714285714285
Left,contig,Ang,PTT,RTT,7,0.3,0,2129,35,1278,0,none-Ang-PCA,arc segments,32.0,0.497243825897121,0.016100178890876567,0.2571428571428571
Left,contig,Ang,PTT,RTT,7,0.3,0,2129,35,1278,0,QOTu-Ang-HS4,arc labels,,,,
Left,contig,Ang,PTT,RTT,7,0.3,0,2129,35,1278,0,QOTu-Ang-HSsrc,arc segments,,0.4386273707190612,0.00964630225080386,0.17142857142857143
Left,contig,Ang,PTT,RTT,7,0.3,0,2129,35,1278,0,QOTu-Ang-PCA,arc segments,64.0,0.5873789057170147,0.03296703296703297,0.34285714285714286
Left,contig,Ang,PTT,RTT,7,0.3,0,2129,35,1278,0,QOTc-Ang-HS4,arc labels,,,,
Left,contig,Ang,PTT,RTT,7,0.3,0,2129,35,1278,0,QOTc-Ang-HSsrc,arc labels,,,,
Left,contig,Ang,PTT,RTT,7,0.3,0,2129,35,1278,0,QOTc-Ang-PCA,arc labels,,,,
Left,contig,Ang,PTT,RTT,7,0.3,0,2129,35,1278,0,SDM-Ang-HS4,arc labels,,,,
Left,contig,Ang,PTT,RTT,7,0.3,0,2129,35,1278,0,SDM-Ang-HSsrc,arc labels,,,,
Left,contig,Ang,PTT,RTT,7,0.3,0,2129,35,1278,0,SDM-Ang-PCA,arc labels,,,,
Left,contig,Ang,PTT,RTT,7,0.5,1,2129,35,2118,35,NoAdapt,nothing,,0.6106153636239596,0.03137254901960784,0.45714285714285713
Left,contig,Ang,PTT,RTT,7,0.5,1,2129,35,2118,35,TargetOnly,arc labels,,0.5998362668849775,0.043824701195219126,0.3142857142857143
Left,contig,Ang,PTT,RTT,7,0.5,1,2129,35,2118,35,Source+Target,arc labels,,0.5875358166189112,0.0288659793814433,0.4
Left,contig,Ang,PTT,RTT,7,0.5,1,2129,35,2118,35,COT,arc labels,,0.47554918815663805,0.014675052410901468,0.4
Left,contig,Ang,PTT,RTT,7,0.5,1,2129,35,2118,35,none-Ang-HS4,arc labels,,0.5647769136307819,0.02967359050445104,0.2857142857142857
Left,contig,Ang,PTT,RTT,7,0.5,1,2129,35,2118,35,none-Ang-HSsrc,nothing,,0.46063583026333743,0.010660980810234541,0.14285714285714285
Left,contig,Ang,PTT,RTT,7,0.5,1,2129,35,2118,35,none-Ang-PCA,arc segments,32.0,0.5323031791513166,0.021141649048625793,0.2857142857142857
Left,contig,Ang,PTT,RTT,7,0.5,1,2129,35,2118,35,QOTu-Ang-HS4,arc labels,,0.5082275890298813,0.017543859649122806,0.2571428571428571
Left,contig,Ang,PTT,RTT,7,0.5,1,2129,35,2118,35,QOTu-Ang-HSsrc,arc segments,,0.4352844862873516,0.009433962264150943,0.17142857142857143
Left,contig,Ang,PTT,RTT,7,0.5,1,2129,35,2118,35,QOTu-Ang-PCA,arc segments,64.0,0.5362054850593533,0.023880597014925373,0.22857142857142856
Left,contig,Ang,PTT,RTT,7,0.5,1,2129,35,2118,35,QOTc-Ang-HS4,arc labels,,0.5739255014326647,0.025830258302583026,0.4
Left,contig,Ang,PTT,RTT,7,0.5,1,2129,35,2118,35,QOTc-Ang-HSsrc,arc labels,,0.6042434165643334,0.02564102564102564,0.5714285714285714
Left,contig,Ang,PTT,RTT,7,0.5,1,2129,35,2118,35,QOTc-Ang-PCA,arc labels,64.0,0.5059285032064401,0.027777777777777776,0.02857142857142857
Left,contig,Ang,PTT,RTT,7,0.5,1,2129,35,2118,35,SDM-Ang-HS4,arc labels,,0.5762791649611134,0.039473684210526314,0.2571428571428571
Left,contig,Ang,PTT,RTT,7,0.5,1,2129,35,2118,35,SDM-Ang-HSsrc,arc labels,,0.6099740755901214,0.026455026455026454,0.5714285714285714
Left,contig,Ang,PTT,RTT,7,0.5,1,2129,35,2118,35,SDM-Ang-PCA,arc labels,32.0,0.5414176558875698,0.02406417112299465,0.2571428571428571
Left,contig,Ang,PTT,WRM,0,0.05,0,508,35,51,0,NoAdapt,nothing,,0.6367562669888251,0.10483870967741936,0.7428571428571429
Left,contig,Ang,PTT,WRM,0,0.05,0,508,35,51,0,TargetOnly,arc labels,,,,
Left,contig,Ang,PTT,WRM,0,0.05,0,508,35,51,0,Source+Target,arc labels,,,,
Left,contig,Ang,PTT,WRM,0,0.05,0,508,35,51,0,COT,arc labels,,,,
Left,contig,Ang,PTT,WRM,0,0.05,0,508,35,51,0,none-Ang-HS4,arc labels,,,,
Left,contig,Ang,PTT,WRM,0,0.05,0,508,35,51,0,none-Ang-HSsrc,nothing,,0.4566898218061009,0.02857142857142857,0.05714285714285714
Left,contig,Ang,PTT,WRM,0,0.05,0,508,35,51,0,none-Ang-PCA,arc segments,8.0,0.47840531561461797,0.053763440860215055,0.14285714285714285
Left,contig,Ang,PTT,WRM,0,0.05,0,508,35,51,0,QOTu-Ang-HS4,arc labels,,,,
Left,contig,Ang,PTT,WRM,0,0.05,0,508,35,51,0,QOTu-Ang-HSsrc,arc segments,,0.4382059800664452,0.029411764705882353,0.08571428571428572
Left,contig,Ang,PTT,WRM,0,0.05,0,508,35,51,0,QOTu-Ang-PCA,arc segments,32.0,0.4646934460887949,0.05185185185185185,0.2
Left,contig,Ang,PTT,WRM,0,0.05,0,508,35,51,0,QOTc-Ang-HS4,arc labels,,,,
Left,contig,Ang,PTT,WRM,0,0.05,0,508,35,51,0,QOTc-Ang-HSsrc,arc labels,,,,
Left,contig,Ang,PTT,WRM,0,0.05,0,508,35,51,0,QOTc-Ang-PCA,arc labels,,,,
Left,contig,Ang,PTT,WRM,0,0.05,0,508,35,51,0,SDM-Ang-HS4,arc labels,,,,
Left,contig,Ang,PTT,WRM,0,0.05,0,508,35,51,0,SDM-Ang-HSsrc,arc labels,,,,
Left,contig,Ang,PTT,WRM,0,0.05,0,508,35,51,0,SDM-Ang-PCA,arc labels,,,,
Left,contig,Ang,PTT,WRM,0,0.1,0,508,35,102,0,NoAdapt,nothing,,0.6367562669888251,0.10483870967741936,0.7428571428571429
Left,contig,Ang,PTT,WRM,0,0.1,0,508,35,102,0,TargetOnly,arc labels,,,,
Left,contig,Ang,PTT,WRM,0,0.1,0,508,35,102,0,Source+Target,arc labels,,,,
Left,contig,Ang,PTT,WRM,0,0.1,0,508,35,102,0,COT,arc labels,,,,
Left,contig,Ang,PTT,WRM,0,0.1,0,508,35,102,0,none-Ang-HS4,arc labels,,,,
Left,contig,Ang,PTT,WRM,0,0.1,0,508,35,102,0,none-Ang-HSsrc,nothing,,0.4566898218061009,0.02857142857142857,0.05714285714285714
Left,contig,Ang,PTT,WRM,0,0.1,0,508,35,102,0,none-Ang-PCA,arc segments,8.0,0.45620658411356085,0.043859649122807015,0.14285714285714285
Left,contig,Ang,PTT,WRM,0,0.1,0,508,35,102,0,QOTu-Ang-HS4,arc labels,,,,
Left,contig,Ang,PTT,WRM,0,0.1,0,508,35,102,0,QOTu-Ang-HSsrc,arc segments,,0.4451223195409242,0.04316546762589928,0.17142857142857143
Left,contig,Ang,PTT,WRM,0,0.1,0,508,35,102,0,QOTu-Ang-PCA,arc segments,8.0,0.45113258834189063,0.059006211180124224,0.5428571428571428
Left,contig,Ang,PTT,WRM,0,0.1,0,508,35,102,0,QOTc-Ang-HS4,arc labels,,,,
Left,contig,Ang,PTT,WRM,0,0.1,0,508,35,102,0,QOTc-Ang-HSsrc,arc labels,,,,
Left,contig,Ang,PTT,WRM,0,0.1,0,508,35,102,0,QOTc-Ang-PCA,arc labels,,,,
Left,contig,Ang,PTT,WRM,0,0.1,0,508,35,102,0,SDM-Ang-HS4,arc labels,,,,
Left,contig,Ang,PTT,WRM,0,0.1,0,508,35,102,0,SDM-Ang-HSsrc,arc labels,,,,
Left,contig,Ang,PTT,WRM,0,0.1,0,508,35,102,0,SDM-Ang-PCA,arc labels,,,,
Left,contig,Ang,PTT,WRM,0,0.2,1,508,35,203,7,NoAdapt,nothing,,0.6367562669888251,0.10483870967741936,0.7428571428571429
Left,contig,Ang,PTT,WRM,0,0.2,1,508,35,203,7,TargetOnly,arc labels,,0.5863183328299607,0.14102564102564102,0.3142857142857143
Left,contig,Ang,PTT,WRM,0,0.2,1,508,35,203,7,Source+Target,arc labels,,0.6128964059196618,0.10606060606060606,0.6
Left,contig,Ang,PTT,WRM,0,0.2,1,508,35,203,7,COT,arc labels,,0.6347629115070975,0.09289617486338798,0.9714285714285714
Left,contig,Ang,PTT,WRM,0,0.2,1,508,35,203,7,none-Ang-HS4,arc labels,,0.49749320446994866,0.06766917293233082,0.2571428571428571
Left,contig,Ang,PTT,WRM,0,0.2,1,508,35,203,7,none-Ang-HSsrc,nothing,,0.4566898218061009,0.02857142857142857,0.05714285714285714
Left,contig,Ang,PTT,WRM,0,0.2,1,508,35,203,7,none-Ang-PCA,arc segments,8.0,0.43295077016007244,0.03676470588235294,0.14285714285714285
Left,contig,Ang,PTT,WRM,0,0.2,1,508,35,203,7,QOTu-Ang-HS4,arc labels,,0.6049531863485351,0.10471204188481675,0.5714285714285714
Left,contig,Ang,PTT,WRM,0,0.2,1,508,35,203,7,QOTu-Ang-HSsrc,arc segments,,0.42289338568408336,0.030534351145038167,0.11428571428571428
Left,contig,Ang,PTT,WRM,0,0.2,1,508,35,203,7,QOTu-Ang-PCA,arc segments,8.0,0.4727272727272727,0.0611353711790393,0.4
Left,contig,Ang,PTT,WRM,0,0.2,1,508,35,203,7,QOTc-Ang-HS4,arc labels,,0.6345212926608275,0.13432835820895522,0.5142857142857142
Left,contig,Ang,PTT,WRM,0,0.2,1,508,35,203,7,QOTc-Ang-HSsrc,arc labels,,0.5228933856840834,0.07971014492753623,0.3142857142857143
Left,contig,Ang,PTT,WRM,0,0.2,1,508,35,203,7,QOTc-Ang-PCA,arc labels,64.0,0.6657505285412262,0.14189189189189189,0.6
Left,contig,Ang,PTT,WRM,0,0.2,1,508,35,203,7,SDM-Ang-HS4,arc labels,,0.6032920567804289,0.125,0.42857142857142855
Left,contig,Ang,PTT,WRM,0,0.2,1,508,35,203,7,SDM-Ang-HSsrc,arc labels,,0.5843853820598006,0.09055118110236221,0.6571428571428571
Left,contig,Ang,PTT,WRM,0,0.2,1,508,35,203,7,SDM-Ang-PCA,arc labels,32.0,0.6197221383267895,0.12162162162162163,0.5142857142857142
Left,contig,Ang,PTT,WRM,0,0.3,1,508,35,305,12,NoAdapt,nothing,,0.6367562669888251,0.10483870967741936,0.7428571428571429
Left,contig,Ang,PTT,WRM,0,0.3,1,508,35,305,12,TargetOnly,arc labels,,0.5265176683781335,0.0967741935483871,0.17142857142857143
Left,contig,Ang,PTT,WRM,0,0.3,1,508,35,305,12,Source+Target,arc labels,,0.6318936877076411,0.12582781456953643,0.5428571428571428
Left,contig,Ang,PTT,WRM,0,0.3,1,508,35,305,12,COT,arc labels,,0.5081848384173966,0.07112970711297072,0.4857142857142857
Left,contig,Ang,PTT,WRM,0,0.3,1,508,35,305,12,none-Ang-HS4,arc labels,,0.4773180308064029,0.046153846153846156,0.08571428571428572
Left,contig,Ang,PTT,WRM,0,0.3,1,508,35,305,12,none-Ang-HSsrc,nothing,,0.4566898218061009,0.02857142857142857,0.05714285714285714
Left,contig,Ang,PTT,WRM,0,0.3,1,508,35,305,12,none-Ang-PCA,arc segments,64.0,0.5550588945937783,0.17142857142857143,0.17142857142857143
Left,contig,Ang,PTT,WRM,0,0.3,1,508,35,305,12,QOTu-Ang-HS4,arc labels,,0.5831772878284507,0.11818181818181818,0.37142857142857144
Left,contig,Ang,PTT,WRM,0,0.3,1,508,35,305,12,QOTu-Ang-HSsrc,arc segments,,0.42289338568408336,0.030534351145038167,0.11428571428571428
Left,contig,Ang,PTT,WRM,0,0.3,1,508,35,305,12,QOTu-Ang-PCA,arc segments,8.0,0.4954394442766536,0.06735751295336788,0.37142857142857144
Left,contig,Ang,PTT,WRM,0,0.3,1,508,35,305,12,QOTc-Ang-HS4,arc labels,,0.5524614919963757,0.1111111111111111,0.2571428571428571
Left,contig,Ang,PTT,WRM,0,0.3,1,508,35,305,12,QOTc-Ang-HSsrc,arc labels,,0.4318634853518575,0.027777777777777776,0.08571428571428572
Left,contig,Ang,PTT,WRM,0,0.3,1,508,35,305,12,QOTc-Ang-PCA,arc labels,64.0,0.559830866807611,0.15555555555555556,0.2
Left,contig,Ang,PTT,WRM,0,0.3,1,508,35,305,12,SDM-Ang-HS4,arc labels,,0.5424041075203866,0.10526315789473684,0.22857142857142856
Left,contig,Ang,PTT,WRM,0,0.3,1,508,35,305,12,SDM-Ang-HSsrc,arc labels,,0.4705829054666264,0.0594059405940594,0.34285714285714286
Left,contig,Ang,PTT,WRM,0,0.3,1,508,35,305,12,SDM-Ang-PCA,arc labels,32.0,0.5672908486861975,0.11458333333333333,0.3142857142857143
Left,contig,Ang,PTT,WRM,0,0.5,1,508,35,498,14,NoAdapt,nothing,,0.6367562669888251,0.10483870967741936,0.7428571428571429
Left,contig,Ang,PTT,WRM,0,0.5,1,508,35,498,14,TargetOnly,arc labels,,0.4709755360918152,0.04225352112676056,0.08571428571428572
Left,contig,Ang,PTT,WRM,0,0.5,1,508,35,498,14,Source+Target,arc labels,,0.5921473874962246,0.13793103448275862,0.34285714285714286
Left,contig,Ang,PTT,WRM,0,0.5,1,508,35,498,14,COT,arc labels,,0.4399879190576865,0.05536332179930796,0.45714285714285713
Left,contig,Ang,PTT,WRM,0,0.5,1,508,35,498,14,none-Ang-HS4,arc labels,,0.46889157354273636,0.049019607843137254,0.14285714285714285
Left,contig,Ang,PTT,WRM,0,0.5,1,508,35,498,14,none-Ang-HSsrc,nothing,,0.4566898218061009,0.02857142857142857,0.05714285714285714
Left,contig,Ang,PTT,WRM,0,0.5,1,508,35,498,14,none-Ang-PCA,arc segments,64.0,0.5682875264270613,0.1891891891891892,0.2
Left,contig,Ang,PTT,WRM,0,0.5,1,508,35,498,14,QOTu-Ang-HS4,arc labels,,0.5831772878284507,0.11818181818181818,0.37142857142857144
Left,contig,Ang,PTT,WRM,0,0.5,1,508,35,498,14,QOTu-Ang-HSsrc,arc segments,,0.4392630625188765,0.0297029702970297,0.08571428571428572
Left,contig,Ang,PTT,WRM,0,0.5,1,508,35,498,14,QOTu-Ang-PCA,arc segments,8.0,0.5302627604953186,0.08823529411764706,0.2571428571428571
Left,contig,Ang,PTT,WRM,0,0.5,1,508,35,498,14,QOTc-Ang-HS4,arc labels,,0.49842947749924493,0.0625,0.02857142857142857
Left,contig,Ang,PTT,WRM,0,0.5,1,508,35,498,14,QOTc-Ang-HSsrc,arc labels,,0.44823316218665055,0.02564102564102564,0.05714285714285714
Left,contig,Ang,PTT,WRM,0,0.5,1,508,35,498,14,QOTc-Ang-PCA,arc labels,64.0,0.5286016309272124,0.12903225806451613,0.11428571428571428
Left,contig,Ang,PTT,WRM,0,0.5,1,508,35,498,14,SDM-Ang-HS4,arc labels,,0.5111446692842041,0.09090909090909091,0.08571428571428572
Left,contig,Ang,PTT,WRM,0,0.5,1,508,35,498,14,SDM-Ang-HSsrc,arc labels,,0.4858954998489882,0.06358381502890173,0.3142857142857143
Left,contig,Ang,PTT,WRM,0,0.5,1,508,35,498,14,SDM-Ang-PCA,arc labels,64.0,0.5197523406825733,0.07647058823529412,0.37142857142857144
Left,contig,Ang,PTT,WRM,1,0.05,0,508,24,51,0,NoAdapt,nothing,,0.706267217630854,0.08270676691729323,0.9166666666666666
Left,contig,Ang,PTT,WRM,1,0.05,0,508,24,51,0,TargetOnly,arc labels,,,,
Left,contig,Ang,PTT,WRM,1,0.05,0,508,24,51,0,Source+Target,arc labels,,,,
Left,contig,Ang,PTT,WRM,1,0.05,0,508,24,51,0,COT,arc labels,,,,
Left,contig,Ang,PTT,WRM,1,0.05,0,508,24,51,0,none-Ang-HS4,arc labels,,,,
Left,contig,Ang,PTT,WRM,1,0.05,0,508,24,51,0,none-Ang-HSsrc,nothing,,0.45282369146005513,0.022727272727272728,0.08333333333333333
Left,contig,Ang,PTT,WRM,1,0.05,0,508,24,51,0,none-Ang-PCA,arc segments,64.0,0.5115358126721763,0.1,0.041666666666666664
Left,contig,Ang,PTT,WRM,1,0.05,0,508,24,51,0,QOTu-Ang-HS4,arc labels,,,,
Left,contig,Ang,PTT,WRM,1,0.05,0,508,24,51,0,QOTu-Ang-HSsrc,arc segments,,0.48174931129476584,0.044585987261146494,0.5833333333333334
Left,contig,Ang,PTT,WRM,1,0.05,0,508,24,51,0,QOTu-Ang-PCA,arc segments,32.0,0.5516528925619835,0.058823529411764705,0.5
Left,contig,Ang,PTT,WRM,1,0.05,0,508,24,51,0,QOTc-Ang-HS4,arc labels,,,,
Left,contig,Ang,PTT,WRM,1,0.05,0,508,24,51,0,QOTc-Ang-HSsrc,arc labels,,,,
Left,contig,Ang,PTT,WRM,1,0.05,0,508,24,51,0,QOTc-Ang-PCA,arc labels,,,,
Left,contig,Ang,PTT,WRM,1,0.05,0,508,24,51,0,SDM-Ang-HS4,arc labels,,,,
Left,contig,Ang,PTT,WRM,1,0.05,0,508,24,51,0,SDM-Ang-HSsrc,arc labels,,,,
Left,contig,Ang,PTT,WRM,1,0.05,0,508,24,51,0,SDM-Ang-PCA,arc labels,,,,
Left,contig,Ang,PTT,WRM,1,0.1,1,508,24,102,3,NoAdapt,nothing,,0.706267217630854,0.08270676691729323,0.9166666666666666
Left,contig,Ang,PTT,WRM,1,0.1,1,508,24,102,3,TargetOnly,arc labels,,0.59383608815427,0.06319702602230483,0.7083333333333334
Left,contig,Ang,PTT,WRM,1,0.1,1,508,24,102,3,Source+Target,arc labels,,0.6704545454545454,0.08333333333333333,0.75
Left,contig,Ang,PTT,WRM,1,0.1,1,508,24,102,3,COT,arc labels,,0.5575068870523416,0.05365853658536585,0.9166666666666666
Left,contig,Ang,PTT,WRM,1,0.1,1,508,24,102,3,none-Ang-HS4,arc labels,,0.4516184573002755,0.035897435897435895,0.2916666666666667
Left,contig,Ang,PTT,WRM,1,0.1,1,508,24,102,3,none-Ang-HSsrc,nothing,,0.45282369146005513,0.022727272727272728,0.08333333333333333
Left,contig,Ang,PTT,WRM,1,0.1,1,508,24,102,3,none-Ang-PCA,arc segments,64.0,0.572141873278237,0.1388888888888889,0.20833333333333334
Left,contig,Ang,PTT,WRM,1,0.1,1,508,24,102,3,QOTu-Ang-HS4,arc labels,,0.5043044077134986,0.04861111111111111,0.2916666666666667
Left,contig,Ang,PTT,WRM,1,0.1,1,508,24,102,3,QOTu-Ang-HSsrc,arc segments,,0.4034090909090909,0.01910828025477707,0.125
Left,contig,Ang,PTT,WRM,1,0.1,1,508,24,102,3,QOTu-Ang-PCA,arc segments,16.0,0.524793388429752,0.05825242718446602,0.25
Left,contig,Ang,PTT,WRM,1,0.1,1,508,24,102,3,QOTc-Ang-HS4,arc labels,,0.6332644628099173,0.07142857142857142,0.75
Left,contig,Ang,PTT,WRM,1,0.1,1,508,24,102,3,QOTc-Ang-HSsrc,arc labels,,0.678202479338843,0.10344827586206896,0.625
Left,contig,Ang,PTT,WRM,1,0.1,1,508,24,102,3,QOTc-Ang-PCA,arc labels,16.0,0.6670110192837466,0.0903954802259887,0.6666666666666666
Left,contig,Ang,PTT,WRM,1,0.1,1,508,24,102,3,SDM-Ang-HS4,arc labels,,0.6475550964187329,0.07834101382488479,0.7083333333333334
Left,contig,Ang,PTT,WRM,1,0.1,1,508,24,102,3,SDM-Ang-HSsrc,arc labels,,0.6442837465564738,0.08040201005025126,0.6666666666666666
Left,contig,Ang,PTT,WRM,1,0.1,1,508,24,102,3,SDM-Ang-PCA,arc labels,4.0,0.5735192837465565,0.09090909090909091,0.2916666666666667
Left,contig,Ang,PTT,WRM,1,0.2,1,508,24,203,6,NoAdapt,nothing,,0.706267217630854,0.08270676691729323,0.9166666666666666
Left,contig,Ang,PTT,WRM,1,0.2,1,508,24,203,6,TargetOnly,arc labels,,0.5910812672176309,0.06951871657754011,0.5416666666666666
Left,contig,Ang,PTT,WRM,1,0.2,1,508,24,203,6,Source+Target,arc labels,,0.6735537190082644,0.08450704225352113,0.75
Left,contig,Ang,PTT,WRM,1,0.2,1,508,24,203,6,COT,arc labels,,0.6084710743801653,0.08053691275167785,0.5
Left,contig,Ang,PTT,WRM,1,0.2,1,508,24,203,6,none-Ang-HS4,arc labels,,0.47968319559228645,0.042328042328042326,0.3333333333333333
Left,contig,Ang,PTT,WRM,1,0.2,1,508,24,203,6,none-Ang-HSsrc,nothing,,0.45282369146005513,0.022727272727272728,0.08333333333333333
Left,contig,Ang,PTT,WRM,1,0.2,1,508,24,203,6,none-Ang-PCA,arc segments,64.0,0.5597451790633609,0.10416666666666667,0.20833333333333334
Left,contig,Ang,PTT,WRM,1,0.2,1,508,24,203,6,QOTu-Ang-HS4,arc labels,,0.509641873278237,0.05,0.3333333333333333
Left,contig,Ang,PTT,WRM,1,0.2,1,508,24,203,6,QOTu-Ang-HSsrc,arc segments,,0.3877410468319559,0.013245033112582781,0.08333333333333333
Left,contig,Ang,PTT,WRM,1,0.2,1,508,24,203,6,QOTu-Ang-PCA,arc segments,32.0,0.5237603305785123,0.057692307692307696,0.25
Left,contig,Ang,PTT,WRM,1,0.2,1,508,24,203,6,QOTc-Ang-HS4,arc labels,,0.5383953168044078,0.06306306306306306,0.2916666666666667
Left,contig,Ang,PTT,WRM,1,0.2,1,508,24,203,6,QOTc-Ang-HSsrc,arc labels,,0.662706611570248,0.09375,0.625
Left,contig,Ang,PTT,WRM,1,0.2,1,508,24,203,6,QOTc-Ang-PCA,arc labels,32.0,0.534263085399449,0.06086956521739131,0.2916666666666667
Left,contig,Ang,PTT,WRM,1,0.2,1,508,24,203,6,SDM-Ang-HS4,arc labels,,0.5370179063360881,0.07142857142857142,0.20833333333333334
Left,contig,Ang,PTT,WRM,1,0.2,1,508,24,203,6,SDM-Ang-HSsrc,arc labels,,0.6349862258953167,0.07692307692307693,0.6666666666666666
Left,contig,Ang,PTT,WRM,1,0.2,1,508,24,203,6,SDM-Ang-PCA,arc labels,32.0,0.5278925619834711,0.06,0.25
Left,contig,Ang,PTT,WRM,1,0.3,1,508,24,305,18,NoAdapt,nothing,,0.706267217630854,0.08270676691729323,0.9166666666666666
Left,contig,Ang,PTT,WRM,1,0.3,1,508,24,305,18,TargetOnly,arc labels,,0.7565426997245179,0.11428571428571428,0.8333333333333334
Left,contig,Ang,PTT,WRM,1,0.3,1,508,24,305,18,Source+Target,arc labels,,0.721763085399449,0.08764940239043825,0.9166666666666666
Left,contig,Ang,PTT,WRM,1,0.3,1,508,24,305,18,COT,arc labels,,0.7298553719008265,0.0945945945945946,0.875
Left,contig,Ang,PTT,WRM,1,0.3,1,508,24,305,18,none-Ang-HS4,arc labels,,0.506370523415978,0.04929577464788732,0.2916666666666667
Left,contig,Ang,PTT,WRM,1,0.3,1,508,24,305,18,none-Ang-HSsrc,nothing,,0.45282369146005513,0.022727272727272728,0.08333333333333333
Left,contig,Ang,PTT,WRM,1,0.3,1,508,24,305,18,none-Ang-PCA,arc segments,64.0,0.5514807162534435,0.08928571428571429,0.20833333333333334
Left,contig,Ang,PTT,WRM,1,0.3,1,508,24,305,18,QOTu-Ang-HS4,arc labels,,0.490874655647383,0.044585987261146494,0.2916666666666667
Left,contig,Ang,PTT,WRM,1,0.3,1,508,24,305,18,QOTu-Ang-HSsrc,arc segments,,0.393939393939394,0.013793103448275862,0.08333333333333333
Left,contig,Ang,PTT,WRM,1,0.3,1,508,24,305,18,QOTu-Ang-PCA,arc segments,32.0,0.5198002754820936,0.05426356589147287,0.2916666666666667
Left,contig,Ang,PTT,WRM,1,0.3,1,508,24,305,18,QOTc-Ang-HS4,arc labels,,0.6231060606060606,0.08333333333333333,0.5416666666666666
Left,contig,Ang,PTT,WRM,1,0.3,1,508,24,305,18,QOTc-Ang-HSsrc,arc labels,,0.6659779614325069,0.0898876404494382,0.6666666666666666
Left,contig,Ang,PTT,WRM,1,0.3,1,508,24,305,18,QOTc-Ang-PCA,arc labels,64.0,0.634125344352617,0.10679611650485436,0.4583333333333333
Left,contig,Ang,PTT,WRM,1,0.3,1,508,24,305,18,SDM-Ang-HS4,arc labels,,0.6189738292011019,0.08125,0.5416666666666666
Left,contig,Ang,PTT,WRM,1,0.3,1,508,24,305,18,SDM-Ang-HSsrc,arc labels,,0.6349862258953167,0.07692307692307693,0.6666666666666666
Left,contig,Ang,PTT,WRM,1,0.3,1,508,24,305,18,SDM-Ang-PCA,arc labels,32.0,0.6649449035812671,0.0893854748603352,0.6666666666666666
Left,contig,Ang,PTT,WRM,1,0.5,1,508,24,487,30,NoAdapt,nothing,,0.706267217630854,0.08270676691729323,0.9166666666666666
Left,contig,Ang,PTT,WRM,1,0.5,1,508,24,487,30,TargetOnly,arc labels,,0.696969696969697,0.08,0.9166666666666666
Left,contig,Ang,PTT,WRM,1,0.5,1,508,24,487,30,Source+Target,arc labels,,0.7207300275482094,0.0873015873015873,0.9166666666666666
Left,contig,Ang,PTT,WRM,1,0.5,1,508,24,487,30,COT,arc labels,,0.6182851239669421,0.06363636363636363,0.875
Left,contig,Ang,PTT,WRM,1,0.5,1,508,24,487,30,none-Ang-HS4,arc labels,,0.49500688705234164,0.0457516339869281,0.2916666666666667
Left,contig,Ang,PTT,WRM,1,0.5,1,508,24,487,30,none-Ang-HSsrc,nothing,,0.45282369146005513,0.022727272727272728,0.08333333333333333
Left,contig,Ang,PTT,WRM,1,0.5,1,508,24,487,30,none-Ang-PCA,arc segments,16.0,0.5290977961432507,0.058333333333333334,0.2916666666666667
Left,contig,Ang,PTT,WRM,1,0.5,1,508,24,487,30,QOTu-Ang-HS4,arc labels,,0.4846763085399449,0.04294478527607362,0.2916666666666667
Left,contig,Ang,PTT,WRM,1,0.5,1,508,24,487,30,QOTu-Ang-HSsrc,arc segments,,0.4228650137741047,0.017094017094017096,0.08333333333333333
Left,contig,Ang,PTT,WRM,1,0.5,1,508,24,487,30,QOTu-Ang-PCA,arc segments,64.0,0.4740013774104683,0.03816793893129771,0.20833333333333334
Left,contig,Ang,PTT,WRM,1,0.5,1,508,24,487,30,QOTc-Ang-HS4,arc labels,,0.612775482093664,0.0783132530120482,0.5416666666666666
Left,contig,Ang,PTT,WRM,1,0.5,1,508,24,487,30,QOTc-Ang-HSsrc,arc labels,,0.418732782369146,0.01652892561983471,0.08333333333333333
Left,contig,Ang,PTT,WRM,1,0.5,1,508,24,487,30,QOTc-Ang-PCA,arc labels,64.0,0.5306473829201102,0.07272727272727272,0.16666666666666666
Left,contig,Ang,PTT,WRM,1,0.5,1,508,24,487,30,SDM-Ang-HS4,arc labels,,0.5334022038567493,0.05303030303030303,0.5833333333333334
Left,contig,Ang,PTT,WRM,1,0.5,1,508,24,487,30,SDM-Ang-HSsrc,arc labels,,0.5840220385674931,0.06511627906976744,0.5833333333333334
Left,contig,Ang,PTT,WRM,1,0.5,1,508,24,487,30,SDM-Ang-PCA,arc labels,64.0,0.5606060606060607,0.06535947712418301,0.4166666666666667
Left,contig,Ang,PTT,WRM,2,0.05,0,508,24,51,0,NoAdapt,nothing,,0.6845730027548209,0.07665505226480836,0.9166666666666666
Left,contig,Ang,PTT,WRM,2,0.05,0,508,24,51,0,TargetOnly,arc labels,,,,
Left,contig,Ang,PTT,WRM,2,0.05,0,508,24,51,0,Source+Target,arc labels,,,,
Left,contig,Ang,PTT,WRM,2,0.05,0,508,24,51,0,COT,arc labels,,,,
Left,contig,Ang,PTT,WRM,2,0.05,0,508,24,51,0,none-Ang-HS4,arc labels,,,,
Left,contig,Ang,PTT,WRM,2,0.05,0,508,24,51,0,none-Ang-HSsrc,nothing,,0.4476584022038568,0.021505376344086023,0.08333333333333333
Left,contig,Ang,PTT,WRM,2,0.05,0,508,24,51,0,none-Ang-PCA,arc segments,8.0,0.43543388429752067,0.023809523809523808,0.125
Left,contig,Ang,PTT,WRM,2,0.05,0,508,24,51,0,QOTu-Ang-HS4,arc labels,,,,
Left,contig,Ang,PTT,WRM,2,0.05,0,508,24,51,0,QOTu-Ang-HSsrc,arc segments,,0.40478650137741046,0.033846153846153845,0.4583333333333333
Left,contig,Ang,PTT,WRM,2,0.05,0,508,24,51,0,QOTu-Ang-PCA,arc segments,32.0,0.5788567493112948,0.06363636363636363,0.5833333333333334
Left,contig,Ang,PTT,WRM,2,0.05,0,508,24,51,0,QOTc-Ang-HS4,arc labels,,,,
Left,contig,Ang,PTT,WRM,2,0.05,0,508,24,51,0,QOTc-Ang-HSsrc,arc labels,,,,
Left,contig,Ang,PTT,WRM,2,0.05,0,508,24,51,0,QOTc-Ang-PCA,arc labels,,,,
Left,contig,Ang,PTT,WRM,2,0.05,0,508,24,51,0,SDM-Ang-HS4,arc labels,,,,
Left,contig,Ang,PTT,WRM,2,0.05,0,508,24,51,0,SDM-Ang-HSsrc,arc labels,,,,
Left,contig,Ang,PTT,WRM,2,0.05,0,508,24,51,0,SDM-Ang-PCA,arc labels,,,,
Left,contig,Ang,PTT,WRM,2,0.1,0,508,24,102,0,NoAdapt,nothing,,0.6845730027548209,0.07665505226480836,0.9166666666666666
Left,contig,Ang,PTT,WRM,2,0.1,0,508,24,102,0,TargetOnly,arc labels,,,,
Left,contig,Ang,PTT,WRM,2,0.1,0,508,24,102,0,Source+Target,arc labels,,,,
Left,contig,Ang,PTT,WRM,2,0.1,0,508,24,102,0,COT,arc labels,,,,
Left,contig,Ang,PTT,WRM,2,0.1,0,508,24,102,0,none-Ang-HS4,arc labels,,,,
Left,contig,Ang,PTT,WRM,2,0.1,0,508,24,102,0,none-Ang-HSsrc,nothing,,0.4476584022038568,0.021505376344086023,0.08333333333333333
Left,contig,Ang,PTT,WRM,2,0.1,0,508,24,102,0,none-Ang-PCA,arc segments,8.0,0.41270661157024796,0.02027027027027027,0.125
Left,contig,Ang,PTT,WRM,2,0.1,0,508,24,102,0,QOTu-Ang-HS4,arc labels,,,,
Left,contig,Ang,PTT,WRM,2,0.1,0,508,24,102,0,QOTu-Ang-HSsrc,arc segments,,0.46332644628099173,0.03982300884955752,0.375
Left,contig,Ang,PTT,WRM,2,0.1,0,508,24,102,0,QOTu-Ang-PCA,arc segments,64.0,0.49259641873278237,0.04424778761061947,0.20833333333333334
Left,contig,Ang,PTT,WRM,2,0.1,0,508,24,102,0,QOTc-Ang-HS4,arc labels,,,,
Left,contig,Ang,PTT,WRM,2,0.1,0,508,24,102,0,QOTc-Ang-HSsrc,arc labels,,,,
Left,contig,Ang,PTT,WRM,2,0.1,0,508,24,102,0,QOTc-Ang-PCA,arc labels,,,,
Left,contig,Ang,PTT,WRM,2,0.1,0,508,24,102,0,SDM-Ang-HS4,arc labels,,,,
Left,contig,Ang,PTT,WRM,2,0.1,0,508,24,102,0,SDM-Ang-HSsrc,arc labels,,,,
Left,contig,Ang,PTT,WRM,2,0.1,0,508,24,102,0,SDM-Ang-PCA,arc labels,,,,
Left,contig,Ang,PTT,WRM,2,0.2,0,508,24,203,1,NoAdapt,nothing,,0.6845730027548209,0.07665505226480836,0.9166666666666666
Left,contig,Ang,PTT,WRM,2,0.2,0,508,24,203,1,TargetOnly,arc labels,,,,
Left,contig,Ang,PTT,WRM,2,0.2,0,508,24,203,1,Source+Target,arc labels,,,,
Left,contig,Ang,PTT,WRM,2,0.2,0,508,24,203,1,COT,arc labels,,,,
Left,contig,Ang,PTT,WRM,2,0.2,0,508,24,203,1,none-Ang-HS4,arc labels,,,,
Left,contig,Ang,PTT,WRM,2,0.2,0,508,24,203,1,none-Ang-HSsrc,nothing,,0.4476584022038568,0.021505376344086023,0.08333333333333333
Left,contig,Ang,PTT,WRM,2,0.2,0,508,24,203,1,none-Ang-PCA,arc segments,16.0,0.46659779614325064,0.03418803418803419,0.16666666666666666
Left,contig,Ang,PTT,WRM,2,0.2,0,508,24,203,1,QOTu-Ang-HS4,arc labels,,,,
Left,contig,Ang,PTT,WRM,2,0.2,0,508,24,203,1,QOTu-Ang-HSsrc,arc segments,,0.3827479338842975,0.01694915254237288,0.125
Left,contig,Ang,PTT,WRM,2,0.2,0,508,24,203,1,QOTu-Ang-PCA,arc segments,16.0,0.5074035812672176,0.04964539007092199,0.2916666666666667
Left,contig,Ang,PTT,WRM,2,0.2,0,508,24,203,1,QOTc-Ang-HS4,arc labels,,,,
Left,contig,Ang,PTT,WRM,2,0.2,0,508,24,203,1,QOTc-Ang-HSsrc,arc labels,,,,
Left,contig,Ang,PTT,WRM,2,0.2,0,508,24,203,1,QOTc-Ang-PCA,arc labels,,,,
Left,contig,Ang,PTT,WRM,2,0.2,0,508,24,203,1,SDM-Ang-HS4,arc labels,,,,
Left,contig,Ang,PTT,WRM,2,0.2,0,508,24,203,1,SDM-Ang-HSsrc,arc labels,,,,
Left,contig,Ang,PTT,WRM,2,0.2,0,508,24,203,1,SDM-Ang-PCA,arc labels,,,,
Left,contig,Ang,PTT,WRM,2,0.3,1,508,24,305,3,NoAdapt,nothing,,0.6845730027548209,0.07665505226480836,0.9166666666666666
Left,contig,Ang,PTT,WRM,2,0.3,1,508,24,305,3,TargetOnly,arc labels,,0.6146694214876033,0.08391608391608392,0.5
Left,contig,Ang,PTT,WRM,2,0.3,1,508,24,305,3,Source+Target,arc labels,,0.6601239669421488,0.07964601769911504,0.75
Left,contig,Ang,PTT,WRM,2,0.3,1,508,24,305,3,COT,arc labels,,0.4982782369146005,0.04678362573099415,0.3333333333333333
Left,contig,Ang,PTT,WRM,2,0.3,1,508,24,305,3,none-Ang-HS4,arc labels,,0.4428374655647383,0.02857142857142857,0.16666666666666666
Left,contig,Ang,PTT,WRM,2,0.3,1,508,24,305,3,none-Ang-HSsrc,nothing,,0.4476584022038568,0.021505376344086023,0.08333333333333333
Left,contig,Ang,PTT,WRM,2,0.3,1,508,24,305,3,none-Ang-PCA,arc segments,16.0,0.5239325068870524,0.056,0.2916666666666667
Left,contig,Ang,PTT,WRM,2,0.3,1,508,24,305,3,QOTu-Ang-HS4,arc labels,,0.48261019283746553,0.04242424242424243,0.2916666666666667
Left,contig,Ang,PTT,WRM,2,0.3,1,508,24,305,3,QOTu-Ang-HSsrc,arc segments,,0.36811294765840225,0.011764705882352941,0.08333333333333333
Left,contig,Ang,PTT,WRM,2,0.3,1,508,24,305,3,QOTu-Ang-PCA,arc segments,64.0,0.4462809917355372,0.0335195530726257,0.25
Left,contig,Ang,PTT,WRM,2,0.3,1,508,24,305,3,QOTc-Ang-HS4,arc labels,,0.6542699724517906,0.09523809523809523,0.5833333333333334
Left,contig,Ang,PTT,WRM,2,0.3,1,508,24,305,3,QOTc-Ang-HSsrc,arc labels,,0.6647727272727273,0.0949367088607595,0.625
Left,contig,Ang,PTT,WRM,2,0.3,1,508,24,305,3,QOTc-Ang-PCA,arc labels,32.0,0.6423898071625345,0.07657657657657657,0.7083333333333334
Left,contig,Ang,PTT,WRM,2,0.3,1,508,24,305,3,SDM-Ang-HS4,arc labels,,0.5204889807162534,0.05813953488372093,0.20833333333333334
Left,contig,Ang,PTT,WRM,2,0.3,1,508,24,305,3,SDM-Ang-HSsrc,arc labels,,0.6690771349862259,0.09142857142857143,0.6666666666666666
Left,contig,Ang,PTT,WRM,2,0.3,1,508,24,305,3,SDM-Ang-PCA,arc labels,8.0,0.5204889807162534,0.05813953488372093,0.20833333333333334
Left,contig,Ang,PTT,WRM,2,0.5,1,508,24,488,27,NoAdapt,nothing,,0.6845730027548209,0.07665505226480836,0.9166666666666666
Left,contig,Ang,PTT,WRM,2,0.5,1,508,24,488,27,TargetOnly,arc labels,,0.7362258953168044,0.09282700421940929,0.9166666666666666
Left,contig,Ang,PTT,WRM,2,0.5,1,508,24,488,27,Source+Target,arc labels,,0.7103994490358126,0.08396946564885496,0.9166666666666666
Left,contig,Ang,PTT,WRM,2,0.5,1,508,24,488,27,COT,arc labels,,0.724862258953168,0.08870967741935484,0.9166666666666666
Left,contig,Ang,PTT,WRM,2,0.5,1,508,24,488,27,none-Ang-HS4,arc labels,,0.4919077134986226,0.04487179487179487,0.2916666666666667
Left,contig,Ang,PTT,WRM,2,0.5,1,508,24,488,27,none-Ang-HSsrc,nothing,,0.4476584022038568,0.021505376344086023,0.08333333333333333
Left,contig,Ang,PTT,WRM,2,0.5,1,508,24,488,27,none-Ang-PCA,arc segments,8.0,0.4989669421487603,0.046875,0.25
Left,contig,Ang,PTT,WRM,2,0.5,1,508,24,488,27,QOTu-Ang-HS4,arc labels,,0.4815771349862259,0.04216867469879518,0.2916666666666667
Left,contig,Ang,PTT,WRM,2,0.5,1,508,24,488,27,QOTu-Ang-HSsrc,arc segments,,0.40736914600550966,0.015151515151515152,0.08333333333333333
Left,contig,Ang,PTT,WRM,2,0.5,1,508,24,488,27,QOTu-Ang-PCA,arc segments,8.0,0.5566460055096418,0.06179775280898876,0.4583333333333333
Left,contig,Ang,PTT,WRM,2,0.5,1,508,24,488,27,QOTc-Ang-HS4,arc labels,,0.6024449035812671,0.07386363636363637,0.5416666666666666
Left,contig,Ang,PTT,WRM,2,0.5,1,508,24,488,27,QOTc-Ang-HSsrc,arc labels,,0.42803030303030304,0.017857142857142856,0.08333333333333333
Left,contig,Ang,PTT,WRM,2,0.5,1,508,24,488,27,QOTc-Ang-PCA,arc labels,64.0,0.6007231404958677,0.0967741935483871,0.375
Left,contig,Ang,PTT,WRM,2,0.5,1,508,24,488,27,SDM-Ang-HS4,arc labels,,0.6131198347107438,0.07211538461538461,0.625
Left,contig,Ang,PTT,WRM,2,0.5,1,508,24,488,27,SDM-Ang-HSsrc,arc labels,,0.6082988980716253,0.06666666666666667,0.7083333333333334
Left,contig,Ang,PTT,WRM,2,0.5,1,508,24,488,27,SDM-Ang-PCA,arc labels,32.0,0.6484159779614325,0.08205128205128205,0.6666666666666666
Left,contig,Ang,PTT,WRM,3,0.05,0,508,36,51,0,NoAdapt,nothing,,0.5772128060263654,0.08843537414965986,0.7222222222222222
Left,contig,Ang,PTT,WRM,3,0.05,0,508,36,51,0,TargetOnly,arc labels,,,,
Left,contig,Ang,PTT,WRM,3,0.05,0,508,36,51,0,Source+Target,arc labels,,,,
Left,contig,Ang,PTT,WRM,3,0.05,0,508,36,51,0,COT,arc labels,,,,
Left,contig,Ang,PTT,WRM,3,0.05,0,508,36,51,0,none-Ang-HS4,arc labels,,,,
Left,contig,Ang,PTT,WRM,3,0.05,0,508,36,51,0,none-Ang-HSsrc,nothing,,0.46445386064030136,0.044444444444444446,0.1111111111111111
Left,contig,Ang,PTT,WRM,3,0.05,0,508,36,51,0,none-Ang-PCA,arc segments,4.0,0.4955273069679849,0.06796116504854369,0.19444444444444445
Left,contig,Ang,PTT,WRM,3,0.05,0,508,36,51,0,QOTu-Ang-HS4,arc labels,,,,
Left,contig,Ang,PTT,WRM,3,0.05,0,508,36,51,0,QOTu-Ang-HSsrc,arc segments,,0.4544491525423729,0.052941176470588235,0.25
Left,contig,Ang,PTT,WRM,3,0.05,0,508,36,51,0,QOTu-Ang-PCA,arc segments,16.0,0.5985169491525424,0.09375,0.75
Left,contig,Ang,PTT,WRM,3,0.05,0,508,36,51,0,QOTc-Ang-HS4,arc labels,,,,
Left,contig,Ang,PTT,WRM,3,0.05,0,508,36,51,0,QOTc-Ang-HSsrc,arc labels,,,,
Left,contig,Ang,PTT,WRM,3,0.05,0,508,36,51,0,QOTc-Ang-PCA,arc labels,,,,
Left,contig,Ang,PTT,WRM,3,0.05,0,508,36,51,0,SDM-Ang-HS4,arc labels,,,,
Left,contig,Ang,PTT,WRM,3,0.05,0,508,36,51,0,SDM-Ang-HSsrc,arc labels,,,,
Left,contig,Ang,PTT,WRM,3,0.05,0,508,36,51,0,SDM-Ang-PCA,arc labels,,,,
Left,contig,Ang,PTT,WRM,3,0.1,0,508,36,102,0,NoAdapt,nothing,,0.5772128060263654,0.08843537414965986,0.7222222222222222
Left,contig,Ang,PTT,WRM,3,0.1,0,508,36,102,0,TargetOnly,arc labels,,,,
Left,contig,Ang,PTT,WRM,3,0.1,0,508,36,102,0,Source+Target,arc labels,,,,
Left,contig,Ang,PTT,WRM,3,0.1,0,508,36,102,0,COT,arc labels,,,,
Left,contig,Ang,PTT,WRM,3,0.1,0,508,36,102,0,none-Ang-HS4,arc labels,,,,
Left,contig,Ang,PTT,WRM,3,0.1,0,508,36,102,0,none-Ang-HSsrc,nothing,,0.46445386064030136,0.044444444444444446,0.1111111111111111
Left,contig,Ang,PTT,WRM,3,0.1,0,508,36,102,0,none-Ang-PCA,arc segments,4.0,0.5018832391713748,0.07216494845360824,0.19444444444444445
Left,contig,Ang,PTT,WRM,3,0.1,0,508,36,102,0,QOTu-Ang-HS4,arc labels,,,,
Left,contig,Ang,PTT,WRM,3,0.1,0,508,36,102,0,QOTu-Ang-HSsrc,arc segments,,0.4269067796610169,0.04591836734693878,0.25
Left,contig,Ang,PTT,WRM,3,0.1,0,508,36,102,0,QOTu-Ang-PCA,arc segments,4.0,0.4805790960451977,0.05825242718446602,0.16666666666666666
Left,contig,Ang,PTT,WRM,3,0.1,0,508,36,102,0,QOTc-Ang-HS4,arc labels,,,,
Left,contig,Ang,PTT,WRM,3,0.1,0,508,36,102,0,QOTc-Ang-HSsrc,arc labels,,,,
Left,contig,Ang,PTT,WRM,3,0.1,0,508,36,102,0,QOTc-Ang-PCA,arc labels,,,,
Left,contig,Ang,PTT,WRM,3,0.1,0,508,36,102,0,SDM-Ang-HS4,arc labels,,,,
Left,contig,Ang,PTT,WRM,3,0.1,0,508,36,102,0,SDM-Ang-HSsrc,arc labels,,,,
Left,contig,Ang,PTT,WRM,3,0.1,0,508,36,102,0,SDM-Ang-PCA,arc labels,,,,
Left,contig,Ang,PTT,WRM,3,0.2,0,508,36,203,0,NoAdapt,nothing,,0.5772128060263654,0.08843537414965986,0.7222222222222222
Left,contig,Ang,PTT,WRM,3,0.2,0,508,36,203,0,TargetOnly,arc labels,,,,
Left,contig,Ang,PTT,WRM,3,0.2,0,508,36,203,0,Source+Target,arc labels,,,,
Left,contig,Ang,PTT,WRM,3,0.2,0,508,36,203,0,COT,arc labels,,,,
Left,contig,Ang,PTT,WRM,3,0.2,0,508,36,203,0,none-Ang-HS4,arc labels,,,,
Left,contig,Ang,PTT,WRM,3,0.2,0,508,36,203,0,none-Ang-HSsrc,nothing,,0.46445386064030136,0.044444444444444446,0.1111111111111111
Left,contig,Ang,PTT,WRM,3,0.2,0,508,36,203,0,none-Ang-PCA,arc segments,64.0,0.49705743879472697,0.06451612903225806,0.05555555555555555
Left,contig,Ang,PTT,WRM,3,0.2,0,508,36,203,0,QOTu-Ang-HS4,arc labels,,,,
Left,contig,Ang,PTT,WRM,3,0.2,0,508,36,203,0,QOTu-Ang-HSsrc,arc segments,,0.4407956685499058,0.050761421319796954,0.2777777777777778
Left,contig,Ang,PTT,WRM,3,0.2,0,508,36,203,0,QOTu-Ang-PCA,arc segments,16.0,0.530367231638418,0.08196721311475409,0.4166666666666667
Left,contig,Ang,PTT,WRM,3,0.2,0,508,36,203,0,QOTc-Ang-HS4,arc labels,,,,
Left,contig,Ang,PTT,WRM,3,0.2,0,508,36,203,0,QOTc-Ang-HSsrc,arc labels,,,,
Left,contig,Ang,PTT,WRM,3,0.2,0,508,36,203,0,QOTc-Ang-PCA,arc labels,,,,
Left,contig,Ang,PTT,WRM,3,0.2,0,508,36,203,0,SDM-Ang-HS4,arc labels,,,,
Left,contig,Ang,PTT,WRM,3,0.2,0,508,36,203,0,SDM-Ang-HSsrc,arc labels,,,,
Left,contig,Ang,PTT,WRM,3,0.2,0,508,36,203,0,SDM-Ang-PCA,arc labels,,,,
Left,contig,Ang,PTT,WRM,3,0.3,0,508,36,305,1,NoAdapt,nothing,,0.5772128060263654,0.08843537414965986,0.7222222222222222
Left,contig,Ang,PTT,WRM,3,0.3,0,508,36,305,1,TargetOnly,arc labels,,,,
Left,contig,Ang,PTT,WRM,3,0.3,0,508,36,305,1,Source+Target,arc labels,,,,
Left,contig,Ang,PTT,WRM,3,0.3,0,508,36,305,1,COT,arc labels,,,,
Left,contig,Ang,PTT,WRM,3,0.3,0,508,36,305,1,none-Ang-HS4,arc labels,,,,
Left,contig,Ang,PTT,WRM,3,0.3,0,508,36,305,1,none-Ang-HSsrc,nothing,,0.46445386064030136,0.044444444444444446,0.1111111111111111
Left,contig,Ang,PTT,WRM,3,0.3,0,508,36,305,1,none-Ang-PCA,arc segments,64.0,0.5282485875706214,0.10344827586206896,0.16666666666666666
Left,contig,Ang,PTT,WRM,3,0.3,0,508,36,305,1,QOTu-Ang-HS4,arc labels,,,,
Left,contig,Ang,PTT,WRM,3,0.3,0,508,36,305,1,QOTu-Ang-HSsrc,arc segments,,0.4343220338983051,0.047619047619047616,0.25
Left,contig,Ang,PTT,WRM,3,0.3,0,508,36,305,1,QOTu-Ang-PCA,arc segments,32.0,0.5712099811676083,0.09302325581395349,0.5555555555555556
Left,contig,Ang,PTT,WRM,3,0.3,0,508,36,305,1,QOTc-Ang-HS4,arc labels,,,,
Left,contig,Ang,PTT,WRM,3,0.3,0,508,36,305,1,QOTc-Ang-HSsrc,arc labels,,,,
Left,contig,Ang,PTT,WRM,3,0.3,0,508,36,305,1,QOTc-Ang-PCA,arc labels,,,,
Left,contig,Ang,PTT,WRM,3,0.3,0,508,36,305,1,SDM-Ang-HS4,arc labels,,,,
Left,contig,Ang,PTT,WRM,3,0.3,0,508,36,305,1,SDM-Ang-HSsrc,arc labels,,,,
Left,contig,Ang,PTT,WRM,3,0.3,0,508,36,305,1,SDM-Ang-PCA,arc labels,,,,
Left,contig,Ang,PTT,WRM,3,0.5,1,508,36,487,18,NoAdapt,nothing,,0.5772128060263654,0.08843537414965986,0.7222222222222222
Left,contig,Ang,PTT,WRM,3,0.5,1,508,36,487,18,TargetOnly,arc labels,,0.5307203389830508,0.08,0.5
Left,contig,Ang,PTT,WRM,3,0.5,1,508,36,487,18,Source+Target,arc labels,,0.5994585687382298,0.09523809523809523,0.7222222222222222
Left,contig,Ang,PTT,WRM,3,0.5,1,508,36,487,18,COT,arc labels,,0.5650894538606404,0.08835341365461848,0.6111111111111112
Left,contig,Ang,PTT,WRM,3,0.5,1,508,36,487,18,none-Ang-HS4,arc labels,,0.4759887005649718,0.0625,0.3333333333333333
Left,contig,Ang,PTT,WRM,3,0.5,1,508,36,487,18,none-Ang-HSsrc,nothing,,0.46445386064030136,0.044444444444444446,0.1111111111111111
Left,contig,Ang,PTT,WRM,3,0.5,1,508,36,487,18,none-Ang-PCA,arc segments,64.0,0.5560263653483992,0.13333333333333333,0.2222222222222222
Left,contig,Ang,PTT,WRM,3,0.5,1,508,36,487,18,QOTu-Ang-HS4,arc labels,,0.472575329566855,0.059880239520958084,0.2777777777777778
Left,contig,Ang,PTT,WRM,3,0.5,1,508,36,487,18,QOTu-Ang-HSsrc,arc segments,,0.4499764595103578,0.04794520547945205,0.19444444444444445
Left,contig,Ang,PTT,WRM,3,0.5,1,508,36,487,18,QOTu-Ang-PCA,arc segments,64.0,0.4597457627118644,0.05454545454545454,0.25
Left,contig,Ang,PTT,WRM,3,0.5,1,508,36,487,18,QOTc-Ang-HS4,arc labels,,0.5568502824858758,0.0949367088607595,0.4166666666666667
Left,contig,Ang,PTT,WRM,3,0.5,1,508,36,487,18,QOTc-Ang-HSsrc,arc labels,,0.4682203389830508,0.05732484076433121,0.25
Left,contig,Ang,PTT,WRM,3,0.5,1,508,36,487,18,QOTc-Ang-PCA,arc labels,64.0,0.5463747645951036,0.12727272727272726,0.19444444444444445
Left,contig,Ang,PTT,WRM,3,0.5,1,508,36,487,18,SDM-Ang-HS4,arc labels,,0.5451977401129944,0.08875739644970414,0.4166666666666667
Left,contig,Ang,PTT,WRM,3,0.5,1,508,36,487,18,SDM-Ang-HSsrc,arc labels,,0.5356638418079096,0.07868852459016394,0.6666666666666666
Left,contig,Ang,PTT,WRM,3,0.5,1,508,36,487,18,SDM-Ang-PCA,arc labels,32.0,0.5280131826741996,0.08280254777070063,0.3611111111111111
Left,contig,Ang,PTT,WRM,4,0.05,0,508,30,51,0,NoAdapt,nothing,,0.605299860529986,0.08403361344537816,0.6666666666666666
Left,contig,Ang,PTT,WRM,4,0.05,0,508,30,51,0,TargetOnly,arc labels,,,,
Left,contig,Ang,PTT,WRM,4,0.05,0,508,30,51,0,Source+Target,arc labels,,,,
Left,contig,Ang,PTT,WRM,4,0.05,0,508,30,51,0,COT,arc labels,,,,
Left,contig,Ang,PTT,WRM,4,0.05,0,508,30,51,0,none-Ang-HS4,arc labels,,,,
Left,contig,Ang,PTT,WRM,4,0.05,0,508,30,51,0,none-Ang-HSsrc,nothing,,0.4944909344490934,0.0547945205479452,0.13333333333333333
Left,contig,Ang,PTT,WRM,4,0.05,0,508,30,51,0,none-Ang-PCA,arc segments,8.0,0.5171548117154812,0.0661764705882353,0.3
Left,contig,Ang,PTT,WRM,4,0.05,0,508,30,51,0,QOTu-Ang-HS4,arc labels,,,,
Left,contig,Ang,PTT,WRM,4,0.05,0,508,30,51,0,QOTu-Ang-HSsrc,arc segments,,0.46066945606694565,0.04736842105263158,0.3
Left,contig,Ang,PTT,WRM,4,0.05,0,508,30,51,0,QOTu-Ang-PCA,arc segments,64.0,0.44372384937238496,0.04669260700389105,0.4
Left,contig,Ang,PTT,WRM,4,0.05,0,508,30,51,0,QOTc-Ang-HS4,arc labels,,,,
Left,contig,Ang,PTT,WRM,4,0.05,0,508,30,51,0,QOTc-Ang-HSsrc,arc labels,,,,
Left,contig,Ang,PTT,WRM,4,0.05,0,508,30,51,0,QOTc-Ang-PCA,arc labels,,,,
Left,contig,Ang,PTT,WRM,4,0.05,0,508,30,51,0,SDM-Ang-HS4,arc labels,,,,
Left,contig,Ang,PTT,WRM,4,0.05,0,508,30,51,0,SDM-Ang-HSsrc,arc labels,,,,
Left,contig,Ang,PTT,WRM,4,0.05,0,508,30,51,0,SDM-Ang-PCA,arc labels,,,,
Left,contig,Ang,PTT,WRM,4,0.1,0,508,30,102,0,NoAdapt,nothing,,0.605299860529986,0.08403361344537816,0.6666666666666666
Left,contig,Ang,PTT,WRM,4,0.1,0,508,30,102,0,TargetOnly,arc labels,,,,
Left,contig,Ang,PTT,WRM,4,0.1,0,508,30,102,0,Source+Target,arc labels,,,,
Left,contig,Ang,PTT,WRM,4,0.1,0,508,30,102,0,COT,arc labels,,,,
Left,contig,Ang,PTT,WRM,4,0.1,0,508,30,102,0,none-Ang-HS4,arc labels,,,,
Left,contig,Ang,PTT,WRM,4,0.1,0,508,30,102,0,none-Ang-HSsrc,nothing,,0.4944909344490934,0.0547945205479452,0.13333333333333333
Left,contig,Ang,PTT,WRM,4,0.1,0,508,30,102,0,none-Ang-PCA,arc segments,16.0,0.5255230125523013,0.0703125,0.3
Left,contig,Ang,PTT,WRM,4,0.1,0,508,30,102,0,QOTu-Ang-HS4,arc labels,,,,
Left,contig,Ang,PTT,WRM,4,0.1,0,508,30,102,0,QOTu-Ang-HSsrc,arc segments,,0.47112970711297075,0.05,0.3
Left,contig,Ang,PTT,WRM,4,0.1,0,508,30,102,0,QOTu-Ang-PCA,arc segments,16.0,0.5472803347280335,0.0759493670886076,0.4
Left,contig,Ang,PTT,WRM,4,0.1,0,508,30,102,0,QOTc-Ang-HS4,arc labels,,,,
Left,contig,Ang,PTT,WRM,4,0.1,0,508,30,102,0,QOTc-Ang-HSsrc,arc labels,,,,
Left,contig,Ang,PTT,WRM,4,0.1,0,508,30,102,0,QOTc-Ang-PCA,arc labels,,,,
Left,contig,Ang,PTT,WRM,4,0.1,0,508,30,102,0,SDM-Ang-HS4,arc labels,,,,
Left,contig,Ang,PTT,WRM,4,0.1,0,508,30,102,0,SDM-Ang-HSsrc,arc labels,,,,
Left,contig,Ang,PTT,WRM,4,0.1,0,508,30,102,0,SDM-Ang-PCA,arc labels,,,,
Left,contig,Ang,PTT,WRM,4,0.2,0,508,30,203,0,NoAdapt,nothing,,0.605299860529986,0.08403361344537816,0.6666666666666666
Left,contig,Ang,PTT,WRM,4,0.2,0,508,30,203,0,TargetOnly,arc labels,,,,
Left,contig,Ang,PTT,WRM,4,0.2,0,508,30,203,0,Source+Target,arc labels,,,,
Left,contig,Ang,PTT,WRM,4,0.2,0,508,30,203,0,COT,arc labels,,,,
Left,contig,Ang,PTT,WRM,4,0.2,0,508,30,203,0,none-Ang-HS4,arc labels,,,,
Left,contig,Ang,PTT,WRM,4,0.2,0,508,30,203,0,none-Ang-HSsrc,nothing,,0.4944909344490934,0.0547945205479452,0.13333333333333333
Left,contig,Ang,PTT,WRM,4,0.2,0,508,30,203,0,none-Ang-PCA,arc segments,8.0,0.5171548117154812,0.0661764705882353,0.3
Left,contig,Ang,PTT,WRM,4,0.2,0,508,30,203,0,QOTu-Ang-HS4,arc labels,,,,
Left,contig,Ang,PTT,WRM,4,0.2,0,508,30,203,0,QOTu-Ang-HSsrc,arc segments,,0.47740585774058575,0.05172413793103448,0.3
Left,contig,Ang,PTT,WRM,4,0.2,0,508,30,203,0,QOTu-Ang-PCA,arc segments,16.0,0.5451185495118549,0.07344632768361582,0.43333333333333335
Left,contig,Ang,PTT,WRM,4,0.2,0,508,30,203,0,QOTc-Ang-HS4,arc labels,,,,
Left,contig,Ang,PTT,WRM,4,0.2,0,508,30,203,0,QOTc-Ang-HSsrc,arc labels,,,,
Left,contig,Ang,PTT,WRM,4,0.2,0,508,30,203,0,QOTc-Ang-PCA,arc labels,,,,
Left,contig,Ang,PTT,WRM,4,0.2,0,508,30,203,0,SDM-Ang-HS4,arc labels,,,,
Left,contig,Ang,PTT,WRM,4,0.2,0,508,30,203,0,SDM-Ang-HSsrc,arc labels,,,,
Left,contig,Ang,PTT,WRM,4,0.2,0,508,30,203,0,SDM-Ang-PCA,arc labels,,,,
Left,contig,Ang,PTT,WRM,4,0.3,0,508,30,305,0,NoAdapt,nothing,,0.605299860529986,0.08403361344537816,0.6666666666666666
Left,contig,Ang,PTT,WRM,4,0.3,0,508,30,305,0,TargetOnly,arc labels,,,,
Left,contig,Ang,PTT,WRM,4,0.3,0,508,30,305,0,Source+Target,arc labels,,,,
Left,contig,Ang,PTT,WRM,4,0.3,0,508,30,305,0,COT,arc labels,,,,
Left,contig,Ang,PTT,WRM,4,0.3,0,508,30,305,0,none-Ang-HS4,arc labels,,,,
Left,contig,Ang,PTT,WRM,4,0.3,0,508,30,305,0,none-Ang-HSsrc,nothing,,0.4944909344490934,0.0547945205479452,0.13333333333333333
Left,contig,Ang,PTT,WRM,4,0.3,0,508,30,305,0,none-Ang-PCA,arc segments,8.0,0.5171548117154812,0.0661764705882353,0.3
Left,contig,Ang,PTT,WRM,4,0.3,0,508,30,305,0,QOTu-Ang-HS4,arc labels,,,,
Left,contig,Ang,PTT,WRM,4,0.3,0,508,30,305,0,QOTu-Ang-HSsrc,arc segments,,0.5016039051603906,0.05982905982905983,0.23333333333333334
Left,contig,Ang,PTT,WRM,4,0.3,0,508,30,305,0,QOTu-Ang-PCA,arc segments,16.0,0.5324267782426778,0.06726457399103139,0.5
Left,contig,Ang,PTT,WRM,4,0.3,0,508,30,305,0,QOTc-Ang-HS4,arc labels,,,,
Left,contig,Ang,PTT,WRM,4,0.3,0,508,30,305,0,QOTc-Ang-HSsrc,arc labels,,,,
Left,contig,Ang,PTT,WRM,4,0.3,0,508,30,305,0,QOTc-Ang-PCA,arc labels,,,,
Left,contig,Ang,PTT,WRM,4,0.3,0,508,30,305,0,SDM-Ang-HS4,arc labels,,,,
Left,contig,Ang,PTT,WRM,4,0.3,0,508,30,305,0,SDM-Ang-HSsrc,arc labels,,,,
Left,contig,Ang,PTT,WRM,4,0.3,0,508,30,305,0,SDM-Ang-PCA,arc labels,,,,
Left,contig,Ang,PTT,WRM,4,0.5,1,508,30,487,24,NoAdapt,nothing,,0.605299860529986,0.08403361344537816,0.6666666666666666
Left,contig,Ang,PTT,WRM,4,0.5,1,508,30,487,24,TargetOnly,arc labels,,0.599163179916318,0.08571428571428572,0.6
Left,contig,Ang,PTT,WRM,4,0.5,1,508,30,487,24,Source+Target,arc labels,,0.6366806136680614,0.09615384615384616,0.6666666666666666
Left,contig,Ang,PTT,WRM,4,0.5,1,508,30,487,24,COT,arc labels,,0.6628312412831241,0.1092896174863388,0.6666666666666666
Left,contig,Ang,PTT,WRM,4,0.5,1,508,30,487,24,none-Ang-HS4,arc labels,,0.5412831241283124,0.08333333333333333,0.26666666666666666
Left,contig,Ang,PTT,WRM,4,0.5,1,508,30,487,24,none-Ang-HSsrc,nothing,,0.4944909344490934,0.0547945205479452,0.13333333333333333
Left,contig,Ang,PTT,WRM,4,0.5,1,508,30,487,24,none-Ang-PCA,arc segments,16.0,0.4860529986052998,0.05102040816326531,0.16666666666666666
Left,contig,Ang,PTT,WRM,4,0.5,1,508,30,487,24,QOTu-Ang-HS4,arc labels,,0.5161087866108787,0.06569343065693431,0.3
Left,contig,Ang,PTT,WRM,4,0.5,1,508,30,487,24,QOTu-Ang-HSsrc,arc segments,,0.5099721059972107,0.06422018348623854,0.23333333333333334
Left,contig,Ang,PTT,WRM,4,0.5,1,508,30,487,24,QOTu-Ang-PCA,arc segments,16.0,0.5639470013947001,0.08176100628930817,0.43333333333333335
Left,contig,Ang,PTT,WRM,4,0.5,1,508,30,487,24,QOTc-Ang-HS4,arc labels,,0.6658298465829846,0.102803738317757,0.7333333333333333
Left,contig,Ang,PTT,WRM,4,0.5,1,508,30,487,24,QOTc-Ang-HSsrc,arc labels,,0.5437935843793584,0.06910569105691057,0.5666666666666667
Left,contig,Ang,PTT,WRM,4,0.5,1,508,30,487,24,QOTc-Ang-PCA,arc labels,64.0,0.5401673640167364,0.07894736842105263,0.3
Left,contig,Ang,PTT,WRM,4,0.5,1,508,30,487,24,SDM-Ang-HS4,arc labels,,0.6354951185495119,0.09053497942386832,0.7333333333333333
Left,contig,Ang,PTT,WRM,4,0.5,1,508,30,487,24,SDM-Ang-HSsrc,arc labels,,0.5426778242677824,0.06818181818181818,0.6
Left,contig,Ang,PTT,WRM,4,0.5,1,508,30,487,24,SDM-Ang-PCA,arc labels,16.0,0.5751743375174337,0.0787037037037037,0.5666666666666667
Left,contig,Ang,PTT,WRM,5,0.05,0,508,28,51,0,NoAdapt,nothing,,0.6361607142857143,0.08878504672897196,0.6785714285714286
Left,contig,Ang,PTT,WRM,5,0.05,0,508,28,51,0,TargetOnly,arc labels,,,,
Left,contig,Ang,PTT,WRM,5,0.05,0,508,28,51,0,Source+Target,arc labels,,,,
Left,contig,Ang,PTT,WRM,5,0.05,0,508,28,51,0,COT,arc labels,,,,
Left,contig,Ang,PTT,WRM,5,0.05,0,508,28,51,0,none-Ang-HS4,arc labels,,,,
Left,contig,Ang,PTT,WRM,5,0.05,0,508,28,51,0,none-Ang-HSsrc,nothing,,0.49122023809523807,0.04938271604938271,0.14285714285714285
Left,contig,Ang,PTT,WRM,5,0.05,0,508,28,51,0,none-Ang-PCA,arc segments,8.0,0.49419642857142854,0.053475935828877004,0.35714285714285715
Left,contig,Ang,PTT,WRM,5,0.05,0,508,28,51,0,QOTu-Ang-HS4,arc labels,,,,
Left,contig,Ang,PTT,WRM,5,0.05,0,508,28,51,0,QOTu-Ang-HSsrc,arc segments,,0.4648809523809524,0.04568527918781726,0.32142857142857145
Left,contig,Ang,PTT,WRM,5,0.05,0,508,28,51,0,QOTu-Ang-PCA,arc segments,16.0,0.5203869047619047,0.05863192182410423,0.6428571428571429
Left,contig,Ang,PTT,WRM,5,0.05,0,508,28,51,0,QOTc-Ang-HS4,arc labels,,,,
Left,contig,Ang,PTT,WRM,5,0.05,0,508,28,51,0,QOTc-Ang-HSsrc,arc labels,,,,
Left,contig,Ang,PTT,WRM,5,0.05,0,508,28,51,0,QOTc-Ang-PCA,arc labels,,,,
Left,contig,Ang,PTT,WRM,5,0.05,0,508,28,51,0,SDM-Ang-HS4,arc labels,,,,
Left,contig,Ang,PTT,WRM,5,0.05,0,508,28,51,0,SDM-Ang-HSsrc,arc labels,,,,
Left,contig,Ang,PTT,WRM,5,0.05,0,508,28,51,0,SDM-Ang-PCA,arc labels,,,,
Left,contig,Ang,PTT,WRM,5,0.1,0,508,28,102,0,NoAdapt,nothing,,0.6361607142857143,0.08878504672897196,0.6785714285714286
Left,contig,Ang,PTT,WRM,5,0.1,0,508,28,102,0,TargetOnly,arc labels,,,,
Left,contig,Ang,PTT,WRM,5,0.1,0,508,28,102,0,Source+Target,arc labels,,,,
Left,contig,Ang,PTT,WRM,5,0.1,0,508,28,102,0,COT,arc labels,,,,
Left,contig,Ang,PTT,WRM,5,0.1,0,508,28,102,0,none-Ang-HS4,arc labels,,,,
Left,contig,Ang,PTT,WRM,5,0.1,0,508,28,102,0,none-Ang-HSsrc,nothing,,0.49122023809523807,0.04938271604938271,0.14285714285714285
Left,contig,Ang,PTT,WRM,5,0.1,0,508,28,102,0,none-Ang-PCA,arc segments,16.0,0.5107142857142857,0.058823529411764705,0.32142857142857145
Left,contig,Ang,PTT,WRM,5,0.1,0,508,28,102,0,QOTu-Ang-HS4,arc labels,,,,
Left,contig,Ang,PTT,WRM,5,0.1,0,508,28,102,0,QOTu-Ang-HSsrc,arc segments,,0.51875,0.06422018348623854,0.25
Left,contig,Ang,PTT,WRM,5,0.1,0,508,28,102,0,QOTu-Ang-PCA,arc segments,16.0,0.5290178571428572,0.0625,0.4642857142857143
Left,contig,Ang,PTT,WRM,5,0.1,0,508,28,102,0,QOTc-Ang-HS4,arc labels,,,,
Left,contig,Ang,PTT,WRM,5,0.1,0,508,28,102,0,QOTc-Ang-HSsrc,arc labels,,,,
Left,contig,Ang,PTT,WRM,5,0.1,0,508,28,102,0,QOTc-Ang-PCA,arc labels,,,,
Left,contig,Ang,PTT,WRM,5,0.1,0,508,28,102,0,SDM-Ang-HS4,arc labels,,,,
Left,contig,Ang,PTT,WRM,5,0.1,0,508,28,102,0,SDM-Ang-HSsrc,arc labels,,,,
Left,contig,Ang,PTT,WRM,5,0.1,0,508,28,102,0,SDM-Ang-PCA,arc labels,,,,
Left,contig,Ang,PTT,WRM,5,0.2,0,508,28,203,0,NoAdapt,nothing,,0.6361607142857143,0.08878504672897196,0.6785714285714286
Left,contig,Ang,PTT,WRM,5,0.2,0,508,28,203,0,TargetOnly,arc labels,,,,
Left,contig,Ang,PTT,WRM,5,0.2,0,508,28,203,0,Source+Target,arc labels,,,,
Left,contig,Ang,PTT,WRM,5,0.2,0,508,28,203,0,COT,arc labels,,,,
Left,contig,Ang,PTT,WRM,5,0.2,0,508,28,203,0,none-Ang-HS4,arc labels,,,,
Left,contig,Ang,PTT,WRM,5,0.2,0,508,28,203,0,none-Ang-HSsrc,nothing,,0.49122023809523807,0.04938271604938271,0.14285714285714285
Left,contig,Ang,PTT,WRM,5,0.2,0,508,28,203,0,none-Ang-PCA,arc segments,8.0,0.49925595238095244,0.054878048780487805,0.32142857142857145
Left,contig,Ang,PTT,WRM,5,0.2,0,508,28,203,0,QOTu-Ang-HS4,arc labels,,,,
Left,contig,Ang,PTT,WRM,5,0.2,0,508,28,203,0,QOTu-Ang-HSsrc,arc segments,,0.47886904761904764,0.04504504504504504,0.17857142857142858
Left,contig,Ang,PTT,WRM,5,0.2,0,508,28,203,0,QOTu-Ang-PCA,arc segments,16.0,0.5318452380952381,0.0650887573964497,0.39285714285714285
Left,contig,Ang,PTT,WRM,5,0.2,0,508,28,203,0,QOTc-Ang-HS4,arc labels,,,,
Left,contig,Ang,PTT,WRM,5,0.2,0,508,28,203,0,QOTc-Ang-HSsrc,arc labels,,,,
Left,contig,Ang,PTT,WRM,5,0.2,0,508,28,203,0,QOTc-Ang-PCA,arc labels,,,,
Left,contig,Ang,PTT,WRM,5,0.2,0,508,28,203,0,SDM-Ang-HS4,arc labels,,,,
Left,contig,Ang,PTT,WRM,5,0.2,0,508,28,203,0,SDM-Ang-HSsrc,arc labels,,,,
Left,contig,Ang,PTT,WRM,5,0.2,0,508,28,203,0,SDM-Ang-PCA,arc labels,,,,
Left,contig,Ang,PTT,WRM,5,0.3,1,508,28,305,6,NoAdapt,nothing,,0.6361607142857143,0.08878504672897196,0.6785714285714286
Left,contig,Ang,PTT,WRM,5,0.3,1,508,28,305,6,TargetOnly,arc labels,,0.5584821428571429,0.0898876404494382,0.2857142857142857
Left,contig,Ang,PTT,WRM,5,0.3,1,508,28,305,6,Source+Target,arc labels,,0.6080357142857142,0.10526315789473684,0.42857142857142855
Left,contig,Ang,PTT,WRM,5,0.3,1,508,28,305,6,COT,arc labels,,0.6063988095238095,0.18604651162790697,0.2857142857142857
Left,contig,Ang,PTT,WRM,5,0.3,1,508,28,305,6,none-Ang-HS4,arc labels,,0.5050595238095238,0.057692307692307696,0.21428571428571427
Left,contig,Ang,PTT,WRM,5,0.3,1,508,28,305,6,none-Ang-HSsrc,nothing,,0.49122023809523807,0.04938271604938271,0.14285714285714285
Left,contig,Ang,PTT,WRM,5,0.3,1,508,28,305,6,none-Ang-PCA,arc segments,64.0,0.43363095238095234,0.02,0.07142857142857142
Left,contig,Ang,PTT,WRM,5,0.3,1,508,28,305,6,QOTu-Ang-HS4,arc labels,,0.5233630952380952,0.06289308176100629,0.35714285714285715
Left,contig,Ang,PTT,WRM,5,0.3,1,508,28,305,6,QOTu-Ang-HSsrc,arc segments,,0.503125,0.056451612903225805,0.25
Left,contig,Ang,PTT,WRM,5,0.3,1,508,28,305,6,QOTu-Ang-PCA,arc segments,16.0,0.5318452380952381,0.0650887573964497,0.39285714285714285
Left,contig,Ang,PTT,WRM,5,0.3,1,508,28,305,6,QOTc-Ang-HS4,arc labels,,0.5479166666666666,0.08641975308641975,0.25
Left,contig,Ang,PTT,WRM,5,0.3,1,508,28,305,6,QOTc-Ang-HSsrc,arc labels,,0.5735119047619047,0.08527131782945736,0.39285714285714285
Left,contig,Ang,PTT,WRM,5,0.3,1,508,28,305,6,QOTc-Ang-PCA,arc labels,32.0,0.5425595238095238,0.08823529411764706,0.21428571428571427
Left,contig,Ang,PTT,WRM,5,0.3,1,508,28,305,6,SDM-Ang-HS4,arc labels,,0.5191964285714286,0.08333333333333333,0.10714285714285714
Left,contig,Ang,PTT,WRM,5,0.3,1,508,28,305,6,SDM-Ang-HSsrc,arc labels,,0.6416666666666666,0.11864406779661017,0.5
Left,contig,Ang,PTT,WRM,5,0.3,1,508,28,305,6,SDM-Ang-PCA,arc labels,8.0,0.5675595238095238,0.13636363636363635,0.21428571428571427
Left,contig,Ang,PTT,WRM,5,0.5,1,508,28,487,26,NoAdapt,nothing,,0.6361607142857143,0.08878504672897196,0.6785714285714286
Left,contig,Ang,PTT,WRM,5,0.5,1,508,28,487,26,TargetOnly,arc labels,,0.637202380952381,0.0892018779342723,0.6785714285714286
Left,contig,Ang,PTT,WRM,5,0.5,1,508,28,487,26,Source+Target,arc labels,,0.640327380952381,0.09047619047619047,0.6785714285714286
Left,contig,Ang,PTT,WRM,5,0.5,1,508,28,487,26,COT,arc labels,,0.6955357142857144,0.12101910828025478,0.6785714285714286
Left,contig,Ang,PTT,WRM,5,0.5,1,508,28,487,26,none-Ang-HS4,arc labels,,0.48973214285714284,0.05161290322580645,0.2857142857142857
Left,contig,Ang,PTT,WRM,5,0.5,1,508,28,487,26,none-Ang-HSsrc,nothing,,0.49122023809523807,0.04938271604938271,0.14285714285714285
Left,contig,Ang,PTT,WRM,5,0.5,1,508,28,487,26,none-Ang-PCA,arc segments,16.0,0.5263392857142857,0.06521739130434782,0.32142857142857145
Left,contig,Ang,PTT,WRM,5,0.5,1,508,28,487,26,QOTu-Ang-HS4,arc labels,,0.5123511904761905,0.05803571428571429,0.4642857142857143
Left,contig,Ang,PTT,WRM,5,0.5,1,508,28,487,26,QOTu-Ang-HSsrc,arc segments,,0.503125,0.056451612903225805,0.25
Left,contig,Ang,PTT,WRM,5,0.5,1,508,28,487,26,QOTu-Ang-PCA,arc segments,8.0,0.47916666666666663,0.051094890510948905,0.5
Left,contig,Ang,PTT,WRM,5,0.5,1,508,28,487,26,QOTc-Ang-HS4,arc labels,,0.6202380952380953,0.08808290155440414,0.6071428571428571
Left,contig,Ang,PTT,WRM,5,0.5,1,508,28,487,26,QOTc-Ang-HSsrc,arc labels,,0.6199404761904762,0.09554140127388536,0.5357142857142857
Left,contig,Ang,PTT,WRM,5,0.5,1,508,28,487,26,QOTc-Ang-PCA,arc labels,64.0,0.5230654761904762,0.06504065040650407,0.2857142857142857
Left,contig,Ang,PTT,WRM,5,0.5,1,508,28,487,26,SDM-Ang-HS4,arc labels,,0.6041666666666667,0.09090909090909091,0.5
Left,contig,Ang,PTT,WRM,5,0.5,1,508,28,487,26,SDM-Ang-HSsrc,arc labels,,0.6126488095238095,0.09146341463414634,0.5357142857142857
Left,contig,Ang,PTT,WRM,5,0.5,1,508,28,487,26,SDM-Ang-PCA,arc labels,64.0,0.5044642857142857,0.05660377358490566,0.32142857142857145
Left,contig,Ang,PTT,WRM,6,0.05,0,508,18,51,0,NoAdapt,nothing,,0.5642857142857143,0.04712041884816754,0.5
Left,contig,Ang,PTT,WRM,6,0.05,0,508,18,51,0,TargetOnly,arc labels,,,,
Left,contig,Ang,PTT,WRM,6,0.05,0,508,18,51,0,Source+Target,arc labels,,,,
Left,contig,Ang,PTT,WRM,6,0.05,0,508,18,51,0,COT,arc labels,,,,
Left,contig,Ang,PTT,WRM,6,0.05,0,508,18,51,0,none-Ang-HS4,arc labels,,,,
Left,contig,Ang,PTT,WRM,6,0.05,0,508,18,51,0,none-Ang-HSsrc,nothing,,0.4925170068027211,0.03260869565217391,0.16666666666666666
Left,contig,Ang,PTT,WRM,6,0.05,0,508,18,51,0,none-Ang-PCA,arc segments,16.0,0.5836734693877551,0.05232558139534884,0.5
Left,contig,Ang,PTT,WRM,6,0.05,0,508,18,51,0,QOTu-Ang-HS4,arc labels,,,,
Left,contig,Ang,PTT,WRM,6,0.05,0,508,18,51,0,QOTu-Ang-HSsrc,arc segments,,0.495578231292517,0.033707865168539325,0.16666666666666666
Left,contig,Ang,PTT,WRM,6,0.05,0,508,18,51,0,QOTu-Ang-PCA,arc segments,64.0,0.594671201814059,0.06015037593984962,0.4444444444444444
Left,contig,Ang,PTT,WRM,6,0.05,0,508,18,51,0,QOTc-Ang-HS4,arc labels,,,,
Left,contig,Ang,PTT,WRM,6,0.05,0,508,18,51,0,QOTc-Ang-HSsrc,arc labels,,,,
Left,contig,Ang,PTT,WRM,6,0.05,0,508,18,51,0,QOTc-Ang-PCA,arc labels,,,,
Left,contig,Ang,PTT,WRM,6,0.05,0,508,18,51,0,SDM-Ang-HS4,arc labels,,,,
Left,contig,Ang,PTT,WRM,6,0.05,0,508,18,51,0,SDM-Ang-HSsrc,arc labels,,,,
Left,contig,Ang,PTT,WRM,6,0.05,0,508,18,51,0,SDM-Ang-PCA,arc labels,,,,
Left,contig,Ang,PTT,WRM,6,0.1,0,508,18,102,0,NoAdapt,nothing,,0.5642857142857143,0.04712041884816754,0.5
Left,contig,Ang,PTT,WRM,6,0.1,0,508,18,102,0,TargetOnly,arc labels,,,,
Left,contig,Ang,PTT,WRM,6,0.1,0,508,18,102,0,Source+Target,arc labels,,,,
Left,contig,Ang,PTT,WRM,6,0.1,0,508,18,102,0,COT,arc labels,,,,
Left,contig,Ang,PTT,WRM,6,0.1,0,508,18,102,0,none-Ang-HS4,arc labels,,,,
Left,contig,Ang,PTT,WRM,6,0.1,0,508,18,102,0,none-Ang-HSsrc,nothing,,0.4925170068027211,0.03260869565217391,0.16666666666666666
Left,contig,Ang,PTT,WRM,6,0.1,0,508,18,102,0,none-Ang-PCA,arc segments,32.0,0.6310657596371883,0.06043956043956044,0.6111111111111112
Left,contig,Ang,PTT,WRM,6,0.1,0,508,18,102,0,QOTu-Ang-HS4,arc labels,,,,
Left,contig,Ang,PTT,WRM,6,0.1,0,508,18,102,0,QOTu-Ang-HSsrc,arc segments,,0.4978458049886621,0.034782608695652174,0.2222222222222222
Left,contig,Ang,PTT,WRM,6,0.1,0,508,18,102,0,QOTu-Ang-PCA,arc segments,64.0,0.47210884353741495,0.026785714285714284,0.16666666666666666
Left,contig,Ang,PTT,WRM,6,0.1,0,508,18,102,0,QOTc-Ang-HS4,arc labels,,,,
Left,contig,Ang,PTT,WRM,6,0.1,0,508,18,102,0,QOTc-Ang-HSsrc,arc labels,,,,
Left,contig,Ang,PTT,WRM,6,0.1,0,508,18,102,0,QOTc-Ang-PCA,arc labels,,,,
Left,contig,Ang,PTT,WRM,6,0.1,0,508,18,102,0,SDM-Ang-HS4,arc labels,,,,
Left,contig,Ang,PTT,WRM,6,0.1,0,508,18,102,0,SDM-Ang-HSsrc,arc labels,,,,
Left,contig,Ang,PTT,WRM,6,0.1,0,508,18,102,0,SDM-Ang-PCA,arc labels,,,,
Left,contig,Ang,PTT,WRM,6,0.2,1,508,18,203,6,NoAdapt,nothing,,0.5642857142857143,0.04712041884816754,0.5
Left,contig,Ang,PTT,WRM,6,0.2,1,508,18,203,6,TargetOnly,arc labels,,0.550907029478458,0.06349206349206349,0.2222222222222222
Left,contig,Ang,PTT,WRM,6,0.2,1,508,18,203,6,Source+Target,arc labels,,0.5131519274376417,0.04,0.2222222222222222
Left,contig,Ang,PTT,WRM,6,0.2,1,508,18,203,6,COT,arc labels,,0.5094104308390023,0.05263157894736842,0.05555555555555555
Left,contig,Ang,PTT,WRM,6,0.2,1,508,18,203,6,none-Ang-HS4,arc labels,,0.5452380952380952,0.048,0.3333333333333333
Left,contig,Ang,PTT,WRM,6,0.2,1,508,18,203,6,none-Ang-HSsrc,nothing,,0.4925170068027211,0.03260869565217391,0.16666666666666666
Left,contig,Ang,PTT,WRM,6,0.2,1,508,18,203,6,none-Ang-PCA,arc segments,32.0,0.5321995464852608,0.04216867469879518,0.3888888888888889
Left,contig,Ang,PTT,WRM,6,0.2,1,508,18,203,6,QOTu-Ang-HS4,arc labels,,0.5526077097505669,0.04794520547945205,0.3888888888888889
Left,contig,Ang,PTT,WRM,6,0.2,1,508,18,203,6,QOTu-Ang-HSsrc,arc segments,,0.5431972789115647,0.047244094488188976,0.3333333333333333
Left,contig,Ang,PTT,WRM,6,0.2,1,508,18,203,6,QOTu-Ang-PCA,arc segments,16.0,0.5783446712018141,0.053691275167785234,0.4444444444444444
Left,contig,Ang,PTT,WRM,6,0.2,1,508,18,203,6,QOTc-Ang-HS4,arc labels,,0.5429705215419501,0.050505050505050504,0.2777777777777778
Left,contig,Ang,PTT,WRM,6,0.2,1,508,18,203,6,QOTc-Ang-HSsrc,arc labels,,0.47517006802721085,0.027522935779816515,0.16666666666666666
Left,contig,Ang,PTT,WRM,6,0.2,1,508,18,203,6,QOTc-Ang-PCA,arc labels,64.0,0.4561224489795918,0.0,0.0
Left,contig,Ang,PTT,WRM,6,0.2,1,508,18,203,6,SDM-Ang-HS4,arc labels,,0.4826530612244898,0.0,0.0
Left,contig,Ang,PTT,WRM,6,0.2,1,508,18,203,6,SDM-Ang-HSsrc,arc labels,,0.5636054421768707,0.056074766355140186,0.3333333333333333
Left,contig,Ang,PTT,WRM,6,0.2,1,508,18,203,6,SDM-Ang-PCA,arc labels,64.0,0.45714285714285713,0.0,0.0
Left,contig,Ang,PTT,WRM,6,0.3,1,508,18,305,9,NoAdapt,nothing,,0.5642857142857143,0.04712041884816754,0.5
Left,contig,Ang,PTT,WRM,6,0.3,1,508,18,305,9,TargetOnly,arc labels,,0.6518140589569161,0.1038961038961039,0.4444444444444444
Left,contig,Ang,PTT,WRM,6,0.3,1,508,18,305,9,Source+Target,arc labels,,0.5192743764172336,0.0425531914893617,0.2222222222222222
Left,contig,Ang,PTT,WRM,6,0.3,1,508,18,305,9,COT,arc labels,,0.5891156462585034,0.07317073170731707,0.3333333333333333
Left,contig,Ang,PTT,WRM,6,0.3,1,508,18,305,9,none-Ang-HS4,arc labels,,0.5380952380952381,0.045454545454545456,0.3333333333333333
Left,contig,Ang,PTT,WRM,6,0.3,1,508,18,305,9,none-Ang-HSsrc,nothing,,0.4925170068027211,0.03260869565217391,0.16666666666666666
Left,contig,Ang,PTT,WRM,6,0.3,1,508,18,305,9,none-Ang-PCA,arc segments,32.0,0.5952380952380952,0.07894736842105263,0.3333333333333333
Left,contig,Ang,PTT,WRM,6,0.3,1,508,18,305,9,QOTu-Ang-HS4,arc labels,,0.6484126984126984,0.06666666666666667,0.6111111111111112
Left,contig,Ang,PTT,WRM,6,0.3,1,508,18,305,9,QOTu-Ang-HSsrc,arc segments,,0.5350340136054421,0.044444444444444446,0.3333333333333333
Left,contig,Ang,PTT,WRM,6,0.3,1,508,18,305,9,QOTu-Ang-PCA,arc segments,16.0,0.605328798185941,0.055865921787709494,0.5555555555555556
Left,contig,Ang,PTT,WRM,6,0.3,1,508,18,305,9,QOTc-Ang-HS4,arc labels,,0.5611111111111111,0.07547169811320754,0.2222222222222222
Left,contig,Ang,PTT,WRM,6,0.3,1,508,18,305,9,QOTc-Ang-HSsrc,arc labels,,0.567687074829932,0.05825242718446602,0.3333333333333333
Left,contig,Ang,PTT,WRM,6,0.3,1,508,18,305,9,QOTc-Ang-PCA,arc labels,32.0,0.48696145124716556,0.024390243902439025,0.05555555555555555
Left,contig,Ang,PTT,WRM,6,0.3,1,508,18,305,9,SDM-Ang-HS4,arc labels,,0.5764172335600907,0.10526315789473684,0.2222222222222222
Left,contig,Ang,PTT,WRM,6,0.3,1,508,18,305,9,SDM-Ang-HSsrc,arc labels,,0.567687074829932,0.05825242718446602,0.3333333333333333
Left,contig,Ang,PTT,WRM,6,0.3,1,508,18,305,9,SDM-Ang-PCA,arc labels,32.0,0.5012471655328798,0.037037037037037035,0.05555555555555555
Left,contig,Ang,PTT,WRM,6,0.5,1,508,18,487,32,NoAdapt,nothing,,0.5642857142857143,0.04712041884816754,0.5
Left,contig,Ang,PTT,WRM,6,0.5,1,508,18,487,32,TargetOnly,arc labels,,0.6837868480725624,0.06511627906976744,0.7777777777777778
Left,contig,Ang,PTT,WRM,6,0.5,1,508,18,487,32,Source+Target,arc labels,,0.5653061224489796,0.04736842105263158,0.5
Left,contig,Ang,PTT,WRM,6,0.5,1,508,18,487,32,COT,arc labels,,0.6157596371882086,0.05583756345177665,0.6111111111111112
Left,contig,Ang,PTT,WRM,6,0.5,1,508,18,487,32,none-Ang-HS4,arc labels,,0.640249433106576,0.06358381502890173,0.6111111111111112
Left,contig,Ang,PTT,WRM,6,0.5,1,508,18,487,32,none-Ang-HSsrc,nothing,,0.4925170068027211,0.03260869565217391,0.16666666666666666
Left,contig,Ang,PTT,WRM,6,0.5,1,508,18,487,32,none-Ang-PCA,arc segments,32.0,0.4790249433106576,0.025974025974025976,0.1111111111111111
Left,contig,Ang,PTT,WRM,6,0.5,1,508,18,487,32,QOTu-Ang-HS4,arc labels,,0.6131519274376418,0.05078125,0.7222222222222222
Left,contig,Ang,PTT,WRM,6,0.5,1,508,18,487,32,QOTu-Ang-HSsrc,arc segments,,0.5350340136054421,0.044444444444444446,0.3333333333333333
Left,contig,Ang,PTT,WRM,6,0.5,1,508,18,487,32,QOTu-Ang-PCA,arc segments,16.0,0.6310657596371883,0.06043956043956044,0.6111111111111112
Left,contig,Ang,PTT,WRM,6,0.5,1,508,18,487,32,QOTc-Ang-HS4,arc labels,,0.6450113378684807,0.05533596837944664,0.7777777777777778
Left,contig,Ang,PTT,WRM,6,0.5,1,508,18,487,32,QOTc-Ang-HSsrc,arc labels,,0.5607709750566894,0.050724637681159424,0.3888888888888889
Left,contig,Ang,PTT,WRM,6,0.5,1,508,18,487,32,QOTc-Ang-PCA,arc labels,64.0,0.5378684807256235,0.04807692307692308,0.2777777777777778
Left,contig,Ang,PTT,WRM,6,0.5,1,508,18,487,32,SDM-Ang-HS4,arc labels,,0.6899092970521542,0.06698564593301436,0.7777777777777778
Left,contig,Ang,PTT,WRM,6,0.5,1,508,18,487,32,SDM-Ang-HSsrc,arc labels,,0.5403628117913832,0.04430379746835443,0.3888888888888889
Left,contig,Ang,PTT,WRM,6,0.5,1,508,18,487,32,SDM-Ang-PCA,arc labels,64.0,0.5166666666666666,0.0392156862745098,0.3333333333333333
Left,contig,Ang,PTT,WRM,7,0.05,1,508,19,51,5,NoAdapt,nothing,,0.5566139274566785,0.04716981132075472,0.5263157894736842
Left,contig,Ang,PTT,WRM,7,0.05,1,508,19,51,5,TargetOnly,arc labels,,0.4942955548380153,0.03614457831325301,0.3157894736842105
Left,contig,Ang,PTT,WRM,7,0.05,1,508,19,51,5,Source+Target,arc labels,,0.5586589172317296,0.047619047619047616,0.5263157894736842
Left,contig,Ang,PTT,WRM,7,0.05,1,508,19,51,5,COT,arc labels,,0.4329458615864815,0.02654867256637168,0.3157894736842105
Left,contig,Ang,PTT,WRM,7,0.05,1,508,19,51,5,none-Ang-HS4,arc labels,,0.6266279194919815,0.06091370558375635,0.631578947368421
Left,contig,Ang,PTT,WRM,7,0.05,1,508,19,51,5,none-Ang-HSsrc,nothing,,0.509148638467334,0.04081632653061224,0.21052631578947367
Left,contig,Ang,PTT,WRM,7,0.05,1,508,19,51,5,none-Ang-PCA,arc segments,16.0,0.5862662791949198,0.0546448087431694,0.5263157894736842
Left,contig,Ang,PTT,WRM,7,0.05,1,508,19,51,5,QOTu-Ang-HS4,arc labels,,0.5821762996448175,0.053475935828877004,0.5263157894736842
Left,contig,Ang,PTT,WRM,7,0.05,1,508,19,51,5,QOTu-Ang-HSsrc,arc segments,,0.5318587880744806,0.04487179487179487,0.3684210526315789
Left,contig,Ang,PTT,WRM,7,0.05,1,508,19,51,5,QOTu-Ang-PCA,arc segments,32.0,0.5139920353029813,0.041666666666666664,0.2631578947368421
Left,contig,Ang,PTT,WRM,7,0.05,1,508,19,51,5,QOTc-Ang-HS4,arc labels,,0.3567430847056291,0.022598870056497175,0.42105263157894735
Left,contig,Ang,PTT,WRM,7,0.05,1,508,19,51,5,QOTc-Ang-HSsrc,arc labels,,0.4564094284791734,0.03225806451612903,0.5263157894736842
Left,contig,Ang,PTT,WRM,7,0.05,1,508,19,51,5,QOTc-Ang-PCA,arc labels,64.0,0.4709396189861156,0.034574468085106384,0.6842105263157895
Left,contig,Ang,PTT,WRM,7,0.05,1,508,19,51,5,SDM-Ang-HS4,arc labels,,0.47648261758691207,0.0,0.0
Left,contig,Ang,PTT,WRM,7,0.05,1,508,19,51,5,SDM-Ang-HSsrc,arc labels,,0.4078678290819072,0.02631578947368421,0.42105263157894735
Left,contig,Ang,PTT,WRM,7,0.05,1,508,19,51,5,SDM-Ang-PCA,arc labels,64.0,0.3849424173931762,0.012048192771084338,0.10526315789473684
Left,contig,Ang,PTT,WRM,7,0.1,1,508,19,102,6,NoAdapt,nothing,,0.5566139274566785,0.04716981132075472,0.5263157894736842
Left,contig,Ang,PTT,WRM,7,0.1,1,508,19,102,6,TargetOnly,arc labels,,0.5541384135184587,0.07407407407407407,0.21052631578947367
Left,contig,Ang,PTT,WRM,7,0.1,1,508,19,102,6,Source+Target,arc labels,,0.5739963405446131,0.05128205128205128,0.5263157894736842
Left,contig,Ang,PTT,WRM,7,0.1,1,508,19,102,6,COT,arc labels,,0.46469701862017004,0.022727272727272728,0.10526315789473684
Left,contig,Ang,PTT,WRM,7,0.1,1,508,19,102,6,none-Ang-HS4,arc labels,,0.5093639005489183,0.03932584269662921,0.3684210526315789
Left,contig,Ang,PTT,WRM,7,0.1,1,508,19,102,6,none-Ang-HSsrc,nothing,,0.509148638467334,0.04081632653061224,0.21052631578947367
Left,contig,Ang,PTT,WRM,7,0.1,1,508,19,102,6,none-Ang-PCA,arc segments,16.0,0.5852437843073942,0.05434782608695652,0.5263157894736842
Left,contig,Ang,PTT,WRM,7,0.1,1,508,19,102,6,QOTu-Ang-HS4,arc labels,,0.5083414056613927,0.03910614525139665,0.3684210526315789
Left,contig,Ang,PTT,WRM,7,0.1,1,508,19,102,6,QOTu-Ang-HSsrc,arc segments,,0.4966096222150468,0.0364963503649635,0.2631578947368421
Left,contig,Ang,PTT,WRM,7,0.1,1,508,19,102,6,QOTu-Ang-PCA,arc segments,16.0,0.6156495533311808,0.06077348066298342,0.5789473684210527
Left,contig,Ang,PTT,WRM,7,0.1,1,508,19,102,6,QOTc-Ang-HS4,arc labels,,0.4791733936067162,0.034482758620689655,0.47368421052631576
Left,contig,Ang,PTT,WRM,7,0.1,1,508,19,102,6,QOTc-Ang-HSsrc,arc labels,,0.46663437735442903,0.03333333333333333,0.5263157894736842
Left,contig,Ang,PTT,WRM,7,0.1,1,508,19,102,6,QOTc-Ang-PCA,arc labels,32.0,0.5022602518566355,0.038461538461538464,0.15789473684210525
Left,contig,Ang,PTT,WRM,7,0.1,1,508,19,102,6,SDM-Ang-HS4,arc labels,,0.4815950920245399,0.0,0.0
Left,contig,Ang,PTT,WRM,7,0.1,1,508,19,102,6,SDM-Ang-HSsrc,arc labels,,0.4109353137444839,0.026578073089700997,0.42105263157894735
Left,contig,Ang,PTT,WRM,7,0.1,1,508,19,102,6,SDM-Ang-PCA,arc labels,32.0,0.46496609622215046,0.01639344262295082,0.05263157894736842
Left,contig,Ang,PTT,WRM,7,0.2,1,508,19,203,8,NoAdapt,nothing,,0.5566139274566785,0.04716981132075472,0.5263157894736842
Left,contig,Ang,PTT,WRM,7,0.2,1,508,19,203,8,TargetOnly,arc labels,,0.5300290603810138,0.04201680672268908,0.5263157894736842
Left,contig,Ang,PTT,WRM,7,0.2,1,508,19,203,8,Source+Target,arc labels,,0.47513722957701,0.03164556962025317,0.2631578947368421
Left,contig,Ang,PTT,WRM,7,0.2,1,508,19,203,8,COT,arc labels,,0.5041976105908944,0.03793103448275862,0.5789473684210527
Left,contig,Ang,PTT,WRM,7,0.2,1,508,19,203,8,none-Ang-HS4,arc labels,,0.5175438596491228,0.041176470588235294,0.3684210526315789
Left,contig,Ang,PTT,WRM,7,0.2,1,508,19,203,8,none-Ang-HSsrc,nothing,,0.509148638467334,0.04081632653061224,0.21052631578947367
Left,contig,Ang,PTT,WRM,7,0.2,1,508,19,203,8,none-Ang-PCA,arc segments,16.0,0.5924012485200731,0.05649717514124294,0.5263157894736842
Left,contig,Ang,PTT,WRM,7,0.2,1,508,19,203,8,QOTu-Ang-HS4,arc labels,,0.6296954041545582,0.061855670103092786,0.631578947368421
Left,contig,Ang,PTT,WRM,7,0.2,1,508,19,203,8,QOTu-Ang-HSsrc,arc segments,,0.5359487676245829,0.046052631578947366,0.3684210526315789
Left,contig,Ang,PTT,WRM,7,0.2,1,508,19,203,8,QOTu-Ang-PCA,arc segments,64.0,0.4488752556237219,0.0,0.0
Left,contig,Ang,PTT,WRM,7,0.2,1,508,19,203,8,QOTc-Ang-HS4,arc labels,,0.5681842643418362,0.07462686567164178,0.2631578947368421
Left,contig,Ang,PTT,WRM,7,0.2,1,508,19,203,8,QOTc-Ang-HSsrc,arc labels,,0.4787428694435475,0.0297029702970297,0.15789473684210525
Left,contig,Ang,PTT,WRM,7,0.2,1,508,19,203,8,QOTc-Ang-PCA,arc labels,32.0,0.49510278764395654,0.03529411764705882,0.15789473684210525
Left,contig,Ang,PTT,WRM,7,0.2,1,508,19,203,8,SDM-Ang-HS4,arc labels,,0.5367560004305242,0.056338028169014086,0.21052631578947367
Left,contig,Ang,PTT,WRM,7,0.2,1,508,19,203,8,SDM-Ang-HSsrc,arc labels,,0.492788720266925,0.03508771929824561,0.21052631578947367
Left,contig,Ang,PTT,WRM,7,0.2,1,508,19,203,8,SDM-Ang-PCA,arc labels,32.0,0.4652351738241309,0.0,0.0
Left,contig,Ang,PTT,WRM,7,0.3,1,508,19,305,12,NoAdapt,nothing,,0.5566139274566785,0.04716981132075472,0.5263157894736842
Left,contig,Ang,PTT,WRM,7,0.3,1,508,19,305,12,TargetOnly,arc labels,,0.5778172424927349,0.05045871559633028,0.5789473684210527
Left,contig,Ang,PTT,WRM,7,0.3,1,508,19,305,12,Source+Target,arc labels,,0.4771822193520612,0.03205128205128205,0.2631578947368421
Left,contig,Ang,PTT,WRM,7,0.3,1,508,19,305,12,COT,arc labels,,0.5664083521687655,0.09523809523809523,0.21052631578947367
Left,contig,Ang,PTT,WRM,7,0.3,1,508,19,305,12,none-Ang-HS4,arc labels,,0.5042514261112905,0.03825136612021858,0.3684210526315789
Left,contig,Ang,PTT,WRM,7,0.3,1,508,19,305,12,none-Ang-HSsrc,nothing,,0.509148638467334,0.04081632653061224,0.21052631578947367
Left,contig,Ang,PTT,WRM,7,0.3,1,508,19,305,12,none-Ang-PCA,arc segments,16.0,0.5934237434075987,0.056818181818181816,0.5263157894736842
Left,contig,Ang,PTT,WRM,7,0.3,1,508,19,305,12,QOTu-Ang-HS4,arc labels,,0.5969755677537402,0.05309734513274336,0.631578947368421
Left,contig,Ang,PTT,WRM,7,0.3,1,508,19,305,12,QOTu-Ang-HSsrc,arc segments,,0.5032289312237649,0.03804347826086957,0.3684210526315789
Left,contig,Ang,PTT,WRM,7,0.3,1,508,19,305,12,QOTu-Ang-PCA,arc segments,64.0,0.395920783553977,0.016483516483516484,0.15789473684210525
Left,contig,Ang,PTT,WRM,7,0.3,1,508,19,305,12,QOTc-Ang-HS4,arc labels,,0.6056936820579055,0.06097560975609756,0.5263157894736842
Left,contig,Ang,PTT,WRM,7,0.3,1,508,19,305,12,QOTc-Ang-HSsrc,arc labels,,0.4966096222150468,0.0364963503649635,0.2631578947368421
Left,contig,Ang,PTT,WRM,7,0.3,1,508,19,305,12,QOTc-Ang-PCA,arc labels,64.0,0.4797653643310731,0.03,0.15789473684210525
Left,contig,Ang,PTT,WRM,7,0.3,1,508,19,305,12,SDM-Ang-HS4,arc labels,,0.5591970724356905,0.05128205128205128,0.42105263157894735
Left,contig,Ang,PTT,WRM,7,0.3,1,508,19,305,12,SDM-Ang-HSsrc,arc labels,,0.5423528145517167,0.05042016806722689,0.3157894736842105
Left,contig,Ang,PTT,WRM,7,0.3,1,508,19,305,12,SDM-Ang-PCA,arc labels,32.0,0.4340221719944032,0.01694915254237288,0.10526315789473684
Left,contig,Ang,PTT,WRM,7,0.5,1,508,19,498,35,NoAdapt,nothing,,0.5566139274566785,0.04716981132075472,0.5263157894736842
Left,contig,Ang,PTT,WRM,7,0.5,1,508,19,498,35,TargetOnly,arc labels,,0.6549348832203208,0.056105610561056105,0.8947368421052632
Left,contig,Ang,PTT,WRM,7,0.5,1,508,19,498,35,Source+Target,arc labels,,0.5433214939188462,0.044444444444444446,0.5263157894736842
Left,contig,Ang,PTT,WRM,7,0.5,1,508,19,498,35,COT,arc labels,,0.4446776450328275,0.029850746268656716,0.42105263157894735
Left,contig,Ang,PTT,WRM,7,0.5,1,508,19,498,35,none-Ang-HS4,arc labels,,0.6235604348294048,0.06,0.631578947368421
Left,contig,Ang,PTT,WRM,7,0.5,1,508,19,498,35,none-Ang-HSsrc,nothing,,0.509148638467334,0.04081632653061224,0.21052631578947367
Left,contig,Ang,PTT,WRM,7,0.5,1,508,19,498,35,none-Ang-PCA,arc segments,16.0,0.6148961360456355,0.06451612903225806,0.5263157894736842
Left,contig,Ang,PTT,WRM,7,0.5,1,508,19,498,35,QOTu-Ang-HS4,arc labels,,0.5851899687869981,0.048109965635738834,0.7368421052631579
Left,contig,Ang,PTT,WRM,7,0.5,1,508,19,498,35,QOTu-Ang-HSsrc,arc segments,,0.4899364976859326,0.03553299492385787,0.3684210526315789
Left,contig,Ang,PTT,WRM,7,0.5,1,508,19,498,35,QOTu-Ang-PCA,arc segments,16.0,0.5928855882036379,0.05217391304347826,0.631578947368421
Left,contig,Ang,PTT,WRM,7,0.5,1,508,19,498,35,QOTc-Ang-HS4,arc labels,,0.5529544720697449,0.0425531914893617,0.8421052631578947
Left,contig,Ang,PTT,WRM,7,0.5,1,508,19,498,35,QOTc-Ang-HSsrc,arc labels,,0.4843396835647401,0.03355704697986577,0.2631578947368421
Left,contig,Ang,PTT,WRM,7,0.5,1,508,19,498,35,QOTc-Ang-PCA,arc labels,64.0,0.5379937573996341,0.04666666666666667,0.3684210526315789
Left,contig,Ang,PTT,WRM,7,0.5,1,508,19,498,35,SDM-Ang-HS4,arc labels,,0.5872349585620493,0.04844290657439446,0.7368421052631579
Left,contig,Ang,PTT,WRM,7,0.5,1,508,19,498,35,SDM-Ang-HSsrc,arc labels,,0.5024755139382198,0.0379746835443038,0.3157894736842105
Left,contig,Ang,PTT,WRM,7,0.5,1,508,19,498,35,SDM-Ang-PCA,arc labels,64.0,0.5972446453557205,0.05527638190954774,0.5789473684210527
Left,contig,Ang,RTT,HTL,0,0.05,1,401,79,40,10,NoAdapt,nothing,,0.6726157716801635,0.2905982905982906,0.8607594936708861
Left,contig,Ang,RTT,HTL,0,0.05,1,401,79,40,10,TargetOnly,arc labels,,0.5317045365201667,0.21634615384615385,0.569620253164557
Left,contig,Ang,RTT,HTL,0,0.05,1,401,79,40,10,Source+Target,arc labels,,0.5303482978221559,0.20797720797720798,0.9240506329113924
Left,contig,Ang,RTT,HTL,0,0.05,1,401,79,40,10,COT,arc labels,,0.5,0.1970074812967581,1.0
Left,contig,Ang,RTT,HTL,0,0.05,1,401,79,40,10,none-Ang-HS4,arc labels,,0.6712202217155436,0.39814814814814814,0.5443037974683544
Left,contig,Ang,RTT,HTL,0,0.05,1,401,79,40,10,none-Ang-HSsrc,nothing,,0.7116911706895196,0.37254901960784315,0.7215189873417721
Left,contig,Ang,RTT,HTL,0,0.05,1,401,79,40,10,none-Ang-PCA,arc segments,16.0,0.6873378410252378,0.3902439024390244,0.6075949367088608
Left,contig,Ang,RTT,HTL,0,0.05,1,401,79,40,10,QOTu-Ang-HS4,arc labels,,0.6549453573394135,0.2863636363636364,0.7974683544303798
Left,contig,Ang,RTT,HTL,0,0.05,1,401,79,40,10,QOTu-Ang-HSsrc,arc segments,,0.6807532038682287,0.3258426966292135,0.7341772151898734
Left,contig,Ang,RTT,HTL,0,0.05,1,401,79,40,10,QOTu-Ang-PCA,arc segments,16.0,0.6544736221401053,0.295,0.7468354430379747
Left,contig,Ang,RTT,HTL,0,0.05,1,401,79,40,10,QOTc-Ang-HS4,arc labels,,0.5827109049453574,0.2606060606060606,0.5443037974683544
Left,contig,Ang,RTT,HTL,0,0.05,1,401,79,40,10,QOTc-Ang-HSsrc,arc labels,,0.6371570091988363,0.2835820895522388,0.7215189873417721
Left,contig,Ang,RTT,HTL,0,0.05,1,401,79,40,10,QOTc-Ang-PCA,arc labels,64.0,0.44478732604764526,0.14393939393939395,0.24050632911392406
Left,contig,Ang,RTT,HTL,0,0.05,1,401,79,40,10,SDM-Ang-HS4,arc labels,,0.47059517257646044,0.15555555555555556,0.17721518987341772
Left,contig,Ang,RTT,HTL,0,0.05,1,401,79,40,10,SDM-Ang-HSsrc,arc labels,,0.5044814843934271,0.2,0.4810126582278481
Left,contig,Ang,RTT,HTL,0,0.05,1,401,79,40,10,SDM-Ang-PCA,arc labels,64.0,0.4468118562780093,0.152317880794702,0.2911392405063291
Left,contig,Ang,RTT,HTL,0,0.1,1,401,79,80,24,NoAdapt,nothing,,0.6726157716801635,0.2905982905982906,0.8607594936708861
Left,contig,Ang,RTT,HTL,0,0.1,1,401,79,80,24,TargetOnly,arc labels,,0.5220339649343502,0.21105527638190955,0.5316455696202531
Left,contig,Ang,RTT,HTL,0,0.1,1,401,79,80,24,Source+Target,arc labels,,0.509808161018948,0.20057306590257878,0.8860759493670886
Left,contig,Ang,RTT,HTL,0,0.1,1,401,79,80,24,COT,arc labels,,0.5061522132243101,0.20103092783505155,0.4936708860759494
Left,contig,Ang,RTT,HTL,0,0.1,1,401,79,80,24,none-Ang-HS4,arc labels,,0.64376130198915,0.425,0.43037974683544306
Left,contig,Ang,RTT,HTL,0,0.1,1,401,79,80,24,none-Ang-HSsrc,nothing,,0.7116911706895196,0.37254901960784315,0.7215189873417721
Left,contig,Ang,RTT,HTL,0,0.1,1,401,79,80,24,none-Ang-PCA,arc segments,16.0,0.6619034515292083,0.37719298245614036,0.5443037974683544
Left,contig,Ang,RTT,HTL,0,0.1,1,401,79,80,24,QOTu-Ang-HS4,arc labels,,0.6812249390675367,0.31313131313131315,0.7848101265822784
Left,contig,Ang,RTT,HTL,0,0.1,1,401,79,80,24,QOTu-Ang-HSsrc,arc segments,,0.6593678748329271,0.2946859903381642,0.7721518987341772
Left,contig,Ang,RTT,HTL,0,0.1,1,401,79,80,24,QOTu-Ang-PCA,arc segments,16.0,0.6676035851875148,0.2927927927927928,0.8227848101265823
Left,contig,Ang,RTT,HTL,0,0.1,1,401,79,80,24,QOTc-Ang-HS4,arc labels,,0.5322942055193018,0.2145922746781116,0.6329113924050633
Left,contig,Ang,RTT,HTL,0,0.1,1,401,79,80,24,QOTc-Ang-HSsrc,arc labels,,0.602857929082475,0.24295774647887325,0.8734177215189873
Left,contig,Ang,RTT,HTL,0,0.1,1,401,79,80,24,QOTc-Ang-PCA,arc labels,64.0,0.48514034122179417,0.18604651162790697,0.4050632911392405
Left,contig,Ang,RTT,HTL,0,0.1,1,401,79,80,24,SDM-Ang-HS4,arc labels,,0.4974054564038053,0.1958762886597938,0.7215189873417721
Left,contig,Ang,RTT,HTL,0,0.1,1,401,79,80,24,SDM-Ang-HSsrc,arc labels,,0.544480698168095,0.22325581395348837,0.6075949367088608
Left,contig,Ang,RTT,HTL,0,0.1,1,401,79,80,24,SDM-Ang-PCA,arc labels,32.0,0.5042456167937731,0.2,0.45569620253164556
Left,contig,Ang,RTT,HTL,0,0.2,1,401,79,161,54,NoAdapt,nothing,,0.6726157716801635,0.2905982905982906,0.8607594936708861
Left,contig,Ang,RTT,HTL,0,0.2,1,401,79,161,54,TargetOnly,arc labels,,0.5843816337762402,0.2603550295857988,0.5569620253164557
Left,contig,Ang,RTT,HTL,0,0.2,1,401,79,161,54,Source+Target,arc labels,,0.5035969808947244,0.19830028328611898,0.8860759493670886
Left,contig,Ang,RTT,HTL,0,0.2,1,401,79,161,54,COT,arc labels,,0.43173598553345394,0.16194331983805668,0.5063291139240507
Left,contig,Ang,RTT,HTL,0,0.2,1,401,79,161,54,none-Ang-HS4,arc labels,,0.6406557119270383,0.4146341463414634,0.43037974683544306
Left,contig,Ang,RTT,HTL,0,0.2,1,401,79,161,54,none-Ang-HSsrc,nothing,,0.7116911706895196,0.37254901960784315,0.7215189873417721
Left,contig,Ang,RTT,HTL,0,0.2,1,401,79,161,54,none-Ang-PCA,arc segments,16.0,0.6312210079408759,0.39759036144578314,0.4177215189873418
Left,contig,Ang,RTT,HTL,0,0.2,1,401,79,161,54,QOTu-Ang-HS4,arc labels,,0.6634365909269597,0.3128491620111732,0.7088607594936709
Left,contig,Ang,RTT,HTL,0,0.2,1,401,79,161,54,QOTu-Ang-HSsrc,arc segments,,0.6835049925308594,0.3416149068322981,0.6962025316455697
Left,contig,Ang,RTT,HTL,0,0.2,1,401,79,161,54,QOTu-Ang-PCA,arc segments,16.0,0.6481445082160547,0.2914572864321608,0.7341772151898734
Left,contig,Ang,RTT,HTL,0,0.2,1,401,79,161,54,QOTc-Ang-HS4,arc labels,,0.5824357260790942,0.23344947735191637,0.8481012658227848
Left,contig,Ang,RTT,HTL,0,0.2,1,401,79,161,54,QOTc-Ang-HSsrc,arc labels,,0.5673795109678434,0.22397476340694006,0.8987341772151899
Left,contig,Ang,RTT,HTL,0,0.2,1,401,79,161,54,QOTc-Ang-PCA,arc labels,64.0,0.5251592106297664,0.22137404580152673,0.3670886075949367
Left,contig,Ang,RTT,HTL,0,0.2,1,401,79,161,54,SDM-Ang-HS4,arc labels,,0.536618444846293,0.22818791946308725,0.43037974683544306
Left,contig,Ang,RTT,HTL,0,0.2,1,401,79,161,54,SDM-Ang-HSsrc,arc labels,,0.6311816966742668,0.2744186046511628,0.7468354430379747
Left,contig,Ang,RTT,HTL,0,0.2,1,401,79,161,54,SDM-Ang-PCA,arc labels,64.0,0.5479400896296879,0.2236842105263158,0.6455696202531646
Left,contig,Ang,RTT,HTL,0,0.3,1,401,79,241,63,NoAdapt,nothing,,0.6726157716801635,0.2905982905982906,0.8607594936708861
Left,contig,Ang,RTT,HTL,0,0.3,1,401,79,241,63,TargetOnly,arc labels,,0.5504560106926646,0.22885572139303484,0.5822784810126582
Left,contig,Ang,RTT,HTL,0,0.3,1,401,79,241,63,Source+Target,arc labels,,0.4972678669706738,0.19602272727272727,0.8734177215189873
Left,contig,Ang,RTT,HTL,0,0.3,1,401,79,241,63,COT,arc labels,,0.4857300102209293,0.18781725888324874,0.46835443037974683
Left,contig,Ang,RTT,HTL,0,0.3,1,401,79,241,63,none-Ang-HS4,arc labels,,0.6468668920512619,0.4358974358974359,0.43037974683544306
Left,contig,Ang,RTT,HTL,0,0.3,1,401,79,241,63,none-Ang-HSsrc,nothing,,0.7116911706895196,0.37254901960784315,0.7215189873417721
Left,contig,Ang,RTT,HTL,0,0.3,1,401,79,241,63,none-Ang-PCA,arc segments,16.0,0.6551026024058495,0.40860215053763443,0.4810126582278481
Left,contig,Ang,RTT,HTL,0,0.3,1,401,79,241,63,QOTu-Ang-HS4,arc labels,,0.670492963283277,0.3472222222222222,0.6329113924050633
Left,contig,Ang,RTT,HTL,0,0.3,1,401,79,241,63,QOTu-Ang-HSsrc,arc segments,,0.6466113688183033,0.3358208955223881,0.569620253164557
Left,contig,Ang,RTT,HTL,0,0.3,1,401,79,241,63,QOTu-Ang-PCA,arc segments,16.0,0.6628469219278246,0.33116883116883117,0.6455696202531646
Left,contig,Ang,RTT,HTL,0,0.3,1,401,79,241,63,QOTc-Ang-HS4,arc labels,,0.5967843383913829,0.2511013215859031,0.7215189873417721
Left,contig,Ang,RTT,HTL,0,0.3,1,401,79,241,63,QOTc-Ang-HSsrc,arc labels,,0.5186531960059753,0.2043343653250774,0.8354430379746836
Left,contig,Ang,RTT,HTL,0,0.3,1,401,79,241,63,QOTc-Ang-PCA,arc labels,64.0,0.5200094347039861,0.2111111111111111,0.4810126582278481
Left,contig,Ang,RTT,HTL,0,0.3,1,401,79,241,63,SDM-Ang-HS4,arc labels,,0.5065256702570957,0.20279720279720279,0.3670886075949367
Left,contig,Ang,RTT,HTL,0,0.3,1,401,79,241,63,SDM-Ang-HSsrc,arc labels,,0.3925623083575753,0.14396887159533073,0.46835443037974683
Left,contig,Ang,RTT,HTL,0,0.3,1,401,79,241,63,SDM-Ang-PCA,arc labels,64.0,0.5302696752889378,0.21495327102803738,0.5822784810126582
Left,contig,Ang,RTT,HTL,0,0.5,1,401,79,391,88,NoAdapt,nothing,,0.6726157716801635,0.2905982905982906,0.8607594936708861
Left,contig,Ang,RTT,HTL,0,0.5,1,401,79,391,88,TargetOnly,arc labels,,0.5411392405063291,0.2222222222222222,0.5822784810126582
Left,contig,Ang,RTT,HTL,0,0.5,1,401,79,391,88,Source+Target,arc labels,,0.5082553659878921,0.2,0.8860759493670886
Left,contig,Ang,RTT,HTL,0,0.5,1,401,79,391,88,COT,arc labels,,0.4762953062347669,0.18181818181818182,0.45569620253164556
Left,contig,Ang,RTT,HTL,0,0.5,1,401,79,391,88,none-Ang-HS4,arc labels,,0.6119977985690699,0.4,0.35443037974683544
Left,contig,Ang,RTT,HTL,0,0.5,1,401,79,391,88,none-Ang-HSsrc,nothing,,0.7116911706895196,0.37254901960784315,0.7215189873417721
Left,contig,Ang,RTT,HTL,0,0.5,1,401,79,391,88,none-Ang-PCA,arc segments,16.0,0.6456678984196871,0.39361702127659576,0.46835443037974683
Left,contig,Ang,RTT,HTL,0,0.5,1,401,79,391,88,QOTu-Ang-HS4,arc labels,,0.6331276043714129,0.3711340206185567,0.45569620253164556
Left,contig,Ang,RTT,HTL,0,0.5,1,401,79,391,88,QOTu-Ang-HSsrc,arc segments,,0.6796917996697853,0.3684210526315789,0.620253164556962
Left,contig,Ang,RTT,HTL,0,0.5,1,401,79,391,88,QOTu-Ang-PCA,arc segments,16.0,0.67037502948345,0.35251798561151076,0.620253164556962
Left,contig,Ang,RTT,HTL,0,0.5,1,401,79,391,88,QOTc-Ang-HS4,arc labels,,0.5458959037660194,0.21818181818181817,0.759493670886076
Left,contig,Ang,RTT,HTL,0,0.5,1,401,79,391,88,QOTc-Ang-HSsrc,arc labels,,0.5203239248368582,0.20489296636085627,0.8481012658227848
Left,contig,Ang,RTT,HTL,0,0.5,1,401,79,391,88,QOTc-Ang-PCA,arc labels,64.0,0.5406871609403255,0.2396694214876033,0.3670886075949367
Left,contig,Ang,RTT,HTL,0,0.5,1,401,79,391,88,SDM-Ang-HS4,arc labels,,0.46041355452472676,0.17098445595854922,0.4177215189873418
Left,contig,Ang,RTT,HTL,0,0.5,1,401,79,391,88,SDM-Ang-HSsrc,arc labels,,0.44712634641088134,0.174496644295302,0.6582278481012658
Left,contig,Ang,RTT,HTL,0,0.5,1,401,79,391,88,SDM-Ang-PCA,arc labels,32.0,0.49015252771444295,0.19021739130434784,0.4430379746835443
Left,contig,Ang,RTT,HTL,1,0.05,1,401,69,40,21,NoAdapt,nothing,,0.6712283918281823,0.2553191489361702,0.8695652173913043
Left,contig,Ang,RTT,HTL,1,0.05,1,401,69,40,21,TargetOnly,arc labels,,0.4589226471101799,0.14736842105263157,0.4057971014492754
Left,contig,Ang,RTT,HTL,1,0.05,1,401,69,40,21,Source+Target,arc labels,,0.5089488388335952,0.17486338797814208,0.927536231884058
Left,contig,Ang,RTT,HTL,1,0.05,1,401,69,40,21,COT,arc labels,,0.5,0.17206982543640897,1.0
Left,contig,Ang,RTT,HTL,1,0.05,1,401,69,40,21,none-Ang-HS4,arc labels,,0.6176226645713287,0.3561643835616438,0.37681159420289856
Left,contig,Ang,RTT,HTL,1,0.05,1,401,69,40,21,none-Ang-HSsrc,nothing,,0.713506198707875,0.34265734265734266,0.7101449275362319
Left,contig,Ang,RTT,HTL,1,0.05,1,401,69,40,21,none-Ang-PCA,arc segments,32.0,0.5912781561026715,0.4090909090909091,0.2608695652173913
Left,contig,Ang,RTT,HTL,1,0.05,1,401,69,40,21,QOTu-Ang-HS4,arc labels,,0.68094115592806,0.30718954248366015,0.6811594202898551
Left,contig,Ang,RTT,HTL,1,0.05,1,401,69,40,21,QOTu-Ang-HSsrc,arc segments,,0.6884712764099878,0.31756756756756754,0.6811594202898551
Left,contig,Ang,RTT,HTL,1,0.05,1,401,69,40,21,QOTu-Ang-PCA,arc segments,16.0,0.6743495722018509,0.28994082840236685,0.7101449275362319
Left,contig,Ang,RTT,HTL,1,0.05,1,401,69,40,21,QOTc-Ang-HS4,arc labels,,0.5677056050288108,0.20512820512820512,0.6956521739130435
Left,contig,Ang,RTT,HTL,1,0.05,1,401,69,40,21,QOTc-Ang-HSsrc,arc labels,,0.5860398114195914,0.20388349514563106,0.9130434782608695
Left,contig,Ang,RTT,HTL,1,0.05,1,401,69,40,21,QOTc-Ang-PCA,arc labels,32.0,0.4693556836039811,0.15789473684210525,0.5652173913043478
Left,contig,Ang,RTT,HTL,1,0.05,1,401,69,40,21,SDM-Ang-HS4,arc labels,,0.5514230836389035,0.19665271966527198,0.6811594202898551
Left,contig,Ang,RTT,HTL,1,0.05,1,401,69,40,21,SDM-Ang-HSsrc,arc labels,,0.4830845119608871,0.16554054054054054,0.7101449275362319
Left,contig,Ang,RTT,HTL,1,0.05,1,401,69,40,21,SDM-Ang-PCA,arc labels,64.0,0.47160380653046974,0.16095890410958905,0.6811594202898551
Left,contig,Ang,RTT,HTL,1,0.1,1,401,69,80,34,NoAdapt,nothing,,0.6712283918281823,0.2553191489361702,0.8695652173913043
Left,contig,Ang,RTT,HTL,1,0.1,1,401,69,80,34,TargetOnly,arc labels,,0.42325825039287585,0.12138728323699421,0.30434782608695654
Left,contig,Ang,RTT,HTL,1,0.1,1,401,69,80,34,Source+Target,arc labels,,0.501702462022001,0.1726027397260274,0.9130434782608695
Left,contig,Ang,RTT,HTL,1,0.1,1,401,69,80,34,COT,arc labels,,0.4957656713811769,0.1708542713567839,0.9855072463768116
Left,contig,Ang,RTT,HTL,1,0.1,1,401,69,80,34,none-Ang-HS4,arc labels,,0.6206347127640999,0.36619718309859156,0.37681159420289856
Left,contig,Ang,RTT,HTL,1,0.1,1,401,69,80,34,none-Ang-HSsrc,nothing,,0.713506198707875,0.34265734265734266,0.7101449275362319
Left,contig,Ang,RTT,HTL,1,0.1,1,401,69,80,34,none-Ang-PCA,arc segments,32.0,0.5780076829055352,0.3617021276595745,0.2463768115942029
Left,contig,Ang,RTT,HTL,1,0.1,1,401,69,80,34,QOTu-Ang-HS4,arc labels,,0.6449057097957045,0.3185840707964602,0.5217391304347826
Left,contig,Ang,RTT,HTL,1,0.1,1,401,69,80,34,QOTu-Ang-HSsrc,arc segments,,0.6793478260869565,0.336,0.6086956521739131
Left,contig,Ang,RTT,HTL,1,0.1,1,401,69,80,34,QOTu-Ang-PCA,arc segments,16.0,0.6658809149642047,0.2883435582822086,0.6811594202898551
Left,contig,Ang,RTT,HTL,1,0.1,1,401,69,80,34,QOTc-Ang-HS4,arc labels,,0.533438100226995,0.18571428571428572,0.7536231884057971
Left,contig,Ang,RTT,HTL,1,0.1,1,401,69,80,34,QOTc-Ang-HSsrc,arc labels,,0.5501789767766719,0.18960244648318042,0.8985507246376812
Left,contig,Ang,RTT,HTL,1,0.1,1,401,69,80,34,QOTc-Ang-PCA,arc labels,64.0,0.3782739654269251,0.08928571428571429,0.21739130434782608
Left,contig,Ang,RTT,HTL,1,0.1,1,401,69,80,34,SDM-Ang-HS4,arc labels,,0.4481840405098656,0.14655172413793102,0.4927536231884058
Left,contig,Ang,RTT,HTL,1,0.1,1,401,69,80,34,SDM-Ang-HSsrc,arc labels,,0.2895058494848961,0.078125,0.2898550724637681
Left,contig,Ang,RTT,HTL,1,0.1,1,401,69,80,34,SDM-Ang-PCA,arc labels,64.0,0.5120918456434433,0.178743961352657,0.5362318840579711
Left,contig,Ang,RTT,HTL,1,0.2,1,401,69,161,55,NoAdapt,nothing,,0.6712283918281823,0.2553191489361702,0.8695652173913043
Left,contig,Ang,RTT,HTL,1,0.2,1,401,69,161,55,TargetOnly,arc labels,,0.6134538152610441,0.23958333333333334,0.6666666666666666
Left,contig,Ang,RTT,HTL,1,0.2,1,401,69,161,55,Source+Target,arc labels,,0.5077265584075432,0.1745152354570637,0.9130434782608695
Left,contig,Ang,RTT,HTL,1,0.2,1,401,69,161,55,COT,arc labels,,0.4891304347826087,0.1658291457286432,0.4782608695652174
Left,contig,Ang,RTT,HTL,1,0.2,1,401,69,161,55,none-Ang-HS4,arc labels,,0.6339051859612362,0.39705882352941174,0.391304347826087
Left,contig,Ang,RTT,HTL,1,0.2,1,401,69,161,55,none-Ang-HSsrc,nothing,,0.713506198707875,0.34265734265734266,0.7101449275362319
Left,contig,Ang,RTT,HTL,1,0.2,1,401,69,161,55,none-Ang-PCA,arc segments,32.0,0.5665269774751178,0.3488372093023256,0.21739130434782608
Left,contig,Ang,RTT,HTL,1,0.2,1,401,69,161,55,QOTu-Ang-HS4,arc labels,,0.6183647634014319,0.2857142857142857,0.4927536231884058
Left,contig,Ang,RTT,HTL,1,0.2,1,401,69,161,55,QOTu-Ang-HSsrc,arc segments,,0.6343635411210058,0.3,0.5217391304347826
Left,contig,Ang,RTT,HTL,1,0.2,1,401,69,161,55,QOTu-Ang-PCA,arc segments,16.0,0.6675833769862056,0.3228346456692913,0.5942028985507246
Left,contig,Ang,RTT,HTL,1,0.2,1,401,69,161,55,QOTc-Ang-HS4,arc labels,,0.6109001222280426,0.22357723577235772,0.7971014492753623
Left,contig,Ang,RTT,HTL,1,0.2,1,401,69,161,55,QOTc-Ang-HSsrc,arc labels,,0.6432687270822419,0.23247232472324722,0.9130434782608695
Left,contig,Ang,RTT,HTL,1,0.2,1,401,69,161,55,QOTc-Ang-PCA,arc labels,64.0,0.5384363541121006,0.1906779661016949,0.6521739130434783
Left,contig,Ang,RTT,HTL,1,0.2,1,401,69,161,55,SDM-Ang-HS4,arc labels,,0.5391129736336651,0.2,0.463768115942029
Left,contig,Ang,RTT,HTL,1,0.2,1,401,69,161,55,SDM-Ang-HSsrc,arc labels,,0.5291164658634537,0.18548387096774194,0.6666666666666666
Left,contig,Ang,RTT,HTL,1,0.2,1,401,69,161,55,SDM-Ang-PCA,arc labels,64.0,0.5289418543740179,0.18947368421052632,0.5217391304347826
Left,contig,Ang,RTT,HTL,1,0.3,1,401,69,241,73,NoAdapt,nothing,,0.6712283918281823,0.2553191489361702,0.8695652173913043
Left,contig,Ang,RTT,HTL,1,0.3,1,401,69,241,73,TargetOnly,arc labels,,0.5606556661428321,0.20707070707070707,0.5942028985507246
Left,contig,Ang,RTT,HTL,1,0.3,1,401,69,241,73,Source+Target,arc labels,,0.5312554566090448,0.18207282913165265,0.9420289855072463
Left,contig,Ang,RTT,HTL,1,0.3,1,401,69,241,73,COT,arc labels,,0.5003273965426925,0.1722488038277512,0.5217391304347826
Left,contig,Ang,RTT,HTL,1,0.3,1,401,69,241,73,none-Ang-HS4,arc labels,,0.5852540597171294,0.375,0.2608695652173913
Left,contig,Ang,RTT,HTL,1,0.3,1,401,69,241,73,none-Ang-HSsrc,nothing,,0.713506198707875,0.34265734265734266,0.7101449275362319
Left,contig,Ang,RTT,HTL,1,0.3,1,401,69,241,73,none-Ang-PCA,arc segments,16.0,0.621856993190152,0.35526315789473684,0.391304347826087
Left,contig,Ang,RTT,HTL,1,0.3,1,401,69,241,73,QOTu-Ang-HS4,arc labels,,0.6324864676095687,0.32653061224489793,0.463768115942029
Left,contig,Ang,RTT,HTL,1,0.3,1,401,69,241,73,QOTu-Ang-HSsrc,arc segments,,0.6271171643094116,0.29411764705882354,0.5072463768115942
Left,contig,Ang,RTT,HTL,1,0.3,1,401,69,241,73,QOTu-Ang-PCA,arc segments,16.0,0.6618430242709971,0.32,0.5797101449275363
Left,contig,Ang,RTT,HTL,1,0.3,1,401,69,241,73,QOTc-Ang-HS4,arc labels,,0.5686441417845294,0.20408163265306123,0.7246376811594203
Left,contig,Ang,RTT,HTL,1,0.3,1,401,69,241,73,QOTc-Ang-HSsrc,arc labels,,0.5649554740701938,0.19504643962848298,0.9130434782608695
Left,contig,Ang,RTT,HTL,1,0.3,1,401,69,241,73,QOTc-Ang-PCA,arc labels,64.0,0.5529509341714685,0.21379310344827587,0.4492753623188406
Left,contig,Ang,RTT,HTL,1,0.3,1,401,69,241,73,SDM-Ang-HS4,arc labels,,0.49242622664571334,0.16753926701570682,0.463768115942029
Left,contig,Ang,RTT,HTL,1,0.3,1,401,69,241,73,SDM-Ang-HSsrc,arc labels,,0.4396062510913218,0.1482758620689655,0.6231884057971014
Left,contig,Ang,RTT,HTL,1,0.3,1,401,69,241,73,SDM-Ang-PCA,arc labels,64.0,0.5657412257726558,0.21311475409836064,0.5652173913043478
Left,contig,Ang,RTT,HTL,1,0.5,1,401,69,380,94,NoAdapt,nothing,,0.6712283918281823,0.2553191489361702,0.8695652173913043
Left,contig,Ang,RTT,HTL,1,0.5,1,401,69,380,94,TargetOnly,arc labels,,0.5473851929456959,0.19900497512437812,0.5797101449275363
Left,contig,Ang,RTT,HTL,1,0.5,1,401,69,380,94,Source+Target,arc labels,,0.5433036493801292,0.18624641833810887,0.9420289855072463
Left,contig,Ang,RTT,HTL,1,0.5,1,401,69,380,94,COT,arc labels,,0.5263008555962982,0.18604651162790697,0.5797101449275363
Left,contig,Ang,RTT,HTL,1,0.5,1,401,69,380,94,none-Ang-HS4,arc labels,,0.6169678714859438,0.4107142857142857,0.3333333333333333
Left,contig,Ang,RTT,HTL,1,0.5,1,401,69,380,94,none-Ang-HSsrc,nothing,,0.713506198707875,0.34265734265734266,0.7101449275362319
Left,contig,Ang,RTT,HTL,1,0.5,1,401,69,380,94,none-Ang-PCA,arc segments,16.0,0.6285358826610791,0.33707865168539325,0.43478260869565216
Left,contig,Ang,RTT,HTL,1,0.5,1,401,69,380,94,QOTu-Ang-HS4,arc labels,,0.643312379954601,0.36470588235294116,0.4492753623188406
Left,contig,Ang,RTT,HTL,1,0.5,1,401,69,380,94,QOTu-Ang-HSsrc,arc segments,,0.6086738257377335,0.28703703703703703,0.4492753623188406
Left,contig,Ang,RTT,HTL,1,0.5,1,401,69,380,94,QOTu-Ang-PCA,arc segments,16.0,0.6603370001746115,0.31746031746031744,0.5797101449275363
Left,contig,Ang,RTT,HTL,1,0.5,1,401,69,380,94,QOTc-Ang-HS4,arc labels,,0.5297712589488388,0.18490566037735848,0.7101449275362319
Left,contig,Ang,RTT,HTL,1,0.5,1,401,69,380,94,QOTc-Ang-HSsrc,arc labels,,0.5453771608171818,0.1875,0.9130434782608695
Left,contig,Ang,RTT,HTL,1,0.5,1,401,69,380,94,QOTc-Ang-PCA,arc labels,64.0,0.5123755893137769,0.1791044776119403,0.5217391304347826
Left,contig,Ang,RTT,HTL,1,0.5,1,401,69,380,94,SDM-Ang-HS4,arc labels,,0.5352496944298935,0.19444444444444445,0.5072463768115942
Left,contig,Ang,RTT,HTL,1,0.5,1,401,69,380,94,SDM-Ang-HSsrc,arc labels,,0.45202549327745767,0.1540983606557377,0.6811594202898551
Left,contig,Ang,RTT,HTL,1,0.5,1,401,69,380,94,SDM-Ang-PCA,arc labels,64.0,0.5442858390082068,0.20114942528735633,0.5072463768115942
Left,contig,Ang,RTT,HTL,2,0.05,1,401,68,40,20,NoAdapt,nothing,,0.6546988164635223,0.24267782426778242,0.8529411764705882
Left,contig,Ang,RTT,HTL,2,0.05,1,401,68,40,20,TargetOnly,arc labels,,0.45544073485249953,0.14207650273224043,0.38235294117647056
Left,contig,Ang,RTT,HTL,2,0.05,1,401,68,40,20,Source+Target,arc labels,,0.5261437908496732,0.17777777777777778,0.9411764705882353
Left,contig,Ang,RTT,HTL,2,0.05,1,401,68,40,20,COT,arc labels,,0.5,0.16957605985037408,1.0
Left,contig,Ang,RTT,HTL,2,0.05,1,401,68,40,20,none-Ang-HS4,arc labels,,0.6331920155449567,0.32,0.47058823529411764
Left,contig,Ang,RTT,HTL,2,0.05,1,401,68,40,20,none-Ang-HSsrc,nothing,,0.6876214449743862,0.29878048780487804,0.7205882352941176
Left,contig,Ang,RTT,HTL,2,0.05,1,401,68,40,20,none-Ang-PCA,arc segments,16.0,0.6429296944002827,0.3008130081300813,0.5441176470588235
Left,contig,Ang,RTT,HTL,2,0.05,1,401,68,40,20,QOTu-Ang-HS4,arc labels,,0.5735514926691396,0.2154696132596685,0.5735294117647058
Left,contig,Ang,RTT,HTL,2,0.05,1,401,68,40,20,QOTu-Ang-HSsrc,arc segments,,0.5855635046811517,0.2254335260115607,0.5735294117647058
Left,contig,Ang,RTT,HTL,2,0.05,1,401,68,40,20,QOTu-Ang-PCA,arc segments,32.0,0.5275128069245716,0.1925925925925926,0.38235294117647056
Left,contig,Ang,RTT,HTL,2,0.05,1,401,68,40,20,QOTc-Ang-HS4,arc labels,,0.4580462815756934,0.15434083601286175,0.7058823529411765
Left,contig,Ang,RTT,HTL,2,0.05,1,401,68,40,20,QOTc-Ang-HSsrc,arc labels,,0.5605679208620385,0.1936619718309859,0.8088235294117647
Left,contig,Ang,RTT,HTL,2,0.05,1,401,68,40,20,QOTc-Ang-PCA,arc labels,64.0,0.5465686274509803,0.20714285714285716,0.4264705882352941
Left,contig,Ang,RTT,HTL,2,0.05,1,401,68,40,20,SDM-Ang-HS4,arc labels,,0.49814520402755696,0.16666666666666666,0.17647058823529413
Left,contig,Ang,RTT,HTL,2,0.05,1,401,68,40,20,SDM-Ang-HSsrc,arc labels,,0.46486928104575165,0.15137614678899083,0.4852941176470588
Left,contig,Ang,RTT,HTL,2,0.05,1,401,68,40,20,SDM-Ang-PCA,arc labels,32.0,0.4698374845433669,0.15228426395939088,0.4411764705882353
Left,contig,Ang,RTT,HTL,2,0.1,1,401,68,80,37,NoAdapt,nothing,,0.6546988164635223,0.24267782426778242,0.8529411764705882
Left,contig,Ang,RTT,HTL,2,0.1,1,401,68,80,37,TargetOnly,arc labels,,0.4534755343578873,0.14356435643564355,0.4264705882352941
Left,contig,Ang,RTT,HTL,2,0.1,1,401,68,80,37,Source+Target,arc labels,,0.505431902490726,0.1712707182320442,0.9117647058823529
Left,contig,Ang,RTT,HTL,2,0.1,1,401,68,80,37,COT,arc labels,,0.5,0.16957605985037408,1.0
Left,contig,Ang,RTT,HTL,2,0.1,1,401,68,80,37,none-Ang-HS4,arc labels,,0.6219528351881293,0.34615384615384615,0.39705882352941174
Left,contig,Ang,RTT,HTL,2,0.1,1,401,68,80,37,none-Ang-HSsrc,nothing,,0.6876214449743862,0.29878048780487804,0.7205882352941176
Left,contig,Ang,RTT,HTL,2,0.1,1,401,68,80,37,none-Ang-PCA,arc segments,16.0,0.6370782547253135,0.2975206611570248,0.5294117647058824
Left,contig,Ang,RTT,HTL,2,0.1,1,401,68,80,37,QOTu-Ang-HS4,arc labels,,0.6405007949125596,0.26875,0.6323529411764706
Left,contig,Ang,RTT,HTL,2,0.1,1,401,68,80,37,QOTu-Ang-HSsrc,arc segments,,0.6401916622504857,0.2616279069767442,0.6617647058823529
Left,contig,Ang,RTT,HTL,2,0.1,1,401,68,80,37,QOTu-Ang-PCA,arc segments,16.0,0.6197889065536124,0.25308641975308643,0.6029411764705882
Left,contig,Ang,RTT,HTL,2,0.1,1,401,68,80,37,QOTc-Ang-HS4,arc labels,,0.4997791909556616,0.1694915254237288,0.7352941176470589
Left,contig,Ang,RTT,HTL,2,0.1,1,401,68,80,37,QOTc-Ang-HSsrc,arc labels,,0.5242227521639287,0.178125,0.8382352941176471
Left,contig,Ang,RTT,HTL,2,0.1,1,401,68,80,37,QOTc-Ang-PCA,arc labels,64.0,0.4679164458576223,0.1464968152866242,0.3382352941176471
Left,contig,Ang,RTT,HTL,2,0.1,1,401,68,80,37,SDM-Ang-HS4,arc labels,,0.47889065536124364,0.15151515151515152,0.29411764705882354
Left,contig,Ang,RTT,HTL,2,0.1,1,401,68,80,37,SDM-Ang-HSsrc,arc labels,,0.44099982335276455,0.14035087719298245,0.47058823529411764
Left,contig,Ang,RTT,HTL,2,0.1,1,401,68,80,37,SDM-Ang-PCA,arc labels,32.0,0.38425189895778133,0.11811023622047244,0.4411764705882353
Left,contig,Ang,RTT,HTL,2,0.2,1,401,68,161,56,NoAdapt,nothing,,0.6546988164635223,0.24267782426778242,0.8529411764705882
Left,contig,Ang,RTT,HTL,2,0.2,1,401,68,161,56,TargetOnly,arc labels,,0.47418742271683445,0.155,0.45588235294117646
Left,contig,Ang,RTT,HTL,2,0.2,1,401,68,161,56,Source+Target,arc labels,,0.5156332803391627,0.17438692098092642,0.9411764705882353
Left,contig,Ang,RTT,HTL,2,0.2,1,401,68,161,56,COT,arc labels,,0.49264705882352944,0.1675,0.9852941176470589
Left,contig,Ang,RTT,HTL,2,0.2,1,401,68,161,56,none-Ang-HS4,arc labels,,0.6100953895071541,0.325,0.38235294117647056
Left,contig,Ang,RTT,HTL,2,0.2,1,401,68,161,56,none-Ang-HSsrc,nothing,,0.6876214449743862,0.29878048780487804,0.7205882352941176
Left,contig,Ang,RTT,HTL,2,0.2,1,401,68,161,56,none-Ang-PCA,arc segments,16.0,0.6022787493375729,0.28865979381443296,0.4117647058823529
Left,contig,Ang,RTT,HTL,2,0.2,1,401,68,161,56,QOTu-Ang-HS4,arc labels,,0.6208708708708709,0.2833333333333333,0.5
Left,contig,Ang,RTT,HTL,2,0.2,1,401,68,161,56,QOTu-Ang-HSsrc,arc segments,,0.6403462285815227,0.26506024096385544,0.6470588235294118
Left,contig,Ang,RTT,HTL,2,0.2,1,401,68,161,56,QOTu-Ang-PCA,arc segments,16.0,0.614555732202791,0.2647058823529412,0.5294117647058824
Left,contig,Ang,RTT,HTL,2,0.2,1,401,68,161,56,QOTc-Ang-HS4,arc labels,,0.49092474827768945,0.16610169491525423,0.7205882352941176
Left,contig,Ang,RTT,HTL,2,0.2,1,401,68,161,56,QOTc-Ang-HSsrc,arc labels,,0.5653373962197492,0.19207317073170732,0.9264705882352942
Left,contig,Ang,RTT,HTL,2,0.2,1,401,68,161,56,QOTc-Ang-PCA,arc labels,64.0,0.4903506447624094,0.16538461538461538,0.6323529411764706
Left,contig,Ang,RTT,HTL,2,0.2,1,401,68,161,56,SDM-Ang-HS4,arc labels,,0.4567435082140964,0.14979757085020243,0.5441176470588235
Left,contig,Ang,RTT,HTL,2,0.2,1,401,68,161,56,SDM-Ang-HSsrc,arc labels,,0.4346846846846847,0.13934426229508196,0.5
Left,contig,Ang,RTT,HTL,2,0.2,1,401,68,161,56,SDM-Ang-PCA,arc labels,64.0,0.5561517399752693,0.20710059171597633,0.5147058823529411
Left,contig,Ang,RTT,HTL,2,0.3,1,401,68,241,62,NoAdapt,nothing,,0.6546988164635223,0.24267782426778242,0.8529411764705882
Left,contig,Ang,RTT,HTL,2,0.3,1,401,68,241,62,TargetOnly,arc labels,,0.46787228404875464,0.1527777777777778,0.4852941176470588
Left,contig,Ang,RTT,HTL,2,0.3,1,401,68,241,62,Source+Target,arc labels,,0.5276452923511747,0.17827298050139276,0.9411764705882353
Left,contig,Ang,RTT,HTL,2,0.3,1,401,68,241,62,COT,arc labels,,0.5028263557675322,0.17094017094017094,0.5882352941176471
Left,contig,Ang,RTT,HTL,2,0.3,1,401,68,241,62,none-Ang-HS4,arc labels,,0.598547076488253,0.32857142857142857,0.3382352941176471
Left,contig,Ang,RTT,HTL,2,0.3,1,401,68,241,62,none-Ang-HSsrc,nothing,,0.6876214449743862,0.29878048780487804,0.7205882352941176
Left,contig,Ang,RTT,HTL,2,0.3,1,401,68,241,62,none-Ang-PCA,arc segments,16.0,0.6057454513336866,0.3246753246753247,0.36764705882352944
Left,contig,Ang,RTT,HTL,2,0.3,1,401,68,241,62,QOTu-Ang-HS4,arc labels,,0.6258390743684862,0.31313131313131315,0.45588235294117646
Left,contig,Ang,RTT,HTL,2,0.3,1,401,68,241,62,QOTu-Ang-HSsrc,arc segments,,0.6583642465995407,0.2857142857142857,0.6470588235294118
Left,contig,Ang,RTT,HTL,2,0.3,1,401,68,241,62,QOTu-Ang-PCA,arc segments,16.0,0.6250662427133016,0.27906976744186046,0.5294117647058824
Left,contig,Ang,RTT,HTL,2,0.3,1,401,68,241,62,QOTc-Ang-HS4,arc labels,,0.5248410174880763,0.17905405405405406,0.7794117647058824
Left,contig,Ang,RTT,HTL,2,0.3,1,401,68,241,62,QOTc-Ang-HSsrc,arc labels,,0.5638358947182477,0.19148936170212766,0.9264705882352942
Left,contig,Ang,RTT,HTL,2,0.3,1,401,68,241,62,QOTc-Ang-PCA,arc labels,64.0,0.4849629040805511,0.1625,0.5735294117647058
Left,contig,Ang,RTT,HTL,2,0.3,1,401,68,241,62,SDM-Ang-HS4,arc labels,,0.44415739268680443,0.1409090909090909,0.45588235294117646
Left,contig,Ang,RTT,HTL,2,0.3,1,401,68,241,62,SDM-Ang-HSsrc,arc labels,,0.4330286168521462,0.1394422310756972,0.5147058823529411
Left,contig,Ang,RTT,HTL,2,0.3,1,401,68,241,62,SDM-Ang-PCA,arc labels,64.0,0.3996202084437379,0.10404624277456648,0.2647058823529412
Left,contig,Ang,RTT,HTL,2,0.5,1,401,68,380,99,NoAdapt,nothing,,0.6546988164635223,0.24267782426778242,0.8529411764705882
Left,contig,Ang,RTT,HTL,2,0.5,1,401,68,380,99,TargetOnly,arc labels,,0.5283518812930578,0.18433179723502305,0.5882352941176471
Left,contig,Ang,RTT,HTL,2,0.5,1,401,68,380,99,Source+Target,arc labels,,0.5486663133721957,0.1855072463768116,0.9411764705882353
Left,contig,Ang,RTT,HTL,2,0.5,1,401,68,380,99,COT,arc labels,,0.4864644055820526,0.16317991631799164,0.5735294117647058
Left,contig,Ang,RTT,HTL,2,0.5,1,401,68,380,99,none-Ang-HS4,arc labels,,0.6134075251722311,0.36363636363636365,0.35294117647058826
Left,contig,Ang,RTT,HTL,2,0.5,1,401,68,380,99,none-Ang-HSsrc,nothing,,0.6876214449743862,0.29878048780487804,0.7205882352941176
Left,contig,Ang,RTT,HTL,2,0.5,1,401,68,380,99,none-Ang-PCA,arc segments,16.0,0.6037802508390744,0.2916666666666667,0.4117647058823529
Left,contig,Ang,RTT,HTL,2,0.5,1,401,68,380,99,QOTu-Ang-HS4,arc labels,,0.6186406995230525,0.31521739130434784,0.4264705882352941
Left,contig,Ang,RTT,HTL,2,0.5,1,401,68,380,99,QOTu-Ang-HSsrc,arc segments,,0.6493552375905317,0.275,0.6470588235294118
Left,contig,Ang,RTT,HTL,2,0.5,1,401,68,380,99,QOTu-Ang-PCA,arc segments,16.0,0.6190602367072955,0.2706766917293233,0.5294117647058824
Left,contig,Ang,RTT,HTL,2,0.5,1,401,68,380,99,QOTc-Ang-HS4,arc labels,,0.5349319908143437,0.18548387096774194,0.6764705882352942
Left,contig,Ang,RTT,HTL,2,0.5,1,401,68,380,99,QOTc-Ang-HSsrc,arc labels,,0.6452261084614026,0.23193916349809887,0.8970588235294118
Left,contig,Ang,RTT,HTL,2,0.5,1,401,68,380,99,QOTc-Ang-PCA,arc labels,64.0,0.4699478890655361,0.156,0.5735294117647058
Left,contig,Ang,RTT,HTL,2,0.5,1,401,68,380,99,SDM-Ang-HS4,arc labels,,0.5073750220809043,0.1744186046511628,0.4411764705882353
Left,contig,Ang,RTT,HTL,2,0.5,1,401,68,380,99,SDM-Ang-HSsrc,arc labels,,0.6379173290937997,0.24630541871921183,0.7352941176470589
Left,contig,Ang,RTT,HTL,2,0.5,1,401,68,380,99,SDM-Ang-PCA,arc labels,64.0,0.4609830418653948,0.14720812182741116,0.4264705882352941
Left,contig,Ang,RTT,HTL,3,0.05,1,401,79,40,4,NoAdapt,nothing,,0.6649697303247111,0.2827868852459016,0.8734177215189873
Left,contig,Ang,RTT,HTL,3,0.05,1,401,79,40,4,TargetOnly,arc labels,,0.5111643997169588,0.20388349514563106,0.5316455696202531
Left,contig,Ang,RTT,HTL,3,0.05,1,401,79,40,4,Source+Target,arc labels,,0.6359383599339571,0.2579505300353357,0.9240506329113924
Left,contig,Ang,RTT,HTL,3,0.05,1,401,79,40,4,COT,arc labels,,0.5302500196556332,0.21071428571428572,0.7468354430379747
Left,contig,Ang,RTT,HTL,3,0.05,1,401,79,40,4,none-Ang-HS4,arc labels,,0.575693843855649,0.3382352941176471,0.2911392405063291
Left,contig,Ang,RTT,HTL,3,0.05,1,401,79,40,4,none-Ang-HSsrc,nothing,,0.6777655476059439,0.31891891891891894,0.7468354430379747
Left,contig,Ang,RTT,HTL,3,0.05,1,401,79,40,4,none-Ang-PCA,arc segments,16.0,0.6513876877112981,0.3382352941176471,0.5822784810126582
Left,contig,Ang,RTT,HTL,3,0.05,1,401,79,40,4,QOTu-Ang-HS4,arc labels,,0.5975115968236497,0.2617801047120419,0.6329113924050633
Left,contig,Ang,RTT,HTL,3,0.05,1,401,79,40,4,QOTu-Ang-HSsrc,arc segments,,0.630100636842519,0.2669491525423729,0.7974683544303798
Left,contig,Ang,RTT,HTL,3,0.05,1,401,79,40,4,QOTu-Ang-PCA,arc segments,16.0,0.6272505700133658,0.2857142857142857,0.6582278481012658
Left,contig,Ang,RTT,HTL,3,0.05,1,401,79,40,4,QOTc-Ang-HS4,arc labels,,0.5822391697460493,0.2689655172413793,0.4936708860759494
Left,contig,Ang,RTT,HTL,3,0.05,1,401,79,40,4,QOTc-Ang-HSsrc,arc labels,,0.5101029955185157,0.20496894409937888,0.4177215189873418
Left,contig,Ang,RTT,HTL,3,0.05,1,401,79,40,4,QOTc-Ang-PCA,arc labels,32.0,0.5510653353251042,0.2375,0.4810126582278481
Left,contig,Ang,RTT,HTL,3,0.05,1,401,79,40,4,SDM-Ang-HS4,arc labels,,0.488403176350342,0.16279069767441862,0.08860759493670886
Left,contig,Ang,RTT,HTL,3,0.05,1,401,79,40,4,SDM-Ang-HSsrc,arc labels,,0.4915873889456719,0.19101123595505617,0.43037974683544306
Left,contig,Ang,RTT,HTL,3,0.05,1,401,79,40,4,SDM-Ang-PCA,arc labels,32.0,0.5152527714442959,0.21428571428571427,0.3037974683544304
Left,contig,Ang,RTT,HTL,3,0.1,1,401,79,80,16,NoAdapt,nothing,,0.6649697303247111,0.2827868852459016,0.8734177215189873
Left,contig,Ang,RTT,HTL,3,0.1,1,401,79,80,16,TargetOnly,arc labels,,0.49086013051340516,0.19158878504672897,0.5189873417721519
Left,contig,Ang,RTT,HTL,3,0.1,1,401,79,80,16,Source+Target,arc labels,,0.544559320701313,0.21306818181818182,0.9493670886075949
Left,contig,Ang,RTT,HTL,3,0.1,1,401,79,80,16,COT,arc labels,,0.5087664124538093,0.20168067226890757,0.6075949367088608
Left,contig,Ang,RTT,HTL,3,0.1,1,401,79,80,16,none-Ang-HS4,arc labels,,0.5790353015174149,0.32894736842105265,0.31645569620253167
Left,contig,Ang,RTT,HTL,3,0.1,1,401,79,80,16,none-Ang-HSsrc,nothing,,0.6777655476059439,0.31891891891891894,0.7468354430379747
Left,contig,Ang,RTT,HTL,3,0.1,1,401,79,80,16,none-Ang-PCA,arc segments,16.0,0.6449406399874205,0.3384615384615385,0.5569620253164557
Left,contig,Ang,RTT,HTL,3,0.1,1,401,79,80,16,QOTu-Ang-HS4,arc labels,,0.5964501926252064,0.2808219178082192,0.5189873417721519
Left,contig,Ang,RTT,HTL,3,0.1,1,401,79,80,16,QOTu-Ang-HSsrc,arc segments,,0.6175603427942449,0.2594142259414226,0.7848101265822784
Left,contig,Ang,RTT,HTL,3,0.1,1,401,79,80,16,QOTu-Ang-PCA,arc segments,8.0,0.6022682600833399,0.2471042471042471,0.810126582278481
Left,contig,Ang,RTT,HTL,3,0.1,1,401,79,80,16,QOTc-Ang-HS4,arc labels,,0.5500825536598789,0.2222222222222222,0.7088607594936709
Left,contig,Ang,RTT,HTL,3,0.1,1,401,79,80,16,QOTc-Ang-HSsrc,arc labels,,0.5137982545797626,0.20652173913043478,0.4810126582278481
Left,contig,Ang,RTT,HTL,3,0.1,1,401,79,80,16,QOTc-Ang-PCA,arc labels,64.0,0.46206462772230517,0.17870722433460076,0.5949367088607594
Left,contig,Ang,RTT,HTL,3,0.1,1,401,79,80,16,SDM-Ang-HS4,arc labels,,0.45958801792593756,0.16455696202531644,0.3291139240506329
Left,contig,Ang,RTT,HTL,3,0.1,1,401,79,80,16,SDM-Ang-HSsrc,arc labels,,0.471047252142464,0.17613636363636365,0.3924050632911392
Left,contig,Ang,RTT,HTL,3,0.1,1,401,79,80,16,SDM-Ang-PCA,arc labels,32.0,0.5129727179809733,0.2080536912751678,0.3924050632911392
Left,contig,Ang,RTT,HTL,3,0.2,1,401,79,161,35,NoAdapt,nothing,,0.6649697303247111,0.2827868852459016,0.8734177215189873
Left,contig,Ang,RTT,HTL,3,0.2,1,401,79,161,35,TargetOnly,arc labels,,0.5172576460413554,0.20812182741116753,0.5189873417721519
Left,contig,Ang,RTT,HTL,3,0.2,1,401,79,161,35,Source+Target,arc labels,,0.5507705008255366,0.21551724137931033,0.9493670886075949
Left,contig,Ang,RTT,HTL,3,0.2,1,401,79,161,35,COT,arc labels,,0.494319521974998,0.19383259911894274,0.5569620253164557
Left,contig,Ang,RTT,HTL,3,0.2,1,401,79,161,35,none-Ang-HS4,arc labels,,0.6045876248132716,0.34444444444444444,0.3924050632911392
Left,contig,Ang,RTT,HTL,3,0.2,1,401,79,161,35,none-Ang-HSsrc,nothing,,0.6777655476059439,0.31891891891891894,0.7468354430379747
Left,contig,Ang,RTT,HTL,3,0.2,1,401,79,161,35,none-Ang-PCA,arc segments,16.0,0.6131771365673402,0.31666666666666665,0.4810126582278481
Left,contig,Ang,RTT,HTL,3,0.2,1,401,79,161,35,QOTu-Ang-HS4,arc labels,,0.585580627407815,0.2679738562091503,0.5189873417721519
Left,contig,Ang,RTT,HTL,3,0.2,1,401,79,161,35,QOTu-Ang-HSsrc,arc segments,,0.6160075477631889,0.25833333333333336,0.7848101265822784
Left,contig,Ang,RTT,HTL,3,0.2,1,401,79,161,35,QOTu-Ang-PCA,arc segments,16.0,0.6225921849201981,0.2810810810810811,0.6582278481012658
Left,contig,Ang,RTT,HTL,3,0.2,1,401,79,161,35,QOTc-Ang-HS4,arc labels,,0.5628587153078072,0.2277992277992278,0.7468354430379747
Left,contig,Ang,RTT,HTL,3,0.2,1,401,79,161,35,QOTc-Ang-HSsrc,arc labels,,0.599162670021228,0.24521072796934865,0.810126582278481
Left,contig,Ang,RTT,HTL,3,0.2,1,401,79,161,35,QOTc-Ang-PCA,arc labels,64.0,0.47269832534004247,0.18292682926829268,0.569620253164557
Left,contig,Ang,RTT,HTL,3,0.2,1,401,79,161,35,SDM-Ang-HS4,arc labels,,0.49433917760830254,0.19254658385093168,0.3924050632911392
Left,contig,Ang,RTT,HTL,3,0.2,1,401,79,161,35,SDM-Ang-HSsrc,arc labels,,0.6199583300573944,0.27053140096618356,0.7088607594936709
Left,contig,Ang,RTT,HTL,3,0.2,1,401,79,161,35,SDM-Ang-PCA,arc labels,32.0,0.4189794795188301,0.13793103448275862,0.3037974683544304
Left,contig,Ang,RTT,HTL,3,0.3,1,401,79,241,50,NoAdapt,nothing,,0.6649697303247111,0.2827868852459016,0.8734177215189873
Left,contig,Ang,RTT,HTL,3,0.3,1,401,79,241,50,TargetOnly,arc labels,,0.5020834971302776,0.1981981981981982,0.5569620253164557
Left,contig,Ang,RTT,HTL,3,0.3,1,401,79,241,50,Source+Target,arc labels,,0.5507705008255366,0.21551724137931033,0.9493670886075949
Left,contig,Ang,RTT,HTL,3,0.3,1,401,79,241,50,COT,arc labels,,0.5060146237911786,0.2,0.6455696202531646
Left,contig,Ang,RTT,HTL,3,0.3,1,401,79,241,50,none-Ang-HS4,arc labels,,0.5854823492412925,0.32926829268292684,0.34177215189873417
Left,contig,Ang,RTT,HTL,3,0.3,1,401,79,241,50,none-Ang-HSsrc,nothing,,0.6777655476059439,0.31891891891891894,0.7468354430379747
Left,contig,Ang,RTT,HTL,3,0.3,1,401,79,241,50,none-Ang-PCA,arc segments,16.0,0.6067300888434626,0.3157894736842105,0.45569620253164556
Left,contig,Ang,RTT,HTL,3,0.3,1,401,79,241,50,QOTu-Ang-HS4,arc labels,,0.5688733390989857,0.2743362831858407,0.3924050632911392
Left,contig,Ang,RTT,HTL,3,0.3,1,401,79,241,50,QOTu-Ang-HSsrc,arc segments,,0.6513680320779935,0.29207920792079206,0.7468354430379747
Left,contig,Ang,RTT,HTL,3,0.3,1,401,79,241,50,QOTu-Ang-PCA,arc segments,16.0,0.5997916502869722,0.2792207792207792,0.5443037974683544
Left,contig,Ang,RTT,HTL,3,0.3,1,401,79,241,50,QOTc-Ang-HS4,arc labels,,0.5759886783552166,0.2313167259786477,0.8227848101265823
Left,contig,Ang,RTT,HTL,3,0.3,1,401,79,241,50,QOTc-Ang-HSsrc,arc labels,,0.6081059831747779,0.24183006535947713,0.9367088607594937
Left,contig,Ang,RTT,HTL,3,0.3,1,401,79,241,50,QOTc-Ang-PCA,arc labels,64.0,0.5711140812956994,0.2403846153846154,0.6329113924050633
Left,contig,Ang,RTT,HTL,3,0.3,1,401,79,241,50,SDM-Ang-HS4,arc labels,,0.5043635505936002,0.2,0.46835443037974683
Left,contig,Ang,RTT,HTL,3,0.3,1,401,79,241,50,SDM-Ang-HSsrc,arc labels,,0.5841261105432818,0.24444444444444444,0.6962025316455697
Left,contig,Ang,RTT,HTL,3,0.3,1,401,79,241,50,SDM-Ang-PCA,arc labels,64.0,0.49290431637707366,0.19161676646706588,0.4050632911392405
Left,contig,Ang,RTT,HTL,3,0.5,1,401,79,380,86,NoAdapt,nothing,,0.6649697303247111,0.2827868852459016,0.8734177215189873
Left,contig,Ang,RTT,HTL,3,0.5,1,401,79,380,86,TargetOnly,arc labels,,0.5651387687711298,0.23423423423423423,0.6582278481012658
Left,contig,Ang,RTT,HTL,3,0.5,1,401,79,380,86,Source+Target,arc labels,,0.5725096312603192,0.2245508982035928,0.9493670886075949
Left,contig,Ang,RTT,HTL,3,0.5,1,401,79,380,86,COT,arc labels,,0.4779463794323453,0.1865671641791045,0.6329113924050633
Left,contig,Ang,RTT,HTL,3,0.5,1,401,79,380,86,none-Ang-HS4,arc labels,,0.5727061875933642,0.32,0.3037974683544304
Left,contig,Ang,RTT,HTL,3,0.5,1,401,79,380,86,none-Ang-HSsrc,nothing,,0.6777655476059439,0.31891891891891894,0.7468354430379747
Left,contig,Ang,RTT,HTL,3,0.5,1,401,79,380,86,none-Ang-PCA,arc segments,16.0,0.6607044578976334,0.35384615384615387,0.5822784810126582
Left,contig,Ang,RTT,HTL,3,0.5,1,401,79,380,86,QOTu-Ang-HS4,arc labels,,0.5607555625442251,0.27184466019417475,0.35443037974683544
Left,contig,Ang,RTT,HTL,3,0.5,1,401,79,380,86,QOTu-Ang-HSsrc,arc segments,,0.6575792122022172,0.29797979797979796,0.7468354430379747
Left,contig,Ang,RTT,HTL,3,0.5,1,401,79,380,86,QOTu-Ang-PCA,arc segments,16.0,0.637766333831276,0.30625,0.620253164556962
Left,contig,Ang,RTT,HTL,3,0.5,1,401,79,380,86,QOTc-Ang-HS4,arc labels,,0.5756348769557356,0.23308270676691728,0.7848101265822784
Left,contig,Ang,RTT,HTL,3,0.5,1,401,79,380,86,QOTc-Ang-HSsrc,arc labels,,0.6160075477631889,0.25833333333333336,0.7848101265822784
Left,contig,Ang,RTT,HTL,3,0.5,1,401,79,380,86,QOTc-Ang-PCA,arc labels,64.0,0.5844995675760674,0.25862068965517243,0.569620253164557
Left,contig,Ang,RTT,HTL,3,0.5,1,401,79,380,86,SDM-Ang-HS4,arc labels,,0.5505739444924915,0.22815533980582525,0.5949367088607594
Left,contig,Ang,RTT,HTL,3,0.5,1,401,79,380,86,SDM-Ang-HSsrc,arc labels,,0.573747936158503,0.24731182795698925,0.5822784810126582
Left,contig,Ang,RTT,HTL,3,0.5,1,401,79,380,86,SDM-Ang-PCA,arc labels,64.0,0.5170217784417014,0.20855614973262032,0.4936708860759494
Left,contig,Ang,RTT,HTL,4,0.05,0,401,76,40,0,NoAdapt,nothing,,0.6581376518218623,0.265625,0.8947368421052632
Left,contig,Ang,RTT,HTL,4,0.05,0,401,76,40,0,TargetOnly,arc labels,,,,
Left,contig,Ang,RTT,HTL,4,0.05,0,401,76,40,0,Source+Target,arc labels,,,,
Left,contig,Ang,RTT,HTL,4,0.05,0,401,76,40,0,COT,arc labels,,,,
Left,contig,Ang,RTT,HTL,4,0.05,0,401,76,40,0,none-Ang-HS4,arc labels,,,,
Left,contig,Ang,RTT,HTL,4,0.05,0,401,76,40,0,none-Ang-HSsrc,nothing,,0.6607287449392713,0.2931937172774869,0.7368421052631579
Left,contig,Ang,RTT,HTL,4,0.05,0,401,76,40,0,none-Ang-PCA,arc segments,32.0,0.5592712550607287,0.29850746268656714,0.2631578947368421
Left,contig,Ang,RTT,HTL,4,0.05,0,401,76,40,0,QOTu-Ang-HS4,arc labels,,,,
Left,contig,Ang,RTT,HTL,4,0.05,0,401,76,40,0,QOTu-Ang-HSsrc,arc segments,,0.5993522267206478,0.23809523809523808,0.7894736842105263
Left,contig,Ang,RTT,HTL,4,0.05,0,401,76,40,0,QOTu-Ang-PCA,arc segments,32.0,0.5504858299595142,0.21645021645021645,0.6578947368421053
Left,contig,Ang,RTT,HTL,4,0.05,0,401,76,40,0,QOTc-Ang-HS4,arc labels,,,,
Left,contig,Ang,RTT,HTL,4,0.05,0,401,76,40,0,QOTc-Ang-HSsrc,arc labels,,,,
Left,contig,Ang,RTT,HTL,4,0.05,0,401,76,40,0,QOTc-Ang-PCA,arc labels,,,,
Left,contig,Ang,RTT,HTL,4,0.05,0,401,76,40,0,SDM-Ang-HS4,arc labels,,,,
Left,contig,Ang,RTT,HTL,4,0.05,0,401,76,40,0,SDM-Ang-HSsrc,arc labels,,,,
Left,contig,Ang,RTT,HTL,4,0.05,0,401,76,40,0,SDM-Ang-PCA,arc labels,,,,
Left,contig,Ang,RTT,HTL,4,0.1,1,401,76,80,4,NoAdapt,nothing,,0.6581376518218623,0.265625,0.8947368421052632
Left,contig,Ang,RTT,HTL,4,0.1,1,401,76,80,4,TargetOnly,arc labels,,0.43236842105263157,0.10784313725490197,0.14473684210526316
Left,contig,Ang,RTT,HTL,4,0.1,1,401,76,80,4,Source+Target,arc labels,,0.6209514170040487,0.23986486486486486,0.9342105263157895
Left,contig,Ang,RTT,HTL,4,0.1,1,401,76,80,4,COT,arc labels,,0.5030769230769231,0.19047619047619047,1.0
Left,contig,Ang,RTT,HTL,4,0.1,1,401,76,80,4,none-Ang-HS4,arc labels,,0.595991902834008,0.2905982905982906,0.4473684210526316
Left,contig,Ang,RTT,HTL,4,0.1,1,401,76,80,4,none-Ang-HSsrc,nothing,,0.6607287449392713,0.2931937172774869,0.7368421052631579
Left,contig,Ang,RTT,HTL,4,0.1,1,401,76,80,4,none-Ang-PCA,arc segments,32.0,0.5263765182186235,0.24193548387096775,0.19736842105263158
Left,contig,Ang,RTT,HTL,4,0.1,1,401,76,80,4,QOTu-Ang-HS4,arc labels,,0.6057692307692308,0.24568965517241378,0.75
Left,contig,Ang,RTT,HTL,4,0.1,1,401,76,80,4,QOTu-Ang-HSsrc,arc segments,,0.6112348178137652,0.24686192468619247,0.7763157894736842
Left,contig,Ang,RTT,HTL,4,0.1,1,401,76,80,4,QOTu-Ang-PCA,arc segments,16.0,0.6174898785425101,0.26262626262626265,0.6842105263157895
Left,contig,Ang,RTT,HTL,4,0.1,1,401,76,80,4,QOTc-Ang-HS4,arc labels,,0.46408906882591094,0.10909090909090909,0.07894736842105263
Left,contig,Ang,RTT,HTL,4,0.1,1,401,76,80,4,QOTc-Ang-HSsrc,arc labels,,0.4860728744939271,0.18090452261306533,0.47368421052631576
Left,contig,Ang,RTT,HTL,4,0.1,1,401,76,80,4,QOTc-Ang-PCA,arc labels,64.0,0.48091093117408906,0.16049382716049382,0.17105263157894737
Left,contig,Ang,RTT,HTL,4,0.1,1,401,76,80,4,SDM-Ang-HS4,arc labels,,0.43050607287449394,0.04918032786885246,0.039473684210526314
Left,contig,Ang,RTT,HTL,4,0.1,1,401,76,80,4,SDM-Ang-HSsrc,arc labels,,0.4144939271255061,0.11428571428571428,0.21052631578947367
Left,contig,Ang,RTT,HTL,4,0.1,1,401,76,80,4,SDM-Ang-PCA,arc labels,16.0,0.45973684210526317,0.07142857142857142,0.039473684210526314
Left,contig,Ang,RTT,HTL,4,0.2,1,401,76,161,9,NoAdapt,nothing,,0.6581376518218623,0.265625,0.8947368421052632
Left,contig,Ang,RTT,HTL,4,0.2,1,401,76,161,9,TargetOnly,arc labels,,0.5704858299595141,0.22935779816513763,0.6578947368421053
Left,contig,Ang,RTT,HTL,4,0.2,1,401,76,161,9,Source+Target,arc labels,,0.6275303643724697,0.24242424242424243,0.9473684210526315
Left,contig,Ang,RTT,HTL,4,0.2,1,401,76,161,9,COT,arc labels,,0.44427125506072873,0.16115702479338842,0.5131578947368421
Left,contig,Ang,RTT,HTL,4,0.2,1,401,76,161,9,none-Ang-HS4,arc labels,,0.5983198380566801,0.36764705882352944,0.32894736842105265
Left,contig,Ang,RTT,HTL,4,0.2,1,401,76,161,9,none-Ang-HSsrc,nothing,,0.6607287449392713,0.2931937172774869,0.7368421052631579
Left,contig,Ang,RTT,HTL,4,0.2,1,401,76,161,9,none-Ang-PCA,arc segments,32.0,0.525,0.2261904761904762,0.25
Left,contig,Ang,RTT,HTL,4,0.2,1,401,76,161,9,QOTu-Ang-HS4,arc labels,,0.6222064777327935,0.2848101265822785,0.5921052631578947
Left,contig,Ang,RTT,HTL,4,0.2,1,401,76,161,9,QOTu-Ang-HSsrc,arc segments,,0.6112348178137652,0.24686192468619247,0.7763157894736842
Left,contig,Ang,RTT,HTL,4,0.2,1,401,76,161,9,QOTu-Ang-PCA,arc segments,16.0,0.5798178137651822,0.24571428571428572,0.5657894736842105
Left,contig,Ang,RTT,HTL,4,0.2,1,401,76,161,9,QOTc-Ang-HS4,arc labels,,0.5439068825910931,0.21304347826086956,0.6447368421052632
Left,contig,Ang,RTT,HTL,4,0.2,1,401,76,161,9,QOTc-Ang-HSsrc,arc labels,,0.6475303643724696,0.2535211267605634,0.9473684210526315
Left,contig,Ang,RTT,HTL,4,0.2,1,401,76,161,9,QOTc-Ang-PCA,arc labels,32.0,0.4917408906882591,0.18181818181818182,0.3157894736842105
Left,contig,Ang,RTT,HTL,4,0.2,1,401,76,161,9,SDM-Ang-HS4,arc labels,,0.5077732793522267,0.1941747572815534,0.5263157894736842
Left,contig,Ang,RTT,HTL,4,0.2,1,401,76,161,9,SDM-Ang-HSsrc,arc labels,,0.6233805668016195,0.2619047619047619,0.7236842105263158
Left,contig,Ang,RTT,HTL,4,0.2,1,401,76,161,9,SDM-Ang-PCA,arc labels,32.0,0.48048582995951417,0.15789473684210525,0.15789473684210525
Left,contig,Ang,RTT,HTL,4,0.3,1,401,76,241,22,NoAdapt,nothing,,0.6581376518218623,0.265625,0.8947368421052632
Left,contig,Ang,RTT,HTL,4,0.3,1,401,76,241,22,TargetOnly,arc labels,,0.5141902834008097,0.1989247311827957,0.4868421052631579
Left,contig,Ang,RTT,HTL,4,0.3,1,401,76,241,22,Source+Target,arc labels,,0.6011133603238866,0.22727272727272727,0.9868421052631579
Left,contig,Ang,RTT,HTL,4,0.3,1,401,76,241,22,COT,arc labels,,0.48289473684210527,0.18067226890756302,0.5657894736842105
Left,contig,Ang,RTT,HTL,4,0.3,1,401,76,241,22,none-Ang-HS4,arc labels,,0.5890890688259109,0.33783783783783783,0.32894736842105265
Left,contig,Ang,RTT,HTL,4,0.3,1,401,76,241,22,none-Ang-HSsrc,nothing,,0.6607287449392713,0.2931937172774869,0.7368421052631579
Left,contig,Ang,RTT,HTL,4,0.3,1,401,76,241,22,none-Ang-PCA,arc segments,64.0,0.5304048582995952,0.30303030303030304,0.13157894736842105
Left,contig,Ang,RTT,HTL,4,0.3,1,401,76,241,22,QOTu-Ang-HS4,arc labels,,0.6117004048582997,0.28187919463087246,0.5526315789473685
Left,contig,Ang,RTT,HTL,4,0.3,1,401,76,241,22,QOTu-Ang-HSsrc,arc segments,,0.6231174089068826,0.25663716814159293,0.7631578947368421
Left,contig,Ang,RTT,HTL,4,0.3,1,401,76,241,22,QOTu-Ang-PCA,arc segments,16.0,0.5995546558704453,0.25842696629213485,0.6052631578947368
Left,contig,Ang,RTT,HTL,4,0.3,1,401,76,241,22,QOTc-Ang-HS4,arc labels,,0.5602024291497976,0.2152777777777778,0.8157894736842105
Left,contig,Ang,RTT,HTL,4,0.3,1,401,76,241,22,QOTc-Ang-HSsrc,arc labels,,0.5984008097165991,0.23297491039426524,0.8552631578947368
Left,contig,Ang,RTT,HTL,4,0.3,1,401,76,241,22,QOTc-Ang-PCA,arc labels,64.0,0.529251012145749,0.21641791044776118,0.3815789473684211
Left,contig,Ang,RTT,HTL,4,0.3,1,401,76,241,22,SDM-Ang-HS4,arc labels,,0.4648987854251012,0.1625,0.34210526315789475
Left,contig,Ang,RTT,HTL,4,0.3,1,401,76,241,22,SDM-Ang-HSsrc,arc labels,,0.5737246963562753,0.22784810126582278,0.7105263157894737
Left,contig,Ang,RTT,HTL,4,0.3,1,401,76,241,22,SDM-Ang-PCA,arc labels,64.0,0.49121457489878545,0.18292682926829268,0.39473684210526316
Left,contig,Ang,RTT,HTL,4,0.5,1,401,76,381,80,NoAdapt,nothing,,0.6581376518218623,0.265625,0.8947368421052632
Left,contig,Ang,RTT,HTL,4,0.5,1,401,76,381,80,TargetOnly,arc labels,,0.5534008097165992,0.22115384615384615,0.6052631578947368
Left,contig,Ang,RTT,HTL,4,0.5,1,401,76,381,80,Source+Target,arc labels,,0.5888056680161943,0.22189349112426035,0.9868421052631579
Left,contig,Ang,RTT,HTL,4,0.5,1,401,76,381,80,COT,arc labels,,0.5222672064777327,0.199288256227758,0.7368421052631579
Left,contig,Ang,RTT,HTL,4,0.5,1,401,76,381,80,none-Ang-HS4,arc labels,,0.575506072874494,0.3283582089552239,0.2894736842105263
Left,contig,Ang,RTT,HTL,4,0.5,1,401,76,381,80,none-Ang-HSsrc,nothing,,0.6607287449392713,0.2931937172774869,0.7368421052631579
Left,contig,Ang,RTT,HTL,4,0.5,1,401,76,381,80,none-Ang-PCA,arc segments,64.0,0.5273279352226721,0.2857142857142857,0.13157894736842105
Left,contig,Ang,RTT,HTL,4,0.5,1,401,76,381,80,QOTu-Ang-HS4,arc labels,,0.5817206477732794,0.2727272727272727,0.4342105263157895
Left,contig,Ang,RTT,HTL,4,0.5,1,401,76,381,80,QOTu-Ang-HSsrc,arc segments,,0.6391902834008096,0.2731707317073171,0.7368421052631579
Left,contig,Ang,RTT,HTL,4,0.5,1,401,76,381,80,QOTu-Ang-PCA,arc segments,16.0,0.5932388663967612,0.2608695652173913,0.5526315789473685
Left,contig,Ang,RTT,HTL,4,0.5,1,401,76,381,80,QOTc-Ang-HS4,arc labels,,0.5737246963562753,0.22784810126582278,0.7105263157894737
Left,contig,Ang,RTT,HTL,4,0.5,1,401,76,381,80,QOTc-Ang-HSsrc,arc labels,,0.5951012145748988,0.24752475247524752,0.6578947368421053
Left,contig,Ang,RTT,HTL,4,0.5,1,401,76,381,80,QOTc-Ang-PCA,arc labels,64.0,0.5493117408906882,0.22346368715083798,0.5263157894736842
Left,contig,Ang,RTT,HTL,4,0.5,1,401,76,381,80,SDM-Ang-HS4,arc labels,,0.5547773279352227,0.22580645161290322,0.5526315789473685
Left,contig,Ang,RTT,HTL,4,0.5,1,401,76,381,80,SDM-Ang-HSsrc,arc labels,,0.5484615384615384,0.22485207100591717,0.5
Left,contig,Ang,RTT,HTL,4,0.5,1,401,76,381,80,SDM-Ang-PCA,arc labels,64.0,0.49838056680161946,0.18848167539267016,0.47368421052631576
Left,contig,Ang,RTT,HTL,5,0.05,0,401,91,40,1,NoAdapt,nothing,,0.5939383197447714,0.28270042194092826,0.7362637362637363
Left,contig,Ang,RTT,HTL,5,0.05,0,401,91,40,1,TargetOnly,arc labels,,,,
Left,contig,Ang,RTT,HTL,5,0.05,0,401,91,40,1,Source+Target,arc labels,,,,
Left,contig,Ang,RTT,HTL,5,0.05,0,401,91,40,1,COT,arc labels,,,,
Left,contig,Ang,RTT,HTL,5,0.05,0,401,91,40,1,none-Ang-HS4,arc labels,,,,
Left,contig,Ang,RTT,HTL,5,0.05,0,401,91,40,1,none-Ang-HSsrc,nothing,,0.6254874158099964,0.3193717277486911,0.6703296703296703
Left,contig,Ang,RTT,HTL,5,0.05,0,401,91,40,1,none-Ang-PCA,arc segments,16.0,0.581726338177951,0.3153846153846154,0.45054945054945056
Left,contig,Ang,RTT,HTL,5,0.05,0,401,91,40,1,QOTu-Ang-HS4,arc labels,,,,
Left,contig,Ang,RTT,HTL,5,0.05,0,401,91,40,1,QOTu-Ang-HSsrc,arc segments,,0.5959057071960299,0.28112449799196787,0.7692307692307693
Left,contig,Ang,RTT,HTL,5,0.05,0,401,91,40,1,QOTu-Ang-PCA,arc segments,16.0,0.5710563629918468,0.2653846153846154,0.7582417582417582
Left,contig,Ang,RTT,HTL,5,0.05,0,401,91,40,1,QOTc-Ang-HS4,arc labels,,,,
Left,contig,Ang,RTT,HTL,5,0.05,0,401,91,40,1,QOTc-Ang-HSsrc,arc labels,,,,
Left,contig,Ang,RTT,HTL,5,0.05,0,401,91,40,1,QOTc-Ang-PCA,arc labels,,,,
Left,contig,Ang,RTT,HTL,5,0.05,0,401,91,40,1,SDM-Ang-HS4,arc labels,,,,
Left,contig,Ang,RTT,HTL,5,0.05,0,401,91,40,1,SDM-Ang-HSsrc,arc labels,,,,
Left,contig,Ang,RTT,HTL,5,0.05,0,401,91,40,1,SDM-Ang-PCA,arc labels,,,,
Left,contig,Ang,RTT,HTL,5,0.1,0,401,91,80,1,NoAdapt,nothing,,0.5939383197447714,0.28270042194092826,0.7362637362637363
Left,contig,Ang,RTT,HTL,5,0.1,0,401,91,80,1,TargetOnly,arc labels,,,,
Left,contig,Ang,RTT,HTL,5,0.1,0,401,91,80,1,Source+Target,arc labels,,,,
Left,contig,Ang,RTT,HTL,5,0.1,0,401,91,80,1,COT,arc labels,,,,
Left,contig,Ang,RTT,HTL,5,0.1,0,401,91,80,1,none-Ang-HS4,arc labels,,,,
Left,contig,Ang,RTT,HTL,5,0.1,0,401,91,80,1,none-Ang-HSsrc,nothing,,0.6254874158099964,0.3193717277486911,0.6703296703296703
Left,contig,Ang,RTT,HTL,5,0.1,0,401,91,80,1,none-Ang-PCA,arc segments,16.0,0.5755760368663594,0.312,0.42857142857142855
Left,contig,Ang,RTT,HTL,5,0.1,0,401,91,80,1,QOTu-Ang-HS4,arc labels,,,,
Left,contig,Ang,RTT,HTL,5,0.1,0,401,91,80,1,QOTu-Ang-HSsrc,arc segments,,0.5797766749379653,0.2702702702702703,0.7692307692307693
Left,contig,Ang,RTT,HTL,5,0.1,0,401,91,80,1,QOTu-Ang-PCA,arc segments,16.0,0.5528535980148883,0.2616822429906542,0.6153846153846154
Left,contig,Ang,RTT,HTL,5,0.1,0,401,91,80,1,QOTc-Ang-HS4,arc labels,,,,
Left,contig,Ang,RTT,HTL,5,0.1,0,401,91,80,1,QOTc-Ang-HSsrc,arc labels,,,,
Left,contig,Ang,RTT,HTL,5,0.1,0,401,91,80,1,QOTc-Ang-PCA,arc labels,,,,
Left,contig,Ang,RTT,HTL,5,0.1,0,401,91,80,1,SDM-Ang-HS4,arc labels,,,,
Left,contig,Ang,RTT,HTL,5,0.1,0,401,91,80,1,SDM-Ang-HSsrc,arc labels,,,,
Left,contig,Ang,RTT,HTL,5,0.1,0,401,91,80,1,SDM-Ang-PCA,arc labels,,,,
Left,contig,Ang,RTT,HTL,5,0.2,1,401,91,161,4,NoAdapt,nothing,,0.5939383197447714,0.28270042194092826,0.7362637362637363
Left,contig,Ang,RTT,HTL,5,0.2,1,401,91,161,4,TargetOnly,arc labels,,0.6088443814250266,0.3524590163934426,0.4725274725274725
Left,contig,Ang,RTT,HTL,5,0.2,1,401,91,161,4,Source+Target,arc labels,,0.6003899326479972,0.2875536480686695,0.7362637362637363
Left,contig,Ang,RTT,HTL,5,0.2,1,401,91,161,4,COT,arc labels,,0.6373271889400922,0.3611111111111111,0.5714285714285714
Left,contig,Ang,RTT,HTL,5,0.2,1,401,91,161,4,none-Ang-HS4,arc labels,,0.5528358738036158,0.3287671232876712,0.26373626373626374
Left,contig,Ang,RTT,HTL,5,0.2,1,401,91,161,4,none-Ang-HSsrc,nothing,,0.6254874158099964,0.3193717277486911,0.6703296703296703
Left,contig,Ang,RTT,HTL,5,0.2,1,401,91,161,4,none-Ang-PCA,arc segments,16.0,0.5920595533498759,0.328125,0.46153846153846156
Left,contig,Ang,RTT,HTL,5,0.2,1,401,91,161,4,QOTu-Ang-HS4,arc labels,,0.5619283941864587,0.26548672566371684,0.6593406593406593
Left,contig,Ang,RTT,HTL,5,0.2,1,401,91,161,4,QOTu-Ang-HSsrc,arc segments,,0.5704005671747607,0.265625,0.7472527472527473
Left,contig,Ang,RTT,HTL,5,0.2,1,401,91,161,4,QOTu-Ang-PCA,arc segments,16.0,0.5741758241758241,0.2757009345794392,0.6483516483516484
Left,contig,Ang,RTT,HTL,5,0.2,1,401,91,161,4,QOTc-Ang-HS4,arc labels,,0.5947890818858561,0.2978723404255319,0.6153846153846154
Left,contig,Ang,RTT,HTL,5,0.2,1,401,91,161,4,QOTc-Ang-HSsrc,arc labels,,0.5900567174760722,0.28085106382978725,0.7252747252747253
Left,contig,Ang,RTT,HTL,5,0.2,1,401,91,161,4,QOTc-Ang-PCA,arc labels,64.0,0.5612017015242822,0.3728813559322034,0.24175824175824176
Left,contig,Ang,RTT,HTL,5,0.2,1,401,91,161,4,SDM-Ang-HS4,arc labels,,0.5072669266217653,0.24242424242424243,0.17582417582417584
Left,contig,Ang,RTT,HTL,5,0.2,1,401,91,161,4,SDM-Ang-HSsrc,arc labels,,0.5633817795108118,0.2830188679245283,0.4945054945054945
Left,contig,Ang,RTT,HTL,5,0.2,1,401,91,161,4,SDM-Ang-PCA,arc labels,64.0,0.5479439914923786,0.35185185185185186,0.2087912087912088
Left,contig,Ang,RTT,HTL,5,0.3,1,401,91,241,26,NoAdapt,nothing,,0.5939383197447714,0.28270042194092826,0.7362637362637363
Left,contig,Ang,RTT,HTL,5,0.3,1,401,91,241,26,TargetOnly,arc labels,,0.5726692662176533,0.26640926640926643,0.7582417582417582
Left,contig,Ang,RTT,HTL,5,0.3,1,401,91,241,26,Source+Target,arc labels,,0.5746898263027296,0.2627986348122867,0.8461538461538461
Left,contig,Ang,RTT,HTL,5,0.3,1,401,91,241,26,COT,arc labels,,0.5307337823466856,0.24210526315789474,0.7582417582417582
Left,contig,Ang,RTT,HTL,5,0.3,1,401,91,241,26,none-Ang-HS4,arc labels,,0.542803970223325,0.3181818181818182,0.23076923076923078
Left,contig,Ang,RTT,HTL,5,0.3,1,401,91,241,26,none-Ang-HSsrc,nothing,,0.6254874158099964,0.3193717277486911,0.6703296703296703
Left,contig,Ang,RTT,HTL,5,0.3,1,401,91,241,26,none-Ang-PCA,arc segments,16.0,0.5920595533498759,0.328125,0.46153846153846156
Left,contig,Ang,RTT,HTL,5,0.3,1,401,91,241,26,QOTu-Ang-HS4,arc labels,,0.5692307692307692,0.2832369942196532,0.5384615384615384
Left,contig,Ang,RTT,HTL,5,0.3,1,401,91,241,26,QOTu-Ang-HSsrc,arc segments,,0.5652073732718894,0.26422764227642276,0.7142857142857143
Left,contig,Ang,RTT,HTL,5,0.3,1,401,91,241,26,QOTu-Ang-PCA,arc segments,16.0,0.5783055654023397,0.2864864864864865,0.5824175824175825
Left,contig,Ang,RTT,HTL,5,0.3,1,401,91,241,26,QOTc-Ang-HS4,arc labels,,0.5612725983693726,0.26576576576576577,0.6483516483516484
Left,contig,Ang,RTT,HTL,5,0.3,1,401,91,241,26,QOTc-Ang-HSsrc,arc labels,,0.5312300602623183,0.24663677130044842,0.6043956043956044
Left,contig,Ang,RTT,HTL,5,0.3,1,401,91,241,26,QOTc-Ang-PCA,arc labels,64.0,0.5546614675646934,0.275,0.4835164835164835
Left,contig,Ang,RTT,HTL,5,0.3,1,401,91,241,26,SDM-Ang-HS4,arc labels,,0.5625310173697271,0.2692307692307692,0.6153846153846154
Left,contig,Ang,RTT,HTL,5,0.3,1,401,91,241,26,SDM-Ang-HSsrc,arc labels,,0.4927685218007799,0.2222222222222222,0.5274725274725275
Left,contig,Ang,RTT,HTL,5,0.3,1,401,91,241,26,SDM-Ang-PCA,arc labels,64.0,0.5339950372208437,0.25609756097560976,0.46153846153846156
Left,contig,Ang,RTT,HTL,5,0.5,1,401,91,380,70,NoAdapt,nothing,,0.5939383197447714,0.28270042194092826,0.7362637362637363
Left,contig,Ang,RTT,HTL,5,0.5,1,401,91,380,70,TargetOnly,arc labels,,0.5777029422190713,0.28078817733990147,0.6263736263736264
Left,contig,Ang,RTT,HTL,5,0.5,1,401,91,380,70,Source+Target,arc labels,,0.5660226869904289,0.2563291139240506,0.8901098901098901
Left,contig,Ang,RTT,HTL,5,0.5,1,401,91,380,70,COT,arc labels,,0.5663239985820632,0.25732899022801303,0.8681318681318682
Left,contig,Ang,RTT,HTL,5,0.5,1,401,91,380,70,none-Ang-HS4,arc labels,,0.5114498404820985,0.2542372881355932,0.16483516483516483
Left,contig,Ang,RTT,HTL,5,0.5,1,401,91,380,70,none-Ang-HSsrc,nothing,,0.6254874158099964,0.3193717277486911,0.6703296703296703
Left,contig,Ang,RTT,HTL,5,0.5,1,401,91,380,70,none-Ang-PCA,arc segments,16.0,0.5865650478553704,0.3228346456692913,0.45054945054945056
Left,contig,Ang,RTT,HTL,5,0.5,1,401,91,380,70,QOTu-Ang-HS4,arc labels,,0.5399326479971641,0.2962962962962963,0.26373626373626374
Left,contig,Ang,RTT,HTL,5,0.5,1,401,91,380,70,QOTu-Ang-HSsrc,arc segments,,0.6219071251329316,0.32222222222222224,0.6373626373626373
Left,contig,Ang,RTT,HTL,5,0.5,1,401,91,380,70,QOTu-Ang-PCA,arc segments,16.0,0.5488124778447359,0.273972602739726,0.43956043956043955
Left,contig,Ang,RTT,HTL,5,0.5,1,401,91,380,70,QOTc-Ang-HS4,arc labels,,0.5861751152073733,0.27896995708154504,0.7142857142857143
Left,contig,Ang,RTT,HTL,5,0.5,1,401,91,380,70,QOTc-Ang-HSsrc,arc labels,,0.591616448068061,0.28773584905660377,0.6703296703296703
Left,contig,Ang,RTT,HTL,5,0.5,1,401,91,380,70,QOTc-Ang-PCA,arc labels,64.0,0.560811768876285,0.2787878787878788,0.5054945054945055
Left,contig,Ang,RTT,HTL,5,0.5,1,401,91,380,70,SDM-Ang-HS4,arc labels,,0.5825416518964905,0.285,0.6263736263736264
Left,contig,Ang,RTT,HTL,5,0.5,1,401,91,380,70,SDM-Ang-HSsrc,arc labels,,0.5404466501240694,0.2625,0.46153846153846156
Left,contig,Ang,RTT,HTL,5,0.5,1,401,91,380,70,SDM-Ang-PCA,arc labels,64.0,0.4968982630272953,0.22459893048128343,0.46153846153846156
Left,contig,Ang,RTT,HTL,6,0.05,1,401,89,40,3,NoAdapt,nothing,,0.5910940651109191,0.2798165137614679,0.6853932584269663
Left,contig,Ang,RTT,HTL,6,0.05,1,401,89,40,3,TargetOnly,arc labels,,0.45440795159896286,0.13043478260869565,0.10112359550561797
Left,contig,Ang,RTT,HTL,6,0.05,1,401,89,40,3,Source+Target,arc labels,,0.5990528666090464,0.2956989247311828,0.6179775280898876
Left,contig,Ang,RTT,HTL,6,0.05,1,401,89,40,3,COT,arc labels,,0.4303334773840392,0.07575757575757576,0.056179775280898875
Left,contig,Ang,RTT,HTL,6,0.05,1,401,89,40,3,none-Ang-HS4,arc labels,,0.5017826274848747,0.2247191011235955,0.2247191011235955
Left,contig,Ang,RTT,HTL,6,0.05,1,401,89,40,3,none-Ang-HSsrc,nothing,,0.5998811581676751,0.2914572864321608,0.651685393258427
Left,contig,Ang,RTT,HTL,6,0.05,1,401,89,40,3,none-Ang-PCA,arc segments,16.0,0.5580524344569289,0.2777777777777778,0.449438202247191
Left,contig,Ang,RTT,HTL,6,0.05,1,401,89,40,3,QOTu-Ang-HS4,arc labels,,0.5246326707000865,0.23404255319148937,0.7415730337078652
Left,contig,Ang,RTT,HTL,6,0.05,1,401,89,40,3,QOTu-Ang-HSsrc,arc segments,,0.5671096225871506,0.25769230769230766,0.7528089887640449
Left,contig,Ang,RTT,HTL,6,0.05,1,401,89,40,3,QOTu-Ang-PCA,arc segments,16.0,0.5333477384039181,0.2422907488986784,0.6179775280898876
Left,contig,Ang,RTT,HTL,6,0.05,1,401,89,40,3,QOTc-Ang-HS4,arc labels,,0.49040262172284643,0.13333333333333333,0.02247191011235955
Left,contig,Ang,RTT,HTL,6,0.05,1,401,89,40,3,QOTc-Ang-HSsrc,arc labels,,0.47597954479976956,0.08333333333333333,0.02247191011235955
Left,contig,Ang,RTT,HTL,6,0.05,1,401,89,40,3,QOTc-Ang-PCA,arc labels,4.0,0.5,0.0,0.0
Left,contig,Ang,RTT,HTL,6,0.05,1,401,89,40,3,SDM-Ang-HS4,arc labels,,0.48240780754825696,0.13793103448275862,0.0449438202247191
Left,contig,Ang,RTT,HTL,6,0.05,1,401,89,40,3,SDM-Ang-HSsrc,arc labels,,0.4727924229328724,0.11428571428571428,0.0449438202247191
Left,contig,Ang,RTT,HTL,6,0.05,1,401,89,40,3,SDM-Ang-PCA,arc labels,4.0,0.4559745030250648,0.1,0.056179775280898875
Left,contig,Ang,RTT,HTL,6,0.1,1,401,89,80,11,NoAdapt,nothing,,0.5910940651109191,0.2798165137614679,0.6853932584269663
Left,contig,Ang,RTT,HTL,6,0.1,1,401,89,80,11,TargetOnly,arc labels,,0.5381734370498416,0.2446351931330472,0.6404494382022472
Left,contig,Ang,RTT,HTL,6,0.1,1,401,89,80,11,Source+Target,arc labels,,0.59673004897724,0.2807017543859649,0.7191011235955056
Left,contig,Ang,RTT,HTL,6,0.1,1,401,89,80,11,COT,arc labels,,0.5357425813886488,0.24434389140271492,0.6067415730337079
Left,contig,Ang,RTT,HTL,6,0.1,1,401,89,80,11,none-Ang-HS4,arc labels,,0.5057620282339383,0.2328767123287671,0.19101123595505617
Left,contig,Ang,RTT,HTL,6,0.1,1,401,89,80,11,none-Ang-HSsrc,nothing,,0.5998811581676751,0.2914572864321608,0.651685393258427
Left,contig,Ang,RTT,HTL,6,0.1,1,401,89,80,11,none-Ang-PCA,arc segments,16.0,0.5516241717084414,0.2733812949640288,0.42696629213483145
Left,contig,Ang,RTT,HTL,6,0.1,1,401,89,80,11,QOTu-Ang-HS4,arc labels,,0.5149812734082397,0.22962962962962963,0.6966292134831461
Left,contig,Ang,RTT,HTL,6,0.1,1,401,89,80,11,QOTu-Ang-HSsrc,arc segments,,0.5606993661768942,0.2537878787878788,0.7528089887640449
Left,contig,Ang,RTT,HTL,6,0.1,1,401,89,80,11,QOTu-Ang-PCA,arc segments,16.0,0.531727167963123,0.2420091324200913,0.5955056179775281
Left,contig,Ang,RTT,HTL,6,0.1,1,401,89,80,11,QOTc-Ang-HS4,arc labels,,0.5405862863728033,0.2457627118644068,0.651685393258427
Left,contig,Ang,RTT,HTL,6,0.1,1,401,89,80,11,QOTc-Ang-HSsrc,arc labels,,0.519788965715932,0.23220973782771537,0.6966292134831461
Left,contig,Ang,RTT,HTL,6,0.1,1,401,89,80,11,QOTc-Ang-PCA,arc labels,64.0,0.5434853068280034,0.2962962962962963,0.2696629213483146
Left,contig,Ang,RTT,HTL,6,0.1,1,401,89,80,11,SDM-Ang-HS4,arc labels,,0.5076346874099683,0.22705314009661837,0.5280898876404494
Left,contig,Ang,RTT,HTL,6,0.1,1,401,89,80,11,SDM-Ang-HSsrc,arc labels,,0.5157735522904062,0.23018867924528302,0.6853932584269663
Left,contig,Ang,RTT,HTL,6,0.1,1,401,89,80,11,SDM-Ang-PCA,arc labels,64.0,0.49465211754537597,0.21641791044776118,0.3258426966292135
Left,contig,Ang,RTT,HTL,6,0.2,1,401,89,161,24,NoAdapt,nothing,,0.5910940651109191,0.2798165137614679,0.6853932584269663
Left,contig,Ang,RTT,HTL,6,0.2,1,401,89,161,24,TargetOnly,arc labels,,0.4981453471622011,0.2210144927536232,0.6853932584269663
Left,contig,Ang,RTT,HTL,6,0.2,1,401,89,161,24,Source+Target,arc labels,,0.5607533851915875,0.2508591065292096,0.8202247191011236
Left,contig,Ang,RTT,HTL,6,0.2,1,401,89,161,24,COT,arc labels,,0.506896427542495,0.22594142259414227,0.6067415730337079
Left,contig,Ang,RTT,HTL,6,0.2,1,401,89,161,24,none-Ang-HS4,arc labels,,0.513810861423221,0.2441860465116279,0.23595505617977527
Left,contig,Ang,RTT,HTL,6,0.2,1,401,89,161,24,none-Ang-HSsrc,nothing,,0.5998811581676751,0.2914572864321608,0.651685393258427
Left,contig,Ang,RTT,HTL,6,0.2,1,401,89,161,24,none-Ang-PCA,arc segments,16.0,0.5604652837798905,0.2789115646258503,0.4606741573033708
Left,contig,Ang,RTT,HTL,6,0.2,1,401,89,161,24,QOTu-Ang-HS4,arc labels,,0.5301606165370211,0.23949579831932774,0.6404494382022472
Left,contig,Ang,RTT,HTL,6,0.2,1,401,89,161,24,QOTu-Ang-HSsrc,arc segments,,0.5526505329876116,0.250996015936255,0.7078651685393258
Left,contig,Ang,RTT,HTL,6,0.2,1,401,89,161,24,QOTu-Ang-PCA,arc segments,16.0,0.5189066551426103,0.23348017621145375,0.5955056179775281
Left,contig,Ang,RTT,HTL,6,0.2,1,401,89,161,24,QOTc-Ang-HS4,arc labels,,0.49895563238259866,0.22142857142857142,0.6966292134831461
Left,contig,Ang,RTT,HTL,6,0.2,1,401,89,161,24,QOTc-Ang-HSsrc,arc labels,,0.47234226447709593,0.2037914691943128,0.48314606741573035
Left,contig,Ang,RTT,HTL,6,0.2,1,401,89,161,24,QOTc-Ang-PCA,arc labels,64.0,0.5604652837798905,0.2789115646258503,0.4606741573033708
Left,contig,Ang,RTT,HTL,6,0.2,1,401,89,161,24,SDM-Ang-HS4,arc labels,,0.5012784500144051,0.22268907563025211,0.5955056179775281
Left,contig,Ang,RTT,HTL,6,0.2,1,401,89,161,24,SDM-Ang-HSsrc,arc labels,,0.4635011524056468,0.19704433497536947,0.449438202247191
Left,contig,Ang,RTT,HTL,6,0.2,1,401,89,161,24,SDM-Ang-PCA,arc labels,64.0,0.5011163929703255,0.2229299363057325,0.39325842696629215
Left,contig,Ang,RTT,HTL,6,0.3,1,401,89,241,34,NoAdapt,nothing,,0.5910940651109191,0.2798165137614679,0.6853932584269663
Left,contig,Ang,RTT,HTL,6,0.3,1,401,89,241,34,TargetOnly,arc labels,,0.49322961682512245,0.21777777777777776,0.550561797752809
Left,contig,Ang,RTT,HTL,6,0.3,1,401,89,241,34,Source+Target,arc labels,,0.5607353788533563,0.25177304964539005,0.797752808988764
Left,contig,Ang,RTT,HTL,6,0.3,1,401,89,241,34,COT,arc labels,,0.5117221261884183,0.22857142857142856,0.6292134831460674
Left,contig,Ang,RTT,HTL,6,0.3,1,401,89,241,34,none-Ang-HS4,arc labels,,0.5194288389513109,0.25287356321839083,0.24719101123595505
Left,contig,Ang,RTT,HTL,6,0.3,1,401,89,241,34,none-Ang-HSsrc,nothing,,0.5998811581676751,0.2914572864321608,0.651685393258427
Left,contig,Ang,RTT,HTL,6,0.3,1,401,89,241,34,none-Ang-PCA,arc segments,16.0,0.5588627196773264,0.27702702702702703,0.4606741573033708
Left,contig,Ang,RTT,HTL,6,0.3,1,401,89,241,34,QOTu-Ang-HS4,arc labels,,0.48188562373955635,0.20710059171597633,0.39325842696629215
Left,contig,Ang,RTT,HTL,6,0.3,1,401,89,241,34,QOTu-Ang-HSsrc,arc segments,,0.5566299337366754,0.2553191489361702,0.6741573033707865
Left,contig,Ang,RTT,HTL,6,0.3,1,401,89,241,34,QOTu-Ang-PCA,arc segments,16.0,0.5172320656871219,0.234375,0.5056179775280899
Left,contig,Ang,RTT,HTL,6,0.3,1,401,89,241,34,QOTc-Ang-HS4,arc labels,,0.4828579660040334,0.2125984251968504,0.6067415730337079
Left,contig,Ang,RTT,HTL,6,0.3,1,401,89,241,34,QOTc-Ang-HSsrc,arc labels,,0.48599106885623744,0.21296296296296297,0.5168539325842697
Left,contig,Ang,RTT,HTL,6,0.3,1,401,89,241,34,QOTc-Ang-PCA,arc labels,64.0,0.5397039757994815,0.25,0.550561797752809
Left,contig,Ang,RTT,HTL,6,0.3,1,401,89,241,34,SDM-Ang-HS4,arc labels,,0.47560141169691733,0.2076271186440678,0.550561797752809
Left,contig,Ang,RTT,HTL,6,0.3,1,401,89,241,34,SDM-Ang-HSsrc,arc labels,,0.4554703255545952,0.19095477386934673,0.42696629213483145
Left,contig,Ang,RTT,HTL,6,0.3,1,401,89,241,34,SDM-Ang-PCA,arc labels,32.0,0.4891421780466724,0.21390374331550802,0.449438202247191
Left,contig,Ang,RTT,HTL,6,0.5,1,401,89,380,78,NoAdapt,nothing,,0.5910940651109191,0.2798165137614679,0.6853932584269663
Left,contig,Ang,RTT,HTL,6,0.5,1,401,89,380,78,TargetOnly,arc labels,,0.5501296456352636,0.25773195876288657,0.5617977528089888
Left,contig,Ang,RTT,HTL,6,0.5,1,401,89,380,78,Source+Target,arc labels,,0.5647687986171133,0.2525597269624573,0.8314606741573034
Left,contig,Ang,RTT,HTL,6,0.5,1,401,89,380,78,COT,arc labels,,0.5912921348314606,0.2618296529968454,0.9325842696629213
Left,contig,Ang,RTT,HTL,6,0.5,1,401,89,380,78,none-Ang-HS4,arc labels,,0.5033671852492078,0.22784810126582278,0.20224719101123595
Left,contig,Ang,RTT,HTL,6,0.5,1,401,89,380,78,none-Ang-HSsrc,nothing,,0.5998811581676751,0.2914572864321608,0.651685393258427
Left,contig,Ang,RTT,HTL,6,0.5,1,401,89,380,78,none-Ang-PCA,arc segments,16.0,0.5628601267646212,0.28368794326241137,0.449438202247191
Left,contig,Ang,RTT,HTL,6,0.5,1,401,89,380,78,QOTu-Ang-HS4,arc labels,,0.4954804091040046,0.21768707482993196,0.3595505617977528
Left,contig,Ang,RTT,HTL,6,0.5,1,401,89,380,78,QOTu-Ang-HSsrc,arc segments,,0.5942811869778162,0.28502415458937197,0.6629213483146067
Left,contig,Ang,RTT,HTL,6,0.5,1,401,89,380,78,QOTu-Ang-PCA,arc segments,16.0,0.5211754537597234,0.24050632911392406,0.42696629213483145
Left,contig,Ang,RTT,HTL,6,0.5,1,401,89,380,78,QOTc-Ang-HS4,arc labels,,0.5213014981273408,0.23529411764705882,0.5842696629213483
Left,contig,Ang,RTT,HTL,6,0.5,1,401,89,380,78,QOTc-Ang-HSsrc,arc labels,,0.551822241428983,0.25210084033613445,0.6741573033707865
Left,contig,Ang,RTT,HTL,6,0.5,1,401,89,380,78,QOTc-Ang-PCA,arc labels,64.0,0.4866392970325555,0.20863309352517986,0.3258426966292135
Left,contig,Ang,RTT,HTL,6,0.5,1,401,89,380,78,SDM-Ang-HS4,arc labels,,0.4988115816767502,0.22115384615384615,0.5168539325842697
Left,contig,Ang,RTT,HTL,6,0.5,1,401,89,380,78,SDM-Ang-HSsrc,arc labels,,0.5646067415730337,0.2641509433962264,0.6292134831460674
Left,contig,Ang,RTT,HTL,6,0.5,1,401,89,380,78,SDM-Ang-PCA,arc labels,64.0,0.4835422068568136,0.21025641025641026,0.4606741573033708
Left,contig,Ang,RTT,HTL,7,0.05,1,401,88,40,5,NoAdapt,nothing,,0.5531694742956723,0.2578947368421053,0.5568181818181818
Left,contig,Ang,RTT,HTL,7,0.05,1,401,88,40,5,TargetOnly,arc labels,,0.4947720011617775,0.21621621621621623,0.5454545454545454
Left,contig,Ang,RTT,HTL,7,0.05,1,401,88,40,5,Source+Target,arc labels,,0.5320577984316004,0.23893805309734514,0.6136363636363636
Left,contig,Ang,RTT,HTL,7,0.05,1,401,88,40,5,COT,arc labels,,0.5,0.2194513715710723,1.0
Left,contig,Ang,RTT,HTL,7,0.05,1,401,88,40,5,none-Ang-HS4,arc labels,,0.4883277664827186,0.20388349514563106,0.23863636363636365
Left,contig,Ang,RTT,HTL,7,0.05,1,401,88,40,5,none-Ang-HSsrc,nothing,,0.5442927679349404,0.2513089005235602,0.5454545454545454
Left,contig,Ang,RTT,HTL,7,0.05,1,401,88,40,5,none-Ang-PCA,arc segments,32.0,0.44374455416787684,0.08620689655172414,0.056818181818181816
Left,contig,Ang,RTT,HTL,7,0.05,1,401,88,40,5,QOTu-Ang-HS4,arc labels,,0.4898344467034563,0.21476510067114093,0.7272727272727273
Left,contig,Ang,RTT,HTL,7,0.05,1,401,88,40,5,QOTu-Ang-HSsrc,arc segments,,0.4763287830380482,0.2074074074074074,0.6363636363636364
Left,contig,Ang,RTT,HTL,7,0.05,1,401,88,40,5,QOTu-Ang-PCA,arc segments,16.0,0.5043748184722625,0.22178988326848248,0.6477272727272727
Left,contig,Ang,RTT,HTL,7,0.05,1,401,88,40,5,QOTc-Ang-HS4,arc labels,,0.466217688062736,0.20344827586206896,0.6704545454545454
Left,contig,Ang,RTT,HTL,7,0.05,1,401,88,40,5,QOTc-Ang-HSsrc,arc labels,,0.5255046471100784,0.23282442748091603,0.6931818181818182
Left,contig,Ang,RTT,HTL,7,0.05,1,401,88,40,5,QOTc-Ang-PCA,arc labels,64.0,0.5339456869009584,0.27848101265822783,0.25
Left,contig,Ang,RTT,HTL,7,0.05,1,401,88,40,5,SDM-Ang-HS4,arc labels,,0.5516809468486785,0.4166666666666667,0.17045454545454544
Left,contig,Ang,RTT,HTL,7,0.05,1,401,88,40,5,SDM-Ang-HSsrc,arc labels,,0.45164101074644203,0.1927710843373494,0.5454545454545454
Left,contig,Ang,RTT,HTL,7,0.05,1,401,88,40,5,SDM-Ang-PCA,arc labels,64.0,0.5026866105140866,0.22641509433962265,0.13636363636363635
Left,contig,Ang,RTT,HTL,7,0.1,1,401,88,80,17,NoAdapt,nothing,,0.5531694742956723,0.2578947368421053,0.5568181818181818
Left,contig,Ang,RTT,HTL,7,0.1,1,401,88,80,17,TargetOnly,arc labels,,0.47191765901829796,0.20783132530120482,0.7840909090909091
Left,contig,Ang,RTT,HTL,7,0.1,1,401,88,80,17,Source+Target,arc labels,,0.5001270694162068,0.21951219512195122,0.7159090909090909
Left,contig,Ang,RTT,HTL,7,0.1,1,401,88,80,17,COT,arc labels,,0.5065168457740343,0.2226148409893993,0.7159090909090909
Left,contig,Ang,RTT,HTL,7,0.1,1,401,88,80,17,none-Ang-HS4,arc labels,,0.487964711007842,0.2,0.19318181818181818
Left,contig,Ang,RTT,HTL,7,0.1,1,401,88,80,17,none-Ang-HSsrc,nothing,,0.5442927679349404,0.2513089005235602,0.5454545454545454
Left,contig,Ang,RTT,HTL,7,0.1,1,401,88,80,17,none-Ang-PCA,arc segments,32.0,0.4341598896311356,0.078125,0.056818181818181816
Left,contig,Ang,RTT,HTL,7,0.1,1,401,88,80,17,QOTu-Ang-HS4,arc labels,,0.49052425210572176,0.21428571428571427,0.6136363636363636
Left,contig,Ang,RTT,HTL,7,0.1,1,401,88,80,17,QOTu-Ang-HSsrc,arc segments,,0.4914137380191693,0.21484375,0.625
Left,contig,Ang,RTT,HTL,7,0.1,1,401,88,80,17,QOTu-Ang-PCA,arc segments,16.0,0.46619953528899216,0.20080321285140562,0.5681818181818182
Left,contig,Ang,RTT,HTL,7,0.1,1,401,88,80,17,QOTc-Ang-HS4,arc labels,,0.44207449898344464,0.19256756756756757,0.6477272727272727
Left,contig,Ang,RTT,HTL,7,0.1,1,401,88,80,17,QOTc-Ang-HSsrc,arc labels,,0.47206288120824863,0.20463320463320464,0.6022727272727273
Left,contig,Ang,RTT,HTL,7,0.1,1,401,88,80,17,QOTc-Ang-PCA,arc labels,64.0,0.46903136799302936,0.20087336244541484,0.5227272727272727
Left,contig,Ang,RTT,HTL,7,0.1,1,401,88,80,17,SDM-Ang-HS4,arc labels,,0.44668530351437696,0.1936619718309859,0.625
Left,contig,Ang,RTT,HTL,7,0.1,1,401,88,80,17,SDM-Ang-HSsrc,arc labels,,0.5130881498693001,0.22569444444444445,0.7386363636363636
Left,contig,Ang,RTT,HTL,7,0.1,1,401,88,80,17,SDM-Ang-PCA,arc labels,64.0,0.4986566947429567,0.21839080459770116,0.4318181818181818
Left,contig,Ang,RTT,HTL,7,0.2,1,401,88,161,27,NoAdapt,nothing,,0.5531694742956723,0.2578947368421053,0.5568181818181818
Left,contig,Ang,RTT,HTL,7,0.2,1,401,88,161,27,TargetOnly,arc labels,,0.4642208829509149,0.193717277486911,0.42045454545454547
Left,contig,Ang,RTT,HTL,7,0.2,1,401,88,161,27,Source+Target,arc labels,,0.5143225384838803,0.22676579925650558,0.6931818181818182
Left,contig,Ang,RTT,HTL,7,0.2,1,401,88,161,27,COT,arc labels,,0.44646747022945105,0.18134715025906736,0.3977272727272727
Left,contig,Ang,RTT,HTL,7,0.2,1,401,88,161,27,none-Ang-HS4,arc labels,,0.49932834737147835,0.21839080459770116,0.2159090909090909
Left,contig,Ang,RTT,HTL,7,0.2,1,401,88,161,27,none-Ang-HSsrc,nothing,,0.5442927679349404,0.2513089005235602,0.5454545454545454
Left,contig,Ang,RTT,HTL,7,0.2,1,401,88,161,27,none-Ang-PCA,arc segments,16.0,0.5284635492303225,0.25,0.36363636363636365
Left,contig,Ang,RTT,HTL,7,0.2,1,401,88,161,27,QOTu-Ang-HS4,arc labels,,0.4576495788556491,0.1881720430107527,0.3977272727272727
Left,contig,Ang,RTT,HTL,7,0.2,1,401,88,161,27,QOTu-Ang-HSsrc,arc segments,,0.5043566656985188,0.2222222222222222,0.5454545454545454
Left,contig,Ang,RTT,HTL,7,0.2,1,401,88,161,27,QOTu-Ang-PCA,arc segments,16.0,0.45926517571884984,0.19469026548672566,0.5
Left,contig,Ang,RTT,HTL,7,0.2,1,401,88,161,27,QOTc-Ang-HS4,arc labels,,0.41275776938716235,0.17073170731707318,0.4772727272727273
Left,contig,Ang,RTT,HTL,7,0.2,1,401,88,161,27,QOTc-Ang-HSsrc,arc labels,,0.5253231193726401,0.233201581027668,0.6704545454545454
Left,contig,Ang,RTT,HTL,7,0.2,1,401,88,161,27,QOTc-Ang-PCA,arc labels,64.0,0.5115996224223062,0.23134328358208955,0.3522727272727273
Left,contig,Ang,RTT,HTL,7,0.2,1,401,88,161,27,SDM-Ang-HS4,arc labels,,0.40511545164101076,0.16228070175438597,0.42045454545454547
Left,contig,Ang,RTT,HTL,7,0.2,1,401,88,161,27,SDM-Ang-HSsrc,arc labels,,0.49778536160325293,0.21800947867298578,0.5227272727272727
Left,contig,Ang,RTT,HTL,7,0.2,1,401,88,161,27,SDM-Ang-PCA,arc labels,64.0,0.47894278245715943,0.20125786163522014,0.36363636363636365
Left,contig,Ang,RTT,HTL,7,0.3,1,401,88,241,39,NoAdapt,nothing,,0.5531694742956723,0.2578947368421053,0.5568181818181818
Left,contig,Ang,RTT,HTL,7,0.3,1,401,88,241,39,TargetOnly,arc labels,,0.4992012779552716,0.21890547263681592,0.5
Left,contig,Ang,RTT,HTL,7,0.3,1,401,88,241,39,Source+Target,arc labels,,0.5205307871042695,0.23046875,0.6704545454545454
Left,contig,Ang,RTT,HTL,7,0.3,1,401,88,241,39,COT,arc labels,,0.5075515538774324,0.22429906542056074,0.5454545454545454
Left,contig,Ang,RTT,HTL,7,0.3,1,401,88,241,39,none-Ang-HS4,arc labels,,0.5096391228579727,0.23076923076923078,0.3068181818181818
Left,contig,Ang,RTT,HTL,7,0.3,1,401,88,241,39,none-Ang-HSsrc,nothing,,0.5442927679349404,0.2513089005235602,0.5454545454545454
Left,contig,Ang,RTT,HTL,7,0.3,1,401,88,241,39,none-Ang-PCA,arc segments,16.0,0.527755591054313,0.24812030075187969,0.375
Left,contig,Ang,RTT,HTL,7,0.3,1,401,88,241,39,QOTu-Ang-HS4,arc labels,,0.4695577984316004,0.2,0.48863636363636365
Left,contig,Ang,RTT,HTL,7,0.3,1,401,88,241,39,QOTu-Ang-HSsrc,arc segments,,0.5045381934359571,0.2222222222222222,0.5681818181818182
Left,contig,Ang,RTT,HTL,7,0.3,1,401,88,241,39,QOTu-Ang-PCA,arc segments,16.0,0.44860949753122276,0.1872146118721461,0.4659090909090909
Left,contig,Ang,RTT,HTL,7,0.3,1,401,88,241,39,QOTc-Ang-HS4,arc labels,,0.49923758350275926,0.21908127208480566,0.7045454545454546
Left,contig,Ang,RTT,HTL,7,0.3,1,401,88,241,39,QOTc-Ang-HSsrc,arc labels,,0.5373947139122858,0.24,0.6818181818181818
Left,contig,Ang,RTT,HTL,7,0.3,1,401,88,241,39,QOTc-Ang-PCA,arc labels,64.0,0.5422959628231194,0.2826086956521739,0.29545454545454547
Left,contig,Ang,RTT,HTL,7,0.3,1,401,88,241,39,SDM-Ang-HS4,arc labels,,0.42802425210572176,0.17842323651452283,0.48863636363636365
Left,contig,Ang,RTT,HTL,7,0.3,1,401,88,241,39,SDM-Ang-HSsrc,arc labels,,0.5606302643043857,0.2613065326633166,0.5909090909090909
Left,contig,Ang,RTT,HTL,7,0.3,1,401,88,241,39,SDM-Ang-PCA,arc labels,64.0,0.4913592796979378,0.21052631578947367,0.3181818181818182
Left,contig,Ang,RTT,HTL,7,0.5,1,401,88,391,79,NoAdapt,nothing,,0.5531694742956723,0.2578947368421053,0.5568181818181818
Left,contig,Ang,RTT,HTL,7,0.5,1,401,88,391,79,TargetOnly,arc labels,,0.5073700261399942,0.22439024390243903,0.5227272727272727
Left,contig,Ang,RTT,HTL,7,0.5,1,401,88,391,79,Source+Target,arc labels,,0.547505808887598,0.24782608695652175,0.6477272727272727
Left,contig,Ang,RTT,HTL,7,0.5,1,401,88,391,79,COT,arc labels,,0.48148417078129535,0.21052631578947367,0.6818181818181818
Left,contig,Ang,RTT,HTL,7,0.5,1,401,88,391,79,none-Ang-HS4,arc labels,,0.5085681092070868,0.23076923076923078,0.2727272727272727
Left,contig,Ang,RTT,HTL,7,0.5,1,401,88,391,79,none-Ang-HSsrc,nothing,,0.5442927679349404,0.2513089005235602,0.5454545454545454
Left,contig,Ang,RTT,HTL,7,0.5,1,401,88,391,79,none-Ang-PCA,arc segments,16.0,0.5211842869590473,0.2421875,0.3522727272727273
Left,contig,Ang,RTT,HTL,7,0.5,1,401,88,391,79,QOTu-Ang-HS4,arc labels,,0.4590654952076677,0.1875,0.375
Left,contig,Ang,RTT,HTL,7,0.5,1,401,88,391,79,QOTu-Ang-HSsrc,arc segments,,0.5203311065930873,0.23300970873786409,0.5454545454545454
Left,contig,Ang,RTT,HTL,7,0.5,1,401,88,391,79,QOTu-Ang-PCA,arc segments,16.0,0.46581832704037174,0.19473684210526315,0.42045454545454547
Left,contig,Ang,RTT,HTL,7,0.5,1,401,88,391,79,QOTc-Ang-HS4,arc labels,,0.4935376125471972,0.2157676348547718,0.5909090909090909
Left,contig,Ang,RTT,HTL,7,0.5,1,401,88,391,79,QOTc-Ang-HSsrc,arc labels,,0.5088040952657567,0.2245762711864407,0.6022727272727273
Left,contig,Ang,RTT,HTL,7,0.5,1,401,88,391,79,QOTc-Ang-PCA,arc labels,64.0,0.5181709265175719,0.23741007194244604,0.375
Left,contig,Ang,RTT,HTL,7,0.5,1,401,88,391,79,SDM-Ang-HS4,arc labels,,0.4759657275631717,0.20634920634920634,0.5909090909090909
Left,contig,Ang,RTT,HTL,7,0.5,1,401,88,391,79,SDM-Ang-HSsrc,arc labels,,0.5476510310775486,0.2611464968152866,0.4659090909090909
Left,contig,Ang,RTT,HTL,7,0.5,1,401,88,391,79,SDM-Ang-PCA,arc labels,64.0,0.48055837932036016,0.20603015075376885,0.4659090909090909
Left,contig,Ang,RTT,PTT,0,0.05,1,1136,85,114,5,NoAdapt,nothing,,0.5167515531426653,0.08259587020648967,0.32941176470588235
Left,contig,Ang,RTT,PTT,0,0.05,1,1136,85,114,5,TargetOnly,arc labels,,0.5525773772877371,0.08702064896755163,0.6941176470588235
Left,contig,Ang,RTT,PTT,0,0.05,1,1136,85,114,5,Source+Target,arc labels,,0.5174007947612917,0.08262108262108261,0.3411764705882353
Left,contig,Ang,RTT,PTT,0,0.05,1,1136,85,114,5,COT,arc labels,,0.48285666312195674,0.07113543091655267,0.611764705882353
Left,contig,Ang,RTT,PTT,0,0.05,1,1136,85,114,5,none-Ang-HS4,arc labels,,0.4993563552918789,0.07407407407407407,0.11764705882352941
Left,contig,Ang,RTT,PTT,0,0.05,1,1136,85,114,5,none-Ang-HSsrc,nothing,,0.4840040297755639,0.061855670103092786,0.1411764705882353
Left,contig,Ang,RTT,PTT,0,0.05,1,1136,85,114,5,none-Ang-PCA,arc segments,16.0,0.46337381765265573,0.049107142857142856,0.12941176470588237
Left,contig,Ang,RTT,PTT,0,0.05,1,1136,85,114,5,QOTu-Ang-HS4,arc labels,,0.5147982313762803,0.08974358974358974,0.16470588235294117
Left,contig,Ang,RTT,PTT,0,0.05,1,1136,85,114,5,QOTu-Ang-HSsrc,arc segments,,0.48422230928527454,0.06477732793522267,0.18823529411764706
Left,contig,Ang,RTT,PTT,0,0.05,1,1136,85,114,5,QOTu-Ang-PCA,arc segments,16.0,0.5141042144736105,0.09615384615384616,0.11764705882352941
Left,contig,Ang,RTT,PTT,0,0.05,1,1136,85,114,5,QOTc-Ang-HS4,arc labels,,0.44179772765433484,0.052109181141439205,0.24705882352941178
Left,contig,Ang,RTT,PTT,0,0.05,1,1136,85,114,5,QOTc-Ang-HSsrc,arc labels,,0.4630324061118263,0.057971014492753624,0.23529411764705882
Left,contig,Ang,RTT,PTT,0,0.05,1,1136,85,114,5,QOTc-Ang-PCA,arc labels,64.0,0.4716740359321654,0.035398230088495575,0.047058823529411764
Left,contig,Ang,RTT,PTT,0,0.05,1,1136,85,114,5,SDM-Ang-HS4,arc labels,,0.48651144568198357,0.06172839506172839,0.11764705882352941
Left,contig,Ang,RTT,PTT,0,0.05,1,1136,85,114,5,SDM-Ang-HSsrc,arc labels,,0.45291319191806123,0.05597964376590331,0.25882352941176473
Left,contig,Ang,RTT,PTT,0,0.05,1,1136,85,114,5,SDM-Ang-PCA,arc labels,64.0,0.5560194772485587,0.11822660098522167,0.2823529411764706
Left,contig,Ang,RTT,PTT,0,0.1,1,1136,85,227,7,NoAdapt,nothing,,0.5167515531426653,0.08259587020648967,0.32941176470588235
Left,contig,Ang,RTT,PTT,0,0.1,1,1136,85,227,7,TargetOnly,arc labels,,0.5465271170313987,0.08384710234278668,0.8
Left,contig,Ang,RTT,PTT,0,0.1,1,1136,85,227,7,Source+Target,arc labels,,0.5275647842391,0.08746355685131195,0.35294117647058826
Left,contig,Ang,RTT,PTT,0,0.1,1,1136,85,227,7,COT,arc labels,,0.479442547713662,0.07080745341614907,0.6705882352941176
Left,contig,Ang,RTT,PTT,0,0.1,1,1136,85,227,7,none-Ang-HS4,arc labels,,0.4792018805619298,0.054878048780487805,0.10588235294117647
Left,contig,Ang,RTT,PTT,0,0.1,1,1136,85,227,7,none-Ang-HSsrc,nothing,,0.4840040297755639,0.061855670103092786,0.1411764705882353
Left,contig,Ang,RTT,PTT,0,0.1,1,1136,85,227,7,none-Ang-PCA,arc segments,16.0,0.4680024626406224,0.05394190871369295,0.15294117647058825
Left,contig,Ang,RTT,PTT,0,0.1,1,1136,85,227,7,QOTu-Ang-HS4,arc labels,,0.5013040801477584,0.07602339181286549,0.15294117647058825
Left,contig,Ang,RTT,PTT,0,0.1,1,1136,85,227,7,QOTu-Ang-HSsrc,arc segments,,0.48928191638215707,0.06726457399103139,0.17647058823529413
Left,contig,Ang,RTT,PTT,0,0.1,1,1136,85,227,7,QOTu-Ang-PCA,arc segments,16.0,0.4953769519225387,0.06923076923076923,0.10588235294117647
Left,contig,Ang,RTT,PTT,0,0.1,1,1136,85,227,7,QOTc-Ang-HS4,arc labels,,0.4649353556836626,0.05865102639296188,0.23529411764705882
Left,contig,Ang,RTT,PTT,0,0.1,1,1136,85,227,7,QOTc-Ang-HSsrc,arc labels,,0.4459506352493423,0.05463182897862233,0.27058823529411763
Left,contig,Ang,RTT,PTT,0,0.1,1,1136,85,227,7,QOTc-Ang-PCA,arc labels,64.0,0.4234174735545979,0.04835164835164835,0.25882352941176473
Left,contig,Ang,RTT,PTT,0,0.1,1,1136,85,227,7,SDM-Ang-HS4,arc labels,,0.48763642469356916,0.06358381502890173,0.12941176470588237
Left,contig,Ang,RTT,PTT,0,0.1,1,1136,85,227,7,SDM-Ang-HSsrc,arc labels,,0.4206917781384676,0.04608294930875576,0.23529411764705882
Left,contig,Ang,RTT,PTT,0,0.1,1,1136,85,227,7,SDM-Ang-PCA,arc labels,64.0,0.44713158336598197,0.0639686684073107,0.5764705882352941
Left,contig,Ang,RTT,PTT,0,0.2,1,1136,85,454,10,NoAdapt,nothing,,0.5167515531426653,0.08259587020648967,0.32941176470588235
Left,contig,Ang,RTT,PTT,0,0.2,1,1136,85,454,10,TargetOnly,arc labels,,0.49486763306654724,0.07272727272727272,0.32941176470588235
Left,contig,Ang,RTT,PTT,0,0.2,1,1136,85,454,10,Source+Target,arc labels,,0.5313706833827727,0.08955223880597014,0.35294117647058826
Left,contig,Ang,RTT,PTT,0,0.2,1,1136,85,454,10,COT,arc labels,,0.4562489505792803,0.06191369606003752,0.38823529411764707
Left,contig,Ang,RTT,PTT,0,0.2,1,1136,85,454,10,none-Ang-HS4,arc labels,,0.49394973974366146,0.06766917293233082,0.10588235294117647
Left,contig,Ang,RTT,PTT,0,0.2,1,1136,85,454,10,none-Ang-HSsrc,nothing,,0.4840040297755639,0.061855670103092786,0.1411764705882353
Left,contig,Ang,RTT,PTT,0,0.2,1,1136,85,454,10,none-Ang-PCA,arc segments,16.0,0.4654502714501595,0.05150214592274678,0.1411764705882353
Left,contig,Ang,RTT,PTT,0,0.2,1,1136,85,454,10,QOTu-Ang-HS4,arc labels,,0.49036212010969943,0.06701030927835051,0.15294117647058825
Left,contig,Ang,RTT,PTT,0,0.2,1,1136,85,454,10,QOTu-Ang-HSsrc,arc segments,,0.49261207813287067,0.06944444444444445,0.17647058823529413
Left,contig,Ang,RTT,PTT,0,0.2,1,1136,85,454,10,QOTu-Ang-PCA,arc segments,16.0,0.48941064532378126,0.0663265306122449,0.15294117647058825
Left,contig,Ang,RTT,PTT,0,0.2,1,1136,85,454,10,QOTc-Ang-HS4,arc labels,,0.4954665024906252,0.07142857142857142,0.17647058823529413
Left,contig,Ang,RTT,PTT,0,0.2,1,1136,85,454,10,QOTc-Ang-HSsrc,arc labels,,0.4510102423462249,0.055415617128463476,0.25882352941176473
Left,contig,Ang,RTT,PTT,0,0.2,1,1136,85,454,10,QOTc-Ang-PCA,arc labels,64.0,0.46527676722449207,0.05,0.12941176470588237
Left,contig,Ang,RTT,PTT,0,0.2,1,1136,85,454,10,SDM-Ang-HS4,arc labels,,0.4862092125146919,0.0625,0.12941176470588237
Left,contig,Ang,RTT,PTT,0,0.2,1,1136,85,454,10,SDM-Ang-HSsrc,arc labels,,0.45429562881289526,0.054285714285714284,0.2235294117647059
Left,contig,Ang,RTT,PTT,0,0.2,1,1136,85,454,10,SDM-Ang-PCA,arc labels,64.0,0.477864218951139,0.06072874493927125,0.17647058823529413
Left,contig,Ang,RTT,PTT,0,0.3,1,1136,85,682,28,NoAdapt,nothing,,0.5167515531426653,0.08259587020648967,0.32941176470588235
Left,contig,Ang,RTT,PTT,0,0.3,1,1136,85,682,28,TargetOnly,arc labels,,0.49373705714445626,0.07048458149779736,0.18823529411764706
Left,contig,Ang,RTT,PTT,0,0.3,1,1136,85,682,28,Source+Target,arc labels,,0.5376839984328651,0.09491525423728814,0.32941176470588235
Left,contig,Ang,RTT,PTT,0,0.3,1,1136,85,682,28,COT,arc labels,,0.4554821738400403,0.0665083135391924,0.6588235294117647
Left,contig,Ang,RTT,PTT,0,0.3,1,1136,85,682,28,none-Ang-HS4,arc labels,,0.5030783007779706,0.07731958762886598,0.17647058823529413
Left,contig,Ang,RTT,PTT,0,0.3,1,1136,85,682,28,none-Ang-HSsrc,nothing,,0.4840040297755639,0.061855670103092786,0.1411764705882353
Left,contig,Ang,RTT,PTT,0,0.3,1,1136,85,682,28,none-Ang-PCA,arc segments,16.0,0.467828958414955,0.05263157894736842,0.1411764705882353
Left,contig,Ang,RTT,PTT,0,0.3,1,1136,85,682,28,QOTu-Ang-HS4,arc labels,,0.5147982313762803,0.08974358974358974,0.16470588235294117
Left,contig,Ang,RTT,PTT,0,0.3,1,1136,85,682,28,QOTu-Ang-HSsrc,arc segments,,0.5011753512061342,0.07575757575757576,0.17647058823529413
Left,contig,Ang,RTT,PTT,0,0.3,1,1136,85,682,28,QOTu-Ang-PCA,arc segments,16.0,0.4926960317904517,0.06711409395973154,0.11764705882352941
Left,contig,Ang,RTT,PTT,0,0.3,1,1136,85,682,28,QOTc-Ang-HS4,arc labels,,0.5213746012201265,0.09090909090909091,0.2235294117647059
Left,contig,Ang,RTT,PTT,0,0.3,1,1136,85,682,28,QOTc-Ang-HSsrc,arc labels,,0.4840488050596071,0.0641025641025641,0.17647058823529413
Left,contig,Ang,RTT,PTT,0,0.3,1,1136,85,682,28,QOTc-Ang-PCA,arc labels,32.0,0.5644596182907036,0.10306406685236769,0.43529411764705883
Left,contig,Ang,RTT,PTT,0,0.3,1,1136,85,682,28,SDM-Ang-HS4,arc labels,,0.46013320647002853,0.05466237942122187,0.2
Left,contig,Ang,RTT,PTT,0,0.3,1,1136,85,682,28,SDM-Ang-HSsrc,arc labels,,0.4408070744948788,0.056640625,0.3411764705882353
Left,contig,Ang,RTT,PTT,0,0.3,1,1136,85,682,28,SDM-Ang-PCA,arc labels,64.0,0.4619074271002407,0.05688622754491018,0.2235294117647059
Left,contig,Ang,RTT,PTT,0,0.5,1,1136,85,1124,54,NoAdapt,nothing,,0.5167515531426653,0.08259587020648967,0.32941176470588235
Left,contig,Ang,RTT,PTT,0,0.5,1,1136,85,1124,54,TargetOnly,arc labels,,0.5066771142329434,0.07728337236533958,0.38823529411764707
Left,contig,Ang,RTT,PTT,0,0.5,1,1136,85,1124,54,Source+Target,arc labels,,0.5141545866681592,0.08247422680412371,0.2823529411764706
Left,contig,Ang,RTT,PTT,0,0.5,1,1136,85,1124,54,COT,arc labels,,0.5133934068394246,0.07764390896921017,0.6823529411764706
Left,contig,Ang,RTT,PTT,0,0.5,1,1136,85,1124,54,none-Ang-HS4,arc labels,,0.48885095427324116,0.06818181818181818,0.21176470588235294
Left,contig,Ang,RTT,PTT,0,0.5,1,1136,85,1124,54,none-Ang-HSsrc,nothing,,0.4840040297755639,0.061855670103092786,0.1411764705882353
Left,contig,Ang,RTT,PTT,0,0.5,1,1136,85,1124,54,none-Ang-PCA,arc segments,16.0,0.48988638271674034,0.06666666666666667,0.15294117647058825
Left,contig,Ang,RTT,PTT,0,0.5,1,1136,85,1124,54,QOTu-Ang-HS4,arc labels,,0.47669446465551013,0.05612244897959184,0.12941176470588237
Left,contig,Ang,RTT,PTT,0,0.5,1,1136,85,1124,54,QOTu-Ang-HSsrc,arc segments,,0.5065371914703084,0.08125,0.15294117647058825
Left,contig,Ang,RTT,PTT,0,0.5,1,1136,85,1124,54,QOTu-Ang-PCA,arc segments,16.0,0.48824089102815244,0.06206896551724138,0.10588235294117647
Left,contig,Ang,RTT,PTT,0,0.5,1,1136,85,1124,54,QOTc-Ang-HS4,arc labels,,0.48318688084177536,0.06645569620253164,0.24705882352941178
Left,contig,Ang,RTT,PTT,0,0.5,1,1136,85,1124,54,QOTc-Ang-HSsrc,arc labels,,0.48054513908322605,0.06140350877192982,0.16470588235294117
Left,contig,Ang,RTT,PTT,0,0.5,1,1136,85,1124,54,QOTc-Ang-PCA,arc labels,16.0,0.4901158560474618,0.07195571955719557,0.4588235294117647
Left,contig,Ang,RTT,PTT,0,0.5,1,1136,85,1124,54,SDM-Ang-HS4,arc labels,,0.4587115912016567,0.06073752711496746,0.32941176470588235
Left,contig,Ang,RTT,PTT,0,0.5,1,1136,85,1124,54,SDM-Ang-HSsrc,arc labels,,0.4344489841607433,0.0546875,0.32941176470588235
Left,contig,Ang,RTT,PTT,0,0.5,1,1136,85,1124,54,SDM-Ang-PCA,arc labels,64.0,0.5531258745172665,0.10126582278481013,0.3764705882352941
Left,contig,Ang,RTT,PTT,1,0.05,1,1136,76,114,9,NoAdapt,nothing,,0.4875372393247269,0.06279069767441861,0.35526315789473684
Left,contig,Ang,RTT,PTT,1,0.05,1,1136,76,114,9,TargetOnly,arc labels,,0.581454816285998,0.09072164948453608,0.5789473684210527
Left,contig,Ang,RTT,PTT,1,0.05,1,1136,76,114,9,Source+Target,arc labels,,0.49635054617676266,0.0658682634730539,0.4342105263157895
Left,contig,Ang,RTT,PTT,1,0.05,1,1136,76,114,9,COT,arc labels,,0.4677755710029792,0.06060606060606061,0.5789473684210527
Left,contig,Ang,RTT,PTT,1,0.05,1,1136,76,114,9,none-Ang-HS4,arc labels,,0.49980139026812315,0.06666666666666667,0.10526315789473684
Left,contig,Ang,RTT,PTT,1,0.05,1,1136,76,114,9,none-Ang-HSsrc,nothing,,0.4902929493545184,0.05945945945945946,0.14473684210526316
Left,contig,Ang,RTT,PTT,1,0.05,1,1136,76,114,9,none-Ang-PCA,arc segments,16.0,0.5287487586891758,0.08403361344537816,0.2631578947368421
Left,contig,Ang,RTT,PTT,1,0.05,1,1136,76,114,9,QOTu-Ang-HS4,arc labels,,0.5068272095332671,0.07407407407407407,0.13157894736842105
Left,contig,Ang,RTT,PTT,1,0.05,1,1136,76,114,9,QOTu-Ang-HSsrc,arc segments,,0.4879592850049652,0.05714285714285714,0.13157894736842105
Left,contig,Ang,RTT,PTT,1,0.05,1,1136,76,114,9,QOTu-Ang-PCA,arc segments,16.0,0.5570754716981132,0.1165644171779141,0.25
Left,contig,Ang,RTT,PTT,1,0.05,1,1136,76,114,9,QOTc-Ang-HS4,arc labels,,0.44771598808341606,0.045714285714285714,0.21052631578947367
Left,contig,Ang,RTT,PTT,1,0.05,1,1136,76,114,9,QOTc-Ang-HSsrc,arc labels,,0.49121151936444885,0.06060606060606061,0.15789473684210525
Left,contig,Ang,RTT,PTT,1,0.05,1,1136,76,114,9,QOTc-Ang-PCA,arc labels,64.0,0.42137537239324724,0.036011080332409975,0.17105263157894737
Left,contig,Ang,RTT,PTT,1,0.05,1,1136,76,114,9,SDM-Ang-HS4,arc labels,,0.5068520357497517,0.075,0.11842105263157894
Left,contig,Ang,RTT,PTT,1,0.05,1,1136,76,114,9,SDM-Ang-HSsrc,arc labels,,0.4463505461767627,0.043343653250773995,0.18421052631578946
Left,contig,Ang,RTT,PTT,1,0.05,1,1136,76,114,9,SDM-Ang-PCA,arc labels,32.0,0.3948609731876862,0.03563941299790356,0.2236842105263158
Left,contig,Ang,RTT,PTT,1,0.1,1,1136,76,227,11,NoAdapt,nothing,,0.4875372393247269,0.06279069767441861,0.35526315789473684
Left,contig,Ang,RTT,PTT,1,0.1,1,1136,76,227,11,TargetOnly,arc labels,,0.6064299900695134,0.10067114093959731,0.5921052631578947
Left,contig,Ang,RTT,PTT,1,0.1,1,1136,76,227,11,Source+Target,arc labels,,0.49399205561072496,0.06521739130434782,0.4342105263157895
Left,contig,Ang,RTT,PTT,1,0.1,1,1136,76,227,11,COT,arc labels,,0.4950347567030784,0.06593406593406594,0.631578947368421
Left,contig,Ang,RTT,PTT,1,0.1,1,1136,76,227,11,none-Ang-HS4,arc labels,,0.496077457795432,0.061224489795918366,0.07894736842105263
Left,contig,Ang,RTT,PTT,1,0.1,1,1136,76,227,11,none-Ang-HSsrc,nothing,,0.4902929493545184,0.05945945945945946,0.14473684210526316
Left,contig,Ang,RTT,PTT,1,0.1,1,1136,76,227,11,none-Ang-PCA,arc segments,16.0,0.43651936444885797,0.03678929765886288,0.14473684210526316
Left,contig,Ang,RTT,PTT,1,0.1,1,1136,76,227,11,QOTu-Ang-HS4,arc labels,,0.49409136047666335,0.06172839506172839,0.13157894736842105
Left,contig,Ang,RTT,PTT,1,0.1,1,1136,76,227,11,QOTu-Ang-HSsrc,arc segments,,0.4935948361469712,0.06179775280898876,0.14473684210526316
Left,contig,Ang,RTT,PTT,1,0.1,1,1136,76,227,11,QOTu-Ang-PCA,arc segments,16.0,0.488480635551142,0.05555555555555555,0.10526315789473684
Left,contig,Ang,RTT,PTT,1,0.1,1,1136,76,227,11,QOTc-Ang-HS4,arc labels,,0.42040714995034756,0.037037037037037035,0.18421052631578946
Left,contig,Ang,RTT,PTT,1,0.1,1,1136,76,227,11,QOTc-Ang-HSsrc,arc labels,,0.46385302879841117,0.046875,0.15789473684210525
Left,contig,Ang,RTT,PTT,1,0.1,1,1136,76,227,11,QOTc-Ang-PCA,arc labels,64.0,0.4820754716981132,0.059006211180124224,0.25
Left,contig,Ang,RTT,PTT,1,0.1,1,1136,76,227,11,SDM-Ang-HS4,arc labels,,0.5136792452830189,0.0692588092345079,0.75
Left,contig,Ang,RTT,PTT,1,0.1,1,1136,76,227,11,SDM-Ang-HSsrc,arc labels,,0.4737586891757696,0.05106382978723404,0.15789473684210525
Left,contig,Ang,RTT,PTT,1,0.1,1,1136,76,227,11,SDM-Ang-PCA,arc labels,32.0,0.41658391261171795,0.038461538461538464,0.21052631578947367
Left,contig,Ang,RTT,PTT,1,0.2,1,1136,76,454,25,NoAdapt,nothing,,0.4875372393247269,0.06279069767441861,0.35526315789473684
Left,contig,Ang,RTT,PTT,1,0.2,1,1136,76,454,25,TargetOnly,arc labels,,0.48540218470705065,0.06335616438356165,0.4868421052631579
Left,contig,Ang,RTT,PTT,1,0.2,1,1136,76,454,25,Source+Target,arc labels,,0.49764150943396224,0.06631762652705062,0.5
Left,contig,Ang,RTT,PTT,1,0.2,1,1136,76,454,25,COT,arc labels,,0.4884558093346574,0.06464924346629987,0.618421052631579
Left,contig,Ang,RTT,PTT,1,0.2,1,1136,76,454,25,none-Ang-HS4,arc labels,,0.49699602780536245,0.06306306306306306,0.09210526315789473
Left,contig,Ang,RTT,PTT,1,0.2,1,1136,76,454,25,none-Ang-HSsrc,nothing,,0.4902929493545184,0.05945945945945946,0.14473684210526316
Left,contig,Ang,RTT,PTT,1,0.2,1,1136,76,454,25,none-Ang-PCA,arc segments,16.0,0.44073982125124134,0.03934426229508197,0.15789473684210525
Left,contig,Ang,RTT,PTT,1,0.2,1,1136,76,454,25,QOTu-Ang-HS4,arc labels,,0.49928003972194634,0.06622516556291391,0.13157894736842105
Left,contig,Ang,RTT,PTT,1,0.2,1,1136,76,454,25,QOTu-Ang-HSsrc,arc segments,,0.49640019860973184,0.06417112299465241,0.15789473684210525
Left,contig,Ang,RTT,PTT,1,0.2,1,1136,76,454,25,QOTu-Ang-PCA,arc segments,16.0,0.46814796425024824,0.04608294930875576,0.13157894736842105
Left,contig,Ang,RTT,PTT,1,0.2,1,1136,76,454,25,QOTc-Ang-HS4,arc labels,,0.44731876861966235,0.042483660130718956,0.17105263157894737
Left,contig,Ang,RTT,PTT,1,0.2,1,1136,76,454,25,QOTc-Ang-HSsrc,arc labels,,0.49349553128103274,0.06302521008403361,0.19736842105263158
Left,contig,Ang,RTT,PTT,1,0.2,1,1136,76,454,25,QOTc-Ang-PCA,arc labels,32.0,0.36112214498510425,0.01932367149758454,0.10526315789473684
Left,contig,Ang,RTT,PTT,1,0.2,1,1136,76,454,25,SDM-Ang-HS4,arc labels,,0.5380834160873883,0.07651245551601424,0.5657894736842105
Left,contig,Ang,RTT,PTT,1,0.2,1,1136,76,454,25,SDM-Ang-HSsrc,arc labels,,0.4099801390268123,0.037209302325581395,0.21052631578947367
Left,contig,Ang,RTT,PTT,1,0.2,1,1136,76,454,25,SDM-Ang-PCA,arc labels,64.0,0.4849056603773585,0.06333333333333334,0.5
Left,contig,Ang,RTT,PTT,1,0.3,1,1136,76,682,42,NoAdapt,nothing,,0.4875372393247269,0.06279069767441861,0.35526315789473684
Left,contig,Ang,RTT,PTT,1,0.3,1,1136,76,682,42,TargetOnly,arc labels,,0.564746772591857,0.09269662921348315,0.4342105263157895
Left,contig,Ang,RTT,PTT,1,0.3,1,1136,76,682,42,Source+Target,arc labels,,0.49451340615690165,0.06526315789473684,0.40789473684210525
Left,contig,Ang,RTT,PTT,1,0.3,1,1136,76,682,42,COT,arc labels,,0.5566037735849056,0.08482142857142858,0.5
Left,contig,Ang,RTT,PTT,1,0.3,1,1136,76,682,42,none-Ang-HS4,arc labels,,0.4842850049652433,0.04878048780487805,0.07894736842105263
Left,contig,Ang,RTT,PTT,1,0.3,1,1136,76,682,42,none-Ang-HSsrc,nothing,,0.4902929493545184,0.05945945945945946,0.14473684210526316
Left,contig,Ang,RTT,PTT,1,0.3,1,1136,76,682,42,none-Ang-PCA,arc segments,16.0,0.43885302879841115,0.038834951456310676,0.15789473684210525
Left,contig,Ang,RTT,PTT,1,0.3,1,1136,76,682,42,QOTu-Ang-HS4,arc labels,,0.4832671300893744,0.052941176470588235,0.11842105263157894
Left,contig,Ang,RTT,PTT,1,0.3,1,1136,76,682,42,QOTu-Ang-HSsrc,arc segments,,0.48088381330685204,0.05263157894736842,0.13157894736842105
Left,contig,Ang,RTT,PTT,1,0.3,1,1136,76,682,42,QOTu-Ang-PCA,arc segments,16.0,0.48612214498510425,0.053691275167785234,0.10526315789473684
Left,contig,Ang,RTT,PTT,1,0.3,1,1136,76,682,42,QOTc-Ang-HS4,arc labels,,0.4582671300893744,0.04035874439461883,0.11842105263157894
Left,contig,Ang,RTT,PTT,1,0.3,1,1136,76,682,42,QOTc-Ang-HSsrc,arc labels,,0.49001986097318767,0.06285714285714286,0.2894736842105263
Left,contig,Ang,RTT,PTT,1,0.3,1,1136,76,682,42,QOTc-Ang-PCA,arc labels,32.0,0.4213008937437934,0.03940886699507389,0.21052631578947367
Left,contig,Ang,RTT,PTT,1,0.3,1,1136,76,682,42,SDM-Ang-HS4,arc labels,,0.48997020854021844,0.06315789473684211,0.3157894736842105
Left,contig,Ang,RTT,PTT,1,0.3,1,1136,76,682,42,SDM-Ang-HSsrc,arc labels,,0.48170307845084415,0.057034220532319393,0.19736842105263158
Left,contig,Ang,RTT,PTT,1,0.3,1,1136,76,682,42,SDM-Ang-PCA,arc labels,64.0,0.5157894736842106,0.0725,0.3815789473684211
Left,contig,Ang,RTT,PTT,1,0.5,1,1136,76,1112,63,NoAdapt,nothing,,0.4875372393247269,0.06279069767441861,0.35526315789473684
Left,contig,Ang,RTT,PTT,1,0.5,1,1136,76,1112,63,TargetOnly,arc labels,,0.46037735849056605,0.051630434782608696,0.25
Left,contig,Ang,RTT,PTT,1,0.5,1,1136,76,1112,63,Source+Target,arc labels,,0.49553128103277055,0.06542056074766354,0.3684210526315789
Left,contig,Ang,RTT,PTT,1,0.5,1,1136,76,1112,63,COT,arc labels,,0.53766137040715,0.07692307692307693,0.5394736842105263
Left,contig,Ang,RTT,PTT,1,0.5,1,1136,76,1112,63,none-Ang-HS4,arc labels,,0.44980139026812316,0.035398230088495575,0.10526315789473684
Left,contig,Ang,RTT,PTT,1,0.5,1,1136,76,1112,63,none-Ang-HSsrc,nothing,,0.4902929493545184,0.05945945945945946,0.14473684210526316
Left,contig,Ang,RTT,PTT,1,0.5,1,1136,76,1112,63,none-Ang-PCA,arc segments,16.0,0.4699851042701092,0.04938271604938271,0.15789473684210525
Left,contig,Ang,RTT,PTT,1,0.5,1,1136,76,1112,63,QOTu-Ang-HS4,arc labels,,0.4474180734856008,0.036585365853658534,0.11842105263157894
Left,contig,Ang,RTT,PTT,1,0.5,1,1136,76,1112,63,QOTu-Ang-HSsrc,arc segments,,0.4837140019860973,0.05434782608695652,0.13157894736842105
Left,contig,Ang,RTT,PTT,1,0.5,1,1136,76,1112,63,QOTu-Ang-PCA,arc segments,16.0,0.4922293942403178,0.059602649006622516,0.11842105263157894
Left,contig,Ang,RTT,PTT,1,0.5,1,1136,76,1112,63,QOTc-Ang-HS4,arc labels,,0.45625620655412114,0.046357615894039736,0.18421052631578946
Left,contig,Ang,RTT,PTT,1,0.5,1,1136,76,1112,63,QOTc-Ang-HSsrc,arc labels,,0.4907149950347567,0.06074766355140187,0.17105263157894737
Left,contig,Ang,RTT,PTT,1,0.5,1,1136,76,1112,63,QOTc-Ang-PCA,arc labels,32.0,0.45206057596822247,0.05889281507656066,0.6578947368421053
Left,contig,Ang,RTT,PTT,1,0.5,1,1136,76,1112,63,SDM-Ang-HS4,arc labels,,0.4121400198609732,0.044036697247706424,0.3157894736842105
Left,contig,Ang,RTT,PTT,1,0.5,1,1136,76,1112,63,SDM-Ang-HSsrc,arc labels,,0.4593843098311817,0.0525,0.27631578947368424
Left,contig,Ang,RTT,PTT,1,0.5,1,1136,76,1112,63,SDM-Ang-PCA,arc labels,64.0,0.44056603773584907,0.046341463414634146,0.25
Left,contig,Ang,RTT,PTT,2,0.05,0,1136,82,114,0,NoAdapt,nothing,,0.44770213356782523,0.056640625,0.35365853658536583
Left,contig,Ang,RTT,PTT,2,0.05,0,1136,82,114,0,TargetOnly,arc labels,,,,
Left,contig,Ang,RTT,PTT,2,0.05,0,1136,82,114,0,Source+Target,arc labels,,,,
Left,contig,Ang,RTT,PTT,2,0.05,0,1136,82,114,0,COT,arc labels,,,,
Left,contig,Ang,RTT,PTT,2,0.05,0,1136,82,114,0,none-Ang-HS4,arc labels,,,,
Left,contig,Ang,RTT,PTT,2,0.05,0,1136,82,114,0,none-Ang-HSsrc,nothing,,0.49774378673578007,0.07017543859649122,0.14634146341463414
Left,contig,Ang,RTT,PTT,2,0.05,0,1136,82,114,0,none-Ang-PCA,arc segments,16.0,0.4834544360623872,0.05084745762711865,0.07317073170731707
Left,contig,Ang,RTT,PTT,2,0.05,0,1136,82,114,0,QOTu-Ang-HS4,arc labels,,,,
Left,contig,Ang,RTT,PTT,2,0.05,0,1136,82,114,0,QOTu-Ang-HSsrc,arc segments,,0.4925949923635859,0.06547619047619048,0.13414634146341464
Left,contig,Ang,RTT,PTT,2,0.05,0,1136,82,114,0,QOTu-Ang-PCA,arc segments,16.0,0.4690146711713796,0.04736842105263158,0.10975609756097561
Left,contig,Ang,RTT,PTT,2,0.05,0,1136,82,114,0,QOTc-Ang-HS4,arc labels,,,,
Left,contig,Ang,RTT,PTT,2,0.05,0,1136,82,114,0,QOTc-Ang-HSsrc,arc labels,,,,
Left,contig,Ang,RTT,PTT,2,0.05,0,1136,82,114,0,QOTc-Ang-PCA,arc labels,,,,
Left,contig,Ang,RTT,PTT,2,0.05,0,1136,82,114,0,SDM-Ang-HS4,arc labels,,,,
Left,contig,Ang,RTT,PTT,2,0.05,0,1136,82,114,0,SDM-Ang-HSsrc,arc labels,,,,
Left,contig,Ang,RTT,PTT,2,0.05,0,1136,82,114,0,SDM-Ang-PCA,arc labels,,,,
Left,contig,Ang,RTT,PTT,2,0.1,1,1136,82,227,4,NoAdapt,nothing,,0.44770213356782523,0.056640625,0.35365853658536583
Left,contig,Ang,RTT,PTT,2,0.1,1,1136,82,227,4,TargetOnly,arc labels,,0.5002545471375017,0.07246376811594203,0.12195121951219512
Left,contig,Ang,RTT,PTT,2,0.1,1,1136,82,227,4,Source+Target,arc labels,,0.45840468366733006,0.060263653483992465,0.3902439024390244
Left,contig,Ang,RTT,PTT,2,0.1,1,1136,82,227,4,COT,arc labels,,0.48284120886749665,0.05442176870748299,0.0975609756097561
Left,contig,Ang,RTT,PTT,2,0.1,1,1136,82,227,4,none-Ang-HS4,arc labels,,0.49083630304993753,0.0625,0.10975609756097561
Left,contig,Ang,RTT,PTT,2,0.1,1,1136,82,227,4,none-Ang-HSsrc,nothing,,0.49774378673578007,0.07017543859649122,0.14634146341463414
Left,contig,Ang,RTT,PTT,2,0.1,1,1136,82,227,4,none-Ang-PCA,arc segments,16.0,0.48385939741750356,0.05343511450381679,0.08536585365853659
Left,contig,Ang,RTT,PTT,2,0.1,1,1136,82,227,4,QOTu-Ang-HS4,arc labels,,0.4948974869255334,0.06779661016949153,0.14634146341463414
Left,contig,Ang,RTT,PTT,2,0.1,1,1136,82,227,4,QOTu-Ang-HSsrc,arc segments,,0.49869255333919565,0.07100591715976332,0.14634146341463414
Left,contig,Ang,RTT,PTT,2,0.1,1,1136,82,227,4,QOTu-Ang-PCA,arc segments,16.0,0.46847086592308046,0.04878048780487805,0.12195121951219512
Left,contig,Ang,RTT,PTT,2,0.1,1,1136,82,227,4,QOTc-Ang-HS4,arc labels,,0.5039107696579812,0.0759493670886076,0.14634146341463414
Left,contig,Ang,RTT,PTT,2,0.1,1,1136,82,227,4,QOTc-Ang-HSsrc,arc labels,,0.4716527051418522,0.05309734513274336,0.14634146341463414
Left,contig,Ang,RTT,PTT,2,0.1,1,1136,82,227,4,QOTc-Ang-PCA,arc labels,64.0,0.4330193918637478,0.04297994269340974,0.18292682926829268
Left,contig,Ang,RTT,PTT,2,0.1,1,1136,82,227,4,SDM-Ang-HS4,arc labels,,0.46773036515943905,0.04242424242424243,0.08536585365853659
Left,contig,Ang,RTT,PTT,2,0.1,1,1136,82,227,4,SDM-Ang-HSsrc,arc labels,,0.4950363308187162,0.06711409395973154,0.12195121951219512
Left,contig,Ang,RTT,PTT,2,0.1,1,1136,82,227,4,SDM-Ang-PCA,arc labels,8.0,0.49368260286018417,0.06521739130434782,0.10975609756097561
Left,contig,Ang,RTT,PTT,2,0.2,1,1136,82,454,30,NoAdapt,nothing,,0.44770213356782523,0.056640625,0.35365853658536583
Left,contig,Ang,RTT,PTT,2,0.2,1,1136,82,454,30,TargetOnly,arc labels,,0.4897834035266349,0.06873614190687362,0.3780487804878049
Left,contig,Ang,RTT,PTT,2,0.2,1,1136,82,454,30,Source+Target,arc labels,,0.45480631276901007,0.06060606060606061,0.43902439024390244
Left,contig,Ang,RTT,PTT,2,0.2,1,1136,82,454,30,COT,arc labels,,0.4915883741380108,0.07022900763358779,0.5609756097560976
Left,contig,Ang,RTT,PTT,2,0.2,1,1136,82,454,30,none-Ang-HS4,arc labels,,0.48860323043458137,0.05785123966942149,0.08536585365853659
Left,contig,Ang,RTT,PTT,2,0.2,1,1136,82,454,30,none-Ang-HSsrc,nothing,,0.49774378673578007,0.07017543859649122,0.14634146341463414
Left,contig,Ang,RTT,PTT,2,0.2,1,1136,82,454,30,none-Ang-PCA,arc segments,16.0,0.41845235340398945,0.036931818181818184,0.15853658536585366
Left,contig,Ang,RTT,PTT,2,0.2,1,1136,82,454,30,QOTu-Ang-HS4,arc labels,,0.49632063683065675,0.06896551724137931,0.14634146341463414
Left,contig,Ang,RTT,PTT,2,0.2,1,1136,82,454,30,QOTu-Ang-HSsrc,arc segments,,0.5005206645994353,0.07262569832402235,0.15853658536585366
Left,contig,Ang,RTT,PTT,2,0.2,1,1136,82,454,30,QOTu-Ang-PCA,arc segments,16.0,0.47694034340722913,0.05472636815920398,0.13414634146341464
Left,contig,Ang,RTT,PTT,2,0.2,1,1136,82,454,30,QOTc-Ang-HS4,arc labels,,0.3992456148470403,0.04777070063694268,0.36585365853658536
Left,contig,Ang,RTT,PTT,2,0.2,1,1136,82,454,30,QOTc-Ang-HSsrc,arc labels,,0.5188480584995603,0.0784313725490196,0.43902439024390244
Left,contig,Ang,RTT,PTT,2,0.2,1,1136,82,454,30,QOTc-Ang-PCA,arc labels,64.0,0.4798676354884991,0.03571428571428571,0.036585365853658534
Left,contig,Ang,RTT,PTT,2,0.2,1,1136,82,454,30,SDM-Ang-HS4,arc labels,,0.47319155829129445,0.061696658097686374,0.2926829268292683
Left,contig,Ang,RTT,PTT,2,0.2,1,1136,82,454,30,SDM-Ang-HSsrc,arc labels,,0.5687045864766047,0.09176029962546817,0.5975609756097561
Left,contig,Ang,RTT,PTT,2,0.2,1,1136,82,454,30,SDM-Ang-PCA,arc labels,32.0,0.45687740084231965,0.04797047970479705,0.15853658536585366
Left,contig,Ang,RTT,PTT,2,0.3,1,1136,82,682,43,NoAdapt,nothing,,0.44770213356782523,0.056640625,0.35365853658536583
Left,contig,Ang,RTT,PTT,2,0.3,1,1136,82,682,43,TargetOnly,arc labels,,0.4679154903503494,0.056782334384858045,0.21951219512195122
Left,contig,Ang,RTT,PTT,2,0.3,1,1136,82,682,43,Source+Target,arc labels,,0.45027074559170643,0.05871886120996441,0.4024390243902439
Left,contig,Ang,RTT,PTT,2,0.3,1,1136,82,682,43,COT,arc labels,,0.5719789882908317,0.1037463976945245,0.43902439024390244
Left,contig,Ang,RTT,PTT,2,0.3,1,1136,82,682,43,none-Ang-HS4,arc labels,,0.48623131392604246,0.05555555555555555,0.08536585365853659
Left,contig,Ang,RTT,PTT,2,0.3,1,1136,82,682,43,none-Ang-HSsrc,nothing,,0.49774378673578007,0.07017543859649122,0.14634146341463414
Left,contig,Ang,RTT,PTT,2,0.3,1,1136,82,682,43,none-Ang-PCA,arc segments,16.0,0.42604248623131397,0.03869047619047619,0.15853658536585366
Left,contig,Ang,RTT,PTT,2,0.3,1,1136,82,682,43,QOTu-Ang-HS4,arc labels,,0.5010644698477346,0.07317073170731707,0.14634146341463414
Left,contig,Ang,RTT,PTT,2,0.3,1,1136,82,682,43,QOTu-Ang-HSsrc,arc segments,,0.49544129217383254,0.06790123456790123,0.13414634146341464
Left,contig,Ang,RTT,PTT,2,0.3,1,1136,82,682,43,QOTu-Ang-PCA,arc segments,16.0,0.4860924700328597,0.05844155844155844,0.10975609756097561
Left,contig,Ang,RTT,PTT,2,0.3,1,1136,82,682,43,QOTc-Ang-HS4,arc labels,,0.4841139445550053,0.06319702602230483,0.2073170731707317
Left,contig,Ang,RTT,PTT,2,0.3,1,1136,82,682,43,QOTc-Ang-HSsrc,arc labels,,0.4498195029388624,0.051490514905149054,0.23170731707317074
Left,contig,Ang,RTT,PTT,2,0.3,1,1136,82,682,43,QOTc-Ang-PCA,arc labels,64.0,0.5337853473411395,0.09895833333333333,0.23170731707317074
Left,contig,Ang,RTT,PTT,2,0.3,1,1136,82,682,43,SDM-Ang-HS4,arc labels,,0.4606724672559819,0.049429657794676805,0.15853658536585366
Left,contig,Ang,RTT,PTT,2,0.3,1,1136,82,682,43,SDM-Ang-HSsrc,arc labels,,0.4446012866200768,0.05,0.23170731707317074
Left,contig,Ang,RTT,PTT,2,0.3,1,1136,82,682,43,SDM-Ang-PCA,arc labels,64.0,0.4606030453093905,0.05054151624548736,0.17073170731707318
Left,contig,Ang,RTT,PTT,2,0.5,1,1136,82,1112,57,NoAdapt,nothing,,0.44770213356782523,0.056640625,0.35365853658536583
Left,contig,Ang,RTT,PTT,2,0.5,1,1136,82,1112,57,TargetOnly,arc labels,,0.4946892210857592,0.0684931506849315,0.18292682926829268
Left,contig,Ang,RTT,PTT,2,0.5,1,1136,82,1112,57,Source+Target,arc labels,,0.4718262600083306,0.06315789473684211,0.36585365853658536
Left,contig,Ang,RTT,PTT,2,0.5,1,1136,82,1112,57,COT,arc labels,,0.4763849678344981,0.06070287539936102,0.23170731707317074
Left,contig,Ang,RTT,PTT,2,0.5,1,1136,82,1112,57,none-Ang-HS4,arc labels,,0.4919239135465358,0.06140350877192982,0.08536585365853659
Left,contig,Ang,RTT,PTT,2,0.5,1,1136,82,1112,57,none-Ang-HSsrc,nothing,,0.49774378673578007,0.07017543859649122,0.14634146341463414
Left,contig,Ang,RTT,PTT,2,0.5,1,1136,82,1112,57,none-Ang-PCA,arc segments,16.0,0.43932521867913177,0.04220779220779221,0.15853658536585366
Left,contig,Ang,RTT,PTT,2,0.5,1,1136,82,1112,57,QOTu-Ang-HS4,arc labels,,0.4930693756652937,0.0658682634730539,0.13414634146341464
Left,contig,Ang,RTT,PTT,2,0.5,1,1136,82,1112,57,QOTu-Ang-HSsrc,arc segments,,0.49544129217383254,0.06790123456790123,0.13414634146341464
Left,contig,Ang,RTT,PTT,2,0.5,1,1136,82,1112,57,QOTu-Ang-PCA,arc segments,16.0,0.48981811449993057,0.0625,0.12195121951219512
Left,contig,Ang,RTT,PTT,2,0.5,1,1136,82,1112,57,QOTc-Ang-HS4,arc labels,,0.5157703522006757,0.09022556390977443,0.14634146341463414
Left,contig,Ang,RTT,PTT,2,0.5,1,1136,82,1112,57,QOTc-Ang-HSsrc,arc labels,,0.44819965751839685,0.0473186119873817,0.18292682926829268
Left,contig,Ang,RTT,PTT,2,0.5,1,1136,82,1112,57,QOTc-Ang-PCA,arc labels,64.0,0.4515319109547832,0.03755868544600939,0.0975609756097561
Left,contig,Ang,RTT,PTT,2,0.5,1,1136,82,1112,57,SDM-Ang-HS4,arc labels,,0.5077752580182349,0.08088235294117647,0.13414634146341464
Left,contig,Ang,RTT,PTT,2,0.5,1,1136,82,1112,57,SDM-Ang-HSsrc,arc labels,,0.49129911602721343,0.06666666666666667,0.1951219512195122
Left,contig,Ang,RTT,PTT,2,0.5,1,1136,82,1112,57,SDM-Ang-PCA,arc labels,64.0,0.46026750590086546,0.048,0.14634146341463414
Left,contig,Ang,RTT,PTT,3,0.05,1,1136,66,114,5,NoAdapt,nothing,,0.4563154913622203,0.04805914972273567,0.3939393939393939
Left,contig,Ang,RTT,PTT,3,0.05,1,1136,66,114,5,TargetOnly,arc labels,,0.4853724157462475,0.047337278106508875,0.12121212121212122
Left,contig,Ang,RTT,PTT,3,0.05,1,1136,66,114,5,Source+Target,arc labels,,0.46772868875672613,0.050816696914700546,0.42424242424242425
Left,contig,Ang,RTT,PTT,3,0.05,1,1136,66,114,5,COT,arc labels,,0.47435570659869725,0.04405286343612335,0.15151515151515152
Left,contig,Ang,RTT,PTT,3,0.05,1,1136,66,114,5,none-Ang-HS4,arc labels,,0.5140753327669215,0.07042253521126761,0.15151515151515152
Left,contig,Ang,RTT,PTT,3,0.05,1,1136,66,114,5,none-Ang-HSsrc,nothing,,0.5098697252902861,0.06622516556291391,0.15151515151515152
Left,contig,Ang,RTT,PTT,3,0.05,1,1136,66,114,5,none-Ang-PCA,arc segments,16.0,0.5206032285471538,0.06504065040650407,0.36363636363636365
Left,contig,Ang,RTT,PTT,3,0.05,1,1136,66,114,5,QOTu-Ang-HS4,arc labels,,0.4972529028603795,0.056179775280898875,0.15151515151515152
Left,contig,Ang,RTT,PTT,3,0.05,1,1136,66,114,5,QOTu-Ang-HSsrc,arc segments,,0.5028603794958936,0.060240963855421686,0.15151515151515152
Left,contig,Ang,RTT,PTT,3,0.05,1,1136,66,114,5,QOTu-Ang-PCA,arc segments,16.0,0.5841546304163127,0.10300429184549356,0.36363636363636365
Left,contig,Ang,RTT,PTT,3,0.05,1,1136,66,114,5,QOTc-Ang-HS4,arc labels,,0.44772019258000567,0.035211267605633804,0.15151515151515152
Left,contig,Ang,RTT,PTT,3,0.05,1,1136,66,114,5,QOTc-Ang-HSsrc,arc labels,,0.5347068819031436,0.06532663316582915,0.5909090909090909
Left,contig,Ang,RTT,PTT,3,0.05,1,1136,66,114,5,QOTc-Ang-PCA,arc labels,64.0,0.5141744548286604,0.06918238993710692,0.16666666666666666
Left,contig,Ang,RTT,PTT,3,0.05,1,1136,66,114,5,SDM-Ang-HS4,arc labels,,0.4889408099688473,0.051643192488262914,0.16666666666666666
Left,contig,Ang,RTT,PTT,3,0.05,1,1136,66,114,5,SDM-Ang-HSsrc,arc labels,,0.5378787878787878,0.06631762652705062,0.5757575757575758
Left,contig,Ang,RTT,PTT,3,0.05,1,1136,66,114,5,SDM-Ang-PCA,arc labels,16.0,0.5243840271877654,0.07281553398058252,0.22727272727272727
Left,contig,Ang,RTT,PTT,3,0.1,1,1136,66,227,8,NoAdapt,nothing,,0.4563154913622203,0.04805914972273567,0.3939393939393939
Left,contig,Ang,RTT,PTT,3,0.1,1,1136,66,227,8,TargetOnly,arc labels,,0.5570518266779949,0.08247422680412371,0.36363636363636365
Left,contig,Ang,RTT,PTT,3,0.1,1,1136,66,227,8,Source+Target,arc labels,,0.4705324270744832,0.05137614678899083,0.42424242424242425
Left,contig,Ang,RTT,PTT,3,0.1,1,1136,66,227,8,COT,arc labels,,0.45335598980458797,0.04189944134078212,0.22727272727272727
Left,contig,Ang,RTT,PTT,3,0.1,1,1136,66,227,8,none-Ang-HS4,arc labels,,0.5131407533276693,0.06944444444444445,0.15151515151515152
Left,contig,Ang,RTT,PTT,3,0.1,1,1136,66,227,8,none-Ang-HSsrc,nothing,,0.5098697252902861,0.06622516556291391,0.15151515151515152
Left,contig,Ang,RTT,PTT,3,0.1,1,1136,66,227,8,none-Ang-PCA,arc segments,16.0,0.42455395072217506,0.03260869565217391,0.18181818181818182
Left,contig,Ang,RTT,PTT,3,0.1,1,1136,66,227,8,QOTu-Ang-HS4,arc labels,,0.5033276692155197,0.06060606060606061,0.15151515151515152
Left,contig,Ang,RTT,PTT,3,0.1,1,1136,66,227,8,QOTu-Ang-HSsrc,arc segments,,0.5056641178136505,0.0625,0.15151515151515152
Left,contig,Ang,RTT,PTT,3,0.1,1,1136,66,227,8,QOTu-Ang-PCA,arc segments,16.0,0.4889408099688473,0.051643192488262914,0.16666666666666666
Left,contig,Ang,RTT,PTT,3,0.1,1,1136,66,227,8,QOTc-Ang-HS4,arc labels,,0.43946474086661,0.04276985743380855,0.3181818181818182
Left,contig,Ang,RTT,PTT,3,0.1,1,1136,66,227,8,QOTc-Ang-HSsrc,arc labels,,0.5352732936845086,0.06525285481239804,0.6060606060606061
Left,contig,Ang,RTT,PTT,3,0.1,1,1136,66,227,8,QOTc-Ang-PCA,arc labels,64.0,0.4839422259983007,0.03488372093023256,0.045454545454545456
Left,contig,Ang,RTT,PTT,3,0.1,1,1136,66,227,8,SDM-Ang-HS4,arc labels,,0.4591333899745115,0.04081632653061224,0.18181818181818182
Left,contig,Ang,RTT,PTT,3,0.1,1,1136,66,227,8,SDM-Ang-HSsrc,arc labels,,0.5356414613423959,0.06554621848739496,0.5909090909090909
Left,contig,Ang,RTT,PTT,3,0.1,1,1136,66,227,8,SDM-Ang-PCA,arc labels,8.0,0.5052251486830925,0.06072874493927125,0.22727272727272727
Left,contig,Ang,RTT,PTT,3,0.2,1,1136,66,454,24,NoAdapt,nothing,,0.4563154913622203,0.04805914972273567,0.3939393939393939
Left,contig,Ang,RTT,PTT,3,0.2,1,1136,66,454,24,TargetOnly,arc labels,,0.4676437269895214,0.04436860068259386,0.19696969696969696
Left,contig,Ang,RTT,PTT,3,0.2,1,1136,66,454,24,Source+Target,arc labels,,0.4770744831492495,0.05273069679849341,0.42424242424242425
Left,contig,Ang,RTT,PTT,3,0.2,1,1136,66,454,24,COT,arc labels,,0.5271311243273861,0.06375838926174497,0.5757575757575758
Left,contig,Ang,RTT,PTT,3,0.2,1,1136,66,454,24,none-Ang-HS4,arc labels,,0.5122061738884169,0.0684931506849315,0.15151515151515152
Left,contig,Ang,RTT,PTT,3,0.2,1,1136,66,454,24,none-Ang-HSsrc,nothing,,0.5098697252902861,0.06622516556291391,0.15151515151515152
Left,contig,Ang,RTT,PTT,3,0.2,1,1136,66,454,24,none-Ang-PCA,arc segments,16.0,0.43409798923817616,0.03664921465968586,0.21212121212121213
Left,contig,Ang,RTT,PTT,3,0.2,1,1136,66,454,24,QOTu-Ang-HS4,arc labels,,0.5144435004248089,0.07258064516129033,0.13636363636363635
Left,contig,Ang,RTT,PTT,3,0.2,1,1136,66,454,24,QOTu-Ang-HSsrc,arc segments,,0.506499575191164,0.06382978723404255,0.13636363636363635
Left,contig,Ang,RTT,PTT,3,0.2,1,1136,66,454,24,QOTu-Ang-PCA,arc segments,16.0,0.5004248088360238,0.05844155844155844,0.13636363636363635
Left,contig,Ang,RTT,PTT,3,0.2,1,1136,66,454,24,QOTc-Ang-HS4,arc labels,,0.4216510903426791,0.03081232492997199,0.16666666666666666
Left,contig,Ang,RTT,PTT,3,0.2,1,1136,66,454,24,QOTc-Ang-HSsrc,arc labels,,0.5321155480033984,0.06818181818181818,0.4090909090909091
Left,contig,Ang,RTT,PTT,3,0.2,1,1136,66,454,24,QOTc-Ang-PCA,arc labels,64.0,0.5149815916171057,0.09259259259259259,0.07575757575757576
Left,contig,Ang,RTT,PTT,3,0.2,1,1136,66,454,24,SDM-Ang-HS4,arc labels,,0.48286604361370716,0.048672566371681415,0.16666666666666666
Left,contig,Ang,RTT,PTT,3,0.2,1,1136,66,454,24,SDM-Ang-HSsrc,arc labels,,0.5281081846502407,0.06605922551252848,0.4393939393939394
Left,contig,Ang,RTT,PTT,3,0.2,1,1136,66,454,24,SDM-Ang-PCA,arc labels,32.0,0.47885868026054945,0.048327137546468404,0.19696969696969696
Left,contig,Ang,RTT,PTT,3,0.3,1,1136,66,682,42,NoAdapt,nothing,,0.4563154913622203,0.04805914972273567,0.3939393939393939
Left,contig,Ang,RTT,PTT,3,0.3,1,1136,66,682,42,TargetOnly,arc labels,,0.4465024072500708,0.046263345195729534,0.3939393939393939
Left,contig,Ang,RTT,PTT,3,0.3,1,1136,66,682,42,Source+Target,arc labels,,0.5213537241574625,0.06212121212121212,0.6212121212121212
Left,contig,Ang,RTT,PTT,3,0.3,1,1136,66,682,42,COT,arc labels,,0.42459643160577737,0.046094750320102434,0.5454545454545454
Left,contig,Ang,RTT,PTT,3,0.3,1,1136,66,682,42,none-Ang-HS4,arc labels,,0.5055649957519117,0.06293706293706294,0.13636363636363635
Left,contig,Ang,RTT,PTT,3,0.3,1,1136,66,682,42,none-Ang-HSsrc,nothing,,0.5098697252902861,0.06622516556291391,0.15151515151515152
Left,contig,Ang,RTT,PTT,3,0.3,1,1136,66,682,42,none-Ang-PCA,arc segments,16.0,0.4461483998867176,0.038348082595870206,0.19696969696969696
Left,contig,Ang,RTT,PTT,3,0.3,1,1136,66,682,42,QOTu-Ang-HS4,arc labels,,0.5004248088360238,0.05844155844155844,0.13636363636363635
Left,contig,Ang,RTT,PTT,3,0.3,1,1136,66,682,42,QOTu-Ang-HSsrc,arc segments,,0.506499575191164,0.06382978723404255,0.13636363636363635
Left,contig,Ang,RTT,PTT,3,0.3,1,1136,66,682,42,QOTu-Ang-PCA,arc segments,16.0,0.49051260266213537,0.05063291139240506,0.12121212121212122
Left,contig,Ang,RTT,PTT,3,0.3,1,1136,66,682,42,QOTc-Ang-HS4,arc labels,,0.4186349476069102,0.04035087719298246,0.3484848484848485
Left,contig,Ang,RTT,PTT,3,0.3,1,1136,66,682,42,QOTc-Ang-HSsrc,arc labels,,0.5232370433305013,0.06506024096385542,0.4090909090909091
Left,contig,Ang,RTT,PTT,3,0.3,1,1136,66,682,42,QOTc-Ang-PCA,arc labels,64.0,0.5538516001132824,0.08733624454148471,0.30303030303030304
Left,contig,Ang,RTT,PTT,3,0.3,1,1136,66,682,42,SDM-Ang-HS4,arc labels,,0.4298357405834041,0.04701397712833545,0.5606060606060606
Left,contig,Ang,RTT,PTT,3,0.3,1,1136,66,682,42,SDM-Ang-HSsrc,arc labels,,0.531733220050977,0.06412213740458016,0.6363636363636364
Left,contig,Ang,RTT,PTT,3,0.3,1,1136,66,682,42,SDM-Ang-PCA,arc labels,64.0,0.5701642594165959,0.0830945558739255,0.4393939393939394
Left,contig,Ang,RTT,PTT,3,0.5,1,1136,66,1112,73,NoAdapt,nothing,,0.4563154913622203,0.04805914972273567,0.3939393939393939
Left,contig,Ang,RTT,PTT,3,0.5,1,1136,66,1112,73,TargetOnly,arc labels,,0.5196969696969697,0.06345733041575492,0.4393939393939394
Left,contig,Ang,RTT,PTT,3,0.5,1,1136,66,1112,73,Source+Target,arc labels,,0.5303596714811668,0.06317204301075269,0.7121212121212122
Left,contig,Ang,RTT,PTT,3,0.5,1,1136,66,1112,73,COT,arc labels,,0.41772868875672614,0.0425531914893617,0.42424242424242425
Left,contig,Ang,RTT,PTT,3,0.5,1,1136,66,1112,73,none-Ang-HS4,arc labels,,0.5167799490229397,0.07563025210084033,0.13636363636363635
Left,contig,Ang,RTT,PTT,3,0.5,1,1136,66,1112,73,none-Ang-HSsrc,nothing,,0.5098697252902861,0.06622516556291391,0.15151515151515152
Left,contig,Ang,RTT,PTT,3,0.5,1,1136,66,1112,73,none-Ang-PCA,arc segments,16.0,0.4447465307278391,0.038011695906432746,0.19696969696969696
Left,contig,Ang,RTT,PTT,3,0.5,1,1136,66,1112,73,QOTu-Ang-HS4,arc labels,,0.5004248088360238,0.05844155844155844,0.13636363636363635
Left,contig,Ang,RTT,PTT,3,0.5,1,1136,66,1112,73,QOTu-Ang-HSsrc,arc segments,,0.506499575191164,0.06382978723404255,0.13636363636363635
Left,contig,Ang,RTT,PTT,3,0.5,1,1136,66,1112,73,QOTu-Ang-PCA,arc segments,16.0,0.5033276692155197,0.06060606060606061,0.15151515151515152
Left,contig,Ang,RTT,PTT,3,0.5,1,1136,66,1112,73,QOTc-Ang-HS4,arc labels,,0.43322005097706034,0.04316546762589928,0.36363636363636365
Left,contig,Ang,RTT,PTT,3,0.5,1,1136,66,1112,73,QOTc-Ang-HSsrc,arc labels,,0.545397904276409,0.07213930348258707,0.4393939393939394
Left,contig,Ang,RTT,PTT,3,0.5,1,1136,66,1112,73,QOTc-Ang-PCA,arc labels,64.0,0.582625318606627,0.13533834586466165,0.2727272727272727
Left,contig,Ang,RTT,PTT,3,0.5,1,1136,66,1112,73,SDM-Ang-HS4,arc labels,,0.4613140753327669,0.05089820359281437,0.5151515151515151
Left,contig,Ang,RTT,PTT,3,0.5,1,1136,66,1112,73,SDM-Ang-HSsrc,arc labels,,0.5331067686207873,0.06537102473498234,0.5606060606060606
Left,contig,Ang,RTT,PTT,3,0.5,1,1136,66,1112,73,SDM-Ang-PCA,arc labels,64.0,0.567827810818465,0.08192090395480225,0.4393939393939394
Left,contig,Ang,RTT,PTT,4,0.05,1,1136,64,114,10,NoAdapt,nothing,,0.4321361940298507,0.042833607907743,0.40625
Left,contig,Ang,RTT,PTT,4,0.05,1,1136,64,114,10,TargetOnly,arc labels,,0.39155783582089554,0.007462686567164179,0.03125
Left,contig,Ang,RTT,PTT,4,0.05,1,1136,64,114,10,Source+Target,arc labels,,0.4254897388059702,0.040492957746478875,0.359375
Left,contig,Ang,RTT,PTT,4,0.05,1,1136,64,114,10,COT,arc labels,,0.4003031716417911,0.04057591623036649,0.484375
Left,contig,Ang,RTT,PTT,4,0.05,1,1136,64,114,10,none-Ang-HS4,arc labels,,0.4829757462686567,0.027777777777777776,0.03125
Left,contig,Ang,RTT,PTT,4,0.05,1,1136,64,114,10,none-Ang-HSsrc,nothing,,0.5010494402985075,0.05737704918032787,0.109375
Left,contig,Ang,RTT,PTT,4,0.05,1,1136,64,114,10,none-Ang-PCA,arc segments,32.0,0.4858908582089552,0.04980842911877394,0.203125
Left,contig,Ang,RTT,PTT,4,0.05,1,1136,64,114,10,QOTu-Ang-HS4,arc labels,,0.48705690298507465,0.037037037037037035,0.046875
Left,contig,Ang,RTT,PTT,4,0.05,1,1136,64,114,10,QOTu-Ang-HSsrc,arc segments,,0.49463619402985076,0.0425531914893617,0.03125
Left,contig,Ang,RTT,PTT,4,0.05,1,1136,64,114,10,QOTu-Ang-PCA,arc segments,64.0,0.490205223880597,0.043478260869565216,0.0625
Left,contig,Ang,RTT,PTT,4,0.05,1,1136,64,114,10,QOTc-Ang-HS4,arc labels,,0.4788945895522388,0.04390243902439024,0.140625
Left,contig,Ang,RTT,PTT,4,0.05,1,1136,64,114,10,QOTc-Ang-HSsrc,arc labels,,0.44228078358208955,0.034482758620689655,0.171875
Left,contig,Ang,RTT,PTT,4,0.05,1,1136,64,114,10,QOTc-Ang-PCA,arc labels,64.0,0.5011660447761195,0.06060606060606061,0.03125
Left,contig,Ang,RTT,PTT,4,0.05,1,1136,64,114,10,SDM-Ang-HS4,arc labels,,0.49347014925373134,0.0,0.0
Left,contig,Ang,RTT,PTT,4,0.05,1,1136,64,114,10,SDM-Ang-HSsrc,arc labels,,0.4906716417910448,0.0,0.0
Left,contig,Ang,RTT,PTT,4,0.05,1,1136,64,114,10,SDM-Ang-PCA,arc labels,64.0,0.4997667910447761,0.05555555555555555,0.03125
Left,contig,Ang,RTT,PTT,4,0.1,1,1136,64,227,20,NoAdapt,nothing,,0.4321361940298507,0.042833607907743,0.40625
Left,contig,Ang,RTT,PTT,4,0.1,1,1136,64,227,20,TargetOnly,arc labels,,0.5198227611940298,0.059743954480796585,0.65625
Left,contig,Ang,RTT,PTT,4,0.1,1,1136,64,227,20,Source+Target,arc labels,,0.5071128731343284,0.05760709010339734,0.609375
Left,contig,Ang,RTT,PTT,4,0.1,1,1136,64,227,20,COT,arc labels,,0.5165578358208955,0.058898847631242,0.71875
Left,contig,Ang,RTT,PTT,4,0.1,1,1136,64,227,20,none-Ang-HS4,arc labels,,0.4855410447761194,0.0392156862745098,0.0625
Left,contig,Ang,RTT,PTT,4,0.1,1,1136,64,227,20,none-Ang-HSsrc,nothing,,0.5010494402985075,0.05737704918032787,0.109375
Left,contig,Ang,RTT,PTT,4,0.1,1,1136,64,227,20,none-Ang-PCA,arc segments,16.0,0.4077658582089552,0.032327586206896554,0.234375
Left,contig,Ang,RTT,PTT,4,0.1,1,1136,64,227,20,QOTu-Ang-HS4,arc labels,,0.49172108208955223,0.04225352112676056,0.046875
Left,contig,Ang,RTT,PTT,4,0.1,1,1136,64,227,20,QOTu-Ang-HSsrc,arc segments,,0.4976679104477612,0.05263157894736842,0.0625
Left,contig,Ang,RTT,PTT,4,0.1,1,1136,64,227,20,QOTu-Ang-PCA,arc segments,16.0,0.5020988805970149,0.058823529411764705,0.09375
Left,contig,Ang,RTT,PTT,4,0.1,1,1136,64,227,20,QOTc-Ang-HS4,arc labels,,0.4519589552238806,0.043668122270742356,0.3125
Left,contig,Ang,RTT,PTT,4,0.1,1,1136,64,227,20,QOTc-Ang-HSsrc,arc labels,,0.5177238805970149,0.061855670103092786,0.375
Left,contig,Ang,RTT,PTT,4,0.1,1,1136,64,227,20,QOTc-Ang-PCA,arc labels,64.0,0.4988339552238806,0.05263157894736842,0.03125
Left,contig,Ang,RTT,PTT,4,0.1,1,1136,64,227,20,SDM-Ang-HS4,arc labels,,0.470615671641791,0.04610951008645533,0.25
Left,contig,Ang,RTT,PTT,4,0.1,1,1136,64,227,20,SDM-Ang-HSsrc,arc labels,,0.5328824626865671,0.06649616368286446,0.40625
Left,contig,Ang,RTT,PTT,4,0.1,1,1136,64,227,20,SDM-Ang-PCA,arc labels,32.0,0.5669309701492538,0.08906882591093117,0.34375
Left,contig,Ang,RTT,PTT,4,0.2,1,1136,64,454,38,NoAdapt,nothing,,0.4321361940298507,0.042833607907743,0.40625
Left,contig,Ang,RTT,PTT,4,0.2,1,1136,64,454,38,TargetOnly,arc labels,,0.5087453358208955,0.057692307692307696,0.703125
Left,contig,Ang,RTT,PTT,4,0.2,1,1136,64,454,38,Source+Target,arc labels,,0.5107276119402985,0.05790108564535585,0.75
Left,contig,Ang,RTT,PTT,4,0.2,1,1136,64,454,38,COT,arc labels,,0.5170242537313433,0.05897435897435897,0.71875
Left,contig,Ang,RTT,PTT,4,0.2,1,1136,64,454,38,none-Ang-HS4,arc labels,,0.496152052238806,0.05154639175257732,0.078125
Left,contig,Ang,RTT,PTT,4,0.2,1,1136,64,454,38,none-Ang-HSsrc,nothing,,0.5010494402985075,0.05737704918032787,0.109375
Left,contig,Ang,RTT,PTT,4,0.2,1,1136,64,454,38,none-Ang-PCA,arc segments,16.0,0.41697761194029853,0.030690537084398978,0.1875
Left,contig,Ang,RTT,PTT,4,0.2,1,1136,64,454,38,QOTu-Ang-HS4,arc labels,,0.4947527985074627,0.05,0.078125
Left,contig,Ang,RTT,PTT,4,0.2,1,1136,64,454,38,QOTu-Ang-HSsrc,arc segments,,0.49673507462686567,0.05128205128205128,0.0625
Left,contig,Ang,RTT,PTT,4,0.2,1,1136,64,454,38,QOTu-Ang-PCA,arc segments,16.0,0.4998833955223881,0.05625,0.140625
Left,contig,Ang,RTT,PTT,4,0.2,1,1136,64,454,38,QOTc-Ang-HS4,arc labels,,0.42024253731343286,0.044444444444444446,0.5625
Left,contig,Ang,RTT,PTT,4,0.2,1,1136,64,454,38,QOTc-Ang-HSsrc,arc labels,,0.5317164179104478,0.06526806526806526,0.4375
Left,contig,Ang,RTT,PTT,4,0.2,1,1136,64,454,38,QOTc-Ang-PCA,arc labels,64.0,0.5641324626865671,0.08695652173913043,0.34375
Left,contig,Ang,RTT,PTT,4,0.2,1,1136,64,454,38,SDM-Ang-HS4,arc labels,,0.5059468283582089,0.05725190839694656,0.703125
Left,contig,Ang,RTT,PTT,4,0.2,1,1136,64,454,38,SDM-Ang-HSsrc,arc labels,,0.5285680970149254,0.061806656101426306,0.609375
Left,contig,Ang,RTT,PTT,4,0.2,1,1136,64,454,38,SDM-Ang-PCA,arc labels,64.0,0.586054104477612,0.07755102040816327,0.59375
Left,contig,Ang,RTT,PTT,4,0.3,1,1136,64,682,51,NoAdapt,nothing,,0.4321361940298507,0.042833607907743,0.40625
Left,contig,Ang,RTT,PTT,4,0.3,1,1136,64,682,51,TargetOnly,arc labels,,0.5239039179104478,0.060393258426966294,0.671875
Left,contig,Ang,RTT,PTT,4,0.3,1,1136,64,682,51,Source+Target,arc labels,,0.5120102611940298,0.058056872037914695,0.765625
Left,contig,Ang,RTT,PTT,4,0.3,1,1136,64,682,51,COT,arc labels,,0.5165578358208955,0.058898847631242,0.71875
Left,contig,Ang,RTT,PTT,4,0.3,1,1136,64,682,51,none-Ang-HS4,arc labels,,0.49661847014925375,0.052083333333333336,0.078125
Left,contig,Ang,RTT,PTT,4,0.3,1,1136,64,682,51,none-Ang-HSsrc,nothing,,0.5010494402985075,0.05737704918032787,0.109375
Left,contig,Ang,RTT,PTT,4,0.3,1,1136,64,682,51,none-Ang-PCA,arc segments,16.0,0.4155783582089552,0.030456852791878174,0.1875
Left,contig,Ang,RTT,PTT,4,0.3,1,1136,64,682,51,QOTu-Ang-HS4,arc labels,,0.4959188432835821,0.05263157894736842,0.109375
Left,contig,Ang,RTT,PTT,4,0.3,1,1136,64,682,51,QOTu-Ang-HSsrc,arc segments,,0.4979011194029851,0.05405405405405406,0.09375
Left,contig,Ang,RTT,PTT,4,0.3,1,1136,64,682,51,QOTu-Ang-PCA,arc segments,16.0,0.49895055970149255,0.05555555555555555,0.140625
Left,contig,Ang,RTT,PTT,4,0.3,1,1136,64,682,51,QOTc-Ang-HS4,arc labels,,0.5213386194029851,0.05946601941747573,0.765625
Left,contig,Ang,RTT,PTT,4,0.3,1,1136,64,682,51,QOTc-Ang-HSsrc,arc labels,,0.5289179104477613,0.06436781609195402,0.4375
Left,contig,Ang,RTT,PTT,4,0.3,1,1136,64,682,51,QOTc-Ang-PCA,arc labels,64.0,0.5964319029850746,0.17894736842105263,0.265625
Left,contig,Ang,RTT,PTT,4,0.3,1,1136,64,682,51,SDM-Ang-HS4,arc labels,,0.5092117537313433,0.057766367137355584,0.703125
Left,contig,Ang,RTT,PTT,4,0.3,1,1136,64,682,51,SDM-Ang-HSsrc,arc labels,,0.5317164179104478,0.06230529595015576,0.625
Left,contig,Ang,RTT,PTT,4,0.3,1,1136,64,682,51,SDM-Ang-PCA,arc labels,64.0,0.5661147388059702,0.0777479892761394,0.453125
Left,contig,Ang,RTT,PTT,4,0.5,1,1136,64,1114,71,NoAdapt,nothing,,0.4321361940298507,0.042833607907743,0.40625
Left,contig,Ang,RTT,PTT,4,0.5,1,1136,64,1114,71,TargetOnly,arc labels,,0.5293843283582089,0.06128133704735376,0.6875
Left,contig,Ang,RTT,PTT,4,0.5,1,1136,64,1114,71,Source+Target,arc labels,,0.503964552238806,0.05693069306930693,0.71875
Left,contig,Ang,RTT,PTT,4,0.5,1,1136,64,1114,71,COT,arc labels,,0.5026819029850746,0.056712962962962965,0.765625
Left,contig,Ang,RTT,PTT,4,0.5,1,1136,64,1114,71,none-Ang-HS4,arc labels,,0.4996501865671642,0.056,0.109375
Left,contig,Ang,RTT,PTT,4,0.5,1,1136,64,1114,71,none-Ang-HSsrc,nothing,,0.5010494402985075,0.05737704918032787,0.109375
Left,contig,Ang,RTT,PTT,4,0.5,1,1136,64,1114,71,none-Ang-PCA,arc segments,16.0,0.408232276119403,0.02806122448979592,0.171875
Left,contig,Ang,RTT,PTT,4,0.5,1,1136,64,1114,71,QOTu-Ang-HS4,arc labels,,0.494053171641791,0.051094890510948905,0.109375
Left,contig,Ang,RTT,PTT,4,0.5,1,1136,64,1114,71,QOTu-Ang-HSsrc,arc segments,,0.49696828358208955,0.05309734513274336,0.09375
Left,contig,Ang,RTT,PTT,4,0.5,1,1136,64,1114,71,QOTu-Ang-PCA,arc segments,16.0,0.4998833955223881,0.05625,0.140625
Left,contig,Ang,RTT,PTT,4,0.5,1,1136,64,1114,71,QOTc-Ang-HS4,arc labels,,0.5151585820895522,0.058673469387755105,0.71875
Left,contig,Ang,RTT,PTT,4,0.5,1,1136,64,1114,71,QOTc-Ang-HSsrc,arc labels,,0.4962686567164179,0.055299539170506916,0.375
Left,contig,Ang,RTT,PTT,4,0.5,1,1136,64,1114,71,QOTc-Ang-PCA,arc labels,64.0,0.6023787313432836,0.18,0.28125
Left,contig,Ang,RTT,PTT,4,0.5,1,1136,64,1114,71,SDM-Ang-HS4,arc labels,,0.5109608208955224,0.05787037037037037,0.78125
Left,contig,Ang,RTT,PTT,4,0.5,1,1136,64,1114,71,SDM-Ang-HSsrc,arc labels,,0.529267723880597,0.061654135338345864,0.640625
Left,contig,Ang,RTT,PTT,4,0.5,1,1136,64,1114,71,SDM-Ang-PCA,arc labels,64.0,0.49521921641791045,0.05448717948717949,0.265625
Left,contig,Ang,RTT,PTT,5,0.05,1,1136,36,114,16,NoAdapt,nothing,,0.42439393939393943,0.022018348623853212,0.3333333333333333
Left,contig,Ang,RTT,PTT,5,0.05,1,1136,36,114,16,TargetOnly,arc labels,,0.4949494949494949,0.031007751937984496,0.4444444444444444
Left,contig,Ang,RTT,PTT,5,0.05,1,1136,36,114,16,Source+Target,arc labels,,0.4954040404040404,0.03128911138923655,0.6944444444444444
Left,contig,Ang,RTT,PTT,5,0.05,1,1136,36,114,16,COT,arc labels,,0.47010101010101013,0.02894736842105263,0.6111111111111112
Left,contig,Ang,RTT,PTT,5,0.05,1,1136,36,114,16,none-Ang-HS4,arc labels,,0.5162121212121212,0.05084745762711865,0.08333333333333333
Left,contig,Ang,RTT,PTT,5,0.05,1,1136,36,114,16,none-Ang-HSsrc,nothing,,0.5356060606060606,0.05405405405405406,0.16666666666666666
Left,contig,Ang,RTT,PTT,5,0.05,1,1136,36,114,16,none-Ang-PCA,arc segments,16.0,0.49272727272727274,0.0,0.0
Left,contig,Ang,RTT,PTT,5,0.05,1,1136,36,114,16,QOTu-Ang-HS4,arc labels,,0.5265151515151515,0.04580152671755725,0.16666666666666666
Left,contig,Ang,RTT,PTT,5,0.05,1,1136,36,114,16,QOTu-Ang-HSsrc,arc segments,,0.5456060606060606,0.06741573033707865,0.16666666666666666
Left,contig,Ang,RTT,PTT,5,0.05,1,1136,36,114,16,QOTu-Ang-PCA,arc segments,16.0,0.526969696969697,0.046153846153846156,0.16666666666666666
Left,contig,Ang,RTT,PTT,5,0.05,1,1136,36,114,16,QOTc-Ang-HS4,arc labels,,0.5026262626262626,0.03194444444444444,0.6388888888888888
Left,contig,Ang,RTT,PTT,5,0.05,1,1136,36,114,16,QOTc-Ang-HSsrc,arc labels,,0.4797474747474747,0.029259896729776247,0.4722222222222222
Left,contig,Ang,RTT,PTT,5,0.05,1,1136,36,114,16,QOTc-Ang-PCA,arc labels,64.0,0.5015656565656565,0.0321285140562249,0.2222222222222222
Left,contig,Ang,RTT,PTT,5,0.05,1,1136,36,114,16,SDM-Ang-HS4,arc labels,,0.44065656565656564,0.025487256371814093,0.4722222222222222
Left,contig,Ang,RTT,PTT,5,0.05,1,1136,36,114,16,SDM-Ang-HSsrc,arc labels,,0.4811111111111111,0.029411764705882353,0.4722222222222222
Left,contig,Ang,RTT,PTT,5,0.05,1,1136,36,114,16,SDM-Ang-PCA,arc labels,32.0,0.5225757575757576,0.0364741641337386,0.3333333333333333
Left,contig,Ang,RTT,PTT,5,0.1,1,1136,36,227,17,NoAdapt,nothing,,0.42439393939393943,0.022018348623853212,0.3333333333333333
Left,contig,Ang,RTT,PTT,5,0.1,1,1136,36,227,17,TargetOnly,arc labels,,0.48358585858585856,0.029574861367837338,0.4444444444444444
Left,contig,Ang,RTT,PTT,5,0.1,1,1136,36,227,17,Source+Target,arc labels,,0.49676767676767675,0.031407035175879394,0.6944444444444444
Left,contig,Ang,RTT,PTT,5,0.1,1,1136,36,227,17,COT,arc labels,,0.4985858585858586,0.03156565656565657,0.6944444444444444
Left,contig,Ang,RTT,PTT,5,0.1,1,1136,36,227,17,none-Ang-HS4,arc labels,,0.5148484848484849,0.04838709677419355,0.08333333333333333
Left,contig,Ang,RTT,PTT,5,0.1,1,1136,36,227,17,none-Ang-HSsrc,nothing,,0.5356060606060606,0.05405405405405406,0.16666666666666666
Left,contig,Ang,RTT,PTT,5,0.1,1,1136,36,227,17,none-Ang-PCA,arc segments,16.0,0.4938888888888889,0.022222222222222223,0.027777777777777776
Left,contig,Ang,RTT,PTT,5,0.1,1,1136,36,227,17,QOTu-Ang-HS4,arc labels,,0.5274242424242425,0.046511627906976744,0.16666666666666666
Left,contig,Ang,RTT,PTT,5,0.1,1,1136,36,227,17,QOTu-Ang-HSsrc,arc segments,,0.5456060606060606,0.06741573033707865,0.16666666666666666
Left,contig,Ang,RTT,PTT,5,0.1,1,1136,36,227,17,QOTu-Ang-PCA,arc segments,16.0,0.5094949494949496,0.035,0.19444444444444445
Left,contig,Ang,RTT,PTT,5,0.1,1,1136,36,227,17,QOTc-Ang-HS4,arc labels,,0.49762626262626264,0.03146374829001368,0.6388888888888888
Left,contig,Ang,RTT,PTT,5,0.1,1,1136,36,227,17,QOTc-Ang-HSsrc,arc labels,,0.4779292929292929,0.02905982905982906,0.4722222222222222
Left,contig,Ang,RTT,PTT,5,0.1,1,1136,36,227,17,QOTc-Ang-PCA,arc labels,64.0,0.5131818181818182,0.03529411764705882,0.25
Left,contig,Ang,RTT,PTT,5,0.1,1,1136,36,227,17,SDM-Ang-HS4,arc labels,,0.4666666666666667,0.028532608695652172,0.5833333333333334
Left,contig,Ang,RTT,PTT,5,0.1,1,1136,36,227,17,SDM-Ang-HSsrc,arc labels,,0.4607575757575758,0.028037383177570093,0.5833333333333334
Left,contig,Ang,RTT,PTT,5,0.1,1,1136,36,227,17,SDM-Ang-PCA,arc labels,32.0,0.549949494949495,0.04050632911392405,0.4444444444444444
Left,contig,Ang,RTT,PTT,5,0.2,1,1136,36,454,37,NoAdapt,nothing,,0.42439393939393943,0.022018348623853212,0.3333333333333333
Left,contig,Ang,RTT,PTT,5,0.2,1,1136,36,454,37,TargetOnly,arc labels,,0.4834848484848485,0.030042918454935622,0.5833333333333334
Left,contig,Ang,RTT,PTT,5,0.2,1,1136,36,454,37,Source+Target,arc labels,,0.47898989898989897,0.029792746113989636,0.6388888888888888
Left,contig,Ang,RTT,PTT,5,0.2,1,1136,36,454,37,COT,arc labels,,0.47191919191919196,0.0291005291005291,0.6111111111111112
Left,contig,Ang,RTT,PTT,5,0.2,1,1136,36,454,37,none-Ang-HS4,arc labels,,0.5084848484848484,0.039473684210526314,0.08333333333333333
Left,contig,Ang,RTT,PTT,5,0.2,1,1136,36,454,37,none-Ang-HSsrc,nothing,,0.5356060606060606,0.05405405405405406,0.16666666666666666
Left,contig,Ang,RTT,PTT,5,0.2,1,1136,36,454,37,none-Ang-PCA,arc segments,16.0,0.4909090909090909,0.0,0.0
Left,contig,Ang,RTT,PTT,5,0.2,1,1136,36,454,37,QOTu-Ang-HS4,arc labels,,0.5274242424242425,0.046511627906976744,0.16666666666666666
Left,contig,Ang,RTT,PTT,5,0.2,1,1136,36,454,37,QOTu-Ang-HSsrc,arc segments,,0.5451515151515152,0.06666666666666667,0.16666666666666666
Left,contig,Ang,RTT,PTT,5,0.2,1,1136,36,454,37,QOTu-Ang-PCA,arc segments,16.0,0.5126262626262627,0.038461538461538464,0.1388888888888889
Left,contig,Ang,RTT,PTT,5,0.2,1,1136,36,454,37,QOTc-Ang-HS4,arc labels,,0.48282828282828283,0.030054644808743168,0.6111111111111112
Left,contig,Ang,RTT,PTT,5,0.2,1,1136,36,454,37,QOTc-Ang-HSsrc,arc labels,,0.4433838383838384,0.021220159151193633,0.2222222222222222
Left,contig,Ang,RTT,PTT,5,0.2,1,1136,36,454,37,QOTc-Ang-PCA,arc labels,64.0,0.45121212121212123,0.01485148514851485,0.08333333333333333
Left,contig,Ang,RTT,PTT,5,0.2,1,1136,36,454,37,SDM-Ang-HS4,arc labels,,0.48191919191919197,0.02997275204359673,0.6111111111111112
Left,contig,Ang,RTT,PTT,5,0.2,1,1136,36,454,37,SDM-Ang-HSsrc,arc labels,,0.4909090909090909,0.030612244897959183,0.5
Left,contig,Ang,RTT,PTT,5,0.2,1,1136,36,454,37,SDM-Ang-PCA,arc labels,64.0,0.5428787878787878,0.03619909502262444,0.6666666666666666
Left,contig,Ang,RTT,PTT,5,0.3,1,1136,36,682,47,NoAdapt,nothing,,0.42439393939393943,0.022018348623853212,0.3333333333333333
Left,contig,Ang,RTT,PTT,5,0.3,1,1136,36,682,47,TargetOnly,arc labels,,0.460959595959596,0.02789400278940028,0.5555555555555556
Left,contig,Ang,RTT,PTT,5,0.3,1,1136,36,682,47,Source+Target,arc labels,,0.48808080808080806,0.030585106382978722,0.6388888888888888
Left,contig,Ang,RTT,PTT,5,0.3,1,1136,36,682,47,COT,arc labels,,0.4735353535353535,0.029336734693877552,0.6388888888888888
Left,contig,Ang,RTT,PTT,5,0.3,1,1136,36,682,47,none-Ang-HS4,arc labels,,0.5084848484848484,0.039473684210526314,0.08333333333333333
Left,contig,Ang,RTT,PTT,5,0.3,1,1136,36,682,47,none-Ang-HSsrc,nothing,,0.5356060606060606,0.05405405405405406,0.16666666666666666
Left,contig,Ang,RTT,PTT,5,0.3,1,1136,36,682,47,none-Ang-PCA,arc segments,16.0,0.44702020202020204,0.02168021680216802,0.2222222222222222
Left,contig,Ang,RTT,PTT,5,0.3,1,1136,36,682,47,QOTu-Ang-HS4,arc labels,,0.5287878787878788,0.047619047619047616,0.16666666666666666
Left,contig,Ang,RTT,PTT,5,0.3,1,1136,36,682,47,QOTu-Ang-HSsrc,arc segments,,0.5446969696969697,0.06593406593406594,0.16666666666666666
Left,contig,Ang,RTT,PTT,5,0.3,1,1136,36,682,47,QOTu-Ang-PCA,arc segments,16.0,0.539949494949495,0.05263157894736842,0.19444444444444445
Left,contig,Ang,RTT,PTT,5,0.3,1,1136,36,682,47,QOTc-Ang-HS4,arc labels,,0.49308080808080806,0.0310391363022942,0.6388888888888888
Left,contig,Ang,RTT,PTT,5,0.3,1,1136,36,682,47,QOTc-Ang-HSsrc,arc labels,,0.4433838383838384,0.021220159151193633,0.2222222222222222
Left,contig,Ang,RTT,PTT,5,0.3,1,1136,36,682,47,QOTc-Ang-PCA,arc labels,64.0,0.48459595959595964,0.020618556701030927,0.05555555555555555
Left,contig,Ang,RTT,PTT,5,0.3,1,1136,36,682,47,SDM-Ang-HS4,arc labels,,0.48419191919191923,0.03017832647462277,0.6111111111111112
Left,contig,Ang,RTT,PTT,5,0.3,1,1136,36,682,47,SDM-Ang-HSsrc,arc labels,,0.4988888888888889,0.03156146179401993,0.5277777777777778
Left,contig,Ang,RTT,PTT,5,0.3,1,1136,36,682,47,SDM-Ang-PCA,arc labels,64.0,0.49767676767676766,0.03137254901960784,0.4444444444444444
Left,contig,Ang,RTT,PTT,5,0.5,1,1136,36,1112,100,NoAdapt,nothing,,0.42439393939393943,0.022018348623853212,0.3333333333333333
Left,contig,Ang,RTT,PTT,5,0.5,1,1136,36,1112,100,TargetOnly,arc labels,,0.4625757575757576,0.028187919463087248,0.5833333333333334
Left,contig,Ang,RTT,PTT,5,0.5,1,1136,36,1112,100,Source+Target,arc labels,,0.4885353535353535,0.03062583222370173,0.6388888888888888
Left,contig,Ang,RTT,PTT,5,0.5,1,1136,36,1112,100,COT,arc labels,,0.4949494949494949,0.03125,0.6944444444444444
Left,contig,Ang,RTT,PTT,5,0.5,1,1136,36,1112,100,none-Ang-HS4,arc labels,,0.5219191919191919,0.05128205128205128,0.1111111111111111
Left,contig,Ang,RTT,PTT,5,0.5,1,1136,36,1112,100,none-Ang-HSsrc,nothing,,0.5356060606060606,0.05405405405405406,0.16666666666666666
Left,contig,Ang,RTT,PTT,5,0.5,1,1136,36,1112,100,none-Ang-PCA,arc segments,16.0,0.46065656565656565,0.02359882005899705,0.2222222222222222
Left,contig,Ang,RTT,PTT,5,0.5,1,1136,36,1112,100,QOTu-Ang-HS4,arc labels,,0.5278787878787878,0.046875,0.16666666666666666
Left,contig,Ang,RTT,PTT,5,0.5,1,1136,36,1112,100,QOTu-Ang-HSsrc,arc segments,,0.5442424242424243,0.06521739130434782,0.16666666666666666
Left,contig,Ang,RTT,PTT,5,0.5,1,1136,36,1112,100,QOTu-Ang-PCA,arc segments,16.0,0.5413131313131313,0.05384615384615385,0.19444444444444445
Left,contig,Ang,RTT,PTT,5,0.5,1,1136,36,1112,100,QOTc-Ang-HS4,arc labels,,0.47914141414141415,0.029542097488921712,0.5555555555555556
Left,contig,Ang,RTT,PTT,5,0.5,1,1136,36,1112,100,QOTc-Ang-HSsrc,arc labels,,0.44247474747474747,0.021108179419525065,0.2222222222222222
Left,contig,Ang,RTT,PTT,5,0.5,1,1136,36,1112,100,QOTc-Ang-PCA,arc labels,64.0,0.5458080808080809,0.04105571847507331,0.3888888888888889
Left,contig,Ang,RTT,PTT,5,0.5,1,1136,36,1112,100,SDM-Ang-HS4,arc labels,,0.4999494949494949,0.031685678073510776,0.6944444444444444
Left,contig,Ang,RTT,PTT,5,0.5,1,1136,36,1112,100,SDM-Ang-HSsrc,arc labels,,0.4970707070707071,0.03135313531353135,0.5277777777777778
Left,contig,Ang,RTT,PTT,5,0.5,1,1136,36,1112,100,SDM-Ang-PCA,arc labels,64.0,0.5154040404040403,0.03397027600849257,0.4444444444444444
Left,contig,Ang,RTT,PTT,6,0.05,0,1136,51,114,1,NoAdapt,nothing,,0.5066413662239089,0.04599659284497445,0.5294117647058824
Left,contig,Ang,RTT,PTT,6,0.05,0,1136,51,114,1,TargetOnly,arc labels,,,,
Left,contig,Ang,RTT,PTT,6,0.05,0,1136,51,114,1,Source+Target,arc labels,,,,
Left,contig,Ang,RTT,PTT,6,0.05,0,1136,51,114,1,COT,arc labels,,,,
Left,contig,Ang,RTT,PTT,6,0.05,0,1136,51,114,1,none-Ang-HS4,arc labels,,,,
Left,contig,Ang,RTT,PTT,6,0.05,0,1136,51,114,1,none-Ang-HSsrc,nothing,,0.5970814132104455,0.10119047619047619,0.3333333333333333
Left,contig,Ang,RTT,PTT,6,0.05,0,1136,51,114,1,none-Ang-PCA,arc segments,32.0,0.550871961687901,0.06504065040650407,0.3137254901960784
Left,contig,Ang,RTT,PTT,6,0.05,0,1136,51,114,1,QOTu-Ang-HS4,arc labels,,,,
Left,contig,Ang,RTT,PTT,6,0.05,0,1136,51,114,1,QOTu-Ang-HSsrc,arc segments,,0.6035330261136712,0.11038961038961038,0.3333333333333333
Left,contig,Ang,RTT,PTT,6,0.05,0,1136,51,114,1,QOTu-Ang-PCA,arc segments,16.0,0.5566910635221831,0.09016393442622951,0.21568627450980393
Left,contig,Ang,RTT,PTT,6,0.05,0,1136,51,114,1,QOTc-Ang-HS4,arc labels,,,,
Left,contig,Ang,RTT,PTT,6,0.05,0,1136,51,114,1,QOTc-Ang-HSsrc,arc labels,,,,
Left,contig,Ang,RTT,PTT,6,0.05,0,1136,51,114,1,QOTc-Ang-PCA,arc labels,,,,
Left,contig,Ang,RTT,PTT,6,0.05,0,1136,51,114,1,SDM-Ang-HS4,arc labels,,,,
Left,contig,Ang,RTT,PTT,6,0.05,0,1136,51,114,1,SDM-Ang-HSsrc,arc labels,,,,
Left,contig,Ang,RTT,PTT,6,0.05,0,1136,51,114,1,SDM-Ang-PCA,arc labels,,,,
Left,contig,Ang,RTT,PTT,6,0.1,1,1136,51,227,17,NoAdapt,nothing,,0.5066413662239089,0.04599659284497445,0.5294117647058824
Left,contig,Ang,RTT,PTT,6,0.1,1,1136,51,227,17,TargetOnly,arc labels,,0.4800759013282732,0.0410958904109589,0.4117647058823529
Left,contig,Ang,RTT,PTT,6,0.1,1,1136,51,227,17,Source+Target,arc labels,,0.5492183970362339,0.05052878965922444,0.8431372549019608
Left,contig,Ang,RTT,PTT,6,0.1,1,1136,51,227,17,COT,arc labels,,0.5081142134273064,0.045931758530183726,0.6862745098039216
Left,contig,Ang,RTT,PTT,6,0.1,1,1136,51,227,17,none-Ang-HS4,arc labels,,0.6300533116472395,0.1347517730496454,0.37254901960784315
Left,contig,Ang,RTT,PTT,6,0.1,1,1136,51,227,17,none-Ang-HSsrc,nothing,,0.5970814132104455,0.10119047619047619,0.3333333333333333
Left,contig,Ang,RTT,PTT,6,0.1,1,1136,51,227,17,none-Ang-PCA,arc segments,16.0,0.5892021324658896,0.13541666666666666,0.2549019607843137
Left,contig,Ang,RTT,PTT,6,0.1,1,1136,51,227,17,QOTu-Ang-HS4,arc labels,,0.6230595463992048,0.09865470852017937,0.43137254901960786
Left,contig,Ang,RTT,PTT,6,0.1,1,1136,51,227,17,QOTu-Ang-HSsrc,arc segments,,0.5975422427035331,0.10179640718562874,0.3333333333333333
Left,contig,Ang,RTT,PTT,6,0.1,1,1136,51,227,17,QOTu-Ang-PCA,arc segments,16.0,0.6161471040028914,0.09243697478991597,0.43137254901960786
Left,contig,Ang,RTT,PTT,6,0.1,1,1136,51,227,17,QOTc-Ang-HS4,arc labels,,0.5169964760097587,0.047058823529411764,0.7058823529411765
Left,contig,Ang,RTT,PTT,6,0.1,1,1136,51,227,17,QOTc-Ang-HSsrc,arc labels,,0.5160657811511702,0.04789272030651341,0.49019607843137253
Left,contig,Ang,RTT,PTT,6,0.1,1,1136,51,227,17,QOTc-Ang-PCA,arc labels,32.0,0.5286256438059095,0.05514705882352941,0.29411764705882354
Left,contig,Ang,RTT,PTT,6,0.1,1,1136,51,227,17,SDM-Ang-HS4,arc labels,,0.4522634860395771,0.03829787234042553,0.5294117647058824
Left,contig,Ang,RTT,PTT,6,0.1,1,1136,51,227,17,SDM-Ang-HSsrc,arc labels,,0.4758471130387639,0.04088586030664395,0.47058823529411764
Left,contig,Ang,RTT,PTT,6,0.1,1,1136,51,227,17,SDM-Ang-PCA,arc labels,32.0,0.5553176109153339,0.05945945945945946,0.43137254901960786
Left,contig,Ang,RTT,PTT,6,0.2,1,1136,51,454,31,NoAdapt,nothing,,0.5066413662239089,0.04599659284497445,0.5294117647058824
Left,contig,Ang,RTT,PTT,6,0.2,1,1136,51,454,31,TargetOnly,arc labels,,0.5101201771030993,0.046474358974358976,0.5686274509803921
Left,contig,Ang,RTT,PTT,6,0.2,1,1136,51,454,31,Source+Target,arc labels,,0.5438962681846933,0.05012224938875306,0.803921568627451
Left,contig,Ang,RTT,PTT,6,0.2,1,1136,51,454,31,COT,arc labels,,0.5133459835547122,0.04700162074554295,0.5686274509803921
Left,contig,Ang,RTT,PTT,6,0.2,1,1136,51,454,31,none-Ang-HS4,arc labels,,0.6098581368031084,0.13559322033898305,0.3137254901960784
Left,contig,Ang,RTT,PTT,6,0.2,1,1136,51,454,31,none-Ang-HSsrc,nothing,,0.5970814132104455,0.10119047619047619,0.3333333333333333
Left,contig,Ang,RTT,PTT,6,0.2,1,1136,51,454,31,none-Ang-PCA,arc segments,16.0,0.5525526339568085,0.05851063829787234,0.43137254901960786
Left,contig,Ang,RTT,PTT,6,0.2,1,1136,51,454,31,QOTu-Ang-HS4,arc labels,,0.6106984729375622,0.10382513661202186,0.37254901960784315
Left,contig,Ang,RTT,PTT,6,0.2,1,1136,51,454,31,QOTu-Ang-HSsrc,arc segments,,0.6072196620583717,0.11643835616438356,0.3333333333333333
Left,contig,Ang,RTT,PTT,6,0.2,1,1136,51,454,31,QOTu-Ang-PCA,arc segments,16.0,0.6391885786572693,0.11702127659574468,0.43137254901960786
Left,contig,Ang,RTT,PTT,6,0.2,1,1136,51,454,31,QOTc-Ang-HS4,arc labels,,0.5213969458751242,0.0475,0.7450980392156863
Left,contig,Ang,RTT,PTT,6,0.2,1,1136,51,454,31,QOTc-Ang-HSsrc,arc labels,,0.5232673714647149,0.05063291139240506,0.39215686274509803
Left,contig,Ang,RTT,PTT,6,0.2,1,1136,51,454,31,QOTc-Ang-PCA,arc labels,64.0,0.464064335411584,0.034055727554179564,0.21568627450980393
Left,contig,Ang,RTT,PTT,6,0.2,1,1136,51,454,31,SDM-Ang-HS4,arc labels,,0.5128399746995572,0.04725897920604915,0.49019607843137253
Left,contig,Ang,RTT,PTT,6,0.2,1,1136,51,454,31,SDM-Ang-HSsrc,arc labels,,0.542296918767507,0.05152979066022544,0.6274509803921569
Left,contig,Ang,RTT,PTT,6,0.2,1,1136,51,454,31,SDM-Ang-PCA,arc labels,64.0,0.5658805457666938,0.05765407554671968,0.5686274509803921
Left,contig,Ang,RTT,PTT,6,0.3,1,1136,51,682,48,NoAdapt,nothing,,0.5066413662239089,0.04599659284497445,0.5294117647058824
Left,contig,Ang,RTT,PTT,6,0.3,1,1136,51,682,48,TargetOnly,arc labels,,0.5044637209722599,0.04560260586319218,0.5490196078431373
Left,contig,Ang,RTT,PTT,6,0.3,1,1136,51,682,48,Source+Target,arc labels,,0.5383663142676426,0.04939759036144578,0.803921568627451
Left,contig,Ang,RTT,PTT,6,0.3,1,1136,51,682,48,COT,arc labels,,0.4843589048522635,0.04291287386215865,0.6470588235294118
Left,contig,Ang,RTT,PTT,6,0.3,1,1136,51,682,48,none-Ang-HS4,arc labels,,0.6043281828860576,0.12307692307692308,0.3137254901960784
Left,contig,Ang,RTT,PTT,6,0.3,1,1136,51,682,48,none-Ang-HSsrc,nothing,,0.5970814132104455,0.10119047619047619,0.3333333333333333
Left,contig,Ang,RTT,PTT,6,0.3,1,1136,51,682,48,none-Ang-PCA,arc segments,16.0,0.5339929520195175,0.0532994923857868,0.4117647058823529
Left,contig,Ang,RTT,PTT,6,0.3,1,1136,51,682,48,QOTu-Ang-HS4,arc labels,,0.6106984729375622,0.10382513661202186,0.37254901960784315
Left,contig,Ang,RTT,PTT,6,0.3,1,1136,51,682,48,QOTu-Ang-HSsrc,arc segments,,0.6072196620583717,0.11643835616438356,0.3333333333333333
Left,contig,Ang,RTT,PTT,6,0.3,1,1136,51,682,48,QOTu-Ang-PCA,arc segments,16.0,0.6401102376434444,0.11827956989247312,0.43137254901960786
Left,contig,Ang,RTT,PTT,6,0.3,1,1136,51,682,48,QOTc-Ang-HS4,arc labels,,0.5172494804373362,0.04697156983930779,0.7450980392156863
Left,contig,Ang,RTT,PTT,6,0.3,1,1136,51,682,48,QOTc-Ang-HSsrc,arc labels,,0.5232673714647149,0.05063291139240506,0.39215686274509803
Left,contig,Ang,RTT,PTT,6,0.3,1,1136,51,682,48,QOTc-Ang-PCA,arc labels,64.0,0.5150537634408602,0.049132947976878616,0.3333333333333333
Left,contig,Ang,RTT,PTT,6,0.3,1,1136,51,682,48,SDM-Ang-HS4,arc labels,,0.5141411403270986,0.047217537942664416,0.5490196078431373
Left,contig,Ang,RTT,PTT,6,0.3,1,1136,51,682,48,SDM-Ang-HSsrc,arc labels,,0.5123881810788832,0.04645161290322581,0.7058823529411765
Left,contig,Ang,RTT,PTT,6,0.3,1,1136,51,682,48,SDM-Ang-PCA,arc labels,64.0,0.5523899882533658,0.054901960784313725,0.5490196078431373
Left,contig,Ang,RTT,PTT,6,0.5,1,1136,51,1112,88,NoAdapt,nothing,,0.5066413662239089,0.04599659284497445,0.5294117647058824
Left,contig,Ang,RTT,PTT,6,0.5,1,1136,51,1112,88,TargetOnly,arc labels,,0.4384747447366043,0.03454231433506045,0.39215686274509803
Left,contig,Ang,RTT,PTT,6,0.5,1,1136,51,1112,88,Source+Target,arc labels,,0.5443570976777808,0.05018359853121175,0.803921568627451
Left,contig,Ang,RTT,PTT,6,0.5,1,1136,51,1112,88,COT,arc labels,,0.4600162645703443,0.039735099337748346,0.5882352941176471
Left,contig,Ang,RTT,PTT,6,0.5,1,1136,51,1112,88,none-Ang-HS4,arc labels,,0.6098581368031084,0.13559322033898305,0.3137254901960784
Left,contig,Ang,RTT,PTT,6,0.5,1,1136,51,1112,88,none-Ang-HSsrc,nothing,,0.5970814132104455,0.10119047619047619,0.3333333333333333
Left,contig,Ang,RTT,PTT,6,0.5,1,1136,51,1112,88,none-Ang-PCA,arc segments,16.0,0.5525526339568085,0.05851063829787234,0.43137254901960786
Left,contig,Ang,RTT,PTT,6,0.5,1,1136,51,1112,88,QOTu-Ang-HS4,arc labels,,0.6134634498960875,0.10734463276836158,0.37254901960784315
Left,contig,Ang,RTT,PTT,6,0.5,1,1136,51,1112,88,QOTu-Ang-HSsrc,arc segments,,0.6067588325652842,0.11564625850340136,0.3333333333333333
Left,contig,Ang,RTT,PTT,6,0.5,1,1136,51,1112,88,QOTu-Ang-PCA,arc segments,16.0,0.6336586247402187,0.11,0.43137254901960786
Left,contig,Ang,RTT,PTT,6,0.5,1,1136,51,1112,88,QOTc-Ang-HS4,arc labels,,0.4940724676967561,0.04391891891891892,0.5098039215686274
Left,contig,Ang,RTT,PTT,6,0.5,1,1136,51,1112,88,QOTc-Ang-HSsrc,arc labels,,0.5048341917412126,0.04597701149425287,0.39215686274509803
Left,contig,Ang,RTT,PTT,6,0.5,1,1136,51,1112,88,QOTc-Ang-PCA,arc labels,32.0,0.4722327640733713,0.0353356890459364,0.19607843137254902
Left,contig,Ang,RTT,PTT,6,0.5,1,1136,51,1112,88,SDM-Ang-HS4,arc labels,,0.4813770669558146,0.04173913043478261,0.47058823529411764
Left,contig,Ang,RTT,PTT,6,0.5,1,1136,51,1112,88,SDM-Ang-HSsrc,arc labels,,0.5427577482605945,0.05161290322580645,0.6274509803921569
Left,contig,Ang,RTT,PTT,6,0.5,1,1136,51,1112,88,SDM-Ang-PCA,arc labels,64.0,0.535465799222915,0.050966608084358524,0.5686274509803921
Left,contig,Ang,RTT,PTT,7,0.05,1,1136,54,114,4,NoAdapt,nothing,,0.5398781406175122,0.05384615384615385,0.6481481481481481
Left,contig,Ang,RTT,PTT,7,0.05,1,1136,54,114,4,TargetOnly,arc labels,,0.49957212295474773,0.046511627906976744,0.037037037037037035
Left,contig,Ang,RTT,PTT,7,0.05,1,1136,54,114,4,Source+Target,arc labels,,0.5278975833504485,0.05153203342618384,0.6851851851851852
Left,contig,Ang,RTT,PTT,7,0.05,1,1136,54,114,4,COT,arc labels,,0.4865646607790785,0.04630454140694568,0.9629629629629629
Left,contig,Ang,RTT,PTT,7,0.05,1,1136,54,114,4,none-Ang-HS4,arc labels,,0.618230985144109,0.10087719298245613,0.42592592592592593
Left,contig,Ang,RTT,PTT,7,0.05,1,1136,54,114,4,none-Ang-HSsrc,nothing,,0.6159204490997467,0.09871244635193133,0.42592592592592593
Left,contig,Ang,RTT,PTT,7,0.05,1,1136,54,114,4,none-Ang-PCA,arc segments,32.0,0.5483501061135072,0.06719367588932806,0.3148148148148148
Left,contig,Ang,RTT,PTT,7,0.05,1,1136,54,114,4,QOTu-Ang-HS4,arc labels,,0.6082015472033957,0.07416267942583732,0.5740740740740741
Left,contig,Ang,RTT,PTT,7,0.05,1,1136,54,114,4,QOTu-Ang-HSsrc,arc segments,,0.6112993770110221,0.09465020576131687,0.42592592592592593
Left,contig,Ang,RTT,PTT,7,0.05,1,1136,54,114,4,QOTu-Ang-PCA,arc segments,16.0,0.5973848154994181,0.09523809523809523,0.37037037037037035
Left,contig,Ang,RTT,PTT,7,0.05,1,1136,54,114,4,QOTc-Ang-HS4,arc labels,,0.4813103306633806,0.042134831460674156,0.2777777777777778
Left,contig,Ang,RTT,PTT,7,0.05,1,1136,54,114,4,QOTc-Ang-HSsrc,arc labels,,0.4839802834257547,0.045454545454545456,0.6666666666666666
Left,contig,Ang,RTT,PTT,7,0.05,1,1136,54,114,4,QOTc-Ang-PCA,arc labels,64.0,0.5191346614636818,0.05789473684210526,0.2037037037037037
Left,contig,Ang,RTT,PTT,7,0.05,1,1136,54,114,4,SDM-Ang-HS4,arc labels,,0.4852296843978914,0.018867924528301886,0.018518518518518517
Left,contig,Ang,RTT,PTT,7,0.05,1,1136,54,114,4,SDM-Ang-HSsrc,arc labels,,0.4520264256863148,0.04118404118404118,0.5925925925925926
Left,contig,Ang,RTT,PTT,7,0.05,1,1136,54,114,4,SDM-Ang-PCA,arc labels,16.0,0.5265283768056411,0.06321839080459771,0.2037037037037037
Left,contig,Ang,RTT,PTT,7,0.1,1,1136,54,227,8,NoAdapt,nothing,,0.5398781406175122,0.05384615384615385,0.6481481481481481
Left,contig,Ang,RTT,PTT,7,0.1,1,1136,54,227,8,TargetOnly,arc labels,,0.5031834052166769,0.04819277108433735,0.4444444444444444
Left,contig,Ang,RTT,PTT,7,0.1,1,1136,54,227,8,Source+Target,arc labels,,0.5366776203190251,0.05293276108726753,0.6851851851851852
Left,contig,Ang,RTT,PTT,7,0.1,1,1136,54,227,8,COT,arc labels,,0.4427158211816252,0.03927068723702665,0.5185185185185185
Left,contig,Ang,RTT,PTT,7,0.1,1,1136,54,227,8,none-Ang-HS4,arc labels,,0.6061477373861848,0.11176470588235295,0.35185185185185186
Left,contig,Ang,RTT,PTT,7,0.1,1,1136,54,227,8,none-Ang-HSsrc,nothing,,0.6159204490997467,0.09871244635193133,0.42592592592592593
Left,contig,Ang,RTT,PTT,7,0.1,1,1136,54,227,8,none-Ang-PCA,arc segments,32.0,0.5483501061135072,0.06719367588932806,0.3148148148148148
Left,contig,Ang,RTT,PTT,7,0.1,1,1136,54,227,8,QOTu-Ang-HS4,arc labels,,0.6275073594851783,0.1,0.46296296296296297
Left,contig,Ang,RTT,PTT,7,0.1,1,1136,54,227,8,QOTu-Ang-HSsrc,arc segments,,0.628380228657493,0.11891891891891893,0.4074074074074074
Left,contig,Ang,RTT,PTT,7,0.1,1,1136,54,227,8,QOTu-Ang-PCA,arc segments,16.0,0.5778907373177244,0.10204081632653061,0.2777777777777778
Left,contig,Ang,RTT,PTT,7,0.1,1,1136,54,227,8,QOTc-Ang-HS4,arc labels,,0.5607585404258233,0.09154929577464789,0.24074074074074073
Left,contig,Ang,RTT,PTT,7,0.1,1,1136,54,227,8,QOTc-Ang-HSsrc,arc labels,,0.6196001916889162,0.10784313725490197,0.4074074074074074
Left,contig,Ang,RTT,PTT,7,0.1,1,1136,54,227,8,QOTc-Ang-PCA,arc labels,64.0,0.477818853974122,0.0,0.0
Left,contig,Ang,RTT,PTT,7,0.1,1,1136,54,227,8,SDM-Ang-HS4,arc labels,,0.5140343670842746,0.05555555555555555,0.18518518518518517
Left,contig,Ang,RTT,PTT,7,0.1,1,1136,54,227,8,SDM-Ang-HSsrc,arc labels,,0.5363010885192031,0.06329113924050633,0.2777777777777778
Left,contig,Ang,RTT,PTT,7,0.1,1,1136,54,227,8,SDM-Ang-PCA,arc labels,64.0,0.4860683234065859,0.04474708171206226,0.42592592592592593
Left,contig,Ang,RTT,PTT,7,0.2,1,1136,54,454,47,NoAdapt,nothing,,0.5398781406175122,0.05384615384615385,0.6481481481481481
Left,contig,Ang,RTT,PTT,7,0.2,1,1136,54,454,47,TargetOnly,arc labels,,0.4835010611350722,0.04533678756476684,0.6481481481481481
Left,contig,Ang,RTT,PTT,7,0.2,1,1136,54,454,47,Source+Target,arc labels,,0.5335626754295886,0.05158264947245018,0.8148148148148148
Left,contig,Ang,RTT,PTT,7,0.2,1,1136,54,454,47,COT,arc labels,,0.48860135551447936,0.04603580562659847,0.6666666666666666
Left,contig,Ang,RTT,PTT,7,0.2,1,1136,54,454,47,none-Ang-HS4,arc labels,,0.6316320942014103,0.11557788944723618,0.42592592592592593
Left,contig,Ang,RTT,PTT,7,0.2,1,1136,54,454,47,none-Ang-HSsrc,nothing,,0.6159204490997467,0.09871244635193133,0.42592592592592593
Left,contig,Ang,RTT,PTT,7,0.2,1,1136,54,454,47,none-Ang-PCA,arc segments,32.0,0.5377045252276306,0.06274509803921569,0.2962962962962963
Left,contig,Ang,RTT,PTT,7,0.2,1,1136,54,454,47,QOTu-Ang-HS4,arc labels,,0.618230985144109,0.10087719298245613,0.42592592592592593
Left,contig,Ang,RTT,PTT,7,0.2,1,1136,54,454,47,QOTu-Ang-HSsrc,arc segments,,0.6131135756828918,0.1065989847715736,0.3888888888888889
Left,contig,Ang,RTT,PTT,7,0.2,1,1136,54,454,47,QOTu-Ang-PCA,arc segments,16.0,0.6019716574245225,0.11392405063291139,0.3333333333333333
Left,contig,Ang,RTT,PTT,7,0.2,1,1136,54,454,47,QOTc-Ang-HS4,arc labels,,0.4751489012117478,0.04411764705882353,0.6111111111111112
Left,contig,Ang,RTT,PTT,7,0.2,1,1136,54,454,47,QOTc-Ang-HSsrc,arc labels,,0.5147532005202985,0.05060728744939271,0.46296296296296297
Left,contig,Ang,RTT,PTT,7,0.2,1,1136,54,454,47,QOTc-Ang-PCA,arc labels,16.0,0.5401348668446635,0.05793450881612091,0.42592592592592593
Left,contig,Ang,RTT,PTT,7,0.2,1,1136,54,454,47,SDM-Ang-HS4,arc labels,,0.46244951050866023,0.0398406374501992,0.37037037037037035
Left,contig,Ang,RTT,PTT,7,0.2,1,1136,54,454,47,SDM-Ang-HSsrc,arc labels,,0.4852981447251318,0.04539007092198582,0.5925925925925926
Left,contig,Ang,RTT,PTT,7,0.2,1,1136,54,454,47,SDM-Ang-PCA,arc labels,64.0,0.46491408228931336,0.04227405247813411,0.5370370370370371
Left,contig,Ang,RTT,PTT,7,0.3,1,1136,54,682,59,NoAdapt,nothing,,0.5398781406175122,0.05384615384615385,0.6481481481481481
Left,contig,Ang,RTT,PTT,7,0.3,1,1136,54,682,59,TargetOnly,arc labels,,0.44867186965153694,0.03924646781789639,0.46296296296296297
Left,contig,Ang,RTT,PTT,7,0.3,1,1136,54,682,59,Source+Target,arc labels,,0.5367974258916958,0.05200945626477541,0.8148148148148148
Left,contig,Ang,RTT,PTT,7,0.3,1,1136,54,682,59,COT,arc labels,,0.4732833572944478,0.04377564979480164,0.5925925925925926
Left,contig,Ang,RTT,PTT,7,0.3,1,1136,54,682,59,none-Ang-HS4,arc labels,,0.6093653727664818,0.1267605633802817,0.3333333333333333
Left,contig,Ang,RTT,PTT,7,0.3,1,1136,54,682,59,none-Ang-HSsrc,nothing,,0.6159204490997467,0.09871244635193133,0.42592592592592593
Left,contig,Ang,RTT,PTT,7,0.3,1,1136,54,682,59,none-Ang-PCA,arc segments,16.0,0.6168446635174916,0.09956709956709957,0.42592592592592593
Left,contig,Ang,RTT,PTT,7,0.3,1,1136,54,682,59,QOTu-Ang-HS4,arc labels,,0.618230985144109,0.10087719298245613,0.42592592592592593
Left,contig,Ang,RTT,PTT,7,0.3,1,1136,54,682,59,QOTu-Ang-HSsrc,arc segments,,0.610340932429657,0.10344827586206896,0.3888888888888889
Left,contig,Ang,RTT,PTT,7,0.3,1,1136,54,682,59,QOTu-Ang-PCA,arc segments,16.0,0.6173067707263641,0.1,0.42592592592592593
Left,contig,Ang,RTT,PTT,7,0.3,1,1136,54,682,59,QOTc-Ang-HS4,arc labels,,0.4939241459574177,0.04627766599597585,0.42592592592592593
Left,contig,Ang,RTT,PTT,7,0.3,1,1136,54,682,59,QOTc-Ang-HSsrc,arc labels,,0.5147532005202985,0.05060728744939271,0.46296296296296297
Left,contig,Ang,RTT,PTT,7,0.3,1,1136,54,682,59,QOTc-Ang-PCA,arc labels,16.0,0.5289416033408639,0.0576271186440678,0.3148148148148148
Left,contig,Ang,RTT,PTT,7,0.3,1,1136,54,682,59,SDM-Ang-HS4,arc labels,,0.4828164578626686,0.044,0.4074074074074074
Left,contig,Ang,RTT,PTT,7,0.3,1,1136,54,682,59,SDM-Ang-HSsrc,arc labels,,0.5143253234750462,0.05027932960893855,0.5
Left,contig,Ang,RTT,PTT,7,0.3,1,1136,54,682,59,SDM-Ang-PCA,arc labels,64.0,0.5091565687683987,0.04966139954853273,0.4074074074074074
Left,contig,Ang,RTT,PTT,7,0.5,1,1136,54,1124,84,NoAdapt,nothing,,0.5398781406175122,0.05384615384615385,0.6481481481481481
Left,contig,Ang,RTT,PTT,7,0.5,1,1136,54,1124,84,TargetOnly,arc labels,,0.4666598206339426,0.04136690647482014,0.42592592592592593
Left,contig,Ang,RTT,PTT,7,0.5,1,1136,54,1124,84,Source+Target,arc labels,,0.5590470322448141,0.05442176870748299,0.8888888888888888
Left,contig,Ang,RTT,PTT,7,0.5,1,1136,54,1124,84,COT,arc labels,,0.45416581091257613,0.03914590747330961,0.4074074074074074
Left,contig,Ang,RTT,PTT,7,0.5,1,1136,54,1124,84,none-Ang-HS4,arc labels,,0.5959471486273704,0.11333333333333333,0.3148148148148148
Left,contig,Ang,RTT,PTT,7,0.5,1,1136,54,1124,84,none-Ang-HSsrc,nothing,,0.6159204490997467,0.09871244635193133,0.42592592592592593
Left,contig,Ang,RTT,PTT,7,0.5,1,1136,54,1124,84,none-Ang-PCA,arc segments,16.0,0.5660813308687616,0.06352941176470588,0.5
Left,contig,Ang,RTT,PTT,7,0.5,1,1136,54,1124,84,QOTu-Ang-HS4,arc labels,,0.6224070651057712,0.1,0.4444444444444444
Left,contig,Ang,RTT,PTT,7,0.5,1,1136,54,1124,84,QOTu-Ang-HSsrc,arc segments,,0.6265660299856233,0.1038961038961039,0.4444444444444444
Left,contig,Ang,RTT,PTT,7,0.5,1,1136,54,1124,84,QOTu-Ang-PCA,arc segments,16.0,0.631204217156158,0.10330578512396695,0.46296296296296297
Left,contig,Ang,RTT,PTT,7,0.5,1,1136,54,1124,84,QOTc-Ang-HS4,arc labels,,0.5017970835900596,0.04790419161676647,0.4444444444444444
Left,contig,Ang,RTT,PTT,7,0.5,1,1136,54,1124,84,QOTc-Ang-HSsrc,arc labels,,0.49666255904703227,0.0467706013363029,0.3888888888888889
Left,contig,Ang,RTT,PTT,7,0.5,1,1136,54,1124,84,QOTc-Ang-PCA,arc labels,64.0,0.5007017183542137,0.04778156996587031,0.25925925925925924
Left,contig,Ang,RTT,PTT,7,0.5,1,1136,54,1124,84,SDM-Ang-HS4,arc labels,,0.4393441500650373,0.036231884057971016,0.37037037037037035
Left,contig,Ang,RTT,PTT,7,0.5,1,1136,54,1124,84,SDM-Ang-HSsrc,arc labels,,0.5078044773054016,0.04918032786885246,0.4444444444444444
Left,contig,Ang,RTT,PTT,7,0.5,1,1136,54,1124,84,SDM-Ang-PCA,arc labels,64.0,0.49854521804614227,0.04722792607802875,0.42592592592592593
Left,contig,Ang,RTT,WRM,0,0.05,0,508,35,51,0,NoAdapt,nothing,,0.4969193597100574,0.06666666666666667,0.17142857142857143
Left,contig,Ang,RTT,WRM,0,0.05,0,508,35,51,0,TargetOnly,arc labels,,,,
Left,contig,Ang,RTT,WRM,0,0.05,0,508,35,51,0,Source+Target,arc labels,,,,
Left,contig,Ang,RTT,WRM,0,0.05,0,508,35,51,0,COT,arc labels,,,,
Left,contig,Ang,RTT,WRM,0,0.05,0,508,35,51,0,none-Ang-HS4,arc labels,,,,
Left,contig,Ang,RTT,WRM,0,0.05,0,508,35,51,0,none-Ang-HSsrc,nothing,,0.5599214738749623,0.09848484848484848,0.37142857142857144
Left,contig,Ang,RTT,WRM,0,0.05,0,508,35,51,0,none-Ang-PCA,arc segments,16.0,0.5027786167321051,0.0703125,0.2571428571428571
Left,contig,Ang,RTT,WRM,0,0.05,0,508,35,51,0,QOTu-Ang-HS4,arc labels,,,,
Left,contig,Ang,RTT,WRM,0,0.05,0,508,35,51,0,QOTu-Ang-HSsrc,arc segments,,0.6085472666868016,0.1511627906976744,0.37142857142857144
Left,contig,Ang,RTT,WRM,0,0.05,0,508,35,51,0,QOTu-Ang-PCA,arc segments,16.0,0.440531561461794,0.056105610561056105,0.4857142857142857
Left,contig,Ang,RTT,WRM,0,0.05,0,508,35,51,0,QOTc-Ang-HS4,arc labels,,,,
Left,contig,Ang,RTT,WRM,0,0.05,0,508,35,51,0,QOTc-Ang-HSsrc,arc labels,,,,
Left,contig,Ang,RTT,WRM,0,0.05,0,508,35,51,0,QOTc-Ang-PCA,arc labels,,,,
Left,contig,Ang,RTT,WRM,0,0.05,0,508,35,51,0,SDM-Ang-HS4,arc labels,,,,
Left,contig,Ang,RTT,WRM,0,0.05,0,508,35,51,0,SDM-Ang-HSsrc,arc labels,,,,
Left,contig,Ang,RTT,WRM,0,0.05,0,508,35,51,0,SDM-Ang-PCA,arc labels,,,,
Left,contig,Ang,RTT,WRM,0,0.1,0,508,35,102,0,NoAdapt,nothing,,0.4969193597100574,0.06666666666666667,0.17142857142857143
Left,contig,Ang,RTT,WRM,0,0.1,0,508,35,102,0,TargetOnly,arc labels,,,,
Left,contig,Ang,RTT,WRM,0,0.1,0,508,35,102,0,Source+Target,arc labels,,,,
Left,contig,Ang,RTT,WRM,0,0.1,0,508,35,102,0,COT,arc labels,,,,
Left,contig,Ang,RTT,WRM,0,0.1,0,508,35,102,0,none-Ang-HS4,arc labels,,,,
Left,contig,Ang,RTT,WRM,0,0.1,0,508,35,102,0,none-Ang-HSsrc,nothing,,0.5599214738749623,0.09848484848484848,0.37142857142857144
Left,contig,Ang,RTT,WRM,0,0.1,0,508,35,102,0,none-Ang-PCA,arc segments,16.0,0.5038356991845363,0.07086614173228346,0.2571428571428571
Left,contig,Ang,RTT,WRM,0,0.1,0,508,35,102,0,QOTu-Ang-HS4,arc labels,,,,
Left,contig,Ang,RTT,WRM,0,0.1,0,508,35,102,0,QOTu-Ang-HSsrc,arc segments,,0.5831772878284507,0.11818181818181818,0.37142857142857144
Left,contig,Ang,RTT,WRM,0,0.1,0,508,35,102,0,QOTu-Ang-PCA,arc segments,32.0,0.473663545756569,0.05357142857142857,0.17142857142857143
Left,contig,Ang,RTT,WRM,0,0.1,0,508,35,102,0,QOTc-Ang-HS4,arc labels,,,,
Left,contig,Ang,RTT,WRM,0,0.1,0,508,35,102,0,QOTc-Ang-HSsrc,arc labels,,,,
Left,contig,Ang,RTT,WRM,0,0.1,0,508,35,102,0,QOTc-Ang-PCA,arc labels,,,,
Left,contig,Ang,RTT,WRM,0,0.1,0,508,35,102,0,SDM-Ang-HS4,arc labels,,,,
Left,contig,Ang,RTT,WRM,0,0.1,0,508,35,102,0,SDM-Ang-HSsrc,arc labels,,,,
Left,contig,Ang,RTT,WRM,0,0.1,0,508,35,102,0,SDM-Ang-PCA,arc labels,,,,
Left,contig,Ang,RTT,WRM,0,0.2,1,508,35,203,7,NoAdapt,nothing,,0.4969193597100574,0.06666666666666667,0.17142857142857143
Left,contig,Ang,RTT,WRM,0,0.2,1,508,35,203,7,TargetOnly,arc labels,,0.5863183328299607,0.14102564102564102,0.3142857142857143
Left,contig,Ang,RTT,WRM,0,0.2,1,508,35,203,7,Source+Target,arc labels,,0.50217456961643,0.07142857142857142,0.11428571428571428
Left,contig,Ang,RTT,WRM,0,0.2,1,508,35,203,7,COT,arc labels,,0.6167925098157656,0.08877284595300261,0.9714285714285714
Left,contig,Ang,RTT,WRM,0,0.2,1,508,35,203,7,none-Ang-HS4,arc labels,,0.5572032618544247,0.12903225806451613,0.22857142857142856
Left,contig,Ang,RTT,WRM,0,0.2,1,508,35,203,7,none-Ang-HSsrc,nothing,,0.5599214738749623,0.09848484848484848,0.37142857142857144
Left,contig,Ang,RTT,WRM,0,0.2,1,508,35,203,7,none-Ang-PCA,arc segments,16.0,0.5101781938991241,0.0743801652892562,0.2571428571428571
Left,contig,Ang,RTT,WRM,0,0.2,1,508,35,203,7,QOTu-Ang-HS4,arc labels,,0.47900936273029293,0.06060606060606061,0.2857142857142857
Left,contig,Ang,RTT,WRM,0,0.2,1,508,35,203,7,QOTu-Ang-HSsrc,arc segments,,0.6085472666868016,0.1511627906976744,0.37142857142857144
Left,contig,Ang,RTT,WRM,0,0.2,1,508,35,203,7,QOTu-Ang-PCA,arc segments,16.0,0.4509815765629719,0.05084745762711865,0.2571428571428571
Left,contig,Ang,RTT,WRM,0,0.2,1,508,35,203,7,QOTc-Ang-HS4,arc labels,,0.6340078526125037,0.12751677852348994,0.5428571428571428
Left,contig,Ang,RTT,WRM,0,0.2,1,508,35,203,7,QOTc-Ang-HSsrc,arc labels,,0.5430081546360617,0.08783783783783784,0.37142857142857144
Left,contig,Ang,RTT,WRM,0,0.2,1,508,35,203,7,QOTc-Ang-PCA,arc labels,64.0,0.5942615524010872,0.1411764705882353,0.34285714285714286
Left,contig,Ang,RTT,WRM,0,0.2,1,508,35,203,7,SDM-Ang-HS4,arc labels,,0.6800362428269404,0.1476510067114094,0.6285714285714286
Left,contig,Ang,RTT,WRM,0,0.2,1,508,35,203,7,SDM-Ang-HSsrc,arc labels,,0.6055572334642102,0.09505703422053231,0.7142857142857143
Left,contig,Ang,RTT,WRM,0,0.2,1,508,35,203,7,SDM-Ang-PCA,arc labels,64.0,0.5932950770160073,0.10404624277456648,0.5142857142857142
Left,contig,Ang,RTT,WRM,0,0.3,1,508,35,305,12,NoAdapt,nothing,,0.4969193597100574,0.06666666666666667,0.17142857142857143
Left,contig,Ang,RTT,WRM,0,0.3,1,508,35,305,12,TargetOnly,arc labels,,0.5265176683781335,0.0967741935483871,0.17142857142857143
Left,contig,Ang,RTT,WRM,0,0.3,1,508,35,305,12,Source+Target,arc labels,,0.518574448807007,0.09090909090909091,0.14285714285714285
Left,contig,Ang,RTT,WRM,0,0.3,1,508,35,305,12,COT,arc labels,,0.5446390818483842,0.08421052631578947,0.45714285714285713
Left,contig,Ang,RTT,WRM,0,0.3,1,508,35,305,12,none-Ang-HS4,arc labels,,0.5640893989731199,0.12857142857142856,0.2571428571428571
Left,contig,Ang,RTT,WRM,0,0.3,1,508,35,305,12,none-Ang-HSsrc,nothing,,0.5599214738749623,0.09848484848484848,0.37142857142857144
Left,contig,Ang,RTT,WRM,0,0.3,1,508,35,305,12,none-Ang-PCA,arc segments,16.0,0.5101781938991241,0.0743801652892562,0.2571428571428571
Left,contig,Ang,RTT,WRM,0,0.3,1,508,35,305,12,QOTu-Ang-HS4,arc labels,,0.4959226819691936,0.06711409395973154,0.2857142857142857
Left,contig,Ang,RTT,WRM,0,0.3,1,508,35,305,12,QOTu-Ang-HSsrc,arc segments,,0.6085472666868016,0.1511627906976744,0.37142857142857144
Left,contig,Ang,RTT,WRM,0,0.3,1,508,35,305,12,QOTu-Ang-PCA,arc segments,16.0,0.48692237994563575,0.06293706293706294,0.2571428571428571
Left,contig,Ang,RTT,WRM,0,0.3,1,508,35,305,12,QOTc-Ang-HS4,arc labels,,0.6191784959226819,0.12686567164179105,0.4857142857142857
Left,contig,Ang,RTT,WRM,0,0.3,1,508,35,305,12,QOTc-Ang-HSsrc,arc labels,,0.5472364844457868,0.09027777777777778,0.37142857142857144
Left,contig,Ang,RTT,WRM,0,0.3,1,508,35,305,12,QOTc-Ang-PCA,arc labels,64.0,0.5969193597100574,0.13402061855670103,0.37142857142857144
Left,contig,Ang,RTT,WRM,0,0.3,1,508,35,305,12,SDM-Ang-HS4,arc labels,,0.6191784959226819,0.12686567164179105,0.4857142857142857
Left,contig,Ang,RTT,WRM,0,0.3,1,508,35,305,12,SDM-Ang-HSsrc,arc labels,,0.7420114768951978,0.14027149321266968,0.8857142857142857
Left,contig,Ang,RTT,WRM,0,0.3,1,508,35,305,12,SDM-Ang-PCA,arc labels,64.0,0.5541528239202658,0.08839779005524862,0.45714285714285713
Left,contig,Ang,RTT,WRM,0,0.5,1,508,35,498,14,NoAdapt,nothing,,0.4969193597100574,0.06666666666666667,0.17142857142857143
Left,contig,Ang,RTT,WRM,0,0.5,1,508,35,498,14,TargetOnly,arc labels,,0.4709755360918152,0.04225352112676056,0.08571428571428572
Left,contig,Ang,RTT,WRM,0,0.5,1,508,35,498,14,Source+Target,arc labels,,0.4672606463304138,0.03333333333333333,0.05714285714285714
Left,contig,Ang,RTT,WRM,0,0.5,1,508,35,498,14,COT,arc labels,,0.37858652974932044,0.038461538461538464,0.2857142857142857
Left,contig,Ang,RTT,WRM,0,0.5,1,508,35,498,14,none-Ang-HS4,arc labels,,0.540289942615524,0.10256410256410256,0.22857142857142856
Left,contig,Ang,RTT,WRM,0,0.5,1,508,35,498,14,none-Ang-HSsrc,nothing,,0.5599214738749623,0.09848484848484848,0.37142857142857144
Left,contig,Ang,RTT,WRM,0,0.5,1,508,35,498,14,none-Ang-PCA,arc segments,16.0,0.5112352763515554,0.075,0.2571428571428571
Left,contig,Ang,RTT,WRM,0,0.5,1,508,35,498,14,QOTu-Ang-HS4,arc labels,,0.48112352763515553,0.06134969325153374,0.2857142857142857
Left,contig,Ang,RTT,WRM,0,0.5,1,508,35,498,14,QOTu-Ang-HSsrc,arc segments,,0.6085472666868016,0.1511627906976744,0.37142857142857144
Left,contig,Ang,RTT,WRM,0,0.5,1,508,35,498,14,QOTu-Ang-PCA,arc segments,16.0,0.4959226819691936,0.06711409395973154,0.2857142857142857
Left,contig,Ang,RTT,WRM,0,0.5,1,508,35,498,14,QOTc-Ang-HS4,arc labels,,0.5026880096647538,0.07317073170731707,0.08571428571428572
Left,contig,Ang,RTT,WRM,0,0.5,1,508,35,498,14,QOTc-Ang-HSsrc,arc labels,,0.5065237088492902,0.07142857142857142,0.34285714285714286
Left,contig,Ang,RTT,WRM,0,0.5,1,508,35,498,14,QOTc-Ang-PCA,arc labels,16.0,0.5624886741165811,0.14035087719298245,0.22857142857142856
Left,contig,Ang,RTT,WRM,0,0.5,1,508,35,498,14,SDM-Ang-HS4,arc labels,,0.5351555421322862,0.07894736842105263,0.5142857142857142
Left,contig,Ang,RTT,WRM,0,0.5,1,508,35,498,14,SDM-Ang-HSsrc,arc labels,,0.5722742373905165,0.08414239482200647,0.7428571428571429
Left,contig,Ang,RTT,WRM,0,0.5,1,508,35,498,14,SDM-Ang-PCA,arc labels,64.0,0.5080640289942615,0.07317073170731707,0.2571428571428571
Left,contig,Ang,RTT,WRM,1,0.05,0,508,24,51,0,NoAdapt,nothing,,0.5487258953168044,0.06930693069306931,0.2916666666666667
Left,contig,Ang,RTT,WRM,1,0.05,0,508,24,51,0,TargetOnly,arc labels,,,,
Left,contig,Ang,RTT,WRM,1,0.05,0,508,24,51,0,Source+Target,arc labels,,,,
Left,contig,Ang,RTT,WRM,1,0.05,0,508,24,51,0,COT,arc labels,,,,
Left,contig,Ang,RTT,WRM,1,0.05,0,508,24,51,0,none-Ang-HS4,arc labels,,,,
Left,contig,Ang,RTT,WRM,1,0.05,0,508,24,51,0,none-Ang-HSsrc,nothing,,0.503271349862259,0.04827586206896552,0.2916666666666667
Left,contig,Ang,RTT,WRM,1,0.05,0,508,24,51,0,none-Ang-PCA,arc segments,32.0,0.5278925619834711,0.06,0.25
Left,contig,Ang,RTT,WRM,1,0.05,0,508,24,51,0,QOTu-Ang-HS4,arc labels,,,,
Left,contig,Ang,RTT,WRM,1,0.05,0,508,24,51,0,QOTu-Ang-HSsrc,arc segments,,0.5476928374655647,0.06862745098039216,0.2916666666666667
Left,contig,Ang,RTT,WRM,1,0.05,0,508,24,51,0,QOTu-Ang-PCA,arc segments,16.0,0.6766528925619835,0.08571428571428572,0.75
Left,contig,Ang,RTT,WRM,1,0.05,0,508,24,51,0,QOTc-Ang-HS4,arc labels,,,,
Left,contig,Ang,RTT,WRM,1,0.05,0,508,24,51,0,QOTc-Ang-HSsrc,arc labels,,,,
Left,contig,Ang,RTT,WRM,1,0.05,0,508,24,51,0,QOTc-Ang-PCA,arc labels,,,,
Left,contig,Ang,RTT,WRM,1,0.05,0,508,24,51,0,SDM-Ang-HS4,arc labels,,,,
Left,contig,Ang,RTT,WRM,1,0.05,0,508,24,51,0,SDM-Ang-HSsrc,arc labels,,,,
Left,contig,Ang,RTT,WRM,1,0.05,0,508,24,51,0,SDM-Ang-PCA,arc labels,,,,
Left,contig,Ang,RTT,WRM,1,0.1,1,508,24,102,3,NoAdapt,nothing,,0.5487258953168044,0.06930693069306931,0.2916666666666667
Left,contig,Ang,RTT,WRM,1,0.1,1,508,24,102,3,TargetOnly,arc labels,,0.59383608815427,0.06319702602230483,0.7083333333333334
Left,contig,Ang,RTT,WRM,1,0.1,1,508,24,102,3,Source+Target,arc labels,,0.5507920110192838,0.0707070707070707,0.2916666666666667
Left,contig,Ang,RTT,WRM,1,0.1,1,508,24,102,3,COT,arc labels,,0.5237603305785123,0.049484536082474224,1.0
Left,contig,Ang,RTT,WRM,1,0.1,1,508,24,102,3,none-Ang-HS4,arc labels,,0.5836776859504132,0.13043478260869565,0.25
Left,contig,Ang,RTT,WRM,1,0.1,1,508,24,102,3,none-Ang-HSsrc,nothing,,0.503271349862259,0.04827586206896552,0.2916666666666667
Left,contig,Ang,RTT,WRM,1,0.1,1,508,24,102,3,none-Ang-PCA,arc segments,32.0,0.5821280991735538,0.08108108108108109,0.375
Left,contig,Ang,RTT,WRM,1,0.1,1,508,24,102,3,QOTu-Ang-HS4,arc labels,,0.540461432506887,0.05508474576271186,0.5416666666666666
Left,contig,Ang,RTT,WRM,1,0.1,1,508,24,102,3,QOTu-Ang-HSsrc,arc segments,,0.5538911845730028,0.07291666666666667,0.2916666666666667
Left,contig,Ang,RTT,WRM,1,0.1,1,508,24,102,3,QOTu-Ang-PCA,arc segments,32.0,0.4791666666666667,0.03968253968253968,0.20833333333333334
Left,contig,Ang,RTT,WRM,1,0.1,1,508,24,102,3,QOTc-Ang-HS4,arc labels,,0.6206955922865014,0.06995884773662552,0.7083333333333334
Left,contig,Ang,RTT,WRM,1,0.1,1,508,24,102,3,QOTc-Ang-HSsrc,arc labels,,0.46143250688705234,0.03278688524590164,0.16666666666666666
Left,contig,Ang,RTT,WRM,1,0.1,1,508,24,102,3,QOTc-Ang-PCA,arc labels,8.0,0.6558195592286502,0.08133971291866028,0.7083333333333334
Left,contig,Ang,RTT,WRM,1,0.1,1,508,24,102,3,SDM-Ang-HS4,arc labels,,0.640495867768595,0.1016949152542373,0.5
Left,contig,Ang,RTT,WRM,1,0.1,1,508,24,102,3,SDM-Ang-HSsrc,arc labels,,0.5487258953168044,0.06930693069306931,0.2916666666666667
Left,contig,Ang,RTT,WRM,1,0.1,1,508,24,102,3,SDM-Ang-PCA,arc labels,4.0,0.6596074380165289,0.09202453987730061,0.625
Left,contig,Ang,RTT,WRM,1,0.2,1,508,24,203,6,NoAdapt,nothing,,0.5487258953168044,0.06930693069306931,0.2916666666666667
Left,contig,Ang,RTT,WRM,1,0.2,1,508,24,203,6,TargetOnly,arc labels,,0.5910812672176309,0.06951871657754011,0.5416666666666666
Left,contig,Ang,RTT,WRM,1,0.2,1,508,24,203,6,Source+Target,arc labels,,0.5979683195592287,0.07971014492753623,0.4583333333333333
Left,contig,Ang,RTT,WRM,1,0.2,1,508,24,203,6,COT,arc labels,,0.6315426997245179,0.08284023668639054,0.5833333333333334
Left,contig,Ang,RTT,WRM,1,0.2,1,508,24,203,6,none-Ang-HS4,arc labels,,0.5712809917355373,0.10344827586206896,0.25
Left,contig,Ang,RTT,WRM,1,0.2,1,508,24,203,6,none-Ang-HSsrc,nothing,,0.503271349862259,0.04827586206896552,0.2916666666666667
Left,contig,Ang,RTT,WRM,1,0.2,1,508,24,203,6,none-Ang-PCA,arc segments,32.0,0.581095041322314,0.08035714285714286,0.375
Left,contig,Ang,RTT,WRM,1,0.2,1,508,24,203,6,QOTu-Ang-HS4,arc labels,,0.5084366391184573,0.05,0.2916666666666667
Left,contig,Ang,RTT,WRM,1,0.2,1,508,24,203,6,QOTu-Ang-HSsrc,arc segments,,0.5580234159779615,0.07608695652173914,0.2916666666666667
Left,contig,Ang,RTT,WRM,1,0.2,1,508,24,203,6,QOTu-Ang-PCA,arc segments,32.0,0.46883608815426997,0.04182509505703422,0.4583333333333333
Left,contig,Ang,RTT,WRM,1,0.2,1,508,24,203,6,QOTc-Ang-HS4,arc labels,,0.6480716253443526,0.0915032679738562,0.5833333333333334
Left,contig,Ang,RTT,WRM,1,0.2,1,508,24,203,6,QOTc-Ang-HSsrc,arc labels,,0.7379476584022039,0.10362694300518134,0.8333333333333334
Left,contig,Ang,RTT,WRM,1,0.2,1,508,24,203,6,QOTc-Ang-PCA,arc labels,64.0,0.5278925619834711,0.05286343612334802,0.5
Left,contig,Ang,RTT,WRM,1,0.2,1,508,24,203,6,SDM-Ang-HS4,arc labels,,0.5568181818181819,0.08333333333333333,0.25
Left,contig,Ang,RTT,WRM,1,0.2,1,508,24,203,6,SDM-Ang-HSsrc,arc labels,,0.6451446280991735,0.0847457627118644,0.625
Left,contig,Ang,RTT,WRM,1,0.2,1,508,24,203,6,SDM-Ang-PCA,arc labels,64.0,0.568870523415978,0.06896551724137931,0.4166666666666667
Left,contig,Ang,RTT,WRM,1,0.3,1,508,24,305,18,NoAdapt,nothing,,0.5487258953168044,0.06930693069306931,0.2916666666666667
Left,contig,Ang,RTT,WRM,1,0.3,1,508,24,305,18,TargetOnly,arc labels,,0.7565426997245179,0.11428571428571428,0.8333333333333334
Left,contig,Ang,RTT,WRM,1,0.3,1,508,24,305,18,Source+Target,arc labels,,0.5814393939393939,0.07142857142857142,0.4583333333333333
Left,contig,Ang,RTT,WRM,1,0.3,1,508,24,305,18,COT,arc labels,,0.7505165289256198,0.10396039603960396,0.875
Left,contig,Ang,RTT,WRM,1,0.3,1,508,24,305,18,none-Ang-HS4,arc labels,,0.5869490358126722,0.109375,0.2916666666666667
Left,contig,Ang,RTT,WRM,1,0.3,1,508,24,305,18,none-Ang-HSsrc,nothing,,0.503271349862259,0.04827586206896552,0.2916666666666667
Left,contig,Ang,RTT,WRM,1,0.3,1,508,24,305,18,none-Ang-PCA,arc segments,32.0,0.5821280991735538,0.08108108108108109,0.375
Left,contig,Ang,RTT,WRM,1,0.3,1,508,24,305,18,QOTu-Ang-HS4,arc labels,,0.5022382920110193,0.04794520547945205,0.2916666666666667
Left,contig,Ang,RTT,WRM,1,0.3,1,508,24,305,18,QOTu-Ang-HSsrc,arc segments,,0.5549242424242424,0.07368421052631578,0.2916666666666667
Left,contig,Ang,RTT,WRM,1,0.3,1,508,24,305,18,QOTu-Ang-PCA,arc segments,32.0,0.5463154269972452,0.05851063829787234,0.4583333333333333
Left,contig,Ang,RTT,WRM,1,0.3,1,508,24,305,18,QOTc-Ang-HS4,arc labels,,0.7016184573002755,0.09178743961352658,0.7916666666666666
Left,contig,Ang,RTT,WRM,1,0.3,1,508,24,305,18,QOTc-Ang-HSsrc,arc labels,,0.6139807162534435,0.07526881720430108,0.5833333333333334
Left,contig,Ang,RTT,WRM,1,0.3,1,508,24,305,18,QOTc-Ang-PCA,arc labels,32.0,0.5983126721763086,0.1320754716981132,0.2916666666666667
Left,contig,Ang,RTT,WRM,1,0.3,1,508,24,305,18,SDM-Ang-HS4,arc labels,,0.6320592286501377,0.10476190476190476,0.4583333333333333
Left,contig,Ang,RTT,WRM,1,0.3,1,508,24,305,18,SDM-Ang-HSsrc,arc labels,,0.7565426997245179,0.11428571428571428,0.8333333333333334
Left,contig,Ang,RTT,WRM,1,0.3,1,508,24,305,18,SDM-Ang-PCA,arc labels,64.0,0.6921487603305785,0.09230769230769231,0.75
Left,contig,Ang,RTT,WRM,1,0.5,1,508,24,487,30,NoAdapt,nothing,,0.5487258953168044,0.06930693069306931,0.2916666666666667
Left,contig,Ang,RTT,WRM,1,0.5,1,508,24,487,30,TargetOnly,arc labels,,0.696969696969697,0.08,0.9166666666666666
Left,contig,Ang,RTT,WRM,1,0.5,1,508,24,487,30,Source+Target,arc labels,,0.537534435261708,0.06015037593984962,0.3333333333333333
Left,contig,Ang,RTT,WRM,1,0.5,1,508,24,487,30,COT,arc labels,,0.6477272727272727,0.06575342465753424,1.0
Left,contig,Ang,RTT,WRM,1,0.5,1,508,24,487,30,none-Ang-HS4,arc labels,,0.5258264462809917,0.058823529411764705,0.25
Left,contig,Ang,RTT,WRM,1,0.5,1,508,24,487,30,none-Ang-HSsrc,nothing,,0.503271349862259,0.04827586206896552,0.2916666666666667
Left,contig,Ang,RTT,WRM,1,0.5,1,508,24,487,30,none-Ang-PCA,arc segments,32.0,0.5759297520661157,0.07692307692307693,0.375
Left,contig,Ang,RTT,WRM,1,0.5,1,508,24,487,30,QOTu-Ang-HS4,arc labels,,0.48777548209366395,0.04375,0.2916666666666667
Left,contig,Ang,RTT,WRM,1,0.5,1,508,24,487,30,QOTu-Ang-HSsrc,arc segments,,0.5549242424242424,0.07368421052631578,0.2916666666666667
Left,contig,Ang,RTT,WRM,1,0.5,1,508,24,487,30,QOTu-Ang-PCA,arc segments,32.0,0.48743112947658396,0.044897959183673466,0.4583333333333333
Left,contig,Ang,RTT,WRM,1,0.5,1,508,24,487,30,QOTc-Ang-HS4,arc labels,,0.6045110192837466,0.07471264367816093,0.5416666666666666
Left,contig,Ang,RTT,WRM,1,0.5,1,508,24,487,30,QOTc-Ang-HSsrc,arc labels,,0.503271349862259,0.04827586206896552,0.2916666666666667
Left,contig,Ang,RTT,WRM,1,0.5,1,508,24,487,30,QOTc-Ang-PCA,arc labels,64.0,0.684228650137741,0.11864406779661017,0.5833333333333334
Left,contig,Ang,RTT,WRM,1,0.5,1,508,24,487,30,SDM-Ang-HS4,arc labels,,0.7255509641873279,0.0975609756097561,0.8333333333333334
Left,contig,Ang,RTT,WRM,1,0.5,1,508,24,487,30,SDM-Ang-HSsrc,arc labels,,0.7431129476584022,0.10638297872340426,0.8333333333333334
Left,contig,Ang,RTT,WRM,1,0.5,1,508,24,487,30,SDM-Ang-PCA,arc labels,64.0,0.6322314049586777,0.07114624505928854,0.75
Left,contig,Ang,RTT,WRM,2,0.05,0,508,24,51,0,NoAdapt,nothing,,0.5445936639118457,0.06666666666666667,0.2916666666666667
Left,contig,Ang,RTT,WRM,2,0.05,0,508,24,51,0,TargetOnly,arc labels,,,,
Left,contig,Ang,RTT,WRM,2,0.05,0,508,24,51,0,Source+Target,arc labels,,,,
Left,contig,Ang,RTT,WRM,2,0.05,0,508,24,51,0,COT,arc labels,,,,
Left,contig,Ang,RTT,WRM,2,0.05,0,508,24,51,0,none-Ang-HS4,arc labels,,,,
Left,contig,Ang,RTT,WRM,2,0.05,0,508,24,51,0,none-Ang-HSsrc,nothing,,0.5198002754820936,0.05426356589147287,0.2916666666666667
Left,contig,Ang,RTT,WRM,2,0.05,0,508,24,51,0,none-Ang-PCA,arc segments,16.0,0.4865702479338843,0.04285714285714286,0.25
Left,contig,Ang,RTT,WRM,2,0.05,0,508,24,51,0,QOTu-Ang-HS4,arc labels,,,,
Left,contig,Ang,RTT,WRM,2,0.05,0,508,24,51,0,QOTu-Ang-HSsrc,arc segments,,0.5786845730027548,0.09722222222222222,0.2916666666666667
Left,contig,Ang,RTT,WRM,2,0.05,0,508,24,51,0,QOTu-Ang-PCA,arc segments,16.0,0.6749311294765841,0.07874015748031496,0.8333333333333334
Left,contig,Ang,RTT,WRM,2,0.05,0,508,24,51,0,QOTc-Ang-HS4,arc labels,,,,
Left,contig,Ang,RTT,WRM,2,0.05,0,508,24,51,0,QOTc-Ang-HSsrc,arc labels,,,,
Left,contig,Ang,RTT,WRM,2,0.05,0,508,24,51,0,QOTc-Ang-PCA,arc labels,,,,
Left,contig,Ang,RTT,WRM,2,0.05,0,508,24,51,0,SDM-Ang-HS4,arc labels,,,,
Left,contig,Ang,RTT,WRM,2,0.05,0,508,24,51,0,SDM-Ang-HSsrc,arc labels,,,,
Left,contig,Ang,RTT,WRM,2,0.05,0,508,24,51,0,SDM-Ang-PCA,arc labels,,,,
Left,contig,Ang,RTT,WRM,2,0.1,0,508,24,102,0,NoAdapt,nothing,,0.5445936639118457,0.06666666666666667,0.2916666666666667
Left,contig,Ang,RTT,WRM,2,0.1,0,508,24,102,0,TargetOnly,arc labels,,,,
Left,contig,Ang,RTT,WRM,2,0.1,0,508,24,102,0,Source+Target,arc labels,,,,
Left,contig,Ang,RTT,WRM,2,0.1,0,508,24,102,0,COT,arc labels,,,,
Left,contig,Ang,RTT,WRM,2,0.1,0,508,24,102,0,none-Ang-HS4,arc labels,,,,
Left,contig,Ang,RTT,WRM,2,0.1,0,508,24,102,0,none-Ang-HSsrc,nothing,,0.5198002754820936,0.05426356589147287,0.2916666666666667
Left,contig,Ang,RTT,WRM,2,0.1,0,508,24,102,0,none-Ang-PCA,arc segments,16.0,0.48863636363636365,0.043478260869565216,0.25
Left,contig,Ang,RTT,WRM,2,0.1,0,508,24,102,0,QOTu-Ang-HS4,arc labels,,,,
Left,contig,Ang,RTT,WRM,2,0.1,0,508,24,102,0,QOTu-Ang-HSsrc,arc segments,,0.5621556473829201,0.07954545454545454,0.2916666666666667
Left,contig,Ang,RTT,WRM,2,0.1,0,508,24,102,0,QOTu-Ang-PCA,arc segments,16.0,0.4795110192837466,0.041666666666666664,0.2916666666666667
Left,contig,Ang,RTT,WRM,2,0.1,0,508,24,102,0,QOTc-Ang-HS4,arc labels,,,,
Left,contig,Ang,RTT,WRM,2,0.1,0,508,24,102,0,QOTc-Ang-HSsrc,arc labels,,,,
Left,contig,Ang,RTT,WRM,2,0.1,0,508,24,102,0,QOTc-Ang-PCA,arc labels,,,,
Left,contig,Ang,RTT,WRM,2,0.1,0,508,24,102,0,SDM-Ang-HS4,arc labels,,,,
Left,contig,Ang,RTT,WRM,2,0.1,0,508,24,102,0,SDM-Ang-HSsrc,arc labels,,,,
Left,contig,Ang,RTT,WRM,2,0.1,0,508,24,102,0,SDM-Ang-PCA,arc labels,,,,
Left,contig,Ang,RTT,WRM,2,0.2,0,508,24,203,1,NoAdapt,nothing,,0.5445936639118457,0.06666666666666667,0.2916666666666667
Left,contig,Ang,RTT,WRM,2,0.2,0,508,24,203,1,TargetOnly,arc labels,,,,
Left,contig,Ang,RTT,WRM,2,0.2,0,508,24,203,1,Source+Target,arc labels,,,,
Left,contig,Ang,RTT,WRM,2,0.2,0,508,24,203,1,COT,arc labels,,,,
Left,contig,Ang,RTT,WRM,2,0.2,0,508,24,203,1,none-Ang-HS4,arc labels,,,,
Left,contig,Ang,RTT,WRM,2,0.2,0,508,24,203,1,none-Ang-HSsrc,nothing,,0.5198002754820936,0.05426356589147287,0.2916666666666667
Left,contig,Ang,RTT,WRM,2,0.2,0,508,24,203,1,none-Ang-PCA,arc segments,16.0,0.49586776859504134,0.04580152671755725,0.25
Left,contig,Ang,RTT,WRM,2,0.2,0,508,24,203,1,QOTu-Ang-HS4,arc labels,,,,
Left,contig,Ang,RTT,WRM,2,0.2,0,508,24,203,1,QOTu-Ang-HSsrc,arc segments,,0.5600895316804407,0.07777777777777778,0.2916666666666667
Left,contig,Ang,RTT,WRM,2,0.2,0,508,24,203,1,QOTu-Ang-PCA,arc segments,16.0,0.47830578512396693,0.04054054054054054,0.25
Left,contig,Ang,RTT,WRM,2,0.2,0,508,24,203,1,QOTc-Ang-HS4,arc labels,,,,
Left,contig,Ang,RTT,WRM,2,0.2,0,508,24,203,1,QOTc-Ang-HSsrc,arc labels,,,,
Left,contig,Ang,RTT,WRM,2,0.2,0,508,24,203,1,QOTc-Ang-PCA,arc labels,,,,
Left,contig,Ang,RTT,WRM,2,0.2,0,508,24,203,1,SDM-Ang-HS4,arc labels,,,,
Left,contig,Ang,RTT,WRM,2,0.2,0,508,24,203,1,SDM-Ang-HSsrc,arc labels,,,,
Left,contig,Ang,RTT,WRM,2,0.2,0,508,24,203,1,SDM-Ang-PCA,arc labels,,,,
Left,contig,Ang,RTT,WRM,2,0.3,1,508,24,305,3,NoAdapt,nothing,,0.5445936639118457,0.06666666666666667,0.2916666666666667
Left,contig,Ang,RTT,WRM,2,0.3,1,508,24,305,3,TargetOnly,arc labels,,0.6146694214876033,0.08391608391608392,0.5
Left,contig,Ang,RTT,WRM,2,0.3,1,508,24,305,3,Source+Target,arc labels,,0.53099173553719,0.061855670103092786,0.25
Left,contig,Ang,RTT,WRM,2,0.3,1,508,24,305,3,COT,arc labels,,0.5129132231404958,0.05056179775280899,0.375
Left,contig,Ang,RTT,WRM,2,0.3,1,508,24,305,3,none-Ang-HS4,arc labels,,0.5817837465564738,0.10144927536231885,0.2916666666666667
Left,contig,Ang,RTT,WRM,2,0.3,1,508,24,305,3,none-Ang-HSsrc,nothing,,0.5198002754820936,0.05426356589147287,0.2916666666666667
Left,contig,Ang,RTT,WRM,2,0.3,1,508,24,305,3,none-Ang-PCA,arc segments,16.0,0.5,0.047244094488188976,0.25
Left,contig,Ang,RTT,WRM,2,0.3,1,508,24,305,3,QOTu-Ang-HS4,arc labels,,0.48777548209366395,0.04375,0.2916666666666667
Left,contig,Ang,RTT,WRM,2,0.3,1,508,24,305,3,QOTu-Ang-HSsrc,arc segments,,0.552858126721763,0.07216494845360824,0.2916666666666667
Left,contig,Ang,RTT,WRM,2,0.3,1,508,24,305,3,QOTu-Ang-PCA,arc segments,16.0,0.5724862258953167,0.06341463414634146,0.5416666666666666
Left,contig,Ang,RTT,WRM,2,0.3,1,508,24,305,3,QOTc-Ang-HS4,arc labels,,0.6544421487603306,0.08928571428571429,0.625
Left,contig,Ang,RTT,WRM,2,0.3,1,508,24,305,3,QOTc-Ang-HSsrc,arc labels,,0.6604683195592287,0.09929078014184398,0.5833333333333334
Left,contig,Ang,RTT,WRM,2,0.3,1,508,24,305,3,QOTc-Ang-PCA,arc labels,32.0,0.5902203856749311,0.06698564593301436,0.5833333333333334
Left,contig,Ang,RTT,WRM,2,0.3,1,508,24,305,3,SDM-Ang-HS4,arc labels,,0.5204889807162534,0.05813953488372093,0.20833333333333334
Left,contig,Ang,RTT,WRM,2,0.3,1,508,24,305,3,SDM-Ang-HSsrc,arc labels,,0.5029269972451791,0.04854368932038835,0.20833333333333334
Left,contig,Ang,RTT,WRM,2,0.3,1,508,24,305,3,SDM-Ang-PCA,arc labels,64.0,0.5321969696969697,0.05327868852459016,0.5416666666666666
Left,contig,Ang,RTT,WRM,2,0.5,1,508,24,488,27,NoAdapt,nothing,,0.5445936639118457,0.06666666666666667,0.2916666666666667
Left,contig,Ang,RTT,WRM,2,0.5,1,508,24,488,27,TargetOnly,arc labels,,0.7362258953168044,0.09282700421940929,0.9166666666666666
Left,contig,Ang,RTT,WRM,2,0.5,1,508,24,488,27,Source+Target,arc labels,,0.5730027548209367,0.07092198581560284,0.4166666666666667
Left,contig,Ang,RTT,WRM,2,0.5,1,508,24,488,27,COT,arc labels,,0.7207300275482094,0.0873015873015873,0.9166666666666666
Left,contig,Ang,RTT,WRM,2,0.5,1,508,24,488,27,none-Ang-HS4,arc labels,,0.5599173553719008,0.08695652173913043,0.25
Left,contig,Ang,RTT,WRM,2,0.5,1,508,24,488,27,none-Ang-HSsrc,nothing,,0.5198002754820936,0.05426356589147287,0.2916666666666667
Left,contig,Ang,RTT,WRM,2,0.5,1,508,24,488,27,none-Ang-PCA,arc segments,32.0,0.5852272727272727,0.08333333333333333,0.375
Left,contig,Ang,RTT,WRM,2,0.5,1,508,24,488,27,QOTu-Ang-HS4,arc labels,,0.5001721763085399,0.0472972972972973,0.2916666666666667
Left,contig,Ang,RTT,WRM,2,0.5,1,508,24,488,27,QOTu-Ang-HSsrc,arc segments,,0.5559573002754821,0.07446808510638298,0.2916666666666667
Left,contig,Ang,RTT,WRM,2,0.5,1,508,24,488,27,QOTu-Ang-PCA,arc segments,16.0,0.49294077134986225,0.04516129032258064,0.2916666666666667
Left,contig,Ang,RTT,WRM,2,0.5,1,508,24,488,27,QOTc-Ang-HS4,arc labels,,0.7214187327823691,0.09569377990430622,0.8333333333333334
Left,contig,Ang,RTT,WRM,2,0.5,1,508,24,488,27,QOTc-Ang-HSsrc,arc labels,,0.5385674931129476,0.06060606060606061,0.3333333333333333
Left,contig,Ang,RTT,WRM,2,0.5,1,508,24,488,27,QOTc-Ang-PCA,arc labels,64.0,0.5597451790633609,0.10416666666666667,0.20833333333333334
Left,contig,Ang,RTT,WRM,2,0.5,1,508,24,488,27,SDM-Ang-HS4,arc labels,,0.7121212121212122,0.09174311926605505,0.8333333333333334
Left,contig,Ang,RTT,WRM,2,0.5,1,508,24,488,27,SDM-Ang-HSsrc,arc labels,,0.6854338842975207,0.07924528301886792,0.875
Left,contig,Ang,RTT,WRM,2,0.5,1,508,24,488,27,SDM-Ang-PCA,arc labels,32.0,0.5936639118457301,0.08264462809917356,0.4166666666666667
Left,contig,Ang,RTT,WRM,3,0.05,0,508,36,51,0,NoAdapt,nothing,,0.5522598870056498,0.1,0.3333333333333333
Left,contig,Ang,RTT,WRM,3,0.05,0,508,36,51,0,TargetOnly,arc labels,,,,
Left,contig,Ang,RTT,WRM,3,0.05,0,508,36,51,0,Source+Target,arc labels,,,,
Left,contig,Ang,RTT,WRM,3,0.05,0,508,36,51,0,COT,arc labels,,,,
Left,contig,Ang,RTT,WRM,3,0.05,0,508,36,51,0,none-Ang-HS4,arc labels,,,,
Left,contig,Ang,RTT,WRM,3,0.05,0,508,36,51,0,none-Ang-HSsrc,nothing,,0.5363700564971752,0.08888888888888889,0.3333333333333333
Left,contig,Ang,RTT,WRM,3,0.05,0,508,36,51,0,none-Ang-PCA,arc segments,32.0,0.5896892655367232,0.11811023622047244,0.4166666666666667
Left,contig,Ang,RTT,WRM,3,0.05,0,508,36,51,0,QOTu-Ang-HS4,arc labels,,,,
Left,contig,Ang,RTT,WRM,3,0.05,0,508,36,51,0,QOTu-Ang-HSsrc,arc segments,,0.5340160075329567,0.09174311926605505,0.2777777777777778
Left,contig,Ang,RTT,WRM,3,0.05,0,508,36,51,0,QOTu-Ang-PCA,arc segments,16.0,0.5627354048964219,0.11458333333333333,0.3055555555555556
Left,contig,Ang,RTT,WRM,3,0.05,0,508,36,51,0,QOTc-Ang-HS4,arc labels,,,,
Left,contig,Ang,RTT,WRM,3,0.05,0,508,36,51,0,QOTc-Ang-HSsrc,arc labels,,,,
Left,contig,Ang,RTT,WRM,3,0.05,0,508,36,51,0,QOTc-Ang-PCA,arc labels,,,,
Left,contig,Ang,RTT,WRM,3,0.05,0,508,36,51,0,SDM-Ang-HS4,arc labels,,,,
Left,contig,Ang,RTT,WRM,3,0.05,0,508,36,51,0,SDM-Ang-HSsrc,arc labels,,,,
Left,contig,Ang,RTT,WRM,3,0.05,0,508,36,51,0,SDM-Ang-PCA,arc labels,,,,
Left,contig,Ang,RTT,WRM,3,0.1,0,508,36,102,0,NoAdapt,nothing,,0.5522598870056498,0.1,0.3333333333333333
Left,contig,Ang,RTT,WRM,3,0.1,0,508,36,102,0,TargetOnly,arc labels,,,,
Left,contig,Ang,RTT,WRM,3,0.1,0,508,36,102,0,Source+Target,arc labels,,,,
Left,contig,Ang,RTT,WRM,3,0.1,0,508,36,102,0,COT,arc labels,,,,
Left,contig,Ang,RTT,WRM,3,0.1,0,508,36,102,0,none-Ang-HS4,arc labels,,,,
Left,contig,Ang,RTT,WRM,3,0.1,0,508,36,102,0,none-Ang-HSsrc,nothing,,0.5363700564971752,0.08888888888888889,0.3333333333333333
Left,contig,Ang,RTT,WRM,3,0.1,0,508,36,102,0,none-Ang-PCA,arc segments,32.0,0.5522598870056498,0.1,0.3333333333333333
Left,contig,Ang,RTT,WRM,3,0.1,0,508,36,102,0,QOTu-Ang-HS4,arc labels,,,,
Left,contig,Ang,RTT,WRM,3,0.1,0,508,36,102,0,QOTu-Ang-HSsrc,arc segments,,0.5308380414312618,0.08928571428571429,0.2777777777777778
Left,contig,Ang,RTT,WRM,3,0.1,0,508,36,102,0,QOTu-Ang-PCA,arc segments,32.0,0.4385593220338983,0.04864864864864865,0.25
Left,contig,Ang,RTT,WRM,3,0.1,0,508,36,102,0,QOTc-Ang-HS4,arc labels,,,,
Left,contig,Ang,RTT,WRM,3,0.1,0,508,36,102,0,QOTc-Ang-HSsrc,arc labels,,,,
Left,contig,Ang,RTT,WRM,3,0.1,0,508,36,102,0,QOTc-Ang-PCA,arc labels,,,,
Left,contig,Ang,RTT,WRM,3,0.1,0,508,36,102,0,SDM-Ang-HS4,arc labels,,,,
Left,contig,Ang,RTT,WRM,3,0.1,0,508,36,102,0,SDM-Ang-HSsrc,arc labels,,,,
Left,contig,Ang,RTT,WRM,3,0.1,0,508,36,102,0,SDM-Ang-PCA,arc labels,,,,
Left,contig,Ang,RTT,WRM,3,0.2,0,508,36,203,0,NoAdapt,nothing,,0.5522598870056498,0.1,0.3333333333333333
Left,contig,Ang,RTT,WRM,3,0.2,0,508,36,203,0,TargetOnly,arc labels,,,,
Left,contig,Ang,RTT,WRM,3,0.2,0,508,36,203,0,Source+Target,arc labels,,,,
Left,contig,Ang,RTT,WRM,3,0.2,0,508,36,203,0,COT,arc labels,,,,
Left,contig,Ang,RTT,WRM,3,0.2,0,508,36,203,0,none-Ang-HS4,arc labels,,,,
Left,contig,Ang,RTT,WRM,3,0.2,0,508,36,203,0,none-Ang-HSsrc,nothing,,0.5363700564971752,0.08888888888888889,0.3333333333333333
Left,contig,Ang,RTT,WRM,3,0.2,0,508,36,203,0,none-Ang-PCA,arc segments,32.0,0.5543785310734464,0.1016949152542373,0.3333333333333333
Left,contig,Ang,RTT,WRM,3,0.2,0,508,36,203,0,QOTu-Ang-HS4,arc labels,,,,
Left,contig,Ang,RTT,WRM,3,0.2,0,508,36,203,0,QOTu-Ang-HSsrc,arc segments,,0.535075329566855,0.09259259259259259,0.2777777777777778
Left,contig,Ang,RTT,WRM,3,0.2,0,508,36,203,0,QOTu-Ang-PCA,arc segments,32.0,0.5031779661016949,0.07171314741035857,0.5
Left,contig,Ang,RTT,WRM,3,0.2,0,508,36,203,0,QOTc-Ang-HS4,arc labels,,,,
Left,contig,Ang,RTT,WRM,3,0.2,0,508,36,203,0,QOTc-Ang-HSsrc,arc labels,,,,
Left,contig,Ang,RTT,WRM,3,0.2,0,508,36,203,0,QOTc-Ang-PCA,arc labels,,,,
Left,contig,Ang,RTT,WRM,3,0.2,0,508,36,203,0,SDM-Ang-HS4,arc labels,,,,
Left,contig,Ang,RTT,WRM,3,0.2,0,508,36,203,0,SDM-Ang-HSsrc,arc labels,,,,
Left,contig,Ang,RTT,WRM,3,0.2,0,508,36,203,0,SDM-Ang-PCA,arc labels,,,,
Left,contig,Ang,RTT,WRM,3,0.3,0,508,36,305,1,NoAdapt,nothing,,0.5522598870056498,0.1,0.3333333333333333
Left,contig,Ang,RTT,WRM,3,0.3,0,508,36,305,1,TargetOnly,arc labels,,,,
Left,contig,Ang,RTT,WRM,3,0.3,0,508,36,305,1,Source+Target,arc labels,,,,
Left,contig,Ang,RTT,WRM,3,0.3,0,508,36,305,1,COT,arc labels,,,,
Left,contig,Ang,RTT,WRM,3,0.3,0,508,36,305,1,none-Ang-HS4,arc labels,,,,
Left,contig,Ang,RTT,WRM,3,0.3,0,508,36,305,1,none-Ang-HSsrc,nothing,,0.5363700564971752,0.08888888888888889,0.3333333333333333
Left,contig,Ang,RTT,WRM,3,0.3,0,508,36,305,1,none-Ang-PCA,arc segments,32.0,0.5543785310734464,0.1016949152542373,0.3333333333333333
Left,contig,Ang,RTT,WRM,3,0.3,0,508,36,305,1,QOTu-Ang-HS4,arc labels,,,,
Left,contig,Ang,RTT,WRM,3,0.3,0,508,36,305,1,QOTu-Ang-HSsrc,arc segments,,0.5287193973634652,0.08771929824561403,0.2777777777777778
Left,contig,Ang,RTT,WRM,3,0.3,0,508,36,305,1,QOTu-Ang-PCA,arc segments,32.0,0.5455508474576272,0.08530805687203792,0.5
Left,contig,Ang,RTT,WRM,3,0.3,0,508,36,305,1,QOTc-Ang-HS4,arc labels,,,,
Left,contig,Ang,RTT,WRM,3,0.3,0,508,36,305,1,QOTc-Ang-HSsrc,arc labels,,,,
Left,contig,Ang,RTT,WRM,3,0.3,0,508,36,305,1,QOTc-Ang-PCA,arc labels,,,,
Left,contig,Ang,RTT,WRM,3,0.3,0,508,36,305,1,SDM-Ang-HS4,arc labels,,,,
Left,contig,Ang,RTT,WRM,3,0.3,0,508,36,305,1,SDM-Ang-HSsrc,arc labels,,,,
Left,contig,Ang,RTT,WRM,3,0.3,0,508,36,305,1,SDM-Ang-PCA,arc labels,,,,
Left,contig,Ang,RTT,WRM,3,0.5,1,508,36,487,18,NoAdapt,nothing,,0.5522598870056498,0.1,0.3333333333333333
Left,contig,Ang,RTT,WRM,3,0.5,1,508,36,487,18,TargetOnly,arc labels,,0.5307203389830508,0.08,0.5
Left,contig,Ang,RTT,WRM,3,0.5,1,508,36,487,18,Source+Target,arc labels,,0.5357815442561205,0.08333333333333333,0.4444444444444444
Left,contig,Ang,RTT,WRM,3,0.5,1,508,36,487,18,COT,arc labels,,0.5617937853107344,0.08823529411764706,0.5833333333333334
Left,contig,Ang,RTT,WRM,3,0.5,1,508,36,487,18,none-Ang-HS4,arc labels,,0.5742702448210923,0.14084507042253522,0.2777777777777778
Left,contig,Ang,RTT,WRM,3,0.5,1,508,36,487,18,none-Ang-HSsrc,nothing,,0.5363700564971752,0.08888888888888889,0.3333333333333333
Left,contig,Ang,RTT,WRM,3,0.5,1,508,36,487,18,none-Ang-PCA,arc segments,32.0,0.596045197740113,0.12396694214876033,0.4166666666666667
Left,contig,Ang,RTT,WRM,3,0.5,1,508,36,487,18,QOTu-Ang-HS4,arc labels,,0.5404896421845575,0.09401709401709402,0.3055555555555556
Left,contig,Ang,RTT,WRM,3,0.5,1,508,36,487,18,QOTu-Ang-HSsrc,arc segments,,0.5287193973634652,0.08771929824561403,0.2777777777777778
Left,contig,Ang,RTT,WRM,3,0.5,1,508,36,487,18,QOTu-Ang-PCA,arc segments,32.0,0.5287193973634652,0.07883817427385892,0.5277777777777778
Left,contig,Ang,RTT,WRM,3,0.5,1,508,36,487,18,QOTc-Ang-HS4,arc labels,,0.5557909604519774,0.09433962264150944,0.4166666666666667
Left,contig,Ang,RTT,WRM,3,0.5,1,508,36,487,18,QOTc-Ang-HSsrc,arc labels,,0.6288841807909604,0.11059907834101383,0.6666666666666666
Left,contig,Ang,RTT,WRM,3,0.5,1,508,36,487,18,QOTc-Ang-PCA,arc labels,64.0,0.5682674199623352,0.1092436974789916,0.3611111111111111
Left,contig,Ang,RTT,WRM,3,0.5,1,508,36,487,18,SDM-Ang-HS4,arc labels,,0.5537900188323917,0.09142857142857143,0.4444444444444444
Left,contig,Ang,RTT,WRM,3,0.5,1,508,36,487,18,SDM-Ang-HSsrc,arc labels,,0.600517890772128,0.09558823529411764,0.7222222222222222
Left,contig,Ang,RTT,WRM,3,0.5,1,508,36,487,18,SDM-Ang-PCA,arc labels,64.0,0.544373822975518,0.08585858585858586,0.4722222222222222
Left,contig,Ang,RTT,WRM,4,0.05,0,508,30,51,0,NoAdapt,nothing,,0.5724546722454672,0.09401709401709402,0.36666666666666664
Left,contig,Ang,RTT,WRM,4,0.05,0,508,30,51,0,TargetOnly,arc labels,,,,
Left,contig,Ang,RTT,WRM,4,0.05,0,508,30,51,0,Source+Target,arc labels,,,,
Left,contig,Ang,RTT,WRM,4,0.05,0,508,30,51,0,COT,arc labels,,,,
Left,contig,Ang,RTT,WRM,4,0.05,0,508,30,51,0,none-Ang-HS4,arc labels,,,,
Left,contig,Ang,RTT,WRM,4,0.05,0,508,30,51,0,none-Ang-HSsrc,nothing,,0.5295676429567643,0.06962025316455696,0.36666666666666664
Left,contig,Ang,RTT,WRM,4,0.05,0,508,30,51,0,none-Ang-PCA,arc segments,32.0,0.6089958158995816,0.12121212121212122,0.4
Left,contig,Ang,RTT,WRM,4,0.05,0,508,30,51,0,QOTu-Ang-HS4,arc labels,,,,
Left,contig,Ang,RTT,WRM,4,0.05,0,508,30,51,0,QOTu-Ang-HSsrc,arc segments,,0.5253835425383543,0.06790123456790123,0.36666666666666664
Left,contig,Ang,RTT,WRM,4,0.05,0,508,30,51,0,QOTu-Ang-PCA,arc segments,32.0,0.5294281729428173,0.06770833333333333,0.43333333333333335
Left,contig,Ang,RTT,WRM,4,0.05,0,508,30,51,0,QOTc-Ang-HS4,arc labels,,,,
Left,contig,Ang,RTT,WRM,4,0.05,0,508,30,51,0,QOTc-Ang-HSsrc,arc labels,,,,
Left,contig,Ang,RTT,WRM,4,0.05,0,508,30,51,0,QOTc-Ang-PCA,arc labels,,,,
Left,contig,Ang,RTT,WRM,4,0.05,0,508,30,51,0,SDM-Ang-HS4,arc labels,,,,
Left,contig,Ang,RTT,WRM,4,0.05,0,508,30,51,0,SDM-Ang-HSsrc,arc labels,,,,
Left,contig,Ang,RTT,WRM,4,0.05,0,508,30,51,0,SDM-Ang-PCA,arc labels,,,,
Left,contig,Ang,RTT,WRM,4,0.1,0,508,30,102,0,NoAdapt,nothing,,0.5724546722454672,0.09401709401709402,0.36666666666666664
Left,contig,Ang,RTT,WRM,4,0.1,0,508,30,102,0,TargetOnly,arc labels,,,,
Left,contig,Ang,RTT,WRM,4,0.1,0,508,30,102,0,Source+Target,arc labels,,,,
Left,contig,Ang,RTT,WRM,4,0.1,0,508,30,102,0,COT,arc labels,,,,
Left,contig,Ang,RTT,WRM,4,0.1,0,508,30,102,0,none-Ang-HS4,arc labels,,,,
Left,contig,Ang,RTT,WRM,4,0.1,0,508,30,102,0,none-Ang-HSsrc,nothing,,0.5295676429567643,0.06962025316455696,0.36666666666666664
Left,contig,Ang,RTT,WRM,4,0.1,0,508,30,102,0,none-Ang-PCA,arc segments,32.0,0.6089958158995816,0.12121212121212122,0.4
Left,contig,Ang,RTT,WRM,4,0.1,0,508,30,102,0,QOTu-Ang-HS4,arc labels,,,,
Left,contig,Ang,RTT,WRM,4,0.1,0,508,30,102,0,QOTu-Ang-HSsrc,arc segments,,0.5253835425383543,0.06790123456790123,0.36666666666666664
Left,contig,Ang,RTT,WRM,4,0.1,0,508,30,102,0,QOTu-Ang-PCA,arc segments,64.0,0.48382147838214784,0.05223880597014925,0.23333333333333334
Left,contig,Ang,RTT,WRM,4,0.1,0,508,30,102,0,QOTc-Ang-HS4,arc labels,,,,
Left,contig,Ang,RTT,WRM,4,0.1,0,508,30,102,0,QOTc-Ang-HSsrc,arc labels,,,,
Left,contig,Ang,RTT,WRM,4,0.1,0,508,30,102,0,QOTc-Ang-PCA,arc labels,,,,
Left,contig,Ang,RTT,WRM,4,0.1,0,508,30,102,0,SDM-Ang-HS4,arc labels,,,,
Left,contig,Ang,RTT,WRM,4,0.1,0,508,30,102,0,SDM-Ang-HSsrc,arc labels,,,,
Left,contig,Ang,RTT,WRM,4,0.1,0,508,30,102,0,SDM-Ang-PCA,arc labels,,,,
Left,contig,Ang,RTT,WRM,4,0.2,0,508,30,203,0,NoAdapt,nothing,,0.5724546722454672,0.09401709401709402,0.36666666666666664
Left,contig,Ang,RTT,WRM,4,0.2,0,508,30,203,0,TargetOnly,arc labels,,,,
Left,contig,Ang,RTT,WRM,4,0.2,0,508,30,203,0,Source+Target,arc labels,,,,
Left,contig,Ang,RTT,WRM,4,0.2,0,508,30,203,0,COT,arc labels,,,,
Left,contig,Ang,RTT,WRM,4,0.2,0,508,30,203,0,none-Ang-HS4,arc labels,,,,
Left,contig,Ang,RTT,WRM,4,0.2,0,508,30,203,0,none-Ang-HSsrc,nothing,,0.5295676429567643,0.06962025316455696,0.36666666666666664
Left,contig,Ang,RTT,WRM,4,0.2,0,508,30,203,0,none-Ang-PCA,arc segments,32.0,0.5985355648535565,0.11009174311926606,0.4
Left,contig,Ang,RTT,WRM,4,0.2,0,508,30,203,0,QOTu-Ang-HS4,arc labels,,,,
Left,contig,Ang,RTT,WRM,4,0.2,0,508,30,203,0,QOTu-Ang-HSsrc,arc segments,,0.5358437935843794,0.07236842105263158,0.36666666666666664
Left,contig,Ang,RTT,WRM,4,0.2,0,508,30,203,0,QOTu-Ang-PCA,arc segments,32.0,0.5626917712691771,0.07582938388625593,0.5333333333333333
Left,contig,Ang,RTT,WRM,4,0.2,0,508,30,203,0,QOTc-Ang-HS4,arc labels,,,,
Left,contig,Ang,RTT,WRM,4,0.2,0,508,30,203,0,QOTc-Ang-HSsrc,arc labels,,,,
Left,contig,Ang,RTT,WRM,4,0.2,0,508,30,203,0,QOTc-Ang-PCA,arc labels,,,,
Left,contig,Ang,RTT,WRM,4,0.2,0,508,30,203,0,SDM-Ang-HS4,arc labels,,,,
Left,contig,Ang,RTT,WRM,4,0.2,0,508,30,203,0,SDM-Ang-HSsrc,arc labels,,,,
Left,contig,Ang,RTT,WRM,4,0.2,0,508,30,203,0,SDM-Ang-PCA,arc labels,,,,
Left,contig,Ang,RTT,WRM,4,0.3,0,508,30,305,0,NoAdapt,nothing,,0.5724546722454672,0.09401709401709402,0.36666666666666664
Left,contig,Ang,RTT,WRM,4,0.3,0,508,30,305,0,TargetOnly,arc labels,,,,
Left,contig,Ang,RTT,WRM,4,0.3,0,508,30,305,0,Source+Target,arc labels,,,,
Left,contig,Ang,RTT,WRM,4,0.3,0,508,30,305,0,COT,arc labels,,,,
Left,contig,Ang,RTT,WRM,4,0.3,0,508,30,305,0,none-Ang-HS4,arc labels,,,,
Left,contig,Ang,RTT,WRM,4,0.3,0,508,30,305,0,none-Ang-HSsrc,nothing,,0.5295676429567643,0.06962025316455696,0.36666666666666664
Left,contig,Ang,RTT,WRM,4,0.3,0,508,30,305,0,none-Ang-PCA,arc segments,32.0,0.5964435146443514,0.10810810810810811,0.4
Left,contig,Ang,RTT,WRM,4,0.3,0,508,30,305,0,QOTu-Ang-HS4,arc labels,,,,
Left,contig,Ang,RTT,WRM,4,0.3,0,508,30,305,0,QOTu-Ang-HSsrc,arc segments,,0.5347977684797768,0.0718954248366013,0.36666666666666664
Left,contig,Ang,RTT,WRM,4,0.3,0,508,30,305,0,QOTu-Ang-PCA,arc segments,32.0,0.5813807531380752,0.07929515418502203,0.6
Left,contig,Ang,RTT,WRM,4,0.3,0,508,30,305,0,QOTc-Ang-HS4,arc labels,,,,
Left,contig,Ang,RTT,WRM,4,0.3,0,508,30,305,0,QOTc-Ang-HSsrc,arc labels,,,,
Left,contig,Ang,RTT,WRM,4,0.3,0,508,30,305,0,QOTc-Ang-PCA,arc labels,,,,
Left,contig,Ang,RTT,WRM,4,0.3,0,508,30,305,0,SDM-Ang-HS4,arc labels,,,,
Left,contig,Ang,RTT,WRM,4,0.3,0,508,30,305,0,SDM-Ang-HSsrc,arc labels,,,,
Left,contig,Ang,RTT,WRM,4,0.3,0,508,30,305,0,SDM-Ang-PCA,arc labels,,,,
Left,contig,Ang,RTT,WRM,4,0.5,1,508,30,487,24,NoAdapt,nothing,,0.5724546722454672,0.09401709401709402,0.36666666666666664
Left,contig,Ang,RTT,WRM,4,0.5,1,508,30,487,24,TargetOnly,arc labels,,0.599163179916318,0.08571428571428572,0.6
Left,contig,Ang,RTT,WRM,4,0.5,1,508,30,487,24,Source+Target,arc labels,,0.594002789400279,0.08585858585858586,0.5666666666666667
Left,contig,Ang,RTT,WRM,4,0.5,1,508,30,487,24,COT,arc labels,,0.6377963737796374,0.1,0.6333333333333333
Left,contig,Ang,RTT,WRM,4,0.5,1,508,30,487,24,none-Ang-HS4,arc labels,,0.5518828451882846,0.11538461538461539,0.2
Left,contig,Ang,RTT,WRM,4,0.5,1,508,30,487,24,none-Ang-HSsrc,nothing,,0.5295676429567643,0.06962025316455696,0.36666666666666664
Left,contig,Ang,RTT,WRM,4,0.5,1,508,30,487,24,none-Ang-PCA,arc segments,64.0,0.5922594142259414,0.10434782608695652,0.4
Left,contig,Ang,RTT,WRM,4,0.5,1,508,30,487,24,QOTu-Ang-HS4,arc labels,,0.5631101813110181,0.09174311926605505,0.3333333333333333
Left,contig,Ang,RTT,WRM,4,0.5,1,508,30,487,24,QOTu-Ang-HSsrc,arc segments,,0.5129707112970712,0.06428571428571428,0.3
Left,contig,Ang,RTT,WRM,4,0.5,1,508,30,487,24,QOTu-Ang-PCA,arc segments,32.0,0.5751046025104602,0.07725321888412018,0.6
Left,contig,Ang,RTT,WRM,4,0.5,1,508,30,487,24,QOTc-Ang-HS4,arc labels,,0.6626917712691771,0.10138248847926268,0.7333333333333333
Left,contig,Ang,RTT,WRM,4,0.5,1,508,30,487,24,QOTc-Ang-HSsrc,arc labels,,0.5855648535564854,0.08071748878923767,0.6
Left,contig,Ang,RTT,WRM,4,0.5,1,508,30,487,24,QOTc-Ang-PCA,arc labels,64.0,0.6274058577405858,0.09836065573770492,0.6
Left,contig,Ang,RTT,WRM,4,0.5,1,508,30,487,24,SDM-Ang-HS4,arc labels,,0.6406555090655509,0.09019607843137255,0.7666666666666667
Left,contig,Ang,RTT,WRM,4,0.5,1,508,30,487,24,SDM-Ang-HSsrc,arc labels,,0.5917712691771269,0.0811965811965812,0.6333333333333333
Left,contig,Ang,RTT,WRM,4,0.5,1,508,30,487,24,SDM-Ang-PCA,arc labels,64.0,0.5461645746164574,0.07386363636363637,0.43333333333333335
Left,contig,Ang,RTT,WRM,5,0.05,0,508,28,51,0,NoAdapt,nothing,,0.5526785714285715,0.0738255033557047,0.39285714285714285
Left,contig,Ang,RTT,WRM,5,0.05,0,508,28,51,0,TargetOnly,arc labels,,,,
Left,contig,Ang,RTT,WRM,5,0.05,0,508,28,51,0,Source+Target,arc labels,,,,
Left,contig,Ang,RTT,WRM,5,0.05,0,508,28,51,0,COT,arc labels,,,,
Left,contig,Ang,RTT,WRM,5,0.05,0,508,28,51,0,none-Ang-HS4,arc labels,,,,
Left,contig,Ang,RTT,WRM,5,0.05,0,508,28,51,0,none-Ang-HSsrc,nothing,,0.48913690476190474,0.05238095238095238,0.39285714285714285
Left,contig,Ang,RTT,WRM,5,0.05,0,508,28,51,0,none-Ang-PCA,arc segments,16.0,0.5046130952380953,0.05649717514124294,0.35714285714285715
Left,contig,Ang,RTT,WRM,5,0.05,0,508,28,51,0,QOTu-Ang-HS4,arc labels,,,,
Left,contig,Ang,RTT,WRM,5,0.05,0,508,28,51,0,QOTu-Ang-HSsrc,arc segments,,0.49017857142857146,0.05263157894736842,0.39285714285714285
Left,contig,Ang,RTT,WRM,5,0.05,0,508,28,51,0,QOTu-Ang-PCA,arc segments,32.0,0.6345238095238095,0.1048951048951049,0.5357142857142857
Left,contig,Ang,RTT,WRM,5,0.05,0,508,28,51,0,QOTc-Ang-HS4,arc labels,,,,
Left,contig,Ang,RTT,WRM,5,0.05,0,508,28,51,0,QOTc-Ang-HSsrc,arc labels,,,,
Left,contig,Ang,RTT,WRM,5,0.05,0,508,28,51,0,QOTc-Ang-PCA,arc labels,,,,
Left,contig,Ang,RTT,WRM,5,0.05,0,508,28,51,0,SDM-Ang-HS4,arc labels,,,,
Left,contig,Ang,RTT,WRM,5,0.05,0,508,28,51,0,SDM-Ang-HSsrc,arc labels,,,,
Left,contig,Ang,RTT,WRM,5,0.05,0,508,28,51,0,SDM-Ang-PCA,arc labels,,,,
Left,contig,Ang,RTT,WRM,5,0.1,0,508,28,102,0,NoAdapt,nothing,,0.5526785714285715,0.0738255033557047,0.39285714285714285
Left,contig,Ang,RTT,WRM,5,0.1,0,508,28,102,0,TargetOnly,arc labels,,,,
Left,contig,Ang,RTT,WRM,5,0.1,0,508,28,102,0,Source+Target,arc labels,,,,
Left,contig,Ang,RTT,WRM,5,0.1,0,508,28,102,0,COT,arc labels,,,,
Left,contig,Ang,RTT,WRM,5,0.1,0,508,28,102,0,none-Ang-HS4,arc labels,,,,
Left,contig,Ang,RTT,WRM,5,0.1,0,508,28,102,0,none-Ang-HSsrc,nothing,,0.48913690476190474,0.05238095238095238,0.39285714285714285
Left,contig,Ang,RTT,WRM,5,0.1,0,508,28,102,0,none-Ang-PCA,arc segments,16.0,0.5046130952380953,0.05649717514124294,0.35714285714285715
Left,contig,Ang,RTT,WRM,5,0.1,0,508,28,102,0,QOTu-Ang-HS4,arc labels,,,,
Left,contig,Ang,RTT,WRM,5,0.1,0,508,28,102,0,QOTu-Ang-HSsrc,arc segments,,0.47470238095238093,0.049586776859504134,0.42857142857142855
Left,contig,Ang,RTT,WRM,5,0.1,0,508,28,102,0,QOTu-Ang-PCA,arc segments,8.0,0.46651785714285715,0.048507462686567165,0.4642857142857143
Left,contig,Ang,RTT,WRM,5,0.1,0,508,28,102,0,QOTc-Ang-HS4,arc labels,,,,
Left,contig,Ang,RTT,WRM,5,0.1,0,508,28,102,0,QOTc-Ang-HSsrc,arc labels,,,,
Left,contig,Ang,RTT,WRM,5,0.1,0,508,28,102,0,QOTc-Ang-PCA,arc labels,,,,
Left,contig,Ang,RTT,WRM,5,0.1,0,508,28,102,0,SDM-Ang-HS4,arc labels,,,,
Left,contig,Ang,RTT,WRM,5,0.1,0,508,28,102,0,SDM-Ang-HSsrc,arc labels,,,,
Left,contig,Ang,RTT,WRM,5,0.1,0,508,28,102,0,SDM-Ang-PCA,arc labels,,,,
Left,contig,Ang,RTT,WRM,5,0.2,0,508,28,203,0,NoAdapt,nothing,,0.5526785714285715,0.0738255033557047,0.39285714285714285
Left,contig,Ang,RTT,WRM,5,0.2,0,508,28,203,0,TargetOnly,arc labels,,,,
Left,contig,Ang,RTT,WRM,5,0.2,0,508,28,203,0,Source+Target,arc labels,,,,
Left,contig,Ang,RTT,WRM,5,0.2,0,508,28,203,0,COT,arc labels,,,,
Left,contig,Ang,RTT,WRM,5,0.2,0,508,28,203,0,none-Ang-HS4,arc labels,,,,
Left,contig,Ang,RTT,WRM,5,0.2,0,508,28,203,0,none-Ang-HSsrc,nothing,,0.48913690476190474,0.05238095238095238,0.39285714285714285
Left,contig,Ang,RTT,WRM,5,0.2,0,508,28,203,0,none-Ang-PCA,arc segments,16.0,0.5139880952380952,0.05952380952380952,0.35714285714285715
Left,contig,Ang,RTT,WRM,5,0.2,0,508,28,203,0,QOTu-Ang-HS4,arc labels,,,,
Left,contig,Ang,RTT,WRM,5,0.2,0,508,28,203,0,QOTu-Ang-HSsrc,arc segments,,0.46517857142857144,0.04721030042918455,0.39285714285714285
Left,contig,Ang,RTT,WRM,5,0.2,0,508,28,203,0,QOTu-Ang-PCA,arc segments,8.0,0.47693452380952384,0.050387596899224806,0.4642857142857143
Left,contig,Ang,RTT,WRM,5,0.2,0,508,28,203,0,QOTc-Ang-HS4,arc labels,,,,
Left,contig,Ang,RTT,WRM,5,0.2,0,508,28,203,0,QOTc-Ang-HSsrc,arc labels,,,,
Left,contig,Ang,RTT,WRM,5,0.2,0,508,28,203,0,QOTc-Ang-PCA,arc labels,,,,
Left,contig,Ang,RTT,WRM,5,0.2,0,508,28,203,0,SDM-Ang-HS4,arc labels,,,,
Left,contig,Ang,RTT,WRM,5,0.2,0,508,28,203,0,SDM-Ang-HSsrc,arc labels,,,,
Left,contig,Ang,RTT,WRM,5,0.2,0,508,28,203,0,SDM-Ang-PCA,arc labels,,,,
Left,contig,Ang,RTT,WRM,5,0.3,1,508,28,305,6,NoAdapt,nothing,,0.5526785714285715,0.0738255033557047,0.39285714285714285
Left,contig,Ang,RTT,WRM,5,0.3,1,508,28,305,6,TargetOnly,arc labels,,0.5584821428571429,0.0898876404494382,0.2857142857142857
Left,contig,Ang,RTT,WRM,5,0.3,1,508,28,305,6,Source+Target,arc labels,,0.6147321428571428,0.09259259259259259,0.5357142857142857
Left,contig,Ang,RTT,WRM,5,0.3,1,508,28,305,6,COT,arc labels,,0.6125,0.3684210526315789,0.25
Left,contig,Ang,RTT,WRM,5,0.3,1,508,28,305,6,none-Ang-HS4,arc labels,,0.4855654761904762,0.050314465408805034,0.2857142857142857
Left,contig,Ang,RTT,WRM,5,0.3,1,508,28,305,6,none-Ang-HSsrc,nothing,,0.48913690476190474,0.05238095238095238,0.39285714285714285
Left,contig,Ang,RTT,WRM,5,0.3,1,508,28,305,6,none-Ang-PCA,arc segments,16.0,0.5014880952380952,0.05555555555555555,0.35714285714285715
Left,contig,Ang,RTT,WRM,5,0.3,1,508,28,305,6,QOTu-Ang-HS4,arc labels,,0.4943452380952381,0.05365853658536585,0.39285714285714285
Left,contig,Ang,RTT,WRM,5,0.3,1,508,28,305,6,QOTu-Ang-HSsrc,arc segments,,0.49122023809523807,0.052884615384615384,0.39285714285714285
Left,contig,Ang,RTT,WRM,5,0.3,1,508,28,305,6,QOTu-Ang-PCA,arc segments,8.0,0.47470238095238093,0.049586776859504134,0.42857142857142855
Left,contig,Ang,RTT,WRM,5,0.3,1,508,28,305,6,QOTc-Ang-HS4,arc labels,,0.5520833333333333,0.09090909090909091,0.25
Left,contig,Ang,RTT,WRM,5,0.3,1,508,28,305,6,QOTc-Ang-HSsrc,arc labels,,0.5983630952380952,0.0794392523364486,0.6071428571428571
Left,contig,Ang,RTT,WRM,5,0.3,1,508,28,305,6,QOTc-Ang-PCA,arc labels,64.0,0.5299107142857142,0.08064516129032258,0.17857142857142858
Left,contig,Ang,RTT,WRM,5,0.3,1,508,28,305,6,SDM-Ang-HS4,arc labels,,0.5212797619047619,0.08823529411764706,0.10714285714285714
Left,contig,Ang,RTT,WRM,5,0.3,1,508,28,305,6,SDM-Ang-HSsrc,arc labels,,0.6336309523809524,0.09876543209876543,0.5714285714285714
Left,contig,Ang,RTT,WRM,5,0.3,1,508,28,305,6,SDM-Ang-PCA,arc labels,64.0,0.48348214285714286,0.029411764705882353,0.03571428571428571
Left,contig,Ang,RTT,WRM,5,0.5,1,508,28,487,26,NoAdapt,nothing,,0.5526785714285715,0.0738255033557047,0.39285714285714285
Left,contig,Ang,RTT,WRM,5,0.5,1,508,28,487,26,TargetOnly,arc labels,,0.637202380952381,0.0892018779342723,0.6785714285714286
Left,contig,Ang,RTT,WRM,5,0.5,1,508,28,487,26,Source+Target,arc labels,,0.5638392857142858,0.06986899563318777,0.5714285714285714
Left,contig,Ang,RTT,WRM,5,0.5,1,508,28,487,26,COT,arc labels,,0.6391369047619048,0.09326424870466321,0.6428571428571429
Left,contig,Ang,RTT,WRM,5,0.5,1,508,28,487,26,none-Ang-HS4,arc labels,,0.48095238095238096,0.045871559633027525,0.17857142857142858
Left,contig,Ang,RTT,WRM,5,0.5,1,508,28,487,26,none-Ang-HSsrc,nothing,,0.48913690476190474,0.05238095238095238,0.39285714285714285
Left,contig,Ang,RTT,WRM,5,0.5,1,508,28,487,26,none-Ang-PCA,arc segments,16.0,0.5056547619047619,0.056818181818181816,0.35714285714285715
Left,contig,Ang,RTT,WRM,5,0.5,1,508,28,487,26,QOTu-Ang-HS4,arc labels,,0.4943452380952381,0.05365853658536585,0.39285714285714285
Left,contig,Ang,RTT,WRM,5,0.5,1,508,28,487,26,QOTu-Ang-HSsrc,arc segments,,0.49642857142857144,0.054187192118226604,0.39285714285714285
Left,contig,Ang,RTT,WRM,5,0.5,1,508,28,487,26,QOTu-Ang-PCA,arc segments,32.0,0.652827380952381,0.09595959595959595,0.6785714285714286
Left,contig,Ang,RTT,WRM,5,0.5,1,508,28,487,26,QOTc-Ang-HS4,arc labels,,0.5297619047619048,0.06432748538011696,0.39285714285714285
Left,contig,Ang,RTT,WRM,5,0.5,1,508,28,487,26,QOTc-Ang-HSsrc,arc labels,,0.5827380952380952,0.07423580786026202,0.6071428571428571
Left,contig,Ang,RTT,WRM,5,0.5,1,508,28,487,26,QOTc-Ang-PCA,arc labels,64.0,0.5558035714285714,0.07534246575342465,0.39285714285714285
Left,contig,Ang,RTT,WRM,5,0.5,1,508,28,487,26,SDM-Ang-HS4,arc labels,,0.5330357142857143,0.06451612903225806,0.42857142857142855
Left,contig,Ang,RTT,WRM,5,0.5,1,508,28,487,26,SDM-Ang-HSsrc,arc labels,,0.6212797619047619,0.08854166666666667,0.6071428571428571
Left,contig,Ang,RTT,WRM,5,0.5,1,508,28,487,26,SDM-Ang-PCA,arc labels,64.0,0.49315476190476193,0.05319148936170213,0.35714285714285715
Left,contig,Ang,RTT,WRM,6,0.05,0,508,18,51,0,NoAdapt,nothing,,0.6081632653061224,0.060810810810810814,0.5
Left,contig,Ang,RTT,WRM,6,0.05,0,508,18,51,0,TargetOnly,arc labels,,,,
Left,contig,Ang,RTT,WRM,6,0.05,0,508,18,51,0,Source+Target,arc labels,,,,
Left,contig,Ang,RTT,WRM,6,0.05,0,508,18,51,0,COT,arc labels,,,,
Left,contig,Ang,RTT,WRM,6,0.05,0,508,18,51,0,none-Ang-HS4,arc labels,,,,
Left,contig,Ang,RTT,WRM,6,0.05,0,508,18,51,0,none-Ang-HSsrc,nothing,,0.5428571428571429,0.04245283018867924,0.5
Left,contig,Ang,RTT,WRM,6,0.05,0,508,18,51,0,none-Ang-PCA,arc segments,32.0,0.6655328798185941,0.08333333333333333,0.5555555555555556
Left,contig,Ang,RTT,WRM,6,0.05,0,508,18,51,0,QOTu-Ang-HS4,arc labels,,,,
Left,contig,Ang,RTT,WRM,6,0.05,0,508,18,51,0,QOTu-Ang-HSsrc,arc segments,,0.5218820861678005,0.03806228373702422,0.6111111111111112
Left,contig,Ang,RTT,WRM,6,0.05,0,508,18,51,0,QOTu-Ang-PCA,arc segments,4.0,0.48639455782312924,0.03409090909090909,0.6666666666666666
Left,contig,Ang,RTT,WRM,6,0.05,0,508,18,51,0,QOTc-Ang-HS4,arc labels,,,,
Left,contig,Ang,RTT,WRM,6,0.05,0,508,18,51,0,QOTc-Ang-HSsrc,arc labels,,,,
Left,contig,Ang,RTT,WRM,6,0.05,0,508,18,51,0,QOTc-Ang-PCA,arc labels,,,,
Left,contig,Ang,RTT,WRM,6,0.05,0,508,18,51,0,SDM-Ang-HS4,arc labels,,,,
Left,contig,Ang,RTT,WRM,6,0.05,0,508,18,51,0,SDM-Ang-HSsrc,arc labels,,,,
Left,contig,Ang,RTT,WRM,6,0.05,0,508,18,51,0,SDM-Ang-PCA,arc labels,,,,
Left,contig,Ang,RTT,WRM,6,0.1,0,508,18,102,0,NoAdapt,nothing,,0.6081632653061224,0.060810810810810814,0.5
Left,contig,Ang,RTT,WRM,6,0.1,0,508,18,102,0,TargetOnly,arc labels,,,,
Left,contig,Ang,RTT,WRM,6,0.1,0,508,18,102,0,Source+Target,arc labels,,,,
Left,contig,Ang,RTT,WRM,6,0.1,0,508,18,102,0,COT,arc labels,,,,
Left,contig,Ang,RTT,WRM,6,0.1,0,508,18,102,0,none-Ang-HS4,arc labels,,,,
Left,contig,Ang,RTT,WRM,6,0.1,0,508,18,102,0,none-Ang-HSsrc,nothing,,0.5428571428571429,0.04245283018867924,0.5
Left,contig,Ang,RTT,WRM,6,0.1,0,508,18,102,0,none-Ang-PCA,arc segments,32.0,0.6912698412698413,0.08943089430894309,0.6111111111111112
Left,contig,Ang,RTT,WRM,6,0.1,0,508,18,102,0,QOTu-Ang-HS4,arc labels,,,,
Left,contig,Ang,RTT,WRM,6,0.1,0,508,18,102,0,QOTu-Ang-HSsrc,arc segments,,0.5285714285714286,0.03982300884955752,0.5
Left,contig,Ang,RTT,WRM,6,0.1,0,508,18,102,0,QOTu-Ang-PCA,arc segments,32.0,0.5608843537414966,0.043010752688172046,0.6666666666666666
Left,contig,Ang,RTT,WRM,6,0.1,0,508,18,102,0,QOTc-Ang-HS4,arc labels,,,,
Left,contig,Ang,RTT,WRM,6,0.1,0,508,18,102,0,QOTc-Ang-HSsrc,arc labels,,,,
Left,contig,Ang,RTT,WRM,6,0.1,0,508,18,102,0,QOTc-Ang-PCA,arc labels,,,,
Left,contig,Ang,RTT,WRM,6,0.1,0,508,18,102,0,SDM-Ang-HS4,arc labels,,,,
Left,contig,Ang,RTT,WRM,6,0.1,0,508,18,102,0,SDM-Ang-HSsrc,arc labels,,,,
Left,contig,Ang,RTT,WRM,6,0.1,0,508,18,102,0,SDM-Ang-PCA,arc labels,,,,
Left,contig,Ang,RTT,WRM,6,0.2,1,508,18,203,6,NoAdapt,nothing,,0.6081632653061224,0.060810810810810814,0.5
Left,contig,Ang,RTT,WRM,6,0.2,1,508,18,203,6,TargetOnly,arc labels,,0.550907029478458,0.06349206349206349,0.2222222222222222
Left,contig,Ang,RTT,WRM,6,0.2,1,508,18,203,6,Source+Target,arc labels,,0.6257369614512471,0.06289308176100629,0.5555555555555556
Left,contig,Ang,RTT,WRM,6,0.2,1,508,18,203,6,COT,arc labels,,0.49387755102040815,0.0,0.0
Left,contig,Ang,RTT,WRM,6,0.2,1,508,18,203,6,none-Ang-HS4,arc labels,,0.5026077097505669,0.035897435897435895,0.3888888888888889
Left,contig,Ang,RTT,WRM,6,0.2,1,508,18,203,6,none-Ang-HSsrc,nothing,,0.5428571428571429,0.04245283018867924,0.5
Left,contig,Ang,RTT,WRM,6,0.2,1,508,18,203,6,none-Ang-PCA,arc segments,32.0,0.6892290249433106,0.088,0.6111111111111112
Left,contig,Ang,RTT,WRM,6,0.2,1,508,18,203,6,QOTu-Ang-HS4,arc labels,,0.5293650793650794,0.04060913705583756,0.4444444444444444
Left,contig,Ang,RTT,WRM,6,0.2,1,508,18,203,6,QOTu-Ang-HSsrc,arc segments,,0.5469387755102041,0.04326923076923077,0.5
Left,contig,Ang,RTT,WRM,6,0.2,1,508,18,203,6,QOTu-Ang-PCA,arc segments,32.0,0.6282312925170068,0.056338028169014086,0.6666666666666666
Left,contig,Ang,RTT,WRM,6,0.2,1,508,18,203,6,QOTc-Ang-HS4,arc labels,,0.57562358276644,0.07462686567164178,0.2777777777777778
Left,contig,Ang,RTT,WRM,6,0.2,1,508,18,203,6,QOTc-Ang-HSsrc,arc labels,,0.5941043083900227,0.05263157894736842,0.5555555555555556
Left,contig,Ang,RTT,WRM,6,0.2,1,508,18,203,6,QOTc-Ang-PCA,arc labels,16.0,0.49308390022675735,0.02857142857142857,0.05555555555555555
Left,contig,Ang,RTT,WRM,6,0.2,1,508,18,203,6,SDM-Ang-HS4,arc labels,,0.4887755102040816,0.0,0.0
Left,contig,Ang,RTT,WRM,6,0.2,1,508,18,203,6,SDM-Ang-HSsrc,arc labels,,0.6130385487528345,0.06956521739130435,0.4444444444444444
Left,contig,Ang,RTT,WRM,6,0.2,1,508,18,203,6,SDM-Ang-PCA,arc labels,32.0,0.4806122448979592,0.0,0.0
Left,contig,Ang,RTT,WRM,6,0.3,1,508,18,305,9,NoAdapt,nothing,,0.6081632653061224,0.060810810810810814,0.5
Left,contig,Ang,RTT,WRM,6,0.3,1,508,18,305,9,TargetOnly,arc labels,,0.6518140589569161,0.1038961038961039,0.4444444444444444
Left,contig,Ang,RTT,WRM,6,0.3,1,508,18,305,9,Source+Target,arc labels,,0.6976190476190476,0.08275862068965517,0.6666666666666666
Left,contig,Ang,RTT,WRM,6,0.3,1,508,18,305,9,COT,arc labels,,0.5764172335600907,0.10526315789473684,0.2222222222222222
Left,contig,Ang,RTT,WRM,6,0.3,1,508,18,305,9,none-Ang-HS4,arc labels,,0.5281179138321995,0.041176470588235294,0.3888888888888889
Left,contig,Ang,RTT,WRM,6,0.3,1,508,18,305,9,none-Ang-HSsrc,nothing,,0.5428571428571429,0.04245283018867924,0.5
Left,contig,Ang,RTT,WRM,6,0.3,1,508,18,305,9,none-Ang-PCA,arc segments,4.0,0.482312925170068,0.033707865168539325,0.6666666666666666
Left,contig,Ang,RTT,WRM,6,0.3,1,508,18,305,9,QOTu-Ang-HS4,arc labels,,0.5418367346938775,0.04225352112676056,0.5
Left,contig,Ang,RTT,WRM,6,0.3,1,508,18,305,9,QOTu-Ang-HSsrc,arc segments,,0.5448979591836735,0.04285714285714286,0.5
Left,contig,Ang,RTT,WRM,6,0.3,1,508,18,305,9,QOTu-Ang-PCA,arc segments,16.0,0.5487528344671202,0.0449438202247191,0.4444444444444444
Left,contig,Ang,RTT,WRM,6,0.3,1,508,18,305,9,QOTc-Ang-HS4,arc labels,,0.5735827664399094,0.07246376811594203,0.2777777777777778
Left,contig,Ang,RTT,WRM,6,0.3,1,508,18,305,9,QOTc-Ang-HSsrc,arc labels,,0.6419501133786848,0.0546875,0.7777777777777778
Left,contig,Ang,RTT,WRM,6,0.3,1,508,18,305,9,QOTc-Ang-PCA,arc labels,16.0,0.5302721088435374,0.05454545454545454,0.16666666666666666
Left,contig,Ang,RTT,WRM,6,0.3,1,508,18,305,9,SDM-Ang-HS4,arc labels,,0.5445578231292517,0.07317073170731707,0.16666666666666666
Left,contig,Ang,RTT,WRM,6,0.3,1,508,18,305,9,SDM-Ang-HSsrc,arc labels,,0.48072562358276644,0.03125,0.2777777777777778
Left,contig,Ang,RTT,WRM,6,0.3,1,508,18,305,9,SDM-Ang-PCA,arc labels,32.0,0.5402494331065759,0.11764705882352941,0.1111111111111111
Left,contig,Ang,RTT,WRM,6,0.5,1,508,18,487,32,NoAdapt,nothing,,0.6081632653061224,0.060810810810810814,0.5
Left,contig,Ang,RTT,WRM,6,0.5,1,508,18,487,32,TargetOnly,arc labels,,0.6837868480725624,0.06511627906976744,0.7777777777777778
Left,contig,Ang,RTT,WRM,6,0.5,1,508,18,487,32,Source+Target,arc labels,,0.5798185941043084,0.049019607843137254,0.5555555555555556
Left,contig,Ang,RTT,WRM,6,0.5,1,508,18,487,32,COT,arc labels,,0.6404761904761904,0.05970149253731343,0.6666666666666666
Left,contig,Ang,RTT,WRM,6,0.5,1,508,18,487,32,none-Ang-HS4,arc labels,,0.5679138321995465,0.05343511450381679,0.3888888888888889
Left,contig,Ang,RTT,WRM,6,0.5,1,508,18,487,32,none-Ang-HSsrc,nothing,,0.5428571428571429,0.04245283018867924,0.5
Left,contig,Ang,RTT,WRM,6,0.5,1,508,18,487,32,none-Ang-PCA,arc segments,16.0,0.5538548752834467,0.046242774566473986,0.4444444444444444
Left,contig,Ang,RTT,WRM,6,0.5,1,508,18,487,32,QOTu-Ang-HS4,arc labels,,0.5263038548752834,0.04,0.4444444444444444
Left,contig,Ang,RTT,WRM,6,0.5,1,508,18,487,32,QOTu-Ang-HSsrc,arc segments,,0.55,0.04390243902439024,0.5
Left,contig,Ang,RTT,WRM,6,0.5,1,508,18,487,32,QOTu-Ang-PCA,arc segments,16.0,0.5321995464852608,0.04216867469879518,0.3888888888888889
Left,contig,Ang,RTT,WRM,6,0.5,1,508,18,487,32,QOTc-Ang-HS4,arc labels,,0.654421768707483,0.05514705882352941,0.8333333333333334
Left,contig,Ang,RTT,WRM,6,0.5,1,508,18,487,32,QOTc-Ang-HSsrc,arc labels,,0.5747165532879819,0.04784688995215311,0.5555555555555556
Left,contig,Ang,RTT,WRM,6,0.5,1,508,18,487,32,QOTc-Ang-PCA,arc labels,64.0,0.607936507936508,0.06666666666666667,0.4444444444444444
Left,contig,Ang,RTT,WRM,6,0.5,1,508,18,487,32,SDM-Ang-HS4,arc labels,,0.6786848072562358,0.06363636363636363,0.7777777777777778
Left,contig,Ang,RTT,WRM,6,0.5,1,508,18,487,32,SDM-Ang-HSsrc,arc labels,,0.6247165532879819,0.0625,0.5555555555555556
Left,contig,Ang,RTT,WRM,6,0.5,1,508,18,487,32,SDM-Ang-PCA,arc labels,64.0,0.6188208616780045,0.05670103092783505,0.6111111111111112
Left,contig,Ang,RTT,WRM,7,0.05,1,508,19,51,5,NoAdapt,nothing,,0.6141427187600904,0.06976744186046512,0.47368421052631576
Left,contig,Ang,RTT,WRM,7,0.05,1,508,19,51,5,TargetOnly,arc labels,,0.4942955548380153,0.03614457831325301,0.3157894736842105
Left,contig,Ang,RTT,WRM,7,0.05,1,508,19,51,5,Source+Target,arc labels,,0.6161877085351415,0.07086614173228346,0.47368421052631576
Left,contig,Ang,RTT,WRM,7,0.05,1,508,19,51,5,COT,arc labels,,0.4329458615864815,0.02654867256637168,0.3157894736842105
Left,contig,Ang,RTT,WRM,7,0.05,1,508,19,51,5,none-Ang-HS4,arc labels,,0.5502636960499407,0.050724637681159424,0.3684210526315789
Left,contig,Ang,RTT,WRM,7,0.05,1,508,19,51,5,none-Ang-HSsrc,nothing,,0.5088257453449575,0.03879310344827586,0.47368421052631576
Left,contig,Ang,RTT,WRM,7,0.05,1,508,19,51,5,none-Ang-PCA,arc segments,32.0,0.670864277257561,0.08661417322834646,0.5789473684210527
Left,contig,Ang,RTT,WRM,7,0.05,1,508,19,51,5,QOTu-Ang-HS4,arc labels,,0.524163168657841,0.041474654377880185,0.47368421052631576
Left,contig,Ang,RTT,WRM,7,0.05,1,508,19,51,5,QOTu-Ang-HSsrc,arc segments,,0.5003767086427726,0.03745318352059925,0.5263157894736842
Left,contig,Ang,RTT,WRM,7,0.05,1,508,19,51,5,QOTu-Ang-PCA,arc segments,32.0,0.45802389409105587,0.02702702702702703,0.21052631578947367
Left,contig,Ang,RTT,WRM,7,0.05,1,508,19,51,5,QOTc-Ang-HS4,arc labels,,0.36029490905177053,0.024752475247524754,0.5263157894736842
Left,contig,Ang,RTT,WRM,7,0.05,1,508,19,51,5,QOTc-Ang-HSsrc,arc labels,,0.4998923689592078,0.037383177570093455,0.42105263157894735
Left,contig,Ang,RTT,WRM,7,0.05,1,508,19,51,5,QOTc-Ang-PCA,arc labels,64.0,0.46830265848670755,0.0,0.0
Left,contig,Ang,RTT,WRM,7,0.05,1,508,19,51,5,SDM-Ang-HS4,arc labels,,0.48466257668711654,0.0,0.0
Left,contig,Ang,RTT,WRM,7,0.05,1,508,19,51,5,SDM-Ang-HSsrc,arc labels,,0.5302981379829943,0.04265402843601896,0.47368421052631576
Left,contig,Ang,RTT,WRM,7,0.05,1,508,19,51,5,SDM-Ang-PCA,arc labels,64.0,0.4946184479603918,0.03125,0.05263157894736842
Left,contig,Ang,RTT,WRM,7,0.1,1,508,19,102,6,NoAdapt,nothing,,0.6141427187600904,0.06976744186046512,0.47368421052631576
Left,contig,Ang,RTT,WRM,7,0.1,1,508,19,102,6,TargetOnly,arc labels,,0.5541384135184587,0.07407407407407407,0.21052631578947367
Left,contig,Ang,RTT,WRM,7,0.1,1,508,19,102,6,Source+Target,arc labels,,0.6131202238725648,0.06923076923076923,0.47368421052631576
Left,contig,Ang,RTT,WRM,7,0.1,1,508,19,102,6,COT,arc labels,,0.4621676891615542,0.0,0.0
Left,contig,Ang,RTT,WRM,7,0.1,1,508,19,102,6,none-Ang-HS4,arc labels,,0.5328812829620062,0.04516129032258064,0.3684210526315789
Left,contig,Ang,RTT,WRM,7,0.1,1,508,19,102,6,none-Ang-HSsrc,nothing,,0.5088257453449575,0.03879310344827586,0.47368421052631576
Left,contig,Ang,RTT,WRM,7,0.1,1,508,19,102,6,none-Ang-PCA,arc segments,32.0,0.6677967925949844,0.08461538461538462,0.5789473684210527
Left,contig,Ang,RTT,WRM,7,0.1,1,508,19,102,6,QOTu-Ang-HS4,arc labels,,0.5251856635453664,0.041666666666666664,0.47368421052631576
Left,contig,Ang,RTT,WRM,7,0.1,1,508,19,102,6,QOTu-Ang-HSsrc,arc segments,,0.48299429555483797,0.035211267605633804,0.5263157894736842
Left,contig,Ang,RTT,WRM,7,0.1,1,508,19,102,6,QOTu-Ang-PCA,arc segments,32.0,0.5520934237434076,0.07142857142857142,0.21052631578947367
Left,contig,Ang,RTT,WRM,7,0.1,1,508,19,102,6,QOTc-Ang-HS4,arc labels,,0.4641588634162092,0.028169014084507043,0.21052631578947367
Left,contig,Ang,RTT,WRM,7,0.1,1,508,19,102,6,QOTc-Ang-HSsrc,arc labels,,0.5494564632439995,0.045662100456621,0.5263157894736842
Left,contig,Ang,RTT,WRM,7,0.1,1,508,19,102,6,QOTc-Ang-PCA,arc labels,32.0,0.48412442148315576,0.028985507246376812,0.10526315789473684
Left,contig,Ang,RTT,WRM,7,0.1,1,508,19,102,6,SDM-Ang-HS4,arc labels,,0.48568507157464214,0.0,0.0
Left,contig,Ang,RTT,WRM,7,0.1,1,508,19,102,6,SDM-Ang-HSsrc,arc labels,,0.6233451727478204,0.075,0.47368421052631576
Left,contig,Ang,RTT,WRM,7,0.1,1,508,19,102,6,SDM-Ang-PCA,arc labels,64.0,0.5270692067592293,0.07407407407407407,0.10526315789473684
Left,contig,Ang,RTT,WRM,7,0.2,1,508,19,203,8,NoAdapt,nothing,,0.6141427187600904,0.06976744186046512,0.47368421052631576
Left,contig,Ang,RTT,WRM,7,0.2,1,508,19,203,8,TargetOnly,arc labels,,0.5300290603810138,0.04201680672268908,0.5263157894736842
Left,contig,Ang,RTT,WRM,7,0.2,1,508,19,203,8,Source+Target,arc labels,,0.6131202238725648,0.06923076923076923,0.47368421052631576
Left,contig,Ang,RTT,WRM,7,0.2,1,508,19,203,8,COT,arc labels,,0.5338499623291357,0.0421455938697318,0.5789473684210527
Left,contig,Ang,RTT,WRM,7,0.2,1,508,19,203,8,none-Ang-HS4,arc labels,,0.5103863954364438,0.03954802259887006,0.3684210526315789
Left,contig,Ang,RTT,WRM,7,0.2,1,508,19,203,8,none-Ang-HSsrc,nothing,,0.5088257453449575,0.03879310344827586,0.47368421052631576
Left,contig,Ang,RTT,WRM,7,0.2,1,508,19,203,8,none-Ang-PCA,arc segments,32.0,0.670864277257561,0.08661417322834646,0.5789473684210527
Left,contig,Ang,RTT,WRM,7,0.2,1,508,19,203,8,QOTu-Ang-HS4,arc labels,,0.5108707351200086,0.0391304347826087,0.47368421052631576
Left,contig,Ang,RTT,WRM,7,0.2,1,508,19,203,8,QOTu-Ang-HSsrc,arc segments,,0.4863308578193951,0.03543307086614173,0.47368421052631576
Left,contig,Ang,RTT,WRM,7,0.2,1,508,19,203,8,QOTu-Ang-PCA,arc segments,32.0,0.6660208804219137,0.09523809523809523,0.5263157894736842
Left,contig,Ang,RTT,WRM,7,0.2,1,508,19,203,8,QOTc-Ang-HS4,arc labels,,0.5364869228285437,0.05102040816326531,0.2631578947368421
Left,contig,Ang,RTT,WRM,7,0.2,1,508,19,203,8,QOTc-Ang-HSsrc,arc labels,,0.5586589172317296,0.047619047619047616,0.5263157894736842
Left,contig,Ang,RTT,WRM,7,0.2,1,508,19,203,8,QOTc-Ang-PCA,arc labels,64.0,0.47825852975998273,0.020833333333333332,0.05263157894736842
Left,contig,Ang,RTT,WRM,7,0.2,1,508,19,203,8,SDM-Ang-HS4,arc labels,,0.5291141965342805,0.08,0.10526315789473684
Left,contig,Ang,RTT,WRM,7,0.2,1,508,19,203,8,SDM-Ang-HSsrc,arc labels,,0.6031643525992896,0.07079646017699115,0.42105263157894735
Left,contig,Ang,RTT,WRM,7,0.2,1,508,19,203,8,SDM-Ang-PCA,arc labels,32.0,0.47955010224948874,0.0,0.0
Left,contig,Ang,RTT,WRM,7,0.3,1,508,19,305,12,NoAdapt,nothing,,0.6141427187600904,0.06976744186046512,0.47368421052631576
Left,contig,Ang,RTT,WRM,7,0.3,1,508,19,305,12,TargetOnly,arc labels,,0.5778172424927349,0.05045871559633028,0.5789473684210527
Left,contig,Ang,RTT,WRM,7,0.3,1,508,19,305,12,Source+Target,arc labels,,0.6677967925949844,0.08461538461538462,0.5789473684210527
Left,contig,Ang,RTT,WRM,7,0.3,1,508,19,305,12,COT,arc labels,,0.6131202238725648,0.06923076923076923,0.47368421052631576
Left,contig,Ang,RTT,WRM,7,0.3,1,508,19,305,12,none-Ang-HS4,arc labels,,0.5236788289742762,0.042682926829268296,0.3684210526315789
Left,contig,Ang,RTT,WRM,7,0.3,1,508,19,305,12,none-Ang-HSsrc,nothing,,0.5088257453449575,0.03879310344827586,0.47368421052631576
Left,contig,Ang,RTT,WRM,7,0.3,1,508,19,305,12,none-Ang-PCA,arc segments,32.0,0.6455709826714024,0.08,0.5263157894736842
Left,contig,Ang,RTT,WRM,7,0.3,1,508,19,305,12,QOTu-Ang-HS4,arc labels,,0.5170057044451619,0.04017857142857143,0.47368421052631576
Left,contig,Ang,RTT,WRM,7,0.3,1,508,19,305,12,QOTu-Ang-HSsrc,arc segments,,0.5067807555699063,0.038461538461538464,0.47368421052631576
Left,contig,Ang,RTT,WRM,7,0.3,1,508,19,305,12,QOTu-Ang-PCA,arc segments,32.0,0.6562802712302227,0.07142857142857142,0.631578947368421
Left,contig,Ang,RTT,WRM,7,0.3,1,508,19,305,12,QOTc-Ang-HS4,arc labels,,0.5096329781508987,0.039735099337748346,0.3157894736842105
Left,contig,Ang,RTT,WRM,7,0.3,1,508,19,305,12,QOTc-Ang-HSsrc,arc labels,,0.5576364223442041,0.04739336492890995,0.5263157894736842
Left,contig,Ang,RTT,WRM,7,0.3,1,508,19,305,12,QOTc-Ang-PCA,arc labels,64.0,0.5459584544182542,0.06451612903225806,0.21052631578947367
Left,contig,Ang,RTT,WRM,7,0.3,1,508,19,305,12,SDM-Ang-HS4,arc labels,,0.49768593262296845,0.034482758620689655,0.05263157894736842
Left,contig,Ang,RTT,WRM,7,0.3,1,508,19,305,12,SDM-Ang-HSsrc,arc labels,,0.6179636207082122,0.06578947368421052,0.5263157894736842
Left,contig,Ang,RTT,WRM,7,0.3,1,508,19,305,12,SDM-Ang-PCA,arc labels,64.0,0.5377784953180498,0.05714285714285714,0.21052631578947367
Left,contig,Ang,RTT,WRM,7,0.5,1,508,19,498,35,NoAdapt,nothing,,0.6141427187600904,0.06976744186046512,0.47368421052631576
Left,contig,Ang,RTT,WRM,7,0.5,1,508,19,498,35,TargetOnly,arc labels,,0.6549348832203208,0.056105610561056105,0.8947368421052632
Left,contig,Ang,RTT,WRM,7,0.5,1,508,19,498,35,Source+Target,arc labels,,0.5619954794962867,0.05,0.47368421052631576
Left,contig,Ang,RTT,WRM,7,0.5,1,508,19,498,35,COT,arc labels,,0.5044666881928748,0.03802281368821293,0.5263157894736842
Left,contig,Ang,RTT,WRM,7,0.5,1,508,19,498,35,none-Ang-HS4,arc labels,,0.5410612420622107,0.047619047619047616,0.3684210526315789
Left,contig,Ang,RTT,WRM,7,0.5,1,508,19,498,35,none-Ang-HSsrc,nothing,,0.5088257453449575,0.03879310344827586,0.47368421052631576
Left,contig,Ang,RTT,WRM,7,0.5,1,508,19,498,35,none-Ang-PCA,arc segments,32.0,0.6200086104832634,0.06666666666666667,0.5263157894736842
Left,contig,Ang,RTT,WRM,7,0.5,1,508,19,498,35,QOTu-Ang-HS4,arc labels,,0.5285222258099236,0.043010752688172046,0.42105263157894735
Left,contig,Ang,RTT,WRM,7,0.5,1,508,19,498,35,QOTu-Ang-HSsrc,arc segments,,0.5129157248950598,0.039473684210526314,0.47368421052631576
Left,contig,Ang,RTT,WRM,7,0.5,1,508,19,498,35,QOTu-Ang-PCA,arc segments,32.0,0.5551070928855881,0.05,0.42105263157894735
Left,contig,Ang,RTT,WRM,7,0.5,1,508,19,498,35,QOTc-Ang-HS4,arc labels,,0.5678075556990636,0.045454545454545456,0.7368421052631579
Left,contig,Ang,RTT,WRM,7,0.5,1,508,19,498,35,QOTc-Ang-HSsrc,arc labels,,0.5678613712194597,0.04975124378109453,0.5263157894736842
Left,contig,Ang,RTT,WRM,7,0.5,1,508,19,498,35,QOTc-Ang-PCA,arc labels,32.0,0.5885803465719514,0.05844155844155844,0.47368421052631576
Left,contig,Ang,RTT,WRM,7,0.5,1,508,19,498,35,SDM-Ang-HS4,arc labels,,0.5885803465719514,0.05844155844155844,0.47368421052631576
Left,contig,Ang,RTT,WRM,7,0.5,1,508,19,498,35,SDM-Ang-HSsrc,arc labels,,0.6251210849208912,0.06896551724137931,0.5263157894736842
Left,contig,Ang,RTT,WRM,7,0.5,1,508,19,498,35,SDM-Ang-PCA,arc labels,32.0,0.5650629641588634,0.05084745762711865,0.47368421052631576
Left,contig,Ang,WRM,HTL,0,0.05,1,401,79,40,10,NoAdapt,nothing,,0.5298962182561522,0.21132075471698114,0.7088607594936709
Left,contig,Ang,WRM,HTL,0,0.05,1,401,79,40,10,TargetOnly,arc labels,,0.5317045365201667,0.21634615384615385,0.569620253164557
Left,contig,Ang,WRM,HTL,0,0.05,1,401,79,40,10,Source+Target,arc labels,,0.550318421259533,0.22137404580152673,0.7341772151898734
Left,contig,Ang,WRM,HTL,0,0.05,1,401,79,40,10,COT,arc labels,,0.5093167701863354,0.2,1.0
Left,contig,Ang,WRM,HTL,0,0.05,1,401,79,40,10,none-Ang-HS4,arc labels,,0.5569423696831511,0.29333333333333333,0.27848101265822783
Left,contig,Ang,WRM,HTL,0,0.05,1,401,79,40,10,none-Ang-HSsrc,nothing,,0.4809733469612391,0.17829457364341086,0.2911392405063291
Left,contig,Ang,WRM,HTL,0,0.05,1,401,79,40,10,none-Ang-PCA,arc segments,16.0,0.5189676861388474,0.2318840579710145,0.20253164556962025
Left,contig,Ang,WRM,HTL,0,0.05,1,401,79,40,10,QOTu-Ang-HS4,arc labels,,0.6290588882773802,0.328,0.5189873417721519
Left,contig,Ang,WRM,HTL,0,0.05,1,401,79,40,10,QOTu-Ang-HSsrc,arc segments,,0.5326676625520874,0.21978021978021978,0.5063291139240507
Left,contig,Ang,WRM,HTL,0,0.05,1,401,79,40,10,QOTu-Ang-PCA,arc segments,64.0,0.5436748172026102,0.24561403508771928,0.35443037974683544
Left,contig,Ang,WRM,HTL,0,0.05,1,401,79,40,10,QOTc-Ang-HS4,arc labels,,0.4701234373771523,0.14285714285714285,0.12658227848101267
Left,contig,Ang,WRM,HTL,0,0.05,1,401,79,40,10,QOTc-Ang-HSsrc,arc labels,,0.4735828288387452,0.1566265060240964,0.16455696202531644
Left,contig,Ang,WRM,HTL,0,0.05,1,401,79,40,10,QOTc-Ang-PCA,arc labels,32.0,0.4364140262599261,0.15168539325842698,0.34177215189873417
Left,contig,Ang,WRM,HTL,0,0.05,1,401,79,40,10,SDM-Ang-HS4,arc labels,,0.47562701470241375,0.1111111111111111,0.05063291139240506
Left,contig,Ang,WRM,HTL,0,0.05,1,401,79,40,10,SDM-Ang-HSsrc,arc labels,,0.43666954949288467,0.13114754098360656,0.20253164556962025
Left,contig,Ang,WRM,HTL,0,0.05,1,401,79,40,10,SDM-Ang-PCA,arc labels,64.0,0.4642267473858008,0.17647058823529413,0.4936708860759494
Left,contig,Ang,WRM,HTL,0,0.1,1,401,79,80,24,NoAdapt,nothing,,0.5298962182561522,0.21132075471698114,0.7088607594936709
Left,contig,Ang,WRM,HTL,0,0.1,1,401,79,80,24,TargetOnly,arc labels,,0.5220339649343502,0.21105527638190955,0.5316455696202531
Left,contig,Ang,WRM,HTL,0,0.1,1,401,79,80,24,Source+Target,arc labels,,0.5143682679455932,0.20363636363636364,0.7088607594936709
Left,contig,Ang,WRM,HTL,0,0.1,1,401,79,80,24,COT,arc labels,,0.5414930419058102,0.22072072072072071,0.620253164556962
Left,contig,Ang,WRM,HTL,0,0.1,1,401,79,80,24,none-Ang-HS4,arc labels,,0.5071349948895354,0.20588235294117646,0.26582278481012656
Left,contig,Ang,WRM,HTL,0,0.1,1,401,79,80,24,none-Ang-HSsrc,nothing,,0.4809733469612391,0.17829457364341086,0.2911392405063291
Left,contig,Ang,WRM,HTL,0,0.1,1,401,79,80,24,none-Ang-PCA,arc segments,16.0,0.5255326676625521,0.2375,0.24050632911392406
Left,contig,Ang,WRM,HTL,0,0.1,1,401,79,80,24,QOTu-Ang-HS4,arc labels,,0.5392719553424011,0.2786885245901639,0.21518987341772153
Left,contig,Ang,WRM,HTL,0,0.1,1,401,79,80,24,QOTu-Ang-HSsrc,arc segments,,0.5176311030741411,0.21232876712328766,0.3924050632911392
Left,contig,Ang,WRM,HTL,0,0.1,1,401,79,80,24,QOTu-Ang-PCA,arc segments,32.0,0.5628980265744162,0.25984251968503935,0.4177215189873418
Left,contig,Ang,WRM,HTL,0,0.1,1,401,79,80,24,QOTc-Ang-HS4,arc labels,,0.44154414655240193,0.15897435897435896,0.3924050632911392
Left,contig,Ang,WRM,HTL,0,0.1,1,401,79,80,24,QOTc-Ang-HSsrc,arc labels,,0.45829074612784026,0.14563106796116504,0.189873417721519
Left,contig,Ang,WRM,HTL,0,0.1,1,401,79,80,24,QOTc-Ang-PCA,arc labels,64.0,0.4774942998663417,0.1813186813186813,0.4177215189873418
Left,contig,Ang,WRM,HTL,0,0.1,1,401,79,80,24,SDM-Ang-HS4,arc labels,,0.4554996461986005,0.1746031746031746,0.5569620253164557
Left,contig,Ang,WRM,HTL,0,0.1,1,401,79,80,24,SDM-Ang-HSsrc,arc labels,,0.5013758943313154,0.19791666666666666,0.4810126582278481
Left,contig,Ang,WRM,HTL,0,0.1,1,401,79,80,24,SDM-Ang-PCA,arc labels,64.0,0.560126582278481,0.23333333333333334,0.620253164556962
Left,contig,Ang,WRM,HTL,0,0.2,1,401,79,161,54,NoAdapt,nothing,,0.5298962182561522,0.21132075471698114,0.7088607594936709
Left,contig,Ang,WRM,HTL,0,0.2,1,401,79,161,54,TargetOnly,arc labels,,0.5843816337762402,0.2603550295857988,0.5569620253164557
Left,contig,Ang,WRM,HTL,0,0.2,1,401,79,161,54,Source+Target,arc labels,,0.5069580941897948,0.2,0.7468354430379747
Left,contig,Ang,WRM,HTL,0,0.2,1,401,79,161,54,COT,arc labels,,0.5001769006997405,0.1971153846153846,0.5189873417721519
Left,contig,Ang,WRM,HTL,0,0.2,1,401,79,161,54,none-Ang-HS4,arc labels,,0.5430851482034751,0.25842696629213485,0.2911392405063291
Left,contig,Ang,WRM,HTL,0,0.2,1,401,79,161,54,none-Ang-HSsrc,nothing,,0.4809733469612391,0.17829457364341086,0.2911392405063291
Left,contig,Ang,WRM,HTL,0,0.2,1,401,79,161,54,none-Ang-PCA,arc segments,16.0,0.5381908955106534,0.25609756097560976,0.26582278481012656
Left,contig,Ang,WRM,HTL,0,0.2,1,401,79,161,54,QOTu-Ang-HS4,arc labels,,0.565885682836701,0.26666666666666666,0.4050632911392405
Left,contig,Ang,WRM,HTL,0,0.2,1,401,79,161,54,QOTu-Ang-HSsrc,arc segments,,0.5099850617186886,0.20512820512820512,0.4050632911392405
Left,contig,Ang,WRM,HTL,0,0.2,1,401,79,161,54,QOTu-Ang-PCA,arc segments,16.0,0.5305448541552009,0.2391304347826087,0.27848101265822783
Left,contig,Ang,WRM,HTL,0,0.2,1,401,79,161,54,QOTc-Ang-HS4,arc labels,,0.5265940718609954,0.224,0.35443037974683544
Left,contig,Ang,WRM,HTL,0,0.2,1,401,79,161,54,QOTc-Ang-HSsrc,arc labels,,0.4532785596351915,0.13186813186813187,0.1518987341772152
Left,contig,Ang,WRM,HTL,0,0.2,1,401,79,161,54,QOTc-Ang-PCA,arc labels,64.0,0.548451136095605,0.25,0.3670886075949367
Left,contig,Ang,WRM,HTL,0,0.2,1,401,79,161,54,SDM-Ang-HS4,arc labels,,0.639437062662159,0.3048780487804878,0.6329113924050633
Left,contig,Ang,WRM,HTL,0,0.2,1,401,79,161,54,SDM-Ang-HSsrc,arc labels,,0.5162945200094347,0.2062780269058296,0.5822784810126582
Left,contig,Ang,WRM,HTL,0,0.2,1,401,79,161,54,SDM-Ang-PCA,arc labels,64.0,0.4875186728516393,0.18932038834951456,0.4936708860759494
Left,contig,Ang,WRM,HTL,0,0.3,1,401,79,241,63,NoAdapt,nothing,,0.5298962182561522,0.21132075471698114,0.7088607594936709
Left,contig,Ang,WRM,HTL,0,0.3,1,401,79,241,63,TargetOnly,arc labels,,0.5504560106926646,0.22885572139303484,0.5822784810126582
Left,contig,Ang,WRM,HTL,0,0.3,1,401,79,241,63,Source+Target,arc labels,,0.49752339020363234,0.19594594594594594,0.7341772151898734
Left,contig,Ang,WRM,HTL,0,0.3,1,401,79,241,63,COT,arc labels,,0.5465052283984589,0.2222222222222222,0.6582278481012658
Left,contig,Ang,WRM,HTL,0,0.3,1,401,79,241,63,none-Ang-HS4,arc labels,,0.4975823571035459,0.19387755102040816,0.24050632911392406
Left,contig,Ang,WRM,HTL,0,0.3,1,401,79,241,63,none-Ang-HSsrc,nothing,,0.4809733469612391,0.17829457364341086,0.2911392405063291
Left,contig,Ang,WRM,HTL,0,0.3,1,401,79,241,63,none-Ang-PCA,arc segments,16.0,0.5606376287443982,0.2755102040816326,0.34177215189873417
Left,contig,Ang,WRM,HTL,0,0.3,1,401,79,241,63,QOTu-Ang-HS4,arc labels,,0.5048549414262127,0.2014388489208633,0.35443037974683544
Left,contig,Ang,WRM,HTL,0,0.3,1,401,79,241,63,QOTu-Ang-HSsrc,arc segments,,0.5253950782294206,0.2198581560283688,0.3924050632911392
Left,contig,Ang,WRM,HTL,0,0.3,1,401,79,241,63,QOTu-Ang-PCA,arc segments,16.0,0.5434389496029561,0.25,0.3291139240506329
Left,contig,Ang,WRM,HTL,0,0.3,1,401,79,241,63,QOTc-Ang-HS4,arc labels,,0.47963676389653276,0.18446601941747573,0.4810126582278481
Left,contig,Ang,WRM,HTL,0,0.3,1,401,79,241,63,QOTc-Ang-HSsrc,arc labels,,0.4766687632675525,0.17687074829931973,0.3291139240506329
Left,contig,Ang,WRM,HTL,0,0.3,1,401,79,241,63,QOTc-Ang-PCA,arc labels,64.0,0.4429790077836308,0.15873015873015872,0.379746835443038
Left,contig,Ang,WRM,HTL,0,0.3,1,401,79,241,63,SDM-Ang-HS4,arc labels,,0.5396061011085778,0.2323943661971831,0.4177215189873418
Left,contig,Ang,WRM,HTL,0,0.3,1,401,79,241,63,SDM-Ang-HSsrc,arc labels,,0.5942684173284063,0.2440944881889764,0.7848101265822784
Left,contig,Ang,WRM,HTL,0,0.3,1,401,79,241,63,SDM-Ang-PCA,arc labels,32.0,0.5139161883795896,0.20634920634920634,0.4936708860759494
Left,contig,Ang,WRM,HTL,0,0.5,1,401,79,391,88,NoAdapt,nothing,,0.5298962182561522,0.21132075471698114,0.7088607594936709
Left,contig,Ang,WRM,HTL,0,0.5,1,401,79,391,88,TargetOnly,arc labels,,0.5411392405063291,0.2222222222222222,0.5822784810126582
Left,contig,Ang,WRM,HTL,0,0.5,1,401,79,391,88,Source+Target,arc labels,,0.49752339020363234,0.19594594594594594,0.7341772151898734
Left,contig,Ang,WRM,HTL,0,0.5,1,401,79,391,88,COT,arc labels,,0.5207170375029484,0.20952380952380953,0.5569620253164557
Left,contig,Ang,WRM,HTL,0,0.5,1,401,79,391,88,none-Ang-HS4,arc labels,,0.5102405849516471,0.21,0.26582278481012656
Left,contig,Ang,WRM,HTL,0,0.5,1,401,79,391,88,none-Ang-HSsrc,nothing,,0.4809733469612391,0.17829457364341086,0.2911392405063291
Left,contig,Ang,WRM,HTL,0,0.5,1,401,79,391,88,none-Ang-PCA,arc segments,16.0,0.5718609953612706,0.2830188679245283,0.379746835443038
Left,contig,Ang,WRM,HTL,0,0.5,1,401,79,391,88,QOTu-Ang-HS4,arc labels,,0.5081963990879786,0.20408163265306123,0.379746835443038
Left,contig,Ang,WRM,HTL,0,0.5,1,401,79,391,88,QOTu-Ang-HSsrc,arc segments,,0.49542023744005026,0.19285714285714287,0.34177215189873417
Left,contig,Ang,WRM,HTL,0,0.5,1,401,79,391,88,QOTu-Ang-PCA,arc segments,16.0,0.5589668999135152,0.2765957446808511,0.3291139240506329
Left,contig,Ang,WRM,HTL,0,0.5,1,401,79,391,88,QOTc-Ang-HS4,arc labels,,0.4670964698482585,0.17703349282296652,0.46835443037974683
Left,contig,Ang,WRM,HTL,0,0.5,1,401,79,391,88,QOTc-Ang-HSsrc,arc labels,,0.4581728123280132,0.14285714285714285,0.17721518987341772
Left,contig,Ang,WRM,HTL,0,0.5,1,401,79,391,88,QOTc-Ang-PCA,arc labels,64.0,0.4868110700526771,0.1875,0.4177215189873418
Left,contig,Ang,WRM,HTL,0,0.5,1,401,79,391,88,SDM-Ang-HS4,arc labels,,0.519655633304505,0.21212121212121213,0.4430379746835443
Left,contig,Ang,WRM,HTL,0,0.5,1,401,79,391,88,SDM-Ang-HSsrc,arc labels,,0.554249547920434,0.22033898305084745,0.8227848101265823
Left,contig,Ang,WRM,HTL,0,0.5,1,401,79,391,88,SDM-Ang-PCA,arc labels,64.0,0.5052087428256938,0.2012987012987013,0.3924050632911392
Left,contig,Ang,WRM,HTL,1,0.05,1,401,69,40,21,NoAdapt,nothing,,0.5373013794307666,0.18846153846153846,0.7101449275362319
Left,contig,Ang,WRM,HTL,1,0.05,1,401,69,40,21,TargetOnly,arc labels,,0.4589226471101799,0.14736842105263157,0.4057971014492754
Left,contig,Ang,WRM,HTL,1,0.05,1,401,69,40,21,Source+Target,arc labels,,0.5165880914964205,0.17845117845117844,0.7681159420289855
Left,contig,Ang,WRM,HTL,1,0.05,1,401,69,40,21,COT,arc labels,,0.49482713462545835,0.17054263565891473,0.9565217391304348
Left,contig,Ang,WRM,HTL,1,0.05,1,401,69,40,21,none-Ang-HS4,arc labels,,0.5306661428321984,0.22950819672131148,0.2028985507246377
Left,contig,Ang,WRM,HTL,1,0.05,1,401,69,40,21,none-Ang-HSsrc,nothing,,0.4828444211629125,0.15517241379310345,0.2608695652173913
Left,contig,Ang,WRM,HTL,1,0.05,1,401,69,40,21,none-Ang-PCA,arc segments,16.0,0.5189016937314476,0.20634920634920634,0.18840579710144928
Left,contig,Ang,WRM,HTL,1,0.05,1,401,69,40,21,QOTu-Ang-HS4,arc labels,,0.5612449799196787,0.24731182795698925,0.3333333333333333
Left,contig,Ang,WRM,HTL,1,0.05,1,401,69,40,21,QOTu-Ang-HSsrc,arc segments,,0.4927317967522263,0.16304347826086957,0.21739130434782608
Left,contig,Ang,WRM,HTL,1,0.05,1,401,69,40,21,QOTu-Ang-PCA,arc segments,16.0,0.5500480181595949,0.24096385542168675,0.2898550724637681
Left,contig,Ang,WRM,HTL,1,0.05,1,401,69,40,21,QOTc-Ang-HS4,arc labels,,0.5111533088877248,0.17857142857142858,0.5072463768115942
Left,contig,Ang,WRM,HTL,1,0.05,1,401,69,40,21,QOTc-Ang-HSsrc,arc labels,,0.4673258250392876,0.12162162162162163,0.13043478260869565
Left,contig,Ang,WRM,HTL,1,0.05,1,401,69,40,21,QOTc-Ang-PCA,arc labels,64.0,0.5020080321285141,0.17293233082706766,0.6666666666666666
Left,contig,Ang,WRM,HTL,1,0.05,1,401,69,40,21,SDM-Ang-HS4,arc labels,,0.55463156975729,0.20297029702970298,0.5942028985507246
Left,contig,Ang,WRM,HTL,1,0.05,1,401,69,40,21,SDM-Ang-HSsrc,arc labels,,0.5634712764099878,0.20346320346320346,0.6811594202898551
Left,contig,Ang,WRM,HTL,1,0.05,1,401,69,40,21,SDM-Ang-PCA,arc labels,64.0,0.519796577614807,0.18076923076923077,0.6811594202898551
Left,contig,Ang,WRM,HTL,1,0.1,1,401,69,80,34,NoAdapt,nothing,,0.5373013794307666,0.18846153846153846,0.7101449275362319
Left,contig,Ang,WRM,HTL,1,0.1,1,401,69,80,34,TargetOnly,arc labels,,0.42325825039287585,0.12138728323699421,0.30434782608695654
Left,contig,Ang,WRM,HTL,1,0.1,1,401,69,80,34,Source+Target,arc labels,,0.5135760433036494,0.17725752508361203,0.7681159420289855
Left,contig,Ang,WRM,HTL,1,0.1,1,401,69,80,34,COT,arc labels,,0.4676313951458006,0.1622340425531915,0.8840579710144928
Left,contig,Ang,WRM,HTL,1,0.1,1,401,69,80,34,none-Ang-HS4,arc labels,,0.5312336301728653,0.24489795918367346,0.17391304347826086
Left,contig,Ang,WRM,HTL,1,0.1,1,401,69,80,34,none-Ang-HSsrc,nothing,,0.4828444211629125,0.15517241379310345,0.2608695652173913
Left,contig,Ang,WRM,HTL,1,0.1,1,401,69,80,34,none-Ang-PCA,arc segments,16.0,0.5171119259647285,0.2,0.2028985507246377
Left,contig,Ang,WRM,HTL,1,0.1,1,401,69,80,34,QOTu-Ang-HS4,arc labels,,0.608957569408067,0.29411764705882354,0.43478260869565216
Left,contig,Ang,WRM,HTL,1,0.1,1,401,69,80,34,QOTu-Ang-HSsrc,arc segments,,0.5469268377859263,0.2080536912751678,0.4492753623188406
Left,contig,Ang,WRM,HTL,1,0.1,1,401,69,80,34,QOTu-Ang-PCA,arc segments,16.0,0.5575781386415226,0.2564102564102564,0.2898550724637681
Left,contig,Ang,WRM,HTL,1,0.1,1,401,69,80,34,QOTc-Ang-HS4,arc labels,,0.4202462022001048,0.12,0.30434782608695654
Left,contig,Ang,WRM,HTL,1,0.1,1,401,69,80,34,QOTc-Ang-HSsrc,arc labels,,0.5645189453466037,0.21348314606741572,0.5507246376811594
Left,contig,Ang,WRM,HTL,1,0.1,1,401,69,80,34,QOTc-Ang-PCA,arc labels,64.0,0.4077178278330714,0.125,0.4057971014492754
Left,contig,Ang,WRM,HTL,1,0.1,1,401,69,80,34,SDM-Ang-HS4,arc labels,,0.4661471974855945,0.15845070422535212,0.6521739130434783
Left,contig,Ang,WRM,HTL,1,0.1,1,401,69,80,34,SDM-Ang-HSsrc,arc labels,,0.5193382224550376,0.18269230769230768,0.5507246376811594
Left,contig,Ang,WRM,HTL,1,0.1,1,401,69,80,34,SDM-Ang-PCA,arc labels,32.0,0.43735812816483327,0.14285714285714285,0.5072463768115942
Left,contig,Ang,WRM,HTL,1,0.2,1,401,69,161,55,NoAdapt,nothing,,0.5373013794307666,0.18846153846153846,0.7101449275362319
Left,contig,Ang,WRM,HTL,1,0.2,1,401,69,161,55,TargetOnly,arc labels,,0.6134538152610441,0.23958333333333334,0.6666666666666666
Left,contig,Ang,WRM,HTL,1,0.2,1,401,69,161,55,Source+Target,arc labels,,0.48882486467609565,0.16778523489932887,0.7246376811594203
Left,contig,Ang,WRM,HTL,1,0.2,1,401,69,161,55,COT,arc labels,,0.5398550724637681,0.1941747572815534,0.5797101449275363
Left,contig,Ang,WRM,HTL,1,0.2,1,401,69,161,55,none-Ang-HS4,arc labels,,0.48821372446306965,0.15789473684210525,0.21739130434782608
Left,contig,Ang,WRM,HTL,1,0.2,1,401,69,161,55,none-Ang-HSsrc,nothing,,0.4828444211629125,0.15517241379310345,0.2608695652173913
Left,contig,Ang,WRM,HTL,1,0.2,1,401,69,161,55,none-Ang-PCA,arc segments,64.0,0.5189016937314476,0.20634920634920634,0.18840579710144928
Left,contig,Ang,WRM,HTL,1,0.2,1,401,69,161,55,QOTu-Ang-HS4,arc labels,,0.5224594028287062,0.19014084507042253,0.391304347826087
Left,contig,Ang,WRM,HTL,1,0.2,1,401,69,161,55,QOTu-Ang-HSsrc,arc segments,,0.5429762528374367,0.20714285714285716,0.42028985507246375
Left,contig,Ang,WRM,HTL,1,0.2,1,401,69,161,55,QOTu-Ang-PCA,arc segments,16.0,0.5497642744892615,0.23595505617977527,0.30434782608695654
Left,contig,Ang,WRM,HTL,1,0.2,1,401,69,161,55,QOTc-Ang-HS4,arc labels,,0.5148201501658809,0.18009478672985782,0.5507246376811594
Left,contig,Ang,WRM,HTL,1,0.2,1,401,69,161,55,QOTc-Ang-HSsrc,arc labels,,0.5600008730574472,0.20994475138121546,0.5507246376811594
Left,contig,Ang,WRM,HTL,1,0.2,1,401,69,161,55,QOTc-Ang-PCA,arc labels,64.0,0.5210406844770386,0.18604651162790697,0.463768115942029
Left,contig,Ang,WRM,HTL,1,0.2,1,401,69,161,55,SDM-Ang-HS4,arc labels,,0.5780731622140737,0.22485207100591717,0.5507246376811594
Left,contig,Ang,WRM,HTL,1,0.2,1,401,69,161,55,SDM-Ang-HSsrc,arc labels,,0.5276977475117862,0.18345323741007194,0.7391304347826086
Left,contig,Ang,WRM,HTL,1,0.2,1,401,69,161,55,SDM-Ang-PCA,arc labels,64.0,0.5123755893137769,0.1791044776119403,0.5217391304347826
Left,contig,Ang,WRM,HTL,1,0.3,1,401,69,241,73,NoAdapt,nothing,,0.5373013794307666,0.18846153846153846,0.7101449275362319
Left,contig,Ang,WRM,HTL,1,0.3,1,401,69,241,73,TargetOnly,arc labels,,0.5606556661428321,0.20707070707070707,0.5942028985507246
Left,contig,Ang,WRM,HTL,1,0.3,1,401,69,241,73,Source+Target,arc labels,,0.518094115592806,0.17905405405405406,0.7681159420289855
Left,contig,Ang,WRM,HTL,1,0.3,1,401,69,241,73,COT,arc labels,,0.5151038938362145,0.18048780487804877,0.5362318840579711
Left,contig,Ang,WRM,HTL,1,0.3,1,401,69,241,73,none-Ang-HS4,arc labels,,0.5090143181421337,0.1839080459770115,0.2318840579710145
Left,contig,Ang,WRM,HTL,1,0.3,1,401,69,241,73,none-Ang-HSsrc,nothing,,0.4828444211629125,0.15517241379310345,0.2608695652173913
Left,contig,Ang,WRM,HTL,1,0.3,1,401,69,241,73,none-Ang-PCA,arc segments,16.0,0.5645407717827833,0.25882352941176473,0.3188405797101449
Left,contig,Ang,WRM,HTL,1,0.3,1,401,69,241,73,QOTu-Ang-HS4,arc labels,,0.5205823293172691,0.19166666666666668,0.3333333333333333
Left,contig,Ang,WRM,HTL,1,0.3,1,401,69,241,73,QOTu-Ang-HSsrc,arc segments,,0.5402479483149991,0.20588235294117646,0.4057971014492754
Left,contig,Ang,WRM,HTL,1,0.3,1,401,69,241,73,QOTu-Ang-PCA,arc segments,16.0,0.5367775449624586,0.22093023255813954,0.2753623188405797
Left,contig,Ang,WRM,HTL,1,0.3,1,401,69,241,73,QOTc-Ang-HS4,arc labels,,0.5320412083115069,0.1889400921658986,0.5942028985507246
Left,contig,Ang,WRM,HTL,1,0.3,1,401,69,241,73,QOTc-Ang-HSsrc,arc labels,,0.47926488562947445,0.15384615384615385,0.2898550724637681
Left,contig,Ang,WRM,HTL,1,0.3,1,401,69,241,73,QOTc-Ang-PCA,arc labels,64.0,0.519447354635935,0.1875,0.391304347826087
Left,contig,Ang,WRM,HTL,1,0.3,1,401,69,241,73,SDM-Ang-HS4,arc labels,,0.4767111925964728,0.15760869565217392,0.42028985507246375
Left,contig,Ang,WRM,HTL,1,0.3,1,401,69,241,73,SDM-Ang-HSsrc,arc labels,,0.5539549502357255,0.19424460431654678,0.782608695652174
Left,contig,Ang,WRM,HTL,1,0.3,1,401,69,241,73,SDM-Ang-PCA,arc labels,64.0,0.47736598568185784,0.15920398009950248,0.463768115942029
Left,contig,Ang,WRM,HTL,1,0.5,1,401,69,380,94,NoAdapt,nothing,,0.5373013794307666,0.18846153846153846,0.7101449275362319
Left,contig,Ang,WRM,HTL,1,0.5,1,401,69,380,94,TargetOnly,arc labels,,0.5473851929456959,0.19900497512437812,0.5797101449275363
Left,contig,Ang,WRM,HTL,1,0.5,1,401,69,380,94,Source+Target,arc labels,,0.5228959315522962,0.18118466898954705,0.7536231884057971
Left,contig,Ang,WRM,HTL,1,0.5,1,401,69,380,94,COT,arc labels,,0.5468177056050288,0.19718309859154928,0.6086956521739131
Left,contig,Ang,WRM,HTL,1,0.5,1,401,69,380,94,none-Ang-HS4,arc labels,,0.5075082940457482,0.18181818181818182,0.2318840579710145
Left,contig,Ang,WRM,HTL,1,0.5,1,401,69,380,94,none-Ang-HSsrc,nothing,,0.4828444211629125,0.15517241379310345,0.2608695652173913
Left,contig,Ang,WRM,HTL,1,0.5,1,401,69,380,94,none-Ang-PCA,arc segments,64.0,0.5047799895233106,0.17857142857142858,0.21739130434782608
Left,contig,Ang,WRM,HTL,1,0.5,1,401,69,380,94,QOTu-Ang-HS4,arc labels,,0.5266064257028112,0.19827586206896552,0.3333333333333333
Left,contig,Ang,WRM,HTL,1,0.5,1,401,69,380,94,QOTu-Ang-HSsrc,arc segments,,0.49676968744543387,0.16923076923076924,0.3188405797101449
Left,contig,Ang,WRM,HTL,1,0.5,1,401,69,380,94,QOTu-Ang-PCA,arc segments,16.0,0.5784660380653047,0.26262626262626265,0.37681159420289856
Left,contig,Ang,WRM,HTL,1,0.5,1,401,69,380,94,QOTc-Ang-HS4,arc labels,,0.5368430242709971,0.19230769230769232,0.5797101449275363
Left,contig,Ang,WRM,HTL,1,0.5,1,401,69,380,94,QOTc-Ang-HSsrc,arc labels,,0.5467303998603108,0.20108695652173914,0.5362318840579711
Left,contig,Ang,WRM,HTL,1,0.5,1,401,69,380,94,QOTc-Ang-PCA,arc labels,64.0,0.4565653920027938,0.14832535885167464,0.4492753623188406
Left,contig,Ang,WRM,HTL,1,0.5,1,401,69,380,94,SDM-Ang-HS4,arc labels,,0.5518159594901344,0.20710059171597633,0.5072463768115942
Left,contig,Ang,WRM,HTL,1,0.5,1,401,69,380,94,SDM-Ang-HSsrc,arc labels,,0.535882661079099,0.18620689655172415,0.782608695652174
Left,contig,Ang,WRM,HTL,1,0.5,1,401,69,380,94,SDM-Ang-PCA,arc labels,64.0,0.4752924742448053,0.1588785046728972,0.4927536231884058
Left,contig,Ang,WRM,HTL,2,0.05,1,401,68,40,20,NoAdapt,nothing,,0.5269607843137255,0.18081180811808117,0.7205882352941176
Left,contig,Ang,WRM,HTL,2,0.05,1,401,68,40,20,TargetOnly,arc labels,,0.45544073485249953,0.14207650273224043,0.38235294117647056
Left,contig,Ang,WRM,HTL,2,0.05,1,401,68,40,20,Source+Target,arc labels,,0.5023184949655538,0.17041800643086816,0.7794117647058824
Left,contig,Ang,WRM,HTL,2,0.05,1,401,68,40,20,COT,arc labels,,0.5,0.16957605985037408,1.0
Left,contig,Ang,WRM,HTL,2,0.05,1,401,68,40,20,none-Ang-HS4,arc labels,,0.5024509803921569,0.17164179104477612,0.3382352941176471
Left,contig,Ang,WRM,HTL,2,0.05,1,401,68,40,20,none-Ang-HSsrc,nothing,,0.47273008302420066,0.14788732394366197,0.3088235294117647
Left,contig,Ang,WRM,HTL,2,0.05,1,401,68,40,20,none-Ang-PCA,arc segments,16.0,0.5187025260554672,0.19736842105263158,0.22058823529411764
Left,contig,Ang,WRM,HTL,2,0.05,1,401,68,40,20,QOTu-Ang-HS4,arc labels,,0.548335099805688,0.1989247311827957,0.5441176470588235
Left,contig,Ang,WRM,HTL,2,0.05,1,401,68,40,20,QOTu-Ang-HSsrc,arc segments,,0.5337396219749161,0.18565400843881857,0.6470588235294118
Left,contig,Ang,WRM,HTL,2,0.05,1,401,68,40,20,QOTu-Ang-PCA,arc segments,32.0,0.5283960431019255,0.189873417721519,0.4411764705882353
Left,contig,Ang,WRM,HTL,2,0.05,1,401,68,40,20,QOTc-Ang-HS4,arc labels,,0.46180003532944713,0.12962962962962962,0.20588235294117646
Left,contig,Ang,WRM,HTL,2,0.05,1,401,68,40,20,QOTc-Ang-HSsrc,arc labels,,0.4789348171701113,0.136986301369863,0.14705882352941177
Left,contig,Ang,WRM,HTL,2,0.05,1,401,68,40,20,QOTc-Ang-PCA,arc labels,64.0,0.5529941706412295,0.2033898305084746,0.5294117647058824
Left,contig,Ang,WRM,HTL,2,0.05,1,401,68,40,20,SDM-Ang-HS4,arc labels,,0.5125419537184243,0.18604651162790697,0.23529411764705882
Left,contig,Ang,WRM,HTL,2,0.05,1,401,68,40,20,SDM-Ang-HSsrc,arc labels,,0.470963610669493,0.13541666666666666,0.19117647058823528
Left,contig,Ang,WRM,HTL,2,0.05,1,401,68,40,20,SDM-Ang-PCA,arc labels,32.0,0.5234278396043102,0.18435754189944134,0.4852941176470588
Left,contig,Ang,WRM,HTL,2,0.1,1,401,68,80,37,NoAdapt,nothing,,0.5269607843137255,0.18081180811808117,0.7205882352941176
Left,contig,Ang,WRM,HTL,2,0.1,1,401,68,80,37,TargetOnly,arc labels,,0.4534755343578873,0.14356435643564355,0.4264705882352941
Left,contig,Ang,WRM,HTL,2,0.1,1,401,68,80,37,Source+Target,arc labels,,0.5068229994700583,0.17207792207792208,0.7794117647058824
Left,contig,Ang,WRM,HTL,2,0.1,1,401,68,80,37,COT,arc labels,,0.5,0.16957605985037408,1.0
Left,contig,Ang,WRM,HTL,2,0.1,1,401,68,80,37,none-Ang-HS4,arc labels,,0.459525702172761,0.1366906474820144,0.27941176470588236
Left,contig,Ang,WRM,HTL,2,0.1,1,401,68,80,37,none-Ang-HSsrc,nothing,,0.47273008302420066,0.14788732394366197,0.3088235294117647
Left,contig,Ang,WRM,HTL,2,0.1,1,401,68,80,37,none-Ang-PCA,arc segments,16.0,0.5213963963963963,0.19767441860465115,0.25
Left,contig,Ang,WRM,HTL,2,0.1,1,401,68,80,37,QOTu-Ang-HS4,arc labels,,0.4821586292174527,0.15819209039548024,0.4117647058823529
Left,contig,Ang,WRM,HTL,2,0.1,1,401,68,80,37,QOTu-Ang-HSsrc,arc segments,,0.5204248366013072,0.18232044198895028,0.4852941176470588
Left,contig,Ang,WRM,HTL,2,0.1,1,401,68,80,37,QOTu-Ang-PCA,arc segments,32.0,0.5543852676205617,0.21951219512195122,0.39705882352941174
Left,contig,Ang,WRM,HTL,2,0.1,1,401,68,80,37,QOTc-Ang-HS4,arc labels,,0.4616013071895425,0.14450867052023122,0.36764705882352944
Left,contig,Ang,WRM,HTL,2,0.1,1,401,68,80,37,QOTc-Ang-HSsrc,arc labels,,0.46226373432255785,0.12222222222222222,0.16176470588235295
Left,contig,Ang,WRM,HTL,2,0.1,1,401,68,80,37,QOTc-Ang-PCA,arc labels,64.0,0.432918212329977,0.13131313131313133,0.38235294117647056
Left,contig,Ang,WRM,HTL,2,0.1,1,401,68,80,37,SDM-Ang-HS4,arc labels,,0.5198507330860271,0.18493150684931506,0.39705882352941174
Left,contig,Ang,WRM,HTL,2,0.1,1,401,68,80,37,SDM-Ang-HSsrc,arc labels,,0.45263645998940116,0.125,0.22058823529411764
Left,contig,Ang,WRM,HTL,2,0.1,1,401,68,80,37,SDM-Ang-PCA,arc labels,64.0,0.4774553965730436,0.15918367346938775,0.5735294117647058
Left,contig,Ang,WRM,HTL,2,0.2,1,401,68,161,56,NoAdapt,nothing,,0.5269607843137255,0.18081180811808117,0.7205882352941176
Left,contig,Ang,WRM,HTL,2,0.2,1,401,68,161,56,TargetOnly,arc labels,,0.47418742271683445,0.155,0.45588235294117646
Left,contig,Ang,WRM,HTL,2,0.2,1,401,68,161,56,Source+Target,arc labels,,0.5006624271330153,0.16981132075471697,0.7941176470588235
Left,contig,Ang,WRM,HTL,2,0.2,1,401,68,161,56,COT,arc labels,,0.47136106694930224,0.16076294277929154,0.8676470588235294
Left,contig,Ang,WRM,HTL,2,0.2,1,401,68,161,56,none-Ang-HS4,arc labels,,0.5367205440734852,0.234375,0.22058823529411764
Left,contig,Ang,WRM,HTL,2,0.2,1,401,68,161,56,none-Ang-HSsrc,nothing,,0.47273008302420066,0.14788732394366197,0.3088235294117647
Left,contig,Ang,WRM,HTL,2,0.2,1,401,68,161,56,none-Ang-PCA,arc segments,16.0,0.5270932697403286,0.20212765957446807,0.27941176470588236
Left,contig,Ang,WRM,HTL,2,0.2,1,401,68,161,56,QOTu-Ang-HS4,arc labels,,0.541335453100159,0.21052631578947367,0.35294117647058826
Left,contig,Ang,WRM,HTL,2,0.2,1,401,68,161,56,QOTu-Ang-HSsrc,arc segments,,0.5192324677618795,0.18235294117647058,0.45588235294117646
Left,contig,Ang,WRM,HTL,2,0.2,1,401,68,161,56,QOTu-Ang-PCA,arc segments,16.0,0.5305158099275746,0.19548872180451127,0.38235294117647056
Left,contig,Ang,WRM,HTL,2,0.2,1,401,68,161,56,QOTc-Ang-HS4,arc labels,,0.4297606429959371,0.13106796116504854,0.39705882352941174
Left,contig,Ang,WRM,HTL,2,0.2,1,401,68,161,56,QOTc-Ang-HSsrc,arc labels,,0.44890478714008125,0.10752688172043011,0.14705882352941177
Left,contig,Ang,WRM,HTL,2,0.2,1,401,68,161,56,QOTc-Ang-PCA,arc labels,64.0,0.46968291821233,0.15270935960591134,0.45588235294117646
Left,contig,Ang,WRM,HTL,2,0.2,1,401,68,161,56,SDM-Ang-HS4,arc labels,,0.4451951951951952,0.14345991561181434,0.5
Left,contig,Ang,WRM,HTL,2,0.2,1,401,68,161,56,SDM-Ang-HSsrc,arc labels,,0.46133633633633636,0.1349206349206349,0.25
Left,contig,Ang,WRM,HTL,2,0.2,1,401,68,161,56,SDM-Ang-PCA,arc labels,64.0,0.5519563681328388,0.20625,0.4852941176470588
Left,contig,Ang,WRM,HTL,2,0.3,1,401,68,241,62,NoAdapt,nothing,,0.5269607843137255,0.18081180811808117,0.7205882352941176
Left,contig,Ang,WRM,HTL,2,0.3,1,401,68,241,62,TargetOnly,arc labels,,0.46787228404875464,0.1527777777777778,0.4852941176470588
Left,contig,Ang,WRM,HTL,2,0.3,1,401,68,241,62,Source+Target,arc labels,,0.48626567744214805,0.16447368421052633,0.7352941176470589
Left,contig,Ang,WRM,HTL,2,0.3,1,401,68,241,62,COT,arc labels,,0.49697491609256317,0.16810344827586207,0.5735294117647058
Left,contig,Ang,WRM,HTL,2,0.3,1,401,68,241,62,none-Ang-HS4,arc labels,,0.5478051580992758,0.22826086956521738,0.3088235294117647
Left,contig,Ang,WRM,HTL,2,0.3,1,401,68,241,62,none-Ang-HSsrc,nothing,,0.47273008302420066,0.14788732394366197,0.3088235294117647
Left,contig,Ang,WRM,HTL,2,0.3,1,401,68,241,62,none-Ang-PCA,arc segments,16.0,0.5461490902667373,0.2222222222222222,0.3235294117647059
Left,contig,Ang,WRM,HTL,2,0.3,1,401,68,241,62,QOTu-Ang-HS4,arc labels,,0.5333642465995407,0.19708029197080293,0.39705882352941174
Left,contig,Ang,WRM,HTL,2,0.3,1,401,68,241,62,QOTu-Ang-HSsrc,arc segments,,0.5061826532414768,0.17391304347826086,0.4117647058823529
Left,contig,Ang,WRM,HTL,2,0.3,1,401,68,241,62,QOTu-Ang-PCA,arc segments,16.0,0.5098039215686274,0.17777777777777778,0.35294117647058826
Left,contig,Ang,WRM,HTL,2,0.3,1,401,68,241,62,QOTc-Ang-HS4,arc labels,,0.4393437555202261,0.14042553191489363,0.4852941176470588
Left,contig,Ang,WRM,HTL,2,0.3,1,401,68,241,62,QOTc-Ang-HSsrc,arc labels,,0.5229641406111994,0.18274111675126903,0.5294117647058824
Left,contig,Ang,WRM,HTL,2,0.3,1,401,68,241,62,QOTc-Ang-PCA,arc labels,64.0,0.45482246952835187,0.14492753623188406,0.4411764705882353
Left,contig,Ang,WRM,HTL,2,0.3,1,401,68,241,62,SDM-Ang-HS4,arc labels,,0.4581346051934287,0.14507772020725387,0.4117647058823529
Left,contig,Ang,WRM,HTL,2,0.3,1,401,68,241,62,SDM-Ang-HSsrc,arc labels,,0.5281531531531531,0.18085106382978725,0.75
Left,contig,Ang,WRM,HTL,2,0.3,1,401,68,241,62,SDM-Ang-PCA,arc labels,64.0,0.520888535594418,0.18404907975460122,0.4411764705882353
Left,contig,Ang,WRM,HTL,2,0.5,1,401,68,380,99,NoAdapt,nothing,,0.5269607843137255,0.18081180811808117,0.7205882352941176
Left,contig,Ang,WRM,HTL,2,0.5,1,401,68,380,99,TargetOnly,arc labels,,0.5283518812930578,0.18433179723502305,0.5882352941176471
Left,contig,Ang,WRM,HTL,2,0.5,1,401,68,380,99,Source+Target,arc labels,,0.5099805688040981,0.17333333333333334,0.7647058823529411
Left,contig,Ang,WRM,HTL,2,0.5,1,401,68,380,99,COT,arc labels,,0.4974386150856739,0.16822429906542055,0.5294117647058824
Left,contig,Ang,WRM,HTL,2,0.5,1,401,68,380,99,none-Ang-HS4,arc labels,,0.4644939056703763,0.13559322033898305,0.23529411764705882
Left,contig,Ang,WRM,HTL,2,0.5,1,401,68,380,99,none-Ang-HSsrc,nothing,,0.47273008302420066,0.14788732394366197,0.3088235294117647
Left,contig,Ang,WRM,HTL,2,0.5,1,401,68,380,99,none-Ang-PCA,arc segments,16.0,0.5667064122946476,0.24271844660194175,0.36764705882352944
Left,contig,Ang,WRM,HTL,2,0.5,1,401,68,380,99,QOTu-Ang-HS4,arc labels,,0.5193870340929164,0.18292682926829268,0.4411764705882353
Left,contig,Ang,WRM,HTL,2,0.5,1,401,68,380,99,QOTu-Ang-HSsrc,arc segments,,0.4989842783960431,0.16883116883116883,0.38235294117647056
Left,contig,Ang,WRM,HTL,2,0.5,1,401,68,380,99,QOTu-Ang-PCA,arc segments,32.0,0.5026055467231938,0.171875,0.3235294117647059
Left,contig,Ang,WRM,HTL,2,0.5,1,401,68,380,99,QOTc-Ang-HS4,arc labels,,0.5245760466348701,0.18072289156626506,0.6617647058823529
Left,contig,Ang,WRM,HTL,2,0.5,1,401,68,380,99,QOTc-Ang-HSsrc,arc labels,,0.46698904787140083,0.15025906735751296,0.4264705882352941
Left,contig,Ang,WRM,HTL,2,0.5,1,401,68,380,99,QOTc-Ang-PCA,arc labels,64.0,0.45782547253135486,0.14634146341463414,0.4411764705882353
Left,contig,Ang,WRM,HTL,2,0.5,1,401,68,380,99,SDM-Ang-HS4,arc labels,,0.49489931107578167,0.16666666666666666,0.4852941176470588
Left,contig,Ang,WRM,HTL,2,0.5,1,401,68,380,99,SDM-Ang-HSsrc,arc labels,,0.5640346228581523,0.19696969696969696,0.7647058823529411
Left,contig,Ang,WRM,HTL,2,0.5,1,401,68,380,99,SDM-Ang-PCA,arc labels,32.0,0.5268945416004239,0.18867924528301888,0.4411764705882353
Left,contig,Ang,WRM,HTL,3,0.05,1,401,79,40,4,NoAdapt,nothing,,0.5491194276279582,0.21942446043165467,0.7721518987341772
Left,contig,Ang,WRM,HTL,3,0.05,1,401,79,40,4,TargetOnly,arc labels,,0.5111643997169588,0.20388349514563106,0.5316455696202531
Left,contig,Ang,WRM,HTL,3,0.05,1,401,79,40,4,Source+Target,arc labels,,0.5712123594622218,0.22939068100358423,0.810126582278481
Left,contig,Ang,WRM,HTL,3,0.05,1,401,79,40,4,COT,arc labels,,0.5045797625599496,0.19923371647509577,0.6582278481012658
Left,contig,Ang,WRM,HTL,3,0.05,1,401,79,40,4,none-Ang-HS4,arc labels,,0.4266451765075871,0.10204081632653061,0.12658227848101267
Left,contig,Ang,WRM,HTL,3,0.05,1,401,79,40,4,none-Ang-HSsrc,nothing,,0.4513523075713499,0.15384615384615385,0.27848101265822783
Left,contig,Ang,WRM,HTL,3,0.05,1,401,79,40,4,none-Ang-PCA,arc segments,16.0,0.49078150798018716,0.18181818181818182,0.17721518987341772
Left,contig,Ang,WRM,HTL,3,0.05,1,401,79,40,4,QOTu-Ang-HS4,arc labels,,0.44264486201745423,0.12962962962962962,0.17721518987341772
Left,contig,Ang,WRM,HTL,3,0.05,1,401,79,40,4,QOTu-Ang-HSsrc,arc segments,,0.4819168173598553,0.1834319526627219,0.3924050632911392
Left,contig,Ang,WRM,HTL,3,0.05,1,401,79,40,4,QOTu-Ang-PCA,arc segments,32.0,0.5064077364572687,0.2028985507246377,0.35443037974683544
Left,contig,Ang,WRM,HTL,3,0.05,1,401,79,40,4,QOTc-Ang-HS4,arc labels,,0.5532274549885998,0.2542372881355932,0.379746835443038
Left,contig,Ang,WRM,HTL,3,0.05,1,401,79,40,4,QOTc-Ang-HSsrc,arc labels,,0.47155829860838117,0.140625,0.11392405063291139
Left,contig,Ang,WRM,HTL,3,0.05,1,401,79,40,4,QOTc-Ang-PCA,arc labels,64.0,0.5213263621353881,0.21301775147928995,0.45569620253164556
Left,contig,Ang,WRM,HTL,3,0.05,1,401,79,40,4,SDM-Ang-HS4,arc labels,,0.5027321330293262,0.20408163265306123,0.12658227848101267
Left,contig,Ang,WRM,HTL,3,0.05,1,401,79,40,4,SDM-Ang-HSsrc,arc labels,,0.4394213381555154,0.12380952380952381,0.16455696202531644
Left,contig,Ang,WRM,HTL,3,0.05,1,401,79,40,4,SDM-Ang-PCA,arc labels,32.0,0.5711337369290038,0.2605633802816901,0.46835443037974683
Left,contig,Ang,WRM,HTL,3,0.1,1,401,79,80,16,NoAdapt,nothing,,0.5491194276279582,0.21942446043165467,0.7721518987341772
Left,contig,Ang,WRM,HTL,3,0.1,1,401,79,80,16,TargetOnly,arc labels,,0.49086013051340516,0.19158878504672897,0.5189873417721519
Left,contig,Ang,WRM,HTL,3,0.1,1,401,79,80,16,Source+Target,arc labels,,0.5401564588411039,0.2140468227424749,0.810126582278481
Left,contig,Ang,WRM,HTL,3,0.1,1,401,79,80,16,COT,arc labels,,0.5133068637471498,0.20434782608695654,0.5949367088607594
Left,contig,Ang,WRM,HTL,3,0.1,1,401,79,80,16,none-Ang-HS4,arc labels,,0.4235395864454753,0.1,0.12658227848101267
Left,contig,Ang,WRM,HTL,3,0.1,1,401,79,80,16,none-Ang-HSsrc,nothing,,0.4513523075713499,0.15384615384615385,0.27848101265822783
Left,contig,Ang,WRM,HTL,3,0.1,1,401,79,80,16,none-Ang-PCA,arc segments,16.0,0.4916070445789763,0.1875,0.26582278481012656
Left,contig,Ang,WRM,HTL,3,0.1,1,401,79,80,16,QOTu-Ang-HS4,arc labels,,0.49099771994653674,0.1895424836601307,0.3670886075949367
Left,contig,Ang,WRM,HTL,3,0.1,1,401,79,80,16,QOTu-Ang-HSsrc,arc segments,,0.47069345074298297,0.17391304347826086,0.35443037974683544
Left,contig,Ang,WRM,HTL,3,0.1,1,401,79,80,16,QOTu-Ang-PCA,arc segments,16.0,0.465327462850853,0.16417910447761194,0.27848101265822783
Left,contig,Ang,WRM,HTL,3,0.1,1,401,79,80,16,QOTc-Ang-HS4,arc labels,,0.4819168173598553,0.1834319526627219,0.3924050632911392
Left,contig,Ang,WRM,HTL,3,0.1,1,401,79,80,16,QOTc-Ang-HSsrc,arc labels,,0.4313035616007548,0.10526315789473684,0.12658227848101267
Left,contig,Ang,WRM,HTL,3,0.1,1,401,79,80,16,QOTc-Ang-PCA,arc labels,32.0,0.5178669706737951,0.21153846153846154,0.4177215189873418
Left,contig,Ang,WRM,HTL,3,0.1,1,401,79,80,16,SDM-Ang-HS4,arc labels,,0.46424640301910525,0.16774193548387098,0.3291139240506329
Left,contig,Ang,WRM,HTL,3,0.1,1,401,79,80,16,SDM-Ang-HSsrc,arc labels,,0.43666954949288467,0.13114754098360656,0.20253164556962025
Left,contig,Ang,WRM,HTL,3,0.1,1,401,79,80,16,SDM-Ang-PCA,arc labels,32.0,0.5336307885840081,0.22435897435897437,0.4430379746835443
Left,contig,Ang,WRM,HTL,3,0.2,1,401,79,161,35,NoAdapt,nothing,,0.5491194276279582,0.21942446043165467,0.7721518987341772
Left,contig,Ang,WRM,HTL,3,0.2,1,401,79,161,35,TargetOnly,arc labels,,0.5172576460413554,0.20812182741116753,0.5189873417721519
Left,contig,Ang,WRM,HTL,3,0.2,1,401,79,161,35,Source+Target,arc labels,,0.5510260240584952,0.2191780821917808,0.810126582278481
Left,contig,Ang,WRM,HTL,3,0.2,1,401,79,161,35,COT,arc labels,,0.511636134916267,0.20353982300884957,0.5822784810126582
Left,contig,Ang,WRM,HTL,3,0.2,1,401,79,161,35,none-Ang-HS4,arc labels,,0.4357064234609639,0.14189189189189189,0.26582278481012656
Left,contig,Ang,WRM,HTL,3,0.2,1,401,79,161,35,none-Ang-HSsrc,nothing,,0.4513523075713499,0.15384615384615385,0.27848101265822783
Left,contig,Ang,WRM,HTL,3,0.2,1,401,79,161,35,none-Ang-PCA,arc segments,16.0,0.5035380139948109,0.2,0.379746835443038
Left,contig,Ang,WRM,HTL,3,0.2,1,401,79,161,35,QOTu-Ang-HS4,arc labels,,0.49337605157638176,0.1925133689839572,0.45569620253164556
Left,contig,Ang,WRM,HTL,3,0.2,1,401,79,161,35,QOTu-Ang-HSsrc,arc segments,,0.49290431637707366,0.19161676646706588,0.4050632911392405
Left,contig,Ang,WRM,HTL,3,0.2,1,401,79,161,35,QOTu-Ang-PCA,arc segments,16.0,0.499960688733391,0.19696969696969696,0.3291139240506329
Left,contig,Ang,WRM,HTL,3,0.2,1,401,79,161,35,QOTc-Ang-HS4,arc labels,,0.5294441386901486,0.21787709497206703,0.4936708860759494
Left,contig,Ang,WRM,HTL,3,0.2,1,401,79,161,35,QOTc-Ang-HSsrc,arc labels,,0.43321015803129176,0.11926605504587157,0.16455696202531644
Left,contig,Ang,WRM,HTL,3,0.2,1,401,79,161,35,QOTc-Ang-PCA,arc labels,32.0,0.4350774431952197,0.16470588235294117,0.5316455696202531
Left,contig,Ang,WRM,HTL,3,0.2,1,401,79,161,35,SDM-Ang-HS4,arc labels,,0.4819168173598553,0.1834319526627219,0.3924050632911392
Left,contig,Ang,WRM,HTL,3,0.2,1,401,79,161,35,SDM-Ang-HSsrc,arc labels,,0.43189323059988993,0.125,0.189873417721519
Left,contig,Ang,WRM,HTL,3,0.2,1,401,79,161,35,SDM-Ang-PCA,arc labels,64.0,0.5337487223838352,0.2236024844720497,0.45569620253164556
Left,contig,Ang,WRM,HTL,3,0.3,1,401,79,241,50,NoAdapt,nothing,,0.5491194276279582,0.21942446043165467,0.7721518987341772
Left,contig,Ang,WRM,HTL,3,0.3,1,401,79,241,50,TargetOnly,arc labels,,0.5020834971302776,0.1981981981981982,0.5569620253164557
Left,contig,Ang,WRM,HTL,3,0.3,1,401,79,241,50,Source+Target,arc labels,,0.5525788190895511,0.21993127147766323,0.810126582278481
Left,contig,Ang,WRM,HTL,3,0.3,1,401,79,241,50,COT,arc labels,,0.5373063920119506,0.2163265306122449,0.6708860759493671
Left,contig,Ang,WRM,HTL,3,0.3,1,401,79,241,50,none-Ang-HS4,arc labels,,0.43356395943077286,0.12903225806451613,0.20253164556962025
Left,contig,Ang,WRM,HTL,3,0.3,1,401,79,241,50,none-Ang-HSsrc,nothing,,0.4513523075713499,0.15384615384615385,0.27848101265822783
Left,contig,Ang,WRM,HTL,3,0.3,1,401,79,241,50,none-Ang-PCA,arc segments,16.0,0.49530230364022326,0.1925925925925926,0.3291139240506329
Left,contig,Ang,WRM,HTL,3,0.3,1,401,79,241,50,QOTu-Ang-HS4,arc labels,,0.5229970909662709,0.2138728323699422,0.46835443037974683
Left,contig,Ang,WRM,HTL,3,0.3,1,401,79,241,50,QOTu-Ang-HSsrc,arc segments,,0.4580352228948817,0.16352201257861634,0.3291139240506329
Left,contig,Ang,WRM,HTL,3,0.3,1,401,79,241,50,QOTu-Ang-PCA,arc segments,32.0,0.5052087428256938,0.2012987012987013,0.3924050632911392
Left,contig,Ang,WRM,HTL,3,0.3,1,401,79,241,50,QOTc-Ang-HS4,arc labels,,0.5158031291768221,0.20446096654275092,0.6962025316455697
Left,contig,Ang,WRM,HTL,3,0.3,1,401,79,241,50,QOTc-Ang-HSsrc,arc labels,,0.45862489189401684,0.16847826086956522,0.3924050632911392
Left,contig,Ang,WRM,HTL,3,0.3,1,401,79,241,50,QOTc-Ang-PCA,arc labels,64.0,0.5067418822234452,0.2009132420091324,0.5569620253164557
Left,contig,Ang,WRM,HTL,3,0.3,1,401,79,241,50,SDM-Ang-HS4,arc labels,,0.4973071782372828,0.19545454545454546,0.5443037974683544
Left,contig,Ang,WRM,HTL,3,0.3,1,401,79,241,50,SDM-Ang-HSsrc,arc labels,,0.5116557905495716,0.20625,0.4177215189873418
Left,contig,Ang,WRM,HTL,3,0.3,1,401,79,241,50,SDM-Ang-PCA,arc labels,64.0,0.523350892365752,0.2127659574468085,0.5063291139240507
Left,contig,Ang,WRM,HTL,3,0.5,1,401,79,380,86,NoAdapt,nothing,,0.5491194276279582,0.21942446043165467,0.7721518987341772
Left,contig,Ang,WRM,HTL,3,0.5,1,401,79,380,86,TargetOnly,arc labels,,0.5651387687711298,0.23423423423423423,0.6582278481012658
Left,contig,Ang,WRM,HTL,3,0.5,1,401,79,380,86,Source+Target,arc labels,,0.5526967528893781,0.2195945945945946,0.8227848101265823
Left,contig,Ang,WRM,HTL,3,0.5,1,401,79,380,86,COT,arc labels,,0.5385053856435255,0.2183406113537118,0.6329113924050633
Left,contig,Ang,WRM,HTL,3,0.5,1,401,79,380,86,none-Ang-HS4,arc labels,,0.45064470477238777,0.1415929203539823,0.20253164556962025
Left,contig,Ang,WRM,HTL,3,0.5,1,401,79,380,86,none-Ang-HSsrc,nothing,,0.4513523075713499,0.15384615384615385,0.27848101265822783
Left,contig,Ang,WRM,HTL,3,0.5,1,401,79,380,86,none-Ang-PCA,arc segments,16.0,0.48419687082317797,0.18181818181818182,0.3037974683544304
Left,contig,Ang,WRM,HTL,3,0.5,1,401,79,380,86,QOTu-Ang-HS4,arc labels,,0.5103388631181697,0.2046783625730994,0.4430379746835443
Left,contig,Ang,WRM,HTL,3,0.5,1,401,79,380,86,QOTu-Ang-HSsrc,arc segments,,0.45003538013994815,0.15584415584415584,0.3037974683544304
Left,contig,Ang,WRM,HTL,3,0.5,1,401,79,380,86,QOTu-Ang-PCA,arc segments,16.0,0.47511596823649654,0.17567567567567569,0.3291139240506329
Left,contig,Ang,WRM,HTL,3,0.5,1,401,79,380,86,QOTc-Ang-HS4,arc labels,,0.5454241685667112,0.2196078431372549,0.7088607594936709
Left,contig,Ang,WRM,HTL,3,0.5,1,401,79,380,86,QOTc-Ang-HSsrc,arc labels,,0.43438949602956206,0.14465408805031446,0.2911392405063291
Left,contig,Ang,WRM,HTL,3,0.5,1,401,79,380,86,QOTc-Ang-PCA,arc labels,64.0,0.46949445711140814,0.1751412429378531,0.3924050632911392
Left,contig,Ang,WRM,HTL,3,0.5,1,401,79,380,86,SDM-Ang-HS4,arc labels,,0.5529522761223367,0.225,0.6835443037974683
Left,contig,Ang,WRM,HTL,3,0.5,1,401,79,380,86,SDM-Ang-HSsrc,arc labels,,0.3978496737164871,0.10884353741496598,0.20253164556962025
Left,contig,Ang,WRM,HTL,3,0.5,1,401,79,380,86,SDM-Ang-PCA,arc labels,64.0,0.4805998899284535,0.18333333333333332,0.4177215189873418
Left,contig,Ang,WRM,HTL,4,0.05,0,401,76,40,0,NoAdapt,nothing,,0.5771255060728745,0.22382671480144403,0.8157894736842105
Left,contig,Ang,WRM,HTL,4,0.05,0,401,76,40,0,TargetOnly,arc labels,,,,
Left,contig,Ang,WRM,HTL,4,0.05,0,401,76,40,0,Source+Target,arc labels,,,,
Left,contig,Ang,WRM,HTL,4,0.05,0,401,76,40,0,COT,arc labels,,,,
Left,contig,Ang,WRM,HTL,4,0.05,0,401,76,40,0,none-Ang-HS4,arc labels,,,,
Left,contig,Ang,WRM,HTL,4,0.05,0,401,76,40,0,none-Ang-HSsrc,nothing,,0.44346153846153846,0.1386861313868613,0.25
Left,contig,Ang,WRM,HTL,4,0.05,0,401,76,40,0,none-Ang-PCA,arc segments,16.0,0.5031983805668017,0.19298245614035087,0.2894736842105263
Left,contig,Ang,WRM,HTL,4,0.05,0,401,76,40,0,QOTu-Ang-HS4,arc labels,,,,
Left,contig,Ang,WRM,HTL,4,0.05,0,401,76,40,0,QOTu-Ang-HSsrc,arc segments,,0.4462753036437247,0.1456953642384106,0.2894736842105263
Left,contig,Ang,WRM,HTL,4,0.05,0,401,76,40,0,QOTu-Ang-PCA,arc segments,32.0,0.4644736842105263,0.16129032258064516,0.32894736842105265
Left,contig,Ang,WRM,HTL,4,0.05,0,401,76,40,0,QOTc-Ang-HS4,arc labels,,,,
Left,contig,Ang,WRM,HTL,4,0.05,0,401,76,40,0,QOTc-Ang-HSsrc,arc labels,,,,
Left,contig,Ang,WRM,HTL,4,0.05,0,401,76,40,0,QOTc-Ang-PCA,arc labels,,,,
Left,contig,Ang,WRM,HTL,4,0.05,0,401,76,40,0,SDM-Ang-HS4,arc labels,,,,
Left,contig,Ang,WRM,HTL,4,0.05,0,401,76,40,0,SDM-Ang-HSsrc,arc labels,,,,
Left,contig,Ang,WRM,HTL,4,0.05,0,401,76,40,0,SDM-Ang-PCA,arc labels,,,,
Left,contig,Ang,WRM,HTL,4,0.1,1,401,76,80,4,NoAdapt,nothing,,0.5771255060728745,0.22382671480144403,0.8157894736842105
Left,contig,Ang,WRM,HTL,4,0.1,1,401,76,80,4,TargetOnly,arc labels,,0.43236842105263157,0.10784313725490197,0.14473684210526316
Left,contig,Ang,WRM,HTL,4,0.1,1,401,76,80,4,Source+Target,arc labels,,0.5835425101214575,0.22957198443579765,0.7763157894736842
Left,contig,Ang,WRM,HTL,4,0.1,1,401,76,80,4,COT,arc labels,,0.4967611336032388,0.18848167539267016,0.9473684210526315
Left,contig,Ang,WRM,HTL,4,0.1,1,401,76,80,4,none-Ang-HS4,arc labels,,0.45204453441295545,0.06382978723404255,0.039473684210526314
Left,contig,Ang,WRM,HTL,4,0.1,1,401,76,80,4,none-Ang-HSsrc,nothing,,0.44346153846153846,0.1386861313868613,0.25
Left,contig,Ang,WRM,HTL,4,0.1,1,401,76,80,4,none-Ang-PCA,arc segments,16.0,0.4862753036437247,0.176,0.2894736842105263
Left,contig,Ang,WRM,HTL,4,0.1,1,401,76,80,4,QOTu-Ang-HS4,arc labels,,0.4942914979757085,0.18518518518518517,0.39473684210526316
Left,contig,Ang,WRM,HTL,4,0.1,1,401,76,80,4,QOTu-Ang-HSsrc,arc segments,,0.44277327935222677,0.14189189189189189,0.27631578947368424
Left,contig,Ang,WRM,HTL,4,0.1,1,401,76,80,4,QOTu-Ang-PCA,arc segments,32.0,0.49242914979757085,0.18181818181818182,0.2894736842105263
Left,contig,Ang,WRM,HTL,4,0.1,1,401,76,80,4,QOTc-Ang-HS4,arc labels,,0.45305668016194334,0.11538461538461539,0.11842105263157894
Left,contig,Ang,WRM,HTL,4,0.1,1,401,76,80,4,QOTc-Ang-HSsrc,arc labels,,0.431255060728745,0.1111111111111111,0.15789473684210525
Left,contig,Ang,WRM,HTL,4,0.1,1,401,76,80,4,QOTc-Ang-PCA,arc labels,32.0,0.44382591093117413,0.10714285714285714,0.11842105263157894
Left,contig,Ang,WRM,HTL,4,0.1,1,401,76,80,4,SDM-Ang-HS4,arc labels,,0.4544331983805668,0.08928571428571429,0.06578947368421052
Left,contig,Ang,WRM,HTL,4,0.1,1,401,76,80,4,SDM-Ang-HSsrc,arc labels,,0.4428744939271255,0.12612612612612611,0.18421052631578946
Left,contig,Ang,WRM,HTL,4,0.1,1,401,76,80,4,SDM-Ang-PCA,arc labels,64.0,0.5196356275303644,0.25,0.13157894736842105
Left,contig,Ang,WRM,HTL,4,0.2,1,401,76,161,9,NoAdapt,nothing,,0.5771255060728745,0.22382671480144403,0.8157894736842105
Left,contig,Ang,WRM,HTL,4,0.2,1,401,76,161,9,TargetOnly,arc labels,,0.5704858299595141,0.22935779816513763,0.6578947368421053
Left,contig,Ang,WRM,HTL,4,0.2,1,401,76,161,9,Source+Target,arc labels,,0.5536234817813765,0.21254355400696864,0.8026315789473685
Left,contig,Ang,WRM,HTL,4,0.2,1,401,76,161,9,COT,arc labels,,0.4555668016194332,0.1625615763546798,0.4342105263157895
Left,contig,Ang,WRM,HTL,4,0.2,1,401,76,161,9,none-Ang-HS4,arc labels,,0.43672064777327935,0.12173913043478261,0.18421052631578946
Left,contig,Ang,WRM,HTL,4,0.2,1,401,76,161,9,none-Ang-HSsrc,nothing,,0.44346153846153846,0.1386861313868613,0.25
Left,contig,Ang,WRM,HTL,4,0.2,1,401,76,161,9,none-Ang-PCA,arc segments,16.0,0.4790080971659919,0.17037037037037037,0.3026315789473684
Left,contig,Ang,WRM,HTL,4,0.2,1,401,76,161,9,QOTu-Ang-HS4,arc labels,,0.48898785425101216,0.18181818181818182,0.42105263157894735
Left,contig,Ang,WRM,HTL,4,0.2,1,401,76,161,9,QOTu-Ang-HSsrc,arc segments,,0.4497773279352226,0.14935064935064934,0.3026315789473684
Left,contig,Ang,WRM,HTL,4,0.2,1,401,76,161,9,QOTu-Ang-PCA,arc segments,16.0,0.4556072874493927,0.1388888888888889,0.19736842105263158
Left,contig,Ang,WRM,HTL,4,0.2,1,401,76,161,9,QOTc-Ang-HS4,arc labels,,0.5390283400809717,0.20883534136546184,0.6842105263157895
Left,contig,Ang,WRM,HTL,4,0.2,1,401,76,161,9,QOTc-Ang-HSsrc,arc labels,,0.5536234817813765,0.21254355400696864,0.8026315789473685
Left,contig,Ang,WRM,HTL,4,0.2,1,401,76,161,9,QOTc-Ang-PCA,arc labels,32.0,0.4206477732793522,0.11764705882352941,0.21052631578947367
Left,contig,Ang,WRM,HTL,4,0.2,1,401,76,161,9,SDM-Ang-HS4,arc labels,,0.5084615384615385,0.19487179487179487,0.5
Left,contig,Ang,WRM,HTL,4,0.2,1,401,76,161,9,SDM-Ang-HSsrc,arc labels,,0.6028542510121457,0.23921568627450981,0.8026315789473685
Left,contig,Ang,WRM,HTL,4,0.2,1,401,76,161,9,SDM-Ang-PCA,arc labels,32.0,0.5017611336032388,0.19230769230769232,0.19736842105263158
Left,contig,Ang,WRM,HTL,4,0.3,1,401,76,241,22,NoAdapt,nothing,,0.5771255060728745,0.22382671480144403,0.8157894736842105
Left,contig,Ang,WRM,HTL,4,0.3,1,401,76,241,22,TargetOnly,arc labels,,0.5141902834008097,0.1989247311827957,0.4868421052631579
Left,contig,Ang,WRM,HTL,4,0.3,1,401,76,241,22,Source+Target,arc labels,,0.5597773279352227,0.21554770318021202,0.8026315789473685
Left,contig,Ang,WRM,HTL,4,0.3,1,401,76,241,22,COT,arc labels,,0.5241700404858299,0.2026431718061674,0.6052631578947368
Left,contig,Ang,WRM,HTL,4,0.3,1,401,76,241,22,none-Ang-HS4,arc labels,,0.45672064777327936,0.13725490196078433,0.18421052631578946
Left,contig,Ang,WRM,HTL,4,0.3,1,401,76,241,22,none-Ang-HSsrc,nothing,,0.44346153846153846,0.1386861313868613,0.25
Left,contig,Ang,WRM,HTL,4,0.3,1,401,76,241,22,none-Ang-PCA,arc segments,16.0,0.49678137651821863,0.1865671641791045,0.32894736842105265
Left,contig,Ang,WRM,HTL,4,0.3,1,401,76,241,22,QOTu-Ang-HS4,arc labels,,0.5021457489878542,0.19101123595505617,0.4473684210526316
Left,contig,Ang,WRM,HTL,4,0.3,1,401,76,241,22,QOTu-Ang-HSsrc,arc segments,,0.4493522267206478,0.1476510067114094,0.2894736842105263
Left,contig,Ang,WRM,HTL,4,0.3,1,401,76,241,22,QOTu-Ang-PCA,arc segments,16.0,0.4472267206477733,0.13709677419354838,0.2236842105263158
Left,contig,Ang,WRM,HTL,4,0.3,1,401,76,241,22,QOTc-Ang-HS4,arc labels,,0.500668016194332,0.189873417721519,0.5921052631578947
Left,contig,Ang,WRM,HTL,4,0.3,1,401,76,241,22,QOTc-Ang-HSsrc,arc labels,,0.4530161943319838,0.15606936416184972,0.35526315789473684
Left,contig,Ang,WRM,HTL,4,0.3,1,401,76,241,22,QOTc-Ang-PCA,arc labels,64.0,0.4583198380566802,0.15723270440251572,0.32894736842105265
Left,contig,Ang,WRM,HTL,4,0.3,1,401,76,241,22,SDM-Ang-HS4,arc labels,,0.4713765182186235,0.1717171717171717,0.4473684210526316
Left,contig,Ang,WRM,HTL,4,0.3,1,401,76,241,22,SDM-Ang-HSsrc,arc labels,,0.4340688259109312,0.12295081967213115,0.19736842105263158
Left,contig,Ang,WRM,HTL,4,0.3,1,401,76,241,22,SDM-Ang-PCA,arc labels,64.0,0.49736842105263157,0.1875,0.39473684210526316
Left,contig,Ang,WRM,HTL,4,0.5,1,401,76,381,80,NoAdapt,nothing,,0.5771255060728745,0.22382671480144403,0.8157894736842105
Left,contig,Ang,WRM,HTL,4,0.5,1,401,76,381,80,TargetOnly,arc labels,,0.5534008097165992,0.22115384615384615,0.6052631578947368
Left,contig,Ang,WRM,HTL,4,0.5,1,401,76,381,80,Source+Target,arc labels,,0.5753238866396762,0.22108843537414966,0.8552631578947368
Left,contig,Ang,WRM,HTL,4,0.5,1,401,76,381,80,COT,arc labels,,0.551497975708502,0.21374045801526717,0.7368421052631579
Left,contig,Ang,WRM,HTL,4,0.5,1,401,76,381,80,none-Ang-HS4,arc labels,,0.43321862348178136,0.11607142857142858,0.17105263157894737
Left,contig,Ang,WRM,HTL,4,0.5,1,401,76,381,80,none-Ang-HSsrc,nothing,,0.44346153846153846,0.1386861313868613,0.25
Left,contig,Ang,WRM,HTL,4,0.5,1,401,76,381,80,none-Ang-PCA,arc segments,16.0,0.5348178137651822,0.23076923076923078,0.3157894736842105
Left,contig,Ang,WRM,HTL,4,0.5,1,401,76,381,80,QOTu-Ang-HS4,arc labels,,0.5118016194331984,0.1977401129943503,0.4605263157894737
Left,contig,Ang,WRM,HTL,4,0.5,1,401,76,381,80,QOTu-Ang-HSsrc,arc segments,,0.4574696356275304,0.15436241610738255,0.3026315789473684
Left,contig,Ang,WRM,HTL,4,0.5,1,401,76,381,80,QOTu-Ang-PCA,arc segments,32.0,0.4930161943319838,0.1836734693877551,0.35526315789473684
Left,contig,Ang,WRM,HTL,4,0.5,1,401,76,381,80,QOTc-Ang-HS4,arc labels,,0.5391295546558704,0.21226415094339623,0.5921052631578947
Left,contig,Ang,WRM,HTL,4,0.5,1,401,76,381,80,QOTc-Ang-HSsrc,arc labels,,0.4405465587044535,0.14375,0.3026315789473684
Left,contig,Ang,WRM,HTL,4,0.5,1,401,76,381,80,QOTc-Ang-PCA,arc labels,64.0,0.42585020242914984,0.1320754716981132,0.27631578947368424
Left,contig,Ang,WRM,HTL,4,0.5,1,401,76,381,80,SDM-Ang-HS4,arc labels,,0.5198178137651822,0.20093457943925233,0.5657894736842105
Left,contig,Ang,WRM,HTL,4,0.5,1,401,76,381,80,SDM-Ang-HSsrc,arc labels,,0.41868421052631577,0.11363636363636363,0.19736842105263158
Left,contig,Ang,WRM,HTL,4,0.5,1,401,76,381,80,SDM-Ang-PCA,arc labels,64.0,0.47572874493927125,0.17535545023696683,0.4868421052631579
Left,contig,Ang,WRM,HTL,5,0.05,0,401,91,40,1,NoAdapt,nothing,,0.5672279333569656,0.26071428571428573,0.8021978021978022
Left,contig,Ang,WRM,HTL,5,0.05,0,401,91,40,1,TargetOnly,arc labels,,,,
Left,contig,Ang,WRM,HTL,5,0.05,0,401,91,40,1,Source+Target,arc labels,,,,
Left,contig,Ang,WRM,HTL,5,0.05,0,401,91,40,1,COT,arc labels,,,,
Left,contig,Ang,WRM,HTL,5,0.05,0,401,91,40,1,none-Ang-HS4,arc labels,,,,
Left,contig,Ang,WRM,HTL,5,0.05,0,401,91,40,1,none-Ang-HSsrc,nothing,,0.43862105636299187,0.16296296296296298,0.24175824175824176
Left,contig,Ang,WRM,HTL,5,0.05,0,401,91,40,1,none-Ang-PCA,arc segments,16.0,0.4811591634172279,0.1978021978021978,0.1978021978021978
Left,contig,Ang,WRM,HTL,5,0.05,0,401,91,40,1,QOTu-Ang-HS4,arc labels,,,,
Left,contig,Ang,WRM,HTL,5,0.05,0,401,91,40,1,QOTu-Ang-HSsrc,arc segments,,0.4361573909961006,0.1783783783783784,0.3626373626373626
Left,contig,Ang,WRM,HTL,5,0.05,0,401,91,40,1,QOTu-Ang-PCA,arc segments,16.0,0.5003190358029068,0.22727272727272727,0.32967032967032966
Left,contig,Ang,WRM,HTL,5,0.05,0,401,91,40,1,QOTc-Ang-HS4,arc labels,,,,
Left,contig,Ang,WRM,HTL,5,0.05,0,401,91,40,1,QOTc-Ang-HSsrc,arc labels,,,,
Left,contig,Ang,WRM,HTL,5,0.05,0,401,91,40,1,QOTc-Ang-PCA,arc labels,,,,
Left,contig,Ang,WRM,HTL,5,0.05,0,401,91,40,1,SDM-Ang-HS4,arc labels,,,,
Left,contig,Ang,WRM,HTL,5,0.05,0,401,91,40,1,SDM-Ang-HSsrc,arc labels,,,,
Left,contig,Ang,WRM,HTL,5,0.05,0,401,91,40,1,SDM-Ang-PCA,arc labels,,,,
Left,contig,Ang,WRM,HTL,5,0.1,0,401,91,80,1,NoAdapt,nothing,,0.5672279333569656,0.26071428571428573,0.8021978021978022
Left,contig,Ang,WRM,HTL,5,0.1,0,401,91,80,1,TargetOnly,arc labels,,,,
Left,contig,Ang,WRM,HTL,5,0.1,0,401,91,80,1,Source+Target,arc labels,,,,
Left,contig,Ang,WRM,HTL,5,0.1,0,401,91,80,1,COT,arc labels,,,,
Left,contig,Ang,WRM,HTL,5,0.1,0,401,91,80,1,none-Ang-HS4,arc labels,,,,
Left,contig,Ang,WRM,HTL,5,0.1,0,401,91,80,1,none-Ang-HSsrc,nothing,,0.43862105636299187,0.16296296296296298,0.24175824175824176
Left,contig,Ang,WRM,HTL,5,0.1,0,401,91,80,1,none-Ang-PCA,arc segments,16.0,0.4631159163417228,0.18018018018018017,0.21978021978021978
Left,contig,Ang,WRM,HTL,5,0.1,0,401,91,80,1,QOTu-Ang-HS4,arc labels,,,,
Left,contig,Ang,WRM,HTL,5,0.1,0,401,91,80,1,QOTu-Ang-HSsrc,arc segments,,0.4406416164480681,0.17751479289940827,0.32967032967032966
Left,contig,Ang,WRM,HTL,5,0.1,0,401,91,80,1,QOTu-Ang-PCA,arc segments,16.0,0.5255228642325416,0.2537313432835821,0.37362637362637363
Left,contig,Ang,WRM,HTL,5,0.1,0,401,91,80,1,QOTc-Ang-HS4,arc labels,,,,
Left,contig,Ang,WRM,HTL,5,0.1,0,401,91,80,1,QOTc-Ang-HSsrc,arc labels,,,,
Left,contig,Ang,WRM,HTL,5,0.1,0,401,91,80,1,QOTc-Ang-PCA,arc labels,,,,
Left,contig,Ang,WRM,HTL,5,0.1,0,401,91,80,1,SDM-Ang-HS4,arc labels,,,,
Left,contig,Ang,WRM,HTL,5,0.1,0,401,91,80,1,SDM-Ang-HSsrc,arc labels,,,,
Left,contig,Ang,WRM,HTL,5,0.1,0,401,91,80,1,SDM-Ang-PCA,arc labels,,,,
Left,contig,Ang,WRM,HTL,5,0.2,1,401,91,161,4,NoAdapt,nothing,,0.5672279333569656,0.26071428571428573,0.8021978021978022
Left,contig,Ang,WRM,HTL,5,0.2,1,401,91,161,4,TargetOnly,arc labels,,0.6088443814250266,0.3524590163934426,0.4725274725274725
Left,contig,Ang,WRM,HTL,5,0.2,1,401,91,161,4,Source+Target,arc labels,,0.538390641616448,0.24897959183673468,0.6703296703296703
Left,contig,Ang,WRM,HTL,5,0.2,1,401,91,161,4,COT,arc labels,,0.6499822757887275,0.3532934131736527,0.6483516483516484
Left,contig,Ang,WRM,HTL,5,0.2,1,401,91,161,4,none-Ang-HS4,arc labels,,0.46215880893300254,0.1810344827586207,0.23076923076923078
Left,contig,Ang,WRM,HTL,5,0.2,1,401,91,161,4,none-Ang-HSsrc,nothing,,0.43862105636299187,0.16296296296296298,0.24175824175824176
Left,contig,Ang,WRM,HTL,5,0.2,1,401,91,161,4,none-Ang-PCA,arc segments,16.0,0.488922367954626,0.21052631578947367,0.21978021978021978
Left,contig,Ang,WRM,HTL,5,0.2,1,401,91,161,4,QOTu-Ang-HS4,arc labels,,0.4881779510811769,0.21808510638297873,0.45054945054945056
Left,contig,Ang,WRM,HTL,5,0.2,1,401,91,161,4,QOTu-Ang-HSsrc,arc segments,,0.4360510457284651,0.16312056737588654,0.25274725274725274
Left,contig,Ang,WRM,HTL,5,0.2,1,401,91,161,4,QOTu-Ang-PCA,arc segments,16.0,0.45278270116979796,0.168141592920354,0.2087912087912088
Left,contig,Ang,WRM,HTL,5,0.2,1,401,91,161,4,QOTc-Ang-HS4,arc labels,,0.5702410492733074,0.2789473684210526,0.5824175824175825
Left,contig,Ang,WRM,HTL,5,0.2,1,401,91,161,4,QOTc-Ang-HSsrc,arc labels,,0.545852534562212,0.25193798449612403,0.7142857142857143
Left,contig,Ang,WRM,HTL,5,0.2,1,401,91,161,4,QOTc-Ang-PCA,arc labels,64.0,0.5440623892236796,0.34615384615384615,0.1978021978021978
Left,contig,Ang,WRM,HTL,5,0.2,1,401,91,161,4,SDM-Ang-HS4,arc labels,,0.5334278624601205,0.30158730158730157,0.2087912087912088
Left,contig,Ang,WRM,HTL,5,0.2,1,401,91,161,4,SDM-Ang-HSsrc,arc labels,,0.5798121233605105,0.30714285714285716,0.4725274725274725
Left,contig,Ang,WRM,HTL,5,0.2,1,401,91,161,4,SDM-Ang-PCA,arc labels,64.0,0.5278801843317973,0.325,0.14285714285714285
Left,contig,Ang,WRM,HTL,5,0.3,1,401,91,241,26,NoAdapt,nothing,,0.5672279333569656,0.26071428571428573,0.8021978021978022
Left,contig,Ang,WRM,HTL,5,0.3,1,401,91,241,26,TargetOnly,arc labels,,0.5726692662176533,0.26640926640926643,0.7582417582417582
Left,contig,Ang,WRM,HTL,5,0.3,1,401,91,241,26,Source+Target,arc labels,,0.5623360510457285,0.26053639846743293,0.7472527472527473
Left,contig,Ang,WRM,HTL,5,0.3,1,401,91,241,26,COT,arc labels,,0.572066643034385,0.26353790613718414,0.8021978021978022
Left,contig,Ang,WRM,HTL,5,0.3,1,401,91,241,26,none-Ang-HS4,arc labels,,0.43660049627791564,0.13861386138613863,0.15384615384615385
Left,contig,Ang,WRM,HTL,5,0.3,1,401,91,241,26,none-Ang-HSsrc,nothing,,0.43862105636299187,0.16296296296296298,0.24175824175824176
Left,contig,Ang,WRM,HTL,5,0.3,1,401,91,241,26,none-Ang-PCA,arc segments,16.0,0.4483516483516483,0.17880794701986755,0.2967032967032967
Left,contig,Ang,WRM,HTL,5,0.3,1,401,91,241,26,QOTu-Ang-HS4,arc labels,,0.4681141439205956,0.20114942528735633,0.38461538461538464
Left,contig,Ang,WRM,HTL,5,0.3,1,401,91,241,26,QOTu-Ang-HSsrc,arc segments,,0.42476072314781993,0.1554054054054054,0.25274725274725274
Left,contig,Ang,WRM,HTL,5,0.3,1,401,91,241,26,QOTu-Ang-PCA,arc segments,16.0,0.48504076568592697,0.20430107526881722,0.2087912087912088
Left,contig,Ang,WRM,HTL,5,0.3,1,401,91,241,26,QOTc-Ang-HS4,arc labels,,0.5380361573909961,0.25,0.6373626373626373
Left,contig,Ang,WRM,HTL,5,0.3,1,401,91,241,26,QOTc-Ang-HSsrc,arc labels,,0.4328252392768522,0.16083916083916083,0.25274725274725274
Left,contig,Ang,WRM,HTL,5,0.3,1,401,91,241,26,QOTc-Ang-PCA,arc labels,64.0,0.5120170152428217,0.2375,0.4175824175824176
Left,contig,Ang,WRM,HTL,5,0.3,1,401,91,241,26,SDM-Ang-HS4,arc labels,,0.5354661467564694,0.24789915966386555,0.6483516483516484
Left,contig,Ang,WRM,HTL,5,0.3,1,401,91,241,26,SDM-Ang-HSsrc,arc labels,,0.4451790145338532,0.18285714285714286,0.3516483516483517
Left,contig,Ang,WRM,HTL,5,0.3,1,401,91,241,26,SDM-Ang-PCA,arc labels,64.0,0.522243885147111,0.2543859649122807,0.31868131868131866
Left,contig,Ang,WRM,HTL,5,0.5,1,401,91,380,70,NoAdapt,nothing,,0.5672279333569656,0.26071428571428573,0.8021978021978022
Left,contig,Ang,WRM,HTL,5,0.5,1,401,91,380,70,TargetOnly,arc labels,,0.5777029422190713,0.28078817733990147,0.6263736263736264
Left,contig,Ang,WRM,HTL,5,0.5,1,401,91,380,70,Source+Target,arc labels,,0.5663239985820632,0.25732899022801303,0.8681318681318682
Left,contig,Ang,WRM,HTL,5,0.5,1,401,91,380,70,COT,arc labels,,0.6065934065934067,0.2846153846153846,0.8131868131868132
Left,contig,Ang,WRM,HTL,5,0.5,1,401,91,380,70,none-Ang-HS4,arc labels,,0.42208436724565757,0.12727272727272726,0.15384615384615385
Left,contig,Ang,WRM,HTL,5,0.5,1,401,91,380,70,none-Ang-HSsrc,nothing,,0.43862105636299187,0.16296296296296298,0.24175824175824176
Left,contig,Ang,WRM,HTL,5,0.5,1,401,91,380,70,none-Ang-PCA,arc segments,16.0,0.47118043247075503,0.18867924528301888,0.21978021978021978
Left,contig,Ang,WRM,HTL,5,0.5,1,401,91,380,70,QOTu-Ang-HS4,arc labels,,0.44608294930875575,0.17567567567567569,0.2857142857142857
Left,contig,Ang,WRM,HTL,5,0.5,1,401,91,380,70,QOTu-Ang-HSsrc,arc segments,,0.42798652959943284,0.15753424657534246,0.25274725274725274
Left,contig,Ang,WRM,HTL,5,0.5,1,401,91,380,70,QOTu-Ang-PCA,arc segments,16.0,0.47344913151364765,0.1926605504587156,0.23076923076923078
Left,contig,Ang,WRM,HTL,5,0.5,1,401,91,380,70,QOTc-Ang-HS4,arc labels,,0.5293158454448776,0.2446351931330472,0.6263736263736264
Left,contig,Ang,WRM,HTL,5,0.5,1,401,91,380,70,QOTc-Ang-HSsrc,arc labels,,0.4789081885856079,0.21397379912663755,0.5384615384615384
Left,contig,Ang,WRM,HTL,5,0.5,1,401,91,380,70,QOTc-Ang-PCA,arc labels,32.0,0.5110599078341014,0.23636363636363636,0.42857142857142855
Left,contig,Ang,WRM,HTL,5,0.5,1,401,91,380,70,SDM-Ang-HS4,arc labels,,0.5328429634881248,0.24774774774774774,0.6043956043956044
Left,contig,Ang,WRM,HTL,5,0.5,1,401,91,380,70,SDM-Ang-HSsrc,arc labels,,0.5464551577454804,0.25416666666666665,0.6703296703296703
Left,contig,Ang,WRM,HTL,5,0.5,1,401,91,380,70,SDM-Ang-PCA,arc labels,64.0,0.4868131868131868,0.21518987341772153,0.37362637362637363
Left,contig,Ang,WRM,HTL,6,0.05,1,401,89,40,3,NoAdapt,nothing,,0.5887892538173437,0.26765799256505574,0.8089887640449438
Left,contig,Ang,WRM,HTL,6,0.05,1,401,89,40,3,TargetOnly,arc labels,,0.45440795159896286,0.13043478260869565,0.10112359550561797
Left,contig,Ang,WRM,HTL,6,0.05,1,401,89,40,3,Source+Target,arc labels,,0.5429091040046097,0.25257731958762886,0.550561797752809
Left,contig,Ang,WRM,HTL,6,0.05,1,401,89,40,3,COT,arc labels,,0.44315399020455204,0.08620689655172414,0.056179775280898875
Left,contig,Ang,WRM,HTL,6,0.05,1,401,89,40,3,none-Ang-HS4,arc labels,,0.43760803802938636,0.12903225806451613,0.1348314606741573
Left,contig,Ang,WRM,HTL,6,0.05,1,401,89,40,3,none-Ang-HSsrc,nothing,,0.4529494382022472,0.176056338028169,0.2808988764044944
Left,contig,Ang,WRM,HTL,6,0.05,1,401,89,40,3,none-Ang-PCA,arc segments,16.0,0.4400388936905791,0.14285714285714285,0.16853932584269662
Left,contig,Ang,WRM,HTL,6,0.05,1,401,89,40,3,QOTu-Ang-HS4,arc labels,,0.4313778450014405,0.1711229946524064,0.3595505617977528
Left,contig,Ang,WRM,HTL,6,0.05,1,401,89,40,3,QOTu-Ang-HSsrc,arc segments,,0.4337006626332469,0.15862068965517243,0.25842696629213485
Left,contig,Ang,WRM,HTL,6,0.05,1,401,89,40,3,QOTu-Ang-PCA,arc segments,8.0,0.48752160760587726,0.2122905027932961,0.42696629213483145
Left,contig,Ang,WRM,HTL,6,0.05,1,401,89,40,3,QOTc-Ang-HS4,arc labels,,0.49600259291270526,0.14285714285714285,0.011235955056179775
Left,contig,Ang,WRM,HTL,6,0.05,1,401,89,40,3,QOTc-Ang-HSsrc,arc labels,,0.49602059925093633,0.1875,0.033707865168539325
Left,contig,Ang,WRM,HTL,6,0.05,1,401,89,40,3,QOTc-Ang-PCA,arc labels,8.0,0.500018006338231,0.2222222222222222,0.02247191011235955
Left,contig,Ang,WRM,HTL,6,0.05,1,401,89,40,3,SDM-Ang-HS4,arc labels,,0.4848026505329876,0.13043478260869565,0.033707865168539325
Left,contig,Ang,WRM,HTL,6,0.05,1,401,89,40,3,SDM-Ang-HSsrc,arc labels,,0.4695872947277442,0.10810810810810811,0.0449438202247191
Left,contig,Ang,WRM,HTL,6,0.05,1,401,89,40,3,SDM-Ang-PCA,arc labels,4.0,0.4936257562662057,0.18181818181818182,0.0449438202247191
Left,contig,Ang,WRM,HTL,6,0.1,1,401,89,80,11,NoAdapt,nothing,,0.5887892538173437,0.26765799256505574,0.8089887640449438
Left,contig,Ang,WRM,HTL,6,0.1,1,401,89,80,11,TargetOnly,arc labels,,0.5381734370498416,0.2446351931330472,0.6404494382022472
Left,contig,Ang,WRM,HTL,6,0.1,1,401,89,80,11,Source+Target,arc labels,,0.5767250072025353,0.2637795275590551,0.7528089887640449
Left,contig,Ang,WRM,HTL,6,0.1,1,401,89,80,11,COT,arc labels,,0.5517322097378277,0.25906735751295334,0.5617977528089888
Left,contig,Ang,WRM,HTL,6,0.1,1,401,89,80,11,none-Ang-HS4,arc labels,,0.4336106309420916,0.13,0.14606741573033707
Left,contig,Ang,WRM,HTL,6,0.1,1,401,89,80,11,none-Ang-HSsrc,nothing,,0.4529494382022472,0.176056338028169,0.2808988764044944
Left,contig,Ang,WRM,HTL,6,0.1,1,401,89,80,11,none-Ang-PCA,arc segments,16.0,0.45131086142322097,0.168,0.23595505617977527
Left,contig,Ang,WRM,HTL,6,0.1,1,401,89,80,11,QOTu-Ang-HS4,arc labels,,0.4417855084989917,0.17613636363636365,0.34831460674157305
Left,contig,Ang,WRM,HTL,6,0.1,1,401,89,80,11,QOTu-Ang-HSsrc,arc segments,,0.4417134831460674,0.16428571428571428,0.25842696629213485
Left,contig,Ang,WRM,HTL,6,0.1,1,401,89,80,11,QOTu-Ang-PCA,arc segments,16.0,0.5066263324690291,0.23076923076923078,0.2696629213483146
Left,contig,Ang,WRM,HTL,6,0.1,1,401,89,80,11,QOTc-Ang-HS4,arc labels,,0.5242725439354653,0.2549019607843137,0.29213483146067415
Left,contig,Ang,WRM,HTL,6,0.1,1,401,89,80,11,QOTc-Ang-HSsrc,arc labels,,0.46164649956784787,0.15384615384615385,0.1348314606741573
Left,contig,Ang,WRM,HTL,6,0.1,1,401,89,80,11,QOTc-Ang-PCA,arc labels,64.0,0.5539469893402478,0.29896907216494845,0.3258426966292135
Left,contig,Ang,WRM,HTL,6,0.1,1,401,89,80,11,SDM-Ang-HS4,arc labels,,0.5306828003457217,0.2653061224489796,0.29213483146067415
Left,contig,Ang,WRM,HTL,6,0.1,1,401,89,80,11,SDM-Ang-HSsrc,arc labels,,0.48019302794583696,0.2,0.2808988764044944
Left,contig,Ang,WRM,HTL,6,0.1,1,401,89,80,11,SDM-Ang-PCA,arc labels,64.0,0.5298545087870931,0.27058823529411763,0.25842696629213485
Left,contig,Ang,WRM,HTL,6,0.2,1,401,89,161,24,NoAdapt,nothing,,0.5887892538173437,0.26765799256505574,0.8089887640449438
Left,contig,Ang,WRM,HTL,6,0.2,1,401,89,161,24,TargetOnly,arc labels,,0.4981453471622011,0.2210144927536232,0.6853932584269663
Left,contig,Ang,WRM,HTL,6,0.2,1,401,89,161,24,Source+Target,arc labels,,0.5775352924229329,0.26356589147286824,0.7640449438202247
Left,contig,Ang,WRM,HTL,6,0.2,1,401,89,161,24,COT,arc labels,,0.5326094785364448,0.23938223938223938,0.6966292134831461
Left,contig,Ang,WRM,HTL,6,0.2,1,401,89,161,24,none-Ang-HS4,arc labels,,0.43602348026505333,0.13592233009708737,0.15730337078651685
Left,contig,Ang,WRM,HTL,6,0.2,1,401,89,161,24,none-Ang-HSsrc,nothing,,0.4529494382022472,0.176056338028169,0.2808988764044944
Left,contig,Ang,WRM,HTL,6,0.2,1,401,89,161,24,none-Ang-PCA,arc segments,32.0,0.49463411120714496,0.216,0.30337078651685395
Left,contig,Ang,WRM,HTL,6,0.2,1,401,89,161,24,QOTu-Ang-HS4,arc labels,,0.4474214923653126,0.1827956989247312,0.38202247191011235
Left,contig,Ang,WRM,HTL,6,0.2,1,401,89,161,24,QOTu-Ang-HSsrc,arc segments,,0.4248955632382599,0.15483870967741936,0.2696629213483146
Left,contig,Ang,WRM,HTL,6,0.2,1,401,89,161,24,QOTu-Ang-PCA,arc segments,16.0,0.47693388072601556,0.19,0.21348314606741572
Left,contig,Ang,WRM,HTL,6,0.2,1,401,89,161,24,QOTc-Ang-HS4,arc labels,,0.48521679631230197,0.21304347826086956,0.550561797752809
Left,contig,Ang,WRM,HTL,6,0.2,1,401,89,161,24,QOTc-Ang-HSsrc,arc labels,,0.4473134543359263,0.16666666666666666,0.24719101123595505
Left,contig,Ang,WRM,HTL,6,0.2,1,401,89,161,24,QOTc-Ang-PCA,arc labels,32.0,0.49882958801498123,0.22119815668202766,0.5393258426966292
Left,contig,Ang,WRM,HTL,6,0.2,1,401,89,161,24,SDM-Ang-HS4,arc labels,,0.47084773840391814,0.20676691729323307,0.6179775280898876
Left,contig,Ang,WRM,HTL,6,0.2,1,401,89,161,24,SDM-Ang-HSsrc,arc labels,,0.44097522327859406,0.1744186046511628,0.33707865168539325
Left,contig,Ang,WRM,HTL,6,0.2,1,401,89,161,24,SDM-Ang-PCA,arc labels,64.0,0.5251548545087871,0.24647887323943662,0.39325842696629215
Left,contig,Ang,WRM,HTL,6,0.3,1,401,89,241,34,NoAdapt,nothing,,0.5887892538173437,0.26765799256505574,0.8089887640449438
Left,contig,Ang,WRM,HTL,6,0.3,1,401,89,241,34,TargetOnly,arc labels,,0.49322961682512245,0.21777777777777776,0.550561797752809
Left,contig,Ang,WRM,HTL,6,0.3,1,401,89,241,34,Source+Target,arc labels,,0.5679019014693172,0.25882352941176473,0.7415730337078652
Left,contig,Ang,WRM,HTL,6,0.3,1,401,89,241,34,COT,arc labels,,0.5445656871218669,0.25,0.6179775280898876
Left,contig,Ang,WRM,HTL,6,0.3,1,401,89,241,34,none-Ang-HS4,arc labels,,0.42721838087006625,0.13274336283185842,0.16853932584269662
Left,contig,Ang,WRM,HTL,6,0.3,1,401,89,241,34,none-Ang-HSsrc,nothing,,0.4529494382022472,0.176056338028169,0.2808988764044944
Left,contig,Ang,WRM,HTL,6,0.3,1,401,89,241,34,none-Ang-PCA,arc segments,32.0,0.49783923941227315,0.21951219512195122,0.30337078651685395
Left,contig,Ang,WRM,HTL,6,0.3,1,401,89,241,34,QOTu-Ang-HS4,arc labels,,0.44338807260155577,0.17714285714285713,0.34831460674157305
Left,contig,Ang,WRM,HTL,6,0.3,1,401,89,241,34,QOTu-Ang-HSsrc,arc segments,,0.43694180351483725,0.16770186335403728,0.30337078651685395
Left,contig,Ang,WRM,HTL,6,0.3,1,401,89,241,34,QOTu-Ang-PCA,arc segments,16.0,0.4681107749927974,0.1782178217821782,0.20224719101123595
Left,contig,Ang,WRM,HTL,6,0.3,1,401,89,241,34,QOTc-Ang-HS4,arc labels,,0.48121938922500723,0.2109704641350211,0.5617977528089888
Left,contig,Ang,WRM,HTL,6,0.3,1,401,89,241,34,QOTc-Ang-HSsrc,arc labels,,0.44259579371938923,0.17777777777777778,0.3595505617977528
Left,contig,Ang,WRM,HTL,6,0.3,1,401,89,241,34,QOTc-Ang-PCA,arc labels,32.0,0.43861639297032556,0.17857142857142858,0.39325842696629215
Left,contig,Ang,WRM,HTL,6,0.3,1,401,89,241,34,SDM-Ang-HS4,arc labels,,0.450698645923365,0.19090909090909092,0.47191011235955055
Left,contig,Ang,WRM,HTL,6,0.3,1,401,89,241,34,SDM-Ang-HSsrc,arc labels,,0.45705488331892824,0.19047619047619047,0.4044943820224719
Left,contig,Ang,WRM,HTL,6,0.3,1,401,89,241,34,SDM-Ang-PCA,arc labels,64.0,0.5179163065399021,0.24060150375939848,0.3595505617977528
Left,contig,Ang,WRM,HTL,6,0.5,1,401,89,380,78,NoAdapt,nothing,,0.5887892538173437,0.26765799256505574,0.8089887640449438
Left,contig,Ang,WRM,HTL,6,0.5,1,401,89,380,78,TargetOnly,arc labels,,0.5501296456352636,0.25773195876288657,0.5617977528089888
Left,contig,Ang,WRM,HTL,6,0.5,1,401,89,380,78,Source+Target,arc labels,,0.5944252376836646,0.26881720430107525,0.8426966292134831
Left,contig,Ang,WRM,HTL,6,0.5,1,401,89,380,78,COT,arc labels,,0.5655250648228176,0.25555555555555554,0.7752808988764045
Left,contig,Ang,WRM,HTL,6,0.5,1,401,89,380,78,none-Ang-HS4,arc labels,,0.42720037453183524,0.125,0.14606741573033707
Left,contig,Ang,WRM,HTL,6,0.5,1,401,89,380,78,none-Ang-HSsrc,nothing,,0.4529494382022472,0.176056338028169,0.2808988764044944
Left,contig,Ang,WRM,HTL,6,0.5,1,401,89,380,78,none-Ang-PCA,arc segments,16.0,0.46333909536156725,0.18032786885245902,0.24719101123595505
Left,contig,Ang,WRM,HTL,6,0.5,1,401,89,380,78,QOTu-Ang-HS4,arc labels,,0.4594497263036589,0.1912568306010929,0.39325842696629215
Left,contig,Ang,WRM,HTL,6,0.5,1,401,89,380,78,QOTu-Ang-HSsrc,arc segments,,0.4441443388072601,0.17105263157894737,0.29213483146067415
Left,contig,Ang,WRM,HTL,6,0.5,1,401,89,380,78,QOTu-Ang-PCA,arc segments,16.0,0.48498271391529824,0.20353982300884957,0.25842696629213485
Left,contig,Ang,WRM,HTL,6,0.5,1,401,89,380,78,QOTc-Ang-HS4,arc labels,,0.4948681936041487,0.2190082644628099,0.5955056179775281
Left,contig,Ang,WRM,HTL,6,0.5,1,401,89,380,78,QOTc-Ang-HSsrc,arc labels,,0.4796168251224431,0.21008403361344538,0.5617977528089888
Left,contig,Ang,WRM,HTL,6,0.5,1,401,89,380,78,QOTc-Ang-PCA,arc labels,64.0,0.4938058196485163,0.21428571428571427,0.2696629213483146
Left,contig,Ang,WRM,HTL,6,0.5,1,401,89,380,78,SDM-Ang-HS4,arc labels,,0.49160904638432723,0.21658986175115208,0.5280898876404494
Left,contig,Ang,WRM,HTL,6,0.5,1,401,89,380,78,SDM-Ang-HSsrc,arc labels,,0.5622479112647651,0.2584745762711864,0.6853932584269663
Left,contig,Ang,WRM,HTL,6,0.5,1,401,89,380,78,SDM-Ang-PCA,arc labels,64.0,0.5011524056467876,0.22285714285714286,0.43820224719101125
Left,contig,Ang,WRM,HTL,7,0.05,1,401,88,40,5,NoAdapt,nothing,,0.5750254138832414,0.26406926406926406,0.6931818181818182
Left,contig,Ang,WRM,HTL,7,0.05,1,401,88,40,5,TargetOnly,arc labels,,0.4947720011617775,0.21621621621621623,0.5454545454545454
Left,contig,Ang,WRM,HTL,7,0.05,1,401,88,40,5,Source+Target,arc labels,,0.5562009875108916,0.2545454545454545,0.6363636363636364
Left,contig,Ang,WRM,HTL,7,0.05,1,401,88,40,5,COT,arc labels,,0.5031948881789138,0.22055137844611528,1.0
Left,contig,Ang,WRM,HTL,7,0.05,1,401,88,40,5,none-Ang-HS4,arc labels,,0.45300246877722916,0.16379310344827586,0.2159090909090909
Left,contig,Ang,WRM,HTL,7,0.05,1,401,88,40,5,none-Ang-HSsrc,nothing,,0.4995280278826605,0.21897810218978103,0.3409090909090909
Left,contig,Ang,WRM,HTL,7,0.05,1,401,88,40,5,none-Ang-PCA,arc segments,32.0,0.47696413011908223,0.18811881188118812,0.2159090909090909
Left,contig,Ang,WRM,HTL,7,0.05,1,401,88,40,5,QOTu-Ang-HS4,arc labels,,0.5255046471100784,0.23282442748091603,0.6931818181818182
Left,contig,Ang,WRM,HTL,7,0.05,1,401,88,40,5,QOTu-Ang-HSsrc,arc segments,,0.47540299157711297,0.20108695652173914,0.42045454545454547
Left,contig,Ang,WRM,HTL,7,0.05,1,401,88,40,5,QOTu-Ang-PCA,arc segments,16.0,0.5362873947139123,0.25161290322580643,0.4431818181818182
Left,contig,Ang,WRM,HTL,7,0.05,1,401,88,40,5,QOTc-Ang-HS4,arc labels,,0.5133967470229451,0.22950819672131148,0.4772727272727273
Left,contig,Ang,WRM,HTL,7,0.05,1,401,88,40,5,QOTc-Ang-HSsrc,arc labels,,0.5368319779262272,0.24725274725274726,0.5113636363636364
Left,contig,Ang,WRM,HTL,7,0.05,1,401,88,40,5,QOTc-Ang-PCA,arc labels,64.0,0.5735368864362475,0.35064935064935066,0.3068181818181818
Left,contig,Ang,WRM,HTL,7,0.05,1,401,88,40,5,SDM-Ang-HS4,arc labels,,0.5323300900377578,0.3333333333333333,0.14772727272727273
Left,contig,Ang,WRM,HTL,7,0.05,1,401,88,40,5,SDM-Ang-HSsrc,arc labels,,0.5265030496659889,0.25225225225225223,0.3181818181818182
Left,contig,Ang,WRM,HTL,7,0.05,1,401,88,40,5,SDM-Ang-PCA,arc labels,64.0,0.5018152773743828,0.2222222222222222,0.22727272727272727
Left,contig,Ang,WRM,HTL,7,0.1,1,401,88,80,17,NoAdapt,nothing,,0.5750254138832414,0.26406926406926406,0.6931818181818182
Left,contig,Ang,WRM,HTL,7,0.1,1,401,88,80,17,TargetOnly,arc labels,,0.47191765901829796,0.20783132530120482,0.7840909090909091
Left,contig,Ang,WRM,HTL,7,0.1,1,401,88,80,17,Source+Target,arc labels,,0.5563825152483299,0.25327510917030566,0.6590909090909091
Left,contig,Ang,WRM,HTL,7,0.1,1,401,88,80,17,COT,arc labels,,0.5104378449027012,0.22397476340694006,0.8068181818181818
Left,contig,Ang,WRM,HTL,7,0.1,1,401,88,80,17,none-Ang-HS4,arc labels,,0.4332885564914319,0.12871287128712872,0.14772727272727273
Left,contig,Ang,WRM,HTL,7,0.1,1,401,88,80,17,none-Ang-HSsrc,nothing,,0.4995280278826605,0.21897810218978103,0.3409090909090909
Left,contig,Ang,WRM,HTL,7,0.1,1,401,88,80,17,none-Ang-PCA,arc segments,16.0,0.4746768806273598,0.19594594594594594,0.32954545454545453
Left,contig,Ang,WRM,HTL,7,0.1,1,401,88,80,17,QOTu-Ang-HS4,arc labels,,0.49155896020911993,0.21311475409836064,0.4431818181818182
Left,contig,Ang,WRM,HTL,7,0.1,1,401,88,80,17,QOTu-Ang-HSsrc,arc segments,,0.4846246006389776,0.20625,0.375
Left,contig,Ang,WRM,HTL,7,0.1,1,401,88,80,17,QOTu-Ang-PCA,arc segments,16.0,0.5050283183270403,0.2248062015503876,0.32954545454545453
Left,contig,Ang,WRM,HTL,7,0.1,1,401,88,80,17,QOTc-Ang-HS4,arc labels,,0.47293421434795235,0.20270270270270271,0.5113636363636364
Left,contig,Ang,WRM,HTL,7,0.1,1,401,88,80,17,QOTc-Ang-HSsrc,arc labels,,0.4862220447284345,0.20754716981132076,0.375
Left,contig,Ang,WRM,HTL,7,0.1,1,401,88,80,17,QOTc-Ang-PCA,arc labels,64.0,0.4516228579726982,0.1875,0.4431818181818182
Left,contig,Ang,WRM,HTL,7,0.1,1,401,88,80,17,SDM-Ang-HS4,arc labels,,0.44561428986349116,0.1918819188191882,0.5909090909090909
Left,contig,Ang,WRM,HTL,7,0.1,1,401,88,80,17,SDM-Ang-HSsrc,arc labels,,0.4757478942782457,0.19875776397515527,0.36363636363636365
Left,contig,Ang,WRM,HTL,7,0.1,1,401,88,80,17,SDM-Ang-PCA,arc labels,64.0,0.5247603833865815,0.23783783783783785,0.5
Left,contig,Ang,WRM,HTL,7,0.2,1,401,88,161,27,NoAdapt,nothing,,0.5750254138832414,0.26406926406926406,0.6931818181818182
Left,contig,Ang,WRM,HTL,7,0.2,1,401,88,161,27,TargetOnly,arc labels,,0.4642208829509149,0.193717277486911,0.42045454545454547
Left,contig,Ang,WRM,HTL,7,0.2,1,401,88,161,27,Source+Target,arc labels,,0.5368501306999709,0.242152466367713,0.6136363636363636
Left,contig,Ang,WRM,HTL,7,0.2,1,401,88,161,27,COT,arc labels,,0.4853507115887308,0.20918367346938777,0.4659090909090909
Left,contig,Ang,WRM,HTL,7,0.2,1,401,88,161,27,none-Ang-HS4,arc labels,,0.44056781876270695,0.13861386138613863,0.1590909090909091
Left,contig,Ang,WRM,HTL,7,0.2,1,401,88,161,27,none-Ang-HSsrc,nothing,,0.4995280278826605,0.21897810218978103,0.3409090909090909
Left,contig,Ang,WRM,HTL,7,0.2,1,401,88,161,27,none-Ang-PCA,arc segments,4.0,0.5400087133313971,0.2589928057553957,0.4090909090909091
Left,contig,Ang,WRM,HTL,7,0.2,1,401,88,161,27,QOTu-Ang-HS4,arc labels,,0.47202657566076095,0.1977401129943503,0.3977272727272727
Left,contig,Ang,WRM,HTL,7,0.2,1,401,88,161,27,QOTu-Ang-HSsrc,arc segments,,0.4910143769968051,0.21153846153846154,0.375
Left,contig,Ang,WRM,HTL,7,0.2,1,401,88,161,27,QOTu-Ang-PCA,arc segments,16.0,0.506444234679059,0.226890756302521,0.3068181818181818
Left,contig,Ang,WRM,HTL,7,0.2,1,401,88,161,27,QOTc-Ang-HS4,arc labels,,0.44646747022945105,0.18134715025906736,0.3977272727272727
Left,contig,Ang,WRM,HTL,7,0.2,1,401,88,161,27,QOTc-Ang-HSsrc,arc labels,,0.4755663665408074,0.19736842105263158,0.3409090909090909
Left,contig,Ang,WRM,HTL,7,0.2,1,401,88,161,27,QOTc-Ang-PCA,arc labels,64.0,0.5082232065059541,0.2283464566929134,0.32954545454545453
Left,contig,Ang,WRM,HTL,7,0.2,1,401,88,161,27,SDM-Ang-HS4,arc labels,,0.4262271275050828,0.16666666666666666,0.36363636363636365
Left,contig,Ang,WRM,HTL,7,0.2,1,401,88,161,27,SDM-Ang-HSsrc,arc labels,,0.48798286378158584,0.20634920634920634,0.29545454545454547
Left,contig,Ang,WRM,HTL,7,0.2,1,401,88,161,27,SDM-Ang-PCA,arc labels,64.0,0.5330743537612547,0.25862068965517243,0.3409090909090909
Left,contig,Ang,WRM,HTL,7,0.3,1,401,88,241,39,NoAdapt,nothing,,0.5750254138832414,0.26406926406926406,0.6931818181818182
Left,contig,Ang,WRM,HTL,7,0.3,1,401,88,241,39,TargetOnly,arc labels,,0.4992012779552716,0.21890547263681592,0.5
Left,contig,Ang,WRM,HTL,7,0.3,1,401,88,241,39,Source+Target,arc labels,,0.5274469939006681,0.23529411764705882,0.6363636363636364
Left,contig,Ang,WRM,HTL,7,0.3,1,401,88,241,39,COT,arc labels,,0.5073700261399942,0.22439024390243903,0.5227272727272727
Left,contig,Ang,WRM,HTL,7,0.3,1,401,88,241,39,none-Ang-HS4,arc labels,,0.4412757769387162,0.13541666666666666,0.14772727272727273
Left,contig,Ang,WRM,HTL,7,0.3,1,401,88,241,39,none-Ang-HSsrc,nothing,,0.4995280278826605,0.21897810218978103,0.3409090909090909
Left,contig,Ang,WRM,HTL,7,0.3,1,401,88,241,39,none-Ang-PCA,arc segments,16.0,0.4629501887888469,0.1796875,0.26136363636363635
Left,contig,Ang,WRM,HTL,7,0.3,1,401,88,241,39,QOTu-Ang-HS4,arc labels,,0.4762924774905606,0.20212765957446807,0.4318181818181818
Left,contig,Ang,WRM,HTL,7,0.3,1,401,88,241,39,QOTu-Ang-HSsrc,arc segments,,0.4862220447284345,0.20754716981132076,0.375
Left,contig,Ang,WRM,HTL,7,0.3,1,401,88,241,39,QOTu-Ang-PCA,arc segments,16.0,0.5130155387743247,0.23387096774193547,0.32954545454545453
Left,contig,Ang,WRM,HTL,7,0.3,1,401,88,241,39,QOTc-Ang-HS4,arc labels,,0.46903136799302936,0.20087336244541484,0.5227272727272727
Left,contig,Ang,WRM,HTL,7,0.3,1,401,88,241,39,QOTc-Ang-HSsrc,arc labels,,0.5370135056636653,0.24607329842931938,0.5340909090909091
Left,contig,Ang,WRM,HTL,7,0.3,1,401,88,241,39,QOTc-Ang-PCA,arc labels,64.0,0.49577040371768805,0.2112676056338028,0.17045454545454544
Left,contig,Ang,WRM,HTL,7,0.3,1,401,88,241,39,SDM-Ang-HS4,arc labels,,0.4580307871042695,0.19591836734693877,0.5454545454545454
Left,contig,Ang,WRM,HTL,7,0.3,1,401,88,241,39,SDM-Ang-HSsrc,arc labels,,0.5206578565204762,0.23943661971830985,0.38636363636363635
Left,contig,Ang,WRM,HTL,7,0.3,1,401,88,241,39,SDM-Ang-PCA,arc labels,64.0,0.536105866976474,0.2534246575342466,0.42045454545454547
Left,contig,Ang,WRM,HTL,7,0.5,1,401,88,391,79,NoAdapt,nothing,,0.5750254138832414,0.26406926406926406,0.6931818181818182
Left,contig,Ang,WRM,HTL,7,0.5,1,401,88,391,79,TargetOnly,arc labels,,0.5073700261399942,0.22439024390243903,0.5227272727272727
Left,contig,Ang,WRM,HTL,7,0.5,1,401,88,391,79,Source+Target,arc labels,,0.5375580888759802,0.24311926605504589,0.6022727272727273
Left,contig,Ang,WRM,HTL,7,0.5,1,401,88,391,79,COT,arc labels,,0.513414899796689,0.22767857142857142,0.5795454545454546
Left,contig,Ang,WRM,HTL,7,0.5,1,401,88,391,79,none-Ang-HS4,arc labels,,0.4364834446703456,0.13131313131313133,0.14772727272727273
Left,contig,Ang,WRM,HTL,7,0.5,1,401,88,391,79,none-Ang-HSsrc,nothing,,0.4995280278826605,0.21897810218978103,0.3409090909090909
Left,contig,Ang,WRM,HTL,7,0.5,1,401,88,391,79,none-Ang-PCA,arc segments,16.0,0.43417804240487945,0.13333333333333333,0.1590909090909091
Left,contig,Ang,WRM,HTL,7,0.5,1,401,88,391,79,QOTu-Ang-HS4,arc labels,,0.4942274179494627,0.2153846153846154,0.4772727272727273
Left,contig,Ang,WRM,HTL,7,0.5,1,401,88,391,79,QOTu-Ang-HSsrc,arc segments,,0.49491722335172816,0.21476510067114093,0.36363636363636365
Left,contig,Ang,WRM,HTL,7,0.5,1,401,88,391,79,QOTu-Ang-PCA,arc segments,16.0,0.5029044437990124,0.2222222222222222,0.36363636363636365
Left,contig,Ang,WRM,HTL,7,0.5,1,401,88,391,79,QOTc-Ang-HS4,arc labels,,0.4672523961661342,0.19909502262443438,0.5
Left,contig,Ang,WRM,HTL,7,0.5,1,401,88,391,79,QOTc-Ang-HSsrc,arc labels,,0.5320577984316004,0.23893805309734514,0.6136363636363636
Left,contig,Ang,WRM,HTL,7,0.5,1,401,88,391,79,QOTc-Ang-PCA,arc labels,64.0,0.4666715074063317,0.17857142857142858,0.22727272727272727
Left,contig,Ang,WRM,HTL,7,0.5,1,401,88,391,79,SDM-Ang-HS4,arc labels,,0.47507624164972406,0.2056451612903226,0.5795454545454546
Left,contig,Ang,WRM,HTL,7,0.5,1,401,88,391,79,SDM-Ang-HSsrc,arc labels,,0.5220737728724949,0.24242424242424243,0.36363636363636365
Left,contig,Ang,WRM,HTL,7,0.5,1,401,88,391,79,SDM-Ang-PCA,arc labels,32.0,0.481102962532675,0.2079646017699115,0.5340909090909091
Left,contig,Ang,WRM,PTT,0,0.05,1,1136,85,114,5,NoAdapt,nothing,,0.5141210052051268,0.07889908256880734,0.5058823529411764
Left,contig,Ang,WRM,PTT,0,0.05,1,1136,85,114,5,TargetOnly,arc labels,,0.5525773772877371,0.08702064896755163,0.6941176470588235
Left,contig,Ang,WRM,PTT,0,0.05,1,1136,85,114,5,Source+Target,arc labels,,0.5249342363015616,0.08196721311475409,0.5294117647058824
Left,contig,Ang,WRM,PTT,0,0.05,1,1136,85,114,5,COT,arc labels,,0.4700509318855992,0.06758832565284179,0.5176470588235295
Left,contig,Ang,WRM,PTT,0,0.05,1,1136,85,114,5,none-Ang-HS4,arc labels,,0.386573011697543,0.0463258785942492,0.3411764705882353
Left,contig,Ang,WRM,PTT,0,0.05,1,1136,85,114,5,none-Ang-HSsrc,nothing,,0.3856215369116248,0.04617834394904458,0.3411764705882353
Left,contig,Ang,WRM,PTT,0,0.05,1,1136,85,114,5,none-Ang-PCA,arc segments,16.0,0.5008059551127777,0.075,0.6352941176470588
Left,contig,Ang,WRM,PTT,0,0.05,1,1136,85,114,5,QOTu-Ang-HS4,arc labels,,0.41727766273017297,0.04921259842519685,0.29411764705882354
Left,contig,Ang,WRM,PTT,0,0.05,1,1136,85,114,5,QOTu-Ang-HSsrc,arc segments,,0.3840208205070801,0.045307443365695796,0.32941176470588235
Left,contig,Ang,WRM,PTT,0,0.05,1,1136,85,114,5,QOTu-Ang-PCA,arc segments,32.0,0.5564504393574747,0.12962962962962962,0.24705882352941178
Left,contig,Ang,WRM,PTT,0,0.05,1,1136,85,114,5,QOTc-Ang-HS4,arc labels,,0.4788996473946382,0.056179775280898875,0.11764705882352941
Left,contig,Ang,WRM,PTT,0,0.05,1,1136,85,114,5,QOTc-Ang-HSsrc,arc labels,,0.39764370067722615,0.046875,0.3176470588235294
Left,contig,Ang,WRM,PTT,0,0.05,1,1136,85,114,5,QOTc-Ang-PCA,arc labels,32.0,0.4698606369284155,0.050761421319796954,0.11764705882352941
Left,contig,Ang,WRM,PTT,0,0.05,1,1136,85,114,5,SDM-Ang-HS4,arc labels,,0.47777466838305255,0.05389221556886228,0.10588235294117647
Left,contig,Ang,WRM,PTT,0,0.05,1,1136,85,114,5,SDM-Ang-HSsrc,arc labels,,0.3928863267476353,0.04607508532423208,0.3176470588235294
Left,contig,Ang,WRM,PTT,0,0.05,1,1136,85,114,5,SDM-Ang-PCA,arc labels,64.0,0.4908378575026585,0.06735751295336788,0.15294117647058825
Left,contig,Ang,WRM,PTT,0,0.1,1,1136,85,227,7,NoAdapt,nothing,,0.5141210052051268,0.07889908256880734,0.5058823529411764
Left,contig,Ang,WRM,PTT,0,0.1,1,1136,85,227,7,TargetOnly,arc labels,,0.5465271170313987,0.08384710234278668,0.8
Left,contig,Ang,WRM,PTT,0,0.1,1,1136,85,227,7,Source+Target,arc labels,,0.5169754295628812,0.07977736549165121,0.5058823529411764
Left,contig,Ang,WRM,PTT,0,0.1,1,1136,85,227,7,COT,arc labels,,0.45911456875804557,0.06699147381242387,0.6470588235294118
Left,contig,Ang,WRM,PTT,0,0.1,1,1136,85,227,7,none-Ang-HS4,arc labels,,0.45127889405048416,0.06279434850863422,0.47058823529411764
Left,contig,Ang,WRM,PTT,0,0.1,1,1136,85,227,7,none-Ang-HSsrc,nothing,,0.3856215369116248,0.04617834394904458,0.3411764705882353
Left,contig,Ang,WRM,PTT,0,0.1,1,1136,85,227,7,none-Ang-PCA,arc segments,16.0,0.5040969384899535,0.07560975609756097,0.7294117647058823
Left,contig,Ang,WRM,PTT,0,0.1,1,1136,85,227,7,QOTu-Ang-HS4,arc labels,,0.4020540661554822,0.046296296296296294,0.29411764705882354
Left,contig,Ang,WRM,PTT,0,0.1,1,1136,85,227,7,QOTu-Ang-HSsrc,arc segments,,0.38449655790003917,0.04538087520259319,0.32941176470588235
Left,contig,Ang,WRM,PTT,0,0.1,1,1136,85,227,7,QOTu-Ang-PCA,arc segments,32.0,0.5232831477024682,0.08522727272727272,0.35294117647058826
Left,contig,Ang,WRM,PTT,0,0.1,1,1136,85,227,7,QOTc-Ang-HS4,arc labels,,0.4799350758381374,0.045871559633027525,0.058823529411764705
Left,contig,Ang,WRM,PTT,0,0.1,1,1136,85,227,7,QOTc-Ang-HSsrc,arc labels,,0.4109195723960374,0.047244094488188976,0.2823529411764706
Left,contig,Ang,WRM,PTT,0,0.1,1,1136,85,227,7,QOTc-Ang-PCA,arc labels,64.0,0.5235853808697599,0.08579881656804733,0.3411764705882353
Left,contig,Ang,WRM,PTT,0,0.1,1,1136,85,227,7,SDM-Ang-HS4,arc labels,,0.47664968937146696,0.05128205128205128,0.09411764705882353
Left,contig,Ang,WRM,PTT,0,0.1,1,1136,85,227,7,SDM-Ang-HSsrc,arc labels,,0.40153915038898524,0.05092592592592592,0.38823529411764707
Left,contig,Ang,WRM,PTT,0,0.1,1,1136,85,227,7,SDM-Ang-PCA,arc labels,64.0,0.47874293390048694,0.06930693069306931,0.49411764705882355
Left,contig,Ang,WRM,PTT,0,0.2,1,1136,85,454,10,NoAdapt,nothing,,0.5141210052051268,0.07889908256880734,0.5058823529411764
Left,contig,Ang,WRM,PTT,0,0.2,1,1136,85,454,10,TargetOnly,arc labels,,0.49486763306654724,0.07272727272727272,0.32941176470588235
Left,contig,Ang,WRM,PTT,0,0.2,1,1136,85,454,10,Source+Target,arc labels,,0.5144232383724184,0.07909604519774012,0.49411764705882355
Left,contig,Ang,WRM,PTT,0,0.2,1,1136,85,454,10,COT,arc labels,,0.47610119214193763,0.06756756756756757,0.4117647058823529
Left,contig,Ang,WRM,PTT,0,0.2,1,1136,85,454,10,none-Ang-HS4,arc labels,,0.38497229529299826,0.045454545454545456,0.32941176470588235
Left,contig,Ang,WRM,PTT,0,0.2,1,1136,85,454,10,none-Ang-HSsrc,nothing,,0.3856215369116248,0.04617834394904458,0.3411764705882353
Left,contig,Ang,WRM,PTT,0,0.2,1,1136,85,454,10,none-Ang-PCA,arc segments,16.0,0.5159903733139307,0.0779874213836478,0.7294117647058823
Left,contig,Ang,WRM,PTT,0,0.2,1,1136,85,454,10,QOTu-Ang-HS4,arc labels,,0.3868752448648346,0.0457516339869281,0.32941176470588235
Left,contig,Ang,WRM,PTT,0,0.2,1,1136,85,454,10,QOTu-Ang-HSsrc,arc segments,,0.38497229529299826,0.045454545454545456,0.32941176470588235
Left,contig,Ang,WRM,PTT,0,0.2,1,1136,85,454,10,QOTu-Ang-PCA,arc segments,32.0,0.5031286729725192,0.07611548556430446,0.3411764705882353
Left,contig,Ang,WRM,PTT,0,0.2,1,1136,85,454,10,QOTc-Ang-HS4,arc labels,,0.44715956791850897,0.052054794520547946,0.2235294117647059
Left,contig,Ang,WRM,PTT,0,0.2,1,1136,85,454,10,QOTc-Ang-HSsrc,arc labels,,0.38242010410253535,0.044407894736842105,0.3176470588235294
Left,contig,Ang,WRM,PTT,0,0.2,1,1136,85,454,10,QOTc-Ang-PCA,arc labels,32.0,0.48707673364302906,0.06639004149377593,0.18823529411764706
Left,contig,Ang,WRM,PTT,0,0.2,1,1136,85,454,10,SDM-Ang-HS4,arc labels,,0.4830525549896457,0.061224489795918366,0.1411764705882353
Left,contig,Ang,WRM,PTT,0,0.2,1,1136,85,454,10,SDM-Ang-HSsrc,arc labels,,0.39478927631947164,0.04639175257731959,0.3176470588235294
Left,contig,Ang,WRM,PTT,0,0.2,1,1136,85,454,10,SDM-Ang-PCA,arc labels,32.0,0.5103039122404434,0.08108108108108109,0.24705882352941178
Left,contig,Ang,WRM,PTT,0,0.3,1,1136,85,682,28,NoAdapt,nothing,,0.5141210052051268,0.07889908256880734,0.5058823529411764
Left,contig,Ang,WRM,PTT,0,0.3,1,1136,85,682,28,TargetOnly,arc labels,,0.49373705714445626,0.07048458149779736,0.18823529411764706
Left,contig,Ang,WRM,PTT,0,0.3,1,1136,85,682,28,Source+Target,arc labels,,0.5442659651872167,0.08888888888888889,0.5176470588235295
Left,contig,Ang,WRM,PTT,0,0.3,1,1136,85,682,28,COT,arc labels,,0.4646443163373818,0.0662557781201849,0.5058823529411764
Left,contig,Ang,WRM,PTT,0,0.3,1,1136,85,682,28,none-Ang-HS4,arc labels,,0.3872222533161695,0.047021943573667714,0.35294117647058826
Left,contig,Ang,WRM,PTT,0,0.3,1,1136,85,682,28,none-Ang-HSsrc,nothing,,0.3856215369116248,0.04617834394904458,0.3411764705882353
Left,contig,Ang,WRM,PTT,0,0.3,1,1136,85,682,28,none-Ang-PCA,arc segments,32.0,0.49344601779817543,0.07289719626168224,0.4588235294117647
Left,contig,Ang,WRM,PTT,0,0.3,1,1136,85,682,28,QOTu-Ang-HS4,arc labels,,0.392281860413052,0.04723127035830619,0.3411764705882353
Left,contig,Ang,WRM,PTT,0,0.3,1,1136,85,682,28,QOTu-Ang-HSsrc,arc segments,,0.38497229529299826,0.045454545454545456,0.32941176470588235
Left,contig,Ang,WRM,PTT,0,0.3,1,1136,85,682,28,QOTu-Ang-PCA,arc segments,32.0,0.5621704818939945,0.09684684684684684,0.5058823529411764
Left,contig,Ang,WRM,PTT,0,0.3,1,1136,85,682,28,QOTc-Ang-HS4,arc labels,,0.5015671349415123,0.07575757575757576,0.23529411764705882
Left,contig,Ang,WRM,PTT,0,0.3,1,1136,85,682,28,QOTc-Ang-HSsrc,arc labels,,0.6197850786365926,0.11176470588235295,0.6705882352941176
Left,contig,Ang,WRM,PTT,0,0.3,1,1136,85,682,28,QOTc-Ang-PCA,arc labels,64.0,0.598449655790004,0.15463917525773196,0.35294117647058826
Left,contig,Ang,WRM,PTT,0,0.3,1,1136,85,682,28,SDM-Ang-HS4,arc labels,,0.5049812503498069,0.07894736842105263,0.17647058823529413
Left,contig,Ang,WRM,PTT,0,0.3,1,1136,85,682,28,SDM-Ang-HSsrc,arc labels,,0.633704595063525,0.14332247557003258,0.5176470588235295
Left,contig,Ang,WRM,PTT,0,0.3,1,1136,85,682,28,SDM-Ang-PCA,arc labels,16.0,0.4897128784910729,0.06593406593406594,0.1411764705882353
Left,contig,Ang,WRM,PTT,0,0.5,1,1136,85,1124,54,NoAdapt,nothing,,0.5141210052051268,0.07889908256880734,0.5058823529411764
Left,contig,Ang,WRM,PTT,0,0.5,1,1136,85,1124,54,TargetOnly,arc labels,,0.5066771142329434,0.07728337236533958,0.38823529411764707
Left,contig,Ang,WRM,PTT,0,0.5,1,1136,85,1124,54,Source+Target,arc labels,,0.5227234566519281,0.08333333333333333,0.4117647058823529
Left,contig,Ang,WRM,PTT,0,0.5,1,1136,85,1124,54,COT,arc labels,,0.4726926736441484,0.06901217861975643,0.6
Left,contig,Ang,WRM,PTT,0,0.5,1,1136,85,1124,54,none-Ang-HS4,arc labels,,0.38497229529299826,0.045454545454545456,0.32941176470588235
Left,contig,Ang,WRM,PTT,0,0.5,1,1136,85,1124,54,none-Ang-HSsrc,nothing,,0.3856215369116248,0.04617834394904458,0.3411764705882353
Left,contig,Ang,WRM,PTT,0,0.5,1,1136,85,1124,54,none-Ang-PCA,arc segments,64.0,0.5126881961157441,0.0798004987531172,0.3764705882352941
Left,contig,Ang,WRM,PTT,0,0.5,1,1136,85,1124,54,QOTu-Ang-HS4,arc labels,,0.3868752448648346,0.0457516339869281,0.32941176470588235
Left,contig,Ang,WRM,PTT,0,0.5,1,1136,85,1124,54,QOTu-Ang-HSsrc,arc segments,,0.38497229529299826,0.045454545454545456,0.32941176470588235
Left,contig,Ang,WRM,PTT,0,0.5,1,1136,85,1124,54,QOTu-Ang-PCA,arc segments,64.0,0.4700453349750937,0.06547619047619048,0.38823529411764707
Left,contig,Ang,WRM,PTT,0,0.5,1,1136,85,1124,54,QOTc-Ang-HS4,arc labels,,0.48777075054569874,0.06825938566552901,0.23529411764705882
Left,contig,Ang,WRM,PTT,0,0.5,1,1136,85,1124,54,QOTc-Ang-HSsrc,arc labels,,0.5105781608552079,0.07739938080495357,0.5882352941176471
Left,contig,Ang,WRM,PTT,0,0.5,1,1136,85,1124,54,QOTc-Ang-PCA,arc labels,16.0,0.6202552191190462,0.1270718232044199,0.5411764705882353
Left,contig,Ang,WRM,PTT,0,0.5,1,1136,85,1124,54,SDM-Ang-HS4,arc labels,,0.4932613197514972,0.07017543859649122,0.18823529411764706
Left,contig,Ang,WRM,PTT,0,0.5,1,1136,85,1124,54,SDM-Ang-HSsrc,arc labels,,0.4659427995746348,0.06686478454680535,0.5294117647058824
Left,contig,Ang,WRM,PTT,0,0.5,1,1136,85,1124,54,SDM-Ang-PCA,arc labels,64.0,0.494515027704707,0.07075471698113207,0.17647058823529413
Left,contig,Ang,WRM,PTT,1,0.05,1,1136,76,114,9,NoAdapt,nothing,,0.5434210526315789,0.08026030368763558,0.4868421052631579
Left,contig,Ang,WRM,PTT,1,0.05,1,1136,76,114,9,TargetOnly,arc labels,,0.581454816285998,0.09072164948453608,0.5789473684210527
Left,contig,Ang,WRM,PTT,1,0.05,1,1136,76,114,9,Source+Target,arc labels,,0.5514150943396227,0.08278867102396514,0.5
Left,contig,Ang,WRM,PTT,1,0.05,1,1136,76,114,9,COT,arc labels,,0.465888778550149,0.06027397260273973,0.5789473684210527
Left,contig,Ang,WRM,PTT,1,0.05,1,1136,76,114,9,none-Ang-HS4,arc labels,,0.4018867924528302,0.03861788617886179,0.25
Left,contig,Ang,WRM,PTT,1,0.05,1,1136,76,114,9,none-Ang-HSsrc,nothing,,0.40280536246276066,0.039603960396039604,0.2631578947368421
Left,contig,Ang,WRM,PTT,1,0.05,1,1136,76,114,9,none-Ang-PCA,arc segments,16.0,0.4965243296921549,0.0661764705882353,0.5921052631578947
Left,contig,Ang,WRM,PTT,1,0.05,1,1136,76,114,9,QOTu-Ang-HS4,arc labels,,0.405188679245283,0.03917525773195876,0.25
Left,contig,Ang,WRM,PTT,1,0.05,1,1136,76,114,9,QOTu-Ang-HSsrc,arc segments,,0.4018867924528302,0.03861788617886179,0.25
Left,contig,Ang,WRM,PTT,1,0.05,1,1136,76,114,9,QOTu-Ang-PCA,arc segments,32.0,0.5287487586891758,0.08403361344537816,0.2631578947368421
Left,contig,Ang,WRM,PTT,1,0.05,1,1136,76,114,9,QOTc-Ang-HS4,arc labels,,0.4544438927507448,0.0421455938697318,0.14473684210526316
Left,contig,Ang,WRM,PTT,1,0.05,1,1136,76,114,9,QOTc-Ang-HSsrc,arc labels,,0.4099553128103277,0.038202247191011236,0.2236842105263158
Left,contig,Ang,WRM,PTT,1,0.05,1,1136,76,114,9,QOTc-Ang-PCA,arc labels,64.0,0.5093098311817279,0.06902086677367576,0.5657894736842105
Left,contig,Ang,WRM,PTT,1,0.05,1,1136,76,114,9,SDM-Ang-HS4,arc labels,,0.46822244289970205,0.040697674418604654,0.09210526315789473
Left,contig,Ang,WRM,PTT,1,0.05,1,1136,76,114,9,SDM-Ang-HSsrc,arc labels,,0.4047914597815293,0.036281179138321996,0.21052631578947367
Left,contig,Ang,WRM,PTT,1,0.05,1,1136,76,114,9,SDM-Ang-PCA,arc labels,32.0,0.44880834160873884,0.03875968992248062,0.13157894736842105
Left,contig,Ang,WRM,PTT,1,0.1,1,1136,76,227,11,NoAdapt,nothing,,0.5434210526315789,0.08026030368763558,0.4868421052631579
Left,contig,Ang,WRM,PTT,1,0.1,1,1136,76,227,11,TargetOnly,arc labels,,0.6064299900695134,0.10067114093959731,0.5921052631578947
Left,contig,Ang,WRM,PTT,1,0.1,1,1136,76,227,11,Source+Target,arc labels,,0.5575223435948362,0.08459869848156182,0.5131578947368421
Left,contig,Ang,WRM,PTT,1,0.1,1,1136,76,227,11,COT,arc labels,,0.4785749751737835,0.06275579809004093,0.6052631578947368
Left,contig,Ang,WRM,PTT,1,0.1,1,1136,76,227,11,none-Ang-HS4,arc labels,,0.40141509433962264,0.038539553752535496,0.25
Left,contig,Ang,WRM,PTT,1,0.1,1,1136,76,227,11,none-Ang-HSsrc,nothing,,0.40280536246276066,0.039603960396039604,0.2631578947368421
Left,contig,Ang,WRM,PTT,1,0.1,1,1136,76,227,11,none-Ang-PCA,arc segments,16.0,0.5002979145978153,0.06696428571428571,0.5921052631578947
Left,contig,Ang,WRM,PTT,1,0.1,1,1136,76,227,11,QOTu-Ang-HS4,arc labels,,0.4047169811320755,0.03909465020576132,0.25
Left,contig,Ang,WRM,PTT,1,0.1,1,1136,76,227,11,QOTu-Ang-HSsrc,arc segments,,0.4033018867924528,0.03885480572597137,0.25
Left,contig,Ang,WRM,PTT,1,0.1,1,1136,76,227,11,QOTu-Ang-PCA,arc segments,32.0,0.5134558093346574,0.07179487179487179,0.3684210526315789
Left,contig,Ang,WRM,PTT,1,0.1,1,1136,76,227,11,QOTc-Ang-HS4,arc labels,,0.45394736842105265,0.04332129963898917,0.15789473684210525
Left,contig,Ang,WRM,PTT,1,0.1,1,1136,76,227,11,QOTc-Ang-HSsrc,arc labels,,0.39860973187686194,0.0371900826446281,0.23684210526315788
Left,contig,Ang,WRM,PTT,1,0.1,1,1136,76,227,11,QOTc-Ang-PCA,arc labels,64.0,0.49518371400198613,0.06583072100313479,0.5526315789473685
Left,contig,Ang,WRM,PTT,1,0.1,1,1136,76,227,11,SDM-Ang-HS4,arc labels,,0.4557845084409136,0.0462046204620462,0.18421052631578946
Left,contig,Ang,WRM,PTT,1,0.1,1,1136,76,227,11,SDM-Ang-HSsrc,arc labels,,0.48723932472691167,0.06393442622950819,0.5131578947368421
Left,contig,Ang,WRM,PTT,1,0.1,1,1136,76,227,11,SDM-Ang-PCA,arc labels,16.0,0.48222442899702084,0.05603448275862069,0.17105263157894737
Left,contig,Ang,WRM,PTT,1,0.2,1,1136,76,454,25,NoAdapt,nothing,,0.5434210526315789,0.08026030368763558,0.4868421052631579
Left,contig,Ang,WRM,PTT,1,0.2,1,1136,76,454,25,TargetOnly,arc labels,,0.48540218470705065,0.06335616438356165,0.4868421052631579
Left,contig,Ang,WRM,PTT,1,0.2,1,1136,76,454,25,Source+Target,arc labels,,0.5781529294935452,0.08943089430894309,0.5789473684210527
Left,contig,Ang,WRM,PTT,1,0.2,1,1136,76,454,25,COT,arc labels,,0.47375868917576963,0.062266500622665005,0.6578947368421053
Left,contig,Ang,WRM,PTT,1,0.2,1,1136,76,454,25,none-Ang-HS4,arc labels,,0.40141509433962264,0.038539553752535496,0.25
Left,contig,Ang,WRM,PTT,1,0.2,1,1136,76,454,25,none-Ang-HSsrc,nothing,,0.40280536246276066,0.039603960396039604,0.2631578947368421
Left,contig,Ang,WRM,PTT,1,0.2,1,1136,76,454,25,none-Ang-PCA,arc segments,32.0,0.49739324726911616,0.06605922551252848,0.3815789473684211
Left,contig,Ang,WRM,PTT,1,0.2,1,1136,76,454,25,QOTu-Ang-HS4,arc labels,,0.4047169811320755,0.03909465020576132,0.25
Left,contig,Ang,WRM,PTT,1,0.2,1,1136,76,454,25,QOTu-Ang-HSsrc,arc segments,,0.4018867924528302,0.03861788617886179,0.25
Left,contig,Ang,WRM,PTT,1,0.2,1,1136,76,454,25,QOTu-Ang-PCA,arc segments,16.0,0.49252730883813306,0.06274509803921569,0.21052631578947367
Left,contig,Ang,WRM,PTT,1,0.2,1,1136,76,454,25,QOTc-Ang-HS4,arc labels,,0.4027308838133069,0.015037593984962405,0.05263157894736842
Left,contig,Ang,WRM,PTT,1,0.2,1,1136,76,454,25,QOTc-Ang-HSsrc,arc labels,,0.4080685203574975,0.0378619153674833,0.2236842105263158
Left,contig,Ang,WRM,PTT,1,0.2,1,1136,76,454,25,QOTc-Ang-PCA,arc labels,32.0,0.4548907646474677,0.04363636363636364,0.15789473684210525
Left,contig,Ang,WRM,PTT,1,0.2,1,1136,76,454,25,SDM-Ang-HS4,arc labels,,0.4056852035749752,0.03837953091684435,0.23684210526315788
Left,contig,Ang,WRM,PTT,1,0.2,1,1136,76,454,25,SDM-Ang-HSsrc,arc labels,,0.40337636544190664,0.036036036036036036,0.21052631578947367
Left,contig,Ang,WRM,PTT,1,0.2,1,1136,76,454,25,SDM-Ang-PCA,arc labels,64.0,0.5915094339622642,0.10160427807486631,0.5
Left,contig,Ang,WRM,PTT,1,0.3,1,1136,76,682,42,NoAdapt,nothing,,0.5434210526315789,0.08026030368763558,0.4868421052631579
Left,contig,Ang,WRM,PTT,1,0.3,1,1136,76,682,42,TargetOnly,arc labels,,0.564746772591857,0.09269662921348315,0.4342105263157895
Left,contig,Ang,WRM,PTT,1,0.3,1,1136,76,682,42,Source+Target,arc labels,,0.598485600794439,0.10023866348448687,0.5526315789473685
Left,contig,Ang,WRM,PTT,1,0.3,1,1136,76,682,42,COT,arc labels,,0.5331181727904667,0.0776255707762557,0.4473684210526316
Left,contig,Ang,WRM,PTT,1,0.3,1,1136,76,682,42,none-Ang-HS4,arc labels,,0.4009433962264151,0.038461538461538464,0.25
Left,contig,Ang,WRM,PTT,1,0.3,1,1136,76,682,42,none-Ang-HSsrc,nothing,,0.40280536246276066,0.039603960396039604,0.2631578947368421
Left,contig,Ang,WRM,PTT,1,0.3,1,1136,76,682,42,none-Ang-PCA,arc segments,16.0,0.49066534260178746,0.06527093596059114,0.6973684210526315
Left,contig,Ang,WRM,PTT,1,0.3,1,1136,76,682,42,QOTu-Ang-HS4,arc labels,,0.4037735849056604,0.0389344262295082,0.25
Left,contig,Ang,WRM,PTT,1,0.3,1,1136,76,682,42,QOTu-Ang-HSsrc,arc segments,,0.4018867924528302,0.03861788617886179,0.25
Left,contig,Ang,WRM,PTT,1,0.3,1,1136,76,682,42,QOTu-Ang-PCA,arc segments,16.0,0.4612711022840119,0.05303030303030303,0.27631578947368424
Left,contig,Ang,WRM,PTT,1,0.3,1,1136,76,682,42,QOTc-Ang-HS4,arc labels,,0.46333167825223437,0.04878048780487805,0.18421052631578946
Left,contig,Ang,WRM,PTT,1,0.3,1,1136,76,682,42,QOTc-Ang-HSsrc,arc labels,,0.49098808341608735,0.06482982171799027,0.5263157894736842
Left,contig,Ang,WRM,PTT,1,0.3,1,1136,76,682,42,QOTc-Ang-PCA,arc labels,64.0,0.5569761668321748,0.1031390134529148,0.3026315789473684
Left,contig,Ang,WRM,PTT,1,0.3,1,1136,76,682,42,SDM-Ang-HS4,arc labels,,0.46663356504468717,0.05,0.18421052631578946
Left,contig,Ang,WRM,PTT,1,0.3,1,1136,76,682,42,SDM-Ang-HSsrc,arc labels,,0.6477656405163853,0.11206896551724138,0.6842105263157895
Left,contig,Ang,WRM,PTT,1,0.3,1,1136,76,682,42,SDM-Ang-PCA,arc labels,64.0,0.530635551142006,0.08547008547008547,0.2631578947368421
Left,contig,Ang,WRM,PTT,1,0.5,1,1136,76,1112,63,NoAdapt,nothing,,0.5434210526315789,0.08026030368763558,0.4868421052631579
Left,contig,Ang,WRM,PTT,1,0.5,1,1136,76,1112,63,TargetOnly,arc labels,,0.46037735849056605,0.051630434782608696,0.25
Left,contig,Ang,WRM,PTT,1,0.5,1,1136,76,1112,63,Source+Target,arc labels,,0.5553128103277061,0.08776595744680851,0.4342105263157895
Left,contig,Ang,WRM,PTT,1,0.5,1,1136,76,1112,63,COT,arc labels,,0.4911618669314797,0.064453125,0.4342105263157895
Left,contig,Ang,WRM,PTT,1,0.5,1,1136,76,1112,63,none-Ang-HS4,arc labels,,0.40141509433962264,0.038539553752535496,0.25
Left,contig,Ang,WRM,PTT,1,0.5,1,1136,76,1112,63,none-Ang-HSsrc,nothing,,0.40280536246276066,0.039603960396039604,0.2631578947368421
Left,contig,Ang,WRM,PTT,1,0.5,1,1136,76,1112,63,none-Ang-PCA,arc segments,32.0,0.5828699106256207,0.0912863070539419,0.5789473684210527
Left,contig,Ang,WRM,PTT,1,0.5,1,1136,76,1112,63,QOTu-Ang-HS4,arc labels,,0.4033018867924528,0.03885480572597137,0.25
Left,contig,Ang,WRM,PTT,1,0.5,1,1136,76,1112,63,QOTu-Ang-HSsrc,arc segments,,0.4018867924528302,0.03861788617886179,0.25
Left,contig,Ang,WRM,PTT,1,0.5,1,1136,76,1112,63,QOTu-Ang-PCA,arc segments,64.0,0.5622144985104269,0.08583690987124463,0.5263157894736842
Left,contig,Ang,WRM,PTT,1,0.5,1,1136,76,1112,63,QOTc-Ang-HS4,arc labels,,0.44493545183714,0.04294478527607362,0.18421052631578946
Left,contig,Ang,WRM,PTT,1,0.5,1,1136,76,1112,63,QOTc-Ang-HSsrc,arc labels,,0.40141509433962264,0.038539553752535496,0.25
Left,contig,Ang,WRM,PTT,1,0.5,1,1136,76,1112,63,QOTc-Ang-PCA,arc labels,16.0,0.6228152929493546,0.1026694045174538,0.6578947368421053
Left,contig,Ang,WRM,PTT,1,0.5,1,1136,76,1112,63,SDM-Ang-HS4,arc labels,,0.47549652432969214,0.056074766355140186,0.23684210526315788
Left,contig,Ang,WRM,PTT,1,0.5,1,1136,76,1112,63,SDM-Ang-HSsrc,arc labels,,0.5242303872889772,0.07524271844660194,0.40789473684210525
Left,contig,Ang,WRM,PTT,1,0.5,1,1136,76,1112,63,SDM-Ang-PCA,arc labels,64.0,0.4769364448857994,0.056105610561056105,0.2236842105263158
Left,contig,Ang,WRM,PTT,2,0.05,0,1136,82,114,0,NoAdapt,nothing,,0.5396515018281113,0.08624708624708624,0.45121951219512196
Left,contig,Ang,WRM,PTT,2,0.05,0,1136,82,114,0,TargetOnly,arc labels,,,,
Left,contig,Ang,WRM,PTT,2,0.05,0,1136,82,114,0,Source+Target,arc labels,,,,
Left,contig,Ang,WRM,PTT,2,0.05,0,1136,82,114,0,COT,arc labels,,,,
Left,contig,Ang,WRM,PTT,2,0.05,0,1136,82,114,0,none-Ang-HS4,arc labels,,,,
Left,contig,Ang,WRM,PTT,2,0.05,0,1136,82,114,0,none-Ang-HSsrc,nothing,,0.4363979265978618,0.04941176470588235,0.25609756097560976
Left,contig,Ang,WRM,PTT,2,0.05,0,1136,82,114,0,none-Ang-PCA,arc segments,16.0,0.5117785902716712,0.07492354740061162,0.5975609756097561
Left,contig,Ang,WRM,PTT,2,0.05,0,1136,82,114,0,QOTu-Ang-HS4,arc labels,,,,
Left,contig,Ang,WRM,PTT,2,0.05,0,1136,82,114,0,QOTu-Ang-HSsrc,arc segments,,0.4355185819410376,0.048426150121065374,0.24390243902439024
Left,contig,Ang,WRM,PTT,2,0.05,0,1136,82,114,0,QOTu-Ang-PCA,arc segments,32.0,0.5381705003008284,0.08882521489971347,0.3780487804878049
Left,contig,Ang,WRM,PTT,2,0.05,0,1136,82,114,0,QOTc-Ang-HS4,arc labels,,,,
Left,contig,Ang,WRM,PTT,2,0.05,0,1136,82,114,0,QOTc-Ang-HSsrc,arc labels,,,,
Left,contig,Ang,WRM,PTT,2,0.05,0,1136,82,114,0,QOTc-Ang-PCA,arc labels,,,,
Left,contig,Ang,WRM,PTT,2,0.05,0,1136,82,114,0,SDM-Ang-HS4,arc labels,,,,
Left,contig,Ang,WRM,PTT,2,0.05,0,1136,82,114,0,SDM-Ang-HSsrc,arc labels,,,,
Left,contig,Ang,WRM,PTT,2,0.05,0,1136,82,114,0,SDM-Ang-PCA,arc labels,,,,
Left,contig,Ang,WRM,PTT,2,0.1,1,1136,82,227,4,NoAdapt,nothing,,0.5396515018281113,0.08624708624708624,0.45121951219512196
Left,contig,Ang,WRM,PTT,2,0.1,1,1136,82,227,4,TargetOnly,arc labels,,0.5002545471375017,0.07246376811594203,0.12195121951219512
Left,contig,Ang,WRM,PTT,2,0.1,1,1136,82,227,4,Source+Target,arc labels,,0.5271902624149581,0.08290155440414508,0.3902439024390244
Left,contig,Ang,WRM,PTT,2,0.1,1,1136,82,227,4,COT,arc labels,,0.48941315314481415,0.061224489795918366,0.10975609756097561
Left,contig,Ang,WRM,PTT,2,0.1,1,1136,82,227,4,none-Ang-HS4,arc labels,,0.4340954320359143,0.04807692307692308,0.24390243902439024
Left,contig,Ang,WRM,PTT,2,0.1,1,1136,82,227,4,none-Ang-HSsrc,nothing,,0.4363979265978618,0.04941176470588235,0.25609756097560976
Left,contig,Ang,WRM,PTT,2,0.1,1,1136,82,227,4,none-Ang-PCA,arc segments,64.0,0.5338431989632989,0.09090909090909091,0.3048780487804878
Left,contig,Ang,WRM,PTT,2,0.1,1,1136,82,227,4,QOTu-Ang-HS4,arc labels,,0.4355185819410376,0.048426150121065374,0.24390243902439024
Left,contig,Ang,WRM,PTT,2,0.1,1,1136,82,227,4,QOTu-Ang-HSsrc,arc segments,,0.4359929652427454,0.04854368932038835,0.24390243902439024
Left,contig,Ang,WRM,PTT,2,0.1,1,1136,82,227,4,QOTu-Ang-PCA,arc segments,32.0,0.5496251214884065,0.09646302250803858,0.36585365853658536
Left,contig,Ang,WRM,PTT,2,0.1,1,1136,82,227,4,QOTc-Ang-HS4,arc labels,,0.44196325264960434,0.046511627906976744,0.1951219512195122
Left,contig,Ang,WRM,PTT,2,0.1,1,1136,82,227,4,QOTc-Ang-HSsrc,arc labels,,0.43606238718933676,0.04773869346733668,0.23170731707317074
Left,contig,Ang,WRM,PTT,2,0.1,1,1136,82,227,4,QOTc-Ang-PCA,arc labels,64.0,0.4942148377840515,0.06818181818181818,0.18292682926829268
Left,contig,Ang,WRM,PTT,2,0.1,1,1136,82,227,4,SDM-Ang-HS4,arc labels,,0.4633220715508863,0.04455445544554455,0.10975609756097561
Left,contig,Ang,WRM,PTT,2,0.1,1,1136,82,227,4,SDM-Ang-HSsrc,arc labels,,0.4614129680196233,0.052805280528052806,0.1951219512195122
Left,contig,Ang,WRM,PTT,2,0.1,1,1136,82,227,4,SDM-Ang-PCA,arc labels,16.0,0.5067570694682278,0.07894736842105263,0.14634146341463414
Left,contig,Ang,WRM,PTT,2,0.2,1,1136,82,454,30,NoAdapt,nothing,,0.5396515018281113,0.08624708624708624,0.45121951219512196
Left,contig,Ang,WRM,PTT,2,0.2,1,1136,82,454,30,TargetOnly,arc labels,,0.4897834035266349,0.06873614190687362,0.3780487804878049
Left,contig,Ang,WRM,PTT,2,0.2,1,1136,82,454,30,Source+Target,arc labels,,0.5835493127227287,0.09894736842105263,0.573170731707317
Left,contig,Ang,WRM,PTT,2,0.2,1,1136,82,454,30,COT,arc labels,,0.5001966955153423,0.07223113964686999,0.5487804878048781
Left,contig,Ang,WRM,PTT,2,0.2,1,1136,82,454,30,none-Ang-HS4,arc labels,,0.43314666543249875,0.04784688995215311,0.24390243902439024
Left,contig,Ang,WRM,PTT,2,0.2,1,1136,82,454,30,none-Ang-HSsrc,nothing,,0.4363979265978618,0.04941176470588235,0.25609756097560976
Left,contig,Ang,WRM,PTT,2,0.2,1,1136,82,454,30,none-Ang-PCA,arc segments,64.0,0.5206993104086639,0.08363636363636363,0.2804878048780488
Left,contig,Ang,WRM,PTT,2,0.2,1,1136,82,454,30,QOTu-Ang-HS4,arc labels,,0.4355185819410376,0.048426150121065374,0.24390243902439024
Left,contig,Ang,WRM,PTT,2,0.2,1,1136,82,454,30,QOTu-Ang-HSsrc,arc segments,,0.43504419863932986,0.04830917874396135,0.24390243902439024
Left,contig,Ang,WRM,PTT,2,0.2,1,1136,82,454,30,QOTu-Ang-PCA,arc segments,32.0,0.5120909890313324,0.0781758957654723,0.2926829268292683
Left,contig,Ang,WRM,PTT,2,0.2,1,1136,82,454,30,QOTc-Ang-HS4,arc labels,,0.5301638357939557,0.08240534521158129,0.45121951219512196
Left,contig,Ang,WRM,PTT,2,0.2,1,1136,82,454,30,QOTc-Ang-HSsrc,arc labels,,0.5113967695654186,0.07606263982102908,0.4146341463414634
Left,contig,Ang,WRM,PTT,2,0.2,1,1136,82,454,30,QOTc-Ang-PCA,arc labels,64.0,0.4669204424492063,0.03597122302158273,0.06097560975609756
Left,contig,Ang,WRM,PTT,2,0.2,1,1136,82,454,30,SDM-Ang-HS4,arc labels,,0.47803952422825935,0.06697819314641744,0.524390243902439
Left,contig,Ang,WRM,PTT,2,0.2,1,1136,82,454,30,SDM-Ang-HSsrc,arc labels,,0.567663257277734,0.08602150537634409,0.7804878048780488
Left,contig,Ang,WRM,PTT,2,0.2,1,1136,82,454,30,SDM-Ang-PCA,arc labels,64.0,0.48527097699819505,0.06222222222222222,0.17073170731707318
Left,contig,Ang,WRM,PTT,2,0.3,1,1136,82,682,43,NoAdapt,nothing,,0.5396515018281113,0.08624708624708624,0.45121951219512196
Left,contig,Ang,WRM,PTT,2,0.3,1,1136,82,682,43,TargetOnly,arc labels,,0.4679154903503494,0.056782334384858045,0.21951219512195122
Left,contig,Ang,WRM,PTT,2,0.3,1,1136,82,682,43,Source+Target,arc labels,,0.5896584440227703,0.10817941952506596,0.5
Left,contig,Ang,WRM,PTT,2,0.3,1,1136,82,682,43,COT,arc labels,,0.5600499838015458,0.09585492227979274,0.45121951219512196
Left,contig,Ang,WRM,PTT,2,0.3,1,1136,82,682,43,none-Ang-HS4,arc labels,,0.42792844911371314,0.046620046620046623,0.24390243902439024
Left,contig,Ang,WRM,PTT,2,0.3,1,1136,82,682,43,none-Ang-HSsrc,nothing,,0.4363979265978618,0.04941176470588235,0.25609756097560976
Left,contig,Ang,WRM,PTT,2,0.3,1,1136,82,682,43,none-Ang-PCA,arc segments,16.0,0.46033692784745683,0.06467661691542288,0.6341463414634146
Left,contig,Ang,WRM,PTT,2,0.3,1,1136,82,682,43,QOTu-Ang-HS4,arc labels,,0.4355185819410376,0.048426150121065374,0.24390243902439024
Left,contig,Ang,WRM,PTT,2,0.3,1,1136,82,682,43,QOTu-Ang-HSsrc,arc segments,,0.4340954320359143,0.04807692307692308,0.24390243902439024
Left,contig,Ang,WRM,PTT,2,0.3,1,1136,82,682,43,QOTu-Ang-PCA,arc segments,16.0,0.48153376220669225,0.06329113924050633,0.24390243902439024
Left,contig,Ang,WRM,PTT,2,0.3,1,1136,82,682,43,QOTc-Ang-HS4,arc labels,,0.45362613967695653,0.045454545454545456,0.14634146341463414
Left,contig,Ang,WRM,PTT,2,0.3,1,1136,82,682,43,QOTc-Ang-HSsrc,arc labels,,0.4659022538991993,0.06500691562932227,0.573170731707317
Left,contig,Ang,WRM,PTT,2,0.3,1,1136,82,682,43,QOTc-Ang-PCA,arc labels,64.0,0.44156986161891976,0.03418803418803419,0.0975609756097561
Left,contig,Ang,WRM,PTT,2,0.3,1,1136,82,682,43,SDM-Ang-HS4,arc labels,,0.4648724950247605,0.05223880597014925,0.17073170731707318
Left,contig,Ang,WRM,PTT,2,0.3,1,1136,82,682,43,SDM-Ang-HSsrc,arc labels,,0.5700004628129773,0.09523809523809523,0.5365853658536586
Left,contig,Ang,WRM,PTT,2,0.3,1,1136,82,682,43,SDM-Ang-PCA,arc labels,64.0,0.5070231869301616,0.07772020725388601,0.18292682926829268
Left,contig,Ang,WRM,PTT,2,0.5,1,1136,82,1112,57,NoAdapt,nothing,,0.5396515018281113,0.08624708624708624,0.45121951219512196
Left,contig,Ang,WRM,PTT,2,0.5,1,1136,82,1112,57,TargetOnly,arc labels,,0.4946892210857592,0.0684931506849315,0.18292682926829268
Left,contig,Ang,WRM,PTT,2,0.5,1,1136,82,1112,57,Source+Target,arc labels,,0.5547044939140093,0.0975609756097561,0.3902439024390244
Left,contig,Ang,WRM,PTT,2,0.5,1,1136,82,1112,57,COT,arc labels,,0.46296339149349747,0.056910569105691054,0.25609756097560976
Left,contig,Ang,WRM,PTT,2,0.5,1,1136,82,1112,57,none-Ang-HS4,arc labels,,0.43314666543249875,0.04784688995215311,0.24390243902439024
Left,contig,Ang,WRM,PTT,2,0.5,1,1136,82,1112,57,none-Ang-HSsrc,nothing,,0.4363979265978618,0.04941176470588235,0.25609756097560976
Left,contig,Ang,WRM,PTT,2,0.5,1,1136,82,1112,57,none-Ang-PCA,arc segments,64.0,0.4979289119266904,0.07120743034055728,0.2804878048780488
Left,contig,Ang,WRM,PTT,2,0.5,1,1136,82,1112,57,QOTu-Ang-HS4,arc labels,,0.4355185819410376,0.048426150121065374,0.24390243902439024
Left,contig,Ang,WRM,PTT,2,0.5,1,1136,82,1112,57,QOTu-Ang-HSsrc,arc segments,,0.4355185819410376,0.048426150121065374,0.24390243902439024
Left,contig,Ang,WRM,PTT,2,0.5,1,1136,82,1112,57,QOTu-Ang-PCA,arc segments,16.0,0.41863747859489975,0.047619047619047616,0.2926829268292683
Left,contig,Ang,WRM,PTT,2,0.5,1,1136,82,1112,57,QOTc-Ang-HS4,arc labels,,0.5030198546767252,0.07407407407407407,0.21951219512195122
Left,contig,Ang,WRM,PTT,2,0.5,1,1136,82,1112,57,QOTc-Ang-HSsrc,arc labels,,0.48523626602489933,0.06782945736434108,0.4268292682926829
Left,contig,Ang,WRM,PTT,2,0.5,1,1136,82,1112,57,QOTc-Ang-PCA,arc labels,64.0,0.4920511871152867,0.06557377049180328,0.14634146341463414
Left,contig,Ang,WRM,PTT,2,0.5,1,1136,82,1112,57,SDM-Ang-HS4,arc labels,,0.5213819595501458,0.08620689655172414,0.24390243902439024
Left,contig,Ang,WRM,PTT,2,0.5,1,1136,82,1112,57,SDM-Ang-HSsrc,arc labels,,0.5011686027676217,0.07259953161592506,0.3780487804878049
Left,contig,Ang,WRM,PTT,2,0.5,1,1136,82,1112,57,SDM-Ang-PCA,arc labels,64.0,0.5352547785439904,0.08672086720867209,0.3902439024390244
Left,contig,Ang,WRM,PTT,3,0.05,1,1136,66,114,5,NoAdapt,nothing,,0.6085103370150099,0.09631728045325778,0.5151515151515151
Left,contig,Ang,WRM,PTT,3,0.05,1,1136,66,114,5,TargetOnly,arc labels,,0.4853724157462475,0.047337278106508875,0.12121212121212122
Left,contig,Ang,WRM,PTT,3,0.05,1,1136,66,114,5,Source+Target,arc labels,,0.6248937977909941,0.09653465346534654,0.5909090909090909
Left,contig,Ang,WRM,PTT,3,0.05,1,1136,66,114,5,COT,arc labels,,0.469951854998584,0.039603960396039604,0.12121212121212122
Left,contig,Ang,WRM,PTT,3,0.05,1,1136,66,114,5,none-Ang-HS4,arc labels,,0.48963466440101955,0.05421686746987952,0.2727272727272727
Left,contig,Ang,WRM,PTT,3,0.05,1,1136,66,114,5,none-Ang-HSsrc,nothing,,0.49113565562163697,0.05491329479768786,0.2878787878787879
Left,contig,Ang,WRM,PTT,3,0.05,1,1136,66,114,5,none-Ang-PCA,arc segments,32.0,0.525446049277825,0.06840390879478828,0.3181818181818182
Left,contig,Ang,WRM,PTT,3,0.05,1,1136,66,114,5,QOTu-Ang-HS4,arc labels,,0.49197111299915036,0.05504587155963303,0.2727272727272727
Left,contig,Ang,WRM,PTT,3,0.05,1,1136,66,114,5,QOTu-Ang-HSsrc,arc segments,,0.4915038232795242,0.054878048780487805,0.2727272727272727
Left,contig,Ang,WRM,PTT,3,0.05,1,1136,66,114,5,QOTu-Ang-PCA,arc segments,32.0,0.4988530161427358,0.05741626794258373,0.18181818181818182
Left,contig,Ang,WRM,PTT,3,0.05,1,1136,66,114,5,QOTc-Ang-HS4,arc labels,,0.45625885018408385,0.04336043360433604,0.24242424242424243
Left,contig,Ang,WRM,PTT,3,0.05,1,1136,66,114,5,QOTc-Ang-HSsrc,arc labels,,0.4366185216652506,0.046012269938650305,0.45454545454545453
Left,contig,Ang,WRM,PTT,3,0.05,1,1136,66,114,5,QOTc-Ang-PCA,arc labels,32.0,0.48878504672897194,0.0,0.0
Left,contig,Ang,WRM,PTT,3,0.05,1,1136,66,114,5,SDM-Ang-HS4,arc labels,,0.4710846785613141,0.042735042735042736,0.15151515151515152
Left,contig,Ang,WRM,PTT,3,0.05,1,1136,66,114,5,SDM-Ang-HSsrc,arc labels,,0.45862361937128293,0.04666666666666667,0.3181818181818182
Left,contig,Ang,WRM,PTT,3,0.05,1,1136,66,114,5,SDM-Ang-PCA,arc labels,32.0,0.4991220617388842,0.05747126436781609,0.15151515151515152
Left,contig,Ang,WRM,PTT,3,0.1,1,1136,66,227,8,NoAdapt,nothing,,0.6085103370150099,0.09631728045325778,0.5151515151515151
Left,contig,Ang,WRM,PTT,3,0.1,1,1136,66,227,8,TargetOnly,arc labels,,0.5570518266779949,0.08247422680412371,0.36363636363636365
Left,contig,Ang,WRM,PTT,3,0.1,1,1136,66,227,8,Source+Target,arc labels,,0.639011611441518,0.10230179028132992,0.6060606060606061
Left,contig,Ang,WRM,PTT,3,0.1,1,1136,66,227,8,COT,arc labels,,0.4750495610308694,0.049132947976878616,0.25757575757575757
Left,contig,Ang,WRM,PTT,3,0.1,1,1136,66,227,8,none-Ang-HS4,arc labels,,0.4891673746813934,0.05405405405405406,0.2727272727272727
Left,contig,Ang,WRM,PTT,3,0.1,1,1136,66,227,8,none-Ang-HSsrc,nothing,,0.49113565562163697,0.05491329479768786,0.2878787878787879
Left,contig,Ang,WRM,PTT,3,0.1,1,1136,66,227,8,none-Ang-PCA,arc segments,32.0,0.5297507788161994,0.06984126984126984,0.3333333333333333
Left,contig,Ang,WRM,PTT,3,0.1,1,1136,66,227,8,QOTu-Ang-HS4,arc labels,,0.491036533559898,0.0547112462006079,0.2727272727272727
Left,contig,Ang,WRM,PTT,3,0.1,1,1136,66,227,8,QOTu-Ang-HSsrc,arc segments,,0.4915038232795242,0.054878048780487805,0.2727272727272727
Left,contig,Ang,WRM,PTT,3,0.1,1,1136,66,227,8,QOTu-Ang-PCA,arc segments,32.0,0.4836023789294817,0.04736842105263158,0.13636363636363635
Left,contig,Ang,WRM,PTT,3,0.1,1,1136,66,227,8,QOTc-Ang-HS4,arc labels,,0.45130274709713963,0.04885496183206107,0.48484848484848486
Left,contig,Ang,WRM,PTT,3,0.1,1,1136,66,227,8,QOTc-Ang-HSsrc,arc labels,,0.4361795525346927,0.04736129905277402,0.5303030303030303
Left,contig,Ang,WRM,PTT,3,0.1,1,1136,66,227,8,QOTc-Ang-PCA,arc labels,32.0,0.4738884168790711,0.043859649122807015,0.15151515151515152
Left,contig,Ang,WRM,PTT,3,0.1,1,1136,66,227,8,SDM-Ang-HS4,arc labels,,0.4403993203058624,0.04294478527607362,0.3181818181818182
Left,contig,Ang,WRM,PTT,3,0.1,1,1136,66,227,8,SDM-Ang-HSsrc,arc labels,,0.5122769753610875,0.06046511627906977,0.5909090909090909
Left,contig,Ang,WRM,PTT,3,0.1,1,1136,66,227,8,SDM-Ang-PCA,arc labels,64.0,0.48387142452563014,0.04516129032258064,0.10606060606060606
Left,contig,Ang,WRM,PTT,3,0.2,1,1136,66,454,24,NoAdapt,nothing,,0.6085103370150099,0.09631728045325778,0.5151515151515151
Left,contig,Ang,WRM,PTT,3,0.2,1,1136,66,454,24,TargetOnly,arc labels,,0.4676437269895214,0.04436860068259386,0.19696969696969696
Left,contig,Ang,WRM,PTT,3,0.2,1,1136,66,454,24,Source+Target,arc labels,,0.6357405834041348,0.10050251256281408,0.6060606060606061
Left,contig,Ang,WRM,PTT,3,0.2,1,1136,66,454,24,COT,arc labels,,0.5473520249221184,0.06707317073170732,0.6666666666666666
Left,contig,Ang,WRM,PTT,3,0.2,1,1136,66,454,24,none-Ang-HS4,arc labels,,0.47490795808552816,0.05165289256198347,0.3787878787878788
Left,contig,Ang,WRM,PTT,3,0.2,1,1136,66,454,24,none-Ang-HSsrc,nothing,,0.49113565562163697,0.05491329479768786,0.2878787878787879
Left,contig,Ang,WRM,PTT,3,0.2,1,1136,66,454,24,none-Ang-PCA,arc segments,32.0,0.6177570093457945,0.10443037974683544,0.5
Left,contig,Ang,WRM,PTT,3,0.2,1,1136,66,454,24,QOTu-Ang-HS4,arc labels,,0.49674313225715094,0.05688622754491018,0.2878787878787879
Left,contig,Ang,WRM,PTT,3,0.2,1,1136,66,454,24,QOTu-Ang-HSsrc,arc segments,,0.49056924384027184,0.05454545454545454,0.2727272727272727
Left,contig,Ang,WRM,PTT,3,0.2,1,1136,66,454,24,QOTu-Ang-PCA,arc segments,32.0,0.5190031152647975,0.0650887573964497,0.3333333333333333
Left,contig,Ang,WRM,PTT,3,0.2,1,1136,66,454,24,QOTc-Ang-HS4,arc labels,,0.4433305012744265,0.04607508532423208,0.4090909090909091
Left,contig,Ang,WRM,PTT,3,0.2,1,1136,66,454,24,QOTc-Ang-HSsrc,arc labels,,0.5260549419427925,0.0625,0.696969696969697
Left,contig,Ang,WRM,PTT,3,0.2,1,1136,66,454,24,QOTc-Ang-PCA,arc labels,32.0,0.493613707165109,0.054187192118226604,0.16666666666666666
Left,contig,Ang,WRM,PTT,3,0.2,1,1136,66,454,24,SDM-Ang-HS4,arc labels,,0.4905409232512036,0.05327868852459016,0.19696969696969696
Left,contig,Ang,WRM,PTT,3,0.2,1,1136,66,454,24,SDM-Ang-HSsrc,arc labels,,0.5233644859813085,0.0637065637065637,0.5
Left,contig,Ang,WRM,PTT,3,0.2,1,1136,66,454,24,SDM-Ang-PCA,arc labels,64.0,0.49442084395355423,0.05102040816326531,0.07575757575757576
Left,contig,Ang,WRM,PTT,3,0.3,1,1136,66,682,42,NoAdapt,nothing,,0.6085103370150099,0.09631728045325778,0.5151515151515151
Left,contig,Ang,WRM,PTT,3,0.3,1,1136,66,682,42,TargetOnly,arc labels,,0.4465024072500708,0.046263345195729534,0.3939393939393939
Left,contig,Ang,WRM,PTT,3,0.3,1,1136,66,682,42,Source+Target,arc labels,,0.627032002265647,0.10136986301369863,0.5606060606060606
Left,contig,Ang,WRM,PTT,3,0.3,1,1136,66,682,42,COT,arc labels,,0.511767204757859,0.0599250936329588,0.7272727272727273
Left,contig,Ang,WRM,PTT,3,0.3,1,1136,66,682,42,none-Ang-HS4,arc labels,,0.48796374964599265,0.05405405405405406,0.30303030303030304
Left,contig,Ang,WRM,PTT,3,0.3,1,1136,66,682,42,none-Ang-HSsrc,nothing,,0.49113565562163697,0.05491329479768786,0.2878787878787879
Left,contig,Ang,WRM,PTT,3,0.3,1,1136,66,682,42,none-Ang-PCA,arc segments,32.0,0.6348768054375531,0.10876132930513595,0.5454545454545454
Left,contig,Ang,WRM,PTT,3,0.3,1,1136,66,682,42,QOTu-Ang-HS4,arc labels,,0.491036533559898,0.0547112462006079,0.2727272727272727
Left,contig,Ang,WRM,PTT,3,0.3,1,1136,66,682,42,QOTu-Ang-HSsrc,arc segments,,0.49197111299915036,0.05504587155963303,0.2727272727272727
Left,contig,Ang,WRM,PTT,3,0.3,1,1136,66,682,42,QOTu-Ang-PCA,arc segments,32.0,0.5128292268479184,0.06287425149700598,0.3181818181818182
Left,contig,Ang,WRM,PTT,3,0.3,1,1136,66,682,42,QOTc-Ang-HS4,arc labels,,0.4618521665250637,0.05016722408026756,0.45454545454545453
Left,contig,Ang,WRM,PTT,3,0.3,1,1136,66,682,42,QOTc-Ang-HSsrc,arc labels,,0.5674171622769754,0.07400379506641366,0.5909090909090909
Left,contig,Ang,WRM,PTT,3,0.3,1,1136,66,682,42,QOTc-Ang-PCA,arc labels,64.0,0.46471254602095724,0.03571428571428571,0.10606060606060606
Left,contig,Ang,WRM,PTT,3,0.3,1,1136,66,682,42,SDM-Ang-HS4,arc labels,,0.4592183517417162,0.04891304347826087,0.4090909090909091
Left,contig,Ang,WRM,PTT,3,0.3,1,1136,66,682,42,SDM-Ang-HSsrc,arc labels,,0.5274284905126027,0.0633693972179289,0.6212121212121212
Left,contig,Ang,WRM,PTT,3,0.3,1,1136,66,682,42,SDM-Ang-PCA,arc labels,64.0,0.5036533559898047,0.059602649006622516,0.2727272727272727
Left,contig,Ang,WRM,PTT,3,0.5,1,1136,66,1112,73,NoAdapt,nothing,,0.6085103370150099,0.09631728045325778,0.5151515151515151
Left,contig,Ang,WRM,PTT,3,0.5,1,1136,66,1112,73,TargetOnly,arc labels,,0.5196969696969697,0.06345733041575492,0.4393939393939394
Left,contig,Ang,WRM,PTT,3,0.5,1,1136,66,1112,73,Source+Target,arc labels,,0.6269328802039082,0.10344827586206896,0.5454545454545454
Left,contig,Ang,WRM,PTT,3,0.5,1,1136,66,1112,73,COT,arc labels,,0.5268903993203058,0.06276150627615062,0.6818181818181818
Left,contig,Ang,WRM,PTT,3,0.5,1,1136,66,1112,73,none-Ang-HS4,arc labels,,0.4920702350608893,0.055232558139534885,0.2878787878787879
Left,contig,Ang,WRM,PTT,3,0.5,1,1136,66,1112,73,none-Ang-HSsrc,nothing,,0.49113565562163697,0.05491329479768786,0.2878787878787879
Left,contig,Ang,WRM,PTT,3,0.5,1,1136,66,1112,73,none-Ang-PCA,arc segments,32.0,0.6140186915887851,0.10185185185185185,0.5
Left,contig,Ang,WRM,PTT,3,0.5,1,1136,66,1112,73,QOTu-Ang-HS4,arc labels,,0.49197111299915036,0.05504587155963303,0.2727272727272727
Left,contig,Ang,WRM,PTT,3,0.5,1,1136,66,1112,73,QOTu-Ang-HSsrc,arc segments,,0.49197111299915036,0.05504587155963303,0.2727272727272727
Left,contig,Ang,WRM,PTT,3,0.5,1,1136,66,1112,73,QOTu-Ang-PCA,arc segments,16.0,0.5477768337581421,0.08264462809917356,0.30303030303030304
Left,contig,Ang,WRM,PTT,3,0.5,1,1136,66,1112,73,QOTc-Ang-HS4,arc labels,,0.4958651939960351,0.05708661417322835,0.4393939393939394
Left,contig,Ang,WRM,PTT,3,0.5,1,1136,66,1112,73,QOTc-Ang-HSsrc,arc labels,,0.5686491079014444,0.07291666666666667,0.6363636363636364
Left,contig,Ang,WRM,PTT,3,0.5,1,1136,66,1112,73,QOTc-Ang-PCA,arc labels,64.0,0.5656188048711412,0.07575757575757576,0.5303030303030303
Left,contig,Ang,WRM,PTT,3,0.5,1,1136,66,1112,73,SDM-Ang-HS4,arc labels,,0.5551260266213538,0.06801736613603473,0.7121212121212122
Left,contig,Ang,WRM,PTT,3,0.5,1,1136,66,1112,73,SDM-Ang-HSsrc,arc labels,,0.5260549419427925,0.0625,0.696969696969697
Left,contig,Ang,WRM,PTT,3,0.5,1,1136,66,1112,73,SDM-Ang-PCA,arc labels,64.0,0.5862361937128292,0.07627118644067797,0.6818181818181818
Left,contig,Ang,WRM,PTT,4,0.05,1,1136,64,114,10,NoAdapt,nothing,,0.6154384328358209,0.10526315789473684,0.46875
Left,contig,Ang,WRM,PTT,4,0.05,1,1136,64,114,10,TargetOnly,arc labels,,0.39155783582089554,0.007462686567164179,0.03125
Left,contig,Ang,WRM,PTT,4,0.05,1,1136,64,114,10,Source+Target,arc labels,,0.6139225746268657,0.10130718954248366,0.484375
Left,contig,Ang,WRM,PTT,4,0.05,1,1136,64,114,10,COT,arc labels,,0.412080223880597,0.04160887656033287,0.46875
Left,contig,Ang,WRM,PTT,4,0.05,1,1136,64,114,10,none-Ang-HS4,arc labels,,0.49720149253731344,0.05517241379310345,0.25
Left,contig,Ang,WRM,PTT,4,0.05,1,1136,64,114,10,none-Ang-HSsrc,nothing,,0.5004664179104478,0.05653710247349823,0.25
Left,contig,Ang,WRM,PTT,4,0.05,1,1136,64,114,10,none-Ang-PCA,arc segments,16.0,0.5184235074626866,0.059490084985835696,0.65625
Left,contig,Ang,WRM,PTT,4,0.05,1,1136,64,114,10,QOTu-Ang-HS4,arc labels,,0.5005830223880596,0.05660377358490566,0.234375
Left,contig,Ang,WRM,PTT,4,0.05,1,1136,64,114,10,QOTu-Ang-HSsrc,arc segments,,0.5015158582089552,0.057034220532319393,0.234375
Left,contig,Ang,WRM,PTT,4,0.05,1,1136,64,114,10,QOTu-Ang-PCA,arc segments,32.0,0.6359608208955223,0.09921671018276762,0.59375
Left,contig,Ang,WRM,PTT,4,0.05,1,1136,64,114,10,QOTc-Ang-HS4,arc labels,,0.5006996268656716,0.058823529411764705,0.03125
Left,contig,Ang,WRM,PTT,4,0.05,1,1136,64,114,10,QOTc-Ang-HSsrc,arc labels,,0.5346315298507462,0.0688622754491018,0.359375
Left,contig,Ang,WRM,PTT,4,0.05,1,1136,64,114,10,QOTc-Ang-PCA,arc labels,32.0,0.5055970149253731,0.06779661016949153,0.0625
Left,contig,Ang,WRM,PTT,4,0.05,1,1136,64,114,10,SDM-Ang-HS4,arc labels,,0.4986007462686567,0.0,0.0
Left,contig,Ang,WRM,PTT,4,0.05,1,1136,64,114,10,SDM-Ang-HSsrc,arc labels,,0.4475279850746269,0.034482758620689655,0.15625
Left,contig,Ang,WRM,PTT,4,0.05,1,1136,64,114,10,SDM-Ang-PCA,arc labels,64.0,0.49521921641791045,0.03571428571428571,0.015625
Left,contig,Ang,WRM,PTT,4,0.1,1,1136,64,227,20,NoAdapt,nothing,,0.6154384328358209,0.10526315789473684,0.46875
Left,contig,Ang,WRM,PTT,4,0.1,1,1136,64,227,20,TargetOnly,arc labels,,0.5198227611940298,0.059743954480796585,0.65625
Left,contig,Ang,WRM,PTT,4,0.1,1,1136,64,227,20,Source+Target,arc labels,,0.6520522388059702,0.10416666666666667,0.625
Left,contig,Ang,WRM,PTT,4,0.1,1,1136,64,227,20,COT,arc labels,,0.5170242537313433,0.05897435897435897,0.71875
Left,contig,Ang,WRM,PTT,4,0.1,1,1136,64,227,20,none-Ang-HS4,arc labels,,0.519589552238806,0.06389776357827476,0.3125
Left,contig,Ang,WRM,PTT,4,0.1,1,1136,64,227,20,none-Ang-HSsrc,nothing,,0.5004664179104478,0.05653710247349823,0.25
Left,contig,Ang,WRM,PTT,4,0.1,1,1136,64,227,20,none-Ang-PCA,arc segments,16.0,0.49731809701492535,0.055916775032509754,0.671875
Left,contig,Ang,WRM,PTT,4,0.1,1,1136,64,227,20,QOTu-Ang-HS4,arc labels,,0.507929104477612,0.0599250936329588,0.25
Left,contig,Ang,WRM,PTT,4,0.1,1,1136,64,227,20,QOTu-Ang-HSsrc,arc segments,,0.5015158582089552,0.057034220532319393,0.234375
Left,contig,Ang,WRM,PTT,4,0.1,1,1136,64,227,20,QOTu-Ang-PCA,arc segments,16.0,0.48973880597014924,0.05305039787798409,0.3125
Left,contig,Ang,WRM,PTT,4,0.1,1,1136,64,227,20,QOTc-Ang-HS4,arc labels,,0.4200093283582089,0.04107424960505529,0.40625
Left,contig,Ang,WRM,PTT,4,0.1,1,1136,64,227,20,QOTc-Ang-HSsrc,arc labels,,0.539179104477612,0.06779661016949153,0.4375
Left,contig,Ang,WRM,PTT,4,0.1,1,1136,64,227,20,QOTc-Ang-PCA,arc labels,64.0,0.4994169776119403,0.05555555555555555,0.078125
Left,contig,Ang,WRM,PTT,4,0.1,1,1136,64,227,20,SDM-Ang-HS4,arc labels,,0.4826259328358209,0.05014749262536873,0.265625
Left,contig,Ang,WRM,PTT,4,0.1,1,1136,64,227,20,SDM-Ang-HSsrc,arc labels,,0.4505597014925373,0.03761755485893417,0.1875
Left,contig,Ang,WRM,PTT,4,0.1,1,1136,64,227,20,SDM-Ang-PCA,arc labels,64.0,0.5183069029850746,0.08235294117647059,0.109375
Left,contig,Ang,WRM,PTT,4,0.2,1,1136,64,454,38,NoAdapt,nothing,,0.6154384328358209,0.10526315789473684,0.46875
Left,contig,Ang,WRM,PTT,4,0.2,1,1136,64,454,38,TargetOnly,arc labels,,0.5087453358208955,0.057692307692307696,0.703125
Left,contig,Ang,WRM,PTT,4,0.2,1,1136,64,454,38,Source+Target,arc labels,,0.5243703358208955,0.0609375,0.609375
Left,contig,Ang,WRM,PTT,4,0.2,1,1136,64,454,38,COT,arc labels,,0.5137593283582089,0.05844980940279543,0.71875
Left,contig,Ang,WRM,PTT,4,0.2,1,1136,64,454,38,none-Ang-HS4,arc labels,,0.5178404850746269,0.06354515050167224,0.296875
Left,contig,Ang,WRM,PTT,4,0.2,1,1136,64,454,38,none-Ang-HSsrc,nothing,,0.5004664179104478,0.05653710247349823,0.25
Left,contig,Ang,WRM,PTT,4,0.2,1,1136,64,454,38,none-Ang-PCA,arc segments,32.0,0.6517024253731343,0.11824324324324324,0.546875
Left,contig,Ang,WRM,PTT,4,0.2,1,1136,64,454,38,QOTu-Ang-HS4,arc labels,,0.5029151119402986,0.057692307692307696,0.234375
Left,contig,Ang,WRM,PTT,4,0.2,1,1136,64,454,38,QOTu-Ang-HSsrc,arc segments,,0.5015158582089552,0.057034220532319393,0.234375
Left,contig,Ang,WRM,PTT,4,0.2,1,1136,64,454,38,QOTu-Ang-PCA,arc segments,16.0,0.5535214552238805,0.09090909090909091,0.265625
Left,contig,Ang,WRM,PTT,4,0.2,1,1136,64,454,38,QOTc-Ang-HS4,arc labels,,0.5166744402985075,0.05875299760191847,0.765625
Left,contig,Ang,WRM,PTT,4,0.2,1,1136,64,454,38,QOTc-Ang-HSsrc,arc labels,,0.5036147388059702,0.0568445475638051,0.765625
Left,contig,Ang,WRM,PTT,4,0.2,1,1136,64,454,38,QOTc-Ang-PCA,arc labels,64.0,0.41359608208955223,0.03763440860215054,0.328125
Left,contig,Ang,WRM,PTT,4,0.2,1,1136,64,454,38,SDM-Ang-HS4,arc labels,,0.5096781716417911,0.05784061696658098,0.703125
Left,contig,Ang,WRM,PTT,4,0.2,1,1136,64,454,38,SDM-Ang-HSsrc,arc labels,,0.5148087686567164,0.05847255369928401,0.765625
Left,contig,Ang,WRM,PTT,4,0.2,1,1136,64,454,38,SDM-Ang-PCA,arc labels,64.0,0.5887360074626866,0.08611111111111111,0.484375
Left,contig,Ang,WRM,PTT,4,0.3,1,1136,64,682,51,NoAdapt,nothing,,0.6154384328358209,0.10526315789473684,0.46875
Left,contig,Ang,WRM,PTT,4,0.3,1,1136,64,682,51,TargetOnly,arc labels,,0.5239039179104478,0.060393258426966294,0.671875
Left,contig,Ang,WRM,PTT,4,0.3,1,1136,64,682,51,Source+Target,arc labels,,0.5303171641791045,0.06201550387596899,0.625
Left,contig,Ang,WRM,PTT,4,0.3,1,1136,64,682,51,COT,arc labels,,0.5170242537313433,0.05897435897435897,0.71875
Left,contig,Ang,WRM,PTT,4,0.3,1,1136,64,682,51,none-Ang-HS4,arc labels,,0.5247201492537313,0.06622516556291391,0.3125
Left,contig,Ang,WRM,PTT,4,0.3,1,1136,64,682,51,none-Ang-HSsrc,nothing,,0.5004664179104478,0.05653710247349823,0.25
Left,contig,Ang,WRM,PTT,4,0.3,1,1136,64,682,51,none-Ang-PCA,arc segments,32.0,0.6489039179104478,0.11589403973509933,0.546875
Left,contig,Ang,WRM,PTT,4,0.3,1,1136,64,682,51,QOTu-Ang-HS4,arc labels,,0.5029151119402986,0.057692307692307696,0.234375
Left,contig,Ang,WRM,PTT,4,0.3,1,1136,64,682,51,QOTu-Ang-HSsrc,arc segments,,0.5029151119402986,0.057692307692307696,0.234375
Left,contig,Ang,WRM,PTT,4,0.3,1,1136,64,682,51,QOTu-Ang-PCA,arc segments,16.0,0.529267723880597,0.07738095238095238,0.203125
Left,contig,Ang,WRM,PTT,4,0.3,1,1136,64,682,51,QOTc-Ang-HS4,arc labels,,0.5184235074626866,0.0589622641509434,0.78125
Left,contig,Ang,WRM,PTT,4,0.3,1,1136,64,682,51,QOTc-Ang-HSsrc,arc labels,,0.4984841417910448,0.056128293241695305,0.765625
Left,contig,Ang,WRM,PTT,4,0.3,1,1136,64,682,51,QOTc-Ang-PCA,arc labels,64.0,0.384794776119403,0.030131826741996232,0.25
Left,contig,Ang,WRM,PTT,4,0.3,1,1136,64,682,51,SDM-Ang-HS4,arc labels,,0.4121968283582089,0.04263565891472868,0.515625
Left,contig,Ang,WRM,PTT,4,0.3,1,1136,64,682,51,SDM-Ang-HSsrc,arc labels,,0.5053638059701493,0.05714285714285714,0.71875
Left,contig,Ang,WRM,PTT,4,0.3,1,1136,64,682,51,SDM-Ang-PCA,arc labels,64.0,0.648554104477612,0.10674157303370786,0.59375
Left,contig,Ang,WRM,PTT,4,0.5,1,1136,64,1114,71,NoAdapt,nothing,,0.6154384328358209,0.10526315789473684,0.46875
Left,contig,Ang,WRM,PTT,4,0.5,1,1136,64,1114,71,TargetOnly,arc labels,,0.5293843283582089,0.06128133704735376,0.6875
Left,contig,Ang,WRM,PTT,4,0.5,1,1136,64,1114,71,Source+Target,arc labels,,0.550722947761194,0.06918238993710692,0.515625
Left,contig,Ang,WRM,PTT,4,0.5,1,1136,64,1114,71,COT,arc labels,,0.5036147388059702,0.0568445475638051,0.765625
Left,contig,Ang,WRM,PTT,4,0.5,1,1136,64,1114,71,none-Ang-HS4,arc labels,,0.49871735074626866,0.055762081784386616,0.234375
Left,contig,Ang,WRM,PTT,4,0.5,1,1136,64,1114,71,none-Ang-HSsrc,nothing,,0.5004664179104478,0.05653710247349823,0.25
Left,contig,Ang,WRM,PTT,4,0.5,1,1136,64,1114,71,none-Ang-PCA,arc segments,32.0,0.5584188432835822,0.0812720848056537,0.359375
Left,contig,Ang,WRM,PTT,4,0.5,1,1136,64,1114,71,QOTu-Ang-HS4,arc labels,,0.5029151119402986,0.057692307692307696,0.234375
Left,contig,Ang,WRM,PTT,4,0.5,1,1136,64,1114,71,QOTu-Ang-HSsrc,arc segments,,0.5029151119402986,0.057692307692307696,0.234375
Left,contig,Ang,WRM,PTT,4,0.5,1,1136,64,1114,71,QOTu-Ang-PCA,arc segments,16.0,0.529267723880597,0.07738095238095238,0.203125
Left,contig,Ang,WRM,PTT,4,0.5,1,1136,64,1114,71,QOTc-Ang-HS4,arc labels,,0.5127098880597015,0.05808656036446469,0.796875
Left,contig,Ang,WRM,PTT,4,0.5,1,1136,64,1114,71,QOTc-Ang-HSsrc,arc labels,,0.5460587686567164,0.06630824372759857,0.578125
Left,contig,Ang,WRM,PTT,4,0.5,1,1136,64,1114,71,QOTc-Ang-PCA,arc labels,64.0,0.5687966417910448,0.07210626185958255,0.59375
Left,contig,Ang,WRM,PTT,4,0.5,1,1136,64,1114,71,SDM-Ang-HS4,arc labels,,0.5244869402985075,0.059880239520958084,0.78125
Left,contig,Ang,WRM,PTT,4,0.5,1,1136,64,1114,71,SDM-Ang-HSsrc,arc labels,,0.5026819029850746,0.056712962962962965,0.765625
Left,contig,Ang,WRM,PTT,4,0.5,1,1136,64,1114,71,SDM-Ang-PCA,arc labels,64.0,0.6225513059701493,0.08817204301075268,0.640625
Left,contig,Ang,WRM,PTT,5,0.05,1,1136,36,114,16,NoAdapt,nothing,,0.5307070707070707,0.04032258064516129,0.2777777777777778
Left,contig,Ang,WRM,PTT,5,0.05,1,1136,36,114,16,TargetOnly,arc labels,,0.4949494949494949,0.031007751937984496,0.4444444444444444
Left,contig,Ang,WRM,PTT,5,0.05,1,1136,36,114,16,Source+Target,arc labels,,0.48474747474747476,0.027972027972027972,0.2222222222222222
Left,contig,Ang,WRM,PTT,5,0.05,1,1136,36,114,16,COT,arc labels,,0.47843434343434343,0.027548209366391185,0.2777777777777778
Left,contig,Ang,WRM,PTT,5,0.05,1,1136,36,114,16,none-Ang-HS4,arc labels,,0.5455050505050505,0.044534412955465584,0.3055555555555556
Left,contig,Ang,WRM,PTT,5,0.05,1,1136,36,114,16,none-Ang-HSsrc,nothing,,0.5230303030303031,0.036585365853658534,0.3333333333333333
Left,contig,Ang,WRM,PTT,5,0.05,1,1136,36,114,16,none-Ang-PCA,arc segments,16.0,0.5661616161616162,0.037940379403794036,0.7777777777777778
Left,contig,Ang,WRM,PTT,5,0.05,1,1136,36,114,16,QOTu-Ang-HS4,arc labels,,0.5627777777777778,0.05263157894736842,0.3055555555555556
Left,contig,Ang,WRM,PTT,5,0.05,1,1136,36,114,16,QOTu-Ang-HSsrc,arc segments,,0.5538888888888889,0.050761421319796954,0.2777777777777778
Left,contig,Ang,WRM,PTT,5,0.05,1,1136,36,114,16,QOTu-Ang-PCA,arc segments,32.0,0.5261111111111111,0.041025641025641026,0.2222222222222222
Left,contig,Ang,WRM,PTT,5,0.05,1,1136,36,114,16,QOTc-Ang-HS4,arc labels,,0.5022222222222222,0.03188775510204082,0.6944444444444444
Left,contig,Ang,WRM,PTT,5,0.05,1,1136,36,114,16,QOTc-Ang-HSsrc,arc labels,,0.49176767676767674,0.030978934324659233,0.6944444444444444
Left,contig,Ang,WRM,PTT,5,0.05,1,1136,36,114,16,QOTc-Ang-PCA,arc labels,32.0,0.5105050505050506,0.033950617283950615,0.3055555555555556
Left,contig,Ang,WRM,PTT,5,0.05,1,1136,36,114,16,SDM-Ang-HS4,arc labels,,0.5013131313131313,0.031806615776081425,0.6944444444444444
Left,contig,Ang,WRM,PTT,5,0.05,1,1136,36,114,16,SDM-Ang-HSsrc,arc labels,,0.49176767676767674,0.030978934324659233,0.6944444444444444
Left,contig,Ang,WRM,PTT,5,0.05,1,1136,36,114,16,SDM-Ang-PCA,arc labels,64.0,0.5354545454545454,0.036734693877551024,0.5
Left,contig,Ang,WRM,PTT,5,0.1,1,1136,36,227,17,NoAdapt,nothing,,0.5307070707070707,0.04032258064516129,0.2777777777777778
Left,contig,Ang,WRM,PTT,5,0.1,1,1136,36,227,17,TargetOnly,arc labels,,0.48358585858585856,0.029574861367837338,0.4444444444444444
Left,contig,Ang,WRM,PTT,5,0.1,1,1136,36,227,17,Source+Target,arc labels,,0.4863131313131313,0.027888446215139442,0.19444444444444445
Left,contig,Ang,WRM,PTT,5,0.1,1,1136,36,227,17,COT,arc labels,,0.4484848484848485,0.027061855670103094,0.5833333333333334
Left,contig,Ang,WRM,PTT,5,0.1,1,1136,36,227,17,none-Ang-HS4,arc labels,,0.5455050505050505,0.044534412955465584,0.3055555555555556
Left,contig,Ang,WRM,PTT,5,0.1,1,1136,36,227,17,none-Ang-HSsrc,nothing,,0.5230303030303031,0.036585365853658534,0.3333333333333333
Left,contig,Ang,WRM,PTT,5,0.1,1,1136,36,227,17,none-Ang-PCA,arc segments,16.0,0.5643434343434344,0.03773584905660377,0.7777777777777778
Left,contig,Ang,WRM,PTT,5,0.1,1,1136,36,227,17,QOTu-Ang-HS4,arc labels,,0.560959595959596,0.051643192488262914,0.3055555555555556
Left,contig,Ang,WRM,PTT,5,0.1,1,1136,36,227,17,QOTu-Ang-HSsrc,arc segments,,0.5641414141414142,0.05339805825242718,0.3055555555555556
Left,contig,Ang,WRM,PTT,5,0.1,1,1136,36,227,17,QOTu-Ang-PCA,arc segments,32.0,0.49737373737373736,0.030303030303030304,0.1111111111111111
Left,contig,Ang,WRM,PTT,5,0.1,1,1136,36,227,17,QOTc-Ang-HS4,arc labels,,0.5008585858585859,0.03176620076238882,0.6944444444444444
Left,contig,Ang,WRM,PTT,5,0.1,1,1136,36,227,17,QOTc-Ang-HSsrc,arc labels,,0.49176767676767674,0.030978934324659233,0.6944444444444444
Left,contig,Ang,WRM,PTT,5,0.1,1,1136,36,227,17,QOTc-Ang-PCA,arc labels,32.0,0.5274242424242425,0.03631961259079903,0.4166666666666667
Left,contig,Ang,WRM,PTT,5,0.1,1,1136,36,227,17,SDM-Ang-HS4,arc labels,,0.4999494949494949,0.031685678073510776,0.6944444444444444
Left,contig,Ang,WRM,PTT,5,0.1,1,1136,36,227,17,SDM-Ang-HSsrc,arc labels,,0.4563131313131313,0.02824858757062147,0.6944444444444444
Left,contig,Ang,WRM,PTT,5,0.1,1,1136,36,227,17,SDM-Ang-PCA,arc labels,64.0,0.5469191919191919,0.04234527687296417,0.3611111111111111
Left,contig,Ang,WRM,PTT,5,0.2,1,1136,36,454,37,NoAdapt,nothing,,0.5307070707070707,0.04032258064516129,0.2777777777777778
Left,contig,Ang,WRM,PTT,5,0.2,1,1136,36,454,37,TargetOnly,arc labels,,0.4834848484848485,0.030042918454935622,0.5833333333333334
Left,contig,Ang,WRM,PTT,5,0.2,1,1136,36,454,37,Source+Target,arc labels,,0.48318181818181816,0.028037383177570093,0.25
Left,contig,Ang,WRM,PTT,5,0.2,1,1136,36,454,37,COT,arc labels,,0.47808080808080805,0.029715762273901807,0.6388888888888888
Left,contig,Ang,WRM,PTT,5,0.2,1,1136,36,454,37,none-Ang-HS4,arc labels,,0.5414141414141413,0.04296875,0.3055555555555556
Left,contig,Ang,WRM,PTT,5,0.2,1,1136,36,454,37,none-Ang-HSsrc,nothing,,0.5230303030303031,0.036585365853658534,0.3333333333333333
Left,contig,Ang,WRM,PTT,5,0.2,1,1136,36,454,37,none-Ang-PCA,arc segments,32.0,0.5402525252525252,0.04405286343612335,0.2777777777777778
Left,contig,Ang,WRM,PTT,5,0.2,1,1136,36,454,37,QOTu-Ang-HS4,arc labels,,0.5455050505050505,0.044534412955465584,0.3055555555555556
Left,contig,Ang,WRM,PTT,5,0.2,1,1136,36,454,37,QOTu-Ang-HSsrc,arc segments,,0.5455050505050505,0.044534412955465584,0.3055555555555556
Left,contig,Ang,WRM,PTT,5,0.2,1,1136,36,454,37,QOTu-Ang-PCA,arc segments,16.0,0.5564141414141415,0.04932735426008968,0.3055555555555556
Left,contig,Ang,WRM,PTT,5,0.2,1,1136,36,454,37,QOTc-Ang-HS4,arc labels,,0.4806060606060606,0.03,0.6666666666666666
Left,contig,Ang,WRM,PTT,5,0.2,1,1136,36,454,37,QOTc-Ang-HSsrc,arc labels,,0.47070707070707074,0.0286144578313253,0.5277777777777778
Left,contig,Ang,WRM,PTT,5,0.2,1,1136,36,454,37,QOTc-Ang-PCA,arc labels,32.0,0.5097474747474747,0.03300970873786408,0.4722222222222222
Left,contig,Ang,WRM,PTT,5,0.2,1,1136,36,454,37,SDM-Ang-HS4,arc labels,,0.49873737373737376,0.03156384505021521,0.6111111111111112
Left,contig,Ang,WRM,PTT,5,0.2,1,1136,36,454,37,SDM-Ang-HSsrc,arc labels,,0.4931313131313131,0.03109452736318408,0.6944444444444444
Left,contig,Ang,WRM,PTT,5,0.2,1,1136,36,454,37,SDM-Ang-PCA,arc labels,32.0,0.5016161616161616,0.03205128205128205,0.2777777777777778
Left,contig,Ang,WRM,PTT,5,0.3,1,1136,36,682,47,NoAdapt,nothing,,0.5307070707070707,0.04032258064516129,0.2777777777777778
Left,contig,Ang,WRM,PTT,5,0.3,1,1136,36,682,47,TargetOnly,arc labels,,0.460959595959596,0.02789400278940028,0.5555555555555556
Left,contig,Ang,WRM,PTT,5,0.3,1,1136,36,682,47,Source+Target,arc labels,,0.4252020202020202,0.019184652278177457,0.2222222222222222
Left,contig,Ang,WRM,PTT,5,0.3,1,1136,36,682,47,COT,arc labels,,0.4860606060606061,0.030456852791878174,0.6666666666666666
Left,contig,Ang,WRM,PTT,5,0.3,1,1136,36,682,47,none-Ang-HS4,arc labels,,0.5239393939393939,0.03680981595092025,0.3333333333333333
Left,contig,Ang,WRM,PTT,5,0.3,1,1136,36,682,47,none-Ang-HSsrc,nothing,,0.5230303030303031,0.036585365853658534,0.3333333333333333
Left,contig,Ang,WRM,PTT,5,0.3,1,1136,36,682,47,none-Ang-PCA,arc segments,16.0,0.5500505050505051,0.03602484472049689,0.8055555555555556
Left,contig,Ang,WRM,PTT,5,0.3,1,1136,36,682,47,QOTu-Ang-HS4,arc labels,,0.5455050505050505,0.044534412955465584,0.3055555555555556
Left,contig,Ang,WRM,PTT,5,0.3,1,1136,36,682,47,QOTu-Ang-HSsrc,arc segments,,0.5455050505050505,0.044534412955465584,0.3055555555555556
Left,contig,Ang,WRM,PTT,5,0.3,1,1136,36,682,47,QOTu-Ang-PCA,arc segments,16.0,0.5494444444444444,0.042042042042042045,0.3888888888888889
Left,contig,Ang,WRM,PTT,5,0.3,1,1136,36,682,47,QOTc-Ang-HS4,arc labels,,0.49176767676767674,0.030978934324659233,0.6944444444444444
Left,contig,Ang,WRM,PTT,5,0.3,1,1136,36,682,47,QOTc-Ang-HSsrc,arc labels,,0.47252525252525257,0.02878787878787879,0.5277777777777778
Left,contig,Ang,WRM,PTT,5,0.3,1,1136,36,682,47,QOTc-Ang-PCA,arc labels,64.0,0.47171717171717176,0.027777777777777776,0.3888888888888889
Left,contig,Ang,WRM,PTT,5,0.3,1,1136,36,682,47,SDM-Ang-HS4,arc labels,,0.4832828282828283,0.030095759233926128,0.6111111111111112
Left,contig,Ang,WRM,PTT,5,0.3,1,1136,36,682,47,SDM-Ang-HSsrc,arc labels,,0.4720707070707071,0.028744326777609682,0.5277777777777778
Left,contig,Ang,WRM,PTT,5,0.3,1,1136,36,682,47,SDM-Ang-PCA,arc labels,64.0,0.5363636363636364,0.04411764705882353,0.25
Left,contig,Ang,WRM,PTT,5,0.5,1,1136,36,1112,100,NoAdapt,nothing,,0.5307070707070707,0.04032258064516129,0.2777777777777778
Left,contig,Ang,WRM,PTT,5,0.5,1,1136,36,1112,100,TargetOnly,arc labels,,0.4625757575757576,0.028187919463087248,0.5833333333333334
Left,contig,Ang,WRM,PTT,5,0.5,1,1136,36,1112,100,Source+Target,arc labels,,0.4303535353535354,0.023529411764705882,0.3888888888888889
Left,contig,Ang,WRM,PTT,5,0.5,1,1136,36,1112,100,COT,arc labels,,0.4754040404040404,0.02965599051008304,0.6944444444444444
Left,contig,Ang,WRM,PTT,5,0.5,1,1136,36,1112,100,none-Ang-HS4,arc labels,,0.5432323232323233,0.04365079365079365,0.3055555555555556
Left,contig,Ang,WRM,PTT,5,0.5,1,1136,36,1112,100,none-Ang-HSsrc,nothing,,0.5230303030303031,0.036585365853658534,0.3333333333333333
Left,contig,Ang,WRM,PTT,5,0.5,1,1136,36,1112,100,none-Ang-PCA,arc segments,16.0,0.5144444444444445,0.03414634146341464,0.3888888888888889
Left,contig,Ang,WRM,PTT,5,0.5,1,1136,36,1112,100,QOTu-Ang-HS4,arc labels,,0.5455050505050505,0.044534412955465584,0.3055555555555556
Left,contig,Ang,WRM,PTT,5,0.5,1,1136,36,1112,100,QOTu-Ang-HSsrc,arc segments,,0.5455050505050505,0.044534412955465584,0.3055555555555556
Left,contig,Ang,WRM,PTT,5,0.5,1,1136,36,1112,100,QOTu-Ang-PCA,arc segments,16.0,0.5572727272727273,0.056962025316455694,0.25
Left,contig,Ang,WRM,PTT,5,0.5,1,1136,36,1112,100,QOTc-Ang-HS4,arc labels,,0.4565151515151515,0.02813599062133646,0.6666666666666666
Left,contig,Ang,WRM,PTT,5,0.5,1,1136,36,1112,100,QOTc-Ang-HSsrc,arc labels,,0.47171717171717176,0.027777777777777776,0.3888888888888889
Left,contig,Ang,WRM,PTT,5,0.5,1,1136,36,1112,100,QOTc-Ang-PCA,arc labels,64.0,0.5341919191919192,0.03880597014925373,0.3611111111111111
Left,contig,Ang,WRM,PTT,5,0.5,1,1136,36,1112,100,SDM-Ang-HS4,arc labels,,0.4778282828282828,0.029609690444145357,0.6111111111111112
Left,contig,Ang,WRM,PTT,5,0.5,1,1136,36,1112,100,SDM-Ang-HSsrc,arc labels,,0.4844949494949495,0.030376670716889428,0.6944444444444444
Left,contig,Ang,WRM,PTT,5,0.5,1,1136,36,1112,100,SDM-Ang-PCA,arc labels,64.0,0.5885353535353535,0.04331450094161959,0.6388888888888888
Left,contig,Ang,WRM,PTT,6,0.05,0,1136,51,114,1,NoAdapt,nothing,,0.5526339568085299,0.061488673139158574,0.37254901960784315
Left,contig,Ang,WRM,PTT,6,0.05,0,1136,51,114,1,TargetOnly,arc labels,,,,
Left,contig,Ang,WRM,PTT,6,0.05,0,1136,51,114,1,Source+Target,arc labels,,,,
Left,contig,Ang,WRM,PTT,6,0.05,0,1136,51,114,1,COT,arc labels,,,,
Left,contig,Ang,WRM,PTT,6,0.05,0,1136,51,114,1,none-Ang-HS4,arc labels,,,,
Left,contig,Ang,WRM,PTT,6,0.05,0,1136,51,114,1,none-Ang-HSsrc,nothing,,0.5174844131200868,0.049586776859504134,0.35294117647058826
Left,contig,Ang,WRM,PTT,6,0.05,0,1136,51,114,1,none-Ang-PCA,arc segments,4.0,0.4501129484051685,0.030211480362537766,0.19607843137254902
Left,contig,Ang,WRM,PTT,6,0.05,0,1136,51,114,1,QOTu-Ang-HS4,arc labels,,,,
Left,contig,Ang,WRM,PTT,6,0.05,0,1136,51,114,1,QOTu-Ang-HSsrc,arc segments,,0.5227161832474926,0.05504587155963303,0.23529411764705882
Left,contig,Ang,WRM,PTT,6,0.05,0,1136,51,114,1,QOTu-Ang-PCA,arc segments,16.0,0.5125327550374988,0.052980132450331126,0.1568627450980392
Left,contig,Ang,WRM,PTT,6,0.05,0,1136,51,114,1,QOTc-Ang-HS4,arc labels,,,,
Left,contig,Ang,WRM,PTT,6,0.05,0,1136,51,114,1,QOTc-Ang-HSsrc,arc labels,,,,
Left,contig,Ang,WRM,PTT,6,0.05,0,1136,51,114,1,QOTc-Ang-PCA,arc labels,,,,
Left,contig,Ang,WRM,PTT,6,0.05,0,1136,51,114,1,SDM-Ang-HS4,arc labels,,,,
Left,contig,Ang,WRM,PTT,6,0.05,0,1136,51,114,1,SDM-Ang-HSsrc,arc labels,,,,
Left,contig,Ang,WRM,PTT,6,0.05,0,1136,51,114,1,SDM-Ang-PCA,arc labels,,,,
Left,contig,Ang,WRM,PTT,6,0.1,1,1136,51,227,17,NoAdapt,nothing,,0.5526339568085299,0.061488673139158574,0.37254901960784315
Left,contig,Ang,WRM,PTT,6,0.1,1,1136,51,227,17,TargetOnly,arc labels,,0.4800759013282732,0.0410958904109589,0.4117647058823529
Left,contig,Ang,WRM,PTT,6,0.1,1,1136,51,227,17,Source+Target,arc labels,,0.5484864913707419,0.059748427672955975,0.37254901960784315
Left,contig,Ang,WRM,PTT,6,0.1,1,1136,51,227,17,COT,arc labels,,0.5081142134273064,0.045931758530183726,0.6862745098039216
Left,contig,Ang,WRM,PTT,6,0.1,1,1136,51,227,17,none-Ang-HS4,arc labels,,0.5038221740309027,0.04633204633204633,0.23529411764705882
Left,contig,Ang,WRM,PTT,6,0.1,1,1136,51,227,17,none-Ang-HSsrc,nothing,,0.5174844131200868,0.049586776859504134,0.35294117647058826
Left,contig,Ang,WRM,PTT,6,0.1,1,1136,51,227,17,none-Ang-PCA,arc segments,16.0,0.490223186048613,0.043596730245231606,0.6274509803921569
Left,contig,Ang,WRM,PTT,6,0.1,1,1136,51,227,17,QOTu-Ang-HS4,arc labels,,0.5052046625101654,0.046875,0.23529411764705882
Left,contig,Ang,WRM,PTT,6,0.1,1,1136,51,227,17,QOTu-Ang-HSsrc,arc segments,,0.505665492003253,0.047058823529411764,0.23529411764705882
Left,contig,Ang,WRM,PTT,6,0.1,1,1136,51,227,17,QOTu-Ang-PCA,arc segments,16.0,0.5209541881268637,0.05806451612903226,0.17647058823529413
Left,contig,Ang,WRM,PTT,6,0.1,1,1136,51,227,17,QOTc-Ang-HS4,arc labels,,0.47442848106984725,0.04155495978552279,0.6078431372549019
Left,contig,Ang,WRM,PTT,6,0.1,1,1136,51,227,17,QOTc-Ang-HSsrc,arc labels,,0.5438962681846933,0.05012224938875306,0.803921568627451
Left,contig,Ang,WRM,PTT,6,0.1,1,1136,51,227,17,QOTc-Ang-PCA,arc labels,64.0,0.503903496882624,0.046875,0.17647058823529413
Left,contig,Ang,WRM,PTT,6,0.1,1,1136,51,227,17,SDM-Ang-HS4,arc labels,,0.4753501400560224,0.041666666666666664,0.6078431372549019
Left,contig,Ang,WRM,PTT,6,0.1,1,1136,51,227,17,SDM-Ang-HSsrc,arc labels,,0.5127676877202494,0.04637336504161712,0.7647058823529411
Left,contig,Ang,WRM,PTT,6,0.1,1,1136,51,227,17,SDM-Ang-PCA,arc labels,16.0,0.44564019156049517,0.03618421052631579,0.43137254901960786
Left,contig,Ang,WRM,PTT,6,0.2,1,1136,51,454,31,NoAdapt,nothing,,0.5526339568085299,0.061488673139158574,0.37254901960784315
Left,contig,Ang,WRM,PTT,6,0.2,1,1136,51,454,31,TargetOnly,arc labels,,0.5101201771030993,0.046474358974358976,0.5686274509803921
Left,contig,Ang,WRM,PTT,6,0.2,1,1136,51,454,31,Source+Target,arc labels,,0.555733261046354,0.06428571428571428,0.35294117647058826
Left,contig,Ang,WRM,PTT,6,0.2,1,1136,51,454,31,COT,arc labels,,0.5211349055751333,0.04892367906066536,0.49019607843137253
Left,contig,Ang,WRM,PTT,6,0.2,1,1136,51,454,31,none-Ang-HS4,arc labels,,0.5211258697027198,0.05263157894736842,0.27450980392156865
Left,contig,Ang,WRM,PTT,6,0.2,1,1136,51,454,31,none-Ang-HSsrc,nothing,,0.5174844131200868,0.049586776859504134,0.35294117647058826
Left,contig,Ang,WRM,PTT,6,0.2,1,1136,51,454,31,none-Ang-PCA,arc segments,32.0,0.5321857775368212,0.05785123966942149,0.27450980392156865
Left,contig,Ang,WRM,PTT,6,0.2,1,1136,51,454,31,QOTu-Ang-HS4,arc labels,,0.5154694135718804,0.05078125,0.2549019607843137
Left,contig,Ang,WRM,PTT,6,0.2,1,1136,51,454,31,QOTu-Ang-HSsrc,arc segments,,0.5047438330170778,0.04669260700389105,0.23529411764705882
Left,contig,Ang,WRM,PTT,6,0.2,1,1136,51,454,31,QOTu-Ang-PCA,arc segments,32.0,0.531806270895455,0.0625,0.21568627450980393
Left,contig,Ang,WRM,PTT,6,0.2,1,1136,51,454,31,QOTc-Ang-HS4,arc labels,,0.49981928255173036,0.04487179487179487,0.6862745098039216
Left,contig,Ang,WRM,PTT,6,0.2,1,1136,51,454,31,QOTc-Ang-HSsrc,arc labels,,0.5200054215234481,0.04838709677419355,0.5294117647058824
Left,contig,Ang,WRM,PTT,6,0.2,1,1136,51,454,31,QOTc-Ang-PCA,arc labels,64.0,0.533026113671275,0.05537459283387622,0.3333333333333333
Left,contig,Ang,WRM,PTT,6,0.2,1,1136,51,454,31,SDM-Ang-HS4,arc labels,,0.5043010752688172,0.045454545454545456,0.6666666666666666
Left,contig,Ang,WRM,PTT,6,0.2,1,1136,51,454,31,SDM-Ang-HSsrc,arc labels,,0.5323755308575043,0.04863582443653618,0.803921568627451
Left,contig,Ang,WRM,PTT,6,0.2,1,1136,51,454,31,SDM-Ang-PCA,arc labels,32.0,0.4939459654829674,0.043859649122807015,0.49019607843137253
Left,contig,Ang,WRM,PTT,6,0.3,1,1136,51,682,48,NoAdapt,nothing,,0.5526339568085299,0.061488673139158574,0.37254901960784315
Left,contig,Ang,WRM,PTT,6,0.3,1,1136,51,682,48,TargetOnly,arc labels,,0.5044637209722599,0.04560260586319218,0.5490196078431373
Left,contig,Ang,WRM,PTT,6,0.3,1,1136,51,682,48,Source+Target,arc labels,,0.5738772928526249,0.06534090909090909,0.45098039215686275
Left,contig,Ang,WRM,PTT,6,0.3,1,1136,51,682,48,COT,arc labels,,0.5166621487304599,0.046954314720812185,0.7254901960784313
Left,contig,Ang,WRM,PTT,6,0.3,1,1136,51,682,48,none-Ang-HS4,arc labels,,0.5183608927441945,0.051470588235294115,0.27450980392156865
Left,contig,Ang,WRM,PTT,6,0.3,1,1136,51,682,48,none-Ang-HSsrc,nothing,,0.5174844131200868,0.049586776859504134,0.35294117647058826
Left,contig,Ang,WRM,PTT,6,0.3,1,1136,51,682,48,none-Ang-PCA,arc segments,32.0,0.5052046625101654,0.046875,0.23529411764705882
Left,contig,Ang,WRM,PTT,6,0.3,1,1136,51,682,48,QOTu-Ang-HS4,arc labels,,0.5234300171681576,0.05363984674329502,0.27450980392156865
Left,contig,Ang,WRM,PTT,6,0.3,1,1136,51,682,48,QOTu-Ang-HSsrc,arc segments,,0.5047438330170778,0.04669260700389105,0.23529411764705882
Left,contig,Ang,WRM,PTT,6,0.3,1,1136,51,682,48,QOTu-Ang-PCA,arc segments,32.0,0.518315713382127,0.0546448087431694,0.19607843137254902
Left,contig,Ang,WRM,PTT,6,0.3,1,1136,51,682,48,QOTc-Ang-HS4,arc labels,,0.5182072829131652,0.047619047619047616,0.6078431372549019
Left,contig,Ang,WRM,PTT,6,0.3,1,1136,51,682,48,QOTc-Ang-HSsrc,arc labels,,0.5455950121984278,0.059602649006622516,0.35294117647058826
Left,contig,Ang,WRM,PTT,6,0.3,1,1136,51,682,48,QOTc-Ang-PCA,arc labels,64.0,0.5437516942260775,0.058823529411764705,0.35294117647058826
Left,contig,Ang,WRM,PTT,6,0.3,1,1136,51,682,48,SDM-Ang-HS4,arc labels,,0.5182886057648866,0.04794520547945205,0.5490196078431373
Left,contig,Ang,WRM,PTT,6,0.3,1,1136,51,682,48,SDM-Ang-HSsrc,arc labels,,0.5147736513960424,0.04694167852062589,0.6470588235294118
Left,contig,Ang,WRM,PTT,6,0.3,1,1136,51,682,48,SDM-Ang-PCA,arc labels,64.0,0.42704436613355023,0.03580562659846547,0.5490196078431373
Left,contig,Ang,WRM,PTT,6,0.5,1,1136,51,1112,88,NoAdapt,nothing,,0.5526339568085299,0.061488673139158574,0.37254901960784315
Left,contig,Ang,WRM,PTT,6,0.5,1,1136,51,1112,88,TargetOnly,arc labels,,0.4384747447366043,0.03454231433506045,0.39215686274509803
Left,contig,Ang,WRM,PTT,6,0.5,1,1136,51,1112,88,Source+Target,arc labels,,0.49746091985181173,0.04434589800443459,0.39215686274509803
Left,contig,Ang,WRM,PTT,6,0.5,1,1136,51,1112,88,COT,arc labels,,0.5050149091894822,0.045512010113780026,0.7058823529411765
Left,contig,Ang,WRM,PTT,6,0.5,1,1136,51,1112,88,none-Ang-HS4,arc labels,,0.5113219481340923,0.04905660377358491,0.2549019607843137
Left,contig,Ang,WRM,PTT,6,0.5,1,1136,51,1112,88,none-Ang-HSsrc,nothing,,0.5174844131200868,0.049586776859504134,0.35294117647058826
Left,contig,Ang,WRM,PTT,6,0.5,1,1136,51,1112,88,none-Ang-PCA,arc segments,32.0,0.5450076804915515,0.060498220640569395,0.3333333333333333
Left,contig,Ang,WRM,PTT,6,0.5,1,1136,51,1112,88,QOTu-Ang-HS4,arc labels,,0.5065871509894281,0.04743083003952569,0.23529411764705882
Left,contig,Ang,WRM,PTT,6,0.5,1,1136,51,1112,88,QOTu-Ang-HSsrc,arc segments,,0.5047438330170778,0.04669260700389105,0.23529411764705882
Left,contig,Ang,WRM,PTT,6,0.5,1,1136,51,1112,88,QOTu-Ang-PCA,arc segments,8.0,0.5061263214963405,0.047244094488188976,0.23529411764705882
Left,contig,Ang,WRM,PTT,6,0.5,1,1136,51,1112,88,QOTc-Ang-HS4,arc labels,,0.4766874491732177,0.04141104294478527,0.5294117647058824
Left,contig,Ang,WRM,PTT,6,0.5,1,1136,51,1112,88,QOTc-Ang-HSsrc,arc labels,,0.5272431553266468,0.05454545454545454,0.29411764705882354
Left,contig,Ang,WRM,PTT,6,0.5,1,1136,51,1112,88,QOTc-Ang-PCA,arc labels,32.0,0.486057648865998,0.039525691699604744,0.19607843137254902
Left,contig,Ang,WRM,PTT,6,0.5,1,1136,51,1112,88,SDM-Ang-HS4,arc labels,,0.4502936658534381,0.03784570596797671,0.5098039215686274
Left,contig,Ang,WRM,PTT,6,0.5,1,1136,51,1112,88,SDM-Ang-HSsrc,arc labels,,0.5147736513960424,0.04694167852062589,0.6470588235294118
Left,contig,Ang,WRM,PTT,6,0.5,1,1136,51,1112,88,SDM-Ang-PCA,arc labels,32.0,0.5336134453781513,0.054878048780487805,0.35294117647058826
Left,contig,Ang,WRM,PTT,7,0.05,1,1136,54,114,4,NoAdapt,nothing,,0.6031354829876087,0.07111111111111111,0.5925925925925926
Left,contig,Ang,WRM,PTT,7,0.05,1,1136,54,114,4,TargetOnly,arc labels,,0.49957212295474773,0.046511627906976744,0.037037037037037035
Left,contig,Ang,WRM,PTT,7,0.05,1,1136,54,114,4,Source+Target,arc labels,,0.6248545218046142,0.0794044665012407,0.5925925925925926
Left,contig,Ang,WRM,PTT,7,0.05,1,1136,54,114,4,COT,arc labels,,0.44054220579174364,0.040632054176072234,0.6666666666666666
Left,contig,Ang,WRM,PTT,7,0.05,1,1136,54,114,4,none-Ang-HS4,arc labels,,0.5503183405216676,0.06060606060606061,0.4444444444444444
Left,contig,Ang,WRM,PTT,7,0.05,1,1136,54,114,4,none-Ang-HSsrc,nothing,,0.5656705689053194,0.06134969325153374,0.5555555555555556
Left,contig,Ang,WRM,PTT,7,0.05,1,1136,54,114,4,none-Ang-PCA,arc segments,16.0,0.49596084069281854,0.04696132596685083,0.6296296296296297
Left,contig,Ang,WRM,PTT,7,0.05,1,1136,54,114,4,QOTu-Ang-HS4,arc labels,,0.5799958923803656,0.06550218340611354,0.5555555555555556
Left,contig,Ang,WRM,PTT,7,0.05,1,1136,54,114,4,QOTu-Ang-HSsrc,arc segments,,0.5873896077223248,0.06787330316742081,0.5555555555555556
Left,contig,Ang,WRM,PTT,7,0.05,1,1136,54,114,4,QOTu-Ang-PCA,arc segments,32.0,0.4600876292188677,0.038288288288288286,0.3148148148148148
Left,contig,Ang,WRM,PTT,7,0.05,1,1136,54,114,4,QOTc-Ang-HS4,arc labels,,0.5093619497501198,0.05511811023622047,0.12962962962962962
Left,contig,Ang,WRM,PTT,7,0.05,1,1136,54,114,4,QOTc-Ang-HSsrc,arc labels,,0.5762990347093859,0.06437768240343347,0.5555555555555556
Left,contig,Ang,WRM,PTT,7,0.05,1,1136,54,114,4,QOTc-Ang-PCA,arc labels,64.0,0.504330115697953,0.04975124378109453,0.18518518518518517
Left,contig,Ang,WRM,PTT,7,0.05,1,1136,54,114,4,SDM-Ang-HS4,arc labels,,0.5153693434654617,0.06140350877192982,0.12962962962962962
Left,contig,Ang,WRM,PTT,7,0.05,1,1136,54,114,4,SDM-Ang-HSsrc,arc labels,,0.5405627438899158,0.059322033898305086,0.3888888888888889
Left,contig,Ang,WRM,PTT,7,0.05,1,1136,54,114,4,SDM-Ang-PCA,arc labels,64.0,0.44468405558978574,0.027777777777777776,0.14814814814814814
Left,contig,Ang,WRM,PTT,7,0.1,1,1136,54,227,8,NoAdapt,nothing,,0.6031354829876087,0.07111111111111111,0.5925925925925926
Left,contig,Ang,WRM,PTT,7,0.1,1,1136,54,227,8,TargetOnly,arc labels,,0.5031834052166769,0.04819277108433735,0.4444444444444444
Left,contig,Ang,WRM,PTT,7,0.1,1,1136,54,227,8,Source+Target,arc labels,,0.6271650578489765,0.08040201005025126,0.5925925925925926
Left,contig,Ang,WRM,PTT,7,0.1,1,1136,54,227,8,COT,arc labels,,0.43485999863079344,0.038356164383561646,0.5185185185185185
Left,contig,Ang,WRM,PTT,7,0.1,1,1136,54,227,8,none-Ang-HS4,arc labels,,0.5294721708769768,0.05555555555555555,0.3888888888888889
Left,contig,Ang,WRM,PTT,7,0.1,1,1136,54,227,8,none-Ang-HSsrc,nothing,,0.5656705689053194,0.06134969325153374,0.5555555555555556
Left,contig,Ang,WRM,PTT,7,0.1,1,1136,54,227,8,none-Ang-PCA,arc segments,4.0,0.4985109878825221,0.04719101123595506,0.3888888888888889
Left,contig,Ang,WRM,PTT,7,0.1,1,1136,54,227,8,QOTu-Ang-HS4,arc labels,,0.5512083247757924,0.0625,0.4074074074074074
Left,contig,Ang,WRM,PTT,7,0.1,1,1136,54,227,8,QOTu-Ang-HSsrc,arc segments,,0.5405627438899158,0.059322033898305086,0.3888888888888889
Left,contig,Ang,WRM,PTT,7,0.1,1,1136,54,227,8,QOTu-Ang-PCA,arc segments,32.0,0.5288217977681934,0.06756756756756757,0.18518518518518517
Left,contig,Ang,WRM,PTT,7,0.1,1,1136,54,227,8,QOTc-Ang-HS4,arc labels,,0.5143082083932361,0.050387596899224806,0.48148148148148145
Left,contig,Ang,WRM,PTT,7,0.1,1,1136,54,227,8,QOTc-Ang-HSsrc,arc labels,,0.5510029437940713,0.05538922155688623,0.6851851851851852
Left,contig,Ang,WRM,PTT,7,0.1,1,1136,54,227,8,QOTc-Ang-PCA,arc labels,64.0,0.515780105428904,0.08,0.07407407407407407
Left,contig,Ang,WRM,PTT,7,0.1,1,1136,54,227,8,SDM-Ang-HS4,arc labels,,0.5542890395016088,0.08333333333333333,0.24074074074074073
Left,contig,Ang,WRM,PTT,7,0.1,1,1136,54,227,8,SDM-Ang-HSsrc,arc labels,,0.5412644622441295,0.05409582689335394,0.6481481481481481
Left,contig,Ang,WRM,PTT,7,0.1,1,1136,54,227,8,SDM-Ang-PCA,arc labels,64.0,0.5214623125898541,0.05825242718446602,0.2222222222222222
Left,contig,Ang,WRM,PTT,7,0.2,1,1136,54,454,47,NoAdapt,nothing,,0.6031354829876087,0.07111111111111111,0.5925925925925926
Left,contig,Ang,WRM,PTT,7,0.2,1,1136,54,454,47,TargetOnly,arc labels,,0.4835010611350722,0.04533678756476684,0.6481481481481481
Left,contig,Ang,WRM,PTT,7,0.2,1,1136,54,454,47,Source+Target,arc labels,,0.5472547408776613,0.05546492659053834,0.6296296296296297
Left,contig,Ang,WRM,PTT,7,0.2,1,1136,54,454,47,COT,arc labels,,0.5121688231669748,0.049247606019151846,0.6666666666666666
Left,contig,Ang,WRM,PTT,7,0.2,1,1136,54,454,47,none-Ang-HS4,arc labels,,0.5470322448141303,0.061764705882352944,0.3888888888888889
Left,contig,Ang,WRM,PTT,7,0.2,1,1136,54,454,47,none-Ang-HSsrc,nothing,,0.5656705689053194,0.06134969325153374,0.5555555555555556
Left,contig,Ang,WRM,PTT,7,0.2,1,1136,54,454,47,none-Ang-PCA,arc segments,4.0,0.5124084343123161,0.05032822757111598,0.42592592592592593
Left,contig,Ang,WRM,PTT,7,0.2,1,1136,54,454,47,QOTu-Ang-HS4,arc labels,,0.5405456288081056,0.06006006006006006,0.37037037037037035
Left,contig,Ang,WRM,PTT,7,0.2,1,1136,54,454,47,QOTu-Ang-HSsrc,arc segments,,0.5405627438899158,0.059322033898305086,0.3888888888888889
Left,contig,Ang,WRM,PTT,7,0.2,1,1136,54,454,47,QOTu-Ang-PCA,arc segments,64.0,0.5636338741699185,0.07251908396946564,0.35185185185185186
Left,contig,Ang,WRM,PTT,7,0.2,1,1136,54,454,47,QOTc-Ang-HS4,arc labels,,0.40655165331690285,0.03260869565217391,0.3888888888888889
Left,contig,Ang,WRM,PTT,7,0.2,1,1136,54,454,47,QOTc-Ang-HSsrc,arc labels,,0.5315773259396179,0.05224963715529753,0.6666666666666666
Left,contig,Ang,WRM,PTT,7,0.2,1,1136,54,454,47,QOTc-Ang-PCA,arc labels,32.0,0.46796056685150955,0.04017857142857143,0.3333333333333333
Left,contig,Ang,WRM,PTT,7,0.2,1,1136,54,454,47,SDM-Ang-HS4,arc labels,,0.4311802560416239,0.03820816864295125,0.5370370370370371
Left,contig,Ang,WRM,PTT,7,0.2,1,1136,54,454,47,SDM-Ang-HSsrc,arc labels,,0.5187410145820497,0.0498220640569395,0.7777777777777778
Left,contig,Ang,WRM,PTT,7,0.2,1,1136,54,454,47,SDM-Ang-PCA,arc labels,16.0,0.4205346751557472,0.03679369250985545,0.5185185185185185
Left,contig,Ang,WRM,PTT,7,0.3,1,1136,54,682,59,NoAdapt,nothing,,0.6031354829876087,0.07111111111111111,0.5925925925925926
Left,contig,Ang,WRM,PTT,7,0.3,1,1136,54,682,59,TargetOnly,arc labels,,0.44867186965153694,0.03924646781789639,0.46296296296296297
Left,contig,Ang,WRM,PTT,7,0.3,1,1136,54,682,59,Source+Target,arc labels,,0.5559834326008078,0.0583804143126177,0.5740740740740741
Left,contig,Ang,WRM,PTT,7,0.3,1,1136,54,682,59,COT,arc labels,,0.4884986650236188,0.04573170731707317,0.5555555555555556
Left,contig,Ang,WRM,PTT,7,0.3,1,1136,54,682,59,none-Ang-HS4,arc labels,,0.5623160128705416,0.0659025787965616,0.42592592592592593
Left,contig,Ang,WRM,PTT,7,0.3,1,1136,54,682,59,none-Ang-HSsrc,nothing,,0.5656705689053194,0.06134969325153374,0.5555555555555556
Left,contig,Ang,WRM,PTT,7,0.3,1,1136,54,682,59,none-Ang-PCA,arc segments,32.0,0.5725166016293558,0.06775067750677506,0.46296296296296297
Left,contig,Ang,WRM,PTT,7,0.3,1,1136,54,682,59,QOTu-Ang-HS4,arc labels,,0.5498048880673649,0.06287425149700598,0.3888888888888889
Left,contig,Ang,WRM,PTT,7,0.3,1,1136,54,682,59,QOTu-Ang-HSsrc,arc segments,,0.5405627438899158,0.059322033898305086,0.3888888888888889
Left,contig,Ang,WRM,PTT,7,0.3,1,1136,54,682,59,QOTu-Ang-PCA,arc segments,32.0,0.5557438214554665,0.07172995780590717,0.3148148148148148
Left,contig,Ang,WRM,PTT,7,0.3,1,1136,54,682,59,QOTc-Ang-HS4,arc labels,,0.3963852947217088,0.03153153153153153,0.3888888888888889
Left,contig,Ang,WRM,PTT,7,0.3,1,1136,54,682,59,QOTc-Ang-HSsrc,arc labels,,0.5772917094543712,0.06204379562043796,0.6296296296296297
Left,contig,Ang,WRM,PTT,7,0.3,1,1136,54,682,59,QOTc-Ang-PCA,arc labels,32.0,0.4784178818374752,0.037209302325581395,0.14814814814814814
Left,contig,Ang,WRM,PTT,7,0.3,1,1136,54,682,59,SDM-Ang-HS4,arc labels,,0.40470322448141305,0.032407407407407406,0.3888888888888889
Left,contig,Ang,WRM,PTT,7,0.3,1,1136,54,682,59,SDM-Ang-HSsrc,arc labels,,0.5121688231669748,0.049247606019151846,0.6666666666666666
Left,contig,Ang,WRM,PTT,7,0.3,1,1136,54,682,59,SDM-Ang-PCA,arc labels,32.0,0.5233792017525843,0.055944055944055944,0.2962962962962963
Left,contig,Ang,WRM,PTT,7,0.5,1,1136,54,1124,84,NoAdapt,nothing,,0.6031354829876087,0.07111111111111111,0.5925925925925926
Left,contig,Ang,WRM,PTT,7,0.5,1,1136,54,1124,84,TargetOnly,arc labels,,0.4666598206339426,0.04136690647482014,0.42592592592592593
Left,contig,Ang,WRM,PTT,7,0.5,1,1136,54,1124,84,Source+Target,arc labels,,0.495481618402136,0.046875,0.6111111111111112
Left,contig,Ang,WRM,PTT,7,0.5,1,1136,54,1124,84,COT,arc labels,,0.45043472307797633,0.03787878787878788,0.37037037037037035
Left,contig,Ang,WRM,PTT,7,0.5,1,1136,54,1124,84,none-Ang-HS4,arc labels,,0.5512083247757924,0.0625,0.4074074074074074
Left,contig,Ang,WRM,PTT,7,0.5,1,1136,54,1124,84,none-Ang-HSsrc,nothing,,0.5656705689053194,0.06134969325153374,0.5555555555555556
Left,contig,Ang,WRM,PTT,7,0.5,1,1136,54,1124,84,none-Ang-PCA,arc segments,32.0,0.5721058396659136,0.06466512702078522,0.5185185185185185
Left,contig,Ang,WRM,PTT,7,0.5,1,1136,54,1124,84,QOTu-Ang-HS4,arc labels,,0.5414698432258507,0.06042296072507553,0.37037037037037035
Left,contig,Ang,WRM,PTT,7,0.5,1,1136,54,1124,84,QOTu-Ang-HSsrc,arc segments,,0.5803895392619977,0.06970509383378017,0.48148148148148145
Left,contig,Ang,WRM,PTT,7,0.5,1,1136,54,1124,84,QOTu-Ang-PCA,arc segments,32.0,0.5423598274799754,0.0627177700348432,0.3333333333333333
Left,contig,Ang,WRM,PTT,7,0.5,1,1136,54,1124,84,QOTc-Ang-HS4,arc labels,,0.4537037037037037,0.03907637655417407,0.4074074074074074
Left,contig,Ang,WRM,PTT,7,0.5,1,1136,54,1124,84,QOTc-Ang-HSsrc,arc labels,,0.6031012528239885,0.07352941176470588,0.5555555555555556
Left,contig,Ang,WRM,PTT,7,0.5,1,1136,54,1124,84,QOTc-Ang-PCA,arc labels,16.0,0.5012665160539467,0.04784688995215311,0.37037037037037035
Left,contig,Ang,WRM,PTT,7,0.5,1,1136,54,1124,84,SDM-Ang-HS4,arc labels,,0.3929793934415007,0.023758099352051837,0.2037037037037037
Left,contig,Ang,WRM,PTT,7,0.5,1,1136,54,1124,84,SDM-Ang-HSsrc,arc labels,,0.4959266105291983,0.0469208211143695,0.5925925925925926
Left,contig,Ang,WRM,PTT,7,0.5,1,1136,54,1124,84,SDM-Ang-PCA,arc labels,64.0,0.5525433011569796,0.06643356643356643,0.35185185185185186
Left,contig,Ang,WRM,RTT,0,0.05,1,2129,35,213,4,NoAdapt,nothing,,0.7915950334288444,0.058091286307053944,0.8
Left,contig,Ang,WRM,RTT,0,0.05,1,2129,35,213,4,TargetOnly,arc labels,,0.4145517805976259,0.0075528700906344415,0.14285714285714285
Left,contig,Ang,WRM,RTT,0,0.05,1,2129,35,213,4,Source+Target,arc labels,,0.7934233865465956,0.050335570469798654,0.8571428571428571
Left,contig,Ang,WRM,RTT,0,0.05,1,2129,35,213,4,COT,arc labels,,0.22539909946786738,0.0039603960396039604,0.17142857142857143
Left,contig,Ang,WRM,RTT,0,0.05,1,2129,35,213,4,none-Ang-HS4,arc labels,,0.6825214899713468,0.04093567251461988,0.6
Left,contig,Ang,WRM,RTT,0,0.05,1,2129,35,213,4,none-Ang-HSsrc,nothing,,0.6395006139991813,0.029177718832891247,0.6285714285714286
Left,contig,Ang,WRM,RTT,0,0.05,1,2129,35,213,4,none-Ang-PCA,arc segments,16.0,0.5261768317642244,0.021220159151193633,0.22857142857142856
Left,contig,Ang,WRM,RTT,0,0.05,1,2129,35,213,4,QOTu-Ang-HS4,arc labels,,0.42497612225405923,0.00945945945945946,0.2
Left,contig,Ang,WRM,RTT,0,0.05,1,2129,35,213,4,QOTu-Ang-HSsrc,arc segments,,0.4232228134806931,0.010356731875719217,0.2571428571428571
Left,contig,Ang,WRM,RTT,0,0.05,1,2129,35,213,4,QOTu-Ang-PCA,arc segments,64.0,0.4682221312593805,0.014657980456026058,0.5142857142857142
Left,contig,Ang,WRM,RTT,0,0.05,1,2129,35,213,4,QOTc-Ang-HS4,arc labels,,0.3513985536908173,0.002688172043010753,0.05714285714285714
Left,contig,Ang,WRM,RTT,0,0.05,1,2129,35,213,4,QOTc-Ang-HSsrc,arc labels,,0.4286055396370583,0.0,0.0
Left,contig,Ang,WRM,RTT,0,0.05,1,2129,35,213,4,QOTc-Ang-PCA,arc labels,32.0,0.4998976668031109,0.016433853738701727,0.5714285714285714
Left,contig,Ang,WRM,RTT,0,0.05,1,2129,35,213,4,SDM-Ang-HS4,arc labels,,0.4381566380133715,0.0,0.0
Left,contig,Ang,WRM,RTT,0,0.05,1,2129,35,213,4,SDM-Ang-HSsrc,arc labels,,0.43194842406876793,0.0,0.0
Left,contig,Ang,WRM,RTT,0,0.05,1,2129,35,213,4,SDM-Ang-PCA,arc labels,32.0,0.48339473325146676,0.014586709886547812,0.2571428571428571
Left,contig,Ang,WRM,RTT,0,0.1,1,2129,35,426,5,NoAdapt,nothing,,0.7915950334288444,0.058091286307053944,0.8
Left,contig,Ang,WRM,RTT,0,0.1,1,2129,35,426,5,TargetOnly,arc labels,,0.45116659844453544,0.007751937984496124,0.08571428571428572
Left,contig,Ang,WRM,RTT,0,0.1,1,2129,35,426,5,Source+Target,arc labels,,0.7806112702960841,0.05303030303030303,0.8
Left,contig,Ang,WRM,RTT,0,0.1,1,2129,35,426,5,COT,arc labels,,0.32516032200845957,0.008535784635587657,0.37142857142857144
Left,contig,Ang,WRM,RTT,0,0.1,1,2129,35,426,5,none-Ang-HS4,arc labels,,0.6742870787283395,0.049315068493150684,0.5142857142857142
Left,contig,Ang,WRM,RTT,0,0.1,1,2129,35,426,5,none-Ang-HSsrc,nothing,,0.6395006139991813,0.029177718832891247,0.6285714285714286
Left,contig,Ang,WRM,RTT,0,0.1,1,2129,35,426,5,none-Ang-PCA,arc segments,16.0,0.6074703233729022,0.02910958904109589,0.4857142857142857
Left,contig,Ang,WRM,RTT,0,0.1,1,2129,35,426,5,QOTu-Ang-HS4,arc labels,,0.4820371128394051,0.015011547344110854,0.37142857142857144
Left,contig,Ang,WRM,RTT,0,0.1,1,2129,35,426,5,QOTu-Ang-HSsrc,arc segments,,0.5867307954700505,0.022564102564102566,0.6285714285714286
Left,contig,Ang,WRM,RTT,0,0.1,1,2129,35,426,5,QOTu-Ang-PCA,arc segments,32.0,0.4737208350388866,0.014285714285714285,0.34285714285714286
Left,contig,Ang,WRM,RTT,0,0.1,1,2129,35,426,5,QOTc-Ang-HS4,arc labels,,0.34113112293628056,0.0025412960609911056,0.05714285714285714
Left,contig,Ang,WRM,RTT,0,0.1,1,2129,35,426,5,QOTc-Ang-HSsrc,arc labels,,0.4235912129894938,0.0,0.0
Left,contig,Ang,WRM,RTT,0,0.1,1,2129,35,426,5,QOTc-Ang-PCA,arc labels,32.0,0.32867376176831764,0.0033333333333333335,0.08571428571428572
Left,contig,Ang,WRM,RTT,0,0.1,1,2129,35,426,5,SDM-Ang-HS4,arc labels,,0.47516714422158546,0.0,0.0
Left,contig,Ang,WRM,RTT,0,0.1,1,2129,35,426,5,SDM-Ang-HSsrc,arc labels,,0.4290830945558739,0.0,0.0
Left,contig,Ang,WRM,RTT,0,0.1,1,2129,35,426,5,SDM-Ang-PCA,arc labels,32.0,0.6454359394187474,0.04,0.4857142857142857
Left,contig,Ang,WRM,RTT,0,0.2,1,2129,35,852,18,NoAdapt,nothing,,0.7915950334288444,0.058091286307053944,0.8
Left,contig,Ang,WRM,RTT,0,0.2,1,2129,35,852,18,TargetOnly,arc labels,,0.6840360212853049,0.04935064935064935,0.5428571428571428
Left,contig,Ang,WRM,RTT,0,0.2,1,2129,35,852,18,Source+Target,arc labels,,0.7846704871060173,0.0547945205479452,0.8
Left,contig,Ang,WRM,RTT,0,0.2,1,2129,35,852,18,COT,arc labels,,0.5989971346704871,0.032036613272311214,0.4
Left,contig,Ang,WRM,RTT,0,0.2,1,2129,35,852,18,none-Ang-HS4,arc labels,,0.6849911311229362,0.049868766404199474,0.5428571428571428
Left,contig,Ang,WRM,RTT,0,0.2,1,2129,35,852,18,none-Ang-HSsrc,nothing,,0.6395006139991813,0.029177718832891247,0.6285714285714286
Left,contig,Ang,WRM,RTT,0,0.2,1,2129,35,852,18,none-Ang-PCA,arc segments,32.0,0.6279233183244645,0.03064516129032258,0.5428571428571428
Left,contig,Ang,WRM,RTT,0,0.2,1,2129,35,852,18,QOTu-Ang-HS4,arc labels,,0.6094146541137946,0.025,0.6285714285714286
Left,contig,Ang,WRM,RTT,0,0.2,1,2129,35,852,18,QOTu-Ang-HSsrc,arc segments,,0.6046391049256379,0.024444444444444446,0.6285714285714286
Left,contig,Ang,WRM,RTT,0,0.2,1,2129,35,852,18,QOTu-Ang-PCA,arc segments,32.0,0.5480624914722336,0.02457002457002457,0.2857142857142857
Left,contig,Ang,WRM,RTT,0,0.2,1,2129,35,852,18,QOTc-Ang-HS4,arc labels,,0.7159094010096876,0.05069124423963134,0.6285714285714286
Left,contig,Ang,WRM,RTT,0,0.2,1,2129,35,852,18,QOTc-Ang-HSsrc,arc labels,,0.7312184472642925,0.03176130895091434,0.9428571428571428
Left,contig,Ang,WRM,RTT,0,0.2,1,2129,35,852,18,QOTc-Ang-PCA,arc labels,32.0,0.5389480147359804,0.021739130434782608,0.3142857142857143
Left,contig,Ang,WRM,RTT,0,0.2,1,2129,35,852,18,SDM-Ang-HS4,arc labels,,0.6021421749215445,0.03581267217630854,0.37142857142857144
Left,contig,Ang,WRM,RTT,0,0.2,1,2129,35,852,18,SDM-Ang-HSsrc,arc labels,,0.7197571292127166,0.03035878564857406,0.9428571428571428
Left,contig,Ang,WRM,RTT,0,0.2,1,2129,35,852,18,SDM-Ang-PCA,arc labels,32.0,0.5822486014463092,0.04433497536945813,0.2571428571428571
Left,contig,Ang,WRM,RTT,0,0.3,1,2129,35,1278,27,NoAdapt,nothing,,0.7915950334288444,0.058091286307053944,0.8
Left,contig,Ang,WRM,RTT,0,0.3,1,2129,35,1278,27,TargetOnly,arc labels,,0.7680379315049802,0.05664488017429194,0.7428571428571429
Left,contig,Ang,WRM,RTT,0,0.3,1,2129,35,1278,27,Source+Target,arc labels,,0.8158684677309319,0.05976095617529881,0.8571428571428571
Left,contig,Ang,WRM,RTT,0,0.3,1,2129,35,1278,27,COT,arc labels,,0.6695115295401828,0.046753246753246755,0.5142857142857142
Left,contig,Ang,WRM,RTT,0,0.3,1,2129,35,1278,27,none-Ang-HS4,arc labels,,0.634254332105335,0.038929440389294405,0.45714285714285713
Left,contig,Ang,WRM,RTT,0,0.3,1,2129,35,1278,27,none-Ang-HSsrc,nothing,,0.6395006139991813,0.029177718832891247,0.6285714285714286
Left,contig,Ang,WRM,RTT,0,0.3,1,2129,35,1278,27,none-Ang-PCA,arc segments,32.0,0.64229089916769,0.036072144288577156,0.5142857142857142
Left,contig,Ang,WRM,RTT,0,0.3,1,2129,35,1278,27,QOTu-Ang-HS4,arc labels,,0.5763132760267431,0.02631578947368421,0.4
Left,contig,Ang,WRM,RTT,0,0.3,1,2129,35,1278,27,QOTu-Ang-HSsrc,arc segments,,0.48681266202756174,0.015366430260047281,0.37142857142857144
Left,contig,Ang,WRM,RTT,0,0.3,1,2129,35,1278,27,QOTu-Ang-PCA,arc segments,16.0,0.47817574021012416,0.014846235418875928,0.4
Left,contig,Ang,WRM,RTT,0,0.3,1,2129,35,1278,27,QOTc-Ang-HS4,arc labels,,0.6143607586300996,0.04780876494023904,0.34285714285714286
Left,contig,Ang,WRM,RTT,0,0.3,1,2129,35,1278,27,QOTc-Ang-HSsrc,arc labels,,0.22189930413426115,0.002840909090909091,0.11428571428571428
Left,contig,Ang,WRM,RTT,0,0.3,1,2129,35,1278,27,QOTc-Ang-PCA,arc labels,64.0,0.7239527902851685,0.11464968152866242,0.5142857142857142
Left,contig,Ang,WRM,RTT,0,0.3,1,2129,35,1278,27,SDM-Ang-HS4,arc labels,,0.5645790694501296,0.032490974729241874,0.2571428571428571
Left,contig,Ang,WRM,RTT,0,0.3,1,2129,35,1278,27,SDM-Ang-HSsrc,arc labels,,0.6369081730113249,0.025257249766136577,0.7714285714285715
Left,contig,Ang,WRM,RTT,0,0.3,1,2129,35,1278,27,SDM-Ang-PCA,arc labels,32.0,0.6827670896438804,0.10204081632653061,0.42857142857142855
Left,contig,Ang,WRM,RTT,0,0.5,1,2129,35,2118,35,NoAdapt,nothing,,0.7915950334288444,0.058091286307053944,0.8
Left,contig,Ang,WRM,RTT,0,0.5,1,2129,35,2118,35,TargetOnly,arc labels,,0.7443989630236049,0.04659498207885305,0.7428571428571429
Left,contig,Ang,WRM,RTT,0,0.5,1,2129,35,2118,35,Source+Target,arc labels,,0.7891663255560104,0.05244122965641953,0.8285714285714286
Left,contig,Ang,WRM,RTT,0,0.5,1,2129,35,2118,35,COT,arc labels,,0.682159912675672,0.03443328550932568,0.6857142857142857
Left,contig,Ang,WRM,RTT,0,0.5,1,2129,35,2118,35,none-Ang-HS4,arc labels,,0.688770637194706,0.046948356807511735,0.5714285714285714
Left,contig,Ang,WRM,RTT,0,0.5,1,2129,35,2118,35,none-Ang-HSsrc,nothing,,0.6395006139991813,0.029177718832891247,0.6285714285714286
Left,contig,Ang,WRM,RTT,0,0.5,1,2129,35,2118,35,none-Ang-PCA,arc segments,32.0,0.6461113385182153,0.037267080745341616,0.5142857142857142
Left,contig,Ang,WRM,RTT,0,0.5,1,2129,35,2118,35,QOTu-Ang-HS4,arc labels,,0.646466093600764,0.03162650602409638,0.6
Left,contig,Ang,WRM,RTT,0,0.5,1,2129,35,2118,35,QOTu-Ang-HSsrc,arc segments,,0.6137126483831354,0.025522041763341066,0.6285714285714286
Left,contig,Ang,WRM,RTT,0,0.5,1,2129,35,2118,35,QOTu-Ang-PCA,arc segments,64.0,0.4307886478373585,0.008417508417508417,0.14285714285714285
Left,contig,Ang,WRM,RTT,0,0.5,1,2129,35,2118,35,QOTc-Ang-HS4,arc labels,,0.7062013917314777,0.056657223796033995,0.5714285714285714
Left,contig,Ang,WRM,RTT,0,0.5,1,2129,35,2118,35,QOTc-Ang-HSsrc,arc labels,,0.7866966844044208,0.04525547445255475,0.8857142857142857
Left,contig,Ang,WRM,RTT,0,0.5,1,2129,35,2118,35,QOTc-Ang-PCA,arc labels,64.0,0.6906058125255833,0.09142857142857143,0.45714285714285713
Left,contig,Ang,WRM,RTT,0,0.5,1,2129,35,2118,35,SDM-Ang-HS4,arc labels,,0.7420930549870378,0.053811659192825115,0.6857142857142857
Left,contig,Ang,WRM,RTT,0,0.5,1,2129,35,2118,35,SDM-Ang-HSsrc,arc labels,,0.7350866421066995,0.04355108877721943,0.7428571428571429
Left,contig,Ang,WRM,RTT,0,0.5,1,2129,35,2118,35,SDM-Ang-PCA,arc labels,64.0,0.7332241779233183,0.10614525139664804,0.5428571428571428
Left,contig,Ang,WRM,RTT,1,0.05,1,2129,8,213,2,NoAdapt,nothing,,0.5490924092409242,0.006172839506172839,0.25
Left,contig,Ang,WRM,RTT,1,0.05,1,2129,8,213,2,TargetOnly,arc labels,,0.4476661951909477,0.0,0.0
Left,contig,Ang,WRM,RTT,1,0.05,1,2129,8,213,2,Source+Target,arc labels,,0.5453206034889203,0.0058823529411764705,0.25
Left,contig,Ang,WRM,RTT,1,0.05,1,2129,8,213,2,COT,arc labels,,0.41763908533710514,0.002976190476190476,0.625
Left,contig,Ang,WRM,RTT,1,0.05,1,2129,8,213,2,none-Ang-HS4,arc labels,,0.504508486562942,0.004048582995951417,0.125
Left,contig,Ang,WRM,RTT,1,0.05,1,2129,8,213,2,none-Ang-HSsrc,nothing,,0.5387494106553512,0.00473186119873817,0.375
Left,contig,Ang,WRM,RTT,1,0.05,1,2129,8,213,2,none-Ang-PCA,arc segments,64.0,0.471505186232909,0.002583979328165375,0.125
Left,contig,Ang,WRM,RTT,1,0.05,1,2129,8,213,2,QOTu-Ang-HS4,arc labels,,0.5717821782178218,0.005263157894736842,0.5
Left,contig,Ang,WRM,RTT,1,0.05,1,2129,8,213,2,QOTu-Ang-HSsrc,arc segments,,0.5562234794908063,0.004842615012106538,0.5
Left,contig,Ang,WRM,RTT,1,0.05,1,2129,8,213,2,QOTu-Ang-PCA,arc segments,16.0,0.5606435643564356,0.007272727272727273,0.25
Left,contig,Ang,WRM,RTT,1,0.05,1,2129,8,213,2,QOTc-Ang-HS4,arc labels,,0.43682225365393684,0.0,0.0
Left,contig,Ang,WRM,RTT,1,0.05,1,2129,8,213,2,QOTc-Ang-HSsrc,arc labels,,0.4158415841584158,0.0,0.0
Left,contig,Ang,WRM,RTT,1,0.05,1,2129,8,213,2,QOTc-Ang-PCA,arc labels,32.0,0.41230551626591233,0.0,0.0
Left,contig,Ang,WRM,RTT,1,0.05,1,2129,8,213,2,SDM-Ang-HS4,arc labels,,0.46346063177746344,0.0,0.0
Left,contig,Ang,WRM,RTT,1,0.05,1,2129,8,213,2,SDM-Ang-HSsrc,arc labels,,0.40523338048090524,0.0,0.0
Left,contig,Ang,WRM,RTT,1,0.05,1,2129,8,213,2,SDM-Ang-PCA,arc labels,32.0,0.43116454502593116,0.0,0.0
Left,contig,Ang,WRM,RTT,1,0.1,1,2129,8,426,7,NoAdapt,nothing,,0.5490924092409242,0.006172839506172839,0.25
Left,contig,Ang,WRM,RTT,1,0.1,1,2129,8,426,7,TargetOnly,arc labels,,0.5573727015558698,0.005405405405405406,0.375
Left,contig,Ang,WRM,RTT,1,0.1,1,2129,8,426,7,Source+Target,arc labels,,0.5375412541254125,0.005361930294906166,0.25
Left,contig,Ang,WRM,RTT,1,0.1,1,2129,8,426,7,COT,arc labels,,0.4684700612918435,0.003003003003003003,0.25
Left,contig,Ang,WRM,RTT,1,0.1,1,2129,8,426,7,none-Ang-HS4,arc labels,,0.5049799622819424,0.004081632653061225,0.125
Left,contig,Ang,WRM,RTT,1,0.1,1,2129,8,426,7,none-Ang-HSsrc,nothing,,0.5387494106553512,0.00473186119873817,0.375
Left,contig,Ang,WRM,RTT,1,0.1,1,2129,8,426,7,none-Ang-PCA,arc segments,64.0,0.4670261669024045,0.0024630541871921183,0.125
Left,contig,Ang,WRM,RTT,1,0.1,1,2129,8,426,7,QOTu-Ang-HS4,arc labels,,0.5748467703913249,0.00535475234270415,0.5
Left,contig,Ang,WRM,RTT,1,0.1,1,2129,8,426,7,QOTu-Ang-HSsrc,arc segments,,0.5602310231023102,0.004944375772558714,0.5
Left,contig,Ang,WRM,RTT,1,0.1,1,2129,8,426,7,QOTu-Ang-PCA,arc segments,8.0,0.4951084394153701,0.003616636528028933,0.25
Left,contig,Ang,WRM,RTT,1,0.1,1,2129,8,426,7,QOTc-Ang-HS4,arc labels,,0.4026991984912777,0.0021164021164021165,0.25
Left,contig,Ang,WRM,RTT,1,0.1,1,2129,8,426,7,QOTc-Ang-HSsrc,arc labels,,0.36639556812824137,0.0018198362147406734,0.25
Left,contig,Ang,WRM,RTT,1,0.1,1,2129,8,426,7,QOTc-Ang-PCA,arc labels,64.0,0.5667727487034417,0.008032128514056224,0.25
Left,contig,Ang,WRM,RTT,1,0.1,1,2129,8,426,7,SDM-Ang-HS4,arc labels,,0.43305044790193303,0.0,0.0
Left,contig,Ang,WRM,RTT,1,0.1,1,2129,8,426,7,SDM-Ang-HSsrc,arc labels,,0.42786421499292787,0.0,0.0
Left,contig,Ang,WRM,RTT,1,0.1,1,2129,8,426,7,SDM-Ang-PCA,arc labels,32.0,0.41725601131541723,0.0,0.0
Left,contig,Ang,WRM,RTT,1,0.2,1,2129,8,852,25,NoAdapt,nothing,,0.5490924092409242,0.006172839506172839,0.25
Left,contig,Ang,WRM,RTT,1,0.2,1,2129,8,852,25,TargetOnly,arc labels,,0.4781058462989156,0.002785515320334262,0.125
Left,contig,Ang,WRM,RTT,1,0.2,1,2129,8,852,25,Source+Target,arc labels,,0.5439061763319188,0.005780346820809248,0.25
Left,contig,Ang,WRM,RTT,1,0.2,1,2129,8,852,25,COT,arc labels,,0.45453206034889204,0.002178649237472767,0.125
Left,contig,Ang,WRM,RTT,1,0.2,1,2129,8,852,25,none-Ang-HS4,arc labels,,0.5137022630834511,0.004807692307692308,0.125
Left,contig,Ang,WRM,RTT,1,0.2,1,2129,8,852,25,none-Ang-HSsrc,nothing,,0.5387494106553512,0.00473186119873817,0.375
Left,contig,Ang,WRM,RTT,1,0.2,1,2129,8,852,25,none-Ang-PCA,arc segments,8.0,0.49814356435643564,0.0036496350364963502,0.125
Left,contig,Ang,WRM,RTT,1,0.2,1,2129,8,852,25,QOTu-Ang-HS4,arc labels,,0.5361268269684112,0.005277044854881266,0.25
Left,contig,Ang,WRM,RTT,1,0.2,1,2129,8,852,25,QOTu-Ang-HSsrc,arc segments,,0.5602310231023102,0.004944375772558714,0.5
Left,contig,Ang,WRM,RTT,1,0.2,1,2129,8,852,25,QOTu-Ang-PCA,arc segments,8.0,0.5321192833569071,0.005050505050505051,0.25
Left,contig,Ang,WRM,RTT,1,0.2,1,2129,8,852,25,QOTc-Ang-HS4,arc labels,,0.521481612446959,0.005714285714285714,0.125
Left,contig,Ang,WRM,RTT,1,0.2,1,2129,8,852,25,QOTc-Ang-HSsrc,arc labels,,0.5555162659123055,0.0048250904704463205,0.5
Left,contig,Ang,WRM,RTT,1,0.2,1,2129,8,852,25,QOTc-Ang-PCA,arc labels,32.0,0.42692126355492693,0.0,0.0
Left,contig,Ang,WRM,RTT,1,0.2,1,2129,8,852,25,SDM-Ang-HS4,arc labels,,0.49625766148043376,0.0035460992907801418,0.125
Left,contig,Ang,WRM,RTT,1,0.2,1,2129,8,852,25,SDM-Ang-HSsrc,arc labels,,0.5406353135313531,0.004792332268370607,0.375
Left,contig,Ang,WRM,RTT,1,0.2,1,2129,8,852,25,SDM-Ang-PCA,arc labels,64.0,0.47595473833097596,0.0,0.0
Left,contig,Ang,WRM,RTT,1,0.3,1,2129,8,1278,27,NoAdapt,nothing,,0.5490924092409242,0.006172839506172839,0.25
Left,contig,Ang,WRM,RTT,1,0.3,1,2129,8,1278,27,TargetOnly,arc labels,,0.49555044790193303,0.0035087719298245615,0.125
Left,contig,Ang,WRM,RTT,1,0.3,1,2129,8,1278,27,Source+Target,arc labels,,0.5594648750589344,0.007142857142857143,0.25
Left,contig,Ang,WRM,RTT,1,0.3,1,2129,8,1278,27,COT,arc labels,,0.4710337105139085,0.002570694087403599,0.125
Left,contig,Ang,WRM,RTT,1,0.3,1,2129,8,1278,27,none-Ang-HS4,arc labels,,0.5153524280999529,0.004975124378109453,0.125
Left,contig,Ang,WRM,RTT,1,0.3,1,2129,8,1278,27,none-Ang-HSsrc,nothing,,0.5387494106553512,0.00473186119873817,0.375
Left,contig,Ang,WRM,RTT,1,0.3,1,2129,8,1278,27,none-Ang-PCA,arc segments,8.0,0.49814356435643564,0.0036496350364963502,0.125
Left,contig,Ang,WRM,RTT,1,0.3,1,2129,8,1278,27,QOTu-Ang-HS4,arc labels,,0.5363625648279113,0.005291005291005291,0.25
Left,contig,Ang,WRM,RTT,1,0.3,1,2129,8,1278,27,QOTu-Ang-HSsrc,arc segments,,0.5727251296558227,0.005291005291005291,0.5
Left,contig,Ang,WRM,RTT,1,0.3,1,2129,8,1278,27,QOTu-Ang-PCA,arc segments,8.0,0.5356553512494107,0.005249343832020997,0.25
Left,contig,Ang,WRM,RTT,1,0.3,1,2129,8,1278,27,QOTc-Ang-HS4,arc labels,,0.4809052333804809,0.0,0.0
Left,contig,Ang,WRM,RTT,1,0.3,1,2129,8,1278,27,QOTc-Ang-HSsrc,arc labels,,0.35036539368222536,0.001713796058269066,0.25
Left,contig,Ang,WRM,RTT,1,0.3,1,2129,8,1278,27,QOTc-Ang-PCA,arc labels,32.0,0.4328147100424328,0.0,0.0
Left,contig,Ang,WRM,RTT,1,0.3,1,2129,8,1278,27,SDM-Ang-HS4,arc labels,,0.4391796322489392,0.0,0.0
Left,contig,Ang,WRM,RTT,1,0.3,1,2129,8,1278,27,SDM-Ang-HSsrc,arc labels,,0.5149988213107025,0.003946329913180742,0.625
Left,contig,Ang,WRM,RTT,1,0.3,1,2129,8,1278,27,SDM-Ang-PCA,arc labels,64.0,0.47736916548797736,0.0,0.0
Left,contig,Ang,WRM,RTT,1,0.5,1,2129,8,2106,59,NoAdapt,nothing,,0.5490924092409242,0.006172839506172839,0.25
Left,contig,Ang,WRM,RTT,1,0.5,1,2129,8,2106,59,TargetOnly,arc labels,,0.4606317774634606,0.0,0.0
Left,contig,Ang,WRM,RTT,1,0.5,1,2129,8,2106,59,Source+Target,arc labels,,0.5177098066949553,0.005235602094240838,0.125
Left,contig,Ang,WRM,RTT,1,0.5,1,2129,8,2106,59,COT,arc labels,,0.5056871758604432,0.004132231404958678,0.125
Left,contig,Ang,WRM,RTT,1,0.5,1,2129,8,2106,59,none-Ang-HS4,arc labels,,0.530940594059406,0.004987531172069825,0.25
Left,contig,Ang,WRM,RTT,1,0.5,1,2129,8,2106,59,none-Ang-HSsrc,nothing,,0.5387494106553512,0.00473186119873817,0.375
Left,contig,Ang,WRM,RTT,1,0.5,1,2129,8,2106,59,none-Ang-PCA,arc segments,32.0,0.5012081565299387,0.0038314176245210726,0.125
Left,contig,Ang,WRM,RTT,1,0.5,1,2129,8,2106,59,QOTu-Ang-HS4,arc labels,,0.5396628948609147,0.005494505494505495,0.25
Left,contig,Ang,WRM,RTT,1,0.5,1,2129,8,2106,59,QOTu-Ang-HSsrc,arc segments,,0.5906412069778406,0.0058823529411764705,0.5
Left,contig,Ang,WRM,RTT,1,0.5,1,2129,8,2106,59,QOTu-Ang-PCA,arc segments,16.0,0.4265087223008015,0.002369668246445498,0.25
Left,contig,Ang,WRM,RTT,1,0.5,1,2129,8,2106,59,QOTc-Ang-HS4,arc labels,,0.47147571900047147,0.0,0.0
Left,contig,Ang,WRM,RTT,1,0.5,1,2129,8,2106,59,QOTc-Ang-HSsrc,arc labels,,0.5955622347949081,0.007633587786259542,0.375
Left,contig,Ang,WRM,RTT,1,0.5,1,2129,8,2106,59,QOTc-Ang-PCA,arc labels,64.0,0.4691183404054691,0.0,0.0
Left,contig,Ang,WRM,RTT,1,0.5,1,2129,8,2106,59,SDM-Ang-HS4,arc labels,,0.48302687411598305,0.0,0.0
Left,contig,Ang,WRM,RTT,1,0.5,1,2129,8,2106,59,SDM-Ang-HSsrc,arc labels,,0.6179573314474305,0.010067114093959731,0.375
Left,contig,Ang,WRM,RTT,1,0.5,1,2129,8,2106,59,SDM-Ang-PCA,arc labels,32.0,0.44884488448844884,0.0,0.0
Left,contig,Ang,WRM,RTT,2,0.05,1,2129,8,213,15,NoAdapt,nothing,,0.5920261669024045,0.007352941176470588,0.375
Left,contig,Ang,WRM,RTT,2,0.05,1,2129,8,213,15,TargetOnly,arc labels,,0.5606435643564356,0.007272727272727273,0.25
Left,contig,Ang,WRM,RTT,2,0.05,1,2129,8,213,15,Source+Target,arc labels,,0.6564120697784064,0.00997506234413965,0.5
Left,contig,Ang,WRM,RTT,2,0.05,1,2129,8,213,15,COT,arc labels,,0.6420615275813295,0.006868131868131868,0.625
Left,contig,Ang,WRM,RTT,2,0.05,1,2129,8,213,15,none-Ang-HS4,arc labels,,0.5380127298444131,0.005390835579514825,0.25
Left,contig,Ang,WRM,RTT,2,0.05,1,2129,8,213,15,none-Ang-HSsrc,nothing,,0.5524222065063649,0.005208333333333333,0.375
Left,contig,Ang,WRM,RTT,2,0.05,1,2129,8,213,15,none-Ang-PCA,arc segments,32.0,0.4405940594059406,0.0,0.0
Left,contig,Ang,WRM,RTT,2,0.05,1,2129,8,213,15,QOTu-Ang-HS4,arc labels,,0.4533239038189533,0.0,0.0
Left,contig,Ang,WRM,RTT,2,0.05,1,2129,8,213,15,QOTu-Ang-HSsrc,arc segments,,0.5469707685054219,0.006006006006006006,0.25
Left,contig,Ang,WRM,RTT,2,0.05,1,2129,8,213,15,QOTu-Ang-PCA,arc segments,16.0,0.4740688354549741,0.0,0.0
Left,contig,Ang,WRM,RTT,2,0.05,1,2129,8,213,15,QOTc-Ang-HS4,arc labels,,0.475011786892975,0.0,0.0
Left,contig,Ang,WRM,RTT,2,0.05,1,2129,8,213,15,QOTc-Ang-HSsrc,arc labels,,0.7108969825553983,0.011467889908256881,0.625
Left,contig,Ang,WRM,RTT,2,0.05,1,2129,8,213,15,QOTc-Ang-PCA,arc labels,16.0,0.44554455445544555,0.0,0.0
Left,contig,Ang,WRM,RTT,2,0.05,1,2129,8,213,15,SDM-Ang-HS4,arc labels,,0.5411067892503536,0.004807692307692308,0.375
Left,contig,Ang,WRM,RTT,2,0.05,1,2129,8,213,15,SDM-Ang-HSsrc,arc labels,,0.5578147100424329,0.006968641114982578,0.25
Left,contig,Ang,WRM,RTT,2,0.05,1,2129,8,213,15,SDM-Ang-PCA,arc labels,64.0,0.606465110796794,0.005688282138794084,0.625
Left,contig,Ang,WRM,RTT,2,0.1,1,2129,8,426,25,NoAdapt,nothing,,0.5920261669024045,0.007352941176470588,0.375
Left,contig,Ang,WRM,RTT,2,0.1,1,2129,8,426,25,TargetOnly,arc labels,,0.5806812824139557,0.010526315789473684,0.25
Left,contig,Ang,WRM,RTT,2,0.1,1,2129,8,426,25,Source+Target,arc labels,,0.6479255068363979,0.009153318077803204,0.5
Left,contig,Ang,WRM,RTT,2,0.1,1,2129,8,426,25,COT,arc labels,,0.442008486562942,0.0,0.0
Left,contig,Ang,WRM,RTT,2,0.1,1,2129,8,426,25,none-Ang-HS4,arc labels,,0.5394271570014144,0.005479452054794521,0.25
Left,contig,Ang,WRM,RTT,2,0.1,1,2129,8,426,25,none-Ang-HSsrc,nothing,,0.5524222065063649,0.005208333333333333,0.375
Left,contig,Ang,WRM,RTT,2,0.1,1,2129,8,426,25,none-Ang-PCA,arc segments,8.0,0.5398986327204149,0.005509641873278237,0.25
Left,contig,Ang,WRM,RTT,2,0.1,1,2129,8,426,25,QOTu-Ang-HS4,arc labels,,0.550035360678925,0.00625,0.25
Left,contig,Ang,WRM,RTT,2,0.1,1,2129,8,426,25,QOTu-Ang-HSsrc,arc segments,,0.5498290900518623,0.005110732538330494,0.375
Left,contig,Ang,WRM,RTT,2,0.1,1,2129,8,426,25,QOTu-Ang-PCA,arc segments,16.0,0.4438943894389439,0.0,0.0
Left,contig,Ang,WRM,RTT,2,0.1,1,2129,8,426,25,QOTc-Ang-HS4,arc labels,,0.6484264497878359,0.007132667617689016,0.625
Left,contig,Ang,WRM,RTT,2,0.1,1,2129,8,426,25,QOTc-Ang-HSsrc,arc labels,,0.6783651579443659,0.008710801393728223,0.625
Left,contig,Ang,WRM,RTT,2,0.1,1,2129,8,426,25,QOTc-Ang-PCA,arc labels,64.0,0.6177510608203678,0.007079646017699115,0.5
Left,contig,Ang,WRM,RTT,2,0.1,1,2129,8,426,25,SDM-Ang-HS4,arc labels,,0.6547913719943423,0.00741839762611276,0.625
Left,contig,Ang,WRM,RTT,2,0.1,1,2129,8,426,25,SDM-Ang-HSsrc,arc labels,,0.5351838755304101,0.005221932114882507,0.25
Left,contig,Ang,WRM,RTT,2,0.1,1,2129,8,426,25,SDM-Ang-PCA,arc labels,64.0,0.5118163602074493,0.004629629629629629,0.125
Left,contig,Ang,WRM,RTT,2,0.2,1,2129,8,852,38,NoAdapt,nothing,,0.5920261669024045,0.007352941176470588,0.375
Left,contig,Ang,WRM,RTT,2,0.2,1,2129,8,852,38,TargetOnly,arc labels,,0.591996699669967,0.014084507042253521,0.25
Left,contig,Ang,WRM,RTT,2,0.2,1,2129,8,852,38,Source+Target,arc labels,,0.48777109853842526,0.0031446540880503146,0.125
Left,contig,Ang,WRM,RTT,2,0.2,1,2129,8,852,38,COT,arc labels,,0.5658592644978784,0.005780346820809248,0.375
Left,contig,Ang,WRM,RTT,2,0.2,1,2129,8,852,38,none-Ang-HS4,arc labels,,0.5507425742574257,0.006309148264984227,0.25
Left,contig,Ang,WRM,RTT,2,0.2,1,2129,8,852,38,none-Ang-HSsrc,nothing,,0.5524222065063649,0.005208333333333333,0.375
Left,contig,Ang,WRM,RTT,2,0.2,1,2129,8,852,38,none-Ang-PCA,arc segments,64.0,0.4328147100424328,0.0,0.0
Left,contig,Ang,WRM,RTT,2,0.2,1,2129,8,852,38,QOTu-Ang-HS4,arc labels,,0.49672913719943423,0.0035714285714285713,0.125
Left,contig,Ang,WRM,RTT,2,0.2,1,2129,8,852,38,QOTu-Ang-HSsrc,arc segments,,0.5462635549269212,0.005952380952380952,0.25
Left,contig,Ang,WRM,RTT,2,0.2,1,2129,8,852,38,QOTu-Ang-PCA,arc segments,16.0,0.4434229137199434,0.0,0.0
Left,contig,Ang,WRM,RTT,2,0.2,1,2129,8,852,38,QOTc-Ang-HS4,arc labels,,0.5288778877887789,0.004246284501061571,0.5
Left,contig,Ang,WRM,RTT,2,0.2,1,2129,8,852,38,QOTc-Ang-HSsrc,arc labels,,0.6694071192833568,0.008169934640522876,0.625
Left,contig,Ang,WRM,RTT,2,0.2,1,2129,8,852,38,QOTc-Ang-PCA,arc labels,16.0,0.46964875058934463,0.0030257186081694403,0.25
Left,contig,Ang,WRM,RTT,2,0.2,1,2129,8,852,38,SDM-Ang-HS4,arc labels,,0.47480551626591233,0.002680965147453083,0.125
Left,contig,Ang,WRM,RTT,2,0.2,1,2129,8,852,38,SDM-Ang-HSsrc,arc labels,,0.6783651579443659,0.008710801393728223,0.625
Left,contig,Ang,WRM,RTT,2,0.2,1,2129,8,852,38,SDM-Ang-PCA,arc labels,64.0,0.6354019330504479,0.013392857142857142,0.375
Left,contig,Ang,WRM,RTT,2,0.3,1,2129,8,1278,40,NoAdapt,nothing,,0.5920261669024045,0.007352941176470588,0.375
Left,contig,Ang,WRM,RTT,2,0.3,1,2129,8,1278,40,TargetOnly,arc labels,,0.4707685054219708,0.0,0.0
Left,contig,Ang,WRM,RTT,2,0.3,1,2129,8,1278,40,Source+Target,arc labels,,0.48965700141442714,0.0032258064516129032,0.125
Left,contig,Ang,WRM,RTT,2,0.3,1,2129,8,1278,40,COT,arc labels,,0.5224540311173975,0.004576659038901602,0.25
Left,contig,Ang,WRM,RTT,2,0.3,1,2129,8,1278,40,none-Ang-HS4,arc labels,,0.5486209335219236,0.006134969325153374,0.25
Left,contig,Ang,WRM,RTT,2,0.3,1,2129,8,1278,40,none-Ang-HSsrc,nothing,,0.5524222065063649,0.005208333333333333,0.375
Left,contig,Ang,WRM,RTT,2,0.3,1,2129,8,1278,40,none-Ang-PCA,arc segments,64.0,0.43446487505893444,0.0,0.0
Left,contig,Ang,WRM,RTT,2,0.3,1,2129,8,1278,40,QOTu-Ang-HS4,arc labels,,0.4960219236209335,0.0035335689045936395,0.125
Left,contig,Ang,WRM,RTT,2,0.3,1,2129,8,1278,40,QOTu-Ang-HSsrc,arc segments,,0.5552510608203678,0.005319148936170213,0.375
Left,contig,Ang,WRM,RTT,2,0.3,1,2129,8,1278,40,QOTu-Ang-PCA,arc segments,16.0,0.425978312116926,0.0,0.0
Left,contig,Ang,WRM,RTT,2,0.3,1,2129,8,1278,40,QOTc-Ang-HS4,arc labels,,0.41796322489391796,0.0,0.0
Left,contig,Ang,WRM,RTT,2,0.3,1,2129,8,1278,40,QOTc-Ang-HSsrc,arc labels,,0.6698785950023574,0.00819672131147541,0.625
Left,contig,Ang,WRM,RTT,2,0.3,1,2129,8,1278,40,QOTc-Ang-PCA,arc labels,16.0,0.4571841112682697,0.003061224489795918,0.375
Left,contig,Ang,WRM,RTT,2,0.3,1,2129,8,1278,40,SDM-Ang-HS4,arc labels,,0.438000942951438,0.0,0.0
Left,contig,Ang,WRM,RTT,2,0.3,1,2129,8,1278,40,SDM-Ang-HSsrc,arc labels,,0.670585808580858,0.008237232289950576,0.625
Left,contig,Ang,WRM,RTT,2,0.3,1,2129,8,1278,40,SDM-Ang-PCA,arc labels,64.0,0.46534653465346537,0.0,0.0
Left,contig,Ang,WRM,RTT,2,0.5,1,2129,8,2106,62,NoAdapt,nothing,,0.5920261669024045,0.007352941176470588,0.375
Left,contig,Ang,WRM,RTT,2,0.5,1,2129,8,2106,62,TargetOnly,arc labels,,0.5297324375294672,0.007142857142857143,0.125
Left,contig,Ang,WRM,RTT,2,0.5,1,2129,8,2106,62,Source+Target,arc labels,,0.47975601131541723,0.002840909090909091,0.125
Left,contig,Ang,WRM,RTT,2,0.5,1,2129,8,2106,62,COT,arc labels,,0.530940594059406,0.004987531172069825,0.25
Left,contig,Ang,WRM,RTT,2,0.5,1,2129,8,2106,62,none-Ang-HS4,arc labels,,0.5455563413484206,0.0058997050147492625,0.25
Left,contig,Ang,WRM,RTT,2,0.5,1,2129,8,2106,62,none-Ang-HSsrc,nothing,,0.5524222065063649,0.005208333333333333,0.375
Left,contig,Ang,WRM,RTT,2,0.5,1,2129,8,2106,62,none-Ang-PCA,arc segments,8.0,0.5446133899104196,0.0058309037900874635,0.25
Left,contig,Ang,WRM,RTT,2,0.5,1,2129,8,2106,62,QOTu-Ang-HS4,arc labels,,0.5547501178689298,0.006666666666666667,0.25
Left,contig,Ang,WRM,RTT,2,0.5,1,2129,8,2106,62,QOTu-Ang-HSsrc,arc segments,,0.5255480905233381,0.004347826086956522,0.375
Left,contig,Ang,WRM,RTT,2,0.5,1,2129,8,2106,62,QOTu-Ang-PCA,arc segments,16.0,0.4735973597359736,0.0,0.0
Left,contig,Ang,WRM,RTT,2,0.5,1,2129,8,2106,62,QOTc-Ang-HS4,arc labels,,0.49387081565299384,0.0,0.0
Left,contig,Ang,WRM,RTT,2,0.5,1,2129,8,2106,62,QOTc-Ang-HSsrc,arc labels,,0.6908592644978784,0.009596928982725527,0.625
Left,contig,Ang,WRM,RTT,2,0.5,1,2129,8,2106,62,QOTc-Ang-PCA,arc labels,64.0,0.5811527581329561,0.010638297872340425,0.25
Left,contig,Ang,WRM,RTT,2,0.5,1,2129,8,2106,62,SDM-Ang-HS4,arc labels,,0.49481376709099484,0.0,0.0
Left,contig,Ang,WRM,RTT,2,0.5,1,2129,8,2106,62,SDM-Ang-HSsrc,arc labels,,0.7021746817538896,0.010570824524312896,0.625
Left,contig,Ang,WRM,RTT,2,0.5,1,2129,8,2106,62,SDM-Ang-PCA,arc labels,64.0,0.4856199905704856,0.0,0.0
Left,contig,Ang,WRM,RTT,3,0.05,1,2129,9,213,8,NoAdapt,nothing,,0.5699685534591195,0.007263922518159807,0.3333333333333333
Left,contig,Ang,WRM,RTT,3,0.05,1,2129,9,213,8,TargetOnly,arc labels,,0.4803197064989517,0.003125,0.1111111111111111
Left,contig,Ang,WRM,RTT,3,0.05,1,2129,9,213,8,Source+Target,arc labels,,0.6002882599580712,0.007677543186180422,0.4444444444444444
Left,contig,Ang,WRM,RTT,3,0.05,1,2129,9,213,8,COT,arc labels,,0.5693658280922431,0.0111731843575419,0.2222222222222222
Left,contig,Ang,WRM,RTT,3,0.05,1,2129,9,213,8,none-Ang-HS4,arc labels,,0.5323375262054507,0.005952380952380952,0.2222222222222222
Left,contig,Ang,WRM,RTT,3,0.05,1,2129,9,213,8,none-Ang-HSsrc,nothing,,0.5404874213836478,0.0055762081784386614,0.3333333333333333
Left,contig,Ang,WRM,RTT,3,0.05,1,2129,9,213,8,none-Ang-PCA,arc segments,32.0,0.4349056603773585,0.0,0.0
Left,contig,Ang,WRM,RTT,3,0.05,1,2129,9,213,8,QOTu-Ang-HS4,arc labels,,0.5396488469601677,0.006557377049180328,0.2222222222222222
Left,contig,Ang,WRM,RTT,3,0.05,1,2129,9,213,8,QOTu-Ang-HSsrc,arc segments,,0.5117138364779874,0.004545454545454545,0.3333333333333333
Left,contig,Ang,WRM,RTT,3,0.05,1,2129,9,213,8,QOTu-Ang-PCA,arc segments,32.0,0.4979035639412998,0.004149377593360996,0.2222222222222222
Left,contig,Ang,WRM,RTT,3,0.05,1,2129,9,213,8,QOTc-Ang-HS4,arc labels,,0.44245283018867926,0.0,0.0
Left,contig,Ang,WRM,RTT,3,0.05,1,2129,9,213,8,QOTc-Ang-HSsrc,arc labels,,0.38624213836477983,0.0025167785234899327,0.3333333333333333
Left,contig,Ang,WRM,RTT,3,0.05,1,2129,9,213,8,QOTc-Ang-PCA,arc labels,32.0,0.5211215932914046,0.006802721088435374,0.1111111111111111
Left,contig,Ang,WRM,RTT,3,0.05,1,2129,9,213,8,SDM-Ang-HS4,arc labels,,0.4669811320754717,0.0,0.0
Left,contig,Ang,WRM,RTT,3,0.05,1,2129,9,213,8,SDM-Ang-HSsrc,arc labels,,0.5130503144654088,0.004398826979472141,0.6666666666666666
Left,contig,Ang,WRM,RTT,3,0.05,1,2129,9,213,8,SDM-Ang-PCA,arc labels,64.0,0.47570754716981134,0.0,0.0
Left,contig,Ang,WRM,RTT,3,0.1,1,2129,9,426,18,NoAdapt,nothing,,0.5699685534591195,0.007263922518159807,0.3333333333333333
Left,contig,Ang,WRM,RTT,3,0.1,1,2129,9,426,18,TargetOnly,arc labels,,0.5036687631027253,0.004524886877828055,0.1111111111111111
Left,contig,Ang,WRM,RTT,3,0.1,1,2129,9,426,18,Source+Target,arc labels,,0.5009696016771488,0.0042643923240938165,0.2222222222222222
Left,contig,Ang,WRM,RTT,3,0.1,1,2129,9,426,18,COT,arc labels,,0.5814203354297693,0.0066555740432612314,0.4444444444444444
Left,contig,Ang,WRM,RTT,3,0.1,1,2129,9,426,18,none-Ang-HS4,arc labels,,0.5354035639412997,0.006191950464396285,0.2222222222222222
Left,contig,Ang,WRM,RTT,3,0.1,1,2129,9,426,18,none-Ang-HSsrc,nothing,,0.5404874213836478,0.0055762081784386614,0.3333333333333333
Left,contig,Ang,WRM,RTT,3,0.1,1,2129,9,426,18,none-Ang-PCA,arc segments,32.0,0.4826781970649895,0.0032258064516129032,0.1111111111111111
Left,contig,Ang,WRM,RTT,3,0.1,1,2129,9,426,18,QOTu-Ang-HS4,arc labels,,0.5396488469601677,0.006557377049180328,0.2222222222222222
Left,contig,Ang,WRM,RTT,3,0.1,1,2129,9,426,18,QOTu-Ang-HSsrc,arc segments,,0.5361111111111111,0.00625,0.2222222222222222
Left,contig,Ang,WRM,RTT,3,0.1,1,2129,9,426,18,QOTu-Ang-PCA,arc segments,32.0,0.46640461215932916,0.002638522427440633,0.1111111111111111
Left,contig,Ang,WRM,RTT,3,0.1,1,2129,9,426,18,QOTc-Ang-HS4,arc labels,,0.4585167714884696,0.0030816640986132513,0.2222222222222222
Left,contig,Ang,WRM,RTT,3,0.1,1,2129,9,426,18,QOTc-Ang-HSsrc,arc labels,,0.3757599580712788,0.0027155465037338763,0.4444444444444444
Left,contig,Ang,WRM,RTT,3,0.1,1,2129,9,426,18,QOTc-Ang-PCA,arc labels,32.0,0.5218553459119497,0.004862236628849271,0.3333333333333333
Left,contig,Ang,WRM,RTT,3,0.1,1,2129,9,426,18,SDM-Ang-HS4,arc labels,,0.3793763102725367,0.001336898395721925,0.1111111111111111
Left,contig,Ang,WRM,RTT,3,0.1,1,2129,9,426,18,SDM-Ang-HSsrc,arc labels,,0.37552410901467503,0.0027137042062415195,0.4444444444444444
Left,contig,Ang,WRM,RTT,3,0.1,1,2129,9,426,18,SDM-Ang-PCA,arc labels,32.0,0.57562893081761,0.007712082262210797,0.3333333333333333
Left,contig,Ang,WRM,RTT,3,0.2,1,2129,9,852,31,NoAdapt,nothing,,0.5699685534591195,0.007263922518159807,0.3333333333333333
Left,contig,Ang,WRM,RTT,3,0.2,1,2129,9,852,31,TargetOnly,arc labels,,0.5251310272536688,0.007692307692307693,0.1111111111111111
Left,contig,Ang,WRM,RTT,3,0.2,1,2129,9,852,31,Source+Target,arc labels,,0.5647798742138365,0.006896551724137931,0.3333333333333333
Left,contig,Ang,WRM,RTT,3,0.2,1,2129,9,852,31,COT,arc labels,,0.57458071278826,0.006349206349206349,0.4444444444444444
Left,contig,Ang,WRM,RTT,3,0.2,1,2129,9,852,31,none-Ang-HS4,arc labels,,0.5342243186582809,0.006097560975609756,0.2222222222222222
Left,contig,Ang,WRM,RTT,3,0.2,1,2129,9,852,31,none-Ang-HSsrc,nothing,,0.5404874213836478,0.0055762081784386614,0.3333333333333333
Left,contig,Ang,WRM,RTT,3,0.2,1,2129,9,852,31,none-Ang-PCA,arc segments,32.0,0.4349056603773585,0.0,0.0
Left,contig,Ang,WRM,RTT,3,0.2,1,2129,9,852,31,QOTu-Ang-HS4,arc labels,,0.5361111111111111,0.00625,0.2222222222222222
Left,contig,Ang,WRM,RTT,3,0.2,1,2129,9,852,31,QOTu-Ang-HSsrc,arc segments,,0.5361111111111111,0.00625,0.2222222222222222
Left,contig,Ang,WRM,RTT,3,0.2,1,2129,9,852,31,QOTu-Ang-PCA,arc segments,16.0,0.4367924528301887,0.0,0.0
Left,contig,Ang,WRM,RTT,3,0.2,1,2129,9,852,31,QOTc-Ang-HS4,arc labels,,0.49979035639413,0.004219409282700422,0.2222222222222222
Left,contig,Ang,WRM,RTT,3,0.2,1,2129,9,852,31,QOTc-Ang-HSsrc,arc labels,,0.6117400419287211,0.007052186177715092,0.5555555555555556
Left,contig,Ang,WRM,RTT,3,0.2,1,2129,9,852,31,QOTc-Ang-PCA,arc labels,64.0,0.6192610062893081,0.014705882352941176,0.3333333333333333
Left,contig,Ang,WRM,RTT,3,0.2,1,2129,9,852,31,SDM-Ang-HS4,arc labels,,0.44386792452830187,0.0,0.0
Left,contig,Ang,WRM,RTT,3,0.2,1,2129,9,852,31,SDM-Ang-HSsrc,arc labels,,0.6026729559748427,0.006097560975609756,0.6666666666666666
Left,contig,Ang,WRM,RTT,3,0.2,1,2129,9,852,31,SDM-Ang-PCA,arc labels,64.0,0.4882075471698113,0.0,0.0
Left,contig,Ang,WRM,RTT,3,0.3,1,2129,9,1278,35,NoAdapt,nothing,,0.5699685534591195,0.007263922518159807,0.3333333333333333
Left,contig,Ang,WRM,RTT,3,0.3,1,2129,9,1278,35,TargetOnly,arc labels,,0.532206498951782,0.01,0.1111111111111111
Left,contig,Ang,WRM,RTT,3,0.3,1,2129,9,1278,35,Source+Target,arc labels,,0.5631289308176101,0.006787330316742082,0.3333333333333333
Left,contig,Ang,WRM,RTT,3,0.3,1,2129,9,1278,35,COT,arc labels,,0.6420597484276729,0.0073439412484700125,0.6666666666666666
Left,contig,Ang,WRM,RTT,3,0.3,1,2129,9,1278,35,none-Ang-HS4,arc labels,,0.5339884696016771,0.0060790273556231,0.2222222222222222
Left,contig,Ang,WRM,RTT,3,0.3,1,2129,9,1278,35,none-Ang-HSsrc,nothing,,0.5404874213836478,0.0055762081784386614,0.3333333333333333
Left,contig,Ang,WRM,RTT,3,0.3,1,2129,9,1278,35,none-Ang-PCA,arc segments,32.0,0.42948113207547167,0.0,0.0
Left,contig,Ang,WRM,RTT,3,0.3,1,2129,9,1278,35,QOTu-Ang-HS4,arc labels,,0.5389412997903564,0.006493506493506494,0.2222222222222222
Left,contig,Ang,WRM,RTT,3,0.3,1,2129,9,1278,35,QOTu-Ang-HSsrc,arc segments,,0.5259696016771489,0.005509641873278237,0.2222222222222222
Left,contig,Ang,WRM,RTT,3,0.3,1,2129,9,1278,35,QOTu-Ang-PCA,arc segments,16.0,0.43891509433962267,0.0,0.0
Left,contig,Ang,WRM,RTT,3,0.3,1,2129,9,1278,35,QOTc-Ang-HS4,arc labels,,0.4832809224318658,0.003676470588235294,0.2222222222222222
Left,contig,Ang,WRM,RTT,3,0.3,1,2129,9,1278,35,QOTc-Ang-HSsrc,arc labels,,0.6428721174004193,0.008665511265164644,0.5555555555555556
Left,contig,Ang,WRM,RTT,3,0.3,1,2129,9,1278,35,QOTc-Ang-PCA,arc labels,64.0,0.584224318658281,0.017241379310344827,0.2222222222222222
Left,contig,Ang,WRM,RTT,3,0.3,1,2129,9,1278,35,SDM-Ang-HS4,arc labels,,0.4712264150943396,0.0,0.0
Left,contig,Ang,WRM,RTT,3,0.3,1,2129,9,1278,35,SDM-Ang-HSsrc,arc labels,,0.6329664570230609,0.008077544426494346,0.5555555555555556
Left,contig,Ang,WRM,RTT,3,0.3,1,2129,9,1278,35,SDM-Ang-PCA,arc labels,64.0,0.4554245283018868,0.0,0.0
Left,contig,Ang,WRM,RTT,3,0.5,1,2129,9,2106,61,NoAdapt,nothing,,0.5699685534591195,0.007263922518159807,0.3333333333333333
Left,contig,Ang,WRM,RTT,3,0.5,1,2129,9,2106,61,TargetOnly,arc labels,,0.5237159329140462,0.007352941176470588,0.1111111111111111
Left,contig,Ang,WRM,RTT,3,0.5,1,2129,9,2106,61,Source+Target,arc labels,,0.4656970649895178,0.002617801047120419,0.1111111111111111
Left,contig,Ang,WRM,RTT,3,0.5,1,2129,9,2106,61,COT,arc labels,,0.5102987421383648,0.0045045045045045045,0.3333333333333333
Left,contig,Ang,WRM,RTT,3,0.5,1,2129,9,2106,61,none-Ang-HS4,arc labels,,0.5354035639412997,0.006191950464396285,0.2222222222222222
Left,contig,Ang,WRM,RTT,3,0.5,1,2129,9,2106,61,none-Ang-HSsrc,nothing,,0.5404874213836478,0.0055762081784386614,0.3333333333333333
Left,contig,Ang,WRM,RTT,3,0.5,1,2129,9,2106,61,none-Ang-PCA,arc segments,32.0,0.4826781970649895,0.0032258064516129032,0.1111111111111111
Left,contig,Ang,WRM,RTT,3,0.5,1,2129,9,2106,61,QOTu-Ang-HS4,arc labels,,0.5396488469601677,0.006557377049180328,0.2222222222222222
Left,contig,Ang,WRM,RTT,3,0.5,1,2129,9,2106,61,QOTu-Ang-HSsrc,arc segments,,0.5086477987421384,0.004457652303120356,0.3333333333333333
Left,contig,Ang,WRM,RTT,3,0.5,1,2129,9,2106,61,QOTu-Ang-PCA,arc segments,32.0,0.4876310272536688,0.0034602076124567475,0.1111111111111111
Left,contig,Ang,WRM,RTT,3,0.5,1,2129,9,2106,61,QOTc-Ang-HS4,arc labels,,0.549895178197065,0.04,0.1111111111111111
Left,contig,Ang,WRM,RTT,3,0.5,1,2129,9,2106,61,QOTc-Ang-HSsrc,arc labels,,0.6539570230607967,0.009433962264150943,0.5555555555555556
Left,contig,Ang,WRM,RTT,3,0.5,1,2129,9,2106,61,QOTc-Ang-PCA,arc labels,64.0,0.5714884696016771,0.011764705882352941,0.2222222222222222
Left,contig,Ang,WRM,RTT,3,0.5,1,2129,9,2106,61,SDM-Ang-HS4,arc labels,,0.49198113207547167,0.0,0.0
Left,contig,Ang,WRM,RTT,3,0.5,1,2129,9,2106,61,SDM-Ang-HSsrc,arc labels,,0.6607966457023061,0.00998003992015968,0.5555555555555556
Left,contig,Ang,WRM,RTT,3,0.5,1,2129,9,2106,61,SDM-Ang-PCA,arc labels,64.0,0.4846698113207547,0.0,0.0
Left,contig,Ang,WRM,RTT,4,0.05,0,2129,14,213,0,NoAdapt,nothing,,0.5064336372847011,0.006993006993006993,0.21428571428571427
Left,contig,Ang,WRM,RTT,4,0.05,0,2129,14,213,0,TargetOnly,arc labels,,,,
Left,contig,Ang,WRM,RTT,4,0.05,0,2129,14,213,0,Source+Target,arc labels,,,,
Left,contig,Ang,WRM,RTT,4,0.05,0,2129,14,213,0,COT,arc labels,,,,
Left,contig,Ang,WRM,RTT,4,0.05,0,2129,14,213,0,none-Ang-HS4,arc labels,,,,
Left,contig,Ang,WRM,RTT,4,0.05,0,2129,14,213,0,none-Ang-HSsrc,nothing,,0.48515704154002026,0.005780346820809248,0.21428571428571427
Left,contig,Ang,WRM,RTT,4,0.05,0,2129,14,213,0,none-Ang-PCA,arc segments,16.0,0.500742992232354,0.006644518272425249,0.14285714285714285
Left,contig,Ang,WRM,RTT,4,0.05,0,2129,14,213,0,QOTu-Ang-HS4,arc labels,,,,
Left,contig,Ang,WRM,RTT,4,0.05,0,2129,14,213,0,QOTu-Ang-HSsrc,arc segments,,0.4964876730834178,0.006269592476489028,0.14285714285714285
Left,contig,Ang,WRM,RTT,4,0.05,0,2129,14,213,0,QOTu-Ang-PCA,arc segments,32.0,0.4118203309692671,0.0,0.0
Left,contig,Ang,WRM,RTT,4,0.05,0,2129,14,213,0,QOTc-Ang-HS4,arc labels,,,,
Left,contig,Ang,WRM,RTT,4,0.05,0,2129,14,213,0,QOTc-Ang-HSsrc,arc labels,,,,
Left,contig,Ang,WRM,RTT,4,0.05,0,2129,14,213,0,QOTc-Ang-PCA,arc labels,,,,
Left,contig,Ang,WRM,RTT,4,0.05,0,2129,14,213,0,SDM-Ang-HS4,arc labels,,,,
Left,contig,Ang,WRM,RTT,4,0.05,0,2129,14,213,0,SDM-Ang-HSsrc,arc labels,,,,
Left,contig,Ang,WRM,RTT,4,0.05,0,2129,14,213,0,SDM-Ang-PCA,arc labels,,,,
Left,contig,Ang,WRM,RTT,4,0.1,0,2129,14,426,1,NoAdapt,nothing,,0.5064336372847011,0.006993006993006993,0.21428571428571427
Left,contig,Ang,WRM,RTT,4,0.1,0,2129,14,426,1,TargetOnly,arc labels,,,,
Left,contig,Ang,WRM,RTT,4,0.1,0,2129,14,426,1,Source+Target,arc labels,,,,
Left,contig,Ang,WRM,RTT,4,0.1,0,2129,14,426,1,COT,arc labels,,,,
Left,contig,Ang,WRM,RTT,4,0.1,0,2129,14,426,1,none-Ang-HS4,arc labels,,,,
Left,contig,Ang,WRM,RTT,4,0.1,0,2129,14,426,1,none-Ang-HSsrc,nothing,,0.48515704154002026,0.005780346820809248,0.21428571428571427
Left,contig,Ang,WRM,RTT,4,0.1,0,2129,14,426,1,none-Ang-PCA,arc segments,64.0,0.4342789598108747,0.0,0.0
Left,contig,Ang,WRM,RTT,4,0.1,0,2129,14,426,1,QOTu-Ang-HS4,arc labels,,,,
Left,contig,Ang,WRM,RTT,4,0.1,0,2129,14,426,1,QOTu-Ang-HSsrc,arc segments,,0.49506923336710573,0.006153846153846154,0.14285714285714285
Left,contig,Ang,WRM,RTT,4,0.1,0,2129,14,426,1,QOTu-Ang-PCA,arc segments,64.0,0.43049645390070923,0.0,0.0
Left,contig,Ang,WRM,RTT,4,0.1,0,2129,14,426,1,QOTc-Ang-HS4,arc labels,,,,
Left,contig,Ang,WRM,RTT,4,0.1,0,2129,14,426,1,QOTc-Ang-HSsrc,arc labels,,,,
Left,contig,Ang,WRM,RTT,4,0.1,0,2129,14,426,1,QOTc-Ang-PCA,arc labels,,,,
Left,contig,Ang,WRM,RTT,4,0.1,0,2129,14,426,1,SDM-Ang-HS4,arc labels,,,,
Left,contig,Ang,WRM,RTT,4,0.1,0,2129,14,426,1,SDM-Ang-HSsrc,arc labels,,,,
Left,contig,Ang,WRM,RTT,4,0.1,0,2129,14,426,1,SDM-Ang-PCA,arc labels,,,,
Left,contig,Ang,WRM,RTT,4,0.2,1,2129,14,852,10,NoAdapt,nothing,,0.5064336372847011,0.006993006993006993,0.21428571428571427
Left,contig,Ang,WRM,RTT,4,0.2,1,2129,14,852,10,TargetOnly,arc labels,,0.5061803444782168,0.007194244604316547,0.14285714285714285
Left,contig,Ang,WRM,RTT,4,0.2,1,2129,14,852,10,Source+Target,arc labels,,0.5135427220533604,0.007259528130671506,0.2857142857142857
Left,contig,Ang,WRM,RTT,4,0.2,1,2129,14,852,10,COT,arc labels,,0.5272543059777102,0.008113590263691683,0.2857142857142857
Left,contig,Ang,WRM,RTT,4,0.2,1,2129,14,852,10,none-Ang-HS4,arc labels,,0.49506923336710573,0.006153846153846154,0.14285714285714285
Left,contig,Ang,WRM,RTT,4,0.2,1,2129,14,852,10,none-Ang-HSsrc,nothing,,0.48515704154002026,0.005780346820809248,0.21428571428571427
Left,contig,Ang,WRM,RTT,4,0.2,1,2129,14,852,10,none-Ang-PCA,arc segments,64.0,0.42789598108747046,0.0,0.0
Left,contig,Ang,WRM,RTT,4,0.2,1,2129,14,852,10,QOTu-Ang-HS4,arc labels,,0.48443093549476524,0.005405405405405406,0.14285714285714285
Left,contig,Ang,WRM,RTT,4,0.2,1,2129,14,852,10,QOTu-Ang-HSsrc,arc segments,,0.453951367781155,0.004608294930875576,0.21428571428571427
Left,contig,Ang,WRM,RTT,4,0.2,1,2129,14,852,10,QOTu-Ang-PCA,arc segments,32.0,0.42340425531914894,0.0,0.0
Left,contig,Ang,WRM,RTT,4,0.2,1,2129,14,852,10,QOTc-Ang-HS4,arc labels,,0.5012326916582236,0.0066518847006651885,0.21428571428571427
Left,contig,Ang,WRM,RTT,4,0.2,1,2129,14,852,10,QOTc-Ang-HSsrc,arc labels,,0.5616345829111786,0.007936507936507936,0.7142857142857143
Left,contig,Ang,WRM,RTT,4,0.2,1,2129,14,852,10,QOTc-Ang-PCA,arc labels,64.0,0.49598108747044917,0.0,0.0
Left,contig,Ang,WRM,RTT,4,0.2,1,2129,14,852,10,SDM-Ang-HS4,arc labels,,0.5038331644714623,0.006818181818181818,0.21428571428571427
Left,contig,Ang,WRM,RTT,4,0.2,1,2129,14,852,10,SDM-Ang-HSsrc,arc labels,,0.625498142519419,0.00927357032457496,0.8571428571428571
Left,contig,Ang,WRM,RTT,4,0.2,1,2129,14,852,10,SDM-Ang-PCA,arc labels,32.0,0.5698243836541709,0.010752688172043012,0.35714285714285715
Left,contig,Ang,WRM,RTT,4,0.3,1,2129,14,1278,32,NoAdapt,nothing,,0.5064336372847011,0.006993006993006993,0.21428571428571427
Left,contig,Ang,WRM,RTT,4,0.3,1,2129,14,1278,32,TargetOnly,arc labels,,0.5033265788584937,0.007246376811594203,0.07142857142857142
Left,contig,Ang,WRM,RTT,4,0.3,1,2129,14,1278,32,Source+Target,arc labels,,0.4908308004052685,0.006060606060606061,0.21428571428571427
Left,contig,Ang,WRM,RTT,4,0.3,1,2129,14,1278,32,COT,arc labels,,0.46366092536305303,0.005249343832020997,0.2857142857142857
Left,contig,Ang,WRM,RTT,4,0.3,1,2129,14,1278,32,none-Ang-HS4,arc labels,,0.4853765619723066,0.00546448087431694,0.14285714285714285
Left,contig,Ang,WRM,RTT,4,0.3,1,2129,14,1278,32,none-Ang-HSsrc,nothing,,0.48515704154002026,0.005780346820809248,0.21428571428571427
Left,contig,Ang,WRM,RTT,4,0.3,1,2129,14,1278,32,none-Ang-PCA,arc segments,32.0,0.46691995947315096,0.003424657534246575,0.07142857142857142
Left,contig,Ang,WRM,RTT,4,0.3,1,2129,14,1278,32,QOTu-Ang-HS4,arc labels,,0.4645727794663965,0.004405286343612335,0.14285714285714285
Left,contig,Ang,WRM,RTT,4,0.3,1,2129,14,1278,32,QOTu-Ang-HSsrc,arc segments,,0.45135089496791625,0.004531722054380665,0.21428571428571427
Left,contig,Ang,WRM,RTT,4,0.3,1,2129,14,1278,32,QOTu-Ang-PCA,arc segments,32.0,0.43926038500506587,0.0024449877750611247,0.07142857142857142
Left,contig,Ang,WRM,RTT,4,0.3,1,2129,14,1278,32,QOTc-Ang-HS4,arc labels,,0.4586626139817629,0.0041753653444676405,0.14285714285714285
Left,contig,Ang,WRM,RTT,4,0.3,1,2129,14,1278,32,QOTc-Ang-HSsrc,arc labels,,0.5670043904086457,0.009538950715421303,0.42857142857142855
Left,contig,Ang,WRM,RTT,4,0.3,1,2129,14,1278,32,QOTc-Ang-PCA,arc labels,32.0,0.5149273893954744,0.008298755186721992,0.14285714285714285
Left,contig,Ang,WRM,RTT,4,0.3,1,2129,14,1278,32,SDM-Ang-HS4,arc labels,,0.4829787234042553,0.0,0.0
Left,contig,Ang,WRM,RTT,4,0.3,1,2129,14,1278,32,SDM-Ang-HSsrc,arc labels,,0.5542384329618372,0.008784773060029283,0.42857142857142855
Left,contig,Ang,WRM,RTT,4,0.3,1,2129,14,1278,32,SDM-Ang-PCA,arc labels,32.0,0.4482269503546099,0.0,0.0
Left,contig,Ang,WRM,RTT,4,0.5,1,2129,14,2106,56,NoAdapt,nothing,,0.5064336372847011,0.006993006993006993,0.21428571428571427
Left,contig,Ang,WRM,RTT,4,0.5,1,2129,14,2106,56,TargetOnly,arc labels,,0.5130192502532929,0.010309278350515464,0.07142857142857142
Left,contig,Ang,WRM,RTT,4,0.5,1,2129,14,2106,56,Source+Target,arc labels,,0.4721377912867275,0.004739336492890996,0.14285714285714285
Left,contig,Ang,WRM,RTT,4,0.5,1,2129,14,2106,56,COT,arc labels,,0.4910840932117528,0.006191950464396285,0.2857142857142857
Left,contig,Ang,WRM,RTT,4,0.5,1,2129,14,2106,56,none-Ang-HS4,arc labels,,0.49010469436001347,0.005780346820809248,0.14285714285714285
Left,contig,Ang,WRM,RTT,4,0.5,1,2129,14,2106,56,none-Ang-HSsrc,nothing,,0.48515704154002026,0.005780346820809248,0.21428571428571427
Left,contig,Ang,WRM,RTT,4,0.5,1,2129,14,2106,56,none-Ang-PCA,arc segments,64.0,0.42742316784869977,0.0,0.0
Left,contig,Ang,WRM,RTT,4,0.5,1,2129,14,2106,56,QOTu-Ang-HS4,arc labels,,0.495305639986491,0.006172839506172839,0.14285714285714285
Left,contig,Ang,WRM,RTT,4,0.5,1,2129,14,2106,56,QOTu-Ang-HSsrc,arc segments,,0.45087808172914556,0.004518072289156626,0.21428571428571427
Left,contig,Ang,WRM,RTT,4,0.5,1,2129,14,2106,56,QOTu-Ang-PCA,arc segments,64.0,0.4269503546099291,0.0,0.0
Left,contig,Ang,WRM,RTT,4,0.5,1,2129,14,2106,56,QOTc-Ang-HS4,arc labels,,0.5175109760216143,0.01282051282051282,0.07142857142857142
Left,contig,Ang,WRM,RTT,4,0.5,1,2129,14,2106,56,QOTc-Ang-HSsrc,arc labels,,0.5918270854441067,0.011450381679389313,0.42857142857142855
Left,contig,Ang,WRM,RTT,4,0.5,1,2129,14,2106,56,QOTc-Ang-PCA,arc labels,16.0,0.4721209050996285,0.003703703703703704,0.07142857142857142
Left,contig,Ang,WRM,RTT,4,0.5,1,2129,14,2106,56,SDM-Ang-HS4,arc labels,,0.4900709219858156,0.0,0.0
Left,contig,Ang,WRM,RTT,4,0.5,1,2129,14,2106,56,SDM-Ang-HSsrc,arc labels,,0.5896994258696386,0.01125703564727955,0.42857142857142855
Left,contig,Ang,WRM,RTT,4,0.5,1,2129,14,2106,56,SDM-Ang-PCA,arc labels,64.0,0.5224755150287065,0.017543859649122806,0.07142857142857142
Left,contig,Ang,WRM,RTT,5,0.05,0,2129,26,213,1,NoAdapt,nothing,,0.5936116902593365,0.021696252465483234,0.4230769230769231
Left,contig,Ang,WRM,RTT,5,0.05,0,2129,26,213,1,TargetOnly,arc labels,,,,
Left,contig,Ang,WRM,RTT,5,0.05,0,2129,26,213,1,Source+Target,arc labels,,,,
Left,contig,Ang,WRM,RTT,5,0.05,0,2129,26,213,1,COT,arc labels,,,,
Left,contig,Ang,WRM,RTT,5,0.05,0,2129,26,213,1,none-Ang-HS4,arc labels,,,,
Left,contig,Ang,WRM,RTT,5,0.05,0,2129,26,213,1,none-Ang-HSsrc,nothing,,0.5361297048172939,0.015384615384615385,0.34615384615384615
Left,contig,Ang,WRM,RTT,5,0.05,0,2129,26,213,1,none-Ang-PCA,arc segments,32.0,0.5385895607008303,0.0182370820668693,0.23076923076923078
Left,contig,Ang,WRM,RTT,5,0.05,0,2129,26,213,1,QOTu-Ang-HS4,arc labels,,,,
Left,contig,Ang,WRM,RTT,5,0.05,0,2129,26,213,1,QOTu-Ang-HSsrc,arc segments,,0.5327462599217235,0.014416775884665793,0.4230769230769231
Left,contig,Ang,WRM,RTT,5,0.05,0,2129,26,213,1,QOTu-Ang-PCA,arc segments,16.0,0.5469567284831194,0.014994232987312572,0.5
Left,contig,Ang,WRM,RTT,5,0.05,0,2129,26,213,1,QOTc-Ang-HS4,arc labels,,,,
Left,contig,Ang,WRM,RTT,5,0.05,0,2129,26,213,1,QOTc-Ang-HSsrc,arc labels,,,,
Left,contig,Ang,WRM,RTT,5,0.05,0,2129,26,213,1,QOTc-Ang-PCA,arc labels,,,,
Left,contig,Ang,WRM,RTT,5,0.05,0,2129,26,213,1,SDM-Ang-HS4,arc labels,,,,
Left,contig,Ang,WRM,RTT,5,0.05,0,2129,26,213,1,SDM-Ang-HSsrc,arc labels,,,,
Left,contig,Ang,WRM,RTT,5,0.05,0,2129,26,213,1,SDM-Ang-PCA,arc labels,,,,
Left,contig,Ang,WRM,RTT,5,0.1,0,2129,26,426,1,NoAdapt,nothing,,0.5936116902593365,0.021696252465483234,0.4230769230769231
Left,contig,Ang,WRM,RTT,5,0.1,0,2129,26,426,1,TargetOnly,arc labels,,,,
Left,contig,Ang,WRM,RTT,5,0.1,0,2129,26,426,1,Source+Target,arc labels,,,,
Left,contig,Ang,WRM,RTT,5,0.1,0,2129,26,426,1,COT,arc labels,,,,
Left,contig,Ang,WRM,RTT,5,0.1,0,2129,26,426,1,none-Ang-HS4,arc labels,,,,
Left,contig,Ang,WRM,RTT,5,0.1,0,2129,26,426,1,none-Ang-HSsrc,nothing,,0.5361297048172939,0.015384615384615385,0.34615384615384615
Left,contig,Ang,WRM,RTT,5,0.1,0,2129,26,426,1,none-Ang-PCA,arc segments,32.0,0.5537784849482424,0.020172910662824207,0.2692307692307692
Left,contig,Ang,WRM,RTT,5,0.1,0,2129,26,426,1,QOTu-Ang-HS4,arc labels,,,,
Left,contig,Ang,WRM,RTT,5,0.1,0,2129,26,426,1,QOTu-Ang-HSsrc,arc segments,,0.5282289037638538,0.014066496163682864,0.4230769230769231
Left,contig,Ang,WRM,RTT,5,0.1,0,2129,26,426,1,QOTu-Ang-PCA,arc segments,32.0,0.4825341087823256,0.00997506234413965,0.15384615384615385
Left,contig,Ang,WRM,RTT,5,0.1,0,2129,26,426,1,QOTc-Ang-HS4,arc labels,,,,
Left,contig,Ang,WRM,RTT,5,0.1,0,2129,26,426,1,QOTc-Ang-HSsrc,arc labels,,,,
Left,contig,Ang,WRM,RTT,5,0.1,0,2129,26,426,1,QOTc-Ang-PCA,arc labels,,,,
Left,contig,Ang,WRM,RTT,5,0.1,0,2129,26,426,1,SDM-Ang-HS4,arc labels,,,,
Left,contig,Ang,WRM,RTT,5,0.1,0,2129,26,426,1,SDM-Ang-HSsrc,arc labels,,,,
Left,contig,Ang,WRM,RTT,5,0.1,0,2129,26,426,1,SDM-Ang-PCA,arc labels,,,,
Left,contig,Ang,WRM,RTT,5,0.2,0,2129,26,852,1,NoAdapt,nothing,,0.5936116902593365,0.021696252465483234,0.4230769230769231
Left,contig,Ang,WRM,RTT,5,0.2,0,2129,26,852,1,TargetOnly,arc labels,,,,
Left,contig,Ang,WRM,RTT,5,0.2,0,2129,26,852,1,Source+Target,arc labels,,,,
Left,contig,Ang,WRM,RTT,5,0.2,0,2129,26,852,1,COT,arc labels,,,,
Left,contig,Ang,WRM,RTT,5,0.2,0,2129,26,852,1,none-Ang-HS4,arc labels,,,,
Left,contig,Ang,WRM,RTT,5,0.2,0,2129,26,852,1,none-Ang-HSsrc,nothing,,0.5361297048172939,0.015384615384615385,0.34615384615384615
Left,contig,Ang,WRM,RTT,5,0.2,0,2129,26,852,1,none-Ang-PCA,arc segments,32.0,0.5537784849482424,0.020172910662824207,0.2692307692307692
Left,contig,Ang,WRM,RTT,5,0.2,0,2129,26,852,1,QOTu-Ang-HS4,arc labels,,,,
Left,contig,Ang,WRM,RTT,5,0.2,0,2129,26,852,1,QOTu-Ang-HSsrc,arc segments,,0.5156278576392699,0.013173652694610778,0.4230769230769231
Left,contig,Ang,WRM,RTT,5,0.2,0,2129,26,852,1,QOTu-Ang-PCA,arc segments,32.0,0.47735835253666925,0.007722007722007722,0.07692307692307693
Left,contig,Ang,WRM,RTT,5,0.2,0,2129,26,852,1,QOTc-Ang-HS4,arc labels,,,,
Left,contig,Ang,WRM,RTT,5,0.2,0,2129,26,852,1,QOTc-Ang-HSsrc,arc labels,,,,
Left,contig,Ang,WRM,RTT,5,0.2,0,2129,26,852,1,QOTc-Ang-PCA,arc labels,,,,
Left,contig,Ang,WRM,RTT,5,0.2,0,2129,26,852,1,SDM-Ang-HS4,arc labels,,,,
Left,contig,Ang,WRM,RTT,5,0.2,0,2129,26,852,1,SDM-Ang-HSsrc,arc labels,,,,
Left,contig,Ang,WRM,RTT,5,0.2,0,2129,26,852,1,SDM-Ang-PCA,arc labels,,,,
Left,contig,Ang,WRM,RTT,5,0.3,1,2129,26,1278,3,NoAdapt,nothing,,0.5936116902593365,0.021696252465483234,0.4230769230769231
Left,contig,Ang,WRM,RTT,5,0.3,1,2129,26,1278,3,TargetOnly,arc labels,,0.5564212297450528,0.023622047244094488,0.23076923076923078
Left,contig,Ang,WRM,RTT,5,0.3,1,2129,26,1278,3,Source+Target,arc labels,,0.5866619115549215,0.018571428571428572,0.5
Left,contig,Ang,WRM,RTT,5,0.3,1,2129,26,1278,3,COT,arc labels,,0.48327480888108565,0.00949367088607595,0.11538461538461539
Left,contig,Ang,WRM,RTT,5,0.3,1,2129,26,1278,3,none-Ang-HS4,arc labels,,0.5283660704488095,0.016129032258064516,0.23076923076923078
Left,contig,Ang,WRM,RTT,5,0.3,1,2129,26,1278,3,none-Ang-HSsrc,nothing,,0.5361297048172939,0.015384615384615385,0.34615384615384615
Left,contig,Ang,WRM,RTT,5,0.3,1,2129,26,1278,3,none-Ang-PCA,arc segments,32.0,0.5369252715900362,0.017857142857142856,0.23076923076923078
Left,contig,Ang,WRM,RTT,5,0.3,1,2129,26,1278,3,QOTu-Ang-HS4,arc labels,,0.5232360364314715,0.0136986301369863,0.4230769230769231
Left,contig,Ang,WRM,RTT,5,0.3,1,2129,26,1278,3,QOTu-Ang-HSsrc,arc segments,,0.5289421705256228,0.014120667522464698,0.4230769230769231
Left,contig,Ang,WRM,RTT,5,0.3,1,2129,26,1278,3,QOTu-Ang-PCA,arc segments,32.0,0.4749807966641062,0.007434944237918215,0.07692307692307693
Left,contig,Ang,WRM,RTT,5,0.3,1,2129,26,1278,3,QOTc-Ang-HS4,arc labels,,0.5027982003730934,0.013157894736842105,0.07692307692307693
Left,contig,Ang,WRM,RTT,5,0.3,1,2129,26,1278,3,QOTc-Ang-HSsrc,arc labels,,0.5348860602070302,0.014588859416445624,0.4230769230769231
Left,contig,Ang,WRM,RTT,5,0.3,1,2129,26,1278,3,QOTc-Ang-PCA,arc labels,64.0,0.47165221844251803,0.007067137809187279,0.07692307692307693
Left,contig,Ang,WRM,RTT,5,0.3,1,2129,26,1278,3,SDM-Ang-HS4,arc labels,,0.4744504188156114,0.009195402298850575,0.15384615384615385
Left,contig,Ang,WRM,RTT,5,0.3,1,2129,26,1278,3,SDM-Ang-HSsrc,arc labels,,0.4512235268298036,0.009765625,0.38461538461538464
Left,contig,Ang,WRM,RTT,5,0.3,1,2129,26,1278,3,SDM-Ang-PCA,arc labels,64.0,0.5146585463989173,0.016304347826086956,0.11538461538461539
Left,contig,Ang,WRM,RTT,5,0.5,1,2129,26,2106,44,NoAdapt,nothing,,0.5936116902593365,0.021696252465483234,0.4230769230769231
Left,contig,Ang,WRM,RTT,5,0.5,1,2129,26,2106,44,TargetOnly,arc labels,,0.5514832290866527,0.036036036036036036,0.15384615384615385
Left,contig,Ang,WRM,RTT,5,0.5,1,2129,26,2106,44,Source+Target,arc labels,,0.565373642049819,0.01948051948051948,0.34615384615384615
Left,contig,Ang,WRM,RTT,5,0.5,1,2129,26,2106,44,COT,arc labels,,0.4407348476535352,0.009565217391304347,0.4230769230769231
Left,contig,Ang,WRM,RTT,5,0.5,1,2129,26,2106,44,none-Ang-HS4,arc labels,,0.5772339880756429,0.020242914979757085,0.38461538461538464
Left,contig,Ang,WRM,RTT,5,0.5,1,2129,26,2106,44,none-Ang-HSsrc,nothing,,0.5361297048172939,0.015384615384615385,0.34615384615384615
Left,contig,Ang,WRM,RTT,5,0.5,1,2129,26,2106,44,none-Ang-PCA,arc segments,64.0,0.5093456234683054,0.01327433628318584,0.23076923076923078
Left,contig,Ang,WRM,RTT,5,0.5,1,2129,26,2106,44,QOTu-Ang-HS4,arc labels,,0.5639471085262812,0.019230769230769232,0.34615384615384615
Left,contig,Ang,WRM,RTT,5,0.5,1,2129,26,2106,44,QOTu-Ang-HSsrc,arc segments,,0.518032846848824,0.013458950201884253,0.38461538461538464
Left,contig,Ang,WRM,RTT,5,0.5,1,2129,26,2106,44,QOTu-Ang-PCA,arc segments,32.0,0.5103240791543217,0.01366120218579235,0.19230769230769232
Left,contig,Ang,WRM,RTT,5,0.5,1,2129,26,2106,44,QOTc-Ang-HS4,arc labels,,0.5673854200958338,0.03968253968253968,0.19230769230769232
Left,contig,Ang,WRM,RTT,5,0.5,1,2129,26,2106,44,QOTc-Ang-HSsrc,arc labels,,0.5734024653425509,0.018581081081081082,0.4230769230769231
Left,contig,Ang,WRM,RTT,5,0.5,1,2129,26,2106,44,QOTc-Ang-PCA,arc labels,64.0,0.5417626833461355,0.04285714285714286,0.11538461538461539
Left,contig,Ang,WRM,RTT,5,0.5,1,2129,26,2106,44,SDM-Ang-HS4,arc labels,,0.557189363180804,0.04597701149425287,0.15384615384615385
Left,contig,Ang,WRM,RTT,5,0.5,1,2129,26,2106,44,SDM-Ang-HSsrc,arc labels,,0.5454570393942719,0.01832460732984293,0.2692307692307692
Left,contig,Ang,WRM,RTT,5,0.5,1,2129,26,2106,44,SDM-Ang-PCA,arc labels,16.0,0.6171220600607191,0.024489795918367346,0.46153846153846156
Left,contig,Ang,WRM,RTT,6,0.05,0,2129,36,213,0,NoAdapt,nothing,,0.5623374210330732,0.024691358024691357,0.3888888888888889
Left,contig,Ang,WRM,RTT,6,0.05,0,2129,36,213,0,TargetOnly,arc labels,,,,
Left,contig,Ang,WRM,RTT,6,0.05,0,2129,36,213,0,Source+Target,arc labels,,,,
Left,contig,Ang,WRM,RTT,6,0.05,0,2129,36,213,0,COT,arc labels,,,,
Left,contig,Ang,WRM,RTT,6,0.05,0,2129,36,213,0,none-Ang-HS4,arc labels,,,,
Left,contig,Ang,WRM,RTT,6,0.05,0,2129,36,213,0,none-Ang-HSsrc,nothing,,0.47811488028879334,0.014641288433382138,0.2777777777777778
Left,contig,Ang,WRM,RTT,6,0.05,0,2129,36,213,0,none-Ang-PCA,arc segments,16.0,0.5575595901682858,0.02385008517887564,0.3888888888888889
Left,contig,Ang,WRM,RTT,6,0.05,0,2129,36,213,0,QOTu-Ang-HS4,arc labels,,,,
Left,contig,Ang,WRM,RTT,6,0.05,0,2129,36,213,0,QOTu-Ang-HSsrc,arc segments,,0.4825144662101184,0.015439429928741092,0.3611111111111111
Left,contig,Ang,WRM,RTT,6,0.05,0,2129,36,213,0,QOTu-Ang-PCA,arc segments,64.0,0.4920435844348888,0.015197568389057751,0.1388888888888889
Left,contig,Ang,WRM,RTT,6,0.05,0,2129,36,213,0,QOTc-Ang-HS4,arc labels,,,,
Left,contig,Ang,WRM,RTT,6,0.05,0,2129,36,213,0,QOTc-Ang-HSsrc,arc labels,,,,
Left,contig,Ang,WRM,RTT,6,0.05,0,2129,36,213,0,QOTc-Ang-PCA,arc labels,,,,
Left,contig,Ang,WRM,RTT,6,0.05,0,2129,36,213,0,SDM-Ang-HS4,arc labels,,,,
Left,contig,Ang,WRM,RTT,6,0.05,0,2129,36,213,0,SDM-Ang-HSsrc,arc labels,,,,
Left,contig,Ang,WRM,RTT,6,0.05,0,2129,36,213,0,SDM-Ang-PCA,arc labels,,,,
Left,contig,Ang,WRM,RTT,6,0.1,0,2129,36,426,0,NoAdapt,nothing,,0.5623374210330732,0.024691358024691357,0.3888888888888889
Left,contig,Ang,WRM,RTT,6,0.1,0,2129,36,426,0,TargetOnly,arc labels,,,,
Left,contig,Ang,WRM,RTT,6,0.1,0,2129,36,426,0,Source+Target,arc labels,,,,
Left,contig,Ang,WRM,RTT,6,0.1,0,2129,36,426,0,COT,arc labels,,,,
Left,contig,Ang,WRM,RTT,6,0.1,0,2129,36,426,0,none-Ang-HS4,arc labels,,,,
Left,contig,Ang,WRM,RTT,6,0.1,0,2129,36,426,0,none-Ang-HSsrc,nothing,,0.47811488028879334,0.014641288433382138,0.2777777777777778
Left,contig,Ang,WRM,RTT,6,0.1,0,2129,36,426,0,none-Ang-PCA,arc segments,16.0,0.5633261665870362,0.024115755627009645,0.4166666666666667
Left,contig,Ang,WRM,RTT,6,0.1,0,2129,36,426,0,QOTu-Ang-HS4,arc labels,,,,
Left,contig,Ang,WRM,RTT,6,0.1,0,2129,36,426,0,QOTu-Ang-HSsrc,arc segments,,0.4827533577533577,0.015457788347205707,0.3611111111111111
Left,contig,Ang,WRM,RTT,6,0.1,0,2129,36,426,0,QOTu-Ang-PCA,arc segments,64.0,0.4864495407973669,0.011428571428571429,0.05555555555555555
Left,contig,Ang,WRM,RTT,6,0.1,0,2129,36,426,0,QOTc-Ang-HS4,arc labels,,,,
Left,contig,Ang,WRM,RTT,6,0.1,0,2129,36,426,0,QOTc-Ang-HSsrc,arc labels,,,,
Left,contig,Ang,WRM,RTT,6,0.1,0,2129,36,426,0,QOTc-Ang-PCA,arc labels,,,,
Left,contig,Ang,WRM,RTT,6,0.1,0,2129,36,426,0,SDM-Ang-HS4,arc labels,,,,
Left,contig,Ang,WRM,RTT,6,0.1,0,2129,36,426,0,SDM-Ang-HSsrc,arc labels,,,,
Left,contig,Ang,WRM,RTT,6,0.1,0,2129,36,426,0,SDM-Ang-PCA,arc labels,,,,
Left,contig,Ang,WRM,RTT,6,0.2,0,2129,36,852,0,NoAdapt,nothing,,0.5623374210330732,0.024691358024691357,0.3888888888888889
Left,contig,Ang,WRM,RTT,6,0.2,0,2129,36,852,0,TargetOnly,arc labels,,,,
Left,contig,Ang,WRM,RTT,6,0.2,0,2129,36,852,0,Source+Target,arc labels,,,,
Left,contig,Ang,WRM,RTT,6,0.2,0,2129,36,852,0,COT,arc labels,,,,
Left,contig,Ang,WRM,RTT,6,0.2,0,2129,36,852,0,none-Ang-HS4,arc labels,,,,
Left,contig,Ang,WRM,RTT,6,0.2,0,2129,36,852,0,none-Ang-HSsrc,nothing,,0.47811488028879334,0.014641288433382138,0.2777777777777778
Left,contig,Ang,WRM,RTT,6,0.2,0,2129,36,852,0,none-Ang-PCA,arc segments,16.0,0.5577984817115252,0.023890784982935155,0.3888888888888889
Left,contig,Ang,WRM,RTT,6,0.2,0,2129,36,852,0,QOTu-Ang-HS4,arc labels,,,,
Left,contig,Ang,WRM,RTT,6,0.2,0,2129,36,852,0,QOTu-Ang-HSsrc,arc segments,,0.4820366831236397,0.015402843601895734,0.3611111111111111
Left,contig,Ang,WRM,RTT,6,0.2,0,2129,36,852,0,QOTu-Ang-PCA,arc segments,16.0,0.5266032276901842,0.01901565995525727,0.4722222222222222
Left,contig,Ang,WRM,RTT,6,0.2,0,2129,36,852,0,QOTc-Ang-HS4,arc labels,,,,
Left,contig,Ang,WRM,RTT,6,0.2,0,2129,36,852,0,QOTc-Ang-HSsrc,arc labels,,,,
Left,contig,Ang,WRM,RTT,6,0.2,0,2129,36,852,0,QOTc-Ang-PCA,arc labels,,,,
Left,contig,Ang,WRM,RTT,6,0.2,0,2129,36,852,0,SDM-Ang-HS4,arc labels,,,,
Left,contig,Ang,WRM,RTT,6,0.2,0,2129,36,852,0,SDM-Ang-HSsrc,arc labels,,,,
Left,contig,Ang,WRM,RTT,6,0.2,0,2129,36,852,0,SDM-Ang-PCA,arc labels,,,,
Left,contig,Ang,WRM,RTT,6,0.3,0,2129,36,1278,0,NoAdapt,nothing,,0.5623374210330732,0.024691358024691357,0.3888888888888889
Left,contig,Ang,WRM,RTT,6,0.3,0,2129,36,1278,0,TargetOnly,arc labels,,,,
Left,contig,Ang,WRM,RTT,6,0.3,0,2129,36,1278,0,Source+Target,arc labels,,,,
Left,contig,Ang,WRM,RTT,6,0.3,0,2129,36,1278,0,COT,arc labels,,,,
Left,contig,Ang,WRM,RTT,6,0.3,0,2129,36,1278,0,none-Ang-HS4,arc labels,,,,
Left,contig,Ang,WRM,RTT,6,0.3,0,2129,36,1278,0,none-Ang-HSsrc,nothing,,0.47811488028879334,0.014641288433382138,0.2777777777777778
Left,contig,Ang,WRM,RTT,6,0.3,0,2129,36,1278,0,none-Ang-PCA,arc segments,32.0,0.5452102245580506,0.026239067055393587,0.25
Left,contig,Ang,WRM,RTT,6,0.3,0,2129,36,1278,0,QOTu-Ang-HS4,arc labels,,,,
Left,contig,Ang,WRM,RTT,6,0.3,0,2129,36,1278,0,QOTu-Ang-HSsrc,arc segments,,0.4698200350374263,0.014354066985645933,0.3333333333333333
Left,contig,Ang,WRM,RTT,6,0.3,0,2129,36,1278,0,QOTu-Ang-PCA,arc segments,16.0,0.4687649307214525,0.013574660633484163,0.25
Left,contig,Ang,WRM,RTT,6,0.3,0,2129,36,1278,0,QOTc-Ang-HS4,arc labels,,,,
Left,contig,Ang,WRM,RTT,6,0.3,0,2129,36,1278,0,QOTc-Ang-HSsrc,arc labels,,,,
Left,contig,Ang,WRM,RTT,6,0.3,0,2129,36,1278,0,QOTc-Ang-PCA,arc labels,,,,
Left,contig,Ang,WRM,RTT,6,0.3,0,2129,36,1278,0,SDM-Ang-HS4,arc labels,,,,
Left,contig,Ang,WRM,RTT,6,0.3,0,2129,36,1278,0,SDM-Ang-HSsrc,arc labels,,,,
Left,contig,Ang,WRM,RTT,6,0.3,0,2129,36,1278,0,SDM-Ang-PCA,arc labels,,,,
Left,contig,Ang,WRM,RTT,6,0.5,1,2129,36,2106,34,NoAdapt,nothing,,0.5623374210330732,0.024691358024691357,0.3888888888888889
Left,contig,Ang,WRM,RTT,6,0.5,1,2129,36,2106,34,TargetOnly,arc labels,,0.5515275787014917,0.0625,0.1388888888888889
Left,contig,Ang,WRM,RTT,6,0.5,1,2129,36,2106,34,Source+Target,arc labels,,0.5537041460954505,0.02389705882352941,0.3611111111111111
Left,contig,Ang,WRM,RTT,6,0.5,1,2129,36,2106,34,COT,arc labels,,0.5381761957848914,0.021346469622331693,0.3611111111111111
Left,contig,Ang,WRM,RTT,6,0.5,1,2129,36,2106,34,none-Ang-HS4,arc labels,,0.5439427722036417,0.021739130434782608,0.3888888888888889
Left,contig,Ang,WRM,RTT,6,0.5,1,2129,36,2106,34,none-Ang-HSsrc,nothing,,0.47811488028879334,0.014641288433382138,0.2777777777777778
Left,contig,Ang,WRM,RTT,6,0.5,1,2129,36,2106,34,none-Ang-PCA,arc segments,8.0,0.5032316717099325,0.01726844583987441,0.3055555555555556
Left,contig,Ang,WRM,RTT,6,0.5,1,2129,36,2106,34,QOTu-Ang-HS4,arc labels,,0.4889645378775813,0.015950920245398775,0.3611111111111111
Left,contig,Ang,WRM,RTT,6,0.5,1,2129,36,2106,34,QOTu-Ang-HSsrc,arc segments,,0.47244784201305945,0.014545454545454545,0.3333333333333333
Left,contig,Ang,WRM,RTT,6,0.5,1,2129,36,2106,34,QOTu-Ang-PCA,arc segments,8.0,0.476953601953602,0.014725568942436412,0.3055555555555556
Left,contig,Ang,WRM,RTT,6,0.5,1,2129,36,2106,34,QOTc-Ang-HS4,arc labels,,0.5445997239475501,0.045871559633027525,0.1388888888888889
Left,contig,Ang,WRM,RTT,6,0.5,1,2129,36,2106,34,QOTc-Ang-HSsrc,arc labels,,0.49954876041832563,0.016842105263157894,0.2222222222222222
Left,contig,Ang,WRM,RTT,6,0.5,1,2129,36,2106,34,QOTc-Ang-PCA,arc labels,16.0,0.5500942294420555,0.05813953488372093,0.1388888888888889
Left,contig,Ang,WRM,RTT,6,0.5,1,2129,36,2106,34,SDM-Ang-HS4,arc labels,,0.509144237405107,0.025,0.05555555555555555
Left,contig,Ang,WRM,RTT,6,0.5,1,2129,36,2106,34,SDM-Ang-HSsrc,arc labels,,0.529138132399002,0.023972602739726026,0.19444444444444445
Left,contig,Ang,WRM,RTT,6,0.5,1,2129,36,2106,34,SDM-Ang-PCA,arc labels,64.0,0.4841269841269841,0.013201320132013201,0.1111111111111111
Left,contig,Ang,WRM,RTT,7,0.05,0,2129,35,213,0,NoAdapt,nothing,,0.5841110656296903,0.02576489533011272,0.45714285714285713
Left,contig,Ang,WRM,RTT,7,0.05,0,2129,35,213,0,TargetOnly,arc labels,,,,
Left,contig,Ang,WRM,RTT,7,0.05,0,2129,35,213,0,Source+Target,arc labels,,,,
Left,contig,Ang,WRM,RTT,7,0.05,0,2129,35,213,0,COT,arc labels,,,,
Left,contig,Ang,WRM,RTT,7,0.05,0,2129,35,213,0,none-Ang-HS4,arc labels,,,,
Left,contig,Ang,WRM,RTT,7,0.05,0,2129,35,213,0,none-Ang-HSsrc,nothing,,0.4914313003138218,0.015602836879432624,0.3142857142857143
Left,contig,Ang,WRM,RTT,7,0.05,0,2129,35,213,0,none-Ang-PCA,arc segments,16.0,0.5686314640469368,0.024,0.42857142857142855
Left,contig,Ang,WRM,RTT,7,0.05,0,2129,35,213,0,QOTu-Ang-HS4,arc labels,,,,
Left,contig,Ang,WRM,RTT,7,0.05,0,2129,35,213,0,QOTu-Ang-HSsrc,arc segments,,0.4780188293082276,0.014598540145985401,0.34285714285714286
Left,contig,Ang,WRM,RTT,7,0.05,0,2129,35,213,0,QOTu-Ang-PCA,arc segments,64.0,0.4799358711966162,0.013363028953229399,0.17142857142857143
Left,contig,Ang,WRM,RTT,7,0.05,0,2129,35,213,0,QOTc-Ang-HS4,arc labels,,,,
Left,contig,Ang,WRM,RTT,7,0.05,0,2129,35,213,0,QOTc-Ang-HSsrc,arc labels,,,,
Left,contig,Ang,WRM,RTT,7,0.05,0,2129,35,213,0,QOTc-Ang-PCA,arc labels,,,,
Left,contig,Ang,WRM,RTT,7,0.05,0,2129,35,213,0,SDM-Ang-HS4,arc labels,,,,
Left,contig,Ang,WRM,RTT,7,0.05,0,2129,35,213,0,SDM-Ang-HSsrc,arc labels,,,,
Left,contig,Ang,WRM,RTT,7,0.05,0,2129,35,213,0,SDM-Ang-PCA,arc labels,,,,
Left,contig,Ang,WRM,RTT,7,0.1,0,2129,35,426,0,NoAdapt,nothing,,0.5841110656296903,0.02576489533011272,0.45714285714285713
Left,contig,Ang,WRM,RTT,7,0.1,0,2129,35,426,0,TargetOnly,arc labels,,,,
Left,contig,Ang,WRM,RTT,7,0.1,0,2129,35,426,0,Source+Target,arc labels,,,,
Left,contig,Ang,WRM,RTT,7,0.1,0,2129,35,426,0,COT,arc labels,,,,
Left,contig,Ang,WRM,RTT,7,0.1,0,2129,35,426,0,none-Ang-HS4,arc labels,,,,
Left,contig,Ang,WRM,RTT,7,0.1,0,2129,35,426,0,none-Ang-HSsrc,nothing,,0.4914313003138218,0.015602836879432624,0.3142857142857143
Left,contig,Ang,WRM,RTT,7,0.1,0,2129,35,426,0,none-Ang-PCA,arc segments,16.0,0.5657661345340428,0.023547880690737835,0.42857142857142855
Left,contig,Ang,WRM,RTT,7,0.1,0,2129,35,426,0,QOTu-Ang-HS4,arc labels,,,,
Left,contig,Ang,WRM,RTT,7,0.1,0,2129,35,426,0,QOTu-Ang-HSsrc,arc segments,,0.47467594487651793,0.014354066985645933,0.34285714285714286
Left,contig,Ang,WRM,RTT,7,0.1,0,2129,35,426,0,QOTu-Ang-PCA,arc segments,64.0,0.48825214899713465,0.014736842105263158,0.2
Left,contig,Ang,WRM,RTT,7,0.1,0,2129,35,426,0,QOTc-Ang-HS4,arc labels,,,,
Left,contig,Ang,WRM,RTT,7,0.1,0,2129,35,426,0,QOTc-Ang-HSsrc,arc labels,,,,
Left,contig,Ang,WRM,RTT,7,0.1,0,2129,35,426,0,QOTc-Ang-PCA,arc labels,,,,
Left,contig,Ang,WRM,RTT,7,0.1,0,2129,35,426,0,SDM-Ang-HS4,arc labels,,,,
Left,contig,Ang,WRM,RTT,7,0.1,0,2129,35,426,0,SDM-Ang-HSsrc,arc labels,,,,
Left,contig,Ang,WRM,RTT,7,0.1,0,2129,35,426,0,SDM-Ang-PCA,arc labels,,,,
Left,contig,Ang,WRM,RTT,7,0.2,0,2129,35,852,0,NoAdapt,nothing,,0.5841110656296903,0.02576489533011272,0.45714285714285713
Left,contig,Ang,WRM,RTT,7,0.2,0,2129,35,852,0,TargetOnly,arc labels,,,,
Left,contig,Ang,WRM,RTT,7,0.2,0,2129,35,852,0,Source+Target,arc labels,,,,
Left,contig,Ang,WRM,RTT,7,0.2,0,2129,35,852,0,COT,arc labels,,,,
Left,contig,Ang,WRM,RTT,7,0.2,0,2129,35,852,0,none-Ang-HS4,arc labels,,,,
Left,contig,Ang,WRM,RTT,7,0.2,0,2129,35,852,0,none-Ang-HSsrc,nothing,,0.4914313003138218,0.015602836879432624,0.3142857142857143
Left,contig,Ang,WRM,RTT,7,0.2,0,2129,35,852,0,none-Ang-PCA,arc segments,16.0,0.5779028516850866,0.02472952086553323,0.45714285714285713
Left,contig,Ang,WRM,RTT,7,0.2,0,2129,35,852,0,QOTu-Ang-HS4,arc labels,,,,
Left,contig,Ang,WRM,RTT,7,0.2,0,2129,35,852,0,QOTu-Ang-HSsrc,arc segments,,0.46110656296902713,0.013221153846153846,0.3142857142857143
Left,contig,Ang,WRM,RTT,7,0.2,0,2129,35,852,0,QOTu-Ang-PCA,arc segments,32.0,0.45327466230045027,0.009111617312072893,0.11428571428571428
Left,contig,Ang,WRM,RTT,7,0.2,0,2129,35,852,0,QOTc-Ang-HS4,arc labels,,,,
Left,contig,Ang,WRM,RTT,7,0.2,0,2129,35,852,0,QOTc-Ang-HSsrc,arc labels,,,,
Left,contig,Ang,WRM,RTT,7,0.2,0,2129,35,852,0,QOTc-Ang-PCA,arc labels,,,,
Left,contig,Ang,WRM,RTT,7,0.2,0,2129,35,852,0,SDM-Ang-HS4,arc labels,,,,
Left,contig,Ang,WRM,RTT,7,0.2,0,2129,35,852,0,SDM-Ang-HSsrc,arc labels,,,,
Left,contig,Ang,WRM,RTT,7,0.2,0,2129,35,852,0,SDM-Ang-PCA,arc labels,,,,
Left,contig,Ang,WRM,RTT,7,0.3,0,2129,35,1278,0,NoAdapt,nothing,,0.5841110656296903,0.02576489533011272,0.45714285714285713
Left,contig,Ang,WRM,RTT,7,0.3,0,2129,35,1278,0,TargetOnly,arc labels,,,,
Left,contig,Ang,WRM,RTT,7,0.3,0,2129,35,1278,0,Source+Target,arc labels,,,,
Left,contig,Ang,WRM,RTT,7,0.3,0,2129,35,1278,0,COT,arc labels,,,,
Left,contig,Ang,WRM,RTT,7,0.3,0,2129,35,1278,0,none-Ang-HS4,arc labels,,,,
Left,contig,Ang,WRM,RTT,7,0.3,0,2129,35,1278,0,none-Ang-HSsrc,nothing,,0.4914313003138218,0.015602836879432624,0.3142857142857143
Left,contig,Ang,WRM,RTT,7,0.3,0,2129,35,1278,0,none-Ang-PCA,arc segments,32.0,0.5373584390776367,0.023017902813299233,0.2571428571428571
Left,contig,Ang,WRM,RTT,7,0.3,0,2129,35,1278,0,QOTu-Ang-HS4,arc labels,,,,
Left,contig,Ang,WRM,RTT,7,0.3,0,2129,35,1278,0,QOTu-Ang-HSsrc,arc segments,,0.45656979124027836,0.012925969447708578,0.3142857142857143
Left,contig,Ang,WRM,RTT,7,0.3,0,2129,35,1278,0,QOTu-Ang-PCA,arc segments,32.0,0.44360758630099606,0.003367003367003367,0.02857142857142857
Left,contig,Ang,WRM,RTT,7,0.3,0,2129,35,1278,0,QOTc-Ang-HS4,arc labels,,,,
Left,contig,Ang,WRM,RTT,7,0.3,0,2129,35,1278,0,QOTc-Ang-HSsrc,arc labels,,,,
Left,contig,Ang,WRM,RTT,7,0.3,0,2129,35,1278,0,QOTc-Ang-PCA,arc labels,,,,
Left,contig,Ang,WRM,RTT,7,0.3,0,2129,35,1278,0,SDM-Ang-HS4,arc labels,,,,
Left,contig,Ang,WRM,RTT,7,0.3,0,2129,35,1278,0,SDM-Ang-HSsrc,arc labels,,,,
Left,contig,Ang,WRM,RTT,7,0.3,0,2129,35,1278,0,SDM-Ang-PCA,arc labels,,,,
Left,contig,Ang,WRM,RTT,7,0.5,1,2129,35,2118,35,NoAdapt,nothing,,0.5841110656296903,0.02576489533011272,0.45714285714285713
Left,contig,Ang,WRM,RTT,7,0.5,1,2129,35,2118,35,TargetOnly,arc labels,,0.5998362668849775,0.043824701195219126,0.3142857142857143
Left,contig,Ang,WRM,RTT,7,0.5,1,2129,35,2118,35,Source+Target,arc labels,,0.5790558057033701,0.02418207681365576,0.4857142857142857
Left,contig,Ang,WRM,RTT,7,0.5,1,2129,35,2118,35,COT,arc labels,,0.593941874744167,0.028901734104046242,0.42857142857142855
Left,contig,Ang,WRM,RTT,7,0.5,1,2129,35,2118,35,none-Ang-HS4,arc labels,,0.5342065766134534,0.01927710843373494,0.45714285714285713
Left,contig,Ang,WRM,RTT,7,0.5,1,2129,35,2118,35,none-Ang-HSsrc,nothing,,0.4914313003138218,0.015602836879432624,0.3142857142857143
Left,contig,Ang,WRM,RTT,7,0.5,1,2129,35,2118,35,none-Ang-PCA,arc segments,32.0,0.5375972165370446,0.023076923076923078,0.2571428571428571
Left,contig,Ang,WRM,RTT,7,0.5,1,2129,35,2118,35,QOTu-Ang-HS4,arc labels,,0.49516987310683586,0.016029593094944512,0.37142857142857144
Left,contig,Ang,WRM,RTT,7,0.5,1,2129,35,2118,35,QOTu-Ang-HSsrc,arc segments,,0.4706167280665848,0.01406799531066823,0.34285714285714286
Left,contig,Ang,WRM,RTT,7,0.5,1,2129,35,2118,35,QOTu-Ang-PCA,arc segments,64.0,0.48180515759312326,0.013944223107569721,0.2
Left,contig,Ang,WRM,RTT,7,0.5,1,2129,35,2118,35,QOTc-Ang-HS4,arc labels,,0.5620343839541547,0.04216867469879518,0.2
Left,contig,Ang,WRM,RTT,7,0.5,1,2129,35,2118,35,QOTc-Ang-HSsrc,arc labels,,0.533374266612089,0.019969278033794162,0.37142857142857144
Left,contig,Ang,WRM,RTT,7,0.5,1,2129,35,2118,35,QOTc-Ang-PCA,arc labels,16.0,0.5784281620957838,0.0410958904109589,0.2571428571428571
Left,contig,Ang,WRM,RTT,7,0.5,1,2129,35,2118,35,SDM-Ang-HS4,arc labels,,0.5618365397735026,0.05660377358490566,0.17142857142857143
Left,contig,Ang,WRM,RTT,7,0.5,1,2129,35,2118,35,SDM-Ang-HSsrc,arc labels,,0.5276845408650566,0.019543973941368076,0.34285714285714286
Left,contig,Ang,WRM,RTT,7,0.5,1,2129,35,2118,35,SDM-Ang-PCA,arc labels,64.0,0.5145586028107518,0.019736842105263157,0.17142857142857143
