Side,Arc,Enc,Source,Target,Rot,AdaptFrac,ArcOK,nEval,nEvalPos,nArc,nArcPos,Method,Uses,K,BAC,Precision,Recall
Right,random,Ang,HTL,PTT,0,0.05,1,1136,80,114,8,NoAdapt,nothing,,0.4975378787878788,0.06451612903225806,0.05
Right,random,Ang,HTL,PTT,0,0.05,1,1136,80,114,8,TargetOnly,arc labels,,0.4701704545454546,0.06339144215530904,0.5
Right,random,Ang,HTL,PTT,0,0.05,1,1136,80,114,8,Source+Target,arc labels,,0.49109848484848484,0.030303030303030304,0.0125
Right,random,Ang,HTL,PTT,0,0.05,1,1136,80,114,8,COT,arc labels,,0.46107954545454544,0.06223479490806223,0.55
Right,random,Ang,HTL,PTT,0,0.05,1,1136,80,114,8,none-Ang-HS4,arc labels,,0.49640151515151515,0.05555555555555555,0.025
Right,random,Ang,HTL,PTT,0,0.05,1,1136,80,114,8,none-Ang-HSsrc,nothing,,0.49782196969696973,0.06060606060606061,0.025
Right,random,Ang,HTL,PTT,0,0.05,1,1136,80,114,8,none-Ang-PCA,arc segments,32.0,0.4784090909090909,0.02702702702702703,0.025
Right,random,Ang,HTL,PTT,0,0.05,1,1136,80,114,8,QOTu-Ang-HS4,arc labels,,0.4857007575757576,0.04597701149425287,0.05
Right,random,Ang,HTL,PTT,0,0.05,1,1136,80,114,8,QOTu-Ang-HSsrc,arc segments,,0.47490530303030304,0.04032258064516129,0.0625
Right,random,Ang,HTL,PTT,0,0.05,1,1136,80,114,8,QOTu-Ang-PCA,arc segments,32.0,0.5923295454545454,0.15625,0.3125
Right,random,Ang,HTL,PTT,0,0.05,1,1136,80,114,8,QOTc-Ang-HS4,arc labels,,0.6177083333333333,0.15,0.4125
Right,random,Ang,HTL,PTT,0,0.05,1,1136,80,114,8,QOTc-Ang-HSsrc,arc labels,,0.5853219696969697,0.10199004975124377,0.5125
Right,random,Ang,HTL,PTT,0,0.05,1,1136,80,114,8,QOTc-Ang-PCA,arc labels,64.0,0.49176136363636364,0.061068702290076333,0.1
Right,random,Ang,HTL,PTT,0,0.05,1,1136,80,114,8,SDM-Ang-HS4,arc labels,,0.4179924242424242,0.04288939051918736,0.2375
Right,random,Ang,HTL,PTT,0,0.05,1,1136,80,114,8,SDM-Ang-HSsrc,arc labels,,0.5734848484848485,0.09601873536299765,0.5125
Right,random,Ang,HTL,PTT,0,0.05,1,1136,80,114,8,SDM-Ang-PCA,arc labels,64.0,0.4462121212121212,0.014084507042253521,0.025
Right,random,Ang,HTL,PTT,0,0.1,1,1136,80,227,11,NoAdapt,nothing,,0.4975378787878788,0.06451612903225806,0.05
Right,random,Ang,HTL,PTT,0,0.1,1,1136,80,227,11,TargetOnly,arc labels,,0.47159090909090906,0.06369426751592357,0.5
Right,random,Ang,HTL,PTT,0,0.1,1,1136,80,227,11,Source+Target,arc labels,,0.49820075757575755,0.05555555555555555,0.0125
Right,random,Ang,HTL,PTT,0,0.1,1,1136,80,227,11,COT,arc labels,,0.4817234848484849,0.06614173228346457,0.525
Right,random,Ang,HTL,PTT,0,0.1,1,1136,80,227,11,none-Ang-HS4,arc labels,,0.49640151515151515,0.05555555555555555,0.025
Right,random,Ang,HTL,PTT,0,0.1,1,1136,80,227,11,none-Ang-HSsrc,nothing,,0.49782196969696973,0.06060606060606061,0.025
Right,random,Ang,HTL,PTT,0,0.1,1,1136,80,227,11,none-Ang-PCA,arc segments,32.0,0.4486742424242424,0.019867549668874173,0.0375
Right,random,Ang,HTL,PTT,0,0.1,1,1136,80,227,11,QOTu-Ang-HS4,arc labels,,0.4838068181818182,0.04395604395604396,0.05
Right,random,Ang,HTL,PTT,0,0.1,1,1136,80,227,11,QOTu-Ang-HSsrc,arc segments,,0.47490530303030304,0.04032258064516129,0.0625
Right,random,Ang,HTL,PTT,0,0.1,1,1136,80,227,11,QOTu-Ang-PCA,arc segments,32.0,0.5364583333333333,0.11029411764705882,0.1875
Right,random,Ang,HTL,PTT,0,0.1,1,1136,80,227,11,QOTc-Ang-HS4,arc labels,,0.6686553030303031,0.23225806451612904,0.45
Right,random,Ang,HTL,PTT,0,0.1,1,1136,80,227,11,QOTc-Ang-HSsrc,arc labels,,0.5901515151515151,0.11044776119402985,0.4625
Right,random,Ang,HTL,PTT,0,0.1,1,1136,80,227,11,QOTc-Ang-PCA,arc labels,64.0,0.45009469696969695,0.02027027027027027,0.0375
Right,random,Ang,HTL,PTT,0,0.1,1,1136,80,227,11,SDM-Ang-HS4,arc labels,,0.42130681818181814,0.04357798165137615,0.2375
Right,random,Ang,HTL,PTT,0,0.1,1,1136,80,227,11,SDM-Ang-HSsrc,arc labels,,0.5796401515151515,0.09903381642512077,0.5125
Right,random,Ang,HTL,PTT,0,0.1,1,1136,80,227,11,SDM-Ang-PCA,arc labels,64.0,0.46202651515151516,0.029197080291970802,0.05
Right,random,Ang,HTL,PTT,0,0.2,1,1136,80,454,24,NoAdapt,nothing,,0.4975378787878788,0.06451612903225806,0.05
Right,random,Ang,HTL,PTT,0,0.2,1,1136,80,454,24,TargetOnly,arc labels,,0.5340909090909092,0.0847457627118644,0.375
Right,random,Ang,HTL,PTT,0,0.2,1,1136,80,454,24,Source+Target,arc labels,,0.496780303030303,0.047619047619047616,0.0125
Right,random,Ang,HTL,PTT,0,0.2,1,1136,80,454,24,COT,arc labels,,0.49952651515151514,0.070298769771529,0.5
Right,random,Ang,HTL,PTT,0,0.2,1,1136,80,454,24,none-Ang-HS4,arc labels,,0.4940340909090909,0.04878048780487805,0.025
Right,random,Ang,HTL,PTT,0,0.2,1,1136,80,454,24,none-Ang-HSsrc,nothing,,0.49782196969696973,0.06060606060606061,0.025
Right,random,Ang,HTL,PTT,0,0.2,1,1136,80,454,24,none-Ang-PCA,arc segments,32.0,0.44820075757575756,0.019736842105263157,0.0375
Right,random,Ang,HTL,PTT,0,0.2,1,1136,80,454,24,QOTu-Ang-HS4,arc labels,,0.4729166666666667,0.03508771929824561,0.05
Right,random,Ang,HTL,PTT,0,0.2,1,1136,80,454,24,QOTu-Ang-HSsrc,arc segments,,0.47490530303030304,0.04032258064516129,0.0625
Right,random,Ang,HTL,PTT,0,0.2,1,1136,80,454,24,QOTu-Ang-PCA,arc segments,32.0,0.5345643939393939,0.10714285714285714,0.1875
Right,random,Ang,HTL,PTT,0,0.2,1,1136,80,454,24,QOTc-Ang-HS4,arc labels,,0.6178977272727273,0.2358490566037736,0.3125
Right,random,Ang,HTL,PTT,0,0.2,1,1136,80,454,24,QOTc-Ang-HSsrc,arc labels,,0.6024621212121213,0.16167664670658682,0.3375
Right,random,Ang,HTL,PTT,0,0.2,1,1136,80,454,24,QOTc-Ang-PCA,arc labels,64.0,0.4747159090909091,0.03125,0.0375
Right,random,Ang,HTL,PTT,0,0.2,1,1136,80,454,24,SDM-Ang-HS4,arc labels,,0.46325757575757576,0.018867924528301886,0.025
Right,random,Ang,HTL,PTT,0,0.2,1,1136,80,454,24,SDM-Ang-HSsrc,arc labels,,0.6203598484848485,0.16666666666666666,0.3875
Right,random,Ang,HTL,PTT,0,0.2,1,1136,80,454,24,SDM-Ang-PCA,arc labels,64.0,0.48333333333333334,0.043478260869565216,0.05
Right,random,Ang,HTL,PTT,0,0.3,1,1136,80,682,30,NoAdapt,nothing,,0.4975378787878788,0.06451612903225806,0.05
Right,random,Ang,HTL,PTT,0,0.3,1,1136,80,682,30,TargetOnly,arc labels,,0.5074810606060606,0.07650273224043716,0.175
Right,random,Ang,HTL,PTT,0,0.3,1,1136,80,682,30,Source+Target,arc labels,,0.5020833333333333,0.08333333333333333,0.025
Right,random,Ang,HTL,PTT,0,0.3,1,1136,80,682,30,COT,arc labels,,0.4746212121212121,0.0651872399445215,0.5875
Right,random,Ang,HTL,PTT,0,0.3,1,1136,80,682,30,none-Ang-HS4,arc labels,,0.4940340909090909,0.04878048780487805,0.025
Right,random,Ang,HTL,PTT,0,0.3,1,1136,80,682,30,none-Ang-HSsrc,nothing,,0.49782196969696973,0.06060606060606061,0.025
Right,random,Ang,HTL,PTT,0,0.3,1,1136,80,682,30,none-Ang-PCA,arc segments,32.0,0.44820075757575756,0.019736842105263157,0.0375
Right,random,Ang,HTL,PTT,0,0.3,1,1136,80,682,30,QOTu-Ang-HS4,arc labels,,0.4748106060606061,0.03636363636363636,0.05
Right,random,Ang,HTL,PTT,0,0.3,1,1136,80,682,30,QOTu-Ang-HSsrc,arc segments,,0.47490530303030304,0.04032258064516129,0.0625
Right,random,Ang,HTL,PTT,0,0.3,1,1136,80,682,30,QOTu-Ang-PCA,arc segments,32.0,0.5179924242424243,0.09615384615384616,0.125
Right,random,Ang,HTL,PTT,0,0.3,1,1136,80,682,30,QOTc-Ang-HS4,arc labels,,0.684469696969697,0.25333333333333335,0.475
Right,random,Ang,HTL,PTT,0,0.3,1,1136,80,682,30,QOTc-Ang-HSsrc,arc labels,,0.4928977272727273,0.06369426751592357,0.125
Right,random,Ang,HTL,PTT,0,0.3,1,1136,80,682,30,QOTc-Ang-PCA,arc labels,64.0,0.6227272727272727,0.23636363636363636,0.325
Right,random,Ang,HTL,PTT,0,0.3,1,1136,80,682,30,SDM-Ang-HS4,arc labels,,0.4868371212121212,0.023809523809523808,0.0125
Right,random,Ang,HTL,PTT,0,0.3,1,1136,80,682,30,SDM-Ang-HSsrc,arc labels,,0.4928977272727273,0.06369426751592357,0.125
Right,random,Ang,HTL,PTT,0,0.3,1,1136,80,682,30,SDM-Ang-PCA,arc labels,64.0,0.4868371212121212,0.05309734513274336,0.075
Right,random,Ang,HTL,PTT,0,0.5,1,1136,80,1124,41,NoAdapt,nothing,,0.4975378787878788,0.06451612903225806,0.05
Right,random,Ang,HTL,PTT,0,0.5,1,1136,80,1124,41,TargetOnly,arc labels,,0.5306818181818181,0.1044776119402985,0.175
Right,random,Ang,HTL,PTT,0,0.5,1,1136,80,1124,41,Source+Target,arc labels,,0.5060606060606061,0.09090909090909091,0.05
Right,random,Ang,HTL,PTT,0,0.5,1,1136,80,1124,41,COT,arc labels,,0.471969696969697,0.06432748538011696,0.55
Right,random,Ang,HTL,PTT,0,0.5,1,1136,80,1124,41,none-Ang-HS4,arc labels,,0.4983901515151515,0.06521739130434782,0.0375
Right,random,Ang,HTL,PTT,0,0.5,1,1136,80,1124,41,none-Ang-HSsrc,nothing,,0.49782196969696973,0.06060606060606061,0.025
Right,random,Ang,HTL,PTT,0,0.5,1,1136,80,1124,41,none-Ang-PCA,arc segments,32.0,0.4486742424242424,0.019867549668874173,0.0375
Right,random,Ang,HTL,PTT,0,0.5,1,1136,80,1124,41,QOTu-Ang-HS4,arc labels,,0.4748106060606061,0.03636363636363636,0.05
Right,random,Ang,HTL,PTT,0,0.5,1,1136,80,1124,41,QOTu-Ang-HSsrc,arc segments,,0.47490530303030304,0.04032258064516129,0.0625
Right,random,Ang,HTL,PTT,0,0.5,1,1136,80,1124,41,QOTu-Ang-PCA,arc segments,16.0,0.5137310606060606,0.08849557522123894,0.125
Right,random,Ang,HTL,PTT,0,0.5,1,1136,80,1124,41,QOTc-Ang-HS4,arc labels,,0.6735795454545455,0.21965317919075145,0.475
Right,random,Ang,HTL,PTT,0,0.5,1,1136,80,1124,41,QOTc-Ang-HSsrc,arc labels,,0.4891098484848485,0.06060606060606061,0.125
Right,random,Ang,HTL,PTT,0,0.5,1,1136,80,1124,41,QOTc-Ang-PCA,arc labels,64.0,0.6017045454545454,0.14720812182741116,0.3625
Right,random,Ang,HTL,PTT,0,0.5,1,1136,80,1124,41,SDM-Ang-HS4,arc labels,,0.48352272727272727,0.02040816326530612,0.0125
Right,random,Ang,HTL,PTT,0,0.5,1,1136,80,1124,41,SDM-Ang-HSsrc,arc labels,,0.4824810606060606,0.055865921787709494,0.125
Right,random,Ang,HTL,PTT,0,0.5,1,1136,80,1124,41,SDM-Ang-PCA,arc labels,64.0,0.5121212121212121,0.08176100628930817,0.1625
Right,random,Ang,HTL,PTT,1,0.05,1,1136,67,114,5,NoAdapt,nothing,,0.5045934965025202,0.06896551724137931,0.05970149253731343
Right,random,Ang,HTL,PTT,1,0.05,1,1136,67,114,5,TargetOnly,arc labels,,0.5610209011071863,0.1643835616438356,0.1791044776119403
Right,random,Ang,HTL,PTT,1,0.05,1,1136,67,114,5,Source+Target,arc labels,,0.495769515379138,0.038461538461538464,0.014925373134328358
Right,random,Ang,HTL,PTT,1,0.05,1,1136,67,114,5,COT,arc labels,,0.5298577272663809,0.06896551724137931,0.3880597014925373
Right,random,Ang,HTL,PTT,1,0.05,1,1136,67,114,5,none-Ang-HS4,arc labels,,0.49949038716613375,0.05714285714285714,0.029850746268656716
Right,random,Ang,HTL,PTT,1,0.05,1,1136,67,114,5,none-Ang-HSsrc,nothing,,0.501361294556218,0.06451612903225806,0.029850746268656716
Right,random,Ang,HTL,PTT,1,0.05,1,1136,67,114,5,none-Ang-PCA,arc segments,32.0,0.4798458595702498,0.025974025974025976,0.029850746268656716
Right,random,Ang,HTL,PTT,1,0.05,1,1136,67,114,5,QOTu-Ang-HS4,arc labels,,0.48167488097398875,0.037383177570093455,0.05970149253731343
Right,random,Ang,HTL,PTT,1,0.05,1,1136,67,114,5,QOTu-Ang-HSsrc,arc segments,,0.47185261717604676,0.03125,0.05970149253731343
Right,random,Ang,HTL,PTT,1,0.05,1,1136,67,114,5,QOTu-Ang-PCA,arc segments,32.0,0.509675662845734,0.07142857142857142,0.1044776119402985
Right,random,Ang,HTL,PTT,1,0.05,1,1136,67,114,5,QOTc-Ang-HS4,arc labels,,0.6580567694734931,0.34782608695652173,0.3582089552238806
Right,random,Ang,HTL,PTT,1,0.05,1,1136,67,114,5,QOTc-Ang-HSsrc,arc labels,,0.6463426552922944,0.22522522522522523,0.373134328358209
Right,random,Ang,HTL,PTT,1,0.05,1,1136,67,114,5,QOTc-Ang-PCA,arc labels,64.0,0.6187467712885526,0.14705882352941177,0.373134328358209
Right,random,Ang,HTL,PTT,1,0.05,1,1136,67,114,5,SDM-Ang-HS4,arc labels,,0.6296092037473996,0.3225806451612903,0.29850746268656714
Right,random,Ang,HTL,PTT,1,0.05,1,1136,67,114,5,SDM-Ang-HSsrc,arc labels,,0.632310849866663,0.1773049645390071,0.373134328358209
Right,random,Ang,HTL,PTT,1,0.05,1,1136,67,114,5,SDM-Ang-PCA,arc labels,64.0,0.4442776761654776,0.01764705882352941,0.04477611940298507
Right,random,Ang,HTL,PTT,1,0.1,1,1136,67,227,10,NoAdapt,nothing,,0.5045934965025202,0.06896551724137931,0.05970149253731343
Right,random,Ang,HTL,PTT,1,0.1,1,1136,67,227,10,TargetOnly,arc labels,,0.5208173352135487,0.07746478873239436,0.16417910447761194
Right,random,Ang,HTL,PTT,1,0.1,1,1136,67,227,10,Source+Target,arc labels,,0.49717269592170116,0.043478260869565216,0.014925373134328358
Right,random,Ang,HTL,PTT,1,0.1,1,1136,67,227,10,COT,arc labels,,0.4545327618223196,0.04864864864864865,0.40298507462686567
Right,random,Ang,HTL,PTT,1,0.1,1,1136,67,227,10,none-Ang-HS4,arc labels,,0.49949038716613375,0.05714285714285714,0.029850746268656716
Right,random,Ang,HTL,PTT,1,0.1,1,1136,67,227,10,none-Ang-HSsrc,nothing,,0.501361294556218,0.06451612903225806,0.029850746268656716
Right,random,Ang,HTL,PTT,1,0.1,1,1136,67,227,10,none-Ang-PCA,arc segments,32.0,0.482184493807855,0.027777777777777776,0.029850746268656716
Right,random,Ang,HTL,PTT,1,0.1,1,1136,67,227,10,QOTu-Ang-HS4,arc labels,,0.48167488097398875,0.037383177570093455,0.05970149253731343
Right,random,Ang,HTL,PTT,1,0.1,1,1136,67,227,10,QOTu-Ang-HSsrc,arc segments,,0.47185261717604676,0.03125,0.05970149253731343
Right,random,Ang,HTL,PTT,1,0.1,1,1136,67,227,10,QOTu-Ang-PCA,arc segments,32.0,0.5600226184326265,0.11904761904761904,0.22388059701492538
Right,random,Ang,HTL,PTT,1,0.1,1,1136,67,227,10,QOTc-Ang-HS4,arc labels,,0.7172486491769403,0.30357142857142855,0.5074626865671642
Right,random,Ang,HTL,PTT,1,0.1,1,1136,67,227,10,QOTc-Ang-HSsrc,arc labels,,0.6411138879968725,0.15263157894736842,0.43283582089552236
Right,random,Ang,HTL,PTT,1,0.1,1,1136,67,227,10,QOTc-Ang-PCA,arc labels,64.0,0.612666322270779,0.1366120218579235,0.373134328358209
Right,random,Ang,HTL,PTT,1,0.1,1,1136,67,227,10,SDM-Ang-HS4,arc labels,,0.45599179034667636,0.015625,0.029850746268656716
Right,random,Ang,HTL,PTT,1,0.1,1,1136,67,227,10,SDM-Ang-HSsrc,arc labels,,0.6359479496809685,0.13761467889908258,0.44776119402985076
Right,random,Ang,HTL,PTT,1,0.1,1,1136,67,227,10,SDM-Ang-PCA,arc labels,64.0,0.44425673317230496,0.0213903743315508,0.05970149253731343
Right,random,Ang,HTL,PTT,1,0.2,1,1136,67,454,15,NoAdapt,nothing,,0.5045934965025202,0.06896551724137931,0.05970149253731343
Right,random,Ang,HTL,PTT,1,0.2,1,1136,67,454,15,TargetOnly,arc labels,,0.5278960669058822,0.10526315789473684,0.11940298507462686
Right,random,Ang,HTL,PTT,1,0.2,1,1136,67,454,15,Source+Target,arc labels,,0.49997905700682743,0.058823529411764705,0.014925373134328358
Right,random,Ang,HTL,PTT,1,0.2,1,1136,67,454,15,COT,arc labels,,0.44732837217095067,0.04979253112033195,0.5373134328358209
Right,random,Ang,HTL,PTT,1,0.2,1,1136,67,454,15,none-Ang-HS4,arc labels,,0.501361294556218,0.06451612903225806,0.029850746268656716
Right,random,Ang,HTL,PTT,1,0.2,1,1136,67,454,15,none-Ang-HSsrc,nothing,,0.501361294556218,0.06451612903225806,0.029850746268656716
Right,random,Ang,HTL,PTT,1,0.2,1,1136,67,454,15,none-Ang-PCA,arc segments,32.0,0.4260363291121567,0.014354066985645933,0.04477611940298507
Right,random,Ang,HTL,PTT,1,0.2,1,1136,67,454,15,QOTu-Ang-HS4,arc labels,,0.48822305683928346,0.043010752688172046,0.05970149253731343
Right,random,Ang,HTL,PTT,1,0.2,1,1136,67,454,15,QOTu-Ang-HSsrc,arc segments,,0.47185261717604676,0.03125,0.05970149253731343
Right,random,Ang,HTL,PTT,1,0.2,1,1136,67,454,15,QOTu-Ang-PCA,arc segments,64.0,0.47602027281739107,0.0392156862745098,0.08955223880597014
Right,random,Ang,HTL,PTT,1,0.2,1,1136,67,454,15,QOTc-Ang-HS4,arc labels,,0.7289208773717939,0.33653846153846156,0.5223880597014925
Right,random,Ang,HTL,PTT,1,0.2,1,1136,67,454,15,QOTc-Ang-HSsrc,arc labels,,0.636904346369183,0.1457286432160804,0.43283582089552236
Right,random,Ang,HTL,PTT,1,0.2,1,1136,67,454,15,QOTc-Ang-PCA,arc labels,64.0,0.6565488739650671,0.18471337579617833,0.43283582089552236
Right,random,Ang,HTL,PTT,1,0.2,1,1136,67,454,15,SDM-Ang-HS4,arc labels,,0.7004733116457005,0.31958762886597936,0.4626865671641791
Right,random,Ang,HTL,PTT,1,0.2,1,1136,67,454,15,SDM-Ang-HSsrc,arc labels,,0.6074166119821846,0.10752688172043011,0.44776119402985076
Right,random,Ang,HTL,PTT,1,0.2,1,1136,67,454,15,SDM-Ang-PCA,arc labels,64.0,0.5920653979866803,0.10655737704918032,0.3880597014925373
Right,random,Ang,HTL,PTT,1,0.3,1,1136,67,682,28,NoAdapt,nothing,,0.5045934965025202,0.06896551724137931,0.05970149253731343
Right,random,Ang,HTL,PTT,1,0.3,1,1136,67,682,28,TargetOnly,arc labels,,0.5389749102941792,0.08771929824561403,0.22388059701492538
Right,random,Ang,HTL,PTT,1,0.3,1,1136,67,682,28,Source+Target,arc labels,,0.5065062898789495,0.1,0.029850746268656716
Right,random,Ang,HTL,PTT,1,0.3,1,1136,67,682,28,COT,arc labels,,0.4374432793934909,0.04905660377358491,0.582089552238806
Right,random,Ang,HTL,PTT,1,0.3,1,1136,67,682,28,none-Ang-HS4,arc labels,,0.5064853468857768,0.08108108108108109,0.04477611940298507
Right,random,Ang,HTL,PTT,1,0.3,1,1136,67,682,28,none-Ang-HSsrc,nothing,,0.501361294556218,0.06451612903225806,0.029850746268656716
Right,random,Ang,HTL,PTT,1,0.3,1,1136,67,682,28,none-Ang-PCA,arc segments,32.0,0.4265040559596778,0.014423076923076924,0.04477611940298507
Right,random,Ang,HTL,PTT,1,0.3,1,1136,67,682,28,QOTu-Ang-HS4,arc labels,,0.49102941792440974,0.04597701149425287,0.05970149253731343
Right,random,Ang,HTL,PTT,1,0.3,1,1136,67,682,28,QOTu-Ang-HSsrc,arc segments,,0.47746533934629937,0.034482758620689655,0.05970149253731343
Right,random,Ang,HTL,PTT,1,0.3,1,1136,67,682,28,QOTu-Ang-PCA,arc segments,64.0,0.47701855549195094,0.03,0.04477611940298507
Right,random,Ang,HTL,PTT,1,0.3,1,1136,67,682,28,QOTc-Ang-HS4,arc labels,,0.7321949653044413,0.36082474226804123,0.5223880597014925
Right,random,Ang,HTL,PTT,1,0.3,1,1136,67,682,28,QOTc-Ang-HSsrc,arc labels,,0.6266771847032377,0.15294117647058825,0.3880597014925373
Right,random,Ang,HTL,PTT,1,0.3,1,1136,67,682,28,QOTc-Ang-PCA,arc labels,64.0,0.6592505200843304,0.1440677966101695,0.5074626865671642
Right,random,Ang,HTL,PTT,1,0.3,1,1136,67,682,28,SDM-Ang-HS4,arc labels,,0.4555240634991553,0.015503875968992248,0.029850746268656716
Right,random,Ang,HTL,PTT,1,0.3,1,1136,67,682,28,SDM-Ang-HSsrc,arc labels,,0.6073956689890119,0.10472972972972973,0.4626865671641791
Right,random,Ang,HTL,PTT,1,0.3,1,1136,67,682,28,SDM-Ang-PCA,arc labels,64.0,0.4515937617804337,0.03793103448275862,0.16417910447761194
Right,random,Ang,HTL,PTT,1,0.5,1,1136,67,1112,54,NoAdapt,nothing,,0.5045934965025202,0.06896551724137931,0.05970149253731343
Right,random,Ang,HTL,PTT,1,0.5,1,1136,67,1112,54,TargetOnly,arc labels,,0.5622146517180235,0.09166666666666666,0.3283582089552239
Right,random,Ang,HTL,PTT,1,0.5,1,1136,67,1112,54,Source+Target,arc labels,,0.5097594348184242,0.1,0.04477611940298507
Right,random,Ang,HTL,PTT,1,0.5,1,1136,67,1112,54,COT,arc labels,,0.3943914664283819,0.04424778761061947,0.5970149253731343
Right,random,Ang,HTL,PTT,1,0.5,1,1136,67,1112,54,none-Ang-HS4,arc labels,,0.5055498931907348,0.07692307692307693,0.04477611940298507
Right,random,Ang,HTL,PTT,1,0.5,1,1136,67,1112,54,none-Ang-HSsrc,nothing,,0.501361294556218,0.06451612903225806,0.029850746268656716
Right,random,Ang,HTL,PTT,1,0.5,1,1136,67,1112,54,none-Ang-PCA,arc segments,64.0,0.4278862935090683,0.018018018018018018,0.05970149253731343
Right,random,Ang,HTL,PTT,1,0.5,1,1136,67,1112,54,QOTu-Ang-HS4,arc labels,,0.48261033466903086,0.0380952380952381,0.05970149253731343
Right,random,Ang,HTL,PTT,1,0.5,1,1136,67,1112,54,QOTu-Ang-HSsrc,arc segments,,0.47746533934629937,0.034482758620689655,0.05970149253731343
Right,random,Ang,HTL,PTT,1,0.5,1,1136,67,1112,54,QOTu-Ang-PCA,arc segments,64.0,0.6215531323736788,0.1524390243902439,0.373134328358209
Right,random,Ang,HTL,PTT,1,0.5,1,1136,67,1112,54,QOTc-Ang-HS4,arc labels,,0.7246903927509319,0.27692307692307694,0.5373134328358209
Right,random,Ang,HTL,PTT,1,0.5,1,1136,67,1112,54,QOTc-Ang-HSsrc,arc labels,,0.635968892674141,0.14427860696517414,0.43283582089552236
Right,random,Ang,HTL,PTT,1,0.5,1,1136,67,1112,54,QOTc-Ang-PCA,arc labels,64.0,0.6321851919076275,0.12757201646090535,0.4626865671641791
Right,random,Ang,HTL,PTT,1,0.5,1,1136,67,1112,54,SDM-Ang-HS4,arc labels,,0.6219370872485095,0.12554112554112554,0.43283582089552236
Right,random,Ang,HTL,PTT,1,0.5,1,1136,67,1112,54,SDM-Ang-HSsrc,arc labels,,0.6069279421414908,0.10437710437710437,0.4626865671641791
Right,random,Ang,HTL,PTT,1,0.5,1,1136,67,1112,54,SDM-Ang-PCA,arc labels,64.0,0.43798779721597814,0.036827195467422094,0.19402985074626866
Right,random,Ang,HTL,PTT,2,0.05,1,1136,67,114,4,NoAdapt,nothing,,0.503190315959957,0.06557377049180328,0.05970149253731343
Right,random,Ang,HTL,PTT,2,0.05,1,1136,67,114,4,TargetOnly,arc labels,,0.6801097412842243,0.125,0.6417910447761194
Right,random,Ang,HTL,PTT,2,0.05,1,1136,67,114,4,Source+Target,arc labels,,0.49623724222665905,0.04,0.014925373134328358
Right,random,Ang,HTL,PTT,2,0.05,1,1136,67,114,4,COT,arc labels,,0.5130963517305893,0.06046931407942238,1.0
Right,random,Ang,HTL,PTT,2,0.05,1,1136,67,114,4,none-Ang-HS4,arc labels,,0.4948131186909233,0.044444444444444446,0.029850746268656716
Right,random,Ang,HTL,PTT,2,0.05,1,1136,67,114,4,none-Ang-HSsrc,nothing,,0.500893567708697,0.0625,0.029850746268656716
Right,random,Ang,HTL,PTT,2,0.05,1,1136,67,114,4,none-Ang-PCA,arc segments,32.0,0.48216355081468243,0.033707865168539325,0.04477611940298507
Right,random,Ang,HTL,PTT,2,0.05,1,1136,67,114,4,QOTu-Ang-HS4,arc labels,,0.4807394272789467,0.03669724770642202,0.05970149253731343
Right,random,Ang,HTL,PTT,2,0.05,1,1136,67,114,4,QOTu-Ang-HSsrc,arc segments,,0.47419125141365204,0.032520325203252036,0.05970149253731343
Right,random,Ang,HTL,PTT,2,0.05,1,1136,67,114,4,QOTu-Ang-PCA,arc segments,32.0,0.5250478198344107,0.08620689655172414,0.14925373134328357
Right,random,Ang,HTL,PTT,2,0.05,1,1136,67,114,4,QOTc-Ang-HS4,arc labels,,0.6890803233598146,0.1517509727626459,0.582089552238806
Right,random,Ang,HTL,PTT,2,0.05,1,1136,67,114,4,QOTc-Ang-HSsrc,arc labels,,0.552085224020217,0.06636670416197975,0.8805970149253731
Right,random,Ang,HTL,PTT,2,0.05,1,1136,67,114,4,QOTc-Ang-PCA,arc labels,64.0,0.4354187900534744,0.044036697247706424,0.3582089552238806
Right,random,Ang,HTL,PTT,2,0.05,1,1136,67,114,4,SDM-Ang-HS4,arc labels,,0.4257221842145679,0.03879310344827586,0.26865671641791045
Right,random,Ang,HTL,PTT,2,0.05,1,1136,67,114,4,SDM-Ang-HSsrc,arc labels,,0.6233053628024516,0.08346456692913386,0.7910447761194029
Right,random,Ang,HTL,PTT,2,0.05,1,1136,67,114,4,SDM-Ang-PCA,arc labels,64.0,0.48737835611465596,0.055,0.3283582089552239
Right,random,Ang,HTL,PTT,2,0.1,1,1136,67,227,9,NoAdapt,nothing,,0.503190315959957,0.06557377049180328,0.05970149253731343
Right,random,Ang,HTL,PTT,2,0.1,1,1136,67,227,9,TargetOnly,arc labels,,0.45040699216732055,0.046370967741935484,0.34328358208955223
Right,random,Ang,HTL,PTT,2,0.1,1,1136,67,227,9,Source+Target,arc labels,,0.5023176912444326,0.08333333333333333,0.014925373134328358
Right,random,Ang,HTL,PTT,2,0.1,1,1136,67,227,9,COT,arc labels,,0.40287337866327855,0.04431137724550898,0.5522388059701493
Right,random,Ang,HTL,PTT,2,0.1,1,1136,67,227,9,none-Ang-HS4,arc labels,,0.5004258408611759,0.06060606060606061,0.029850746268656716
Right,random,Ang,HTL,PTT,2,0.1,1,1136,67,227,9,none-Ang-HSsrc,nothing,,0.500893567708697,0.0625,0.029850746268656716
Right,random,Ang,HTL,PTT,2,0.1,1,1136,67,227,9,none-Ang-PCA,arc segments,32.0,0.477486282339472,0.030303030303030304,0.04477611940298507
Right,random,Ang,HTL,PTT,2,0.1,1,1136,67,227,9,QOTu-Ang-HS4,arc labels,,0.4891585105343255,0.04395604395604396,0.05970149253731343
Right,random,Ang,HTL,PTT,2,0.1,1,1136,67,227,9,QOTu-Ang-HSsrc,arc segments,,0.4751267051086941,0.03305785123966942,0.05970149253731343
Right,random,Ang,HTL,PTT,2,0.1,1,1136,67,227,9,QOTu-Ang-PCA,arc segments,32.0,0.509675662845734,0.07142857142857142,0.1044776119402985
Right,random,Ang,HTL,PTT,2,0.1,1,1136,67,227,9,QOTc-Ang-HS4,arc labels,,0.6974994066151934,0.16317991631799164,0.582089552238806
Right,random,Ang,HTL,PTT,2,0.1,1,1136,67,227,9,QOTc-Ang-HSsrc,arc labels,,0.6031232983818047,0.09550561797752809,0.5074626865671642
Right,random,Ang,HTL,PTT,2,0.1,1,1136,67,227,9,QOTc-Ang-PCA,arc labels,64.0,0.4062033145777194,0.0297029702970297,0.1791044776119403
Right,random,Ang,HTL,PTT,2,0.1,1,1136,67,227,9,SDM-Ang-HS4,arc labels,,0.4139871270401966,0.03824091778202677,0.29850746268656714
Right,random,Ang,HTL,PTT,2,0.1,1,1136,67,227,9,SDM-Ang-HSsrc,arc labels,,0.6322340588916968,0.08762886597938144,0.7611940298507462
Right,random,Ang,HTL,PTT,2,0.1,1,1136,67,227,9,SDM-Ang-PCA,arc labels,64.0,0.5114627982631278,0.06790123456790123,0.16417910447761194
Right,random,Ang,HTL,PTT,2,0.2,1,1136,67,454,25,NoAdapt,nothing,,0.503190315959957,0.06557377049180328,0.05970149253731343
Right,random,Ang,HTL,PTT,2,0.2,1,1136,67,454,25,TargetOnly,arc labels,,0.48769250101224465,0.04827586206896552,0.1044776119402985
Right,random,Ang,HTL,PTT,2,0.2,1,1136,67,454,25,Source+Target,arc labels,,0.5009145107018695,0.06666666666666667,0.014925373134328358
Right,random,Ang,HTL,PTT,2,0.2,1,1136,67,454,25,COT,arc labels,,0.40468145707384495,0.045351473922902494,0.5970149253731343
Right,random,Ang,HTL,PTT,2,0.2,1,1136,67,454,25,none-Ang-HS4,arc labels,,0.500893567708697,0.0625,0.029850746268656716
Right,random,Ang,HTL,PTT,2,0.2,1,1136,67,454,25,none-Ang-HSsrc,nothing,,0.500893567708697,0.0625,0.029850746268656716
Right,random,Ang,HTL,PTT,2,0.2,1,1136,67,454,25,none-Ang-PCA,arc segments,16.0,0.4915180877651034,0.043478260869565216,0.04477611940298507
Right,random,Ang,HTL,PTT,2,0.2,1,1136,67,454,25,QOTu-Ang-HS4,arc labels,,0.4891585105343255,0.04395604395604396,0.05970149253731343
Right,random,Ang,HTL,PTT,2,0.2,1,1136,67,454,25,QOTu-Ang-HSsrc,arc segments,,0.4713848903285257,0.031007751937984496,0.05970149253731343
Right,random,Ang,HTL,PTT,2,0.2,1,1136,67,454,25,QOTu-Ang-PCA,arc segments,32.0,0.516670622565377,0.08,0.11940298507462686
Right,random,Ang,HTL,PTT,2,0.2,1,1136,67,454,25,QOTc-Ang-HS4,arc labels,,0.7163131954818982,0.2982456140350877,0.5074626865671642
Right,random,Ang,HTL,PTT,2,0.2,1,1136,67,454,25,QOTc-Ang-HSsrc,arc labels,,0.6200452368652528,0.11904761904761904,0.44776119402985076
Right,random,Ang,HTL,PTT,2,0.2,1,1136,67,454,25,QOTc-Ang-PCA,arc labels,64.0,0.5179690881420773,0.07142857142857142,0.19402985074626866
Right,random,Ang,HTL,PTT,2,0.2,1,1136,67,454,25,SDM-Ang-HS4,arc labels,,0.45131452187146587,0.014492753623188406,0.029850746268656716
Right,random,Ang,HTL,PTT,2,0.2,1,1136,67,454,25,SDM-Ang-HSsrc,arc labels,,0.5872834145456068,0.09144542772861357,0.4626865671641791
Right,random,Ang,HTL,PTT,2,0.2,1,1136,67,454,25,SDM-Ang-PCA,arc labels,64.0,0.3820071764656605,0.01694915254237288,0.08955223880597014
Right,random,Ang,HTL,PTT,2,0.3,1,1136,67,682,34,NoAdapt,nothing,,0.503190315959957,0.06557377049180328,0.05970149253731343
Right,random,Ang,HTL,PTT,2,0.3,1,1136,67,682,34,TargetOnly,arc labels,,0.49749382181701407,0.05673758865248227,0.11940298507462686
Right,random,Ang,HTL,PTT,2,0.3,1,1136,67,682,34,Source+Target,arc labels,,0.49857587646426427,0.05,0.014925373134328358
Right,random,Ang,HTL,PTT,2,0.3,1,1136,67,682,34,COT,arc labels,,0.4168423551093922,0.04672897196261682,0.5970149253731343
Right,random,Ang,HTL,PTT,2,0.3,1,1136,67,682,34,none-Ang-HS4,arc labels,,0.4985549334710917,0.05405405405405406,0.029850746268656716
Right,random,Ang,HTL,PTT,2,0.3,1,1136,67,682,34,none-Ang-HSsrc,nothing,,0.500893567708697,0.0625,0.029850746268656716
Right,random,Ang,HTL,PTT,2,0.3,1,1136,67,682,34,none-Ang-PCA,arc segments,8.0,0.4948131186909233,0.044444444444444446,0.029850746268656716
Right,random,Ang,HTL,PTT,2,0.3,1,1136,67,682,34,QOTu-Ang-HS4,arc labels,,0.4807394272789467,0.03669724770642202,0.05970149253731343
Right,random,Ang,HTL,PTT,2,0.3,1,1136,67,682,34,QOTu-Ang-HSsrc,arc segments,,0.473723524566131,0.03225806451612903,0.05970149253731343
Right,random,Ang,HTL,PTT,2,0.3,1,1136,67,682,34,QOTu-Ang-PCA,arc segments,32.0,0.5162028957178559,0.07920792079207921,0.11940298507462686
Right,random,Ang,HTL,PTT,2,0.3,1,1136,67,682,34,QOTc-Ang-HS4,arc labels,,0.669198441841308,0.24778761061946902,0.417910447761194
Right,random,Ang,HTL,PTT,2,0.3,1,1136,67,682,34,QOTc-Ang-HSsrc,arc labels,,0.6569956578194156,0.17341040462427745,0.44776119402985076
Right,random,Ang,HTL,PTT,2,0.3,1,1136,67,682,34,QOTc-Ang-PCA,arc labels,64.0,0.6153679683900423,0.11450381679389313,0.44776119402985076
Right,random,Ang,HTL,PTT,2,0.3,1,1136,67,682,34,SDM-Ang-HS4,arc labels,,0.646831325132988,0.25806451612903225,0.3582089552238806
Right,random,Ang,HTL,PTT,2,0.3,1,1136,67,682,34,SDM-Ang-HSsrc,arc labels,,0.6045893079038855,0.10264900662251655,0.4626865671641791
Right,random,Ang,HTL,PTT,2,0.3,1,1136,67,682,34,SDM-Ang-PCA,arc labels,64.0,0.4518101727098837,0.04665314401622718,0.34328358208955223
Right,random,Ang,HTL,PTT,2,0.5,1,1136,67,1112,54,NoAdapt,nothing,,0.503190315959957,0.06557377049180328,0.05970149253731343
Right,random,Ang,HTL,PTT,2,0.5,1,1136,67,1112,54,TargetOnly,arc labels,,0.4984083325188836,0.057692307692307696,0.13432835820895522
Right,random,Ang,HTL,PTT,2,0.5,1,1136,67,1112,54,Source+Target,arc labels,,0.5106948885134663,0.10714285714285714,0.04477611940298507
Right,random,Ang,HTL,PTT,2,0.5,1,1136,67,1112,54,COT,arc labels,,0.42947097999246053,0.04825090470446321,0.5970149253731343
Right,random,Ang,HTL,PTT,2,0.5,1,1136,67,1112,54,none-Ang-HS4,arc labels,,0.5055498931907348,0.07692307692307693,0.04477611940298507
Right,random,Ang,HTL,PTT,2,0.5,1,1136,67,1112,54,none-Ang-HSsrc,nothing,,0.500893567708697,0.0625,0.029850746268656716
Right,random,Ang,HTL,PTT,2,0.5,1,1136,67,1112,54,none-Ang-PCA,arc segments,8.0,0.4929422113008391,0.04081632653061224,0.029850746268656716
Right,random,Ang,HTL,PTT,2,0.5,1,1136,67,1112,54,QOTu-Ang-HS4,arc labels,,0.4891585105343255,0.04395604395604396,0.05970149253731343
Right,random,Ang,HTL,PTT,2,0.5,1,1136,67,1112,54,QOTu-Ang-HSsrc,arc segments,,0.473723524566131,0.03225806451612903,0.05970149253731343
Right,random,Ang,HTL,PTT,2,0.5,1,1136,67,1112,54,QOTu-Ang-PCA,arc segments,32.0,0.5110579003951244,0.07142857142857142,0.11940298507462686
Right,random,Ang,HTL,PTT,2,0.5,1,1136,67,1112,54,QOTc-Ang-HS4,arc labels,,0.6761934015609511,0.25217391304347825,0.43283582089552236
Right,random,Ang,HTL,PTT,2,0.5,1,1136,67,1112,54,QOTc-Ang-HSsrc,arc labels,,0.6462379403264314,0.15306122448979592,0.44776119402985076
Right,random,Ang,HTL,PTT,2,0.5,1,1136,67,1112,54,QOTc-Ang-PCA,arc labels,64.0,0.6185792273431718,0.10784313725490197,0.4925373134328358
Right,random,Ang,HTL,PTT,2,0.5,1,1136,67,1112,54,SDM-Ang-HS4,arc labels,,0.5931055666475853,0.1337579617834395,0.31343283582089554
Right,random,Ang,HTL,PTT,2,0.5,1,1136,67,1112,54,SDM-Ang-HSsrc,arc labels,,0.6031861273613225,0.10163934426229508,0.4626865671641791
Right,random,Ang,HTL,PTT,2,0.5,1,1136,67,1112,54,SDM-Ang-PCA,arc labels,64.0,0.4814445080490904,0.05102040816326531,0.22388059701492538
Right,random,Ang,HTL,PTT,3,0.05,1,1136,53,114,6,NoAdapt,nothing,,0.5141901426854126,0.07272727272727272,0.07547169811320754
Right,random,Ang,HTL,PTT,3,0.05,1,1136,53,114,6,TargetOnly,arc labels,,0.5535723618878378,0.20588235294117646,0.1320754716981132
Right,random,Ang,HTL,PTT,3,0.05,1,1136,53,114,6,Source+Target,arc labels,,0.49650690778584994,0.034482758620689655,0.018867924528301886
Right,random,Ang,HTL,PTT,3,0.05,1,1136,53,114,6,COT,arc labels,,0.5865694524294849,0.11194029850746269,0.2830188679245283
Right,random,Ang,HTL,PTT,3,0.05,1,1136,53,114,6,none-Ang-HS4,arc labels,,0.5077875921183296,0.07692307692307693,0.03773584905660377
Right,random,Ang,HTL,PTT,3,0.05,1,1136,53,114,6,none-Ang-HSsrc,nothing,,0.5059408700500009,0.06666666666666667,0.03773584905660377
Right,random,Ang,HTL,PTT,3,0.05,1,1136,53,114,6,none-Ang-PCA,arc segments,32.0,0.4153905120298263,0.01486988847583643,0.07547169811320754
Right,random,Ang,HTL,PTT,3,0.05,1,1136,53,114,6,QOTu-Ang-HS4,arc labels,,0.497830972665029,0.043478260869565216,0.05660377358490566
Right,random,Ang,HTL,PTT,3,0.05,1,1136,53,114,6,QOTu-Ang-HSsrc,arc segments,,0.484180909075071,0.03333333333333333,0.07547169811320754
Right,random,Ang,HTL,PTT,3,0.05,1,1136,53,114,6,QOTu-Ang-PCA,arc segments,32.0,0.5616996811791146,0.0896551724137931,0.24528301886792453
Right,random,Ang,HTL,PTT,3,0.05,1,1136,53,114,6,QOTc-Ang-HS4,arc labels,,0.6440181884701824,0.5161290322580645,0.3018867924528302
Right,random,Ang,HTL,PTT,3,0.05,1,1136,53,114,6,QOTc-Ang-HSsrc,arc labels,,0.6299064443631422,0.20481927710843373,0.32075471698113206
Right,random,Ang,HTL,PTT,3,0.05,1,1136,53,114,6,QOTc-Ang-PCA,arc labels,64.0,0.5045558284987544,0.06060606060606061,0.03773584905660377
Right,random,Ang,HTL,PTT,3,0.05,1,1136,53,114,6,SDM-Ang-HS4,arc labels,,0.6444798689872646,0.5333333333333333,0.3018867924528302
Right,random,Ang,HTL,PTT,3,0.05,1,1136,53,114,6,SDM-Ang-HSsrc,arc labels,,0.6260126483039774,0.22857142857142856,0.3018867924528302
Right,random,Ang,HTL,PTT,3,0.05,1,1136,53,114,6,SDM-Ang-PCA,arc labels,64.0,0.5144514712799875,0.09090909090909091,0.05660377358490566
Right,random,Ang,HTL,PTT,3,0.1,1,1136,53,227,12,NoAdapt,nothing,,0.5141901426854126,0.07272727272727272,0.07547169811320754
Right,random,Ang,HTL,PTT,3,0.1,1,1136,53,227,12,TargetOnly,arc labels,,0.49993902332793255,0.046511627906976744,0.03773584905660377
Right,random,Ang,HTL,PTT,3,0.1,1,1136,53,227,12,Source+Target,arc labels,,0.499276990888343,0.043478260869565216,0.018867924528301886
Right,random,Ang,HTL,PTT,3,0.1,1,1136,53,227,12,COT,arc labels,,0.47973832296729907,0.04251012145748988,0.39622641509433965
Right,random,Ang,HTL,PTT,3,0.1,1,1136,53,227,12,none-Ang-HS4,arc labels,,0.5059408700500009,0.06666666666666667,0.03773584905660377
Right,random,Ang,HTL,PTT,3,0.1,1,1136,53,227,12,none-Ang-HSsrc,nothing,,0.5059408700500009,0.06666666666666667,0.03773584905660377
Right,random,Ang,HTL,PTT,3,0.1,1,1136,53,227,12,none-Ang-PCA,arc segments,32.0,0.4135437899614976,0.014652014652014652,0.07547169811320754
Right,random,Ang,HTL,PTT,3,0.1,1,1136,53,227,12,QOTu-Ang-HS4,arc labels,,0.4984930051046185,0.0449438202247191,0.07547169811320754
Right,random,Ang,HTL,PTT,3,0.1,1,1136,53,227,12,QOTu-Ang-HSsrc,arc segments,,0.48233418700674224,0.03225806451612903,0.07547169811320754
Right,random,Ang,HTL,PTT,3,0.1,1,1136,53,227,12,QOTu-Ang-PCA,arc segments,32.0,0.569748601892019,0.09395973154362416,0.2641509433962264
Right,random,Ang,HTL,PTT,3,0.1,1,1136,53,227,12,QOTc-Ang-HS4,arc labels,,0.6603163818184986,0.31666666666666665,0.3584905660377358
Right,random,Ang,HTL,PTT,3,0.1,1,1136,53,227,12,QOTc-Ang-HSsrc,arc labels,,0.6344012961898291,0.1320754716981132,0.39622641509433965
Right,random,Ang,HTL,PTT,3,0.1,1,1136,53,227,12,QOTc-Ang-PCA,arc labels,64.0,0.6505339814282478,0.07922912205567452,0.6981132075471698
Right,random,Ang,HTL,PTT,3,0.1,1,1136,53,227,12,SDM-Ang-HS4,arc labels,,0.6202111535044165,0.16346153846153846,0.32075471698113206
Right,random,Ang,HTL,PTT,3,0.1,1,1136,53,227,12,SDM-Ang-HSsrc,arc labels,,0.6268924545723793,0.09578544061302682,0.4716981132075472
Right,random,Ang,HTL,PTT,3,0.1,1,1136,53,227,12,SDM-Ang-PCA,arc labels,64.0,0.5856635133016255,0.07692307692307693,0.41509433962264153
Right,random,Ang,HTL,PTT,3,0.2,1,1136,53,454,23,NoAdapt,nothing,,0.5141901426854126,0.07272727272727272,0.07547169811320754
Right,random,Ang,HTL,PTT,3,0.2,1,1136,53,454,23,TargetOnly,arc labels,,0.5050175090158365,0.0625,0.03773584905660377
Right,random,Ang,HTL,PTT,3,0.2,1,1136,53,454,23,Source+Target,arc labels,,0.5038937960591648,0.07692307692307693,0.018867924528301886
Right,random,Ang,HTL,PTT,3,0.2,1,1136,53,454,23,COT,arc labels,,0.5152877227826269,0.050359712230215826,0.39622641509433965
Right,random,Ang,HTL,PTT,3,0.2,1,1136,53,454,23,none-Ang-HS4,arc labels,,0.506402550567083,0.06896551724137931,0.03773584905660377
Right,random,Ang,HTL,PTT,3,0.2,1,1136,53,454,23,none-Ang-HSsrc,nothing,,0.5059408700500009,0.06666666666666667,0.03773584905660377
Right,random,Ang,HTL,PTT,3,0.2,1,1136,53,454,23,none-Ang-PCA,arc segments,32.0,0.4140054704785798,0.014705882352941176,0.07547169811320754
Right,random,Ang,HTL,PTT,3,0.2,1,1136,53,454,23,QOTu-Ang-HS4,arc labels,,0.4932141674942072,0.0379746835443038,0.05660377358490566
Right,random,Ang,HTL,PTT,3,0.2,1,1136,53,454,23,QOTu-Ang-HSsrc,arc segments,,0.4846425895921532,0.03361344537815126,0.07547169811320754
Right,random,Ang,HTL,PTT,3,0.2,1,1136,53,454,23,QOTu-Ang-PCA,arc segments,32.0,0.5103747452046203,0.053691275167785234,0.1509433962264151
Right,random,Ang,HTL,PTT,3,0.2,1,1136,53,454,23,QOTc-Ang-HS4,arc labels,,0.6819543894492935,0.375,0.39622641509433965
Right,random,Ang,HTL,PTT,3,0.2,1,1136,53,454,23,QOTc-Ang-HSsrc,arc labels,,0.6162563807731842,0.13432835820895522,0.33962264150943394
Right,random,Ang,HTL,PTT,3,0.2,1,1136,53,454,23,QOTc-Ang-PCA,arc labels,64.0,0.6429118974198157,0.13580246913580246,0.41509433962264153
Right,random,Ang,HTL,PTT,3,0.2,1,1136,53,454,23,SDM-Ang-HS4,arc labels,,0.515836512831234,0.1,0.05660377358490566
Right,random,Ang,HTL,PTT,3,0.2,1,1136,53,454,23,SDM-Ang-HSsrc,arc labels,,0.6154114183173923,0.09465020576131687,0.4339622641509434
Right,random,Ang,HTL,PTT,3,0.2,1,1136,53,454,23,SDM-Ang-PCA,arc labels,64.0,0.605054095019077,0.09016393442622951,0.41509433962264153
Right,random,Ang,HTL,PTT,3,0.3,1,1136,53,682,37,NoAdapt,nothing,,0.5141901426854126,0.07272727272727272,0.07547169811320754
Right,random,Ang,HTL,PTT,3,0.3,1,1136,53,682,37,TargetOnly,arc labels,,0.5298263035941393,0.09375,0.11320754716981132
Right,random,Ang,HTL,PTT,3,0.3,1,1136,53,682,37,Source+Target,arc labels,,0.501585393473754,0.05555555555555555,0.018867924528301886
Right,random,Ang,HTL,PTT,3,0.3,1,1136,53,682,37,COT,arc labels,,0.38741964145716823,0.03317535545023697,0.5283018867924528
Right,random,Ang,HTL,PTT,3,0.3,1,1136,53,682,37,none-Ang-HS4,arc labels,,0.5059408700500009,0.06666666666666667,0.03773584905660377
Right,random,Ang,HTL,PTT,3,0.3,1,1136,53,682,37,none-Ang-HSsrc,nothing,,0.5059408700500009,0.06666666666666667,0.03773584905660377
Right,random,Ang,HTL,PTT,3,0.3,1,1136,53,682,37,none-Ang-PCA,arc segments,32.0,0.4130821094444154,0.014598540145985401,0.07547169811320754
Right,random,Ang,HTL,PTT,3,0.3,1,1136,53,682,37,QOTu-Ang-HS4,arc labels,,0.4989546856217007,0.045454545454545456,0.07547169811320754
Right,random,Ang,HTL,PTT,3,0.3,1,1136,53,682,37,QOTu-Ang-HSsrc,arc segments,,0.48325754804090665,0.03278688524590164,0.07547169811320754
Right,random,Ang,HTL,PTT,3,0.3,1,1136,53,682,37,QOTu-Ang-PCA,arc segments,32.0,0.5395999930312375,0.07333333333333333,0.20754716981132076
Right,random,Ang,HTL,PTT,3,0.3,1,1136,53,682,37,QOTc-Ang-HS4,arc labels,,0.6662572518684995,0.23333333333333334,0.39622641509433965
Right,random,Ang,HTL,PTT,3,0.3,1,1136,53,682,37,QOTc-Ang-HSsrc,arc labels,,0.6535305493127058,0.15827338129496402,0.41509433962264153
Right,random,Ang,HTL,PTT,3,0.3,1,1136,53,682,37,QOTc-Ang-PCA,arc labels,64.0,0.5005575010017597,0.046875,0.22641509433962265
Right,random,Ang,HTL,PTT,3,0.3,1,1136,53,682,37,SDM-Ang-HS4,arc labels,,0.6895416296451158,0.36065573770491804,0.41509433962264153
Right,random,Ang,HTL,PTT,3,0.3,1,1136,53,682,37,SDM-Ang-HSsrc,arc labels,,0.6131030157319814,0.09274193548387097,0.4339622641509434
Right,random,Ang,HTL,PTT,3,0.3,1,1136,53,682,37,SDM-Ang-PCA,arc labels,64.0,0.6290614819073503,0.11458333333333333,0.41509433962264153
Right,random,Ang,HTL,PTT,3,0.5,1,1136,53,1112,68,NoAdapt,nothing,,0.5141901426854126,0.07272727272727272,0.07547169811320754
Right,random,Ang,HTL,PTT,3,0.5,1,1136,53,1112,68,TargetOnly,arc labels,,0.6211954912106483,0.2542372881355932,0.2830188679245283
Right,random,Ang,HTL,PTT,3,0.5,1,1136,53,1112,68,Source+Target,arc labels,,0.5087109531524939,0.08333333333333333,0.03773584905660377
Right,random,Ang,HTL,PTT,3,0.5,1,1136,53,1112,68,COT,arc labels,,0.49166361783306334,0.0443213296398892,0.3018867924528302
Right,random,Ang,HTL,PTT,3,0.5,1,1136,53,1112,68,none-Ang-HS4,arc labels,,0.5105576752208227,0.1,0.03773584905660377
Right,random,Ang,HTL,PTT,3,0.5,1,1136,53,1112,68,none-Ang-HSsrc,nothing,,0.5059408700500009,0.06666666666666667,0.03773584905660377
Right,random,Ang,HTL,PTT,3,0.5,1,1136,53,1112,68,none-Ang-PCA,arc segments,4.0,0.4879353298837959,0.028985507246376812,0.03773584905660377
Right,random,Ang,HTL,PTT,3,0.5,1,1136,53,1112,68,QOTu-Ang-HS4,arc labels,,0.4994163661387829,0.04597701149425287,0.07547169811320754
Right,random,Ang,HTL,PTT,3,0.5,1,1136,53,1112,68,QOTu-Ang-HSsrc,arc segments,,0.48325754804090665,0.03278688524590164,0.07547169811320754
Right,random,Ang,HTL,PTT,3,0.5,1,1136,53,1112,68,QOTu-Ang-PCA,arc segments,16.0,0.4855659506263175,0.03418803418803419,0.07547169811320754
Right,random,Ang,HTL,PTT,3,0.5,1,1136,53,1112,68,QOTc-Ang-HS4,arc labels,,0.6657955713514172,0.23076923076923078,0.39622641509433965
Right,random,Ang,HTL,PTT,3,0.5,1,1136,53,1112,68,QOTc-Ang-HSsrc,arc labels,,0.6320928936044182,0.12804878048780488,0.39622641509433965
Right,random,Ang,HTL,PTT,3,0.5,1,1136,53,1112,68,QOTc-Ang-PCA,arc labels,64.0,0.6094879701736964,0.07713498622589532,0.5283018867924528
Right,random,Ang,HTL,PTT,3,0.5,1,1136,53,1112,68,SDM-Ang-HS4,arc labels,,0.6819543894492935,0.375,0.39622641509433965
Right,random,Ang,HTL,PTT,3,0.5,1,1136,53,1112,68,SDM-Ang-HSsrc,arc labels,,0.5967438457115978,0.08396946564885496,0.41509433962264153
Right,random,Ang,HTL,PTT,3,0.5,1,1136,53,1112,68,SDM-Ang-PCA,arc labels,64.0,0.6543929336748027,0.13333333333333333,0.4528301886792453
Right,random,Ang,HTL,PTT,4,0.05,1,1136,51,114,7,NoAdapt,nothing,,0.51097858498238,0.06976744186046512,0.058823529411764705
Right,random,Ang,HTL,PTT,4,0.05,1,1136,51,114,7,TargetOnly,arc labels,,0.6667931688804554,0.46153846153846156,0.35294117647058826
Right,random,Ang,HTL,PTT,4,0.05,1,1136,51,114,7,Source+Target,arc labels,,0.49032258064516127,0.0,0.0
Right,random,Ang,HTL,PTT,4,0.05,1,1136,51,114,7,COT,arc labels,,0.6669196710942442,0.3114754098360656,0.37254901960784315
Right,random,Ang,HTL,PTT,4,0.05,1,1136,51,114,7,none-Ang-HS4,arc labels,,0.5117737417547664,0.10526315789473684,0.0392156862745098
Right,random,Ang,HTL,PTT,4,0.05,1,1136,51,114,7,none-Ang-HSsrc,nothing,,0.502891479172314,0.0625,0.0196078431372549
Right,random,Ang,HTL,PTT,4,0.05,1,1136,51,114,7,none-Ang-PCA,arc segments,4.0,0.5010481611999639,0.05,0.0196078431372549
Right,random,Ang,HTL,PTT,4,0.05,1,1136,51,114,7,QOTu-Ang-HS4,arc labels,,0.512948405168519,0.06557377049180328,0.0784313725490196
Right,random,Ang,HTL,PTT,4,0.05,1,1136,51,114,7,QOTu-Ang-HSsrc,arc segments,,0.4891930965934761,0.029411764705882353,0.0392156862745098
Right,random,Ang,HTL,PTT,4,0.05,1,1136,51,114,7,QOTu-Ang-PCA,arc segments,4.0,0.4477184422155959,0.012658227848101266,0.0392156862745098
Right,random,Ang,HTL,PTT,4,0.05,1,1136,51,114,7,QOTc-Ang-HS4,arc labels,,0.7004789012379145,0.4,0.43137254901960786
Right,random,Ang,HTL,PTT,4,0.05,1,1136,51,114,7,QOTc-Ang-HSsrc,arc labels,,0.6436251920122887,0.2537313432835821,0.3333333333333333
Right,random,Ang,HTL,PTT,4,0.05,1,1136,51,114,7,QOTc-Ang-PCA,arc labels,64.0,0.6678413300804193,0.3220338983050847,0.37254901960784315
Right,random,Ang,HTL,PTT,4,0.05,1,1136,51,114,7,SDM-Ang-HS4,arc labels,,0.6738321134905575,0.41304347826086957,0.37254901960784315
Right,random,Ang,HTL,PTT,4,0.05,1,1136,51,114,7,SDM-Ang-HSsrc,arc labels,,0.6468961778259691,0.14093959731543623,0.4117647058823529
Right,random,Ang,HTL,PTT,4,0.05,1,1136,51,114,7,SDM-Ang-PCA,arc labels,64.0,0.6678413300804193,0.3220338983050847,0.37254901960784315
Right,random,Ang,HTL,PTT,4,0.1,1,1136,51,227,15,NoAdapt,nothing,,0.51097858498238,0.06976744186046512,0.058823529411764705
Right,random,Ang,HTL,PTT,4,0.1,1,1136,51,227,15,TargetOnly,arc labels,,0.6794885696213969,0.35714285714285715,0.39215686274509803
Right,random,Ang,HTL,PTT,4,0.1,1,1136,51,227,15,Source+Target,arc labels,,0.4926267281105991,0.0,0.0
Right,random,Ang,HTL,PTT,4,0.1,1,1136,51,227,15,COT,arc labels,,0.6187403993855607,0.14049586776859505,0.3333333333333333
Right,random,Ang,HTL,PTT,4,0.1,1,1136,51,227,15,none-Ang-HS4,arc labels,,0.5042739676515767,0.07692307692307693,0.0196078431372549
Right,random,Ang,HTL,PTT,4,0.1,1,1136,51,227,15,none-Ang-HSsrc,nothing,,0.502891479172314,0.0625,0.0196078431372549
Right,random,Ang,HTL,PTT,4,0.1,1,1136,51,227,15,none-Ang-PCA,arc segments,32.0,0.4120267461823439,0.014285714285714285,0.0784313725490196
Right,random,Ang,HTL,PTT,4,0.1,1,1136,51,227,15,QOTu-Ang-HS4,arc labels,,0.49933134544140234,0.043478260869565216,0.0392156862745098
Right,random,Ang,HTL,PTT,4,0.1,1,1136,51,227,15,QOTu-Ang-HSsrc,arc segments,,0.48827143760730096,0.02857142857142857,0.0392156862745098
Right,random,Ang,HTL,PTT,4,0.1,1,1136,51,227,15,QOTu-Ang-PCA,arc segments,32.0,0.5828770217764525,0.10606060606060606,0.27450980392156865
Right,random,Ang,HTL,PTT,4,0.1,1,1136,51,227,15,QOTc-Ang-HS4,arc labels,,0.6972530947863016,0.3548387096774194,0.43137254901960786
Right,random,Ang,HTL,PTT,4,0.1,1,1136,51,227,15,QOTc-Ang-HSsrc,arc labels,,0.6587964217945242,0.12631578947368421,0.47058823529411764
Right,random,Ang,HTL,PTT,4,0.1,1,1136,51,227,15,QOTc-Ang-PCA,arc labels,64.0,0.6341646335953737,0.09027777777777778,0.5098039215686274
Right,random,Ang,HTL,PTT,4,0.1,1,1136,51,227,15,SDM-Ang-HS4,arc labels,,0.6631065329357549,0.3829787234042553,0.35294117647058826
Right,random,Ang,HTL,PTT,4,0.1,1,1136,51,227,15,SDM-Ang-HSsrc,arc labels,,0.6587964217945242,0.12631578947368421,0.47058823529411764
Right,random,Ang,HTL,PTT,4,0.1,1,1136,51,227,15,SDM-Ang-PCA,arc labels,64.0,0.6458480166260052,0.15503875968992248,0.39215686274509803
Right,random,Ang,HTL,PTT,4,0.2,1,1136,51,454,29,NoAdapt,nothing,,0.51097858498238,0.06976744186046512,0.058823529411764705
Right,random,Ang,HTL,PTT,4,0.2,1,1136,51,454,29,TargetOnly,arc labels,,0.6318514502575223,0.3125,0.29411764705882354
Right,random,Ang,HTL,PTT,4,0.2,1,1136,51,454,29,Source+Target,arc labels,,0.4949308755760369,0.0,0.0
Right,random,Ang,HTL,PTT,4,0.2,1,1136,51,454,29,COT,arc labels,,0.5468509984639017,0.061371841155234655,0.3333333333333333
Right,random,Ang,HTL,PTT,4,0.2,1,1136,51,454,29,none-Ang-HS4,arc labels,,0.501969820186139,0.05555555555555555,0.0196078431372549
Right,random,Ang,HTL,PTT,4,0.2,1,1136,51,454,29,none-Ang-HSsrc,nothing,,0.502891479172314,0.0625,0.0196078431372549
Right,random,Ang,HTL,PTT,4,0.2,1,1136,51,454,29,none-Ang-PCA,arc segments,32.0,0.4106442577030812,0.014134275618374558,0.0784313725490196
Right,random,Ang,HTL,PTT,4,0.2,1,1136,51,454,29,QOTu-Ang-HS4,arc labels,,0.49518388000361435,0.03636363636363636,0.0392156862745098
Right,random,Ang,HTL,PTT,4,0.2,1,1136,51,454,29,QOTu-Ang-HSsrc,arc segments,,0.4891930965934761,0.029411764705882353,0.0392156862745098
Right,random,Ang,HTL,PTT,4,0.2,1,1136,51,454,29,QOTu-Ang-PCA,arc segments,8.0,0.6288786482334869,0.1717171717171717,0.3333333333333333
Right,random,Ang,HTL,PTT,4,0.2,1,1136,51,454,29,QOTc-Ang-HS4,arc labels,,0.6673805005873317,0.31666666666666665,0.37254901960784315
Right,random,Ang,HTL,PTT,4,0.2,1,1136,51,454,29,QOTc-Ang-HSsrc,arc labels,,0.6624378783771573,0.21505376344086022,0.39215686274509803
Right,random,Ang,HTL,PTT,4,0.2,1,1136,51,454,29,QOTc-Ang-PCA,arc labels,64.0,0.6519291587602783,0.09523809523809523,0.5490196078431373
Right,random,Ang,HTL,PTT,4,0.2,1,1136,51,454,29,SDM-Ang-HS4,arc labels,,0.6321044546850998,0.18478260869565216,0.3333333333333333
Right,random,Ang,HTL,PTT,4,0.2,1,1136,51,454,29,SDM-Ang-HSsrc,arc labels,,0.6468961778259691,0.14093959731543623,0.4117647058823529
Right,random,Ang,HTL,PTT,4,0.2,1,1136,51,454,29,SDM-Ang-PCA,arc labels,64.0,0.648152164091443,0.16129032258064516,0.39215686274509803
Right,random,Ang,HTL,PTT,4,0.3,1,1136,51,682,41,NoAdapt,nothing,,0.51097858498238,0.06976744186046512,0.058823529411764705
Right,random,Ang,HTL,PTT,4,0.3,1,1136,51,682,41,TargetOnly,arc labels,,0.5374988705159484,0.16666666666666666,0.09803921568627451
Right,random,Ang,HTL,PTT,4,0.3,1,1136,51,682,41,Source+Target,arc labels,,0.49539170506912444,0.0,0.0
Right,random,Ang,HTL,PTT,4,0.3,1,1136,51,682,41,COT,arc labels,,0.5609288876841059,0.06529209621993128,0.37254901960784315
Right,random,Ang,HTL,PTT,4,0.3,1,1136,51,682,41,none-Ang-HS4,arc labels,,0.5042739676515767,0.07692307692307693,0.0196078431372549
Right,random,Ang,HTL,PTT,4,0.3,1,1136,51,682,41,none-Ang-HSsrc,nothing,,0.502891479172314,0.0625,0.0196078431372549
Right,random,Ang,HTL,PTT,4,0.3,1,1136,51,682,41,none-Ang-PCA,arc segments,32.0,0.4382127044366133,0.02413793103448276,0.13725490196078433
Right,random,Ang,HTL,PTT,4,0.3,1,1136,51,682,41,QOTu-Ang-HS4,arc labels,,0.5025571518930153,0.05128205128205128,0.0392156862745098
Right,random,Ang,HTL,PTT,4,0.3,1,1136,51,682,41,QOTu-Ang-HSsrc,arc segments,,0.4891930965934761,0.029411764705882353,0.0392156862745098
Right,random,Ang,HTL,PTT,4,0.3,1,1136,51,682,41,QOTu-Ang-PCA,arc segments,8.0,0.6228878648233487,0.15178571428571427,0.3333333333333333
Right,random,Ang,HTL,PTT,4,0.3,1,1136,51,682,41,QOTc-Ang-HS4,arc labels,,0.6977139242793892,0.36065573770491804,0.43137254901960786
Right,random,Ang,HTL,PTT,4,0.3,1,1136,51,682,41,QOTc-Ang-HSsrc,arc labels,,0.6492003252914069,0.14583333333333334,0.4117647058823529
Right,random,Ang,HTL,PTT,4,0.3,1,1136,51,682,41,QOTc-Ang-PCA,arc labels,64.0,0.55528146742568,0.055133079847908745,0.5686274509803921
Right,random,Ang,HTL,PTT,4,0.3,1,1136,51,682,41,SDM-Ang-HS4,arc labels,,0.6594198969910545,0.32727272727272727,0.35294117647058826
Right,random,Ang,HTL,PTT,4,0.3,1,1136,51,682,41,SDM-Ang-HSsrc,arc labels,,0.6639920484322761,0.12437810945273632,0.49019607843137253
Right,random,Ang,HTL,PTT,4,0.3,1,1136,51,682,41,SDM-Ang-PCA,arc labels,64.0,0.6649950302701726,0.16666666666666666,0.43137254901960786
Right,random,Ang,HTL,PTT,4,0.5,1,1136,51,1114,69,NoAdapt,nothing,,0.51097858498238,0.06976744186046512,0.058823529411764705
Right,random,Ang,HTL,PTT,4,0.5,1,1136,51,1114,69,TargetOnly,arc labels,,0.6742929429836451,0.4222222222222222,0.37254901960784315
Right,random,Ang,HTL,PTT,4,0.5,1,1136,51,1114,69,Source+Target,arc labels,,0.5051956266377519,0.09090909090909091,0.0196078431372549
Right,random,Ang,HTL,PTT,4,0.5,1,1136,51,1114,69,COT,arc labels,,0.6869070208728653,0.18604651162790697,0.47058823529411764
Right,random,Ang,HTL,PTT,4,0.5,1,1136,51,1114,69,none-Ang-HS4,arc labels,,0.501969820186139,0.05555555555555555,0.0196078431372549
Right,random,Ang,HTL,PTT,4,0.5,1,1136,51,1114,69,none-Ang-HSsrc,nothing,,0.502891479172314,0.0625,0.0196078431372549
Right,random,Ang,HTL,PTT,4,0.5,1,1136,51,1114,69,none-Ang-PCA,arc segments,32.0,0.49254540525887774,0.03614457831325301,0.058823529411764705
Right,random,Ang,HTL,PTT,4,0.5,1,1136,51,1114,69,QOTu-Ang-HS4,arc labels,,0.5025571518930153,0.05128205128205128,0.0392156862745098
Right,random,Ang,HTL,PTT,4,0.5,1,1136,51,1114,69,QOTu-Ang-HSsrc,arc segments,,0.4891930965934761,0.029411764705882353,0.0392156862745098
Right,random,Ang,HTL,PTT,4,0.5,1,1136,51,1114,69,QOTu-Ang-PCA,arc segments,8.0,0.6172314086925093,0.1568627450980392,0.3137254901960784
Right,random,Ang,HTL,PTT,4,0.5,1,1136,51,1114,69,QOTc-Ang-HS4,arc labels,,0.6888316616969368,0.3620689655172414,0.4117647058823529
Right,random,Ang,HTL,PTT,4,0.5,1,1136,51,1114,69,QOTc-Ang-HSsrc,arc labels,,0.49933134544140234,0.043478260869565216,0.0392156862745098
Right,random,Ang,HTL,PTT,4,0.5,1,1136,51,1114,69,QOTc-Ang-PCA,arc labels,64.0,0.6262492093611638,0.07795698924731183,0.5686274509803921
Right,random,Ang,HTL,PTT,4,0.5,1,1136,51,1114,69,SDM-Ang-HS4,arc labels,,0.6888316616969368,0.3620689655172414,0.4117647058823529
Right,random,Ang,HTL,PTT,4,0.5,1,1136,51,1114,69,SDM-Ang-HSsrc,arc labels,,0.6464353483328815,0.14,0.4117647058823529
Right,random,Ang,HTL,PTT,4,0.5,1,1136,51,1114,69,SDM-Ang-PCA,arc labels,64.0,0.6536007951567724,0.12849162011173185,0.45098039215686275
Right,random,Ang,HTL,PTT,5,0.05,1,1136,19,114,14,NoAdapt,nothing,,0.4932855863921218,0.0,0.0
Right,random,Ang,HTL,PTT,5,0.05,1,1136,19,114,14,TargetOnly,arc labels,,0.4816472694717995,0.0,0.0
Right,random,Ang,HTL,PTT,5,0.05,1,1136,19,114,14,Source+Target,arc labels,,0.4955237242614145,0.0,0.0
Right,random,Ang,HTL,PTT,5,0.05,1,1136,19,114,14,COT,arc labels,,0.44677943740281767,0.0136986301369863,0.47368421052631576
Right,random,Ang,HTL,PTT,5,0.05,1,1136,19,114,14,none-Ang-HS4,arc labels,,0.495076096687556,0.0,0.0
Right,random,Ang,HTL,PTT,5,0.05,1,1136,19,114,14,none-Ang-HSsrc,nothing,,0.4982094897045658,0.0,0.0
Right,random,Ang,HTL,PTT,5,0.05,1,1136,19,114,14,none-Ang-PCA,arc segments,32.0,0.4930971116241813,0.014814814814814815,0.10526315789473684
Right,random,Ang,HTL,PTT,5,0.05,1,1136,19,114,14,QOTu-Ang-HS4,arc labels,,0.486123545210385,0.0,0.0
Right,random,Ang,HTL,PTT,5,0.05,1,1136,19,114,14,QOTu-Ang-HSsrc,arc segments,,0.4901521933751119,0.0,0.0
Right,random,Ang,HTL,PTT,5,0.05,1,1136,19,114,14,QOTu-Ang-PCA,arc segments,8.0,0.4946284691136974,0.0,0.0
Right,random,Ang,HTL,PTT,5,0.05,1,1136,19,114,14,QOTc-Ang-HS4,arc labels,,0.4565801253357207,0.0,0.0
Right,random,Ang,HTL,PTT,5,0.05,1,1136,19,114,14,QOTc-Ang-HSsrc,arc labels,,0.4749328558639212,0.0,0.0
Right,random,Ang,HTL,PTT,5,0.05,1,1136,19,114,14,QOTc-Ang-PCA,arc labels,64.0,0.44161994063044807,0.008,0.10526315789473684
Right,random,Ang,HTL,PTT,5,0.05,1,1136,19,114,14,SDM-Ang-HS4,arc labels,,0.4964189794091316,0.0,0.0
Right,random,Ang,HTL,PTT,5,0.05,1,1136,19,114,14,SDM-Ang-HSsrc,arc labels,,0.5650709136314376,0.08823529411764706,0.15789473684210525
Right,random,Ang,HTL,PTT,5,0.05,1,1136,19,114,14,SDM-Ang-PCA,arc labels,64.0,0.4011449842152382,0.008695652173913044,0.21052631578947367
Right,random,Ang,HTL,PTT,5,0.1,1,1136,19,227,26,NoAdapt,nothing,,0.4932855863921218,0.0,0.0
Right,random,Ang,HTL,PTT,5,0.1,1,1136,19,227,26,TargetOnly,arc labels,,0.4583706356311549,0.0,0.0
Right,random,Ang,HTL,PTT,5,0.1,1,1136,19,227,26,Source+Target,arc labels,,0.4977618621307073,0.0,0.0
Right,random,Ang,HTL,PTT,5,0.1,1,1136,19,227,26,COT,arc labels,,0.5351505442208924,0.020588235294117647,0.3684210526315789
Right,random,Ang,HTL,PTT,5,0.1,1,1136,19,227,26,none-Ang-HS4,arc labels,,0.495076096687556,0.0,0.0
Right,random,Ang,HTL,PTT,5,0.1,1,1136,19,227,26,none-Ang-HSsrc,nothing,,0.4982094897045658,0.0,0.0
Right,random,Ang,HTL,PTT,5,0.1,1,1136,19,227,26,none-Ang-PCA,arc segments,32.0,0.447344861706639,0.010101010101010102,0.15789473684210525
Right,random,Ang,HTL,PTT,5,0.1,1,1136,19,227,26,QOTu-Ang-HS4,arc labels,,0.4870188003581021,0.0,0.0
Right,random,Ang,HTL,PTT,5,0.1,1,1136,19,227,26,QOTu-Ang-HSsrc,arc segments,,0.4901521933751119,0.0,0.0
Right,random,Ang,HTL,PTT,5,0.1,1,1136,19,227,26,QOTu-Ang-PCA,arc segments,8.0,0.4946284691136974,0.0,0.0
Right,random,Ang,HTL,PTT,5,0.1,1,1136,19,227,26,QOTc-Ang-HS4,arc labels,,0.4538943598925694,0.0,0.0
Right,random,Ang,HTL,PTT,5,0.1,1,1136,19,227,26,QOTc-Ang-HSsrc,arc labels,,0.4744852282900627,0.0,0.0
Right,random,Ang,HTL,PTT,5,0.1,1,1136,19,227,26,QOTc-Ang-PCA,arc labels,64.0,0.5058662771521463,0.017142857142857144,0.47368421052631576
Right,random,Ang,HTL,PTT,5,0.1,1,1136,19,227,26,SDM-Ang-HS4,arc labels,,0.4709042076991943,0.0,0.0
Right,random,Ang,HTL,PTT,5,0.1,1,1136,19,227,26,SDM-Ang-HSsrc,arc labels,,0.5543278518588324,0.05172413793103448,0.15789473684210525
Right,random,Ang,HTL,PTT,5,0.1,1,1136,19,227,26,SDM-Ang-PCA,arc labels,64.0,0.46096216369033594,0.006802721088435374,0.05263157894736842
Right,random,Ang,HTL,PTT,5,0.2,1,1136,19,454,47,NoAdapt,nothing,,0.4932855863921218,0.0,0.0
Right,random,Ang,HTL,PTT,5,0.2,1,1136,19,454,47,TargetOnly,arc labels,,0.495076096687556,0.0,0.0
Right,random,Ang,HTL,PTT,5,0.2,1,1136,19,454,47,Source+Target,arc labels,,0.4995523724261415,0.0,0.0
Right,random,Ang,HTL,PTT,5,0.2,1,1136,19,454,47,COT,arc labels,,0.561395655656599,0.0392156862745098,0.21052631578947367
Right,random,Ang,HTL,PTT,5,0.2,1,1136,19,454,47,none-Ang-HS4,arc labels,,0.4977618621307073,0.0,0.0
Right,random,Ang,HTL,PTT,5,0.2,1,1136,19,454,47,none-Ang-HSsrc,nothing,,0.4982094897045658,0.0,0.0
Right,random,Ang,HTL,PTT,5,0.2,1,1136,19,454,47,none-Ang-PCA,arc segments,8.0,0.4955237242614145,0.0,0.0
Right,random,Ang,HTL,PTT,5,0.2,1,1136,19,454,47,QOTu-Ang-HS4,arc labels,,0.4941808415398389,0.0,0.0
Right,random,Ang,HTL,PTT,5,0.2,1,1136,19,454,47,QOTu-Ang-HSsrc,arc segments,,0.4901521933751119,0.0,0.0
Right,random,Ang,HTL,PTT,5,0.2,1,1136,19,454,47,QOTu-Ang-PCA,arc segments,16.0,0.4937332139659803,0.0,0.0
Right,random,Ang,HTL,PTT,5,0.2,1,1136,19,454,47,QOTc-Ang-HS4,arc labels,,0.4735899731423456,0.0,0.0
Right,random,Ang,HTL,PTT,5,0.2,1,1136,19,454,47,QOTc-Ang-HSsrc,arc labels,,0.4476275738585497,0.0,0.0
Right,random,Ang,HTL,PTT,5,0.2,1,1136,19,454,47,QOTc-Ang-PCA,arc labels,64.0,0.5997502709324789,0.02225519287833828,0.7894736842105263
Right,random,Ang,HTL,PTT,5,0.2,1,1136,19,454,47,SDM-Ang-HS4,arc labels,,0.5102011968147764,0.02702702702702703,0.05263157894736842
Right,random,Ang,HTL,PTT,5,0.2,1,1136,19,454,47,SDM-Ang-HSsrc,arc labels,,0.5516420864156811,0.046875,0.15789473684210525
Right,random,Ang,HTL,PTT,5,0.2,1,1136,19,454,47,SDM-Ang-PCA,arc labels,64.0,0.4676765772982142,0.007575757575757576,0.05263157894736842
Right,random,Ang,HTL,PTT,5,0.3,1,1136,19,682,62,NoAdapt,nothing,,0.4932855863921218,0.0,0.0
Right,random,Ang,HTL,PTT,5,0.3,1,1136,19,682,62,TargetOnly,arc labels,,0.4968666069829902,0.0,0.0
Right,random,Ang,HTL,PTT,5,0.3,1,1136,19,682,62,Source+Target,arc labels,,0.5,0.0,0.0
Right,random,Ang,HTL,PTT,5,0.3,1,1136,19,682,62,COT,arc labels,,0.4762757385854969,0.0,0.0
Right,random,Ang,HTL,PTT,5,0.3,1,1136,19,682,62,none-Ang-HS4,arc labels,,0.4991047448522829,0.0,0.0
Right,random,Ang,HTL,PTT,5,0.3,1,1136,19,682,62,none-Ang-HSsrc,nothing,,0.4982094897045658,0.0,0.0
Right,random,Ang,HTL,PTT,5,0.3,1,1136,19,682,62,none-Ang-PCA,arc segments,8.0,0.4932855863921218,0.0,0.0
Right,random,Ang,HTL,PTT,5,0.3,1,1136,19,682,62,QOTu-Ang-HS4,arc labels,,0.4946284691136974,0.0,0.0
Right,random,Ang,HTL,PTT,5,0.3,1,1136,19,682,62,QOTu-Ang-HSsrc,arc segments,,0.4901521933751119,0.0,0.0
Right,random,Ang,HTL,PTT,5,0.3,1,1136,19,682,62,QOTu-Ang-PCA,arc segments,16.0,0.5128869622579277,0.03225806451612903,0.05263157894736842
Right,random,Ang,HTL,PTT,5,0.3,1,1136,19,682,62,QOTc-Ang-HS4,arc labels,,0.4816472694717995,0.0,0.0
Right,random,Ang,HTL,PTT,5,0.3,1,1136,19,682,62,QOTc-Ang-HSsrc,arc labels,,0.4744852282900627,0.0,0.0
Right,random,Ang,HTL,PTT,5,0.3,1,1136,19,682,62,QOTc-Ang-PCA,arc labels,64.0,0.6002921358903077,0.022838499184339316,0.7368421052631579
Right,random,Ang,HTL,PTT,5,0.3,1,1136,19,682,62,SDM-Ang-HS4,arc labels,,0.5128869622579277,0.03225806451612903,0.05263157894736842
Right,random,Ang,HTL,PTT,5,0.3,1,1136,19,682,62,SDM-Ang-HSsrc,arc labels,,0.5654243038213259,0.043010752688172046,0.21052631578947367
Right,random,Ang,HTL,PTT,5,0.3,1,1136,19,682,62,SDM-Ang-PCA,arc labels,64.0,0.447980964048438,0.005681818181818182,0.05263157894736842
Right,random,Ang,HTL,PTT,5,0.5,1,1136,19,1112,99,NoAdapt,nothing,,0.4932855863921218,0.0,0.0
Right,random,Ang,HTL,PTT,5,0.5,1,1136,19,1112,99,TargetOnly,arc labels,,0.4968666069829902,0.0,0.0
Right,random,Ang,HTL,PTT,5,0.5,1,1136,19,1112,99,Source+Target,arc labels,,0.5,0.0,0.0
Right,random,Ang,HTL,PTT,5,0.5,1,1136,19,1112,99,COT,arc labels,,0.4847806624888093,0.0,0.0
Right,random,Ang,HTL,PTT,5,0.5,1,1136,19,1112,99,none-Ang-HS4,arc labels,,0.4986571172784244,0.0,0.0
Right,random,Ang,HTL,PTT,5,0.5,1,1136,19,1112,99,none-Ang-HSsrc,nothing,,0.4982094897045658,0.0,0.0
Right,random,Ang,HTL,PTT,5,0.5,1,1136,19,1112,99,none-Ang-PCA,arc segments,8.0,0.4928379588182632,0.0,0.0
Right,random,Ang,HTL,PTT,5,0.5,1,1136,19,1112,99,QOTu-Ang-HS4,arc labels,,0.4937332139659803,0.0,0.0
Right,random,Ang,HTL,PTT,5,0.5,1,1136,19,1112,99,QOTu-Ang-HSsrc,arc segments,,0.4901521933751119,0.0,0.0
Right,random,Ang,HTL,PTT,5,0.5,1,1136,19,1112,99,QOTu-Ang-PCA,arc segments,16.0,0.4932855863921218,0.0,0.0
Right,random,Ang,HTL,PTT,5,0.5,1,1136,19,1112,99,QOTc-Ang-HS4,arc labels,,0.4892569382273948,0.0,0.0
Right,random,Ang,HTL,PTT,5,0.5,1,1136,19,1112,99,QOTc-Ang-HSsrc,arc labels,,0.4901521933751119,0.0,0.0
Right,random,Ang,HTL,PTT,5,0.5,1,1136,19,1112,99,QOTc-Ang-PCA,arc labels,64.0,0.49314423031616644,0.01634472511144131,0.5789473684210527
Right,random,Ang,HTL,PTT,5,0.5,1,1136,19,1112,99,SDM-Ang-HS4,arc labels,,0.5124393346840692,0.03125,0.05263157894736842
Right,random,Ang,HTL,PTT,5,0.5,1,1136,19,1112,99,SDM-Ang-HSsrc,arc labels,,0.5511944588418225,0.046153846153846156,0.15789473684210525
Right,random,Ang,HTL,PTT,5,0.5,1,1136,19,1112,99,SDM-Ang-PCA,arc labels,64.0,0.4457428261791453,0.0055248618784530384,0.05263157894736842
Right,random,Ang,HTL,PTT,6,0.05,1,1136,36,114,7,NoAdapt,nothing,,0.7582828282828282,0.1746031746031746,0.6111111111111112
Right,random,Ang,HTL,PTT,6,0.05,1,1136,36,114,7,TargetOnly,arc labels,,0.5226262626262627,0.046296296296296294,0.1388888888888889
Right,random,Ang,HTL,PTT,6,0.05,1,1136,36,114,7,Source+Target,arc labels,,0.7150000000000001,0.18947368421052632,0.5
Right,random,Ang,HTL,PTT,6,0.05,1,1136,36,114,7,COT,arc labels,,0.6755555555555556,0.07142857142857142,0.6111111111111112
Right,random,Ang,HTL,PTT,6,0.05,1,1136,36,114,7,none-Ang-HS4,arc labels,,0.6833333333333333,0.21428571428571427,0.4166666666666667
Right,random,Ang,HTL,PTT,6,0.05,1,1136,36,114,7,none-Ang-HSsrc,nothing,,0.614090909090909,0.2727272727272727,0.25
Right,random,Ang,HTL,PTT,6,0.05,1,1136,36,114,7,none-Ang-PCA,arc segments,32.0,0.6579292929292929,0.08994708994708994,0.4722222222222222
Right,random,Ang,HTL,PTT,6,0.05,1,1136,36,114,7,QOTu-Ang-HS4,arc labels,,0.7671717171717172,0.16666666666666666,0.6388888888888888
Right,random,Ang,HTL,PTT,6,0.05,1,1136,36,114,7,QOTu-Ang-HSsrc,arc segments,,0.7255050505050505,0.14814814814814814,0.5555555555555556
Right,random,Ang,HTL,PTT,6,0.05,1,1136,36,114,7,QOTu-Ang-PCA,arc segments,32.0,0.7413131313131314,0.09689922480620156,0.6944444444444444
Right,random,Ang,HTL,PTT,6,0.05,1,1136,36,114,7,QOTc-Ang-HS4,arc labels,,0.509090909090909,0.03409090909090909,0.25
Right,random,Ang,HTL,PTT,6,0.05,1,1136,36,114,7,QOTc-Ang-HSsrc,arc labels,,0.34853535353535353,0.01806451612903226,0.3888888888888889
Right,random,Ang,HTL,PTT,6,0.05,1,1136,36,114,7,QOTc-Ang-PCA,arc labels,64.0,0.491010101010101,0.0273972602739726,0.1111111111111111
Right,random,Ang,HTL,PTT,6,0.05,1,1136,36,114,7,SDM-Ang-HS4,arc labels,,0.4932828282828283,0.028368794326241134,0.1111111111111111
Right,random,Ang,HTL,PTT,6,0.05,1,1136,36,114,7,SDM-Ang-HSsrc,arc labels,,0.5110606060606061,0.03636363636363636,0.16666666666666666
Right,random,Ang,HTL,PTT,6,0.05,1,1136,36,114,7,SDM-Ang-PCA,arc labels,64.0,0.43353535353535355,0.01644736842105263,0.1388888888888889
Right,random,Ang,HTL,PTT,6,0.1,1,1136,36,227,14,NoAdapt,nothing,,0.7582828282828282,0.1746031746031746,0.6111111111111112
Right,random,Ang,HTL,PTT,6,0.1,1,1136,36,227,14,TargetOnly,arc labels,,0.4871212121212121,0.024390243902439025,0.08333333333333333
Right,random,Ang,HTL,PTT,6,0.1,1,1136,36,227,14,Source+Target,arc labels,,0.7145454545454546,0.1875,0.5
Right,random,Ang,HTL,PTT,6,0.1,1,1136,36,227,14,COT,arc labels,,0.5748484848484848,0.056074766355140186,0.3333333333333333
Right,random,Ang,HTL,PTT,6,0.1,1,1136,36,227,14,none-Ang-HS4,arc labels,,0.668080808080808,0.19444444444444445,0.3888888888888889
Right,random,Ang,HTL,PTT,6,0.1,1,1136,36,227,14,none-Ang-HSsrc,nothing,,0.614090909090909,0.2727272727272727,0.25
Right,random,Ang,HTL,PTT,6,0.1,1,1136,36,227,14,none-Ang-PCA,arc segments,32.0,0.6524747474747474,0.0845771144278607,0.4722222222222222
Right,random,Ang,HTL,PTT,6,0.1,1,1136,36,227,14,QOTu-Ang-HS4,arc labels,,0.7662626262626262,0.16428571428571428,0.6388888888888888
Right,random,Ang,HTL,PTT,6,0.1,1,1136,36,227,14,QOTu-Ang-HSsrc,arc segments,,0.7255050505050505,0.14814814814814814,0.5555555555555556
Right,random,Ang,HTL,PTT,6,0.1,1,1136,36,227,14,QOTu-Ang-PCA,arc segments,16.0,0.7701515151515151,0.147239263803681,0.6666666666666666
Right,random,Ang,HTL,PTT,6,0.1,1,1136,36,227,14,QOTc-Ang-HS4,arc labels,,0.5533838383838383,0.05925925925925926,0.2222222222222222
Right,random,Ang,HTL,PTT,6,0.1,1,1136,36,227,14,QOTc-Ang-HSsrc,arc labels,,0.2908080808080808,0.015521064301552107,0.3888888888888889
Right,random,Ang,HTL,PTT,6,0.1,1,1136,36,227,14,QOTc-Ang-PCA,arc labels,64.0,0.47015151515151515,0.023529411764705882,0.16666666666666666
Right,random,Ang,HTL,PTT,6,0.1,1,1136,36,227,14,SDM-Ang-HS4,arc labels,,0.5287373737373737,0.06349206349206349,0.1111111111111111
Right,random,Ang,HTL,PTT,6,0.1,1,1136,36,227,14,SDM-Ang-HSsrc,arc labels,,0.5177272727272727,0.036734693877551024,0.25
Right,random,Ang,HTL,PTT,6,0.1,1,1136,36,227,14,SDM-Ang-PCA,arc labels,64.0,0.46626262626262627,0.021551724137931036,0.1388888888888889
Right,random,Ang,HTL,PTT,6,0.2,1,1136,36,454,29,NoAdapt,nothing,,0.7582828282828282,0.1746031746031746,0.6111111111111112
Right,random,Ang,HTL,PTT,6,0.2,1,1136,36,454,29,TargetOnly,arc labels,,0.5661616161616161,0.058823529411764705,0.2777777777777778
Right,random,Ang,HTL,PTT,6,0.2,1,1136,36,454,29,Source+Target,arc labels,,0.7247979797979798,0.18095238095238095,0.5277777777777778
Right,random,Ang,HTL,PTT,6,0.2,1,1136,36,454,29,COT,arc labels,,0.6681818181818182,0.09090909090909091,0.5
Right,random,Ang,HTL,PTT,6,0.2,1,1136,36,454,29,none-Ang-HS4,arc labels,,0.6824242424242425,0.20833333333333334,0.4166666666666667
Right,random,Ang,HTL,PTT,6,0.2,1,1136,36,454,29,none-Ang-HSsrc,nothing,,0.614090909090909,0.2727272727272727,0.25
Right,random,Ang,HTL,PTT,6,0.2,1,1136,36,454,29,none-Ang-PCA,arc segments,32.0,0.5797474747474747,0.04709141274238227,0.4722222222222222
Right,random,Ang,HTL,PTT,6,0.2,1,1136,36,454,29,QOTu-Ang-HS4,arc labels,,0.7694444444444444,0.17293233082706766,0.6388888888888888
Right,random,Ang,HTL,PTT,6,0.2,1,1136,36,454,29,QOTu-Ang-HSsrc,arc segments,,0.7264141414141414,0.15037593984962405,0.5555555555555556
Right,random,Ang,HTL,PTT,6,0.2,1,1136,36,454,29,QOTu-Ang-PCA,arc segments,32.0,0.7472222222222222,0.10204081632653061,0.6944444444444444
Right,random,Ang,HTL,PTT,6,0.2,1,1136,36,454,29,QOTc-Ang-HS4,arc labels,,0.5506565656565656,0.05673758865248227,0.2222222222222222
Right,random,Ang,HTL,PTT,6,0.2,1,1136,36,454,29,QOTc-Ang-HSsrc,arc labels,,0.3008080808080808,0.015909090909090907,0.3888888888888889
Right,random,Ang,HTL,PTT,6,0.2,1,1136,36,454,29,QOTc-Ang-PCA,arc labels,64.0,0.522020202020202,0.0392156862745098,0.2222222222222222
Right,random,Ang,HTL,PTT,6,0.2,1,1136,36,454,29,SDM-Ang-HS4,arc labels,,0.5433333333333333,0.06382978723404255,0.16666666666666666
Right,random,Ang,HTL,PTT,6,0.2,1,1136,36,454,29,SDM-Ang-HSsrc,arc labels,,0.4796969696969697,0.02564102564102564,0.16666666666666666
Right,random,Ang,HTL,PTT,6,0.2,1,1136,36,454,29,SDM-Ang-PCA,arc labels,64.0,0.5213131313131313,0.040229885057471264,0.19444444444444445
Right,random,Ang,HTL,PTT,6,0.3,1,1136,36,682,50,NoAdapt,nothing,,0.7582828282828282,0.1746031746031746,0.6111111111111112
Right,random,Ang,HTL,PTT,6,0.3,1,1136,36,682,50,TargetOnly,arc labels,,0.6802020202020203,0.12142857142857143,0.4722222222222222
Right,random,Ang,HTL,PTT,6,0.3,1,1136,36,682,50,Source+Target,arc labels,,0.7359595959595959,0.17857142857142858,0.5555555555555556
Right,random,Ang,HTL,PTT,6,0.3,1,1136,36,682,50,COT,arc labels,,0.6504040404040403,0.09195402298850575,0.4444444444444444
Right,random,Ang,HTL,PTT,6,0.3,1,1136,36,682,50,none-Ang-HS4,arc labels,,0.6815151515151515,0.20270270270270271,0.4166666666666667
Right,random,Ang,HTL,PTT,6,0.3,1,1136,36,682,50,none-Ang-HSsrc,nothing,,0.614090909090909,0.2727272727272727,0.25
Right,random,Ang,HTL,PTT,6,0.3,1,1136,36,682,50,none-Ang-PCA,arc segments,32.0,0.5811111111111111,0.04748603351955307,0.4722222222222222
Right,random,Ang,HTL,PTT,6,0.3,1,1136,36,682,50,QOTu-Ang-HS4,arc labels,,0.7689898989898989,0.17164179104477612,0.6388888888888888
Right,random,Ang,HTL,PTT,6,0.3,1,1136,36,682,50,QOTu-Ang-HSsrc,arc segments,,0.7318686868686869,0.1652892561983471,0.5555555555555556
Right,random,Ang,HTL,PTT,6,0.3,1,1136,36,682,50,QOTu-Ang-PCA,arc segments,32.0,0.7809090909090909,0.11538461538461539,0.75
Right,random,Ang,HTL,PTT,6,0.3,1,1136,36,682,50,QOTc-Ang-HS4,arc labels,,0.6638383838383839,0.09659090909090909,0.4722222222222222
Right,random,Ang,HTL,PTT,6,0.3,1,1136,36,682,50,QOTc-Ang-HSsrc,arc labels,,0.7401010101010101,0.13253012048192772,0.6111111111111112
Right,random,Ang,HTL,PTT,6,0.3,1,1136,36,682,50,QOTc-Ang-PCA,arc labels,64.0,0.4901515151515151,0.02843601895734597,0.16666666666666666
Right,random,Ang,HTL,PTT,6,0.3,1,1136,36,682,50,SDM-Ang-HS4,arc labels,,0.6554040404040404,0.09815950920245399,0.4444444444444444
Right,random,Ang,HTL,PTT,6,0.3,1,1136,36,682,50,SDM-Ang-HSsrc,arc labels,,0.5185858585858586,0.03888888888888889,0.19444444444444445
Right,random,Ang,HTL,PTT,6,0.3,1,1136,36,682,50,SDM-Ang-PCA,arc labels,64.0,0.5634343434343434,0.056818181818181816,0.2777777777777778
Right,random,Ang,HTL,PTT,6,0.5,1,1136,36,1112,81,NoAdapt,nothing,,0.7582828282828282,0.1746031746031746,0.6111111111111112
Right,random,Ang,HTL,PTT,6,0.5,1,1136,36,1112,81,TargetOnly,arc labels,,0.643080808080808,0.11023622047244094,0.3888888888888889
Right,random,Ang,HTL,PTT,6,0.5,1,1136,36,1112,81,Source+Target,arc labels,,0.7252525252525253,0.18269230769230768,0.5277777777777778
Right,random,Ang,HTL,PTT,6,0.5,1,1136,36,1112,81,COT,arc labels,,0.7505555555555556,0.15384615384615385,0.6111111111111112
Right,random,Ang,HTL,PTT,6,0.5,1,1136,36,1112,81,none-Ang-HS4,arc labels,,0.7222727272727273,0.22784810126582278,0.5
Right,random,Ang,HTL,PTT,6,0.5,1,1136,36,1112,81,none-Ang-HSsrc,nothing,,0.614090909090909,0.2727272727272727,0.25
Right,random,Ang,HTL,PTT,6,0.5,1,1136,36,1112,81,none-Ang-PCA,arc segments,32.0,0.6093434343434343,0.052924791086350974,0.5277777777777778
Right,random,Ang,HTL,PTT,6,0.5,1,1136,36,1112,81,QOTu-Ang-HS4,arc labels,,0.7694444444444444,0.17293233082706766,0.6388888888888888
Right,random,Ang,HTL,PTT,6,0.5,1,1136,36,1112,81,QOTu-Ang-HSsrc,arc segments,,0.7318686868686869,0.1652892561983471,0.5555555555555556
Right,random,Ang,HTL,PTT,6,0.5,1,1136,36,1112,81,QOTu-Ang-PCA,arc segments,16.0,0.7687878787878788,0.14457831325301204,0.6666666666666666
Right,random,Ang,HTL,PTT,6,0.5,1,1136,36,1112,81,QOTc-Ang-HS4,arc labels,,0.6312626262626263,0.0915032679738562,0.3888888888888889
Right,random,Ang,HTL,PTT,6,0.5,1,1136,36,1112,81,QOTc-Ang-HSsrc,arc labels,,0.7537373737373738,0.16176470588235295,0.6111111111111112
Right,random,Ang,HTL,PTT,6,0.5,1,1136,36,1112,81,QOTc-Ang-PCA,arc labels,64.0,0.38489898989898985,0.012165450121654502,0.1388888888888889
Right,random,Ang,HTL,PTT,6,0.5,1,1136,36,1112,81,SDM-Ang-HS4,arc labels,,0.5668181818181819,0.06569343065693431,0.25
Right,random,Ang,HTL,PTT,6,0.5,1,1136,36,1112,81,SDM-Ang-HSsrc,arc labels,,0.5217676767676768,0.04046242774566474,0.19444444444444445
Right,random,Ang,HTL,PTT,6,0.5,1,1136,36,1112,81,SDM-Ang-PCA,arc labels,64.0,0.5334343434343434,0.04132231404958678,0.2777777777777778
Right,random,Ang,HTL,PTT,7,0.05,1,1136,41,114,9,NoAdapt,nothing,,0.7852210713887962,0.12213740458015267,0.7804878048780488
Right,random,Ang,HTL,PTT,7,0.05,1,1136,41,114,9,TargetOnly,arc labels,,0.3797750306270186,0.003436426116838488,0.024390243902439025
Right,random,Ang,HTL,PTT,7,0.05,1,1136,41,114,9,Source+Target,arc labels,,0.7843078293796637,0.12121212121212122,0.7804878048780488
Right,random,Ang,HTL,PTT,7,0.05,1,1136,41,114,9,COT,arc labels,,0.40534580688272637,0.00425531914893617,0.024390243902439025
Right,random,Ang,HTL,PTT,7,0.05,1,1136,41,114,9,none-Ang-HS4,arc labels,,0.6241563648513198,0.1206896551724138,0.34146341463414637
Right,random,Ang,HTL,PTT,7,0.05,1,1136,41,114,9,none-Ang-HSsrc,nothing,,0.5855551843189665,0.14516129032258066,0.21951219512195122
Right,random,Ang,HTL,PTT,7,0.05,1,1136,41,114,9,none-Ang-PCA,arc segments,32.0,0.6645060697182315,0.08303249097472924,0.5609756097560976
Right,random,Ang,HTL,PTT,7,0.05,1,1136,41,114,9,QOTu-Ang-HS4,arc labels,,0.7861343133979285,0.12307692307692308,0.7804878048780488
Right,random,Ang,HTL,PTT,7,0.05,1,1136,41,114,9,QOTu-Ang-HSsrc,arc segments,,0.771656086423878,0.11742424242424243,0.7560975609756098
Right,random,Ang,HTL,PTT,7,0.05,1,1136,41,114,9,QOTu-Ang-PCA,arc segments,32.0,0.8002672903441364,0.09219858156028368,0.9512195121951219
Right,random,Ang,HTL,PTT,7,0.05,1,1136,41,114,9,QOTc-Ang-HS4,arc labels,,0.37258046553068275,0.014799154334038054,0.17073170731707318
Right,random,Ang,HTL,PTT,7,0.05,1,1136,41,114,9,QOTc-Ang-HSsrc,arc labels,,0.37897315959460964,0.015250544662309368,0.17073170731707318
Right,random,Ang,HTL,PTT,7,0.05,1,1136,41,114,9,QOTc-Ang-PCA,arc labels,64.0,0.3495043991535806,0.005194805194805195,0.04878048780487805
Right,random,Ang,HTL,PTT,7,0.05,1,1136,41,114,9,SDM-Ang-HS4,arc labels,,0.4621004566210046,0.0,0.0
Right,random,Ang,HTL,PTT,7,0.05,1,1136,41,114,9,SDM-Ang-HSsrc,arc labels,,0.4651631584808999,0.009615384615384616,0.024390243902439025
Right,random,Ang,HTL,PTT,7,0.05,1,1136,41,114,9,SDM-Ang-PCA,arc labels,64.0,0.4397260273972603,0.0,0.0
Right,random,Ang,HTL,PTT,7,0.1,1,1136,41,227,16,NoAdapt,nothing,,0.7852210713887962,0.12213740458015267,0.7804878048780488
Right,random,Ang,HTL,PTT,7,0.1,1,1136,41,227,16,TargetOnly,arc labels,,0.6079630248357278,0.06551724137931035,0.4634146341463415
Right,random,Ang,HTL,PTT,7,0.1,1,1136,41,227,16,Source+Target,arc labels,,0.7843078293796637,0.12121212121212122,0.7804878048780488
Right,random,Ang,HTL,PTT,7,0.1,1,1136,41,227,16,COT,arc labels,,0.5119835170954449,0.04285714285714286,0.14634146341463414
Right,random,Ang,HTL,PTT,7,0.1,1,1136,41,227,16,none-Ang-HS4,arc labels,,0.664717674574006,0.13043478260869565,0.43902439024390244
Right,random,Ang,HTL,PTT,7,0.1,1,1136,41,227,16,none-Ang-HSsrc,nothing,,0.5855551843189665,0.14516129032258066,0.21951219512195122
Right,random,Ang,HTL,PTT,7,0.1,1,1136,41,227,16,none-Ang-PCA,arc segments,32.0,0.5596948435237777,0.04891304347826087,0.43902439024390244
Right,random,Ang,HTL,PTT,7,0.1,1,1136,41,227,16,QOTu-Ang-HS4,arc labels,,0.7824813453613988,0.11940298507462686,0.7804878048780488
Right,random,Ang,HTL,PTT,7,0.1,1,1136,41,227,16,QOTu-Ang-HSsrc,arc segments,,0.7711994654193117,0.1169811320754717,0.7560975609756098
Right,random,Ang,HTL,PTT,7,0.1,1,1136,41,227,16,QOTu-Ang-PCA,arc segments,32.0,0.801314177525337,0.09669211195928754,0.926829268292683
Right,random,Ang,HTL,PTT,7,0.1,1,1136,41,227,16,QOTc-Ang-HS4,arc labels,,0.7695623120614767,0.10185185185185185,0.8048780487804879
Right,random,Ang,HTL,PTT,7,0.1,1,1136,41,227,16,QOTc-Ang-HSsrc,arc labels,,0.7797416193340015,0.11678832116788321,0.7804878048780488
Right,random,Ang,HTL,PTT,7,0.1,1,1136,41,227,16,QOTc-Ang-PCA,arc labels,64.0,0.6526896090878718,0.06735751295336788,0.6341463414634146
Right,random,Ang,HTL,PTT,7,0.1,1,1136,41,227,16,SDM-Ang-HS4,arc labels,,0.6239447599955452,0.07450980392156863,0.4634146341463415
Right,random,Ang,HTL,PTT,7,0.1,1,1136,41,227,16,SDM-Ang-HSsrc,arc labels,,0.516739057801537,0.043243243243243246,0.1951219512195122
Right,random,Ang,HTL,PTT,7,0.1,1,1136,41,227,16,SDM-Ang-PCA,arc labels,64.0,0.5104800089096782,0.04093567251461988,0.17073170731707318
Right,random,Ang,HTL,PTT,7,0.2,1,1136,41,454,32,NoAdapt,nothing,,0.7852210713887962,0.12213740458015267,0.7804878048780488
Right,random,Ang,HTL,PTT,7,0.2,1,1136,41,454,32,TargetOnly,arc labels,,0.7781044659761667,0.1021021021021021,0.8292682926829268
Right,random,Ang,HTL,PTT,7,0.2,1,1136,41,454,32,Source+Target,arc labels,,0.7815681033522663,0.11851851851851852,0.7804878048780488
Right,random,Ang,HTL,PTT,7,0.2,1,1136,41,454,32,COT,arc labels,,0.7832609421984631,0.11224489795918367,0.8048780487804879
Right,random,Ang,HTL,PTT,7,0.2,1,1136,41,454,32,none-Ang-HS4,arc labels,,0.733322196235661,0.15584415584415584,0.5853658536585366
Right,random,Ang,HTL,PTT,7,0.2,1,1136,41,454,32,none-Ang-HSsrc,nothing,,0.5855551843189665,0.14516129032258066,0.21951219512195122
Right,random,Ang,HTL,PTT,7,0.2,1,1136,41,454,32,none-Ang-PCA,arc segments,32.0,0.5564984964918143,0.048,0.43902439024390244
Right,random,Ang,HTL,PTT,7,0.2,1,1136,41,454,32,QOTu-Ang-HS4,arc labels,,0.7833945873705312,0.12030075187969924,0.7804878048780488
Right,random,Ang,HTL,PTT,7,0.2,1,1136,41,454,32,QOTu-Ang-HSsrc,arc segments,,0.7711994654193117,0.1169811320754717,0.7560975609756098
Right,random,Ang,HTL,PTT,7,0.2,1,1136,41,454,32,QOTu-Ang-PCA,arc segments,16.0,0.8178861788617886,0.11246200607902736,0.9024390243902439
Right,random,Ang,HTL,PTT,7,0.2,1,1136,41,454,32,QOTc-Ang-HS4,arc labels,,0.7808441920035638,0.10397553516819572,0.8292682926829268
Right,random,Ang,HTL,PTT,7,0.2,1,1136,41,454,32,QOTc-Ang-HSsrc,arc labels,,0.7824813453613988,0.11940298507462686,0.7804878048780488
Right,random,Ang,HTL,PTT,7,0.2,1,1136,41,454,32,QOTc-Ang-PCA,arc labels,64.0,0.6311170508965364,0.0749063670411985,0.4878048780487805
Right,random,Ang,HTL,PTT,7,0.2,1,1136,41,454,32,SDM-Ang-HS4,arc labels,,0.7871032408954226,0.10263929618768329,0.8536585365853658
Right,random,Ang,HTL,PTT,7,0.2,1,1136,41,454,32,SDM-Ang-HSsrc,arc labels,,0.6105134202026952,0.07423580786026202,0.4146341463414634
Right,random,Ang,HTL,PTT,7,0.2,1,1136,41,454,32,SDM-Ang-PCA,arc labels,64.0,0.4671010134758882,0.02631578947368421,0.17073170731707318
Right,random,Ang,HTL,PTT,7,0.3,1,1136,41,682,51,NoAdapt,nothing,,0.7852210713887962,0.12213740458015267,0.7804878048780488
Right,random,Ang,HTL,PTT,7,0.3,1,1136,41,682,51,TargetOnly,arc labels,,0.7771912239670342,0.10149253731343283,0.8292682926829268
Right,random,Ang,HTL,PTT,7,0.3,1,1136,41,682,51,Source+Target,arc labels,,0.7878271522441251,0.11619718309859155,0.8048780487804879
Right,random,Ang,HTL,PTT,7,0.3,1,1136,41,682,51,COT,arc labels,,0.7532019155807996,0.11646586345381527,0.7073170731707317
Right,random,Ang,HTL,PTT,7,0.3,1,1136,41,682,51,none-Ang-HS4,arc labels,,0.6638044325648736,0.12857142857142856,0.43902439024390244
Right,random,Ang,HTL,PTT,7,0.3,1,1136,41,682,51,none-Ang-HSsrc,nothing,,0.5855551843189665,0.14516129032258066,0.21951219512195122
Right,random,Ang,HTL,PTT,7,0.3,1,1136,41,682,51,none-Ang-PCA,arc segments,32.0,0.6080187103240895,0.058981233243967826,0.5365853658536586
Right,random,Ang,HTL,PTT,7,0.3,1,1136,41,682,51,QOTu-Ang-HS4,arc labels,,0.7811114823477002,0.11808118081180811,0.7804878048780488
Right,random,Ang,HTL,PTT,7,0.3,1,1136,41,682,51,QOTu-Ang-HSsrc,arc segments,,0.7711994654193117,0.1169811320754717,0.7560975609756098
Right,random,Ang,HTL,PTT,7,0.3,1,1136,41,682,51,QOTu-Ang-PCA,arc segments,16.0,0.8169729368526562,0.11178247734138973,0.9024390243902439
Right,random,Ang,HTL,PTT,7,0.3,1,1136,41,682,51,QOTc-Ang-HS4,arc labels,,0.7447154471544715,0.09597523219814241,0.7560975609756098
Right,random,Ang,HTL,PTT,7,0.3,1,1136,41,682,51,QOTc-Ang-HSsrc,arc labels,,0.7820247243568326,0.11895910780669144,0.7804878048780488
Right,random,Ang,HTL,PTT,7,0.3,1,1136,41,682,51,QOTc-Ang-PCA,arc labels,64.0,0.527508631250696,0.05660377358490566,0.14634146341463414
Right,random,Ang,HTL,PTT,7,0.3,1,1136,41,682,51,SDM-Ang-HS4,arc labels,,0.7698852878939748,0.09686609686609686,0.8292682926829268
Right,random,Ang,HTL,PTT,7,0.3,1,1136,41,682,51,SDM-Ang-HSsrc,arc labels,,0.6658759327319301,0.08394160583941605,0.5609756097560976
Right,random,Ang,HTL,PTT,7,0.3,1,1136,41,682,51,SDM-Ang-PCA,arc labels,64.0,0.5367524223187438,0.047619047619047616,0.2926829268292683
Right,random,Ang,HTL,PTT,7,0.5,1,1136,41,1124,80,NoAdapt,nothing,,0.7852210713887962,0.12213740458015267,0.7804878048780488
Right,random,Ang,HTL,PTT,7,0.5,1,1136,41,1124,80,TargetOnly,arc labels,,0.7884731039091213,0.10355029585798817,0.8536585365853658
Right,random,Ang,HTL,PTT,7,0.5,1,1136,41,1124,80,Source+Target,arc labels,,0.8062813230872035,0.11705685618729098,0.8536585365853658
Right,random,Ang,HTL,PTT,7,0.5,1,1136,41,1124,80,COT,arc labels,,0.756587593273193,0.10437710437710437,0.7560975609756098
Right,random,Ang,HTL,PTT,7,0.5,1,1136,41,1124,80,none-Ang-HS4,arc labels,,0.6633478115603074,0.1276595744680851,0.43902439024390244
Right,random,Ang,HTL,PTT,7,0.5,1,1136,41,1124,80,none-Ang-HSsrc,nothing,,0.5855551843189665,0.14516129032258066,0.21951219512195122
Right,random,Ang,HTL,PTT,7,0.5,1,1136,41,1124,80,none-Ang-PCA,arc segments,32.0,0.6098451943423544,0.05962059620596206,0.5365853658536586
Right,random,Ang,HTL,PTT,7,0.5,1,1136,41,1124,80,QOTu-Ang-HS4,arc labels,,0.7801982403385678,0.11721611721611722,0.7804878048780488
Right,random,Ang,HTL,PTT,7,0.5,1,1136,41,1124,80,QOTu-Ang-HSsrc,arc segments,,0.7711994654193117,0.1169811320754717,0.7560975609756098
Right,random,Ang,HTL,PTT,7,0.5,1,1136,41,1124,80,QOTu-Ang-PCA,arc segments,32.0,0.7973382336563092,0.09893048128342247,0.9024390243902439
Right,random,Ang,HTL,PTT,7,0.5,1,1136,41,1124,80,QOTc-Ang-HS4,arc labels,,0.7707985299031073,0.09742120343839542,0.8292682926829268
Right,random,Ang,HTL,PTT,7,0.5,1,1136,41,1124,80,QOTc-Ang-HSsrc,arc labels,,0.7788283773248692,0.11594202898550725,0.7804878048780488
Right,random,Ang,HTL,PTT,7,0.5,1,1136,41,1124,80,QOTc-Ang-PCA,arc labels,64.0,0.42910123621784163,0.027522935779816515,0.43902439024390244
Right,random,Ang,HTL,PTT,7,0.5,1,1136,41,1124,80,SDM-Ang-HS4,arc labels,,0.7950551286334782,0.09762532981530343,0.9024390243902439
Right,random,Ang,HTL,PTT,7,0.5,1,1136,41,1124,80,SDM-Ang-HSsrc,arc labels,,0.6244013810001113,0.07480314960629922,0.4634146341463415
Right,random,Ang,HTL,PTT,7,0.5,1,1136,41,1124,80,SDM-Ang-PCA,arc labels,64.0,0.5094108475331329,0.0379746835443038,0.36585365853658536
Right,random,Ang,HTL,RTT,0,0.05,1,2129,47,213,3,NoAdapt,nothing,,0.8083420197436998,0.4,0.6382978723404256
Right,random,Ang,HTL,RTT,0,0.05,1,2129,47,213,3,TargetOnly,arc labels,,0.622176916630899,0.03886397608370702,0.5531914893617021
Right,random,Ang,HTL,RTT,0,0.05,1,2129,47,213,3,Source+Target,arc labels,,0.7698714411265764,0.48148148148148145,0.5531914893617021
Right,random,Ang,HTL,RTT,0,0.05,1,2129,47,213,3,COT,arc labels,,0.5186246857563308,0.023939064200217627,0.46808510638297873
Right,random,Ang,HTL,RTT,0,0.05,1,2129,47,213,3,none-Ang-HS4,arc labels,,0.7302000940176181,0.5789473684210527,0.46808510638297873
Right,random,Ang,HTL,RTT,0,0.05,1,2129,47,213,3,none-Ang-HSsrc,nothing,,0.7403580844932246,0.5609756097560976,0.48936170212765956
Right,random,Ang,HTL,RTT,0,0.05,1,2129,47,213,3,none-Ang-PCA,arc segments,32.0,0.6125656590430641,0.03098106712564544,0.7659574468085106
Right,random,Ang,HTL,RTT,0,0.05,1,2129,47,213,3,QOTu-Ang-HS4,arc labels,,0.8619167330921578,0.21893491124260356,0.7872340425531915
Right,random,Ang,HTL,RTT,0,0.05,1,2129,47,213,3,QOTu-Ang-HSsrc,arc segments,,0.8616765793937908,0.21764705882352942,0.7872340425531915
Right,random,Ang,HTL,RTT,0,0.05,1,2129,47,213,3,QOTu-Ang-PCA,arc segments,32.0,0.8324238150714329,0.08668076109936575,0.8723404255319149
Right,random,Ang,HTL,RTT,0,0.05,1,2129,47,213,3,QOTc-Ang-HS4,arc labels,,0.43909293437161484,0.012987012987012988,0.1702127659574468
Right,random,Ang,HTL,RTT,0,0.05,1,2129,47,213,3,QOTc-Ang-HSsrc,arc labels,,0.5227226275880393,0.02332535885167464,0.8297872340425532
Right,random,Ang,HTL,RTT,0,0.05,1,2129,47,213,3,QOTc-Ang-PCA,arc labels,64.0,0.4011997465612034,0.00398406374501992,0.0425531914893617
Right,random,Ang,HTL,RTT,0,0.05,1,2129,47,213,3,SDM-Ang-HS4,arc labels,,0.38919206164285564,0.0036231884057971015,0.0425531914893617
Right,random,Ang,HTL,RTT,0,0.05,1,2129,47,213,3,SDM-Ang-HSsrc,arc labels,,0.8125166063727594,0.09047619047619047,0.8085106382978723
Right,random,Ang,HTL,RTT,0,0.05,1,2129,47,213,3,SDM-Ang-PCA,arc labels,64.0,0.3997588243710017,0.003937007874015748,0.0425531914893617
Right,random,Ang,HTL,RTT,0,0.1,1,2129,47,426,8,NoAdapt,nothing,,0.8083420197436998,0.4,0.6382978723404256
Right,random,Ang,HTL,RTT,0,0.1,1,2129,47,426,8,TargetOnly,arc labels,,0.754327876223762,0.059967585089141004,0.7872340425531915
Right,random,Ang,HTL,RTT,0,0.1,1,2129,47,426,8,Source+Target,arc labels,,0.8005855662517629,0.46774193548387094,0.6170212765957447
Right,random,Ang,HTL,RTT,0,0.1,1,2129,47,426,8,COT,arc labels,,0.5229985488585035,0.025437201907790145,0.3404255319148936
Right,random,Ang,HTL,RTT,0,0.1,1,2129,47,426,8,none-Ang-HS4,arc labels,,0.6668506141803094,0.5333333333333333,0.3404255319148936
Right,random,Ang,HTL,RTT,0,0.1,1,2129,47,426,8,none-Ang-HSsrc,nothing,,0.7403580844932246,0.5609756097560976,0.48936170212765956
Right,random,Ang,HTL,RTT,0,0.1,1,2129,47,426,8,none-Ang-PCA,arc segments,32.0,0.6497894822899422,0.03574975173783516,0.7659574468085106
Right,random,Ang,HTL,RTT,0,0.1,1,2129,47,426,8,QOTu-Ang-HS4,arc labels,,0.8619167330921578,0.21893491124260356,0.7872340425531915
Right,random,Ang,HTL,RTT,0,0.1,1,2129,47,426,8,QOTu-Ang-HSsrc,arc segments,,0.860715964600323,0.21264367816091953,0.7872340425531915
Right,random,Ang,HTL,RTT,0,0.1,1,2129,47,426,8,QOTu-Ang-PCA,arc segments,32.0,0.8590808755901649,0.1132596685082873,0.8723404255319149
Right,random,Ang,HTL,RTT,0,0.1,1,2129,47,426,8,QOTc-Ang-HS4,arc labels,,0.5813558975616735,0.04145077720207254,0.3404255319148936
Right,random,Ang,HTL,RTT,0,0.1,1,2129,47,426,8,QOTc-Ang-HSsrc,arc labels,,0.4944100394465224,0.02176541717049577,0.7659574468085106
Right,random,Ang,HTL,RTT,0,0.1,1,2129,47,426,8,QOTc-Ang-PCA,arc labels,64.0,0.4530218488768982,0.014336917562724014,0.1702127659574468
Right,random,Ang,HTL,RTT,0,0.1,1,2129,47,426,8,SDM-Ang-HS4,arc labels,,0.56344145359413,0.03783783783783784,0.2978723404255319
Right,random,Ang,HTL,RTT,0,0.1,1,2129,47,426,8,SDM-Ang-HSsrc,arc labels,,0.7650377092402967,0.058823529411764705,0.8297872340425532
Right,random,Ang,HTL,RTT,0,0.1,1,2129,47,426,8,SDM-Ang-PCA,arc labels,64.0,0.43589940114865,0.011986301369863013,0.14893617021276595
Right,random,Ang,HTL,RTT,0,0.2,1,2129,47,852,12,NoAdapt,nothing,,0.8083420197436998,0.4,0.6382978723404256
Right,random,Ang,HTL,RTT,0,0.2,1,2129,47,852,12,TargetOnly,arc labels,,0.8224804300284096,0.07107438016528926,0.9148936170212766
Right,random,Ang,HTL,RTT,0,0.2,1,2129,47,852,12,Source+Target,arc labels,,0.8286580006949128,0.3950617283950617,0.6808510638297872
Right,random,Ang,HTL,RTT,0,0.2,1,2129,47,852,12,COT,arc labels,,0.7055051403110757,0.04645161290322581,0.7659574468085106
Right,random,Ang,HTL,RTT,0,0.2,1,2129,47,852,12,none-Ang-HS4,arc labels,,0.771792670713512,0.5652173913043478,0.5531914893617021
Right,random,Ang,HTL,RTT,0,0.2,1,2129,47,852,12,none-Ang-HSsrc,nothing,,0.7403580844932246,0.5609756097560976,0.48936170212765956
Right,random,Ang,HTL,RTT,0,0.2,1,2129,47,852,12,none-Ang-PCA,arc segments,32.0,0.6669834651623847,0.037037037037037035,0.8085106382978723
Right,random,Ang,HTL,RTT,0,0.2,1,2129,47,852,12,QOTu-Ang-HS4,arc labels,,0.8633576552823594,0.22699386503067484,0.7872340425531915
Right,random,Ang,HTL,RTT,0,0.2,1,2129,47,852,12,QOTu-Ang-HSsrc,arc segments,,0.8604758109019559,0.21142857142857144,0.7872340425531915
Right,random,Ang,HTL,RTT,0,0.2,1,2129,47,852,12,QOTu-Ang-PCA,arc segments,32.0,0.8289185930059068,0.0982367758186398,0.8297872340425532
Right,random,Ang,HTL,RTT,0,0.2,1,2129,47,852,12,QOTc-Ang-HS4,arc labels,,0.7620383428372882,0.0757238307349666,0.723404255319149
Right,random,Ang,HTL,RTT,0,0.2,1,2129,47,852,12,QOTc-Ang-HSsrc,arc labels,,0.7387894209741043,0.052269601100412656,0.8085106382978723
Right,random,Ang,HTL,RTT,0,0.2,1,2129,47,852,12,QOTc-Ang-PCA,arc labels,64.0,0.5955965009095183,0.0456989247311828,0.3617021276595745
Right,random,Ang,HTL,RTT,0,0.2,1,2129,47,852,12,SDM-Ang-HS4,arc labels,,0.7949138512477774,0.08258928571428571,0.7872340425531915
Right,random,Ang,HTL,RTT,0,0.2,1,2129,47,852,12,SDM-Ang-HSsrc,arc labels,,0.7515891021317473,0.054242002781641166,0.8297872340425532
Right,random,Ang,HTL,RTT,0,0.2,1,2129,47,852,12,SDM-Ang-PCA,arc labels,64.0,0.5780397326629468,0.03442340791738382,0.425531914893617
Right,random,Ang,HTL,RTT,0,0.3,1,2129,47,1278,20,NoAdapt,nothing,,0.8083420197436998,0.4,0.6382978723404256
Right,random,Ang,HTL,RTT,0,0.3,1,2129,47,1278,20,TargetOnly,arc labels,,0.8717119381936353,0.1075,0.9148936170212766
Right,random,Ang,HTL,RTT,0,0.3,1,2129,47,1278,20,Source+Target,arc labels,,0.8436906002820529,0.3119266055045872,0.723404255319149
Right,random,Ang,HTL,RTT,0,0.3,1,2129,47,1278,20,COT,arc labels,,0.7641997261225908,0.07727272727272727,0.723404255319149
Right,random,Ang,HTL,RTT,0,0.3,1,2129,47,1278,20,none-Ang-HS4,arc labels,,0.7819506611891185,0.5510204081632653,0.574468085106383
Right,random,Ang,HTL,RTT,0,0.3,1,2129,47,1278,20,none-Ang-HSsrc,nothing,,0.7403580844932246,0.5609756097560976,0.48936170212765956
Right,random,Ang,HTL,RTT,0,0.3,1,2129,47,1278,20,none-Ang-PCA,arc segments,32.0,0.6570656283851453,0.036203522504892366,0.7872340425531915
Right,random,Ang,HTL,RTT,0,0.3,1,2129,47,1278,20,QOTu-Ang-HS4,arc labels,,0.8815837880924643,0.17937219730941703,0.851063829787234
Right,random,Ang,HTL,RTT,0,0.3,1,2129,47,1278,20,QOTu-Ang-HSsrc,arc segments,,0.8619167330921578,0.21893491124260356,0.7872340425531915
Right,random,Ang,HTL,RTT,0,0.3,1,2129,47,1278,20,QOTu-Ang-PCA,arc segments,32.0,0.8115559915792916,0.08962264150943396,0.8085106382978723
Right,random,Ang,HTL,RTT,0,0.3,1,2129,47,1278,20,QOTc-Ang-HS4,arc labels,,0.8169824432317534,0.08130081300813008,0.851063829787234
Right,random,Ang,HTL,RTT,0,0.3,1,2129,47,1278,20,QOTc-Ang-HSsrc,arc labels,,0.756080487256525,0.05801526717557252,0.8085106382978723
Right,random,Ang,HTL,RTT,0,0.3,1,2129,47,1278,20,QOTc-Ang-PCA,arc labels,64.0,0.6457375273366444,0.052873563218390804,0.48936170212765956
Right,random,Ang,HTL,RTT,0,0.3,1,2129,47,1278,20,SDM-Ang-HS4,arc labels,,0.8658767142886341,0.11081794195250659,0.8936170212765957
Right,random,Ang,HTL,RTT,0,0.3,1,2129,47,1278,20,SDM-Ang-HSsrc,arc labels,,0.8039426083757435,0.07784431137724551,0.8297872340425532
Right,random,Ang,HTL,RTT,0,0.3,1,2129,47,1278,20,SDM-Ang-PCA,arc labels,64.0,0.6395395180575143,0.04205607476635514,0.574468085106383
Right,random,Ang,HTL,RTT,0,0.5,1,2129,47,2118,35,NoAdapt,nothing,,0.8083420197436998,0.4,0.6382978723404256
Right,random,Ang,HTL,RTT,0,0.5,1,2129,47,2118,35,TargetOnly,arc labels,,0.8390510352157295,0.08022388059701492,0.9148936170212766
Right,random,Ang,HTL,RTT,0,0.5,1,2129,47,2118,35,Source+Target,arc labels,,0.8892687064402068,0.2094240837696335,0.851063829787234
Right,random,Ang,HTL,RTT,0,0.5,1,2129,47,2118,35,COT,arc labels,,0.791311545772273,0.07991360691144708,0.7872340425531915
Right,random,Ang,HTL,RTT,0,0.5,1,2129,47,2118,35,none-Ang-HS4,arc labels,,0.7606740654444376,0.5319148936170213,0.5319148936170213
Right,random,Ang,HTL,RTT,0,0.5,1,2129,47,2118,35,none-Ang-HSsrc,nothing,,0.7403580844932246,0.5609756097560976,0.48936170212765956
Right,random,Ang,HTL,RTT,0,0.5,1,2129,47,2118,35,none-Ang-PCA,arc segments,32.0,0.6725070002248248,0.03788634097706879,0.8085106382978723
Right,random,Ang,HTL,RTT,0,0.5,1,2129,47,2118,35,QOTu-Ang-HS4,arc labels,,0.8799027122038956,0.17391304347826086,0.851063829787234
Right,random,Ang,HTL,RTT,0,0.5,1,2129,47,2118,35,QOTu-Ang-HSsrc,arc segments,,0.8604758109019559,0.21142857142857144,0.7872340425531915
Right,random,Ang,HTL,RTT,0,0.5,1,2129,47,2118,35,QOTu-Ang-PCA,arc segments,32.0,0.7928240031066691,0.07569721115537849,0.8085106382978723
Right,random,Ang,HTL,RTT,0,0.5,1,2129,47,2118,35,QOTc-Ang-HS4,arc labels,,0.7745007868865861,0.06941838649155722,0.7872340425531915
Right,random,Ang,HTL,RTT,0,0.5,1,2129,47,2118,35,QOTc-Ang-HSsrc,arc labels,,0.7570411020499928,0.05837173579109063,0.8085106382978723
Right,random,Ang,HTL,RTT,0,0.5,1,2129,47,2118,35,QOTc-Ang-PCA,arc labels,64.0,0.795997097717007,0.14746543778801843,0.6808510638297872
Right,random,Ang,HTL,RTT,0,0.5,1,2129,47,2118,35,SDM-Ang-HS4,arc labels,,0.8622744088131298,0.1065989847715736,0.8936170212765957
Right,random,Ang,HTL,RTT,0,0.5,1,2129,47,2118,35,SDM-Ang-HSsrc,arc labels,,0.8108355304841908,0.08899297423887588,0.8085106382978723
Right,random,Ang,HTL,RTT,0,0.5,1,2129,47,2118,35,SDM-Ang-PCA,arc labels,64.0,0.8323062930488279,0.145748987854251,0.7659574468085106
Right,random,Ang,HTL,RTT,1,0.05,1,2129,8,213,8,NoAdapt,nothing,,0.4966996699669967,0.0,0.0
Right,random,Ang,HTL,RTT,1,0.05,1,2129,8,213,8,TargetOnly,arc labels,,0.586103253182461,0.011976047904191617,0.25
Right,random,Ang,HTL,RTT,1,0.05,1,2129,8,213,8,Source+Target,arc labels,,0.4966996699669967,0.0,0.0
Right,random,Ang,HTL,RTT,1,0.05,1,2129,8,213,8,COT,arc labels,,0.47456977840641207,0.00267379679144385,0.125
Right,random,Ang,HTL,RTT,1,0.05,1,2129,8,213,8,none-Ang-HS4,arc labels,,0.49834983498349833,0.0,0.0
Right,random,Ang,HTL,RTT,1,0.05,1,2129,8,213,8,none-Ang-HSsrc,nothing,,0.5566065535124941,0.038461538461538464,0.125
Right,random,Ang,HTL,RTT,1,0.05,1,2129,8,213,8,none-Ang-PCA,arc segments,64.0,0.49555044790193303,0.0035087719298245615,0.125
Right,random,Ang,HTL,RTT,1,0.05,1,2129,8,213,8,QOTu-Ang-HS4,arc labels,,0.5773809523809523,0.00980392156862745,0.25
Right,random,Ang,HTL,RTT,1,0.05,1,2129,8,213,8,QOTu-Ang-HSsrc,arc segments,,0.5886963696369637,0.01282051282051282,0.25
Right,random,Ang,HTL,RTT,1,0.05,1,2129,8,213,8,QOTu-Ang-PCA,arc segments,32.0,0.583981612446959,0.011363636363636364,0.25
Right,random,Ang,HTL,RTT,1,0.05,1,2129,8,213,8,QOTc-Ang-HS4,arc labels,,0.5172383309759547,0.0051813471502590676,0.125
Right,random,Ang,HTL,RTT,1,0.05,1,2129,8,213,8,QOTc-Ang-HSsrc,arc labels,,0.5872819424799622,0.012345679012345678,0.25
Right,random,Ang,HTL,RTT,1,0.05,1,2129,8,213,8,QOTc-Ang-PCA,arc labels,64.0,0.5938826025459689,0.014925373134328358,0.25
Right,random,Ang,HTL,RTT,1,0.05,1,2129,8,213,8,SDM-Ang-HS4,arc labels,,0.5217173503064592,0.005747126436781609,0.125
Right,random,Ang,HTL,RTT,1,0.05,1,2129,8,213,8,SDM-Ang-HSsrc,arc labels,,0.5823314474304573,0.01092896174863388,0.25
Right,random,Ang,HTL,RTT,1,0.05,1,2129,8,213,8,SDM-Ang-PCA,arc labels,64.0,0.4867986798679868,0.0,0.0
Right,random,Ang,HTL,RTT,1,0.1,1,2129,8,426,20,NoAdapt,nothing,,0.4966996699669967,0.0,0.0
Right,random,Ang,HTL,RTT,1,0.1,1,2129,8,426,20,TargetOnly,arc labels,,0.6669908062234795,0.03333333333333333,0.375
Right,random,Ang,HTL,RTT,1,0.1,1,2129,8,426,20,Source+Target,arc labels,,0.4957567185289958,0.0,0.0
Right,random,Ang,HTL,RTT,1,0.1,1,2129,8,426,20,COT,arc labels,,0.6554691183404054,0.009876543209876543,0.5
Right,random,Ang,HTL,RTT,1,0.1,1,2129,8,426,20,none-Ang-HS4,arc labels,,0.4974068835454974,0.0,0.0
Right,random,Ang,HTL,RTT,1,0.1,1,2129,8,426,20,none-Ang-HSsrc,nothing,,0.5566065535124941,0.038461538461538464,0.125
Right,random,Ang,HTL,RTT,1,0.1,1,2129,8,426,20,none-Ang-PCA,arc segments,64.0,0.5342409240924093,0.00516795865633075,0.25
Right,random,Ang,HTL,RTT,1,0.1,1,2129,8,426,20,QOTu-Ang-HS4,arc labels,,0.6370520980669496,0.013824884792626729,0.375
Right,random,Ang,HTL,RTT,1,0.1,1,2129,8,426,20,QOTu-Ang-HSsrc,arc segments,,0.5882248939179633,0.012658227848101266,0.25
Right,random,Ang,HTL,RTT,1,0.1,1,2129,8,426,20,QOTu-Ang-PCA,arc segments,32.0,0.6358734087694484,0.013513513513513514,0.375
Right,random,Ang,HTL,RTT,1,0.1,1,2129,8,426,20,QOTc-Ang-HS4,arc labels,,0.6346947194719472,0.013215859030837005,0.375
Right,random,Ang,HTL,RTT,1,0.1,1,2129,8,426,20,QOTc-Ang-HSsrc,arc labels,,0.5271393210749646,0.006622516556291391,0.125
Right,random,Ang,HTL,RTT,1,0.1,1,2129,8,426,20,QOTc-Ang-PCA,arc labels,64.0,0.7151107967939652,0.02631578947368421,0.5
Right,random,Ang,HTL,RTT,1,0.1,1,2129,8,426,20,SDM-Ang-HS4,arc labels,,0.5155881659594531,0.005,0.125
Right,random,Ang,HTL,RTT,1,0.1,1,2129,8,426,20,SDM-Ang-HSsrc,arc labels,,0.5703088165959453,0.008547008547008548,0.25
Right,random,Ang,HTL,RTT,1,0.1,1,2129,8,426,20,SDM-Ang-PCA,arc labels,64.0,0.5516560584629892,0.02127659574468085,0.125
Right,random,Ang,HTL,RTT,1,0.2,1,2129,8,852,36,NoAdapt,nothing,,0.4966996699669967,0.0,0.0
Right,random,Ang,HTL,RTT,1,0.2,1,2129,8,852,36,TargetOnly,arc labels,,0.6646334276284771,0.03,0.375
Right,random,Ang,HTL,RTT,1,0.2,1,2129,8,852,36,Source+Target,arc labels,,0.554484912776992,0.02857142857142857,0.125
Right,random,Ang,HTL,RTT,1,0.2,1,2129,8,852,36,COT,arc labels,,0.5927333804809052,0.007407407407407408,0.375
Right,random,Ang,HTL,RTT,1,0.2,1,2129,8,852,36,none-Ang-HS4,arc labels,,0.5566065535124941,0.038461538461538464,0.125
Right,random,Ang,HTL,RTT,1,0.2,1,2129,8,852,36,none-Ang-HSsrc,nothing,,0.5566065535124941,0.038461538461538464,0.125
Right,random,Ang,HTL,RTT,1,0.2,1,2129,8,852,36,none-Ang-PCA,arc segments,64.0,0.5476779820839226,0.006060606060606061,0.25
Right,random,Ang,HTL,RTT,1,0.2,1,2129,8,852,36,QOTu-Ang-HS4,arc labels,,0.5844530881659595,0.011494252873563218,0.25
Right,random,Ang,HTL,RTT,1,0.2,1,2129,8,852,36,QOTu-Ang-HSsrc,arc segments,,0.5879891560584629,0.012578616352201259,0.25
Right,random,Ang,HTL,RTT,1,0.2,1,2129,8,852,36,QOTu-Ang-PCA,arc segments,32.0,0.5818599717114569,0.010810810810810811,0.25
Right,random,Ang,HTL,RTT,1,0.2,1,2129,8,852,36,QOTc-Ang-HS4,arc labels,,0.6606258840169732,0.02564102564102564,0.375
Right,random,Ang,HTL,RTT,1,0.2,1,2129,8,852,36,QOTc-Ang-HSsrc,arc labels,,0.5276107967939652,0.006711409395973154,0.125
Right,random,Ang,HTL,RTT,1,0.2,1,2129,8,852,36,QOTc-Ang-PCA,arc labels,64.0,0.6193717586044318,0.010273972602739725,0.375
Right,random,Ang,HTL,RTT,1,0.2,1,2129,8,852,36,SDM-Ang-HS4,arc labels,,0.48066949552098065,0.0,0.0
Right,random,Ang,HTL,RTT,1,0.2,1,2129,8,852,36,SDM-Ang-HSsrc,arc labels,,0.5688943894389439,0.008333333333333333,0.25
Right,random,Ang,HTL,RTT,1,0.2,1,2129,8,852,36,SDM-Ang-PCA,arc labels,64.0,0.4780763790664781,0.0,0.0
Right,random,Ang,HTL,RTT,1,0.3,1,2129,8,1278,52,NoAdapt,nothing,,0.4966996699669967,0.0,0.0
Right,random,Ang,HTL,RTT,1,0.3,1,2129,8,1278,52,TargetOnly,arc labels,,0.6068481848184819,0.02531645569620253,0.25
Right,random,Ang,HTL,RTT,1,0.3,1,2129,8,1278,52,Source+Target,arc labels,,0.554484912776992,0.02857142857142857,0.125
Right,random,Ang,HTL,RTT,1,0.3,1,2129,8,1278,52,COT,arc labels,,0.5816537010843942,0.00663716814159292,0.375
Right,random,Ang,HTL,RTT,1,0.3,1,2129,8,1278,52,none-Ang-HS4,arc labels,,0.5547206506364922,0.029411764705882353,0.125
Right,random,Ang,HTL,RTT,1,0.3,1,2129,8,1278,52,none-Ang-HSsrc,nothing,,0.5566065535124941,0.038461538461538464,0.125
Right,random,Ang,HTL,RTT,1,0.3,1,2129,8,1278,52,none-Ang-PCA,arc segments,64.0,0.5332979726544083,0.005115089514066497,0.25
Right,random,Ang,HTL,RTT,1,0.3,1,2129,8,1278,52,QOTu-Ang-HS4,arc labels,,0.588932107496464,0.012903225806451613,0.25
Right,random,Ang,HTL,RTT,1,0.3,1,2129,8,1278,52,QOTu-Ang-HSsrc,arc segments,,0.5879891560584629,0.012578616352201259,0.25
Right,random,Ang,HTL,RTT,1,0.3,1,2129,8,1278,52,QOTu-Ang-PCA,arc segments,32.0,0.5736091466289486,0.00909090909090909,0.25
Right,random,Ang,HTL,RTT,1,0.3,1,2129,8,1278,52,QOTc-Ang-HS4,arc labels,,0.5396334276284771,0.01020408163265306,0.125
Right,random,Ang,HTL,RTT,1,0.3,1,2129,8,1278,52,QOTc-Ang-HSsrc,arc labels,,0.5266678453559641,0.006535947712418301,0.125
Right,random,Ang,HTL,RTT,1,0.3,1,2129,8,1278,52,QOTc-Ang-PCA,arc labels,64.0,0.5266678453559641,0.006535947712418301,0.125
Right,random,Ang,HTL,RTT,1,0.3,1,2129,8,1278,52,SDM-Ang-HS4,arc labels,,0.4813767090994814,0.0,0.0
Right,random,Ang,HTL,RTT,1,0.3,1,2129,8,1278,52,SDM-Ang-HSsrc,arc labels,,0.5754950495049505,0.009433962264150943,0.25
Right,random,Ang,HTL,RTT,1,0.3,1,2129,8,1278,52,SDM-Ang-PCA,arc labels,64.0,0.4410950023573786,0.001937984496124031,0.125
Right,random,Ang,HTL,RTT,1,0.5,1,2129,8,2106,73,NoAdapt,nothing,,0.4966996699669967,0.0,0.0
Right,random,Ang,HTL,RTT,1,0.5,1,2129,8,2106,73,TargetOnly,arc labels,,0.6077911362564827,0.02666666666666667,0.25
Right,random,Ang,HTL,RTT,1,0.5,1,2129,8,2106,73,Source+Target,arc labels,,0.5525990099009901,0.023255813953488372,0.125
Right,random,Ang,HTL,RTT,1,0.5,1,2129,8,2106,73,COT,arc labels,,0.524104196133899,0.004651162790697674,0.25
Right,random,Ang,HTL,RTT,1,0.5,1,2129,8,2106,73,none-Ang-HS4,arc labels,,0.5566065535124941,0.038461538461538464,0.125
Right,random,Ang,HTL,RTT,1,0.5,1,2129,8,2106,73,none-Ang-HSsrc,nothing,,0.5566065535124941,0.038461538461538464,0.125
Right,random,Ang,HTL,RTT,1,0.5,1,2129,8,2106,73,none-Ang-PCA,arc segments,64.0,0.5410773220179161,0.00558659217877095,0.25
Right,random,Ang,HTL,RTT,1,0.5,1,2129,8,2106,73,QOTu-Ang-HS4,arc labels,,0.5863389910419614,0.012048192771084338,0.25
Right,random,Ang,HTL,RTT,1,0.5,1,2129,8,2106,73,QOTu-Ang-HSsrc,arc segments,,0.5879891560584629,0.012578616352201259,0.25
Right,random,Ang,HTL,RTT,1,0.5,1,2129,8,2106,73,QOTu-Ang-PCA,arc segments,32.0,0.5648868458274399,0.007782101167315175,0.25
Right,random,Ang,HTL,RTT,1,0.5,1,2129,8,2106,73,QOTc-Ang-HS4,arc labels,,0.5952970297029703,0.015625,0.25
Right,random,Ang,HTL,RTT,1,0.5,1,2129,8,2106,73,QOTc-Ang-HSsrc,arc labels,,0.5375117868929751,0.009345794392523364,0.125
Right,random,Ang,HTL,RTT,1,0.5,1,2129,8,2106,73,QOTc-Ang-PCA,arc labels,64.0,0.6236150400754361,0.010948905109489052,0.375
Right,random,Ang,HTL,RTT,1,0.5,1,2129,8,2106,73,SDM-Ang-HS4,arc labels,,0.5422265440829797,0.011494252873563218,0.125
Right,random,Ang,HTL,RTT,1,0.5,1,2129,8,2106,73,SDM-Ang-HSsrc,arc labels,,0.5703088165959453,0.008547008547008548,0.25
Right,random,Ang,HTL,RTT,1,0.5,1,2129,8,2106,73,SDM-Ang-PCA,arc labels,64.0,0.5297324375294672,0.007142857142857143,0.125
Right,random,Ang,HTL,RTT,2,0.05,1,2129,6,213,7,NoAdapt,nothing,,0.49646726330664154,0.0,0.0
Right,random,Ang,HTL,RTT,2,0.05,1,2129,6,213,7,TargetOnly,arc labels,,0.8384754278536661,0.01483679525222552,0.8333333333333334
Right,random,Ang,HTL,RTT,2,0.05,1,2129,6,213,7,Source+Target,arc labels,,0.49646726330664154,0.0,0.0
Right,random,Ang,HTL,RTT,2,0.05,1,2129,6,213,7,COT,arc labels,,0.7197754749568221,0.005945303210463734,0.8333333333333334
Right,random,Ang,HTL,RTT,2,0.05,1,2129,6,213,7,none-Ang-HS4,arc labels,,0.4168629298162977,0.0,0.0
Right,random,Ang,HTL,RTT,2,0.05,1,2129,6,213,7,none-Ang-HSsrc,nothing,,0.5753257968283875,0.02857142857142857,0.16666666666666666
Right,random,Ang,HTL,RTT,2,0.05,1,2129,6,213,7,none-Ang-PCA,arc segments,64.0,0.49195321086512794,0.002570694087403599,0.16666666666666666
Right,random,Ang,HTL,RTT,2,0.05,1,2129,6,213,7,QOTu-Ang-HS4,arc labels,,0.6635657089024964,0.008108108108108109,0.5
Right,random,Ang,HTL,RTT,2,0.05,1,2129,6,213,7,QOTu-Ang-HSsrc,arc segments,,0.6602684879886953,0.0078125,0.5
Right,random,Ang,HTL,RTT,2,0.05,1,2129,6,213,7,QOTu-Ang-PCA,arc segments,64.0,0.6119877531794631,0.0050933786078098476,0.5
Right,random,Ang,HTL,RTT,2,0.05,1,2129,6,213,7,QOTc-Ang-HS4,arc labels,,0.6510833725859633,0.0070921985815602835,0.5
Right,random,Ang,HTL,RTT,2,0.05,1,2129,6,213,7,QOTc-Ang-HSsrc,arc labels,,0.6680405087140838,0.008547008547008548,0.5
Right,random,Ang,HTL,RTT,2,0.05,1,2129,6,213,7,QOTc-Ang-PCA,arc labels,64.0,0.5376432720992307,0.005128205128205128,0.16666666666666666
Right,random,Ang,HTL,RTT,2,0.05,1,2129,6,213,7,SDM-Ang-HS4,arc labels,,0.46486889621604643,0.001984126984126984,0.16666666666666666
Right,random,Ang,HTL,RTT,2,0.05,1,2129,6,213,7,SDM-Ang-HSsrc,arc labels,,0.7096875490657875,0.007561436672967864,0.6666666666666666
Right,random,Ang,HTL,RTT,2,0.05,1,2129,6,213,7,SDM-Ang-PCA,arc labels,64.0,0.5039645156225467,0.0029585798816568047,0.16666666666666666
Right,random,Ang,HTL,RTT,2,0.1,1,2129,6,426,19,NoAdapt,nothing,,0.49646726330664154,0.0,0.0
Right,random,Ang,HTL,RTT,2,0.1,1,2129,6,426,19,TargetOnly,arc labels,,0.8836944575286545,0.034482758620689655,0.8333333333333334
Right,random,Ang,HTL,RTT,2,0.1,1,2129,6,426,19,Source+Target,arc labels,,0.4952896844088554,0.0,0.0
Right,random,Ang,HTL,RTT,2,0.1,1,2129,6,426,19,COT,arc labels,,0.8495054168629298,0.009302325581395349,1.0
Right,random,Ang,HTL,RTT,2,0.1,1,2129,6,426,19,none-Ang-HS4,arc labels,,0.5753257968283875,0.02857142857142857,0.16666666666666666
Right,random,Ang,HTL,RTT,2,0.1,1,2129,6,426,19,none-Ang-HSsrc,nothing,,0.5753257968283875,0.02857142857142857,0.16666666666666666
Right,random,Ang,HTL,RTT,2,0.1,1,2129,6,426,19,none-Ang-PCA,arc segments,64.0,0.491011147746899,0.002544529262086514,0.16666666666666666
Right,random,Ang,HTL,RTT,2,0.1,1,2129,6,426,19,QOTu-Ang-HS4,arc labels,,0.6539095619406501,0.0072992700729927005,0.5
Right,random,Ang,HTL,RTT,2,0.1,1,2129,6,426,19,QOTu-Ang-HSsrc,arc segments,,0.6602684879886953,0.0078125,0.5
Right,random,Ang,HTL,RTT,2,0.1,1,2129,6,426,19,QOTu-Ang-PCA,arc segments,32.0,0.647786151672162,0.006864988558352402,0.5
Right,random,Ang,HTL,RTT,2,0.1,1,2129,6,426,19,QOTc-Ang-HS4,arc labels,,0.5891819751923378,0.006042296072507553,0.3333333333333333
Right,random,Ang,HTL,RTT,2,0.1,1,2129,6,426,19,QOTc-Ang-HSsrc,arc labels,,0.6049615324226723,0.007575757575757576,0.3333333333333333
Right,random,Ang,HTL,RTT,2,0.1,1,2129,6,426,19,QOTc-Ang-PCA,arc labels,64.0,0.5555424713455802,0.008403361344537815,0.16666666666666666
Right,random,Ang,HTL,RTT,2,0.1,1,2129,6,426,19,SDM-Ang-HS4,arc labels,,0.5289291882556131,0.004310344827586207,0.16666666666666666
Right,random,Ang,HTL,RTT,2,0.1,1,2129,6,426,19,SDM-Ang-HSsrc,arc labels,,0.585178206939865,0.005747126436781609,0.3333333333333333
Right,random,Ang,HTL,RTT,2,0.1,1,2129,6,426,19,SDM-Ang-PCA,arc labels,64.0,0.44677343382006596,0.0,0.0
Right,random,Ang,HTL,RTT,2,0.2,1,2129,6,852,32,NoAdapt,nothing,,0.49646726330664154,0.0,0.0
Right,random,Ang,HTL,RTT,2,0.2,1,2129,6,852,32,TargetOnly,arc labels,,0.8038938608886795,0.031007751937984496,0.6666666666666666
Right,random,Ang,HTL,RTT,2,0.2,1,2129,6,852,32,Source+Target,arc labels,,0.49128591615638245,0.0,0.0
Right,random,Ang,HTL,RTT,2,0.2,1,2129,6,852,32,COT,arc labels,,0.8591615638247763,0.009933774834437087,1.0
Right,random,Ang,HTL,RTT,2,0.2,1,2129,6,852,32,none-Ang-HS4,arc labels,,0.5741482179306013,0.025,0.16666666666666666
Right,random,Ang,HTL,RTT,2,0.2,1,2129,6,852,32,none-Ang-HSsrc,nothing,,0.5753257968283875,0.02857142857142857,0.16666666666666666
Right,random,Ang,HTL,RTT,2,0.2,1,2129,6,852,32,none-Ang-PCA,arc segments,16.0,0.48775317946302404,0.0,0.0
Right,random,Ang,HTL,RTT,2,0.2,1,2129,6,852,32,QOTu-Ang-HS4,arc labels,,0.6638012246820537,0.008130081300813009,0.5
Right,random,Ang,HTL,RTT,2,0.2,1,2129,6,852,32,QOTu-Ang-HSsrc,arc segments,,0.6602684879886953,0.0078125,0.5
Right,random,Ang,HTL,RTT,2,0.2,1,2129,6,852,32,QOTu-Ang-PCA,arc segments,32.0,0.6482571832312765,0.006896551724137931,0.5
Right,random,Ang,HTL,RTT,2,0.2,1,2129,6,852,32,QOTc-Ang-HS4,arc labels,,0.72052127492542,0.008281573498964804,0.6666666666666666
Right,random,Ang,HTL,RTT,2,0.2,1,2129,6,852,32,QOTc-Ang-HSsrc,arc labels,,0.6682760244936411,0.008571428571428572,0.5
Right,random,Ang,HTL,RTT,2,0.2,1,2129,6,852,32,QOTc-Ang-PCA,arc labels,64.0,0.6268644999214947,0.011695906432748537,0.3333333333333333
Right,random,Ang,HTL,RTT,2,0.2,1,2129,6,852,32,SDM-Ang-HS4,arc labels,,0.6452347307269587,0.021505376344086023,0.3333333333333333
Right,random,Ang,HTL,RTT,2,0.2,1,2129,6,852,32,SDM-Ang-HSsrc,arc labels,,0.7320615481237243,0.009216589861751152,0.6666666666666666
Right,random,Ang,HTL,RTT,2,0.2,1,2129,6,852,32,SDM-Ang-PCA,arc labels,64.0,0.6106139111320459,0.008333333333333333,0.3333333333333333
Right,random,Ang,HTL,RTT,2,0.3,1,2129,6,1278,47,NoAdapt,nothing,,0.49646726330664154,0.0,0.0
Right,random,Ang,HTL,RTT,2,0.3,1,2129,6,1278,47,TargetOnly,arc labels,,0.65277123567279,0.03278688524590164,0.3333333333333333
Right,random,Ang,HTL,RTT,2,0.3,1,2129,6,1278,47,Source+Target,arc labels,,0.5750902810488303,0.027777777777777776,0.16666666666666666
Right,random,Ang,HTL,RTT,2,0.3,1,2129,6,1278,47,COT,arc labels,,0.7433663055424713,0.010362694300518135,0.6666666666666666
Right,random,Ang,HTL,RTT,2,0.3,1,2129,6,1278,47,none-Ang-HS4,arc labels,,0.5753257968283875,0.02857142857142857,0.16666666666666666
Right,random,Ang,HTL,RTT,2,0.3,1,2129,6,1278,47,none-Ang-HSsrc,nothing,,0.5753257968283875,0.02857142857142857,0.16666666666666666
Right,random,Ang,HTL,RTT,2,0.3,1,2129,6,1278,47,none-Ang-PCA,arc segments,16.0,0.4813942534149788,0.0,0.0
Right,random,Ang,HTL,RTT,2,0.3,1,2129,6,1278,47,QOTu-Ang-HS4,arc labels,,0.6652143193593971,0.008264462809917356,0.5
Right,random,Ang,HTL,RTT,2,0.3,1,2129,6,1278,47,QOTu-Ang-HSsrc,arc segments,,0.6602684879886953,0.0078125,0.5
Right,random,Ang,HTL,RTT,2,0.3,1,2129,6,1278,47,QOTu-Ang-PCA,arc segments,32.0,0.6482571832312765,0.006896551724137931,0.5
Right,random,Ang,HTL,RTT,2,0.3,1,2129,6,1278,47,QOTc-Ang-HS4,arc labels,,0.7358298005966399,0.009569377990430622,0.6666666666666666
Right,random,Ang,HTL,RTT,2,0.3,1,2129,6,1278,47,QOTc-Ang-HSsrc,arc labels,,0.5943633223425969,0.006472491909385114,0.3333333333333333
Right,random,Ang,HTL,RTT,2,0.3,1,2129,6,1278,47,QOTc-Ang-PCA,arc labels,64.0,0.5505966399748783,0.007142857142857143,0.16666666666666666
Right,random,Ang,HTL,RTT,2,0.3,1,2129,6,1278,47,SDM-Ang-HS4,arc labels,,0.5776809546239599,0.04,0.16666666666666666
Right,random,Ang,HTL,RTT,2,0.3,1,2129,6,1278,47,SDM-Ang-HSsrc,arc labels,,0.6586198775317946,0.0076726342710997444,0.5
Right,random,Ang,HTL,RTT,2,0.3,1,2129,6,1278,47,SDM-Ang-PCA,arc labels,64.0,0.5470639032815199,0.0064516129032258064,0.16666666666666666
Right,random,Ang,HTL,RTT,2,0.5,1,2129,6,2106,76,NoAdapt,nothing,,0.49646726330664154,0.0,0.0
Right,random,Ang,HTL,RTT,2,0.5,1,2129,6,2106,76,TargetOnly,arc labels,,0.6499450463181033,0.0273972602739726,0.3333333333333333
Right,random,Ang,HTL,RTT,2,0.5,1,2129,6,2106,76,Source+Target,arc labels,,0.5699089338985712,0.017241379310344827,0.16666666666666666
Right,random,Ang,HTL,RTT,2,0.5,1,2129,6,2106,76,COT,arc labels,,0.6174046161092793,0.00530035335689046,0.5
Right,random,Ang,HTL,RTT,2,0.5,1,2129,6,2106,76,none-Ang-HS4,arc labels,,0.5741482179306013,0.025,0.16666666666666666
Right,random,Ang,HTL,RTT,2,0.5,1,2129,6,2106,76,none-Ang-HSsrc,nothing,,0.5753257968283875,0.02857142857142857,0.16666666666666666
Right,random,Ang,HTL,RTT,2,0.5,1,2129,6,2106,76,none-Ang-PCA,arc segments,16.0,0.37399905793688176,0.0,0.0
Right,random,Ang,HTL,RTT,2,0.5,1,2129,6,2106,76,QOTu-Ang-HS4,arc labels,,0.6649788035798399,0.008241758241758242,0.5
Right,random,Ang,HTL,RTT,2,0.5,1,2129,6,2106,76,QOTu-Ang-HSsrc,arc segments,,0.6602684879886953,0.0078125,0.5
Right,random,Ang,HTL,RTT,2,0.5,1,2129,6,2106,76,QOTu-Ang-PCA,arc segments,32.0,0.6482571832312765,0.006896551724137931,0.5
Right,random,Ang,HTL,RTT,2,0.5,1,2129,6,2106,76,QOTc-Ang-HS4,arc labels,,0.6854686764013189,0.010830324909747292,0.5
Right,random,Ang,HTL,RTT,2,0.5,1,2129,6,2106,76,QOTc-Ang-HSsrc,arc labels,,0.6033129219657717,0.007380073800738007,0.3333333333333333
Right,random,Ang,HTL,RTT,2,0.5,1,2129,6,2106,76,QOTc-Ang-PCA,arc labels,64.0,0.5418825561312608,0.005649717514124294,0.16666666666666666
Right,random,Ang,HTL,RTT,2,0.5,1,2129,6,2106,76,SDM-Ang-HS4,arc labels,,0.7276260009420632,0.030612244897959183,0.5
Right,random,Ang,HTL,RTT,2,0.5,1,2129,6,2106,76,SDM-Ang-HSsrc,arc labels,,0.660032972209138,0.007792207792207792,0.5
Right,random,Ang,HTL,RTT,2,0.5,1,2129,6,2106,76,SDM-Ang-PCA,arc labels,64.0,0.5199795886324384,0.003703703703703704,0.16666666666666666
Right,random,Ang,HTL,RTT,3,0.05,1,2129,6,213,7,NoAdapt,nothing,,0.49646726330664154,0.0,0.0
Right,random,Ang,HTL,RTT,3,0.05,1,2129,6,213,7,TargetOnly,arc labels,,0.6021353430679856,0.007246376811594203,0.3333333333333333
Right,random,Ang,HTL,RTT,3,0.05,1,2129,6,213,7,Source+Target,arc labels,,0.496938294865756,0.0,0.0
Right,random,Ang,HTL,RTT,3,0.05,1,2129,6,213,7,COT,arc labels,,0.6369131731826032,0.00477326968973747,0.6666666666666666
Right,random,Ang,HTL,RTT,3,0.05,1,2129,6,213,7,none-Ang-HS4,arc labels,,0.5753257968283875,0.02857142857142857,0.16666666666666666
Right,random,Ang,HTL,RTT,3,0.05,1,2129,6,213,7,none-Ang-HSsrc,nothing,,0.5753257968283875,0.02857142857142857,0.16666666666666666
Right,random,Ang,HTL,RTT,3,0.05,1,2129,6,213,7,none-Ang-PCA,arc segments,32.0,0.4074030460040823,0.001336898395721925,0.16666666666666666
Right,random,Ang,HTL,RTT,3,0.05,1,2129,6,213,7,QOTu-Ang-HS4,arc labels,,0.6480216674517192,0.006880733944954129,0.5
Right,random,Ang,HTL,RTT,3,0.05,1,2129,6,213,7,QOTu-Ang-HSsrc,arc segments,,0.6583843617522374,0.007653061224489796,0.5
Right,random,Ang,HTL,RTT,3,0.05,1,2129,6,213,7,QOTu-Ang-PCA,arc segments,32.0,0.6414272256241168,0.00646551724137931,0.5
Right,random,Ang,HTL,RTT,3,0.05,1,2129,6,213,7,QOTc-Ang-HS4,arc labels,,0.7047417176950855,0.007272727272727273,0.6666666666666666
Right,random,Ang,HTL,RTT,3,0.05,1,2129,6,213,7,QOTc-Ang-HSsrc,arc labels,,0.5934212592243681,0.006389776357827476,0.3333333333333333
Right,random,Ang,HTL,RTT,3,0.05,1,2129,6,213,7,QOTc-Ang-PCA,arc labels,64.0,0.49246349505416864,0.0,0.0
Right,random,Ang,HTL,RTT,3,0.05,1,2129,6,213,7,SDM-Ang-HS4,arc labels,,0.5046710629612184,0.0029850746268656717,0.16666666666666666
Right,random,Ang,HTL,RTT,3,0.05,1,2129,6,213,7,SDM-Ang-HSsrc,arc labels,,0.7876040194693045,0.009041591320072333,0.8333333333333334
Right,random,Ang,HTL,RTT,3,0.05,1,2129,6,213,7,SDM-Ang-PCA,arc labels,32.0,0.49340555817239756,0.0,0.0
Right,random,Ang,HTL,RTT,3,0.1,1,2129,6,426,12,NoAdapt,nothing,,0.49646726330664154,0.0,0.0
Right,random,Ang,HTL,RTT,3,0.1,1,2129,6,426,12,TargetOnly,arc labels,,0.6539488145705762,0.03571428571428571,0.3333333333333333
Right,random,Ang,HTL,RTT,3,0.1,1,2129,6,426,12,Source+Target,arc labels,,0.4948186528497409,0.0,0.0
Right,random,Ang,HTL,RTT,3,0.1,1,2129,6,426,12,COT,arc labels,,0.6879415920866698,0.004507888805409466,1.0
Right,random,Ang,HTL,RTT,3,0.1,1,2129,6,426,12,none-Ang-HS4,arc labels,,0.5722640916941435,0.020833333333333332,0.16666666666666666
Right,random,Ang,HTL,RTT,3,0.1,1,2129,6,426,12,none-Ang-HSsrc,nothing,,0.5753257968283875,0.02857142857142857,0.16666666666666666
Right,random,Ang,HTL,RTT,3,0.1,1,2129,6,426,12,none-Ang-PCA,arc segments,32.0,0.40339927775160933,0.00130718954248366,0.16666666666666666
Right,random,Ang,HTL,RTT,3,0.1,1,2129,6,426,12,QOTu-Ang-HS4,arc labels,,0.6484926990108337,0.0069124423963133645,0.5
Right,random,Ang,HTL,RTT,3,0.1,1,2129,6,426,12,QOTu-Ang-HSsrc,arc segments,,0.6581488459726802,0.007633587786259542,0.5
Right,random,Ang,HTL,RTT,3,0.1,1,2129,6,426,12,QOTu-Ang-PCA,arc segments,32.0,0.6275317946302402,0.0057361376673040155,0.5
Right,random,Ang,HTL,RTT,3,0.1,1,2129,6,426,12,QOTc-Ang-HS4,arc labels,,0.5531873135500078,0.007751937984496124,0.16666666666666666
Right,random,Ang,HTL,RTT,3,0.1,1,2129,6,426,12,QOTc-Ang-HSsrc,arc labels,,0.5371722405401161,0.005076142131979695,0.16666666666666666
Right,random,Ang,HTL,RTT,3,0.1,1,2129,6,426,12,QOTc-Ang-PCA,arc labels,64.0,0.5708509970168001,0.018518518518518517,0.16666666666666666
Right,random,Ang,HTL,RTT,3,0.1,1,2129,6,426,12,SDM-Ang-HS4,arc labels,,0.4448893075836081,0.0,0.0
Right,random,Ang,HTL,RTT,3,0.1,1,2129,6,426,12,SDM-Ang-HSsrc,arc labels,,0.6353038153556289,0.006122448979591836,0.5
Right,random,Ang,HTL,RTT,3,0.1,1,2129,6,426,12,SDM-Ang-PCA,arc labels,64.0,0.5656696498665411,0.013157894736842105,0.16666666666666666
Right,random,Ang,HTL,RTT,3,0.2,1,2129,6,852,31,NoAdapt,nothing,,0.49646726330664154,0.0,0.0
Right,random,Ang,HTL,RTT,3,0.2,1,2129,6,852,31,TargetOnly,arc labels,,0.6501805620976605,0.027777777777777776,0.3333333333333333
Right,random,Ang,HTL,RTT,3,0.2,1,2129,6,852,31,Source+Target,arc labels,,0.49105040037682524,0.0,0.0
Right,random,Ang,HTL,RTT,3,0.2,1,2129,6,852,31,COT,arc labels,,0.534071282775946,0.0035398230088495575,0.3333333333333333
Right,random,Ang,HTL,RTT,3,0.2,1,2129,6,852,31,none-Ang-HS4,arc labels,,0.5741482179306013,0.025,0.16666666666666666
Right,random,Ang,HTL,RTT,3,0.2,1,2129,6,852,31,none-Ang-HSsrc,nothing,,0.5753257968283875,0.02857142857142857,0.16666666666666666
Right,random,Ang,HTL,RTT,3,0.2,1,2129,6,852,31,none-Ang-PCA,arc segments,16.0,0.4905793688177108,0.0,0.0
Right,random,Ang,HTL,RTT,3,0.2,1,2129,6,852,31,QOTu-Ang-HS4,arc labels,,0.6612105511069242,0.007894736842105263,0.5
Right,random,Ang,HTL,RTT,3,0.2,1,2129,6,852,31,QOTu-Ang-HSsrc,arc segments,,0.6583843617522374,0.007653061224489796,0.5
Right,random,Ang,HTL,RTT,3,0.2,1,2129,6,852,31,QOTu-Ang-PCA,arc segments,32.0,0.6268252472915685,0.005703422053231939,0.5
Right,random,Ang,HTL,RTT,3,0.2,1,2129,6,852,31,QOTc-Ang-HS4,arc labels,,0.6009577641701994,0.0071174377224199285,0.3333333333333333
Right,random,Ang,HTL,RTT,3,0.2,1,2129,6,852,31,QOTc-Ang-HSsrc,arc labels,,0.6016643115088711,0.007194244604316547,0.3333333333333333
Right,random,Ang,HTL,RTT,3,0.2,1,2129,6,852,31,QOTc-Ang-PCA,arc labels,64.0,0.5520097346522217,0.007462686567164179,0.16666666666666666
Right,random,Ang,HTL,RTT,3,0.2,1,2129,6,852,31,SDM-Ang-HS4,arc labels,,0.48186528497409326,0.0,0.0
Right,random,Ang,HTL,RTT,3,0.2,1,2129,6,852,31,SDM-Ang-HSsrc,arc labels,,0.6456665096561469,0.006726457399103139,0.5
Right,random,Ang,HTL,RTT,3,0.2,1,2129,6,852,31,SDM-Ang-PCA,arc labels,64.0,0.5138561783639504,0.0033783783783783786,0.16666666666666666
Right,random,Ang,HTL,RTT,3,0.3,1,2129,6,1278,50,NoAdapt,nothing,,0.49646726330664154,0.0,0.0
Right,random,Ang,HTL,RTT,3,0.3,1,2129,6,1278,50,TargetOnly,arc labels,,0.6494740147589888,0.02666666666666667,0.3333333333333333
Right,random,Ang,HTL,RTT,3,0.3,1,2129,6,1278,50,Source+Target,arc labels,,0.5710865127963574,0.018867924528301886,0.16666666666666666
Right,random,Ang,HTL,RTT,3,0.3,1,2129,6,1278,50,COT,arc labels,,0.5451405244151358,0.003861003861003861,0.3333333333333333
Right,random,Ang,HTL,RTT,3,0.3,1,2129,6,1278,50,none-Ang-HS4,arc labels,,0.5741482179306013,0.025,0.16666666666666666
Right,random,Ang,HTL,RTT,3,0.3,1,2129,6,1278,50,none-Ang-HSsrc,nothing,,0.5753257968283875,0.02857142857142857,0.16666666666666666
Right,random,Ang,HTL,RTT,3,0.3,1,2129,6,1278,50,none-Ang-PCA,arc segments,32.0,0.4187078034228293,0.0014285714285714286,0.16666666666666666
Right,random,Ang,HTL,RTT,3,0.3,1,2129,6,1278,50,QOTu-Ang-HS4,arc labels,,0.6489637305699482,0.006944444444444444,0.5
Right,random,Ang,HTL,RTT,3,0.3,1,2129,6,1278,50,QOTu-Ang-HSsrc,arc segments,,0.6583843617522374,0.007653061224489796,0.5
Right,random,Ang,HTL,RTT,3,0.3,1,2129,6,1278,50,QOTu-Ang-PCA,arc segments,32.0,0.6275317946302402,0.0057361376673040155,0.5
Right,random,Ang,HTL,RTT,3,0.3,1,2129,6,1278,50,QOTc-Ang-HS4,arc labels,,0.6739284032030146,0.009202453987730062,0.5
Right,random,Ang,HTL,RTT,3,0.3,1,2129,6,1278,50,QOTc-Ang-HSsrc,arc labels,,0.6016643115088711,0.007194244604316547,0.3333333333333333
Right,random,Ang,HTL,RTT,3,0.3,1,2129,6,1278,50,QOTc-Ang-PCA,arc labels,64.0,0.6165018056209766,0.009302325581395349,0.3333333333333333
Right,random,Ang,HTL,RTT,3,0.3,1,2129,6,1278,50,SDM-Ang-HS4,arc labels,,0.43664625529910506,0.0,0.0
Right,random,Ang,HTL,RTT,3,0.3,1,2129,6,1278,50,SDM-Ang-HSsrc,arc labels,,0.6456665096561469,0.006726457399103139,0.5
Right,random,Ang,HTL,RTT,3,0.3,1,2129,6,1278,50,SDM-Ang-PCA,arc labels,32.0,0.5249254200031402,0.004016064257028112,0.16666666666666666
Right,random,Ang,HTL,RTT,3,0.5,1,2129,6,2106,76,NoAdapt,nothing,,0.49646726330664154,0.0,0.0
Right,random,Ang,HTL,RTT,3,0.5,1,2129,6,2106,76,TargetOnly,arc labels,,0.6447636991678443,0.021052631578947368,0.3333333333333333
Right,random,Ang,HTL,RTT,3,0.5,1,2129,6,2106,76,Source+Target,arc labels,,0.5699089338985712,0.017241379310344827,0.16666666666666666
Right,random,Ang,HTL,RTT,3,0.5,1,2129,6,2106,76,COT,arc labels,,0.6075129533678756,0.004934210526315789,0.5
Right,random,Ang,HTL,RTT,3,0.5,1,2129,6,2106,76,none-Ang-HS4,arc labels,,0.5741482179306013,0.025,0.16666666666666666
Right,random,Ang,HTL,RTT,3,0.5,1,2129,6,2106,76,none-Ang-HSsrc,nothing,,0.5753257968283875,0.02857142857142857,0.16666666666666666
Right,random,Ang,HTL,RTT,3,0.5,1,2129,6,2106,76,none-Ang-PCA,arc segments,32.0,0.4241246663526456,0.0014771048744460858,0.16666666666666666
Right,random,Ang,HTL,RTT,3,0.5,1,2129,6,2106,76,QOTu-Ang-HS4,arc labels,,0.6623881300047103,0.008,0.5
Right,random,Ang,HTL,RTT,3,0.5,1,2129,6,2106,76,QOTu-Ang-HSsrc,arc segments,,0.6583843617522374,0.007653061224489796,0.5
Right,random,Ang,HTL,RTT,3,0.5,1,2129,6,2106,76,QOTu-Ang-PCA,arc segments,32.0,0.6270607630711258,0.005714285714285714,0.5
Right,random,Ang,HTL,RTT,3,0.5,1,2129,6,2106,76,QOTc-Ang-HS4,arc labels,,0.6628591615638249,0.00804289544235925,0.5
Right,random,Ang,HTL,RTT,3,0.5,1,2129,6,2106,76,QOTc-Ang-HSsrc,arc labels,,0.584236143821636,0.005681818181818182,0.3333333333333333
Right,random,Ang,HTL,RTT,3,0.5,1,2129,6,2106,76,QOTc-Ang-PCA,arc labels,64.0,0.5981315748155126,0.006825938566552901,0.3333333333333333
Right,random,Ang,HTL,RTT,3,0.5,1,2129,6,2106,76,SDM-Ang-HS4,arc labels,,0.6388758046789135,0.016666666666666666,0.3333333333333333
Right,random,Ang,HTL,RTT,3,0.5,1,2129,6,2106,76,SDM-Ang-HSsrc,arc labels,,0.6581488459726802,0.007633587786259542,0.5
Right,random,Ang,HTL,RTT,3,0.5,1,2129,6,2106,76,SDM-Ang-PCA,arc labels,64.0,0.596482964358612,0.006666666666666667,0.3333333333333333
Right,random,Ang,HTL,RTT,4,0.05,1,2129,7,213,6,NoAdapt,nothing,,0.4964655984919887,0.0,0.0
Right,random,Ang,HTL,RTT,4,0.05,1,2129,7,213,6,TargetOnly,arc labels,,0.7737309815537903,0.013927576601671309,0.7142857142857143
Right,random,Ang,HTL,RTT,4,0.05,1,2129,7,213,6,Source+Target,arc labels,,0.49858623939679547,0.0,0.0
Right,random,Ang,HTL,RTT,4,0.05,1,2129,7,213,6,COT,arc labels,,0.6111148512185269,0.005369127516778523,0.5714285714285714
Right,random,Ang,HTL,RTT,4,0.05,1,2129,7,213,6,none-Ang-HS4,arc labels,,0.49811498586239394,0.0,0.0
Right,random,Ang,HTL,RTT,4,0.05,1,2129,7,213,6,none-Ang-HSsrc,nothing,,0.5634172613437458,0.02857142857142857,0.14285714285714285
Right,random,Ang,HTL,RTT,4,0.05,1,2129,7,213,6,none-Ang-PCA,arc segments,32.0,0.48003904672142184,0.002886002886002886,0.2857142857142857
Right,random,Ang,HTL,RTT,4,0.05,1,2129,7,213,6,QOTu-Ang-HS4,arc labels,,0.6197993806382119,0.007425742574257425,0.42857142857142855
Right,random,Ang,HTL,RTT,4,0.05,1,2129,7,213,6,QOTu-Ang-HSsrc,arc segments,,0.6223912750774202,0.007633587786259542,0.42857142857142855
Right,random,Ang,HTL,RTT,4,0.05,1,2129,7,213,6,QOTu-Ang-PCA,arc segments,4.0,0.6195974148377541,0.005641748942172073,0.5714285714285714
Right,random,Ang,HTL,RTT,4,0.05,1,2129,7,213,6,QOTc-Ang-HS4,arc labels,,0.7367375791032719,0.009689922480620155,0.7142857142857143
Right,random,Ang,HTL,RTT,4,0.05,1,2129,7,213,6,QOTc-Ang-HSsrc,arc labels,,0.5622727884744849,0.005813953488372093,0.2857142857142857
Right,random,Ang,HTL,RTT,4,0.05,1,2129,7,213,6,QOTc-Ang-PCA,arc labels,64.0,0.5570889995960684,0.00546448087431694,0.2857142857142857
Right,random,Ang,HTL,RTT,4,0.05,1,2129,7,213,6,SDM-Ang-HS4,arc labels,,0.654200888649522,0.011627906976744186,0.42857142857142855
Right,random,Ang,HTL,RTT,4,0.05,1,2129,7,213,6,SDM-Ang-HSsrc,arc labels,,0.6433957183250303,0.006578947368421052,0.5714285714285714
Right,random,Ang,HTL,RTT,4,0.05,1,2129,7,213,6,SDM-Ang-PCA,arc labels,64.0,0.49272923118351963,0.0029850746268656717,0.14285714285714285
Right,random,Ang,HTL,RTT,4,0.1,1,2129,7,426,18,NoAdapt,nothing,,0.4964655984919887,0.0,0.0
Right,random,Ang,HTL,RTT,4,0.1,1,2129,7,426,18,TargetOnly,arc labels,,0.7803285310354113,0.015105740181268883,0.7142857142857143
Right,random,Ang,HTL,RTT,4,0.1,1,2129,7,426,18,Source+Target,arc labels,,0.49316682375117815,0.0,0.0
Right,random,Ang,HTL,RTT,4,0.1,1,2129,7,426,18,COT,arc labels,,0.6346775279386023,0.006201550387596899,0.5714285714285714
Right,random,Ang,HTL,RTT,4,0.1,1,2129,7,426,18,none-Ang-HS4,arc labels,,0.49717247879359094,0.0,0.0
Right,random,Ang,HTL,RTT,4,0.1,1,2129,7,426,18,none-Ang-HSsrc,nothing,,0.5634172613437458,0.02857142857142857,0.14285714285714285
Right,random,Ang,HTL,RTT,4,0.1,1,2129,7,426,18,none-Ang-PCA,arc segments,32.0,0.4762690184462098,0.0028208744710860366,0.2857142857142857
Right,random,Ang,HTL,RTT,4,0.1,1,2129,7,426,18,QOTu-Ang-HS4,arc labels,,0.6134374579237916,0.0069605568445475635,0.42857142857142855
Right,random,Ang,HTL,RTT,4,0.1,1,2129,7,426,18,QOTu-Ang-HSsrc,arc segments,,0.622626901844621,0.007653061224489796,0.42857142857142855
Right,random,Ang,HTL,RTT,4,0.1,1,2129,7,426,18,QOTu-Ang-PCA,arc segments,32.0,0.5941160630133298,0.005847953216374269,0.42857142857142855
Right,random,Ang,HTL,RTT,4,0.1,1,2129,7,426,18,QOTc-Ang-HS4,arc labels,,0.6801871549750909,0.006613756613756613,0.7142857142857143
Right,random,Ang,HTL,RTT,4,0.1,1,2129,7,426,18,QOTc-Ang-HSsrc,arc labels,,0.6301669583950451,0.008333333333333333,0.42857142857142855
Right,random,Ang,HTL,RTT,4,0.1,1,2129,7,426,18,QOTc-Ang-PCA,arc labels,64.0,0.6869866702571698,0.009456264775413711,0.5714285714285714
Right,random,Ang,HTL,RTT,4,0.1,1,2129,7,426,18,SDM-Ang-HS4,arc labels,,0.6507338090749966,0.0056753688989784334,0.7142857142857143
Right,random,Ang,HTL,RTT,4,0.1,1,2129,7,426,18,SDM-Ang-HSsrc,arc labels,,0.6676652753467079,0.007920792079207921,0.5714285714285714
Right,random,Ang,HTL,RTT,4,0.1,1,2129,7,426,18,SDM-Ang-PCA,arc labels,64.0,0.6183856200350074,0.007317073170731708,0.42857142857142855
Right,random,Ang,HTL,RTT,4,0.2,1,2129,7,852,32,NoAdapt,nothing,,0.4964655984919887,0.0,0.0
Right,random,Ang,HTL,RTT,4,0.2,1,2129,7,852,32,TargetOnly,arc labels,,0.7449508549885553,0.022598870056497175,0.5714285714285714
Right,random,Ang,HTL,RTT,4,0.2,1,2129,7,852,32,Source+Target,arc labels,,0.5620035007405413,0.024390243902439025,0.14285714285714285
Right,random,Ang,HTL,RTT,4,0.2,1,2129,7,852,32,COT,arc labels,,0.5476975898747812,0.004225352112676056,0.42857142857142855
Right,random,Ang,HTL,RTT,4,0.2,1,2129,7,852,32,none-Ang-HS4,arc labels,,0.562239127507742,0.025,0.14285714285714285
Right,random,Ang,HTL,RTT,4,0.2,1,2129,7,852,32,none-Ang-HSsrc,nothing,,0.5634172613437458,0.02857142857142857,0.14285714285714285
Right,random,Ang,HTL,RTT,4,0.2,1,2129,7,852,32,none-Ang-PCA,arc segments,64.0,0.4564427090346035,0.002044989775051125,0.14285714285714285
Right,random,Ang,HTL,RTT,4,0.2,1,2129,7,852,32,QOTu-Ang-HS4,arc labels,,0.6261613033526323,0.007957559681697613,0.42857142857142855
Right,random,Ang,HTL,RTT,4,0.2,1,2129,7,852,32,QOTu-Ang-HSsrc,arc segments,,0.622626901844621,0.007653061224489796,0.42857142857142855
Right,random,Ang,HTL,RTT,4,0.2,1,2129,7,852,32,QOTu-Ang-PCA,arc segments,8.0,0.5943516897805304,0.005859375,0.42857142857142855
Right,random,Ang,HTL,RTT,4,0.2,1,2129,7,852,32,QOTc-Ang-HS4,arc labels,,0.673320317759526,0.008316008316008316,0.5714285714285714
Right,random,Ang,HTL,RTT,4,0.2,1,2129,7,852,32,QOTc-Ang-HSsrc,arc labels,,0.5773529015753333,0.007142857142857143,0.2857142857142857
Right,random,Ang,HTL,RTT,4,0.2,1,2129,7,852,32,QOTc-Ang-PCA,arc labels,64.0,0.6719065571563215,0.008213552361396304,0.5714285714285714
Right,random,Ang,HTL,RTT,4,0.2,1,2129,7,852,32,SDM-Ang-HS4,arc labels,,0.5363201831156591,0.006666666666666667,0.14285714285714285
Right,random,Ang,HTL,RTT,4,0.2,1,2129,7,852,32,SDM-Ang-HSsrc,arc labels,,0.6084892958125757,0.00663716814159292,0.42857142857142855
Right,random,Ang,HTL,RTT,4,0.2,1,2129,7,852,32,SDM-Ang-PCA,arc labels,64.0,0.44344957587181905,0.0,0.0
Right,random,Ang,HTL,RTT,4,0.3,1,2129,7,1278,42,NoAdapt,nothing,,0.4964655984919887,0.0,0.0
Right,random,Ang,HTL,RTT,4,0.3,1,2129,7,1278,42,TargetOnly,arc labels,,0.7503702706341726,0.025974025974025976,0.5714285714285714
Right,random,Ang,HTL,RTT,4,0.3,1,2129,7,1278,42,Source+Target,arc labels,,0.5582334724653292,0.017543859649122806,0.14285714285714285
Right,random,Ang,HTL,RTT,4,0.3,1,2129,7,1278,42,COT,arc labels,,0.5509963646155918,0.004310344827586207,0.42857142857142855
Right,random,Ang,HTL,RTT,4,0.3,1,2129,7,1278,42,none-Ang-HS4,arc labels,,0.562239127507742,0.025,0.14285714285714285
Right,random,Ang,HTL,RTT,4,0.3,1,2129,7,1278,42,none-Ang-HSsrc,nothing,,0.5634172613437458,0.02857142857142857,0.14285714285714285
Right,random,Ang,HTL,RTT,4,0.3,1,2129,7,1278,42,none-Ang-PCA,arc segments,32.0,0.4934697724518648,0.0031446540880503146,0.2857142857142857
Right,random,Ang,HTL,RTT,4,0.3,1,2129,7,1278,42,QOTu-Ang-HS4,arc labels,,0.6134374579237916,0.0069605568445475635,0.42857142857142855
Right,random,Ang,HTL,RTT,4,0.3,1,2129,7,1278,42,QOTu-Ang-HSsrc,arc segments,,0.622626901844621,0.007653061224489796,0.42857142857142855
Right,random,Ang,HTL,RTT,4,0.3,1,2129,7,1278,42,QOTu-Ang-PCA,arc segments,4.0,0.7053992190655716,0.007704160246533128,0.7142857142857143
Right,random,Ang,HTL,RTT,4,0.3,1,2129,7,1278,42,QOTc-Ang-HS4,arc labels,,0.6589470849602801,0.007380073800738007,0.5714285714285714
Right,random,Ang,HTL,RTT,4,0.3,1,2129,7,1278,42,QOTc-Ang-HSsrc,arc labels,,0.6308738386966474,0.008403361344537815,0.42857142857142855
Right,random,Ang,HTL,RTT,4,0.3,1,2129,7,1278,42,QOTc-Ang-PCA,arc labels,64.0,0.6214487680086171,0.007556675062972292,0.42857142857142855
Right,random,Ang,HTL,RTT,4,0.3,1,2129,7,1278,42,SDM-Ang-HS4,arc labels,,0.5971455500201965,0.01020408163265306,0.2857142857142857
Right,random,Ang,HTL,RTT,4,0.3,1,2129,7,1278,42,SDM-Ang-HSsrc,arc labels,,0.6707284233203177,0.008130081300813009,0.5714285714285714
Right,random,Ang,HTL,RTT,4,0.3,1,2129,7,1278,42,SDM-Ang-PCA,arc labels,64.0,0.45216776625824695,0.0,0.0
Right,random,Ang,HTL,RTT,4,0.5,1,2129,7,2106,75,NoAdapt,nothing,,0.4964655984919887,0.0,0.0
Right,random,Ang,HTL,RTT,4,0.5,1,2129,7,2106,75,TargetOnly,arc labels,,0.6836542345496163,0.022556390977443608,0.42857142857142855
Right,random,Ang,HTL,RTT,4,0.5,1,2129,7,2106,75,Source+Target,arc labels,,0.5579978456981285,0.017241379310344827,0.14285714285714285
Right,random,Ang,HTL,RTT,4,0.5,1,2129,7,2106,75,COT,arc labels,,0.5434563080651676,0.004120879120879121,0.42857142857142855
Right,random,Ang,HTL,RTT,4,0.5,1,2129,7,2106,75,none-Ang-HS4,arc labels,,0.562239127507742,0.025,0.14285714285714285
Right,random,Ang,HTL,RTT,4,0.5,1,2129,7,2106,75,none-Ang-HSsrc,nothing,,0.5634172613437458,0.02857142857142857,0.14285714285714285
Right,random,Ang,HTL,RTT,4,0.5,1,2129,7,2106,75,none-Ang-PCA,arc segments,16.0,0.4349670122525919,0.0,0.0
Right,random,Ang,HTL,RTT,4,0.5,1,2129,7,2106,75,QOTu-Ang-HS4,arc labels,,0.6256900498182307,0.0079155672823219,0.42857142857142855
Right,random,Ang,HTL,RTT,4,0.5,1,2129,7,2106,75,QOTu-Ang-HSsrc,arc segments,,0.622626901844621,0.007653061224489796,0.42857142857142855
Right,random,Ang,HTL,RTT,4,0.5,1,2129,7,2106,75,QOTu-Ang-PCA,arc segments,4.0,0.6469301198330416,0.006745362563237774,0.5714285714285714
Right,random,Ang,HTL,RTT,4,0.5,1,2129,7,2106,75,QOTc-Ang-HS4,arc labels,,0.6311094654638482,0.008426966292134831,0.42857142857142855
Right,random,Ang,HTL,RTT,4,0.5,1,2129,7,2106,75,QOTc-Ang-HSsrc,arc labels,,0.6318163457654504,0.0084985835694051,0.42857142857142855
Right,random,Ang,HTL,RTT,4,0.5,1,2129,7,2106,75,QOTc-Ang-PCA,arc labels,64.0,0.6384138952470715,0.009230769230769232,0.42857142857142855
Right,random,Ang,HTL,RTT,4,0.5,1,2129,7,2106,75,SDM-Ang-HS4,arc labels,,0.6739935370943854,0.017241379310344827,0.42857142857142855
Right,random,Ang,HTL,RTT,4,0.5,1,2129,7,2106,75,SDM-Ang-HSsrc,arc labels,,0.6223912750774202,0.007633587786259542,0.42857142857142855
Right,random,Ang,HTL,RTT,4,0.5,1,2129,7,2106,75,SDM-Ang-PCA,arc labels,64.0,0.5323145280732463,0.005988023952095809,0.14285714285714285
Right,random,Ang,HTL,RTT,5,0.05,1,2129,22,213,6,NoAdapt,nothing,,0.5390473314061354,0.06896551724137931,0.09090909090909091
Right,random,Ang,HTL,RTT,5,0.05,1,2129,22,213,6,TargetOnly,arc labels,,0.6824222289338568,0.05025125628140704,0.45454545454545453
Right,random,Ang,HTL,RTT,5,0.05,1,2129,22,213,6,Source+Target,arc labels,,0.5414203736462873,0.10526315789473684,0.09090909090909091
Right,random,Ang,HTL,RTT,5,0.05,1,2129,22,213,6,COT,arc labels,,0.40124908314277086,0.005555555555555556,0.22727272727272727
Right,random,Ang,HTL,RTT,5,0.05,1,2129,22,213,6,none-Ang-HS4,arc labels,,0.602720369331665,0.09803921568627451,0.22727272727272727
Right,random,Ang,HTL,RTT,5,0.05,1,2129,22,213,6,none-Ang-HSsrc,nothing,,0.6031949777796953,0.10204081632653061,0.22727272727272727
Right,random,Ang,HTL,RTT,5,0.05,1,2129,22,213,6,none-Ang-PCA,arc segments,32.0,0.6182422228933857,0.01809954751131222,0.5454545454545454
Right,random,Ang,HTL,RTT,5,0.05,1,2129,22,213,6,QOTu-Ang-HS4,arc labels,,0.5991823790827113,0.019867549668874173,0.4090909090909091
Right,random,Ang,HTL,RTT,5,0.05,1,2129,22,213,6,QOTu-Ang-HSsrc,arc segments,,0.612708719851577,0.022727272727272728,0.4090909090909091
Right,random,Ang,HTL,RTT,5,0.05,1,2129,22,213,6,QOTu-Ang-PCA,arc segments,32.0,0.5941450576002071,0.017513134851138354,0.45454545454545453
Right,random,Ang,HTL,RTT,5,0.05,1,2129,22,213,6,QOTc-Ang-HS4,arc labels,,0.6268714674030289,0.13043478260869565,0.2727272727272727
Right,random,Ang,HTL,RTT,5,0.05,1,2129,22,213,6,QOTc-Ang-HSsrc,arc labels,,0.5490896147042327,0.018050541516245487,0.22727272727272727
Right,random,Ang,HTL,RTT,5,0.05,1,2129,22,213,6,QOTc-Ang-PCA,arc labels,32.0,0.5423156577641628,0.026785714285714284,0.13636363636363635
Right,random,Ang,HTL,RTT,5,0.05,1,2129,22,213,6,SDM-Ang-HS4,arc labels,,0.5833153557406049,0.1111111111111111,0.18181818181818182
Right,random,Ang,HTL,RTT,5,0.05,1,2129,22,213,6,SDM-Ang-HSsrc,arc labels,,0.6081999395952884,0.021686746987951807,0.4090909090909091
Right,random,Ang,HTL,RTT,5,0.05,1,2129,22,213,6,SDM-Ang-PCA,arc labels,64.0,0.5487228718125727,0.03529411764705882,0.13636363636363635
Right,random,Ang,HTL,RTT,5,0.1,1,2129,22,426,10,NoAdapt,nothing,,0.5390473314061354,0.06896551724137931,0.09090909090909091
Right,random,Ang,HTL,RTT,5,0.1,1,2129,22,426,10,TargetOnly,arc labels,,0.7207037148897615,0.039634146341463415,0.5909090909090909
Right,random,Ang,HTL,RTT,5,0.1,1,2129,22,426,10,Source+Target,arc labels,,0.516794667126893,0.038461538461538464,0.045454545454545456
Right,random,Ang,HTL,RTT,5,0.1,1,2129,22,426,10,COT,arc labels,,0.5061591232687578,0.010650887573964497,0.4090909090909091
Right,random,Ang,HTL,RTT,5,0.1,1,2129,22,426,10,none-Ang-HS4,arc labels,,0.6012965439875738,0.08771929824561403,0.22727272727272727
Right,random,Ang,HTL,RTT,5,0.1,1,2129,22,426,10,none-Ang-HSsrc,nothing,,0.6031949777796953,0.10204081632653061,0.22727272727272727
Right,random,Ang,HTL,RTT,5,0.1,1,2129,22,426,10,none-Ang-PCA,arc segments,8.0,0.5409457651982569,0.09523809523809523,0.09090909090909091
Right,random,Ang,HTL,RTT,5,0.1,1,2129,22,426,10,QOTu-Ang-HS4,arc labels,,0.641498036846874,0.021238938053097345,0.5454545454545454
Right,random,Ang,HTL,RTT,5,0.1,1,2129,22,426,10,QOTu-Ang-HSsrc,arc segments,,0.6122341114035467,0.022613065326633167,0.4090909090909091
Right,random,Ang,HTL,RTT,5,0.1,1,2129,22,426,10,QOTu-Ang-PCA,arc segments,4.0,0.6031086853345989,0.01746031746031746,0.5
Right,random,Ang,HTL,RTT,5,0.1,1,2129,22,426,10,QOTc-Ang-HS4,arc labels,,0.6004983388704319,0.0171606864274571,0.5
Right,random,Ang,HTL,RTT,5,0.1,1,2129,22,426,10,QOTc-Ang-HSsrc,arc labels,,0.5857639038702162,0.022151898734177215,0.3181818181818182
Right,random,Ang,HTL,RTT,5,0.1,1,2129,22,426,10,QOTc-Ang-PCA,arc labels,64.0,0.5174742201320275,0.011834319526627219,0.2727272727272727
Right,random,Ang,HTL,RTT,5,0.1,1,2129,22,426,10,SDM-Ang-HS4,arc labels,,0.5877917763299824,0.017964071856287425,0.4090909090909091
Right,random,Ang,HTL,RTT,5,0.1,1,2129,22,426,10,SDM-Ang-HSsrc,arc labels,,0.5982331621866506,0.019693654266958426,0.4090909090909091
Right,random,Ang,HTL,RTT,5,0.1,1,2129,22,426,10,SDM-Ang-PCA,arc labels,64.0,0.5581071752168097,0.02092050209205021,0.22727272727272727
Right,random,Ang,HTL,RTT,5,0.2,1,2129,22,852,21,NoAdapt,nothing,,0.5390473314061354,0.06896551724137931,0.09090909090909091
Right,random,Ang,HTL,RTT,5,0.2,1,2129,22,852,21,TargetOnly,arc labels,,0.6812357078137808,0.049019607843137254,0.45454545454545453
Right,random,Ang,HTL,RTT,5,0.2,1,2129,22,852,21,Source+Target,arc labels,,0.5792811839323467,0.07547169811320754,0.18181818181818182
Right,random,Ang,HTL,RTT,5,0.2,1,2129,22,852,21,COT,arc labels,,0.5452603874530785,0.01287001287001287,0.45454545454545453
Right,random,Ang,HTL,RTT,5,0.2,1,2129,22,852,21,none-Ang-HS4,arc labels,,0.6010592397635587,0.08620689655172414,0.22727272727272727
Right,random,Ang,HTL,RTT,5,0.2,1,2129,22,852,21,none-Ang-HSsrc,nothing,,0.6031949777796953,0.10204081632653061,0.22727272727272727
Right,random,Ang,HTL,RTT,5,0.2,1,2129,22,852,21,none-Ang-PCA,arc segments,8.0,0.5395219398541657,0.07407407407407407,0.09090909090909091
Right,random,Ang,HTL,RTT,5,0.2,1,2129,22,852,21,QOTu-Ang-HS4,arc labels,,0.5977585537386202,0.0196078431372549,0.4090909090909091
Right,random,Ang,HTL,RTT,5,0.2,1,2129,22,852,21,QOTu-Ang-HSsrc,arc segments,,0.6134206325236226,0.022900763358778626,0.4090909090909091
Right,random,Ang,HTL,RTT,5,0.2,1,2129,22,852,21,QOTu-Ang-PCA,arc segments,32.0,0.5939616861543772,0.018947368421052633,0.4090909090909091
Right,random,Ang,HTL,RTT,5,0.2,1,2129,22,852,21,QOTc-Ang-HS4,arc labels,,0.5454761185658196,0.015424164524421594,0.2727272727272727
Right,random,Ang,HTL,RTT,5,0.2,1,2129,22,852,21,QOTc-Ang-HSsrc,arc labels,,0.5804137722742374,0.034482758620689655,0.22727272727272727
Right,random,Ang,HTL,RTT,5,0.2,1,2129,22,852,21,QOTc-Ang-PCA,arc labels,64.0,0.5496181559304483,0.02247191011235955,0.18181818181818182
Right,random,Ang,HTL,RTT,5,0.2,1,2129,22,852,21,SDM-Ang-HS4,arc labels,,0.5191353497001338,0.012,0.2727272727272727
Right,random,Ang,HTL,RTT,5,0.2,1,2129,22,852,21,SDM-Ang-HSsrc,arc labels,,0.5724748673253657,0.01881720430107527,0.3181818181818182
Right,random,Ang,HTL,RTT,5,0.2,1,2129,22,852,21,SDM-Ang-PCA,arc labels,64.0,0.5117034128662036,0.012448132780082987,0.13636363636363635
Right,random,Ang,HTL,RTT,5,0.3,1,2129,22,1278,34,NoAdapt,nothing,,0.5390473314061354,0.06896551724137931,0.09090909090909091
Right,random,Ang,HTL,RTT,5,0.3,1,2129,22,1278,34,TargetOnly,arc labels,,0.710607498813479,0.062146892655367235,0.5
Right,random,Ang,HTL,RTT,5,0.3,1,2129,22,1278,34,Source+Target,arc labels,,0.5979742848513613,0.07042253521126761,0.22727272727272727
Right,random,Ang,HTL,RTT,5,0.3,1,2129,22,1278,34,COT,arc labels,,0.5216378306079303,0.01171303074670571,0.36363636363636365
Right,random,Ang,HTL,RTT,5,0.3,1,2129,22,1278,34,none-Ang-HS4,arc labels,,0.6010592397635587,0.08620689655172414,0.22727272727272727
Right,random,Ang,HTL,RTT,5,0.3,1,2129,22,1278,34,none-Ang-HSsrc,nothing,,0.6031949777796953,0.10204081632653061,0.22727272727272727
Right,random,Ang,HTL,RTT,5,0.3,1,2129,22,1278,34,none-Ang-PCA,arc segments,8.0,0.5392846356301506,0.07142857142857142,0.09090909090909091
Right,random,Ang,HTL,RTT,5,0.3,1,2129,22,1278,34,QOTu-Ang-HS4,arc labels,,0.5979958579626354,0.019650655021834062,0.4090909090909091
Right,random,Ang,HTL,RTT,5,0.3,1,2129,22,1278,34,QOTu-Ang-HSsrc,arc segments,,0.6134206325236226,0.022900763358778626,0.4090909090909091
Right,random,Ang,HTL,RTT,5,0.3,1,2129,22,1278,34,QOTu-Ang-PCA,arc segments,4.0,0.6123635500711913,0.018612521150592216,0.5
Right,random,Ang,HTL,RTT,5,0.3,1,2129,22,1278,34,QOTc-Ang-HS4,arc labels,,0.5618501100228674,0.01875,0.2727272727272727
Right,random,Ang,HTL,RTT,5,0.3,1,2129,22,1278,34,QOTc-Ang-HSsrc,arc labels,,0.5806510764982525,0.034722222222222224,0.22727272727272727
Right,random,Ang,HTL,RTT,5,0.3,1,2129,22,1278,34,QOTc-Ang-PCA,arc labels,64.0,0.587532898994693,0.043478260869565216,0.22727272727272727
Right,random,Ang,HTL,RTT,5,0.3,1,2129,22,1278,34,SDM-Ang-HS4,arc labels,,0.5542563748543815,0.017045454545454544,0.2727272727272727
Right,random,Ang,HTL,RTT,5,0.3,1,2129,22,1278,34,SDM-Ang-HSsrc,arc labels,,0.5850519911981706,0.0219435736677116,0.3181818181818182
Right,random,Ang,HTL,RTT,5,0.3,1,2129,22,1278,34,SDM-Ang-PCA,arc labels,64.0,0.5683112568494628,0.025510204081632654,0.22727272727272727
Right,random,Ang,HTL,RTT,5,0.5,1,2129,22,2106,60,NoAdapt,nothing,,0.5390473314061354,0.06896551724137931,0.09090909090909091
Right,random,Ang,HTL,RTT,5,0.5,1,2129,22,2106,60,TargetOnly,arc labels,,0.6462225482159036,0.05063291139240506,0.36363636363636365
Right,random,Ang,HTL,RTT,5,0.5,1,2129,22,2106,60,Source+Target,arc labels,,0.6190404280105277,0.0759493670886076,0.2727272727272727
Right,random,Ang,HTL,RTT,5,0.5,1,2129,22,2106,60,COT,arc labels,,0.5421214997626957,0.012401352874859075,0.5
Right,random,Ang,HTL,RTT,5,0.5,1,2129,22,2106,60,none-Ang-HS4,arc labels,,0.6010592397635587,0.08620689655172414,0.22727272727272727
Right,random,Ang,HTL,RTT,5,0.5,1,2129,22,2106,60,none-Ang-HSsrc,nothing,,0.6031949777796953,0.10204081632653061,0.22727272727272727
Right,random,Ang,HTL,RTT,5,0.5,1,2129,22,2106,60,none-Ang-PCA,arc segments,8.0,0.5392846356301506,0.07142857142857142,0.09090909090909091
Right,random,Ang,HTL,RTT,5,0.5,1,2129,22,2106,60,QOTu-Ang-HS4,arc labels,,0.5972839452905898,0.019522776572668113,0.4090909090909091
Right,random,Ang,HTL,RTT,5,0.5,1,2129,22,2106,60,QOTu-Ang-HSsrc,arc segments,,0.6134206325236226,0.022900763358778626,0.4090909090909091
Right,random,Ang,HTL,RTT,5,0.5,1,2129,22,2106,60,QOTu-Ang-PCA,arc segments,32.0,0.582333779177633,0.01717557251908397,0.4090909090909091
Right,random,Ang,HTL,RTT,5,0.5,1,2129,22,2106,60,QOTc-Ang-HS4,arc labels,,0.5636946110368037,0.017114914425427872,0.3181818181818182
Right,random,Ang,HTL,RTT,5,0.5,1,2129,22,2106,60,QOTc-Ang-HSsrc,arc labels,,0.5935949432627173,0.024734982332155476,0.3181818181818182
Right,random,Ang,HTL,RTT,5,0.5,1,2129,22,2106,60,QOTc-Ang-PCA,arc labels,64.0,0.5654636061612806,0.02403846153846154,0.22727272727272727
Right,random,Ang,HTL,RTT,5,0.5,1,2129,22,2106,60,SDM-Ang-HS4,arc labels,,0.6297946239806705,0.027777777777777776,0.4090909090909091
Right,random,Ang,HTL,RTT,5,0.5,1,2129,22,2106,60,SDM-Ang-HSsrc,arc labels,,0.611522198731501,0.022443890274314215,0.4090909090909091
Right,random,Ang,HTL,RTT,5,0.5,1,2129,22,2106,60,SDM-Ang-PCA,arc labels,64.0,0.5472451136902964,0.02127659574468085,0.18181818181818182
Right,random,Ang,HTL,RTT,6,0.05,1,2129,31,213,2,NoAdapt,nothing,,0.5263000092253759,0.07407407407407407,0.06451612903225806
Right,random,Ang,HTL,RTT,6,0.05,1,2129,31,213,2,TargetOnly,arc labels,,0.5291598757649374,0.13333333333333333,0.06451612903225806
Right,random,Ang,HTL,RTT,6,0.05,1,2129,31,213,2,Source+Target,arc labels,,0.4969018112488084,0.0,0.0
Right,random,Ang,HTL,RTT,6,0.05,1,2129,31,213,2,COT,arc labels,,0.49968479965558593,0.014285714285714285,0.03225806451612903
Right,random,Ang,HTL,RTT,6,0.05,1,2129,31,213,2,none-Ang-HS4,arc labels,,0.5632476398413235,0.0641025641025641,0.16129032258064516
Right,random,Ang,HTL,RTT,6,0.05,1,2129,31,213,2,none-Ang-HSsrc,nothing,,0.569920661766967,0.1,0.16129032258064516
Right,random,Ang,HTL,RTT,6,0.05,1,2129,31,213,2,none-Ang-PCA,arc segments,32.0,0.5625557366462683,0.020028612303290415,0.45161290322580644
Right,random,Ang,HTL,RTT,6,0.05,1,2129,31,213,2,QOTu-Ang-HS4,arc labels,,0.5466573387865555,0.020366598778004074,0.3225806451612903
Right,random,Ang,HTL,RTT,6,0.05,1,2129,31,213,2,QOTu-Ang-HSsrc,arc segments,,0.5450659614379286,0.02097902097902098,0.2903225806451613
Right,random,Ang,HTL,RTT,6,0.05,1,2129,31,213,2,QOTu-Ang-PCA,arc segments,32.0,0.5404609612841723,0.019342359767891684,0.3225806451612903
Right,random,Ang,HTL,RTT,6,0.05,1,2129,31,213,2,QOTc-Ang-HS4,arc labels,,0.5303514868230881,0.2,0.06451612903225806
Right,random,Ang,HTL,RTT,6,0.05,1,2129,31,213,2,QOTc-Ang-HSsrc,arc labels,,0.5696823395553369,0.09803921568627451,0.16129032258064516
Right,random,Ang,HTL,RTT,6,0.05,1,2129,31,213,2,QOTc-Ang-PCA,arc labels,64.0,0.5464805190811526,0.2727272727272727,0.0967741935483871
Right,random,Ang,HTL,RTT,6,0.05,1,2129,31,213,2,SDM-Ang-HS4,arc labels,,0.5293981979765675,0.14285714285714285,0.06451612903225806
Right,random,Ang,HTL,RTT,6,0.05,1,2129,31,213,2,SDM-Ang-HSsrc,arc labels,,0.5599111288785018,0.05434782608695652,0.16129032258064516
Right,random,Ang,HTL,RTT,6,0.05,1,2129,31,213,2,SDM-Ang-PCA,arc labels,32.0,0.5310664534579784,0.2857142857142857,0.06451612903225806
Right,random,Ang,HTL,RTT,6,0.1,1,2129,31,426,8,NoAdapt,nothing,,0.5263000092253759,0.07407407407407407,0.06451612903225806
Right,random,Ang,HTL,RTT,6,0.1,1,2129,31,426,8,TargetOnly,arc labels,,0.5350410529229066,0.05084745762711865,0.0967741935483871
Right,random,Ang,HTL,RTT,6,0.1,1,2129,31,426,8,Source+Target,arc labels,,0.5104092991789415,0.04,0.03225806451612903
Right,random,Ang,HTL,RTT,6,0.1,1,2129,31,426,8,COT,arc labels,,0.510732187336634,0.018633540372670808,0.0967741935483871
Right,random,Ang,HTL,RTT,6,0.1,1,2129,31,426,8,none-Ang-HS4,arc labels,,0.5630093176296934,0.06329113924050633,0.16129032258064516
Right,random,Ang,HTL,RTT,6,0.1,1,2129,31,426,8,none-Ang-HSsrc,nothing,,0.569920661766967,0.1,0.16129032258064516
Right,random,Ang,HTL,RTT,6,0.1,1,2129,31,426,8,none-Ang-PCA,arc segments,32.0,0.5630323810695286,0.020086083213773313,0.45161290322580644
Right,random,Ang,HTL,RTT,6,0.1,1,2129,31,426,8,QOTu-Ang-HS4,arc labels,,0.5486484824256588,0.01935483870967742,0.3870967741935484
Right,random,Ang,HTL,RTT,6,0.1,1,2129,31,426,8,QOTu-Ang-HSsrc,arc segments,,0.5310818290845352,0.01909307875894988,0.25806451612903225
Right,random,Ang,HTL,RTT,6,0.1,1,2129,31,426,8,QOTu-Ang-PCA,arc segments,32.0,0.5520618715212645,0.020484171322160148,0.3548387096774194
Right,random,Ang,HTL,RTT,6,0.1,1,2129,31,426,8,QOTc-Ang-HS4,arc labels,,0.4943725206802177,0.013623978201634877,0.16129032258064516
Right,random,Ang,HTL,RTT,6,0.1,1,2129,31,426,8,QOTc-Ang-HSsrc,arc labels,,0.5043820535686829,0.015384615384615385,0.16129032258064516
Right,random,Ang,HTL,RTT,6,0.1,1,2129,31,426,8,QOTc-Ang-PCA,arc labels,64.0,0.5239244749223531,0.0205761316872428,0.16129032258064516
Right,random,Ang,HTL,RTT,6,0.1,1,2129,31,426,8,SDM-Ang-HS4,arc labels,,0.49580245394999845,0.013850415512465374,0.16129032258064516
Right,random,Ang,HTL,RTT,6,0.1,1,2129,31,426,8,SDM-Ang-HSsrc,arc labels,,0.5088332974568713,0.016,0.1935483870967742
Right,random,Ang,HTL,RTT,6,0.1,1,2129,31,426,8,SDM-Ang-PCA,arc labels,32.0,0.5232018204741843,0.05,0.06451612903225806
Right,random,Ang,HTL,RTT,6,0.2,1,2129,31,852,16,NoAdapt,nothing,,0.5263000092253759,0.07407407407407407,0.06451612903225806
Right,random,Ang,HTL,RTT,6,0.2,1,2129,31,852,16,TargetOnly,arc labels,,0.5876410713736585,0.061946902654867256,0.22580645161290322
Right,random,Ang,HTL,RTT,6,0.2,1,2129,31,852,16,Source+Target,arc labels,,0.5355176973461668,0.05263157894736842,0.0967741935483871
Right,random,Ang,HTL,RTT,6,0.2,1,2129,31,852,16,COT,arc labels,,0.4232756234816569,0.008174386920980926,0.1935483870967742
Right,random,Ang,HTL,RTT,6,0.2,1,2129,31,852,16,none-Ang-HS4,arc labels,,0.5689673729204465,0.09259259259259259,0.16129032258064516
Right,random,Ang,HTL,RTT,6,0.2,1,2129,31,852,16,none-Ang-HSsrc,nothing,,0.569920661766967,0.1,0.16129032258064516
Right,random,Ang,HTL,RTT,6,0.2,1,2129,31,852,16,none-Ang-PCA,arc segments,32.0,0.5647775146837234,0.020933977455716585,0.41935483870967744
Right,random,Ang,HTL,RTT,6,0.2,1,2129,31,852,16,QOTu-Ang-HS4,arc labels,,0.5620714044097297,0.022222222222222223,0.3548387096774194
Right,random,Ang,HTL,RTT,6,0.2,1,2129,31,852,16,QOTu-Ang-HSsrc,arc segments,,0.5429210615332575,0.02054794520547945,0.2903225806451613
Right,random,Ang,HTL,RTT,6,0.2,1,2129,31,852,16,QOTu-Ang-PCA,arc segments,32.0,0.5337879393585289,0.01834862385321101,0.3225806451612903
Right,random,Ang,HTL,RTT,6,0.2,1,2129,31,852,16,QOTc-Ang-HS4,arc labels,,0.5313970294289492,0.02005730659025788,0.22580645161290322
Right,random,Ang,HTL,RTT,6,0.2,1,2129,31,852,16,QOTc-Ang-HSsrc,arc labels,,0.5093099418801316,0.0160857908847185,0.1935483870967742
Right,random,Ang,HTL,RTT,6,0.2,1,2129,31,852,16,QOTc-Ang-PCA,arc labels,64.0,0.6016252037270519,0.06504065040650407,0.25806451612903225
Right,random,Ang,HTL,RTT,6,0.2,1,2129,31,852,16,SDM-Ang-HS4,arc labels,,0.5625403610197115,0.027874564459930314,0.25806451612903225
Right,random,Ang,HTL,RTT,6,0.2,1,2129,31,852,16,SDM-Ang-HSsrc,arc labels,,0.5329884067775762,0.019464720194647202,0.25806451612903225
Right,random,Ang,HTL,RTT,6,0.2,1,2129,31,852,16,SDM-Ang-PCA,arc labels,64.0,0.5278913865740029,0.033707865168539325,0.0967741935483871
Right,random,Ang,HTL,RTT,6,0.3,1,2129,31,1278,30,NoAdapt,nothing,,0.5263000092253759,0.07407407407407407,0.06451612903225806
Right,random,Ang,HTL,RTT,6,0.3,1,2129,31,1278,30,TargetOnly,arc labels,,0.6508118330821981,0.05,0.41935483870967744
Right,random,Ang,HTL,RTT,6,0.3,1,2129,31,1278,30,Source+Target,arc labels,,0.566107506380885,0.07575757575757576,0.16129032258064516
Right,random,Ang,HTL,RTT,6,0.3,1,2129,31,1278,30,COT,arc labels,,0.4492604323626188,0.010830324909747292,0.2903225806451613
Right,random,Ang,HTL,RTT,6,0.3,1,2129,31,1278,30,none-Ang-HS4,arc labels,,0.5630093176296934,0.06329113924050633,0.16129032258064516
Right,random,Ang,HTL,RTT,6,0.3,1,2129,31,1278,30,none-Ang-HSsrc,nothing,,0.569920661766967,0.1,0.16129032258064516
Right,random,Ang,HTL,RTT,6,0.3,1,2129,31,1278,30,none-Ang-PCA,arc segments,32.0,0.5578661705464498,0.02,0.41935483870967744
Right,random,Ang,HTL,RTT,6,0.3,1,2129,31,1278,30,QOTu-Ang-HS4,arc labels,,0.5592961038162305,0.020186335403726708,0.41935483870967744
Right,random,Ang,HTL,RTT,6,0.3,1,2129,31,1278,30,QOTu-Ang-HSsrc,arc segments,,0.5429210615332575,0.02054794520547945,0.2903225806451613
Right,random,Ang,HTL,RTT,6,0.3,1,2129,31,1278,30,QOTu-Ang-PCA,arc segments,32.0,0.5306897506073373,0.017921146953405017,0.3225806451612903
Right,random,Ang,HTL,RTT,6,0.3,1,2129,31,1278,30,QOTc-Ang-HS4,arc labels,,0.5416525723423229,0.01953125,0.3225806451612903
Right,random,Ang,HTL,RTT,6,0.3,1,2129,31,1278,30,QOTc-Ang-HSsrc,arc labels,,0.5116931639964328,0.01652892561983471,0.1935483870967742
Right,random,Ang,HTL,RTT,6,0.3,1,2129,31,1278,30,QOTc-Ang-PCA,arc labels,64.0,0.561271871828777,0.024930747922437674,0.2903225806451613
Right,random,Ang,HTL,RTT,6,0.3,1,2129,31,1278,30,SDM-Ang-HS4,arc labels,,0.531804483532704,0.017684887459807074,0.3548387096774194
Right,random,Ang,HTL,RTT,6,0.3,1,2129,31,1278,30,SDM-Ang-HSsrc,arc labels,,0.5431593837448876,0.020594965675057208,0.2903225806451613
Right,random,Ang,HTL,RTT,6,0.3,1,2129,31,1278,30,SDM-Ang-PCA,arc labels,32.0,0.5259924966942403,0.019801980198019802,0.1935483870967742
Right,random,Ang,HTL,RTT,6,0.5,1,2129,31,2106,51,NoAdapt,nothing,,0.5263000092253759,0.07407407407407407,0.06451612903225806
Right,random,Ang,HTL,RTT,6,0.5,1,2129,31,2106,51,TargetOnly,arc labels,,0.6612980103939236,0.06018518518518518,0.41935483870967744
Right,random,Ang,HTL,RTT,6,0.5,1,2129,31,2106,51,Source+Target,arc labels,,0.5644392508994741,0.0684931506849315,0.16129032258064516
Right,random,Ang,HTL,RTT,6,0.5,1,2129,31,2106,51,COT,arc labels,,0.4683262092930287,0.011984021304926764,0.2903225806451613
Right,random,Ang,HTL,RTT,6,0.5,1,2129,31,2106,51,none-Ang-HS4,arc labels,,0.567775761862296,0.0847457627118644,0.16129032258064516
Right,random,Ang,HTL,RTT,6,0.5,1,2129,31,2106,51,none-Ang-HSsrc,nothing,,0.569920661766967,0.1,0.16129032258064516
Right,random,Ang,HTL,RTT,6,0.5,1,2129,31,2106,51,none-Ang-PCA,arc segments,32.0,0.5662074479535041,0.02113821138211382,0.41935483870967744
Right,random,Ang,HTL,RTT,6,0.5,1,2129,31,2106,51,QOTu-Ang-HS4,arc labels,,0.5544450936375658,0.020872865275142316,0.3548387096774194
Right,random,Ang,HTL,RTT,6,0.5,1,2129,31,2106,51,QOTu-Ang-HSsrc,arc segments,,0.5453042836495587,0.02102803738317757,0.2903225806451613
Right,random,Ang,HTL,RTT,6,0.5,1,2129,31,2106,51,QOTu-Ang-PCA,arc segments,32.0,0.5371244503213506,0.018832391713747645,0.3225806451612903
Right,random,Ang,HTL,RTT,6,0.5,1,2129,31,2106,51,QOTc-Ang-HS4,arc labels,,0.5486407946123805,0.021739130434782608,0.2903225806451613
Right,random,Ang,HTL,RTT,6,0.5,1,2129,31,2106,51,QOTc-Ang-HSsrc,arc labels,,0.5463344506288631,0.022535211267605635,0.25806451612903225
Right,random,Ang,HTL,RTT,6,0.5,1,2129,31,2106,51,QOTc-Ang-PCA,arc labels,32.0,0.5902703035148682,0.032467532467532464,0.3225806451612903
Right,random,Ang,HTL,RTT,6,0.5,1,2129,31,2106,51,SDM-Ang-HS4,arc labels,,0.5250468956609982,0.017543859649122806,0.2903225806451613
Right,random,Ang,HTL,RTT,6,0.5,1,2129,31,2106,51,SDM-Ang-HSsrc,arc labels,,0.5424444171099972,0.020454545454545454,0.2903225806451613
Right,random,Ang,HTL,RTT,6,0.5,1,2129,31,2106,51,SDM-Ang-PCA,arc labels,32.0,0.5482410283219041,0.023054755043227664,0.25806451612903225
Right,random,Ang,HTL,RTT,7,0.05,1,2129,35,213,3,NoAdapt,nothing,,0.5645040251057443,0.14705882352941177,0.14285714285714285
Right,random,Ang,HTL,RTT,7,0.05,1,2129,35,213,3,TargetOnly,arc labels,,0.5045708827943785,0.017543859649122806,0.14285714285714285
Right,random,Ang,HTL,RTT,7,0.05,1,2129,35,213,3,Source+Target,arc labels,,0.5090326101787419,0.043478260869565216,0.02857142857142857
Right,random,Ang,HTL,RTT,7,0.05,1,2129,35,213,3,COT,arc labels,,0.4627438941192523,0.011516314779270634,0.17142857142857143
Right,random,Ang,HTL,RTT,7,0.05,1,2129,35,213,3,none-Ang-HS4,arc labels,,0.6037795060717697,0.15384615384615385,0.22857142857142856
Right,random,Ang,HTL,RTT,7,0.05,1,2129,35,213,3,none-Ang-HSsrc,nothing,,0.5749693000409333,0.11764705882352941,0.17142857142857143
Right,random,Ang,HTL,RTT,7,0.05,1,2129,35,213,3,none-Ang-PCA,arc segments,32.0,0.582596534315732,0.02403204272363151,0.5142857142857142
Right,random,Ang,HTL,RTT,7,0.05,1,2129,35,213,3,QOTu-Ang-HS4,arc labels,,0.5836335107108745,0.025682182985553772,0.45714285714285713
Right,random,Ang,HTL,RTT,7,0.05,1,2129,35,213,3,QOTu-Ang-HSsrc,arc segments,,0.5942215854823305,0.030634573304157548,0.4
Right,random,Ang,HTL,RTT,7,0.05,1,2129,35,213,3,QOTu-Ang-PCA,arc segments,32.0,0.5870173284213399,0.02737226277372263,0.42857142857142855
Right,random,Ang,HTL,RTT,7,0.05,1,2129,35,213,3,QOTc-Ang-HS4,arc labels,,0.45422977213808163,0.009195402298850575,0.11428571428571428
Right,random,Ang,HTL,RTT,7,0.05,1,2129,35,213,3,QOTc-Ang-HSsrc,arc labels,,0.43994405785236734,0.0069124423963133645,0.08571428571428572
Right,random,Ang,HTL,RTT,7,0.05,1,2129,35,213,3,QOTc-Ang-PCA,arc labels,32.0,0.4662095783872288,0.009259259259259259,0.08571428571428572
Right,random,Ang,HTL,RTT,7,0.05,1,2129,35,213,3,SDM-Ang-HS4,arc labels,,0.44491745122117615,0.008438818565400843,0.11428571428571428
Right,random,Ang,HTL,RTT,7,0.05,1,2129,35,213,3,SDM-Ang-HSsrc,arc labels,,0.44758493655341797,0.007462686567164179,0.08571428571428572
Right,random,Ang,HTL,RTT,7,0.05,1,2129,35,213,3,SDM-Ang-PCA,arc labels,32.0,0.4760403875017056,0.009009009009009009,0.05714285714285714
Right,random,Ang,HTL,RTT,7,0.1,1,2129,35,426,9,NoAdapt,nothing,,0.5645040251057443,0.14705882352941177,0.14285714285714285
Right,random,Ang,HTL,RTT,7,0.1,1,2129,35,426,9,TargetOnly,arc labels,,0.5872629280938737,0.04945054945054945,0.2571428571428571
Right,random,Ang,HTL,RTT,7,0.1,1,2129,35,426,9,Source+Target,arc labels,,0.5354550416155001,0.08823529411764706,0.08571428571428572
Right,random,Ang,HTL,RTT,7,0.1,1,2129,35,426,9,COT,arc labels,,0.5459544276163187,0.02535211267605634,0.2571428571428571
Right,random,Ang,HTL,RTT,7,0.1,1,2129,35,426,9,none-Ang-HS4,arc labels,,0.6073202346841315,0.09183673469387756,0.2571428571428571
Right,random,Ang,HTL,RTT,7,0.1,1,2129,35,426,9,none-Ang-HSsrc,nothing,,0.5749693000409333,0.11764705882352941,0.17142857142857143
Right,random,Ang,HTL,RTT,7,0.1,1,2129,35,426,9,none-Ang-PCA,arc segments,32.0,0.5814026470186928,0.023872679045092837,0.5142857142857142
Right,random,Ang,HTL,RTT,7,0.1,1,2129,35,426,9,QOTu-Ang-HS4,arc labels,,0.5818051575931232,0.0275049115913556,0.4
Right,random,Ang,HTL,RTT,7,0.1,1,2129,35,426,9,QOTu-Ang-HSsrc,arc segments,,0.5832787556283259,0.029411764705882353,0.37142857142857144
Right,random,Ang,HTL,RTT,7,0.1,1,2129,35,426,9,QOTu-Ang-PCA,arc segments,32.0,0.5858643744030564,0.028455284552845527,0.4
Right,random,Ang,HTL,RTT,7,0.1,1,2129,35,426,9,QOTc-Ang-HS4,arc labels,,0.5523195524628189,0.024444444444444446,0.3142857142857143
Right,random,Ang,HTL,RTT,7,0.1,1,2129,35,426,9,QOTc-Ang-HSsrc,arc labels,,0.4868604175194433,0.014285714285714285,0.17142857142857143
Right,random,Ang,HTL,RTT,7,0.1,1,2129,35,426,9,QOTc-Ang-PCA,arc labels,64.0,0.5647359803520262,0.02763819095477387,0.3142857142857143
Right,random,Ang,HTL,RTT,7,0.1,1,2129,35,426,9,SDM-Ang-HS4,arc labels,,0.5650566243689452,0.03272727272727273,0.2571428571428571
Right,random,Ang,HTL,RTT,7,0.1,1,2129,35,426,9,SDM-Ang-HSsrc,arc labels,,0.538988948014736,0.02247191011235955,0.2857142857142857
Right,random,Ang,HTL,RTT,7,0.1,1,2129,35,426,9,SDM-Ang-PCA,arc labels,64.0,0.5377200163733115,0.028985507246376812,0.17142857142857143
Right,random,Ang,HTL,RTT,7,0.2,1,2129,35,852,22,NoAdapt,nothing,,0.5645040251057443,0.14705882352941177,0.14285714285714285
Right,random,Ang,HTL,RTT,7,0.2,1,2129,35,852,22,TargetOnly,arc labels,,0.6170282439623413,0.061452513966480445,0.3142857142857143
Right,random,Ang,HTL,RTT,7,0.2,1,2129,35,852,22,Source+Target,arc labels,,0.6187815527357075,0.18,0.2571428571428571
Right,random,Ang,HTL,RTT,7,0.2,1,2129,35,852,22,COT,arc labels,,0.545592850320644,0.022263450834879406,0.34285714285714286
Right,random,Ang,HTL,RTT,7,0.2,1,2129,35,852,22,none-Ang-HS4,arc labels,,0.601869286396507,0.13333333333333333,0.22857142857142856
Right,random,Ang,HTL,RTT,7,0.2,1,2129,35,852,22,none-Ang-HSsrc,nothing,,0.5749693000409333,0.11764705882352941,0.17142857142857143
Right,random,Ang,HTL,RTT,7,0.2,1,2129,35,852,22,none-Ang-PCA,arc segments,32.0,0.5744781006958657,0.022988505747126436,0.5142857142857142
Right,random,Ang,HTL,RTT,7,0.2,1,2129,35,852,22,QOTu-Ang-HS4,arc labels,,0.6123277391185701,0.033936651583710405,0.42857142857142855
Right,random,Ang,HTL,RTT,7,0.2,1,2129,35,852,22,QOTu-Ang-HSsrc,arc segments,,0.5837563105471415,0.029545454545454545,0.37142857142857144
Right,random,Ang,HTL,RTT,7,0.2,1,2129,35,852,22,QOTu-Ang-PCA,arc segments,32.0,0.5772683858643743,0.026515151515151516,0.4
Right,random,Ang,HTL,RTT,7,0.2,1,2129,35,852,22,QOTc-Ang-HS4,arc labels,,0.594385318597353,0.046948356807511735,0.2857142857142857
Right,random,Ang,HTL,RTT,7,0.2,1,2129,35,852,22,QOTc-Ang-HSsrc,arc labels,,0.5433278755628326,0.02459016393442623,0.2571428571428571
Right,random,Ang,HTL,RTT,7,0.2,1,2129,35,852,22,QOTc-Ang-PCA,arc labels,64.0,0.5650156910901897,0.02976190476190476,0.2857142857142857
Right,random,Ang,HTL,RTT,7,0.2,1,2129,35,852,22,SDM-Ang-HS4,arc labels,,0.6322690680856871,0.06818181818181818,0.34285714285714286
Right,random,Ang,HTL,RTT,7,0.2,1,2129,35,852,22,SDM-Ang-HSsrc,arc labels,,0.5837563105471415,0.029545454545454545,0.37142857142857144
Right,random,Ang,HTL,RTT,7,0.2,1,2129,35,852,22,SDM-Ang-PCA,arc labels,32.0,0.5829649338245326,0.045,0.2571428571428571
Right,random,Ang,HTL,RTT,7,0.3,1,2129,35,1278,34,NoAdapt,nothing,,0.5645040251057443,0.14705882352941177,0.14285714285714285
Right,random,Ang,HTL,RTT,7,0.3,1,2129,35,1278,34,TargetOnly,arc labels,,0.6424955655614681,0.06701030927835051,0.37142857142857144
Right,random,Ang,HTL,RTT,7,0.3,1,2129,35,1278,34,Source+Target,arc labels,,0.612334561331696,0.11688311688311688,0.2571428571428571
Right,random,Ang,HTL,RTT,7,0.3,1,2129,35,1278,34,COT,arc labels,,0.5880474826033565,0.0241423125794155,0.5428571428571428
Right,random,Ang,HTL,RTT,7,0.3,1,2129,35,1278,34,none-Ang-HS4,arc labels,,0.6111406740346568,0.10975609756097561,0.2571428571428571
Right,random,Ang,HTL,RTT,7,0.3,1,2129,35,1278,34,none-Ang-HSsrc,nothing,,0.5749693000409333,0.11764705882352941,0.17142857142857143
Right,random,Ang,HTL,RTT,7,0.3,1,2129,35,1278,34,none-Ang-PCA,arc segments,32.0,0.5799699822622458,0.02368421052631579,0.5142857142857142
Right,random,Ang,HTL,RTT,7,0.3,1,2129,35,1278,34,QOTu-Ang-HS4,arc labels,,0.6049256378769272,0.03171247357293869,0.42857142857142855
Right,random,Ang,HTL,RTT,7,0.3,1,2129,35,1278,34,QOTu-Ang-HSsrc,arc segments,,0.5837563105471415,0.029545454545454545,0.37142857142857144
Right,random,Ang,HTL,RTT,7,0.3,1,2129,35,1278,34,QOTu-Ang-PCA,arc segments,32.0,0.5698662846227316,0.025044722719141325,0.4
Right,random,Ang,HTL,RTT,7,0.3,1,2129,35,1278,34,QOTc-Ang-HS4,arc labels,,0.5974075590121435,0.037267080745341616,0.34285714285714286
Right,random,Ang,HTL,RTT,7,0.3,1,2129,35,1278,34,QOTc-Ang-HSsrc,arc labels,,0.542850320644017,0.024456521739130436,0.2571428571428571
Right,random,Ang,HTL,RTT,7,0.3,1,2129,35,1278,34,QOTc-Ang-PCA,arc labels,64.0,0.5469914040114613,0.03056768558951965,0.2
Right,random,Ang,HTL,RTT,7,0.3,1,2129,35,1278,34,SDM-Ang-HS4,arc labels,,0.6059216809933142,0.03431372549019608,0.4
Right,random,Ang,HTL,RTT,7,0.3,1,2129,35,1278,34,SDM-Ang-HSsrc,arc labels,,0.5713808159366899,0.027842227378190254,0.34285714285714286
Right,random,Ang,HTL,RTT,7,0.3,1,2129,35,1278,34,SDM-Ang-PCA,arc labels,32.0,0.5998772001637331,0.05263157894736842,0.2857142857142857
Right,random,Ang,HTL,RTT,7,0.5,1,2129,35,2118,47,NoAdapt,nothing,,0.5645040251057443,0.14705882352941177,0.14285714285714285
Right,random,Ang,HTL,RTT,7,0.5,1,2129,35,2118,47,TargetOnly,arc labels,,0.6639036703506618,0.06637168141592921,0.42857142857142855
Right,random,Ang,HTL,RTT,7,0.5,1,2129,35,2118,47,Source+Target,arc labels,,0.6111406740346568,0.10975609756097561,0.2571428571428571
Right,random,Ang,HTL,RTT,7,0.5,1,2129,35,2118,47,COT,arc labels,,0.5022922636103152,0.0166270783847981,0.4
Right,random,Ang,HTL,RTT,7,0.5,1,2129,35,2118,47,none-Ang-HS4,arc labels,,0.6104243416564333,0.10588235294117647,0.2571428571428571
Right,random,Ang,HTL,RTT,7,0.5,1,2129,35,2118,47,none-Ang-HSsrc,nothing,,0.5749693000409333,0.11764705882352941,0.17142857142857143
Right,random,Ang,HTL,RTT,7,0.5,1,2129,35,2118,47,none-Ang-PCA,arc segments,8.0,0.5587733660799563,0.08620689655172414,0.14285714285714285
Right,random,Ang,HTL,RTT,7,0.5,1,2129,35,2118,47,QOTu-Ang-HS4,arc labels,,0.5812457361167963,0.02527646129541864,0.45714285714285713
Right,random,Ang,HTL,RTT,7,0.5,1,2129,35,2118,47,QOTu-Ang-HSsrc,arc segments,,0.5832787556283259,0.029411764705882353,0.37142857142857144
Right,random,Ang,HTL,RTT,7,0.5,1,2129,35,2118,47,QOTu-Ang-PCA,arc segments,32.0,0.5896438804748261,0.027932960893854747,0.42857142857142855
Right,random,Ang,HTL,RTT,7,0.5,1,2129,35,2118,47,QOTc-Ang-HS4,arc labels,,0.5861440851412199,0.030232558139534883,0.37142857142857144
Right,random,Ang,HTL,RTT,7,0.5,1,2129,35,2118,47,QOTc-Ang-HSsrc,arc labels,,0.542850320644017,0.024456521739130436,0.2571428571428571
Right,random,Ang,HTL,RTT,7,0.5,1,2129,35,2118,47,QOTc-Ang-PCA,arc labels,32.0,0.627411652340019,0.0440251572327044,0.4
Right,random,Ang,HTL,RTT,7,0.5,1,2129,35,2118,47,SDM-Ang-HS4,arc labels,,0.5775071633237823,0.026565464895635674,0.4
Right,random,Ang,HTL,RTT,7,0.5,1,2129,35,2118,47,SDM-Ang-HSsrc,arc labels,,0.5685154864237959,0.02708803611738149,0.34285714285714286
Right,random,Ang,HTL,RTT,7,0.5,1,2129,35,2118,47,SDM-Ang-PCA,arc labels,64.0,0.5565015691090189,0.032,0.22857142857142856
Right,random,Ang,HTL,WRM,0,0.05,1,508,32,51,3,NoAdapt,nothing,,0.5145745798319328,0.5,0.03125
Right,random,Ang,HTL,WRM,0,0.05,1,508,32,51,3,TargetOnly,arc labels,,0.6030724789915967,0.5384615384615384,0.21875
Right,random,Ang,HTL,WRM,0,0.05,1,508,32,51,3,Source+Target,arc labels,,0.5145745798319328,0.5,0.03125
Right,random,Ang,HTL,WRM,0,0.05,1,508,32,51,3,COT,arc labels,,0.5810136554621849,0.20588235294117646,0.21875
Right,random,Ang,HTL,WRM,0,0.05,1,508,32,51,3,none-Ang-HS4,arc labels,,0.5301995798319328,0.6666666666666666,0.0625
Right,random,Ang,HTL,WRM,0,0.05,1,508,32,51,3,none-Ang-HSsrc,nothing,,0.515625,1.0,0.03125
Right,random,Ang,HTL,WRM,0,0.05,1,508,32,51,3,none-Ang-PCA,arc segments,32.0,0.5261292016806722,0.07627118644067797,0.28125
Right,random,Ang,HTL,WRM,0,0.05,1,508,32,51,3,QOTu-Ang-HS4,arc labels,,0.5634191176470589,0.2631578947368421,0.15625
Right,random,Ang,HTL,WRM,0,0.05,1,508,32,51,3,QOTu-Ang-HSsrc,arc segments,,0.515625,1.0,0.03125
Right,random,Ang,HTL,WRM,0,0.05,1,508,32,51,3,QOTu-Ang-PCA,arc segments,32.0,0.5179884453781513,0.07446808510638298,0.21875
Right,random,Ang,HTL,WRM,0,0.05,1,508,32,51,3,QOTc-Ang-HS4,arc labels,,0.5145745798319328,0.5,0.03125
Right,random,Ang,HTL,WRM,0,0.05,1,508,32,51,3,QOTc-Ang-HSsrc,arc labels,,0.5,0.0,0.0
Right,random,Ang,HTL,WRM,0,0.05,1,508,32,51,3,QOTc-Ang-PCA,arc labels,16.0,0.6072741596638656,0.7777777777777778,0.21875
Right,random,Ang,HTL,WRM,0,0.05,1,508,32,51,3,SDM-Ang-HS4,arc labels,,0.5,0.0,0.0
Right,random,Ang,HTL,WRM,0,0.05,1,508,32,51,3,SDM-Ang-HSsrc,arc labels,,0.5114233193277311,0.2,0.03125
Right,random,Ang,HTL,WRM,0,0.05,1,508,32,51,3,SDM-Ang-PCA,arc labels,64.0,0.5916491596638656,0.75,0.1875
Right,random,Ang,HTL,WRM,0,0.1,1,508,32,102,5,NoAdapt,nothing,,0.5145745798319328,0.5,0.03125
Right,random,Ang,HTL,WRM,0,0.1,1,508,32,102,5,TargetOnly,arc labels,,0.5259978991596639,0.2857142857142857,0.0625
Right,random,Ang,HTL,WRM,0,0.1,1,508,32,102,5,Source+Target,arc labels,,0.5145745798319328,0.5,0.03125
Right,random,Ang,HTL,WRM,0,0.1,1,508,32,102,5,COT,arc labels,,0.584952731092437,0.14516129032258066,0.28125
Right,random,Ang,HTL,WRM,0,0.1,1,508,32,102,5,none-Ang-HS4,arc labels,,0.5186449579831933,0.14285714285714285,0.0625
Right,random,Ang,HTL,WRM,0,0.1,1,508,32,102,5,none-Ang-HSsrc,nothing,,0.515625,1.0,0.03125
Right,random,Ang,HTL,WRM,0,0.1,1,508,32,102,5,none-Ang-PCA,arc segments,32.0,0.5187762605042017,0.072,0.28125
Right,random,Ang,HTL,WRM,0,0.1,1,508,32,102,5,QOTu-Ang-HS4,arc labels,,0.5613182773109244,0.23809523809523808,0.15625
Right,random,Ang,HTL,WRM,0,0.1,1,508,32,102,5,QOTu-Ang-HSsrc,arc segments,,0.515625,1.0,0.03125
Right,random,Ang,HTL,WRM,0,0.1,1,508,32,102,5,QOTu-Ang-PCA,arc segments,32.0,0.5576418067226891,0.10227272727272728,0.28125
Right,random,Ang,HTL,WRM,0,0.1,1,508,32,102,5,QOTc-Ang-HS4,arc labels,,0.5758928571428572,0.2608695652173913,0.1875
Right,random,Ang,HTL,WRM,0,0.1,1,508,32,102,5,QOTc-Ang-HSsrc,arc labels,,0.5114233193277311,0.2,0.03125
Right,random,Ang,HTL,WRM,0,0.1,1,508,32,102,5,QOTc-Ang-PCA,arc labels,64.0,0.6176470588235294,0.5333333333333333,0.25
Right,random,Ang,HTL,WRM,0,0.1,1,508,32,102,5,SDM-Ang-HS4,arc labels,,0.5114233193277311,0.2,0.03125
Right,random,Ang,HTL,WRM,0,0.1,1,508,32,102,5,SDM-Ang-HSsrc,arc labels,,0.5114233193277311,0.2,0.03125
Right,random,Ang,HTL,WRM,0,0.1,1,508,32,102,5,SDM-Ang-PCA,arc labels,32.0,0.5259978991596639,0.2857142857142857,0.0625
Right,random,Ang,HTL,WRM,0,0.2,1,508,32,203,7,NoAdapt,nothing,,0.5145745798319328,0.5,0.03125
Right,random,Ang,HTL,WRM,0,0.2,1,508,32,203,7,TargetOnly,arc labels,,0.5895483193277311,0.6,0.1875
Right,random,Ang,HTL,WRM,0,0.2,1,508,32,203,7,Source+Target,arc labels,,0.5145745798319328,0.5,0.03125
Right,random,Ang,HTL,WRM,0,0.2,1,508,32,203,7,COT,arc labels,,0.6255252100840336,0.16901408450704225,0.375
Right,random,Ang,HTL,WRM,0,0.2,1,508,32,203,7,none-Ang-HS4,arc labels,,0.5186449579831933,0.14285714285714285,0.0625
Right,random,Ang,HTL,WRM,0,0.2,1,508,32,203,7,none-Ang-HSsrc,nothing,,0.515625,1.0,0.03125
Right,random,Ang,HTL,WRM,0,0.2,1,508,32,203,7,none-Ang-PCA,arc segments,32.0,0.5355829831932772,0.08256880733944955,0.28125
Right,random,Ang,HTL,WRM,0,0.2,1,508,32,203,7,QOTu-Ang-HS4,arc labels,,0.5936186974789917,0.3181818181818182,0.21875
Right,random,Ang,HTL,WRM,0,0.2,1,508,32,203,7,QOTu-Ang-HSsrc,arc segments,,0.5124737394957983,0.25,0.03125
Right,random,Ang,HTL,WRM,0,0.2,1,508,32,203,7,QOTu-Ang-PCA,arc segments,32.0,0.5858718487394958,0.12987012987012986,0.3125
Right,random,Ang,HTL,WRM,0,0.2,1,508,32,203,7,QOTc-Ang-HS4,arc labels,,0.5769432773109244,0.2727272727272727,0.1875
Right,random,Ang,HTL,WRM,0,0.2,1,508,32,203,7,QOTc-Ang-HSsrc,arc labels,,0.515625,1.0,0.03125
Right,random,Ang,HTL,WRM,0,0.2,1,508,32,203,7,QOTc-Ang-PCA,arc labels,32.0,0.6332720588235294,0.5625,0.28125
Right,random,Ang,HTL,WRM,0,0.2,1,508,32,203,7,SDM-Ang-HS4,arc labels,,0.5114233193277311,0.2,0.03125
Right,random,Ang,HTL,WRM,0,0.2,1,508,32,203,7,SDM-Ang-HSsrc,arc labels,,0.5114233193277311,0.2,0.03125
Right,random,Ang,HTL,WRM,0,0.2,1,508,32,203,7,SDM-Ang-PCA,arc labels,32.0,0.5925682773109244,0.30434782608695654,0.21875
Right,random,Ang,HTL,WRM,0,0.3,1,508,32,305,12,NoAdapt,nothing,,0.5145745798319328,0.5,0.03125
Right,random,Ang,HTL,WRM,0,0.3,1,508,32,305,12,TargetOnly,arc labels,,0.6207983193277311,0.6666666666666666,0.25
Right,random,Ang,HTL,WRM,0,0.3,1,508,32,305,12,Source+Target,arc labels,,0.515625,1.0,0.03125
Right,random,Ang,HTL,WRM,0,0.3,1,508,32,305,12,COT,arc labels,,0.6348476890756303,0.16666666666666666,0.40625
Right,random,Ang,HTL,WRM,0,0.3,1,508,32,305,12,none-Ang-HS4,arc labels,,0.53125,1.0,0.0625
Right,random,Ang,HTL,WRM,0,0.3,1,508,32,305,12,none-Ang-HSsrc,nothing,,0.515625,1.0,0.03125
Right,random,Ang,HTL,WRM,0,0.3,1,508,32,305,12,none-Ang-PCA,arc segments,32.0,0.5376838235294117,0.08411214953271028,0.28125
Right,random,Ang,HTL,WRM,0,0.3,1,508,32,305,12,QOTu-Ang-HS4,arc labels,,0.5946691176470589,0.3333333333333333,0.21875
Right,random,Ang,HTL,WRM,0,0.3,1,508,32,305,12,QOTu-Ang-HSsrc,arc segments,,0.5145745798319328,0.5,0.03125
Right,random,Ang,HTL,WRM,0,0.3,1,508,32,305,12,QOTu-Ang-PCA,arc segments,32.0,0.5691964285714286,0.11688311688311688,0.28125
Right,random,Ang,HTL,WRM,0,0.3,1,508,32,305,12,QOTc-Ang-HS4,arc labels,,0.5895483193277311,0.6,0.1875
Right,random,Ang,HTL,WRM,0,0.3,1,508,32,305,12,QOTc-Ang-HSsrc,arc labels,,0.5114233193277311,0.2,0.03125
Right,random,Ang,HTL,WRM,0,0.3,1,508,32,305,12,QOTc-Ang-PCA,arc labels,64.0,0.6068802521008403,0.17543859649122806,0.3125
Right,random,Ang,HTL,WRM,0,0.3,1,508,32,305,12,SDM-Ang-HS4,arc labels,,0.5270483193277311,0.3333333333333333,0.0625
Right,random,Ang,HTL,WRM,0,0.3,1,508,32,305,12,SDM-Ang-HSsrc,arc labels,,0.521796218487395,0.18181818181818182,0.0625
Right,random,Ang,HTL,WRM,0,0.3,1,508,32,305,12,SDM-Ang-PCA,arc labels,64.0,0.5853466386554622,0.42857142857142855,0.1875
Right,random,Ang,HTL,WRM,0,0.5,1,508,32,498,24,NoAdapt,nothing,,0.5145745798319328,0.5,0.03125
Right,random,Ang,HTL,WRM,0,0.5,1,508,32,498,24,TargetOnly,arc labels,,0.6123949579831933,0.4,0.25
Right,random,Ang,HTL,WRM,0,0.5,1,508,32,498,24,Source+Target,arc labels,,0.515625,1.0,0.03125
Right,random,Ang,HTL,WRM,0,0.5,1,508,32,498,24,COT,arc labels,,0.6084558823529411,0.11764705882352941,0.4375
Right,random,Ang,HTL,WRM,0,0.5,1,508,32,498,24,none-Ang-HS4,arc labels,,0.515625,1.0,0.03125
Right,random,Ang,HTL,WRM,0,0.5,1,508,32,498,24,none-Ang-HSsrc,nothing,,0.515625,1.0,0.03125
Right,random,Ang,HTL,WRM,0,0.5,1,508,32,498,24,none-Ang-PCA,arc segments,32.0,0.4959296218487395,0.06086956521739131,0.21875
Right,random,Ang,HTL,WRM,0,0.5,1,508,32,498,24,QOTu-Ang-HS4,arc labels,,0.5437237394957983,0.5,0.09375
Right,random,Ang,HTL,WRM,0,0.5,1,508,32,498,24,QOTu-Ang-HSsrc,arc segments,,0.5114233193277311,0.2,0.03125
Right,random,Ang,HTL,WRM,0,0.5,1,508,32,498,24,QOTu-Ang-PCA,arc segments,32.0,0.5274422268907564,0.08235294117647059,0.21875
Right,random,Ang,HTL,WRM,0,0.5,1,508,32,498,24,QOTc-Ang-HS4,arc labels,,0.5863970588235294,0.46153846153846156,0.1875
Right,random,Ang,HTL,WRM,0,0.5,1,508,32,498,24,QOTc-Ang-HSsrc,arc labels,,0.5238970588235294,0.2222222222222222,0.0625
Right,random,Ang,HTL,WRM,0,0.5,1,508,32,498,24,QOTc-Ang-PCA,arc labels,64.0,0.6331407563025211,0.3125,0.3125
Right,random,Ang,HTL,WRM,0,0.5,1,508,32,498,24,SDM-Ang-HS4,arc labels,,0.5561974789915967,0.4,0.125
Right,random,Ang,HTL,WRM,0,0.5,1,508,32,498,24,SDM-Ang-HSsrc,arc labels,,0.5207457983193278,0.16666666666666666,0.0625
Right,random,Ang,HTL,WRM,0,0.5,1,508,32,498,24,SDM-Ang-PCA,arc labels,64.0,0.6352415966386555,0.3333333333333333,0.3125
Right,random,Ang,HTL,WRM,1,0.05,1,508,19,51,3,NoAdapt,nothing,,0.5252932945861587,0.5,0.05263157894736842
Right,random,Ang,HTL,WRM,1,0.05,1,508,19,51,3,TargetOnly,arc labels,,0.5,0.0,0.0
Right,random,Ang,HTL,WRM,1,0.05,1,508,19,51,3,Source+Target,arc labels,,0.49897750511247446,0.0,0.0
Right,random,Ang,HTL,WRM,1,0.05,1,508,19,51,3,COT,arc labels,,0.5308362931869551,0.044585987261146494,0.3684210526315789
Right,random,Ang,HTL,WRM,1,0.05,1,508,19,51,3,none-Ang-HS4,arc labels,,0.5,0.0,0.0
Right,random,Ang,HTL,WRM,1,0.05,1,508,19,51,3,none-Ang-HSsrc,nothing,,0.49591002044989774,0.0,0.0
Right,random,Ang,HTL,WRM,1,0.05,1,508,19,51,3,none-Ang-PCA,arc segments,32.0,0.46136045635561296,0.025423728813559324,0.15789473684210525
Right,random,Ang,HTL,WRM,1,0.05,1,508,19,51,3,QOTu-Ang-HS4,arc labels,,0.49591002044989774,0.0,0.0
Right,random,Ang,HTL,WRM,1,0.05,1,508,19,51,3,QOTu-Ang-HSsrc,arc segments,,0.4887525562372188,0.0,0.0
Right,random,Ang,HTL,WRM,1,0.05,1,508,19,51,3,QOTu-Ang-PCA,arc segments,32.0,0.46469701862017004,0.022727272727272728,0.10526315789473684
Right,random,Ang,HTL,WRM,1,0.05,1,508,19,51,3,QOTc-Ang-HS4,arc labels,,0.5,0.0,0.0
Right,random,Ang,HTL,WRM,1,0.05,1,508,19,51,3,QOTc-Ang-HSsrc,arc labels,,0.49591002044989774,0.0,0.0
Right,random,Ang,HTL,WRM,1,0.05,1,508,19,51,3,QOTc-Ang-PCA,arc labels,64.0,0.5,0.0,0.0
Right,random,Ang,HTL,WRM,1,0.05,1,508,19,51,3,SDM-Ang-HS4,arc labels,,0.5,0.0,0.0
Right,random,Ang,HTL,WRM,1,0.05,1,508,19,51,3,SDM-Ang-HSsrc,arc labels,,0.49591002044989774,0.0,0.0
Right,random,Ang,HTL,WRM,1,0.05,1,508,19,51,3,SDM-Ang-PCA,arc labels,16.0,0.5,0.0,0.0
Right,random,Ang,HTL,WRM,1,0.1,1,508,19,102,5,NoAdapt,nothing,,0.5252932945861587,0.5,0.05263157894736842
Right,random,Ang,HTL,WRM,1,0.1,1,508,19,102,5,TargetOnly,arc labels,,0.5252932945861587,0.5,0.05263157894736842
Right,random,Ang,HTL,WRM,1,0.1,1,508,19,102,5,Source+Target,arc labels,,0.49897750511247446,0.0,0.0
Right,random,Ang,HTL,WRM,1,0.1,1,508,19,102,5,COT,arc labels,,0.5311591863093317,0.08695652173913043,0.10526315789473684
Right,random,Ang,HTL,WRM,1,0.1,1,508,19,102,5,none-Ang-HS4,arc labels,,0.5,0.0,0.0
Right,random,Ang,HTL,WRM,1,0.1,1,508,19,102,5,none-Ang-HSsrc,nothing,,0.49591002044989774,0.0,0.0
Right,random,Ang,HTL,WRM,1,0.1,1,508,19,102,5,none-Ang-PCA,arc segments,64.0,0.43708965665697985,0.017391304347826087,0.10526315789473684
Right,random,Ang,HTL,WRM,1,0.1,1,508,19,102,5,QOTu-Ang-HS4,arc labels,,0.49591002044989774,0.0,0.0
Right,random,Ang,HTL,WRM,1,0.1,1,508,19,102,5,QOTu-Ang-HSsrc,arc segments,,0.4887525562372188,0.0,0.0
Right,random,Ang,HTL,WRM,1,0.1,1,508,19,102,5,QOTu-Ang-PCA,arc segments,32.0,0.4687869981702723,0.023809523809523808,0.10526315789473684
Right,random,Ang,HTL,WRM,1,0.1,1,508,19,102,5,QOTc-Ang-HS4,arc labels,,0.5,0.0,0.0
Right,random,Ang,HTL,WRM,1,0.1,1,508,19,102,5,QOTc-Ang-HSsrc,arc labels,,0.49591002044989774,0.0,0.0
Right,random,Ang,HTL,WRM,1,0.1,1,508,19,102,5,QOTc-Ang-PCA,arc labels,64.0,0.49795501022494887,0.0,0.0
Right,random,Ang,HTL,WRM,1,0.1,1,508,19,102,5,SDM-Ang-HS4,arc labels,,0.5140458508233775,0.07692307692307693,0.05263157894736842
Right,random,Ang,HTL,WRM,1,0.1,1,508,19,102,5,SDM-Ang-HSsrc,arc labels,,0.4887525562372188,0.0,0.0
Right,random,Ang,HTL,WRM,1,0.1,1,508,19,102,5,SDM-Ang-PCA,arc labels,64.0,0.507910881498224,0.05263157894736842,0.05263157894736842
Right,random,Ang,HTL,WRM,1,0.2,1,508,19,203,14,NoAdapt,nothing,,0.5252932945861587,0.5,0.05263157894736842
Right,random,Ang,HTL,WRM,1,0.2,1,508,19,203,14,TargetOnly,arc labels,,0.558228393068561,0.08,0.21052631578947367
Right,random,Ang,HTL,WRM,1,0.2,1,508,19,203,14,Source+Target,arc labels,,0.49897750511247446,0.0,0.0
Right,random,Ang,HTL,WRM,1,0.2,1,508,19,203,14,COT,arc labels,,0.4833171886772145,0.03333333333333333,0.2631578947368421
Right,random,Ang,HTL,WRM,1,0.2,1,508,19,203,14,none-Ang-HS4,arc labels,,0.5,0.0,0.0
Right,random,Ang,HTL,WRM,1,0.2,1,508,19,203,14,none-Ang-HSsrc,nothing,,0.49591002044989774,0.0,0.0
Right,random,Ang,HTL,WRM,1,0.2,1,508,19,203,14,none-Ang-PCA,arc segments,32.0,0.4685179205682919,0.02702702702702703,0.15789473684210525
Right,random,Ang,HTL,WRM,1,0.2,1,508,19,203,14,QOTu-Ang-HS4,arc labels,,0.4815950920245399,0.0,0.0
Right,random,Ang,HTL,WRM,1,0.2,1,508,19,203,14,QOTu-Ang-HSsrc,arc segments,,0.4887525562372188,0.0,0.0
Right,random,Ang,HTL,WRM,1,0.2,1,508,19,203,14,QOTu-Ang-PCA,arc segments,32.0,0.49434937035841137,0.03389830508474576,0.10526315789473684
Right,random,Ang,HTL,WRM,1,0.2,1,508,19,203,14,QOTc-Ang-HS4,arc labels,,0.4815950920245399,0.0,0.0
Right,random,Ang,HTL,WRM,1,0.2,1,508,19,203,14,QOTc-Ang-HSsrc,arc labels,,0.49079754601226994,0.0,0.0
Right,random,Ang,HTL,WRM,1,0.2,1,508,19,203,14,QOTc-Ang-PCA,arc labels,64.0,0.4498977505112474,0.0,0.0
Right,random,Ang,HTL,WRM,1,0.2,1,508,19,203,14,SDM-Ang-HS4,arc labels,,0.48261758691206547,0.0,0.0
Right,random,Ang,HTL,WRM,1,0.2,1,508,19,203,14,SDM-Ang-HSsrc,arc labels,,0.48466257668711654,0.0,0.0
Right,random,Ang,HTL,WRM,1,0.2,1,508,19,203,14,SDM-Ang-PCA,arc labels,64.0,0.5055968141211926,0.041666666666666664,0.10526315789473684
Right,random,Ang,HTL,WRM,1,0.3,1,508,19,305,25,NoAdapt,nothing,,0.5252932945861587,0.5,0.05263157894736842
Right,random,Ang,HTL,WRM,1,0.3,1,508,19,305,25,TargetOnly,arc labels,,0.5291141965342805,0.08,0.10526315789473684
Right,random,Ang,HTL,WRM,1,0.3,1,508,19,305,25,Source+Target,arc labels,,0.49897750511247446,0.0,0.0
Right,random,Ang,HTL,WRM,1,0.3,1,508,19,305,25,COT,arc labels,,0.513130986976644,0.03896103896103896,0.631578947368421
Right,random,Ang,HTL,WRM,1,0.3,1,508,19,305,25,none-Ang-HS4,arc labels,,0.5,0.0,0.0
Right,random,Ang,HTL,WRM,1,0.3,1,508,19,305,25,none-Ang-HSsrc,nothing,,0.49591002044989774,0.0,0.0
Right,random,Ang,HTL,WRM,1,0.3,1,508,19,305,25,none-Ang-PCA,arc segments,32.0,0.4664729307932408,0.02654867256637168,0.15789473684210525
Right,random,Ang,HTL,WRM,1,0.3,1,508,19,305,25,QOTu-Ang-HS4,arc labels,,0.483640081799591,0.0,0.0
Right,random,Ang,HTL,WRM,1,0.3,1,508,19,305,25,QOTu-Ang-HSsrc,arc segments,,0.4887525562372188,0.0,0.0
Right,random,Ang,HTL,WRM,1,0.3,1,508,19,305,25,QOTu-Ang-PCA,arc segments,32.0,0.4800344419330535,0.0273972602739726,0.10526315789473684
Right,random,Ang,HTL,WRM,1,0.3,1,508,19,305,25,QOTc-Ang-HS4,arc labels,,0.4815950920245399,0.0,0.0
Right,random,Ang,HTL,WRM,1,0.3,1,508,19,305,25,QOTc-Ang-HSsrc,arc labels,,0.49591002044989774,0.0,0.0
Right,random,Ang,HTL,WRM,1,0.3,1,508,19,305,25,QOTc-Ang-PCA,arc labels,64.0,0.5124852007318911,0.04411764705882353,0.15789473684210525
Right,random,Ang,HTL,WRM,1,0.3,1,508,19,305,25,SDM-Ang-HS4,arc labels,,0.4938650306748466,0.0,0.0
Right,random,Ang,HTL,WRM,1,0.3,1,508,19,305,25,SDM-Ang-HSsrc,arc labels,,0.48466257668711654,0.0,0.0
Right,random,Ang,HTL,WRM,1,0.3,1,508,19,305,25,SDM-Ang-PCA,arc labels,64.0,0.4775051124744376,0.0,0.0
Right,random,Ang,HTL,WRM,1,0.5,1,508,19,487,40,NoAdapt,nothing,,0.5252932945861587,0.5,0.05263157894736842
Right,random,Ang,HTL,WRM,1,0.5,1,508,19,487,40,TargetOnly,arc labels,,0.4953718652459369,0.034482758620689655,0.10526315789473684
Right,random,Ang,HTL,WRM,1,0.5,1,508,19,487,40,Source+Target,arc labels,,0.5252932945861587,0.5,0.05263157894736842
Right,random,Ang,HTL,WRM,1,0.5,1,508,19,487,40,COT,arc labels,,0.5160370250780325,0.0423728813559322,0.2631578947368421
Right,random,Ang,HTL,WRM,1,0.5,1,508,19,487,40,none-Ang-HS4,arc labels,,0.5,0.0,0.0
Right,random,Ang,HTL,WRM,1,0.5,1,508,19,487,40,none-Ang-HSsrc,nothing,,0.49591002044989774,0.0,0.0
Right,random,Ang,HTL,WRM,1,0.5,1,508,19,487,40,none-Ang-PCA,arc segments,32.0,0.46033796146808736,0.025210084033613446,0.15789473684210525
Right,random,Ang,HTL,WRM,1,0.5,1,508,19,487,40,QOTu-Ang-HS4,arc labels,,0.48261758691206547,0.0,0.0
Right,random,Ang,HTL,WRM,1,0.5,1,508,19,487,40,QOTu-Ang-HSsrc,arc segments,,0.4887525562372188,0.0,0.0
Right,random,Ang,HTL,WRM,1,0.5,1,508,19,487,40,QOTu-Ang-PCA,arc segments,32.0,0.471854482832849,0.024691358024691357,0.10526315789473684
Right,random,Ang,HTL,WRM,1,0.5,1,508,19,487,40,QOTc-Ang-HS4,arc labels,,0.4851469163706813,0.029411764705882353,0.10526315789473684
Right,random,Ang,HTL,WRM,1,0.5,1,508,19,487,40,QOTc-Ang-HSsrc,arc labels,,0.49591002044989774,0.0,0.0
Right,random,Ang,HTL,WRM,1,0.5,1,508,19,487,40,QOTc-Ang-PCA,arc labels,64.0,0.5247013238618017,0.04294478527607362,0.3684210526315789
Right,random,Ang,HTL,WRM,1,0.5,1,508,19,487,40,SDM-Ang-HS4,arc labels,,0.4851469163706813,0.029411764705882353,0.10526315789473684
Right,random,Ang,HTL,WRM,1,0.5,1,508,19,487,40,SDM-Ang-HSsrc,arc labels,,0.47648261758691207,0.0,0.0
Right,random,Ang,HTL,WRM,1,0.5,1,508,19,487,40,SDM-Ang-PCA,arc labels,64.0,0.47465288989344523,0.02857142857142857,0.15789473684210525
Right,random,Ang,HTL,WRM,2,0.05,1,508,18,51,2,NoAdapt,nothing,,0.5236961451247165,0.2,0.05555555555555555
Right,random,Ang,HTL,WRM,2,0.05,1,508,18,51,2,TargetOnly,arc labels,,0.47086167800453516,0.023529411764705882,0.1111111111111111
Right,random,Ang,HTL,WRM,2,0.05,1,508,18,51,2,Source+Target,arc labels,,0.4959183673469388,0.0,0.0
Right,random,Ang,HTL,WRM,2,0.05,1,508,18,51,2,COT,arc labels,,0.4371882086167801,0.01694915254237288,0.1111111111111111
Right,random,Ang,HTL,WRM,2,0.05,1,508,18,51,2,none-Ang-HS4,arc labels,,0.4897959183673469,0.0,0.0
Right,random,Ang,HTL,WRM,2,0.05,1,508,18,51,2,none-Ang-HSsrc,nothing,,0.49387755102040815,0.0,0.0
Right,random,Ang,HTL,WRM,2,0.05,1,508,18,51,2,none-Ang-PCA,arc segments,32.0,0.46496598639455783,0.025210084033613446,0.16666666666666666
Right,random,Ang,HTL,WRM,2,0.05,1,508,18,51,2,QOTu-Ang-HS4,arc labels,,0.47551020408163264,0.0,0.0
Right,random,Ang,HTL,WRM,2,0.05,1,508,18,51,2,QOTu-Ang-HSsrc,arc segments,,0.4785714285714286,0.0,0.0
Right,random,Ang,HTL,WRM,2,0.05,1,508,18,51,2,QOTu-Ang-PCA,arc segments,4.0,0.4744897959183674,0.0,0.0
Right,random,Ang,HTL,WRM,2,0.05,1,508,18,51,2,QOTc-Ang-HS4,arc labels,,0.5057823129251701,0.0379746835443038,0.16666666666666666
Right,random,Ang,HTL,WRM,2,0.05,1,508,18,51,2,QOTc-Ang-HSsrc,arc labels,,0.507482993197279,0.036057692307692304,0.8333333333333334
Right,random,Ang,HTL,WRM,2,0.05,1,508,18,51,2,QOTc-Ang-PCA,arc labels,64.0,0.5880952380952381,0.07228915662650602,0.3333333333333333
Right,random,Ang,HTL,WRM,2,0.05,1,508,18,51,2,SDM-Ang-HS4,arc labels,,0.5068027210884354,0.038461538461538464,0.16666666666666666
Right,random,Ang,HTL,WRM,2,0.05,1,508,18,51,2,SDM-Ang-HSsrc,arc labels,,0.48945578231292514,0.031578947368421054,0.16666666666666666
Right,random,Ang,HTL,WRM,2,0.05,1,508,18,51,2,SDM-Ang-PCA,arc labels,64.0,0.5280045351473923,0.06896551724137931,0.1111111111111111
Right,random,Ang,HTL,WRM,2,0.1,1,508,18,102,8,NoAdapt,nothing,,0.5236961451247165,0.2,0.05555555555555555
Right,random,Ang,HTL,WRM,2,0.1,1,508,18,102,8,TargetOnly,arc labels,,0.5096371882086168,0.036544850498338874,0.6111111111111112
Right,random,Ang,HTL,WRM,2,0.1,1,508,18,102,8,Source+Target,arc labels,,0.5236961451247165,0.2,0.05555555555555555
Right,random,Ang,HTL,WRM,2,0.1,1,508,18,102,8,COT,arc labels,,0.4693877551020408,0.03169014084507042,0.5
Right,random,Ang,HTL,WRM,2,0.1,1,508,18,102,8,none-Ang-HS4,arc labels,,0.5,0.0,0.0
Right,random,Ang,HTL,WRM,2,0.1,1,508,18,102,8,none-Ang-HSsrc,nothing,,0.49387755102040815,0.0,0.0
Right,random,Ang,HTL,WRM,2,0.1,1,508,18,102,8,none-Ang-PCA,arc segments,32.0,0.4843537414965986,0.03,0.16666666666666666
Right,random,Ang,HTL,WRM,2,0.1,1,508,18,102,8,QOTu-Ang-HS4,arc labels,,0.4897959183673469,0.0,0.0
Right,random,Ang,HTL,WRM,2,0.1,1,508,18,102,8,QOTu-Ang-HSsrc,arc segments,,0.47959183673469385,0.0,0.0
Right,random,Ang,HTL,WRM,2,0.1,1,508,18,102,8,QOTu-Ang-PCA,arc segments,16.0,0.46224489795918366,0.0,0.0
Right,random,Ang,HTL,WRM,2,0.1,1,508,18,102,8,QOTc-Ang-HS4,arc labels,,0.5356009070294785,0.0391566265060241,0.7222222222222222
Right,random,Ang,HTL,WRM,2,0.1,1,508,18,102,8,QOTc-Ang-HSsrc,arc labels,,0.5346938775510204,0.0379746835443038,1.0
Right,random,Ang,HTL,WRM,2,0.1,1,508,18,102,8,QOTc-Ang-PCA,arc labels,64.0,0.45476190476190476,0.023255813953488372,0.16666666666666666
Right,random,Ang,HTL,WRM,2,0.1,1,508,18,102,8,SDM-Ang-HS4,arc labels,,0.44580498866213153,0.024096385542168676,0.2222222222222222
Right,random,Ang,HTL,WRM,2,0.1,1,508,18,102,8,SDM-Ang-HSsrc,arc labels,,0.6689342403628118,0.055944055944055944,0.8888888888888888
Right,random,Ang,HTL,WRM,2,0.1,1,508,18,102,8,SDM-Ang-PCA,arc labels,64.0,0.4142857142857143,0.0,0.0
Right,random,Ang,HTL,WRM,2,0.2,1,508,18,203,17,NoAdapt,nothing,,0.5236961451247165,0.2,0.05555555555555555
Right,random,Ang,HTL,WRM,2,0.2,1,508,18,203,17,TargetOnly,arc labels,,0.5106575963718821,0.043478260869565216,0.1111111111111111
Right,random,Ang,HTL,WRM,2,0.2,1,508,18,203,17,Source+Target,arc labels,,0.5206349206349207,0.125,0.05555555555555555
Right,random,Ang,HTL,WRM,2,0.2,1,508,18,203,17,COT,arc labels,,0.5726757369614512,0.04739336492890995,0.5555555555555556
Right,random,Ang,HTL,WRM,2,0.2,1,508,18,203,17,none-Ang-HS4,arc labels,,0.5,0.0,0.0
Right,random,Ang,HTL,WRM,2,0.2,1,508,18,203,17,none-Ang-HSsrc,nothing,,0.49387755102040815,0.0,0.0
Right,random,Ang,HTL,WRM,2,0.2,1,508,18,203,17,none-Ang-PCA,arc segments,32.0,0.4843537414965986,0.03,0.16666666666666666
Right,random,Ang,HTL,WRM,2,0.2,1,508,18,203,17,QOTu-Ang-HS4,arc labels,,0.48367346938775513,0.0,0.0
Right,random,Ang,HTL,WRM,2,0.2,1,508,18,203,17,QOTu-Ang-HSsrc,arc segments,,0.4785714285714286,0.0,0.0
Right,random,Ang,HTL,WRM,2,0.2,1,508,18,203,17,QOTu-Ang-PCA,arc segments,32.0,0.5014739229024944,0.03636363636363636,0.1111111111111111
Right,random,Ang,HTL,WRM,2,0.2,1,508,18,203,17,QOTc-Ang-HS4,arc labels,,0.5178004535147392,0.05128205128205128,0.1111111111111111
Right,random,Ang,HTL,WRM,2,0.2,1,508,18,203,17,QOTc-Ang-HSsrc,arc labels,,0.48673469387755103,0.0,0.0
Right,random,Ang,HTL,WRM,2,0.2,1,508,18,203,17,QOTc-Ang-PCA,arc labels,64.0,0.4920634920634921,0.027777777777777776,0.05555555555555555
Right,random,Ang,HTL,WRM,2,0.2,1,508,18,203,17,SDM-Ang-HS4,arc labels,,0.5167800453514739,0.05,0.1111111111111111
Right,random,Ang,HTL,WRM,2,0.2,1,508,18,203,17,SDM-Ang-HSsrc,arc labels,,0.463265306122449,0.0,0.0
Right,random,Ang,HTL,WRM,2,0.2,1,508,18,203,17,SDM-Ang-PCA,arc labels,32.0,0.5924036281179138,0.06542056074766354,0.3888888888888889
Right,random,Ang,HTL,WRM,2,0.3,1,508,18,305,25,NoAdapt,nothing,,0.5236961451247165,0.2,0.05555555555555555
Right,random,Ang,HTL,WRM,2,0.3,1,508,18,305,25,TargetOnly,arc labels,,0.658390022675737,0.07874015748031496,0.5555555555555556
Right,random,Ang,HTL,WRM,2,0.3,1,508,18,305,25,Source+Target,arc labels,,0.5216553287981859,0.14285714285714285,0.05555555555555555
Right,random,Ang,HTL,WRM,2,0.3,1,508,18,305,25,COT,arc labels,,0.6276643990929706,0.05185185185185185,0.7777777777777778
Right,random,Ang,HTL,WRM,2,0.3,1,508,18,305,25,none-Ang-HS4,arc labels,,0.5,0.0,0.0
Right,random,Ang,HTL,WRM,2,0.3,1,508,18,305,25,none-Ang-HSsrc,nothing,,0.49387755102040815,0.0,0.0
Right,random,Ang,HTL,WRM,2,0.3,1,508,18,305,25,none-Ang-PCA,arc segments,32.0,0.47312925170068026,0.02702702702702703,0.16666666666666666
Right,random,Ang,HTL,WRM,2,0.3,1,508,18,305,25,QOTu-Ang-HS4,arc labels,,0.48775510204081635,0.0,0.0
Right,random,Ang,HTL,WRM,2,0.3,1,508,18,305,25,QOTu-Ang-HSsrc,arc segments,,0.4785714285714286,0.0,0.0
Right,random,Ang,HTL,WRM,2,0.3,1,508,18,305,25,QOTu-Ang-PCA,arc segments,32.0,0.4912698412698413,0.03076923076923077,0.1111111111111111
Right,random,Ang,HTL,WRM,2,0.3,1,508,18,305,25,QOTc-Ang-HS4,arc labels,,0.5045351473922902,0.038461538461538464,0.1111111111111111
Right,random,Ang,HTL,WRM,2,0.3,1,508,18,305,25,QOTc-Ang-HSsrc,arc labels,,0.48367346938775513,0.0,0.0
Right,random,Ang,HTL,WRM,2,0.3,1,508,18,305,25,QOTc-Ang-PCA,arc labels,64.0,0.5190476190476191,0.045454545454545456,0.16666666666666666
Right,random,Ang,HTL,WRM,2,0.3,1,508,18,305,25,SDM-Ang-HS4,arc labels,,0.5302721088435374,0.05454545454545454,0.16666666666666666
Right,random,Ang,HTL,WRM,2,0.3,1,508,18,305,25,SDM-Ang-HSsrc,arc labels,,0.45714285714285713,0.0,0.0
Right,random,Ang,HTL,WRM,2,0.3,1,508,18,305,25,SDM-Ang-PCA,arc labels,64.0,0.4494331065759637,0.018867924528301886,0.1111111111111111
Right,random,Ang,HTL,WRM,2,0.5,1,508,18,488,37,NoAdapt,nothing,,0.5236961451247165,0.2,0.05555555555555555
Right,random,Ang,HTL,WRM,2,0.5,1,508,18,488,37,TargetOnly,arc labels,,0.5840136054421768,0.06896551724137931,0.3333333333333333
Right,random,Ang,HTL,WRM,2,0.5,1,508,18,488,37,Source+Target,arc labels,,0.5216553287981859,0.14285714285714285,0.05555555555555555
Right,random,Ang,HTL,WRM,2,0.5,1,508,18,488,37,COT,arc labels,,0.5512471655328799,0.04310344827586207,0.5555555555555556
Right,random,Ang,HTL,WRM,2,0.5,1,508,18,488,37,none-Ang-HS4,arc labels,,0.4989795918367347,0.0,0.0
Right,random,Ang,HTL,WRM,2,0.5,1,508,18,488,37,none-Ang-HSsrc,nothing,,0.49387755102040815,0.0,0.0
Right,random,Ang,HTL,WRM,2,0.5,1,508,18,488,37,none-Ang-PCA,arc segments,32.0,0.47312925170068026,0.02702702702702703,0.16666666666666666
Right,random,Ang,HTL,WRM,2,0.5,1,508,18,488,37,QOTu-Ang-HS4,arc labels,,0.48673469387755103,0.0,0.0
Right,random,Ang,HTL,WRM,2,0.5,1,508,18,488,37,QOTu-Ang-HSsrc,arc segments,,0.4785714285714286,0.0,0.0
Right,random,Ang,HTL,WRM,2,0.5,1,508,18,488,37,QOTu-Ang-PCA,arc segments,32.0,0.48922902494331066,0.029850746268656716,0.1111111111111111
Right,random,Ang,HTL,WRM,2,0.5,1,508,18,488,37,QOTc-Ang-HS4,arc labels,,0.5147392290249433,0.047619047619047616,0.1111111111111111
Right,random,Ang,HTL,WRM,2,0.5,1,508,18,488,37,QOTc-Ang-HSsrc,arc labels,,0.48367346938775513,0.0,0.0
Right,random,Ang,HTL,WRM,2,0.5,1,508,18,488,37,QOTc-Ang-PCA,arc labels,64.0,0.48820861678004535,0.029411764705882353,0.1111111111111111
Right,random,Ang,HTL,WRM,2,0.5,1,508,18,488,37,SDM-Ang-HS4,arc labels,,0.513718820861678,0.046511627906976744,0.1111111111111111
Right,random,Ang,HTL,WRM,2,0.5,1,508,18,488,37,SDM-Ang-HSsrc,arc labels,,0.45714285714285713,0.0,0.0
Right,random,Ang,HTL,WRM,2,0.5,1,508,18,488,37,SDM-Ang-PCA,arc labels,64.0,0.4659863945578231,0.025423728813559324,0.16666666666666666
Right,random,Ang,HTL,WRM,3,0.05,1,508,34,51,2,NoAdapt,nothing,,0.5828989823777613,0.2692307692307692,0.20588235294117646
Right,random,Ang,HTL,WRM,3,0.05,1,508,34,51,2,TargetOnly,arc labels,,0.5719781583519483,0.10317460317460317,0.38235294117647056
Right,random,Ang,HTL,WRM,3,0.05,1,508,34,51,2,Source+Target,arc labels,,0.56819310002482,0.24,0.17647058823529413
Right,random,Ang,HTL,WRM,3,0.05,1,508,34,51,2,COT,arc labels,,0.5556589724497394,0.08045977011494253,0.6176470588235294
Right,random,Ang,HTL,WRM,3,0.05,1,508,34,51,2,none-Ang-HS4,arc labels,,0.48417721518987344,0.0,0.0
Right,random,Ang,HTL,WRM,3,0.05,1,508,34,51,2,none-Ang-HSsrc,nothing,,0.479957805907173,0.0,0.0
Right,random,Ang,HTL,WRM,3,0.05,1,508,34,51,2,none-Ang-PCA,arc segments,32.0,0.5174360883593944,0.07766990291262135,0.23529411764705882
Right,random,Ang,HTL,WRM,3,0.05,1,508,34,51,2,QOTu-Ang-HS4,arc labels,,0.5837676842889055,0.14285714285714285,0.29411764705882354
Right,random,Ang,HTL,WRM,3,0.05,1,508,34,51,2,QOTu-Ang-HSsrc,arc segments,,0.6068503350707372,0.15384615384615385,0.35294117647058826
Right,random,Ang,HTL,WRM,3,0.05,1,508,34,51,2,QOTu-Ang-PCA,arc segments,32.0,0.6131794489947878,0.16666666666666666,0.35294117647058826
Right,random,Ang,HTL,WRM,3,0.05,1,508,34,51,2,QOTc-Ang-HS4,arc labels,,0.4977041449491189,0.06382978723404255,0.08823529411764706
Right,random,Ang,HTL,WRM,3,0.05,1,508,34,51,2,QOTc-Ang-HSsrc,arc labels,,0.6223628691983123,0.12318840579710146,0.5
Right,random,Ang,HTL,WRM,3,0.05,1,508,34,51,2,QOTc-Ang-PCA,arc labels,64.0,0.5048399106478034,0.07,0.20588235294117646
Right,random,Ang,HTL,WRM,3,0.05,1,508,34,51,2,SDM-Ang-HS4,arc labels,,0.5070116654256639,0.07228915662650602,0.17647058823529413
Right,random,Ang,HTL,WRM,3,0.05,1,508,34,51,2,SDM-Ang-HSsrc,arc labels,,0.6234177215189873,0.12408759124087591,0.5
Right,random,Ang,HTL,WRM,3,0.05,1,508,34,51,2,SDM-Ang-PCA,arc labels,64.0,0.5038471084636386,0.06976744186046512,0.17647058823529413
Right,random,Ang,HTL,WRM,3,0.1,1,508,34,102,5,NoAdapt,nothing,,0.5828989823777613,0.2692307692307692,0.20588235294117646
Right,random,Ang,HTL,WRM,3,0.1,1,508,34,102,5,TargetOnly,arc labels,,0.5717299578059072,0.0913978494623656,0.5
Right,random,Ang,HTL,WRM,3,0.1,1,508,34,102,5,Source+Target,arc labels,,0.5534872176718789,0.20833333333333334,0.14705882352941177
Right,random,Ang,HTL,WRM,3,0.1,1,508,34,102,5,COT,arc labels,,0.46518987341772156,0.059233449477351915,0.5
Right,random,Ang,HTL,WRM,3,0.1,1,508,34,102,5,none-Ang-HS4,arc labels,,0.5009928021841648,0.07142857142857142,0.029411764705882353
Right,random,Ang,HTL,WRM,3,0.1,1,508,34,102,5,none-Ang-HSsrc,nothing,,0.479957805907173,0.0,0.0
Right,random,Ang,HTL,WRM,3,0.1,1,508,34,102,5,none-Ang-PCA,arc segments,32.0,0.5174360883593944,0.07766990291262135,0.23529411764705882
Right,random,Ang,HTL,WRM,3,0.1,1,508,34,102,5,QOTu-Ang-HS4,arc labels,,0.6079051873914123,0.15584415584415584,0.35294117647058826
Right,random,Ang,HTL,WRM,3,0.1,1,508,34,102,5,QOTu-Ang-HSsrc,arc segments,,0.5658972449739389,0.125,0.2647058823529412
Right,random,Ang,HTL,WRM,3,0.1,1,508,34,102,5,QOTu-Ang-PCA,arc segments,32.0,0.6373790022338048,0.203125,0.38235294117647056
Right,random,Ang,HTL,WRM,3,0.1,1,508,34,102,5,QOTc-Ang-HS4,arc labels,,0.5468478530652767,0.09523809523809523,0.29411764705882354
Right,random,Ang,HTL,WRM,3,0.1,1,508,34,102,5,QOTc-Ang-HSsrc,arc labels,,0.6234177215189873,0.12408759124087591,0.5
Right,random,Ang,HTL,WRM,3,0.1,1,508,34,102,5,QOTc-Ang-PCA,arc labels,64.0,0.5665797964755522,0.09316770186335403,0.4411764705882353
Right,random,Ang,HTL,WRM,3,0.1,1,508,34,102,5,SDM-Ang-HS4,arc labels,,0.5341896252171755,0.08547008547008547,0.29411764705882354
Right,random,Ang,HTL,WRM,3,0.1,1,508,34,102,5,SDM-Ang-HSsrc,arc labels,,0.6160337552742616,0.11805555555555555,0.5
Right,random,Ang,HTL,WRM,3,0.1,1,508,34,102,5,SDM-Ang-PCA,arc labels,64.0,0.521903698188136,0.10256410256410256,0.11764705882352941
Right,random,Ang,HTL,WRM,3,0.2,1,508,34,203,10,NoAdapt,nothing,,0.5828989823777613,0.2692307692307692,0.20588235294117646
Right,random,Ang,HTL,WRM,3,0.2,1,508,34,203,10,TargetOnly,arc labels,,0.5737155621742368,0.08878504672897196,0.5588235294117647
Right,random,Ang,HTL,WRM,3,0.2,1,508,34,203,10,Source+Target,arc labels,,0.5240754529659966,0.13636363636363635,0.08823529411764706
Right,random,Ang,HTL,WRM,3,0.2,1,508,34,203,10,COT,arc labels,,0.45017374038222885,0.05817174515235457,0.6176470588235294
Right,random,Ang,HTL,WRM,3,0.2,1,508,34,203,10,none-Ang-HS4,arc labels,,0.516753536857781,0.14285714285714285,0.058823529411764705
Right,random,Ang,HTL,WRM,3,0.2,1,508,34,203,10,none-Ang-HSsrc,nothing,,0.479957805907173,0.0,0.0
Right,random,Ang,HTL,WRM,3,0.2,1,508,34,203,10,none-Ang-PCA,arc segments,32.0,0.5374782824522214,0.09523809523809523,0.23529411764705882
Right,random,Ang,HTL,WRM,3,0.2,1,508,34,203,10,QOTu-Ang-HS4,arc labels,,0.5974807644576818,0.17543859649122806,0.29411764705882354
Right,random,Ang,HTL,WRM,3,0.2,1,508,34,203,10,QOTu-Ang-HSsrc,arc segments,,0.5522462149416729,0.11428571428571428,0.23529411764705882
Right,random,Ang,HTL,WRM,3,0.2,1,508,34,203,10,QOTu-Ang-PCA,arc segments,32.0,0.5932613551749814,0.16393442622950818,0.29411764705882354
Right,random,Ang,HTL,WRM,3,0.2,1,508,34,203,10,QOTc-Ang-HS4,arc labels,,0.5728468602630925,0.09411764705882353,0.47058823529411764
Right,random,Ang,HTL,WRM,3,0.2,1,508,34,203,10,QOTc-Ang-HSsrc,arc labels,,0.6273268801191363,0.10576923076923077,0.6470588235294118
Right,random,Ang,HTL,WRM,3,0.2,1,508,34,203,10,QOTc-Ang-PCA,arc labels,64.0,0.5152643335815339,0.075,0.2647058823529412
Right,random,Ang,HTL,WRM,3,0.2,1,508,34,203,10,SDM-Ang-HS4,arc labels,,0.6024447753785058,0.11811023622047244,0.4411764705882353
Right,random,Ang,HTL,WRM,3,0.2,1,508,34,203,10,SDM-Ang-HSsrc,arc labels,,0.6254653760238272,0.12,0.5294117647058824
Right,random,Ang,HTL,WRM,3,0.2,1,508,34,203,10,SDM-Ang-PCA,arc labels,64.0,0.5670141474311243,0.14285714285714285,0.23529411764705882
Right,random,Ang,HTL,WRM,3,0.3,1,508,34,305,13,NoAdapt,nothing,,0.5828989823777613,0.2692307692307692,0.20588235294117646
Right,random,Ang,HTL,WRM,3,0.3,1,508,34,305,13,TargetOnly,arc labels,,0.5335691238520724,0.0749063670411985,0.5882352941176471
Right,random,Ang,HTL,WRM,3,0.3,1,508,34,305,13,Source+Target,arc labels,,0.5240754529659966,0.13636363636363635,0.08823529411764706
Right,random,Ang,HTL,WRM,3,0.3,1,508,34,305,13,COT,arc labels,,0.48696947133283697,0.06460674157303371,0.6764705882352942
Right,random,Ang,HTL,WRM,3,0.3,1,508,34,305,13,none-Ang-HS4,arc labels,,0.516753536857781,0.14285714285714285,0.058823529411764705
Right,random,Ang,HTL,WRM,3,0.3,1,508,34,305,13,none-Ang-HSsrc,nothing,,0.479957805907173,0.0,0.0
Right,random,Ang,HTL,WRM,3,0.3,1,508,34,305,13,none-Ang-PCA,arc segments,32.0,0.5353685778108712,0.09302325581395349,0.23529411764705882
Right,random,Ang,HTL,WRM,3,0.3,1,508,34,305,13,QOTu-Ang-HS4,arc labels,,0.5953710598163316,0.1694915254237288,0.29411764705882354
Right,random,Ang,HTL,WRM,3,0.3,1,508,34,305,13,QOTu-Ang-HSsrc,arc segments,,0.5522462149416729,0.11428571428571428,0.23529411764705882
Right,random,Ang,HTL,WRM,3,0.3,1,508,34,305,13,QOTu-Ang-PCA,arc segments,32.0,0.592144452717796,0.14285714285714285,0.3235294117647059
Right,random,Ang,HTL,WRM,3,0.3,1,508,34,305,13,QOTc-Ang-HS4,arc labels,,0.5369198312236287,0.0776255707762557,0.5
Right,random,Ang,HTL,WRM,3,0.3,1,508,34,305,13,QOTc-Ang-HSsrc,arc labels,,0.364048150905932,0.042492917847025496,0.4411764705882353
Right,random,Ang,HTL,WRM,3,0.3,1,508,34,305,13,QOTc-Ang-PCA,arc labels,64.0,0.4941672871680318,0.06428571428571428,0.2647058823529412
Right,random,Ang,HTL,WRM,3,0.3,1,508,34,305,13,SDM-Ang-HS4,arc labels,,0.604554480019856,0.12,0.4411764705882353
Right,random,Ang,HTL,WRM,3,0.3,1,508,34,305,13,SDM-Ang-HSsrc,arc labels,,0.6211839166046165,0.11242603550295859,0.5588235294117647
Right,random,Ang,HTL,WRM,3,0.3,1,508,34,305,13,SDM-Ang-PCA,arc labels,64.0,0.5595060809133781,0.10752688172043011,0.29411764705882354
Right,random,Ang,HTL,WRM,3,0.5,1,508,34,487,23,NoAdapt,nothing,,0.5828989823777613,0.2692307692307692,0.20588235294117646
Right,random,Ang,HTL,WRM,3,0.5,1,508,34,487,23,TargetOnly,arc labels,,0.5945023579051874,0.08921933085501858,0.7058823529411765
Right,random,Ang,HTL,WRM,3,0.5,1,508,34,487,23,Source+Target,arc labels,,0.5639736907421197,0.20689655172413793,0.17647058823529413
Right,random,Ang,HTL,WRM,3,0.5,1,508,34,487,23,COT,arc labels,,0.5577686770910897,0.08108108108108109,0.6176470588235294
Right,random,Ang,HTL,WRM,3,0.5,1,508,34,487,23,none-Ang-HS4,arc labels,,0.5346239761727476,0.25,0.08823529411764706
Right,random,Ang,HTL,WRM,3,0.5,1,508,34,487,23,none-Ang-HSsrc,nothing,,0.479957805907173,0.0,0.0
Right,random,Ang,HTL,WRM,3,0.5,1,508,34,487,23,none-Ang-PCA,arc segments,32.0,0.5248200546041202,0.08333333333333333,0.23529411764705882
Right,random,Ang,HTL,WRM,3,0.5,1,508,34,487,23,QOTu-Ang-HS4,arc labels,,0.599590469099032,0.18181818181818182,0.29411764705882354
Right,random,Ang,HTL,WRM,3,0.5,1,508,34,487,23,QOTu-Ang-HSsrc,arc segments,,0.5522462149416729,0.11428571428571428,0.23529411764705882
Right,random,Ang,HTL,WRM,3,0.5,1,508,34,487,23,QOTu-Ang-PCA,arc segments,16.0,0.6016381236038719,0.16176470588235295,0.3235294117647059
Right,random,Ang,HTL,WRM,3,0.5,1,508,34,487,23,QOTc-Ang-HS4,arc labels,,0.5750186150409531,0.09803921568627451,0.4411764705882353
Right,random,Ang,HTL,WRM,3,0.5,1,508,34,487,23,QOTc-Ang-HSsrc,arc labels,,0.6079051873914123,0.15584415584415584,0.35294117647058826
Right,random,Ang,HTL,WRM,3,0.5,1,508,34,487,23,QOTc-Ang-PCA,arc labels,64.0,0.5341275750806652,0.08333333333333333,0.3235294117647059
Right,random,Ang,HTL,WRM,3,0.5,1,508,34,487,23,SDM-Ang-HS4,arc labels,,0.6600273020600645,0.12429378531073447,0.6470588235294118
Right,random,Ang,HTL,WRM,3,0.5,1,508,34,487,23,SDM-Ang-HSsrc,arc labels,,0.6306775874906925,0.11875,0.5588235294117647
Right,random,Ang,HTL,WRM,3,0.5,1,508,34,487,23,SDM-Ang-PCA,arc labels,64.0,0.621494167287168,0.14893617021276595,0.4117647058823529
Right,random,Ang,HTL,WRM,4,0.05,1,508,32,51,3,NoAdapt,nothing,,0.5883665966386555,0.25925925925925924,0.21875
Right,random,Ang,HTL,WRM,4,0.05,1,508,32,51,3,TargetOnly,arc labels,,0.5710346638655462,0.102803738317757,0.34375
Right,random,Ang,HTL,WRM,4,0.05,1,508,32,51,3,Source+Target,arc labels,,0.5894170168067228,0.2692307692307692,0.21875
Right,random,Ang,HTL,WRM,4,0.05,1,508,32,51,3,COT,arc labels,,0.5688025210084033,0.096,0.375
Right,random,Ang,HTL,WRM,4,0.05,1,508,32,51,3,none-Ang-HS4,arc labels,,0.5456932773109244,0.2,0.125
Right,random,Ang,HTL,WRM,4,0.05,1,508,32,51,3,none-Ang-HSsrc,nothing,,0.5174632352941176,0.0967741935483871,0.09375
Right,random,Ang,HTL,WRM,4,0.05,1,508,32,51,3,none-Ang-PCA,arc segments,4.0,0.5300682773109244,0.15789473684210525,0.09375
Right,random,Ang,HTL,WRM,4,0.05,1,508,32,51,3,QOTu-Ang-HS4,arc labels,,0.6536239495798319,0.18421052631578946,0.4375
Right,random,Ang,HTL,WRM,4,0.05,1,508,32,51,3,QOTu-Ang-HSsrc,arc segments,,0.5848214285714286,0.1282051282051282,0.3125
Right,random,Ang,HTL,WRM,4,0.05,1,508,32,51,3,QOTu-Ang-PCA,arc segments,32.0,0.6084558823529411,0.11764705882352941,0.4375
Right,random,Ang,HTL,WRM,4,0.05,1,508,32,51,3,QOTc-Ang-HS4,arc labels,,0.5600052521008403,0.08287292817679558,0.46875
Right,random,Ang,HTL,WRM,4,0.05,1,508,32,51,3,QOTc-Ang-HSsrc,arc labels,,0.3589810924369748,0.034129692832764506,0.3125
Right,random,Ang,HTL,WRM,4,0.05,1,508,32,51,3,QOTc-Ang-PCA,arc labels,64.0,0.5586922268907564,0.0794392523364486,0.53125
Right,random,Ang,HTL,WRM,4,0.05,1,508,32,51,3,SDM-Ang-HS4,arc labels,,0.46284138655462187,0.03614457831325301,0.09375
Right,random,Ang,HTL,WRM,4,0.05,1,508,32,51,3,SDM-Ang-HSsrc,arc labels,,0.38366596638655465,0.02912621359223301,0.1875
Right,random,Ang,HTL,WRM,4,0.05,1,508,32,51,3,SDM-Ang-PCA,arc labels,64.0,0.48293067226890757,0.041666666666666664,0.0625
Right,random,Ang,HTL,WRM,4,0.1,1,508,32,102,6,NoAdapt,nothing,,0.5883665966386555,0.25925925925925924,0.21875
Right,random,Ang,HTL,WRM,4,0.1,1,508,32,102,6,TargetOnly,arc labels,,0.50328256302521,0.06382978723404255,0.46875
Right,random,Ang,HTL,WRM,4,0.1,1,508,32,102,6,Source+Target,arc labels,,0.5894170168067228,0.2692307692307692,0.21875
Right,random,Ang,HTL,WRM,4,0.1,1,508,32,102,6,COT,arc labels,,0.4583771008403361,0.052845528455284556,0.40625
Right,random,Ang,HTL,WRM,4,0.1,1,508,32,102,6,none-Ang-HS4,arc labels,,0.5383403361344538,0.14814814814814814,0.125
Right,random,Ang,HTL,WRM,4,0.1,1,508,32,102,6,none-Ang-HSsrc,nothing,,0.5174632352941176,0.0967741935483871,0.09375
Right,random,Ang,HTL,WRM,4,0.1,1,508,32,102,6,none-Ang-PCA,arc segments,4.0,0.5446428571428572,0.19047619047619047,0.125
Right,random,Ang,HTL,WRM,4,0.1,1,508,32,102,6,QOTu-Ang-HS4,arc labels,,0.6369485294117647,0.17105263157894737,0.40625
Right,random,Ang,HTL,WRM,4,0.1,1,508,32,102,6,QOTu-Ang-HSsrc,arc segments,,0.5899422268907564,0.12359550561797752,0.34375
Right,random,Ang,HTL,WRM,4,0.1,1,508,32,102,6,QOTu-Ang-PCA,arc segments,16.0,0.6305147058823529,0.14285714285714285,0.4375
Right,random,Ang,HTL,WRM,4,0.1,1,508,32,102,6,QOTc-Ang-HS4,arc labels,,0.47570903361344535,0.05421686746987952,0.28125
Right,random,Ang,HTL,WRM,4,0.1,1,508,32,102,6,QOTc-Ang-HSsrc,arc labels,,0.32983193277310924,0.02768166089965398,0.25
Right,random,Ang,HTL,WRM,4,0.1,1,508,32,102,6,QOTc-Ang-PCA,arc labels,64.0,0.5764180672268908,0.11627906976744186,0.3125
Right,random,Ang,HTL,WRM,4,0.1,1,508,32,102,6,SDM-Ang-HS4,arc labels,,0.5210084033613445,0.07476635514018691,0.25
Right,random,Ang,HTL,WRM,4,0.1,1,508,32,102,6,SDM-Ang-HSsrc,arc labels,,0.38799894957983194,0.026881720430107527,0.15625
Right,random,Ang,HTL,WRM,4,0.1,1,508,32,102,6,SDM-Ang-PCA,arc labels,64.0,0.5900735294117647,0.136986301369863,0.3125
Right,random,Ang,HTL,WRM,4,0.2,1,508,32,203,13,NoAdapt,nothing,,0.5883665966386555,0.25925925925925924,0.21875
Right,random,Ang,HTL,WRM,4,0.2,1,508,32,203,13,TargetOnly,arc labels,,0.5615808823529411,0.07818930041152264,0.59375
Right,random,Ang,HTL,WRM,4,0.2,1,508,32,203,13,Source+Target,arc labels,,0.5894170168067228,0.2692307692307692,0.21875
Right,random,Ang,HTL,WRM,4,0.2,1,508,32,203,13,COT,arc labels,,0.5418855042016807,0.07391304347826087,0.53125
Right,random,Ang,HTL,WRM,4,0.2,1,508,32,203,13,none-Ang-HS4,arc labels,,0.5091911764705883,0.08695652173913043,0.0625
Right,random,Ang,HTL,WRM,4,0.2,1,508,32,203,13,none-Ang-HSsrc,nothing,,0.5174632352941176,0.0967741935483871,0.09375
Right,random,Ang,HTL,WRM,4,0.2,1,508,32,203,13,none-Ang-PCA,arc segments,4.0,0.5383403361344538,0.14814814814814814,0.125
Right,random,Ang,HTL,WRM,4,0.2,1,508,32,203,13,QOTu-Ang-HS4,arc labels,,0.6420693277310925,0.16091954022988506,0.4375
Right,random,Ang,HTL,WRM,4,0.2,1,508,32,203,13,QOTu-Ang-HSsrc,arc segments,,0.6013655462184874,0.1276595744680851,0.375
Right,random,Ang,HTL,WRM,4,0.2,1,508,32,203,13,QOTu-Ang-PCA,arc segments,8.0,0.6576943277310925,0.17045454545454544,0.46875
Right,random,Ang,HTL,WRM,4,0.2,1,508,32,203,13,QOTc-Ang-HS4,arc labels,,0.5426733193277311,0.07279693486590039,0.59375
Right,random,Ang,HTL,WRM,4,0.2,1,508,32,203,13,QOTc-Ang-HSsrc,arc labels,,0.36239495798319327,0.031007751937984496,0.25
Right,random,Ang,HTL,WRM,4,0.2,1,508,32,203,13,QOTc-Ang-PCA,arc labels,64.0,0.5651260504201681,0.12307692307692308,0.25
Right,random,Ang,HTL,WRM,4,0.2,1,508,32,203,13,SDM-Ang-HS4,arc labels,,0.5416228991596639,0.07251908396946564,0.59375
Right,random,Ang,HTL,WRM,4,0.2,1,508,32,203,13,SDM-Ang-HSsrc,arc labels,,0.3698792016806723,0.029787234042553193,0.21875
Right,random,Ang,HTL,WRM,4,0.2,1,508,32,203,13,SDM-Ang-PCA,arc labels,64.0,0.5266544117647058,0.0718232044198895,0.40625
Right,random,Ang,HTL,WRM,4,0.3,1,508,32,305,20,NoAdapt,nothing,,0.5883665966386555,0.25925925925925924,0.21875
Right,random,Ang,HTL,WRM,4,0.3,1,508,32,305,20,TargetOnly,arc labels,,0.6075367647058824,0.09090909090909091,0.65625
Right,random,Ang,HTL,WRM,4,0.3,1,508,32,305,20,Source+Target,arc labels,,0.5706407563025211,0.21428571428571427,0.1875
Right,random,Ang,HTL,WRM,4,0.3,1,508,32,305,20,COT,arc labels,,0.5056460084033614,0.06467661691542288,0.40625
Right,random,Ang,HTL,WRM,4,0.3,1,508,32,305,20,none-Ang-HS4,arc labels,,0.5467436974789917,0.21052631578947367,0.125
Right,random,Ang,HTL,WRM,4,0.3,1,508,32,305,20,none-Ang-HSsrc,nothing,,0.5174632352941176,0.0967741935483871,0.09375
Right,random,Ang,HTL,WRM,4,0.3,1,508,32,305,20,none-Ang-PCA,arc segments,64.0,0.4575892857142857,0.05116279069767442,0.34375
Right,random,Ang,HTL,WRM,4,0.3,1,508,32,305,20,QOTu-Ang-HS4,arc labels,,0.6316964285714286,0.16049382716049382,0.40625
Right,random,Ang,HTL,WRM,4,0.3,1,508,32,305,20,QOTu-Ang-HSsrc,arc segments,,0.5971638655462185,0.12244897959183673,0.375
Right,random,Ang,HTL,WRM,4,0.3,1,508,32,305,20,QOTu-Ang-PCA,arc segments,8.0,0.6587447478991597,0.1724137931034483,0.46875
Right,random,Ang,HTL,WRM,4,0.3,1,508,32,305,20,QOTc-Ang-HS4,arc labels,,0.514311974789916,0.06597222222222222,0.59375
Right,random,Ang,HTL,WRM,4,0.3,1,508,32,305,20,QOTc-Ang-HSsrc,arc labels,,0.34611344537815125,0.03560830860534125,0.375
Right,random,Ang,HTL,WRM,4,0.3,1,508,32,305,20,QOTc-Ang-PCA,arc labels,64.0,0.5609243697478992,0.11594202898550725,0.25
Right,random,Ang,HTL,WRM,4,0.3,1,508,32,305,20,SDM-Ang-HS4,arc labels,,0.5579044117647058,0.07419354838709677,0.71875
Right,random,Ang,HTL,WRM,4,0.3,1,508,32,305,20,SDM-Ang-HSsrc,arc labels,,0.6353728991596639,0.09328358208955224,0.78125
Right,random,Ang,HTL,WRM,4,0.3,1,508,32,305,20,SDM-Ang-PCA,arc labels,64.0,0.6092436974789917,0.10666666666666667,0.5
Right,random,Ang,HTL,WRM,4,0.5,1,508,32,487,27,NoAdapt,nothing,,0.5883665966386555,0.25925925925925924,0.21875
Right,random,Ang,HTL,WRM,4,0.5,1,508,32,487,27,TargetOnly,arc labels,,0.6013655462184874,0.09049773755656108,0.625
Right,random,Ang,HTL,WRM,4,0.5,1,508,32,487,27,Source+Target,arc labels,,0.5706407563025211,0.21428571428571427,0.1875
Right,random,Ang,HTL,WRM,4,0.5,1,508,32,487,27,COT,arc labels,,0.6372111344537815,0.1111111111111111,0.59375
Right,random,Ang,HTL,WRM,4,0.5,1,508,32,487,27,none-Ang-HS4,arc labels,,0.5404411764705883,0.16,0.125
Right,random,Ang,HTL,WRM,4,0.5,1,508,32,487,27,none-Ang-HSsrc,nothing,,0.5174632352941176,0.0967741935483871,0.09375
Right,random,Ang,HTL,WRM,4,0.5,1,508,32,487,27,none-Ang-PCA,arc segments,64.0,0.4838497899159664,0.05789473684210526,0.34375
Right,random,Ang,HTL,WRM,4,0.5,1,508,32,487,27,QOTu-Ang-HS4,arc labels,,0.6316964285714286,0.16049382716049382,0.40625
Right,random,Ang,HTL,WRM,4,0.5,1,508,32,487,27,QOTu-Ang-HSsrc,arc segments,,0.5971638655462185,0.12244897959183673,0.375
Right,random,Ang,HTL,WRM,4,0.5,1,508,32,487,27,QOTu-Ang-PCA,arc segments,8.0,0.6440388655462185,0.1485148514851485,0.46875
Right,random,Ang,HTL,WRM,4,0.5,1,508,32,487,27,QOTc-Ang-HS4,arc labels,,0.516281512605042,0.06622516556291391,0.625
Right,random,Ang,HTL,WRM,4,0.5,1,508,32,487,27,QOTc-Ang-HSsrc,arc labels,,0.34611344537815125,0.03560830860534125,0.375
Right,random,Ang,HTL,WRM,4,0.5,1,508,32,487,27,QOTc-Ang-PCA,arc labels,64.0,0.5194327731092436,0.08888888888888889,0.125
Right,random,Ang,HTL,WRM,4,0.5,1,508,32,487,27,SDM-Ang-HS4,arc labels,,0.5535714285714286,0.07881773399014778,0.5
Right,random,Ang,HTL,WRM,4,0.5,1,508,32,487,27,SDM-Ang-HSsrc,arc labels,,0.5414915966386554,0.07194244604316546,0.625
Right,random,Ang,HTL,WRM,4,0.5,1,508,32,487,27,SDM-Ang-PCA,arc labels,64.0,0.6041228991596639,0.1079136690647482,0.46875
Right,random,Ang,HTL,WRM,5,0.05,1,508,32,51,6,NoAdapt,nothing,,0.5883665966386555,0.25925925925925924,0.21875
Right,random,Ang,HTL,WRM,5,0.05,1,508,32,51,6,TargetOnly,arc labels,,0.639311974789916,0.11242603550295859,0.59375
Right,random,Ang,HTL,WRM,5,0.05,1,508,32,51,6,Source+Target,arc labels,,0.5747111344537815,0.175,0.21875
Right,random,Ang,HTL,WRM,5,0.05,1,508,32,51,6,COT,arc labels,,0.5892857142857143,0.09467455621301775,0.5
Right,random,Ang,HTL,WRM,5,0.05,1,508,32,51,6,none-Ang-HS4,arc labels,,0.5425420168067228,0.17391304347826086,0.125
Right,random,Ang,HTL,WRM,5,0.05,1,508,32,51,6,none-Ang-HSsrc,nothing,,0.5153623949579832,0.09090909090909091,0.09375
Right,random,Ang,HTL,WRM,5,0.05,1,508,32,51,6,none-Ang-PCA,arc segments,32.0,0.49159663865546216,0.05925925925925926,0.25
Right,random,Ang,HTL,WRM,5,0.05,1,508,32,51,6,QOTu-Ang-HS4,arc labels,,0.6219800420168067,0.12295081967213115,0.46875
Right,random,Ang,HTL,WRM,5,0.05,1,508,32,51,6,QOTu-Ang-HSsrc,arc segments,,0.6114758403361344,0.11363636363636363,0.46875
Right,random,Ang,HTL,WRM,5,0.05,1,508,32,51,6,QOTu-Ang-PCA,arc segments,64.0,0.5514705882352942,0.07228915662650602,0.75
Right,random,Ang,HTL,WRM,5,0.05,1,508,32,51,6,QOTc-Ang-HS4,arc labels,,0.5630252100840336,0.08247422680412371,0.5
Right,random,Ang,HTL,WRM,5,0.05,1,508,32,51,6,QOTc-Ang-HSsrc,arc labels,,0.3445378151260504,0.02909090909090909,0.25
Right,random,Ang,HTL,WRM,5,0.05,1,508,32,51,6,QOTc-Ang-PCA,arc labels,64.0,0.5181197478991597,0.06829268292682927,0.4375
Right,random,Ang,HTL,WRM,5,0.05,1,508,32,51,6,SDM-Ang-HS4,arc labels,,0.6004464285714286,0.13924050632911392,0.34375
Right,random,Ang,HTL,WRM,5,0.05,1,508,32,51,6,SDM-Ang-HSsrc,arc labels,,0.5421481092436975,0.07575757575757576,0.46875
Right,random,Ang,HTL,WRM,5,0.05,1,508,32,51,6,SDM-Ang-PCA,arc labels,64.0,0.5185136554621849,0.07006369426751592,0.34375
Right,random,Ang,HTL,WRM,5,0.1,1,508,32,102,9,NoAdapt,nothing,,0.5883665966386555,0.25925925925925924,0.21875
Right,random,Ang,HTL,WRM,5,0.1,1,508,32,102,9,TargetOnly,arc labels,,0.6146271008403361,0.11627906976744186,0.46875
Right,random,Ang,HTL,WRM,5,0.1,1,508,32,102,9,Source+Target,arc labels,,0.5934873949579832,0.21052631578947367,0.25
Right,random,Ang,HTL,WRM,5,0.1,1,508,32,102,9,COT,arc labels,,0.5969012605042017,0.1076923076923077,0.4375
Right,random,Ang,HTL,WRM,5,0.1,1,508,32,102,9,none-Ang-HS4,arc labels,,0.5404411764705883,0.16,0.125
Right,random,Ang,HTL,WRM,5,0.1,1,508,32,102,9,none-Ang-HSsrc,nothing,,0.5153623949579832,0.09090909090909091,0.09375
Right,random,Ang,HTL,WRM,5,0.1,1,508,32,102,9,none-Ang-PCA,arc segments,32.0,0.47780987394957986,0.054878048780487805,0.28125
Right,random,Ang,HTL,WRM,5,0.1,1,508,32,102,9,QOTu-Ang-HS4,arc labels,,0.6167279411764706,0.11811023622047244,0.46875
Right,random,Ang,HTL,WRM,5,0.1,1,508,32,102,9,QOTu-Ang-HSsrc,arc segments,,0.615546218487395,0.1111111111111111,0.5
Right,random,Ang,HTL,WRM,5,0.1,1,508,32,102,9,QOTu-Ang-PCA,arc segments,4.0,0.5912552521008403,0.09289617486338798,0.53125
Right,random,Ang,HTL,WRM,5,0.1,1,508,32,102,9,QOTc-Ang-HS4,arc labels,,0.6297268907563025,0.10309278350515463,0.625
Right,random,Ang,HTL,WRM,5,0.1,1,508,32,102,9,QOTc-Ang-HSsrc,arc labels,,0.49330357142857145,0.06077348066298342,0.34375
Right,random,Ang,HTL,WRM,5,0.1,1,508,32,102,9,QOTc-Ang-PCA,arc labels,64.0,0.47019432773109243,0.039473684210526314,0.09375
Right,random,Ang,HTL,WRM,5,0.1,1,508,32,102,9,SDM-Ang-HS4,arc labels,,0.6129201680672269,0.14457831325301204,0.375
Right,random,Ang,HTL,WRM,5,0.1,1,508,32,102,9,SDM-Ang-HSsrc,arc labels,,0.5533088235294117,0.07659574468085106,0.5625
Right,random,Ang,HTL,WRM,5,0.1,1,508,32,102,9,SDM-Ang-PCA,arc labels,64.0,0.6146271008403361,0.11627906976744186,0.46875
Right,random,Ang,HTL,WRM,5,0.2,1,508,32,203,18,NoAdapt,nothing,,0.5883665966386555,0.25925925925925924,0.21875
Right,random,Ang,HTL,WRM,5,0.2,1,508,32,203,18,TargetOnly,arc labels,,0.6536239495798319,0.10837438423645321,0.6875
Right,random,Ang,HTL,WRM,5,0.2,1,508,32,203,18,Source+Target,arc labels,,0.6049107142857143,0.20930232558139536,0.28125
Right,random,Ang,HTL,WRM,5,0.2,1,508,32,203,18,COT,arc labels,,0.6242121848739496,0.09523809523809523,0.6875
Right,random,Ang,HTL,WRM,5,0.2,1,508,32,203,18,none-Ang-HS4,arc labels,,0.5529149159663865,0.1724137931034483,0.15625
Right,random,Ang,HTL,WRM,5,0.2,1,508,32,203,18,none-Ang-HSsrc,nothing,,0.5153623949579832,0.09090909090909091,0.09375
Right,random,Ang,HTL,WRM,5,0.2,1,508,32,203,18,none-Ang-PCA,arc segments,32.0,0.47675945378151263,0.05454545454545454,0.28125
Right,random,Ang,HTL,WRM,5,0.2,1,508,32,203,18,QOTu-Ang-HS4,arc labels,,0.634453781512605,0.12698412698412698,0.5
Right,random,Ang,HTL,WRM,5,0.2,1,508,32,203,18,QOTu-Ang-HSsrc,arc segments,,0.6114758403361344,0.11363636363636363,0.46875
Right,random,Ang,HTL,WRM,5,0.2,1,508,32,203,18,QOTu-Ang-PCA,arc segments,4.0,0.5546218487394958,0.07920792079207921,0.5
Right,random,Ang,HTL,WRM,5,0.2,1,508,32,203,18,QOTc-Ang-HS4,arc labels,,0.6355042016806722,0.128,0.5
Right,random,Ang,HTL,WRM,5,0.2,1,508,32,203,18,QOTc-Ang-HSsrc,arc labels,,0.6260504201680672,0.11940298507462686,0.5
Right,random,Ang,HTL,WRM,5,0.2,1,508,32,203,18,QOTc-Ang-PCA,arc labels,64.0,0.5782563025210083,0.10344827586206896,0.375
Right,random,Ang,HTL,WRM,5,0.2,1,508,32,203,18,SDM-Ang-HS4,arc labels,,0.6268382352941176,0.10909090909090909,0.5625
Right,random,Ang,HTL,WRM,5,0.2,1,508,32,203,18,SDM-Ang-HSsrc,arc labels,,0.6130514705882353,0.0979381443298969,0.59375
Right,random,Ang,HTL,WRM,5,0.2,1,508,32,203,18,SDM-Ang-PCA,arc labels,64.0,0.6655724789915967,0.13194444444444445,0.59375
Right,random,Ang,HTL,WRM,5,0.3,1,508,32,305,18,NoAdapt,nothing,,0.5883665966386555,0.25925925925925924,0.21875
Right,random,Ang,HTL,WRM,5,0.3,1,508,32,305,18,TargetOnly,arc labels,,0.6548056722689075,0.11290322580645161,0.65625
Right,random,Ang,HTL,WRM,5,0.3,1,508,32,305,18,Source+Target,arc labels,,0.5882352941176471,0.18604651162790697,0.25
Right,random,Ang,HTL,WRM,5,0.3,1,508,32,305,18,COT,arc labels,,0.6471901260504201,0.10222222222222223,0.71875
Right,random,Ang,HTL,WRM,5,0.3,1,508,32,305,18,none-Ang-HS4,arc labels,,0.5674894957983193,0.1935483870967742,0.1875
Right,random,Ang,HTL,WRM,5,0.3,1,508,32,305,18,none-Ang-HSsrc,nothing,,0.5153623949579832,0.09090909090909091,0.09375
Right,random,Ang,HTL,WRM,5,0.3,1,508,32,305,18,none-Ang-PCA,arc segments,32.0,0.4955357142857143,0.06134969325153374,0.3125
Right,random,Ang,HTL,WRM,5,0.3,1,508,32,305,18,QOTu-Ang-HS4,arc labels,,0.6214548319327731,0.10215053763440861,0.59375
Right,random,Ang,HTL,WRM,5,0.3,1,508,32,305,18,QOTu-Ang-HSsrc,arc segments,,0.6186974789915967,0.11347517730496454,0.5
Right,random,Ang,HTL,WRM,5,0.3,1,508,32,305,18,QOTu-Ang-PCA,arc segments,32.0,0.5902048319327731,0.09239130434782608,0.53125
Right,random,Ang,HTL,WRM,5,0.3,1,508,32,305,18,QOTc-Ang-HS4,arc labels,,0.6271008403361344,0.12030075187969924,0.5
Right,random,Ang,HTL,WRM,5,0.3,1,508,32,305,18,QOTc-Ang-HSsrc,arc labels,,0.6134453781512605,0.1095890410958904,0.5
Right,random,Ang,HTL,WRM,5,0.3,1,508,32,305,18,QOTc-Ang-PCA,arc labels,64.0,0.609375,0.11194029850746269,0.46875
Right,random,Ang,HTL,WRM,5,0.3,1,508,32,305,18,SDM-Ang-HS4,arc labels,,0.6257878151260504,0.10843373493975904,0.5625
Right,random,Ang,HTL,WRM,5,0.3,1,508,32,305,18,SDM-Ang-HSsrc,arc labels,,0.6120010504201681,0.09743589743589744,0.59375
Right,random,Ang,HTL,WRM,5,0.3,1,508,32,305,18,SDM-Ang-PCA,arc labels,64.0,0.6760766806722689,0.1417910447761194,0.59375
Right,random,Ang,HTL,WRM,5,0.5,1,508,32,487,27,NoAdapt,nothing,,0.5883665966386555,0.25925925925925924,0.21875
Right,random,Ang,HTL,WRM,5,0.5,1,508,32,487,27,TargetOnly,arc labels,,0.6902573529411764,0.125,0.71875
Right,random,Ang,HTL,WRM,5,0.5,1,508,32,487,27,Source+Target,arc labels,,0.592436974789916,0.20512820512820512,0.25
Right,random,Ang,HTL,WRM,5,0.5,1,508,32,487,27,COT,arc labels,,0.6184348739495799,0.10404624277456648,0.5625
Right,random,Ang,HTL,WRM,5,0.5,1,508,32,487,27,none-Ang-HS4,arc labels,,0.5539653361344538,0.17857142857142858,0.15625
Right,random,Ang,HTL,WRM,5,0.5,1,508,32,487,27,none-Ang-HSsrc,nothing,,0.5153623949579832,0.09090909090909091,0.09375
Right,random,Ang,HTL,WRM,5,0.5,1,508,32,487,27,none-Ang-PCA,arc segments,32.0,0.46087184873949577,0.05102040816326531,0.3125
Right,random,Ang,HTL,WRM,5,0.5,1,508,32,487,27,QOTu-Ang-HS4,arc labels,,0.6416754201680672,0.1259259259259259,0.53125
Right,random,Ang,HTL,WRM,5,0.5,1,508,32,487,27,QOTu-Ang-HSsrc,arc segments,,0.625,0.11851851851851852,0.5
Right,random,Ang,HTL,WRM,5,0.5,1,508,32,487,27,QOTu-Ang-PCA,arc segments,16.0,0.5963760504201681,0.09278350515463918,0.5625
Right,random,Ang,HTL,WRM,5,0.5,1,508,32,487,27,QOTc-Ang-HS4,arc labels,,0.6218487394957983,0.11594202898550725,0.5
Right,random,Ang,HTL,WRM,5,0.5,1,508,32,487,27,QOTc-Ang-HSsrc,arc labels,,0.5257352941176471,0.07228915662650602,0.375
Right,random,Ang,HTL,WRM,5,0.5,1,508,32,487,27,QOTc-Ang-PCA,arc labels,64.0,0.5090598739495799,0.07692307692307693,0.09375
Right,random,Ang,HTL,WRM,5,0.5,1,508,32,487,27,SDM-Ang-HS4,arc labels,,0.6123949579831933,0.10884353741496598,0.5
Right,random,Ang,HTL,WRM,5,0.5,1,508,32,487,27,SDM-Ang-HSsrc,arc labels,,0.5846901260504201,0.08597285067873303,0.59375
Right,random,Ang,HTL,WRM,5,0.5,1,508,32,487,27,SDM-Ang-PCA,arc labels,64.0,0.6935399159663865,0.13333333333333333,0.6875
Right,random,Ang,HTL,WRM,6,0.05,1,508,27,51,2,NoAdapt,nothing,,0.6026026026026026,0.21212121212121213,0.25925925925925924
Right,random,Ang,HTL,WRM,6,0.05,1,508,27,51,2,TargetOnly,arc labels,,0.5157465157465158,0.057803468208092484,0.37037037037037035
Right,random,Ang,HTL,WRM,6,0.05,1,508,27,51,2,Source+Target,arc labels,,0.5809655809655809,0.17142857142857143,0.2222222222222222
Right,random,Ang,HTL,WRM,6,0.05,1,508,27,51,2,COT,arc labels,,0.5053900053900053,0.05371900826446281,0.9629629629629629
Right,random,Ang,HTL,WRM,6,0.05,1,508,27,51,2,none-Ang-HS4,arc labels,,0.5285285285285285,0.10344827586206896,0.1111111111111111
Right,random,Ang,HTL,WRM,6,0.05,1,508,27,51,2,none-Ang-HSsrc,nothing,,0.5191730191730192,0.07894736842105263,0.1111111111111111
Right,random,Ang,HTL,WRM,6,0.05,1,508,27,51,2,none-Ang-PCA,arc segments,32.0,0.5140525140525141,0.058394160583941604,0.2962962962962963
Right,random,Ang,HTL,WRM,6,0.05,1,508,27,51,2,QOTu-Ang-HS4,arc labels,,0.6455686455686456,0.09937888198757763,0.5925925925925926
Right,random,Ang,HTL,WRM,6,0.05,1,508,27,51,2,QOTu-Ang-HSsrc,arc segments,,0.6455686455686456,0.09937888198757763,0.5925925925925926
Right,random,Ang,HTL,WRM,6,0.05,1,508,27,51,2,QOTu-Ang-PCA,arc segments,64.0,0.5041965041965042,0.05387205387205387,0.5925925925925926
Right,random,Ang,HTL,WRM,6,0.05,1,508,27,51,2,QOTc-Ang-HS4,arc labels,,0.4979209979209979,0.0,0.0
Right,random,Ang,HTL,WRM,6,0.05,1,508,27,51,2,QOTc-Ang-HSsrc,arc labels,,0.3195888195888196,0.013043478260869565,0.1111111111111111
Right,random,Ang,HTL,WRM,6,0.05,1,508,27,51,2,QOTc-Ang-PCA,arc labels,32.0,0.4892199892199892,0.041666666666666664,0.07407407407407407
Right,random,Ang,HTL,WRM,6,0.05,1,508,27,51,2,SDM-Ang-HS4,arc labels,,0.4892199892199892,0.041666666666666664,0.07407407407407407
Right,random,Ang,HTL,WRM,6,0.05,1,508,27,51,2,SDM-Ang-HSsrc,arc labels,,0.5642950642950644,0.06589147286821706,0.6296296296296297
Right,random,Ang,HTL,WRM,6,0.05,1,508,27,51,2,SDM-Ang-PCA,arc labels,64.0,0.4813659813659814,0.044642857142857144,0.18518518518518517
Right,random,Ang,HTL,WRM,6,0.1,1,508,27,102,5,NoAdapt,nothing,,0.6026026026026026,0.21212121212121213,0.25925925925925924
Right,random,Ang,HTL,WRM,6,0.1,1,508,27,102,5,TargetOnly,arc labels,,0.6622006622006622,0.1103448275862069,0.5925925925925926
Right,random,Ang,HTL,WRM,6,0.1,1,508,27,102,5,Source+Target,arc labels,,0.5963655963655964,0.1794871794871795,0.25925925925925924
Right,random,Ang,HTL,WRM,6,0.1,1,508,27,102,5,COT,arc labels,,0.6516131516131516,0.09770114942528736,0.6296296296296297
Right,random,Ang,HTL,WRM,6,0.1,1,508,27,102,5,none-Ang-HS4,arc labels,,0.5233310233310233,0.08823529411764706,0.1111111111111111
Right,random,Ang,HTL,WRM,6,0.1,1,508,27,102,5,none-Ang-HSsrc,nothing,,0.5191730191730192,0.07894736842105263,0.1111111111111111
Right,random,Ang,HTL,WRM,6,0.1,1,508,27,102,5,none-Ang-PCA,arc segments,32.0,0.5078155078155078,0.055944055944055944,0.2962962962962963
Right,random,Ang,HTL,WRM,6,0.1,1,508,27,102,5,QOTu-Ang-HS4,arc labels,,0.6588896588896589,0.10179640718562874,0.6296296296296297
Right,random,Ang,HTL,WRM,6,0.1,1,508,27,102,5,QOTu-Ang-HSsrc,arc segments,,0.6455686455686456,0.09937888198757763,0.5925925925925926
Right,random,Ang,HTL,WRM,6,0.1,1,508,27,102,5,QOTu-Ang-PCA,arc segments,32.0,0.6195811195811196,0.08602150537634409,0.5925925925925926
Right,random,Ang,HTL,WRM,6,0.1,1,508,27,102,5,QOTc-Ang-HS4,arc labels,,0.5593285593285593,0.13513513513513514,0.18518518518518517
Right,random,Ang,HTL,WRM,6,0.1,1,508,27,102,5,QOTc-Ang-HSsrc,arc labels,,0.35558635558635554,0.02145922746781116,0.18518518518518517
Right,random,Ang,HTL,WRM,6,0.1,1,508,27,102,5,QOTc-Ang-PCA,arc labels,64.0,0.4892199892199892,0.041666666666666664,0.07407407407407407
Right,random,Ang,HTL,WRM,6,0.1,1,508,27,102,5,SDM-Ang-HS4,arc labels,,0.5547855547855548,0.08860759493670886,0.25925925925925924
Right,random,Ang,HTL,WRM,6,0.1,1,508,27,102,5,SDM-Ang-HSsrc,arc labels,,0.588011088011088,0.07086614173228346,0.6666666666666666
Right,random,Ang,HTL,WRM,6,0.1,1,508,27,102,5,SDM-Ang-PCA,arc labels,64.0,0.5371140371140372,0.07291666666666667,0.25925925925925924
Right,random,Ang,HTL,WRM,6,0.2,1,508,27,203,15,NoAdapt,nothing,,0.6026026026026026,0.21212121212121213,0.25925925925925924
Right,random,Ang,HTL,WRM,6,0.2,1,508,27,203,15,TargetOnly,arc labels,,0.7348502348502348,0.11702127659574468,0.8148148148148148
Right,random,Ang,HTL,WRM,6,0.2,1,508,27,203,15,Source+Target,arc labels,,0.6117656117656118,0.18604651162790697,0.2962962962962963
Right,random,Ang,HTL,WRM,6,0.2,1,508,27,203,15,COT,arc labels,,0.6742896742896742,0.10526315789473684,0.6666666666666666
Right,random,Ang,HTL,WRM,6,0.2,1,508,27,203,15,none-Ang-HS4,arc labels,,0.5254100254100255,0.09375,0.1111111111111111
Right,random,Ang,HTL,WRM,6,0.2,1,508,27,203,15,none-Ang-HSsrc,nothing,,0.5191730191730192,0.07894736842105263,0.1111111111111111
Right,random,Ang,HTL,WRM,6,0.2,1,508,27,203,15,none-Ang-PCA,arc segments,32.0,0.5074305074305074,0.055248618784530384,0.37037037037037035
Right,random,Ang,HTL,WRM,6,0.2,1,508,27,203,15,QOTu-Ang-HS4,arc labels,,0.6518056518056519,0.1032258064516129,0.5925925925925926
Right,random,Ang,HTL,WRM,6,0.2,1,508,27,203,15,QOTu-Ang-HSsrc,arc segments,,0.6528451528451529,0.1038961038961039,0.5925925925925926
Right,random,Ang,HTL,WRM,6,0.2,1,508,27,203,15,QOTu-Ang-PCA,arc segments,32.0,0.636020636020636,0.08994708994708994,0.6296296296296297
Right,random,Ang,HTL,WRM,6,0.2,1,508,27,203,15,QOTc-Ang-HS4,arc labels,,0.6889196889196889,0.09163346613545817,0.8518518518518519
Right,random,Ang,HTL,WRM,6,0.2,1,508,27,203,15,QOTc-Ang-HSsrc,arc labels,,0.6455686455686456,0.09937888198757763,0.5925925925925926
Right,random,Ang,HTL,WRM,6,0.2,1,508,27,203,15,QOTc-Ang-PCA,arc labels,64.0,0.5077385077385077,0.061224489795918366,0.1111111111111111
Right,random,Ang,HTL,WRM,6,0.2,1,508,27,203,15,SDM-Ang-HS4,arc labels,,0.6872256872256872,0.09767441860465116,0.7777777777777778
Right,random,Ang,HTL,WRM,6,0.2,1,508,27,203,15,SDM-Ang-HSsrc,arc labels,,0.632979132979133,0.07692307692307693,0.8148148148148148
Right,random,Ang,HTL,WRM,6,0.2,1,508,27,203,15,SDM-Ang-PCA,arc labels,64.0,0.5413490413490414,0.06451612903225806,0.4444444444444444
Right,random,Ang,HTL,WRM,6,0.3,1,508,27,305,24,NoAdapt,nothing,,0.6026026026026026,0.21212121212121213,0.25925925925925924
Right,random,Ang,HTL,WRM,6,0.3,1,508,27,305,24,TargetOnly,arc labels,,0.7165242165242165,0.11904761904761904,0.7407407407407407
Right,random,Ang,HTL,WRM,6,0.3,1,508,27,305,24,Source+Target,arc labels,,0.6044891044891045,0.16,0.2962962962962963
Right,random,Ang,HTL,WRM,6,0.3,1,508,27,305,24,COT,arc labels,,0.6753291753291752,0.10588235294117647,0.6666666666666666
Right,random,Ang,HTL,WRM,6,0.3,1,508,27,305,24,none-Ang-HS4,arc labels,,0.544968044968045,0.125,0.14814814814814814
Right,random,Ang,HTL,WRM,6,0.3,1,508,27,305,24,none-Ang-HSsrc,nothing,,0.5191730191730192,0.07894736842105263,0.1111111111111111
Right,random,Ang,HTL,WRM,6,0.3,1,508,27,305,24,none-Ang-PCA,arc segments,32.0,0.4878724878724878,0.049723756906077346,0.3333333333333333
Right,random,Ang,HTL,WRM,6,0.3,1,508,27,305,24,QOTu-Ang-HS4,arc labels,,0.6476476476476476,0.10062893081761007,0.5925925925925926
Right,random,Ang,HTL,WRM,6,0.3,1,508,27,305,24,QOTu-Ang-HSsrc,arc segments,,0.6528451528451529,0.1038961038961039,0.5925925925925926
Right,random,Ang,HTL,WRM,6,0.3,1,508,27,305,24,QOTu-Ang-PCA,arc segments,64.0,0.5714560714560715,0.06318681318681318,0.8518518518518519
Right,random,Ang,HTL,WRM,6,0.3,1,508,27,305,24,QOTc-Ang-HS4,arc labels,,0.6889196889196889,0.09163346613545817,0.8518518518518519
Right,random,Ang,HTL,WRM,6,0.3,1,508,27,305,24,QOTc-Ang-HSsrc,arc labels,,0.6599291599291599,0.10240963855421686,0.6296296296296297
Right,random,Ang,HTL,WRM,6,0.3,1,508,27,305,24,QOTc-Ang-PCA,arc labels,32.0,0.5356125356125356,0.0975609756097561,0.14814814814814814
Right,random,Ang,HTL,WRM,6,0.3,1,508,27,305,24,SDM-Ang-HS4,arc labels,,0.6635096635096636,0.091324200913242,0.7407407407407407
Right,random,Ang,HTL,WRM,6,0.3,1,508,27,305,24,SDM-Ang-HSsrc,arc labels,,0.6485716485716486,0.08118081180811808,0.8148148148148148
Right,random,Ang,HTL,WRM,6,0.3,1,508,27,305,24,SDM-Ang-PCA,arc labels,64.0,0.7032032032032032,0.11728395061728394,0.7037037037037037
Right,random,Ang,HTL,WRM,6,0.5,1,508,27,487,32,NoAdapt,nothing,,0.6026026026026026,0.21212121212121213,0.25925925925925924
Right,random,Ang,HTL,WRM,6,0.5,1,508,27,487,32,TargetOnly,arc labels,,0.7061292061292062,0.11235955056179775,0.7407407407407407
Right,random,Ang,HTL,WRM,6,0.5,1,508,27,487,32,Source+Target,arc labels,,0.5992915992915993,0.14545454545454545,0.2962962962962963
Right,random,Ang,HTL,WRM,6,0.5,1,508,27,487,32,COT,arc labels,,0.6855316855316855,0.10614525139664804,0.7037037037037037
Right,random,Ang,HTL,WRM,6,0.5,1,508,27,487,32,none-Ang-HS4,arc labels,,0.5634865634865635,0.15151515151515152,0.18518518518518517
Right,random,Ang,HTL,WRM,6,0.5,1,508,27,487,32,none-Ang-HSsrc,nothing,,0.5191730191730192,0.07894736842105263,0.1111111111111111
Right,random,Ang,HTL,WRM,6,0.5,1,508,27,487,32,none-Ang-PCA,arc segments,32.0,0.48891198891198895,0.05,0.3333333333333333
Right,random,Ang,HTL,WRM,6,0.5,1,508,27,487,32,QOTu-Ang-HS4,arc labels,,0.6744821744821745,0.1118421052631579,0.6296296296296297
Right,random,Ang,HTL,WRM,6,0.5,1,508,27,487,32,QOTu-Ang-HSsrc,arc segments,,0.6476476476476476,0.10062893081761007,0.5925925925925926
Right,random,Ang,HTL,WRM,6,0.5,1,508,27,487,32,QOTu-Ang-PCA,arc segments,32.0,0.6351736351736352,0.0935672514619883,0.5925925925925926
Right,random,Ang,HTL,WRM,6,0.5,1,508,27,487,32,QOTc-Ang-HS4,arc labels,,0.6507661507661507,0.10256410256410256,0.5925925925925926
Right,random,Ang,HTL,WRM,6,0.5,1,508,27,487,32,QOTc-Ang-HSsrc,arc labels,,0.6083391083391083,0.08426966292134831,0.5555555555555556
Right,random,Ang,HTL,WRM,6,0.5,1,508,27,487,32,QOTc-Ang-PCA,arc labels,64.0,0.5859705859705859,0.14285714285714285,0.25925925925925924
Right,random,Ang,HTL,WRM,6,0.5,1,508,27,487,32,SDM-Ang-HS4,arc labels,,0.6755986755986756,0.08979591836734693,0.8148148148148148
Right,random,Ang,HTL,WRM,6,0.5,1,508,27,487,32,SDM-Ang-HSsrc,arc labels,,0.6719026719026719,0.08196721311475409,0.9259259259259259
Right,random,Ang,HTL,WRM,6,0.5,1,508,27,487,32,SDM-Ang-PCA,arc labels,64.0,0.6933856933856934,0.1391304347826087,0.5925925925925926
Right,random,Ang,HTL,WRM,7,0.05,1,508,27,51,5,NoAdapt,nothing,,0.6026026026026026,0.21212121212121213,0.25925925925925924
Right,random,Ang,HTL,WRM,7,0.05,1,508,27,51,5,TargetOnly,arc labels,,0.5831985831985832,0.07239819004524888,0.5925925925925926
Right,random,Ang,HTL,WRM,7,0.05,1,508,27,51,5,Source+Target,arc labels,,0.5890890890890891,0.15217391304347827,0.25925925925925924
Right,random,Ang,HTL,WRM,7,0.05,1,508,27,51,5,COT,arc labels,,0.5430430430430431,0.06306306306306306,0.5185185185185185
Right,random,Ang,HTL,WRM,7,0.05,1,508,27,51,5,none-Ang-HS4,arc labels,,0.513975513975514,0.06976744186046512,0.1111111111111111
Right,random,Ang,HTL,WRM,7,0.05,1,508,27,51,5,none-Ang-HSsrc,nothing,,0.5170940170940171,0.075,0.1111111111111111
Right,random,Ang,HTL,WRM,7,0.05,1,508,27,51,5,none-Ang-PCA,arc segments,4.0,0.5501655501655502,0.14814814814814814,0.14814814814814814
Right,random,Ang,HTL,WRM,7,0.05,1,508,27,51,5,QOTu-Ang-HS4,arc labels,,0.6175021175021175,0.0851063829787234,0.5925925925925926
Right,random,Ang,HTL,WRM,7,0.05,1,508,27,51,5,QOTu-Ang-HSsrc,arc segments,,0.6235466235466236,0.0845771144278607,0.6296296296296297
Right,random,Ang,HTL,WRM,7,0.05,1,508,27,51,5,QOTu-Ang-PCA,arc segments,64.0,0.5411180411180411,0.05825242718446602,0.8888888888888888
Right,random,Ang,HTL,WRM,7,0.05,1,508,27,51,5,QOTc-Ang-HS4,arc labels,,0.5287980287980288,0.0673076923076923,0.25925925925925924
Right,random,Ang,HTL,WRM,7,0.05,1,508,27,51,5,QOTc-Ang-HSsrc,arc labels,,0.5865095865095865,0.07537688442211055,0.5555555555555556
Right,random,Ang,HTL,WRM,7,0.05,1,508,27,51,5,QOTc-Ang-PCA,arc labels,64.0,0.49980749980749983,0.05263157894736842,0.037037037037037035
Right,random,Ang,HTL,WRM,7,0.05,1,508,27,51,5,SDM-Ang-HS4,arc labels,,0.5685685685685685,0.07801418439716312,0.4074074074074074
Right,random,Ang,HTL,WRM,7,0.05,1,508,27,51,5,SDM-Ang-HSsrc,arc labels,,0.5722260722260722,0.06597222222222222,0.7037037037037037
Right,random,Ang,HTL,WRM,7,0.05,1,508,27,51,5,SDM-Ang-PCA,arc labels,64.0,0.46531146531146533,0.028169014084507043,0.07407407407407407
Right,random,Ang,HTL,WRM,7,0.1,1,508,27,102,10,NoAdapt,nothing,,0.6026026026026026,0.21212121212121213,0.25925925925925924
Right,random,Ang,HTL,WRM,7,0.1,1,508,27,102,10,TargetOnly,arc labels,,0.6712481712481713,0.08582089552238806,0.8518518518518519
Right,random,Ang,HTL,WRM,7,0.1,1,508,27,102,10,Source+Target,arc labels,,0.5890890890890891,0.15217391304347827,0.25925925925925924
Right,random,Ang,HTL,WRM,7,0.1,1,508,27,102,10,COT,arc labels,,0.6537691537691538,0.08270676691729323,0.8148148148148148
Right,random,Ang,HTL,WRM,7,0.1,1,508,27,102,10,none-Ang-HS4,arc labels,,0.506891506891507,0.06451612903225806,0.07407407407407407
Right,random,Ang,HTL,WRM,7,0.1,1,508,27,102,10,none-Ang-HSsrc,nothing,,0.5170940170940171,0.075,0.1111111111111111
Right,random,Ang,HTL,WRM,7,0.1,1,508,27,102,10,none-Ang-PCA,arc segments,32.0,0.5150920150920151,0.058823529411764705,0.2962962962962963
Right,random,Ang,HTL,WRM,7,0.1,1,508,27,102,10,QOTu-Ang-HS4,arc labels,,0.6143836143836143,0.08376963350785341,0.5925925925925926
Right,random,Ang,HTL,WRM,7,0.1,1,508,27,102,10,QOTu-Ang-HSsrc,arc segments,,0.6235466235466236,0.0845771144278607,0.6296296296296297
Right,random,Ang,HTL,WRM,7,0.1,1,508,27,102,10,QOTu-Ang-PCA,arc segments,32.0,0.5440825440825441,0.06334841628959276,0.5185185185185185
Right,random,Ang,HTL,WRM,7,0.1,1,508,27,102,10,QOTc-Ang-HS4,arc labels,,0.5756525756525757,0.0784313725490196,0.4444444444444444
Right,random,Ang,HTL,WRM,7,0.1,1,508,27,102,10,QOTc-Ang-HSsrc,arc labels,,0.641025641025641,0.08866995073891626,0.6666666666666666
Right,random,Ang,HTL,WRM,7,0.1,1,508,27,102,10,QOTc-Ang-PCA,arc labels,64.0,0.5274890274890275,0.1,0.1111111111111111
Right,random,Ang,HTL,WRM,7,0.1,1,508,27,102,10,SDM-Ang-HS4,arc labels,,0.6162701162701163,0.08173076923076923,0.6296296296296297
Right,random,Ang,HTL,WRM,7,0.1,1,508,27,102,10,SDM-Ang-HSsrc,arc labels,,0.6290906290906291,0.07123287671232877,0.9629629629629629
Right,random,Ang,HTL,WRM,7,0.1,1,508,27,102,10,SDM-Ang-PCA,arc labels,64.0,0.5406945406945407,0.06711409395973154,0.37037037037037035
Right,random,Ang,HTL,WRM,7,0.2,1,508,27,203,16,NoAdapt,nothing,,0.6026026026026026,0.21212121212121213,0.25925925925925924
Right,random,Ang,HTL,WRM,7,0.2,1,508,27,203,16,TargetOnly,arc labels,,0.6608531608531609,0.08273381294964029,0.8518518518518519
Right,random,Ang,HTL,WRM,7,0.2,1,508,27,203,16,Source+Target,arc labels,,0.6044891044891045,0.16,0.2962962962962963
Right,random,Ang,HTL,WRM,7,0.2,1,508,27,203,16,COT,arc labels,,0.6876876876876876,0.08856088560885608,0.8888888888888888
Right,random,Ang,HTL,WRM,7,0.2,1,508,27,203,16,none-Ang-HS4,arc labels,,0.543928543928544,0.12121212121212122,0.14814814814814814
Right,random,Ang,HTL,WRM,7,0.2,1,508,27,203,16,none-Ang-HSsrc,nothing,,0.5170940170940171,0.075,0.1111111111111111
Right,random,Ang,HTL,WRM,7,0.2,1,508,27,203,16,none-Ang-PCA,arc segments,32.0,0.49638099638099636,0.05194805194805195,0.2962962962962963
Right,random,Ang,HTL,WRM,7,0.2,1,508,27,203,16,QOTu-Ang-HS4,arc labels,,0.638946638946639,0.08780487804878048,0.6666666666666666
Right,random,Ang,HTL,WRM,7,0.2,1,508,27,203,16,QOTu-Ang-HSsrc,arc segments,,0.6235466235466236,0.0845771144278607,0.6296296296296297
Right,random,Ang,HTL,WRM,7,0.2,1,508,27,203,16,QOTu-Ang-PCA,arc segments,32.0,0.5674135674135674,0.06666666666666667,0.6296296296296297
Right,random,Ang,HTL,WRM,7,0.2,1,508,27,203,16,QOTc-Ang-HS4,arc labels,,0.6518056518056519,0.1032258064516129,0.5925925925925926
Right,random,Ang,HTL,WRM,7,0.2,1,508,27,203,16,QOTc-Ang-HSsrc,arc labels,,0.642065142065142,0.0891089108910891,0.6666666666666666
Right,random,Ang,HTL,WRM,7,0.2,1,508,27,203,16,QOTc-Ang-PCA,arc labels,64.0,0.5418495418495419,0.11428571428571428,0.14814814814814814
Right,random,Ang,HTL,WRM,7,0.2,1,508,27,203,16,SDM-Ang-HS4,arc labels,,0.639023639023639,0.07692307692307693,0.8518518518518519
Right,random,Ang,HTL,WRM,7,0.2,1,508,27,203,16,SDM-Ang-HSsrc,arc labels,,0.6311696311696311,0.07162534435261708,0.9629629629629629
Right,random,Ang,HTL,WRM,7,0.2,1,508,27,203,16,SDM-Ang-PCA,arc labels,64.0,0.5492800492800493,0.06481481481481481,0.5185185185185185
Right,random,Ang,HTL,WRM,7,0.3,1,508,27,305,22,NoAdapt,nothing,,0.6026026026026026,0.21212121212121213,0.25925925925925924
Right,random,Ang,HTL,WRM,7,0.3,1,508,27,305,22,TargetOnly,arc labels,,0.6988526988526989,0.10810810810810811,0.7407407407407407
Right,random,Ang,HTL,WRM,7,0.3,1,508,27,305,22,Source+Target,arc labels,,0.6044891044891045,0.16,0.2962962962962963
Right,random,Ang,HTL,WRM,7,0.3,1,508,27,305,22,COT,arc labels,,0.6905366905366905,0.10362694300518134,0.7407407407407407
Right,random,Ang,HTL,WRM,7,0.3,1,508,27,305,22,none-Ang-HS4,arc labels,,0.5243705243705243,0.09090909090909091,0.1111111111111111
Right,random,Ang,HTL,WRM,7,0.3,1,508,27,305,22,none-Ang-HSsrc,nothing,,0.5170940170940171,0.075,0.1111111111111111
Right,random,Ang,HTL,WRM,7,0.3,1,508,27,305,22,none-Ang-PCA,arc segments,32.0,0.49534149534149535,0.05161290322580645,0.2962962962962963
Right,random,Ang,HTL,WRM,7,0.3,1,508,27,305,22,QOTu-Ang-HS4,arc labels,,0.6379071379071379,0.08737864077669903,0.6666666666666666
Right,random,Ang,HTL,WRM,7,0.3,1,508,27,305,22,QOTu-Ang-HSsrc,arc segments,,0.6235466235466236,0.0845771144278607,0.6296296296296297
Right,random,Ang,HTL,WRM,7,0.3,1,508,27,305,22,QOTu-Ang-PCA,arc segments,32.0,0.566066066066066,0.061855670103092786,0.8888888888888888
Right,random,Ang,HTL,WRM,7,0.3,1,508,27,305,22,QOTc-Ang-HS4,arc labels,,0.6280896280896281,0.09433962264150944,0.5555555555555556
Right,random,Ang,HTL,WRM,7,0.3,1,508,27,305,22,QOTc-Ang-HSsrc,arc labels,,0.641025641025641,0.08866995073891626,0.6666666666666666
Right,random,Ang,HTL,WRM,7,0.3,1,508,27,305,22,QOTc-Ang-PCA,arc labels,64.0,0.5374990374990375,0.08620689655172414,0.18518518518518517
Right,random,Ang,HTL,WRM,7,0.3,1,508,27,305,22,SDM-Ang-HS4,arc labels,,0.6421421421421422,0.0777027027027027,0.8518518518518519
Right,random,Ang,HTL,WRM,7,0.3,1,508,27,305,22,SDM-Ang-HSsrc,arc labels,,0.627011627011627,0.07084468664850137,0.9629629629629629
Right,random,Ang,HTL,WRM,7,0.3,1,508,27,305,22,SDM-Ang-PCA,arc labels,64.0,0.5146300146300147,0.0625,0.18518518518518517
Right,random,Ang,HTL,WRM,7,0.5,1,508,27,498,32,NoAdapt,nothing,,0.6026026026026026,0.21212121212121213,0.25925925925925924
Right,random,Ang,HTL,WRM,7,0.5,1,508,27,498,32,TargetOnly,arc labels,,0.6653961653961654,0.08898305084745763,0.7777777777777778
Right,random,Ang,HTL,WRM,7,0.5,1,508,27,498,32,Source+Target,arc labels,,0.6157311157311157,0.15517241379310345,0.3333333333333333
Right,random,Ang,HTL,WRM,7,0.5,1,508,27,498,32,COT,arc labels,,0.6807961807961808,0.09166666666666666,0.8148148148148148
Right,random,Ang,HTL,WRM,7,0.5,1,508,27,498,32,none-Ang-HS4,arc labels,,0.5624470624470624,0.14705882352941177,0.18518518518518517
Right,random,Ang,HTL,WRM,7,0.5,1,508,27,498,32,none-Ang-HSsrc,nothing,,0.5170940170940171,0.075,0.1111111111111111
Right,random,Ang,HTL,WRM,7,0.5,1,508,27,498,32,none-Ang-PCA,arc segments,16.0,0.542966042966043,0.0703125,0.3333333333333333
Right,random,Ang,HTL,WRM,7,0.5,1,508,27,498,32,QOTu-Ang-HS4,arc labels,,0.6501886501886502,0.0892018779342723,0.7037037037037037
Right,random,Ang,HTL,WRM,7,0.5,1,508,27,498,32,QOTu-Ang-HSsrc,arc segments,,0.6235466235466236,0.0845771144278607,0.6296296296296297
Right,random,Ang,HTL,WRM,7,0.5,1,508,27,498,32,QOTu-Ang-PCA,arc segments,32.0,0.5923615923615924,0.0735930735930736,0.6296296296296297
Right,random,Ang,HTL,WRM,7,0.5,1,508,27,498,32,QOTc-Ang-HS4,arc labels,,0.6659736659736659,0.1005586592178771,0.6666666666666666
Right,random,Ang,HTL,WRM,7,0.5,1,508,27,498,32,QOTc-Ang-HSsrc,arc labels,,0.6379071379071379,0.08737864077669903,0.6666666666666666
Right,random,Ang,HTL,WRM,7,0.5,1,508,27,498,32,QOTc-Ang-PCA,arc labels,64.0,0.5466620466620467,0.08823529411764706,0.2222222222222222
Right,random,Ang,HTL,WRM,7,0.5,1,508,27,498,32,SDM-Ang-HS4,arc labels,,0.649033649033649,0.0764525993883792,0.9259259259259259
Right,random,Ang,HTL,WRM,7,0.5,1,508,27,498,32,SDM-Ang-HSsrc,arc labels,,0.627011627011627,0.07084468664850137,0.9629629629629629
Right,random,Ang,HTL,WRM,7,0.5,1,508,27,498,32,SDM-Ang-PCA,arc labels,64.0,0.6570031570031569,0.10666666666666667,0.5925925925925926
Right,random,Ang,PTT,HTL,0,0.05,1,401,82,40,8,NoAdapt,nothing,,0.5016820857863751,0.20532319391634982,0.6585365853658537
Right,random,Ang,PTT,HTL,0,0.05,1,401,82,40,8,TargetOnly,arc labels,,0.5282896245890358,0.22784810126582278,0.43902439024390244
Right,random,Ang,PTT,HTL,0,0.05,1,401,82,40,8,Source+Target,arc labels,,0.5123098096184724,0.21052631578947367,0.6829268292682927
Right,random,Ang,PTT,HTL,0,0.05,1,401,82,40,8,COT,arc labels,,0.5007836990595611,0.205,0.5
Right,random,Ang,PTT,HTL,0,0.05,1,401,82,40,8,none-Ang-HS4,arc labels,,0.47465402553712055,0.18811881188118812,0.4634146341463415
Right,random,Ang,PTT,HTL,0,0.05,1,401,82,40,8,none-Ang-HSsrc,nothing,,0.4551571221041364,0.1794871794871795,0.5121951219512195
Right,random,Ang,PTT,HTL,0,0.05,1,401,82,40,8,none-Ang-PCA,arc segments,32.0,0.586818564110406,0.28,0.5121951219512195
Right,random,Ang,PTT,HTL,0,0.05,1,401,82,40,8,QOTu-Ang-HS4,arc labels,,0.4951831179753804,0.2,0.34146341463414637
Right,random,Ang,PTT,HTL,0,0.05,1,401,82,40,8,QOTu-Ang-HSsrc,arc segments,,0.477597675663277,0.18633540372670807,0.36585365853658536
Right,random,Ang,PTT,HTL,0,0.05,1,401,82,40,8,QOTu-Ang-PCA,arc segments,32.0,0.5314244208272804,0.23076923076923078,0.43902439024390244
Right,random,Ang,PTT,HTL,0,0.05,1,401,82,40,8,QOTc-Ang-HS4,arc labels,,0.5193822157657313,0.22857142857142856,0.2926829268292683
Right,random,Ang,PTT,HTL,0,0.05,1,401,82,40,8,QOTc-Ang-HSsrc,arc labels,,0.44256059331753195,0.13636363636363635,0.18292682926829268
Right,random,Ang,PTT,HTL,0,0.05,1,401,82,40,8,QOTc-Ang-PCA,arc labels,64.0,0.4693783928434896,0.1590909090909091,0.17073170731707318
Right,random,Ang,PTT,HTL,0,0.05,1,401,82,40,8,SDM-Ang-HS4,arc labels,,0.4847274256441624,0.1893939393939394,0.3048780487804878
Right,random,Ang,PTT,HTL,0,0.05,1,401,82,40,8,SDM-Ang-HSsrc,arc labels,,0.43718938756785686,0.15819209039548024,0.34146341463414637
Right,random,Ang,PTT,HTL,0,0.05,1,401,82,40,8,SDM-Ang-PCA,arc labels,64.0,0.47983408517470755,0.17708333333333334,0.2073170731707317
Right,random,Ang,PTT,HTL,0,0.1,1,401,82,80,16,NoAdapt,nothing,,0.5016820857863751,0.20532319391634982,0.6585365853658537
Right,random,Ang,PTT,HTL,0,0.1,1,401,82,80,16,TargetOnly,arc labels,,0.4209993118739965,0.15346534653465346,0.3780487804878049
Right,random,Ang,PTT,HTL,0,0.1,1,401,82,80,16,Source+Target,arc labels,,0.49820322654637206,0.20363636363636364,0.6829268292682927
Right,random,Ang,PTT,HTL,0,0.1,1,401,82,80,16,COT,arc labels,,0.43026989831026835,0.17301038062283736,0.6097560975609756
Right,random,Ang,PTT,HTL,0,0.1,1,401,82,80,16,none-Ang-HS4,arc labels,,0.4551571221041364,0.1794871794871795,0.5121951219512195
Right,random,Ang,PTT,HTL,0,0.1,1,401,82,80,16,none-Ang-HSsrc,nothing,,0.4551571221041364,0.1794871794871795,0.5121951219512195
Right,random,Ang,PTT,HTL,0,0.1,1,401,82,80,16,none-Ang-PCA,arc segments,32.0,0.559637586971481,0.2608695652173913,0.43902439024390244
Right,random,Ang,PTT,HTL,0,0.1,1,401,82,80,16,QOTu-Ang-HS4,arc labels,,0.48386726813976605,0.1910828025477707,0.36585365853658536
Right,random,Ang,PTT,HTL,0,0.1,1,401,82,80,16,QOTu-Ang-HSsrc,arc segments,,0.4760302775441547,0.18518518518518517,0.36585365853658536
Right,random,Ang,PTT,HTL,0,0.1,1,401,82,80,16,QOTu-Ang-PCA,arc segments,32.0,0.5556235186176313,0.2644628099173554,0.3902439024390244
Right,random,Ang,PTT,HTL,0,0.1,1,401,82,80,16,QOTc-Ang-HS4,arc labels,,0.4213242602645462,0.13513513513513514,0.24390243902439024
Right,random,Ang,PTT,HTL,0,0.1,1,401,82,80,16,QOTc-Ang-HSsrc,arc labels,,0.4456953895557765,0.1388888888888889,0.18292682926829268
Right,random,Ang,PTT,HTL,0,0.1,1,401,82,80,16,QOTc-Ang-PCA,arc labels,64.0,0.4646761984861228,0.15384615384615385,0.17073170731707318
Right,random,Ang,PTT,HTL,0,0.1,1,401,82,80,16,SDM-Ang-HS4,arc labels,,0.4146914901750898,0.11016949152542373,0.15853658536585366
Right,random,Ang,PTT,HTL,0,0.1,1,401,82,80,16,SDM-Ang-HSsrc,arc labels,,0.4460585671687438,0.15492957746478872,0.2682926829268293
Right,random,Ang,PTT,HTL,0,0.1,1,401,82,80,16,SDM-Ang-PCA,arc labels,64.0,0.46224864286260414,0.1623931623931624,0.23170731707317074
Right,random,Ang,PTT,HTL,0,0.2,1,401,82,161,32,NoAdapt,nothing,,0.5016820857863751,0.20532319391634982,0.6585365853658537
Right,random,Ang,PTT,HTL,0,0.2,1,401,82,161,32,TargetOnly,arc labels,,0.5422241761602569,0.24025974025974026,0.45121951219512196
Right,random,Ang,PTT,HTL,0,0.2,1,401,82,161,32,Source+Target,arc labels,,0.5262443611896934,0.21755725190839695,0.6951219512195121
Right,random,Ang,PTT,HTL,0,0.2,1,401,82,161,32,COT,arc labels,,0.4535897239850142,0.17872340425531916,0.5121951219512195
Right,random,Ang,PTT,HTL,0,0.2,1,401,82,161,32,none-Ang-HS4,arc labels,,0.4506269592476489,0.17672413793103448,0.5
Right,random,Ang,PTT,HTL,0,0.2,1,401,82,161,32,none-Ang-HSsrc,nothing,,0.4551571221041364,0.1794871794871795,0.5121951219512195
Right,random,Ang,PTT,HTL,0,0.2,1,401,82,161,32,none-Ang-PCA,arc segments,4.0,0.45672452022325866,0.18025751072961374,0.5121951219512195
Right,random,Ang,PTT,HTL,0,0.2,1,401,82,161,32,QOTu-Ang-HS4,arc labels,,0.5108762137778118,0.21264367816091953,0.45121951219512196
Right,random,Ang,PTT,HTL,0,0.2,1,401,82,161,32,QOTu-Ang-HSsrc,arc segments,,0.48944873461273797,0.19653179190751446,0.4146341463414634
Right,random,Ang,PTT,HTL,0,0.2,1,401,82,161,32,QOTu-Ang-PCA,arc segments,32.0,0.5523166908785075,0.2578125,0.4024390243902439
Right,random,Ang,PTT,HTL,0,0.2,1,401,82,161,32,QOTc-Ang-HS4,arc labels,,0.4788210107806407,0.18823529411764706,0.3902439024390244
Right,random,Ang,PTT,HTL,0,0.2,1,401,82,161,32,QOTc-Ang-HSsrc,arc labels,,0.44642174478171115,0.16477272727272727,0.35365853658536583
Right,random,Ang,PTT,HTL,0,0.2,1,401,82,161,32,QOTc-Ang-PCA,arc labels,64.0,0.5883668476183195,0.3142857142857143,0.4024390243902439
Right,random,Ang,PTT,HTL,0,0.2,1,401,82,161,32,SDM-Ang-HS4,arc labels,,0.5000573438336264,0.20454545454545456,0.32926829268292684
Right,random,Ang,PTT,HTL,0,0.2,1,401,82,161,32,SDM-Ang-HSsrc,arc labels,,0.5554897163391697,0.2383177570093458,0.6219512195121951
Right,random,Ang,PTT,HTL,0,0.2,1,401,82,161,32,SDM-Ang-PCA,arc labels,64.0,0.5773950607844637,0.29464285714285715,0.4024390243902439
Right,random,Ang,PTT,HTL,0,0.3,1,401,82,241,51,NoAdapt,nothing,,0.5016820857863751,0.20532319391634982,0.6585365853658537
Right,random,Ang,PTT,HTL,0,0.3,1,401,82,241,51,TargetOnly,arc labels,,0.5464102760149858,0.24096385542168675,0.4878048780487805
Right,random,Ang,PTT,HTL,0,0.3,1,401,82,241,51,Source+Target,arc labels,,0.5215421668323266,0.21509433962264152,0.6951219512195121
Right,random,Ang,PTT,HTL,0,0.3,1,401,82,241,51,COT,arc labels,,0.4494036241302852,0.17488789237668162,0.47560975609756095
Right,random,Ang,PTT,HTL,0,0.3,1,401,82,241,51,none-Ang-HS4,arc labels,,0.43233427632081967,0.16593886462882096,0.4634146341463415
Right,random,Ang,PTT,HTL,0,0.3,1,401,82,241,51,none-Ang-HSsrc,nothing,,0.4551571221041364,0.1794871794871795,0.5121951219512195
Right,random,Ang,PTT,HTL,0,0.3,1,401,82,241,51,none-Ang-PCA,arc segments,4.0,0.4582919183423809,0.1810344827586207,0.5121951219512195
Right,random,Ang,PTT,HTL,0,0.3,1,401,82,241,51,QOTu-Ang-HS4,arc labels,,0.5110482452786911,0.21301775147928995,0.43902439024390244
Right,random,Ang,PTT,HTL,0,0.3,1,401,82,241,51,QOTu-Ang-HSsrc,arc segments,,0.48648596987537274,0.19411764705882353,0.4024390243902439
Right,random,Ang,PTT,HTL,0,0.3,1,401,82,241,51,QOTu-Ang-PCA,arc segments,32.0,0.5709534368070953,0.2809917355371901,0.4146341463414634
Right,random,Ang,PTT,HTL,0,0.3,1,401,82,241,51,QOTc-Ang-HS4,arc labels,,0.507569386038688,0.20994475138121546,0.4634146341463415
Right,random,Ang,PTT,HTL,0,0.3,1,401,82,241,51,QOTc-Ang-HSsrc,arc labels,,0.4905000382292224,0.19786096256684493,0.45121951219512196
Right,random,Ang,PTT,HTL,0,0.3,1,401,82,241,51,QOTc-Ang-PCA,arc labels,64.0,0.5455118892881718,0.2621359223300971,0.32926829268292684
Right,random,Ang,PTT,HTL,0,0.3,1,401,82,241,51,SDM-Ang-HS4,arc labels,,0.5345592170655249,0.23376623376623376,0.43902439024390244
Right,random,Ang,PTT,HTL,0,0.3,1,401,82,241,51,SDM-Ang-HSsrc,arc labels,,0.5319978591635446,0.21978021978021978,0.7317073170731707
Right,random,Ang,PTT,HTL,0,0.3,1,401,82,241,51,SDM-Ang-PCA,arc labels,64.0,0.5303731172107959,0.2323943661971831,0.4024390243902439
Right,random,Ang,PTT,HTL,0,0.5,1,401,82,391,84,NoAdapt,nothing,,0.5016820857863751,0.20532319391634982,0.6585365853658537
Right,random,Ang,PTT,HTL,0,0.5,1,401,82,391,84,TargetOnly,arc labels,,0.5378851594158576,0.23036649214659685,0.5365853658536586
Right,random,Ang,PTT,HTL,0,0.5,1,401,82,391,84,Source+Target,arc labels,,0.5166679409740805,0.21245421245421245,0.7073170731707317
Right,random,Ang,PTT,HTL,0,0.5,1,401,82,391,84,COT,arc labels,,0.44716721461885467,0.18055555555555555,0.6341463414634146
Right,random,Ang,PTT,HTL,0,0.5,1,401,82,391,84,none-Ang-HS4,arc labels,,0.4232739506078447,0.16,0.43902439024390244
Right,random,Ang,PTT,HTL,0,0.5,1,401,82,391,84,none-Ang-HSsrc,nothing,,0.4551571221041364,0.1794871794871795,0.5121951219512195
Right,random,Ang,PTT,HTL,0,0.5,1,401,82,391,84,none-Ang-PCA,arc segments,32.0,0.5702653108035782,0.2695035460992908,0.4634146341463415
Right,random,Ang,PTT,HTL,0,0.5,1,401,82,391,84,QOTu-Ang-HS4,arc labels,,0.4925835308509825,0.19883040935672514,0.4146341463414634
Right,random,Ang,PTT,HTL,0,0.5,1,401,82,391,84,QOTu-Ang-HSsrc,arc segments,,0.48944873461273797,0.19653179190751446,0.4146341463414634
Right,random,Ang,PTT,HTL,0,0.5,1,401,82,391,84,QOTu-Ang-PCA,arc segments,32.0,0.5650279073323649,0.2782608695652174,0.3902439024390244
Right,random,Ang,PTT,HTL,0,0.5,1,401,82,391,84,QOTc-Ang-HS4,arc labels,,0.479891429008334,0.19298245614035087,0.5365853658536586
Right,random,Ang,PTT,HTL,0,0.5,1,401,82,391,84,QOTc-Ang-HSsrc,arc labels,,0.47289548130591025,0.18292682926829268,0.36585365853658536
Right,random,Ang,PTT,HTL,0,0.5,1,401,82,391,84,QOTc-Ang-PCA,arc labels,64.0,0.5772230292835844,0.2905982905982906,0.4146341463414634
Right,random,Ang,PTT,HTL,0,0.5,1,401,82,391,84,SDM-Ang-HS4,arc labels,,0.5199365394907867,0.21910112359550563,0.47560975609756095
Right,random,Ang,PTT,HTL,0,0.5,1,401,82,391,84,SDM-Ang-HSsrc,arc labels,,0.5333932257817876,0.22021660649819494,0.7439024390243902
Right,random,Ang,PTT,HTL,0,0.5,1,401,82,391,84,SDM-Ang-PCA,arc labels,64.0,0.5241035247343069,0.22602739726027396,0.4024390243902439
Right,random,Ang,PTT,HTL,1,0.05,1,401,78,40,5,NoAdapt,nothing,,0.5347701833769946,0.2097902097902098,0.7692307692307693
Right,random,Ang,PTT,HTL,1,0.05,1,401,78,40,5,TargetOnly,arc labels,,0.5793244423275383,0.34328358208955223,0.2948717948717949
Right,random,Ang,PTT,HTL,1,0.05,1,401,78,40,5,Source+Target,arc labels,,0.5292529967452568,0.20817843866171004,0.717948717948718
Right,random,Ang,PTT,HTL,1,0.05,1,401,78,40,5,COT,arc labels,,0.49559418909264114,0.19302949061662197,0.9230769230769231
Right,random,Ang,PTT,HTL,1,0.05,1,401,78,40,5,none-Ang-HS4,arc labels,,0.46229260935143285,0.17391304347826086,0.5128205128205128
Right,random,Ang,PTT,HTL,1,0.05,1,401,78,40,5,none-Ang-HSsrc,nothing,,0.46693657219973006,0.1762114537444934,0.5128205128205128
Right,random,Ang,PTT,HTL,1,0.05,1,401,78,40,5,none-Ang-PCA,arc segments,64.0,0.4610224656664285,0.15625,0.2564102564102564
Right,random,Ang,PTT,HTL,1,0.05,1,401,78,40,5,QOTu-Ang-HS4,arc labels,,0.512939588790982,0.20320855614973263,0.48717948717948717
Right,random,Ang,PTT,HTL,1,0.05,1,401,78,40,5,QOTu-Ang-HSsrc,arc segments,,0.5127212828451219,0.2032967032967033,0.47435897435897434
Right,random,Ang,PTT,HTL,1,0.05,1,401,78,40,5,QOTu-Ang-PCA,arc segments,64.0,0.470528697308883,0.16535433070866143,0.2692307692307692
Right,random,Ang,PTT,HTL,1,0.05,1,401,78,40,5,QOTc-Ang-HS4,arc labels,,0.506172104469318,0.21875,0.08974358974358974
Right,random,Ang,PTT,HTL,1,0.05,1,401,78,40,5,QOTc-Ang-HSsrc,arc labels,,0.5321108200365166,0.2080536912751678,0.7948717948717948
Right,random,Ang,PTT,HTL,1,0.05,1,401,78,40,5,QOTc-Ang-PCA,arc labels,32.0,0.52075891085179,0.2631578947368421,0.1282051282051282
Right,random,Ang,PTT,HTL,1,0.05,1,401,78,40,5,SDM-Ang-HS4,arc labels,,0.5161149480034929,0.24390243902439024,0.1282051282051282
Right,random,Ang,PTT,HTL,1,0.05,1,401,78,40,5,SDM-Ang-HSsrc,arc labels,,0.5190720012701436,0.2027491408934708,0.7564102564102564
Right,random,Ang,PTT,HTL,1,0.05,1,401,78,40,5,SDM-Ang-PCA,arc labels,64.0,0.49865047233468285,0.19047619047619047,0.10256410256410256
Right,random,Ang,PTT,HTL,1,0.1,1,401,78,80,18,NoAdapt,nothing,,0.5347701833769946,0.2097902097902098,0.7692307692307693
Right,random,Ang,PTT,HTL,1,0.1,1,401,78,80,18,TargetOnly,arc labels,,0.5544971024847185,0.23036649214659685,0.5641025641025641
Right,random,Ang,PTT,HTL,1,0.1,1,401,78,80,18,Source+Target,arc labels,,0.5524529649916647,0.21724137931034482,0.8076923076923077
Right,random,Ang,PTT,HTL,1,0.1,1,401,78,80,18,COT,arc labels,,0.47773279352226716,0.18493150684931506,0.6923076923076923
Right,random,Ang,PTT,HTL,1,0.1,1,401,78,80,18,none-Ang-HS4,arc labels,,0.4687028657616893,0.1774891774891775,0.5256410256410257
Right,random,Ang,PTT,HTL,1,0.1,1,401,78,80,18,none-Ang-HSsrc,nothing,,0.46693657219973006,0.1762114537444934,0.5128205128205128
Right,random,Ang,PTT,HTL,1,0.1,1,401,78,80,18,none-Ang-PCA,arc segments,64.0,0.46145907755814874,0.15942028985507245,0.28205128205128205
Right,random,Ang,PTT,HTL,1,0.1,1,401,78,80,18,QOTu-Ang-HS4,arc labels,,0.49613003095975233,0.1921182266009852,0.5
Right,random,Ang,PTT,HTL,1,0.1,1,401,78,80,18,QOTu-Ang-HSsrc,arc segments,,0.5082956259426847,0.2,0.48717948717948717
Right,random,Ang,PTT,HTL,1,0.1,1,401,78,80,18,QOTu-Ang-PCA,arc segments,64.0,0.4358378979122013,0.11224489795918367,0.14102564102564102
Right,random,Ang,PTT,HTL,1,0.1,1,401,78,80,18,QOTc-Ang-HS4,arc labels,,0.517980471540843,0.20300751879699247,0.6923076923076923
Right,random,Ang,PTT,HTL,1,0.1,1,401,78,80,18,QOTc-Ang-HSsrc,arc labels,,0.5367349368897356,0.2084592145015106,0.8846153846153846
Right,random,Ang,PTT,HTL,1,0.1,1,401,78,80,18,QOTc-Ang-PCA,arc labels,64.0,0.5852385488608399,0.25903614457831325,0.5512820512820513
Right,random,Ang,PTT,HTL,1,0.1,1,401,78,80,18,SDM-Ang-HS4,arc labels,,0.50472334682861,0.1968503937007874,0.6410256410256411
Right,random,Ang,PTT,HTL,1,0.1,1,401,78,80,18,SDM-Ang-HSsrc,arc labels,,0.5473922362467254,0.21862348178137653,0.6923076923076923
Right,random,Ang,PTT,HTL,1,0.1,1,401,78,80,18,SDM-Ang-PCA,arc labels,64.0,0.5611653568309916,0.256,0.41025641025641024
Right,random,Ang,PTT,HTL,1,0.2,1,401,78,161,36,NoAdapt,nothing,,0.5347701833769946,0.2097902097902098,0.7692307692307693
Right,random,Ang,PTT,HTL,1,0.2,1,401,78,161,36,TargetOnly,arc labels,,0.5699571326506311,0.2350230414746544,0.6538461538461539
Right,random,Ang,PTT,HTL,1,0.2,1,401,78,161,36,Source+Target,arc labels,,0.5429467333492101,0.21305841924398625,0.7948717948717948
Right,random,Ang,PTT,HTL,1,0.2,1,401,78,161,36,COT,arc labels,,0.4618163054695562,0.1780821917808219,0.6666666666666666
Right,random,Ang,PTT,HTL,1,0.2,1,401,78,161,36,none-Ang-HS4,arc labels,,0.46848455981582915,0.17699115044247787,0.5128205128205128
Right,random,Ang,PTT,HTL,1,0.2,1,401,78,161,36,none-Ang-HSsrc,nothing,,0.46693657219973006,0.1762114537444934,0.5128205128205128
Right,random,Ang,PTT,HTL,1,0.2,1,401,78,161,36,none-Ang-PCA,arc segments,64.0,0.4517345399698341,0.14925373134328357,0.2564102564102564
Right,random,Ang,PTT,HTL,1,0.2,1,401,78,161,36,QOTu-Ang-HS4,arc labels,,0.5180201635309994,0.20618556701030927,0.5128205128205128
Right,random,Ang,PTT,HTL,1,0.2,1,401,78,161,36,QOTu-Ang-HSsrc,arc segments,,0.49061284432801466,0.1881720430107527,0.44871794871794873
Right,random,Ang,PTT,HTL,1,0.2,1,401,78,161,36,QOTu-Ang-PCA,arc segments,64.0,0.4276613479399857,0.0967741935483871,0.11538461538461539
Right,random,Ang,PTT,HTL,1,0.2,1,401,78,161,36,QOTc-Ang-HS4,arc labels,,0.5111137572437883,0.19931271477663232,0.7435897435897436
Right,random,Ang,PTT,HTL,1,0.2,1,401,78,161,36,QOTc-Ang-HSsrc,arc labels,,0.5398309121219338,0.20972644376899696,0.8846153846153846
Right,random,Ang,PTT,HTL,1,0.2,1,401,78,161,36,QOTc-Ang-PCA,arc labels,64.0,0.5300071445582282,0.23076923076923078,0.3076923076923077
Right,random,Ang,PTT,HTL,1,0.2,1,401,78,161,36,SDM-Ang-HS4,arc labels,,0.5292926887354132,0.2131979695431472,0.5384615384615384
Right,random,Ang,PTT,HTL,1,0.2,1,401,78,161,36,SDM-Ang-HSsrc,arc labels,,0.5305628324204176,0.20735785953177258,0.7948717948717948
Right,random,Ang,PTT,HTL,1,0.2,1,401,78,161,36,SDM-Ang-PCA,arc labels,64.0,0.5196078431372549,0.21487603305785125,0.3333333333333333
Right,random,Ang,PTT,HTL,1,0.3,1,401,78,241,51,NoAdapt,nothing,,0.5347701833769946,0.2097902097902098,0.7692307692307693
Right,random,Ang,PTT,HTL,1,0.3,1,401,78,241,51,TargetOnly,arc labels,,0.5370127808208304,0.2149122807017544,0.6282051282051282
Right,random,Ang,PTT,HTL,1,0.3,1,401,78,241,51,Source+Target,arc labels,,0.5290148448043185,0.20666666666666667,0.7948717948717948
Right,random,Ang,PTT,HTL,1,0.3,1,401,78,241,51,COT,arc labels,,0.43131301103437325,0.16433566433566432,0.6025641025641025
Right,random,Ang,PTT,HTL,1,0.3,1,401,78,241,51,none-Ang-HS4,arc labels,,0.4556640469953164,0.16964285714285715,0.48717948717948717
Right,random,Ang,PTT,HTL,1,0.3,1,401,78,241,51,none-Ang-HSsrc,nothing,,0.46693657219973006,0.1762114537444934,0.5128205128205128
Right,random,Ang,PTT,HTL,1,0.3,1,401,78,241,51,none-Ang-PCA,arc segments,64.0,0.4583631023259506,0.15714285714285714,0.28205128205128205
Right,random,Ang,PTT,HTL,1,0.3,1,401,78,241,51,QOTu-Ang-HS4,arc labels,,0.5226641263792966,0.2094240837696335,0.5128205128205128
Right,random,Ang,PTT,HTL,1,0.3,1,401,78,241,51,QOTu-Ang-HSsrc,arc segments,,0.4968047947924109,0.19230769230769232,0.44871794871794873
Right,random,Ang,PTT,HTL,1,0.3,1,401,78,241,51,QOTu-Ang-PCA,arc segments,64.0,0.45729141859172817,0.12658227848101267,0.1282051282051282
Right,random,Ang,PTT,HTL,1,0.3,1,401,78,241,51,QOTc-Ang-HS4,arc labels,,0.4963284909105342,0.19262295081967212,0.6025641025641025
Right,random,Ang,PTT,HTL,1,0.3,1,401,78,241,51,QOTc-Ang-HSsrc,arc labels,,0.5431451932999921,0.21084337349397592,0.8974358974358975
Right,random,Ang,PTT,HTL,1,0.3,1,401,78,241,51,QOTc-Ang-PCA,arc labels,64.0,0.5483448440104787,0.24390243902439024,0.38461538461538464
Right,random,Ang,PTT,HTL,1,0.3,1,401,78,241,51,SDM-Ang-HS4,arc labels,,0.5080773199968247,0.2,0.47435897435897434
Right,random,Ang,PTT,HTL,1,0.3,1,401,78,241,51,SDM-Ang-HSsrc,arc labels,,0.5305628324204176,0.20735785953177258,0.7948717948717948
Right,random,Ang,PTT,HTL,1,0.3,1,401,78,241,51,SDM-Ang-PCA,arc labels,64.0,0.4667579582440263,0.16666666666666666,0.32051282051282054
Right,random,Ang,PTT,HTL,1,0.5,1,401,78,380,86,NoAdapt,nothing,,0.5347701833769946,0.2097902097902098,0.7692307692307693
Right,random,Ang,PTT,HTL,1,0.5,1,401,78,380,86,TargetOnly,arc labels,,0.5571366198301183,0.22790697674418606,0.6282051282051282
Right,random,Ang,PTT,HTL,1,0.5,1,401,78,380,86,Source+Target,arc labels,,0.5409621338413908,0.2127659574468085,0.7692307692307693
Right,random,Ang,PTT,HTL,1,0.5,1,401,78,380,86,COT,arc labels,,0.42137016750019846,0.1588447653429603,0.5641025641025641
Right,random,Ang,PTT,HTL,1,0.5,1,401,78,380,86,none-Ang-HS4,arc labels,,0.46693657219973006,0.1762114537444934,0.5128205128205128
Right,random,Ang,PTT,HTL,1,0.5,1,401,78,380,86,none-Ang-HSsrc,nothing,,0.46693657219973006,0.1762114537444934,0.5128205128205128
Right,random,Ang,PTT,HTL,1,0.5,1,401,78,380,86,none-Ang-PCA,arc segments,64.0,0.4563785028181313,0.15267175572519084,0.2564102564102564
Right,random,Ang,PTT,HTL,1,0.5,1,401,78,380,86,QOTu-Ang-HS4,arc labels,,0.4939271255060729,0.19047619047619047,0.46153846153846156
Right,random,Ang,PTT,HTL,1,0.5,1,401,78,380,86,QOTu-Ang-HSsrc,arc segments,,0.4968047947924109,0.19230769230769232,0.44871794871794873
Right,random,Ang,PTT,HTL,1,0.5,1,401,78,380,86,QOTu-Ang-PCA,arc segments,64.0,0.4462371993331746,0.1111111111111111,0.11538461538461539
Right,random,Ang,PTT,HTL,1,0.5,1,401,78,380,86,QOTc-Ang-HS4,arc labels,,0.5224061284432802,0.2054263565891473,0.6794871794871795
Right,random,Ang,PTT,HTL,1,0.5,1,401,78,380,86,QOTc-Ang-HSsrc,arc labels,,0.5431451932999921,0.21084337349397592,0.8974358974358975
Right,random,Ang,PTT,HTL,1,0.5,1,401,78,380,86,QOTc-Ang-PCA,arc labels,64.0,0.5974041438437723,0.27450980392156865,0.5384615384615384
Right,random,Ang,PTT,HTL,1,0.5,1,401,78,380,86,SDM-Ang-HS4,arc labels,,0.5465388584583631,0.225130890052356,0.5512820512820513
Right,random,Ang,PTT,HTL,1,0.5,1,401,78,380,86,SDM-Ang-HSsrc,arc labels,,0.5593196792887195,0.22264150943396227,0.7564102564102564
Right,random,Ang,PTT,HTL,1,0.5,1,401,78,380,86,SDM-Ang-PCA,arc labels,64.0,0.5761689291101055,0.24858757062146894,0.5641025641025641
Right,random,Ang,PTT,HTL,2,0.05,1,401,78,40,11,NoAdapt,nothing,,0.5309994443121377,0.20711974110032363,0.8205128205128205
Right,random,Ang,PTT,HTL,2,0.05,1,401,78,40,11,TargetOnly,arc labels,,0.6325117091370962,0.2675438596491228,0.782051282051282
Right,random,Ang,PTT,HTL,2,0.05,1,401,78,40,11,Source+Target,arc labels,,0.5254624116853219,0.20426829268292682,0.8589743589743589
Right,random,Ang,PTT,HTL,2,0.05,1,401,78,40,11,COT,arc labels,,0.502877669286338,0.19543147208121828,0.9871794871794872
Right,random,Ang,PTT,HTL,2,0.05,1,401,78,40,11,none-Ang-HS4,arc labels,,0.4879534809875367,0.18686868686868688,0.47435897435897434
Right,random,Ang,PTT,HTL,2,0.05,1,401,78,40,11,none-Ang-HSsrc,nothing,,0.498769548305152,0.19383259911894274,0.5641025641025641
Right,random,Ang,PTT,HTL,2,0.05,1,401,78,40,11,none-Ang-PCA,arc segments,64.0,0.4470905771215369,0.145985401459854,0.2564102564102564
Right,random,Ang,PTT,HTL,2,0.05,1,401,78,40,11,QOTu-Ang-HS4,arc labels,,0.5111732952290228,0.20218579234972678,0.47435897435897434
Right,random,Ang,PTT,HTL,2,0.05,1,401,78,40,11,QOTu-Ang-HSsrc,arc segments,,0.5127212828451219,0.2032967032967033,0.47435897435897434
Right,random,Ang,PTT,HTL,2,0.05,1,401,78,40,11,QOTu-Ang-PCA,arc segments,64.0,0.4570532666507898,0.14545454545454545,0.20512820512820512
Right,random,Ang,PTT,HTL,2,0.05,1,401,78,40,11,QOTc-Ang-HS4,arc labels,,0.5619790426291974,0.22529644268774704,0.7307692307692307
Right,random,Ang,PTT,HTL,2,0.05,1,401,78,40,11,QOTc-Ang-HSsrc,arc labels,,0.5462411685321902,0.21212121212121213,0.8974358974358975
Right,random,Ang,PTT,HTL,2,0.05,1,401,78,40,11,QOTc-Ang-PCA,arc labels,64.0,0.5573747717710567,0.23369565217391305,0.5512820512820513
Right,random,Ang,PTT,HTL,2,0.05,1,401,78,40,11,SDM-Ang-HS4,arc labels,,0.5949233944589982,0.24380165289256198,0.7564102564102564
Right,random,Ang,PTT,HTL,2,0.05,1,401,78,40,11,SDM-Ang-HSsrc,arc labels,,0.5365364769389537,0.2103448275862069,0.782051282051282
Right,random,Ang,PTT,HTL,2,0.05,1,401,78,40,11,SDM-Ang-PCA,arc labels,64.0,0.5164721759149004,0.20512820512820512,0.5128205128205128
Right,random,Ang,PTT,HTL,2,0.1,1,401,78,80,21,NoAdapt,nothing,,0.5309994443121377,0.20711974110032363,0.8205128205128205
Right,random,Ang,PTT,HTL,2,0.1,1,401,78,80,21,TargetOnly,arc labels,,0.5695006747638327,0.23045267489711935,0.717948717948718
Right,random,Ang,PTT,HTL,2,0.1,1,401,78,80,21,Source+Target,arc labels,,0.5254624116853219,0.20426829268292682,0.8589743589743589
Right,random,Ang,PTT,HTL,2,0.1,1,401,78,80,21,COT,arc labels,,0.5082757799476065,0.19911504424778761,0.5769230769230769
Right,random,Ang,PTT,HTL,2,0.1,1,401,78,80,21,none-Ang-HS4,arc labels,,0.498769548305152,0.19383259911894274,0.5641025641025641
Right,random,Ang,PTT,HTL,2,0.1,1,401,78,80,21,none-Ang-HSsrc,nothing,,0.498769548305152,0.19383259911894274,0.5641025641025641
Right,random,Ang,PTT,HTL,2,0.1,1,401,78,80,21,none-Ang-PCA,arc segments,64.0,0.46300706517424783,0.16058394160583941,0.28205128205128205
Right,random,Ang,PTT,HTL,2,0.1,1,401,78,80,21,QOTu-Ang-HS4,arc labels,,0.5774787647852664,0.24154589371980675,0.6410256410256411
Right,random,Ang,PTT,HTL,2,0.1,1,401,78,80,21,QOTu-Ang-HSsrc,arc segments,,0.5109549892831626,0.20224719101123595,0.46153846153846156
Right,random,Ang,PTT,HTL,2,0.1,1,401,78,80,21,QOTu-Ang-PCA,arc segments,64.0,0.4369294276415019,0.13008130081300814,0.20512820512820512
Right,random,Ang,PTT,HTL,2,0.1,1,401,78,80,21,QOTc-Ang-HS4,arc labels,,0.5469357783599269,0.21611721611721613,0.7564102564102564
Right,random,Ang,PTT,HTL,2,0.1,1,401,78,80,21,QOTc-Ang-HSsrc,arc labels,,0.538104310550131,0.2134387351778656,0.6923076923076923
Right,random,Ang,PTT,HTL,2,0.1,1,401,78,80,21,QOTc-Ang-PCA,arc labels,64.0,0.572616495991109,0.23902439024390243,0.6282051282051282
Right,random,Ang,PTT,HTL,2,0.1,1,401,78,80,21,SDM-Ang-HS4,arc labels,,0.566861157418433,0.2328767123287671,0.6538461538461539
Right,random,Ang,PTT,HTL,2,0.1,1,401,78,80,21,SDM-Ang-HSsrc,arc labels,,0.5365364769389537,0.2103448275862069,0.782051282051282
Right,random,Ang,PTT,HTL,2,0.1,1,401,78,80,21,SDM-Ang-PCA,arc labels,64.0,0.5365960149241883,0.21978021978021978,0.5128205128205128
Right,random,Ang,PTT,HTL,2,0.2,1,401,78,161,35,NoAdapt,nothing,,0.5309994443121377,0.20711974110032363,0.8205128205128205
Right,random,Ang,PTT,HTL,2,0.2,1,401,78,161,35,TargetOnly,arc labels,,0.597582757799476,0.24782608695652175,0.7307692307692307
Right,random,Ang,PTT,HTL,2,0.2,1,401,78,161,35,Source+Target,arc labels,,0.5298880685877589,0.20625,0.8461538461538461
Right,random,Ang,PTT,HTL,2,0.2,1,401,78,161,35,COT,arc labels,,0.5544772564896404,0.22466960352422907,0.6538461538461539
Right,random,Ang,PTT,HTL,2,0.2,1,401,78,161,35,none-Ang-HS4,arc labels,,0.5056164166071286,0.19747899159663865,0.6025641025641025
Right,random,Ang,PTT,HTL,2,0.2,1,401,78,161,35,none-Ang-HSsrc,nothing,,0.498769548305152,0.19383259911894274,0.5641025641025641
Right,random,Ang,PTT,HTL,2,0.2,1,401,78,161,35,none-Ang-PCA,arc segments,64.0,0.46300706517424783,0.16058394160583941,0.28205128205128205
Right,random,Ang,PTT,HTL,2,0.2,1,401,78,161,35,QOTu-Ang-HS4,arc labels,,0.572616495991109,0.23902439024390243,0.6282051282051282
Right,random,Ang,PTT,HTL,2,0.2,1,401,78,161,35,QOTu-Ang-HSsrc,arc segments,,0.5125029768992617,0.2033898305084746,0.46153846153846156
Right,random,Ang,PTT,HTL,2,0.2,1,401,78,161,35,QOTu-Ang-PCA,arc segments,64.0,0.429844407398587,0.13286713286713286,0.24358974358974358
Right,random,Ang,PTT,HTL,2,0.2,1,401,78,161,35,QOTc-Ang-HS4,arc labels,,0.5431848852901484,0.2153846153846154,0.717948717948718
Right,random,Ang,PTT,HTL,2,0.2,1,401,78,161,35,QOTc-Ang-HSsrc,arc labels,,0.5389378423434151,0.20869565217391303,0.9230769230769231
Right,random,Ang,PTT,HTL,2,0.2,1,401,78,161,35,QOTc-Ang-PCA,arc labels,64.0,0.5854767008017783,0.2740740740740741,0.47435897435897434
Right,random,Ang,PTT,HTL,2,0.2,1,401,78,161,35,SDM-Ang-HS4,arc labels,,0.5856751607525601,0.2556818181818182,0.5769230769230769
Right,random,Ang,PTT,HTL,2,0.2,1,401,78,161,35,SDM-Ang-HSsrc,arc labels,,0.5287965388584583,0.20677966101694914,0.782051282051282
Right,random,Ang,PTT,HTL,2,0.2,1,401,78,161,35,SDM-Ang-PCA,arc labels,64.0,0.555866476145114,0.25663716814159293,0.3717948717948718
Right,random,Ang,PTT,HTL,2,0.3,1,401,78,241,54,NoAdapt,nothing,,0.5309994443121377,0.20711974110032363,0.8205128205128205
Right,random,Ang,PTT,HTL,2,0.3,1,401,78,241,54,TargetOnly,arc labels,,0.6020084147019131,0.25225225225225223,0.717948717948718
Right,random,Ang,PTT,HTL,2,0.3,1,401,78,241,54,Source+Target,arc labels,,0.5345320314360562,0.2082018927444795,0.8461538461538461
Right,random,Ang,PTT,HTL,2,0.3,1,401,78,241,54,COT,arc labels,,0.5405652139398269,0.22,0.5641025641025641
Right,random,Ang,PTT,HTL,2,0.3,1,401,78,241,54,none-Ang-HS4,arc labels,,0.500317535921251,0.19469026548672566,0.5641025641025641
Right,random,Ang,PTT,HTL,2,0.3,1,401,78,241,54,none-Ang-HSsrc,nothing,,0.498769548305152,0.19383259911894274,0.5641025641025641
Right,random,Ang,PTT,HTL,2,0.3,1,401,78,241,54,none-Ang-PCA,arc segments,64.0,0.47074700325474317,0.16666666666666666,0.28205128205128205
Right,random,Ang,PTT,HTL,2,0.3,1,401,78,241,54,QOTu-Ang-HS4,arc labels,,0.5111732952290228,0.20218579234972678,0.47435897435897434
Right,random,Ang,PTT,HTL,2,0.3,1,401,78,241,54,QOTu-Ang-HSsrc,arc segments,,0.5078590140509645,0.2,0.46153846153846156
Right,random,Ang,PTT,HTL,2,0.3,1,401,78,241,54,QOTu-Ang-PCA,arc segments,64.0,0.46919901563864413,0.16541353383458646,0.28205128205128205
Right,random,Ang,PTT,HTL,2,0.3,1,401,78,241,54,QOTc-Ang-HS4,arc labels,,0.5456259426847663,0.21810699588477367,0.6794871794871795
Right,random,Ang,PTT,HTL,2,0.3,1,401,78,241,54,QOTc-Ang-HSsrc,arc labels,,0.5234579661824245,0.2028169014084507,0.9230769230769231
Right,random,Ang,PTT,HTL,2,0.3,1,401,78,241,54,QOTc-Ang-PCA,arc labels,64.0,0.5976422957847107,0.29508196721311475,0.46153846153846156
Right,random,Ang,PTT,HTL,2,0.3,1,401,78,241,54,SDM-Ang-HS4,arc labels,,0.621715487814559,0.2883435582822086,0.6025641025641025
Right,random,Ang,PTT,HTL,2,0.3,1,401,78,241,54,SDM-Ang-HSsrc,arc labels,,0.5414185917281893,0.21484375,0.7051282051282052
Right,random,Ang,PTT,HTL,2,0.3,1,401,78,241,54,SDM-Ang-PCA,arc labels,64.0,0.5828173374613004,0.2653061224489796,0.5
Right,random,Ang,PTT,HTL,2,0.5,1,401,78,380,88,NoAdapt,nothing,,0.5309994443121377,0.20711974110032363,0.8205128205128205
Right,random,Ang,PTT,HTL,2,0.5,1,401,78,380,88,TargetOnly,arc labels,,0.610621576565849,0.25316455696202533,0.7692307692307693
Right,random,Ang,PTT,HTL,2,0.5,1,401,78,380,88,Source+Target,arc labels,,0.5347503373819162,0.2080745341614907,0.8589743589743589
Right,random,Ang,PTT,HTL,2,0.5,1,401,78,380,88,COT,arc labels,,0.5244105739461777,0.2077922077922078,0.6153846153846154
Right,random,Ang,PTT,HTL,2,0.5,1,401,78,380,88,none-Ang-HS4,arc labels,,0.498769548305152,0.19383259911894274,0.5641025641025641
Right,random,Ang,PTT,HTL,2,0.5,1,401,78,380,88,none-Ang-HSsrc,nothing,,0.498769548305152,0.19383259911894274,0.5641025641025641
Right,random,Ang,PTT,HTL,2,0.5,1,401,78,380,88,none-Ang-PCA,arc segments,64.0,0.46189568944986903,0.16216216216216217,0.3076923076923077
Right,random,Ang,PTT,HTL,2,0.5,1,401,78,380,88,QOTu-Ang-HS4,arc labels,,0.517365245693419,0.20670391061452514,0.47435897435897434
Right,random,Ang,PTT,HTL,2,0.5,1,401,78,380,88,QOTu-Ang-HSsrc,arc segments,,0.5125029768992617,0.2033898305084746,0.46153846153846156
Right,random,Ang,PTT,HTL,2,0.5,1,401,78,380,88,QOTu-Ang-PCA,arc segments,64.0,0.4486385647376359,0.14705882352941177,0.2564102564102564
Right,random,Ang,PTT,HTL,2,0.5,1,401,78,380,88,QOTc-Ang-HS4,arc labels,,0.5434031912360086,0.21509433962264152,0.7307692307692307
Right,random,Ang,PTT,HTL,2,0.5,1,401,78,380,88,QOTc-Ang-HSsrc,arc labels,,0.5309795983170597,0.20579710144927535,0.9102564102564102
Right,random,Ang,PTT,HTL,2,0.5,1,401,78,380,88,QOTc-Ang-PCA,arc labels,64.0,0.5903389695959356,0.2773722627737226,0.48717948717948717
Right,random,Ang,PTT,HTL,2,0.5,1,401,78,380,88,SDM-Ang-HS4,arc labels,,0.58853298404382,0.24878048780487805,0.6538461538461539
Right,random,Ang,PTT,HTL,2,0.5,1,401,78,380,88,SDM-Ang-HSsrc,arc labels,,0.5365563229340319,0.2125984251968504,0.6923076923076923
Right,random,Ang,PTT,HTL,2,0.5,1,401,78,380,88,SDM-Ang-PCA,arc labels,64.0,0.5781733746130031,0.26,0.5
Right,random,Ang,PTT,HTL,3,0.05,1,401,91,40,10,NoAdapt,nothing,,0.5582594824530308,0.2532051282051282,0.8681318681318682
Right,random,Ang,PTT,HTL,3,0.05,1,401,91,40,10,TargetOnly,arc labels,,0.45827720666430344,0.17543859649122806,0.21978021978021978
Right,random,Ang,PTT,HTL,3,0.05,1,401,91,40,10,Source+Target,arc labels,,0.5650655795817087,0.2554517133956386,0.9010989010989011
Right,random,Ang,PTT,HTL,3,0.05,1,401,91,40,10,COT,arc labels,,0.5038284296348813,0.2283464566929134,0.9560439560439561
Right,random,Ang,PTT,HTL,3,0.05,1,401,91,40,10,none-Ang-HS4,arc labels,,0.5428748670684154,0.25327510917030566,0.6373626373626373
Right,random,Ang,PTT,HTL,3,0.05,1,401,91,40,10,none-Ang-HSsrc,nothing,,0.5477135767458348,0.25663716814159293,0.6373626373626373
Right,random,Ang,PTT,HTL,3,0.05,1,401,91,40,10,none-Ang-PCA,arc segments,4.0,0.5451435661113081,0.2543103448275862,0.6483516483516484
Right,random,Ang,PTT,HTL,3,0.05,1,401,91,40,10,QOTu-Ang-HS4,arc labels,,0.5569833392414039,0.2702702702702703,0.5494505494505495
Right,random,Ang,PTT,HTL,3,0.05,1,401,91,40,10,QOTu-Ang-HSsrc,arc segments,,0.5711981566820277,0.2810810810810811,0.5714285714285714
Right,random,Ang,PTT,HTL,3,0.05,1,401,91,40,10,QOTu-Ang-PCA,arc segments,64.0,0.4932647997164126,0.22077922077922077,0.37362637362637363
Right,random,Ang,PTT,HTL,3,0.05,1,401,91,40,10,QOTc-Ang-HS4,arc labels,,0.46221198156682025,0.18840579710144928,0.2857142857142857
Right,random,Ang,PTT,HTL,3,0.05,1,401,91,40,10,QOTc-Ang-HSsrc,arc labels,,0.5355015951790145,0.2689075630252101,0.3516483516483517
Right,random,Ang,PTT,HTL,3,0.05,1,401,91,40,10,QOTc-Ang-PCA,arc labels,64.0,0.5434597660404112,0.3142857142857143,0.24175824175824176
Right,random,Ang,PTT,HTL,3,0.05,1,401,91,40,10,SDM-Ang-HS4,arc labels,,0.467653314427508,0.18803418803418803,0.24175824175824176
Right,random,Ang,PTT,HTL,3,0.05,1,401,91,40,10,SDM-Ang-HSsrc,arc labels,,0.4607585962424672,0.2,0.45054945054945056
Right,random,Ang,PTT,HTL,3,0.05,1,401,91,40,10,SDM-Ang-PCA,arc labels,32.0,0.5073732718894008,0.23636363636363636,0.2857142857142857
Right,random,Ang,PTT,HTL,3,0.1,1,401,91,80,16,NoAdapt,nothing,,0.5582594824530308,0.2532051282051282,0.8681318681318682
Right,random,Ang,PTT,HTL,3,0.1,1,401,91,80,16,TargetOnly,arc labels,,0.5637894363700815,0.27319587628865977,0.5824175824175825
Right,random,Ang,PTT,HTL,3,0.1,1,401,91,80,16,Source+Target,arc labels,,0.5602268699042893,0.25308641975308643,0.9010989010989011
Right,random,Ang,PTT,HTL,3,0.1,1,401,91,80,16,COT,arc labels,,0.44785537043601564,0.19248826291079812,0.45054945054945056
Right,random,Ang,PTT,HTL,3,0.1,1,401,91,80,16,none-Ang-HS4,arc labels,,0.5396490606168025,0.2510822510822511,0.6373626373626373
Right,random,Ang,PTT,HTL,3,0.1,1,401,91,80,16,none-Ang-HSsrc,nothing,,0.5477135767458348,0.25663716814159293,0.6373626373626373
Right,random,Ang,PTT,HTL,3,0.1,1,401,91,80,16,none-Ang-PCA,arc segments,4.0,0.5435306628855017,0.2532188841201717,0.6483516483516484
Right,random,Ang,PTT,HTL,3,0.1,1,401,91,80,16,QOTu-Ang-HS4,arc labels,,0.5647465437788018,0.2751322751322751,0.5714285714285714
Right,random,Ang,PTT,HTL,3,0.1,1,401,91,80,16,QOTu-Ang-HSsrc,arc segments,,0.5631336405529954,0.2736842105263158,0.5714285714285714
Right,random,Ang,PTT,HTL,3,0.1,1,401,91,80,16,QOTu-Ang-PCA,arc segments,64.0,0.4703296703296703,0.2,0.34065934065934067
Right,random,Ang,PTT,HTL,3,0.1,1,401,91,80,16,QOTc-Ang-HS4,arc labels,,0.5063275434243176,0.23113207547169812,0.5384615384615384
Right,random,Ang,PTT,HTL,3,0.1,1,401,91,80,16,QOTc-Ang-HSsrc,arc labels,,0.5086139666784828,0.2303370786516854,0.9010989010989011
Right,random,Ang,PTT,HTL,3,0.1,1,401,91,80,16,QOTc-Ang-PCA,arc labels,64.0,0.5150301311591634,0.2571428571428571,0.1978021978021978
Right,random,Ang,PTT,HTL,3,0.1,1,401,91,80,16,SDM-Ang-HS4,arc labels,,0.5114143920595533,0.23595505617977527,0.46153846153846156
Right,random,Ang,PTT,HTL,3,0.1,1,401,91,80,16,SDM-Ang-HSsrc,arc labels,,0.4976072314781992,0.22535211267605634,0.5274725274725275
Right,random,Ang,PTT,HTL,3,0.1,1,401,91,80,16,SDM-Ang-PCA,arc labels,64.0,0.521889400921659,0.25742574257425743,0.2857142857142857
Right,random,Ang,PTT,HTL,3,0.2,1,401,91,161,30,NoAdapt,nothing,,0.5582594824530308,0.2532051282051282,0.8681318681318682
Right,random,Ang,PTT,HTL,3,0.2,1,401,91,161,30,TargetOnly,arc labels,,0.5796703296703296,0.27906976744186046,0.6593406593406593
Right,random,Ang,PTT,HTL,3,0.2,1,401,91,161,30,Source+Target,arc labels,,0.5563452676355902,0.2515527950310559,0.8901098901098901
Right,random,Ang,PTT,HTL,3,0.2,1,401,91,161,30,COT,arc labels,,0.5797766749379653,0.2702702702702703,0.7692307692307693
Right,random,Ang,PTT,HTL,3,0.2,1,401,91,161,30,none-Ang-HS4,arc labels,,0.5435306628855017,0.2532188841201717,0.6483516483516484
Right,random,Ang,PTT,HTL,3,0.2,1,401,91,161,30,none-Ang-HSsrc,nothing,,0.5477135767458348,0.25663716814159293,0.6373626373626373
Right,random,Ang,PTT,HTL,3,0.2,1,401,91,161,30,none-Ang-PCA,arc segments,4.0,0.5474122651542006,0.2553191489361702,0.6593406593406593
Right,random,Ang,PTT,HTL,3,0.2,1,401,91,161,30,QOTu-Ang-HS4,arc labels,,0.5640907479617157,0.2756756756756757,0.5604395604395604
Right,random,Ang,PTT,HTL,3,0.2,1,401,91,161,30,QOTu-Ang-HSsrc,arc segments,,0.5721552640907479,0.2833333333333333,0.5604395604395604
Right,random,Ang,PTT,HTL,3,0.2,1,401,91,161,30,QOTu-Ang-PCA,arc segments,64.0,0.4816199929103155,0.20945945945945946,0.34065934065934067
Right,random,Ang,PTT,HTL,3,0.2,1,401,91,161,30,QOTc-Ang-HS4,arc labels,,0.5397022332506203,0.2490118577075099,0.6923076923076923
Right,random,Ang,PTT,HTL,3,0.2,1,401,91,161,30,QOTc-Ang-HSsrc,arc labels,,0.5118397731300958,0.23163841807909605,0.9010989010989011
Right,random,Ang,PTT,HTL,3,0.2,1,401,91,161,30,QOTc-Ang-PCA,arc labels,64.0,0.5477490251683801,0.2897196261682243,0.34065934065934067
Right,random,Ang,PTT,HTL,3,0.2,1,401,91,161,30,SDM-Ang-HS4,arc labels,,0.5421658986175115,0.2561576354679803,0.5714285714285714
Right,random,Ang,PTT,HTL,3,0.2,1,401,91,161,30,SDM-Ang-HSsrc,arc labels,,0.5057780928748671,0.23015873015873015,0.6373626373626373
Right,random,Ang,PTT,HTL,3,0.2,1,401,91,161,30,SDM-Ang-PCA,arc labels,64.0,0.5355015951790145,0.2689075630252101,0.3516483516483517
Right,random,Ang,PTT,HTL,3,0.3,1,401,91,241,46,NoAdapt,nothing,,0.5582594824530308,0.2532051282051282,0.8681318681318682
Right,random,Ang,PTT,HTL,3,0.3,1,401,91,241,46,TargetOnly,arc labels,,0.5881425026586317,0.27755102040816326,0.7472527472527473
Right,random,Ang,PTT,HTL,3,0.3,1,401,91,241,46,Source+Target,arc labels,,0.5515065579581708,0.24923076923076923,0.8901098901098901
Right,random,Ang,PTT,HTL,3,0.3,1,401,91,241,46,COT,arc labels,,0.5125841900035448,0.23371647509578544,0.6703296703296703
Right,random,Ang,PTT,HTL,3,0.3,1,401,91,241,46,none-Ang-HS4,arc labels,,0.5435306628855017,0.2532188841201717,0.6483516483516484
Right,random,Ang,PTT,HTL,3,0.3,1,401,91,241,46,none-Ang-HSsrc,nothing,,0.5477135767458348,0.25663716814159293,0.6373626373626373
Right,random,Ang,PTT,HTL,3,0.3,1,401,91,241,46,none-Ang-PCA,arc segments,4.0,0.5474122651542006,0.2553191489361702,0.6593406593406593
Right,random,Ang,PTT,HTL,3,0.3,1,401,91,241,46,QOTu-Ang-HS4,arc labels,,0.5737681673165544,0.2849162011173184,0.5604395604395604
Right,random,Ang,PTT,HTL,3,0.3,1,401,91,241,46,QOTu-Ang-HSsrc,arc segments,,0.5585962424672102,0.2717391304347826,0.5494505494505495
Right,random,Ang,PTT,HTL,3,0.3,1,401,91,241,46,QOTu-Ang-PCA,arc segments,64.0,0.493867422899681,0.22058823529411764,0.32967032967032966
Right,random,Ang,PTT,HTL,3,0.3,1,401,91,241,46,QOTc-Ang-HS4,arc labels,,0.549734136830911,0.25384615384615383,0.7252747252747253
Right,random,Ang,PTT,HTL,3,0.3,1,401,91,241,46,QOTc-Ang-HSsrc,arc labels,,0.5150655795817086,0.23295454545454544,0.9010989010989011
Right,random,Ang,PTT,HTL,3,0.3,1,401,91,241,46,QOTc-Ang-PCA,arc labels,64.0,0.5331797235023041,0.2765957446808511,0.2857142857142857
Right,random,Ang,PTT,HTL,3,0.3,1,401,91,241,46,SDM-Ang-HS4,arc labels,,0.5305210918114144,0.24873096446700507,0.5384615384615384
Right,random,Ang,PTT,HTL,3,0.3,1,401,91,241,46,SDM-Ang-HSsrc,arc labels,,0.48541297412265155,0.21862348178137653,0.5934065934065934
Right,random,Ang,PTT,HTL,3,0.3,1,401,91,241,46,SDM-Ang-PCA,arc labels,64.0,0.521534916696207,0.26136363636363635,0.25274725274725274
Right,random,Ang,PTT,HTL,3,0.5,1,401,91,380,73,NoAdapt,nothing,,0.5582594824530308,0.2532051282051282,0.8681318681318682
Right,random,Ang,PTT,HTL,3,0.5,1,401,91,380,73,TargetOnly,arc labels,,0.5659163417227934,0.2610294117647059,0.7802197802197802
Right,random,Ang,PTT,HTL,3,0.5,1,401,91,380,73,Source+Target,arc labels,,0.548936547323644,0.24773413897280966,0.9010989010989011
Right,random,Ang,PTT,HTL,3,0.5,1,401,91,380,73,COT,arc labels,,0.5073909961006735,0.23107569721115537,0.6373626373626373
Right,random,Ang,PTT,HTL,3,0.5,1,401,91,380,73,none-Ang-HS4,arc labels,,0.5435306628855017,0.2532188841201717,0.6483516483516484
Right,random,Ang,PTT,HTL,3,0.5,1,401,91,380,73,none-Ang-HSsrc,nothing,,0.5477135767458348,0.25663716814159293,0.6373626373626373
Right,random,Ang,PTT,HTL,3,0.5,1,401,91,380,73,none-Ang-PCA,arc segments,4.0,0.5409606522509749,0.2510460251046025,0.6593406593406593
Right,random,Ang,PTT,HTL,3,0.5,1,401,91,380,73,QOTu-Ang-HS4,arc labels,,0.5624778447359093,0.27419354838709675,0.5604395604395604
Right,random,Ang,PTT,HTL,3,0.5,1,401,91,380,73,QOTu-Ang-HSsrc,arc segments,,0.5569833392414039,0.2702702702702703,0.5494505494505495
Right,random,Ang,PTT,HTL,3,0.5,1,401,91,380,73,QOTu-Ang-PCA,arc segments,64.0,0.5100496277915633,0.23648648648648649,0.38461538461538464
Right,random,Ang,PTT,HTL,3,0.5,1,401,91,380,73,QOTc-Ang-HS4,arc labels,,0.5320453739808578,0.24232081911262798,0.7802197802197802
Right,random,Ang,PTT,HTL,3,0.5,1,401,91,380,73,QOTc-Ang-HSsrc,arc labels,,0.5182913860333216,0.2342857142857143,0.9010989010989011
Right,random,Ang,PTT,HTL,3,0.5,1,401,91,380,73,QOTc-Ang-PCA,arc labels,64.0,0.5412974122651542,0.27927927927927926,0.34065934065934067
Right,random,Ang,PTT,HTL,3,0.5,1,401,91,380,73,SDM-Ang-HS4,arc labels,,0.54549805033676,0.2530612244897959,0.6813186813186813
Right,random,Ang,PTT,HTL,3,0.5,1,401,91,380,73,SDM-Ang-HSsrc,arc labels,,0.5077454803261254,0.23106060606060605,0.6703296703296703
Right,random,Ang,PTT,HTL,3,0.5,1,401,91,380,73,SDM-Ang-PCA,arc labels,64.0,0.5348989719957462,0.26277372262773724,0.3956043956043956
Right,random,Ang,PTT,HTL,4,0.05,1,401,76,40,7,NoAdapt,nothing,,0.5693319838056681,0.21630094043887146,0.9078947368421053
Right,random,Ang,PTT,HTL,4,0.05,1,401,76,40,7,TargetOnly,arc labels,,0.5646963562753036,0.23668639053254437,0.5263157894736842
Right,random,Ang,PTT,HTL,4,0.05,1,401,76,40,7,Source+Target,arc labels,,0.573259109311741,0.21712538226299694,0.9342105263157895
Right,random,Ang,PTT,HTL,4,0.05,1,401,76,40,7,COT,arc labels,,0.49495951417004047,0.18796992481203006,0.9868421052631579
Right,random,Ang,PTT,HTL,4,0.05,1,401,76,40,7,none-Ang-HS4,arc labels,,0.523744939271255,0.20270270270270271,0.5921052631578947
Right,random,Ang,PTT,HTL,4,0.05,1,401,76,40,7,none-Ang-HSsrc,nothing,,0.5015182186234818,0.1902834008097166,0.618421052631579
Right,random,Ang,PTT,HTL,4,0.05,1,401,76,40,7,none-Ang-PCA,arc segments,64.0,0.45842105263157895,0.14754098360655737,0.23684210526315788
Right,random,Ang,PTT,HTL,4,0.05,1,401,76,40,7,QOTu-Ang-HS4,arc labels,,0.5481376518218624,0.23622047244094488,0.39473684210526316
Right,random,Ang,PTT,HTL,4,0.05,1,401,76,40,7,QOTu-Ang-HSsrc,arc segments,,0.5427327935222672,0.21910112359550563,0.5131578947368421
Right,random,Ang,PTT,HTL,4,0.05,1,401,76,40,7,QOTu-Ang-PCA,arc segments,64.0,0.4476113360323887,0.16071428571428573,0.47368421052631576
Right,random,Ang,PTT,HTL,4,0.05,1,401,76,40,7,QOTc-Ang-HS4,arc labels,,0.5784412955465588,0.23857868020304568,0.618421052631579
Right,random,Ang,PTT,HTL,4,0.05,1,401,76,40,7,QOTc-Ang-HSsrc,arc labels,,0.5465182186234818,0.20754716981132076,0.868421052631579
Right,random,Ang,PTT,HTL,4,0.05,1,401,76,40,7,QOTc-Ang-PCA,arc labels,64.0,0.5658097165991903,0.2392638036809816,0.5131578947368421
Right,random,Ang,PTT,HTL,4,0.05,1,401,76,40,7,SDM-Ang-HS4,arc labels,,0.5321255060728745,0.2087378640776699,0.5657894736842105
Right,random,Ang,PTT,HTL,4,0.05,1,401,76,40,7,SDM-Ang-HSsrc,arc labels,,0.5395546558704454,0.2119815668202765,0.6052631578947368
Right,random,Ang,PTT,HTL,4,0.05,1,401,76,40,7,SDM-Ang-PCA,arc labels,32.0,0.5871862348178137,0.2734375,0.4605263157894737
Right,random,Ang,PTT,HTL,4,0.1,1,401,76,80,15,NoAdapt,nothing,,0.5693319838056681,0.21630094043887146,0.9078947368421053
Right,random,Ang,PTT,HTL,4,0.1,1,401,76,80,15,TargetOnly,arc labels,,0.608421052631579,0.24888888888888888,0.7368421052631579
Right,random,Ang,PTT,HTL,4,0.1,1,401,76,80,15,Source+Target,arc labels,,0.573259109311741,0.21712538226299694,0.9342105263157895
Right,random,Ang,PTT,HTL,4,0.1,1,401,76,80,15,COT,arc labels,,0.5774898785425101,0.23214285714285715,0.6842105263157895
Right,random,Ang,PTT,HTL,4,0.1,1,401,76,80,15,none-Ang-HS4,arc labels,,0.5054453441295547,0.19215686274509805,0.6447368421052632
Right,random,Ang,PTT,HTL,4,0.1,1,401,76,80,15,none-Ang-HSsrc,nothing,,0.5015182186234818,0.1902834008097166,0.618421052631579
Right,random,Ang,PTT,HTL,4,0.1,1,401,76,80,15,none-Ang-PCA,arc segments,64.0,0.465,0.15447154471544716,0.25
Right,random,Ang,PTT,HTL,4,0.1,1,401,76,80,15,QOTu-Ang-HS4,arc labels,,0.5931376518218623,0.2474747474747475,0.6447368421052632
Right,random,Ang,PTT,HTL,4,0.1,1,401,76,80,15,QOTu-Ang-HSsrc,arc segments,,0.5273481781376519,0.2074468085106383,0.5131578947368421
Right,random,Ang,PTT,HTL,4,0.1,1,401,76,80,15,QOTu-Ang-PCA,arc segments,64.0,0.4688866396761134,0.17256637168141592,0.5131578947368421
Right,random,Ang,PTT,HTL,4,0.1,1,401,76,80,15,QOTc-Ang-HS4,arc labels,,0.5636437246963563,0.22317596566523606,0.6842105263157895
Right,random,Ang,PTT,HTL,4,0.1,1,401,76,80,15,QOTc-Ang-HSsrc,arc labels,,0.5552226720647773,0.20930232558139536,0.9473684210526315
Right,random,Ang,PTT,HTL,4,0.1,1,401,76,80,15,QOTc-Ang-PCA,arc labels,64.0,0.5271255060728746,0.22018348623853212,0.3157894736842105
Right,random,Ang,PTT,HTL,4,0.1,1,401,76,80,15,SDM-Ang-HS4,arc labels,,0.541255060728745,0.2109704641350211,0.6578947368421053
Right,random,Ang,PTT,HTL,4,0.1,1,401,76,80,15,SDM-Ang-HSsrc,arc labels,,0.5531983805668016,0.2127659574468085,0.7894736842105263
Right,random,Ang,PTT,HTL,4,0.1,1,401,76,80,15,SDM-Ang-PCA,arc labels,64.0,0.5004453441295547,0.189873417721519,0.39473684210526316
Right,random,Ang,PTT,HTL,4,0.2,1,401,76,161,32,NoAdapt,nothing,,0.5693319838056681,0.21630094043887146,0.9078947368421053
Right,random,Ang,PTT,HTL,4,0.2,1,401,76,161,32,TargetOnly,arc labels,,0.6296963562753036,0.2599118942731278,0.7763157894736842
Right,random,Ang,PTT,HTL,4,0.2,1,401,76,161,32,Source+Target,arc labels,,0.5640283400809717,0.2132132132132132,0.9342105263157895
Right,random,Ang,PTT,HTL,4,0.2,1,401,76,161,32,COT,arc labels,,0.591497975708502,0.23728813559322035,0.7368421052631579
Right,random,Ang,PTT,HTL,4,0.2,1,401,76,161,32,none-Ang-HS4,arc labels,,0.5092105263157896,0.19421487603305784,0.618421052631579
Right,random,Ang,PTT,HTL,4,0.2,1,401,76,161,32,none-Ang-HSsrc,nothing,,0.5015182186234818,0.1902834008097166,0.618421052631579
Right,random,Ang,PTT,HTL,4,0.2,1,401,76,161,32,none-Ang-PCA,arc segments,64.0,0.4438866396761133,0.14084507042253522,0.2631578947368421
Right,random,Ang,PTT,HTL,4,0.2,1,401,76,161,32,QOTu-Ang-HS4,arc labels,,0.5339271255060729,0.21164021164021163,0.5263157894736842
Right,random,Ang,PTT,HTL,4,0.2,1,401,76,161,32,QOTu-Ang-HSsrc,arc segments,,0.5381174089068825,0.2154696132596685,0.5131578947368421
Right,random,Ang,PTT,HTL,4,0.2,1,401,76,161,32,QOTu-Ang-PCA,arc segments,64.0,0.44463562753036434,0.15343915343915343,0.3815789473684211
Right,random,Ang,PTT,HTL,4,0.2,1,401,76,161,32,QOTc-Ang-HS4,arc labels,,0.6048178137651822,0.23938223938223938,0.8157894736842105
Right,random,Ang,PTT,HTL,4,0.2,1,401,76,161,32,QOTc-Ang-HSsrc,arc labels,,0.5536842105263158,0.20869565217391303,0.9473684210526315
Right,random,Ang,PTT,HTL,4,0.2,1,401,76,161,32,QOTc-Ang-PCA,arc labels,64.0,0.5242105263157895,0.21212121212121213,0.3684210526315789
Right,random,Ang,PTT,HTL,4,0.2,1,401,76,161,32,SDM-Ang-HS4,arc labels,,0.6056072874493927,0.25118483412322273,0.6973684210526315
Right,random,Ang,PTT,HTL,4,0.2,1,401,76,161,32,SDM-Ang-HSsrc,arc labels,,0.5604655870445344,0.21691176470588236,0.7763157894736842
Right,random,Ang,PTT,HTL,4,0.2,1,401,76,161,32,SDM-Ang-PCA,arc labels,64.0,0.5025101214574899,0.192,0.3157894736842105
Right,random,Ang,PTT,HTL,4,0.3,1,401,76,241,49,NoAdapt,nothing,,0.5693319838056681,0.21630094043887146,0.9078947368421053
Right,random,Ang,PTT,HTL,4,0.3,1,401,76,241,49,TargetOnly,arc labels,,0.6162753036437247,0.24896265560165975,0.7894736842105263
Right,random,Ang,PTT,HTL,4,0.3,1,401,76,241,49,Source+Target,arc labels,,0.5609514170040486,0.21194029850746268,0.9342105263157895
Right,random,Ang,PTT,HTL,4,0.3,1,401,76,241,49,COT,arc labels,,0.5493724696356275,0.21518987341772153,0.6710526315789473
Right,random,Ang,PTT,HTL,4,0.3,1,401,76,241,49,none-Ang-HS4,arc labels,,0.5080971659919028,0.1935483870967742,0.631578947368421
Right,random,Ang,PTT,HTL,4,0.3,1,401,76,241,49,none-Ang-HSsrc,nothing,,0.5015182186234818,0.1902834008097166,0.618421052631579
Right,random,Ang,PTT,HTL,4,0.3,1,401,76,241,49,none-Ang-PCA,arc segments,64.0,0.4392712550607287,0.13793103448275862,0.2631578947368421
Right,random,Ang,PTT,HTL,4,0.3,1,401,76,241,49,QOTu-Ang-HS4,arc labels,,0.5381174089068825,0.2154696132596685,0.5131578947368421
Right,random,Ang,PTT,HTL,4,0.3,1,401,76,241,49,QOTu-Ang-HSsrc,arc segments,,0.5427327935222672,0.21910112359550563,0.5131578947368421
Right,random,Ang,PTT,HTL,4,0.3,1,401,76,241,49,QOTu-Ang-PCA,arc segments,64.0,0.44257085020242914,0.15765765765765766,0.4605263157894737
Right,random,Ang,PTT,HTL,4,0.3,1,401,76,241,49,QOTc-Ang-HS4,arc labels,,0.5737246963562753,0.22784810126582278,0.7105263157894737
Right,random,Ang,PTT,HTL,4,0.3,1,401,76,241,49,QOTc-Ang-HSsrc,arc labels,,0.5475303643724696,0.20630372492836677,0.9473684210526315
Right,random,Ang,PTT,HTL,4,0.3,1,401,76,241,49,QOTc-Ang-PCA,arc labels,64.0,0.5244736842105263,0.21551724137931033,0.32894736842105265
Right,random,Ang,PTT,HTL,4,0.3,1,401,76,241,49,SDM-Ang-HS4,arc labels,,0.5832186234817813,0.2372093023255814,0.6710526315789473
Right,random,Ang,PTT,HTL,4,0.3,1,401,76,241,49,SDM-Ang-HSsrc,arc labels,,0.5656072874493927,0.22362869198312235,0.6973684210526315
Right,random,Ang,PTT,HTL,4,0.3,1,401,76,241,49,SDM-Ang-PCA,arc labels,64.0,0.4816599190283401,0.171875,0.2894736842105263
Right,random,Ang,PTT,HTL,4,0.5,1,401,76,381,77,NoAdapt,nothing,,0.5693319838056681,0.21630094043887146,0.9078947368421053
Right,random,Ang,PTT,HTL,4,0.5,1,401,76,381,77,TargetOnly,arc labels,,0.5993522267206478,0.23809523809523808,0.7894736842105263
Right,random,Ang,PTT,HTL,4,0.5,1,401,76,381,77,Source+Target,arc labels,,0.5409514170040486,0.20402298850574713,0.9342105263157895
Right,random,Ang,PTT,HTL,4,0.5,1,401,76,381,77,COT,arc labels,,0.5261336032388664,0.20346320346320346,0.618421052631579
Right,random,Ang,PTT,HTL,4,0.5,1,401,76,381,77,none-Ang-HS4,arc labels,,0.5080971659919028,0.1935483870967742,0.631578947368421
Right,random,Ang,PTT,HTL,4,0.5,1,401,76,381,77,none-Ang-HSsrc,nothing,,0.5015182186234818,0.1902834008097166,0.618421052631579
Right,random,Ang,PTT,HTL,4,0.5,1,401,76,381,77,none-Ang-PCA,arc segments,64.0,0.4528542510121457,0.1513157894736842,0.3026315789473684
Right,random,Ang,PTT,HTL,4,0.5,1,401,76,381,77,QOTu-Ang-HS4,arc labels,,0.5354655870445344,0.2127659574468085,0.5263157894736842
Right,random,Ang,PTT,HTL,4,0.5,1,401,76,381,77,QOTu-Ang-HSsrc,arc segments,,0.5427327935222672,0.21910112359550563,0.5131578947368421
Right,random,Ang,PTT,HTL,4,0.5,1,401,76,381,77,QOTu-Ang-PCA,arc segments,64.0,0.4702631578947368,0.1715686274509804,0.4605263157894737
Right,random,Ang,PTT,HTL,4,0.5,1,401,76,381,77,QOTc-Ang-HS4,arc labels,,0.5962753036437247,0.23622047244094488,0.7894736842105263
Right,random,Ang,PTT,HTL,4,0.5,1,401,76,381,77,QOTc-Ang-HSsrc,arc labels,,0.54582995951417,0.2066869300911854,0.8947368421052632
Right,random,Ang,PTT,HTL,4,0.5,1,401,76,381,77,QOTc-Ang-PCA,arc labels,64.0,0.5486639676113361,0.25263157894736843,0.3157894736842105
Right,random,Ang,PTT,HTL,4,0.5,1,401,76,381,77,SDM-Ang-HS4,arc labels,,0.591336032388664,0.24186046511627907,0.6842105263157895
Right,random,Ang,PTT,HTL,4,0.5,1,401,76,381,77,SDM-Ang-HSsrc,arc labels,,0.5515991902834008,0.21777777777777776,0.6447368421052632
Right,random,Ang,PTT,HTL,4,0.5,1,401,76,381,77,SDM-Ang-PCA,arc labels,64.0,0.5545546558704453,0.2523364485981308,0.35526315789473684
Right,random,Ang,PTT,HTL,5,0.05,1,401,93,40,9,NoAdapt,nothing,,0.5630149420472002,0.25903614457831325,0.9247311827956989
Right,random,Ang,PTT,HTL,5,0.05,1,401,93,40,9,TargetOnly,arc labels,,0.5622294372294372,0.27074235807860264,0.6666666666666666
Right,random,Ang,PTT,HTL,5,0.05,1,401,93,40,9,Source+Target,arc labels,,0.566767909509845,0.26047904191616766,0.9354838709677419
Right,random,Ang,PTT,HTL,5,0.05,1,401,93,40,9,COT,arc labels,,0.5,0.23192019950124687,1.0
Right,random,Ang,PTT,HTL,5,0.05,1,401,93,40,9,none-Ang-HS4,arc labels,,0.5222559698366149,0.24489795918367346,0.6451612903225806
Right,random,Ang,PTT,HTL,5,0.05,1,401,93,40,9,none-Ang-HSsrc,nothing,,0.5190092165898618,0.242914979757085,0.6451612903225806
Right,random,Ang,PTT,HTL,5,0.05,1,401,93,40,9,none-Ang-PCA,arc segments,64.0,0.4762253875157101,0.20833333333333334,0.3225806451612903
Right,random,Ang,PTT,HTL,5,0.05,1,401,93,40,9,QOTu-Ang-HS4,arc labels,,0.5587906716938975,0.2765957446808511,0.5591397849462365
Right,random,Ang,PTT,HTL,5,0.05,1,401,93,40,9,QOTu-Ang-HSsrc,arc segments,,0.5376867755900014,0.25870646766169153,0.5591397849462365
Right,random,Ang,PTT,HTL,5,0.05,1,401,93,40,9,QOTu-Ang-PCA,arc segments,64.0,0.46027091188381514,0.20948616600790515,0.5698924731182796
Right,random,Ang,PTT,HTL,5,0.05,1,401,93,40,9,QOTc-Ang-HS4,arc labels,,0.5631720430107527,0.3125,0.3763440860215054
Right,random,Ang,PTT,HTL,5,0.05,1,401,93,40,9,QOTc-Ang-HSsrc,arc labels,,0.5236524228459712,0.24188790560471976,0.8817204301075269
Right,random,Ang,PTT,HTL,5,0.05,1,401,93,40,9,QOTc-Ang-PCA,arc labels,64.0,0.5438137131685519,0.38095238095238093,0.17204301075268819
Right,random,Ang,PTT,HTL,5,0.05,1,401,93,40,9,SDM-Ang-HS4,arc labels,,0.54187613461807,0.3048780487804878,0.26881720430107525
Right,random,Ang,PTT,HTL,5,0.05,1,401,93,40,9,SDM-Ang-HSsrc,arc labels,,0.5282432621142299,0.2489451476793249,0.6344086021505376
Right,random,Ang,PTT,HTL,5,0.05,1,401,93,40,9,SDM-Ang-PCA,arc labels,32.0,0.5119396732299958,0.2459016393442623,0.3225806451612903
Right,random,Ang,PTT,HTL,5,0.1,1,401,93,80,18,NoAdapt,nothing,,0.5630149420472002,0.25903614457831325,0.9247311827956989
Right,random,Ang,PTT,HTL,5,0.1,1,401,93,80,18,TargetOnly,arc labels,,0.5705557882977238,0.2828282828282828,0.6021505376344086
Right,random,Ang,PTT,HTL,5,0.1,1,401,93,80,18,Source+Target,arc labels,,0.5570276497695852,0.25588235294117645,0.9354838709677419
Right,random,Ang,PTT,HTL,5,0.1,1,401,93,80,18,COT,arc labels,,0.5854629241726016,0.2876712328767123,0.6774193548387096
Right,random,Ang,PTT,HTL,5,0.1,1,401,93,80,18,none-Ang-HS4,arc labels,,0.5146453009356236,0.24015748031496062,0.6559139784946236
Right,random,Ang,PTT,HTL,5,0.1,1,401,93,80,18,none-Ang-HSsrc,nothing,,0.5190092165898618,0.242914979757085,0.6451612903225806
Right,random,Ang,PTT,HTL,5,0.1,1,401,93,80,18,none-Ang-PCA,arc segments,64.0,0.46161499790532046,0.19607843137254902,0.3225806451612903
Right,random,Ang,PTT,HTL,5,0.1,1,401,93,80,18,QOTu-Ang-HS4,arc labels,,0.5382977237815947,0.2604166666666667,0.5376344086021505
Right,random,Ang,PTT,HTL,5,0.1,1,401,93,80,18,QOTu-Ang-HSsrc,arc segments,,0.5464146068984779,0.26737967914438504,0.5376344086021505
Right,random,Ang,PTT,HTL,5,0.1,1,401,93,80,18,QOTu-Ang-PCA,arc segments,64.0,0.475893729925988,0.21825396825396826,0.5913978494623656
Right,random,Ang,PTT,HTL,5,0.1,1,401,93,80,18,QOTc-Ang-HS4,arc labels,,0.5389086719731881,0.26229508196721313,0.5161290322580645
Right,random,Ang,PTT,HTL,5,0.1,1,401,93,80,18,QOTc-Ang-HSsrc,arc labels,,0.534509844993716,0.24695121951219512,0.8709677419354839
Right,random,Ang,PTT,HTL,5,0.1,1,401,93,80,18,QOTc-Ang-PCA,arc labels,64.0,0.5441104594330402,0.3194444444444444,0.24731182795698925
Right,random,Ang,PTT,HTL,5,0.1,1,401,93,80,18,SDM-Ang-HS4,arc labels,,0.5461178606339897,0.27388535031847133,0.46236559139784944
Right,random,Ang,PTT,HTL,5,0.1,1,401,93,80,18,SDM-Ang-HSsrc,arc labels,,0.5488409440022344,0.2636363636363636,0.6236559139784946
Right,random,Ang,PTT,HTL,5,0.1,1,401,93,80,18,SDM-Ang-PCA,arc labels,64.0,0.5328515570451055,0.30303030303030304,0.21505376344086022
Right,random,Ang,PTT,HTL,5,0.2,1,401,93,161,34,NoAdapt,nothing,,0.5630149420472002,0.25903614457831325,0.9247311827956989
Right,random,Ang,PTT,HTL,5,0.2,1,401,93,161,34,TargetOnly,arc labels,,0.5653714565004888,0.2708333333333333,0.6989247311827957
Right,random,Ang,PTT,HTL,5,0.2,1,401,93,161,34,Source+Target,arc labels,,0.5521575198994554,0.2536443148688047,0.9354838709677419
Right,random,Ang,PTT,HTL,5,0.2,1,401,93,161,34,COT,arc labels,,0.5389959502862729,0.25523012552301255,0.6559139784946236
Right,random,Ang,PTT,HTL,5,0.2,1,401,93,161,34,none-Ang-HS4,arc labels,,0.5255027230833682,0.24691358024691357,0.6451612903225806
Right,random,Ang,PTT,HTL,5,0.2,1,401,93,161,34,none-Ang-HSsrc,nothing,,0.5190092165898618,0.242914979757085,0.6451612903225806
Right,random,Ang,PTT,HTL,5,0.2,1,401,93,161,34,none-Ang-PCA,arc segments,32.0,0.524106270074012,0.2550335570469799,0.40860215053763443
Right,random,Ang,PTT,HTL,5,0.2,1,401,93,161,34,QOTu-Ang-HS4,arc labels,,0.5382977237815947,0.2604166666666667,0.5376344086021505
Right,random,Ang,PTT,HTL,5,0.2,1,401,93,161,34,QOTu-Ang-HSsrc,arc segments,,0.5382977237815947,0.2604166666666667,0.5376344086021505
Right,random,Ang,PTT,HTL,5,0.2,1,401,93,161,34,QOTu-Ang-PCA,arc segments,64.0,0.46250523669878507,0.20987654320987653,0.5483870967741935
Right,random,Ang,PTT,HTL,5,0.2,1,401,93,161,34,QOTc-Ang-HS4,arc labels,,0.5906472559698366,0.3050847457627119,0.5806451612903226
Right,random,Ang,PTT,HTL,5,0.2,1,401,93,161,34,QOTc-Ang-HSsrc,arc labels,,0.5431329423264907,0.25076452599388377,0.8817204301075269
Right,random,Ang,PTT,HTL,5,0.2,1,401,93,161,34,QOTc-Ang-PCA,arc labels,64.0,0.46559488898198576,0.15,0.0967741935483871
Right,random,Ang,PTT,HTL,5,0.2,1,401,93,161,34,SDM-Ang-HS4,arc labels,,0.551895684960201,0.2742857142857143,0.5161290322580645
Right,random,Ang,PTT,HTL,5,0.2,1,401,93,161,34,SDM-Ang-HSsrc,arc labels,,0.5557359307359307,0.26609442060085836,0.6666666666666666
Right,random,Ang,PTT,HTL,5,0.2,1,401,93,161,34,SDM-Ang-PCA,arc labels,64.0,0.4901375506214216,0.2159090909090909,0.20430107526881722
Right,random,Ang,PTT,HTL,5,0.3,1,401,93,241,49,NoAdapt,nothing,,0.5630149420472002,0.25903614457831325,0.9247311827956989
Right,random,Ang,PTT,HTL,5,0.3,1,401,93,241,49,TargetOnly,arc labels,,0.568216729507052,0.27601809954751133,0.6559139784946236
Right,random,Ang,PTT,HTL,5,0.3,1,401,93,241,49,Source+Target,arc labels,,0.5472873900293255,0.2514450867052023,0.9354838709677419
Right,random,Ang,PTT,HTL,5,0.3,1,401,93,241,49,COT,arc labels,,0.5542172880882559,0.2669683257918552,0.6344086021505376
Right,random,Ang,PTT,HTL,5,0.3,1,401,93,241,49,none-Ang-HS4,arc labels,,0.5255027230833682,0.24691358024691357,0.6451612903225806
Right,random,Ang,PTT,HTL,5,0.3,1,401,93,241,49,none-Ang-HSsrc,nothing,,0.5190092165898618,0.242914979757085,0.6451612903225806
Right,random,Ang,PTT,HTL,5,0.3,1,401,93,241,49,none-Ang-PCA,arc segments,32.0,0.5176127635805056,0.24836601307189543,0.40860215053763443
Right,random,Ang,PTT,HTL,5,0.3,1,401,93,241,49,QOTu-Ang-HS4,arc labels,,0.5431678536517246,0.26455026455026454,0.5376344086021505
Right,random,Ang,PTT,HTL,5,0.3,1,401,93,241,49,QOTu-Ang-HSsrc,arc segments,,0.5399211004049713,0.2617801047120419,0.5376344086021505
Right,random,Ang,PTT,HTL,5,0.3,1,401,93,241,49,QOTu-Ang-PCA,arc segments,64.0,0.48137480798771126,0.22083333333333333,0.5698924731182796
Right,random,Ang,PTT,HTL,5,0.3,1,401,93,241,49,QOTc-Ang-HS4,arc labels,,0.5778522552716101,0.2807017543859649,0.6881720430107527
Right,random,Ang,PTT,HTL,5,0.3,1,401,93,241,49,QOTc-Ang-HSsrc,arc labels,,0.5415095657031141,0.25,0.8817204301075269
Right,random,Ang,PTT,HTL,5,0.3,1,401,93,241,49,QOTc-Ang-PCA,arc labels,64.0,0.5040322580645161,0.2376237623762376,0.25806451612903225
Right,random,Ang,PTT,HTL,5,0.3,1,401,93,241,49,SDM-Ang-HS4,arc labels,,0.5468160871386678,0.2647058823529412,0.5806451612903226
Right,random,Ang,PTT,HTL,5,0.3,1,401,93,241,49,SDM-Ang-HSsrc,arc labels,,0.5450879765395895,0.26146788990825687,0.6129032258064516
Right,random,Ang,PTT,HTL,5,0.3,1,401,93,241,49,SDM-Ang-PCA,arc labels,64.0,0.5179269655076106,0.2543859649122807,0.3118279569892473
Right,random,Ang,PTT,HTL,5,0.5,1,401,93,380,70,NoAdapt,nothing,,0.5630149420472002,0.25903614457831325,0.9247311827956989
Right,random,Ang,PTT,HTL,5,0.5,1,401,93,380,70,TargetOnly,arc labels,,0.5548282362798492,0.2688679245283019,0.6129032258064516
Right,random,Ang,PTT,HTL,5,0.5,1,401,93,380,70,Source+Target,arc labels,,0.5375471302890658,0.2471590909090909,0.9354838709677419
Right,random,Ang,PTT,HTL,5,0.5,1,401,93,380,70,COT,arc labels,,0.5159719312945119,0.242152466367713,0.5806451612903226
Right,random,Ang,PTT,HTL,5,0.5,1,401,93,380,70,none-Ang-HS4,arc labels,,0.5238793464599916,0.2459016393442623,0.6451612903225806
Right,random,Ang,PTT,HTL,5,0.5,1,401,93,380,70,none-Ang-HSsrc,nothing,,0.5190092165898618,0.242914979757085,0.6451612903225806
Right,random,Ang,PTT,HTL,5,0.5,1,401,93,380,70,none-Ang-PCA,arc segments,64.0,0.4576525624912722,0.1977401129943503,0.3763440860215054
Right,random,Ang,PTT,HTL,5,0.5,1,401,93,380,70,QOTu-Ang-HS4,arc labels,,0.5480379835218545,0.26881720430107525,0.5376344086021505
Right,random,Ang,PTT,HTL,5,0.5,1,401,93,380,70,QOTu-Ang-HSsrc,arc segments,,0.554531490015361,0.27472527472527475,0.5376344086021505
Right,random,Ang,PTT,HTL,5,0.5,1,401,93,380,70,QOTu-Ang-PCA,arc segments,64.0,0.5099846390168971,0.23809523809523808,0.5913978494623656
Right,random,Ang,PTT,HTL,5,0.5,1,401,93,380,70,QOTc-Ang-HS4,arc labels,,0.561217008797654,0.27149321266968324,0.6451612903225806
Right,random,Ang,PTT,HTL,5,0.5,1,401,93,380,70,QOTc-Ang-HSsrc,arc labels,,0.5431329423264907,0.25076452599388377,0.8817204301075269
Right,random,Ang,PTT,HTL,5,0.5,1,401,93,380,70,QOTc-Ang-PCA,arc labels,64.0,0.4605152911604524,0.16853932584269662,0.16129032258064516
Right,random,Ang,PTT,HTL,5,0.5,1,401,93,380,70,SDM-Ang-HS4,arc labels,,0.5721791649211004,0.28426395939086296,0.6021505376344086
Right,random,Ang,PTT,HTL,5,0.5,1,401,93,380,70,SDM-Ang-HSsrc,arc labels,,0.560099846390169,0.26991150442477874,0.6559139784946236
Right,random,Ang,PTT,HTL,5,0.5,1,401,93,380,70,SDM-Ang-PCA,arc labels,64.0,0.5494693478564446,0.28169014084507044,0.43010752688172044
Right,random,Ang,PTT,HTL,6,0.05,1,401,87,40,9,NoAdapt,nothing,,0.571235083095395,0.24691358024691357,0.9195402298850575
Right,random,Ang,PTT,HTL,6,0.05,1,401,87,40,9,TargetOnly,arc labels,,0.5743282817190132,0.2694300518134715,0.5977011494252874
Right,random,Ang,PTT,HTL,6,0.05,1,401,87,40,9,Source+Target,arc labels,,0.5393879493374332,0.23255813953488372,0.9195402298850575
Right,random,Ang,PTT,HTL,6,0.05,1,401,87,40,9,COT,arc labels,,0.46914122556556115,0.18461538461538463,0.27586206896551724
Right,random,Ang,PTT,HTL,6,0.05,1,401,87,40,9,none-Ang-HS4,arc labels,,0.5221282670766527,0.2297872340425532,0.6206896551724138
Right,random,Ang,PTT,HTL,6,0.05,1,401,87,40,9,none-Ang-HSsrc,nothing,,0.5109817702613662,0.2231404958677686,0.6206896551724138
Right,random,Ang,PTT,HTL,6,0.05,1,401,87,40,9,none-Ang-PCA,arc segments,64.0,0.44906288893769675,0.16666666666666666,0.26436781609195403
Right,random,Ang,PTT,HTL,6,0.05,1,401,87,40,9,QOTu-Ang-HS4,arc labels,,0.5722417453693536,0.28776978417266186,0.45977011494252873
Right,random,Ang,PTT,HTL,6,0.05,1,401,87,40,9,QOTu-Ang-HSsrc,arc segments,,0.5821436415550186,0.29577464788732394,0.4827586206896552
Right,random,Ang,PTT,HTL,6,0.05,1,401,87,40,9,QOTu-Ang-PCA,arc segments,32.0,0.5310601068892306,0.23504273504273504,0.632183908045977
Right,random,Ang,PTT,HTL,6,0.05,1,401,87,40,9,QOTc-Ang-HS4,arc labels,,0.549820631085731,0.24882629107981222,0.6091954022988506
Right,random,Ang,PTT,HTL,6,0.05,1,401,87,40,9,QOTc-Ang-HSsrc,arc labels,,0.5762866974156234,0.250814332247557,0.8850574712643678
Right,random,Ang,PTT,HTL,6,0.05,1,401,87,40,9,QOTc-Ang-PCA,arc labels,64.0,0.4755655611684604,0.13953488372093023,0.06896551724137931
Right,random,Ang,PTT,HTL,6,0.05,1,401,87,40,9,SDM-Ang-HS4,arc labels,,0.5672633428508675,0.2681564245810056,0.5517241379310345
Right,random,Ang,PTT,HTL,6,0.05,1,401,87,40,9,SDM-Ang-HSsrc,arc labels,,0.5833333333333333,0.26976744186046514,0.6666666666666666
Right,random,Ang,PTT,HTL,6,0.05,1,401,87,40,9,SDM-Ang-PCA,arc labels,64.0,0.40627059081924005,0.1171875,0.1724137931034483
Right,random,Ang,PTT,HTL,6,0.1,1,401,87,80,16,NoAdapt,nothing,,0.571235083095395,0.24691358024691357,0.9195402298850575
Right,random,Ang,PTT,HTL,6,0.1,1,401,87,80,16,TargetOnly,arc labels,,0.5970422432096054,0.2796208530805687,0.6781609195402298
Right,random,Ang,PTT,HTL,6,0.1,1,401,87,80,16,Source+Target,arc labels,,0.5441650194011275,0.23460410557184752,0.9195402298850575
Right,random,Ang,PTT,HTL,6,0.1,1,401,87,80,16,COT,arc labels,,0.5689472142909437,0.247557003257329,0.8735632183908046
Right,random,Ang,PTT,HTL,6,0.1,1,401,87,80,16,none-Ang-HS4,arc labels,,0.5205359103887547,0.2288135593220339,0.6206896551724138
Right,random,Ang,PTT,HTL,6,0.1,1,401,87,80,16,none-Ang-HSsrc,nothing,,0.5109817702613662,0.2231404958677686,0.6206896551724138
Right,random,Ang,PTT,HTL,6,0.1,1,401,87,80,16,none-Ang-PCA,arc segments,4.0,0.5062047001976719,0.22040816326530613,0.6206896551724138
Right,random,Ang,PTT,HTL,6,0.1,1,401,87,80,16,QOTu-Ang-HS4,arc labels,,0.5592283476096347,0.2670807453416149,0.4942528735632184
Right,random,Ang,PTT,HTL,6,0.1,1,401,87,80,16,QOTu-Ang-HSsrc,arc segments,,0.5633831173585182,0.26993865030674846,0.5057471264367817
Right,random,Ang,PTT,HTL,6,0.1,1,401,87,80,16,QOTu-Ang-PCA,arc segments,64.0,0.45142396954389047,0.1797752808988764,0.367816091954023
Right,random,Ang,PTT,HTL,6,0.1,1,401,87,80,16,QOTc-Ang-HS4,arc labels,,0.5611684603558094,0.26627218934911245,0.5172413793103449
Right,random,Ang,PTT,HTL,6,0.1,1,401,87,80,16,QOTc-Ang-HSsrc,arc labels,,0.5830038802254923,0.2532051282051282,0.9080459770114943
Right,random,Ang,PTT,HTL,6,0.1,1,401,87,80,16,QOTc-Ang-PCA,arc labels,64.0,0.463796764038363,0.12727272727272726,0.08045977011494253
Right,random,Ang,PTT,HTL,6,0.1,1,401,87,80,16,SDM-Ang-HS4,arc labels,,0.5675378871074017,0.2727272727272727,0.5172413793103449
Right,random,Ang,PTT,HTL,6,0.1,1,401,87,80,16,SDM-Ang-HSsrc,arc labels,,0.5974632110696244,0.2716049382716049,0.7586206896551724
Right,random,Ang,PTT,HTL,6,0.1,1,401,87,80,16,SDM-Ang-PCA,arc labels,64.0,0.455908192400615,0.14457831325301204,0.13793103448275862
Right,random,Ang,PTT,HTL,6,0.2,1,401,87,161,31,NoAdapt,nothing,,0.571235083095395,0.24691358024691357,0.9195402298850575
Right,random,Ang,PTT,HTL,6,0.2,1,401,87,161,31,TargetOnly,arc labels,,0.5763416062669302,0.26339285714285715,0.6781609195402298
Right,random,Ang,PTT,HTL,6,0.2,1,401,87,161,31,Source+Target,arc labels,,0.5202796690826561,0.2247191011235955,0.9195402298850575
Right,random,Ang,PTT,HTL,6,0.2,1,401,87,161,31,COT,arc labels,,0.5755911852990702,0.25259515570934254,0.8390804597701149
Right,random,Ang,PTT,HTL,6,0.2,1,401,87,161,31,none-Ang-HS4,arc labels,,0.5189435537008567,0.22784810126582278,0.6206896551724138
Right,random,Ang,PTT,HTL,6,0.2,1,401,87,161,31,none-Ang-HSsrc,nothing,,0.5109817702613662,0.2231404958677686,0.6206896551724138
Right,random,Ang,PTT,HTL,6,0.2,1,401,87,161,31,none-Ang-PCA,arc segments,32.0,0.47080679405520165,0.19078947368421054,0.3333333333333333
Right,random,Ang,PTT,HTL,6,0.2,1,401,87,161,31,QOTu-Ang-HS4,arc labels,,0.5608207042975327,0.26875,0.4942528735632184
Right,random,Ang,PTT,HTL,6,0.2,1,401,87,161,31,QOTu-Ang-HSsrc,arc segments,,0.5608207042975327,0.26875,0.4942528735632184
Right,random,Ang,PTT,HTL,6,0.2,1,401,87,161,31,QOTu-Ang-PCA,arc segments,64.0,0.4880481733655465,0.2064516129032258,0.367816091954023
Right,random,Ang,PTT,HTL,6,0.2,1,401,87,161,31,QOTc-Ang-HS4,arc labels,,0.5579837469800132,0.2631578947368421,0.5172413793103449
Right,random,Ang,PTT,HTL,6,0.2,1,401,87,161,31,QOTc-Ang-HSsrc,arc labels,,0.5680503697195988,0.24539877300613497,0.9195402298850575
Right,random,Ang,PTT,HTL,6,0.2,1,401,87,161,31,QOTc-Ang-PCA,arc labels,64.0,0.5024342924079361,0.2222222222222222,0.16091954022988506
Right,random,Ang,PTT,HTL,6,0.2,1,401,87,161,31,SDM-Ang-HS4,arc labels,,0.5333296727432462,0.2482758620689655,0.41379310344827586
Right,random,Ang,PTT,HTL,6,0.2,1,401,87,161,31,SDM-Ang-HSsrc,arc labels,,0.5644995973350904,0.25821596244131456,0.632183908045977
Right,random,Ang,PTT,HTL,6,0.2,1,401,87,161,31,SDM-Ang-PCA,arc labels,64.0,0.4282158283915367,0.12380952380952381,0.14942528735632185
Right,random,Ang,PTT,HTL,6,0.3,1,401,87,241,45,NoAdapt,nothing,,0.571235083095395,0.24691358024691357,0.9195402298850575
Right,random,Ang,PTT,HTL,6,0.3,1,401,87,241,45,TargetOnly,arc labels,,0.557709202723479,0.2594594594594595,0.5517241379310345
Right,random,Ang,PTT,HTL,6,0.3,1,401,87,241,45,Source+Target,arc labels,,0.5377955926495351,0.2318840579710145,0.9195402298850575
Right,random,Ang,PTT,HTL,6,0.3,1,401,87,241,45,COT,arc labels,,0.5373563218390804,0.24154589371980675,0.5747126436781609
Right,random,Ang,PTT,HTL,6,0.3,1,401,87,241,45,none-Ang-HS4,arc labels,,0.5205359103887547,0.2288135593220339,0.6206896551724138
Right,random,Ang,PTT,HTL,6,0.3,1,401,87,241,45,none-Ang-HSsrc,nothing,,0.5109817702613662,0.2231404958677686,0.6206896551724138
Right,random,Ang,PTT,HTL,6,0.3,1,401,87,241,45,none-Ang-PCA,arc segments,32.0,0.47177685042828904,0.19230769230769232,0.3448275862068966
Right,random,Ang,PTT,HTL,6,0.3,1,401,87,241,45,QOTu-Ang-HS4,arc labels,,0.5592283476096347,0.2670807453416149,0.4942528735632184
Right,random,Ang,PTT,HTL,6,0.3,1,401,87,241,45,QOTu-Ang-HSsrc,arc segments,,0.5703748444249213,0.2792207792207792,0.4942528735632184
Right,random,Ang,PTT,HTL,6,0.3,1,401,87,241,45,QOTu-Ang-PCA,arc segments,64.0,0.4962295922102643,0.2146118721461187,0.5402298850574713
Right,random,Ang,PTT,HTL,6,0.3,1,401,87,241,45,QOTc-Ang-HS4,arc labels,,0.5433779925323963,0.24742268041237114,0.5517241379310345
Right,random,Ang,PTT,HTL,6,0.3,1,401,87,241,45,QOTc-Ang-HSsrc,arc labels,,0.5699172706640311,0.24758842443729903,0.8850574712643678
Right,random,Ang,PTT,HTL,6,0.3,1,401,87,241,45,QOTc-Ang-PCA,arc labels,64.0,0.5740354345120433,0.31683168316831684,0.367816091954023
Right,random,Ang,PTT,HTL,6,0.3,1,401,87,241,45,SDM-Ang-HS4,arc labels,,0.54648949410645,0.25443786982248523,0.4942528735632184
Right,random,Ang,PTT,HTL,6,0.3,1,401,87,241,45,SDM-Ang-HSsrc,arc labels,,0.5609671279010177,0.25728155339805825,0.6091954022988506
Right,random,Ang,PTT,HTL,6,0.3,1,401,87,241,45,SDM-Ang-PCA,arc labels,64.0,0.5275093345047221,0.24793388429752067,0.3448275862068966
Right,random,Ang,PTT,HTL,6,0.5,1,401,87,380,78,NoAdapt,nothing,,0.571235083095395,0.24691358024691357,0.9195402298850575
Right,random,Ang,PTT,HTL,6,0.5,1,401,87,380,78,TargetOnly,arc labels,,0.5545244893476828,0.25668449197860965,0.5517241379310345
Right,random,Ang,PTT,HTL,6,0.5,1,401,87,380,78,Source+Target,arc labels,,0.5457573760890255,0.23529411764705882,0.9195402298850575
Right,random,Ang,PTT,HTL,6,0.5,1,401,87,380,78,COT,arc labels,,0.507376089025551,0.22169811320754718,0.5402298850574713
Right,random,Ang,PTT,HTL,6,0.5,1,401,87,380,78,none-Ang-HS4,arc labels,,0.5205359103887547,0.2288135593220339,0.6206896551724138
Right,random,Ang,PTT,HTL,6,0.5,1,401,87,380,78,none-Ang-HSsrc,nothing,,0.5109817702613662,0.2231404958677686,0.6206896551724138
Right,random,Ang,PTT,HTL,6,0.5,1,401,87,380,78,none-Ang-PCA,arc segments,32.0,0.47911633355296873,0.1987179487179487,0.3563218390804598
Right,random,Ang,PTT,HTL,6,0.5,1,401,87,380,78,QOTu-Ang-HS4,arc labels,,0.5687824877370232,0.27741935483870966,0.4942528735632184
Right,random,Ang,PTT,HTL,6,0.5,1,401,87,380,78,QOTu-Ang-HSsrc,arc segments,,0.5703748444249213,0.2792207792207792,0.4942528735632184
Right,random,Ang,PTT,HTL,6,0.5,1,401,87,380,78,QOTu-Ang-PCA,arc segments,64.0,0.5165824730946629,0.22842639593908629,0.5172413793103449
Right,random,Ang,PTT,HTL,6,0.5,1,401,87,380,78,QOTc-Ang-HS4,arc labels,,0.559301559411377,0.2608695652173913,0.5517241379310345
Right,random,Ang,PTT,HTL,6,0.5,1,401,87,380,78,QOTc-Ang-HSsrc,arc labels,,0.5699172706640311,0.24758842443729903,0.8850574712643678
Right,random,Ang,PTT,HTL,6,0.5,1,401,87,380,78,QOTc-Ang-PCA,arc labels,64.0,0.48735266124899335,0.20437956204379562,0.3218390804597701
Right,random,Ang,PTT,HTL,6,0.5,1,401,87,380,78,SDM-Ang-HS4,arc labels,,0.5692034555970422,0.26737967914438504,0.5747126436781609
Right,random,Ang,PTT,HTL,6,0.5,1,401,87,380,78,SDM-Ang-HSsrc,arc labels,,0.5660919540229885,0.25943396226415094,0.632183908045977
Right,random,Ang,PTT,HTL,6,0.5,1,401,87,380,78,SDM-Ang-PCA,arc labels,64.0,0.532634160626693,0.25196850393700787,0.367816091954023
Right,random,Ang,PTT,HTL,7,0.05,1,401,84,40,11,NoAdapt,nothing,,0.5592797055730809,0.23333333333333334,0.9166666666666666
Right,random,Ang,PTT,HTL,7,0.05,1,401,84,40,11,TargetOnly,arc labels,,0.5698325071353463,0.2670807453416149,0.5119047619047619
Right,random,Ang,PTT,HTL,7,0.05,1,401,84,40,11,Source+Target,arc labels,,0.5513932702418507,0.2298507462686567,0.9166666666666666
Right,random,Ang,PTT,HTL,7,0.05,1,401,84,40,11,COT,arc labels,,0.5757661108607481,0.24193548387096775,0.8928571428571429
Right,random,Ang,PTT,HTL,7,0.05,1,401,84,40,11,none-Ang-HS4,arc labels,,0.510346252065495,0.21484375,0.6547619047619048
Right,random,Ang,PTT,HTL,7,0.05,1,401,84,40,11,none-Ang-HSsrc,nothing,,0.5056143908667567,0.21235521235521235,0.6547619047619048
Right,random,Ang,PTT,HTL,7,0.05,1,401,84,40,11,none-Ang-PCA,arc segments,64.0,0.4220369535826949,0.14634146341463414,0.2857142857142857
Right,random,Ang,PTT,HTL,7,0.05,1,401,84,40,11,QOTu-Ang-HS4,arc labels,,0.6194419408141806,0.3416666666666667,0.4880952380952381
Right,random,Ang,PTT,HTL,7,0.05,1,401,84,40,11,QOTu-Ang-HSsrc,arc segments,,0.6190851735015772,0.336,0.5
Right,random,Ang,PTT,HTL,7,0.05,1,401,84,40,11,QOTu-Ang-PCA,arc segments,64.0,0.5393570677482349,0.24096385542168675,0.47619047619047616
Right,random,Ang,PTT,HTL,7,0.05,1,401,84,40,11,QOTc-Ang-HS4,arc labels,,0.5211431575784888,0.2261904761904762,0.4523809523809524
Right,random,Ang,PTT,HTL,7,0.05,1,401,84,40,11,QOTc-Ang-HSsrc,arc labels,,0.6316846928045666,0.27547169811320754,0.8690476190476191
Right,random,Ang,PTT,HTL,7,0.05,1,401,84,40,11,QOTc-Ang-PCA,arc labels,64.0,0.5311138651044014,0.23295454545454544,0.4880952380952381
Right,random,Ang,PTT,HTL,7,0.05,1,401,84,40,11,SDM-Ang-HS4,arc labels,,0.5095951629863302,0.21739130434782608,0.4166666666666667
Right,random,Ang,PTT,HTL,7,0.05,1,401,84,40,11,SDM-Ang-HSsrc,arc labels,,0.5598617996094337,0.26143790849673204,0.47619047619047616
Right,random,Ang,PTT,HTL,7,0.05,1,401,84,40,11,SDM-Ang-PCA,arc labels,64.0,0.5009013068949977,0.21052631578947367,0.2857142857142857
Right,random,Ang,PTT,HTL,7,0.1,1,401,84,80,18,NoAdapt,nothing,,0.5592797055730809,0.23333333333333334,0.9166666666666666
Right,random,Ang,PTT,HTL,7,0.1,1,401,84,80,18,TargetOnly,arc labels,,0.5315269640979421,0.2421875,0.36904761904761907
Right,random,Ang,PTT,HTL,7,0.1,1,401,84,80,18,Source+Target,arc labels,,0.5529705573080967,0.23053892215568864,0.9166666666666666
Right,random,Ang,PTT,HTL,7,0.1,1,401,84,80,18,COT,arc labels,,0.5377610034550098,0.2253968253968254,0.8452380952380952
Right,random,Ang,PTT,HTL,7,0.1,1,401,84,80,18,none-Ang-HS4,arc labels,,0.5182326873967252,0.21912350597609562,0.6547619047619048
Right,random,Ang,PTT,HTL,7,0.1,1,401,84,80,18,none-Ang-HSsrc,nothing,,0.5056143908667567,0.21235521235521235,0.6547619047619048
Right,random,Ang,PTT,HTL,7,0.1,1,401,84,80,18,none-Ang-PCA,arc segments,64.0,0.4137937509388614,0.14367816091954022,0.2976190476190476
Right,random,Ang,PTT,HTL,7,0.1,1,401,84,80,18,QOTu-Ang-HS4,arc labels,,0.6253943217665615,0.34710743801652894,0.5
Right,random,Ang,PTT,HTL,7,0.1,1,401,84,80,18,QOTu-Ang-HSsrc,arc segments,,0.6143533123028391,0.328125,0.5
Right,random,Ang,PTT,HTL,7,0.1,1,401,84,80,18,QOTu-Ang-PCA,arc segments,64.0,0.5429622953282259,0.23529411764705882,0.6190476190476191
Right,random,Ang,PTT,HTL,7,0.1,1,401,84,80,18,QOTc-Ang-HS4,arc labels,,0.4648302538681087,0.168141592920354,0.2261904761904762
Right,random,Ang,PTT,HTL,7,0.1,1,401,84,80,18,QOTc-Ang-HSsrc,arc labels,,0.6126070301937809,0.26744186046511625,0.8214285714285714
Right,random,Ang,PTT,HTL,7,0.1,1,401,84,80,18,QOTc-Ang-PCA,arc labels,64.0,0.5175942616794352,0.24285714285714285,0.20238095238095238
Right,random,Ang,PTT,HTL,7,0.1,1,401,84,80,18,SDM-Ang-HS4,arc labels,,0.5713159080666967,0.30612244897959184,0.35714285714285715
Right,random,Ang,PTT,HTL,7,0.1,1,401,84,80,18,SDM-Ang-HSsrc,arc labels,,0.5229269941415052,0.23076923076923078,0.39285714285714285
Right,random,Ang,PTT,HTL,7,0.1,1,401,84,80,18,SDM-Ang-PCA,arc labels,32.0,0.5024785939612437,0.21238938053097345,0.2857142857142857
Right,random,Ang,PTT,HTL,7,0.2,1,401,84,161,39,NoAdapt,nothing,,0.5592797055730809,0.23333333333333334,0.9166666666666666
Right,random,Ang,PTT,HTL,7,0.2,1,401,84,161,39,TargetOnly,arc labels,,0.5087314105452907,0.21710526315789475,0.39285714285714285
Right,random,Ang,PTT,HTL,7,0.2,1,401,84,161,39,Source+Target,arc labels,,0.5450841219768664,0.22713864306784662,0.9166666666666666
Right,random,Ang,PTT,HTL,7,0.2,1,401,84,161,39,COT,arc labels,,0.5024222622803064,0.21153846153846154,0.39285714285714285
Right,random,Ang,PTT,HTL,7,0.2,1,401,84,161,39,none-Ang-HS4,arc labels,,0.5166554003304792,0.21825396825396826,0.6547619047619048
Right,random,Ang,PTT,HTL,7,0.2,1,401,84,161,39,none-Ang-HSsrc,nothing,,0.5056143908667567,0.21235521235521235,0.6547619047619048
Right,random,Ang,PTT,HTL,7,0.2,1,401,84,161,39,none-Ang-PCA,arc segments,64.0,0.4272757999098693,0.15428571428571428,0.32142857142857145
Right,random,Ang,PTT,HTL,7,0.2,1,401,84,161,39,QOTu-Ang-HS4,arc labels,,0.612776025236593,0.32558139534883723,0.5
Right,random,Ang,PTT,HTL,7,0.2,1,401,84,161,39,QOTu-Ang-HSsrc,arc segments,,0.6143533123028391,0.328125,0.5
Right,random,Ang,PTT,HTL,7,0.2,1,401,84,161,39,QOTu-Ang-PCA,arc segments,64.0,0.48516599068649546,0.20087336244541484,0.5476190476190477
Right,random,Ang,PTT,HTL,7,0.2,1,401,84,161,39,QOTc-Ang-HS4,arc labels,,0.4877196935556557,0.1986754966887417,0.35714285714285715
Right,random,Ang,PTT,HTL,7,0.2,1,401,84,161,39,QOTc-Ang-HSsrc,arc labels,,0.6183528616493916,0.26501766784452296,0.8928571428571429
Right,random,Ang,PTT,HTL,7,0.2,1,401,84,161,39,QOTc-Ang-PCA,arc labels,64.0,0.4984039357067748,0.2080536912751678,0.36904761904761907
Right,random,Ang,PTT,HTL,7,0.2,1,401,84,161,39,SDM-Ang-HS4,arc labels,,0.540784136998648,0.2465753424657534,0.42857142857142855
Right,random,Ang,PTT,HTL,7,0.2,1,401,84,161,39,SDM-Ang-HSsrc,arc labels,,0.5803101997896951,0.2677595628415301,0.5833333333333334
Right,random,Ang,PTT,HTL,7,0.2,1,401,84,161,39,SDM-Ang-PCA,arc labels,64.0,0.47530794652245756,0.18518518518518517,0.2976190476190476
Right,random,Ang,PTT,HTL,7,0.3,1,401,84,241,54,NoAdapt,nothing,,0.5592797055730809,0.23333333333333334,0.9166666666666666
Right,random,Ang,PTT,HTL,7,0.3,1,401,84,241,54,TargetOnly,arc labels,,0.5099519302989335,0.21794871794871795,0.40476190476190477
Right,random,Ang,PTT,HTL,7,0.3,1,401,84,241,54,Source+Target,arc labels,,0.5403522607781283,0.22514619883040934,0.9166666666666666
Right,random,Ang,PTT,HTL,7,0.3,1,401,84,241,54,COT,arc labels,,0.49001051524710826,0.2,0.3333333333333333
Right,random,Ang,PTT,HTL,7,0.3,1,401,84,241,54,none-Ang-HS4,arc labels,,0.5170121676430826,0.21862348178137653,0.6428571428571429
Right,random,Ang,PTT,HTL,7,0.3,1,401,84,241,54,none-Ang-HSsrc,nothing,,0.5056143908667567,0.21235521235521235,0.6547619047619048
Right,random,Ang,PTT,HTL,7,0.3,1,401,84,241,54,none-Ang-PCA,arc segments,64.0,0.4134369836262581,0.1452513966480447,0.30952380952380953
Right,random,Ang,PTT,HTL,7,0.3,1,401,84,241,54,QOTu-Ang-HS4,arc labels,,0.6241738020129187,0.3504273504273504,0.4880952380952381
Right,random,Ang,PTT,HTL,7,0.3,1,401,84,241,54,QOTu-Ang-HSsrc,arc segments,,0.6301261829652998,0.3559322033898305,0.5
Right,random,Ang,PTT,HTL,7,0.3,1,401,84,241,54,QOTu-Ang-PCA,arc segments,64.0,0.48572930749586896,0.2,0.47619047619047616
Right,random,Ang,PTT,HTL,7,0.3,1,401,84,241,54,QOTc-Ang-HS4,arc labels,,0.4929585398828301,0.2037037037037037,0.39285714285714285
Right,random,Ang,PTT,HTL,7,0.3,1,401,84,241,54,QOTc-Ang-HSsrc,arc labels,,0.6265960642932251,0.27106227106227104,0.8809523809523809
Right,random,Ang,PTT,HTL,7,0.3,1,401,84,241,54,QOTc-Ang-PCA,arc labels,64.0,0.5168243953732913,0.22764227642276422,0.3333333333333333
Right,random,Ang,PTT,HTL,7,0.3,1,401,84,241,54,SDM-Ang-HS4,arc labels,,0.5455159981973862,0.2517482517482518,0.42857142857142855
Right,random,Ang,PTT,HTL,7,0.3,1,401,84,241,54,SDM-Ang-HSsrc,arc labels,,0.5775123929698063,0.26666666666666666,0.5714285714285714
Right,random,Ang,PTT,HTL,7,0.3,1,401,84,241,54,SDM-Ang-PCA,arc labels,64.0,0.5590543788493315,0.2871287128712871,0.34523809523809523
Right,random,Ang,PTT,HTL,7,0.5,1,401,84,391,82,NoAdapt,nothing,,0.5592797055730809,0.23333333333333334,0.9166666666666666
Right,random,Ang,PTT,HTL,7,0.5,1,401,84,391,82,TargetOnly,arc labels,,0.5393570677482349,0.24096385542168675,0.47619047619047616
Right,random,Ang,PTT,HTL,7,0.5,1,401,84,391,82,Source+Target,arc labels,,0.5403522607781283,0.22514619883040934,0.9166666666666666
Right,random,Ang,PTT,HTL,7,0.5,1,401,84,391,82,COT,arc labels,,0.4871563767462821,0.2,0.42857142857142855
Right,random,Ang,PTT,HTL,7,0.5,1,401,84,391,82,none-Ang-HS4,arc labels,,0.5170121676430826,0.21862348178137653,0.6428571428571429
Right,random,Ang,PTT,HTL,7,0.5,1,401,84,391,82,none-Ang-HSsrc,nothing,,0.5056143908667567,0.21235521235521235,0.6547619047619048
Right,random,Ang,PTT,HTL,7,0.5,1,401,84,391,82,none-Ang-PCA,arc segments,64.0,0.41745531019978965,0.15053763440860216,0.3333333333333333
Right,random,Ang,PTT,HTL,7,0.5,1,401,84,391,82,QOTu-Ang-HS4,arc labels,,0.6241738020129187,0.3504273504273504,0.4880952380952381
Right,random,Ang,PTT,HTL,7,0.5,1,401,84,391,82,QOTu-Ang-HSsrc,arc segments,,0.6301261829652998,0.3559322033898305,0.5
Right,random,Ang,PTT,HTL,7,0.5,1,401,84,391,82,QOTu-Ang-PCA,arc segments,64.0,0.5165615141955836,0.22105263157894736,0.5
Right,random,Ang,PTT,HTL,7,0.5,1,401,84,391,82,QOTc-Ang-HS4,arc labels,,0.5000751089079165,0.20952380952380953,0.5238095238095238
Right,random,Ang,PTT,HTL,7,0.5,1,401,84,391,82,QOTc-Ang-HSsrc,arc labels,,0.6115367282559712,0.26373626373626374,0.8571428571428571
Right,random,Ang,PTT,HTL,7,0.5,1,401,84,391,82,QOTc-Ang-PCA,arc labels,64.0,0.4999812227730209,0.20945945945945946,0.36904761904761907
Right,random,Ang,PTT,HTL,7,0.5,1,401,84,391,82,SDM-Ang-HS4,arc labels,,0.5761416554003305,0.27388535031847133,0.5119047619047619
Right,random,Ang,PTT,HTL,7,0.5,1,401,84,391,82,SDM-Ang-HSsrc,arc labels,,0.5932852636322667,0.2823529411764706,0.5714285714285714
Right,random,Ang,PTT,HTL,7,0.5,1,401,84,391,82,SDM-Ang-PCA,arc labels,64.0,0.5196222021931801,0.23015873015873015,0.34523809523809523
Right,random,Ang,PTT,RTT,0,0.05,1,2129,47,213,3,NoAdapt,nothing,,0.5054264516524618,0.029411764705882353,0.0425531914893617
Right,random,Ang,PTT,RTT,0,0.05,1,2129,47,213,3,TargetOnly,arc labels,,0.622176916630899,0.03886397608370702,0.5531914893617021
Right,random,Ang,PTT,RTT,0,0.05,1,2129,47,213,3,Source+Target,arc labels,,0.5045373720031885,0.02564102564102564,0.06382978723404255
Right,random,Ang,PTT,RTT,0,0.05,1,2129,47,213,3,COT,arc labels,,0.46521348130888873,0.01948051948051948,0.5106382978723404
Right,random,Ang,PTT,RTT,0,0.05,1,2129,47,213,3,none-Ang-HS4,arc labels,,0.5259110511578474,0.10714285714285714,0.06382978723404255
Right,random,Ang,PTT,RTT,0,0.05,1,2129,47,213,3,none-Ang-HSsrc,nothing,,0.5266315122529482,0.12,0.06382978723404255
Right,random,Ang,PTT,RTT,0,0.05,1,2129,47,213,3,none-Ang-PCA,arc segments,4.0,0.5266315122529482,0.12,0.06382978723404255
Right,random,Ang,PTT,RTT,0,0.05,1,2129,47,213,3,QOTu-Ang-HS4,arc labels,,0.5224262677049482,0.02973977695167286,0.1702127659574468
Right,random,Ang,PTT,RTT,0,0.05,1,2129,47,213,3,QOTu-Ang-HSsrc,arc segments,,0.5204335029738181,0.03017241379310345,0.14893617021276595
Right,random,Ang,PTT,RTT,0,0.05,1,2129,47,213,3,QOTu-Ang-PCA,arc segments,4.0,0.5340967155149509,0.03215434083601286,0.2127659574468085
Right,random,Ang,PTT,RTT,0,0.05,1,2129,47,213,3,QOTc-Ang-HS4,arc labels,,0.5338310135508002,0.029017857142857144,0.2765957446808511
Right,random,Ang,PTT,RTT,0,0.05,1,2129,47,213,3,QOTc-Ang-HSsrc,arc labels,,0.5538455249657653,0.02510716472749541,0.8723404255319149
Right,random,Ang,PTT,RTT,0,0.05,1,2129,47,213,3,QOTc-Ang-PCA,arc labels,32.0,0.4024720501972326,0.005535055350553505,0.06382978723404255
Right,random,Ang,PTT,RTT,0,0.05,1,2129,47,213,3,SDM-Ang-HS4,arc labels,,0.3713951396979173,0.006561679790026247,0.10638297872340426
Right,random,Ang,PTT,RTT,0,0.05,1,2129,47,213,3,SDM-Ang-HSsrc,arc labels,,0.46876469025282563,0.020147750167897917,0.6382978723404256
Right,random,Ang,PTT,RTT,0,0.05,1,2129,47,213,3,SDM-Ang-PCA,arc labels,64.0,0.4686318392707503,0.016227180527383367,0.1702127659574468
Right,random,Ang,PTT,RTT,0,0.1,1,2129,47,426,8,NoAdapt,nothing,,0.5054264516524618,0.029411764705882353,0.0425531914893617
Right,random,Ang,PTT,RTT,0,0.1,1,2129,47,426,8,TargetOnly,arc labels,,0.754327876223762,0.059967585089141004,0.7872340425531915
Right,random,Ang,PTT,RTT,0,0.1,1,2129,47,426,8,Source+Target,arc labels,,0.5459613301449098,0.04678362573099415,0.1702127659574468
Right,random,Ang,PTT,RTT,0,0.1,1,2129,47,426,8,COT,arc labels,,0.6710200911562123,0.04106280193236715,0.723404255319149
Right,random,Ang,PTT,RTT,0,0.1,1,2129,47,426,8,none-Ang-HS4,arc labels,,0.5259110511578474,0.10714285714285714,0.06382978723404255
Right,random,Ang,PTT,RTT,0,0.1,1,2129,47,426,8,none-Ang-HSsrc,nothing,,0.5266315122529482,0.12,0.06382978723404255
Right,random,Ang,PTT,RTT,0,0.1,1,2129,47,426,8,none-Ang-PCA,arc segments,32.0,0.4615958468739142,0.014675052410901468,0.14893617021276595
Right,random,Ang,PTT,RTT,0,0.1,1,2129,47,426,8,QOTu-Ang-HS4,arc labels,,0.5200247307212786,0.02867383512544803,0.1702127659574468
Right,random,Ang,PTT,RTT,0,0.1,1,2129,47,426,8,QOTu-Ang-HSsrc,arc segments,,0.5245876509902507,0.03076923076923077,0.1702127659574468
Right,random,Ang,PTT,RTT,0,0.1,1,2129,47,426,8,QOTu-Ang-PCA,arc segments,64.0,0.526815459766591,0.025367156208277702,0.40425531914893614
Right,random,Ang,PTT,RTT,0,0.1,1,2129,47,426,8,QOTc-Ang-HS4,arc labels,,0.7174923866167964,0.07107843137254902,0.6170212765957447
Right,random,Ang,PTT,RTT,0,0.1,1,2129,47,426,8,QOTc-Ang-HSsrc,arc labels,,0.452168536799722,0.01948051948051948,0.7021276595744681
Right,random,Ang,PTT,RTT,0,0.1,1,2129,47,426,8,QOTc-Ang-PCA,arc labels,64.0,0.5164428638584013,0.024549918166939442,0.3191489361702128
Right,random,Ang,PTT,RTT,0,0.1,1,2129,47,426,8,SDM-Ang-HS4,arc labels,,0.520576573262207,0.027950310559006212,0.19148936170212766
Right,random,Ang,PTT,RTT,0,0.1,1,2129,47,426,8,SDM-Ang-HSsrc,arc labels,,0.4160535082878574,0.016869095816464237,0.5319148936170213
Right,random,Ang,PTT,RTT,0,0.1,1,2129,47,426,8,SDM-Ang-PCA,arc labels,32.0,0.4762656610869254,0.019099590723055934,0.2978723404255319
Right,random,Ang,PTT,RTT,0,0.2,1,2129,47,852,12,NoAdapt,nothing,,0.5054264516524618,0.029411764705882353,0.0425531914893617
Right,random,Ang,PTT,RTT,0,0.2,1,2129,47,852,12,TargetOnly,arc labels,,0.8224804300284096,0.07107438016528926,0.9148936170212766
Right,random,Ang,PTT,RTT,0,0.2,1,2129,47,852,12,Source+Target,arc labels,,0.6597635252519058,0.07342657342657342,0.44680851063829785
Right,random,Ang,PTT,RTT,0,0.2,1,2129,47,852,12,COT,arc labels,,0.7117695750812435,0.040337711069418386,0.9148936170212766
Right,random,Ang,PTT,RTT,0,0.2,1,2129,47,852,12,none-Ang-HS4,arc labels,,0.5247102826660126,0.09090909090909091,0.06382978723404255
Right,random,Ang,PTT,RTT,0,0.2,1,2129,47,852,12,none-Ang-HSsrc,nothing,,0.5266315122529482,0.12,0.06382978723404255
Right,random,Ang,PTT,RTT,0,0.2,1,2129,47,852,12,none-Ang-PCA,arc segments,32.0,0.5455781061581539,0.07317073170731707,0.1276595744680851
Right,random,Ang,PTT,RTT,0,0.2,1,2129,47,852,12,QOTu-Ang-HS4,arc labels,,0.5244190324360782,0.029411764705882353,0.19148936170212766
Right,random,Ang,PTT,RTT,0,0.2,1,2129,47,852,12,QOTu-Ang-HSsrc,arc segments,,0.5244190324360782,0.029411764705882353,0.19148936170212766
Right,random,Ang,PTT,RTT,0,0.2,1,2129,47,852,12,QOTu-Ang-PCA,arc segments,64.0,0.5734052772497803,0.03423423423423423,0.40425531914893614
Right,random,Ang,PTT,RTT,0,0.2,1,2129,47,852,12,QOTc-Ang-HS4,arc labels,,0.634041531260858,0.045368620037807186,0.5106382978723404
Right,random,Ang,PTT,RTT,0,0.2,1,2129,47,852,12,QOTc-Ang-HSsrc,arc labels,,0.4604666135262738,0.015180265654648957,0.1702127659574468
Right,random,Ang,PTT,RTT,0,0.2,1,2129,47,852,12,QOTc-Ang-PCA,arc labels,64.0,0.5628436241747911,0.06164383561643835,0.19148936170212766
Right,random,Ang,PTT,RTT,0,0.2,1,2129,47,852,12,SDM-Ang-HS4,arc labels,,0.5830369734502422,0.04221635883905013,0.3404255319148936
Right,random,Ang,PTT,RTT,0,0.2,1,2129,47,852,12,SDM-Ang-HSsrc,arc labels,,0.4786825270300652,0.020763563295378432,0.6595744680851063
Right,random,Ang,PTT,RTT,0,0.2,1,2129,47,852,12,SDM-Ang-PCA,arc labels,32.0,0.5085893269564862,0.023222060957910014,0.3404255319148936
Right,random,Ang,PTT,RTT,0,0.3,1,2129,47,1278,20,NoAdapt,nothing,,0.5054264516524618,0.029411764705882353,0.0425531914893617
Right,random,Ang,PTT,RTT,0,0.3,1,2129,47,1278,20,TargetOnly,arc labels,,0.8717119381936353,0.1075,0.9148936170212766
Right,random,Ang,PTT,RTT,0,0.3,1,2129,47,1278,20,Source+Target,arc labels,,0.7627843521981728,0.1,0.6595744680851063
Right,random,Ang,PTT,RTT,0,0.3,1,2129,47,1278,20,COT,arc labels,,0.7453962025057739,0.06976744186046512,0.7021276595744681
Right,random,Ang,PTT,RTT,0,0.3,1,2129,47,1278,20,none-Ang-HS4,arc labels,,0.5031935332229648,0.03125,0.02127659574468085
Right,random,Ang,PTT,RTT,0,0.3,1,2129,47,1278,20,none-Ang-HSsrc,nothing,,0.5266315122529482,0.12,0.06382978723404255
Right,random,Ang,PTT,RTT,0,0.3,1,2129,47,1278,20,none-Ang-PCA,arc segments,32.0,0.5859699143622131,0.10526315789473684,0.2127659574468085
Right,random,Ang,PTT,RTT,0,0.3,1,2129,47,1278,20,QOTu-Ang-HS4,arc labels,,0.5234584176426105,0.02903225806451613,0.19148936170212766
Right,random,Ang,PTT,RTT,0,0.3,1,2129,47,1278,20,QOTu-Ang-HSsrc,arc segments,,0.5139493531179103,0.02702702702702703,0.14893617021276595
Right,random,Ang,PTT,RTT,0,0.3,1,2129,47,1278,20,QOTu-Ang-PCA,arc segments,4.0,0.5268921045639422,0.02932551319648094,0.2127659574468085
Right,random,Ang,PTT,RTT,0,0.3,1,2129,47,1278,20,QOTc-Ang-HS4,arc labels,,0.7082950109346577,0.06982543640897755,0.5957446808510638
Right,random,Ang,PTT,RTT,0,0.3,1,2129,47,1278,20,QOTc-Ang-HSsrc,arc labels,,0.4734349132380894,0.016913319238900635,0.1702127659574468
Right,random,Ang,PTT,RTT,0,0.3,1,2129,47,1278,20,QOTc-Ang-PCA,arc labels,64.0,0.7281817810207043,0.17518248175182483,0.5106382978723404
Right,random,Ang,PTT,RTT,0,0.3,1,2129,47,1278,20,SDM-Ang-HS4,arc labels,,0.7094957794264924,0.0707070707070707,0.5957446808510638
Right,random,Ang,PTT,RTT,0,0.3,1,2129,47,1278,20,SDM-Ang-HSsrc,arc labels,,0.47508022155456087,0.020557029177718834,0.6595744680851063
Right,random,Ang,PTT,RTT,0,0.3,1,2129,47,1278,20,SDM-Ang-PCA,arc labels,32.0,0.6236893739652953,0.038135593220338986,0.574468085106383
Right,random,Ang,PTT,RTT,0,0.5,1,2129,47,2118,35,NoAdapt,nothing,,0.5054264516524618,0.029411764705882353,0.0425531914893617
Right,random,Ang,PTT,RTT,0,0.5,1,2129,47,2118,35,TargetOnly,arc labels,,0.8390510352157295,0.08022388059701492,0.9148936170212766
Right,random,Ang,PTT,RTT,0,0.5,1,2129,47,2118,35,Source+Target,arc labels,,0.8329296707339506,0.11343283582089553,0.8085106382978723
Right,random,Ang,PTT,RTT,0,0.5,1,2129,47,2118,35,COT,arc labels,,0.7464998875876305,0.0626118067978533,0.7446808510638298
Right,random,Ang,PTT,RTT,0,0.5,1,2129,47,2118,35,none-Ang-HS4,arc labels,,0.4925552353506244,0.0,0.0
Right,random,Ang,PTT,RTT,0,0.5,1,2129,47,2118,35,none-Ang-HSsrc,nothing,,0.5266315122529482,0.12,0.06382978723404255
Right,random,Ang,PTT,RTT,0,0.5,1,2129,47,2118,35,none-Ang-PCA,arc segments,32.0,0.5803748441555787,0.1232876712328767,0.19148936170212766
Right,random,Ang,PTT,RTT,0,0.5,1,2129,47,2118,35,QOTu-Ang-HS4,arc labels,,0.5234584176426105,0.02903225806451613,0.19148936170212766
Right,random,Ang,PTT,RTT,0,0.5,1,2129,47,2118,35,QOTu-Ang-HSsrc,arc segments,,0.5244190324360782,0.029411764705882353,0.19148936170212766
Right,random,Ang,PTT,RTT,0,0.5,1,2129,47,2118,35,QOTu-Ang-PCA,arc segments,64.0,0.5417560855969097,0.03132530120481928,0.2765957446808511
Right,random,Ang,PTT,RTT,0,0.5,1,2129,47,2118,35,QOTc-Ang-HS4,arc labels,,0.7550023504404522,0.07621247113163972,0.7021276595744681
Right,random,Ang,PTT,RTT,0,0.5,1,2129,47,2118,35,QOTc-Ang-HSsrc,arc labels,,0.49384797759928056,0.020618556701030927,0.1702127659574468
Right,random,Ang,PTT,RTT,0,0.5,1,2129,47,2118,35,QOTc-Ang-PCA,arc labels,64.0,0.7638420504016188,0.13488372093023257,0.6170212765957447
Right,random,Ang,PTT,RTT,0,0.5,1,2129,47,2118,35,SDM-Ang-HS4,arc labels,,0.7753183313916652,0.07972665148063782,0.7446808510638298
Right,random,Ang,PTT,RTT,0,0.5,1,2129,47,2118,35,SDM-Ang-HSsrc,arc labels,,0.48523821203016737,0.021178027796161483,0.6808510638297872
Right,random,Ang,PTT,RTT,0,0.5,1,2129,47,2118,35,SDM-Ang-PCA,arc labels,64.0,0.7577411245324668,0.09365558912386707,0.6595744680851063
Right,random,Ang,PTT,RTT,1,0.05,1,2129,8,213,8,NoAdapt,nothing,,0.46322489391796323,0.0,0.0
Right,random,Ang,PTT,RTT,1,0.05,1,2129,8,213,8,TargetOnly,arc labels,,0.586103253182461,0.011976047904191617,0.25
Right,random,Ang,PTT,RTT,1,0.05,1,2129,8,213,8,Source+Target,arc labels,,0.5111091466289486,0.0045662100456621,0.125
Right,random,Ang,PTT,RTT,1,0.05,1,2129,8,213,8,COT,arc labels,,0.4491100895803866,0.002074688796680498,0.125
Right,random,Ang,PTT,RTT,1,0.05,1,2129,8,213,8,none-Ang-HS4,arc labels,,0.4735973597359736,0.0,0.0
Right,random,Ang,PTT,RTT,1,0.05,1,2129,8,213,8,none-Ang-HSsrc,nothing,,0.4735973597359736,0.0,0.0
Right,random,Ang,PTT,RTT,1,0.05,1,2129,8,213,8,none-Ang-PCA,arc segments,64.0,0.4450730787364451,0.0,0.0
Right,random,Ang,PTT,RTT,1,0.05,1,2129,8,213,8,QOTu-Ang-HS4,arc labels,,0.6733851956624234,0.0121580547112462,0.5
Right,random,Ang,PTT,RTT,1,0.05,1,2129,8,213,8,QOTu-Ang-HSsrc,arc segments,,0.6797501178689298,0.013245033112582781,0.5
Right,random,Ang,PTT,RTT,1,0.05,1,2129,8,213,8,QOTu-Ang-PCA,arc segments,4.0,0.7236268269684112,0.013089005235602094,0.625
Right,random,Ang,PTT,RTT,1,0.05,1,2129,8,213,8,QOTc-Ang-HS4,arc labels,,0.6030763790664782,0.021052631578947368,0.25
Right,random,Ang,PTT,RTT,1,0.05,1,2129,8,213,8,QOTc-Ang-HSsrc,arc labels,,0.6818717586044318,0.013651877133105802,0.5
Right,random,Ang,PTT,RTT,1,0.05,1,2129,8,213,8,QOTc-Ang-PCA,arc labels,64.0,0.49434229137199437,0.0,0.0
Right,random,Ang,PTT,RTT,1,0.05,1,2129,8,213,8,SDM-Ang-HS4,arc labels,,0.5471770391324846,0.015151515151515152,0.125
Right,random,Ang,PTT,RTT,1,0.05,1,2129,8,213,8,SDM-Ang-HSsrc,arc labels,,0.6748290900518623,0.008488964346349746,0.625
Right,random,Ang,PTT,RTT,1,0.05,1,2129,8,213,8,SDM-Ang-PCA,arc labels,64.0,0.4915134370579915,0.0,0.0
Right,random,Ang,PTT,RTT,1,0.1,1,2129,8,426,20,NoAdapt,nothing,,0.46322489391796323,0.0,0.0
Right,random,Ang,PTT,RTT,1,0.1,1,2129,8,426,20,TargetOnly,arc labels,,0.6669908062234795,0.03333333333333333,0.375
Right,random,Ang,PTT,RTT,1,0.1,1,2129,8,426,20,Source+Target,arc labels,,0.46346063177746344,0.0,0.0
Right,random,Ang,PTT,RTT,1,0.1,1,2129,8,426,20,COT,arc labels,,0.7165841584158417,0.008849557522123894,0.75
Right,random,Ang,PTT,RTT,1,0.1,1,2129,8,426,20,none-Ang-HS4,arc labels,,0.47336162187647335,0.0,0.0
Right,random,Ang,PTT,RTT,1,0.1,1,2129,8,426,20,none-Ang-HSsrc,nothing,,0.4735973597359736,0.0,0.0
Right,random,Ang,PTT,RTT,1,0.1,1,2129,8,426,20,none-Ang-PCA,arc segments,64.0,0.4453088165959453,0.0,0.0
Right,random,Ang,PTT,RTT,1,0.1,1,2129,8,426,20,QOTu-Ang-HS4,arc labels,,0.6769212635549269,0.012738853503184714,0.5
Right,random,Ang,PTT,RTT,1,0.1,1,2129,8,426,20,QOTu-Ang-HSsrc,arc segments,,0.6769212635549269,0.012738853503184714,0.5
Right,random,Ang,PTT,RTT,1,0.1,1,2129,8,426,20,QOTu-Ang-PCA,arc segments,64.0,0.4149280999528524,0.001594896331738437,0.125
Right,random,Ang,PTT,RTT,1,0.1,1,2129,8,426,20,QOTc-Ang-HS4,arc labels,,0.6554396511079679,0.02158273381294964,0.375
Right,random,Ang,PTT,RTT,1,0.1,1,2129,8,426,20,QOTc-Ang-HSsrc,arc labels,,0.7231553512494107,0.013020833333333334,0.625
Right,random,Ang,PTT,RTT,1,0.1,1,2129,8,426,20,QOTc-Ang-PCA,arc labels,64.0,0.4893917963224894,0.0,0.0
Right,random,Ang,PTT,RTT,1,0.1,1,2129,8,426,20,SDM-Ang-HS4,arc labels,,0.6115629420084865,0.03389830508474576,0.25
Right,random,Ang,PTT,RTT,1,0.1,1,2129,8,426,20,SDM-Ang-HSsrc,arc labels,,0.5571369636963697,0.00539568345323741,0.375
Right,random,Ang,PTT,RTT,1,0.1,1,2129,8,426,20,SDM-Ang-PCA,arc labels,64.0,0.4662894860914663,0.0,0.0
Right,random,Ang,PTT,RTT,1,0.2,1,2129,8,852,36,NoAdapt,nothing,,0.46322489391796323,0.0,0.0
Right,random,Ang,PTT,RTT,1,0.2,1,2129,8,852,36,TargetOnly,arc labels,,0.6646334276284771,0.03,0.375
Right,random,Ang,PTT,RTT,1,0.2,1,2129,8,852,36,Source+Target,arc labels,,0.46864686468646866,0.0,0.0
Right,random,Ang,PTT,RTT,1,0.2,1,2129,8,852,36,COT,arc labels,,0.556429750117869,0.005366726296958855,0.375
Right,random,Ang,PTT,RTT,1,0.2,1,2129,8,852,36,none-Ang-HS4,arc labels,,0.47336162187647335,0.0,0.0
Right,random,Ang,PTT,RTT,1,0.2,1,2129,8,852,36,none-Ang-HSsrc,nothing,,0.4735973597359736,0.0,0.0
Right,random,Ang,PTT,RTT,1,0.2,1,2129,8,852,36,none-Ang-PCA,arc segments,64.0,0.4448373408769448,0.0,0.0
Right,random,Ang,PTT,RTT,1,0.2,1,2129,8,852,36,QOTu-Ang-HS4,arc labels,,0.6769212635549269,0.012738853503184714,0.5
Right,random,Ang,PTT,RTT,1,0.2,1,2129,8,852,36,QOTu-Ang-HSsrc,arc segments,,0.6811645450259312,0.013513513513513514,0.5
Right,random,Ang,PTT,RTT,1,0.2,1,2129,8,852,36,QOTu-Ang-PCA,arc segments,64.0,0.4276579443658652,0.0017452006980802793,0.125
Right,random,Ang,PTT,RTT,1,0.2,1,2129,8,852,36,QOTc-Ang-HS4,arc labels,,0.6530822725129656,0.020134228187919462,0.375
Right,random,Ang,PTT,RTT,1,0.2,1,2129,8,852,36,QOTc-Ang-HSsrc,arc labels,,0.7335572842998586,0.009900990099009901,0.75
Right,random,Ang,PTT,RTT,1,0.2,1,2129,8,852,36,QOTc-Ang-PCA,arc labels,64.0,0.4507307873644507,0.0,0.0
Right,random,Ang,PTT,RTT,1,0.2,1,2129,8,852,36,SDM-Ang-HS4,arc labels,,0.48043375766148044,0.0,0.0
Right,random,Ang,PTT,RTT,1,0.2,1,2129,8,852,36,SDM-Ang-HSsrc,arc labels,,0.6410891089108911,0.008583690987124463,0.5
Right,random,Ang,PTT,RTT,1,0.2,1,2129,8,852,36,SDM-Ang-PCA,arc labels,64.0,0.5703088165959453,0.008547008547008548,0.25
Right,random,Ang,PTT,RTT,1,0.3,1,2129,8,1278,52,NoAdapt,nothing,,0.46322489391796323,0.0,0.0
Right,random,Ang,PTT,RTT,1,0.3,1,2129,8,1278,52,TargetOnly,arc labels,,0.6068481848184819,0.02531645569620253,0.25
Right,random,Ang,PTT,RTT,1,0.3,1,2129,8,1278,52,Source+Target,arc labels,,0.5332685054219708,0.008,0.125
Right,random,Ang,PTT,RTT,1,0.3,1,2129,8,1278,52,COT,arc labels,,0.5187116925978312,0.004172461752433936,0.375
Right,random,Ang,PTT,RTT,1,0.3,1,2129,8,1278,52,none-Ang-HS4,arc labels,,0.47336162187647335,0.0,0.0
Right,random,Ang,PTT,RTT,1,0.3,1,2129,8,1278,52,none-Ang-HSsrc,nothing,,0.4735973597359736,0.0,0.0
Right,random,Ang,PTT,RTT,1,0.3,1,2129,8,1278,52,none-Ang-PCA,arc segments,64.0,0.4436586515794437,0.0,0.0
Right,random,Ang,PTT,RTT,1,0.3,1,2129,8,1278,52,QOTu-Ang-HS4,arc labels,,0.6769212635549269,0.012738853503184714,0.5
Right,random,Ang,PTT,RTT,1,0.3,1,2129,8,1278,52,QOTu-Ang-HSsrc,arc segments,,0.6811645450259312,0.013513513513513514,0.5
Right,random,Ang,PTT,RTT,1,0.3,1,2129,8,1278,52,QOTu-Ang-PCA,arc segments,64.0,0.43944483734087697,0.0019120458891013384,0.125
Right,random,Ang,PTT,RTT,1,0.3,1,2129,8,1278,52,QOTc-Ang-HS4,arc labels,,0.5882248939179633,0.012658227848101266,0.25
Right,random,Ang,PTT,RTT,1,0.3,1,2129,8,1278,52,QOTc-Ang-HSsrc,arc labels,,0.6738861386138614,0.008431703204047217,0.625
Right,random,Ang,PTT,RTT,1,0.3,1,2129,8,1278,52,QOTc-Ang-PCA,arc labels,64.0,0.4677039132484677,0.0,0.0
Right,random,Ang,PTT,RTT,1,0.3,1,2129,8,1278,52,SDM-Ang-HS4,arc labels,,0.47053276756247053,0.0,0.0
Right,random,Ang,PTT,RTT,1,0.3,1,2129,8,1278,52,SDM-Ang-HSsrc,arc labels,,0.6281235266383781,0.007677543186180422,0.5
Right,random,Ang,PTT,RTT,1,0.3,1,2129,8,1278,52,SDM-Ang-PCA,arc labels,64.0,0.5686881188118812,0.005917159763313609,0.375
Right,random,Ang,PTT,RTT,1,0.5,1,2129,8,2106,73,NoAdapt,nothing,,0.46322489391796323,0.0,0.0
Right,random,Ang,PTT,RTT,1,0.5,1,2129,8,2106,73,TargetOnly,arc labels,,0.6077911362564827,0.02666666666666667,0.25
Right,random,Ang,PTT,RTT,1,0.5,1,2129,8,2106,73,Source+Target,arc labels,,0.5375117868929751,0.009345794392523364,0.125
Right,random,Ang,PTT,RTT,1,0.5,1,2129,8,2106,73,COT,arc labels,,0.5158828382838283,0.004103967168262654,0.375
Right,random,Ang,PTT,RTT,1,0.5,1,2129,8,2106,73,none-Ang-HS4,arc labels,,0.47336162187647335,0.0,0.0
Right,random,Ang,PTT,RTT,1,0.5,1,2129,8,2106,73,none-Ang-HSsrc,nothing,,0.4735973597359736,0.0,0.0
Right,random,Ang,PTT,RTT,1,0.5,1,2129,8,2106,73,none-Ang-PCA,arc segments,64.0,0.44130127298444133,0.0,0.0
Right,random,Ang,PTT,RTT,1,0.5,1,2129,8,2106,73,QOTu-Ang-HS4,arc labels,,0.6769212635549269,0.012738853503184714,0.5
Right,random,Ang,PTT,RTT,1,0.5,1,2129,8,2106,73,QOTu-Ang-HSsrc,arc segments,,0.6811645450259312,0.013513513513513514,0.5
Right,random,Ang,PTT,RTT,1,0.5,1,2129,8,2106,73,QOTu-Ang-PCA,arc segments,64.0,0.4493163602074493,0.0,0.0
Right,random,Ang,PTT,RTT,1,0.5,1,2129,8,2106,73,QOTc-Ang-HS4,arc labels,,0.6533180103724658,0.02027027027027027,0.375
Right,random,Ang,PTT,RTT,1,0.5,1,2129,8,2106,73,QOTc-Ang-HSsrc,arc labels,,0.7333215464403583,0.009884678747940691,0.75
Right,random,Ang,PTT,RTT,1,0.5,1,2129,8,2106,73,QOTc-Ang-PCA,arc labels,64.0,0.4684111268269684,0.0,0.0
Right,random,Ang,PTT,RTT,1,0.5,1,2129,8,2106,73,SDM-Ang-HS4,arc labels,,0.596004243281471,0.016,0.25
Right,random,Ang,PTT,RTT,1,0.5,1,2129,8,2106,73,SDM-Ang-HSsrc,arc labels,,0.5752887788778878,0.006263048016701462,0.375
Right,random,Ang,PTT,RTT,1,0.5,1,2129,8,2106,73,SDM-Ang-PCA,arc labels,64.0,0.5566360207449317,0.00684931506849315,0.25
Right,random,Ang,PTT,RTT,2,0.05,1,2129,6,213,7,NoAdapt,nothing,,0.44747998115873766,0.0,0.0
Right,random,Ang,PTT,RTT,2,0.05,1,2129,6,213,7,TargetOnly,arc labels,,0.8384754278536661,0.01483679525222552,0.8333333333333334
Right,random,Ang,PTT,RTT,2,0.05,1,2129,6,213,7,Source+Target,arc labels,,0.45101271785209607,0.0,0.0
Right,random,Ang,PTT,RTT,2,0.05,1,2129,6,213,7,COT,arc labels,,0.6707881928089182,0.004766444232602479,0.8333333333333334
Right,random,Ang,PTT,RTT,2,0.05,1,2129,6,213,7,none-Ang-HS4,arc labels,,0.45619406500235515,0.0,0.0
Right,random,Ang,PTT,RTT,2,0.05,1,2129,6,213,7,none-Ang-HSsrc,nothing,,0.45619406500235515,0.0,0.0
Right,random,Ang,PTT,RTT,2,0.05,1,2129,6,213,7,none-Ang-PCA,arc segments,64.0,0.448893075836081,0.0,0.0
Right,random,Ang,PTT,RTT,2,0.05,1,2129,6,213,7,QOTu-Ang-HS4,arc labels,,0.7996153242267232,0.0099601593625498,0.8333333333333334
Right,random,Ang,PTT,RTT,2,0.05,1,2129,6,213,7,QOTu-Ang-HSsrc,arc segments,,0.8097425027476841,0.010893246187363835,0.8333333333333334
Right,random,Ang,PTT,RTT,2,0.05,1,2129,6,213,7,QOTu-Ang-PCA,arc segments,32.0,0.7553383576699639,0.007246376811594203,0.8333333333333334
Right,random,Ang,PTT,RTT,2,0.05,1,2129,6,213,7,QOTc-Ang-HS4,arc labels,,0.7494897158109592,0.011111111111111112,0.6666666666666666
Right,random,Ang,PTT,RTT,2,0.05,1,2129,6,213,7,QOTc-Ang-HSsrc,arc labels,,0.7209923064845345,0.008316008316008316,0.6666666666666666
Right,random,Ang,PTT,RTT,2,0.05,1,2129,6,213,7,QOTc-Ang-PCA,arc labels,64.0,0.4599230648453446,0.0019047619047619048,0.16666666666666666
Right,random,Ang,PTT,RTT,2,0.05,1,2129,6,213,7,SDM-Ang-HS4,arc labels,,0.5428246192494898,0.005780346820809248,0.16666666666666666
Right,random,Ang,PTT,RTT,2,0.05,1,2129,6,213,7,SDM-Ang-HSsrc,arc labels,,0.32732768095462395,0.0009191176470588235,0.16666666666666666
Right,random,Ang,PTT,RTT,2,0.05,1,2129,6,213,7,SDM-Ang-PCA,arc labels,64.0,0.3770607630711258,0.0,0.0
Right,random,Ang,PTT,RTT,2,0.1,1,2129,6,426,19,NoAdapt,nothing,,0.44747998115873766,0.0,0.0
Right,random,Ang,PTT,RTT,2,0.1,1,2129,6,426,19,TargetOnly,arc labels,,0.8836944575286545,0.034482758620689655,0.8333333333333334
Right,random,Ang,PTT,RTT,2,0.1,1,2129,6,426,19,Source+Target,arc labels,,0.44112105511069244,0.0,0.0
Right,random,Ang,PTT,RTT,2,0.1,1,2129,6,426,19,COT,arc labels,,0.8188883655204899,0.007741935483870968,1.0
Right,random,Ang,PTT,RTT,2,0.1,1,2129,6,426,19,none-Ang-HS4,arc labels,,0.45619406500235515,0.0,0.0
Right,random,Ang,PTT,RTT,2,0.1,1,2129,6,426,19,none-Ang-HSsrc,nothing,,0.45619406500235515,0.0,0.0
Right,random,Ang,PTT,RTT,2,0.1,1,2129,6,426,19,none-Ang-PCA,arc segments,64.0,0.4232218558643429,0.0,0.0
Right,random,Ang,PTT,RTT,2,0.1,1,2129,6,426,19,QOTu-Ang-HS4,arc labels,,0.7993798084471659,0.009940357852882704,0.8333333333333334
Right,random,Ang,PTT,RTT,2,0.1,1,2129,6,426,19,QOTu-Ang-HSsrc,arc segments,,0.7998508400062805,0.00998003992015968,0.8333333333333334
Right,random,Ang,PTT,RTT,2,0.1,1,2129,6,426,19,QOTu-Ang-PCA,arc segments,64.0,0.4396294551734966,0.002070393374741201,0.3333333333333333
Right,random,Ang,PTT,RTT,2,0.1,1,2129,6,426,19,QOTc-Ang-HS4,arc labels,,0.5832940807034072,0.0056179775280898875,0.3333333333333333
Right,random,Ang,PTT,RTT,2,0.1,1,2129,6,426,19,QOTc-Ang-HSsrc,arc labels,,0.8073480923221856,0.007281553398058253,1.0
Right,random,Ang,PTT,RTT,2,0.1,1,2129,6,426,19,QOTc-Ang-PCA,arc labels,64.0,0.4698539802166745,0.0,0.0
Right,random,Ang,PTT,RTT,2,0.1,1,2129,6,426,19,SDM-Ang-HS4,arc labels,,0.5569555660229235,0.008849557522123894,0.16666666666666666
Right,random,Ang,PTT,RTT,2,0.1,1,2129,6,426,19,SDM-Ang-HSsrc,arc labels,,0.5778379651436647,0.004087193460490463,0.5
Right,random,Ang,PTT,RTT,2,0.1,1,2129,6,426,19,SDM-Ang-PCA,arc labels,64.0,0.4822578112733553,0.0025477707006369425,0.3333333333333333
Right,random,Ang,PTT,RTT,2,0.2,1,2129,6,852,32,NoAdapt,nothing,,0.44747998115873766,0.0,0.0
Right,random,Ang,PTT,RTT,2,0.2,1,2129,6,852,32,TargetOnly,arc labels,,0.8038938608886795,0.031007751937984496,0.6666666666666666
Right,random,Ang,PTT,RTT,2,0.2,1,2129,6,852,32,Source+Target,arc labels,,0.5298712513738421,0.0043859649122807015,0.16666666666666666
Right,random,Ang,PTT,RTT,2,0.2,1,2129,6,852,32,COT,arc labels,,0.8047574187470561,0.00718562874251497,1.0
Right,random,Ang,PTT,RTT,2,0.2,1,2129,6,852,32,none-Ang-HS4,arc labels,,0.45619406500235515,0.0,0.0
Right,random,Ang,PTT,RTT,2,0.2,1,2129,6,852,32,none-Ang-HSsrc,nothing,,0.45619406500235515,0.0,0.0
Right,random,Ang,PTT,RTT,2,0.2,1,2129,6,852,32,none-Ang-PCA,arc segments,64.0,0.4227508243052284,0.0,0.0
Right,random,Ang,PTT,RTT,2,0.2,1,2129,6,852,32,QOTu-Ang-HS4,arc labels,,0.7993798084471659,0.009940357852882704,0.8333333333333334
Right,random,Ang,PTT,RTT,2,0.2,1,2129,6,852,32,QOTu-Ang-HSsrc,arc segments,,0.7998508400062805,0.00998003992015968,0.8333333333333334
Right,random,Ang,PTT,RTT,2,0.2,1,2129,6,852,32,QOTu-Ang-PCA,arc segments,64.0,0.4549379808447166,0.0022197558268590455,0.3333333333333333
Right,random,Ang,PTT,RTT,2,0.2,1,2129,6,852,32,QOTc-Ang-HS4,arc labels,,0.7085492227979275,0.01675977653631285,0.5
Right,random,Ang,PTT,RTT,2,0.2,1,2129,6,852,32,QOTc-Ang-HSsrc,arc labels,,0.7845423143350605,0.0088339222614841,0.8333333333333334
Right,random,Ang,PTT,RTT,2,0.2,1,2129,6,852,32,QOTc-Ang-PCA,arc labels,64.0,0.45454545454545453,0.0,0.0
Right,random,Ang,PTT,RTT,2,0.2,1,2129,6,852,32,SDM-Ang-HS4,arc labels,,0.7073716439001413,0.016304347826086956,0.5
Right,random,Ang,PTT,RTT,2,0.2,1,2129,6,852,32,SDM-Ang-HSsrc,arc labels,,0.8038153556288271,0.007151370679380214,1.0
Right,random,Ang,PTT,RTT,2,0.2,1,2129,6,852,32,SDM-Ang-PCA,arc labels,64.0,0.4222405401161878,0.00145985401459854,0.16666666666666666
Right,random,Ang,PTT,RTT,2,0.3,1,2129,6,1278,47,NoAdapt,nothing,,0.44747998115873766,0.0,0.0
Right,random,Ang,PTT,RTT,2,0.3,1,2129,6,1278,47,TargetOnly,arc labels,,0.65277123567279,0.03278688524590164,0.3333333333333333
Right,random,Ang,PTT,RTT,2,0.3,1,2129,6,1278,47,Source+Target,arc labels,,0.5376432720992307,0.005128205128205128,0.16666666666666666
Right,random,Ang,PTT,RTT,2,0.3,1,2129,6,1278,47,COT,arc labels,,0.6821322028575915,0.006191950464396285,0.6666666666666666
Right,random,Ang,PTT,RTT,2,0.3,1,2129,6,1278,47,none-Ang-HS4,arc labels,,0.45595854922279794,0.0,0.0
Right,random,Ang,PTT,RTT,2,0.3,1,2129,6,1278,47,none-Ang-HSsrc,nothing,,0.45619406500235515,0.0,0.0
Right,random,Ang,PTT,RTT,2,0.3,1,2129,6,1278,47,none-Ang-PCA,arc segments,64.0,0.4472444653791804,0.0,0.0
Right,random,Ang,PTT,RTT,2,0.3,1,2129,6,1278,47,QOTu-Ang-HS4,arc labels,,0.7993798084471659,0.009940357852882704,0.8333333333333334
Right,random,Ang,PTT,RTT,2,0.3,1,2129,6,1278,47,QOTu-Ang-HSsrc,arc segments,,0.8097425027476841,0.010893246187363835,0.8333333333333334
Right,random,Ang,PTT,RTT,2,0.3,1,2129,6,1278,47,QOTu-Ang-PCA,arc segments,64.0,0.47613440100486737,0.002466091245376079,0.3333333333333333
Right,random,Ang,PTT,RTT,2,0.3,1,2129,6,1278,47,QOTc-Ang-HS4,arc labels,,0.710197833254828,0.01744186046511628,0.5
Right,random,Ang,PTT,RTT,2,0.3,1,2129,6,1278,47,QOTc-Ang-HSsrc,arc labels,,0.8271314178049929,0.008108108108108109,1.0
Right,random,Ang,PTT,RTT,2,0.3,1,2129,6,1278,47,QOTc-Ang-PCA,arc labels,64.0,0.5621369131731826,0.01098901098901099,0.16666666666666666
Right,random,Ang,PTT,RTT,2,0.3,1,2129,6,1278,47,SDM-Ang-HS4,arc labels,,0.7198539802166746,0.022900763358778626,0.5
Right,random,Ang,PTT,RTT,2,0.3,1,2129,6,1278,47,SDM-Ang-HSsrc,arc labels,,0.8082901554404145,0.007317073170731708,1.0
Right,random,Ang,PTT,RTT,2,0.3,1,2129,6,1278,47,SDM-Ang-PCA,arc labels,64.0,0.5387815983670906,0.003669724770642202,0.3333333333333333
Right,random,Ang,PTT,RTT,2,0.5,1,2129,6,2106,76,NoAdapt,nothing,,0.44747998115873766,0.0,0.0
Right,random,Ang,PTT,RTT,2,0.5,1,2129,6,2106,76,TargetOnly,arc labels,,0.6499450463181033,0.0273972602739726,0.3333333333333333
Right,random,Ang,PTT,RTT,2,0.5,1,2129,6,2106,76,Source+Target,arc labels,,0.5322264091694143,0.0045871559633027525,0.16666666666666666
Right,random,Ang,PTT,RTT,2,0.5,1,2129,6,2106,76,COT,arc labels,,0.5677107866227038,0.003861003861003861,0.5
Right,random,Ang,PTT,RTT,2,0.5,1,2129,6,2106,76,none-Ang-HS4,arc labels,,0.45595854922279794,0.0,0.0
Right,random,Ang,PTT,RTT,2,0.5,1,2129,6,2106,76,none-Ang-HSsrc,nothing,,0.45619406500235515,0.0,0.0
Right,random,Ang,PTT,RTT,2,0.5,1,2129,6,2106,76,none-Ang-PCA,arc segments,64.0,0.42133772962788507,0.0,0.0
Right,random,Ang,PTT,RTT,2,0.5,1,2129,6,2106,76,QOTu-Ang-HS4,arc labels,,0.7998508400062805,0.00998003992015968,0.8333333333333334
Right,random,Ang,PTT,RTT,2,0.5,1,2129,6,2106,76,QOTu-Ang-HSsrc,arc segments,,0.8097425027476841,0.010893246187363835,0.8333333333333334
Right,random,Ang,PTT,RTT,2,0.5,1,2129,6,2106,76,QOTu-Ang-PCA,arc segments,64.0,0.5409012403831056,0.0037313432835820895,0.3333333333333333
Right,random,Ang,PTT,RTT,2,0.5,1,2129,6,2106,76,QOTc-Ang-HS4,arc labels,,0.705016486104569,0.015463917525773196,0.5
Right,random,Ang,PTT,RTT,2,0.5,1,2129,6,2106,76,QOTc-Ang-HSsrc,arc labels,,0.8217145548751766,0.007863695937090432,1.0
Right,random,Ang,PTT,RTT,2,0.5,1,2129,6,2106,76,QOTc-Ang-PCA,arc labels,32.0,0.4712670748940179,0.0,0.0
Right,random,Ang,PTT,RTT,2,0.5,1,2129,6,2106,76,SDM-Ang-HS4,arc labels,,0.7273904851625059,0.030303030303030304,0.5
Right,random,Ang,PTT,RTT,2,0.5,1,2129,6,2106,76,SDM-Ang-HSsrc,arc labels,,0.8082901554404145,0.007317073170731708,1.0
Right,random,Ang,PTT,RTT,2,0.5,1,2129,6,2106,76,SDM-Ang-PCA,arc labels,64.0,0.6369524258125294,0.006211180124223602,0.5
Right,random,Ang,PTT,RTT,3,0.05,1,2129,6,213,7,NoAdapt,nothing,,0.44747998115873766,0.0,0.0
Right,random,Ang,PTT,RTT,3,0.05,1,2129,6,213,7,TargetOnly,arc labels,,0.6021353430679856,0.007246376811594203,0.3333333333333333
Right,random,Ang,PTT,RTT,3,0.05,1,2129,6,213,7,Source+Target,arc labels,,0.4437117286858219,0.0,0.0
Right,random,Ang,PTT,RTT,3,0.05,1,2129,6,213,7,COT,arc labels,,0.5067121997173811,0.0028957528957528956,0.5
Right,random,Ang,PTT,RTT,3,0.05,1,2129,6,213,7,none-Ang-HS4,arc labels,,0.45619406500235515,0.0,0.0
Right,random,Ang,PTT,RTT,3,0.05,1,2129,6,213,7,none-Ang-HSsrc,nothing,,0.45619406500235515,0.0,0.0
Right,random,Ang,PTT,RTT,3,0.05,1,2129,6,213,7,none-Ang-PCA,arc segments,4.0,0.45619406500235515,0.0,0.0
Right,random,Ang,PTT,RTT,3,0.05,1,2129,6,213,7,QOTu-Ang-HS4,arc labels,,0.7930208823991207,0.009433962264150943,0.8333333333333334
Right,random,Ang,PTT,RTT,3,0.05,1,2129,6,213,7,QOTu-Ang-HSsrc,arc segments,,0.7989087768880515,0.009900990099009901,0.8333333333333334
Right,random,Ang,PTT,RTT,3,0.05,1,2129,6,213,7,QOTu-Ang-PCA,arc segments,4.0,0.789252629926205,0.009157509157509158,0.8333333333333334
Right,random,Ang,PTT,RTT,3,0.05,1,2129,6,213,7,QOTc-Ang-HS4,arc labels,,0.6995996231747528,0.013824884792626729,0.5
Right,random,Ang,PTT,RTT,3,0.05,1,2129,6,213,7,QOTc-Ang-HSsrc,arc labels,,0.7640524415135814,0.007656967840735069,0.8333333333333334
Right,random,Ang,PTT,RTT,3,0.05,1,2129,6,213,7,QOTc-Ang-PCA,arc labels,64.0,0.49411210551106927,0.0,0.0
Right,random,Ang,PTT,RTT,3,0.05,1,2129,6,213,7,SDM-Ang-HS4,arc labels,,0.7577327680954624,0.012307692307692308,0.6666666666666666
Right,random,Ang,PTT,RTT,3,0.05,1,2129,6,213,7,SDM-Ang-HSsrc,arc labels,,0.7993405558172397,0.006993006993006993,1.0
Right,random,Ang,PTT,RTT,3,0.05,1,2129,6,213,7,SDM-Ang-PCA,arc labels,32.0,0.6428795729313864,0.019417475728155338,0.3333333333333333
Right,random,Ang,PTT,RTT,3,0.1,1,2129,6,426,12,NoAdapt,nothing,,0.44747998115873766,0.0,0.0
Right,random,Ang,PTT,RTT,3,0.1,1,2129,6,426,12,TargetOnly,arc labels,,0.6539488145705762,0.03571428571428571,0.3333333333333333
Right,random,Ang,PTT,RTT,3,0.1,1,2129,6,426,12,Source+Target,arc labels,,0.43617522373999057,0.0,0.0
Right,random,Ang,PTT,RTT,3,0.1,1,2129,6,426,12,COT,arc labels,,0.4258910346993248,0.002306805074971165,0.6666666666666666
Right,random,Ang,PTT,RTT,3,0.1,1,2129,6,426,12,none-Ang-HS4,arc labels,,0.45619406500235515,0.0,0.0
Right,random,Ang,PTT,RTT,3,0.1,1,2129,6,426,12,none-Ang-HSsrc,nothing,,0.45619406500235515,0.0,0.0
Right,random,Ang,PTT,RTT,3,0.1,1,2129,6,426,12,none-Ang-PCA,arc segments,4.0,0.45619406500235515,0.0,0.0
Right,random,Ang,PTT,RTT,3,0.1,1,2129,6,426,12,QOTu-Ang-HS4,arc labels,,0.7984377453289371,0.009861932938856016,0.8333333333333334
Right,random,Ang,PTT,RTT,3,0.1,1,2129,6,426,12,QOTu-Ang-HSsrc,arc segments,,0.7989087768880515,0.009900990099009901,0.8333333333333334
Right,random,Ang,PTT,RTT,3,0.1,1,2129,6,426,12,QOTu-Ang-PCA,arc segments,4.0,0.7885460825875334,0.009107468123861567,0.8333333333333334
Right,random,Ang,PTT,RTT,3,0.1,1,2129,6,426,12,QOTc-Ang-HS4,arc labels,,0.5376432720992307,0.005128205128205128,0.16666666666666666
Right,random,Ang,PTT,RTT,3,0.1,1,2129,6,426,12,QOTc-Ang-HSsrc,arc labels,,0.4574894017899199,0.0024096385542168677,0.5
Right,random,Ang,PTT,RTT,3,0.1,1,2129,6,426,12,QOTc-Ang-PCA,arc labels,32.0,0.458078191238813,0.0,0.0
Right,random,Ang,PTT,RTT,3,0.1,1,2129,6,426,12,SDM-Ang-HS4,arc labels,,0.6457057622860731,0.02197802197802198,0.3333333333333333
Right,random,Ang,PTT,RTT,3,0.1,1,2129,6,426,12,SDM-Ang-HSsrc,arc labels,,0.5507536504945831,0.0035335689045936395,0.5
Right,random,Ang,PTT,RTT,3,0.1,1,2129,6,426,12,SDM-Ang-PCA,arc labels,64.0,0.35986811116344797,0.0,0.0
Right,random,Ang,PTT,RTT,3,0.2,1,2129,6,852,31,NoAdapt,nothing,,0.44747998115873766,0.0,0.0
Right,random,Ang,PTT,RTT,3,0.2,1,2129,6,852,31,TargetOnly,arc labels,,0.6501805620976605,0.027777777777777776,0.3333333333333333
Right,random,Ang,PTT,RTT,3,0.2,1,2129,6,852,31,Source+Target,arc labels,,0.43617522373999057,0.0,0.0
Right,random,Ang,PTT,RTT,3,0.2,1,2129,6,852,31,COT,arc labels,,0.5924399434762129,0.004464285714285714,0.5
Right,random,Ang,PTT,RTT,3,0.2,1,2129,6,852,31,none-Ang-HS4,arc labels,,0.45595854922279794,0.0,0.0
Right,random,Ang,PTT,RTT,3,0.2,1,2129,6,852,31,none-Ang-HSsrc,nothing,,0.45619406500235515,0.0,0.0
Right,random,Ang,PTT,RTT,3,0.2,1,2129,6,852,31,none-Ang-PCA,arc segments,4.0,0.45619406500235515,0.0,0.0
Right,random,Ang,PTT,RTT,3,0.2,1,2129,6,852,31,QOTu-Ang-HS4,arc labels,,0.7989087768880515,0.009900990099009901,0.8333333333333334
Right,random,Ang,PTT,RTT,3,0.2,1,2129,6,852,31,QOTu-Ang-HSsrc,arc segments,,0.8088004396294552,0.01079913606911447,0.8333333333333334
Right,random,Ang,PTT,RTT,3,0.2,1,2129,6,852,31,QOTu-Ang-PCA,arc segments,4.0,0.7883105668079762,0.00909090909090909,0.8333333333333334
Right,random,Ang,PTT,RTT,3,0.2,1,2129,6,852,31,QOTc-Ang-HS4,arc labels,,0.613911132045847,0.008849557522123894,0.3333333333333333
Right,random,Ang,PTT,RTT,3,0.2,1,2129,6,852,31,QOTc-Ang-HSsrc,arc labels,,0.580193122939237,0.004143646408839779,0.5
Right,random,Ang,PTT,RTT,3,0.2,1,2129,6,852,31,QOTc-Ang-PCA,arc labels,32.0,0.44677343382006596,0.0,0.0
Right,random,Ang,PTT,RTT,3,0.2,1,2129,6,852,31,SDM-Ang-HS4,arc labels,,0.5569555660229235,0.008849557522123894,0.16666666666666666
Right,random,Ang,PTT,RTT,3,0.2,1,2129,6,852,31,SDM-Ang-HSsrc,arc labels,,0.8031088082901554,0.007125890736342043,1.0
Right,random,Ang,PTT,RTT,3,0.2,1,2129,6,852,31,SDM-Ang-PCA,arc labels,64.0,0.6833490343853038,0.01048951048951049,0.5
Right,random,Ang,PTT,RTT,3,0.3,1,2129,6,1278,50,NoAdapt,nothing,,0.44747998115873766,0.0,0.0
Right,random,Ang,PTT,RTT,3,0.3,1,2129,6,1278,50,TargetOnly,arc labels,,0.6494740147589888,0.02666666666666667,0.3333333333333333
Right,random,Ang,PTT,RTT,3,0.3,1,2129,6,1278,50,Source+Target,arc labels,,0.43900141309467733,0.0,0.0
Right,random,Ang,PTT,RTT,3,0.3,1,2129,6,1278,50,COT,arc labels,,0.5439629455173497,0.0038240917782026767,0.3333333333333333
Right,random,Ang,PTT,RTT,3,0.3,1,2129,6,1278,50,none-Ang-HS4,arc labels,,0.45619406500235515,0.0,0.0
Right,random,Ang,PTT,RTT,3,0.3,1,2129,6,1278,50,none-Ang-HSsrc,nothing,,0.45619406500235515,0.0,0.0
Right,random,Ang,PTT,RTT,3,0.3,1,2129,6,1278,50,none-Ang-PCA,arc segments,4.0,0.45171926519076777,0.0,0.0
Right,random,Ang,PTT,RTT,3,0.3,1,2129,6,1278,50,QOTu-Ang-HS4,arc labels,,0.7986732611084943,0.009881422924901186,0.8333333333333334
Right,random,Ang,PTT,RTT,3,0.3,1,2129,6,1278,50,QOTu-Ang-HSsrc,arc segments,,0.8088004396294552,0.01079913606911447,0.8333333333333334
Right,random,Ang,PTT,RTT,3,0.3,1,2129,6,1278,50,QOTu-Ang-PCA,arc segments,8.0,0.7920788192808919,0.009363295880149813,0.8333333333333334
Right,random,Ang,PTT,RTT,3,0.3,1,2129,6,1278,50,QOTc-Ang-HS4,arc labels,,0.6963024022609514,0.012987012987012988,0.5
Right,random,Ang,PTT,RTT,3,0.3,1,2129,6,1278,50,QOTc-Ang-HSsrc,arc labels,,0.8141780499293453,0.007547169811320755,1.0
Right,random,Ang,PTT,RTT,3,0.3,1,2129,6,1278,50,QOTc-Ang-PCA,arc labels,64.0,0.45148374941121056,0.0,0.0
Right,random,Ang,PTT,RTT,3,0.3,1,2129,6,1278,50,SDM-Ang-HS4,arc labels,,0.632281362851311,0.013513513513513514,0.3333333333333333
Right,random,Ang,PTT,RTT,3,0.3,1,2129,6,1278,50,SDM-Ang-HSsrc,arc labels,,0.8042863871879415,0.007168458781362007,1.0
Right,random,Ang,PTT,RTT,3,0.3,1,2129,6,1278,50,SDM-Ang-PCA,arc labels,64.0,0.6376589731512011,0.00625,0.5
Right,random,Ang,PTT,RTT,3,0.5,1,2129,6,2106,76,NoAdapt,nothing,,0.44747998115873766,0.0,0.0
Right,random,Ang,PTT,RTT,3,0.5,1,2129,6,2106,76,TargetOnly,arc labels,,0.6447636991678443,0.021052631578947368,0.3333333333333333
Right,random,Ang,PTT,RTT,3,0.5,1,2129,6,2106,76,Source+Target,arc labels,,0.5275160935782698,0.004201680672268907,0.16666666666666666
Right,random,Ang,PTT,RTT,3,0.5,1,2129,6,2106,76,COT,arc labels,,0.6411524572146334,0.004878048780487805,0.6666666666666666
Right,random,Ang,PTT,RTT,3,0.5,1,2129,6,2106,76,none-Ang-HS4,arc labels,,0.45595854922279794,0.0,0.0
Right,random,Ang,PTT,RTT,3,0.5,1,2129,6,2106,76,none-Ang-HSsrc,nothing,,0.45619406500235515,0.0,0.0
Right,random,Ang,PTT,RTT,3,0.5,1,2129,6,2106,76,none-Ang-PCA,arc segments,64.0,0.44583137070183704,0.0,0.0
Right,random,Ang,PTT,RTT,3,0.5,1,2129,6,2106,76,QOTu-Ang-HS4,arc labels,,0.7989087768880515,0.009900990099009901,0.8333333333333334
Right,random,Ang,PTT,RTT,3,0.5,1,2129,6,2106,76,QOTu-Ang-HSsrc,arc segments,,0.8066807976134401,0.01059322033898305,0.8333333333333334
Right,random,Ang,PTT,RTT,3,0.5,1,2129,6,2106,76,QOTu-Ang-PCA,arc segments,4.0,0.7878395352488616,0.009057971014492754,0.8333333333333334
Right,random,Ang,PTT,RTT,3,0.5,1,2129,6,2106,76,QOTc-Ang-HS4,arc labels,,0.7033678756476685,0.014925373134328358,0.5
Right,random,Ang,PTT,RTT,3,0.5,1,2129,6,2106,76,QOTc-Ang-HSsrc,arc labels,,0.7485084000628042,0.006954102920723227,0.8333333333333334
Right,random,Ang,PTT,RTT,3,0.5,1,2129,6,2106,76,QOTc-Ang-PCA,arc labels,32.0,0.43570419218087614,0.0,0.0
Right,random,Ang,PTT,RTT,3,0.5,1,2129,6,2106,76,SDM-Ang-HS4,arc labels,,0.7323363165332077,0.038461538461538464,0.5
Right,random,Ang,PTT,RTT,3,0.5,1,2129,6,2106,76,SDM-Ang-HSsrc,arc labels,,0.8045219029674988,0.007177033492822967,1.0
Right,random,Ang,PTT,RTT,3,0.5,1,2129,6,2106,76,SDM-Ang-PCA,arc labels,64.0,0.6350682995760716,0.006109979633401222,0.5
Right,random,Ang,PTT,RTT,4,0.05,1,2129,7,213,6,NoAdapt,nothing,,0.44745523091423184,0.0,0.0
Right,random,Ang,PTT,RTT,4,0.05,1,2129,7,213,6,TargetOnly,arc labels,,0.7737309815537903,0.013927576601671309,0.7142857142857143
Right,random,Ang,PTT,RTT,4,0.05,1,2129,7,213,6,Source+Target,arc labels,,0.518176922041201,0.004405286343612335,0.14285714285714285
Right,random,Ang,PTT,RTT,4,0.05,1,2129,7,213,6,COT,arc labels,,0.311330281405682,0.0014194464158978,0.2857142857142857
Right,random,Ang,PTT,RTT,4,0.05,1,2129,7,213,6,none-Ang-HS4,arc labels,,0.45617342130065974,0.0,0.0
Right,random,Ang,PTT,RTT,4,0.05,1,2129,7,213,6,none-Ang-HSsrc,nothing,,0.45617342130065974,0.0,0.0
Right,random,Ang,PTT,RTT,4,0.05,1,2129,7,213,6,none-Ang-PCA,arc segments,64.0,0.43803016022620167,0.0,0.0
Right,random,Ang,PTT,RTT,4,0.05,1,2129,7,213,6,QOTu-Ang-HS4,arc labels,,0.7390938467752795,0.009881422924901186,0.7142857142857143
Right,random,Ang,PTT,RTT,4,0.05,1,2129,7,213,6,QOTu-Ang-HSsrc,arc segments,,0.7492257977649118,0.01079913606911447,0.7142857142857143
Right,random,Ang,PTT,RTT,4,0.05,1,2129,7,213,6,QOTu-Ang-PCA,arc segments,64.0,0.49044028544499796,0.0031479538300104933,0.42857142857142855
Right,random,Ang,PTT,RTT,4,0.05,1,2129,7,213,6,QOTc-Ang-HS4,arc labels,,0.6287531977918406,0.00819672131147541,0.42857142857142855
Right,random,Ang,PTT,RTT,4,0.05,1,2129,7,213,6,QOTc-Ang-HSsrc,arc labels,,0.7391275077420223,0.007407407407407408,0.8571428571428571
Right,random,Ang,PTT,RTT,4,0.05,1,2129,7,213,6,QOTc-Ang-PCA,arc labels,64.0,0.4877474081055608,0.0,0.0
Right,random,Ang,PTT,RTT,4,0.05,1,2129,7,213,6,SDM-Ang-HS4,arc labels,,0.6287531977918406,0.00819672131147541,0.42857142857142855
Right,random,Ang,PTT,RTT,4,0.05,1,2129,7,213,6,SDM-Ang-HSsrc,arc labels,,0.7278174229163861,0.006993006993006993,0.8571428571428571
Right,random,Ang,PTT,RTT,4,0.05,1,2129,7,213,6,SDM-Ang-PCA,arc labels,64.0,0.5891679009021139,0.0056179775280898875,0.42857142857142855
Right,random,Ang,PTT,RTT,4,0.1,1,2129,7,426,18,NoAdapt,nothing,,0.44745523091423184,0.0,0.0
Right,random,Ang,PTT,RTT,4,0.1,1,2129,7,426,18,TargetOnly,arc labels,,0.7803285310354113,0.015105740181268883,0.7142857142857143
Right,random,Ang,PTT,RTT,4,0.1,1,2129,7,426,18,Source+Target,arc labels,,0.5030968089403528,0.003436426116838488,0.14285714285714285
Right,random,Ang,PTT,RTT,4,0.1,1,2129,7,426,18,COT,arc labels,,0.5762420896728153,0.004479283314669653,0.5714285714285714
Right,random,Ang,PTT,RTT,4,0.1,1,2129,7,426,18,none-Ang-HS4,arc labels,,0.45617342130065974,0.0,0.0
Right,random,Ang,PTT,RTT,4,0.1,1,2129,7,426,18,none-Ang-HSsrc,nothing,,0.45617342130065974,0.0,0.0
Right,random,Ang,PTT,RTT,4,0.1,1,2129,7,426,18,none-Ang-PCA,arc segments,64.0,0.4436852026390198,0.0,0.0
Right,random,Ang,PTT,RTT,4,0.1,1,2129,7,426,18,QOTu-Ang-HS4,arc labels,,0.7334388043624613,0.009433962264150943,0.7142857142857143
Right,random,Ang,PTT,RTT,4,0.1,1,2129,7,426,18,QOTu-Ang-HSsrc,arc segments,,0.7393294735424801,0.009900990099009901,0.7142857142857143
Right,random,Ang,PTT,RTT,4,0.1,1,2129,7,426,18,QOTu-Ang-PCA,arc segments,64.0,0.4270230241012522,0.002178649237472767,0.2857142857142857
Right,random,Ang,PTT,RTT,4,0.1,1,2129,7,426,18,QOTc-Ang-HS4,arc labels,,0.7707014945469234,0.008875739644970414,0.8571428571428571
Right,random,Ang,PTT,RTT,4,0.1,1,2129,7,426,18,QOTc-Ang-HSsrc,arc labels,,0.7225999730712266,0.008680555555555556,0.7142857142857143
Right,random,Ang,PTT,RTT,4,0.1,1,2129,7,426,18,QOTc-Ang-PCA,arc labels,64.0,0.44015080113100846,0.0,0.0
Right,random,Ang,PTT,RTT,4,0.1,1,2129,7,426,18,SDM-Ang-HS4,arc labels,,0.7900228894573852,0.010101010101010102,0.8571428571428571
Right,random,Ang,PTT,RTT,4,0.1,1,2129,7,426,18,SDM-Ang-HSsrc,arc labels,,0.7245186481755757,0.006880733944954129,0.8571428571428571
Right,random,Ang,PTT,RTT,4,0.1,1,2129,7,426,18,SDM-Ang-PCA,arc labels,64.0,0.46920021543018714,0.0027063599458728013,0.2857142857142857
Right,random,Ang,PTT,RTT,4,0.2,1,2129,7,852,32,NoAdapt,nothing,,0.44745523091423184,0.0,0.0
Right,random,Ang,PTT,RTT,4,0.2,1,2129,7,852,32,TargetOnly,arc labels,,0.7449508549885553,0.022598870056497175,0.5714285714285714
Right,random,Ang,PTT,RTT,4,0.2,1,2129,7,852,32,Source+Target,arc labels,,0.5049818230779588,0.0035335689045936395,0.14285714285714285
Right,random,Ang,PTT,RTT,4,0.2,1,2129,7,852,32,COT,arc labels,,0.5024572505722364,0.0033259423503325942,0.42857142857142855
Right,random,Ang,PTT,RTT,4,0.2,1,2129,7,852,32,none-Ang-HS4,arc labels,,0.455937794533459,0.0,0.0
Right,random,Ang,PTT,RTT,4,0.2,1,2129,7,852,32,none-Ang-HSsrc,nothing,,0.45617342130065974,0.0,0.0
Right,random,Ang,PTT,RTT,4,0.2,1,2129,7,852,32,none-Ang-PCA,arc segments,64.0,0.44533459000942505,0.0,0.0
Right,random,Ang,PTT,RTT,4,0.2,1,2129,7,852,32,QOTu-Ang-HS4,arc labels,,0.7336744311296621,0.00945179584120983,0.7142857142857143
Right,random,Ang,PTT,RTT,4,0.2,1,2129,7,852,32,QOTu-Ang-HSsrc,arc segments,,0.7393294735424801,0.009900990099009901,0.7142857142857143
Right,random,Ang,PTT,RTT,4,0.2,1,2129,7,852,32,QOTu-Ang-PCA,arc segments,64.0,0.4324424397468695,0.0022346368715083797,0.2857142857142857
Right,random,Ang,PTT,RTT,4,0.2,1,2129,7,852,32,QOTc-Ang-HS4,arc labels,,0.7034805439612226,0.0113314447592068,0.5714285714285714
Right,random,Ang,PTT,RTT,4,0.2,1,2129,7,852,32,QOTc-Ang-HSsrc,arc labels,,0.7351218526996095,0.007255139056831923,0.8571428571428571
Right,random,Ang,PTT,RTT,4,0.2,1,2129,7,852,32,QOTc-Ang-PCA,arc labels,64.0,0.353440150801131,0.0,0.0
Right,random,Ang,PTT,RTT,4,0.2,1,2129,7,852,32,SDM-Ang-HS4,arc labels,,0.68483236838562,0.0234375,0.42857142857142855
Right,random,Ang,PTT,RTT,4,0.2,1,2129,7,852,32,SDM-Ang-HSsrc,arc labels,,0.7219267537363673,0.006795016987542469,0.8571428571428571
Right,random,Ang,PTT,RTT,4,0.2,1,2129,7,852,32,SDM-Ang-PCA,arc labels,64.0,0.5524101252187963,0.004347826086956522,0.42857142857142855
Right,random,Ang,PTT,RTT,4,0.3,1,2129,7,1278,42,NoAdapt,nothing,,0.44745523091423184,0.0,0.0
Right,random,Ang,PTT,RTT,4,0.3,1,2129,7,1278,42,TargetOnly,arc labels,,0.7503702706341726,0.025974025974025976,0.5714285714285714
Right,random,Ang,PTT,RTT,4,0.3,1,2129,7,1278,42,Source+Target,arc labels,,0.57947354248014,0.007380073800738007,0.2857142857142857
Right,random,Ang,PTT,RTT,4,0.3,1,2129,7,1278,42,COT,arc labels,,0.5859027871280462,0.004694835680751174,0.5714285714285714
Right,random,Ang,PTT,RTT,4,0.3,1,2129,7,1278,42,none-Ang-HS4,arc labels,,0.455937794533459,0.0,0.0
Right,random,Ang,PTT,RTT,4,0.3,1,2129,7,1278,42,none-Ang-HSsrc,nothing,,0.45617342130065974,0.0,0.0
Right,random,Ang,PTT,RTT,4,0.3,1,2129,7,1278,42,none-Ang-PCA,arc segments,64.0,0.44557021677662584,0.0,0.0
Right,random,Ang,PTT,RTT,4,0.3,1,2129,7,1278,42,QOTu-Ang-HS4,arc labels,,0.7336744311296621,0.00945179584120983,0.7142857142857143
Right,random,Ang,PTT,RTT,4,0.3,1,2129,7,1278,42,QOTu-Ang-HSsrc,arc segments,,0.7393294735424801,0.009900990099009901,0.7142857142857143
Right,random,Ang,PTT,RTT,4,0.3,1,2129,7,1278,42,QOTu-Ang-PCA,arc segments,64.0,0.4314999326780665,0.002224694104560623,0.2857142857142857
Right,random,Ang,PTT,RTT,4,0.3,1,2129,7,1278,42,QOTc-Ang-HS4,arc labels,,0.6468964588662987,0.010380622837370242,0.42857142857142855
Right,random,Ang,PTT,RTT,4,0.3,1,2129,7,1278,42,QOTc-Ang-HSsrc,arc labels,,0.7412481486468291,0.00749063670411985,0.8571428571428571
Right,random,Ang,PTT,RTT,4,0.3,1,2129,7,1278,42,QOTc-Ang-PCA,arc labels,32.0,0.4420358152686145,0.0,0.0
Right,random,Ang,PTT,RTT,4,0.3,1,2129,7,1278,42,SDM-Ang-HS4,arc labels,,0.6638615861047529,0.013824884792626729,0.42857142857142855
Right,random,Ang,PTT,RTT,4,0.3,1,2129,7,1278,42,SDM-Ang-HSsrc,arc labels,,0.7268749158475831,0.0069605568445475635,0.8571428571428571
Right,random,Ang,PTT,RTT,4,0.3,1,2129,7,1278,42,SDM-Ang-PCA,arc labels,64.0,0.5597145550020196,0.004552352048558422,0.42857142857142855
Right,random,Ang,PTT,RTT,4,0.5,1,2129,7,2106,75,NoAdapt,nothing,,0.44745523091423184,0.0,0.0
Right,random,Ang,PTT,RTT,4,0.5,1,2129,7,2106,75,TargetOnly,arc labels,,0.6836542345496163,0.022556390977443608,0.42857142857142855
Right,random,Ang,PTT,RTT,4,0.5,1,2129,7,2106,75,Source+Target,arc labels,,0.5169987882051973,0.004310344827586207,0.14285714285714285
Right,random,Ang,PTT,RTT,4,0.5,1,2129,7,2106,75,COT,arc labels,,0.5083479197522552,0.0034207525655644243,0.42857142857142855
Right,random,Ang,PTT,RTT,4,0.5,1,2129,7,2106,75,none-Ang-HS4,arc labels,,0.455937794533459,0.0,0.0
Right,random,Ang,PTT,RTT,4,0.5,1,2129,7,2106,75,none-Ang-HSsrc,nothing,,0.45617342130065974,0.0,0.0
Right,random,Ang,PTT,RTT,4,0.5,1,2129,7,2106,75,none-Ang-PCA,arc segments,64.0,0.44533459000942505,0.0,0.0
Right,random,Ang,PTT,RTT,4,0.5,1,2129,7,2106,75,QOTu-Ang-HS4,arc labels,,0.7383869664736771,0.009823182711198428,0.7142857142857143
Right,random,Ang,PTT,RTT,4,0.5,1,2129,7,2106,75,QOTu-Ang-HSsrc,arc segments,,0.7393294735424801,0.009900990099009901,0.7142857142857143
Right,random,Ang,PTT,RTT,4,0.5,1,2129,7,2106,75,QOTu-Ang-PCA,arc segments,64.0,0.45435572909653965,0.0024937655860349127,0.2857142857142857
Right,random,Ang,PTT,RTT,4,0.5,1,2129,7,2106,75,QOTc-Ang-HS4,arc labels,,0.6640972128719537,0.013888888888888888,0.42857142857142855
Right,random,Ang,PTT,RTT,4,0.5,1,2129,7,2106,75,QOTc-Ang-HSsrc,arc labels,,0.6955028948431399,0.00723589001447178,0.7142857142857143
Right,random,Ang,PTT,RTT,4,0.5,1,2129,7,2106,75,QOTc-Ang-PCA,arc labels,64.0,0.45216776625824695,0.0,0.0
Right,random,Ang,PTT,RTT,4,0.5,1,2129,7,2106,75,SDM-Ang-HS4,arc labels,,0.6794129527400027,0.019867549668874173,0.42857142857142855
Right,random,Ang,PTT,RTT,4,0.5,1,2129,7,2106,75,SDM-Ang-HSsrc,arc labels,,0.7278174229163861,0.006993006993006993,0.8571428571428571
Right,random,Ang,PTT,RTT,4,0.5,1,2129,7,2106,75,SDM-Ang-PCA,arc labels,64.0,0.6063686549077689,0.006507592190889371,0.42857142857142855
Right,random,Ang,PTT,RTT,5,0.05,1,2129,22,213,6,NoAdapt,nothing,,0.4759783405962808,0.005050505050505051,0.045454545454545456
Right,random,Ang,PTT,RTT,5,0.05,1,2129,22,213,6,TargetOnly,arc labels,,0.6824222289338568,0.05025125628140704,0.45454545454545453
Right,random,Ang,PTT,RTT,5,0.05,1,2129,22,213,6,Source+Target,arc labels,,0.5429736376580231,0.019417475728155338,0.18181818181818182
Right,random,Ang,PTT,RTT,5,0.05,1,2129,22,213,6,COT,arc labels,,0.42996289424860856,0.006418485237483954,0.22727272727272727
Right,random,Ang,PTT,RTT,5,0.05,1,2129,22,213,6,none-Ang-HS4,arc labels,,0.45752254390128144,0.0,0.0
Right,random,Ang,PTT,RTT,5,0.05,1,2129,22,213,6,none-Ang-HSsrc,nothing,,0.45752254390128144,0.0,0.0
Right,random,Ang,PTT,RTT,5,0.05,1,2129,22,213,6,none-Ang-PCA,arc segments,64.0,0.4941429002890797,0.009523809523809525,0.13636363636363635
Right,random,Ang,PTT,RTT,5,0.05,1,2129,22,213,6,QOTu-Ang-HS4,arc labels,,0.57194632609915,0.016985138004246284,0.36363636363636365
Right,random,Ang,PTT,RTT,5,0.05,1,2129,22,213,6,QOTu-Ang-HSsrc,arc segments,,0.57194632609915,0.016985138004246284,0.36363636363636365
Right,random,Ang,PTT,RTT,5,0.05,1,2129,22,213,6,QOTu-Ang-PCA,arc segments,64.0,0.42403028864822884,0.006218905472636816,0.22727272727272727
Right,random,Ang,PTT,RTT,5,0.05,1,2129,22,213,6,QOTc-Ang-HS4,arc labels,,0.606517236915908,0.14285714285714285,0.22727272727272727
Right,random,Ang,PTT,RTT,5,0.05,1,2129,22,213,6,QOTc-Ang-HSsrc,arc labels,,0.423469387755102,0.007930785868781542,0.5
Right,random,Ang,PTT,RTT,5,0.05,1,2129,22,213,6,QOTc-Ang-PCA,arc labels,32.0,0.5425529619881779,0.02702702702702703,0.13636363636363635
Right,random,Ang,PTT,RTT,5,0.05,1,2129,22,213,6,SDM-Ang-HS4,arc labels,,0.6659187988091643,0.10666666666666667,0.36363636363636365
Right,random,Ang,PTT,RTT,5,0.05,1,2129,22,213,6,SDM-Ang-HSsrc,arc labels,,0.6491672779048194,0.018226002430133656,0.6818181818181818
Right,random,Ang,PTT,RTT,5,0.05,1,2129,22,213,6,SDM-Ang-PCA,arc labels,64.0,0.5694977779695387,0.02617801047120419,0.22727272727272727
Right,random,Ang,PTT,RTT,5,0.1,1,2129,22,426,10,NoAdapt,nothing,,0.4759783405962808,0.005050505050505051,0.045454545454545456
Right,random,Ang,PTT,RTT,5,0.1,1,2129,22,426,10,TargetOnly,arc labels,,0.7207037148897615,0.039634146341463415,0.5909090909090909
Right,random,Ang,PTT,RTT,5,0.1,1,2129,22,426,10,Source+Target,arc labels,,0.5453466798981749,0.02040816326530612,0.18181818181818182
Right,random,Ang,PTT,RTT,5,0.1,1,2129,22,426,10,COT,arc labels,,0.5476334296932304,0.01303780964797914,0.45454545454545453
Right,random,Ang,PTT,RTT,5,0.1,1,2129,22,426,10,none-Ang-HS4,arc labels,,0.45752254390128144,0.0,0.0
Right,random,Ang,PTT,RTT,5,0.1,1,2129,22,426,10,none-Ang-HSsrc,nothing,,0.45752254390128144,0.0,0.0
Right,random,Ang,PTT,RTT,5,0.1,1,2129,22,426,10,none-Ang-PCA,arc segments,32.0,0.5142598265521854,0.012232415902140673,0.18181818181818182
Right,random,Ang,PTT,RTT,5,0.1,1,2129,22,426,10,QOTu-Ang-HS4,arc labels,,0.5934870777063468,0.018867924528301886,0.4090909090909091
Right,random,Ang,PTT,RTT,5,0.1,1,2129,22,426,10,QOTu-Ang-HSsrc,arc segments,,0.5873711006601372,0.019704433497536946,0.36363636363636365
Right,random,Ang,PTT,RTT,5,0.1,1,2129,22,426,10,QOTu-Ang-PCA,arc segments,64.0,0.4481813867195927,0.007509386733416771,0.2727272727272727
Right,random,Ang,PTT,RTT,5,0.1,1,2129,22,426,10,QOTc-Ang-HS4,arc labels,,0.6279716960780084,0.01929260450160772,0.5454545454545454
Right,random,Ang,PTT,RTT,5,0.1,1,2129,22,426,10,QOTc-Ang-HSsrc,arc labels,,0.5606851620140657,0.014044943820224719,0.45454545454545453
Right,random,Ang,PTT,RTT,5,0.1,1,2129,22,426,10,QOTc-Ang-PCA,arc labels,64.0,0.5801764680502222,0.03424657534246575,0.22727272727272727
Right,random,Ang,PTT,RTT,5,0.1,1,2129,22,426,10,SDM-Ang-HS4,arc labels,,0.6767485006687665,0.022950819672131147,0.6363636363636364
Right,random,Ang,PTT,RTT,5,0.1,1,2129,22,426,10,SDM-Ang-HSsrc,arc labels,,0.6510657116969409,0.018404907975460124,0.6818181818181818
Right,random,Ang,PTT,RTT,5,0.1,1,2129,22,426,10,SDM-Ang-PCA,arc labels,64.0,0.5448181386719593,0.01694915254237288,0.22727272727272727
Right,random,Ang,PTT,RTT,5,0.2,1,2129,22,852,21,NoAdapt,nothing,,0.4759783405962808,0.005050505050505051,0.045454545454545456
Right,random,Ang,PTT,RTT,5,0.2,1,2129,22,852,21,TargetOnly,arc labels,,0.6812357078137808,0.049019607843137254,0.45454545454545453
Right,random,Ang,PTT,RTT,5,0.2,1,2129,22,852,21,Source+Target,arc labels,,0.5424450964318074,0.01639344262295082,0.22727272727272727
Right,random,Ang,PTT,RTT,5,0.2,1,2129,22,852,21,COT,arc labels,,0.5205807481554989,0.011350737797956867,0.45454545454545453
Right,random,Ang,PTT,RTT,5,0.2,1,2129,22,852,21,none-Ang-HS4,arc labels,,0.45752254390128144,0.0,0.0
Right,random,Ang,PTT,RTT,5,0.2,1,2129,22,852,21,none-Ang-HSsrc,nothing,,0.45752254390128144,0.0,0.0
Right,random,Ang,PTT,RTT,5,0.2,1,2129,22,852,21,none-Ang-PCA,arc segments,64.0,0.45129870129870125,0.0033112582781456954,0.045454545454545456
Right,random,Ang,PTT,RTT,5,0.2,1,2129,22,852,21,QOTu-Ang-HS4,arc labels,,0.5934870777063468,0.018867924528301886,0.4090909090909091
Right,random,Ang,PTT,RTT,5,0.2,1,2129,22,852,21,QOTu-Ang-HSsrc,arc segments,,0.5816757992837727,0.018604651162790697,0.36363636363636365
Right,random,Ang,PTT,RTT,5,0.2,1,2129,22,852,21,QOTu-Ang-PCA,arc segments,64.0,0.4301462656944384,0.006857142857142857,0.2727272727272727
Right,random,Ang,PTT,RTT,5,0.2,1,2129,22,852,21,QOTc-Ang-HS4,arc labels,,0.6170341286620357,0.028469750889679714,0.36363636363636365
Right,random,Ang,PTT,RTT,5,0.2,1,2129,22,852,21,QOTc-Ang-HSsrc,arc labels,,0.5492945592613366,0.013157894736842105,0.45454545454545453
Right,random,Ang,PTT,RTT,5,0.2,1,2129,22,852,21,QOTc-Ang-PCA,arc labels,64.0,0.5160827544548475,0.034482758620689655,0.045454545454545456
Right,random,Ang,PTT,RTT,5,0.2,1,2129,22,852,21,SDM-Ang-HS4,arc labels,,0.6134745653018079,0.02702702702702703,0.36363636363636365
Right,random,Ang,PTT,RTT,5,0.2,1,2129,22,852,21,SDM-Ang-HSsrc,arc labels,,0.618900202787246,0.017173051519154558,0.5909090909090909
Right,random,Ang,PTT,RTT,5,0.2,1,2129,22,852,21,SDM-Ang-PCA,arc labels,64.0,0.4901087284808215,0.009036144578313253,0.13636363636363635
Right,random,Ang,PTT,RTT,5,0.3,1,2129,22,1278,34,NoAdapt,nothing,,0.4759783405962808,0.005050505050505051,0.045454545454545456
Right,random,Ang,PTT,RTT,5,0.3,1,2129,22,1278,34,TargetOnly,arc labels,,0.710607498813479,0.062146892655367235,0.5
Right,random,Ang,PTT,RTT,5,0.3,1,2129,22,1278,34,Source+Target,arc labels,,0.5720541916555206,0.021660649819494584,0.2727272727272727
Right,random,Ang,PTT,RTT,5,0.3,1,2129,22,1278,34,COT,arc labels,,0.5557017733097467,0.013642564802182811,0.45454545454545453
Right,random,Ang,PTT,RTT,5,0.3,1,2129,22,1278,34,none-Ang-HS4,arc labels,,0.45752254390128144,0.0,0.0
Right,random,Ang,PTT,RTT,5,0.3,1,2129,22,1278,34,none-Ang-HSsrc,nothing,,0.45752254390128144,0.0,0.0
Right,random,Ang,PTT,RTT,5,0.3,1,2129,22,1278,34,none-Ang-PCA,arc segments,64.0,0.46885921387582513,0.0043859649122807015,0.045454545454545456
Right,random,Ang,PTT,RTT,5,0.3,1,2129,22,1278,34,QOTu-Ang-HS4,arc labels,,0.5934870777063468,0.018867924528301886,0.4090909090909091
Right,random,Ang,PTT,RTT,5,0.3,1,2129,22,1278,34,QOTu-Ang-HSsrc,arc segments,,0.5816757992837727,0.018604651162790697,0.36363636363636365
Right,random,Ang,PTT,RTT,5,0.3,1,2129,22,1278,34,QOTu-Ang-PCA,arc segments,64.0,0.3747788756094404,0.003667481662591687,0.13636363636363635
Right,random,Ang,PTT,RTT,5,0.3,1,2129,22,1278,34,QOTc-Ang-HS4,arc labels,,0.5834447944082495,0.026200873362445413,0.2727272727272727
Right,random,Ang,PTT,RTT,5,0.3,1,2129,22,1278,34,QOTc-Ang-HSsrc,arc labels,,0.5492945592613366,0.013157894736842105,0.45454545454545453
Right,random,Ang,PTT,RTT,5,0.3,1,2129,22,1278,34,QOTc-Ang-PCA,arc labels,32.0,0.6484122190102256,0.1346153846153846,0.3181818181818182
Right,random,Ang,PTT,RTT,5,0.3,1,2129,22,1278,34,SDM-Ang-HS4,arc labels,,0.5592936963368856,0.021367521367521368,0.22727272727272727
Right,random,Ang,PTT,RTT,5,0.3,1,2129,22,1278,34,SDM-Ang-HSsrc,arc labels,,0.5985459723001252,0.0160857908847185,0.5454545454545454
Right,random,Ang,PTT,RTT,5,0.3,1,2129,22,1278,34,SDM-Ang-PCA,arc labels,64.0,0.5239892997368081,0.013986013986013986,0.18181818181818182
Right,random,Ang,PTT,RTT,5,0.5,1,2129,22,2106,60,NoAdapt,nothing,,0.4759783405962808,0.005050505050505051,0.045454545454545456
Right,random,Ang,PTT,RTT,5,0.5,1,2129,22,2106,60,TargetOnly,arc labels,,0.6462225482159036,0.05063291139240506,0.36363636363636365
Right,random,Ang,PTT,RTT,5,0.5,1,2129,22,2106,60,Source+Target,arc labels,,0.6075419597014282,0.024922118380062305,0.36363636363636365
Right,random,Ang,PTT,RTT,5,0.5,1,2129,22,2106,60,COT,arc labels,,0.36549165120593696,0.005965697240865026,0.36363636363636365
Right,random,Ang,PTT,RTT,5,0.5,1,2129,22,2106,60,none-Ang-HS4,arc labels,,0.45752254390128144,0.0,0.0
Right,random,Ang,PTT,RTT,5,0.5,1,2129,22,2106,60,none-Ang-HSsrc,nothing,,0.45752254390128144,0.0,0.0
Right,random,Ang,PTT,RTT,5,0.5,1,2129,22,2106,60,none-Ang-PCA,arc segments,64.0,0.471232256115977,0.0045871559633027525,0.045454545454545456
Right,random,Ang,PTT,RTT,5,0.5,1,2129,22,2106,60,QOTu-Ang-HS4,arc labels,,0.5717090218751348,0.01694915254237288,0.36363636363636365
Right,random,Ang,PTT,RTT,5,0.5,1,2129,22,2106,60,QOTu-Ang-HSsrc,arc segments,,0.5816757992837727,0.018604651162790697,0.36363636363636365
Right,random,Ang,PTT,RTT,5,0.5,1,2129,22,2106,60,QOTu-Ang-PCA,arc segments,64.0,0.39014971739224236,0.004705882352941176,0.18181818181818182
Right,random,Ang,PTT,RTT,5,0.5,1,2129,22,2106,60,QOTc-Ang-HS4,arc labels,,0.658691806532338,0.033444816053511704,0.45454545454545453
Right,random,Ang,PTT,RTT,5,0.5,1,2129,22,2106,60,QOTc-Ang-HSsrc,arc labels,,0.6631682271217154,0.01963350785340314,0.6818181818181818
Right,random,Ang,PTT,RTT,5,0.5,1,2129,22,2106,60,QOTc-Ang-PCA,arc labels,64.0,0.5458752211243906,0.030927835051546393,0.13636363636363635
Right,random,Ang,PTT,RTT,5,0.5,1,2129,22,2106,60,SDM-Ang-HS4,arc labels,,0.6985049833887043,0.04824561403508772,0.5
Right,random,Ang,PTT,RTT,5,0.5,1,2129,22,2106,60,SDM-Ang-HSsrc,arc labels,,0.6510657116969409,0.018404907975460124,0.6818181818181818
Right,random,Ang,PTT,RTT,5,0.5,1,2129,22,2106,60,SDM-Ang-PCA,arc labels,64.0,0.5133645424343098,0.01282051282051282,0.13636363636363635
Right,random,Ang,PTT,RTT,6,0.05,1,2129,31,213,2,NoAdapt,nothing,,0.46083827915987574,0.004291845493562232,0.03225806451612903
Right,random,Ang,PTT,RTT,6,0.05,1,2129,31,213,2,TargetOnly,arc labels,,0.5291598757649374,0.13333333333333333,0.06451612903225806
Right,random,Ang,PTT,RTT,6,0.05,1,2129,31,213,2,Source+Target,arc labels,,0.4899981549248132,0.012096774193548387,0.0967741935483871
Right,random,Ang,PTT,RTT,6,0.05,1,2129,31,213,2,COT,arc labels,,0.4775977121067683,0.0,0.0
Right,random,Ang,PTT,RTT,6,0.05,1,2129,31,213,2,none-Ang-HS4,arc labels,,0.4582936129647283,0.0,0.0
Right,random,Ang,PTT,RTT,6,0.05,1,2129,31,213,2,none-Ang-HSsrc,nothing,,0.4582936129647283,0.0,0.0
Right,random,Ang,PTT,RTT,6,0.05,1,2129,31,213,2,none-Ang-PCA,arc segments,32.0,0.4631446231433931,0.00684931506849315,0.06451612903225806
Right,random,Ang,PTT,RTT,6,0.05,1,2129,31,213,2,QOTu-Ang-HS4,arc labels,,0.4915972200867185,0.013565891472868217,0.22580645161290322
Right,random,Ang,PTT,RTT,6,0.05,1,2129,31,213,2,QOTu-Ang-HSsrc,arc segments,,0.4714935883637258,0.01079913606911447,0.16129032258064516
Right,random,Ang,PTT,RTT,6,0.05,1,2129,31,213,2,QOTu-Ang-PCA,arc segments,64.0,0.4284418340047357,0.008962868117797696,0.22580645161290322
Right,random,Ang,PTT,RTT,6,0.05,1,2129,31,213,2,QOTc-Ang-HS4,arc labels,,0.5161290322580645,1.0,0.03225806451612903
Right,random,Ang,PTT,RTT,6,0.05,1,2129,31,213,2,QOTc-Ang-HSsrc,arc labels,,0.5335419293336203,0.020588235294117647,0.22580645161290322
Right,random,Ang,PTT,RTT,6,0.05,1,2129,31,213,2,QOTc-Ang-PCA,arc labels,64.0,0.5161290322580645,1.0,0.03225806451612903
Right,random,Ang,PTT,RTT,6,0.05,1,2129,31,213,2,SDM-Ang-HS4,arc labels,,0.5149374211999139,0.16666666666666666,0.03225806451612903
Right,random,Ang,PTT,RTT,6,0.05,1,2129,31,213,2,SDM-Ang-HSsrc,arc labels,,0.4994618530705126,0.014492753623188406,0.22580645161290322
Right,random,Ang,PTT,RTT,6,0.05,1,2129,31,213,2,SDM-Ang-PCA,arc labels,16.0,0.5541913957993788,0.04310344827586207,0.16129032258064516
Right,random,Ang,PTT,RTT,6,0.1,1,2129,31,426,8,NoAdapt,nothing,,0.46083827915987574,0.004291845493562232,0.03225806451612903
Right,random,Ang,PTT,RTT,6,0.1,1,2129,31,426,8,TargetOnly,arc labels,,0.5350410529229066,0.05084745762711865,0.0967741935483871
Right,random,Ang,PTT,RTT,6,0.1,1,2129,31,426,8,Source+Target,arc labels,,0.5018373873735354,0.0149812734082397,0.12903225806451613
Right,random,Ang,PTT,RTT,6,0.1,1,2129,31,426,8,COT,arc labels,,0.4810187890156524,0.009216589861751152,0.06451612903225806
Right,random,Ang,PTT,RTT,6,0.1,1,2129,31,426,8,none-Ang-HS4,arc labels,,0.4580552907530982,0.0,0.0
Right,random,Ang,PTT,RTT,6,0.1,1,2129,31,426,8,none-Ang-HSsrc,nothing,,0.4582936129647283,0.0,0.0
Right,random,Ang,PTT,RTT,6,0.1,1,2129,31,426,8,none-Ang-PCA,arc segments,32.0,0.47967342169193394,0.011111111111111112,0.12903225806451613
Right,random,Ang,PTT,RTT,6,0.1,1,2129,31,426,8,QOTu-Ang-HS4,arc labels,,0.4913588978750884,0.013539651837524178,0.22580645161290322
Right,random,Ang,PTT,RTT,6,0.1,1,2129,31,426,8,QOTu-Ang-HSsrc,arc segments,,0.4712552661520957,0.010775862068965518,0.16129032258064516
Right,random,Ang,PTT,RTT,6,0.1,1,2129,31,426,8,QOTu-Ang-PCA,arc segments,64.0,0.4227989790583966,0.008152173913043478,0.1935483870967742
Right,random,Ang,PTT,RTT,6,0.1,1,2129,31,426,8,QOTc-Ang-HS4,arc labels,,0.5462421968695225,0.25,0.0967741935483871
Right,random,Ang,PTT,RTT,6,0.1,1,2129,31,426,8,QOTc-Ang-HSsrc,arc labels,,0.5459500599649436,0.018571428571428572,0.41935483870967744
Right,random,Ang,PTT,RTT,6,0.1,1,2129,31,426,8,QOTc-Ang-PCA,arc labels,16.0,0.5459269965251083,0.04878048780487805,0.12903225806451613
Right,random,Ang,PTT,RTT,6,0.1,1,2129,31,426,8,SDM-Ang-HS4,arc labels,,0.5220178972293121,0.0199203187250996,0.16129032258064516
Right,random,Ang,PTT,RTT,6,0.1,1,2129,31,426,8,SDM-Ang-HSsrc,arc labels,,0.5293443832836189,0.017118402282453638,0.3870967741935484
Right,random,Ang,PTT,RTT,6,0.1,1,2129,31,426,8,SDM-Ang-PCA,arc labels,32.0,0.5442587410436975,0.0449438202247191,0.12903225806451613
Right,random,Ang,PTT,RTT,6,0.2,1,2129,31,852,16,NoAdapt,nothing,,0.46083827915987574,0.004291845493562232,0.03225806451612903
Right,random,Ang,PTT,RTT,6,0.2,1,2129,31,852,16,TargetOnly,arc labels,,0.5876410713736585,0.061946902654867256,0.22580645161290322
Right,random,Ang,PTT,RTT,6,0.2,1,2129,31,852,16,Source+Target,arc labels,,0.5008072203942311,0.014705882352941176,0.16129032258064516
Right,random,Ang,PTT,RTT,6,0.2,1,2129,31,852,16,COT,arc labels,,0.36710845966973155,0.005549389567147614,0.16129032258064516
Right,random,Ang,PTT,RTT,6,0.2,1,2129,31,852,16,none-Ang-HS4,arc labels,,0.4582936129647283,0.0,0.0
Right,random,Ang,PTT,RTT,6,0.2,1,2129,31,852,16,none-Ang-HSsrc,nothing,,0.4582936129647283,0.0,0.0
Right,random,Ang,PTT,RTT,6,0.2,1,2129,31,852,16,none-Ang-PCA,arc segments,32.0,0.4815799993849749,0.011363636363636364,0.12903225806451613
Right,random,Ang,PTT,RTT,6,0.2,1,2129,31,852,16,QOTu-Ang-HS4,arc labels,,0.4913588978750884,0.013539651837524178,0.22580645161290322
Right,random,Ang,PTT,RTT,6,0.2,1,2129,31,852,16,QOTu-Ang-HSsrc,arc segments,,0.477374765521695,0.011834319526627219,0.1935483870967742
Right,random,Ang,PTT,RTT,6,0.2,1,2129,31,852,16,QOTu-Ang-PCA,arc segments,64.0,0.43622958885574586,0.009791921664626682,0.25806451612903225
Right,random,Ang,PTT,RTT,6,0.2,1,2129,31,852,16,QOTc-Ang-HS4,arc labels,,0.5975737261293398,0.05714285714285714,0.25806451612903225
Right,random,Ang,PTT,RTT,6,0.2,1,2129,31,852,16,QOTc-Ang-HSsrc,arc labels,,0.5584196931024938,0.02072538860103627,0.3870967741935484
Right,random,Ang,PTT,RTT,6,0.2,1,2129,31,852,16,QOTc-Ang-PCA,arc labels,64.0,0.5561748516252037,0.10256410256410256,0.12903225806451613
Right,random,Ang,PTT,RTT,6,0.2,1,2129,31,852,16,SDM-Ang-HS4,arc labels,,0.5449813954918663,0.023972602739726026,0.22580645161290322
Right,random,Ang,PTT,RTT,6,0.2,1,2129,31,852,16,SDM-Ang-HSsrc,arc labels,,0.5558058365878409,0.018844221105527637,0.4838709677419355
Right,random,Ang,PTT,RTT,6,0.2,1,2129,31,852,16,SDM-Ang-PCA,arc labels,32.0,0.4859543651403795,0.012738853503184714,0.1935483870967742
Right,random,Ang,PTT,RTT,6,0.3,1,2129,31,1278,30,NoAdapt,nothing,,0.46083827915987574,0.004291845493562232,0.03225806451612903
Right,random,Ang,PTT,RTT,6,0.3,1,2129,31,1278,30,TargetOnly,arc labels,,0.6508118330821981,0.05,0.41935483870967744
Right,random,Ang,PTT,RTT,6,0.3,1,2129,31,1278,30,Source+Target,arc labels,,0.5124081306313232,0.016666666666666666,0.1935483870967742
Right,random,Ang,PTT,RTT,6,0.3,1,2129,31,1278,30,COT,arc labels,,0.49614840554752604,0.014349775784753363,0.5161290322580645
Right,random,Ang,PTT,RTT,6,0.3,1,2129,31,1278,30,none-Ang-HS4,arc labels,,0.4580552907530982,0.0,0.0
Right,random,Ang,PTT,RTT,6,0.3,1,2129,31,1278,30,none-Ang-HSsrc,nothing,,0.4582936129647283,0.0,0.0
Right,random,Ang,PTT,RTT,6,0.3,1,2129,31,1278,30,none-Ang-PCA,arc segments,32.0,0.46966388880346877,0.009950248756218905,0.12903225806451613
Right,random,Ang,PTT,RTT,6,0.3,1,2129,31,1278,30,QOTu-Ang-HS4,arc labels,,0.4913588978750884,0.013539651837524178,0.22580645161290322
Right,random,Ang,PTT,RTT,6,0.3,1,2129,31,1278,30,QOTu-Ang-HSsrc,arc segments,,0.4714935883637258,0.01079913606911447,0.16129032258064516
Right,random,Ang,PTT,RTT,6,0.3,1,2129,31,1278,30,QOTu-Ang-PCA,arc segments,64.0,0.4265352563116947,0.008871989860583017,0.22580645161290322
Right,random,Ang,PTT,RTT,6,0.3,1,2129,31,1278,30,QOTc-Ang-HS4,arc labels,,0.6688474430333036,0.05533596837944664,0.45161290322580644
Right,random,Ang,PTT,RTT,6,0.3,1,2129,31,1278,30,QOTc-Ang-HSsrc,arc labels,,0.5183738737353547,0.0166358595194085,0.2903225806451613
Right,random,Ang,PTT,RTT,6,0.3,1,2129,31,1278,30,QOTc-Ang-PCA,arc labels,64.0,0.5162904763369107,0.028985507246376812,0.06451612903225806
Right,random,Ang,PTT,RTT,6,0.3,1,2129,31,1278,30,SDM-Ang-HS4,arc labels,,0.5860650696515883,0.02591792656587473,0.3870967741935484
Right,random,Ang,PTT,RTT,6,0.3,1,2129,31,1278,30,SDM-Ang-HSsrc,arc labels,,0.557950736492512,0.01905972045743329,0.4838709677419355
Right,random,Ang,PTT,RTT,6,0.3,1,2129,31,1278,30,SDM-Ang-PCA,arc labels,64.0,0.5028752421661182,0.015,0.1935483870967742
Right,random,Ang,PTT,RTT,6,0.5,1,2129,31,2106,51,NoAdapt,nothing,,0.46083827915987574,0.004291845493562232,0.03225806451612903
Right,random,Ang,PTT,RTT,6,0.5,1,2129,31,2106,51,TargetOnly,arc labels,,0.6612980103939236,0.06018518518518518,0.41935483870967744
Right,random,Ang,PTT,RTT,6,0.5,1,2129,31,2106,51,Source+Target,arc labels,,0.5429979396660414,0.02168021680216802,0.25806451612903225
Right,random,Ang,PTT,RTT,6,0.5,1,2129,31,2106,51,COT,arc labels,,0.32381838309911126,0.005737704918032787,0.22580645161290322
Right,random,Ang,PTT,RTT,6,0.5,1,2129,31,2106,51,none-Ang-HS4,arc labels,,0.4582936129647283,0.0,0.0
Right,random,Ang,PTT,RTT,6,0.5,1,2129,31,2106,51,none-Ang-HSsrc,nothing,,0.4582936129647283,0.0,0.0
Right,random,Ang,PTT,RTT,6,0.5,1,2129,31,2106,51,none-Ang-PCA,arc segments,32.0,0.4813416771733448,0.0113314447592068,0.12903225806451613
Right,random,Ang,PTT,RTT,6,0.5,1,2129,31,2106,51,QOTu-Ang-HS4,arc labels,,0.4913588978750884,0.013539651837524178,0.22580645161290322
Right,random,Ang,PTT,RTT,6,0.5,1,2129,31,2106,51,QOTu-Ang-HSsrc,arc segments,,0.4717319105753559,0.010822510822510822,0.16129032258064516
Right,random,Ang,PTT,RTT,6,0.5,1,2129,31,2106,51,QOTu-Ang-PCA,arc segments,64.0,0.4579092223008087,0.009615384615384616,0.16129032258064516
Right,random,Ang,PTT,RTT,6,0.5,1,2129,31,2106,51,QOTc-Ang-HS4,arc labels,,0.6117961806943633,0.06040268456375839,0.2903225806451613
Right,random,Ang,PTT,RTT,6,0.5,1,2129,31,2106,51,QOTc-Ang-HSsrc,arc labels,,0.5593806697622928,0.019206145966709345,0.4838709677419355
Right,random,Ang,PTT,RTT,6,0.5,1,2129,31,2106,51,QOTc-Ang-PCA,arc labels,32.0,0.5708739506134876,0.10869565217391304,0.16129032258064516
Right,random,Ang,PTT,RTT,6,0.5,1,2129,31,2106,51,SDM-Ang-HS4,arc labels,,0.6120345029059935,0.060810810810810814,0.2903225806451613
Right,random,Ang,PTT,RTT,6,0.5,1,2129,31,2106,51,SDM-Ang-HSsrc,arc labels,,0.5361788492881085,0.017543859649122806,0.41935483870967744
Right,random,Ang,PTT,RTT,6,0.5,1,2129,31,2106,51,SDM-Ang-PCA,arc labels,64.0,0.5278990743872812,0.020338983050847456,0.1935483870967742
Right,random,Ang,PTT,RTT,7,0.05,1,2129,35,213,3,NoAdapt,nothing,,0.4588893437030973,0.004291845493562232,0.02857142857142857
Right,random,Ang,PTT,RTT,7,0.05,1,2129,35,213,3,TargetOnly,arc labels,,0.5045708827943785,0.017543859649122806,0.14285714285714285
Right,random,Ang,PTT,RTT,7,0.05,1,2129,35,213,3,Source+Target,arc labels,,0.4581730113248738,0.00423728813559322,0.02857142857142857
Right,random,Ang,PTT,RTT,7,0.05,1,2129,35,213,3,COT,arc labels,,0.38697639514258425,0.0033613445378151263,0.05714285714285714
Right,random,Ang,PTT,RTT,7,0.05,1,2129,35,213,3,none-Ang-HS4,arc labels,,0.4582139446036294,0.0,0.0
Right,random,Ang,PTT,RTT,7,0.05,1,2129,35,213,3,none-Ang-HSsrc,nothing,,0.4582139446036294,0.0,0.0
Right,random,Ang,PTT,RTT,7,0.05,1,2129,35,213,3,none-Ang-PCA,arc segments,64.0,0.48383817710465277,0.012861736334405145,0.11428571428571428
Right,random,Ang,PTT,RTT,7,0.05,1,2129,35,213,3,QOTu-Ang-HS4,arc labels,,0.4620684950197844,0.01079913606911447,0.14285714285714285
Right,random,Ang,PTT,RTT,7,0.05,1,2129,35,213,3,QOTu-Ang-HSsrc,arc segments,,0.4694705962614272,0.011574074074074073,0.14285714285714285
Right,random,Ang,PTT,RTT,7,0.05,1,2129,35,213,3,QOTu-Ang-PCA,arc segments,64.0,0.4456678946650293,0.011612903225806452,0.2571428571428571
Right,random,Ang,PTT,RTT,7,0.05,1,2129,35,213,3,QOTc-Ang-HS4,arc labels,,0.5684813753581662,0.050359712230215826,0.2
Right,random,Ang,PTT,RTT,7,0.05,1,2129,35,213,3,QOTc-Ang-HSsrc,arc labels,,0.4871810615363624,0.013468013468013467,0.11428571428571428
Right,random,Ang,PTT,RTT,7,0.05,1,2129,35,213,3,QOTc-Ang-PCA,arc labels,64.0,0.5165097557647701,0.02127659574468085,0.14285714285714285
Right,random,Ang,PTT,RTT,7,0.05,1,2129,35,213,3,SDM-Ang-HS4,arc labels,,0.47098512757538546,0.009868421052631578,0.08571428571428572
Right,random,Ang,PTT,RTT,7,0.05,1,2129,35,213,3,SDM-Ang-HSsrc,arc labels,,0.501541820166462,0.0166358595194085,0.2571428571428571
Right,random,Ang,PTT,RTT,7,0.05,1,2129,35,213,3,SDM-Ang-PCA,arc labels,8.0,0.4449583844999318,0.007263922518159807,0.08571428571428572
Right,random,Ang,PTT,RTT,7,0.1,1,2129,35,426,9,NoAdapt,nothing,,0.4588893437030973,0.004291845493562232,0.02857142857142857
Right,random,Ang,PTT,RTT,7,0.1,1,2129,35,426,9,TargetOnly,arc labels,,0.5872629280938737,0.04945054945054945,0.2571428571428571
Right,random,Ang,PTT,RTT,7,0.1,1,2129,35,426,9,Source+Target,arc labels,,0.4945831627780052,0.015037593984962405,0.11428571428571428
Right,random,Ang,PTT,RTT,7,0.1,1,2129,35,426,9,COT,arc labels,,0.4951766953199618,0.01569506726457399,0.2
Right,random,Ang,PTT,RTT,7,0.1,1,2129,35,426,9,none-Ang-HS4,arc labels,,0.4582139446036294,0.0,0.0
Right,random,Ang,PTT,RTT,7,0.1,1,2129,35,426,9,none-Ang-HSsrc,nothing,,0.4582139446036294,0.0,0.0
Right,random,Ang,PTT,RTT,7,0.1,1,2129,35,426,9,none-Ang-PCA,arc segments,64.0,0.4552667485332242,0.006472491909385114,0.05714285714285714
Right,random,Ang,PTT,RTT,7,0.1,1,2129,35,426,9,QOTu-Ang-HS4,arc labels,,0.46923181880201936,0.011547344110854504,0.14285714285714285
Right,random,Ang,PTT,RTT,7,0.1,1,2129,35,426,9,QOTu-Ang-HSsrc,arc segments,,0.4694705962614272,0.011574074074074073,0.14285714285714285
Right,random,Ang,PTT,RTT,7,0.1,1,2129,35,426,9,QOTu-Ang-PCA,arc segments,64.0,0.443280120070951,0.011464968152866241,0.2571428571428571
Right,random,Ang,PTT,RTT,7,0.1,1,2129,35,426,9,QOTc-Ang-HS4,arc labels,,0.5825692454632283,0.0875,0.2
Right,random,Ang,PTT,RTT,7,0.1,1,2129,35,426,9,QOTc-Ang-HSsrc,arc labels,,0.501541820166462,0.0166358595194085,0.2571428571428571
Right,random,Ang,PTT,RTT,7,0.1,1,2129,35,426,9,QOTc-Ang-PCA,arc labels,32.0,0.6199754400327466,0.2,0.2571428571428571
Right,random,Ang,PTT,RTT,7,0.1,1,2129,35,426,9,SDM-Ang-HS4,arc labels,,0.5465547823714013,0.03529411764705882,0.17142857142857143
Right,random,Ang,PTT,RTT,7,0.1,1,2129,35,426,9,SDM-Ang-HSsrc,arc labels,,0.5635352708418611,0.022135416666666668,0.4857142857142857
Right,random,Ang,PTT,RTT,7,0.1,1,2129,35,426,9,SDM-Ang-PCA,arc labels,64.0,0.5397871469504707,0.025,0.22857142857142856
Right,random,Ang,PTT,RTT,7,0.2,1,2129,35,852,22,NoAdapt,nothing,,0.4588893437030973,0.004291845493562232,0.02857142857142857
Right,random,Ang,PTT,RTT,7,0.2,1,2129,35,852,22,TargetOnly,arc labels,,0.6170282439623413,0.061452513966480445,0.3142857142857143
Right,random,Ang,PTT,RTT,7,0.2,1,2129,35,852,22,Source+Target,arc labels,,0.5343361986628462,0.024822695035460994,0.2
Right,random,Ang,PTT,RTT,7,0.2,1,2129,35,852,22,COT,arc labels,,0.5251398553690817,0.019880715705765408,0.2857142857142857
Right,random,Ang,PTT,RTT,7,0.2,1,2129,35,852,22,none-Ang-HS4,arc labels,,0.4582139446036294,0.0,0.0
Right,random,Ang,PTT,RTT,7,0.2,1,2129,35,852,22,none-Ang-HSsrc,nothing,,0.4582139446036294,0.0,0.0
Right,random,Ang,PTT,RTT,7,0.2,1,2129,35,852,22,none-Ang-PCA,arc segments,64.0,0.4552667485332242,0.006472491909385114,0.05714285714285714
Right,random,Ang,PTT,RTT,7,0.2,1,2129,35,852,22,QOTu-Ang-HS4,arc labels,,0.46899304134261155,0.01152073732718894,0.14285714285714285
Right,random,Ang,PTT,RTT,7,0.2,1,2129,35,852,22,QOTu-Ang-HSsrc,arc segments,,0.4694705962614272,0.011574074074074073,0.14285714285714285
Right,random,Ang,PTT,RTT,7,0.2,1,2129,35,852,22,QOTu-Ang-PCA,arc segments,64.0,0.4344862873516169,0.010512483574244415,0.22857142857142856
Right,random,Ang,PTT,RTT,7,0.2,1,2129,35,852,22,QOTc-Ang-HS4,arc labels,,0.6168303997816892,0.08403361344537816,0.2857142857142857
Right,random,Ang,PTT,RTT,7,0.2,1,2129,35,852,22,QOTc-Ang-HSsrc,arc labels,,0.5483353799972711,0.02112676056338028,0.42857142857142855
Right,random,Ang,PTT,RTT,7,0.2,1,2129,35,852,22,QOTc-Ang-PCA,arc labels,32.0,0.6463978714695047,0.19642857142857142,0.3142857142857143
Right,random,Ang,PTT,RTT,7,0.2,1,2129,35,852,22,SDM-Ang-HS4,arc labels,,0.6508937099194979,0.12244897959183673,0.34285714285714286
Right,random,Ang,PTT,RTT,7,0.2,1,2129,35,852,22,SDM-Ang-HSsrc,arc labels,,0.5566516577977896,0.021739130434782608,0.45714285714285713
Right,random,Ang,PTT,RTT,7,0.2,1,2129,35,852,22,SDM-Ang-PCA,arc labels,64.0,0.5110519852640196,0.017793594306049824,0.2857142857142857
Right,random,Ang,PTT,RTT,7,0.3,1,2129,35,1278,34,NoAdapt,nothing,,0.4588893437030973,0.004291845493562232,0.02857142857142857
Right,random,Ang,PTT,RTT,7,0.3,1,2129,35,1278,34,TargetOnly,arc labels,,0.6424955655614681,0.06701030927835051,0.37142857142857144
Right,random,Ang,PTT,RTT,7,0.3,1,2129,35,1278,34,Source+Target,arc labels,,0.5483831354891527,0.028169014084507043,0.22857142857142856
Right,random,Ang,PTT,RTT,7,0.3,1,2129,35,1278,34,COT,arc labels,,0.5485332241779233,0.02077922077922078,0.45714285714285713
Right,random,Ang,PTT,RTT,7,0.3,1,2129,35,1278,34,none-Ang-HS4,arc labels,,0.4582139446036294,0.0,0.0
Right,random,Ang,PTT,RTT,7,0.3,1,2129,35,1278,34,none-Ang-HSsrc,nothing,,0.4582139446036294,0.0,0.0
Right,random,Ang,PTT,RTT,7,0.3,1,2129,35,1278,34,none-Ang-PCA,arc segments,64.0,0.46696684404420796,0.007692307692307693,0.05714285714285714
Right,random,Ang,PTT,RTT,7,0.3,1,2129,35,1278,34,QOTu-Ang-HS4,arc labels,,0.48256242325010235,0.0136986301369863,0.17142857142857143
Right,random,Ang,PTT,RTT,7,0.3,1,2129,35,1278,34,QOTu-Ang-HSsrc,arc segments,,0.4694705962614272,0.011574074074074073,0.14285714285714285
Right,random,Ang,PTT,RTT,7,0.3,1,2129,35,1278,34,QOTu-Ang-PCA,arc segments,64.0,0.39815800245599675,0.0049261083743842365,0.08571428571428572
Right,random,Ang,PTT,RTT,7,0.3,1,2129,35,1278,34,QOTc-Ang-HS4,arc labels,,0.639869013507982,0.06341463414634146,0.37142857142857144
Right,random,Ang,PTT,RTT,7,0.3,1,2129,35,1278,34,QOTc-Ang-HSsrc,arc labels,,0.5288784281620957,0.019704433497536946,0.34285714285714286
Right,random,Ang,PTT,RTT,7,0.3,1,2129,35,1278,34,QOTc-Ang-PCA,arc labels,32.0,0.6211283940510302,0.09900990099009901,0.2857142857142857
Right,random,Ang,PTT,RTT,7,0.3,1,2129,35,1278,34,SDM-Ang-HS4,arc labels,,0.6320302906262791,0.06779661016949153,0.34285714285714286
Right,random,Ang,PTT,RTT,7,0.3,1,2129,35,1278,34,SDM-Ang-HSsrc,arc labels,,0.5568904352571974,0.021768707482993196,0.45714285714285713
Right,random,Ang,PTT,RTT,7,0.3,1,2129,35,1278,34,SDM-Ang-PCA,arc labels,64.0,0.5512825760676763,0.022569444444444444,0.37142857142857144
Right,random,Ang,PTT,RTT,7,0.5,1,2129,35,2118,47,NoAdapt,nothing,,0.4588893437030973,0.004291845493562232,0.02857142857142857
Right,random,Ang,PTT,RTT,7,0.5,1,2129,35,2118,47,TargetOnly,arc labels,,0.6639036703506618,0.06637168141592921,0.42857142857142855
Right,random,Ang,PTT,RTT,7,0.5,1,2129,35,2118,47,Source+Target,arc labels,,0.5869013507981989,0.03278688524590164,0.34285714285714286
Right,random,Ang,PTT,RTT,7,0.5,1,2129,35,2118,47,COT,arc labels,,0.4599536089507436,0.01288659793814433,0.2857142857142857
Right,random,Ang,PTT,RTT,7,0.5,1,2129,35,2118,47,none-Ang-HS4,arc labels,,0.4582139446036294,0.0,0.0
Right,random,Ang,PTT,RTT,7,0.5,1,2129,35,2118,47,none-Ang-HSsrc,nothing,,0.4582139446036294,0.0,0.0
Right,random,Ang,PTT,RTT,7,0.5,1,2129,35,2118,47,none-Ang-PCA,arc segments,64.0,0.47126483831354893,0.008264462809917356,0.05714285714285714
Right,random,Ang,PTT,RTT,7,0.5,1,2129,35,2118,47,QOTu-Ang-HS4,arc labels,,0.4853868194842407,0.014373716632443531,0.2
Right,random,Ang,PTT,RTT,7,0.5,1,2129,35,2118,47,QOTu-Ang-HSsrc,arc segments,,0.4694705962614272,0.011574074074074073,0.14285714285714285
Right,random,Ang,PTT,RTT,7,0.5,1,2129,35,2118,47,QOTu-Ang-PCA,arc segments,64.0,0.4791786055396371,0.01364522417153996,0.2
Right,random,Ang,PTT,RTT,7,0.5,1,2129,35,2118,47,QOTc-Ang-HS4,arc labels,,0.6548710601719198,0.06896551724137931,0.4
Right,random,Ang,PTT,RTT,7,0.5,1,2129,35,2118,47,QOTc-Ang-HSsrc,arc labels,,0.5345681539091282,0.020123839009287926,0.37142857142857144
Right,random,Ang,PTT,RTT,7,0.5,1,2129,35,2118,47,QOTc-Ang-PCA,arc labels,32.0,0.6201732842133989,0.09523809523809523,0.2857142857142857
Right,random,Ang,PTT,RTT,7,0.5,1,2129,35,2118,47,SDM-Ang-HS4,arc labels,,0.6391526811297585,0.0625,0.37142857142857144
Right,random,Ang,PTT,RTT,7,0.5,1,2129,35,2118,47,SDM-Ang-HSsrc,arc labels,,0.5566516577977896,0.021739130434782608,0.45714285714285713
Right,random,Ang,PTT,RTT,7,0.5,1,2129,35,2118,47,SDM-Ang-PCA,arc labels,64.0,0.5150361577295675,0.019867549668874173,0.17142857142857143
Right,random,Ang,PTT,WRM,0,0.05,1,508,32,51,3,NoAdapt,nothing,,0.5467436974789917,0.0821917808219178,0.375
Right,random,Ang,PTT,WRM,0,0.05,1,508,32,51,3,TargetOnly,arc labels,,0.6030724789915967,0.5384615384615384,0.21875
Right,random,Ang,PTT,WRM,0,0.05,1,508,32,51,3,Source+Target,arc labels,,0.5321691176470589,0.0763888888888889,0.34375
Right,random,Ang,PTT,WRM,0,0.05,1,508,32,51,3,COT,arc labels,,0.5600052521008403,0.12962962962962962,0.21875
Right,random,Ang,PTT,WRM,0,0.05,1,508,32,51,3,none-Ang-HS4,arc labels,,0.506171218487395,0.1,0.03125
Right,random,Ang,PTT,WRM,0,0.05,1,508,32,51,3,none-Ang-HSsrc,nothing,,0.506171218487395,0.1,0.03125
Right,random,Ang,PTT,WRM,0,0.05,1,508,32,51,3,none-Ang-PCA,arc segments,64.0,0.5571165966386555,0.2,0.15625
Right,random,Ang,PTT,WRM,0,0.05,1,508,32,51,3,QOTu-Ang-HS4,arc labels,,0.506171218487395,0.1,0.03125
Right,random,Ang,PTT,WRM,0,0.05,1,508,32,51,3,QOTu-Ang-HSsrc,arc segments,,0.506171218487395,0.1,0.03125
Right,random,Ang,PTT,WRM,0,0.05,1,508,32,51,3,QOTu-Ang-PCA,arc segments,4.0,0.506171218487395,0.1,0.03125
Right,random,Ang,PTT,WRM,0,0.05,1,508,32,51,3,QOTc-Ang-HS4,arc labels,,0.5477941176470589,0.2222222222222222,0.125
Right,random,Ang,PTT,WRM,0,0.05,1,508,32,51,3,QOTc-Ang-HSsrc,arc labels,,0.521796218487395,0.18181818181818182,0.0625
Right,random,Ang,PTT,WRM,0,0.05,1,508,32,51,3,QOTc-Ang-PCA,arc labels,64.0,0.5145745798319328,0.5,0.03125
Right,random,Ang,PTT,WRM,0,0.05,1,508,32,51,3,SDM-Ang-HS4,arc labels,,0.4989495798319328,0.0,0.0
Right,random,Ang,PTT,WRM,0,0.05,1,508,32,51,3,SDM-Ang-HSsrc,arc labels,,0.521796218487395,0.18181818181818182,0.0625
Right,random,Ang,PTT,WRM,0,0.05,1,508,32,51,3,SDM-Ang-PCA,arc labels,32.0,0.5603991596638656,0.6666666666666666,0.125
Right,random,Ang,PTT,WRM,0,0.1,1,508,32,102,5,NoAdapt,nothing,,0.5467436974789917,0.0821917808219178,0.375
Right,random,Ang,PTT,WRM,0,0.1,1,508,32,102,5,TargetOnly,arc labels,,0.5259978991596639,0.2857142857142857,0.0625
Right,random,Ang,PTT,WRM,0,0.1,1,508,32,102,5,Source+Target,arc labels,,0.5384716386554622,0.07971014492753623,0.34375
Right,random,Ang,PTT,WRM,0,0.1,1,508,32,102,5,COT,arc labels,,0.5730042016806722,0.09917355371900827,0.375
Right,random,Ang,PTT,WRM,0,0.1,1,508,32,102,5,none-Ang-HS4,arc labels,,0.506171218487395,0.1,0.03125
Right,random,Ang,PTT,WRM,0,0.1,1,508,32,102,5,none-Ang-HSsrc,nothing,,0.506171218487395,0.1,0.03125
Right,random,Ang,PTT,WRM,0,0.1,1,508,32,102,5,none-Ang-PCA,arc segments,64.0,0.5613182773109244,0.23809523809523808,0.15625
Right,random,Ang,PTT,WRM,0,0.1,1,508,32,102,5,QOTu-Ang-HS4,arc labels,,0.506171218487395,0.1,0.03125
Right,random,Ang,PTT,WRM,0,0.1,1,508,32,102,5,QOTu-Ang-HSsrc,arc segments,,0.506171218487395,0.1,0.03125
Right,random,Ang,PTT,WRM,0,0.1,1,508,32,102,5,QOTu-Ang-PCA,arc segments,4.0,0.506171218487395,0.1,0.03125
Right,random,Ang,PTT,WRM,0,0.1,1,508,32,102,5,QOTc-Ang-HS4,arc labels,,0.553702731092437,0.11666666666666667,0.21875
Right,random,Ang,PTT,WRM,0,0.1,1,508,32,102,5,QOTc-Ang-HSsrc,arc labels,,0.506171218487395,0.1,0.03125
Right,random,Ang,PTT,WRM,0,0.1,1,508,32,102,5,QOTc-Ang-PCA,arc labels,64.0,0.5614495798319328,0.8,0.125
Right,random,Ang,PTT,WRM,0,0.1,1,508,32,102,5,SDM-Ang-HS4,arc labels,,0.5114233193277311,0.2,0.03125
Right,random,Ang,PTT,WRM,0,0.1,1,508,32,102,5,SDM-Ang-HSsrc,arc labels,,0.506171218487395,0.1,0.03125
Right,random,Ang,PTT,WRM,0,0.1,1,508,32,102,5,SDM-Ang-PCA,arc labels,32.0,0.59046743697479,0.28,0.21875
Right,random,Ang,PTT,WRM,0,0.2,1,508,32,203,7,NoAdapt,nothing,,0.5467436974789917,0.0821917808219178,0.375
Right,random,Ang,PTT,WRM,0,0.2,1,508,32,203,7,TargetOnly,arc labels,,0.5895483193277311,0.6,0.1875
Right,random,Ang,PTT,WRM,0,0.2,1,508,32,203,7,Source+Target,arc labels,,0.5396533613445378,0.08264462809917356,0.3125
Right,random,Ang,PTT,WRM,0,0.2,1,508,32,203,7,COT,arc labels,,0.5740546218487395,0.1,0.375
Right,random,Ang,PTT,WRM,0,0.2,1,508,32,203,7,none-Ang-HS4,arc labels,,0.506171218487395,0.1,0.03125
Right,random,Ang,PTT,WRM,0,0.2,1,508,32,203,7,none-Ang-HSsrc,nothing,,0.506171218487395,0.1,0.03125
Right,random,Ang,PTT,WRM,0,0.2,1,508,32,203,7,none-Ang-PCA,arc segments,64.0,0.5571165966386555,0.2,0.15625
Right,random,Ang,PTT,WRM,0,0.2,1,508,32,203,7,QOTu-Ang-HS4,arc labels,,0.506171218487395,0.1,0.03125
Right,random,Ang,PTT,WRM,0,0.2,1,508,32,203,7,QOTu-Ang-HSsrc,arc segments,,0.506171218487395,0.1,0.03125
Right,random,Ang,PTT,WRM,0,0.2,1,508,32,203,7,QOTu-Ang-PCA,arc segments,4.0,0.506171218487395,0.1,0.03125
Right,random,Ang,PTT,WRM,0,0.2,1,508,32,203,7,QOTc-Ang-HS4,arc labels,,0.602547268907563,0.14285714285714285,0.34375
Right,random,Ang,PTT,WRM,0,0.2,1,508,32,203,7,QOTc-Ang-HSsrc,arc labels,,0.506171218487395,0.1,0.03125
Right,random,Ang,PTT,WRM,0,0.2,1,508,32,203,7,QOTc-Ang-PCA,arc labels,64.0,0.48214285714285715,0.0,0.0
Right,random,Ang,PTT,WRM,0,0.2,1,508,32,203,7,SDM-Ang-HS4,arc labels,,0.5270483193277311,0.3333333333333333,0.0625
Right,random,Ang,PTT,WRM,0,0.2,1,508,32,203,7,SDM-Ang-HSsrc,arc labels,,0.506171218487395,0.1,0.03125
Right,random,Ang,PTT,WRM,0,0.2,1,508,32,203,7,SDM-Ang-PCA,arc labels,64.0,0.4880514705882353,0.05084745762711865,0.09375
Right,random,Ang,PTT,WRM,0,0.3,1,508,32,305,12,NoAdapt,nothing,,0.5467436974789917,0.0821917808219178,0.375
Right,random,Ang,PTT,WRM,0,0.3,1,508,32,305,12,TargetOnly,arc labels,,0.6207983193277311,0.6666666666666666,0.25
Right,random,Ang,PTT,WRM,0,0.3,1,508,32,305,12,Source+Target,arc labels,,0.5097163865546219,0.06976744186046512,0.1875
Right,random,Ang,PTT,WRM,0,0.3,1,508,32,305,12,COT,arc labels,,0.5730042016806722,0.09917355371900827,0.375
Right,random,Ang,PTT,WRM,0,0.3,1,508,32,305,12,none-Ang-HS4,arc labels,,0.506171218487395,0.1,0.03125
Right,random,Ang,PTT,WRM,0,0.3,1,508,32,305,12,none-Ang-HSsrc,nothing,,0.506171218487395,0.1,0.03125
Right,random,Ang,PTT,WRM,0,0.3,1,508,32,305,12,none-Ang-PCA,arc segments,64.0,0.5613182773109244,0.23809523809523808,0.15625
Right,random,Ang,PTT,WRM,0,0.3,1,508,32,305,12,QOTu-Ang-HS4,arc labels,,0.506171218487395,0.1,0.03125
Right,random,Ang,PTT,WRM,0,0.3,1,508,32,305,12,QOTu-Ang-HSsrc,arc segments,,0.506171218487395,0.1,0.03125
Right,random,Ang,PTT,WRM,0,0.3,1,508,32,305,12,QOTu-Ang-PCA,arc segments,4.0,0.506171218487395,0.1,0.03125
Right,random,Ang,PTT,WRM,0,0.3,1,508,32,305,12,QOTc-Ang-HS4,arc labels,,0.6081932773109244,0.3333333333333333,0.25
Right,random,Ang,PTT,WRM,0,0.3,1,508,32,305,12,QOTc-Ang-HSsrc,arc labels,,0.506171218487395,0.1,0.03125
Right,random,Ang,PTT,WRM,0,0.3,1,508,32,305,12,QOTc-Ang-PCA,arc labels,64.0,0.48214285714285715,0.0,0.0
Right,random,Ang,PTT,WRM,0,0.3,1,508,32,305,12,SDM-Ang-HS4,arc labels,,0.6051733193277311,0.6363636363636364,0.21875
Right,random,Ang,PTT,WRM,0,0.3,1,508,32,305,12,SDM-Ang-HSsrc,arc labels,,0.506171218487395,0.1,0.03125
Right,random,Ang,PTT,WRM,0,0.3,1,508,32,305,12,SDM-Ang-PCA,arc labels,32.0,0.5664390756302521,0.0880503144654088,0.4375
Right,random,Ang,PTT,WRM,0,0.5,1,508,32,498,24,NoAdapt,nothing,,0.5467436974789917,0.0821917808219178,0.375
Right,random,Ang,PTT,WRM,0,0.5,1,508,32,498,24,TargetOnly,arc labels,,0.6123949579831933,0.4,0.25
Right,random,Ang,PTT,WRM,0,0.5,1,508,32,498,24,Source+Target,arc labels,,0.5191701680672269,0.07792207792207792,0.1875
Right,random,Ang,PTT,WRM,0,0.5,1,508,32,498,24,COT,arc labels,,0.5119485294117647,0.06666666666666667,0.40625
Right,random,Ang,PTT,WRM,0,0.5,1,508,32,498,24,none-Ang-HS4,arc labels,,0.506171218487395,0.1,0.03125
Right,random,Ang,PTT,WRM,0,0.5,1,508,32,498,24,none-Ang-HSsrc,nothing,,0.506171218487395,0.1,0.03125
Right,random,Ang,PTT,WRM,0,0.5,1,508,32,498,24,none-Ang-PCA,arc segments,64.0,0.5613182773109244,0.23809523809523808,0.15625
Right,random,Ang,PTT,WRM,0,0.5,1,508,32,498,24,QOTu-Ang-HS4,arc labels,,0.506171218487395,0.1,0.03125
Right,random,Ang,PTT,WRM,0,0.5,1,508,32,498,24,QOTu-Ang-HSsrc,arc segments,,0.506171218487395,0.1,0.03125
Right,random,Ang,PTT,WRM,0,0.5,1,508,32,498,24,QOTu-Ang-PCA,arc segments,4.0,0.506171218487395,0.1,0.03125
Right,random,Ang,PTT,WRM,0,0.5,1,508,32,498,24,QOTc-Ang-HS4,arc labels,,0.6134453781512605,0.42105263157894735,0.25
Right,random,Ang,PTT,WRM,0,0.5,1,508,32,498,24,QOTc-Ang-HSsrc,arc labels,,0.5005252100840336,0.06349206349206349,0.125
Right,random,Ang,PTT,WRM,0,0.5,1,508,32,498,24,QOTc-Ang-PCA,arc labels,64.0,0.5697216386554622,0.38461538461538464,0.15625
Right,random,Ang,PTT,WRM,0,0.5,1,508,32,498,24,SDM-Ang-HS4,arc labels,,0.6020220588235294,0.5,0.21875
Right,random,Ang,PTT,WRM,0,0.5,1,508,32,498,24,SDM-Ang-HSsrc,arc labels,,0.506171218487395,0.1,0.03125
Right,random,Ang,PTT,WRM,0,0.5,1,508,32,498,24,SDM-Ang-PCA,arc labels,64.0,0.5417542016806722,0.08403361344537816,0.3125
Right,random,Ang,PTT,WRM,1,0.05,1,508,19,51,3,NoAdapt,nothing,,0.5998277903347325,0.06293706293706294,0.47368421052631576
Right,random,Ang,PTT,WRM,1,0.05,1,508,19,51,3,TargetOnly,arc labels,,0.5,0.0,0.0
Right,random,Ang,PTT,WRM,1,0.05,1,508,19,51,3,Source+Target,arc labels,,0.585781939511355,0.06153846153846154,0.42105263157894735
Right,random,Ang,PTT,WRM,1,0.05,1,508,19,51,3,COT,arc labels,,0.5159832095576364,0.04,0.47368421052631576
Right,random,Ang,PTT,WRM,1,0.05,1,508,19,51,3,none-Ang-HS4,arc labels,,0.49284253578732107,0.0,0.0
Right,random,Ang,PTT,WRM,1,0.05,1,508,19,51,3,none-Ang-HSsrc,nothing,,0.49284253578732107,0.0,0.0
Right,random,Ang,PTT,WRM,1,0.05,1,508,19,51,3,none-Ang-PCA,arc segments,64.0,0.4887525562372188,0.0,0.0
Right,random,Ang,PTT,WRM,1,0.05,1,508,19,51,3,QOTu-Ang-HS4,arc labels,,0.4948875255623722,0.0,0.0
Right,random,Ang,PTT,WRM,1,0.05,1,508,19,51,3,QOTu-Ang-HSsrc,arc segments,,0.4948875255623722,0.0,0.0
Right,random,Ang,PTT,WRM,1,0.05,1,508,19,51,3,QOTu-Ang-PCA,arc segments,64.0,0.4437627811860941,0.0,0.0
Right,random,Ang,PTT,WRM,1,0.05,1,508,19,51,3,QOTc-Ang-HS4,arc labels,,0.5,0.0,0.0
Right,random,Ang,PTT,WRM,1,0.05,1,508,19,51,3,QOTc-Ang-HSsrc,arc labels,,0.49870842751049405,0.03571428571428571,0.05263157894736842
Right,random,Ang,PTT,WRM,1,0.05,1,508,19,51,3,QOTc-Ang-PCA,arc labels,64.0,0.49795501022494887,0.0,0.0
Right,random,Ang,PTT,WRM,1,0.05,1,508,19,51,3,SDM-Ang-HS4,arc labels,,0.5,0.0,0.0
Right,random,Ang,PTT,WRM,1,0.05,1,508,19,51,3,SDM-Ang-HSsrc,arc labels,,0.5038209019481218,0.043478260869565216,0.05263157894736842
Right,random,Ang,PTT,WRM,1,0.05,1,508,19,51,3,SDM-Ang-PCA,arc labels,32.0,0.5,0.0,0.0
Right,random,Ang,PTT,WRM,1,0.1,1,508,19,102,5,NoAdapt,nothing,,0.5998277903347325,0.06293706293706294,0.47368421052631576
Right,random,Ang,PTT,WRM,1,0.1,1,508,19,102,5,TargetOnly,arc labels,,0.5252932945861587,0.5,0.05263157894736842
Right,random,Ang,PTT,WRM,1,0.1,1,508,19,102,5,Source+Target,arc labels,,0.6131202238725648,0.06923076923076923,0.47368421052631576
Right,random,Ang,PTT,WRM,1,0.1,1,508,19,102,5,COT,arc labels,,0.4920353029813799,0.03409090909090909,0.15789473684210525
Right,random,Ang,PTT,WRM,1,0.1,1,508,19,102,5,none-Ang-HS4,arc labels,,0.49284253578732107,0.0,0.0
Right,random,Ang,PTT,WRM,1,0.1,1,508,19,102,5,none-Ang-HSsrc,nothing,,0.49284253578732107,0.0,0.0
Right,random,Ang,PTT,WRM,1,0.1,1,508,19,102,5,none-Ang-PCA,arc segments,64.0,0.4887525562372188,0.0,0.0
Right,random,Ang,PTT,WRM,1,0.1,1,508,19,102,5,QOTu-Ang-HS4,arc labels,,0.4948875255623722,0.0,0.0
Right,random,Ang,PTT,WRM,1,0.1,1,508,19,102,5,QOTu-Ang-HSsrc,arc segments,,0.4948875255623722,0.0,0.0
Right,random,Ang,PTT,WRM,1,0.1,1,508,19,102,5,QOTu-Ang-PCA,arc segments,64.0,0.44171779141104295,0.0,0.0
Right,random,Ang,PTT,WRM,1,0.1,1,508,19,102,5,QOTc-Ang-HS4,arc labels,,0.5,0.0,0.0
Right,random,Ang,PTT,WRM,1,0.1,1,508,19,102,5,QOTc-Ang-HSsrc,arc labels,,0.5027984070605963,0.041666666666666664,0.05263157894736842
Right,random,Ang,PTT,WRM,1,0.1,1,508,19,102,5,QOTc-Ang-PCA,arc labels,64.0,0.49795501022494887,0.0,0.0
Right,random,Ang,PTT,WRM,1,0.1,1,508,19,102,5,SDM-Ang-HS4,arc labels,,0.5,0.0,0.0
Right,random,Ang,PTT,WRM,1,0.1,1,508,19,102,5,SDM-Ang-HSsrc,arc labels,,0.49870842751049405,0.03571428571428571,0.05263157894736842
Right,random,Ang,PTT,WRM,1,0.1,1,508,19,102,5,SDM-Ang-PCA,arc labels,64.0,0.4621676891615542,0.0,0.0
Right,random,Ang,PTT,WRM,1,0.2,1,508,19,203,14,NoAdapt,nothing,,0.5998277903347325,0.06293706293706294,0.47368421052631576
Right,random,Ang,PTT,WRM,1,0.2,1,508,19,203,14,TargetOnly,arc labels,,0.558228393068561,0.08,0.21052631578947367
Right,random,Ang,PTT,WRM,1,0.2,1,508,19,203,14,Source+Target,arc labels,,0.6039177698848348,0.06474820143884892,0.47368421052631576
Right,random,Ang,PTT,WRM,1,0.2,1,508,19,203,14,COT,arc labels,,0.44752986761381985,0.02702702702702703,0.2631578947368421
Right,random,Ang,PTT,WRM,1,0.2,1,508,19,203,14,none-Ang-HS4,arc labels,,0.49284253578732107,0.0,0.0
Right,random,Ang,PTT,WRM,1,0.2,1,508,19,203,14,none-Ang-HSsrc,nothing,,0.49284253578732107,0.0,0.0
Right,random,Ang,PTT,WRM,1,0.2,1,508,19,203,14,none-Ang-PCA,arc segments,64.0,0.4887525562372188,0.0,0.0
Right,random,Ang,PTT,WRM,1,0.2,1,508,19,203,14,QOTu-Ang-HS4,arc labels,,0.49591002044989774,0.0,0.0
Right,random,Ang,PTT,WRM,1,0.2,1,508,19,203,14,QOTu-Ang-HSsrc,arc segments,,0.4948875255623722,0.0,0.0
Right,random,Ang,PTT,WRM,1,0.2,1,508,19,203,14,QOTu-Ang-PCA,arc segments,64.0,0.43558282208588955,0.0,0.0
Right,random,Ang,PTT,WRM,1,0.2,1,508,19,203,14,QOTc-Ang-HS4,arc labels,,0.5096867936712948,0.045454545454545456,0.10526315789473684
Right,random,Ang,PTT,WRM,1,0.2,1,508,19,203,14,QOTc-Ang-HSsrc,arc labels,,0.49284253578732107,0.0,0.0
Right,random,Ang,PTT,WRM,1,0.2,1,508,19,203,14,QOTc-Ang-PCA,arc labels,64.0,0.4867075664621677,0.0,0.0
Right,random,Ang,PTT,WRM,1,0.2,1,508,19,203,14,SDM-Ang-HS4,arc labels,,0.5096867936712948,0.045454545454545456,0.10526315789473684
Right,random,Ang,PTT,WRM,1,0.2,1,508,19,203,14,SDM-Ang-HSsrc,arc labels,,0.5186201700570444,0.04838709677419355,0.15789473684210525
Right,random,Ang,PTT,WRM,1,0.2,1,508,19,203,14,SDM-Ang-PCA,arc labels,64.0,0.5974599074373049,0.05017921146953405,0.7368421052631579
Right,random,Ang,PTT,WRM,1,0.3,1,508,19,305,25,NoAdapt,nothing,,0.5998277903347325,0.06293706293706294,0.47368421052631576
Right,random,Ang,PTT,WRM,1,0.3,1,508,19,305,25,TargetOnly,arc labels,,0.5291141965342805,0.08,0.10526315789473684
Right,random,Ang,PTT,WRM,1,0.3,1,508,19,305,25,Source+Target,arc labels,,0.5977828005596814,0.06206896551724138,0.47368421052631576
Right,random,Ang,PTT,WRM,1,0.3,1,508,19,305,25,COT,arc labels,,0.4668496394360134,0.034210526315789476,0.6842105263157895
Right,random,Ang,PTT,WRM,1,0.3,1,508,19,305,25,none-Ang-HS4,arc labels,,0.49284253578732107,0.0,0.0
Right,random,Ang,PTT,WRM,1,0.3,1,508,19,305,25,none-Ang-HSsrc,nothing,,0.49284253578732107,0.0,0.0
Right,random,Ang,PTT,WRM,1,0.3,1,508,19,305,25,none-Ang-PCA,arc segments,64.0,0.4887525562372188,0.0,0.0
Right,random,Ang,PTT,WRM,1,0.3,1,508,19,305,25,QOTu-Ang-HS4,arc labels,,0.4948875255623722,0.0,0.0
Right,random,Ang,PTT,WRM,1,0.3,1,508,19,305,25,QOTu-Ang-HSsrc,arc segments,,0.4948875255623722,0.0,0.0
Right,random,Ang,PTT,WRM,1,0.3,1,508,19,305,25,QOTu-Ang-PCA,arc segments,64.0,0.4447852760736196,0.0,0.0
Right,random,Ang,PTT,WRM,1,0.3,1,508,19,305,25,QOTc-Ang-HS4,arc labels,,0.467280163599182,0.0,0.0
Right,random,Ang,PTT,WRM,1,0.3,1,508,19,305,25,QOTc-Ang-HSsrc,arc labels,,0.4897750511247444,0.0,0.0
Right,random,Ang,PTT,WRM,1,0.3,1,508,19,305,25,QOTc-Ang-PCA,arc labels,64.0,0.5025293294586158,0.0392156862745098,0.10526315789473684
Right,random,Ang,PTT,WRM,1,0.3,1,508,19,305,25,SDM-Ang-HS4,arc labels,,0.5096867936712948,0.045454545454545456,0.10526315789473684
Right,random,Ang,PTT,WRM,1,0.3,1,508,19,305,25,SDM-Ang-HSsrc,arc labels,,0.5155526853944677,0.046153846153846156,0.15789473684210525
Right,random,Ang,PTT,WRM,1,0.3,1,508,19,305,25,SDM-Ang-PCA,arc labels,64.0,0.43273059950489723,0.02054794520547945,0.15789473684210525
Right,random,Ang,PTT,WRM,1,0.5,1,508,19,487,40,NoAdapt,nothing,,0.5998277903347325,0.06293706293706294,0.47368421052631576
Right,random,Ang,PTT,WRM,1,0.5,1,508,19,487,40,TargetOnly,arc labels,,0.4953718652459369,0.034482758620689655,0.10526315789473684
Right,random,Ang,PTT,WRM,1,0.5,1,508,19,487,40,Source+Target,arc labels,,0.5967603056721559,0.06164383561643835,0.47368421052631576
Right,random,Ang,PTT,WRM,1,0.5,1,508,19,487,40,COT,arc labels,,0.5294909051770531,0.0410958904109589,0.631578947368421
Right,random,Ang,PTT,WRM,1,0.5,1,508,19,487,40,none-Ang-HS4,arc labels,,0.49284253578732107,0.0,0.0
Right,random,Ang,PTT,WRM,1,0.5,1,508,19,487,40,none-Ang-HSsrc,nothing,,0.49284253578732107,0.0,0.0
Right,random,Ang,PTT,WRM,1,0.5,1,508,19,487,40,none-Ang-PCA,arc segments,64.0,0.4887525562372188,0.0,0.0
Right,random,Ang,PTT,WRM,1,0.5,1,508,19,487,40,QOTu-Ang-HS4,arc labels,,0.4948875255623722,0.0,0.0
Right,random,Ang,PTT,WRM,1,0.5,1,508,19,487,40,QOTu-Ang-HSsrc,arc segments,,0.4948875255623722,0.0,0.0
Right,random,Ang,PTT,WRM,1,0.5,1,508,19,487,40,QOTu-Ang-PCA,arc segments,64.0,0.4447852760736196,0.0,0.0
Right,random,Ang,PTT,WRM,1,0.5,1,508,19,487,40,QOTc-Ang-HS4,arc labels,,0.47594446238295124,0.025974025974025976,0.10526315789473684
Right,random,Ang,PTT,WRM,1,0.5,1,508,19,487,40,QOTc-Ang-HSsrc,arc labels,,0.4897750511247444,0.0,0.0
Right,random,Ang,PTT,WRM,1,0.5,1,508,19,487,40,QOTc-Ang-PCA,arc labels,64.0,0.45958454418254224,0.021505376344086023,0.10526315789473684
Right,random,Ang,PTT,WRM,1,0.5,1,508,19,487,40,SDM-Ang-HS4,arc labels,,0.47260790011839415,0.028037383177570093,0.15789473684210525
Right,random,Ang,PTT,WRM,1,0.5,1,508,19,487,40,SDM-Ang-HSsrc,arc labels,,0.5426218921536972,0.05434782608695652,0.2631578947368421
Right,random,Ang,PTT,WRM,1,0.5,1,508,19,487,40,SDM-Ang-PCA,arc labels,32.0,0.48256377139166934,0.03225806451612903,0.21052631578947367
Right,random,Ang,PTT,WRM,2,0.05,1,508,18,51,2,NoAdapt,nothing,,0.6173469387755102,0.06474820143884892,0.5
Right,random,Ang,PTT,WRM,2,0.05,1,508,18,51,2,TargetOnly,arc labels,,0.47086167800453516,0.023529411764705882,0.1111111111111111
Right,random,Ang,PTT,WRM,2,0.05,1,508,18,51,2,Source+Target,arc labels,,0.5895691609977325,0.057971014492753624,0.4444444444444444
Right,random,Ang,PTT,WRM,2,0.05,1,508,18,51,2,COT,arc labels,,0.4147392290249433,0.014285714285714285,0.1111111111111111
Right,random,Ang,PTT,WRM,2,0.05,1,508,18,51,2,none-Ang-HS4,arc labels,,0.47959183673469385,0.0,0.0
Right,random,Ang,PTT,WRM,2,0.05,1,508,18,51,2,none-Ang-HSsrc,nothing,,0.4846938775510204,0.0,0.0
Right,random,Ang,PTT,WRM,2,0.05,1,508,18,51,2,none-Ang-PCA,arc segments,64.0,0.4806122448979592,0.0,0.0
Right,random,Ang,PTT,WRM,2,0.05,1,508,18,51,2,QOTu-Ang-HS4,arc labels,,0.48367346938775513,0.0,0.0
Right,random,Ang,PTT,WRM,2,0.05,1,508,18,51,2,QOTu-Ang-HSsrc,arc segments,,0.4846938775510204,0.0,0.0
Right,random,Ang,PTT,WRM,2,0.05,1,508,18,51,2,QOTu-Ang-PCA,arc segments,64.0,0.45759637188208613,0.02040816326530612,0.1111111111111111
Right,random,Ang,PTT,WRM,2,0.05,1,508,18,51,2,QOTc-Ang-HS4,arc labels,,0.5198412698412699,0.05405405405405406,0.1111111111111111
Right,random,Ang,PTT,WRM,2,0.05,1,508,18,51,2,QOTc-Ang-HSsrc,arc labels,,0.5227891156462585,0.04081632653061224,0.3333333333333333
Right,random,Ang,PTT,WRM,2,0.05,1,508,18,51,2,QOTc-Ang-PCA,arc labels,64.0,0.490249433106576,0.030303030303030304,0.1111111111111111
Right,random,Ang,PTT,WRM,2,0.05,1,508,18,51,2,SDM-Ang-HS4,arc labels,,0.5218820861678004,0.05714285714285714,0.1111111111111111
Right,random,Ang,PTT,WRM,2,0.05,1,508,18,51,2,SDM-Ang-HSsrc,arc labels,,0.42380952380952375,0.02459016393442623,0.3333333333333333
Right,random,Ang,PTT,WRM,2,0.05,1,508,18,51,2,SDM-Ang-PCA,arc labels,32.0,0.5280045351473923,0.06896551724137931,0.1111111111111111
Right,random,Ang,PTT,WRM,2,0.1,1,508,18,102,8,NoAdapt,nothing,,0.6173469387755102,0.06474820143884892,0.5
Right,random,Ang,PTT,WRM,2,0.1,1,508,18,102,8,TargetOnly,arc labels,,0.5096371882086168,0.036544850498338874,0.6111111111111112
Right,random,Ang,PTT,WRM,2,0.1,1,508,18,102,8,Source+Target,arc labels,,0.616326530612245,0.06428571428571428,0.5
Right,random,Ang,PTT,WRM,2,0.1,1,508,18,102,8,COT,arc labels,,0.4912698412698413,0.034482758620689655,0.6111111111111112
Right,random,Ang,PTT,WRM,2,0.1,1,508,18,102,8,none-Ang-HS4,arc labels,,0.4806122448979592,0.0,0.0
Right,random,Ang,PTT,WRM,2,0.1,1,508,18,102,8,none-Ang-HSsrc,nothing,,0.4846938775510204,0.0,0.0
Right,random,Ang,PTT,WRM,2,0.1,1,508,18,102,8,none-Ang-PCA,arc segments,64.0,0.4775510204081633,0.0,0.0
Right,random,Ang,PTT,WRM,2,0.1,1,508,18,102,8,QOTu-Ang-HS4,arc labels,,0.4887755102040816,0.0,0.0
Right,random,Ang,PTT,WRM,2,0.1,1,508,18,102,8,QOTu-Ang-HSsrc,arc segments,,0.4857142857142857,0.0,0.0
Right,random,Ang,PTT,WRM,2,0.1,1,508,18,102,8,QOTu-Ang-PCA,arc segments,64.0,0.4357142857142857,0.0,0.0
Right,random,Ang,PTT,WRM,2,0.1,1,508,18,102,8,QOTc-Ang-HS4,arc labels,,0.5119047619047619,0.0410958904109589,0.16666666666666666
Right,random,Ang,PTT,WRM,2,0.1,1,508,18,102,8,QOTc-Ang-HSsrc,arc labels,,0.5098639455782313,0.04,0.16666666666666666
Right,random,Ang,PTT,WRM,2,0.1,1,508,18,102,8,QOTc-Ang-PCA,arc labels,64.0,0.4308390022675737,0.010416666666666666,0.05555555555555555
Right,random,Ang,PTT,WRM,2,0.1,1,508,18,102,8,SDM-Ang-HS4,arc labels,,0.5035147392290249,0.03773584905660377,0.1111111111111111
Right,random,Ang,PTT,WRM,2,0.1,1,508,18,102,8,SDM-Ang-HSsrc,arc labels,,0.5841269841269842,0.04824561403508772,0.6111111111111112
Right,random,Ang,PTT,WRM,2,0.1,1,508,18,102,8,SDM-Ang-PCA,arc labels,64.0,0.5210884353741496,0.046875,0.16666666666666666
Right,random,Ang,PTT,WRM,2,0.2,1,508,18,203,17,NoAdapt,nothing,,0.6173469387755102,0.06474820143884892,0.5
Right,random,Ang,PTT,WRM,2,0.2,1,508,18,203,17,TargetOnly,arc labels,,0.5106575963718821,0.043478260869565216,0.1111111111111111
Right,random,Ang,PTT,WRM,2,0.2,1,508,18,203,17,Source+Target,arc labels,,0.6112244897959184,0.06206896551724138,0.5
Right,random,Ang,PTT,WRM,2,0.2,1,508,18,203,17,COT,arc labels,,0.5543083900226757,0.043668122270742356,0.5555555555555556
Right,random,Ang,PTT,WRM,2,0.2,1,508,18,203,17,none-Ang-HS4,arc labels,,0.47959183673469385,0.0,0.0
Right,random,Ang,PTT,WRM,2,0.2,1,508,18,203,17,none-Ang-HSsrc,nothing,,0.4846938775510204,0.0,0.0
Right,random,Ang,PTT,WRM,2,0.2,1,508,18,203,17,none-Ang-PCA,arc segments,64.0,0.47551020408163264,0.0,0.0
Right,random,Ang,PTT,WRM,2,0.2,1,508,18,203,17,QOTu-Ang-HS4,arc labels,,0.4887755102040816,0.0,0.0
Right,random,Ang,PTT,WRM,2,0.2,1,508,18,203,17,QOTu-Ang-HSsrc,arc segments,,0.4846938775510204,0.0,0.0
Right,random,Ang,PTT,WRM,2,0.2,1,508,18,203,17,QOTu-Ang-PCA,arc segments,64.0,0.43979591836734694,0.0,0.0
Right,random,Ang,PTT,WRM,2,0.2,1,508,18,203,17,QOTc-Ang-HS4,arc labels,,0.4984126984126984,0.034482758620689655,0.1111111111111111
Right,random,Ang,PTT,WRM,2,0.2,1,508,18,203,17,QOTc-Ang-HSsrc,arc labels,,0.5098639455782313,0.04,0.16666666666666666
Right,random,Ang,PTT,WRM,2,0.2,1,508,18,203,17,QOTc-Ang-PCA,arc labels,64.0,0.4887755102040816,0.0,0.0
Right,random,Ang,PTT,WRM,2,0.2,1,508,18,203,17,SDM-Ang-HS4,arc labels,,0.4933106575963718,0.031746031746031744,0.1111111111111111
Right,random,Ang,PTT,WRM,2,0.2,1,508,18,203,17,SDM-Ang-HSsrc,arc labels,,0.6063492063492064,0.056179775280898875,0.5555555555555556
Right,random,Ang,PTT,WRM,2,0.2,1,508,18,203,17,SDM-Ang-PCA,arc labels,64.0,0.6071428571428572,0.06040268456375839,0.5
Right,random,Ang,PTT,WRM,2,0.3,1,508,18,305,25,NoAdapt,nothing,,0.6173469387755102,0.06474820143884892,0.5
Right,random,Ang,PTT,WRM,2,0.3,1,508,18,305,25,TargetOnly,arc labels,,0.658390022675737,0.07874015748031496,0.5555555555555556
Right,random,Ang,PTT,WRM,2,0.3,1,508,18,305,25,Source+Target,arc labels,,0.5967120181405896,0.061068702290076333,0.4444444444444444
Right,random,Ang,PTT,WRM,2,0.3,1,508,18,305,25,COT,arc labels,,0.638095238095238,0.052083333333333336,0.8333333333333334
Right,random,Ang,PTT,WRM,2,0.3,1,508,18,305,25,none-Ang-HS4,arc labels,,0.4846938775510204,0.0,0.0
Right,random,Ang,PTT,WRM,2,0.3,1,508,18,305,25,none-Ang-HSsrc,nothing,,0.4846938775510204,0.0,0.0
Right,random,Ang,PTT,WRM,2,0.3,1,508,18,305,25,none-Ang-PCA,arc segments,64.0,0.47551020408163264,0.0,0.0
Right,random,Ang,PTT,WRM,2,0.3,1,508,18,305,25,QOTu-Ang-HS4,arc labels,,0.4887755102040816,0.0,0.0
Right,random,Ang,PTT,WRM,2,0.3,1,508,18,305,25,QOTu-Ang-HSsrc,arc segments,,0.4846938775510204,0.0,0.0
Right,random,Ang,PTT,WRM,2,0.3,1,508,18,305,25,QOTu-Ang-PCA,arc segments,64.0,0.4418367346938776,0.0,0.0
Right,random,Ang,PTT,WRM,2,0.3,1,508,18,305,25,QOTc-Ang-HS4,arc labels,,0.5429705215419501,0.050505050505050504,0.2777777777777778
Right,random,Ang,PTT,WRM,2,0.3,1,508,18,305,25,QOTc-Ang-HSsrc,arc labels,,0.5098639455782313,0.04,0.16666666666666666
Right,random,Ang,PTT,WRM,2,0.3,1,508,18,305,25,QOTc-Ang-PCA,arc labels,64.0,0.4683673469387755,0.0,0.0
Right,random,Ang,PTT,WRM,2,0.3,1,508,18,305,25,SDM-Ang-HS4,arc labels,,0.5479591836734694,0.043478260869565216,0.5
Right,random,Ang,PTT,WRM,2,0.3,1,508,18,305,25,SDM-Ang-HSsrc,arc labels,,0.5971655328798187,0.053475935828877004,0.5555555555555556
Right,random,Ang,PTT,WRM,2,0.3,1,508,18,305,25,SDM-Ang-PCA,arc labels,64.0,0.6226757369614513,0.06172839506172839,0.5555555555555556
Right,random,Ang,PTT,WRM,2,0.5,1,508,18,488,37,NoAdapt,nothing,,0.6173469387755102,0.06474820143884892,0.5
Right,random,Ang,PTT,WRM,2,0.5,1,508,18,488,37,TargetOnly,arc labels,,0.5840136054421768,0.06896551724137931,0.3333333333333333
Right,random,Ang,PTT,WRM,2,0.5,1,508,18,488,37,Source+Target,arc labels,,0.5873015873015873,0.0625,0.3888888888888889
Right,random,Ang,PTT,WRM,2,0.5,1,508,18,488,37,COT,arc labels,,0.6301587301587301,0.04938271604938271,0.8888888888888888
Right,random,Ang,PTT,WRM,2,0.5,1,508,18,488,37,none-Ang-HS4,arc labels,,0.4846938775510204,0.0,0.0
Right,random,Ang,PTT,WRM,2,0.5,1,508,18,488,37,none-Ang-HSsrc,nothing,,0.4846938775510204,0.0,0.0
Right,random,Ang,PTT,WRM,2,0.5,1,508,18,488,37,none-Ang-PCA,arc segments,64.0,0.47551020408163264,0.0,0.0
Right,random,Ang,PTT,WRM,2,0.5,1,508,18,488,37,QOTu-Ang-HS4,arc labels,,0.4887755102040816,0.0,0.0
Right,random,Ang,PTT,WRM,2,0.5,1,508,18,488,37,QOTu-Ang-HSsrc,arc segments,,0.4857142857142857,0.0,0.0
Right,random,Ang,PTT,WRM,2,0.5,1,508,18,488,37,QOTu-Ang-PCA,arc segments,64.0,0.44285714285714284,0.0,0.0
Right,random,Ang,PTT,WRM,2,0.5,1,508,18,488,37,QOTc-Ang-HS4,arc labels,,0.5272108843537415,0.05172413793103448,0.16666666666666666
Right,random,Ang,PTT,WRM,2,0.5,1,508,18,488,37,QOTc-Ang-HSsrc,arc labels,,0.5098639455782313,0.04,0.16666666666666666
Right,random,Ang,PTT,WRM,2,0.5,1,508,18,488,37,QOTc-Ang-PCA,arc labels,64.0,0.4484126984126984,0.018691588785046728,0.1111111111111111
Right,random,Ang,PTT,WRM,2,0.5,1,508,18,488,37,SDM-Ang-HS4,arc labels,,0.5014739229024944,0.03636363636363636,0.1111111111111111
Right,random,Ang,PTT,WRM,2,0.5,1,508,18,488,37,SDM-Ang-HSsrc,arc labels,,0.608390022675737,0.056818181818181816,0.5555555555555556
Right,random,Ang,PTT,WRM,2,0.5,1,508,18,488,37,SDM-Ang-PCA,arc labels,64.0,0.6071428571428572,0.06040268456375839,0.5
Right,random,Ang,PTT,WRM,3,0.05,1,508,34,51,2,NoAdapt,nothing,,0.6075328865723504,0.10778443113772455,0.5294117647058824
Right,random,Ang,PTT,WRM,3,0.05,1,508,34,51,2,TargetOnly,arc labels,,0.5719781583519483,0.10317460317460317,0.38235294117647056
Right,random,Ang,PTT,WRM,3,0.05,1,508,34,51,2,Source+Target,arc labels,,0.5949367088607596,0.10365853658536585,0.5
Right,random,Ang,PTT,WRM,3,0.05,1,508,34,51,2,COT,arc labels,,0.533258873169521,0.07309941520467836,0.7352941176470589
Right,random,Ang,PTT,WRM,3,0.05,1,508,34,51,2,none-Ang-HS4,arc labels,,0.5827748821047406,0.16071428571428573,0.2647058823529412
Right,random,Ang,PTT,WRM,3,0.05,1,508,34,51,2,none-Ang-HSsrc,nothing,,0.6017001737403822,0.18867924528301888,0.29411764705882354
Right,random,Ang,PTT,WRM,3,0.05,1,508,34,51,2,none-Ang-PCA,arc segments,4.0,0.5974807644576818,0.17543859649122806,0.29411764705882354
Right,random,Ang,PTT,WRM,3,0.05,1,508,34,51,2,QOTu-Ang-HS4,arc labels,,0.5996525192355423,0.225,0.2647058823529412
Right,random,Ang,PTT,WRM,3,0.05,1,508,34,51,2,QOTu-Ang-HSsrc,arc segments,,0.6038098783817324,0.19607843137254902,0.29411764705882354
Right,random,Ang,PTT,WRM,3,0.05,1,508,34,51,2,QOTu-Ang-PCA,arc segments,4.0,0.5838297344254157,0.16363636363636364,0.2647058823529412
Right,random,Ang,PTT,WRM,3,0.05,1,508,34,51,2,QOTc-Ang-HS4,arc labels,,0.5031025068255149,0.08333333333333333,0.029411764705882353
Right,random,Ang,PTT,WRM,3,0.05,1,508,34,51,2,QOTc-Ang-HSsrc,arc labels,,0.5089972697939935,0.07207207207207207,0.23529411764705882
Right,random,Ang,PTT,WRM,3,0.05,1,508,34,51,2,QOTc-Ang-PCA,arc labels,16.0,0.5426904939190866,0.09574468085106383,0.2647058823529412
Right,random,Ang,PTT,WRM,3,0.05,1,508,34,51,2,SDM-Ang-HS4,arc labels,,0.5143956316703897,0.07894736842105263,0.17647058823529413
Right,random,Ang,PTT,WRM,3,0.05,1,508,34,51,2,SDM-Ang-HSsrc,arc labels,,0.4888309754281459,0.0625,0.29411764705882354
Right,random,Ang,PTT,WRM,3,0.05,1,508,34,51,2,SDM-Ang-PCA,arc labels,32.0,0.5452965996525192,0.07964601769911504,0.5294117647058824
Right,random,Ang,PTT,WRM,3,0.1,1,508,34,102,5,NoAdapt,nothing,,0.6075328865723504,0.10778443113772455,0.5294117647058824
Right,random,Ang,PTT,WRM,3,0.1,1,508,34,102,5,TargetOnly,arc labels,,0.5717299578059072,0.0913978494623656,0.5
Right,random,Ang,PTT,WRM,3,0.1,1,508,34,102,5,Source+Target,arc labels,,0.5928270042194093,0.10240963855421686,0.5
Right,random,Ang,PTT,WRM,3,0.1,1,508,34,102,5,COT,arc labels,,0.41573591461901216,0.049342105263157895,0.4411764705882353
Right,random,Ang,PTT,WRM,3,0.1,1,508,34,102,5,none-Ang-HS4,arc labels,,0.5827748821047406,0.16071428571428573,0.2647058823529412
Right,random,Ang,PTT,WRM,3,0.1,1,508,34,102,5,none-Ang-HSsrc,nothing,,0.6017001737403822,0.18867924528301888,0.29411764705882354
Right,random,Ang,PTT,WRM,3,0.1,1,508,34,102,5,none-Ang-PCA,arc segments,4.0,0.5974807644576818,0.17543859649122806,0.29411764705882354
Right,random,Ang,PTT,WRM,3,0.1,1,508,34,102,5,QOTu-Ang-HS4,arc labels,,0.5985976669148673,0.21951219512195122,0.2647058823529412
Right,random,Ang,PTT,WRM,3,0.1,1,508,34,102,5,QOTu-Ang-HSsrc,arc segments,,0.6038098783817324,0.19607843137254902,0.29411764705882354
Right,random,Ang,PTT,WRM,3,0.1,1,508,34,102,5,QOTu-Ang-PCA,arc segments,8.0,0.6111938446264582,0.22727272727272727,0.29411764705882354
Right,random,Ang,PTT,WRM,3,0.1,1,508,34,102,5,QOTc-Ang-HS4,arc labels,,0.5446760982874163,0.09016393442622951,0.3235294117647059
Right,random,Ang,PTT,WRM,3,0.1,1,508,34,102,5,QOTc-Ang-HSsrc,arc labels,,0.6445147679324894,0.1452991452991453,0.5
Right,random,Ang,PTT,WRM,3,0.1,1,508,34,102,5,QOTc-Ang-PCA,arc labels,64.0,0.5103003226607098,0.08,0.11764705882352941
Right,random,Ang,PTT,WRM,3,0.1,1,508,34,102,5,SDM-Ang-HS4,arc labels,,0.5352444775378505,0.08620689655172414,0.29411764705882354
Right,random,Ang,PTT,WRM,3,0.1,1,508,34,102,5,SDM-Ang-HSsrc,arc labels,,0.6231074708364359,0.10377358490566038,0.6470588235294118
Right,random,Ang,PTT,WRM,3,0.1,1,508,34,102,5,SDM-Ang-PCA,arc labels,64.0,0.48417721518987344,0.06319702602230483,0.5
Right,random,Ang,PTT,WRM,3,0.2,1,508,34,203,10,NoAdapt,nothing,,0.6075328865723504,0.10778443113772455,0.5294117647058824
Right,random,Ang,PTT,WRM,3,0.2,1,508,34,203,10,TargetOnly,arc labels,,0.5737155621742368,0.08878504672897196,0.5588235294117647
Right,random,Ang,PTT,WRM,3,0.2,1,508,34,203,10,Source+Target,arc labels,,0.6085877388930256,0.10843373493975904,0.5294117647058824
Right,random,Ang,PTT,WRM,3,0.2,1,508,34,203,10,COT,arc labels,,0.4259741871432117,0.05420054200542006,0.5882352941176471
Right,random,Ang,PTT,WRM,3,0.2,1,508,34,203,10,none-Ang-HS4,arc labels,,0.57644576818069,0.14516129032258066,0.2647058823529412
Right,random,Ang,PTT,WRM,3,0.2,1,508,34,203,10,none-Ang-HSsrc,nothing,,0.6017001737403822,0.18867924528301888,0.29411764705882354
Right,random,Ang,PTT,WRM,3,0.2,1,508,34,203,10,none-Ang-PCA,arc segments,4.0,0.5974807644576818,0.17543859649122806,0.29411764705882354
Right,random,Ang,PTT,WRM,3,0.2,1,508,34,203,10,QOTu-Ang-HS4,arc labels,,0.5975428145941921,0.21428571428571427,0.2647058823529412
Right,random,Ang,PTT,WRM,3,0.2,1,508,34,203,10,QOTu-Ang-HSsrc,arc segments,,0.6006453214197072,0.18518518518518517,0.29411764705882354
Right,random,Ang,PTT,WRM,3,0.2,1,508,34,203,10,QOTu-Ang-PCA,arc segments,4.0,0.5838297344254157,0.16363636363636364,0.2647058823529412
Right,random,Ang,PTT,WRM,3,0.2,1,508,34,203,10,QOTc-Ang-HS4,arc labels,,0.5523703152146935,0.15,0.17647058823529413
Right,random,Ang,PTT,WRM,3,0.2,1,508,34,203,10,QOTc-Ang-HSsrc,arc labels,,0.6265822784810127,0.12686567164179105,0.5
Right,random,Ang,PTT,WRM,3,0.2,1,508,34,203,10,QOTc-Ang-PCA,arc labels,64.0,0.5079424174733185,0.07142857142857142,0.23529411764705882
Right,random,Ang,PTT,WRM,3,0.2,1,508,34,203,10,SDM-Ang-HS4,arc labels,,0.5625465376023827,0.1,0.35294117647058826
Right,random,Ang,PTT,WRM,3,0.2,1,508,34,203,10,SDM-Ang-HSsrc,arc labels,,0.48777612310747087,0.062111801242236024,0.29411764705882354
Right,random,Ang,PTT,WRM,3,0.2,1,508,34,203,10,SDM-Ang-PCA,arc labels,16.0,0.5622983370563415,0.08888888888888889,0.47058823529411764
Right,random,Ang,PTT,WRM,3,0.3,1,508,34,305,13,NoAdapt,nothing,,0.6075328865723504,0.10778443113772455,0.5294117647058824
Right,random,Ang,PTT,WRM,3,0.3,1,508,34,305,13,TargetOnly,arc labels,,0.5335691238520724,0.0749063670411985,0.5882352941176471
Right,random,Ang,PTT,WRM,3,0.3,1,508,34,305,13,Source+Target,arc labels,,0.6096425912137007,0.10909090909090909,0.5294117647058824
Right,random,Ang,PTT,WRM,3,0.3,1,508,34,305,13,COT,arc labels,,0.5184909406800695,0.0702247191011236,0.7352941176470589
Right,random,Ang,PTT,WRM,3,0.3,1,508,34,305,13,none-Ang-HS4,arc labels,,0.57644576818069,0.14516129032258066,0.2647058823529412
Right,random,Ang,PTT,WRM,3,0.3,1,508,34,305,13,none-Ang-HSsrc,nothing,,0.6017001737403822,0.18867924528301888,0.29411764705882354
Right,random,Ang,PTT,WRM,3,0.3,1,508,34,305,13,none-Ang-PCA,arc segments,4.0,0.5974807644576818,0.17543859649122806,0.29411764705882354
Right,random,Ang,PTT,WRM,3,0.3,1,508,34,305,13,QOTu-Ang-HS4,arc labels,,0.5975428145941921,0.21428571428571427,0.2647058823529412
Right,random,Ang,PTT,WRM,3,0.3,1,508,34,305,13,QOTu-Ang-HSsrc,arc segments,,0.6006453214197072,0.18518518518518517,0.29411764705882354
Right,random,Ang,PTT,WRM,3,0.3,1,508,34,305,13,QOTu-Ang-PCA,arc segments,4.0,0.5880491437081161,0.17647058823529413,0.2647058823529412
Right,random,Ang,PTT,WRM,3,0.3,1,508,34,305,13,QOTc-Ang-HS4,arc labels,,0.6217423678332092,0.29411764705882354,0.29411764705882354
Right,random,Ang,PTT,WRM,3,0.3,1,508,34,305,13,QOTc-Ang-HSsrc,arc labels,,0.6440804169769174,0.10810810810810811,0.7058823529411765
Right,random,Ang,PTT,WRM,3,0.3,1,508,34,305,13,QOTc-Ang-PCA,arc labels,64.0,0.4869074211963266,0.05982905982905983,0.20588235294117646
Right,random,Ang,PTT,WRM,3,0.3,1,508,34,305,13,SDM-Ang-HS4,arc labels,,0.5720402084884587,0.10810810810810811,0.35294117647058826
Right,random,Ang,PTT,WRM,3,0.3,1,508,34,305,13,SDM-Ang-HSsrc,arc labels,,0.5756391164060561,0.08560311284046693,0.6470588235294118
Right,random,Ang,PTT,WRM,3,0.3,1,508,34,305,13,SDM-Ang-PCA,arc labels,64.0,0.5204765450483991,0.07692307692307693,0.29411764705882354
Right,random,Ang,PTT,WRM,3,0.5,1,508,34,487,23,NoAdapt,nothing,,0.6075328865723504,0.10778443113772455,0.5294117647058824
Right,random,Ang,PTT,WRM,3,0.5,1,508,34,487,23,TargetOnly,arc labels,,0.5945023579051874,0.08921933085501858,0.7058823529411765
Right,random,Ang,PTT,WRM,3,0.5,1,508,34,487,23,Source+Target,arc labels,,0.6096425912137007,0.10909090909090909,0.5294117647058824
Right,random,Ang,PTT,WRM,3,0.5,1,508,34,487,23,COT,arc labels,,0.5185529908165798,0.07038123167155426,0.7058823529411765
Right,random,Ang,PTT,WRM,3,0.5,1,508,34,487,23,none-Ang-HS4,arc labels,,0.57644576818069,0.14516129032258066,0.2647058823529412
Right,random,Ang,PTT,WRM,3,0.5,1,508,34,487,23,none-Ang-HSsrc,nothing,,0.6017001737403822,0.18867924528301888,0.29411764705882354
Right,random,Ang,PTT,WRM,3,0.5,1,508,34,487,23,none-Ang-PCA,arc segments,4.0,0.5964259121370067,0.1724137931034483,0.29411764705882354
Right,random,Ang,PTT,WRM,3,0.5,1,508,34,487,23,QOTu-Ang-HS4,arc labels,,0.5996525192355423,0.225,0.2647058823529412
Right,random,Ang,PTT,WRM,3,0.5,1,508,34,487,23,QOTu-Ang-HSsrc,arc segments,,0.6006453214197072,0.18518518518518517,0.29411764705882354
Right,random,Ang,PTT,WRM,3,0.5,1,508,34,487,23,QOTu-Ang-PCA,arc segments,64.0,0.5333829734425416,0.10344827586206896,0.17647058823529413
Right,random,Ang,PTT,WRM,3,0.5,1,508,34,487,23,QOTc-Ang-HS4,arc labels,,0.6382477041449491,0.14814814814814814,0.47058823529411764
Right,random,Ang,PTT,WRM,3,0.5,1,508,34,487,23,QOTc-Ang-HSsrc,arc labels,,0.620253164556962,0.12142857142857143,0.5
Right,random,Ang,PTT,WRM,3,0.5,1,508,34,487,23,QOTc-Ang-PCA,arc labels,64.0,0.505150161330355,0.08,0.058823529411764705
Right,random,Ang,PTT,WRM,3,0.5,1,508,34,487,23,SDM-Ang-HS4,arc labels,,0.5902208984859767,0.08680555555555555,0.7352941176470589
Right,random,Ang,PTT,WRM,3,0.5,1,508,34,487,23,SDM-Ang-HSsrc,arc labels,,0.4832464631422189,0.0625,0.4411764705882353
Right,random,Ang,PTT,WRM,3,0.5,1,508,34,487,23,SDM-Ang-PCA,arc labels,64.0,0.5814718292380243,0.1111111111111111,0.38235294117647056
Right,random,Ang,PTT,WRM,4,0.05,1,508,32,51,3,NoAdapt,nothing,,0.6175157563025211,0.10759493670886076,0.53125
Right,random,Ang,PTT,WRM,4,0.05,1,508,32,51,3,TargetOnly,arc labels,,0.5710346638655462,0.102803738317757,0.34375
Right,random,Ang,PTT,WRM,4,0.05,1,508,32,51,3,Source+Target,arc labels,,0.6091123949579832,0.10240963855421686,0.53125
Right,random,Ang,PTT,WRM,4,0.05,1,508,32,51,3,COT,arc labels,,0.5551470588235294,0.08695652173913043,0.375
Right,random,Ang,PTT,WRM,4,0.05,1,508,32,51,3,none-Ang-HS4,arc labels,,0.5932247899159664,0.14285714285714285,0.3125
Right,random,Ang,PTT,WRM,4,0.05,1,508,32,51,3,none-Ang-HSsrc,nothing,,0.6130514705882353,0.16417910447761194,0.34375
Right,random,Ang,PTT,WRM,4,0.05,1,508,32,51,3,none-Ang-PCA,arc segments,64.0,0.600577731092437,0.15873015873015872,0.3125
Right,random,Ang,PTT,WRM,4,0.05,1,508,32,51,3,QOTu-Ang-HS4,arc labels,,0.610031512605042,0.18518518518518517,0.3125
Right,random,Ang,PTT,WRM,4,0.05,1,508,32,51,3,QOTu-Ang-HSsrc,arc segments,,0.6130514705882353,0.16417910447761194,0.34375
Right,random,Ang,PTT,WRM,4,0.05,1,508,32,51,3,QOTu-Ang-PCA,arc segments,64.0,0.5933560924369747,0.16666666666666666,0.28125
Right,random,Ang,PTT,WRM,4,0.05,1,508,32,51,3,QOTc-Ang-HS4,arc labels,,0.6109506302521008,0.09693877551020408,0.59375
Right,random,Ang,PTT,WRM,4,0.05,1,508,32,51,3,QOTc-Ang-HSsrc,arc labels,,0.35346638655462187,0.019704433497536946,0.125
Right,random,Ang,PTT,WRM,4,0.05,1,508,32,51,3,QOTc-Ang-PCA,arc labels,64.0,0.4943539915966387,0.05660377358490566,0.09375
Right,random,Ang,PTT,WRM,4,0.05,1,508,32,51,3,SDM-Ang-HS4,arc labels,,0.45128676470588236,0.031914893617021274,0.09375
Right,random,Ang,PTT,WRM,4,0.05,1,508,32,51,3,SDM-Ang-HSsrc,arc labels,,0.34519432773109243,0.015384615384615385,0.09375
Right,random,Ang,PTT,WRM,4,0.05,1,508,32,51,3,SDM-Ang-PCA,arc labels,4.0,0.5298056722689075,0.07303370786516854,0.40625
Right,random,Ang,PTT,WRM,4,0.1,1,508,32,102,6,NoAdapt,nothing,,0.6175157563025211,0.10759493670886076,0.53125
Right,random,Ang,PTT,WRM,4,0.1,1,508,32,102,6,TargetOnly,arc labels,,0.50328256302521,0.06382978723404255,0.46875
Right,random,Ang,PTT,WRM,4,0.1,1,508,32,102,6,Source+Target,arc labels,,0.6038602941176471,0.09941520467836257,0.53125
Right,random,Ang,PTT,WRM,4,0.1,1,508,32,102,6,COT,arc labels,,0.4960609243697479,0.061946902654867256,0.4375
Right,random,Ang,PTT,WRM,4,0.1,1,508,32,102,6,none-Ang-HS4,arc labels,,0.5932247899159664,0.14285714285714285,0.3125
Right,random,Ang,PTT,WRM,4,0.1,1,508,32,102,6,none-Ang-HSsrc,nothing,,0.6130514705882353,0.16417910447761194,0.34375
Right,random,Ang,PTT,WRM,4,0.1,1,508,32,102,6,none-Ang-PCA,arc segments,64.0,0.6016281512605042,0.16129032258064516,0.3125
Right,random,Ang,PTT,WRM,4,0.1,1,508,32,102,6,QOTu-Ang-HS4,arc labels,,0.610031512605042,0.18518518518518517,0.3125
Right,random,Ang,PTT,WRM,4,0.1,1,508,32,102,6,QOTu-Ang-HSsrc,arc segments,,0.6130514705882353,0.16417910447761194,0.34375
Right,random,Ang,PTT,WRM,4,0.1,1,508,32,102,6,QOTu-Ang-PCA,arc segments,64.0,0.5819327731092436,0.16326530612244897,0.25
Right,random,Ang,PTT,WRM,4,0.1,1,508,32,102,6,QOTc-Ang-HS4,arc labels,,0.5647321428571428,0.09734513274336283,0.34375
Right,random,Ang,PTT,WRM,4,0.1,1,508,32,102,6,QOTc-Ang-HSsrc,arc labels,,0.3403361344537815,0.02867383512544803,0.25
Right,random,Ang,PTT,WRM,4,0.1,1,508,32,102,6,QOTc-Ang-PCA,arc labels,32.0,0.4418329831932773,0.04782608695652174,0.34375
Right,random,Ang,PTT,WRM,4,0.1,1,508,32,102,6,SDM-Ang-HS4,arc labels,,0.51890756302521,0.07339449541284404,0.25
Right,random,Ang,PTT,WRM,4,0.1,1,508,32,102,6,SDM-Ang-HSsrc,arc labels,,0.36068802521008403,0.02358490566037736,0.15625
Right,random,Ang,PTT,WRM,4,0.1,1,508,32,102,6,SDM-Ang-PCA,arc labels,16.0,0.4803046218487395,0.058091286307053944,0.4375
Right,random,Ang,PTT,WRM,4,0.2,1,508,32,203,13,NoAdapt,nothing,,0.6175157563025211,0.10759493670886076,0.53125
Right,random,Ang,PTT,WRM,4,0.2,1,508,32,203,13,TargetOnly,arc labels,,0.5615808823529411,0.07818930041152264,0.59375
Right,random,Ang,PTT,WRM,4,0.2,1,508,32,203,13,Source+Target,arc labels,,0.6038602941176471,0.09941520467836257,0.53125
Right,random,Ang,PTT,WRM,4,0.2,1,508,32,203,13,COT,arc labels,,0.4766281512605042,0.05844155844155844,0.5625
Right,random,Ang,PTT,WRM,4,0.2,1,508,32,203,13,none-Ang-HS4,arc labels,,0.5932247899159664,0.14285714285714285,0.3125
Right,random,Ang,PTT,WRM,4,0.2,1,508,32,203,13,none-Ang-HSsrc,nothing,,0.6130514705882353,0.16417910447761194,0.34375
Right,random,Ang,PTT,WRM,4,0.2,1,508,32,203,13,none-Ang-PCA,arc segments,64.0,0.5870535714285714,0.15,0.28125
Right,random,Ang,PTT,WRM,4,0.2,1,508,32,203,13,QOTu-Ang-HS4,arc labels,,0.6121323529411764,0.19230769230769232,0.3125
Right,random,Ang,PTT,WRM,4,0.2,1,508,32,203,13,QOTu-Ang-HSsrc,arc segments,,0.6130514705882353,0.16417910447761194,0.34375
Right,random,Ang,PTT,WRM,4,0.2,1,508,32,203,13,QOTu-Ang-PCA,arc segments,64.0,0.4901523109243697,0.05263157894736842,0.09375
Right,random,Ang,PTT,WRM,4,0.2,1,508,32,203,13,QOTc-Ang-HS4,arc labels,,0.5108981092436975,0.0663265306122449,0.40625
Right,random,Ang,PTT,WRM,4,0.2,1,508,32,203,13,QOTc-Ang-HSsrc,arc labels,,0.6517857142857143,0.11560693641618497,0.625
Right,random,Ang,PTT,WRM,4,0.2,1,508,32,203,13,QOTc-Ang-PCA,arc labels,64.0,0.4365808823529412,0.027777777777777776,0.09375
Right,random,Ang,PTT,WRM,4,0.2,1,508,32,203,13,SDM-Ang-HS4,arc labels,,0.42699579831932777,0.046153846153846156,0.375
Right,random,Ang,PTT,WRM,4,0.2,1,508,32,203,13,SDM-Ang-HSsrc,arc labels,,0.4430147058823529,0.052941176470588235,0.5625
Right,random,Ang,PTT,WRM,4,0.2,1,508,32,203,13,SDM-Ang-PCA,arc labels,64.0,0.484375,0.05555555555555555,0.21875
Right,random,Ang,PTT,WRM,4,0.3,1,508,32,305,20,NoAdapt,nothing,,0.6175157563025211,0.10759493670886076,0.53125
Right,random,Ang,PTT,WRM,4,0.3,1,508,32,305,20,TargetOnly,arc labels,,0.6075367647058824,0.09090909090909091,0.65625
Right,random,Ang,PTT,WRM,4,0.3,1,508,32,305,20,Source+Target,arc labels,,0.6172531512605042,0.1,0.59375
Right,random,Ang,PTT,WRM,4,0.3,1,508,32,305,20,COT,arc labels,,0.47977941176470584,0.05901639344262295,0.5625
Right,random,Ang,PTT,WRM,4,0.3,1,508,32,305,20,none-Ang-HS4,arc labels,,0.5932247899159664,0.14285714285714285,0.3125
Right,random,Ang,PTT,WRM,4,0.3,1,508,32,305,20,none-Ang-HSsrc,nothing,,0.6130514705882353,0.16417910447761194,0.34375
Right,random,Ang,PTT,WRM,4,0.3,1,508,32,305,20,none-Ang-PCA,arc segments,64.0,0.5724789915966386,0.13793103448275862,0.25
Right,random,Ang,PTT,WRM,4,0.3,1,508,32,305,20,QOTu-Ang-HS4,arc labels,,0.610031512605042,0.18518518518518517,0.3125
Right,random,Ang,PTT,WRM,4,0.3,1,508,32,305,20,QOTu-Ang-HSsrc,arc segments,,0.6130514705882353,0.16417910447761194,0.34375
Right,random,Ang,PTT,WRM,4,0.3,1,508,32,305,20,QOTu-Ang-PCA,arc segments,64.0,0.4963235294117647,0.05970149253731343,0.125
Right,random,Ang,PTT,WRM,4,0.3,1,508,32,305,20,QOTc-Ang-HS4,arc labels,,0.5174632352941176,0.06666666666666667,0.59375
Right,random,Ang,PTT,WRM,4,0.3,1,508,32,305,20,QOTc-Ang-HSsrc,arc labels,,0.6503413865546219,0.1036036036036036,0.71875
Right,random,Ang,PTT,WRM,4,0.3,1,508,32,305,20,QOTc-Ang-PCA,arc labels,32.0,0.4801733193277311,0.05384615384615385,0.21875
Right,random,Ang,PTT,WRM,4,0.3,1,508,32,305,20,SDM-Ang-HS4,arc labels,,0.4942226890756303,0.06191950464396285,0.625
Right,random,Ang,PTT,WRM,4,0.3,1,508,32,305,20,SDM-Ang-HSsrc,arc labels,,0.5823266806722689,0.08235294117647059,0.65625
Right,random,Ang,PTT,WRM,4,0.3,1,508,32,305,20,SDM-Ang-PCA,arc labels,64.0,0.5112920168067228,0.06756756756756757,0.3125
Right,random,Ang,PTT,WRM,4,0.5,1,508,32,487,27,NoAdapt,nothing,,0.6175157563025211,0.10759493670886076,0.53125
Right,random,Ang,PTT,WRM,4,0.5,1,508,32,487,27,TargetOnly,arc labels,,0.6013655462184874,0.09049773755656108,0.625
Right,random,Ang,PTT,WRM,4,0.5,1,508,32,487,27,Source+Target,arc labels,,0.5724789915966386,0.08648648648648649,0.5
Right,random,Ang,PTT,WRM,4,0.5,1,508,32,487,27,COT,arc labels,,0.4683560924369748,0.056666666666666664,0.53125
Right,random,Ang,PTT,WRM,4,0.5,1,508,32,487,27,none-Ang-HS4,arc labels,,0.5932247899159664,0.14285714285714285,0.3125
Right,random,Ang,PTT,WRM,4,0.5,1,508,32,487,27,none-Ang-HSsrc,nothing,,0.6130514705882353,0.16417910447761194,0.34375
Right,random,Ang,PTT,WRM,4,0.5,1,508,32,487,27,none-Ang-PCA,arc segments,64.0,0.5672268907563025,0.12698412698412698,0.25
Right,random,Ang,PTT,WRM,4,0.5,1,508,32,487,27,QOTu-Ang-HS4,arc labels,,0.610031512605042,0.18518518518518517,0.3125
Right,random,Ang,PTT,WRM,4,0.5,1,508,32,487,27,QOTu-Ang-HSsrc,arc segments,,0.6130514705882353,0.16417910447761194,0.34375
Right,random,Ang,PTT,WRM,4,0.5,1,508,32,487,27,QOTu-Ang-PCA,arc segments,64.0,0.4834558823529412,0.05405405405405406,0.1875
Right,random,Ang,PTT,WRM,4,0.5,1,508,32,487,27,QOTc-Ang-HS4,arc labels,,0.5504201680672269,0.07766990291262135,0.5
Right,random,Ang,PTT,WRM,4,0.5,1,508,32,487,27,QOTc-Ang-HSsrc,arc labels,,0.6503413865546219,0.1036036036036036,0.71875
Right,random,Ang,PTT,WRM,4,0.5,1,508,32,487,27,QOTc-Ang-PCA,arc labels,64.0,0.5254726890756303,0.08450704225352113,0.1875
Right,random,Ang,PTT,WRM,4,0.5,1,508,32,487,27,SDM-Ang-HS4,arc labels,,0.4757090336134454,0.05802047781569966,0.53125
Right,random,Ang,PTT,WRM,4,0.5,1,508,32,487,27,SDM-Ang-HSsrc,arc labels,,0.5498949579831933,0.07407407407407407,0.625
Right,random,Ang,PTT,WRM,4,0.5,1,508,32,487,27,SDM-Ang-PCA,arc labels,64.0,0.5497636554621849,0.08176100628930817,0.40625
Right,random,Ang,PTT,WRM,5,0.05,1,508,32,51,6,NoAdapt,nothing,,0.6154149159663865,0.10625,0.53125
Right,random,Ang,PTT,WRM,5,0.05,1,508,32,51,6,TargetOnly,arc labels,,0.639311974789916,0.11242603550295859,0.59375
Right,random,Ang,PTT,WRM,5,0.05,1,508,32,51,6,Source+Target,arc labels,,0.5975577731092436,0.096045197740113,0.53125
Right,random,Ang,PTT,WRM,5,0.05,1,508,32,51,6,COT,arc labels,,0.5669642857142857,0.08108108108108109,0.5625
Right,random,Ang,PTT,WRM,5,0.05,1,508,32,51,6,none-Ang-HS4,arc labels,,0.5785189075630253,0.11904761904761904,0.3125
Right,random,Ang,PTT,WRM,5,0.05,1,508,32,51,6,none-Ang-HSsrc,nothing,,0.5983455882352942,0.13580246913580246,0.34375
Right,random,Ang,PTT,WRM,5,0.05,1,508,32,51,6,none-Ang-PCA,arc segments,32.0,0.577468487394958,0.11764705882352941,0.3125
Right,random,Ang,PTT,WRM,5,0.05,1,508,32,51,6,QOTu-Ang-HS4,arc labels,,0.5963760504201681,0.14925373134328357,0.3125
Right,random,Ang,PTT,WRM,5,0.05,1,508,32,51,6,QOTu-Ang-HSsrc,arc segments,,0.5972951680672269,0.13414634146341464,0.34375
Right,random,Ang,PTT,WRM,5,0.05,1,508,32,51,6,QOTu-Ang-PCA,arc segments,64.0,0.5548844537815126,0.08235294117647059,0.4375
Right,random,Ang,PTT,WRM,5,0.05,1,508,32,51,6,QOTc-Ang-HS4,arc labels,,0.6322216386554622,0.11805555555555555,0.53125
Right,random,Ang,PTT,WRM,5,0.05,1,508,32,51,6,QOTc-Ang-HSsrc,arc labels,,0.655593487394958,0.10599078341013825,0.71875
Right,random,Ang,PTT,WRM,5,0.05,1,508,32,51,6,QOTc-Ang-PCA,arc labels,64.0,0.5294117647058824,0.07079646017699115,0.5
Right,random,Ang,PTT,WRM,5,0.05,1,508,32,51,6,SDM-Ang-HS4,arc labels,,0.6228991596638656,0.11678832116788321,0.5
Right,random,Ang,PTT,WRM,5,0.05,1,508,32,51,6,SDM-Ang-HSsrc,arc labels,,0.6491596638655462,0.100418410041841,0.75
Right,random,Ang,PTT,WRM,5,0.05,1,508,32,51,6,SDM-Ang-PCA,arc labels,16.0,0.5782563025210083,0.10344827586206896,0.375
Right,random,Ang,PTT,WRM,5,0.1,1,508,32,102,9,NoAdapt,nothing,,0.6154149159663865,0.10625,0.53125
Right,random,Ang,PTT,WRM,5,0.1,1,508,32,102,9,TargetOnly,arc labels,,0.6146271008403361,0.11627906976744186,0.46875
Right,random,Ang,PTT,WRM,5,0.1,1,508,32,102,9,Source+Target,arc labels,,0.6007090336134453,0.09770114942528736,0.53125
Right,random,Ang,PTT,WRM,5,0.1,1,508,32,102,9,COT,arc labels,,0.6281512605042017,0.12121212121212122,0.5
Right,random,Ang,PTT,WRM,5,0.1,1,508,32,102,9,none-Ang-HS4,arc labels,,0.5753676470588236,0.11494252873563218,0.3125
Right,random,Ang,PTT,WRM,5,0.1,1,508,32,102,9,none-Ang-HSsrc,nothing,,0.5983455882352942,0.13580246913580246,0.34375
Right,random,Ang,PTT,WRM,5,0.1,1,508,32,102,9,none-Ang-PCA,arc segments,32.0,0.584952731092437,0.14516129032258066,0.28125
Right,random,Ang,PTT,WRM,5,0.1,1,508,32,102,9,QOTu-Ang-HS4,arc labels,,0.5818014705882353,0.13846153846153847,0.28125
Right,random,Ang,PTT,WRM,5,0.1,1,508,32,102,9,QOTu-Ang-HSsrc,arc segments,,0.5899422268907564,0.12359550561797752,0.34375
Right,random,Ang,PTT,WRM,5,0.1,1,508,32,102,9,QOTu-Ang-PCA,arc segments,64.0,0.5426733193277311,0.08208955223880597,0.34375
Right,random,Ang,PTT,WRM,5,0.1,1,508,32,102,9,QOTc-Ang-HS4,arc labels,,0.5886292016806722,0.10655737704918032,0.40625
Right,random,Ang,PTT,WRM,5,0.1,1,508,32,102,9,QOTc-Ang-HSsrc,arc labels,,0.6481092436974789,0.1,0.75
Right,random,Ang,PTT,WRM,5,0.1,1,508,32,102,9,QOTc-Ang-PCA,arc labels,64.0,0.5799632352941176,0.09259259259259259,0.46875
Right,random,Ang,PTT,WRM,5,0.1,1,508,32,102,9,SDM-Ang-HS4,arc labels,,0.5594800420168067,0.09322033898305085,0.34375
Right,random,Ang,PTT,WRM,5,0.1,1,508,32,102,9,SDM-Ang-HSsrc,arc labels,,0.5204831932773109,0.07017543859649122,0.375
Right,random,Ang,PTT,WRM,5,0.1,1,508,32,102,9,SDM-Ang-PCA,arc labels,64.0,0.5401785714285714,0.07608695652173914,0.4375
Right,random,Ang,PTT,WRM,5,0.2,1,508,32,203,18,NoAdapt,nothing,,0.6154149159663865,0.10625,0.53125
Right,random,Ang,PTT,WRM,5,0.2,1,508,32,203,18,TargetOnly,arc labels,,0.6536239495798319,0.10837438423645321,0.6875
Right,random,Ang,PTT,WRM,5,0.2,1,508,32,203,18,Source+Target,arc labels,,0.5860031512605042,0.09042553191489362,0.53125
Right,random,Ang,PTT,WRM,5,0.2,1,508,32,203,18,COT,arc labels,,0.6298581932773109,0.10674157303370786,0.59375
Right,random,Ang,PTT,WRM,5,0.2,1,508,32,203,18,none-Ang-HS4,arc labels,,0.5879726890756303,0.13333333333333333,0.3125
Right,random,Ang,PTT,WRM,5,0.2,1,508,32,203,18,none-Ang-HSsrc,nothing,,0.5983455882352942,0.13580246913580246,0.34375
Right,random,Ang,PTT,WRM,5,0.2,1,508,32,203,18,none-Ang-PCA,arc segments,64.0,0.5881039915966386,0.15254237288135594,0.28125
Right,random,Ang,PTT,WRM,5,0.2,1,508,32,203,18,QOTu-Ang-HS4,arc labels,,0.5963760504201681,0.14925373134328357,0.3125
Right,random,Ang,PTT,WRM,5,0.2,1,508,32,203,18,QOTu-Ang-HSsrc,arc segments,,0.5899422268907564,0.12359550561797752,0.34375
Right,random,Ang,PTT,WRM,5,0.2,1,508,32,203,18,QOTu-Ang-PCA,arc segments,64.0,0.5561974789915967,0.08759124087591241,0.375
Right,random,Ang,PTT,WRM,5,0.2,1,508,32,203,18,QOTc-Ang-HS4,arc labels,,0.6230304621848739,0.12396694214876033,0.46875
Right,random,Ang,PTT,WRM,5,0.2,1,508,32,203,18,QOTc-Ang-HSsrc,arc labels,,0.6724002100840336,0.11442786069651742,0.71875
Right,random,Ang,PTT,WRM,5,0.2,1,508,32,203,18,QOTc-Ang-PCA,arc labels,64.0,0.5341386554621849,0.0759493670886076,0.375
Right,random,Ang,PTT,WRM,5,0.2,1,508,32,203,18,SDM-Ang-HS4,arc labels,,0.6165966386554622,0.11188811188811189,0.5
Right,random,Ang,PTT,WRM,5,0.2,1,508,32,203,18,SDM-Ang-HSsrc,arc labels,,0.6276260504201681,0.10204081632653061,0.625
Right,random,Ang,PTT,WRM,5,0.2,1,508,32,203,18,SDM-Ang-PCA,arc labels,64.0,0.5438550420168067,0.08547008547008547,0.3125
Right,random,Ang,PTT,WRM,5,0.3,1,508,32,305,18,NoAdapt,nothing,,0.6154149159663865,0.10625,0.53125
Right,random,Ang,PTT,WRM,5,0.3,1,508,32,305,18,TargetOnly,arc labels,,0.6548056722689075,0.11290322580645161,0.65625
Right,random,Ang,PTT,WRM,5,0.3,1,508,32,305,18,Source+Target,arc labels,,0.5965073529411764,0.09550561797752809,0.53125
Right,random,Ang,PTT,WRM,5,0.3,1,508,32,305,18,COT,arc labels,,0.5963760504201681,0.09278350515463918,0.5625
Right,random,Ang,PTT,WRM,5,0.3,1,508,32,305,18,none-Ang-HS4,arc labels,,0.5879726890756303,0.13333333333333333,0.3125
Right,random,Ang,PTT,WRM,5,0.3,1,508,32,305,18,none-Ang-HSsrc,nothing,,0.5983455882352942,0.13580246913580246,0.34375
Right,random,Ang,PTT,WRM,5,0.3,1,508,32,305,18,none-Ang-PCA,arc segments,64.0,0.5775997899159664,0.13043478260869565,0.28125
Right,random,Ang,PTT,WRM,5,0.3,1,508,32,305,18,QOTu-Ang-HS4,arc labels,,0.5963760504201681,0.14925373134328357,0.3125
Right,random,Ang,PTT,WRM,5,0.3,1,508,32,305,18,QOTu-Ang-HSsrc,arc segments,,0.5899422268907564,0.12359550561797752,0.34375
Right,random,Ang,PTT,WRM,5,0.3,1,508,32,305,18,QOTu-Ang-PCA,arc segments,64.0,0.5241596638655462,0.07692307692307693,0.25
Right,random,Ang,PTT,WRM,5,0.3,1,508,32,305,18,QOTc-Ang-HS4,arc labels,,0.6197478991596639,0.11428571428571428,0.5
Right,random,Ang,PTT,WRM,5,0.3,1,508,32,305,18,QOTc-Ang-HSsrc,arc labels,,0.6724002100840336,0.11442786069651742,0.71875
Right,random,Ang,PTT,WRM,5,0.3,1,508,32,305,18,QOTc-Ang-PCA,arc labels,64.0,0.5275735294117647,0.07142857142857142,0.4375
Right,random,Ang,PTT,WRM,5,0.3,1,508,32,305,18,SDM-Ang-HS4,arc labels,,0.6113445378151261,0.10810810810810811,0.5
Right,random,Ang,PTT,WRM,5,0.3,1,508,32,305,18,SDM-Ang-HSsrc,arc labels,,0.6180409663865547,0.09502262443438914,0.65625
Right,random,Ang,PTT,WRM,5,0.3,1,508,32,305,18,SDM-Ang-PCA,arc labels,64.0,0.5470063025210083,0.08771929824561403,0.3125
Right,random,Ang,PTT,WRM,5,0.5,1,508,32,487,27,NoAdapt,nothing,,0.6154149159663865,0.10625,0.53125
Right,random,Ang,PTT,WRM,5,0.5,1,508,32,487,27,TargetOnly,arc labels,,0.6902573529411764,0.125,0.71875
Right,random,Ang,PTT,WRM,5,0.5,1,508,32,487,27,Source+Target,arc labels,,0.5798319327731092,0.0898876404494382,0.5
Right,random,Ang,PTT,WRM,5,0.5,1,508,32,487,27,COT,arc labels,,0.6175157563025211,0.10759493670886076,0.53125
Right,random,Ang,PTT,WRM,5,0.5,1,508,32,487,27,none-Ang-HS4,arc labels,,0.5753676470588236,0.11494252873563218,0.3125
Right,random,Ang,PTT,WRM,5,0.5,1,508,32,487,27,none-Ang-HSsrc,nothing,,0.5983455882352942,0.13580246913580246,0.34375
Right,random,Ang,PTT,WRM,5,0.5,1,508,32,487,27,none-Ang-PCA,arc segments,64.0,0.5336134453781513,0.08421052631578947,0.25
Right,random,Ang,PTT,WRM,5,0.5,1,508,32,487,27,QOTu-Ang-HS4,arc labels,,0.5828518907563025,0.140625,0.28125
Right,random,Ang,PTT,WRM,5,0.5,1,508,32,487,27,QOTu-Ang-HSsrc,arc segments,,0.5899422268907564,0.12359550561797752,0.34375
Right,random,Ang,PTT,WRM,5,0.5,1,508,32,487,27,QOTu-Ang-PCA,arc segments,64.0,0.45115546218487396,0.03636363636363636,0.125
Right,random,Ang,PTT,WRM,5,0.5,1,508,32,487,27,QOTc-Ang-HS4,arc labels,,0.5916491596638656,0.1037037037037037,0.4375
Right,random,Ang,PTT,WRM,5,0.5,1,508,32,487,27,QOTc-Ang-HSsrc,arc labels,,0.6597951680672269,0.107981220657277,0.71875
Right,random,Ang,PTT,WRM,5,0.5,1,508,32,487,27,QOTc-Ang-PCA,arc labels,64.0,0.5760241596638656,0.09701492537313433,0.40625
Right,random,Ang,PTT,WRM,5,0.5,1,508,32,487,27,SDM-Ang-HS4,arc labels,,0.5894170168067228,0.09803921568627451,0.46875
Right,random,Ang,PTT,WRM,5,0.5,1,508,32,487,27,SDM-Ang-HSsrc,arc labels,,0.6400997899159664,0.105,0.65625
Right,random,Ang,PTT,WRM,5,0.5,1,508,32,487,27,SDM-Ang-PCA,arc labels,64.0,0.5544905462184874,0.0989010989010989,0.28125
Right,random,Ang,PTT,WRM,6,0.05,1,508,27,51,2,NoAdapt,nothing,,0.663047663047663,0.10429447852760736,0.6296296296296297
Right,random,Ang,PTT,WRM,6,0.05,1,508,27,51,2,TargetOnly,arc labels,,0.5157465157465158,0.057803468208092484,0.37037037037037035
Right,random,Ang,PTT,WRM,6,0.05,1,508,27,51,2,Source+Target,arc labels,,0.6474551474551475,0.09550561797752809,0.6296296296296297
Right,random,Ang,PTT,WRM,6,0.05,1,508,27,51,2,COT,arc labels,,0.5053900053900053,0.05371900826446281,0.9629629629629629
Right,random,Ang,PTT,WRM,6,0.05,1,508,27,51,2,none-Ang-HS4,arc labels,,0.6041041041041041,0.11363636363636363,0.37037037037037035
Right,random,Ang,PTT,WRM,6,0.05,1,508,27,51,2,none-Ang-HSsrc,nothing,,0.6267806267806267,0.12941176470588237,0.4074074074074074
Right,random,Ang,PTT,WRM,6,0.05,1,508,27,51,2,none-Ang-PCA,arc segments,64.0,0.6196966196966197,0.136986301369863,0.37037037037037035
Right,random,Ang,PTT,WRM,6,0.05,1,508,27,51,2,QOTu-Ang-HS4,arc labels,,0.6074151074151074,0.13636363636363635,0.3333333333333333
Right,random,Ang,PTT,WRM,6,0.05,1,508,27,51,2,QOTu-Ang-HSsrc,arc segments,,0.6257411257411257,0.12790697674418605,0.4074074074074074
Right,random,Ang,PTT,WRM,6,0.05,1,508,27,51,2,QOTu-Ang-PCA,arc segments,64.0,0.5231385231385232,0.07547169811320754,0.14814814814814814
Right,random,Ang,PTT,WRM,6,0.05,1,508,27,51,2,QOTc-Ang-HS4,arc labels,,0.4892199892199892,0.041666666666666664,0.07407407407407407
Right,random,Ang,PTT,WRM,6,0.05,1,508,27,51,2,QOTc-Ang-HSsrc,arc labels,,0.4190729190729191,0.03759398496240601,0.37037037037037035
Right,random,Ang,PTT,WRM,6,0.05,1,508,27,51,2,QOTc-Ang-PCA,arc labels,64.0,0.48714098714098714,0.04,0.07407407407407407
Right,random,Ang,PTT,WRM,6,0.05,1,508,27,51,2,SDM-Ang-HS4,arc labels,,0.4912989912989913,0.043478260869565216,0.07407407407407407
Right,random,Ang,PTT,WRM,6,0.05,1,508,27,51,2,SDM-Ang-HSsrc,arc labels,,0.3173173173173173,0.01593625498007968,0.14814814814814814
Right,random,Ang,PTT,WRM,6,0.05,1,508,27,51,2,SDM-Ang-PCA,arc labels,64.0,0.4788249788249788,0.034482758620689655,0.07407407407407407
Right,random,Ang,PTT,WRM,6,0.1,1,508,27,102,5,NoAdapt,nothing,,0.663047663047663,0.10429447852760736,0.6296296296296297
Right,random,Ang,PTT,WRM,6,0.1,1,508,27,102,5,TargetOnly,arc labels,,0.6622006622006622,0.1103448275862069,0.5925925925925926
Right,random,Ang,PTT,WRM,6,0.1,1,508,27,102,5,Source+Target,arc labels,,0.6422576422576423,0.09289617486338798,0.6296296296296297
Right,random,Ang,PTT,WRM,6,0.1,1,508,27,102,5,COT,arc labels,,0.6694771694771695,0.11594202898550725,0.5925925925925926
Right,random,Ang,PTT,WRM,6,0.1,1,508,27,102,5,none-Ang-HS4,arc labels,,0.6041041041041041,0.11363636363636363,0.37037037037037035
Right,random,Ang,PTT,WRM,6,0.1,1,508,27,102,5,none-Ang-HSsrc,nothing,,0.6267806267806267,0.12941176470588237,0.4074074074074074
Right,random,Ang,PTT,WRM,6,0.1,1,508,27,102,5,none-Ang-PCA,arc segments,32.0,0.6084546084546084,0.13846153846153847,0.3333333333333333
Right,random,Ang,PTT,WRM,6,0.1,1,508,27,102,5,QOTu-Ang-HS4,arc labels,,0.6134596134596135,0.12658227848101267,0.37037037037037035
Right,random,Ang,PTT,WRM,6,0.1,1,508,27,102,5,QOTu-Ang-HSsrc,arc segments,,0.6226226226226226,0.12359550561797752,0.4074074074074074
Right,random,Ang,PTT,WRM,6,0.1,1,508,27,102,5,QOTu-Ang-PCA,arc segments,64.0,0.5406175406175406,0.09090909090909091,0.18518518518518517
Right,random,Ang,PTT,WRM,6,0.1,1,508,27,102,5,QOTc-Ang-HS4,arc labels,,0.562909062909063,0.08888888888888889,0.2962962962962963
Right,random,Ang,PTT,WRM,6,0.1,1,508,27,102,5,QOTc-Ang-HSsrc,arc labels,,0.4937244937244937,0.051643192488262914,0.4074074074074074
Right,random,Ang,PTT,WRM,6,0.1,1,508,27,102,5,QOTc-Ang-PCA,arc labels,32.0,0.5306075306075306,0.1111111111111111,0.1111111111111111
Right,random,Ang,PTT,WRM,6,0.1,1,508,27,102,5,SDM-Ang-HS4,arc labels,,0.5876645876645876,0.10588235294117647,0.3333333333333333
Right,random,Ang,PTT,WRM,6,0.1,1,508,27,102,5,SDM-Ang-HSsrc,arc labels,,0.4190729190729191,0.03759398496240601,0.37037037037037035
Right,random,Ang,PTT,WRM,6,0.1,1,508,27,102,5,SDM-Ang-PCA,arc labels,64.0,0.516901516901517,0.06779661016949153,0.14814814814814814
Right,random,Ang,PTT,WRM,6,0.2,1,508,27,203,15,NoAdapt,nothing,,0.663047663047663,0.10429447852760736,0.6296296296296297
Right,random,Ang,PTT,WRM,6,0.2,1,508,27,203,15,TargetOnly,arc labels,,0.7348502348502348,0.11702127659574468,0.8148148148148148
Right,random,Ang,PTT,WRM,6,0.2,1,508,27,203,15,Source+Target,arc labels,,0.6235466235466236,0.0845771144278607,0.6296296296296297
Right,random,Ang,PTT,WRM,6,0.2,1,508,27,203,15,COT,arc labels,,0.587934087934088,0.08125,0.48148148148148145
Right,random,Ang,PTT,WRM,6,0.2,1,508,27,203,15,none-Ang-HS4,arc labels,,0.6195041195041195,0.11956521739130435,0.4074074074074074
Right,random,Ang,PTT,WRM,6,0.2,1,508,27,203,15,none-Ang-HSsrc,nothing,,0.6267806267806267,0.12941176470588237,0.4074074074074074
Right,random,Ang,PTT,WRM,6,0.2,1,508,27,203,15,none-Ang-PCA,arc segments,32.0,0.633017633017633,0.13924050632911392,0.4074074074074074
Right,random,Ang,PTT,WRM,6,0.2,1,508,27,203,15,QOTu-Ang-HS4,arc labels,,0.6105336105336105,0.14285714285714285,0.3333333333333333
Right,random,Ang,PTT,WRM,6,0.2,1,508,27,203,15,QOTu-Ang-HSsrc,arc segments,,0.6369831369831369,0.1276595744680851,0.4444444444444444
Right,random,Ang,PTT,WRM,6,0.2,1,508,27,203,15,QOTu-Ang-PCA,arc segments,32.0,0.5612920612920613,0.07432432432432433,0.4074074074074074
Right,random,Ang,PTT,WRM,6,0.2,1,508,27,203,15,QOTc-Ang-HS4,arc labels,,0.591899591899592,0.08,0.5185185185185185
Right,random,Ang,PTT,WRM,6,0.2,1,508,27,203,15,QOTc-Ang-HSsrc,arc labels,,0.63998613998614,0.08823529411764706,0.6666666666666666
Right,random,Ang,PTT,WRM,6,0.2,1,508,27,203,15,QOTc-Ang-PCA,arc labels,64.0,0.49176099176099175,0.049019607843137254,0.18518518518518517
Right,random,Ang,PTT,WRM,6,0.2,1,508,27,203,15,SDM-Ang-HS4,arc labels,,0.5727265727265727,0.08029197080291971,0.4074074074074074
Right,random,Ang,PTT,WRM,6,0.2,1,508,27,203,15,SDM-Ang-HSsrc,arc labels,,0.6181566181566182,0.08,0.6666666666666666
Right,random,Ang,PTT,WRM,6,0.2,1,508,27,203,15,SDM-Ang-PCA,arc labels,64.0,0.5617540617540617,0.06862745098039216,0.5185185185185185
Right,random,Ang,PTT,WRM,6,0.3,1,508,27,305,24,NoAdapt,nothing,,0.663047663047663,0.10429447852760736,0.6296296296296297
Right,random,Ang,PTT,WRM,6,0.3,1,508,27,305,24,TargetOnly,arc labels,,0.7165242165242165,0.11904761904761904,0.7407407407407407
Right,random,Ang,PTT,WRM,6,0.3,1,508,27,305,24,Source+Target,arc labels,,0.6235466235466236,0.0845771144278607,0.6296296296296297
Right,random,Ang,PTT,WRM,6,0.3,1,508,27,305,24,COT,arc labels,,0.621005621005621,0.09523809523809523,0.5185185185185185
Right,random,Ang,PTT,WRM,6,0.3,1,508,27,305,24,none-Ang-HS4,arc labels,,0.6195041195041195,0.11956521739130435,0.4074074074074074
Right,random,Ang,PTT,WRM,6,0.3,1,508,27,305,24,none-Ang-HSsrc,nothing,,0.6267806267806267,0.12941176470588237,0.4074074074074074
Right,random,Ang,PTT,WRM,6,0.3,1,508,27,305,24,none-Ang-PCA,arc segments,64.0,0.5939015939015939,0.11392405063291139,0.3333333333333333
Right,random,Ang,PTT,WRM,6,0.3,1,508,27,305,24,QOTu-Ang-HS4,arc labels,,0.5990990990990991,0.12162162162162163,0.3333333333333333
Right,random,Ang,PTT,WRM,6,0.3,1,508,27,305,24,QOTu-Ang-HSsrc,arc segments,,0.6369831369831369,0.1276595744680851,0.4444444444444444
Right,random,Ang,PTT,WRM,6,0.3,1,508,27,305,24,QOTu-Ang-PCA,arc segments,64.0,0.49799799799799804,0.052083333333333336,0.18518518518518517
Right,random,Ang,PTT,WRM,6,0.3,1,508,27,305,24,QOTc-Ang-HS4,arc labels,,0.621005621005621,0.09523809523809523,0.5185185185185185
Right,random,Ang,PTT,WRM,6,0.3,1,508,27,305,24,QOTc-Ang-HSsrc,arc labels,,0.6441441441441441,0.09,0.6666666666666666
Right,random,Ang,PTT,WRM,6,0.3,1,508,27,305,24,QOTc-Ang-PCA,arc labels,64.0,0.5516670516670517,0.08536585365853659,0.25925925925925924
Right,random,Ang,PTT,WRM,6,0.3,1,508,27,305,24,SDM-Ang-HS4,arc labels,,0.5835835835835836,0.07650273224043716,0.5185185185185185
Right,random,Ang,PTT,WRM,6,0.3,1,508,27,305,24,SDM-Ang-HSsrc,arc labels,,0.6202356202356203,0.08071748878923767,0.6666666666666666
Right,random,Ang,PTT,WRM,6,0.3,1,508,27,305,24,SDM-Ang-PCA,arc labels,64.0,0.5271810271810271,0.06172839506172839,0.37037037037037035
Right,random,Ang,PTT,WRM,6,0.5,1,508,27,487,32,NoAdapt,nothing,,0.663047663047663,0.10429447852760736,0.6296296296296297
Right,random,Ang,PTT,WRM,6,0.5,1,508,27,487,32,TargetOnly,arc labels,,0.7061292061292062,0.11235955056179775,0.7407407407407407
Right,random,Ang,PTT,WRM,6,0.5,1,508,27,487,32,Source+Target,arc labels,,0.6214676214676215,0.08374384236453201,0.6296296296296297
Right,random,Ang,PTT,WRM,6,0.5,1,508,27,487,32,COT,arc labels,,0.5923615923615924,0.0735930735930736,0.6296296296296297
Right,random,Ang,PTT,WRM,6,0.5,1,508,27,487,32,none-Ang-HS4,arc labels,,0.6236621236621237,0.125,0.4074074074074074
Right,random,Ang,PTT,WRM,6,0.5,1,508,27,487,32,none-Ang-HSsrc,nothing,,0.6267806267806267,0.12941176470588237,0.4074074074074074
Right,random,Ang,PTT,WRM,6,0.5,1,508,27,487,32,none-Ang-PCA,arc segments,32.0,0.6213906213906214,0.11009174311926606,0.4444444444444444
Right,random,Ang,PTT,WRM,6,0.5,1,508,27,487,32,QOTu-Ang-HS4,arc labels,,0.5990990990990991,0.12162162162162163,0.3333333333333333
Right,random,Ang,PTT,WRM,6,0.5,1,508,27,487,32,QOTu-Ang-HSsrc,arc segments,,0.6369831369831369,0.1276595744680851,0.4444444444444444
Right,random,Ang,PTT,WRM,6,0.5,1,508,27,487,32,QOTu-Ang-PCA,arc segments,8.0,0.6307461307461307,0.12,0.4444444444444444
Right,random,Ang,PTT,WRM,6,0.5,1,508,27,487,32,QOTc-Ang-HS4,arc labels,,0.6568106568106569,0.10059171597633136,0.6296296296296297
Right,random,Ang,PTT,WRM,6,0.5,1,508,27,487,32,QOTc-Ang-HSsrc,arc labels,,0.6622776622776623,0.08786610878661087,0.7777777777777778
Right,random,Ang,PTT,WRM,6,0.5,1,508,27,487,32,QOTc-Ang-PCA,arc labels,64.0,0.5905905905905906,0.09900990099009901,0.37037037037037035
Right,random,Ang,PTT,WRM,6,0.5,1,508,27,487,32,SDM-Ang-HS4,arc labels,,0.6108031108031108,0.09420289855072464,0.48148148148148145
Right,random,Ang,PTT,WRM,6,0.5,1,508,27,487,32,SDM-Ang-HSsrc,arc labels,,0.6366751366751366,0.084070796460177,0.7037037037037037
Right,random,Ang,PTT,WRM,6,0.5,1,508,27,487,32,SDM-Ang-PCA,arc labels,64.0,0.5597905597905598,0.08602150537634409,0.2962962962962963
Right,random,Ang,PTT,WRM,7,0.05,1,508,27,51,5,NoAdapt,nothing,,0.6391391391391392,0.0913978494623656,0.6296296296296297
Right,random,Ang,PTT,WRM,7,0.05,1,508,27,51,5,TargetOnly,arc labels,,0.5831985831985832,0.07239819004524888,0.5925925925925926
Right,random,Ang,PTT,WRM,7,0.05,1,508,27,51,5,Source+Target,arc labels,,0.6256256256256256,0.08542713567839195,0.6296296296296297
Right,random,Ang,PTT,WRM,7,0.05,1,508,27,51,5,COT,arc labels,,0.5655270655270654,0.06722689075630252,0.5925925925925926
Right,random,Ang,PTT,WRM,7,0.05,1,508,27,51,5,none-Ang-HS4,arc labels,,0.5685685685685685,0.07801418439716312,0.4074074074074074
Right,random,Ang,PTT,WRM,7,0.05,1,508,27,51,5,none-Ang-HSsrc,nothing,,0.5922845922845923,0.08759124087591241,0.4444444444444444
Right,random,Ang,PTT,WRM,7,0.05,1,508,27,51,5,none-Ang-PCA,arc segments,64.0,0.5903980903980904,0.09166666666666666,0.4074074074074074
Right,random,Ang,PTT,WRM,7,0.05,1,508,27,51,5,QOTu-Ang-HS4,arc labels,,0.5583660583660583,0.07575757575757576,0.37037037037037035
Right,random,Ang,PTT,WRM,7,0.05,1,508,27,51,5,QOTu-Ang-HSsrc,arc segments,,0.5983290983290983,0.08666666666666667,0.48148148148148145
Right,random,Ang,PTT,WRM,7,0.05,1,508,27,51,5,QOTu-Ang-PCA,arc segments,8.0,0.5943635943635943,0.08888888888888889,0.4444444444444444
Right,random,Ang,PTT,WRM,7,0.05,1,508,27,51,5,QOTc-Ang-HS4,arc labels,,0.5248325248325248,0.06741573033707865,0.2222222222222222
Right,random,Ang,PTT,WRM,7,0.05,1,508,27,51,5,QOTc-Ang-HSsrc,arc labels,,0.5561715561715561,0.06477732793522267,0.5925925925925926
Right,random,Ang,PTT,WRM,7,0.05,1,508,27,51,5,QOTc-Ang-PCA,arc labels,64.0,0.5006545006545007,0.05405405405405406,0.07407407407407407
Right,random,Ang,PTT,WRM,7,0.05,1,508,27,51,5,SDM-Ang-HS4,arc labels,,0.5534380534380534,0.0660377358490566,0.5185185185185185
Right,random,Ang,PTT,WRM,7,0.05,1,508,27,51,5,SDM-Ang-HSsrc,arc labels,,0.5561715561715561,0.06477732793522267,0.5925925925925926
Right,random,Ang,PTT,WRM,7,0.05,1,508,27,51,5,SDM-Ang-PCA,arc labels,64.0,0.4964964964964965,0.04878048780487805,0.07407407407407407
Right,random,Ang,PTT,WRM,7,0.1,1,508,27,102,10,NoAdapt,nothing,,0.6391391391391392,0.0913978494623656,0.6296296296296297
Right,random,Ang,PTT,WRM,7,0.1,1,508,27,102,10,TargetOnly,arc labels,,0.6712481712481713,0.08582089552238806,0.8518518518518519
Right,random,Ang,PTT,WRM,7,0.1,1,508,27,102,10,Source+Target,arc labels,,0.6204281204281205,0.08333333333333333,0.6296296296296297
Right,random,Ang,PTT,WRM,7,0.1,1,508,27,102,10,COT,arc labels,,0.5590975590975591,0.06463878326996197,0.6296296296296297
Right,random,Ang,PTT,WRM,7,0.1,1,508,27,102,10,none-Ang-HS4,arc labels,,0.5654500654500655,0.0763888888888889,0.4074074074074074
Right,random,Ang,PTT,WRM,7,0.1,1,508,27,102,10,none-Ang-HSsrc,nothing,,0.5922845922845923,0.08759124087591241,0.4444444444444444
Right,random,Ang,PTT,WRM,7,0.1,1,508,27,102,10,none-Ang-PCA,arc segments,64.0,0.5872795872795873,0.08943089430894309,0.4074074074074074
Right,random,Ang,PTT,WRM,7,0.1,1,508,27,102,10,QOTu-Ang-HS4,arc labels,,0.579040579040579,0.07111111111111111,0.5925925925925926
Right,random,Ang,PTT,WRM,7,0.1,1,508,27,102,10,QOTu-Ang-HSsrc,arc segments,,0.619003619003619,0.07818930041152264,0.7037037037037037
Right,random,Ang,PTT,WRM,7,0.1,1,508,27,102,10,QOTu-Ang-PCA,arc segments,8.0,0.5933240933240933,0.08823529411764706,0.4444444444444444
Right,random,Ang,PTT,WRM,7,0.1,1,508,27,102,10,QOTc-Ang-HS4,arc labels,,0.5519365519365519,0.07006369426751592,0.4074074074074074
Right,random,Ang,PTT,WRM,7,0.1,1,508,27,102,10,QOTc-Ang-HSsrc,arc labels,,0.6558481558481558,0.08333333333333333,0.8148148148148148
Right,random,Ang,PTT,WRM,7,0.1,1,508,27,102,10,QOTc-Ang-PCA,arc labels,64.0,0.5264495264495265,0.0967741935483871,0.1111111111111111
Right,random,Ang,PTT,WRM,7,0.1,1,508,27,102,10,SDM-Ang-HS4,arc labels,,0.6194656194656194,0.07357859531772576,0.8148148148148148
Right,random,Ang,PTT,WRM,7,0.1,1,508,27,102,10,SDM-Ang-HSsrc,arc labels,,0.6215446215446215,0.07407407407407407,0.8148148148148148
Right,random,Ang,PTT,WRM,7,0.1,1,508,27,102,10,SDM-Ang-PCA,arc labels,64.0,0.5698775698775699,0.06976744186046512,0.5555555555555556
Right,random,Ang,PTT,WRM,7,0.2,1,508,27,203,16,NoAdapt,nothing,,0.6391391391391392,0.0913978494623656,0.6296296296296297
Right,random,Ang,PTT,WRM,7,0.2,1,508,27,203,16,TargetOnly,arc labels,,0.6608531608531609,0.08273381294964029,0.8518518518518519
Right,random,Ang,PTT,WRM,7,0.2,1,508,27,203,16,Source+Target,arc labels,,0.6193886193886193,0.08292682926829269,0.6296296296296297
Right,random,Ang,PTT,WRM,7,0.2,1,508,27,203,16,COT,arc labels,,0.5663740663740664,0.06640625,0.6296296296296297
Right,random,Ang,PTT,WRM,7,0.2,1,508,27,203,16,none-Ang-HS4,arc labels,,0.5881265881265881,0.0851063829787234,0.4444444444444444
Right,random,Ang,PTT,WRM,7,0.2,1,508,27,203,16,none-Ang-HSsrc,nothing,,0.5922845922845923,0.08759124087591241,0.4444444444444444
Right,random,Ang,PTT,WRM,7,0.2,1,508,27,203,16,none-Ang-PCA,arc segments,64.0,0.605990605990606,0.10476190476190476,0.4074074074074074
Right,random,Ang,PTT,WRM,7,0.2,1,508,27,203,16,QOTu-Ang-HS4,arc labels,,0.5717640717640717,0.06896551724137931,0.5925925925925926
Right,random,Ang,PTT,WRM,7,0.2,1,508,27,203,16,QOTu-Ang-HSsrc,arc segments,,0.619003619003619,0.07818930041152264,0.7037037037037037
Right,random,Ang,PTT,WRM,7,0.2,1,508,27,203,16,QOTu-Ang-PCA,arc segments,8.0,0.5902055902055903,0.08633093525179857,0.4444444444444444
Right,random,Ang,PTT,WRM,7,0.2,1,508,27,203,16,QOTc-Ang-HS4,arc labels,,0.5622545622545623,0.11320754716981132,0.2222222222222222
Right,random,Ang,PTT,WRM,7,0.2,1,508,27,203,16,QOTc-Ang-HSsrc,arc labels,,0.634018634018634,0.07719298245614035,0.8148148148148148
Right,random,Ang,PTT,WRM,7,0.2,1,508,27,203,16,QOTc-Ang-PCA,arc labels,32.0,0.5345730345730346,0.09523809523809523,0.14814814814814814
Right,random,Ang,PTT,WRM,7,0.2,1,508,27,203,16,SDM-Ang-HS4,arc labels,,0.6186186186186187,0.07473309608540925,0.7777777777777778
Right,random,Ang,PTT,WRM,7,0.2,1,508,27,203,16,SDM-Ang-HSsrc,arc labels,,0.6421421421421422,0.0777027027027027,0.8518518518518519
Right,random,Ang,PTT,WRM,7,0.2,1,508,27,203,16,SDM-Ang-PCA,arc labels,64.0,0.47435897435897434,0.04639175257731959,0.3333333333333333
Right,random,Ang,PTT,WRM,7,0.3,1,508,27,305,22,NoAdapt,nothing,,0.6391391391391392,0.0913978494623656,0.6296296296296297
Right,random,Ang,PTT,WRM,7,0.3,1,508,27,305,22,TargetOnly,arc labels,,0.6988526988526989,0.10810810810810811,0.7407407407407407
Right,random,Ang,PTT,WRM,7,0.3,1,508,27,305,22,Source+Target,arc labels,,0.6204281204281205,0.08333333333333333,0.6296296296296297
Right,random,Ang,PTT,WRM,7,0.3,1,508,27,305,22,COT,arc labels,,0.6133441133441133,0.08333333333333333,0.5925925925925926
Right,random,Ang,PTT,WRM,7,0.3,1,508,27,305,22,none-Ang-HS4,arc labels,,0.5881265881265881,0.0851063829787234,0.4444444444444444
Right,random,Ang,PTT,WRM,7,0.3,1,508,27,305,22,none-Ang-HSsrc,nothing,,0.5922845922845923,0.08759124087591241,0.4444444444444444
Right,random,Ang,PTT,WRM,7,0.3,1,508,27,305,22,none-Ang-PCA,arc segments,64.0,0.5833140833140833,0.09259259259259259,0.37037037037037035
Right,random,Ang,PTT,WRM,7,0.3,1,508,27,305,22,QOTu-Ang-HS4,arc labels,,0.5717640717640717,0.06896551724137931,0.5925925925925926
Right,random,Ang,PTT,WRM,7,0.3,1,508,27,305,22,QOTu-Ang-HSsrc,arc segments,,0.619003619003619,0.07818930041152264,0.7037037037037037
Right,random,Ang,PTT,WRM,7,0.3,1,508,27,305,22,QOTu-Ang-PCA,arc segments,8.0,0.615038115038115,0.07894736842105263,0.6666666666666666
Right,random,Ang,PTT,WRM,7,0.3,1,508,27,305,22,QOTc-Ang-HS4,arc labels,,0.5706475706475707,0.07913669064748201,0.4074074074074074
Right,random,Ang,PTT,WRM,7,0.3,1,508,27,305,22,QOTc-Ang-HSsrc,arc labels,,0.632979132979133,0.07692307692307693,0.8148148148148148
Right,random,Ang,PTT,WRM,7,0.3,1,508,27,305,22,QOTc-Ang-PCA,arc labels,64.0,0.527951027951028,0.06976744186046512,0.2222222222222222
Right,random,Ang,PTT,WRM,7,0.3,1,508,27,305,22,SDM-Ang-HS4,arc labels,,0.6488796488796489,0.1079136690647482,0.5555555555555556
Right,random,Ang,PTT,WRM,7,0.3,1,508,27,305,22,SDM-Ang-HSsrc,arc labels,,0.6305151305151305,0.0736196319018405,0.8888888888888888
Right,random,Ang,PTT,WRM,7,0.3,1,508,27,305,22,SDM-Ang-PCA,arc labels,64.0,0.48448448448448445,0.045871559633027525,0.18518518518518517
Right,random,Ang,PTT,WRM,7,0.5,1,508,27,498,32,NoAdapt,nothing,,0.6391391391391392,0.0913978494623656,0.6296296296296297
Right,random,Ang,PTT,WRM,7,0.5,1,508,27,498,32,TargetOnly,arc labels,,0.6653961653961654,0.08898305084745763,0.7777777777777778
Right,random,Ang,PTT,WRM,7,0.5,1,508,27,498,32,Source+Target,arc labels,,0.6173096173096173,0.0821256038647343,0.6296296296296297
Right,random,Ang,PTT,WRM,7,0.5,1,508,27,498,32,COT,arc labels,,0.607107107107107,0.08080808080808081,0.5925925925925926
Right,random,Ang,PTT,WRM,7,0.5,1,508,27,498,32,none-Ang-HS4,arc labels,,0.5881265881265881,0.0851063829787234,0.4444444444444444
Right,random,Ang,PTT,WRM,7,0.5,1,508,27,498,32,none-Ang-HSsrc,nothing,,0.5922845922845923,0.08759124087591241,0.4444444444444444
Right,random,Ang,PTT,WRM,7,0.5,1,508,27,498,32,none-Ang-PCA,arc segments,64.0,0.5833140833140833,0.09259259259259259,0.37037037037037035
Right,random,Ang,PTT,WRM,7,0.5,1,508,27,498,32,QOTu-Ang-HS4,arc labels,,0.6056826056826057,0.0759493670886076,0.6666666666666666
Right,random,Ang,PTT,WRM,7,0.5,1,508,27,498,32,QOTu-Ang-HSsrc,arc segments,,0.619003619003619,0.07818930041152264,0.7037037037037037
Right,random,Ang,PTT,WRM,7,0.5,1,508,27,498,32,QOTu-Ang-PCA,arc segments,4.0,0.5757295757295757,0.06882591093117409,0.6296296296296297
Right,random,Ang,PTT,WRM,7,0.5,1,508,27,498,32,QOTc-Ang-HS4,arc labels,,0.6851466851466852,0.0967741935483871,0.7777777777777778
Right,random,Ang,PTT,WRM,7,0.5,1,508,27,498,32,QOTc-Ang-HSsrc,arc labels,,0.632979132979133,0.07692307692307693,0.8148148148148148
Right,random,Ang,PTT,WRM,7,0.5,1,508,27,498,32,QOTc-Ang-PCA,arc labels,64.0,0.5454300454300455,0.07954545454545454,0.25925925925925924
Right,random,Ang,PTT,WRM,7,0.5,1,508,27,498,32,SDM-Ang-HS4,arc labels,,0.6587741587741588,0.08214285714285714,0.8518518518518519
Right,random,Ang,PTT,WRM,7,0.5,1,508,27,498,32,SDM-Ang-HSsrc,arc labels,,0.6377916377916377,0.07523510971786834,0.8888888888888888
Right,random,Ang,PTT,WRM,7,0.5,1,508,27,498,32,SDM-Ang-PCA,arc labels,64.0,0.5042350042350042,0.05555555555555555,0.18518518518518517
Right,random,Ang,RTT,HTL,0,0.05,1,401,82,40,8,NoAdapt,nothing,,0.6424229681168285,0.28634361233480177,0.7926829268292683
Right,random,Ang,RTT,HTL,0,0.05,1,401,82,40,8,TargetOnly,arc labels,,0.5282896245890358,0.22784810126582278,0.43902439024390244
Right,random,Ang,RTT,HTL,0,0.05,1,401,82,40,8,Source+Target,arc labels,,0.6196192369447205,0.2631578947368421,0.8536585365853658
Right,random,Ang,RTT,HTL,0,0.05,1,401,82,40,8,COT,arc labels,,0.527085404082881,0.22279792746113988,0.524390243902439
Right,random,Ang,RTT,HTL,0,0.05,1,401,82,40,8,none-Ang-HS4,arc labels,,0.5550691948925759,0.3541666666666667,0.2073170731707317
Right,random,Ang,RTT,HTL,0,0.05,1,401,82,40,8,none-Ang-HSsrc,nothing,,0.6061434360425109,0.3170731707317073,0.47560975609756095
Right,random,Ang,RTT,HTL,0,0.05,1,401,82,40,8,none-Ang-PCA,arc segments,16.0,0.5918457068583225,0.3333333333333333,0.3780487804878049
Right,random,Ang,RTT,HTL,0,0.05,1,401,82,40,8,QOTu-Ang-HS4,arc labels,,0.5847159568774372,0.29508196721311475,0.43902439024390244
Right,random,Ang,RTT,HTL,0,0.05,1,401,82,40,8,QOTu-Ang-HSsrc,arc segments,,0.6101575043963605,0.30714285714285716,0.524390243902439
Right,random,Ang,RTT,HTL,0,0.05,1,401,82,40,8,QOTu-Ang-PCA,arc segments,8.0,0.6204411652266992,0.30718954248366015,0.573170731707317
Right,random,Ang,RTT,HTL,0,0.05,1,401,82,40,8,QOTc-Ang-HS4,arc labels,,0.5519535132655402,0.2765957446808511,0.3170731707317073
Right,random,Ang,RTT,HTL,0,0.05,1,401,82,40,8,QOTc-Ang-HSsrc,arc labels,,0.5404656319290466,0.25,0.35365853658536583
Right,random,Ang,RTT,HTL,0,0.05,1,401,82,40,8,QOTc-Ang-PCA,arc labels,64.0,0.49464790886153376,0.1981981981981982,0.2682926829268293
Right,random,Ang,RTT,HTL,0,0.05,1,401,82,40,8,SDM-Ang-HS4,arc labels,,0.4570303540025996,0.16296296296296298,0.2682926829268293
Right,random,Ang,RTT,HTL,0,0.05,1,401,82,40,8,SDM-Ang-HSsrc,arc labels,,0.5432372505543237,0.275,0.2682926829268293
Right,random,Ang,RTT,HTL,0,0.05,1,401,82,40,8,SDM-Ang-PCA,arc labels,64.0,0.5219818028901292,0.24324324324324326,0.21951219512195122
Right,random,Ang,RTT,HTL,0,0.1,1,401,82,80,16,NoAdapt,nothing,,0.6424229681168285,0.28634361233480177,0.7926829268292683
Right,random,Ang,RTT,HTL,0,0.1,1,401,82,80,16,TargetOnly,arc labels,,0.4209993118739965,0.15346534653465346,0.3780487804878049
Right,random,Ang,RTT,HTL,0,0.1,1,401,82,80,16,Source+Target,arc labels,,0.5875831485587584,0.24183006535947713,0.9024390243902439
Right,random,Ang,RTT,HTL,0,0.1,1,401,82,80,16,COT,arc labels,,0.44804648673445985,0.18241042345276873,0.6829268292682927
Right,random,Ang,RTT,HTL,0,0.1,1,401,82,80,16,none-Ang-HS4,arc labels,,0.5592552947473048,0.3333333333333333,0.24390243902439024
Right,random,Ang,RTT,HTL,0,0.1,1,401,82,80,16,none-Ang-HSsrc,nothing,,0.6061434360425109,0.3170731707317073,0.47560975609756095
Right,random,Ang,RTT,HTL,0,0.1,1,401,82,80,16,none-Ang-PCA,arc segments,16.0,0.5735530239314932,0.3111111111111111,0.34146341463414637
Right,random,Ang,RTT,HTL,0,0.1,1,401,82,80,16,QOTu-Ang-HS4,arc labels,,0.6228687208502179,0.33070866141732286,0.5121951219512195
Right,random,Ang,RTT,HTL,0,0.1,1,401,82,80,16,QOTu-Ang-HSsrc,arc segments,,0.6068506766572368,0.29931972789115646,0.5365853658536586
Right,random,Ang,RTT,HTL,0,0.1,1,401,82,80,16,QOTu-Ang-PCA,arc segments,8.0,0.6200971022249407,0.3006134969325153,0.5975609756097561
Right,random,Ang,RTT,HTL,0,0.1,1,401,82,80,16,QOTc-Ang-HS4,arc labels,,0.5417080816576191,0.23668639053254437,0.4878048780487805
Right,random,Ang,RTT,HTL,0,0.1,1,401,82,80,16,QOTc-Ang-HSsrc,arc labels,,0.6075579172719627,0.28654970760233917,0.5975609756097561
Right,random,Ang,RTT,HTL,0,0.1,1,401,82,80,16,QOTc-Ang-PCA,arc labels,64.0,0.5258238397430997,0.23958333333333334,0.2804878048780488
Right,random,Ang,RTT,HTL,0,0.1,1,401,82,80,16,SDM-Ang-HS4,arc labels,,0.41522669928893646,0.1292517006802721,0.23170731707317074
Right,random,Ang,RTT,HTL,0,0.1,1,401,82,80,16,SDM-Ang-HSsrc,arc labels,,0.5070150623136326,0.21296296296296297,0.2804878048780488
Right,random,Ang,RTT,HTL,0,0.1,1,401,82,80,16,SDM-Ang-PCA,arc labels,64.0,0.4429237709304993,0.1527777777777778,0.2682926829268293
Right,random,Ang,RTT,HTL,0,0.2,1,401,82,161,32,NoAdapt,nothing,,0.6424229681168285,0.28634361233480177,0.7926829268292683
Right,random,Ang,RTT,HTL,0,0.2,1,401,82,161,32,TargetOnly,arc labels,,0.5422241761602569,0.24025974025974026,0.45121951219512196
Right,random,Ang,RTT,HTL,0,0.2,1,401,82,161,32,Source+Target,arc labels,,0.5799181894640263,0.238562091503268,0.8902439024390244
Right,random,Ang,RTT,HTL,0,0.2,1,401,82,161,32,COT,arc labels,,0.40272574355837604,0.1522633744855967,0.45121951219512196
Right,random,Ang,RTT,HTL,0,0.2,1,401,82,161,32,none-Ang-HS4,arc labels,,0.5794594387950149,0.40384615384615385,0.25609756097560976
Right,random,Ang,RTT,HTL,0,0.2,1,401,82,161,32,none-Ang-HSsrc,nothing,,0.6061434360425109,0.3170731707317073,0.47560975609756095
Right,random,Ang,RTT,HTL,0,0.2,1,401,82,161,32,none-Ang-PCA,arc segments,16.0,0.5751204220506155,0.3146067415730337,0.34146341463414637
Right,random,Ang,RTT,HTL,0,0.2,1,401,82,161,32,QOTu-Ang-HS4,arc labels,,0.6178224634910926,0.3142857142857143,0.5365853658536586
Right,random,Ang,RTT,HTL,0,0.2,1,401,82,161,32,QOTu-Ang-HSsrc,arc segments,,0.591004663965135,0.2777777777777778,0.5487804878048781
Right,random,Ang,RTT,HTL,0,0.2,1,401,82,161,32,QOTu-Ang-PCA,arc segments,32.0,0.615203761755486,0.3228346456692913,0.5
Right,random,Ang,RTT,HTL,0,0.2,1,401,82,161,32,QOTc-Ang-HS4,arc labels,,0.5534062237174096,0.23478260869565218,0.6585365853658537
Right,random,Ang,RTT,HTL,0,0.2,1,401,82,161,32,QOTc-Ang-HSsrc,arc labels,,0.5736294823763285,0.24060150375939848,0.7804878048780488
Right,random,Ang,RTT,HTL,0,0.2,1,401,82,161,32,QOTc-Ang-PCA,arc labels,64.0,0.5086015750439636,0.2119205298013245,0.3902439024390244
Right,random,Ang,RTT,HTL,0,0.2,1,401,82,161,32,SDM-Ang-HS4,arc labels,,0.5092897010474807,0.21374045801526717,0.34146341463414637
Right,random,Ang,RTT,HTL,0,0.2,1,401,82,161,32,SDM-Ang-HSsrc,arc labels,,0.5897813288477712,0.28104575163398693,0.524390243902439
Right,random,Ang,RTT,HTL,0,0.2,1,401,82,161,32,SDM-Ang-PCA,arc labels,64.0,0.4659186482146953,0.1736111111111111,0.3048780487804878
Right,random,Ang,RTT,HTL,0,0.3,1,401,82,241,51,NoAdapt,nothing,,0.6424229681168285,0.28634361233480177,0.7926829268292683
Right,random,Ang,RTT,HTL,0,0.3,1,401,82,241,51,TargetOnly,arc labels,,0.5464102760149858,0.24096385542168675,0.4878048780487805
Right,random,Ang,RTT,HTL,0,0.3,1,401,82,241,51,Source+Target,arc labels,,0.5997782705099779,0.24675324675324675,0.926829268292683
Right,random,Ang,RTT,HTL,0,0.3,1,401,82,241,51,COT,arc labels,,0.4255485893416928,0.16532258064516128,0.5
Right,random,Ang,RTT,HTL,0,0.3,1,401,82,241,51,none-Ang-HS4,arc labels,,0.5735339093202845,0.41304347826086957,0.23170731707317074
Right,random,Ang,RTT,HTL,0,0.3,1,401,82,241,51,none-Ang-HSsrc,nothing,,0.6061434360425109,0.3170731707317073,0.47560975609756095
Right,random,Ang,RTT,HTL,0,0.3,1,401,82,241,51,none-Ang-PCA,arc segments,16.0,0.5894181512348039,0.3025210084033613,0.43902439024390244
Right,random,Ang,RTT,HTL,0,0.3,1,401,82,241,51,QOTu-Ang-HS4,arc labels,,0.6073667711598746,0.3106060606060606,0.5
Right,random,Ang,RTT,HTL,0,0.3,1,401,82,241,51,QOTu-Ang-HSsrc,arc segments,,0.5941394602033795,0.28125,0.5487804878048781
Right,random,Ang,RTT,HTL,0,0.3,1,401,82,241,51,QOTu-Ang-PCA,arc segments,32.0,0.635407905803196,0.35294117647058826,0.5121951219512195
Right,random,Ang,RTT,HTL,0,0.3,1,401,82,241,51,QOTc-Ang-HS4,arc labels,,0.5910428931875525,0.252,0.7682926829268293
Right,random,Ang,RTT,HTL,0,0.3,1,401,82,241,51,QOTc-Ang-HSsrc,arc labels,,0.57328541937457,0.2391304347826087,0.8048780487804879
Right,random,Ang,RTT,HTL,0,0.3,1,401,82,241,51,QOTc-Ang-PCA,arc labels,64.0,0.49483905497362185,0.2,0.36585365853658536
Right,random,Ang,RTT,HTL,0,0.3,1,401,82,241,51,SDM-Ang-HS4,arc labels,,0.5822884012539185,0.27702702702702703,0.5
Right,random,Ang,RTT,HTL,0,0.3,1,401,82,241,51,SDM-Ang-HSsrc,arc labels,,0.5908326324642557,0.2754491017964072,0.5609756097560976
Right,random,Ang,RTT,HTL,0,0.3,1,401,82,241,51,SDM-Ang-PCA,arc labels,32.0,0.5554514871167521,0.2619047619047619,0.4024390243902439
Right,random,Ang,RTT,HTL,0,0.5,1,401,82,391,84,NoAdapt,nothing,,0.6424229681168285,0.28634361233480177,0.7926829268292683
Right,random,Ang,RTT,HTL,0,0.5,1,401,82,391,84,TargetOnly,arc labels,,0.5378851594158576,0.23036649214659685,0.5365853658536586
Right,random,Ang,RTT,HTL,0,0.5,1,401,82,391,84,Source+Target,arc labels,,0.5994342075082193,0.24528301886792453,0.9512195121951219
Right,random,Ang,RTT,HTL,0,0.5,1,401,82,391,84,COT,arc labels,,0.45274868109182664,0.18421052631578946,0.6829268292682927
Right,random,Ang,RTT,HTL,0,0.5,1,401,82,391,84,none-Ang-HS4,arc labels,,0.5643015521064302,0.3829787234042553,0.21951219512195122
Right,random,Ang,RTT,HTL,0,0.5,1,401,82,391,84,none-Ang-HSsrc,nothing,,0.6061434360425109,0.3170731707317073,0.47560975609756095
Right,random,Ang,RTT,HTL,0,0.5,1,401,82,391,84,none-Ang-PCA,arc segments,16.0,0.5814091291383133,0.2868217054263566,0.45121951219512196
Right,random,Ang,RTT,HTL,0,0.5,1,401,82,391,84,QOTu-Ang-HS4,arc labels,,0.6101575043963605,0.30714285714285716,0.524390243902439
Right,random,Ang,RTT,HTL,0,0.5,1,401,82,391,84,QOTu-Ang-HSsrc,arc segments,,0.591004663965135,0.2777777777777778,0.5487804878048781
Right,random,Ang,RTT,HTL,0,0.5,1,401,82,391,84,QOTu-Ang-PCA,arc segments,32.0,0.6016132731860234,0.3140495867768595,0.4634146341463415
Right,random,Ang,RTT,HTL,0,0.5,1,401,82,391,84,QOTc-Ang-HS4,arc labels,,0.5828618395901828,0.24528301886792453,0.7926829268292683
Right,random,Ang,RTT,HTL,0,0.5,1,401,82,391,84,QOTc-Ang-HSsrc,arc labels,,0.5651043657772001,0.23367697594501718,0.8292682926829268
Right,random,Ang,RTT,HTL,0,0.5,1,401,82,391,84,QOTc-Ang-PCA,arc labels,64.0,0.4337105283278538,0.15873015873015872,0.36585365853658536
Right,random,Ang,RTT,HTL,0,0.5,1,401,82,391,84,SDM-Ang-HS4,arc labels,,0.5258620689655172,0.22282608695652173,0.5
Right,random,Ang,RTT,HTL,0,0.5,1,401,82,391,84,SDM-Ang-HSsrc,arc labels,,0.6028748375258047,0.26605504587155965,0.7073170731707317
Right,random,Ang,RTT,HTL,0,0.5,1,401,82,391,84,SDM-Ang-PCA,arc labels,64.0,0.47622142365624287,0.1890547263681592,0.4634146341463415
Right,random,Ang,RTT,HTL,1,0.05,1,401,78,40,5,NoAdapt,nothing,,0.6444589981741684,0.28095238095238095,0.7564102564102564
Right,random,Ang,RTT,HTL,1,0.05,1,401,78,40,5,TargetOnly,arc labels,,0.5793244423275383,0.34328358208955223,0.2948717948717949
Right,random,Ang,RTT,HTL,1,0.05,1,401,78,40,5,Source+Target,arc labels,,0.6451139160117488,0.27555555555555555,0.7948717948717948
Right,random,Ang,RTT,HTL,1,0.05,1,401,78,40,5,COT,arc labels,,0.4951377312058427,0.19298245614035087,0.9871794871794872
Right,random,Ang,RTT,HTL,1,0.05,1,401,78,40,5,none-Ang-HS4,arc labels,,0.5461816305469557,0.35135135135135137,0.16666666666666666
Right,random,Ang,RTT,HTL,1,0.05,1,401,78,40,5,none-Ang-HSsrc,nothing,,0.5874811463046756,0.2962962962962963,0.41025641025641024
Right,random,Ang,RTT,HTL,1,0.05,1,401,78,40,5,none-Ang-PCA,arc segments,16.0,0.5578709216480114,0.27906976744186046,0.3076923076923077
Right,random,Ang,RTT,HTL,1,0.05,1,401,78,40,5,QOTu-Ang-HS4,arc labels,,0.5777367627212828,0.2642857142857143,0.47435897435897434
Right,random,Ang,RTT,HTL,1,0.05,1,401,78,40,5,QOTu-Ang-HSsrc,arc segments,,0.5949829324442327,0.2835820895522388,0.48717948717948717
Right,random,Ang,RTT,HTL,1,0.05,1,401,78,40,5,QOTu-Ang-PCA,arc segments,16.0,0.5885726760339763,0.2781954887218045,0.47435897435897434
Right,random,Ang,RTT,HTL,1,0.05,1,401,78,40,5,QOTc-Ang-HS4,arc labels,,0.5875009922997539,0.3472222222222222,0.32051282051282054
Right,random,Ang,RTT,HTL,1,0.05,1,401,78,40,5,QOTc-Ang-HSsrc,arc labels,,0.5610859728506787,0.22304832713754646,0.7692307692307693
Right,random,Ang,RTT,HTL,1,0.05,1,401,78,40,5,QOTc-Ang-PCA,arc labels,64.0,0.4508811621814718,0.11538461538461539,0.11538461538461539
Right,random,Ang,RTT,HTL,1,0.05,1,401,78,40,5,SDM-Ang-HS4,arc labels,,0.48604826546003016,0.15555555555555556,0.08974358974358974
Right,random,Ang,RTT,HTL,1,0.05,1,401,78,40,5,SDM-Ang-HSsrc,arc labels,,0.56799237913789,0.2441860465116279,0.5384615384615384
Right,random,Ang,RTT,HTL,1,0.05,1,401,78,40,5,SDM-Ang-PCA,arc labels,64.0,0.49686433277764547,0.1891891891891892,0.1794871794871795
Right,random,Ang,RTT,HTL,1,0.1,1,401,78,80,18,NoAdapt,nothing,,0.6444589981741684,0.28095238095238095,0.7564102564102564
Right,random,Ang,RTT,HTL,1,0.1,1,401,78,80,18,TargetOnly,arc labels,,0.5544971024847185,0.23036649214659685,0.5641025641025641
Right,random,Ang,RTT,HTL,1,0.1,1,401,78,80,18,Source+Target,arc labels,,0.6026434865444154,0.24175824175824176,0.8461538461538461
Right,random,Ang,RTT,HTL,1,0.1,1,401,78,80,18,COT,arc labels,,0.44901563864412164,0.16929133858267717,0.5512820512820513
Right,random,Ang,RTT,HTL,1,0.1,1,401,78,80,18,none-Ang-HS4,arc labels,,0.5382233865206001,0.32432432432432434,0.15384615384615385
Right,random,Ang,RTT,HTL,1,0.1,1,401,78,80,18,none-Ang-HSsrc,nothing,,0.5874811463046756,0.2962962962962963,0.41025641025641024
Right,random,Ang,RTT,HTL,1,0.1,1,401,78,80,18,none-Ang-PCA,arc segments,16.0,0.5790862903866,0.29591836734693877,0.3717948717948718
Right,random,Ang,RTT,HTL,1,0.1,1,401,78,80,18,QOTu-Ang-HS4,arc labels,,0.5874613003095975,0.2708333333333333,0.5
Right,random,Ang,RTT,HTL,1,0.1,1,401,78,80,18,QOTu-Ang-HSsrc,arc segments,,0.5918869572120347,0.27941176470588236,0.48717948717948717
Right,random,Ang,RTT,HTL,1,0.1,1,401,78,80,18,QOTu-Ang-PCA,arc segments,16.0,0.6013931888544892,0.28888888888888886,0.5
Right,random,Ang,RTT,HTL,1,0.1,1,401,78,80,18,QOTc-Ang-HS4,arc labels,,0.5482853060252442,0.22077922077922077,0.6538461538461539
Right,random,Ang,RTT,HTL,1,0.1,1,401,78,80,18,QOTc-Ang-HSsrc,arc labels,,0.5466976264189887,0.2138157894736842,0.8333333333333334
Right,random,Ang,RTT,HTL,1,0.1,1,401,78,80,18,QOTc-Ang-PCA,arc labels,64.0,0.5638247201714695,0.26548672566371684,0.38461538461538464
Right,random,Ang,RTT,HTL,1,0.1,1,401,78,80,18,SDM-Ang-HS4,arc labels,,0.5615622767325554,0.2318840579710145,0.6153846153846154
Right,random,Ang,RTT,HTL,1,0.1,1,401,78,80,18,SDM-Ang-HSsrc,arc labels,,0.5644399460188934,0.235,0.6025641025641025
Right,random,Ang,RTT,HTL,1,0.1,1,401,78,80,18,SDM-Ang-PCA,arc labels,64.0,0.530404064459792,0.21505376344086022,0.5128205128205128
Right,random,Ang,RTT,HTL,1,0.2,1,401,78,161,36,NoAdapt,nothing,,0.6444589981741684,0.28095238095238095,0.7564102564102564
Right,random,Ang,RTT,HTL,1,0.2,1,401,78,161,36,TargetOnly,arc labels,,0.5699571326506311,0.2350230414746544,0.6538461538461539
Right,random,Ang,RTT,HTL,1,0.2,1,401,78,161,36,Source+Target,arc labels,,0.5973247598634596,0.2356902356902357,0.8974358974358975
Right,random,Ang,RTT,HTL,1,0.2,1,401,78,161,36,COT,arc labels,,0.4611613876319759,0.17689530685920576,0.6282051282051282
Right,random,Ang,RTT,HTL,1,0.2,1,401,78,161,36,none-Ang-HS4,arc labels,,0.539553068190839,0.3548387096774194,0.14102564102564102
Right,random,Ang,RTT,HTL,1,0.2,1,401,78,161,36,none-Ang-HSsrc,nothing,,0.5874811463046756,0.2962962962962963,0.41025641025641024
Right,random,Ang,RTT,HTL,1,0.2,1,401,78,161,36,none-Ang-PCA,arc segments,16.0,0.5622965785504486,0.2948717948717949,0.2948717948717949
Right,random,Ang,RTT,HTL,1,0.2,1,401,78,161,36,QOTu-Ang-HS4,arc labels,,0.5823807255695801,0.27007299270072993,0.47435897435897434
Right,random,Ang,RTT,HTL,1,0.2,1,401,78,161,36,QOTu-Ang-HSsrc,arc segments,,0.5965309200603318,0.2857142857142857,0.48717948717948717
Right,random,Ang,RTT,HTL,1,0.2,1,401,78,161,36,QOTu-Ang-PCA,arc segments,16.0,0.6022862586330079,0.3025210084033613,0.46153846153846156
Right,random,Ang,RTT,HTL,1,0.2,1,401,78,161,36,QOTc-Ang-HS4,arc labels,,0.5267920933555609,0.20496894409937888,0.8461538461538461
Right,random,Ang,RTT,HTL,1,0.2,1,401,78,161,36,QOTc-Ang-HSsrc,arc labels,,0.5298880685877589,0.20625,0.8461538461538461
Right,random,Ang,RTT,HTL,1,0.2,1,401,78,161,36,QOTc-Ang-PCA,arc labels,64.0,0.49194252599825355,0.18888888888888888,0.4358974358974359
Right,random,Ang,RTT,HTL,1,0.2,1,401,78,161,36,SDM-Ang-HS4,arc labels,,0.5834524093038025,0.2474747474747475,0.6282051282051282
Right,random,Ang,RTT,HTL,1,0.2,1,401,78,161,36,SDM-Ang-HSsrc,arc labels,,0.5854171628165437,0.23868312757201646,0.7435897435897436
Right,random,Ang,RTT,HTL,1,0.2,1,401,78,161,36,SDM-Ang-PCA,arc labels,64.0,0.48088830673969996,0.1813186813186813,0.4230769230769231
Right,random,Ang,RTT,HTL,1,0.3,1,401,78,241,51,NoAdapt,nothing,,0.6444589981741684,0.28095238095238095,0.7564102564102564
Right,random,Ang,RTT,HTL,1,0.3,1,401,78,241,51,TargetOnly,arc labels,,0.5370127808208304,0.2149122807017544,0.6282051282051282
Right,random,Ang,RTT,HTL,1,0.3,1,401,78,241,51,Source+Target,arc labels,,0.5993093593712789,0.23529411764705882,0.9230769230769231
Right,random,Ang,RTT,HTL,1,0.3,1,401,78,241,51,COT,arc labels,,0.4344288322616496,0.16129032258064516,0.5128205128205128
Right,random,Ang,RTT,HTL,1,0.3,1,401,78,241,51,none-Ang-HS4,arc labels,,0.5170080177820116,0.28,0.08974358974358974
Right,random,Ang,RTT,HTL,1,0.3,1,401,78,241,51,none-Ang-HSsrc,nothing,,0.5874811463046756,0.2962962962962963,0.41025641025641024
Right,random,Ang,RTT,HTL,1,0.3,1,401,78,241,51,none-Ang-PCA,arc segments,16.0,0.5565213939826943,0.25,0.41025641025641024
Right,random,Ang,RTT,HTL,1,0.3,1,401,78,241,51,QOTu-Ang-HS4,arc labels,,0.5722195760895451,0.2682926829268293,0.4230769230769231
Right,random,Ang,RTT,HTL,1,0.3,1,401,78,241,51,QOTu-Ang-HSsrc,arc segments,,0.5903389695959356,0.2773722627737226,0.48717948717948717
Right,random,Ang,RTT,HTL,1,0.3,1,401,78,241,51,QOTu-Ang-PCA,arc segments,16.0,0.5980789076764309,0.2878787878787879,0.48717948717948717
Right,random,Ang,RTT,HTL,1,0.3,1,401,78,241,51,QOTc-Ang-HS4,arc labels,,0.5444947209653092,0.21379310344827587,0.7948717948717948
Right,random,Ang,RTT,HTL,1,0.3,1,401,78,241,51,QOTc-Ang-HSsrc,arc labels,,0.5221481305072636,0.20307692307692307,0.8461538461538461
Right,random,Ang,RTT,HTL,1,0.3,1,401,78,241,51,QOTc-Ang-PCA,arc labels,64.0,0.5034333571485274,0.19680851063829788,0.47435897435897434
Right,random,Ang,RTT,HTL,1,0.3,1,401,78,241,51,SDM-Ang-HS4,arc labels,,0.5847820909740414,0.25,0.6153846153846154
Right,random,Ang,RTT,HTL,1,0.3,1,401,78,241,51,SDM-Ang-HSsrc,arc labels,,0.5805548940223862,0.23651452282157676,0.7307692307692307
Right,random,Ang,RTT,HTL,1,0.3,1,401,78,241,51,SDM-Ang-PCA,arc labels,64.0,0.5036516630943876,0.19689119170984457,0.48717948717948717
Right,random,Ang,RTT,HTL,1,0.5,1,401,78,380,86,NoAdapt,nothing,,0.6444589981741684,0.28095238095238095,0.7564102564102564
Right,random,Ang,RTT,HTL,1,0.5,1,401,78,380,86,TargetOnly,arc labels,,0.5571366198301183,0.22790697674418606,0.6282051282051282
Right,random,Ang,RTT,HTL,1,0.5,1,401,78,380,86,Source+Target,arc labels,,0.6008573469873779,0.2360655737704918,0.9230769230769231
Right,random,Ang,RTT,HTL,1,0.5,1,401,78,380,86,COT,arc labels,,0.44591966341192346,0.16796875,0.5512820512820513
Right,random,Ang,RTT,HTL,1,0.5,1,401,78,380,86,none-Ang-HS4,arc labels,,0.5170080177820116,0.28,0.08974358974358974
Right,random,Ang,RTT,HTL,1,0.5,1,401,78,380,86,none-Ang-HSsrc,nothing,,0.5874811463046756,0.2962962962962963,0.41025641025641024
Right,random,Ang,RTT,HTL,1,0.5,1,401,78,380,86,none-Ang-PCA,arc segments,16.0,0.5549734063665952,0.24806201550387597,0.41025641025641024
Right,random,Ang,RTT,HTL,1,0.5,1,401,78,380,86,QOTu-Ang-HS4,arc labels,,0.558942605382234,0.24489795918367346,0.46153846153846156
Right,random,Ang,RTT,HTL,1,0.5,1,401,78,380,86,QOTu-Ang-HSsrc,arc segments,,0.572418036040327,0.25,0.5256410256410257
Right,random,Ang,RTT,HTL,1,0.5,1,401,78,380,86,QOTu-Ang-PCA,arc segments,16.0,0.6091331269349844,0.3,0.5
Right,random,Ang,RTT,HTL,1,0.5,1,401,78,380,86,QOTc-Ang-HS4,arc labels,,0.5537826466619036,0.21830985915492956,0.7948717948717948
Right,random,Ang,RTT,HTL,1,0.5,1,401,78,380,86,QOTc-Ang-HSsrc,arc labels,,0.5469159323648488,0.21359223300970873,0.8461538461538461
Right,random,Ang,RTT,HTL,1,0.5,1,401,78,380,86,QOTc-Ang-PCA,arc labels,64.0,0.5385806144320076,0.2198952879581152,0.5384615384615384
Right,random,Ang,RTT,HTL,1,0.5,1,401,78,380,86,SDM-Ang-HS4,arc labels,,0.5761689291101055,0.24858757062146894,0.5641025641025641
Right,random,Ang,RTT,HTL,1,0.5,1,401,78,380,86,SDM-Ang-HSsrc,arc labels,,0.5730531078828293,0.2372093023255814,0.6538461538461539
Right,random,Ang,RTT,HTL,1,0.5,1,401,78,380,86,SDM-Ang-PCA,arc labels,64.0,0.5330634278002699,0.21839080459770116,0.48717948717948717
Right,random,Ang,RTT,HTL,2,0.05,1,401,78,40,11,NoAdapt,nothing,,0.625208382948321,0.25925925925925924,0.8076923076923077
Right,random,Ang,RTT,HTL,2,0.05,1,401,78,40,11,TargetOnly,arc labels,,0.6325117091370962,0.2675438596491228,0.782051282051282
Right,random,Ang,RTT,HTL,2,0.05,1,401,78,40,11,Source+Target,arc labels,,0.5898031277288243,0.23127035830618892,0.9102564102564102
Right,random,Ang,RTT,HTL,2,0.05,1,401,78,40,11,COT,arc labels,,0.5,0.19451371571072318,1.0
Right,random,Ang,RTT,HTL,2,0.05,1,401,78,40,11,none-Ang-HS4,arc labels,,0.5417559736445186,0.3111111111111111,0.1794871794871795
Right,random,Ang,RTT,HTL,2,0.05,1,401,78,40,11,none-Ang-HSsrc,nothing,,0.5936532507739938,0.2785714285714286,0.5
Right,random,Ang,RTT,HTL,2,0.05,1,401,78,40,11,none-Ang-PCA,arc segments,16.0,0.5408430578709217,0.24742268041237114,0.3076923076923077
Right,random,Ang,RTT,HTL,2,0.05,1,401,78,40,11,QOTu-Ang-HS4,arc labels,,0.5306422164007303,0.21935483870967742,0.4358974358974359
Right,random,Ang,RTT,HTL,2,0.05,1,401,78,40,11,QOTu-Ang-HSsrc,arc segments,,0.5914304993252362,0.2654320987654321,0.5512820512820513
Right,random,Ang,RTT,HTL,2,0.05,1,401,78,40,11,QOTu-Ang-PCA,arc segments,32.0,0.5905572755417956,0.2746478873239437,0.5
Right,random,Ang,RTT,HTL,2,0.05,1,401,78,40,11,QOTc-Ang-HS4,arc labels,,0.6041914741605144,0.2426470588235294,0.8461538461538461
Right,random,Ang,RTT,HTL,2,0.05,1,401,78,40,11,QOTc-Ang-HSsrc,arc labels,,0.5338572676033977,0.20710059171597633,0.8974358974358975
Right,random,Ang,RTT,HTL,2,0.05,1,401,78,40,11,QOTc-Ang-PCA,arc labels,64.0,0.5710486623799318,0.23140495867768596,0.717948717948718
Right,random,Ang,RTT,HTL,2,0.05,1,401,78,40,11,SDM-Ang-HS4,arc labels,,0.5650551718663174,0.2229965156794425,0.8205128205128205
Right,random,Ang,RTT,HTL,2,0.05,1,401,78,40,11,SDM-Ang-HSsrc,arc labels,,0.5303445264745574,0.20748299319727892,0.782051282051282
Right,random,Ang,RTT,HTL,2,0.05,1,401,78,40,11,SDM-Ang-PCA,arc labels,32.0,0.558029689608637,0.23115577889447236,0.5897435897435898
Right,random,Ang,RTT,HTL,2,0.1,1,401,78,80,21,NoAdapt,nothing,,0.625208382948321,0.25925925925925924,0.8076923076923077
Right,random,Ang,RTT,HTL,2,0.1,1,401,78,80,21,TargetOnly,arc labels,,0.5695006747638327,0.23045267489711935,0.717948717948718
Right,random,Ang,RTT,HTL,2,0.1,1,401,78,80,21,Source+Target,arc labels,,0.5712272763356354,0.2225705329153605,0.9102564102564102
Right,random,Ang,RTT,HTL,2,0.1,1,401,78,80,21,COT,arc labels,,0.4855322695879971,0.18435754189944134,0.4230769230769231
Right,random,Ang,RTT,HTL,2,0.1,1,401,78,80,21,none-Ang-HS4,arc labels,,0.48737794713026916,0.15384615384615385,0.07692307692307693
Right,random,Ang,RTT,HTL,2,0.1,1,401,78,80,21,none-Ang-HSsrc,nothing,,0.5936532507739938,0.2785714285714286,0.5
Right,random,Ang,RTT,HTL,2,0.1,1,401,78,80,21,none-Ang-PCA,arc segments,16.0,0.531118520282607,0.23655913978494625,0.28205128205128205
Right,random,Ang,RTT,HTL,2,0.1,1,401,78,80,21,QOTu-Ang-HS4,arc labels,,0.5452290227832024,0.22981366459627328,0.47435897435897434
Right,random,Ang,RTT,HTL,2,0.1,1,401,78,80,21,QOTu-Ang-HSsrc,arc segments,,0.5929784869413353,0.2670807453416149,0.5512820512820513
Right,random,Ang,RTT,HTL,2,0.1,1,401,78,80,21,QOTu-Ang-PCA,arc segments,16.0,0.6027030245296499,0.2727272727272727,0.5769230769230769
Right,random,Ang,RTT,HTL,2,0.1,1,401,78,80,21,QOTc-Ang-HS4,arc labels,,0.5535444947209653,0.21587301587301588,0.8717948717948718
Right,random,Ang,RTT,HTL,2,0.1,1,401,78,80,21,QOTc-Ang-HSsrc,arc labels,,0.5380646185599746,0.20923076923076922,0.8717948717948718
Right,random,Ang,RTT,HTL,2,0.1,1,401,78,80,21,QOTc-Ang-PCA,arc labels,64.0,0.5936334047789156,0.26136363636363635,0.5897435897435898
Right,random,Ang,RTT,HTL,2,0.1,1,401,78,80,21,SDM-Ang-HS4,arc labels,,0.55689846788918,0.22357723577235772,0.7051282051282052
Right,random,Ang,RTT,HTL,2,0.1,1,401,78,80,21,SDM-Ang-HSsrc,arc labels,,0.5349884893228547,0.20962199312714777,0.782051282051282
Right,random,Ang,RTT,HTL,2,0.1,1,401,78,80,21,SDM-Ang-PCA,arc labels,64.0,0.5292926887354132,0.2131979695431472,0.5384615384615384
Right,random,Ang,RTT,HTL,2,0.2,1,401,78,161,35,NoAdapt,nothing,,0.625208382948321,0.25925925925925924,0.8076923076923077
Right,random,Ang,RTT,HTL,2,0.2,1,401,78,161,35,TargetOnly,arc labels,,0.597582757799476,0.24782608695652175,0.7307692307692307
Right,random,Ang,RTT,HTL,2,0.2,1,401,78,161,35,Source+Target,arc labels,,0.561721044693181,0.21875,0.8974358974358975
Right,random,Ang,RTT,HTL,2,0.2,1,401,78,161,35,COT,arc labels,,0.5595776772247361,0.23232323232323232,0.5897435897435898
Right,random,Ang,RTT,HTL,2,0.2,1,401,78,161,35,none-Ang-HS4,arc labels,,0.4966658728268636,0.18181818181818182,0.07692307692307693
Right,random,Ang,RTT,HTL,2,0.2,1,401,78,161,35,none-Ang-HSsrc,nothing,,0.5936532507739938,0.2785714285714286,0.5
Right,random,Ang,RTT,HTL,2,0.2,1,401,78,161,35,none-Ang-PCA,arc segments,16.0,0.5324482019528459,0.2413793103448276,0.2692307692307692
Right,random,Ang,RTT,HTL,2,0.2,1,401,78,161,35,QOTu-Ang-HS4,arc labels,,0.5569580058744146,0.2463768115942029,0.4358974358974359
Right,random,Ang,RTT,HTL,2,0.2,1,401,78,161,35,QOTu-Ang-HSsrc,arc segments,,0.5735095657696276,0.24338624338624337,0.5897435897435898
Right,random,Ang,RTT,HTL,2,0.2,1,401,78,161,35,QOTu-Ang-PCA,arc segments,32.0,0.6078034452647456,0.29411764705882354,0.5128205128205128
Right,random,Ang,RTT,HTL,2,0.2,1,401,78,161,35,QOTc-Ang-HS4,arc labels,,0.5677145352067953,0.22545454545454546,0.7948717948717948
Right,random,Ang,RTT,HTL,2,0.2,1,401,78,161,35,QOTc-Ang-HSsrc,arc labels,,0.5301063745336191,0.20615384615384616,0.8589743589743589
Right,random,Ang,RTT,HTL,2,0.2,1,401,78,161,35,QOTc-Ang-PCA,arc labels,64.0,0.5815075017861395,0.28205128205128205,0.4230769230769231
Right,random,Ang,RTT,HTL,2,0.2,1,401,78,161,35,SDM-Ang-HS4,arc labels,,0.5863300785901405,0.2513089005235602,0.6153846153846154
Right,random,Ang,RTT,HTL,2,0.2,1,401,78,161,35,SDM-Ang-HSsrc,arc labels,,0.5637453361911566,0.22568093385214008,0.7435897435897436
Right,random,Ang,RTT,HTL,2,0.2,1,401,78,161,35,SDM-Ang-PCA,arc labels,64.0,0.5677740731920299,0.24550898203592814,0.5256410256410257
Right,random,Ang,RTT,HTL,2,0.3,1,401,78,241,54,NoAdapt,nothing,,0.625208382948321,0.25925925925925924,0.8076923076923077
Right,random,Ang,RTT,HTL,2,0.3,1,401,78,241,54,TargetOnly,arc labels,,0.6020084147019131,0.25225225225225223,0.717948717948718
Right,random,Ang,RTT,HTL,2,0.3,1,401,78,241,54,Source+Target,arc labels,,0.5601730570770819,0.21806853582554517,0.8974358974358975
Right,random,Ang,RTT,HTL,2,0.3,1,401,78,241,54,COT,arc labels,,0.5525125029768992,0.23076923076923078,0.5384615384615384
Right,random,Ang,RTT,HTL,2,0.3,1,401,78,241,54,none-Ang-HS4,arc labels,,0.49976184805906165,0.1935483870967742,0.07692307692307693
Right,random,Ang,RTT,HTL,2,0.3,1,401,78,241,54,none-Ang-HSsrc,nothing,,0.5936532507739938,0.2785714285714286,0.5
Right,random,Ang,RTT,HTL,2,0.3,1,401,78,241,54,none-Ang-PCA,arc segments,16.0,0.5297689926172898,0.2222222222222222,0.38461538461538464
Right,random,Ang,RTT,HTL,2,0.3,1,401,78,241,54,QOTu-Ang-HS4,arc labels,,0.5319718980709692,0.2214765100671141,0.4230769230769231
Right,random,Ang,RTT,HTL,2,0.3,1,401,78,241,54,QOTu-Ang-HSsrc,arc segments,,0.5732912598237676,0.24456521739130435,0.5769230769230769
Right,random,Ang,RTT,HTL,2,0.3,1,401,78,241,54,QOTu-Ang-PCA,arc segments,16.0,0.5817059617369216,0.25949367088607594,0.5256410256410257
Right,random,Ang,RTT,HTL,2,0.3,1,401,78,241,54,QOTc-Ang-HS4,arc labels,,0.5604112090180202,0.2206896551724138,0.8205128205128205
Right,random,Ang,RTT,HTL,2,0.3,1,401,78,241,54,QOTc-Ang-HSsrc,arc labels,,0.5256807176311821,0.2042042042042042,0.8717948717948718
Right,random,Ang,RTT,HTL,2,0.3,1,401,78,241,54,QOTc-Ang-PCA,arc labels,64.0,0.5883543700881162,0.28125,0.46153846153846156
Right,random,Ang,RTT,HTL,2,0.3,1,401,78,241,54,SDM-Ang-HS4,arc labels,,0.5489600698579027,0.22380952380952382,0.6025641025641025
Right,random,Ang,RTT,HTL,2,0.3,1,401,78,241,54,SDM-Ang-HSsrc,arc labels,,0.5487219179169643,0.21991701244813278,0.6794871794871795
Right,random,Ang,RTT,HTL,2,0.3,1,401,78,241,54,SDM-Ang-PCA,arc labels,64.0,0.5443359530046836,0.22598870056497175,0.5128205128205128
Right,random,Ang,RTT,HTL,2,0.5,1,401,78,380,88,NoAdapt,nothing,,0.625208382948321,0.25925925925925924,0.8076923076923077
Right,random,Ang,RTT,HTL,2,0.5,1,401,78,380,88,TargetOnly,arc labels,,0.610621576565849,0.25316455696202533,0.7692307692307693
Right,random,Ang,RTT,HTL,2,0.5,1,401,78,380,88,Source+Target,arc labels,,0.5670199253790585,0.21987951807228914,0.9358974358974359
Right,random,Ang,RTT,HTL,2,0.5,1,401,78,380,88,COT,arc labels,,0.5237358101135191,0.20634920634920634,0.6666666666666666
Right,random,Ang,RTT,HTL,2,0.5,1,401,78,380,88,none-Ang-HS4,arc labels,,0.5110343732634754,0.23529411764705882,0.10256410256410256
Right,random,Ang,RTT,HTL,2,0.5,1,401,78,380,88,none-Ang-HSsrc,nothing,,0.5936532507739938,0.2785714285714286,0.5
Right,random,Ang,RTT,HTL,2,0.5,1,401,78,380,88,none-Ang-PCA,arc segments,16.0,0.533083273795348,0.2246376811594203,0.3974358974358974
Right,random,Ang,RTT,HTL,2,0.5,1,401,78,380,88,QOTu-Ang-HS4,arc labels,,0.5419147416051441,0.22784810126582278,0.46153846153846156
Right,random,Ang,RTT,HTL,2,0.5,1,401,78,380,88,QOTu-Ang-HSsrc,arc segments,,0.5642216400730333,0.2358974358974359,0.5897435897435898
Right,random,Ang,RTT,HTL,2,0.5,1,401,78,380,88,QOTu-Ang-PCA,arc segments,16.0,0.5770619988886243,0.2546583850931677,0.5256410256410257
Right,random,Ang,RTT,HTL,2,0.5,1,401,78,380,88,QOTc-Ang-HS4,arc labels,,0.5285782329125983,0.20689655172413793,0.7692307692307693
Right,random,Ang,RTT,HTL,2,0.5,1,401,78,380,88,QOTc-Ang-HSsrc,arc labels,,0.5396126061760737,0.20987654320987653,0.8717948717948718
Right,random,Ang,RTT,HTL,2,0.5,1,401,78,380,88,QOTc-Ang-PCA,arc labels,64.0,0.5613638167817734,0.24096385542168675,0.5128205128205128
Right,random,Ang,RTT,HTL,2,0.5,1,401,78,380,88,SDM-Ang-HS4,arc labels,,0.5721600381043106,0.23376623376623376,0.6923076923076923
Right,random,Ang,RTT,HTL,2,0.5,1,401,78,380,88,SDM-Ang-HSsrc,arc labels,,0.5518178931491625,0.2217573221757322,0.6794871794871795
Right,random,Ang,RTT,HTL,2,0.5,1,401,78,380,88,SDM-Ang-PCA,arc labels,64.0,0.6038144002540288,0.2792207792207792,0.5512820512820513
Right,random,Ang,RTT,HTL,3,0.05,1,401,91,40,10,NoAdapt,nothing,,0.5895072669266217,0.2727272727272727,0.8241758241758241
Right,random,Ang,RTT,HTL,3,0.05,1,401,91,40,10,TargetOnly,arc labels,,0.45827720666430344,0.17543859649122806,0.21978021978021978
Right,random,Ang,RTT,HTL,3,0.05,1,401,91,40,10,Source+Target,arc labels,,0.5750974831619993,0.25914634146341464,0.9340659340659341
Right,random,Ang,RTT,HTL,3,0.05,1,401,91,40,10,COT,arc labels,,0.49611839773130095,0.22556390977443608,0.989010989010989
Right,random,Ang,RTT,HTL,3,0.05,1,401,91,40,10,none-Ang-HS4,arc labels,,0.4991492378589153,0.22448979591836735,0.12087912087912088
Right,random,Ang,RTT,HTL,3,0.05,1,401,91,40,10,none-Ang-HSsrc,nothing,,0.5727578872740163,0.29012345679012347,0.5164835164835165
Right,random,Ang,RTT,HTL,3,0.05,1,401,91,40,10,none-Ang-PCA,arc segments,8.0,0.5102268699042892,0.23098591549295774,0.9010989010989011
Right,random,Ang,RTT,HTL,3,0.05,1,401,91,40,10,QOTu-Ang-HS4,arc labels,,0.5618220489188231,0.27472527472527475,0.5494505494505495
Right,random,Ang,RTT,HTL,3,0.05,1,401,91,40,10,QOTu-Ang-HSsrc,arc segments,,0.583498759305211,0.28717948717948716,0.6153846153846154
Right,random,Ang,RTT,HTL,3,0.05,1,401,91,40,10,QOTu-Ang-PCA,arc segments,8.0,0.5397022332506203,0.2490118577075099,0.6923076923076923
Right,random,Ang,RTT,HTL,3,0.05,1,401,91,40,10,QOTc-Ang-HS4,arc labels,,0.5227578872740164,0.24352331606217617,0.5164835164835165
Right,random,Ang,RTT,HTL,3,0.05,1,401,91,40,10,QOTc-Ang-HSsrc,arc labels,,0.5957993619283941,0.2926829268292683,0.6593406593406593
Right,random,Ang,RTT,HTL,3,0.05,1,401,91,40,10,QOTc-Ang-PCA,arc labels,32.0,0.5079758950726693,0.2391304347826087,0.24175824175824176
Right,random,Ang,RTT,HTL,3,0.05,1,401,91,40,10,SDM-Ang-HS4,arc labels,,0.4531903580290677,0.18243243243243243,0.2967032967032967
Right,random,Ang,RTT,HTL,3,0.05,1,401,91,40,10,SDM-Ang-HSsrc,arc labels,,0.5941332860687699,0.29891304347826086,0.6043956043956044
Right,random,Ang,RTT,HTL,3,0.05,1,401,91,40,10,SDM-Ang-PCA,arc labels,64.0,0.5142857142857142,0.2392638036809816,0.42857142857142855
Right,random,Ang,RTT,HTL,3,0.1,1,401,91,80,16,NoAdapt,nothing,,0.5895072669266217,0.2727272727272727,0.8241758241758241
Right,random,Ang,RTT,HTL,3,0.1,1,401,91,80,16,TargetOnly,arc labels,,0.5637894363700815,0.27319587628865977,0.5824175824175825
Right,random,Ang,RTT,HTL,3,0.1,1,401,91,80,16,Source+Target,arc labels,,0.5734845799361928,0.25835866261398177,0.9340659340659341
Right,random,Ang,RTT,HTL,3,0.1,1,401,91,80,16,COT,arc labels,,0.43777029422190716,0.1793478260869565,0.3626373626373626
Right,random,Ang,RTT,HTL,3,0.1,1,401,91,80,16,none-Ang-HS4,arc labels,,0.4881602268699043,0.19148936170212766,0.0989010989010989
Right,random,Ang,RTT,HTL,3,0.1,1,401,91,80,16,none-Ang-HSsrc,nothing,,0.5727578872740163,0.29012345679012347,0.5164835164835165
Right,random,Ang,RTT,HTL,3,0.1,1,401,91,80,16,none-Ang-PCA,arc segments,16.0,0.500620347394541,0.22764227642276422,0.3076923076923077
Right,random,Ang,RTT,HTL,3,0.1,1,401,91,80,16,QOTu-Ang-HS4,arc labels,,0.5427153491669621,0.26380368098159507,0.4725274725274725
Right,random,Ang,RTT,HTL,3,0.1,1,401,91,80,16,QOTu-Ang-HSsrc,arc segments,,0.5796171570365118,0.2849740932642487,0.6043956043956044
Right,random,Ang,RTT,HTL,3,0.1,1,401,91,80,16,QOTu-Ang-PCA,arc segments,8.0,0.542272243885147,0.25101214574898784,0.6813186813186813
Right,random,Ang,RTT,HTL,3,0.1,1,401,91,80,16,QOTc-Ang-HS4,arc labels,,0.5240694789081886,0.24378109452736318,0.5384615384615384
Right,random,Ang,RTT,HTL,3,0.1,1,401,91,80,16,QOTc-Ang-HSsrc,arc labels,,0.5469159872385678,0.24915824915824916,0.8131868131868132
Right,random,Ang,RTT,HTL,3,0.1,1,401,91,80,16,QOTc-Ang-PCA,arc labels,64.0,0.5530485643388869,0.2732919254658385,0.4835164835164835
Right,random,Ang,RTT,HTL,3,0.1,1,401,91,80,16,SDM-Ang-HS4,arc labels,,0.46816731655441335,0.20408163265306123,0.43956043956043955
Right,random,Ang,RTT,HTL,3,0.1,1,401,91,80,16,SDM-Ang-HSsrc,arc labels,,0.5705955334987594,0.27586206896551724,0.6153846153846154
Right,random,Ang,RTT,HTL,3,0.1,1,401,91,80,16,SDM-Ang-PCA,arc labels,32.0,0.5074264445232187,0.23484848484848486,0.34065934065934067
Right,random,Ang,RTT,HTL,3,0.2,1,401,91,161,30,NoAdapt,nothing,,0.5895072669266217,0.2727272727272727,0.8241758241758241
Right,random,Ang,RTT,HTL,3,0.2,1,401,91,161,30,TargetOnly,arc labels,,0.5796703296703296,0.27906976744186046,0.6593406593406593
Right,random,Ang,RTT,HTL,3,0.2,1,401,91,161,30,Source+Target,arc labels,,0.5715703651187523,0.25663716814159293,0.9560439560439561
Right,random,Ang,RTT,HTL,3,0.2,1,401,91,161,30,COT,arc labels,,0.4080822403403049,0.16161616161616163,0.3516483516483517
Right,random,Ang,RTT,HTL,3,0.2,1,401,91,161,30,none-Ang-HS4,arc labels,,0.5007621410847217,0.22916666666666666,0.12087912087912088
Right,random,Ang,RTT,HTL,3,0.2,1,401,91,161,30,none-Ang-HSsrc,nothing,,0.5727578872740163,0.29012345679012347,0.5164835164835165
Right,random,Ang,RTT,HTL,3,0.2,1,401,91,161,30,none-Ang-PCA,arc segments,32.0,0.48559021623537757,0.18867924528301888,0.10989010989010989
Right,random,Ang,RTT,HTL,3,0.2,1,401,91,161,30,QOTu-Ang-HS4,arc labels,,0.568273661822049,0.2808988764044944,0.5494505494505495
Right,random,Ang,RTT,HTL,3,0.2,1,401,91,161,30,QOTu-Ang-HSsrc,arc segments,,0.5641439205955335,0.27053140096618356,0.6153846153846154
Right,random,Ang,RTT,HTL,3,0.2,1,401,91,161,30,QOTu-Ang-PCA,arc segments,16.0,0.5782523927685218,0.294478527607362,0.5274725274725275
Right,random,Ang,RTT,HTL,3,0.2,1,401,91,161,30,QOTc-Ang-HS4,arc labels,,0.5071428571428571,0.23049645390070922,0.7142857142857143
Right,random,Ang,RTT,HTL,3,0.2,1,401,91,161,30,QOTc-Ang-HSsrc,arc labels,,0.5244416873449131,0.23661971830985915,0.9230769230769231
Right,random,Ang,RTT,HTL,3,0.2,1,401,91,161,30,QOTc-Ang-PCA,arc labels,64.0,0.5245125841900036,0.2564102564102564,0.32967032967032966
Right,random,Ang,RTT,HTL,3,0.2,1,401,91,161,30,SDM-Ang-HS4,arc labels,,0.5308755760368663,0.24761904761904763,0.5714285714285714
Right,random,Ang,RTT,HTL,3,0.2,1,401,91,161,30,SDM-Ang-HSsrc,arc labels,,0.5352711804324708,0.24398625429553264,0.7802197802197802
Right,random,Ang,RTT,HTL,3,0.2,1,401,91,161,30,SDM-Ang-PCA,arc labels,64.0,0.501985111662531,0.22875816993464052,0.38461538461538464
Right,random,Ang,RTT,HTL,3,0.3,1,401,91,241,46,NoAdapt,nothing,,0.5895072669266217,0.2727272727272727,0.8241758241758241
Right,random,Ang,RTT,HTL,3,0.3,1,401,91,241,46,TargetOnly,arc labels,,0.5881425026586317,0.27755102040816326,0.7472527472527473
Right,random,Ang,RTT,HTL,3,0.3,1,401,91,241,46,Source+Target,arc labels,,0.5647642679900745,0.2545454545454545,0.9230769230769231
Right,random,Ang,RTT,HTL,3,0.3,1,401,91,241,46,COT,arc labels,,0.500088621056363,0.22697368421052633,0.7582417582417582
Right,random,Ang,RTT,HTL,3,0.3,1,401,91,241,46,none-Ang-HS4,arc labels,,0.49526763559021625,0.2127659574468085,0.10989010989010989
Right,random,Ang,RTT,HTL,3,0.3,1,401,91,241,46,none-Ang-HSsrc,nothing,,0.5727578872740163,0.29012345679012347,0.5164835164835165
Right,random,Ang,RTT,HTL,3,0.3,1,401,91,241,46,none-Ang-PCA,arc segments,16.0,0.5029422190712514,0.22972972972972974,0.37362637362637363
Right,random,Ang,RTT,HTL,3,0.3,1,401,91,241,46,QOTu-Ang-HS4,arc labels,,0.5724565756823821,0.28654970760233917,0.5384615384615384
Right,random,Ang,RTT,HTL,3,0.3,1,401,91,241,46,QOTu-Ang-HSsrc,arc segments,,0.55900389932648,0.2648401826484018,0.6373626373626373
Right,random,Ang,RTT,HTL,3,0.3,1,401,91,241,46,QOTu-Ang-PCA,arc segments,16.0,0.5918645870258774,0.2983425414364641,0.5934065934065934
Right,random,Ang,RTT,HTL,3,0.3,1,401,91,241,46,QOTc-Ang-HS4,arc labels,,0.510014179369018,0.23220973782771537,0.6813186813186813
Right,random,Ang,RTT,HTL,3,0.3,1,401,91,241,46,QOTc-Ang-HSsrc,arc labels,,0.5228287841191067,0.23595505617977527,0.9230769230769231
Right,random,Ang,RTT,HTL,3,0.3,1,401,91,241,46,QOTc-Ang-PCA,arc labels,64.0,0.5600496277915633,0.29914529914529914,0.38461538461538464
Right,random,Ang,RTT,HTL,3,0.3,1,401,91,241,46,SDM-Ang-HS4,arc labels,,0.47275788727401635,0.20982142857142858,0.5164835164835165
Right,random,Ang,RTT,HTL,3,0.3,1,401,91,241,46,SDM-Ang-HSsrc,arc labels,,0.5423254165189649,0.24907063197026022,0.7362637362637363
Right,random,Ang,RTT,HTL,3,0.3,1,401,91,241,46,SDM-Ang-PCA,arc labels,64.0,0.4829847571783056,0.21348314606741572,0.4175824175824176
Right,random,Ang,RTT,HTL,3,0.5,1,401,91,380,73,NoAdapt,nothing,,0.5895072669266217,0.2727272727272727,0.8241758241758241
Right,random,Ang,RTT,HTL,3,0.5,1,401,91,380,73,TargetOnly,arc labels,,0.5659163417227934,0.2610294117647059,0.7802197802197802
Right,random,Ang,RTT,HTL,3,0.5,1,401,91,380,73,Source+Target,arc labels,,0.5686990428925913,0.2542372881355932,0.989010989010989
Right,random,Ang,RTT,HTL,3,0.5,1,401,91,380,73,COT,arc labels,,0.4966501240694789,0.22477064220183487,0.5384615384615384
Right,random,Ang,RTT,HTL,3,0.5,1,401,91,380,73,none-Ang-HS4,arc labels,,0.4968805388160227,0.21739130434782608,0.10989010989010989
Right,random,Ang,RTT,HTL,3,0.5,1,401,91,380,73,none-Ang-HSsrc,nothing,,0.5727578872740163,0.29012345679012347,0.5164835164835165
Right,random,Ang,RTT,HTL,3,0.5,1,401,91,380,73,none-Ang-PCA,arc segments,16.0,0.48388869195320805,0.2119205298013245,0.3516483516483517
Right,random,Ang,RTT,HTL,3,0.5,1,401,91,380,73,QOTu-Ang-HS4,arc labels,,0.5747252747252747,0.28735632183908044,0.5494505494505495
Right,random,Ang,RTT,HTL,3,0.5,1,401,91,380,73,QOTu-Ang-HSsrc,arc segments,,0.5518964906061681,0.2602739726027397,0.6263736263736264
Right,random,Ang,RTT,HTL,3,0.5,1,401,91,380,73,QOTu-Ang-PCA,arc segments,16.0,0.590907479617157,0.2956989247311828,0.6043956043956044
Right,random,Ang,RTT,HTL,3,0.5,1,401,91,380,73,QOTc-Ang-HS4,arc labels,,0.5255405884438142,0.24,0.7252747252747253
Right,random,Ang,RTT,HTL,3,0.5,1,401,91,380,73,QOTc-Ang-HSsrc,arc labels,,0.5215171924849344,0.23563218390804597,0.9010989010989011
Right,random,Ang,RTT,HTL,3,0.5,1,401,91,380,73,QOTc-Ang-PCA,arc labels,64.0,0.5510280042538107,0.28346456692913385,0.3956043956043956
Right,random,Ang,RTT,HTL,3,0.5,1,401,91,380,73,SDM-Ang-HS4,arc labels,,0.508294930875576,0.23214285714285715,0.5714285714285714
Right,random,Ang,RTT,HTL,3,0.5,1,401,91,380,73,SDM-Ang-HSsrc,arc labels,,0.5368309110244593,0.2462686567164179,0.7252747252747253
Right,random,Ang,RTT,HTL,3,0.5,1,401,91,380,73,SDM-Ang-PCA,arc labels,64.0,0.4674583481035094,0.2,0.37362637362637363
Right,random,Ang,RTT,HTL,4,0.05,1,401,76,40,7,NoAdapt,nothing,,0.6119838056680162,0.23776223776223776,0.8947368421052632
Right,random,Ang,RTT,HTL,4,0.05,1,401,76,40,7,TargetOnly,arc labels,,0.5646963562753036,0.23668639053254437,0.5263157894736842
Right,random,Ang,RTT,HTL,4,0.05,1,401,76,40,7,Source+Target,arc labels,,0.5890688259109311,0.2236024844720497,0.9473684210526315
Right,random,Ang,RTT,HTL,4,0.05,1,401,76,40,7,COT,arc labels,,0.5,0.18952618453865336,1.0
Right,random,Ang,RTT,HTL,4,0.05,1,401,76,40,7,none-Ang-HS4,arc labels,,0.5091295546558704,0.22580645161290322,0.09210526315789473
Right,random,Ang,RTT,HTL,4,0.05,1,401,76,40,7,none-Ang-HSsrc,nothing,,0.5747773279352226,0.24277456647398843,0.5526315789473685
Right,random,Ang,RTT,HTL,4,0.05,1,401,76,40,7,none-Ang-PCA,arc segments,32.0,0.5264777327935223,0.32,0.10526315789473684
Right,random,Ang,RTT,HTL,4,0.05,1,401,76,40,7,QOTu-Ang-HS4,arc labels,,0.5708502024291497,0.24242424242424243,0.5263157894736842
Right,random,Ang,RTT,HTL,4,0.05,1,401,76,40,7,QOTu-Ang-HSsrc,arc segments,,0.5871457489878542,0.23766816143497757,0.6973684210526315
Right,random,Ang,RTT,HTL,4,0.05,1,401,76,40,7,QOTu-Ang-PCA,arc segments,32.0,0.6545141700404857,0.3284671532846715,0.5921052631578947
Right,random,Ang,RTT,HTL,4,0.05,1,401,76,40,7,QOTc-Ang-HS4,arc labels,,0.587834008097166,0.24056603773584906,0.6710526315789473
Right,random,Ang,RTT,HTL,4,0.05,1,401,76,40,7,QOTc-Ang-HSsrc,arc labels,,0.5531983805668016,0.2127659574468085,0.7894736842105263
Right,random,Ang,RTT,HTL,4,0.05,1,401,76,40,7,QOTc-Ang-PCA,arc labels,64.0,0.5579554655870445,0.23809523809523808,0.4605263157894737
Right,random,Ang,RTT,HTL,4,0.05,1,401,76,40,7,SDM-Ang-HS4,arc labels,,0.5220445344129554,0.20297029702970298,0.5394736842105263
Right,random,Ang,RTT,HTL,4,0.05,1,401,76,40,7,SDM-Ang-HSsrc,arc labels,,0.5886842105263157,0.23873873873873874,0.6973684210526315
Right,random,Ang,RTT,HTL,4,0.05,1,401,76,40,7,SDM-Ang-PCA,arc labels,16.0,0.502834008097166,0.19161676646706588,0.42105263157894735
Right,random,Ang,RTT,HTL,4,0.1,1,401,76,80,15,NoAdapt,nothing,,0.6119838056680162,0.23776223776223776,0.8947368421052632
Right,random,Ang,RTT,HTL,4,0.1,1,401,76,80,15,TargetOnly,arc labels,,0.608421052631579,0.24888888888888888,0.7368421052631579
Right,random,Ang,RTT,HTL,4,0.1,1,401,76,80,15,Source+Target,arc labels,,0.586417004048583,0.22188449848024316,0.9605263157894737
Right,random,Ang,RTT,HTL,4,0.1,1,401,76,80,15,COT,arc labels,,0.5610931174089069,0.22660098522167488,0.6052631578947368
Right,random,Ang,RTT,HTL,4,0.1,1,401,76,80,15,none-Ang-HS4,arc labels,,0.5010121457489879,0.1935483870967742,0.07894736842105263
Right,random,Ang,RTT,HTL,4,0.1,1,401,76,80,15,none-Ang-HSsrc,nothing,,0.5747773279352226,0.24277456647398843,0.5526315789473685
Right,random,Ang,RTT,HTL,4,0.1,1,401,76,80,15,none-Ang-PCA,arc segments,32.0,0.5703036437246963,0.38636363636363635,0.2236842105263158
Right,random,Ang,RTT,HTL,4,0.1,1,401,76,80,15,QOTu-Ang-HS4,arc labels,,0.5688866396761134,0.2422360248447205,0.5131578947368421
Right,random,Ang,RTT,HTL,4,0.1,1,401,76,80,15,QOTu-Ang-HSsrc,arc segments,,0.5840688259109311,0.23555555555555555,0.6973684210526315
Right,random,Ang,RTT,HTL,4,0.1,1,401,76,80,15,QOTu-Ang-PCA,arc segments,32.0,0.6522874493927125,0.31543624161073824,0.618421052631579
Right,random,Ang,RTT,HTL,4,0.1,1,401,76,80,15,QOTc-Ang-HS4,arc labels,,0.5668825910931174,0.2222222222222222,0.7368421052631579
Right,random,Ang,RTT,HTL,4,0.1,1,401,76,80,15,QOTc-Ang-HSsrc,arc labels,,0.5427530364372469,0.2054380664652568,0.8947368421052632
Right,random,Ang,RTT,HTL,4,0.1,1,401,76,80,15,QOTc-Ang-PCA,arc labels,64.0,0.5550404858299596,0.22941176470588234,0.5131578947368421
Right,random,Ang,RTT,HTL,4,0.1,1,401,76,80,15,SDM-Ang-HS4,arc labels,,0.5610931174089069,0.22660098522167488,0.6052631578947368
Right,random,Ang,RTT,HTL,4,0.1,1,401,76,80,15,SDM-Ang-HSsrc,arc labels,,0.5626923076923077,0.21923076923076923,0.75
Right,random,Ang,RTT,HTL,4,0.1,1,401,76,80,15,SDM-Ang-PCA,arc labels,64.0,0.5477732793522267,0.2222222222222222,0.5263157894736842
Right,random,Ang,RTT,HTL,4,0.2,1,401,76,161,32,NoAdapt,nothing,,0.6119838056680162,0.23776223776223776,0.8947368421052632
Right,random,Ang,RTT,HTL,4,0.2,1,401,76,161,32,TargetOnly,arc labels,,0.6296963562753036,0.2599118942731278,0.7763157894736842
Right,random,Ang,RTT,HTL,4,0.2,1,401,76,161,32,Source+Target,arc labels,,0.5857287449392712,0.22058823529411764,0.9868421052631579
Right,random,Ang,RTT,HTL,4,0.2,1,401,76,161,32,COT,arc labels,,0.5721862348178137,0.226890756302521,0.7105263157894737
Right,random,Ang,RTT,HTL,4,0.2,1,401,76,161,32,none-Ang-HS4,arc labels,,0.493744939271255,0.17073170731707318,0.09210526315789473
Right,random,Ang,RTT,HTL,4,0.2,1,401,76,161,32,none-Ang-HSsrc,nothing,,0.5747773279352226,0.24277456647398843,0.5526315789473685
Right,random,Ang,RTT,HTL,4,0.2,1,401,76,161,32,none-Ang-PCA,arc segments,16.0,0.5201214574898785,0.21359223300970873,0.2894736842105263
Right,random,Ang,RTT,HTL,4,0.2,1,401,76,161,32,QOTu-Ang-HS4,arc labels,,0.5700000000000001,0.24516129032258063,0.5
Right,random,Ang,RTT,HTL,4,0.2,1,401,76,161,32,QOTu-Ang-HSsrc,arc segments,,0.5902226720647773,0.2398190045248869,0.6973684210526315
Right,random,Ang,RTT,HTL,4,0.2,1,401,76,161,32,QOTu-Ang-PCA,arc segments,32.0,0.643582995951417,0.3333333333333333,0.5394736842105263
Right,random,Ang,RTT,HTL,4,0.2,1,401,76,161,32,QOTc-Ang-HS4,arc labels,,0.5652429149797571,0.21724137931034482,0.8289473684210527
Right,random,Ang,RTT,HTL,4,0.2,1,401,76,161,32,QOTc-Ang-HSsrc,arc labels,,0.539251012145749,0.20426829268292682,0.881578947368421
Right,random,Ang,RTT,HTL,4,0.2,1,401,76,161,32,QOTc-Ang-PCA,arc labels,64.0,0.5597165991902835,0.2222222222222222,0.6578947368421053
Right,random,Ang,RTT,HTL,4,0.2,1,401,76,161,32,SDM-Ang-HS4,arc labels,,0.61165991902834,0.2459016393442623,0.7894736842105263
Right,random,Ang,RTT,HTL,4,0.2,1,401,76,161,32,SDM-Ang-HSsrc,arc labels,,0.5703846153846154,0.2235294117647059,0.75
Right,random,Ang,RTT,HTL,4,0.2,1,401,76,161,32,SDM-Ang-PCA,arc labels,32.0,0.5496356275303643,0.2171945701357466,0.631578947368421
Right,random,Ang,RTT,HTL,4,0.3,1,401,76,241,49,NoAdapt,nothing,,0.6119838056680162,0.23776223776223776,0.8947368421052632
Right,random,Ang,RTT,HTL,4,0.3,1,401,76,241,49,TargetOnly,arc labels,,0.6162753036437247,0.24896265560165975,0.7894736842105263
Right,random,Ang,RTT,HTL,4,0.3,1,401,76,241,49,Source+Target,arc labels,,0.5606882591093117,0.21082621082621084,0.9736842105263158
Right,random,Ang,RTT,HTL,4,0.3,1,401,76,241,49,COT,arc labels,,0.5562145748987855,0.22072072072072071,0.6447368421052632
Right,random,Ang,RTT,HTL,4,0.3,1,401,76,241,49,none-Ang-HS4,arc labels,,0.493744939271255,0.17073170731707318,0.09210526315789473
Right,random,Ang,RTT,HTL,4,0.3,1,401,76,241,49,none-Ang-HSsrc,nothing,,0.5747773279352226,0.24277456647398843,0.5526315789473685
Right,random,Ang,RTT,HTL,4,0.3,1,401,76,241,49,none-Ang-PCA,arc segments,16.0,0.4859514170040486,0.1686746987951807,0.18421052631578946
Right,random,Ang,RTT,HTL,4,0.3,1,401,76,241,49,QOTu-Ang-HS4,arc labels,,0.5921255060728745,0.25748502994011974,0.5657894736842105
Right,random,Ang,RTT,HTL,4,0.3,1,401,76,241,49,QOTu-Ang-HSsrc,arc segments,,0.5917611336032389,0.2409090909090909,0.6973684210526315
Right,random,Ang,RTT,HTL,4,0.3,1,401,76,241,49,QOTu-Ang-PCA,arc segments,32.0,0.6376923076923077,0.34234234234234234,0.5
Right,random,Ang,RTT,HTL,4,0.3,1,401,76,241,49,QOTc-Ang-HS4,arc labels,,0.5620040485829959,0.2177121771217712,0.7763157894736842
Right,random,Ang,RTT,HTL,4,0.3,1,401,76,241,49,QOTc-Ang-HSsrc,arc labels,,0.5442914979757085,0.20606060606060606,0.8947368421052632
Right,random,Ang,RTT,HTL,4,0.3,1,401,76,241,49,QOTc-Ang-PCA,arc labels,64.0,0.5654858299595141,0.256198347107438,0.40789473684210525
Right,random,Ang,RTT,HTL,4,0.3,1,401,76,241,49,SDM-Ang-HS4,arc labels,,0.5549392712550607,0.2222222222222222,0.6052631578947368
Right,random,Ang,RTT,HTL,4,0.3,1,401,76,241,49,SDM-Ang-HSsrc,arc labels,,0.5692712550607287,0.2222222222222222,0.7631578947368421
Right,random,Ang,RTT,HTL,4,0.3,1,401,76,241,49,SDM-Ang-PCA,arc labels,64.0,0.4612955465587044,0.16494845360824742,0.42105263157894735
Right,random,Ang,RTT,HTL,4,0.5,1,401,76,381,77,NoAdapt,nothing,,0.6119838056680162,0.23776223776223776,0.8947368421052632
Right,random,Ang,RTT,HTL,4,0.5,1,401,76,381,77,TargetOnly,arc labels,,0.5993522267206478,0.23809523809523808,0.7894736842105263
Right,random,Ang,RTT,HTL,4,0.5,1,401,76,381,77,Source+Target,arc labels,,0.5576113360323887,0.2096317280453258,0.9736842105263158
Right,random,Ang,RTT,HTL,4,0.5,1,401,76,381,77,COT,arc labels,,0.5220445344129554,0.20297029702970298,0.5394736842105263
Right,random,Ang,RTT,HTL,4,0.5,1,401,76,381,77,none-Ang-HS4,arc labels,,0.5286032388663968,0.26,0.17105263157894737
Right,random,Ang,RTT,HTL,4,0.5,1,401,76,381,77,none-Ang-HSsrc,nothing,,0.5747773279352226,0.24277456647398843,0.5526315789473685
Right,random,Ang,RTT,HTL,4,0.5,1,401,76,381,77,none-Ang-PCA,arc segments,16.0,0.5285627530364373,0.21379310344827587,0.40789473684210525
Right,random,Ang,RTT,HTL,4,0.5,1,401,76,381,77,QOTu-Ang-HS4,arc labels,,0.600668016194332,0.2616279069767442,0.5921052631578947
Right,random,Ang,RTT,HTL,4,0.5,1,401,76,381,77,QOTu-Ang-HSsrc,arc segments,,0.5851821862348179,0.2374429223744292,0.6842105263157895
Right,random,Ang,RTT,HTL,4,0.5,1,401,76,381,77,QOTu-Ang-PCA,arc segments,32.0,0.6332388663967612,0.3111111111111111,0.5526315789473685
Right,random,Ang,RTT,HTL,4,0.5,1,401,76,381,77,QOTc-Ang-HS4,arc labels,,0.5460323886639676,0.21176470588235294,0.7105263157894737
Right,random,Ang,RTT,HTL,4,0.5,1,401,76,381,77,QOTc-Ang-HSsrc,arc labels,,0.5405263157894736,0.20408163265306123,0.9210526315789473
Right,random,Ang,RTT,HTL,4,0.5,1,401,76,381,77,QOTc-Ang-PCA,arc labels,64.0,0.5592307692307692,0.2345679012345679,0.5
Right,random,Ang,RTT,HTL,4,0.5,1,401,76,381,77,SDM-Ang-HS4,arc labels,,0.5549392712550607,0.2222222222222222,0.6052631578947368
Right,random,Ang,RTT,HTL,4,0.5,1,401,76,381,77,SDM-Ang-HSsrc,arc labels,,0.5692712550607287,0.2222222222222222,0.7631578947368421
Right,random,Ang,RTT,HTL,4,0.5,1,401,76,381,77,SDM-Ang-PCA,arc labels,64.0,0.4953036437246964,0.18652849740932642,0.47368421052631576
Right,random,Ang,RTT,HTL,5,0.05,1,401,93,40,9,NoAdapt,nothing,,0.5651619885490853,0.2669172932330827,0.7634408602150538
Right,random,Ang,RTT,HTL,5,0.05,1,401,93,40,9,TargetOnly,arc labels,,0.5622294372294372,0.27074235807860264,0.6666666666666666
Right,random,Ang,RTT,HTL,5,0.05,1,401,93,40,9,Source+Target,arc labels,,0.5578480659125821,0.25901639344262295,0.8494623655913979
Right,random,Ang,RTT,HTL,5,0.05,1,401,93,40,9,COT,arc labels,,0.5,0.23192019950124687,1.0
Right,random,Ang,RTT,HTL,5,0.05,1,401,93,40,9,none-Ang-HS4,arc labels,,0.5322406088535121,0.29333333333333333,0.23655913978494625
Right,random,Ang,RTT,HTL,5,0.05,1,401,93,40,9,none-Ang-HSsrc,nothing,,0.5777649769585254,0.29651162790697677,0.5483870967741935
Right,random,Ang,RTT,HTL,5,0.05,1,401,93,40,9,none-Ang-PCA,arc segments,16.0,0.5109272447982125,0.24561403508771928,0.3010752688172043
Right,random,Ang,RTT,HTL,5,0.05,1,401,93,40,9,QOTu-Ang-HS4,arc labels,,0.5607107945817623,0.271889400921659,0.6344086021505376
Right,random,Ang,RTT,HTL,5,0.05,1,401,93,40,9,QOTu-Ang-HSsrc,arc segments,,0.5756179304566401,0.2773109243697479,0.7096774193548387
Right,random,Ang,RTT,HTL,5,0.05,1,401,93,40,9,QOTu-Ang-PCA,arc segments,32.0,0.5819368803239771,0.32786885245901637,0.43010752688172044
Right,random,Ang,RTT,HTL,5,0.05,1,401,93,40,9,QOTc-Ang-HS4,arc labels,,0.532642089093702,0.2826086956521739,0.27956989247311825
Right,random,Ang,RTT,HTL,5,0.05,1,401,93,40,9,QOTc-Ang-HSsrc,arc labels,,0.5382628124563609,0.24848484848484848,0.8817204301075269
Right,random,Ang,RTT,HTL,5,0.05,1,401,93,40,9,QOTc-Ang-PCA,arc labels,32.0,0.4611262393520458,0.1625,0.13978494623655913
Right,random,Ang,RTT,HTL,5,0.05,1,401,93,40,9,SDM-Ang-HS4,arc labels,,0.5499930177349532,0.3246753246753247,0.26881720430107525
Right,random,Ang,RTT,HTL,5,0.05,1,401,93,40,9,SDM-Ang-HSsrc,arc labels,,0.565668202764977,0.26666666666666666,0.7741935483870968
Right,random,Ang,RTT,HTL,5,0.05,1,401,93,40,9,SDM-Ang-PCA,arc labels,64.0,0.5181364334590142,0.26136363636363635,0.24731182795698925
Right,random,Ang,RTT,HTL,5,0.1,1,401,93,80,18,NoAdapt,nothing,,0.5651619885490853,0.2669172932330827,0.7634408602150538
Right,random,Ang,RTT,HTL,5,0.1,1,401,93,80,18,TargetOnly,arc labels,,0.5705557882977238,0.2828282828282828,0.6021505376344086
Right,random,Ang,RTT,HTL,5,0.1,1,401,93,80,18,Source+Target,arc labels,,0.5502373970115906,0.25477707006369427,0.8602150537634409
Right,random,Ang,RTT,HTL,5,0.1,1,401,93,80,18,COT,arc labels,,0.5839442815249267,0.2898550724637681,0.6451612903225806
Right,random,Ang,RTT,HTL,5,0.1,1,401,93,80,18,none-Ang-HS4,arc labels,,0.4921798631476051,0.2,0.07526881720430108
Right,random,Ang,RTT,HTL,5,0.1,1,401,93,80,18,none-Ang-HSsrc,nothing,,0.5777649769585254,0.29651162790697677,0.5483870967741935
Right,random,Ang,RTT,HTL,5,0.1,1,401,93,80,18,none-Ang-PCA,arc segments,16.0,0.5146802122608575,0.25,0.3118279569892473
Right,random,Ang,RTT,HTL,5,0.1,1,401,93,80,18,QOTu-Ang-HS4,arc labels,,0.5777649769585254,0.29651162790697677,0.5483870967741935
Right,random,Ang,RTT,HTL,5,0.1,1,401,93,80,18,QOTu-Ang-HSsrc,arc segments,,0.5665933528836755,0.2747747747747748,0.6559139784946236
Right,random,Ang,RTT,HTL,5,0.1,1,401,93,80,18,QOTu-Ang-PCA,arc segments,8.0,0.5633465996369222,0.27232142857142855,0.6559139784946236
Right,random,Ang,RTT,HTL,5,0.1,1,401,93,80,18,QOTc-Ang-HS4,arc labels,,0.5238968021226086,0.25142857142857145,0.4731182795698925
Right,random,Ang,RTT,HTL,5,0.1,1,401,93,80,18,QOTc-Ang-HSsrc,arc labels,,0.5403924032956291,0.24924924924924924,0.8924731182795699
Right,random,Ang,RTT,HTL,5,0.1,1,401,93,80,18,QOTc-Ang-PCA,arc labels,64.0,0.44489247311827956,0.14444444444444443,0.13978494623655913
Right,random,Ang,RTT,HTL,5,0.1,1,401,93,80,18,SDM-Ang-HS4,arc labels,,0.49671833542801286,0.22857142857142856,0.34408602150537637
Right,random,Ang,RTT,HTL,5,0.1,1,401,93,80,18,SDM-Ang-HSsrc,arc labels,,0.561915235302332,0.26492537313432835,0.7634408602150538
Right,random,Ang,RTT,HTL,5,0.1,1,401,93,80,18,SDM-Ang-PCA,arc labels,64.0,0.48261416003351487,0.21568627450980393,0.3548387096774194
Right,random,Ang,RTT,HTL,5,0.2,1,401,93,161,34,NoAdapt,nothing,,0.5651619885490853,0.2669172932330827,0.7634408602150538
Right,random,Ang,RTT,HTL,5,0.2,1,401,93,161,34,TargetOnly,arc labels,,0.5653714565004888,0.2708333333333333,0.6989247311827957
Right,random,Ang,RTT,HTL,5,0.2,1,401,93,161,34,Source+Target,arc labels,,0.541911045943304,0.2492753623188406,0.9247311827956989
Right,random,Ang,RTT,HTL,5,0.2,1,401,93,161,34,COT,arc labels,,0.5077677698645441,0.23837209302325582,0.44086021505376344
Right,random,Ang,RTT,HTL,5,0.2,1,401,93,161,34,none-Ang-HS4,arc labels,,0.4874144672531769,0.16,0.043010752688172046
Right,random,Ang,RTT,HTL,5,0.2,1,401,93,161,34,none-Ang-HSsrc,nothing,,0.5777649769585254,0.29651162790697677,0.5483870967741935
Right,random,Ang,RTT,HTL,5,0.2,1,401,93,161,34,none-Ang-PCA,arc segments,16.0,0.5013964530093562,0.23404255319148937,0.23655913978494625
Right,random,Ang,RTT,HTL,5,0.2,1,401,93,161,34,QOTu-Ang-HS4,arc labels,,0.5688451333612624,0.3006993006993007,0.46236559139784944
Right,random,Ang,RTT,HTL,5,0.2,1,401,93,161,34,QOTu-Ang-HSsrc,arc segments,,0.573086859377182,0.2798165137614679,0.6559139784946236
Right,random,Ang,RTT,HTL,5,0.2,1,401,93,161,34,QOTu-Ang-PCA,arc segments,16.0,0.5827398408043569,0.3076923076923077,0.5161290322580645
Right,random,Ang,RTT,HTL,5,0.2,1,401,93,161,34,QOTc-Ang-HS4,arc labels,,0.5613217427733557,0.27403846153846156,0.6129032258064516
Right,random,Ang,RTT,HTL,5,0.2,1,401,93,161,34,QOTc-Ang-HSsrc,arc labels,,0.5518607736349672,0.25559105431309903,0.8602150537634409
Right,random,Ang,RTT,HTL,5,0.2,1,401,93,161,34,QOTc-Ang-PCA,arc labels,64.0,0.4832251082251082,0.2152777777777778,0.3333333333333333
Right,random,Ang,RTT,HTL,5,0.2,1,401,93,161,34,SDM-Ang-HS4,arc labels,,0.5261311269375786,0.2545454545454545,0.45161290322580644
Right,random,Ang,RTT,HTL,5,0.2,1,401,93,161,34,SDM-Ang-HSsrc,arc labels,,0.5755131964809385,0.2749003984063745,0.7419354838709677
Right,random,Ang,RTT,HTL,5,0.2,1,401,93,161,34,SDM-Ang-PCA,arc labels,64.0,0.5086754643206256,0.23834196891191708,0.4946236559139785
Right,random,Ang,RTT,HTL,5,0.3,1,401,93,241,49,NoAdapt,nothing,,0.5651619885490853,0.2669172932330827,0.7634408602150538
Right,random,Ang,RTT,HTL,5,0.3,1,401,93,241,49,TargetOnly,arc labels,,0.568216729507052,0.27601809954751133,0.6559139784946236
Right,random,Ang,RTT,HTL,5,0.3,1,401,93,241,49,Source+Target,arc labels,,0.5360284876413909,0.24705882352941178,0.9032258064516129
Right,random,Ang,RTT,HTL,5,0.3,1,401,93,241,49,COT,arc labels,,0.5364648792068147,0.2557077625570776,0.6021505376344086
Right,random,Ang,RTT,HTL,5,0.3,1,401,93,241,49,none-Ang-HS4,arc labels,,0.4884268956849602,0.18181818181818182,0.06451612903225806
Right,random,Ang,RTT,HTL,5,0.3,1,401,93,241,49,none-Ang-HSsrc,nothing,,0.5777649769585254,0.29651162790697677,0.5483870967741935
Right,random,Ang,RTT,HTL,5,0.3,1,401,93,241,49,none-Ang-PCA,arc segments,16.0,0.5192535958664991,0.26506024096385544,0.23655913978494625
Right,random,Ang,RTT,HTL,5,0.3,1,401,93,241,49,QOTu-Ang-HS4,arc labels,,0.5617406786761625,0.28846153846153844,0.4838709677419355
Right,random,Ang,RTT,HTL,5,0.3,1,401,93,241,49,QOTu-Ang-HSsrc,arc segments,,0.5714634827538053,0.2785388127853881,0.6559139784946236
Right,random,Ang,RTT,HTL,5,0.3,1,401,93,241,49,QOTu-Ang-PCA,arc segments,16.0,0.5729995810640972,0.2962962962962963,0.5161290322580645
Right,random,Ang,RTT,HTL,5,0.3,1,401,93,241,49,QOTc-Ang-HS4,arc labels,,0.5503595866499092,0.2629310344827586,0.6559139784946236
Right,random,Ang,RTT,HTL,5,0.3,1,401,93,241,49,QOTc-Ang-HSsrc,arc labels,,0.5518607736349672,0.25559105431309903,0.8602150537634409
Right,random,Ang,RTT,HTL,5,0.3,1,401,93,241,49,QOTc-Ang-PCA,arc labels,64.0,0.49539170506912444,0.22807017543859648,0.41935483870967744
Right,random,Ang,RTT,HTL,5,0.3,1,401,93,241,49,SDM-Ang-HS4,arc labels,,0.5791788856304985,0.2893401015228426,0.6129032258064516
Right,random,Ang,RTT,HTL,5,0.3,1,401,93,241,49,SDM-Ang-HSsrc,arc labels,,0.5803833263510683,0.2782258064516129,0.7419354838709677
Right,random,Ang,RTT,HTL,5,0.3,1,401,93,241,49,SDM-Ang-PCA,arc labels,64.0,0.4664676721128334,0.2100456621004566,0.4946236559139785
Right,random,Ang,RTT,HTL,5,0.5,1,401,93,380,70,NoAdapt,nothing,,0.5651619885490853,0.2669172932330827,0.7634408602150538
Right,random,Ang,RTT,HTL,5,0.5,1,401,93,380,70,TargetOnly,arc labels,,0.5548282362798492,0.2688679245283019,0.6129032258064516
Right,random,Ang,RTT,HTL,5,0.5,1,401,93,380,70,Source+Target,arc labels,,0.5262882279011312,0.24277456647398843,0.9032258064516129
Right,random,Ang,RTT,HTL,5,0.5,1,401,93,380,70,COT,arc labels,,0.511520737327189,0.2413793103448276,0.45161290322580644
Right,random,Ang,RTT,HTL,5,0.5,1,401,93,380,70,none-Ang-HS4,arc labels,,0.4975562072336266,0.2222222222222222,0.08602150537634409
Right,random,Ang,RTT,HTL,5,0.5,1,401,93,380,70,none-Ang-HSsrc,nothing,,0.5777649769585254,0.29651162790697677,0.5483870967741935
Right,random,Ang,RTT,HTL,5,0.5,1,401,93,380,70,none-Ang-PCA,arc segments,16.0,0.5043290043290043,0.2366412213740458,0.3333333333333333
Right,random,Ang,RTT,HTL,5,0.5,1,401,93,380,70,QOTu-Ang-HS4,arc labels,,0.5595063538611926,0.28313253012048195,0.5053763440860215
Right,random,Ang,RTT,HTL,5,0.5,1,401,93,380,70,QOTu-Ang-HSsrc,arc segments,,0.5665933528836755,0.2747747747747748,0.6559139784946236
Right,random,Ang,RTT,HTL,5,0.5,1,401,93,380,70,QOTu-Ang-PCA,arc segments,16.0,0.5751291719033654,0.296969696969697,0.5268817204301075
Right,random,Ang,RTT,HTL,5,0.5,1,401,93,380,70,QOTc-Ang-HS4,arc labels,,0.5346320346320346,0.25203252032520324,0.6666666666666666
Right,random,Ang,RTT,HTL,5,0.5,1,401,93,380,70,QOTc-Ang-HSsrc,arc labels,,0.5382628124563609,0.24848484848484848,0.8817204301075269
Right,random,Ang,RTT,HTL,5,0.5,1,401,93,380,70,QOTc-Ang-PCA,arc labels,64.0,0.5267420751291719,0.2564102564102564,0.43010752688172044
Right,random,Ang,RTT,HTL,5,0.5,1,401,93,380,70,SDM-Ang-HS4,arc labels,,0.5751117162407485,0.2777777777777778,0.6989247311827957
Right,random,Ang,RTT,HTL,5,0.5,1,401,93,380,70,SDM-Ang-HSsrc,arc labels,,0.57601941069683,0.27450980392156865,0.7526881720430108
Right,random,Ang,RTT,HTL,5,0.5,1,401,93,380,70,SDM-Ang-PCA,arc labels,64.0,0.4924416980868594,0.22660098522167488,0.4946236559139785
Right,random,Ang,RTT,HTL,6,0.05,1,401,87,40,9,NoAdapt,nothing,,0.5515594113771141,0.2441860465116279,0.7241379310344828
Right,random,Ang,RTT,HTL,6,0.05,1,401,87,40,9,TargetOnly,arc labels,,0.5743282817190132,0.2694300518134715,0.5977011494252874
Right,random,Ang,RTT,HTL,6,0.05,1,401,87,40,9,Source+Target,arc labels,,0.5577275056739146,0.24398625429553264,0.8160919540229885
Right,random,Ang,RTT,HTL,6,0.05,1,401,87,40,9,COT,arc labels,,0.4767003440954682,0.20100502512562815,0.45977011494252873
Right,random,Ang,RTT,HTL,6,0.05,1,401,87,40,9,none-Ang-HS4,arc labels,,0.49917636723039754,0.21428571428571427,0.10344827586206896
Right,random,Ang,RTT,HTL,6,0.05,1,401,87,40,9,none-Ang-HSsrc,nothing,,0.5414378797862216,0.24731182795698925,0.5287356321839081
Right,random,Ang,RTT,HTL,6,0.05,1,401,87,40,9,none-Ang-PCA,arc segments,16.0,0.5096456548795666,0.22764227642276422,0.3218390804597701
Right,random,Ang,RTT,HTL,6,0.05,1,401,87,40,9,QOTu-Ang-HS4,arc labels,,0.5778607511530859,0.27,0.6206896551724138
Right,random,Ang,RTT,HTL,6,0.05,1,401,87,40,9,QOTu-Ang-HSsrc,arc segments,,0.5636027527637455,0.2543103448275862,0.6781609195402298
Right,random,Ang,RTT,HTL,6,0.05,1,401,87,40,9,QOTu-Ang-PCA,arc segments,8.0,0.5437989603924153,0.24336283185840707,0.632183908045977
Right,random,Ang,RTT,HTL,6,0.05,1,401,87,40,9,QOTc-Ang-HS4,arc labels,,0.6233618859360128,0.28185328185328185,0.8390804597701149
Right,random,Ang,RTT,HTL,6,0.05,1,401,87,40,9,QOTc-Ang-HSsrc,arc labels,,0.5438172633428509,0.23493975903614459,0.896551724137931
Right,random,Ang,RTT,HTL,6,0.05,1,401,87,40,9,QOTc-Ang-PCA,arc labels,64.0,0.4567501281206531,0.17687074829931973,0.2988505747126437
Right,random,Ang,RTT,HTL,6,0.05,1,401,87,40,9,SDM-Ang-HS4,arc labels,,0.5671901310491251,0.27564102564102566,0.4942528735632184
Right,random,Ang,RTT,HTL,6,0.05,1,401,87,40,9,SDM-Ang-HSsrc,arc labels,,0.5789772311296582,0.26,0.7471264367816092
Right,random,Ang,RTT,HTL,6,0.05,1,401,87,40,9,SDM-Ang-PCA,arc labels,32.0,0.41445200966395784,0.15625,0.3448275862068966
Right,random,Ang,RTT,HTL,6,0.1,1,401,87,80,16,NoAdapt,nothing,,0.5515594113771141,0.2441860465116279,0.7241379310344828
Right,random,Ang,RTT,HTL,6,0.1,1,401,87,80,16,TargetOnly,arc labels,,0.5970422432096054,0.2796208530805687,0.6781609195402298
Right,random,Ang,RTT,HTL,6,0.1,1,401,87,80,16,Source+Target,arc labels,,0.5497657222344242,0.23986486486486486,0.8160919540229885
Right,random,Ang,RTT,HTL,6,0.1,1,401,87,80,16,COT,arc labels,,0.559118529907021,0.2415902140672783,0.9080459770114943
Right,random,Ang,RTT,HTL,6,0.1,1,401,87,80,16,none-Ang-HS4,arc labels,,0.4883044146716451,0.17142857142857143,0.06896551724137931
Right,random,Ang,RTT,HTL,6,0.1,1,401,87,80,16,none-Ang-HSsrc,nothing,,0.5414378797862216,0.24731182795698925,0.5287356321839081
Right,random,Ang,RTT,HTL,6,0.1,1,401,87,80,16,none-Ang-PCA,arc segments,32.0,0.4766088293432902,0.17142857142857143,0.13793103448275862
Right,random,Ang,RTT,HTL,6,0.1,1,401,87,80,16,QOTu-Ang-HS4,arc labels,,0.541364667984479,0.25153374233128833,0.47126436781609193
Right,random,Ang,RTT,HTL,6,0.1,1,401,87,80,16,QOTu-Ang-HSsrc,arc segments,,0.5838824218464016,0.27807486631016043,0.5977011494252874
Right,random,Ang,RTT,HTL,6,0.1,1,401,87,80,16,QOTu-Ang-PCA,arc segments,8.0,0.5584779266417746,0.252212389380531,0.6551724137931034
Right,random,Ang,RTT,HTL,6,0.1,1,401,87,80,16,QOTc-Ang-HS4,arc labels,,0.5670620103960758,0.25925925925925924,0.6436781609195402
Right,random,Ang,RTT,HTL,6,0.1,1,401,87,80,16,QOTc-Ang-HSsrc,arc labels,,0.5661102569734241,0.24528301886792453,0.896551724137931
Right,random,Ang,RTT,HTL,6,0.1,1,401,87,80,16,QOTc-Ang-PCA,arc labels,64.0,0.5275276374551578,0.23348017621145375,0.6091954022988506
Right,random,Ang,RTT,HTL,6,0.1,1,401,87,80,16,SDM-Ang-HS4,arc labels,,0.5580569587817557,0.25773195876288657,0.5747126436781609
Right,random,Ang,RTT,HTL,6,0.1,1,401,87,80,16,SDM-Ang-HSsrc,arc labels,,0.5837543011933524,0.2631578947368421,0.7471264367816092
Right,random,Ang,RTT,HTL,6,0.1,1,401,87,80,16,SDM-Ang-PCA,arc labels,32.0,0.45065524562559484,0.1678832116788321,0.26436781609195403
Right,random,Ang,RTT,HTL,6,0.2,1,401,87,161,31,NoAdapt,nothing,,0.5515594113771141,0.2441860465116279,0.7241379310344828
Right,random,Ang,RTT,HTL,6,0.2,1,401,87,161,31,TargetOnly,arc labels,,0.5763416062669302,0.26339285714285715,0.6781609195402298
Right,random,Ang,RTT,HTL,6,0.2,1,401,87,161,31,Source+Target,arc labels,,0.5530968592137052,0.23823529411764705,0.9310344827586207
Right,random,Ang,RTT,HTL,6,0.2,1,401,87,161,31,COT,arc labels,,0.5542682480415843,0.24104234527687296,0.8505747126436781
Right,random,Ang,RTT,HTL,6,0.2,1,401,87,161,31,none-Ang-HS4,arc labels,,0.4883044146716451,0.17142857142857143,0.06896551724137931
Right,random,Ang,RTT,HTL,6,0.2,1,401,87,161,31,none-Ang-HSsrc,nothing,,0.5414378797862216,0.24731182795698925,0.5287356321839081
Right,random,Ang,RTT,HTL,6,0.2,1,401,87,161,31,none-Ang-PCA,arc segments,32.0,0.49571710959806725,0.20689655172413793,0.13793103448275862
Right,random,Ang,RTT,HTL,6,0.2,1,401,87,161,31,QOTu-Ang-HS4,arc labels,,0.5493264514239695,0.25949367088607594,0.47126436781609193
Right,random,Ang,RTT,HTL,6,0.2,1,401,87,161,31,QOTu-Ang-HSsrc,arc segments,,0.5593747712131196,0.2560386473429952,0.6091954022988506
Right,random,Ang,RTT,HTL,6,0.2,1,401,87,161,31,QOTu-Ang-PCA,arc segments,16.0,0.5521634087414891,0.2653061224489796,0.4482758620689655
Right,random,Ang,RTT,HTL,6,0.2,1,401,87,161,31,QOTc-Ang-HS4,arc labels,,0.5242697122776192,0.23300970873786409,0.5517241379310345
Right,random,Ang,RTT,HTL,6,0.2,1,401,87,161,31,QOTc-Ang-HSsrc,arc labels,,0.5485943334065452,0.23708206686930092,0.896551724137931
Right,random,Ang,RTT,HTL,6,0.2,1,401,87,161,31,QOTc-Ang-PCA,arc labels,64.0,0.5028003514166484,0.21910112359550563,0.4482758620689655
Right,random,Ang,RTT,HTL,6,0.2,1,401,87,161,31,SDM-Ang-HS4,arc labels,,0.5598506479244454,0.2692307692307692,0.4827586206896552
Right,random,Ang,RTT,HTL,6,0.2,1,401,87,161,31,SDM-Ang-HSsrc,arc labels,,0.5706676916318911,0.25609756097560976,0.7241379310344828
Right,random,Ang,RTT,HTL,6,0.2,1,401,87,161,31,SDM-Ang-PCA,arc labels,64.0,0.44871513287942016,0.16279069767441862,0.2413793103448276
Right,random,Ang,RTT,HTL,6,0.3,1,401,87,241,45,NoAdapt,nothing,,0.5515594113771141,0.2441860465116279,0.7241379310344828
Right,random,Ang,RTT,HTL,6,0.3,1,401,87,241,45,TargetOnly,arc labels,,0.557709202723479,0.2594594594594595,0.5517241379310345
Right,random,Ang,RTT,HTL,6,0.3,1,401,87,241,45,Source+Target,arc labels,,0.5364777802181712,0.2319277108433735,0.8850574712643678
Right,random,Ang,RTT,HTL,6,0.3,1,401,87,241,45,COT,arc labels,,0.47642579983893407,0.20187793427230047,0.4942528735632184
Right,random,Ang,RTT,HTL,6,0.3,1,401,87,241,45,none-Ang-HS4,arc labels,,0.4883044146716451,0.17142857142857143,0.06896551724137931
Right,random,Ang,RTT,HTL,6,0.3,1,401,87,241,45,none-Ang-HSsrc,nothing,,0.5414378797862216,0.24731182795698925,0.5287356321839081
Right,random,Ang,RTT,HTL,6,0.3,1,401,87,241,45,none-Ang-PCA,arc segments,16.0,0.4753642287136687,0.175,0.16091954022988506
Right,random,Ang,RTT,HTL,6,0.3,1,401,87,241,45,QOTu-Ang-HS4,arc labels,,0.5318105278570906,0.24260355029585798,0.47126436781609193
Right,random,Ang,RTT,HTL,6,0.3,1,401,87,241,45,QOTu-Ang-HSsrc,arc segments,,0.549820631085731,0.24882629107981222,0.6091954022988506
Right,random,Ang,RTT,HTL,6,0.3,1,401,87,241,45,QOTu-Ang-PCA,arc segments,16.0,0.5455194377333626,0.2545454545454545,0.4827586206896552
Right,random,Ang,RTT,HTL,6,0.3,1,401,87,241,45,QOTc-Ang-HS4,arc labels,,0.526484369280328,0.235,0.5402298850574713
Right,random,Ang,RTT,HTL,6,0.3,1,401,87,241,45,QOTc-Ang-HSsrc,arc labels,,0.5683249139761329,0.2467948717948718,0.8850574712643678
Right,random,Ang,RTT,HTL,6,0.3,1,401,87,241,45,QOTc-Ang-PCA,arc labels,64.0,0.5477340947360714,0.2578616352201258,0.47126436781609193
Right,random,Ang,RTT,HTL,6,0.3,1,401,87,241,45,SDM-Ang-HS4,arc labels,,0.541364667984479,0.25153374233128833,0.47126436781609193
Right,random,Ang,RTT,HTL,6,0.3,1,401,87,241,45,SDM-Ang-HSsrc,arc labels,,0.5681052785709056,0.2551440329218107,0.7126436781609196
Right,random,Ang,RTT,HTL,6,0.3,1,401,87,241,45,SDM-Ang-PCA,arc labels,64.0,0.5516143202284208,0.2571428571428571,0.5172413793103449
Right,random,Ang,RTT,HTL,6,0.5,1,401,87,380,78,NoAdapt,nothing,,0.5515594113771141,0.2441860465116279,0.7241379310344828
Right,random,Ang,RTT,HTL,6,0.5,1,401,87,380,78,TargetOnly,arc labels,,0.5545244893476828,0.25668449197860965,0.5517241379310345
Right,random,Ang,RTT,HTL,6,0.5,1,401,87,380,78,Source+Target,arc labels,,0.5412548502818655,0.23404255319148937,0.8850574712643678
Right,random,Ang,RTT,HTL,6,0.5,1,401,87,380,78,COT,arc labels,,0.49421626766234716,0.2127659574468085,0.45977011494252873
Right,random,Ang,RTT,HTL,6,0.5,1,401,87,380,78,none-Ang-HS4,arc labels,,0.4815872318617761,0.13333333333333333,0.04597701149425287
Right,random,Ang,RTT,HTL,6,0.5,1,401,87,380,78,none-Ang-HSsrc,nothing,,0.5414378797862216,0.24731182795698925,0.5287356321839081
Right,random,Ang,RTT,HTL,6,0.5,1,401,87,380,78,none-Ang-PCA,arc segments,16.0,0.49946921443736725,0.21641791044776118,0.3333333333333333
Right,random,Ang,RTT,HTL,6,0.5,1,401,87,380,78,QOTu-Ang-HS4,arc labels,,0.5484296068526247,0.2542372881355932,0.5172413793103449
Right,random,Ang,RTT,HTL,6,0.5,1,401,87,380,78,QOTu-Ang-HSsrc,arc segments,,0.549820631085731,0.24882629107981222,0.6091954022988506
Right,random,Ang,RTT,HTL,6,0.5,1,401,87,380,78,QOTu-Ang-PCA,arc segments,16.0,0.545171681675086,0.2564102564102564,0.45977011494252873
Right,random,Ang,RTT,HTL,6,0.5,1,401,87,380,78,QOTc-Ang-HS4,arc labels,,0.5323047075188521,0.23660714285714285,0.6091954022988506
Right,random,Ang,RTT,HTL,6,0.5,1,401,87,380,78,QOTc-Ang-HSsrc,arc labels,,0.5481733655465261,0.23905723905723905,0.8160919540229885
Right,random,Ang,RTT,HTL,6,0.5,1,401,87,380,78,QOTc-Ang-PCA,arc labels,64.0,0.5398455230983235,0.24598930481283424,0.5287356321839081
Right,random,Ang,RTT,HTL,6,0.5,1,401,87,380,78,SDM-Ang-HS4,arc labels,,0.5908741489128047,0.28651685393258425,0.5862068965517241
Right,random,Ang,RTT,HTL,6,0.5,1,401,87,380,78,SDM-Ang-HSsrc,arc labels,,0.5802218317592795,0.2625,0.7241379310344828
Right,random,Ang,RTT,HTL,6,0.5,1,401,87,380,78,SDM-Ang-PCA,arc labels,64.0,0.5383263782121678,0.24170616113744076,0.5862068965517241
Right,random,Ang,RTT,HTL,7,0.05,1,401,84,40,11,NoAdapt,nothing,,0.5175191527715187,0.21839080459770116,0.6785714285714286
Right,random,Ang,RTT,HTL,7,0.05,1,401,84,40,11,TargetOnly,arc labels,,0.5698325071353463,0.2670807453416149,0.5119047619047619
Right,random,Ang,RTT,HTL,7,0.05,1,401,84,40,11,Source+Target,arc labels,,0.5295741324921136,0.22340425531914893,0.75
Right,random,Ang,RTT,HTL,7,0.05,1,401,84,40,11,COT,arc labels,,0.5757661108607481,0.24193548387096775,0.8928571428571429
Right,random,Ang,RTT,HTL,7,0.05,1,401,84,40,11,none-Ang-HS4,arc labels,,0.48711882229232384,0.18666666666666668,0.16666666666666666
Right,random,Ang,RTT,HTL,7,0.05,1,401,84,40,11,none-Ang-HSsrc,nothing,,0.506891242301337,0.21363636363636362,0.5595238095238095
Right,random,Ang,RTT,HTL,7,0.05,1,401,84,40,11,none-Ang-PCA,arc segments,8.0,0.5359771668919934,0.2235294117647059,0.9047619047619048
Right,random,Ang,RTT,HTL,7,0.05,1,401,84,40,11,QOTu-Ang-HS4,arc labels,,0.5619460718041159,0.25903614457831325,0.5119047619047619
Right,random,Ang,RTT,HTL,7,0.05,1,401,84,40,11,QOTu-Ang-HSsrc,arc segments,,0.5851922788042662,0.2663316582914573,0.6309523809523809
Right,random,Ang,RTT,HTL,7,0.05,1,401,84,40,11,QOTu-Ang-PCA,arc segments,8.0,0.5365029292474087,0.23300970873786409,0.5714285714285714
Right,random,Ang,RTT,HTL,7,0.05,1,401,84,40,11,QOTc-Ang-HS4,arc labels,,0.55268889890341,0.25675675675675674,0.4523809523809524
Right,random,Ang,RTT,HTL,7,0.05,1,401,84,40,11,QOTc-Ang-HSsrc,arc labels,,0.5535338741174703,0.23278688524590163,0.8452380952380952
Right,random,Ang,RTT,HTL,7,0.05,1,401,84,40,11,QOTc-Ang-PCA,arc labels,64.0,0.5549233889139251,0.25,0.5357142857142857
Right,random,Ang,RTT,HTL,7,0.05,1,401,84,40,11,SDM-Ang-HS4,arc labels,,0.5197160883280757,0.22340425531914893,0.5
Right,random,Ang,RTT,HTL,7,0.05,1,401,84,40,11,SDM-Ang-HSsrc,arc labels,,0.5697761754544088,0.2549019607843137,0.6190476190476191
Right,random,Ang,RTT,HTL,7,0.05,1,401,84,40,11,SDM-Ang-PCA,arc labels,32.0,0.5177257022682891,0.21940928270042195,0.6190476190476191
Right,random,Ang,RTT,HTL,7,0.1,1,401,84,80,18,NoAdapt,nothing,,0.5175191527715187,0.21839080459770116,0.6785714285714286
Right,random,Ang,RTT,HTL,7,0.1,1,401,84,80,18,TargetOnly,arc labels,,0.5315269640979421,0.2421875,0.36904761904761907
Right,random,Ang,RTT,HTL,7,0.1,1,401,84,80,18,Source+Target,arc labels,,0.5220444644734865,0.2198581560283688,0.7380952380952381
Right,random,Ang,RTT,HTL,7,0.1,1,401,84,80,18,COT,arc labels,,0.5134444945170498,0.21548821548821548,0.7619047619047619
Right,random,Ang,RTT,HTL,7,0.1,1,401,84,80,18,none-Ang-HS4,arc labels,,0.5135759351059036,0.23809523809523808,0.17857142857142858
Right,random,Ang,RTT,HTL,7,0.1,1,401,84,80,18,none-Ang-HSsrc,nothing,,0.506891242301337,0.21363636363636362,0.5595238095238095
Right,random,Ang,RTT,HTL,7,0.1,1,401,84,80,18,none-Ang-PCA,arc segments,16.0,0.5049196334685293,0.21487603305785125,0.30952380952380953
Right,random,Ang,RTT,HTL,7,0.1,1,401,84,80,18,QOTu-Ang-HS4,arc labels,,0.5609321015472435,0.26811594202898553,0.44047619047619047
Right,random,Ang,RTT,HTL,7,0.1,1,401,84,80,18,QOTu-Ang-HSsrc,arc segments,,0.5859058134294728,0.2698412698412698,0.6071428571428571
Right,random,Ang,RTT,HTL,7,0.1,1,401,84,80,18,QOTu-Ang-PCA,arc segments,8.0,0.5281095087877422,0.22842639593908629,0.5357142857142857
Right,random,Ang,RTT,HTL,7,0.1,1,401,84,80,18,QOTc-Ang-HS4,arc labels,,0.5103650292924741,0.2222222222222222,0.2857142857142857
Right,random,Ang,RTT,HTL,7,0.1,1,401,84,80,18,QOTc-Ang-HSsrc,arc labels,,0.5721608832807571,0.24705882352941178,0.75
Right,random,Ang,RTT,HTL,7,0.1,1,401,84,80,18,QOTc-Ang-PCA,arc labels,64.0,0.4685481448099745,0.15853658536585366,0.15476190476190477
Right,random,Ang,RTT,HTL,7,0.1,1,401,84,80,18,SDM-Ang-HS4,arc labels,,0.531226528466276,0.25555555555555554,0.27380952380952384
Right,random,Ang,RTT,HTL,7,0.1,1,401,84,80,18,SDM-Ang-HSsrc,arc labels,,0.542511641880727,0.24390243902439024,0.47619047619047616
Right,random,Ang,RTT,HTL,7,0.1,1,401,84,80,18,SDM-Ang-PCA,arc labels,64.0,0.4948925942616794,0.20512820512820512,0.38095238095238093
Right,random,Ang,RTT,HTL,7,0.2,1,401,84,161,39,NoAdapt,nothing,,0.5175191527715187,0.21839080459770116,0.6785714285714286
Right,random,Ang,RTT,HTL,7,0.2,1,401,84,161,39,TargetOnly,arc labels,,0.5087314105452907,0.21710526315789475,0.39285714285714285
Right,random,Ang,RTT,HTL,7,0.2,1,401,84,161,39,Source+Target,arc labels,,0.5237719693555656,0.22,0.7857142857142857
Right,random,Ang,RTT,HTL,7,0.2,1,401,84,161,39,COT,arc labels,,0.4878135796905513,0.20187793427230047,0.5119047619047619
Right,random,Ang,RTT,HTL,7,0.2,1,401,84,161,39,none-Ang-HS4,arc labels,,0.4946484903109509,0.2,0.17857142857142858
Right,random,Ang,RTT,HTL,7,0.2,1,401,84,161,39,none-Ang-HSsrc,nothing,,0.506891242301337,0.21363636363636362,0.5595238095238095
Right,random,Ang,RTT,HTL,7,0.2,1,401,84,161,39,none-Ang-PCA,arc segments,16.0,0.5277151870211807,0.24742268041237114,0.2857142857142857
Right,random,Ang,RTT,HTL,7,0.2,1,401,84,161,39,QOTu-Ang-HS4,arc labels,,0.5260815682739973,0.23404255319148937,0.39285714285714285
Right,random,Ang,RTT,HTL,7,0.2,1,401,84,161,39,QOTu-Ang-HSsrc,arc segments,,0.5823944719843774,0.2653061224489796,0.6190476190476191
Right,random,Ang,RTT,HTL,7,0.2,1,401,84,161,39,QOTu-Ang-PCA,arc segments,8.0,0.5261754544088929,0.22660098522167488,0.5476190476190477
Right,random,Ang,RTT,HTL,7,0.2,1,401,84,161,39,QOTc-Ang-HS4,arc labels,,0.5116794351810124,0.21839080459770116,0.4523809523809524
Right,random,Ang,RTT,HTL,7,0.2,1,401,84,161,39,QOTc-Ang-HSsrc,arc labels,,0.5796342196184467,0.24496644295302014,0.8690476190476191
Right,random,Ang,RTT,HTL,7,0.2,1,401,84,161,39,QOTc-Ang-PCA,arc labels,64.0,0.5243540633919183,0.23577235772357724,0.34523809523809523
Right,random,Ang,RTT,HTL,7,0.2,1,401,84,161,39,SDM-Ang-HS4,arc labels,,0.5206361724500526,0.22727272727272727,0.4166666666666667
Right,random,Ang,RTT,HTL,7,0.2,1,401,84,161,39,SDM-Ang-HSsrc,arc labels,,0.5709966952080516,0.2548076923076923,0.6309523809523809
Right,random,Ang,RTT,HTL,7,0.2,1,401,84,161,39,SDM-Ang-PCA,arc labels,64.0,0.4658442241249813,0.1773049645390071,0.2976190476190476
Right,random,Ang,RTT,HTL,7,0.3,1,401,84,241,54,NoAdapt,nothing,,0.5175191527715187,0.21839080459770116,0.6785714285714286
Right,random,Ang,RTT,HTL,7,0.3,1,401,84,241,54,TargetOnly,arc labels,,0.5099519302989335,0.21794871794871795,0.40476190476190477
Right,random,Ang,RTT,HTL,7,0.3,1,401,84,241,54,Source+Target,arc labels,,0.5209741625356767,0.21885521885521886,0.7738095238095238
Right,random,Ang,RTT,HTL,7,0.3,1,401,84,241,54,COT,arc labels,,0.46548745681237796,0.1780821917808219,0.30952380952380953
Right,random,Ang,RTT,HTL,7,0.3,1,401,84,241,54,none-Ang-HS4,arc labels,,0.5036991137148866,0.21367521367521367,0.2976190476190476
Right,random,Ang,RTT,HTL,7,0.3,1,401,84,241,54,none-Ang-HSsrc,nothing,,0.506891242301337,0.21363636363636362,0.5595238095238095
Right,random,Ang,RTT,HTL,7,0.3,1,401,84,241,54,none-Ang-PCA,arc segments,16.0,0.5153034399879826,0.2345679012345679,0.2261904761904762
Right,random,Ang,RTT,HTL,7,0.3,1,401,84,241,54,QOTu-Ang-HS4,arc labels,,0.5297431275349256,0.23529411764705882,0.42857142857142855
Right,random,Ang,RTT,HTL,7,0.3,1,401,84,241,54,QOTu-Ang-HSsrc,arc segments,,0.5851922788042662,0.2663316582914573,0.6309523809523809
Right,random,Ang,RTT,HTL,7,0.3,1,401,84,241,54,QOTu-Ang-PCA,arc segments,16.0,0.5267951028992038,0.2366412213740458,0.36904761904761907
Right,random,Ang,RTT,HTL,7,0.3,1,401,84,241,54,QOTc-Ang-HS4,arc labels,,0.5414413399429172,0.24022346368715083,0.5119047619047619
Right,random,Ang,RTT,HTL,7,0.3,1,401,84,241,54,QOTc-Ang-HSsrc,arc labels,,0.5596928045666216,0.2375886524822695,0.7976190476190477
Right,random,Ang,RTT,HTL,7,0.3,1,401,84,241,54,QOTc-Ang-PCA,arc labels,64.0,0.5429247408742677,0.25862068965517243,0.35714285714285715
Right,random,Ang,RTT,HTL,7,0.3,1,401,84,241,54,SDM-Ang-HS4,arc labels,,0.5313204146011717,0.23684210526315788,0.42857142857142855
Right,random,Ang,RTT,HTL,7,0.3,1,401,84,241,54,SDM-Ang-HSsrc,arc labels,,0.5603124530569326,0.24761904761904763,0.6190476190476191
Right,random,Ang,RTT,HTL,7,0.3,1,401,84,241,54,SDM-Ang-PCA,arc labels,64.0,0.4934655250112663,0.20454545454545456,0.42857142857142855
Right,random,Ang,RTT,HTL,7,0.5,1,401,84,391,82,NoAdapt,nothing,,0.5175191527715187,0.21839080459770116,0.6785714285714286
Right,random,Ang,RTT,HTL,7,0.5,1,401,84,391,82,TargetOnly,arc labels,,0.5393570677482349,0.24096385542168675,0.47619047619047616
Right,random,Ang,RTT,HTL,7,0.5,1,401,84,391,82,Source+Target,arc labels,,0.5143082469580892,0.21568627450980393,0.7857142857142857
Right,random,Ang,RTT,HTL,7,0.5,1,401,84,391,82,COT,arc labels,,0.4968266486405288,0.20666666666666667,0.36904761904761907
Right,random,Ang,RTT,HTL,7,0.5,1,401,84,391,82,none-Ang-HS4,arc labels,,0.5314706324170047,0.23391812865497075,0.47619047619047616
Right,random,Ang,RTT,HTL,7,0.5,1,401,84,391,82,none-Ang-HSsrc,nothing,,0.506891242301337,0.21363636363636362,0.5595238095238095
Right,random,Ang,RTT,HTL,7,0.5,1,401,84,391,82,none-Ang-PCA,arc segments,16.0,0.5136698212407992,0.224,0.3333333333333333
Right,random,Ang,RTT,HTL,7,0.5,1,401,84,391,82,QOTu-Ang-HS4,arc labels,,0.5789394622202193,0.275,0.5238095238095238
Right,random,Ang,RTT,HTL,7,0.5,1,401,84,391,82,QOTu-Ang-HSsrc,arc segments,,0.572930749586901,0.25742574257425743,0.6190476190476191
Right,random,Ang,RTT,HTL,7,0.5,1,401,84,391,82,QOTu-Ang-PCA,arc segments,16.0,0.5115292173651795,0.21935483870967742,0.40476190476190477
Right,random,Ang,RTT,HTL,7,0.5,1,401,84,391,82,QOTc-Ang-HS4,arc labels,,0.5400142706925042,0.23618090452261306,0.5595238095238095
Right,random,Ang,RTT,HTL,7,0.5,1,401,84,391,82,QOTc-Ang-HSsrc,arc labels,,0.5707338140303441,0.24363636363636362,0.7976190476190477
Right,random,Ang,RTT,HTL,7,0.5,1,401,84,391,82,QOTc-Ang-PCA,arc labels,64.0,0.5433753943217665,0.24277456647398843,0.5
Right,random,Ang,RTT,HTL,7,0.5,1,401,84,391,82,SDM-Ang-HS4,arc labels,,0.5737006158930449,0.2751677852348993,0.4880952380952381
Right,random,Ang,RTT,HTL,7,0.5,1,401,84,391,82,SDM-Ang-HSsrc,arc labels,,0.5932289319513294,0.2676056338028169,0.6785714285714286
Right,random,Ang,RTT,HTL,7,0.5,1,401,84,391,82,SDM-Ang-PCA,arc labels,64.0,0.544239146762806,0.24175824175824176,0.5238095238095238
Right,random,Ang,RTT,PTT,0,0.05,1,1136,80,114,8,NoAdapt,nothing,,0.4808712121212121,0.06267029972752043,0.2875
Right,random,Ang,RTT,PTT,0,0.05,1,1136,80,114,8,TargetOnly,arc labels,,0.4701704545454546,0.06339144215530904,0.5
Right,random,Ang,RTT,PTT,0,0.05,1,1136,80,114,8,Source+Target,arc labels,,0.5005681818181819,0.07065217391304347,0.325
Right,random,Ang,RTT,PTT,0,0.05,1,1136,80,114,8,COT,arc labels,,0.4600378787878788,0.0618705035971223,0.5375
Right,random,Ang,RTT,PTT,0,0.05,1,1136,80,114,8,none-Ang-HS4,arc labels,,0.4354166666666667,0.040498442367601244,0.1625
Right,random,Ang,RTT,PTT,0,0.05,1,1136,80,114,8,none-Ang-HSsrc,nothing,,0.4336174242424242,0.046341463414634146,0.2375
Right,random,Ang,RTT,PTT,0,0.05,1,1136,80,114,8,none-Ang-PCA,arc segments,16.0,0.37992424242424244,0.02830188679245283,0.15
Right,random,Ang,RTT,PTT,0,0.05,1,1136,80,114,8,QOTu-Ang-HS4,arc labels,,0.4810606060606061,0.04504504504504504,0.0625
Right,random,Ang,RTT,PTT,0,0.05,1,1136,80,114,8,QOTu-Ang-HSsrc,arc segments,,0.4691287878787879,0.03278688524590164,0.05
Right,random,Ang,RTT,PTT,0,0.05,1,1136,80,114,8,QOTu-Ang-PCA,arc segments,8.0,0.4643939393939394,0.04433497536945813,0.1125
Right,random,Ang,RTT,PTT,0,0.05,1,1136,80,114,8,QOTc-Ang-HS4,arc labels,,0.6514204545454545,0.14426229508196722,0.55
Right,random,Ang,RTT,PTT,0,0.05,1,1136,80,114,8,QOTc-Ang-HSsrc,arc labels,,0.5947916666666666,0.10154525386313466,0.575
Right,random,Ang,RTT,PTT,0,0.05,1,1136,80,114,8,QOTc-Ang-PCA,arc labels,64.0,0.4649621212121212,0.046296296296296294,0.125
Right,random,Ang,RTT,PTT,0,0.05,1,1136,80,114,8,SDM-Ang-HS4,arc labels,,0.553219696969697,0.08468468468468468,0.5875
Right,random,Ang,RTT,PTT,0,0.05,1,1136,80,114,8,SDM-Ang-HSsrc,arc labels,,0.5989583333333333,0.10465116279069768,0.5625
Right,random,Ang,RTT,PTT,0,0.05,1,1136,80,114,8,SDM-Ang-PCA,arc labels,64.0,0.45653409090909086,0.03389830508474576,0.075
Right,random,Ang,RTT,PTT,0,0.1,1,1136,80,227,11,NoAdapt,nothing,,0.4808712121212121,0.06267029972752043,0.2875
Right,random,Ang,RTT,PTT,0,0.1,1,1136,80,227,11,TargetOnly,arc labels,,0.47159090909090906,0.06369426751592357,0.5
Right,random,Ang,RTT,PTT,0,0.1,1,1136,80,227,11,Source+Target,arc labels,,0.4830492424242424,0.06287425149700598,0.2625
Right,random,Ang,RTT,PTT,0,0.1,1,1136,80,227,11,COT,arc labels,,0.44280303030303025,0.059431524547803614,0.575
Right,random,Ang,RTT,PTT,0,0.1,1,1136,80,227,11,none-Ang-HS4,arc labels,,0.43219696969696975,0.04093567251461988,0.175
Right,random,Ang,RTT,PTT,0,0.1,1,1136,80,227,11,none-Ang-HSsrc,nothing,,0.4336174242424242,0.046341463414634146,0.2375
Right,random,Ang,RTT,PTT,0,0.1,1,1136,80,227,11,none-Ang-PCA,arc segments,16.0,0.37414772727272727,0.026066350710900472,0.1375
Right,random,Ang,RTT,PTT,0,0.1,1,1136,80,227,11,QOTu-Ang-HS4,arc labels,,0.4729166666666667,0.03508771929824561,0.05
Right,random,Ang,RTT,PTT,0,0.1,1,1136,80,227,11,QOTu-Ang-HSsrc,arc segments,,0.46382575757575756,0.025210084033613446,0.0375
Right,random,Ang,RTT,PTT,0,0.1,1,1136,80,227,11,QOTu-Ang-PCA,arc segments,8.0,0.4696969696969697,0.04854368932038835,0.125
Right,random,Ang,RTT,PTT,0,0.1,1,1136,80,227,11,QOTc-Ang-HS4,arc labels,,0.6530303030303031,0.1583011583011583,0.5125
Right,random,Ang,RTT,PTT,0,0.1,1,1136,80,227,11,QOTc-Ang-HSsrc,arc labels,,0.5919507575757575,0.10021786492374728,0.575
Right,random,Ang,RTT,PTT,0,0.1,1,1136,80,227,11,QOTc-Ang-PCA,arc labels,64.0,0.4791666666666667,0.053763440860215055,0.125
Right,random,Ang,RTT,PTT,0,0.1,1,1136,80,227,11,SDM-Ang-HS4,arc labels,,0.6040719696969697,0.10294117647058823,0.6125
Right,random,Ang,RTT,PTT,0,0.1,1,1136,80,227,11,SDM-Ang-HSsrc,arc labels,,0.596685606060606,0.10244988864142539,0.575
Right,random,Ang,RTT,PTT,0,0.1,1,1136,80,227,11,SDM-Ang-PCA,arc labels,64.0,0.4739583333333333,0.03968253968253968,0.0625
Right,random,Ang,RTT,PTT,0,0.2,1,1136,80,454,24,NoAdapt,nothing,,0.4808712121212121,0.06267029972752043,0.2875
Right,random,Ang,RTT,PTT,0,0.2,1,1136,80,454,24,TargetOnly,arc labels,,0.5340909090909092,0.0847457627118644,0.375
Right,random,Ang,RTT,PTT,0,0.2,1,1136,80,454,24,Source+Target,arc labels,,0.47613636363636364,0.058823529411764705,0.225
Right,random,Ang,RTT,PTT,0,0.2,1,1136,80,454,24,COT,arc labels,,0.4636363636363636,0.06301369863013699,0.575
Right,random,Ang,RTT,PTT,0,0.2,1,1136,80,454,24,none-Ang-HS4,arc labels,,0.434375,0.038834951456310676,0.15
Right,random,Ang,RTT,PTT,0,0.2,1,1136,80,454,24,none-Ang-HSsrc,nothing,,0.4336174242424242,0.046341463414634146,0.2375
Right,random,Ang,RTT,PTT,0,0.2,1,1136,80,454,24,none-Ang-PCA,arc segments,16.0,0.38323863636363636,0.02877697841726619,0.15
Right,random,Ang,RTT,PTT,0,0.2,1,1136,80,454,24,QOTu-Ang-HS4,arc labels,,0.4810606060606061,0.04504504504504504,0.0625
Right,random,Ang,RTT,PTT,0,0.2,1,1136,80,454,24,QOTu-Ang-HSsrc,arc segments,,0.4666666666666667,0.02654867256637168,0.0375
Right,random,Ang,RTT,PTT,0,0.2,1,1136,80,454,24,QOTu-Ang-PCA,arc segments,16.0,0.4607954545454545,0.03571428571428571,0.075
Right,random,Ang,RTT,PTT,0,0.2,1,1136,80,454,24,QOTc-Ang-HS4,arc labels,,0.6743371212121212,0.2517482517482518,0.45
Right,random,Ang,RTT,PTT,0,0.2,1,1136,80,454,24,QOTc-Ang-HSsrc,arc labels,,0.596685606060606,0.10244988864142539,0.575
Right,random,Ang,RTT,PTT,0,0.2,1,1136,80,454,24,QOTc-Ang-PCA,arc labels,64.0,0.47424242424242424,0.030927835051546393,0.0375
Right,random,Ang,RTT,PTT,0,0.2,1,1136,80,454,24,SDM-Ang-HS4,arc labels,,0.63125,0.2826086956521739,0.325
Right,random,Ang,RTT,PTT,0,0.2,1,1136,80,454,24,SDM-Ang-HSsrc,arc labels,,0.5394886363636363,0.10759493670886076,0.2125
Right,random,Ang,RTT,PTT,0,0.2,1,1136,80,454,24,SDM-Ang-PCA,arc labels,32.0,0.4975378787878788,0.06451612903225806,0.05
Right,random,Ang,RTT,PTT,0,0.3,1,1136,80,682,30,NoAdapt,nothing,,0.4808712121212121,0.06267029972752043,0.2875
Right,random,Ang,RTT,PTT,0,0.3,1,1136,80,682,30,TargetOnly,arc labels,,0.5074810606060606,0.07650273224043716,0.175
Right,random,Ang,RTT,PTT,0,0.3,1,1136,80,682,30,Source+Target,arc labels,,0.4650568181818182,0.053156146179401995,0.2
Right,random,Ang,RTT,PTT,0,0.3,1,1136,80,682,30,COT,arc labels,,0.47045454545454546,0.06503067484662577,0.6625
Right,random,Ang,RTT,PTT,0,0.3,1,1136,80,682,30,none-Ang-HS4,arc labels,,0.4368371212121212,0.040880503144654086,0.1625
Right,random,Ang,RTT,PTT,0,0.3,1,1136,80,682,30,none-Ang-HSsrc,nothing,,0.4336174242424242,0.046341463414634146,0.2375
Right,random,Ang,RTT,PTT,0,0.3,1,1136,80,682,30,none-Ang-PCA,arc segments,16.0,0.39422348484848485,0.031862745098039214,0.1625
Right,random,Ang,RTT,PTT,0,0.3,1,1136,80,682,30,QOTu-Ang-HS4,arc labels,,0.4758522727272727,0.040983606557377046,0.0625
Right,random,Ang,RTT,PTT,0,0.3,1,1136,80,682,30,QOTu-Ang-HSsrc,arc segments,,0.4581439393939394,0.022900763358778626,0.0375
Right,random,Ang,RTT,PTT,0,0.3,1,1136,80,682,30,QOTu-Ang-PCA,arc segments,16.0,0.4757575757575757,0.056,0.175
Right,random,Ang,RTT,PTT,0,0.3,1,1136,80,682,30,QOTc-Ang-HS4,arc labels,,0.6795454545454546,0.2727272727272727,0.45
Right,random,Ang,RTT,PTT,0,0.3,1,1136,80,682,30,QOTc-Ang-HSsrc,arc labels,,0.5962121212121212,0.10222222222222223,0.575
Right,random,Ang,RTT,PTT,0,0.3,1,1136,80,682,30,QOTc-Ang-PCA,arc labels,64.0,0.48740530303030305,0.05555555555555555,0.0875
Right,random,Ang,RTT,PTT,0,0.3,1,1136,80,682,30,SDM-Ang-HS4,arc labels,,0.6330492424242424,0.33783783783783783,0.3125
Right,random,Ang,RTT,PTT,0,0.3,1,1136,80,682,30,SDM-Ang-HSsrc,arc labels,,0.6589962121212121,0.17889908256880735,0.4875
Right,random,Ang,RTT,PTT,0,0.3,1,1136,80,682,30,SDM-Ang-PCA,arc labels,64.0,0.4796401515151515,0.043859649122807015,0.0625
Right,random,Ang,RTT,PTT,0,0.5,1,1136,80,1124,41,NoAdapt,nothing,,0.4808712121212121,0.06267029972752043,0.2875
Right,random,Ang,RTT,PTT,0,0.5,1,1136,80,1124,41,TargetOnly,arc labels,,0.5306818181818181,0.1044776119402985,0.175
Right,random,Ang,RTT,PTT,0,0.5,1,1136,80,1124,41,Source+Target,arc labels,,0.45170454545454547,0.040983606557377046,0.125
Right,random,Ang,RTT,PTT,0,0.5,1,1136,80,1124,41,COT,arc labels,,0.47888257575757576,0.06641123882503193,0.65
Right,random,Ang,RTT,PTT,0,0.5,1,1136,80,1124,41,none-Ang-HS4,arc labels,,0.44071969696969693,0.043209876543209874,0.175
Right,random,Ang,RTT,PTT,0,0.5,1,1136,80,1124,41,none-Ang-HSsrc,nothing,,0.4336174242424242,0.046341463414634146,0.2375
Right,random,Ang,RTT,PTT,0,0.5,1,1136,80,1124,41,none-Ang-PCA,arc segments,16.0,0.38380681818181817,0.030232558139534883,0.1625
Right,random,Ang,RTT,PTT,0,0.5,1,1136,80,1124,41,QOTu-Ang-HS4,arc labels,,0.47575757575757577,0.037037037037037035,0.05
Right,random,Ang,RTT,PTT,0,0.5,1,1136,80,1124,41,QOTu-Ang-HSsrc,arc segments,,0.4666666666666667,0.02654867256637168,0.0375
Right,random,Ang,RTT,PTT,0,0.5,1,1136,80,1124,41,QOTu-Ang-PCA,arc segments,16.0,0.4303030303030303,0.03272727272727273,0.1125
Right,random,Ang,RTT,PTT,0,0.5,1,1136,80,1124,41,QOTc-Ang-HS4,arc labels,,0.668844696969697,0.20765027322404372,0.475
Right,random,Ang,RTT,PTT,0,0.5,1,1136,80,1124,41,QOTc-Ang-HSsrc,arc labels,,0.5952651515151515,0.10176991150442478,0.575
Right,random,Ang,RTT,PTT,0,0.5,1,1136,80,1124,41,QOTc-Ang-PCA,arc labels,64.0,0.6017992424242424,0.14218009478672985,0.375
Right,random,Ang,RTT,PTT,0,0.5,1,1136,80,1124,41,SDM-Ang-HS4,arc labels,,0.6733901515151515,0.2482758620689655,0.45
Right,random,Ang,RTT,PTT,0,0.5,1,1136,80,1124,41,SDM-Ang-HSsrc,arc labels,,0.6597537878787879,0.16216216216216217,0.525
Right,random,Ang,RTT,PTT,0,0.5,1,1136,80,1124,41,SDM-Ang-PCA,arc labels,64.0,0.5053030303030303,0.08108108108108109,0.075
Right,random,Ang,RTT,PTT,1,0.05,1,1136,67,114,5,NoAdapt,nothing,,0.47296259581419375,0.049586776859504134,0.26865671641791045
Right,random,Ang,RTT,PTT,1,0.05,1,1136,67,114,5,TargetOnly,arc labels,,0.5610209011071863,0.1643835616438356,0.1791044776119403
Right,random,Ang,RTT,PTT,1,0.05,1,1136,67,114,5,Source+Target,arc labels,,0.47296259581419375,0.049586776859504134,0.26865671641791045
Right,random,Ang,RTT,PTT,1,0.05,1,1136,67,114,5,COT,arc labels,,0.5199935774820937,0.06481481481481481,0.417910447761194
Right,random,Ang,RTT,PTT,1,0.05,1,1136,67,114,5,none-Ang-HS4,arc labels,,0.4058821886824065,0.017482517482517484,0.07462686567164178
Right,random,Ang,RTT,PTT,1,0.05,1,1136,67,114,5,none-Ang-HSsrc,nothing,,0.41653519120952764,0.028735632183908046,0.14925373134328357
Right,random,Ang,RTT,PTT,1,0.05,1,1136,67,114,5,none-Ang-PCA,arc segments,8.0,0.4230833670748223,0.029940119760479042,0.14925373134328357
Right,random,Ang,RTT,PTT,1,0.05,1,1136,67,114,5,QOTu-Ang-HS4,arc labels,,0.48541669575415713,0.04040404040404041,0.05970149253731343
Right,random,Ang,RTT,PTT,1,0.05,1,1136,67,114,5,QOTu-Ang-HSsrc,arc segments,,0.4728090138642615,0.027522935779816515,0.04477611940298507
Right,random,Ang,RTT,PTT,1,0.05,1,1136,67,114,5,QOTu-Ang-PCA,arc segments,8.0,0.4482149588819234,0.041884816753926704,0.23880597014925373
Right,random,Ang,RTT,PTT,1,0.05,1,1136,67,114,5,QOTc-Ang-HS4,arc labels,,0.7266031861273614,0.3695652173913043,0.5074626865671642
Right,random,Ang,RTT,PTT,1,0.05,1,1136,67,114,5,QOTc-Ang-HSsrc,arc labels,,0.6843821118914315,0.14084507042253522,0.5970149253731343
Right,random,Ang,RTT,PTT,1,0.05,1,1136,67,114,5,QOTc-Ang-PCA,arc labels,64.0,0.5978247211091409,0.168141592920354,0.2835820895522388
Right,random,Ang,RTT,PTT,1,0.05,1,1136,67,114,5,SDM-Ang-HS4,arc labels,,0.46766401854152995,0.025,0.04477611940298507
Right,random,Ang,RTT,PTT,1,0.05,1,1136,67,114,5,SDM-Ang-HSsrc,arc labels,,0.5670175781522695,0.125,0.23880597014925373
Right,random,Ang,RTT,PTT,1,0.05,1,1136,67,114,5,SDM-Ang-PCA,arc labels,64.0,0.4932842801893247,0.05333333333333334,0.11940298507462686
Right,random,Ang,RTT,PTT,1,0.1,1,1136,67,227,10,NoAdapt,nothing,,0.47296259581419375,0.049586776859504134,0.26865671641791045
Right,random,Ang,RTT,PTT,1,0.1,1,1136,67,227,10,TargetOnly,arc labels,,0.5208173352135487,0.07746478873239436,0.16417910447761194
Right,random,Ang,RTT,PTT,1,0.1,1,1136,67,227,10,Source+Target,arc labels,,0.4818494059170937,0.05232558139534884,0.26865671641791045
Right,random,Ang,RTT,PTT,1,0.1,1,1136,67,227,10,COT,arc labels,,0.4418622509529062,0.04707792207792208,0.43283582089552236
Right,random,Ang,RTT,PTT,1,0.1,1,1136,67,227,10,none-Ang-HS4,arc labels,,0.4091562766150538,0.017921146953405017,0.07462686567164178
Right,random,Ang,RTT,PTT,1,0.1,1,1136,67,227,10,none-Ang-HSsrc,nothing,,0.41653519120952764,0.028735632183908046,0.14925373134328357
Right,random,Ang,RTT,PTT,1,0.1,1,1136,67,227,10,none-Ang-PCA,arc segments,8.0,0.4226156402273013,0.029850746268656716,0.14925373134328357
Right,random,Ang,RTT,PTT,1,0.1,1,1136,67,227,10,QOTu-Ang-HS4,arc labels,,0.48494896890663614,0.04,0.05970149253731343
Right,random,Ang,RTT,PTT,1,0.1,1,1136,67,227,10,QOTu-Ang-HSsrc,arc segments,,0.46626083799896684,0.024390243902439025,0.04477611940298507
Right,random,Ang,RTT,PTT,1,0.1,1,1136,67,227,10,QOTu-Ang-PCA,arc segments,32.0,0.4942825628638845,0.05154639175257732,0.07462686567164178
Right,random,Ang,RTT,PTT,1,0.1,1,1136,67,227,10,QOTc-Ang-HS4,arc labels,,0.6746226770730073,0.14566929133858267,0.5522388059701493
Right,random,Ang,RTT,PTT,1,0.1,1,1136,67,227,10,QOTc-Ang-HSsrc,arc labels,,0.6384820518548511,0.09930715935334873,0.6417910447761194
Right,random,Ang,RTT,PTT,1,0.1,1,1136,67,227,10,QOTc-Ang-PCA,arc labels,32.0,0.465730282171928,0.03428571428571429,0.08955223880597014
Right,random,Ang,RTT,PTT,1,0.1,1,1136,67,227,10,SDM-Ang-HS4,arc labels,,0.7148890719461625,0.26119402985074625,0.5223880597014925
Right,random,Ang,RTT,PTT,1,0.1,1,1136,67,227,10,SDM-Ang-HSsrc,arc labels,,0.6394384485430658,0.10144927536231885,0.6268656716417911
Right,random,Ang,RTT,PTT,1,0.1,1,1136,67,227,10,SDM-Ang-PCA,arc labels,64.0,0.4540580539770744,0.0273224043715847,0.07462686567164178
Right,random,Ang,RTT,PTT,1,0.2,1,1136,67,454,15,NoAdapt,nothing,,0.47296259581419375,0.049586776859504134,0.26865671641791045
Right,random,Ang,RTT,PTT,1,0.2,1,1136,67,454,15,TargetOnly,arc labels,,0.5278960669058822,0.10526315789473684,0.11940298507462686
Right,random,Ang,RTT,PTT,1,0.2,1,1136,67,454,15,Source+Target,arc labels,,0.477702693268922,0.04966887417218543,0.22388059701492538
Right,random,Ang,RTT,PTT,1,0.2,1,1136,67,454,15,COT,arc labels,,0.4286402412632813,0.04691689008042895,0.5223880597014925
Right,random,Ang,RTT,PTT,1,0.2,1,1136,67,454,15,none-Ang-HS4,arc labels,,0.416618963182218,0.02142857142857143,0.08955223880597014
Right,random,Ang,RTT,PTT,1,0.2,1,1136,67,454,15,none-Ang-HSsrc,nothing,,0.41653519120952764,0.028735632183908046,0.14925373134328357
Right,random,Ang,RTT,PTT,1,0.2,1,1136,67,454,15,none-Ang-PCA,arc segments,8.0,0.43798779721597814,0.036827195467422094,0.19402985074626866
Right,random,Ang,RTT,PTT,1,0.2,1,1136,67,454,15,QOTu-Ang-HS4,arc labels,,0.48635214944919924,0.041237113402061855,0.05970149253731343
Right,random,Ang,RTT,PTT,1,0.2,1,1136,67,454,15,QOTu-Ang-HSsrc,arc segments,,0.46626083799896684,0.024390243902439025,0.04477611940298507
Right,random,Ang,RTT,PTT,1,0.2,1,1136,67,454,15,QOTu-Ang-PCA,arc segments,32.0,0.49568574340644767,0.05319148936170213,0.07462686567164178
Right,random,Ang,RTT,PTT,1,0.2,1,1136,67,454,15,QOTc-Ang-HS4,arc labels,,0.6788322187006968,0.1510204081632653,0.5522388059701493
Right,random,Ang,RTT,PTT,1,0.2,1,1136,67,454,15,QOTc-Ang-HSsrc,arc labels,,0.6412884129399774,0.10070257611241218,0.6417910447761194
Right,random,Ang,RTT,PTT,1,0.2,1,1136,67,454,15,QOTc-Ang-PCA,arc labels,32.0,0.46251902321879845,0.022900763358778626,0.04477611940298507
Right,random,Ang,RTT,PTT,1,0.2,1,1136,67,454,15,SDM-Ang-HS4,arc labels,,0.7391270960445667,0.26,0.582089552238806
Right,random,Ang,RTT,PTT,1,0.2,1,1136,67,454,15,SDM-Ang-HSsrc,arc labels,,0.6947139885232397,0.16666666666666666,0.5671641791044776
Right,random,Ang,RTT,PTT,1,0.2,1,1136,67,454,15,SDM-Ang-PCA,arc labels,16.0,0.4967049690741801,0.041666666666666664,0.014925373134328358
Right,random,Ang,RTT,PTT,1,0.3,1,1136,67,682,28,NoAdapt,nothing,,0.47296259581419375,0.049586776859504134,0.26865671641791045
Right,random,Ang,RTT,PTT,1,0.3,1,1136,67,682,28,TargetOnly,arc labels,,0.5389749102941792,0.08771929824561403,0.22388059701492538
Right,random,Ang,RTT,PTT,1,0.3,1,1136,67,682,28,Source+Target,arc labels,,0.4791058738114851,0.05016722408026756,0.22388059701492538
Right,random,Ang,RTT,PTT,1,0.3,1,1136,67,682,28,COT,arc labels,,0.3981332812085503,0.044642857142857144,0.5970149253731343
Right,random,Ang,RTT,PTT,1,0.3,1,1136,67,682,28,none-Ang-HS4,arc labels,,0.4156625664940033,0.023411371237458192,0.1044776119402985
Right,random,Ang,RTT,PTT,1,0.3,1,1136,67,682,28,none-Ang-HSsrc,nothing,,0.41653519120952764,0.028735632183908046,0.14925373134328357
Right,random,Ang,RTT,PTT,1,0.3,1,1136,67,682,28,none-Ang-PCA,arc segments,16.0,0.38987476090082795,0.024691358024691357,0.14925373134328357
Right,random,Ang,RTT,PTT,1,0.3,1,1136,67,682,28,QOTu-Ang-HS4,arc labels,,0.4877553299917624,0.0425531914893617,0.05970149253731343
Right,random,Ang,RTT,PTT,1,0.3,1,1136,67,682,28,QOTu-Ang-HSsrc,arc segments,,0.47467992125434566,0.02857142857142857,0.04477611940298507
Right,random,Ang,RTT,PTT,1,0.3,1,1136,67,682,28,QOTu-Ang-PCA,arc segments,8.0,0.4547631347472181,0.043478260869565216,0.23880597014925373
Right,random,Ang,RTT,PTT,1,0.3,1,1136,67,682,28,QOTc-Ang-HS4,arc labels,,0.642670650489368,0.09977324263038549,0.6567164179104478
Right,random,Ang,RTT,PTT,1,0.3,1,1136,67,682,28,QOTc-Ang-HSsrc,arc labels,,0.6384820518548511,0.09930715935334873,0.6417910447761194
Right,random,Ang,RTT,PTT,1,0.3,1,1136,67,682,28,QOTc-Ang-PCA,arc labels,32.0,0.3155480781313265,0.01509433962264151,0.11940298507462686
Right,random,Ang,RTT,PTT,1,0.3,1,1136,67,682,28,SDM-Ang-HS4,arc labels,,0.6434385602390293,0.09043478260869565,0.7761194029850746
Right,random,Ang,RTT,PTT,1,0.3,1,1136,67,682,28,SDM-Ang-HSsrc,arc labels,,0.6946721025368945,0.15267175572519084,0.5970149253731343
Right,random,Ang,RTT,PTT,1,0.3,1,1136,67,682,28,SDM-Ang-PCA,arc labels,64.0,0.4751057621155215,0.036231884057971016,0.07462686567164178
Right,random,Ang,RTT,PTT,1,0.5,1,1136,67,1112,54,NoAdapt,nothing,,0.47296259581419375,0.049586776859504134,0.26865671641791045
Right,random,Ang,RTT,PTT,1,0.5,1,1136,67,1112,54,TargetOnly,arc labels,,0.5622146517180235,0.09166666666666666,0.3283582089552239
Right,random,Ang,RTT,PTT,1,0.5,1,1136,67,1112,54,Source+Target,arc labels,,0.4720899710986694,0.04777070063694268,0.22388059701492538
Right,random,Ang,RTT,PTT,1,0.5,1,1136,67,1112,54,COT,arc labels,,0.39392373958086085,0.04419889502762431,0.5970149253731343
Right,random,Ang,RTT,PTT,1,0.5,1,1136,67,1112,54,none-Ang-HS4,arc labels,,0.41987210812169273,0.02413793103448276,0.1044776119402985
Right,random,Ang,RTT,PTT,1,0.5,1,1136,67,1112,54,none-Ang-HSsrc,nothing,,0.41653519120952764,0.028735632183908046,0.14925373134328357
Right,random,Ang,RTT,PTT,1,0.5,1,1136,67,1112,54,none-Ang-PCA,arc segments,16.0,0.374928444773327,0.02142857142857143,0.13432835820895522
Right,random,Ang,RTT,PTT,1,0.5,1,1136,67,1112,54,QOTu-Ang-HS4,arc labels,,0.4877553299917624,0.0425531914893617,0.05970149253731343
Right,random,Ang,RTT,PTT,1,0.5,1,1136,67,1112,54,QOTu-Ang-HSsrc,arc segments,,0.47467992125434566,0.02857142857142857,0.04477611940298507
Right,random,Ang,RTT,PTT,1,0.5,1,1136,67,1112,54,QOTu-Ang-PCA,arc segments,16.0,0.47604121581056363,0.03676470588235294,0.07462686567164178
Right,random,Ang,RTT,PTT,1,0.5,1,1136,67,1112,54,QOTc-Ang-HS4,arc labels,,0.6468383061307121,0.09871244635193133,0.6865671641791045
Right,random,Ang,RTT,PTT,1,0.5,1,1136,67,1112,54,QOTc-Ang-HSsrc,arc labels,,0.6366111444647669,0.09839816933638444,0.6417910447761194
Right,random,Ang,RTT,PTT,1,0.5,1,1136,67,1112,54,QOTc-Ang-PCA,arc labels,64.0,0.4455761417421778,0.031746031746031744,0.11940298507462686
Right,random,Ang,RTT,PTT,1,0.5,1,1136,67,1112,54,SDM-Ang-HS4,arc labels,,0.6884241095737402,0.11678832116788321,0.7164179104477612
Right,random,Ang,RTT,PTT,1,0.5,1,1136,67,1112,54,SDM-Ang-HSsrc,arc labels,,0.6459656814151878,0.10311750599520383,0.6417910447761194
Right,random,Ang,RTT,PTT,1,0.5,1,1136,67,1112,54,SDM-Ang-PCA,arc labels,64.0,0.41974645016265727,0.03316326530612245,0.19402985074626866
Right,random,Ang,RTT,PTT,2,0.05,1,1136,67,114,4,NoAdapt,nothing,,0.45333901121148235,0.04381443298969072,0.2537313432835821
Right,random,Ang,RTT,PTT,2,0.05,1,1136,67,114,4,TargetOnly,arc labels,,0.6801097412842243,0.125,0.6417910447761194
Right,random,Ang,RTT,PTT,2,0.05,1,1136,67,114,4,Source+Target,arc labels,,0.4668612038032476,0.04834605597964377,0.2835820895522388
Right,random,Ang,RTT,PTT,2,0.05,1,1136,67,114,4,COT,arc labels,,0.500467726847521,0.059030837004405284,1.0
Right,random,Ang,RTT,PTT,2,0.05,1,1136,67,114,4,none-Ang-HS4,arc labels,,0.38617483210700476,0.021108179419525065,0.11940298507462686
Right,random,Ang,RTT,PTT,2,0.05,1,1136,67,114,4,none-Ang-HSsrc,nothing,,0.38757801264956787,0.02127659574468085,0.11940298507462686
Right,random,Ang,RTT,PTT,2,0.05,1,1136,67,114,4,none-Ang-PCA,arc segments,16.0,0.3852603214051352,0.019230769230769232,0.1044776119402985
Right,random,Ang,RTT,PTT,2,0.05,1,1136,67,114,4,QOTu-Ang-HS4,arc labels,,0.4877553299917624,0.0425531914893617,0.05970149253731343
Right,random,Ang,RTT,PTT,2,0.05,1,1136,67,114,4,QOTu-Ang-HSsrc,arc segments,,0.4826312776622035,0.03409090909090909,0.04477611940298507
Right,random,Ang,RTT,PTT,2,0.05,1,1136,67,114,4,QOTu-Ang-PCA,arc segments,8.0,0.46528349831757954,0.031446540880503145,0.07462686567164178
Right,random,Ang,RTT,PTT,2,0.05,1,1136,67,114,4,QOTc-Ang-HS4,arc labels,,0.6946092735573768,0.13738019169329074,0.6417910447761194
Right,random,Ang,RTT,PTT,2,0.05,1,1136,67,114,4,QOTc-Ang-HSsrc,arc labels,,0.6782807198804853,0.1305732484076433,0.6119402985074627
Right,random,Ang,RTT,PTT,2,0.05,1,1136,67,114,4,QOTc-Ang-PCA,arc labels,64.0,0.4363542437485165,0.04419889502762431,0.3582089552238806
Right,random,Ang,RTT,PTT,2,0.05,1,1136,67,114,4,SDM-Ang-HS4,arc labels,,0.4379249682364604,0.039603960396039604,0.23880597014925373
Right,random,Ang,RTT,PTT,2,0.05,1,1136,67,114,4,SDM-Ang-HSsrc,arc labels,,0.6117378495734611,0.08422939068100359,0.7014925373134329
Right,random,Ang,RTT,PTT,2,0.05,1,1136,67,114,4,SDM-Ang-PCA,arc labels,64.0,0.4278932745067925,0.043697478991596636,0.3880597014925373
Right,random,Ang,RTT,PTT,2,0.1,1,1136,67,227,9,NoAdapt,nothing,,0.45333901121148235,0.04381443298969072,0.2537313432835821
Right,random,Ang,RTT,PTT,2,0.1,1,1136,67,227,9,TargetOnly,arc labels,,0.45040699216732055,0.046370967741935484,0.34328358208955223
Right,random,Ang,RTT,PTT,2,0.1,1,1136,67,227,9,Source+Target,arc labels,,0.4543163508928696,0.04261363636363636,0.22388059701492538
Right,random,Ang,RTT,PTT,2,0.1,1,1136,67,227,9,COT,arc labels,,0.40570068274157745,0.04433497536945813,0.5373134328358209
Right,random,Ang,RTT,PTT,2,0.1,1,1136,67,227,9,none-Ang-HS4,arc labels,,0.3931907348198205,0.02197802197802198,0.11940298507462686
Right,random,Ang,RTT,PTT,2,0.1,1,1136,67,227,9,none-Ang-HSsrc,nothing,,0.38757801264956787,0.02127659574468085,0.11940298507462686
Right,random,Ang,RTT,PTT,2,0.1,1,1136,67,227,9,none-Ang-PCA,arc segments,16.0,0.38991664688717315,0.0215633423180593,0.11940298507462686
Right,random,Ang,RTT,PTT,2,0.1,1,1136,67,227,9,QOTu-Ang-HS4,arc labels,,0.48635214944919924,0.041237113402061855,0.05970149253731343
Right,random,Ang,RTT,PTT,2,0.1,1,1136,67,227,9,QOTu-Ang-HSsrc,arc segments,,0.4877553299917624,0.0425531914893617,0.05970149253731343
Right,random,Ang,RTT,PTT,2,0.1,1,1136,67,227,9,QOTu-Ang-PCA,arc segments,8.0,0.4643480446225374,0.031055900621118012,0.07462686567164178
Right,random,Ang,RTT,PTT,2,0.1,1,1136,67,227,9,QOTc-Ang-HS4,arc labels,,0.677771107046619,0.12320916905444126,0.6417910447761194
Right,random,Ang,RTT,PTT,2,0.1,1,1136,67,227,9,QOTc-Ang-HSsrc,arc labels,,0.6791952305823549,0.1276595744680851,0.6268656716417911
Right,random,Ang,RTT,PTT,2,0.1,1,1136,67,227,9,QOTc-Ang-PCA,arc labels,64.0,0.4517822487189869,0.014598540145985401,0.029850746268656716
Right,random,Ang,RTT,PTT,2,0.1,1,1136,67,227,9,SDM-Ang-HS4,arc labels,,0.5514639152227636,0.06918238993710692,0.6567164179104478
Right,random,Ang,RTT,PTT,2,0.1,1,1136,67,227,9,SDM-Ang-HSsrc,arc labels,,0.6838096700780476,0.12162162162162163,0.6716417910447762
Right,random,Ang,RTT,PTT,2,0.1,1,1136,67,227,9,SDM-Ang-PCA,arc labels,64.0,0.3861538891138322,0.022727272727272728,0.13432835820895522
Right,random,Ang,RTT,PTT,2,0.2,1,1136,67,454,25,NoAdapt,nothing,,0.45333901121148235,0.04381443298969072,0.2537313432835821
Right,random,Ang,RTT,PTT,2,0.2,1,1136,67,454,25,TargetOnly,arc labels,,0.48769250101224465,0.04827586206896552,0.1044776119402985
Right,random,Ang,RTT,PTT,2,0.2,1,1136,67,454,25,Source+Target,arc labels,,0.4589936193680801,0.043859649122807015,0.22388059701492538
Right,random,Ang,RTT,PTT,2,0.2,1,1136,67,454,25,COT,arc labels,,0.405149183921366,0.04540295119182747,0.5970149253731343
Right,random,Ang,RTT,PTT,2,0.2,1,1136,67,454,25,none-Ang-HS4,arc labels,,0.37212208368820077,0.02112676056338028,0.13432835820895522
Right,random,Ang,RTT,PTT,2,0.2,1,1136,67,454,25,none-Ang-HSsrc,nothing,,0.38757801264956787,0.02127659574468085,0.11940298507462686
Right,random,Ang,RTT,PTT,2,0.2,1,1136,67,454,25,none-Ang-PCA,arc segments,16.0,0.38851346634461,0.0213903743315508,0.11940298507462686
Right,random,Ang,RTT,PTT,2,0.2,1,1136,67,454,25,QOTu-Ang-HS4,arc labels,,0.533913686944138,0.09649122807017543,0.16417910447761194
Right,random,Ang,RTT,PTT,2,0.2,1,1136,67,454,25,QOTu-Ang-HSsrc,arc segments,,0.47701855549195094,0.03,0.04477611940298507
Right,random,Ang,RTT,PTT,2,0.2,1,1136,67,454,25,QOTu-Ang-PCA,arc segments,8.0,0.45920304929980593,0.029069767441860465,0.07462686567164178
Right,random,Ang,RTT,PTT,2,0.2,1,1136,67,454,25,QOTc-Ang-HS4,arc labels,,0.717590718065426,0.18779342723004694,0.5970149253731343
Right,random,Ang,RTT,PTT,2,0.2,1,1136,67,454,25,QOTc-Ang-HSsrc,arc labels,,0.68153386481996,0.12962962962962962,0.6268656716417911
Right,random,Ang,RTT,PTT,2,0.2,1,1136,67,454,25,QOTc-Ang-PCA,arc labels,64.0,0.4746380352680005,0.03597122302158273,0.07462686567164178
Right,random,Ang,RTT,PTT,2,0.2,1,1136,67,454,25,SDM-Ang-HS4,arc labels,,0.7119989388883459,0.1875,0.582089552238806
Right,random,Ang,RTT,PTT,2,0.2,1,1136,67,454,25,SDM-Ang-HSsrc,arc labels,,0.7003267106934923,0.17592592592592593,0.5671641791044776
Right,random,Ang,RTT,PTT,2,0.2,1,1136,67,454,25,SDM-Ang-PCA,arc labels,64.0,0.3492034681596694,0.018947368421052633,0.13432835820895522
Right,random,Ang,RTT,PTT,2,0.3,1,1136,67,682,34,NoAdapt,nothing,,0.45333901121148235,0.04381443298969072,0.2537313432835821
Right,random,Ang,RTT,PTT,2,0.3,1,1136,67,682,34,TargetOnly,arc labels,,0.49749382181701407,0.05673758865248227,0.11940298507462686
Right,random,Ang,RTT,PTT,2,0.3,1,1136,67,682,34,Source+Target,arc labels,,0.4599290730631222,0.04411764705882353,0.22388059701492538
Right,random,Ang,RTT,PTT,2,0.3,1,1136,67,682,34,COT,arc labels,,0.3873755637155662,0.04352557127312296,0.5970149253731343
Right,random,Ang,RTT,PTT,2,0.3,1,1136,67,682,34,none-Ang-HS4,arc labels,,0.38666350194769833,0.019390581717451522,0.1044776119402985
Right,random,Ang,RTT,PTT,2,0.3,1,1136,67,682,34,none-Ang-HSsrc,nothing,,0.38757801264956787,0.02127659574468085,0.11940298507462686
Right,random,Ang,RTT,PTT,2,0.3,1,1136,67,682,34,none-Ang-PCA,arc segments,16.0,0.38898119319213104,0.021447721179624665,0.11940298507462686
Right,random,Ang,RTT,PTT,2,0.3,1,1136,67,682,34,QOTu-Ang-HS4,arc labels,,0.5119933540901666,0.07272727272727272,0.11940298507462686
Right,random,Ang,RTT,PTT,2,0.3,1,1136,67,682,34,QOTu-Ang-HSsrc,arc segments,,0.47234128701674044,0.02727272727272727,0.04477611940298507
Right,random,Ang,RTT,PTT,2,0.3,1,1136,67,682,34,QOTu-Ang-PCA,arc segments,32.0,0.4742121944068246,0.02830188679245283,0.04477611940298507
Right,random,Ang,RTT,PTT,2,0.3,1,1136,67,682,34,QOTc-Ang-HS4,arc labels,,0.7325579771860994,0.22099447513812154,0.5970149253731343
Right,random,Ang,RTT,PTT,2,0.3,1,1136,67,682,34,QOTc-Ang-HSsrc,arc labels,,0.6787275037348338,0.12727272727272726,0.6268656716417911
Right,random,Ang,RTT,PTT,2,0.3,1,1136,67,682,34,QOTc-Ang-PCA,arc labels,64.0,0.4465534814235651,0.027777777777777776,0.08955223880597014
Right,random,Ang,RTT,PTT,2,0.3,1,1136,67,682,34,SDM-Ang-HS4,arc labels,,0.6584407243483239,0.20588235294117646,0.417910447761194
Right,random,Ang,RTT,PTT,2,0.3,1,1136,67,682,34,SDM-Ang-HSsrc,arc labels,,0.7036007986261397,0.18181818181818182,0.5671641791044776
Right,random,Ang,RTT,PTT,2,0.3,1,1136,67,682,34,SDM-Ang-PCA,arc labels,64.0,0.39127794144339106,0.024875621890547265,0.14925373134328357
Right,random,Ang,RTT,PTT,2,0.5,1,1136,67,1112,54,NoAdapt,nothing,,0.45333901121148235,0.04381443298969072,0.2537313432835821
Right,random,Ang,RTT,PTT,2,0.5,1,1136,67,1112,54,TargetOnly,arc labels,,0.4984083325188836,0.057692307692307696,0.13432835820895522
Right,random,Ang,RTT,PTT,2,0.5,1,1136,67,1112,54,Source+Target,arc labels,,0.4632241039889421,0.04430379746835443,0.208955223880597
Right,random,Ang,RTT,PTT,2,0.5,1,1136,67,1112,54,COT,arc labels,,0.40561691076888706,0.045454545454545456,0.5970149253731343
Right,random,Ang,RTT,PTT,2,0.5,1,1136,67,1112,54,none-Ang-HS4,arc labels,,0.37073984613881017,0.019417475728155338,0.11940298507462686
Right,random,Ang,RTT,PTT,2,0.5,1,1136,67,1112,54,none-Ang-HSsrc,nothing,,0.38757801264956787,0.02127659574468085,0.11940298507462686
Right,random,Ang,RTT,PTT,2,0.5,1,1136,67,1112,54,none-Ang-PCA,arc segments,8.0,0.40199377295003,0.029055690072639227,0.1791044776119403
Right,random,Ang,RTT,PTT,2,0.5,1,1136,67,1112,54,QOTu-Ang-HS4,arc labels,,0.48913756754115295,0.046296296296296294,0.07462686567164178
Right,random,Ang,RTT,PTT,2,0.5,1,1136,67,1112,54,QOTu-Ang-HSsrc,arc segments,,0.4718735601692194,0.02702702702702703,0.04477611940298507
Right,random,Ang,RTT,PTT,2,0.5,1,1136,67,1112,54,QOTu-Ang-PCA,arc segments,8.0,0.5114418552699552,0.0670391061452514,0.1791044776119403
Right,random,Ang,RTT,PTT,2,0.5,1,1136,67,1112,54,QOTc-Ang-HS4,arc labels,,0.7232662692151963,0.24666666666666667,0.5522388059701493
Right,random,Ang,RTT,PTT,2,0.5,1,1136,67,1112,54,QOTc-Ang-HSsrc,arc labels,,0.6787275037348338,0.12727272727272726,0.6268656716417911
Right,random,Ang,RTT,PTT,2,0.5,1,1136,67,1112,54,QOTc-Ang-PCA,arc labels,64.0,0.43532803708305995,0.025,0.08955223880597014
Right,random,Ang,RTT,PTT,2,0.5,1,1136,67,1112,54,SDM-Ang-HS4,arc labels,,0.6317593510464515,0.1380952380952381,0.43283582089552236
Right,random,Ang,RTT,PTT,2,0.5,1,1136,67,1112,54,SDM-Ang-HSsrc,arc labels,,0.7031330717786186,0.18095238095238095,0.5671641791044776
Right,random,Ang,RTT,PTT,2,0.5,1,1136,67,1112,54,SDM-Ang-PCA,arc labels,64.0,0.4020147159432026,0.027777777777777776,0.16417910447761194
Right,random,Ang,RTT,PTT,3,0.05,1,1136,53,114,6,NoAdapt,nothing,,0.4510357323298315,0.035634743875278395,0.3018867924528302
Right,random,Ang,RTT,PTT,3,0.05,1,1136,53,114,6,TargetOnly,arc labels,,0.5535723618878378,0.20588235294117646,0.1320754716981132
Right,random,Ang,RTT,PTT,3,0.05,1,1136,53,114,6,Source+Target,arc labels,,0.45796094008606425,0.03686635944700461,0.3018867924528302
Right,random,Ang,RTT,PTT,3,0.05,1,1136,53,114,6,COT,arc labels,,0.5603146396278681,0.08783783783783784,0.24528301886792453
Right,random,Ang,RTT,PTT,3,0.05,1,1136,53,114,6,none-Ang-HS4,arc labels,,0.3783950939911845,0.015306122448979591,0.11320754716981132
Right,random,Ang,RTT,PTT,3,0.05,1,1136,53,114,6,none-Ang-HSsrc,nothing,,0.3832122510845137,0.017369727047146403,0.1320754716981132
Right,random,Ang,RTT,PTT,3,0.05,1,1136,53,114,6,none-Ang-PCA,arc segments,8.0,0.40254185612989773,0.022277227722772276,0.16981132075471697
Right,random,Ang,RTT,PTT,3,0.05,1,1136,53,114,6,QOTu-Ang-HS4,arc labels,,0.4512012404397289,0.01764705882352941,0.05660377358490566
Right,random,Ang,RTT,PTT,3,0.05,1,1136,53,114,6,QOTu-Ang-HSsrc,arc segments,,0.4465844352689071,0.016666666666666666,0.05660377358490566
Right,random,Ang,RTT,PTT,3,0.05,1,1136,53,114,6,QOTu-Ang-PCA,arc segments,16.0,0.46894545201135907,0.026143790849673203,0.07547169811320754
Right,random,Ang,RTT,PTT,3,0.05,1,1136,53,114,6,QOTc-Ang-HS4,arc labels,,0.6895416296451158,0.36065573770491804,0.41509433962264153
Right,random,Ang,RTT,PTT,3,0.05,1,1136,53,114,6,QOTc-Ang-HSsrc,arc labels,,0.6493144479868987,0.1256544502617801,0.4528301886792453
Right,random,Ang,RTT,PTT,3,0.05,1,1136,53,114,6,QOTc-Ang-PCA,arc labels,64.0,0.48424188574713845,0.025974025974025976,0.03773584905660377
Right,random,Ang,RTT,PTT,3,0.05,1,1136,53,114,6,SDM-Ang-HS4,arc labels,,0.5250701231728776,0.3,0.05660377358490566
Right,random,Ang,RTT,PTT,3,0.05,1,1136,53,114,6,SDM-Ang-HSsrc,arc labels,,0.46479032735761944,0.024691358024691357,0.07547169811320754
Right,random,Ang,RTT,PTT,3,0.05,1,1136,53,114,6,SDM-Ang-PCA,arc labels,64.0,0.48958170002961726,0.022727272727272728,0.018867924528301886
Right,random,Ang,RTT,PTT,3,0.1,1,1136,53,227,12,NoAdapt,nothing,,0.4510357323298315,0.035634743875278395,0.3018867924528302
Right,random,Ang,RTT,PTT,3,0.1,1,1136,53,227,12,TargetOnly,arc labels,,0.49993902332793255,0.046511627906976744,0.03773584905660377
Right,random,Ang,RTT,PTT,3,0.1,1,1136,53,227,12,Source+Target,arc labels,,0.433814177947351,0.030805687203791468,0.24528301886792453
Right,random,Ang,RTT,PTT,3,0.1,1,1136,53,227,12,COT,arc labels,,0.39763758950504363,0.03337612323491656,0.49056603773584906
Right,random,Ang,RTT,PTT,3,0.1,1,1136,53,227,12,none-Ang-HS4,arc labels,,0.3631596369274726,0.01411764705882353,0.11320754716981132
Right,random,Ang,RTT,PTT,3,0.1,1,1136,53,227,12,none-Ang-HSsrc,nothing,,0.3832122510845137,0.017369727047146403,0.1320754716981132
Right,random,Ang,RTT,PTT,3,0.1,1,1136,53,227,12,none-Ang-PCA,arc segments,16.0,0.3702851966062126,0.016241299303944315,0.1320754716981132
Right,random,Ang,RTT,PTT,3,0.1,1,1136,53,227,12,QOTu-Ang-HS4,arc labels,,0.4502778794055646,0.01744186046511628,0.05660377358490566
Right,random,Ang,RTT,PTT,3,0.1,1,1136,53,227,12,QOTu-Ang-HSsrc,arc segments,,0.4465844352689071,0.016666666666666666,0.05660377358490566
Right,random,Ang,RTT,PTT,3,0.1,1,1136,53,227,12,QOTu-Ang-PCA,arc segments,64.0,0.4382132092893604,0.02074688796680498,0.09433962264150944
Right,random,Ang,RTT,PTT,3,0.1,1,1136,53,227,12,QOTc-Ang-HS4,arc labels,,0.669689367410582,0.21153846153846154,0.41509433962264153
Right,random,Ang,RTT,PTT,3,0.1,1,1136,53,227,12,QOTc-Ang-HSsrc,arc labels,,0.6325719960278053,0.08945686900958466,0.5283018867924528
Right,random,Ang,RTT,PTT,3,0.1,1,1136,53,227,12,QOTc-Ang-PCA,arc labels,64.0,0.4952612414850433,0.041666666666666664,0.07547169811320754
Right,random,Ang,RTT,PTT,3,0.1,1,1136,53,227,12,SDM-Ang-HS4,arc labels,,0.6298454676910747,0.15079365079365079,0.3584905660377358
Right,random,Ang,RTT,PTT,3,0.1,1,1136,53,227,12,SDM-Ang-HSsrc,arc labels,,0.40938866530775797,0.014184397163120567,0.07547169811320754
Right,random,Ang,RTT,PTT,3,0.1,1,1136,53,227,12,SDM-Ang-PCA,arc labels,64.0,0.44684576386348196,0.012658227848101266,0.03773584905660377
Right,random,Ang,RTT,PTT,3,0.2,1,1136,53,454,23,NoAdapt,nothing,,0.4510357323298315,0.035634743875278395,0.3018867924528302
Right,random,Ang,RTT,PTT,3,0.2,1,1136,53,454,23,TargetOnly,arc labels,,0.5050175090158365,0.0625,0.03773584905660377
Right,random,Ang,RTT,PTT,3,0.2,1,1136,53,454,23,Source+Target,arc labels,,0.4472029129427342,0.03307888040712468,0.24528301886792453
Right,random,Ang,RTT,PTT,3,0.2,1,1136,53,454,23,COT,arc labels,,0.4068102231746198,0.034912718204488775,0.5283018867924528
Right,random,Ang,RTT,PTT,3,0.2,1,1136,53,454,23,none-Ang-HS4,arc labels,,0.37239324726911616,0.014814814814814815,0.11320754716981132
Right,random,Ang,RTT,PTT,3,0.2,1,1136,53,454,23,none-Ang-HSsrc,nothing,,0.3832122510845137,0.017369727047146403,0.1320754716981132
Right,random,Ang,RTT,PTT,3,0.2,1,1136,53,454,23,none-Ang-PCA,arc segments,16.0,0.3774107562849527,0.018306636155606407,0.1509433962264151
Right,random,Ang,RTT,PTT,3,0.2,1,1136,53,454,23,QOTu-Ang-HS4,arc labels,,0.46709872994303037,0.025477707006369428,0.07547169811320754
Right,random,Ang,RTT,PTT,3,0.2,1,1136,53,454,23,QOTu-Ang-HSsrc,arc segments,,0.4581264481959616,0.01935483870967742,0.05660377358490566
Right,random,Ang,RTT,PTT,3,0.2,1,1136,53,454,23,QOTu-Ang-PCA,arc segments,64.0,0.44032125995226395,0.018604651162790697,0.07547169811320754
Right,random,Ang,RTT,PTT,3,0.2,1,1136,53,454,23,QOTc-Ang-HS4,arc labels,,0.6872332270597049,0.3333333333333333,0.41509433962264153
Right,random,Ang,RTT,PTT,3,0.2,1,1136,53,454,23,QOTc-Ang-HSsrc,arc labels,,0.6573633686998032,0.1282051282051282,0.4716981132075472
Right,random,Ang,RTT,PTT,3,0.2,1,1136,53,454,23,QOTc-Ang-PCA,arc labels,64.0,0.4883970104008781,0.029411764705882353,0.03773584905660377
Right,random,Ang,RTT,PTT,3,0.2,1,1136,53,454,23,SDM-Ang-HS4,arc labels,,0.6593930207843343,0.3064516129032258,0.3584905660377358
Right,random,Ang,RTT,PTT,3,0.2,1,1136,53,454,23,SDM-Ang-HSsrc,arc labels,,0.4822732103346748,0.03592814371257485,0.11320754716981132
Right,random,Ang,RTT,PTT,3,0.2,1,1136,53,454,23,SDM-Ang-PCA,arc labels,64.0,0.44064356521890624,0.006666666666666667,0.018867924528301886
Right,random,Ang,RTT,PTT,3,0.3,1,1136,53,682,37,NoAdapt,nothing,,0.4510357323298315,0.035634743875278395,0.3018867924528302
Right,random,Ang,RTT,PTT,3,0.3,1,1136,53,682,37,TargetOnly,arc labels,,0.5298263035941393,0.09375,0.11320754716981132
Right,random,Ang,RTT,PTT,3,0.3,1,1136,53,682,37,Source+Target,arc labels,,0.44140141814317324,0.03278688524590164,0.2641509433962264
Right,random,Ang,RTT,PTT,3,0.3,1,1136,53,682,37,COT,arc labels,,0.38934476210386937,0.03484688489968321,0.6226415094339622
Right,random,Ang,RTT,PTT,3,0.3,1,1136,53,682,37,none-Ang-HS4,arc labels,,0.3742399693374449,0.014962593516209476,0.11320754716981132
Right,random,Ang,RTT,PTT,3,0.3,1,1136,53,682,37,none-Ang-HSsrc,nothing,,0.3832122510845137,0.017369727047146403,0.1320754716981132
Right,random,Ang,RTT,PTT,3,0.3,1,1136,53,682,37,none-Ang-PCA,arc segments,8.0,0.3976637223645011,0.022935779816513763,0.18867924528301888
Right,random,Ang,RTT,PTT,3,0.3,1,1136,53,682,37,QOTu-Ang-HS4,arc labels,,0.46756041046011254,0.02564102564102564,0.07547169811320754
Right,random,Ang,RTT,PTT,3,0.3,1,1136,53,682,37,QOTu-Ang-HSsrc,arc segments,,0.4595114897472081,0.019736842105263157,0.05660377358490566
Right,random,Ang,RTT,PTT,3,0.3,1,1136,53,682,37,QOTu-Ang-PCA,arc segments,32.0,0.44150594958100314,0.015706806282722512,0.05660377358490566
Right,random,Ang,RTT,PTT,3,0.3,1,1136,53,682,37,QOTc-Ang-HS4,arc labels,,0.6832784543284727,0.23958333333333334,0.4339622641509434
Right,random,Ang,RTT,PTT,3,0.3,1,1136,53,682,37,QOTc-Ang-HSsrc,arc labels,,0.6348803986132163,0.09090909090909091,0.5283018867924528
Right,random,Ang,RTT,PTT,3,0.3,1,1136,53,682,37,QOTc-Ang-PCA,arc labels,64.0,0.5134061569016882,0.05785123966942149,0.1320754716981132
Right,random,Ang,RTT,PTT,3,0.3,1,1136,53,682,37,SDM-Ang-HS4,arc labels,,0.7016846983396923,0.25252525252525254,0.4716981132075472
Right,random,Ang,RTT,PTT,3,0.3,1,1136,53,682,37,SDM-Ang-HSsrc,arc labels,,0.6744455478318437,0.15822784810126583,0.4716981132075472
Right,random,Ang,RTT,PTT,3,0.3,1,1136,53,682,37,SDM-Ang-PCA,arc labels,64.0,0.6323542221989931,0.14084507042253522,0.37735849056603776
Right,random,Ang,RTT,PTT,3,0.5,1,1136,53,1112,68,NoAdapt,nothing,,0.4510357323298315,0.035634743875278395,0.3018867924528302
Right,random,Ang,RTT,PTT,3,0.5,1,1136,53,1112,68,TargetOnly,arc labels,,0.6211954912106483,0.2542372881355932,0.2830188679245283
Right,random,Ang,RTT,PTT,3,0.5,1,1136,53,1112,68,Source+Target,arc labels,,0.49662015017683236,0.045871559633027525,0.37735849056603776
Right,random,Ang,RTT,PTT,3,0.5,1,1136,53,1112,68,COT,arc labels,,0.44497290893569574,0.03564356435643564,0.33962264150943394
Right,random,Ang,RTT,PTT,3,0.5,1,1136,53,1112,68,none-Ang-HS4,arc labels,,0.37100820571786963,0.014705882352941176,0.11320754716981132
Right,random,Ang,RTT,PTT,3,0.5,1,1136,53,1112,68,none-Ang-HSsrc,nothing,,0.3832122510845137,0.017369727047146403,0.1320754716981132
Right,random,Ang,RTT,PTT,3,0.5,1,1136,53,1112,68,none-Ang-PCA,arc segments,16.0,0.35775884597292634,0.017964071856287425,0.16981132075471697
Right,random,Ang,RTT,PTT,3,0.5,1,1136,53,1112,68,QOTu-Ang-HS4,arc labels,,0.4684837714942769,0.025974025974025976,0.07547169811320754
Right,random,Ang,RTT,PTT,3,0.5,1,1136,53,1112,68,QOTu-Ang-HSsrc,arc segments,,0.4595114897472081,0.019736842105263157,0.05660377358490566
Right,random,Ang,RTT,PTT,3,0.5,1,1136,53,1112,68,QOTu-Ang-PCA,arc segments,16.0,0.46195926758305894,0.02843601895734597,0.11320754716981132
Right,random,Ang,RTT,PTT,3,0.5,1,1136,53,1112,68,QOTc-Ang-HS4,arc labels,,0.6921287827314064,0.15217391304347827,0.5283018867924528
Right,random,Ang,RTT,PTT,3,0.5,1,1136,53,1112,68,QOTc-Ang-HSsrc,arc labels,,0.633957037579052,0.09032258064516129,0.5283018867924528
Right,random,Ang,RTT,PTT,3,0.5,1,1136,53,1112,68,QOTc-Ang-PCA,arc labels,64.0,0.6245230753149009,0.08737864077669903,0.5094339622641509
Right,random,Ang,RTT,PTT,3,0.5,1,1136,53,1112,68,SDM-Ang-HS4,arc labels,,0.6947594905834596,0.21929824561403508,0.4716981132075472
Right,random,Ang,RTT,PTT,3,0.5,1,1136,53,1112,68,SDM-Ang-HSsrc,arc labels,,0.6599330998797889,0.14285714285714285,0.4528301886792453
Right,random,Ang,RTT,PTT,3,0.5,1,1136,53,1112,68,SDM-Ang-PCA,arc labels,64.0,0.6240439728915138,0.125,0.37735849056603776
Right,random,Ang,RTT,PTT,4,0.05,1,1136,51,114,7,NoAdapt,nothing,,0.4192825517303696,0.028747433264887063,0.27450980392156865
Right,random,Ang,RTT,PTT,4,0.05,1,1136,51,114,7,TargetOnly,arc labels,,0.6667931688804554,0.46153846153846156,0.35294117647058826
Right,random,Ang,RTT,PTT,4,0.05,1,1136,51,114,7,Source+Target,arc labels,,0.4796150718351857,0.041015625,0.4117647058823529
Right,random,Ang,RTT,PTT,4,0.05,1,1136,51,114,7,COT,arc labels,,0.6566549200325291,0.29508196721311475,0.35294117647058826
Right,random,Ang,RTT,PTT,4,0.05,1,1136,51,114,7,none-Ang-HS4,arc labels,,0.365528146742568,0.01702127659574468,0.1568627450980392
Right,random,Ang,RTT,PTT,4,0.05,1,1136,51,114,7,none-Ang-HSsrc,nothing,,0.3698834372458661,0.014423076923076924,0.11764705882352941
Right,random,Ang,RTT,PTT,4,0.05,1,1136,51,114,7,none-Ang-PCA,arc segments,16.0,0.3426944971537002,0.01263157894736842,0.11764705882352941
Right,random,Ang,RTT,PTT,4,0.05,1,1136,51,114,7,QOTu-Ang-HS4,arc labels,,0.45463088461190926,0.013986013986013986,0.0392156862745098
Right,random,Ang,RTT,PTT,4,0.05,1,1136,51,114,7,QOTu-Ang-HSsrc,arc segments,,0.45647420258425947,0.014388489208633094,0.0392156862745098
Right,random,Ang,RTT,PTT,4,0.05,1,1136,51,114,7,QOTu-Ang-PCA,arc segments,8.0,0.41156591668925635,0.014234875444839857,0.0784313725490196
Right,random,Ang,RTT,PTT,4,0.05,1,1136,51,114,7,QOTc-Ang-HS4,arc labels,,0.692644799855426,0.3055555555555556,0.43137254901960786
Right,random,Ang,RTT,PTT,4,0.05,1,1136,51,114,7,QOTc-Ang-HSsrc,arc labels,,0.6568266016083852,0.13372093023255813,0.45098039215686275
Right,random,Ang,RTT,PTT,4,0.05,1,1136,51,114,7,QOTc-Ang-PCA,arc labels,64.0,0.690467154603777,0.23232323232323232,0.45098039215686275
Right,random,Ang,RTT,PTT,4,0.05,1,1136,51,114,7,SDM-Ang-HS4,arc labels,,0.646724496250113,0.42105263157894735,0.3137254901960784
Right,random,Ang,RTT,PTT,4,0.05,1,1136,51,114,7,SDM-Ang-HSsrc,arc labels,,0.6734164633595374,0.16911764705882354,0.45098039215686275
Right,random,Ang,RTT,PTT,4,0.05,1,1136,51,114,7,SDM-Ang-PCA,arc labels,64.0,0.6706063070389446,0.3584905660377358,0.37254901960784315
Right,random,Ang,RTT,PTT,4,0.1,1,1136,51,227,15,NoAdapt,nothing,,0.4192825517303696,0.028747433264887063,0.27450980392156865
Right,random,Ang,RTT,PTT,4,0.1,1,1136,51,227,15,TargetOnly,arc labels,,0.6794885696213969,0.35714285714285715,0.39215686274509803
Right,random,Ang,RTT,PTT,4,0.1,1,1136,51,227,15,Source+Target,arc labels,,0.48099756031444835,0.0412573673870334,0.4117647058823529
Right,random,Ang,RTT,PTT,4,0.1,1,1136,51,227,15,COT,arc labels,,0.6730821360802386,0.1509433962264151,0.47058823529411764
Right,random,Ang,RTT,PTT,4,0.1,1,1136,51,227,15,none-Ang-HS4,arc labels,,0.338881358995211,0.010845986984815618,0.09803921568627451
Right,random,Ang,RTT,PTT,4,0.1,1,1136,51,227,15,none-Ang-HSsrc,nothing,,0.3698834372458661,0.014423076923076924,0.11764705882352941
Right,random,Ang,RTT,PTT,4,0.1,1,1136,51,227,15,none-Ang-PCA,arc segments,16.0,0.3426944971537002,0.01263157894736842,0.11764705882352941
Right,random,Ang,RTT,PTT,4,0.1,1,1136,51,227,15,QOTu-Ang-HS4,arc labels,,0.4555525435980844,0.014184397163120567,0.0392156862745098
Right,random,Ang,RTT,PTT,4,0.1,1,1136,51,227,15,QOTu-Ang-HSsrc,arc segments,,0.45647420258425947,0.014388489208633094,0.0392156862745098
Right,random,Ang,RTT,PTT,4,0.1,1,1136,51,227,15,QOTu-Ang-PCA,arc segments,8.0,0.4064967922652932,0.0136986301369863,0.0784313725490196
Right,random,Ang,RTT,PTT,4,0.1,1,1136,51,227,15,QOTc-Ang-HS4,arc labels,,0.7074365229962953,0.20155038759689922,0.5098039215686274
Right,random,Ang,RTT,PTT,4,0.1,1,1136,51,227,15,QOTc-Ang-HSsrc,arc labels,,0.6429203939640372,0.09665427509293681,0.5098039215686274
Right,random,Ang,RTT,PTT,4,0.1,1,1136,51,227,15,QOTc-Ang-PCA,arc labels,64.0,0.6489925002258968,0.12169312169312169,0.45098039215686275
Right,random,Ang,RTT,PTT,4,0.1,1,1136,51,227,15,SDM-Ang-HS4,arc labels,,0.6521731273154423,0.20430107526881722,0.37254901960784315
Right,random,Ang,RTT,PTT,4,0.1,1,1136,51,227,15,SDM-Ang-HSsrc,arc labels,,0.6641998734977862,0.14743589743589744,0.45098039215686275
Right,random,Ang,RTT,PTT,4,0.1,1,1136,51,227,15,SDM-Ang-PCA,arc labels,64.0,0.6830938827143761,0.2,0.45098039215686275
Right,random,Ang,RTT,PTT,4,0.2,1,1136,51,454,29,NoAdapt,nothing,,0.4192825517303696,0.028747433264887063,0.27450980392156865
Right,random,Ang,RTT,PTT,4,0.2,1,1136,51,454,29,TargetOnly,arc labels,,0.6318514502575223,0.3125,0.29411764705882354
Right,random,Ang,RTT,PTT,4,0.2,1,1136,51,454,29,Source+Target,arc labels,,0.4150085840787928,0.027426160337552744,0.2549019607843137
Right,random,Ang,RTT,PTT,4,0.2,1,1136,51,454,29,COT,arc labels,,0.5617330803289058,0.056640625,0.5686274509803921
Right,random,Ang,RTT,PTT,4,0.2,1,1136,51,454,29,none-Ang-HS4,arc labels,,0.38442215595915785,0.018648018648018648,0.1568627450980392
Right,random,Ang,RTT,PTT,4,0.2,1,1136,51,454,29,none-Ang-HSsrc,nothing,,0.3698834372458661,0.014423076923076924,0.11764705882352941
Right,random,Ang,RTT,PTT,4,0.2,1,1136,51,454,29,none-Ang-PCA,arc segments,16.0,0.34039034968826243,0.0125,0.11764705882352941
Right,random,Ang,RTT,PTT,4,0.2,1,1136,51,454,29,QOTu-Ang-HS4,arc labels,,0.4573958615704346,0.014598540145985401,0.0392156862745098
Right,random,Ang,RTT,PTT,4,0.2,1,1136,51,454,29,QOTu-Ang-HSsrc,arc segments,,0.45647420258425947,0.014388489208633094,0.0392156862745098
Right,random,Ang,RTT,PTT,4,0.2,1,1136,51,454,29,QOTu-Ang-PCA,arc segments,16.0,0.4587783500496973,0.014925373134328358,0.0392156862745098
Right,random,Ang,RTT,PTT,4,0.2,1,1136,51,454,29,QOTc-Ang-HS4,arc labels,,0.7078973524893828,0.203125,0.5098039215686274
Right,random,Ang,RTT,PTT,4,0.2,1,1136,51,454,29,QOTc-Ang-HSsrc,arc labels,,0.636929610553899,0.09219858156028368,0.5098039215686274
Right,random,Ang,RTT,PTT,4,0.2,1,1136,51,454,29,QOTc-Ang-PCA,arc labels,64.0,0.6210897262130659,0.1024390243902439,0.4117647058823529
Right,random,Ang,RTT,PTT,4,0.2,1,1136,51,454,29,SDM-Ang-HS4,arc labels,,0.6546037769946689,0.18181818181818182,0.39215686274509803
Right,random,Ang,RTT,PTT,4,0.2,1,1136,51,454,29,SDM-Ang-HSsrc,arc labels,,0.46330532212885156,0.02617801047120419,0.09803921568627451
Right,random,Ang,RTT,PTT,4,0.2,1,1136,51,454,29,SDM-Ang-PCA,arc labels,64.0,0.652299629529231,0.17391304347826086,0.39215686274509803
Right,random,Ang,RTT,PTT,4,0.3,1,1136,51,682,41,NoAdapt,nothing,,0.4192825517303696,0.028747433264887063,0.27450980392156865
Right,random,Ang,RTT,PTT,4,0.3,1,1136,51,682,41,TargetOnly,arc labels,,0.5374988705159484,0.16666666666666666,0.09803921568627451
Right,random,Ang,RTT,PTT,4,0.3,1,1136,51,682,41,Source+Target,arc labels,,0.43298093430920753,0.029885057471264367,0.2549019607843137
Right,random,Ang,RTT,PTT,4,0.3,1,1136,51,682,41,COT,arc labels,,0.4609288876841059,0.03740157480314961,0.37254901960784315
Right,random,Ang,RTT,PTT,4,0.3,1,1136,51,682,41,none-Ang-HS4,arc labels,,0.36276316978404266,0.01680672268907563,0.1568627450980392
Right,random,Ang,RTT,PTT,4,0.3,1,1136,51,682,41,none-Ang-HSsrc,nothing,,0.3698834372458661,0.014423076923076924,0.11764705882352941
Right,random,Ang,RTT,PTT,4,0.3,1,1136,51,682,41,none-Ang-PCA,arc segments,32.0,0.33322490286437156,0.008869179600886918,0.0784313725490196
Right,random,Ang,RTT,PTT,4,0.3,1,1136,51,682,41,QOTu-Ang-HS4,arc labels,,0.45647420258425947,0.014388489208633094,0.0392156862745098
Right,random,Ang,RTT,PTT,4,0.3,1,1136,51,682,41,QOTu-Ang-HSsrc,arc segments,,0.45647420258425947,0.014388489208633094,0.0392156862745098
Right,random,Ang,RTT,PTT,4,0.3,1,1136,51,682,41,QOTu-Ang-PCA,arc segments,16.0,0.4624649859943977,0.015873015873015872,0.0392156862745098
Right,random,Ang,RTT,PTT,4,0.3,1,1136,51,682,41,QOTc-Ang-HS4,arc labels,,0.7032890575585072,0.18840579710144928,0.5098039215686274
Right,random,Ang,RTT,PTT,4,0.3,1,1136,51,682,41,QOTc-Ang-HSsrc,arc labels,,0.6429203939640372,0.09665427509293681,0.5098039215686274
Right,random,Ang,RTT,PTT,4,0.3,1,1136,51,682,41,QOTc-Ang-PCA,arc labels,64.0,0.5553176109153339,0.05945945945945946,0.43137254901960786
Right,random,Ang,RTT,PTT,4,0.3,1,1136,51,682,41,SDM-Ang-HS4,arc labels,,0.6424957079606036,0.16666666666666666,0.37254901960784315
Right,random,Ang,RTT,PTT,4,0.3,1,1136,51,682,41,SDM-Ang-HSsrc,arc labels,,0.6641998734977862,0.14743589743589744,0.45098039215686275
Right,random,Ang,RTT,PTT,4,0.3,1,1136,51,682,41,SDM-Ang-PCA,arc labels,32.0,0.6621035510978586,0.1810344827586207,0.4117647058823529
Right,random,Ang,RTT,PTT,4,0.5,1,1136,51,1114,69,NoAdapt,nothing,,0.4192825517303696,0.028747433264887063,0.27450980392156865
Right,random,Ang,RTT,PTT,4,0.5,1,1136,51,1114,69,TargetOnly,arc labels,,0.6742929429836451,0.4222222222222222,0.37254901960784315
Right,random,Ang,RTT,PTT,4,0.5,1,1136,51,1114,69,Source+Target,arc labels,,0.5946597994036324,0.06818181818181818,0.5294117647058824
Right,random,Ang,RTT,PTT,4,0.5,1,1136,51,1114,69,COT,arc labels,,0.6690611728562392,0.13157894736842105,0.49019607843137253
Right,random,Ang,RTT,PTT,4,0.5,1,1136,51,1114,69,none-Ang-HS4,arc labels,,0.38672630342459563,0.018867924528301886,0.1568627450980392
Right,random,Ang,RTT,PTT,4,0.5,1,1136,51,1114,69,none-Ang-HSsrc,nothing,,0.3698834372458661,0.014423076923076924,0.11764705882352941
Right,random,Ang,RTT,PTT,4,0.5,1,1136,51,1114,69,none-Ang-PCA,arc segments,16.0,0.33808620222282465,0.012371134020618556,0.11764705882352941
Right,random,Ang,RTT,PTT,4,0.5,1,1136,51,1114,69,QOTu-Ang-HS4,arc labels,,0.45693503207734704,0.014492753623188406,0.0392156862745098
Right,random,Ang,RTT,PTT,4,0.5,1,1136,51,1114,69,QOTu-Ang-HSsrc,arc segments,,0.45647420258425947,0.014388489208633094,0.0392156862745098
Right,random,Ang,RTT,PTT,4,0.5,1,1136,51,1114,69,QOTu-Ang-PCA,arc segments,16.0,0.44034517032619497,0.011494252873563218,0.0392156862745098
Right,random,Ang,RTT,PTT,4,0.5,1,1136,51,1114,69,QOTc-Ang-HS4,arc labels,,0.6594650763531219,0.1527777777777778,0.43137254901960786
Right,random,Ang,RTT,PTT,4,0.5,1,1136,51,1114,69,QOTc-Ang-HSsrc,arc labels,,0.6378512695400741,0.09285714285714286,0.5098039215686274
Right,random,Ang,RTT,PTT,4,0.5,1,1136,51,1114,69,QOTc-Ang-PCA,arc labels,64.0,0.5364687810608114,0.052,0.5098039215686274
Right,random,Ang,RTT,PTT,4,0.5,1,1136,51,1114,69,SDM-Ang-HS4,arc labels,,0.650329809343092,0.1958762886597938,0.37254901960784315
Right,random,Ang,RTT,PTT,4,0.5,1,1136,51,1114,69,SDM-Ang-HSsrc,arc labels,,0.6646607029908738,0.14838709677419354,0.45098039215686275
Right,random,Ang,RTT,PTT,4,0.5,1,1136,51,1114,69,SDM-Ang-PCA,arc labels,64.0,0.6636577211529773,0.11607142857142858,0.5098039215686274
Right,random,Ang,RTT,PTT,5,0.05,1,1136,19,114,14,NoAdapt,nothing,,0.3854780191301889,0.00808080808080808,0.21052631578947367
Right,random,Ang,RTT,PTT,5,0.05,1,1136,19,114,14,TargetOnly,arc labels,,0.4816472694717995,0.0,0.0
Right,random,Ang,RTT,PTT,5,0.05,1,1136,19,114,14,Source+Target,arc labels,,0.3944305706073599,0.008421052631578947,0.21052631578947367
Right,random,Ang,RTT,PTT,5,0.05,1,1136,19,114,14,COT,arc labels,,0.4268953493851011,0.013398294762484775,0.5789473684210527
Right,random,Ang,RTT,PTT,5,0.05,1,1136,19,114,14,none-Ang-HS4,arc labels,,0.43452857748668894,0.011881188118811881,0.3157894736842105
Right,random,Ang,RTT,PTT,5,0.05,1,1136,19,114,14,none-Ang-HSsrc,nothing,,0.38378174621872496,0.00683371298405467,0.15789473684210525
Right,random,Ang,RTT,PTT,5,0.05,1,1136,19,114,14,none-Ang-PCA,arc segments,16.0,0.3434952645714555,0.005671077504725898,0.15789473684210525
Right,random,Ang,RTT,PTT,5,0.05,1,1136,19,114,14,QOTu-Ang-HS4,arc labels,,0.4650850492390331,0.0,0.0
Right,random,Ang,RTT,PTT,5,0.05,1,1136,19,114,14,QOTu-Ang-HSsrc,arc segments,,0.4467323187108326,0.0,0.0
Right,random,Ang,RTT,PTT,5,0.05,1,1136,19,114,14,QOTu-Ang-PCA,arc segments,8.0,0.35631154879140553,0.0,0.0
Right,random,Ang,RTT,PTT,5,0.05,1,1136,19,114,14,QOTc-Ang-HS4,arc labels,,0.48225981246760585,0.0136986301369863,0.15789473684210525
Right,random,Ang,RTT,PTT,5,0.05,1,1136,19,114,14,QOTc-Ang-HSsrc,arc labels,,0.42032229185317815,0.0,0.0
Right,random,Ang,RTT,PTT,5,0.05,1,1136,19,114,14,QOTc-Ang-PCA,arc labels,16.0,0.3256608396550912,0.008663366336633664,0.3684210526315789
Right,random,Ang,RTT,PTT,5,0.05,1,1136,19,114,14,SDM-Ang-HS4,arc labels,,0.4441879093436366,0.013266998341625208,0.42105263157894735
Right,random,Ang,RTT,PTT,5,0.05,1,1136,19,114,14,SDM-Ang-HSsrc,arc labels,,0.42076991942703673,0.0,0.0
Right,random,Ang,RTT,PTT,5,0.05,1,1136,19,114,14,SDM-Ang-PCA,arc labels,64.0,0.38126089619752157,0.009615384615384616,0.3157894736842105
Right,random,Ang,RTT,PTT,5,0.1,1,1136,19,227,26,NoAdapt,nothing,,0.3854780191301889,0.00808080808080808,0.21052631578947367
Right,random,Ang,RTT,PTT,5,0.1,1,1136,19,227,26,TargetOnly,arc labels,,0.4583706356311549,0.0,0.0
Right,random,Ang,RTT,PTT,5,0.1,1,1136,19,227,26,Source+Target,arc labels,,0.30160674739669224,0.0019880715705765406,0.05263157894736842
Right,random,Ang,RTT,PTT,5,0.1,1,1136,19,227,26,COT,arc labels,,0.509635772510955,0.017632241813602016,0.3684210526315789
Right,random,Ang,RTT,PTT,5,0.1,1,1136,19,227,26,none-Ang-HS4,arc labels,,0.3631908778212317,0.006185567010309278,0.15789473684210525
Right,random,Ang,RTT,PTT,5,0.1,1,1136,19,227,26,none-Ang-HSsrc,nothing,,0.38378174621872496,0.00683371298405467,0.15789473684210525
Right,random,Ang,RTT,PTT,5,0.1,1,1136,19,227,26,none-Ang-PCA,arc segments,16.0,0.3434952645714555,0.005671077504725898,0.15789473684210525
Right,random,Ang,RTT,PTT,5,0.1,1,1136,19,227,26,QOTu-Ang-HS4,arc labels,,0.44717994628469115,0.0,0.0
Right,random,Ang,RTT,PTT,5,0.1,1,1136,19,227,26,QOTu-Ang-HSsrc,arc segments,,0.4386750223813787,0.0,0.0
Right,random,Ang,RTT,PTT,5,0.1,1,1136,19,227,26,QOTu-Ang-PCA,arc segments,16.0,0.44270367054610565,0.0,0.0
Right,random,Ang,RTT,PTT,5,0.1,1,1136,19,227,26,QOTc-Ang-HS4,arc labels,,0.4538943598925694,0.0,0.0
Right,random,Ang,RTT,PTT,5,0.1,1,1136,19,227,26,QOTc-Ang-HSsrc,arc labels,,0.41271262309758283,0.0,0.0
Right,random,Ang,RTT,PTT,5,0.1,1,1136,19,227,26,QOTc-Ang-PCA,arc labels,64.0,0.5154549309711163,0.018229166666666668,0.3684210526315789
Right,random,Ang,RTT,PTT,5,0.1,1,1136,19,227,26,SDM-Ang-HS4,arc labels,,0.4941808415398389,0.0,0.0
Right,random,Ang,RTT,PTT,5,0.1,1,1136,19,227,26,SDM-Ang-HSsrc,arc labels,,0.42121754700089525,0.0,0.0
Right,random,Ang,RTT,PTT,5,0.1,1,1136,19,227,26,SDM-Ang-PCA,arc labels,64.0,0.488715073269566,0.011764705882352941,0.05263157894736842
Right,random,Ang,RTT,PTT,5,0.2,1,1136,19,454,47,NoAdapt,nothing,,0.3854780191301889,0.00808080808080808,0.21052631578947367
Right,random,Ang,RTT,PTT,5,0.2,1,1136,19,454,47,TargetOnly,arc labels,,0.495076096687556,0.0,0.0
Right,random,Ang,RTT,PTT,5,0.2,1,1136,19,454,47,Source+Target,arc labels,,0.33070253969749797,0.00228310502283105,0.05263157894736842
Right,random,Ang,RTT,PTT,5,0.2,1,1136,19,454,47,COT,arc labels,,0.4909532111388588,0.0125,0.05263157894736842
Right,random,Ang,RTT,PTT,5,0.2,1,1136,19,454,47,none-Ang-HS4,arc labels,,0.43631908778212314,0.011976047904191617,0.3157894736842105
Right,random,Ang,RTT,PTT,5,0.2,1,1136,19,454,47,none-Ang-HSsrc,nothing,,0.38378174621872496,0.00683371298405467,0.15789473684210525
Right,random,Ang,RTT,PTT,5,0.2,1,1136,19,454,47,none-Ang-PCA,arc segments,16.0,0.34215238184987984,0.005639097744360902,0.15789473684210525
Right,random,Ang,RTT,PTT,5,0.2,1,1136,19,454,47,QOTu-Ang-HS4,arc labels,,0.44717994628469115,0.0,0.0
Right,random,Ang,RTT,PTT,5,0.2,1,1136,19,454,47,QOTu-Ang-HSsrc,arc segments,,0.4404655326768129,0.0,0.0
Right,random,Ang,RTT,PTT,5,0.2,1,1136,19,454,47,QOTu-Ang-PCA,arc segments,8.0,0.38540734109221125,0.0,0.0
Right,random,Ang,RTT,PTT,5,0.2,1,1136,19,454,47,QOTc-Ang-HS4,arc labels,,0.4815530320878293,0.009900990099009901,0.05263157894736842
Right,random,Ang,RTT,PTT,5,0.2,1,1136,19,454,47,QOTc-Ang-HSsrc,arc labels,,0.4533524949347406,0.006097560975609756,0.05263157894736842
Right,random,Ang,RTT,PTT,5,0.2,1,1136,19,454,47,QOTc-Ang-PCA,arc labels,64.0,0.37680817980492864,0.0029850746268656717,0.05263157894736842
Right,random,Ang,RTT,PTT,5,0.2,1,1136,19,454,47,SDM-Ang-HS4,arc labels,,0.5115440795363521,0.029411764705882353,0.05263157894736842
Right,random,Ang,RTT,PTT,5,0.2,1,1136,19,454,47,SDM-Ang-HSsrc,arc labels,,0.4628469113697404,0.0,0.0
Right,random,Ang,RTT,PTT,5,0.2,1,1136,19,454,47,SDM-Ang-PCA,arc labels,64.0,0.4636479291334873,0.0070921985815602835,0.05263157894736842
Right,random,Ang,RTT,PTT,5,0.3,1,1136,19,682,62,NoAdapt,nothing,,0.3854780191301889,0.00808080808080808,0.21052631578947367
Right,random,Ang,RTT,PTT,5,0.3,1,1136,19,682,62,TargetOnly,arc labels,,0.4968666069829902,0.0,0.0
Right,random,Ang,RTT,PTT,5,0.3,1,1136,19,682,62,Source+Target,arc labels,,0.395961928096876,0.005681818181818182,0.10526315789473684
Right,random,Ang,RTT,PTT,5,0.3,1,1136,19,682,62,COT,arc labels,,0.4825425246195166,0.0,0.0
Right,random,Ang,RTT,PTT,5,0.3,1,1136,19,682,62,none-Ang-HS4,arc labels,,0.3520001884747679,0.0058823529411764705,0.15789473684210525
Right,random,Ang,RTT,PTT,5,0.3,1,1136,19,682,62,none-Ang-HSsrc,nothing,,0.38378174621872496,0.00683371298405467,0.15789473684210525
Right,random,Ang,RTT,PTT,5,0.3,1,1136,19,682,62,none-Ang-PCA,arc segments,8.0,0.2855863921217547,0.0,0.0
Right,random,Ang,RTT,PTT,5,0.3,1,1136,19,682,62,QOTu-Ang-HS4,arc labels,,0.44807520143240825,0.0,0.0
Right,random,Ang,RTT,PTT,5,0.3,1,1136,19,682,62,QOTu-Ang-HSsrc,arc segments,,0.4467323187108326,0.0,0.0
Right,random,Ang,RTT,PTT,5,0.3,1,1136,19,682,62,QOTu-Ang-PCA,arc segments,8.0,0.39570277529095793,0.0,0.0
Right,random,Ang,RTT,PTT,5,0.3,1,1136,19,682,62,QOTc-Ang-HS4,arc labels,,0.48961032841728314,0.012048192771084338,0.05263157894736842
Right,random,Ang,RTT,PTT,5,0.3,1,1136,19,682,62,QOTc-Ang-HSsrc,arc labels,,0.48002167459831313,0.013392857142857142,0.15789473684210525
Right,random,Ang,RTT,PTT,5,0.3,1,1136,19,682,62,QOTc-Ang-PCA,arc labels,64.0,0.49691372567497527,0.01651376146788991,0.47368421052631576
Right,random,Ang,RTT,PTT,5,0.3,1,1136,19,682,62,SDM-Ang-HS4,arc labels,,0.5133345898317863,0.03333333333333333,0.05263157894736842
Right,random,Ang,RTT,PTT,5,0.3,1,1136,19,682,62,SDM-Ang-HSsrc,arc labels,,0.5037459360128163,0.017543859649122806,0.15789473684210525
Right,random,Ang,RTT,PTT,5,0.3,1,1136,19,682,62,SDM-Ang-PCA,arc labels,64.0,0.48602930782641474,0.01098901098901099,0.05263157894736842
Right,random,Ang,RTT,PTT,5,0.5,1,1136,19,1112,99,NoAdapt,nothing,,0.3854780191301889,0.00808080808080808,0.21052631578947367
Right,random,Ang,RTT,PTT,5,0.5,1,1136,19,1112,99,TargetOnly,arc labels,,0.4968666069829902,0.0,0.0
Right,random,Ang,RTT,PTT,5,0.5,1,1136,19,1112,99,Source+Target,arc labels,,0.4170946614521981,0.004081632653061225,0.05263157894736842
Right,random,Ang,RTT,PTT,5,0.5,1,1136,19,1112,99,COT,arc labels,,0.482094897045658,0.0,0.0
Right,random,Ang,RTT,PTT,5,0.5,1,1136,19,1112,99,none-Ang-HS4,arc labels,,0.43900485322527444,0.012121212121212121,0.3157894736842105
Right,random,Ang,RTT,PTT,5,0.5,1,1136,19,1112,99,none-Ang-HSsrc,nothing,,0.38378174621872496,0.00683371298405467,0.15789473684210525
Right,random,Ang,RTT,PTT,5,0.5,1,1136,19,1112,99,none-Ang-PCA,arc segments,16.0,0.3399142439805871,0.00558659217877095,0.15789473684210525
Right,random,Ang,RTT,PTT,5,0.5,1,1136,19,1112,99,QOTu-Ang-HS4,arc labels,,0.45523724261414505,0.0,0.0
Right,random,Ang,RTT,PTT,5,0.5,1,1136,19,1112,99,QOTu-Ang-HSsrc,arc segments,,0.4467323187108326,0.0,0.0
Right,random,Ang,RTT,PTT,5,0.5,1,1136,19,1112,99,QOTu-Ang-PCA,arc segments,32.0,0.4574753804834378,0.0,0.0
Right,random,Ang,RTT,PTT,5,0.5,1,1136,19,1112,99,QOTc-Ang-HS4,arc labels,,0.48826744569570746,0.011627906976744186,0.05263157894736842
Right,random,Ang,RTT,PTT,5,0.5,1,1136,19,1112,99,QOTc-Ang-HSsrc,arc labels,,0.45559063280403334,0.006289308176100629,0.05263157894736842
Right,random,Ang,RTT,PTT,5,0.5,1,1136,19,1112,99,QOTc-Ang-PCA,arc labels,64.0,0.3796588606700278,0.007874015748031496,0.21052631578947367
Right,random,Ang,RTT,PTT,5,0.5,1,1136,19,1112,99,SDM-Ang-HS4,arc labels,,0.4995523724261415,0.0,0.0
Right,random,Ang,RTT,PTT,5,0.5,1,1136,19,1112,99,SDM-Ang-HSsrc,arc labels,,0.5024972906752109,0.017543859649122806,0.10526315789473684
Right,random,Ang,RTT,PTT,5,0.5,1,1136,19,1112,99,SDM-Ang-PCA,arc labels,64.0,0.5604061631249116,0.03048780487804878,0.2631578947368421
Right,random,Ang,RTT,PTT,6,0.05,1,1136,36,114,7,NoAdapt,nothing,,0.597929292929293,0.04297520661157025,0.7222222222222222
Right,random,Ang,RTT,PTT,6,0.05,1,1136,36,114,7,TargetOnly,arc labels,,0.5226262626262627,0.046296296296296294,0.1388888888888889
Right,random,Ang,RTT,PTT,6,0.05,1,1136,36,114,7,Source+Target,arc labels,,0.5883838383838383,0.04153354632587859,0.7222222222222222
Right,random,Ang,RTT,PTT,6,0.05,1,1136,36,114,7,COT,arc labels,,0.5647474747474748,0.04314720812182741,0.4722222222222222
Right,random,Ang,RTT,PTT,6,0.05,1,1136,36,114,7,none-Ang-HS4,arc labels,,0.5362121212121213,0.036020583190394515,0.5833333333333334
Right,random,Ang,RTT,PTT,6,0.05,1,1136,36,114,7,none-Ang-HSsrc,nothing,,0.6181313131313131,0.04725897920604915,0.6944444444444444
Right,random,Ang,RTT,PTT,6,0.05,1,1136,36,114,7,none-Ang-PCA,arc segments,8.0,0.5792424242424242,0.0411663807890223,0.6666666666666666
Right,random,Ang,RTT,PTT,6,0.05,1,1136,36,114,7,QOTu-Ang-HS4,arc labels,,0.6843434343434344,0.0979381443298969,0.5277777777777778
Right,random,Ang,RTT,PTT,6,0.05,1,1136,36,114,7,QOTu-Ang-HSsrc,arc segments,,0.7256060606060606,0.09195402298850575,0.6666666666666666
Right,random,Ang,RTT,PTT,6,0.05,1,1136,36,114,7,QOTu-Ang-PCA,arc segments,32.0,0.6922222222222222,0.1951219512195122,0.4444444444444444
Right,random,Ang,RTT,PTT,6,0.05,1,1136,36,114,7,QOTc-Ang-HS4,arc labels,,0.6089393939393939,0.08633093525179857,0.3333333333333333
Right,random,Ang,RTT,PTT,6,0.05,1,1136,36,114,7,QOTc-Ang-HSsrc,arc labels,,0.6172727272727272,0.05806451612903226,0.5
Right,random,Ang,RTT,PTT,6,0.05,1,1136,36,114,7,QOTc-Ang-PCA,arc labels,32.0,0.3945959595959596,0.006779661016949152,0.05555555555555555
Right,random,Ang,RTT,PTT,6,0.05,1,1136,36,114,7,SDM-Ang-HS4,arc labels,,0.5540404040404041,0.06862745098039216,0.19444444444444445
Right,random,Ang,RTT,PTT,6,0.05,1,1136,36,114,7,SDM-Ang-HSsrc,arc labels,,0.413030303030303,0.021052631578947368,0.3333333333333333
Right,random,Ang,RTT,PTT,6,0.05,1,1136,36,114,7,SDM-Ang-PCA,arc labels,32.0,0.45560606060606057,0.020905923344947737,0.16666666666666666
Right,random,Ang,RTT,PTT,6,0.1,1,1136,36,227,14,NoAdapt,nothing,,0.597929292929293,0.04297520661157025,0.7222222222222222
Right,random,Ang,RTT,PTT,6,0.1,1,1136,36,227,14,TargetOnly,arc labels,,0.4871212121212121,0.024390243902439025,0.08333333333333333
Right,random,Ang,RTT,PTT,6,0.1,1,1136,36,227,14,Source+Target,arc labels,,0.5656565656565656,0.038461538461538464,0.7222222222222222
Right,random,Ang,RTT,PTT,6,0.1,1,1136,36,227,14,COT,arc labels,,0.6368181818181818,0.06741573033707865,0.5
Right,random,Ang,RTT,PTT,6,0.1,1,1136,36,227,14,none-Ang-HS4,arc labels,,0.5425757575757576,0.03690685413005272,0.5833333333333334
Right,random,Ang,RTT,PTT,6,0.1,1,1136,36,227,14,none-Ang-HSsrc,nothing,,0.6181313131313131,0.04725897920604915,0.6944444444444444
Right,random,Ang,RTT,PTT,6,0.1,1,1136,36,227,14,none-Ang-PCA,arc segments,16.0,0.44419191919191914,0.024390243902439025,0.3611111111111111
Right,random,Ang,RTT,PTT,6,0.1,1,1136,36,227,14,QOTu-Ang-HS4,arc labels,,0.6784343434343434,0.09178743961352658,0.5277777777777778
Right,random,Ang,RTT,PTT,6,0.1,1,1136,36,227,14,QOTu-Ang-HSsrc,arc segments,,0.7192424242424242,0.08727272727272728,0.6666666666666666
Right,random,Ang,RTT,PTT,6,0.1,1,1136,36,227,14,QOTu-Ang-PCA,arc segments,32.0,0.7626262626262625,0.1554054054054054,0.6388888888888888
Right,random,Ang,RTT,PTT,6,0.1,1,1136,36,227,14,QOTc-Ang-HS4,arc labels,,0.6221717171717172,0.08092485549132948,0.3888888888888889
Right,random,Ang,RTT,PTT,6,0.1,1,1136,36,227,14,QOTc-Ang-HSsrc,arc labels,,0.7067676767676767,0.0748502994011976,0.6944444444444444
Right,random,Ang,RTT,PTT,6,0.1,1,1136,36,227,14,QOTc-Ang-PCA,arc labels,64.0,0.4858585858585858,0.027777777777777776,0.19444444444444445
Right,random,Ang,RTT,PTT,6,0.1,1,1136,36,227,14,SDM-Ang-HS4,arc labels,,0.41838383838383836,0.018518518518518517,0.2222222222222222
Right,random,Ang,RTT,PTT,6,0.1,1,1136,36,227,14,SDM-Ang-HSsrc,arc labels,,0.39323232323232327,0.018900343642611683,0.3055555555555556
Right,random,Ang,RTT,PTT,6,0.1,1,1136,36,227,14,SDM-Ang-PCA,arc labels,64.0,0.5398484848484848,0.041237113402061855,0.3333333333333333
Right,random,Ang,RTT,PTT,6,0.2,1,1136,36,454,29,NoAdapt,nothing,,0.597929292929293,0.04297520661157025,0.7222222222222222
Right,random,Ang,RTT,PTT,6,0.2,1,1136,36,454,29,TargetOnly,arc labels,,0.5661616161616161,0.058823529411764705,0.2777777777777778
Right,random,Ang,RTT,PTT,6,0.2,1,1136,36,454,29,Source+Target,arc labels,,0.5665656565656565,0.03857566765578635,0.7222222222222222
Right,random,Ang,RTT,PTT,6,0.2,1,1136,36,454,29,COT,arc labels,,0.5968181818181818,0.05070422535211268,0.5
Right,random,Ang,RTT,PTT,6,0.2,1,1136,36,454,29,none-Ang-HS4,arc labels,,0.525,0.03508771929824561,0.5
Right,random,Ang,RTT,PTT,6,0.2,1,1136,36,454,29,none-Ang-HSsrc,nothing,,0.6181313131313131,0.04725897920604915,0.6944444444444444
Right,random,Ang,RTT,PTT,6,0.2,1,1136,36,454,29,none-Ang-PCA,arc segments,32.0,0.4398484848484848,0.023483365949119372,0.3333333333333333
Right,random,Ang,RTT,PTT,6,0.2,1,1136,36,454,29,QOTu-Ang-HS4,arc labels,,0.7226262626262626,0.09745762711864407,0.6388888888888888
Right,random,Ang,RTT,PTT,6,0.2,1,1136,36,454,29,QOTu-Ang-HSsrc,arc segments,,0.7206060606060606,0.08823529411764706,0.6666666666666666
Right,random,Ang,RTT,PTT,6,0.2,1,1136,36,454,29,QOTu-Ang-PCA,arc segments,32.0,0.7612626262626263,0.152317880794702,0.6388888888888888
Right,random,Ang,RTT,PTT,6,0.2,1,1136,36,454,29,QOTc-Ang-HS4,arc labels,,0.6454040404040404,0.08648648648648649,0.4444444444444444
Right,random,Ang,RTT,PTT,6,0.2,1,1136,36,454,29,QOTc-Ang-HSsrc,arc labels,,0.7183838383838383,0.07647058823529412,0.7222222222222222
Right,random,Ang,RTT,PTT,6,0.2,1,1136,36,454,29,QOTc-Ang-PCA,arc labels,64.0,0.5647979797979799,0.057803468208092484,0.2777777777777778
Right,random,Ang,RTT,PTT,6,0.2,1,1136,36,454,29,SDM-Ang-HS4,arc labels,,0.5265151515151515,0.04580152671755725,0.16666666666666666
Right,random,Ang,RTT,PTT,6,0.2,1,1136,36,454,29,SDM-Ang-HSsrc,arc labels,,0.4118686868686869,0.02033271719038817,0.3055555555555556
Right,random,Ang,RTT,PTT,6,0.2,1,1136,36,454,29,SDM-Ang-PCA,arc labels,64.0,0.5117676767676768,0.035897435897435895,0.19444444444444445
Right,random,Ang,RTT,PTT,6,0.3,1,1136,36,682,50,NoAdapt,nothing,,0.597929292929293,0.04297520661157025,0.7222222222222222
Right,random,Ang,RTT,PTT,6,0.3,1,1136,36,682,50,TargetOnly,arc labels,,0.6802020202020203,0.12142857142857143,0.4722222222222222
Right,random,Ang,RTT,PTT,6,0.3,1,1136,36,682,50,Source+Target,arc labels,,0.662020202020202,0.05603448275862069,0.7222222222222222
Right,random,Ang,RTT,PTT,6,0.3,1,1136,36,682,50,COT,arc labels,,0.6606565656565657,0.09289617486338798,0.4722222222222222
Right,random,Ang,RTT,PTT,6,0.3,1,1136,36,682,50,none-Ang-HS4,arc labels,,0.5097474747474747,0.03300970873786408,0.4722222222222222
Right,random,Ang,RTT,PTT,6,0.3,1,1136,36,682,50,none-Ang-HSsrc,nothing,,0.6181313131313131,0.04725897920604915,0.6944444444444444
Right,random,Ang,RTT,PTT,6,0.3,1,1136,36,682,50,none-Ang-PCA,arc segments,32.0,0.4482828282828283,0.02480916030534351,0.3611111111111111
Right,random,Ang,RTT,PTT,6,0.3,1,1136,36,682,50,QOTu-Ang-HS4,arc labels,,0.6779797979797979,0.09134615384615384,0.5277777777777778
Right,random,Ang,RTT,PTT,6,0.3,1,1136,36,682,50,QOTu-Ang-HSsrc,arc segments,,0.7206060606060606,0.08823529411764706,0.6666666666666666
Right,random,Ang,RTT,PTT,6,0.3,1,1136,36,682,50,QOTu-Ang-PCA,arc segments,32.0,0.7587373737373737,0.176,0.6111111111111112
Right,random,Ang,RTT,PTT,6,0.3,1,1136,36,682,50,QOTc-Ang-HS4,arc labels,,0.6445454545454545,0.072,0.5
Right,random,Ang,RTT,PTT,6,0.3,1,1136,36,682,50,QOTc-Ang-HSsrc,arc labels,,0.682070707070707,0.057971014492753624,0.7777777777777778
Right,random,Ang,RTT,PTT,6,0.3,1,1136,36,682,50,QOTc-Ang-PCA,arc labels,64.0,0.5665656565656565,0.07547169811320754,0.2222222222222222
Right,random,Ang,RTT,PTT,6,0.3,1,1136,36,682,50,SDM-Ang-HS4,arc labels,,0.5888888888888889,0.08333333333333333,0.2777777777777778
Right,random,Ang,RTT,PTT,6,0.3,1,1136,36,682,50,SDM-Ang-HSsrc,arc labels,,0.6077272727272727,0.054380664652567974,0.5
Right,random,Ang,RTT,PTT,6,0.3,1,1136,36,682,50,SDM-Ang-PCA,arc labels,64.0,0.5932323232323232,0.07746478873239436,0.3055555555555556
Right,random,Ang,RTT,PTT,6,0.5,1,1136,36,1112,81,NoAdapt,nothing,,0.597929292929293,0.04297520661157025,0.7222222222222222
Right,random,Ang,RTT,PTT,6,0.5,1,1136,36,1112,81,TargetOnly,arc labels,,0.643080808080808,0.11023622047244094,0.3888888888888889
Right,random,Ang,RTT,PTT,6,0.5,1,1136,36,1112,81,Source+Target,arc labels,,0.6847474747474747,0.06280193236714976,0.7222222222222222
Right,random,Ang,RTT,PTT,6,0.5,1,1136,36,1112,81,COT,arc labels,,0.7357575757575758,0.14583333333333334,0.5833333333333334
Right,random,Ang,RTT,PTT,6,0.5,1,1136,36,1112,81,none-Ang-HS4,arc labels,,0.512979797979798,0.03327495621716287,0.5277777777777778
Right,random,Ang,RTT,PTT,6,0.5,1,1136,36,1112,81,none-Ang-HSsrc,nothing,,0.6181313131313131,0.04725897920604915,0.6944444444444444
Right,random,Ang,RTT,PTT,6,0.5,1,1136,36,1112,81,none-Ang-PCA,arc segments,16.0,0.36792929292929294,0.014732965009208104,0.2222222222222222
Right,random,Ang,RTT,PTT,6,0.5,1,1136,36,1112,81,QOTu-Ang-HS4,arc labels,,0.6811616161616162,0.0945273631840796,0.5277777777777778
Right,random,Ang,RTT,PTT,6,0.5,1,1136,36,1112,81,QOTu-Ang-HSsrc,arc segments,,0.7206060606060606,0.08823529411764706,0.6666666666666666
Right,random,Ang,RTT,PTT,6,0.5,1,1136,36,1112,81,QOTu-Ang-PCA,arc segments,8.0,0.6591919191919192,0.06395348837209303,0.6111111111111112
Right,random,Ang,RTT,PTT,6,0.5,1,1136,36,1112,81,QOTc-Ang-HS4,arc labels,,0.7394949494949494,0.09541984732824428,0.6944444444444444
Right,random,Ang,RTT,PTT,6,0.5,1,1136,36,1112,81,QOTc-Ang-HSsrc,arc labels,,0.6816161616161616,0.05785123966942149,0.7777777777777778
Right,random,Ang,RTT,PTT,6,0.5,1,1136,36,1112,81,QOTc-Ang-PCA,arc labels,64.0,0.4820707070707071,0.028169014084507043,0.2777777777777778
Right,random,Ang,RTT,PTT,6,0.5,1,1136,36,1112,81,SDM-Ang-HS4,arc labels,,0.5911616161616162,0.08695652173913043,0.2777777777777778
Right,random,Ang,RTT,PTT,6,0.5,1,1136,36,1112,81,SDM-Ang-HSsrc,arc labels,,0.47196969696969693,0.028037383177570093,0.4166666666666667
Right,random,Ang,RTT,PTT,6,0.5,1,1136,36,1112,81,SDM-Ang-PCA,arc labels,32.0,0.6617676767676768,0.10738255033557047,0.4444444444444444
Right,random,Ang,RTT,PTT,7,0.05,1,1136,41,114,9,NoAdapt,nothing,,0.6219957679028845,0.048812664907651716,0.9024390243902439
Right,random,Ang,RTT,PTT,7,0.05,1,1136,41,114,9,TargetOnly,arc labels,,0.3797750306270186,0.003436426116838488,0.024390243902439025
Right,random,Ang,RTT,PTT,7,0.05,1,1136,41,114,9,Source+Target,arc labels,,0.5799866354827932,0.04352941176470588,0.9024390243902439
Right,random,Ang,RTT,PTT,7,0.05,1,1136,41,114,9,COT,arc labels,,0.4088651297471879,0.00784313725490196,0.04878048780487805
Right,random,Ang,RTT,PTT,7,0.05,1,1136,41,114,9,none-Ang-HS4,arc labels,,0.6008798307161154,0.048589341692789965,0.7560975609756098
Right,random,Ang,RTT,PTT,7,0.05,1,1136,41,114,9,none-Ang-HSsrc,nothing,,0.6604855774585143,0.05572755417956656,0.8780487804878049
Right,random,Ang,RTT,PTT,7,0.05,1,1136,41,114,9,none-Ang-PCA,arc segments,8.0,0.6244125180977838,0.0496551724137931,0.8780487804878049
Right,random,Ang,RTT,PTT,7,0.05,1,1136,41,114,9,QOTu-Ang-HS4,arc labels,,0.7494709878605635,0.08967391304347826,0.8048780487804879
Right,random,Ang,RTT,PTT,7,0.05,1,1136,41,114,9,QOTu-Ang-HSsrc,arc segments,,0.7656420536808108,0.09020618556701031,0.8536585365853658
Right,random,Ang,RTT,PTT,7,0.05,1,1136,41,114,9,QOTu-Ang-PCA,arc segments,16.0,0.6714890299587928,0.09401709401709402,0.5365853658536586
Right,random,Ang,RTT,PTT,7,0.05,1,1136,41,114,9,QOTc-Ang-HS4,arc labels,,0.6458402940193786,0.06483790523690773,0.6341463414634146
Right,random,Ang,RTT,PTT,7,0.05,1,1136,41,114,9,QOTc-Ang-HSsrc,arc labels,,0.6396146564205368,0.05271084337349398,0.8536585365853658
Right,random,Ang,RTT,PTT,7,0.05,1,1136,41,114,9,QOTc-Ang-PCA,arc labels,64.0,0.3423877937409511,0.008771929824561403,0.0975609756097561
Right,random,Ang,RTT,PTT,7,0.05,1,1136,41,114,9,SDM-Ang-HS4,arc labels,,0.46014032743067157,0.008695652173913044,0.024390243902439025
Right,random,Ang,RTT,PTT,7,0.05,1,1136,41,114,9,SDM-Ang-HSsrc,arc labels,,0.3314288896313621,0.008333333333333333,0.0975609756097561
Right,random,Ang,RTT,PTT,7,0.05,1,1136,41,114,9,SDM-Ang-PCA,arc labels,32.0,0.41251809778371756,0.008097165991902834,0.04878048780487805
Right,random,Ang,RTT,PTT,7,0.1,1,1136,41,227,16,NoAdapt,nothing,,0.6219957679028845,0.048812664907651716,0.9024390243902439
Right,random,Ang,RTT,PTT,7,0.1,1,1136,41,227,16,TargetOnly,arc labels,,0.6079630248357278,0.06551724137931035,0.4634146341463415
Right,random,Ang,RTT,PTT,7,0.1,1,1136,41,227,16,Source+Target,arc labels,,0.5754204254371311,0.04302325581395349,0.9024390243902439
Right,random,Ang,RTT,PTT,7,0.1,1,1136,41,227,16,COT,arc labels,,0.47005234435906007,0.01652892561983471,0.04878048780487805
Right,random,Ang,RTT,PTT,7,0.1,1,1136,41,227,16,none-Ang-HS4,arc labels,,0.524323421316405,0.039383561643835614,0.5609756097560976
Right,random,Ang,RTT,PTT,7,0.1,1,1136,41,227,16,none-Ang-HSsrc,nothing,,0.6604855774585143,0.05572755417956656,0.8780487804878049
Right,random,Ang,RTT,PTT,7,0.1,1,1136,41,227,16,none-Ang-PCA,arc segments,16.0,0.41985744514979395,0.023622047244094488,0.2926829268292683
Right,random,Ang,RTT,PTT,7,0.1,1,1136,41,227,16,QOTu-Ang-HS4,arc labels,,0.7584697627798196,0.09042553191489362,0.8292682926829268
Right,random,Ang,RTT,PTT,7,0.1,1,1136,41,227,16,QOTu-Ang-HSsrc,arc segments,,0.7578794966031852,0.08641975308641975,0.8536585365853658
Right,random,Ang,RTT,PTT,7,0.1,1,1136,41,227,16,QOTu-Ang-PCA,arc segments,32.0,0.749036641051342,0.14857142857142858,0.6341463414634146
Right,random,Ang,RTT,PTT,7,0.1,1,1136,41,227,16,QOTc-Ang-HS4,arc labels,,0.7543601737387237,0.08831168831168831,0.8292682926829268
Right,random,Ang,RTT,PTT,7,0.1,1,1136,41,227,16,QOTc-Ang-HSsrc,arc labels,,0.7215391468983183,0.06851851851851852,0.9024390243902439
Right,random,Ang,RTT,PTT,7,0.1,1,1136,41,227,16,QOTc-Ang-PCA,arc labels,64.0,0.6764339013253147,0.07784431137724551,0.6341463414634146
Right,random,Ang,RTT,PTT,7,0.1,1,1136,41,227,16,SDM-Ang-HS4,arc labels,,0.5921149348479786,0.06060606060606061,0.43902439024390244
Right,random,Ang,RTT,PTT,7,0.1,1,1136,41,227,16,SDM-Ang-HSsrc,arc labels,,0.4973270965586368,0.03571428571428571,0.4878048780487805
Right,random,Ang,RTT,PTT,7,0.1,1,1136,41,227,16,SDM-Ang-PCA,arc labels,32.0,0.4939080075732264,0.03404255319148936,0.1951219512195122
Right,random,Ang,RTT,PTT,7,0.2,1,1136,41,454,32,NoAdapt,nothing,,0.6219957679028845,0.048812664907651716,0.9024390243902439
Right,random,Ang,RTT,PTT,7,0.2,1,1136,41,454,32,TargetOnly,arc labels,,0.7781044659761667,0.1021021021021021,0.8292682926829268
Right,random,Ang,RTT,PTT,7,0.2,1,1136,41,454,32,Source+Target,arc labels,,0.5749638044325649,0.0429732868757259,0.9024390243902439
Right,random,Ang,RTT,PTT,7,0.2,1,1136,41,454,32,COT,arc labels,,0.5790065708876266,0.05704697986577181,0.4146341463414634
Right,random,Ang,RTT,PTT,7,0.2,1,1136,41,454,32,none-Ang-HS4,arc labels,,0.5168281545829156,0.03853211009174312,0.5121951219512195
Right,random,Ang,RTT,PTT,7,0.2,1,1136,41,454,32,none-Ang-HSsrc,nothing,,0.6604855774585143,0.05572755417956656,0.8780487804878049
Right,random,Ang,RTT,PTT,7,0.2,1,1136,41,454,32,none-Ang-PCA,arc segments,16.0,0.4501837621115937,0.028169014084507043,0.34146341463414637
Right,random,Ang,RTT,PTT,7,0.2,1,1136,41,454,32,QOTu-Ang-HS4,arc labels,,0.7096335894865797,0.09342560553633218,0.6585365853658537
Right,random,Ang,RTT,PTT,7,0.2,1,1136,41,454,32,QOTu-Ang-HSsrc,arc segments,,0.7578794966031852,0.08641975308641975,0.8536585365853658
Right,random,Ang,RTT,PTT,7,0.2,1,1136,41,454,32,QOTu-Ang-PCA,arc segments,32.0,0.7928499832943535,0.12087912087912088,0.8048780487804879
Right,random,Ang,RTT,PTT,7,0.2,1,1136,41,454,32,QOTc-Ang-HS4,arc labels,,0.777246909455396,0.08851674641148326,0.9024390243902439
Right,random,Ang,RTT,PTT,7,0.2,1,1136,41,454,32,QOTc-Ang-HSsrc,arc labels,,0.690488918587816,0.06085526315789474,0.9024390243902439
Right,random,Ang,RTT,PTT,7,0.2,1,1136,41,454,32,QOTc-Ang-PCA,arc labels,64.0,0.49678137877269185,0.03482587064676617,0.17073170731707318
Right,random,Ang,RTT,PTT,7,0.2,1,1136,41,454,32,SDM-Ang-HS4,arc labels,,0.8000222741953447,0.11929824561403508,0.8292682926829268
Right,random,Ang,RTT,PTT,7,0.2,1,1136,41,454,32,SDM-Ang-HSsrc,arc labels,,0.7242788729257156,0.06928838951310862,0.9024390243902439
Right,random,Ang,RTT,PTT,7,0.2,1,1136,41,454,32,SDM-Ang-PCA,arc labels,64.0,0.4710212718565542,0.024752475247524754,0.12195121951219512
Right,random,Ang,RTT,PTT,7,0.3,1,1136,41,682,51,NoAdapt,nothing,,0.6219957679028845,0.048812664907651716,0.9024390243902439
Right,random,Ang,RTT,PTT,7,0.3,1,1136,41,682,51,TargetOnly,arc labels,,0.7771912239670342,0.10149253731343283,0.8292682926829268
Right,random,Ang,RTT,PTT,7,0.3,1,1136,41,682,51,Source+Target,arc labels,,0.6087537587704644,0.04701397712833545,0.9024390243902439
Right,random,Ang,RTT,PTT,7,0.3,1,1136,41,682,51,COT,arc labels,,0.43806659984408064,0.023376623376623377,0.21951219512195122
Right,random,Ang,RTT,PTT,7,0.3,1,1136,41,682,51,none-Ang-HS4,arc labels,,0.5014366855997328,0.036297640653357534,0.4878048780487805
Right,random,Ang,RTT,PTT,7,0.3,1,1136,41,682,51,none-Ang-HSsrc,nothing,,0.6604855774585143,0.05572755417956656,0.8780487804878049
Right,random,Ang,RTT,PTT,7,0.3,1,1136,41,682,51,none-Ang-PCA,arc segments,16.0,0.43707539815124175,0.02610441767068273,0.3170731707317073
Right,random,Ang,RTT,PTT,7,0.3,1,1136,41,682,51,QOTu-Ang-HS4,arc labels,,0.6978950885399264,0.09059233449477352,0.6341463414634146
Right,random,Ang,RTT,PTT,7,0.3,1,1136,41,682,51,QOTu-Ang-HSsrc,arc segments,,0.757422875598619,0.08620689655172414,0.8536585365853658
Right,random,Ang,RTT,PTT,7,0.3,1,1136,41,682,51,QOTu-Ang-PCA,arc segments,16.0,0.6783940305156476,0.08278145695364239,0.6097560975609756
Right,random,Ang,RTT,PTT,7,0.3,1,1136,41,682,51,QOTc-Ang-HS4,arc labels,,0.7964249916471768,0.09840425531914894,0.9024390243902439
Right,random,Ang,RTT,PTT,7,0.3,1,1136,41,682,51,QOTc-Ang-HSsrc,arc labels,,0.6959683706426105,0.06208053691275168,0.9024390243902439
Right,random,Ang,RTT,PTT,7,0.3,1,1136,41,682,51,QOTc-Ang-PCA,arc labels,64.0,0.4341129301703976,0.005813953488372093,0.024390243902439025
Right,random,Ang,RTT,PTT,7,0.3,1,1136,41,682,51,SDM-Ang-HS4,arc labels,,0.7777814901436686,0.10784313725490197,0.8048780487804879
Right,random,Ang,RTT,PTT,7,0.3,1,1136,41,682,51,SDM-Ang-HSsrc,arc labels,,0.7071388796079742,0.07390300230946882,0.7804878048780488
Right,random,Ang,RTT,PTT,7,0.3,1,1136,41,682,51,SDM-Ang-PCA,arc labels,64.0,0.4612985855885956,0.02390438247011952,0.14634146341463414
Right,random,Ang,RTT,PTT,7,0.5,1,1136,41,1124,80,NoAdapt,nothing,,0.6219957679028845,0.048812664907651716,0.9024390243902439
Right,random,Ang,RTT,PTT,7,0.5,1,1136,41,1124,80,TargetOnly,arc labels,,0.7884731039091213,0.10355029585798817,0.8536585365853658
Right,random,Ang,RTT,PTT,7,0.5,1,1136,41,1124,80,Source+Target,arc labels,,0.6548724802316517,0.05393586005830904,0.9024390243902439
Right,random,Ang,RTT,PTT,7,0.5,1,1136,41,1124,80,COT,arc labels,,0.6233544938189108,0.07042253521126761,0.4878048780487805
Right,random,Ang,RTT,PTT,7,0.5,1,1136,41,1124,80,none-Ang-HS4,arc labels,,0.5067824924824591,0.037037037037037035,0.5121951219512195
Right,random,Ang,RTT,PTT,7,0.5,1,1136,41,1124,80,none-Ang-HSsrc,nothing,,0.6604855774585143,0.05572755417956656,0.8780487804878049
Right,random,Ang,RTT,PTT,7,0.5,1,1136,41,1124,80,none-Ang-PCA,arc segments,16.0,0.413464751085867,0.022988505747126436,0.2926829268292683
Right,random,Ang,RTT,PTT,7,0.5,1,1136,41,1124,80,QOTu-Ang-HS4,arc labels,,0.7041541374317852,0.08970099667774087,0.6585365853658537
Right,random,Ang,RTT,PTT,7,0.5,1,1136,41,1124,80,QOTu-Ang-HSsrc,arc segments,,0.757422875598619,0.08620689655172414,0.8536585365853658
Right,random,Ang,RTT,PTT,7,0.5,1,1136,41,1124,80,QOTu-Ang-PCA,arc segments,16.0,0.6157255819133534,0.0695970695970696,0.4634146341463415
Right,random,Ang,RTT,PTT,7,0.5,1,1136,41,1124,80,QOTc-Ang-HS4,arc labels,,0.7757434012696292,0.08463251670378619,0.926829268292683
Right,random,Ang,RTT,PTT,7,0.5,1,1136,41,1124,80,QOTc-Ang-HSsrc,arc labels,,0.6959683706426105,0.06208053691275168,0.9024390243902439
Right,random,Ang,RTT,PTT,7,0.5,1,1136,41,1124,80,QOTc-Ang-PCA,arc labels,64.0,0.45985076289119053,0.0273972602739726,0.24390243902439024
Right,random,Ang,RTT,PTT,7,0.5,1,1136,41,1124,80,SDM-Ang-HS4,arc labels,,0.7285443813342243,0.09570957095709572,0.7073170731707317
Right,random,Ang,RTT,PTT,7,0.5,1,1136,41,1124,80,SDM-Ang-HSsrc,arc labels,,0.6556186657756988,0.06436781609195402,0.6829268292682927
Right,random,Ang,RTT,PTT,7,0.5,1,1136,41,1124,80,SDM-Ang-PCA,arc labels,64.0,0.48751531350929944,0.0321285140562249,0.1951219512195122
Right,random,Ang,RTT,WRM,0,0.05,1,508,32,51,3,NoAdapt,nothing,,0.5766806722689075,0.14814814814814814,0.25
Right,random,Ang,RTT,WRM,0,0.05,1,508,32,51,3,TargetOnly,arc labels,,0.6030724789915967,0.5384615384615384,0.21875
Right,random,Ang,RTT,WRM,0,0.05,1,508,32,51,3,Source+Target,arc labels,,0.5777310924369747,0.1509433962264151,0.25
Right,random,Ang,RTT,WRM,0,0.05,1,508,32,51,3,COT,arc labels,,0.5726102941176471,0.16666666666666666,0.21875
Right,random,Ang,RTT,WRM,0,0.05,1,508,32,51,3,none-Ang-HS4,arc labels,,0.6165966386554622,0.5,0.25
Right,random,Ang,RTT,WRM,0,0.05,1,508,32,51,3,none-Ang-HSsrc,nothing,,0.6101628151260504,0.23684210526315788,0.28125
Right,random,Ang,RTT,WRM,0,0.05,1,508,32,51,3,none-Ang-PCA,arc segments,16.0,0.6221113445378151,0.0944206008583691,0.6875
Right,random,Ang,RTT,WRM,0,0.05,1,508,32,51,3,QOTu-Ang-HS4,arc labels,,0.6176470588235294,0.5333333333333333,0.25
Right,random,Ang,RTT,WRM,0,0.05,1,508,32,51,3,QOTu-Ang-HSsrc,arc segments,,0.5779936974789917,0.2857142857142857,0.1875
Right,random,Ang,RTT,WRM,0,0.05,1,508,32,51,3,QOTu-Ang-PCA,arc segments,8.0,0.6414128151260504,0.275,0.34375
Right,random,Ang,RTT,WRM,0,0.05,1,508,32,51,3,QOTc-Ang-HS4,arc labels,,0.53125,1.0,0.0625
Right,random,Ang,RTT,WRM,0,0.05,1,508,32,51,3,QOTc-Ang-HSsrc,arc labels,,0.5518644957983193,0.16666666666666666,0.15625
Right,random,Ang,RTT,WRM,0,0.05,1,508,32,51,3,QOTc-Ang-PCA,arc labels,64.0,0.5603991596638656,0.6666666666666666,0.125
Right,random,Ang,RTT,WRM,0,0.05,1,508,32,51,3,SDM-Ang-HS4,arc labels,,0.5,0.0,0.0
Right,random,Ang,RTT,WRM,0,0.05,1,508,32,51,3,SDM-Ang-HSsrc,arc labels,,0.5476628151260504,0.14705882352941177,0.15625
Right,random,Ang,RTT,WRM,0,0.05,1,508,32,51,3,SDM-Ang-PCA,arc labels,32.0,0.5916491596638656,0.75,0.1875
Right,random,Ang,RTT,WRM,0,0.1,1,508,32,102,5,NoAdapt,nothing,,0.5766806722689075,0.14814814814814814,0.25
Right,random,Ang,RTT,WRM,0,0.1,1,508,32,102,5,TargetOnly,arc labels,,0.5259978991596639,0.2857142857142857,0.0625
Right,random,Ang,RTT,WRM,0,0.1,1,508,32,102,5,Source+Target,arc labels,,0.5923056722689075,0.16363636363636364,0.28125
Right,random,Ang,RTT,WRM,0,0.1,1,508,32,102,5,COT,arc labels,,0.5614495798319328,0.09090909090909091,0.375
Right,random,Ang,RTT,WRM,0,0.1,1,508,32,102,5,none-Ang-HS4,arc labels,,0.6176470588235294,0.5333333333333333,0.25
Right,random,Ang,RTT,WRM,0,0.1,1,508,32,102,5,none-Ang-HSsrc,nothing,,0.6101628151260504,0.23684210526315788,0.28125
Right,random,Ang,RTT,WRM,0,0.1,1,508,32,102,5,none-Ang-PCA,arc segments,16.0,0.6221113445378151,0.0944206008583691,0.6875
Right,random,Ang,RTT,WRM,0,0.1,1,508,32,102,5,QOTu-Ang-HS4,arc labels,,0.6322216386554622,0.5294117647058824,0.28125
Right,random,Ang,RTT,WRM,0,0.1,1,508,32,102,5,QOTu-Ang-HSsrc,arc segments,,0.5779936974789917,0.2857142857142857,0.1875
Right,random,Ang,RTT,WRM,0,0.1,1,508,32,102,5,QOTu-Ang-PCA,arc segments,32.0,0.6475840336134453,0.24,0.375
Right,random,Ang,RTT,WRM,0,0.1,1,508,32,102,5,QOTc-Ang-HS4,arc labels,,0.6226365546218487,0.23809523809523808,0.3125
Right,random,Ang,RTT,WRM,0,0.1,1,508,32,102,5,QOTc-Ang-HSsrc,arc labels,,0.6066176470588236,0.09259259259259259,0.625
Right,random,Ang,RTT,WRM,0,0.1,1,508,32,102,5,QOTc-Ang-PCA,arc labels,64.0,0.5665703781512605,0.3125,0.15625
Right,random,Ang,RTT,WRM,0,0.1,1,508,32,102,5,SDM-Ang-HS4,arc labels,,0.5114233193277311,0.2,0.03125
Right,random,Ang,RTT,WRM,0,0.1,1,508,32,102,5,SDM-Ang-HSsrc,arc labels,,0.5580357142857143,0.15,0.1875
Right,random,Ang,RTT,WRM,0,0.1,1,508,32,102,5,SDM-Ang-PCA,arc labels,64.0,0.6092436974789917,0.34782608695652173,0.25
Right,random,Ang,RTT,WRM,0,0.2,1,508,32,203,7,NoAdapt,nothing,,0.5766806722689075,0.14814814814814814,0.25
Right,random,Ang,RTT,WRM,0,0.2,1,508,32,203,7,TargetOnly,arc labels,,0.5895483193277311,0.6,0.1875
Right,random,Ang,RTT,WRM,0,0.2,1,508,32,203,7,Source+Target,arc labels,,0.6047794117647058,0.1694915254237288,0.3125
Right,random,Ang,RTT,WRM,0,0.2,1,508,32,203,7,COT,arc labels,,0.5961134453781513,0.12121212121212122,0.375
Right,random,Ang,RTT,WRM,0,0.2,1,508,32,203,7,none-Ang-HS4,arc labels,,0.6186974789915967,0.5714285714285714,0.25
Right,random,Ang,RTT,WRM,0,0.2,1,508,32,203,7,none-Ang-HSsrc,nothing,,0.6101628151260504,0.23684210526315788,0.28125
Right,random,Ang,RTT,WRM,0,0.2,1,508,32,203,7,none-Ang-PCA,arc segments,16.0,0.6189600840336135,0.09322033898305085,0.6875
Right,random,Ang,RTT,WRM,0,0.2,1,508,32,203,7,QOTu-Ang-HS4,arc labels,,0.6176470588235294,0.5333333333333333,0.25
Right,random,Ang,RTT,WRM,0,0.2,1,508,32,203,7,QOTu-Ang-HSsrc,arc segments,,0.5779936974789917,0.2857142857142857,0.1875
Right,random,Ang,RTT,WRM,0,0.2,1,508,32,203,7,QOTu-Ang-PCA,arc segments,32.0,0.6330094537815126,0.22916666666666666,0.34375
Right,random,Ang,RTT,WRM,0,0.2,1,508,32,203,7,QOTc-Ang-HS4,arc labels,,0.6189600840336135,0.12844036697247707,0.4375
Right,random,Ang,RTT,WRM,0,0.2,1,508,32,203,7,QOTc-Ang-HSsrc,arc labels,,0.609375,0.11194029850746269,0.46875
Right,random,Ang,RTT,WRM,0,0.2,1,508,32,203,7,QOTc-Ang-PCA,arc labels,64.0,0.5955882352941176,0.2222222222222222,0.25
Right,random,Ang,RTT,WRM,0,0.2,1,508,32,203,7,SDM-Ang-HS4,arc labels,,0.5426733193277311,0.42857142857142855,0.09375
Right,random,Ang,RTT,WRM,0,0.2,1,508,32,203,7,SDM-Ang-HSsrc,arc labels,,0.5590861344537815,0.15384615384615385,0.1875
Right,random,Ang,RTT,WRM,0,0.2,1,508,32,203,7,SDM-Ang-PCA,arc labels,64.0,0.6081932773109244,0.3333333333333333,0.25
Right,random,Ang,RTT,WRM,0,0.3,1,508,32,305,12,NoAdapt,nothing,,0.5766806722689075,0.14814814814814814,0.25
Right,random,Ang,RTT,WRM,0,0.3,1,508,32,305,12,TargetOnly,arc labels,,0.6207983193277311,0.6666666666666666,0.25
Right,random,Ang,RTT,WRM,0,0.3,1,508,32,305,12,Source+Target,arc labels,,0.5818014705882353,0.13846153846153847,0.28125
Right,random,Ang,RTT,WRM,0,0.3,1,508,32,305,12,COT,arc labels,,0.5764180672268908,0.11627906976744186,0.3125
Right,random,Ang,RTT,WRM,0,0.3,1,508,32,305,12,none-Ang-HS4,arc labels,,0.5874474789915967,0.5,0.1875
Right,random,Ang,RTT,WRM,0,0.3,1,508,32,305,12,none-Ang-HSsrc,nothing,,0.6101628151260504,0.23684210526315788,0.28125
Right,random,Ang,RTT,WRM,0,0.3,1,508,32,305,12,none-Ang-PCA,arc segments,16.0,0.6189600840336135,0.09322033898305085,0.6875
Right,random,Ang,RTT,WRM,0,0.3,1,508,32,305,12,QOTu-Ang-HS4,arc labels,,0.6186974789915967,0.5714285714285714,0.25
Right,random,Ang,RTT,WRM,0,0.3,1,508,32,305,12,QOTu-Ang-HSsrc,arc segments,,0.5779936974789917,0.2857142857142857,0.1875
Right,random,Ang,RTT,WRM,0,0.3,1,508,32,305,12,QOTu-Ang-PCA,arc segments,32.0,0.6307773109243697,0.18181818181818182,0.375
Right,random,Ang,RTT,WRM,0,0.3,1,508,32,305,12,QOTc-Ang-HS4,arc labels,,0.6378676470588236,0.15384615384615385,0.4375
Right,random,Ang,RTT,WRM,0,0.3,1,508,32,305,12,QOTc-Ang-HSsrc,arc labels,,0.5997899159663865,0.10062893081761007,0.5
Right,random,Ang,RTT,WRM,0,0.3,1,508,32,305,12,QOTc-Ang-PCA,arc labels,64.0,0.5779936974789917,0.2857142857142857,0.1875
Right,random,Ang,RTT,WRM,0,0.3,1,508,32,305,12,SDM-Ang-HS4,arc labels,,0.5895483193277311,0.6,0.1875
Right,random,Ang,RTT,WRM,0,0.3,1,508,32,305,12,SDM-Ang-HSsrc,arc labels,,0.5948004201680672,0.10606060606060606,0.4375
Right,random,Ang,RTT,WRM,0,0.3,1,508,32,305,12,SDM-Ang-PCA,arc labels,64.0,0.6071428571428572,0.32,0.25
Right,random,Ang,RTT,WRM,0,0.5,1,508,32,498,24,NoAdapt,nothing,,0.5766806722689075,0.14814814814814814,0.25
Right,random,Ang,RTT,WRM,0,0.5,1,508,32,498,24,TargetOnly,arc labels,,0.6123949579831933,0.4,0.25
Right,random,Ang,RTT,WRM,0,0.5,1,508,32,498,24,Source+Target,arc labels,,0.5870535714285714,0.15,0.28125
Right,random,Ang,RTT,WRM,0,0.5,1,508,32,498,24,COT,arc labels,,0.5002626050420168,0.06306306306306306,0.4375
Right,random,Ang,RTT,WRM,0,0.5,1,508,32,498,24,none-Ang-HS4,arc labels,,0.5874474789915967,0.5,0.1875
Right,random,Ang,RTT,WRM,0,0.5,1,508,32,498,24,none-Ang-HSsrc,nothing,,0.6101628151260504,0.23684210526315788,0.28125
Right,random,Ang,RTT,WRM,0,0.5,1,508,32,498,24,none-Ang-PCA,arc segments,16.0,0.6179096638655462,0.09282700421940929,0.6875
Right,random,Ang,RTT,WRM,0,0.5,1,508,32,498,24,QOTu-Ang-HS4,arc labels,,0.5874474789915967,0.5,0.1875
Right,random,Ang,RTT,WRM,0,0.5,1,508,32,498,24,QOTu-Ang-HSsrc,arc segments,,0.5779936974789917,0.2857142857142857,0.1875
Right,random,Ang,RTT,WRM,0,0.5,1,508,32,498,24,QOTu-Ang-PCA,arc segments,32.0,0.6340598739495799,0.23404255319148937,0.34375
Right,random,Ang,RTT,WRM,0,0.5,1,508,32,498,24,QOTc-Ang-HS4,arc labels,,0.6362920168067228,0.3448275862068966,0.3125
Right,random,Ang,RTT,WRM,0,0.5,1,508,32,498,24,QOTc-Ang-HSsrc,arc labels,,0.6108193277310925,0.09433962264150944,0.625
Right,random,Ang,RTT,WRM,0,0.5,1,508,32,498,24,QOTc-Ang-PCA,arc labels,64.0,0.5634191176470589,0.2631578947368421,0.15625
Right,random,Ang,RTT,WRM,0,0.5,1,508,32,498,24,SDM-Ang-HS4,arc labels,,0.6176470588235294,0.5333333333333333,0.25
Right,random,Ang,RTT,WRM,0,0.5,1,508,32,498,24,SDM-Ang-HSsrc,arc labels,,0.6353728991596639,0.12056737588652482,0.53125
Right,random,Ang,RTT,WRM,0,0.5,1,508,32,498,24,SDM-Ang-PCA,arc labels,64.0,0.6361607142857143,0.24444444444444444,0.34375
Right,random,Ang,RTT,WRM,1,0.05,1,508,19,51,3,NoAdapt,nothing,,0.513776773221397,0.05,0.10526315789473684
Right,random,Ang,RTT,WRM,1,0.05,1,508,19,51,3,TargetOnly,arc labels,,0.5,0.0,0.0
Right,random,Ang,RTT,WRM,1,0.05,1,508,19,51,3,Source+Target,arc labels,,0.513776773221397,0.05,0.10526315789473684
Right,random,Ang,RTT,WRM,1,0.05,1,508,19,51,3,COT,arc labels,,0.5040899795501023,0.037698412698412696,1.0
Right,random,Ang,RTT,WRM,1,0.05,1,508,19,51,3,none-Ang-HS4,arc labels,,0.48261758691206547,0.0,0.0
Right,random,Ang,RTT,WRM,1,0.05,1,508,19,51,3,none-Ang-HSsrc,nothing,,0.467280163599182,0.0,0.0
Right,random,Ang,RTT,WRM,1,0.05,1,508,19,51,3,none-Ang-PCA,arc segments,16.0,0.58777311376601,0.05106382978723404,0.631578947368421
Right,random,Ang,RTT,WRM,1,0.05,1,508,19,51,3,QOTu-Ang-HS4,arc labels,,0.48568507157464214,0.0,0.0
Right,random,Ang,RTT,WRM,1,0.05,1,508,19,51,3,QOTu-Ang-HSsrc,arc segments,,0.4815950920245399,0.0,0.0
Right,random,Ang,RTT,WRM,1,0.05,1,508,19,51,3,QOTu-Ang-PCA,arc segments,8.0,0.5854590463889786,0.04924242424242424,0.6842105263157895
Right,random,Ang,RTT,WRM,1,0.05,1,508,19,51,3,QOTc-Ang-HS4,arc labels,,0.5,0.0,0.0
Right,random,Ang,RTT,WRM,1,0.05,1,508,19,51,3,QOTc-Ang-HSsrc,arc labels,,0.5219567323216016,0.0625,0.10526315789473684
Right,random,Ang,RTT,WRM,1,0.05,1,508,19,51,3,QOTc-Ang-PCA,arc labels,32.0,0.49897750511247446,0.0,0.0
Right,random,Ang,RTT,WRM,1,0.05,1,508,19,51,3,SDM-Ang-HS4,arc labels,,0.5,0.0,0.0
Right,random,Ang,RTT,WRM,1,0.05,1,508,19,51,3,SDM-Ang-HSsrc,arc labels,,0.5017759121730707,0.04,0.05263157894736842
Right,random,Ang,RTT,WRM,1,0.05,1,508,19,51,3,SDM-Ang-PCA,arc labels,32.0,0.49897750511247446,0.0,0.0
Right,random,Ang,RTT,WRM,1,0.1,1,508,19,102,5,NoAdapt,nothing,,0.513776773221397,0.05,0.10526315789473684
Right,random,Ang,RTT,WRM,1,0.1,1,508,19,102,5,TargetOnly,arc labels,,0.5252932945861587,0.5,0.05263157894736842
Right,random,Ang,RTT,WRM,1,0.1,1,508,19,102,5,Source+Target,arc labels,,0.5147992681089226,0.05128205128205128,0.10526315789473684
Right,random,Ang,RTT,WRM,1,0.1,1,508,19,102,5,COT,arc labels,,0.4981702723065332,0.036585365853658534,0.15789473684210525
Right,random,Ang,RTT,WRM,1,0.1,1,508,19,102,5,none-Ang-HS4,arc labels,,0.4815950920245399,0.0,0.0
Right,random,Ang,RTT,WRM,1,0.1,1,508,19,102,5,none-Ang-HSsrc,nothing,,0.467280163599182,0.0,0.0
Right,random,Ang,RTT,WRM,1,0.1,1,508,19,102,5,none-Ang-PCA,arc segments,16.0,0.5847056291034334,0.05042016806722689,0.631578947368421
Right,random,Ang,RTT,WRM,1,0.1,1,508,19,102,5,QOTu-Ang-HS4,arc labels,,0.4867075664621677,0.0,0.0
Right,random,Ang,RTT,WRM,1,0.1,1,508,19,102,5,QOTu-Ang-HSsrc,arc segments,,0.4815950920245399,0.0,0.0
Right,random,Ang,RTT,WRM,1,0.1,1,508,19,102,5,QOTu-Ang-PCA,arc segments,16.0,0.564094284791734,0.07042253521126761,0.2631578947368421
Right,random,Ang,RTT,WRM,1,0.1,1,508,19,102,5,QOTc-Ang-HS4,arc labels,,0.5109783661608007,0.0625,0.05263157894736842
Right,random,Ang,RTT,WRM,1,0.1,1,508,19,102,5,QOTc-Ang-HSsrc,arc labels,,0.5114627058443655,0.043478260869565216,0.15789473684210525
Right,random,Ang,RTT,WRM,1,0.1,1,508,19,102,5,QOTc-Ang-PCA,arc labels,64.0,0.49897750511247446,0.0,0.0
Right,random,Ang,RTT,WRM,1,0.1,1,508,19,102,5,SDM-Ang-HS4,arc labels,,0.5140458508233775,0.07692307692307693,0.05263157894736842
Right,random,Ang,RTT,WRM,1,0.1,1,508,19,102,5,SDM-Ang-HSsrc,arc labels,,0.4895059735227639,0.02702702702702703,0.05263157894736842
Right,random,Ang,RTT,WRM,1,0.1,1,508,19,102,5,SDM-Ang-PCA,arc labels,64.0,0.49591002044989774,0.0,0.0
Right,random,Ang,RTT,WRM,1,0.2,1,508,19,203,14,NoAdapt,nothing,,0.513776773221397,0.05,0.10526315789473684
Right,random,Ang,RTT,WRM,1,0.2,1,508,19,203,14,TargetOnly,arc labels,,0.558228393068561,0.08,0.21052631578947367
Right,random,Ang,RTT,WRM,1,0.2,1,508,19,203,14,Source+Target,arc labels,,0.5216876547196211,0.05084745762711865,0.15789473684210525
Right,random,Ang,RTT,WRM,1,0.2,1,508,19,203,14,COT,arc labels,,0.4546873318264988,0.028089887640449437,0.2631578947368421
Right,random,Ang,RTT,WRM,1,0.2,1,508,19,203,14,none-Ang-HS4,arc labels,,0.4867075664621677,0.0,0.0
Right,random,Ang,RTT,WRM,1,0.2,1,508,19,203,14,none-Ang-HSsrc,nothing,,0.467280163599182,0.0,0.0
Right,random,Ang,RTT,WRM,1,0.2,1,508,19,203,14,none-Ang-PCA,arc segments,16.0,0.5847056291034334,0.05042016806722689,0.631578947368421
Right,random,Ang,RTT,WRM,1,0.2,1,508,19,203,14,QOTu-Ang-HS4,arc labels,,0.5007534172855451,0.038461538461538464,0.05263157894736842
Right,random,Ang,RTT,WRM,1,0.2,1,508,19,203,14,QOTu-Ang-HSsrc,arc segments,,0.4815950920245399,0.0,0.0
Right,random,Ang,RTT,WRM,1,0.2,1,508,19,203,14,QOTu-Ang-PCA,arc segments,16.0,0.564094284791734,0.07042253521126761,0.2631578947368421
Right,random,Ang,RTT,WRM,1,0.2,1,508,19,203,14,QOTc-Ang-HS4,arc labels,,0.5004843396835648,0.03773584905660377,0.10526315789473684
Right,random,Ang,RTT,WRM,1,0.2,1,508,19,203,14,QOTc-Ang-HSsrc,arc labels,,0.5553761704875686,0.05263157894736842,0.3684210526315789
Right,random,Ang,RTT,WRM,1,0.2,1,508,19,203,14,QOTc-Ang-PCA,arc labels,64.0,0.4905284684102895,0.027777777777777776,0.05263157894736842
Right,random,Ang,RTT,WRM,1,0.2,1,508,19,203,14,SDM-Ang-HS4,arc labels,,0.4815950920245399,0.0,0.0
Right,random,Ang,RTT,WRM,1,0.2,1,508,19,203,14,SDM-Ang-HSsrc,arc labels,,0.5043052416316866,0.039473684210526314,0.15789473684210525
Right,random,Ang,RTT,WRM,1,0.2,1,508,19,203,14,SDM-Ang-PCA,arc labels,64.0,0.5216876547196211,0.05084745762711865,0.15789473684210525
Right,random,Ang,RTT,WRM,1,0.3,1,508,19,305,25,NoAdapt,nothing,,0.513776773221397,0.05,0.10526315789473684
Right,random,Ang,RTT,WRM,1,0.3,1,508,19,305,25,TargetOnly,arc labels,,0.5291141965342805,0.08,0.10526315789473684
Right,random,Ang,RTT,WRM,1,0.3,1,508,19,305,25,Source+Target,arc labels,,0.51964266494457,0.04918032786885246,0.15789473684210525
Right,random,Ang,RTT,WRM,1,0.3,1,508,19,305,25,COT,arc labels,,0.46555806694650737,0.03431372549019608,0.7368421052631579
Right,random,Ang,RTT,WRM,1,0.3,1,508,19,305,25,none-Ang-HS4,arc labels,,0.4867075664621677,0.0,0.0
Right,random,Ang,RTT,WRM,1,0.3,1,508,19,305,25,none-Ang-HSsrc,nothing,,0.467280163599182,0.0,0.0
Right,random,Ang,RTT,WRM,1,0.3,1,508,19,305,25,none-Ang-PCA,arc segments,16.0,0.5836831342159079,0.0502092050209205,0.631578947368421
Right,random,Ang,RTT,WRM,1,0.3,1,508,19,305,25,QOTu-Ang-HS4,arc labels,,0.48568507157464214,0.0,0.0
Right,random,Ang,RTT,WRM,1,0.3,1,508,19,305,25,QOTu-Ang-HSsrc,arc segments,,0.4815950920245399,0.0,0.0
Right,random,Ang,RTT,WRM,1,0.3,1,508,19,305,25,QOTu-Ang-PCA,arc segments,16.0,0.6644602303304272,0.075,0.631578947368421
Right,random,Ang,RTT,WRM,1,0.3,1,508,19,305,25,QOTc-Ang-HS4,arc labels,,0.5034980088257454,0.03821656050955414,0.3157894736842105
Right,random,Ang,RTT,WRM,1,0.3,1,508,19,305,25,QOTc-Ang-HSsrc,arc labels,,0.569422021310946,0.0547945205479452,0.42105263157894735
Right,random,Ang,RTT,WRM,1,0.3,1,508,19,305,25,QOTc-Ang-PCA,arc labels,64.0,0.47137014314928427,0.0,0.0
Right,random,Ang,RTT,WRM,1,0.3,1,508,19,305,25,SDM-Ang-HS4,arc labels,,0.49284253578732107,0.0,0.0
Right,random,Ang,RTT,WRM,1,0.3,1,508,19,305,25,SDM-Ang-HSsrc,arc labels,,0.5574211602626197,0.05343511450381679,0.3684210526315789
Right,random,Ang,RTT,WRM,1,0.3,1,508,19,305,25,SDM-Ang-PCA,arc labels,64.0,0.48746098374771285,0.02564102564102564,0.05263157894736842
Right,random,Ang,RTT,WRM,1,0.5,1,508,19,487,40,NoAdapt,nothing,,0.513776773221397,0.05,0.10526315789473684
Right,random,Ang,RTT,WRM,1,0.5,1,508,19,487,40,TargetOnly,arc labels,,0.4953718652459369,0.034482758620689655,0.10526315789473684
Right,random,Ang,RTT,WRM,1,0.5,1,508,19,487,40,Source+Target,arc labels,,0.5446668819287482,0.05555555555555555,0.2631578947368421
Right,random,Ang,RTT,WRM,1,0.5,1,508,19,487,40,COT,arc labels,,0.47438381229146487,0.030303030303030304,0.21052631578947367
Right,random,Ang,RTT,WRM,1,0.5,1,508,19,487,40,none-Ang-HS4,arc labels,,0.4867075664621677,0.0,0.0
Right,random,Ang,RTT,WRM,1,0.5,1,508,19,487,40,none-Ang-HSsrc,nothing,,0.467280163599182,0.0,0.0
Right,random,Ang,RTT,WRM,1,0.5,1,508,19,487,40,none-Ang-PCA,arc segments,16.0,0.5836831342159079,0.0502092050209205,0.631578947368421
Right,random,Ang,RTT,WRM,1,0.5,1,508,19,487,40,QOTu-Ang-HS4,arc labels,,0.4905284684102895,0.027777777777777776,0.05263157894736842
Right,random,Ang,RTT,WRM,1,0.5,1,508,19,487,40,QOTu-Ang-HSsrc,arc segments,,0.4815950920245399,0.0,0.0
Right,random,Ang,RTT,WRM,1,0.5,1,508,19,487,40,QOTu-Ang-PCA,arc segments,16.0,0.5648477020772791,0.061855670103092786,0.3157894736842105
Right,random,Ang,RTT,WRM,1,0.5,1,508,19,487,40,QOTc-Ang-HS4,arc labels,,0.5244322462598213,0.042105263157894736,0.42105263157894735
Right,random,Ang,RTT,WRM,1,0.5,1,508,19,487,40,QOTc-Ang-HSsrc,arc labels,,0.576579485523625,0.05755395683453238,0.42105263157894735
Right,random,Ang,RTT,WRM,1,0.5,1,508,19,487,40,QOTc-Ang-PCA,arc labels,64.0,0.4069529652351738,0.0,0.0
Right,random,Ang,RTT,WRM,1,0.5,1,508,19,487,40,SDM-Ang-HS4,arc labels,,0.528791303411904,0.0440251572327044,0.3684210526315789
Right,random,Ang,RTT,WRM,1,0.5,1,508,19,487,40,SDM-Ang-HSsrc,arc labels,,0.5804003874717468,0.05555555555555555,0.47368421052631576
Right,random,Ang,RTT,WRM,1,0.5,1,508,19,487,40,SDM-Ang-PCA,arc labels,64.0,0.4805187816166182,0.031746031746031744,0.21052631578947367
Right,random,Ang,RTT,WRM,2,0.05,1,508,18,51,2,NoAdapt,nothing,,0.5096371882086168,0.0425531914893617,0.1111111111111111
Right,random,Ang,RTT,WRM,2,0.05,1,508,18,51,2,TargetOnly,arc labels,,0.47086167800453516,0.023529411764705882,0.1111111111111111
Right,random,Ang,RTT,WRM,2,0.05,1,508,18,51,2,Source+Target,arc labels,,0.5075963718820862,0.04081632653061224,0.1111111111111111
Right,random,Ang,RTT,WRM,2,0.05,1,508,18,51,2,COT,arc labels,,0.4371882086167801,0.01694915254237288,0.1111111111111111
Right,random,Ang,RTT,WRM,2,0.05,1,508,18,51,2,none-Ang-HS4,arc labels,,0.4816326530612245,0.0,0.0
Right,random,Ang,RTT,WRM,2,0.05,1,508,18,51,2,none-Ang-HSsrc,nothing,,0.4530612244897959,0.0,0.0
Right,random,Ang,RTT,WRM,2,0.05,1,508,18,51,2,none-Ang-PCA,arc segments,16.0,0.5976190476190476,0.04938271604938271,0.6666666666666666
Right,random,Ang,RTT,WRM,2,0.05,1,508,18,51,2,QOTu-Ang-HS4,arc labels,,0.46938775510204084,0.0,0.0
Right,random,Ang,RTT,WRM,2,0.05,1,508,18,51,2,QOTu-Ang-HSsrc,arc segments,,0.46938775510204084,0.0,0.0
Right,random,Ang,RTT,WRM,2,0.05,1,508,18,51,2,QOTu-Ang-PCA,arc segments,16.0,0.5590702947845805,0.07272727272727272,0.2222222222222222
Right,random,Ang,RTT,WRM,2,0.05,1,508,18,51,2,QOTc-Ang-HS4,arc labels,,0.5266439909297052,0.043478260869565216,0.2777777777777778
Right,random,Ang,RTT,WRM,2,0.05,1,508,18,51,2,QOTc-Ang-HSsrc,arc labels,,0.6037414965986394,0.05063291139240506,0.6666666666666666
Right,random,Ang,RTT,WRM,2,0.05,1,508,18,51,2,QOTc-Ang-PCA,arc labels,32.0,0.5218820861678004,0.05714285714285714,0.1111111111111111
Right,random,Ang,RTT,WRM,2,0.05,1,508,18,51,2,SDM-Ang-HS4,arc labels,,0.526984126984127,0.06666666666666667,0.1111111111111111
Right,random,Ang,RTT,WRM,2,0.05,1,508,18,51,2,SDM-Ang-HSsrc,arc labels,,0.3901360544217687,0.021660649819494584,0.3333333333333333
Right,random,Ang,RTT,WRM,2,0.05,1,508,18,51,2,SDM-Ang-PCA,arc labels,32.0,0.5223356009070295,0.04395604395604396,0.2222222222222222
Right,random,Ang,RTT,WRM,2,0.1,1,508,18,102,8,NoAdapt,nothing,,0.5096371882086168,0.0425531914893617,0.1111111111111111
Right,random,Ang,RTT,WRM,2,0.1,1,508,18,102,8,TargetOnly,arc labels,,0.5096371882086168,0.036544850498338874,0.6111111111111112
Right,random,Ang,RTT,WRM,2,0.1,1,508,18,102,8,Source+Target,arc labels,,0.5292517006802722,0.05357142857142857,0.16666666666666666
Right,random,Ang,RTT,WRM,2,0.1,1,508,18,102,8,COT,arc labels,,0.3761904761904762,0.014563106796116505,0.16666666666666666
Right,random,Ang,RTT,WRM,2,0.1,1,508,18,102,8,none-Ang-HS4,arc labels,,0.47551020408163264,0.0,0.0
Right,random,Ang,RTT,WRM,2,0.1,1,508,18,102,8,none-Ang-HSsrc,nothing,,0.4530612244897959,0.0,0.0
Right,random,Ang,RTT,WRM,2,0.1,1,508,18,102,8,none-Ang-PCA,arc segments,16.0,0.5976190476190476,0.04938271604938271,0.6666666666666666
Right,random,Ang,RTT,WRM,2,0.1,1,508,18,102,8,QOTu-Ang-HS4,arc labels,,0.5014739229024944,0.03636363636363636,0.1111111111111111
Right,random,Ang,RTT,WRM,2,0.1,1,508,18,102,8,QOTu-Ang-HSsrc,arc segments,,0.4704081632653061,0.0,0.0
Right,random,Ang,RTT,WRM,2,0.1,1,508,18,102,8,QOTu-Ang-PCA,arc segments,16.0,0.5002267573696145,0.03571428571428571,0.05555555555555555
Right,random,Ang,RTT,WRM,2,0.1,1,508,18,102,8,QOTc-Ang-HS4,arc labels,,0.5874149659863945,0.04743083003952569,0.6666666666666666
Right,random,Ang,RTT,WRM,2,0.1,1,508,18,102,8,QOTc-Ang-HSsrc,arc labels,,0.5757369614512472,0.04807692307692308,0.5555555555555556
Right,random,Ang,RTT,WRM,2,0.1,1,508,18,102,8,QOTc-Ang-PCA,arc labels,64.0,0.4887755102040816,0.0,0.0
Right,random,Ang,RTT,WRM,2,0.1,1,508,18,102,8,SDM-Ang-HS4,arc labels,,0.5530612244897959,0.04455445544554455,0.5
Right,random,Ang,RTT,WRM,2,0.1,1,508,18,102,8,SDM-Ang-HSsrc,arc labels,,0.6261904761904762,0.05581395348837209,0.6666666666666666
Right,random,Ang,RTT,WRM,2,0.1,1,508,18,102,8,SDM-Ang-PCA,arc labels,64.0,0.49308390022675735,0.02857142857142857,0.05555555555555555
Right,random,Ang,RTT,WRM,2,0.2,1,508,18,203,17,NoAdapt,nothing,,0.5096371882086168,0.0425531914893617,0.1111111111111111
Right,random,Ang,RTT,WRM,2,0.2,1,508,18,203,17,TargetOnly,arc labels,,0.5106575963718821,0.043478260869565216,0.1111111111111111
Right,random,Ang,RTT,WRM,2,0.2,1,508,18,203,17,Source+Target,arc labels,,0.5108843537414967,0.04054054054054054,0.16666666666666666
Right,random,Ang,RTT,WRM,2,0.2,1,508,18,203,17,COT,arc labels,,0.5605442176870749,0.05454545454545454,0.3333333333333333
Right,random,Ang,RTT,WRM,2,0.2,1,508,18,203,17,none-Ang-HS4,arc labels,,0.47653061224489796,0.0,0.0
Right,random,Ang,RTT,WRM,2,0.2,1,508,18,203,17,none-Ang-HSsrc,nothing,,0.4530612244897959,0.0,0.0
Right,random,Ang,RTT,WRM,2,0.2,1,508,18,203,17,none-Ang-PCA,arc segments,16.0,0.595578231292517,0.04897959183673469,0.6666666666666666
Right,random,Ang,RTT,WRM,2,0.2,1,508,18,203,17,QOTu-Ang-HS4,arc labels,,0.47551020408163264,0.0,0.0
Right,random,Ang,RTT,WRM,2,0.2,1,508,18,203,17,QOTu-Ang-HSsrc,arc segments,,0.4704081632653061,0.0,0.0
Right,random,Ang,RTT,WRM,2,0.2,1,508,18,203,17,QOTu-Ang-PCA,arc segments,16.0,0.4981859410430839,0.03333333333333333,0.05555555555555555
Right,random,Ang,RTT,WRM,2,0.2,1,508,18,203,17,QOTc-Ang-HS4,arc labels,,0.5011337868480725,0.03571428571428571,0.2777777777777778
Right,random,Ang,RTT,WRM,2,0.2,1,508,18,203,17,QOTc-Ang-HSsrc,arc labels,,0.6343537414965986,0.057971014492753624,0.6666666666666666
Right,random,Ang,RTT,WRM,2,0.2,1,508,18,203,17,QOTc-Ang-PCA,arc labels,64.0,0.4806122448979592,0.0,0.0
Right,random,Ang,RTT,WRM,2,0.2,1,508,18,203,17,SDM-Ang-HS4,arc labels,,0.4981859410430839,0.03333333333333333,0.05555555555555555
Right,random,Ang,RTT,WRM,2,0.2,1,508,18,203,17,SDM-Ang-HSsrc,arc labels,,0.5693877551020408,0.04838709677419355,0.5
Right,random,Ang,RTT,WRM,2,0.2,1,508,18,203,17,SDM-Ang-PCA,arc labels,64.0,0.5374149659863946,0.0625,0.16666666666666666
Right,random,Ang,RTT,WRM,2,0.3,1,508,18,305,25,NoAdapt,nothing,,0.5096371882086168,0.0425531914893617,0.1111111111111111
Right,random,Ang,RTT,WRM,2,0.3,1,508,18,305,25,TargetOnly,arc labels,,0.658390022675737,0.07874015748031496,0.5555555555555556
Right,random,Ang,RTT,WRM,2,0.3,1,508,18,305,25,Source+Target,arc labels,,0.5582766439909297,0.05952380952380952,0.2777777777777778
Right,random,Ang,RTT,WRM,2,0.3,1,508,18,305,25,COT,arc labels,,0.6298185941043084,0.06451612903225806,0.5555555555555556
Right,random,Ang,RTT,WRM,2,0.3,1,508,18,305,25,none-Ang-HS4,arc labels,,0.47551020408163264,0.0,0.0
Right,random,Ang,RTT,WRM,2,0.3,1,508,18,305,25,none-Ang-HSsrc,nothing,,0.4530612244897959,0.0,0.0
Right,random,Ang,RTT,WRM,2,0.3,1,508,18,305,25,none-Ang-PCA,arc segments,16.0,0.595578231292517,0.04897959183673469,0.6666666666666666
Right,random,Ang,RTT,WRM,2,0.3,1,508,18,305,25,QOTu-Ang-HS4,arc labels,,0.5065759637188209,0.04,0.1111111111111111
Right,random,Ang,RTT,WRM,2,0.3,1,508,18,305,25,QOTu-Ang-HSsrc,arc segments,,0.4704081632653061,0.0,0.0
Right,random,Ang,RTT,WRM,2,0.3,1,508,18,305,25,QOTu-Ang-PCA,arc segments,16.0,0.495124716553288,0.030303030303030304,0.05555555555555555
Right,random,Ang,RTT,WRM,2,0.3,1,508,18,305,25,QOTc-Ang-HS4,arc labels,,0.5863945578231292,0.047244094488188976,0.6666666666666666
Right,random,Ang,RTT,WRM,2,0.3,1,508,18,305,25,QOTc-Ang-HSsrc,arc labels,,0.5660997732426304,0.049689440993788817,0.4444444444444444
Right,random,Ang,RTT,WRM,2,0.3,1,508,18,305,25,QOTc-Ang-PCA,arc labels,64.0,0.47959183673469385,0.0,0.0
Right,random,Ang,RTT,WRM,2,0.3,1,508,18,305,25,SDM-Ang-HS4,arc labels,,0.5352607709750566,0.04294478527607362,0.3888888888888889
Right,random,Ang,RTT,WRM,2,0.3,1,508,18,305,25,SDM-Ang-HSsrc,arc labels,,0.5757369614512472,0.04807692307692308,0.5555555555555556
Right,random,Ang,RTT,WRM,2,0.3,1,508,18,305,25,SDM-Ang-PCA,arc labels,64.0,0.4947845804988662,0.03389830508474576,0.2222222222222222
Right,random,Ang,RTT,WRM,2,0.5,1,508,18,488,37,NoAdapt,nothing,,0.5096371882086168,0.0425531914893617,0.1111111111111111
Right,random,Ang,RTT,WRM,2,0.5,1,508,18,488,37,TargetOnly,arc labels,,0.5840136054421768,0.06896551724137931,0.3333333333333333
Right,random,Ang,RTT,WRM,2,0.5,1,508,18,488,37,Source+Target,arc labels,,0.5552154195011338,0.05747126436781609,0.2777777777777778
Right,random,Ang,RTT,WRM,2,0.5,1,508,18,488,37,COT,arc labels,,0.56859410430839,0.046511627906976744,0.5555555555555556
Right,random,Ang,RTT,WRM,2,0.5,1,508,18,488,37,none-Ang-HS4,arc labels,,0.4775510204081633,0.0,0.0
Right,random,Ang,RTT,WRM,2,0.5,1,508,18,488,37,none-Ang-HSsrc,nothing,,0.4530612244897959,0.0,0.0
Right,random,Ang,RTT,WRM,2,0.5,1,508,18,488,37,none-Ang-PCA,arc segments,16.0,0.5914965986394558,0.04819277108433735,0.6666666666666666
Right,random,Ang,RTT,WRM,2,0.5,1,508,18,488,37,QOTu-Ang-HS4,arc labels,,0.5035147392290249,0.03773584905660377,0.1111111111111111
Right,random,Ang,RTT,WRM,2,0.5,1,508,18,488,37,QOTu-Ang-HSsrc,arc segments,,0.4704081632653061,0.0,0.0
Right,random,Ang,RTT,WRM,2,0.5,1,508,18,488,37,QOTu-Ang-PCA,arc segments,16.0,0.5687074829931973,0.058823529411764705,0.3333333333333333
Right,random,Ang,RTT,WRM,2,0.5,1,508,18,488,37,QOTc-Ang-HS4,arc labels,,0.5853741496598639,0.047058823529411764,0.6666666666666666
Right,random,Ang,RTT,WRM,2,0.5,1,508,18,488,37,QOTc-Ang-HSsrc,arc labels,,0.5660997732426304,0.049689440993788817,0.4444444444444444
Right,random,Ang,RTT,WRM,2,0.5,1,508,18,488,37,QOTc-Ang-PCA,arc labels,64.0,0.44024943310657594,0.017391304347826087,0.1111111111111111
Right,random,Ang,RTT,WRM,2,0.5,1,508,18,488,37,SDM-Ang-HS4,arc labels,,0.592517006802721,0.04838709677419355,0.6666666666666666
Right,random,Ang,RTT,WRM,2,0.5,1,508,18,488,37,SDM-Ang-HSsrc,arc labels,,0.5798185941043084,0.049019607843137254,0.5555555555555556
Right,random,Ang,RTT,WRM,2,0.5,1,508,18,488,37,SDM-Ang-PCA,arc labels,64.0,0.4909297052154195,0.03333333333333333,0.2777777777777778
Right,random,Ang,RTT,WRM,3,0.05,1,508,34,51,2,NoAdapt,nothing,,0.6152271034996277,0.15294117647058825,0.38235294117647056
Right,random,Ang,RTT,WRM,3,0.05,1,508,34,51,2,TargetOnly,arc labels,,0.5719781583519483,0.10317460317460317,0.38235294117647056
Right,random,Ang,RTT,WRM,3,0.05,1,508,34,51,2,Source+Target,arc labels,,0.6404194589228096,0.16483516483516483,0.4411764705882353
Right,random,Ang,RTT,WRM,3,0.05,1,508,34,51,2,COT,arc labels,,0.4918714321171507,0.06575963718820861,0.8529411764705882
Right,random,Ang,RTT,WRM,3,0.05,1,508,34,51,2,none-Ang-HS4,arc labels,,0.5215934475055846,0.07894736842105263,0.2647058823529412
Right,random,Ang,RTT,WRM,3,0.05,1,508,34,51,2,none-Ang-HSsrc,nothing,,0.5953090096798213,0.14864864864864866,0.3235294117647059
Right,random,Ang,RTT,WRM,3,0.05,1,508,34,51,2,none-Ang-PCA,arc segments,8.0,0.6309257880367336,0.15,0.4411764705882353
Right,random,Ang,RTT,WRM,3,0.05,1,508,34,51,2,QOTu-Ang-HS4,arc labels,,0.6075328865723504,0.10778443113772455,0.5294117647058824
Right,random,Ang,RTT,WRM,3,0.05,1,508,34,51,2,QOTu-Ang-HSsrc,arc segments,,0.608277488210474,0.0954356846473029,0.6764705882352942
Right,random,Ang,RTT,WRM,3,0.05,1,508,34,51,2,QOTu-Ang-PCA,arc segments,32.0,0.5616778356912385,0.11842105263157894,0.2647058823529412
Right,random,Ang,RTT,WRM,3,0.05,1,508,34,51,2,QOTc-Ang-HS4,arc labels,,0.50620501365103,0.08333333333333333,0.058823529411764705
Right,random,Ang,RTT,WRM,3,0.05,1,508,34,51,2,QOTc-Ang-HSsrc,arc labels,,0.5530528667163068,0.09302325581395349,0.35294117647058826
Right,random,Ang,RTT,WRM,3,0.05,1,508,34,51,2,QOTc-Ang-PCA,arc labels,64.0,0.48790022338049144,0.061068702290076333,0.23529411764705882
Right,random,Ang,RTT,WRM,3,0.05,1,508,34,51,2,SDM-Ang-HS4,arc labels,,0.5027922561429635,0.06896551724137931,0.17647058823529413
Right,random,Ang,RTT,WRM,3,0.05,1,508,34,51,2,SDM-Ang-HSsrc,arc labels,,0.5478406552494416,0.09243697478991597,0.3235294117647059
Right,random,Ang,RTT,WRM,3,0.05,1,508,34,51,2,SDM-Ang-PCA,arc labels,64.0,0.5202903946388682,0.07428571428571429,0.38235294117647056
Right,random,Ang,RTT,WRM,3,0.1,1,508,34,102,5,NoAdapt,nothing,,0.6152271034996277,0.15294117647058825,0.38235294117647056
Right,random,Ang,RTT,WRM,3,0.1,1,508,34,102,5,TargetOnly,arc labels,,0.5717299578059072,0.0913978494623656,0.5
Right,random,Ang,RTT,WRM,3,0.1,1,508,34,102,5,Source+Target,arc labels,,0.6362000496401092,0.15789473684210525,0.4411764705882353
Right,random,Ang,RTT,WRM,3,0.1,1,508,34,102,5,COT,arc labels,,0.4199553239017126,0.05,0.4411764705882353
Right,random,Ang,RTT,WRM,3,0.1,1,508,34,102,5,none-Ang-HS4,arc labels,,0.5366095805410772,0.125,0.14705882352941177
Right,random,Ang,RTT,WRM,3,0.1,1,508,34,102,5,none-Ang-HSsrc,nothing,,0.5953090096798213,0.14864864864864866,0.3235294117647059
Right,random,Ang,RTT,WRM,3,0.1,1,508,34,102,5,none-Ang-PCA,arc segments,8.0,0.6309257880367336,0.15,0.4411764705882353
Right,random,Ang,RTT,WRM,3,0.1,1,508,34,102,5,QOTu-Ang-HS4,arc labels,,0.5530528667163068,0.09302325581395349,0.35294117647058826
Right,random,Ang,RTT,WRM,3,0.1,1,508,34,102,5,QOTu-Ang-HSsrc,arc segments,,0.6064780342516753,0.10714285714285714,0.5294117647058824
Right,random,Ang,RTT,WRM,3,0.1,1,508,34,102,5,QOTu-Ang-PCA,arc segments,64.0,0.532452221394887,0.13793103448275862,0.11764705882352941
Right,random,Ang,RTT,WRM,3,0.1,1,508,34,102,5,QOTc-Ang-HS4,arc labels,,0.558265078183172,0.09352517985611511,0.38235294117647056
Right,random,Ang,RTT,WRM,3,0.1,1,508,34,102,5,QOTc-Ang-HSsrc,arc labels,,0.6657979647555224,0.10130718954248366,0.9117647058823529
Right,random,Ang,RTT,WRM,3,0.1,1,508,34,102,5,QOTc-Ang-PCA,arc labels,32.0,0.46903698188136017,0.05042016806722689,0.17647058823529413
Right,random,Ang,RTT,WRM,3,0.1,1,508,34,102,5,SDM-Ang-HS4,arc labels,,0.5257508066517746,0.08,0.29411764705882354
Right,random,Ang,RTT,WRM,3,0.1,1,508,34,102,5,SDM-Ang-HSsrc,arc labels,,0.6144825018615041,0.09433962264150944,0.7352941176470589
Right,random,Ang,RTT,WRM,3,0.1,1,508,34,102,5,SDM-Ang-PCA,arc labels,64.0,0.5753909158600149,0.14285714285714285,0.2647058823529412
Right,random,Ang,RTT,WRM,3,0.2,1,508,34,203,10,NoAdapt,nothing,,0.6152271034996277,0.15294117647058825,0.38235294117647056
Right,random,Ang,RTT,WRM,3,0.2,1,508,34,203,10,TargetOnly,arc labels,,0.5737155621742368,0.08878504672897196,0.5588235294117647
Right,random,Ang,RTT,WRM,3,0.2,1,508,34,203,10,Source+Target,arc labels,,0.6403574087862993,0.1509433962264151,0.47058823529411764
Right,random,Ang,RTT,WRM,3,0.2,1,508,34,203,10,COT,arc labels,,0.39439066765946884,0.049479166666666664,0.5588235294117647
Right,random,Ang,RTT,WRM,3,0.2,1,508,34,203,10,none-Ang-HS4,arc labels,,0.5649664929262844,0.16279069767441862,0.20588235294117646
Right,random,Ang,RTT,WRM,3,0.2,1,508,34,203,10,none-Ang-HSsrc,nothing,,0.5953090096798213,0.14864864864864866,0.3235294117647059
Right,random,Ang,RTT,WRM,3,0.2,1,508,34,203,10,none-Ang-PCA,arc segments,8.0,0.6309257880367336,0.15,0.4411764705882353
Right,random,Ang,RTT,WRM,3,0.2,1,508,34,203,10,QOTu-Ang-HS4,arc labels,,0.5544179697195334,0.1320754716981132,0.20588235294117646
Right,random,Ang,RTT,WRM,3,0.2,1,508,34,203,10,QOTu-Ang-HSsrc,arc segments,,0.6006453214197072,0.18518518518518517,0.29411764705882354
Right,random,Ang,RTT,WRM,3,0.2,1,508,34,203,10,QOTu-Ang-PCA,arc segments,16.0,0.5561553735418218,0.09219858156028368,0.38235294117647056
Right,random,Ang,RTT,WRM,3,0.2,1,508,34,203,10,QOTc-Ang-HS4,arc labels,,0.5664556962025317,0.08900523560209424,0.5
Right,random,Ang,RTT,WRM,3,0.2,1,508,34,203,10,QOTc-Ang-HSsrc,arc labels,,0.6250310250682551,0.09803921568627451,0.7352941176470589
Right,random,Ang,RTT,WRM,3,0.2,1,508,34,203,10,QOTc-Ang-PCA,arc labels,64.0,0.532452221394887,0.13793103448275862,0.11764705882352941
Right,random,Ang,RTT,WRM,3,0.2,1,508,34,203,10,SDM-Ang-HS4,arc labels,,0.5498262596177712,0.08843537414965986,0.38235294117647056
Right,random,Ang,RTT,WRM,3,0.2,1,508,34,203,10,SDM-Ang-HSsrc,arc labels,,0.6201911144204517,0.11612903225806452,0.5294117647058824
Right,random,Ang,RTT,WRM,3,0.2,1,508,34,203,10,SDM-Ang-PCA,arc labels,64.0,0.5103003226607098,0.08,0.11764705882352941
Right,random,Ang,RTT,WRM,3,0.3,1,508,34,305,13,NoAdapt,nothing,,0.6152271034996277,0.15294117647058825,0.38235294117647056
Right,random,Ang,RTT,WRM,3,0.3,1,508,34,305,13,TargetOnly,arc labels,,0.5335691238520724,0.0749063670411985,0.5882352941176471
Right,random,Ang,RTT,WRM,3,0.3,1,508,34,305,13,Source+Target,arc labels,,0.6382477041449491,0.14814814814814814,0.47058823529411764
Right,random,Ang,RTT,WRM,3,0.3,1,508,34,305,13,COT,arc labels,,0.46487962273517003,0.06077348066298342,0.6470588235294118
Right,random,Ang,RTT,WRM,3,0.3,1,508,34,305,13,none-Ang-HS4,arc labels,,0.5649664929262844,0.16279069767441862,0.20588235294117646
Right,random,Ang,RTT,WRM,3,0.3,1,508,34,305,13,none-Ang-HSsrc,nothing,,0.5953090096798213,0.14864864864864866,0.3235294117647059
Right,random,Ang,RTT,WRM,3,0.3,1,508,34,305,13,none-Ang-PCA,arc segments,8.0,0.6309257880367336,0.15,0.4411764705882353
Right,random,Ang,RTT,WRM,3,0.3,1,508,34,305,13,QOTu-Ang-HS4,arc labels,,0.5565276743608836,0.13725490196078433,0.20588235294117646
Right,random,Ang,RTT,WRM,3,0.3,1,508,34,305,13,QOTu-Ang-HSsrc,arc segments,,0.6006453214197072,0.18518518518518517,0.29411764705882354
Right,random,Ang,RTT,WRM,3,0.3,1,508,34,305,13,QOTu-Ang-PCA,arc segments,16.0,0.5551005212211466,0.09154929577464789,0.38235294117647056
Right,random,Ang,RTT,WRM,3,0.3,1,508,34,305,13,QOTc-Ang-HS4,arc labels,,0.5425043435095558,0.08633093525179857,0.35294117647058826
Right,random,Ang,RTT,WRM,3,0.3,1,508,34,305,13,QOTc-Ang-HSsrc,arc labels,,0.6263961280714818,0.11173184357541899,0.5882352941176471
Right,random,Ang,RTT,WRM,3,0.3,1,508,34,305,13,QOTc-Ang-PCA,arc labels,32.0,0.5037850583271283,0.06930693069306931,0.20588235294117646
Right,random,Ang,RTT,WRM,3,0.3,1,508,34,305,13,SDM-Ang-HS4,arc labels,,0.4957805907172996,0.06589147286821706,0.5
Right,random,Ang,RTT,WRM,3,0.3,1,508,34,305,13,SDM-Ang-HSsrc,arc labels,,0.6218664681062298,0.09689922480620156,0.7352941176470589
Right,random,Ang,RTT,WRM,3,0.3,1,508,34,305,13,SDM-Ang-PCA,arc labels,64.0,0.49354678580292877,0.05555555555555555,0.058823529411764705
Right,random,Ang,RTT,WRM,3,0.5,1,508,34,487,23,NoAdapt,nothing,,0.6152271034996277,0.15294117647058825,0.38235294117647056
Right,random,Ang,RTT,WRM,3,0.5,1,508,34,487,23,TargetOnly,arc labels,,0.5945023579051874,0.08921933085501858,0.7058823529411765
Right,random,Ang,RTT,WRM,3,0.5,1,508,34,487,23,Source+Target,arc labels,,0.6550012410027302,0.14754098360655737,0.5294117647058824
Right,random,Ang,RTT,WRM,3,0.5,1,508,34,487,23,COT,arc labels,,0.4883966244725738,0.06415094339622641,0.5
Right,random,Ang,RTT,WRM,3,0.5,1,508,34,487,23,none-Ang-HS4,arc labels,,0.5660213452469596,0.16666666666666666,0.20588235294117646
Right,random,Ang,RTT,WRM,3,0.5,1,508,34,487,23,none-Ang-HSsrc,nothing,,0.5953090096798213,0.14864864864864866,0.3235294117647059
Right,random,Ang,RTT,WRM,3,0.5,1,508,34,487,23,none-Ang-PCA,arc segments,16.0,0.4632663191859022,0.05737704918032787,0.4117647058823529
Right,random,Ang,RTT,WRM,3,0.5,1,508,34,487,23,QOTu-Ang-HS4,arc labels,,0.5541697691734921,0.09734513274336283,0.3235294117647059
Right,random,Ang,RTT,WRM,3,0.5,1,508,34,487,23,QOTu-Ang-HSsrc,arc segments,,0.599590469099032,0.18181818181818182,0.29411764705882354
Right,random,Ang,RTT,WRM,3,0.5,1,508,34,487,23,QOTu-Ang-PCA,arc segments,16.0,0.5551005212211466,0.09154929577464789,0.38235294117647056
Right,random,Ang,RTT,WRM,3,0.5,1,508,34,487,23,QOTc-Ang-HS4,arc labels,,0.48932737652022834,0.06462585034013606,0.5588235294117647
Right,random,Ang,RTT,WRM,3,0.5,1,508,34,487,23,QOTc-Ang-HSsrc,arc labels,,0.6221767187887813,0.1092896174863388,0.5882352941176471
Right,random,Ang,RTT,WRM,3,0.5,1,508,34,487,23,QOTc-Ang-PCA,arc labels,32.0,0.5408289898237776,0.1388888888888889,0.14705882352941177
Right,random,Ang,RTT,WRM,3,0.5,1,508,34,487,23,SDM-Ang-HS4,arc labels,,0.5384710846363862,0.07386363636363637,0.7647058823529411
Right,random,Ang,RTT,WRM,3,0.5,1,508,34,487,23,SDM-Ang-HSsrc,arc labels,,0.6218664681062298,0.09689922480620156,0.7352941176470589
Right,random,Ang,RTT,WRM,3,0.5,1,508,34,487,23,SDM-Ang-PCA,arc labels,64.0,0.49528418962521714,0.06451612903225806,0.23529411764705882
Right,random,Ang,RTT,WRM,4,0.05,1,508,32,51,3,NoAdapt,nothing,,0.6596638655462185,0.1568627450980392,0.5
Right,random,Ang,RTT,WRM,4,0.05,1,508,32,51,3,TargetOnly,arc labels,,0.5710346638655462,0.102803738317757,0.34375
Right,random,Ang,RTT,WRM,4,0.05,1,508,32,51,3,Source+Target,arc labels,,0.6482405462184874,0.15463917525773196,0.46875
Right,random,Ang,RTT,WRM,4,0.05,1,508,32,51,3,COT,arc labels,,0.5709033613445378,0.0975609756097561,0.375
Right,random,Ang,RTT,WRM,4,0.05,1,508,32,51,3,none-Ang-HS4,arc labels,,0.5963760504201681,0.14925373134328357,0.3125
Right,random,Ang,RTT,WRM,4,0.05,1,508,32,51,3,none-Ang-HSsrc,nothing,,0.5920430672268908,0.12643678160919541,0.34375
Right,random,Ang,RTT,WRM,4,0.05,1,508,32,51,3,none-Ang-PCA,arc segments,32.0,0.4648109243697479,0.041237113402061855,0.125
Right,random,Ang,RTT,WRM,4,0.05,1,508,32,51,3,QOTu-Ang-HS4,arc labels,,0.5974264705882353,0.15151515151515152,0.3125
Right,random,Ang,RTT,WRM,4,0.05,1,508,32,51,3,QOTu-Ang-HSsrc,arc segments,,0.5974264705882353,0.15151515151515152,0.3125
Right,random,Ang,RTT,WRM,4,0.05,1,508,32,51,3,QOTu-Ang-PCA,arc segments,32.0,0.616202731092437,0.171875,0.34375
Right,random,Ang,RTT,WRM,4,0.05,1,508,32,51,3,QOTc-Ang-HS4,arc labels,,0.584952731092437,0.14516129032258066,0.28125
Right,random,Ang,RTT,WRM,4,0.05,1,508,32,51,3,QOTc-Ang-HSsrc,arc labels,,0.6225052521008403,0.10270270270270271,0.59375
Right,random,Ang,RTT,WRM,4,0.05,1,508,32,51,3,QOTc-Ang-PCA,arc labels,64.0,0.5546218487394958,0.10666666666666667,0.25
Right,random,Ang,RTT,WRM,4,0.05,1,508,32,51,3,SDM-Ang-HS4,arc labels,,0.4800420168067227,0.0547945205479452,0.25
Right,random,Ang,RTT,WRM,4,0.05,1,508,32,51,3,SDM-Ang-HSsrc,arc labels,,0.5718224789915967,0.09420289855072464,0.40625
Right,random,Ang,RTT,WRM,4,0.05,1,508,32,51,3,SDM-Ang-PCA,arc labels,8.0,0.6130514705882353,0.16417910447761194,0.34375
Right,random,Ang,RTT,WRM,4,0.1,1,508,32,102,6,NoAdapt,nothing,,0.6596638655462185,0.1568627450980392,0.5
Right,random,Ang,RTT,WRM,4,0.1,1,508,32,102,6,TargetOnly,arc labels,,0.50328256302521,0.06382978723404255,0.46875
Right,random,Ang,RTT,WRM,4,0.1,1,508,32,102,6,Source+Target,arc labels,,0.6617647058823529,0.16,0.5
Right,random,Ang,RTT,WRM,4,0.1,1,508,32,102,6,COT,arc labels,,0.4623161764705882,0.05474452554744526,0.46875
Right,random,Ang,RTT,WRM,4,0.1,1,508,32,102,6,none-Ang-HS4,arc labels,,0.5715598739495799,0.16279069767441862,0.21875
Right,random,Ang,RTT,WRM,4,0.1,1,508,32,102,6,none-Ang-HSsrc,nothing,,0.5920430672268908,0.12643678160919541,0.34375
Right,random,Ang,RTT,WRM,4,0.1,1,508,32,102,6,none-Ang-PCA,arc segments,16.0,0.4411764705882353,0.04371584699453552,0.25
Right,random,Ang,RTT,WRM,4,0.1,1,508,32,102,6,QOTu-Ang-HS4,arc labels,,0.5798319327731092,0.1568627450980392,0.25
Right,random,Ang,RTT,WRM,4,0.1,1,508,32,102,6,QOTu-Ang-HSsrc,arc segments,,0.5974264705882353,0.15151515151515152,0.3125
Right,random,Ang,RTT,WRM,4,0.1,1,508,32,102,6,QOTu-Ang-PCA,arc segments,32.0,0.5945378151260504,0.08247422680412371,0.75
Right,random,Ang,RTT,WRM,4,0.1,1,508,32,102,6,QOTc-Ang-HS4,arc labels,,0.5539653361344538,0.17857142857142858,0.15625
Right,random,Ang,RTT,WRM,4,0.1,1,508,32,102,6,QOTc-Ang-HSsrc,arc labels,,0.6590073529411764,0.11538461538461539,0.65625
Right,random,Ang,RTT,WRM,4,0.1,1,508,32,102,6,QOTc-Ang-PCA,arc labels,64.0,0.5477941176470589,0.2222222222222222,0.125
Right,random,Ang,RTT,WRM,4,0.1,1,508,32,102,6,SDM-Ang-HS4,arc labels,,0.5355829831932772,0.08256880733944955,0.28125
Right,random,Ang,RTT,WRM,4,0.1,1,508,32,102,6,SDM-Ang-HSsrc,arc labels,,0.6260504201680672,0.09195402298850575,0.75
Right,random,Ang,RTT,WRM,4,0.1,1,508,32,102,6,SDM-Ang-PCA,arc labels,16.0,0.45128676470588236,0.049773755656108594,0.34375
Right,random,Ang,RTT,WRM,4,0.2,1,508,32,203,13,NoAdapt,nothing,,0.6596638655462185,0.1568627450980392,0.5
Right,random,Ang,RTT,WRM,4,0.2,1,508,32,203,13,TargetOnly,arc labels,,0.5615808823529411,0.07818930041152264,0.59375
Right,random,Ang,RTT,WRM,4,0.2,1,508,32,203,13,Source+Target,arc labels,,0.6843487394957983,0.14084507042253522,0.625
Right,random,Ang,RTT,WRM,4,0.2,1,508,32,203,13,COT,arc labels,,0.5540966386554622,0.08633093525179857,0.375
Right,random,Ang,RTT,WRM,4,0.2,1,508,32,203,13,none-Ang-HS4,arc labels,,0.5807510504201681,0.13636363636363635,0.28125
Right,random,Ang,RTT,WRM,4,0.2,1,508,32,203,13,none-Ang-HSsrc,nothing,,0.5920430672268908,0.12643678160919541,0.34375
Right,random,Ang,RTT,WRM,4,0.2,1,508,32,203,13,none-Ang-PCA,arc segments,32.0,0.46678046218487396,0.04504504504504504,0.15625
Right,random,Ang,RTT,WRM,4,0.2,1,508,32,203,13,QOTu-Ang-HS4,arc labels,,0.5702468487394958,0.11842105263157894,0.28125
Right,random,Ang,RTT,WRM,4,0.2,1,508,32,203,13,QOTu-Ang-HSsrc,arc segments,,0.584952731092437,0.14516129032258066,0.28125
Right,random,Ang,RTT,WRM,4,0.2,1,508,32,203,13,QOTu-Ang-PCA,arc segments,32.0,0.5966386554621849,0.08304498269896193,0.75
Right,random,Ang,RTT,WRM,4,0.2,1,508,32,203,13,QOTc-Ang-HS4,arc labels,,0.49094012605042014,0.06046511627906977,0.40625
Right,random,Ang,RTT,WRM,4,0.2,1,508,32,203,13,QOTc-Ang-HSsrc,arc labels,,0.6653098739495799,0.11931818181818182,0.65625
Right,random,Ang,RTT,WRM,4,0.2,1,508,32,203,13,QOTc-Ang-PCA,arc labels,64.0,0.531906512605042,0.10204081632653061,0.15625
Right,random,Ang,RTT,WRM,4,0.2,1,508,32,203,13,SDM-Ang-HS4,arc labels,,0.5115546218487395,0.06584362139917696,0.5
Right,random,Ang,RTT,WRM,4,0.2,1,508,32,203,13,SDM-Ang-HSsrc,arc labels,,0.6674107142857143,0.1206896551724138,0.65625
Right,random,Ang,RTT,WRM,4,0.2,1,508,32,203,13,SDM-Ang-PCA,arc labels,64.0,0.5640756302521008,0.08290155440414508,0.5
Right,random,Ang,RTT,WRM,4,0.3,1,508,32,305,20,NoAdapt,nothing,,0.6596638655462185,0.1568627450980392,0.5
Right,random,Ang,RTT,WRM,4,0.3,1,508,32,305,20,TargetOnly,arc labels,,0.6075367647058824,0.09090909090909091,0.65625
Right,random,Ang,RTT,WRM,4,0.3,1,508,32,305,20,Source+Target,arc labels,,0.6869747899159664,0.11822660098522167,0.75
Right,random,Ang,RTT,WRM,4,0.3,1,508,32,305,20,COT,arc labels,,0.4921218487394958,0.06153846153846154,0.625
Right,random,Ang,RTT,WRM,4,0.3,1,508,32,305,20,none-Ang-HS4,arc labels,,0.5684086134453781,0.15217391304347827,0.21875
Right,random,Ang,RTT,WRM,4,0.3,1,508,32,305,20,none-Ang-HSsrc,nothing,,0.5920430672268908,0.12643678160919541,0.34375
Right,random,Ang,RTT,WRM,4,0.3,1,508,32,305,20,none-Ang-PCA,arc segments,16.0,0.4275210084033613,0.04081632653061224,0.25
Right,random,Ang,RTT,WRM,4,0.3,1,508,32,305,20,QOTu-Ang-HS4,arc labels,,0.5589548319327731,0.12727272727272726,0.21875
Right,random,Ang,RTT,WRM,4,0.3,1,508,32,305,20,QOTu-Ang-HSsrc,arc segments,,0.5974264705882353,0.15151515151515152,0.3125
Right,random,Ang,RTT,WRM,4,0.3,1,508,32,305,20,QOTu-Ang-PCA,arc segments,32.0,0.5933560924369747,0.08116883116883117,0.78125
Right,random,Ang,RTT,WRM,4,0.3,1,508,32,305,20,QOTc-Ang-HS4,arc labels,,0.4846376050420168,0.058823529411764705,0.40625
Right,random,Ang,RTT,WRM,4,0.3,1,508,32,305,20,QOTc-Ang-HSsrc,arc labels,,0.6840861344537815,0.12643678160919541,0.6875
Right,random,Ang,RTT,WRM,4,0.3,1,508,32,305,20,QOTc-Ang-PCA,arc labels,64.0,0.545561974789916,0.1388888888888889,0.15625
Right,random,Ang,RTT,WRM,4,0.3,1,508,32,305,20,SDM-Ang-HS4,arc labels,,0.5164128151260504,0.06643356643356643,0.59375
Right,random,Ang,RTT,WRM,4,0.3,1,508,32,305,20,SDM-Ang-HSsrc,arc labels,,0.625,0.0916030534351145,0.75
Right,random,Ang,RTT,WRM,4,0.3,1,508,32,305,20,SDM-Ang-PCA,arc labels,64.0,0.5852153361344538,0.09554140127388536,0.46875
Right,random,Ang,RTT,WRM,4,0.5,1,508,32,487,27,NoAdapt,nothing,,0.6596638655462185,0.1568627450980392,0.5
Right,random,Ang,RTT,WRM,4,0.5,1,508,32,487,27,TargetOnly,arc labels,,0.6013655462184874,0.09049773755656108,0.625
Right,random,Ang,RTT,WRM,4,0.5,1,508,32,487,27,Source+Target,arc labels,,0.6629464285714286,0.10952380952380952,0.71875
Right,random,Ang,RTT,WRM,4,0.5,1,508,32,487,27,COT,arc labels,,0.5676207983193278,0.09154929577464789,0.40625
Right,random,Ang,RTT,WRM,4,0.5,1,508,32,487,27,none-Ang-HS4,arc labels,,0.5673581932773109,0.14893617021276595,0.21875
Right,random,Ang,RTT,WRM,4,0.5,1,508,32,487,27,none-Ang-HSsrc,nothing,,0.5920430672268908,0.12643678160919541,0.34375
Right,random,Ang,RTT,WRM,4,0.5,1,508,32,487,27,none-Ang-PCA,arc segments,32.0,0.4686186974789916,0.04964539007092199,0.21875
Right,random,Ang,RTT,WRM,4,0.5,1,508,32,487,27,QOTu-Ang-HS4,arc labels,,0.5621060924369747,0.1346153846153846,0.21875
Right,random,Ang,RTT,WRM,4,0.5,1,508,32,487,27,QOTu-Ang-HSsrc,arc segments,,0.5974264705882353,0.15151515151515152,0.3125
Right,random,Ang,RTT,WRM,4,0.5,1,508,32,487,27,QOTu-Ang-PCA,arc segments,32.0,0.5694590336134454,0.07692307692307693,0.71875
Right,random,Ang,RTT,WRM,4,0.5,1,508,32,487,27,QOTc-Ang-HS4,arc labels,,0.48253676470588236,0.05829596412556054,0.40625
Right,random,Ang,RTT,WRM,4,0.5,1,508,32,487,27,QOTc-Ang-HSsrc,arc labels,,0.6684611344537815,0.12138728323699421,0.65625
Right,random,Ang,RTT,WRM,4,0.5,1,508,32,487,27,QOTc-Ang-PCA,arc labels,32.0,0.5526523109243697,0.11475409836065574,0.21875
Right,random,Ang,RTT,WRM,4,0.5,1,508,32,487,27,SDM-Ang-HS4,arc labels,,0.5086659663865547,0.06542056074766354,0.4375
Right,random,Ang,RTT,WRM,4,0.5,1,508,32,487,27,SDM-Ang-HSsrc,arc labels,,0.6511292016806722,0.09881422924901186,0.78125
Right,random,Ang,RTT,WRM,4,0.5,1,508,32,487,27,SDM-Ang-PCA,arc labels,64.0,0.5060399159663865,0.06535947712418301,0.3125
Right,random,Ang,RTT,WRM,5,0.05,1,508,32,51,6,NoAdapt,nothing,,0.6449579831932772,0.13793103448275862,0.5
Right,random,Ang,RTT,WRM,5,0.05,1,508,32,51,6,TargetOnly,arc labels,,0.639311974789916,0.11242603550295859,0.59375
Right,random,Ang,RTT,WRM,5,0.05,1,508,32,51,6,Source+Target,arc labels,,0.6416754201680672,0.1259259259259259,0.53125
Right,random,Ang,RTT,WRM,5,0.05,1,508,32,51,6,COT,arc labels,,0.5986081932773109,0.09659090909090909,0.53125
Right,random,Ang,RTT,WRM,5,0.05,1,508,32,51,6,none-Ang-HS4,arc labels,,0.5464810924369747,0.11764705882352941,0.1875
Right,random,Ang,RTT,WRM,5,0.05,1,508,32,51,6,none-Ang-HSsrc,nothing,,0.5804884453781513,0.11224489795918367,0.34375
Right,random,Ang,RTT,WRM,5,0.05,1,508,32,51,6,none-Ang-PCA,arc segments,16.0,0.4695378151260504,0.05128205128205128,0.25
Right,random,Ang,RTT,WRM,5,0.05,1,508,32,51,6,QOTu-Ang-HS4,arc labels,,0.5463497899159664,0.1044776119402985,0.21875
Right,random,Ang,RTT,WRM,5,0.05,1,508,32,51,6,QOTu-Ang-HSsrc,arc segments,,0.5972951680672269,0.13414634146341464,0.34375
Right,random,Ang,RTT,WRM,5,0.05,1,508,32,51,6,QOTu-Ang-PCA,arc segments,16.0,0.5567226890756303,0.1095890410958904,0.25
Right,random,Ang,RTT,WRM,5,0.05,1,508,32,51,6,QOTc-Ang-HS4,arc labels,,0.5589548319327731,0.08241758241758242,0.46875
Right,random,Ang,RTT,WRM,5,0.05,1,508,32,51,6,QOTc-Ang-HSsrc,arc labels,,0.6492909663865547,0.1031390134529148,0.71875
Right,random,Ang,RTT,WRM,5,0.05,1,508,32,51,6,QOTc-Ang-PCA,arc labels,64.0,0.5263918067226891,0.07042253521126761,0.46875
Right,random,Ang,RTT,WRM,5,0.05,1,508,32,51,6,SDM-Ang-HS4,arc labels,,0.6062237394957983,0.10948905109489052,0.46875
Right,random,Ang,RTT,WRM,5,0.05,1,508,32,51,6,SDM-Ang-HSsrc,arc labels,,0.6340598739495799,0.10919540229885058,0.59375
Right,random,Ang,RTT,WRM,5,0.05,1,508,32,51,6,SDM-Ang-PCA,arc labels,64.0,0.5103728991596639,0.06766917293233082,0.28125
Right,random,Ang,RTT,WRM,5,0.1,1,508,32,102,9,NoAdapt,nothing,,0.6449579831932772,0.13793103448275862,0.5
Right,random,Ang,RTT,WRM,5,0.1,1,508,32,102,9,TargetOnly,arc labels,,0.6146271008403361,0.11627906976744186,0.46875
Right,random,Ang,RTT,WRM,5,0.1,1,508,32,102,9,Source+Target,arc labels,,0.6541491596638656,0.12949640287769784,0.5625
Right,random,Ang,RTT,WRM,5,0.1,1,508,32,102,9,COT,arc labels,,0.6176470588235294,0.11267605633802817,0.5
Right,random,Ang,RTT,WRM,5,0.1,1,508,32,102,9,none-Ang-HS4,arc labels,,0.5848214285714286,0.1282051282051282,0.3125
Right,random,Ang,RTT,WRM,5,0.1,1,508,32,102,9,none-Ang-HSsrc,nothing,,0.5804884453781513,0.11224489795918367,0.34375
Right,random,Ang,RTT,WRM,5,0.1,1,508,32,102,9,none-Ang-PCA,arc segments,16.0,0.4695378151260504,0.05128205128205128,0.25
Right,random,Ang,RTT,WRM,5,0.1,1,508,32,102,9,QOTu-Ang-HS4,arc labels,,0.577468487394958,0.11764705882352941,0.3125
Right,random,Ang,RTT,WRM,5,0.1,1,508,32,102,9,QOTu-Ang-HSsrc,arc segments,,0.5972951680672269,0.13414634146341464,0.34375
Right,random,Ang,RTT,WRM,5,0.1,1,508,32,102,9,QOTu-Ang-PCA,arc segments,16.0,0.5702468487394958,0.11842105263157894,0.28125
Right,random,Ang,RTT,WRM,5,0.1,1,508,32,102,9,QOTc-Ang-HS4,arc labels,,0.6108193277310925,0.1411764705882353,0.375
Right,random,Ang,RTT,WRM,5,0.1,1,508,32,102,9,QOTc-Ang-HSsrc,arc labels,,0.6638655462184874,0.10666666666666667,0.75
Right,random,Ang,RTT,WRM,5,0.1,1,508,32,102,9,QOTc-Ang-PCA,arc labels,64.0,0.5112920168067228,0.06756756756756757,0.3125
Right,random,Ang,RTT,WRM,5,0.1,1,508,32,102,9,SDM-Ang-HS4,arc labels,,0.603203781512605,0.11290322580645161,0.4375
Right,random,Ang,RTT,WRM,5,0.1,1,508,32,102,9,SDM-Ang-HSsrc,arc labels,,0.6586134453781513,0.10434782608695652,0.75
Right,random,Ang,RTT,WRM,5,0.1,1,508,32,102,9,SDM-Ang-PCA,arc labels,64.0,0.5529149159663865,0.08333333333333333,0.40625
Right,random,Ang,RTT,WRM,5,0.2,1,508,32,203,18,NoAdapt,nothing,,0.6449579831932772,0.13793103448275862,0.5
Right,random,Ang,RTT,WRM,5,0.2,1,508,32,203,18,TargetOnly,arc labels,,0.6536239495798319,0.10837438423645321,0.6875
Right,random,Ang,RTT,WRM,5,0.2,1,508,32,203,18,Source+Target,arc labels,,0.6695115546218487,0.12209302325581395,0.65625
Right,random,Ang,RTT,WRM,5,0.2,1,508,32,203,18,COT,arc labels,,0.6368172268907564,0.1004566210045662,0.6875
Right,random,Ang,RTT,WRM,5,0.2,1,508,32,203,18,none-Ang-HS4,arc labels,,0.5762867647058824,0.10784313725490197,0.34375
Right,random,Ang,RTT,WRM,5,0.2,1,508,32,203,18,none-Ang-HSsrc,nothing,,0.5804884453781513,0.11224489795918367,0.34375
Right,random,Ang,RTT,WRM,5,0.2,1,508,32,203,18,none-Ang-PCA,arc segments,16.0,0.4684873949579832,0.050955414012738856,0.25
Right,random,Ang,RTT,WRM,5,0.2,1,508,32,203,18,QOTu-Ang-HS4,arc labels,,0.5555409663865547,0.1,0.28125
Right,random,Ang,RTT,WRM,5,0.2,1,508,32,203,18,QOTu-Ang-HSsrc,arc segments,,0.5858718487394958,0.12987012987012986,0.3125
Right,random,Ang,RTT,WRM,5,0.2,1,508,32,203,18,QOTu-Ang-PCA,arc segments,16.0,0.5699842436974789,0.10185185185185185,0.34375
Right,random,Ang,RTT,WRM,5,0.2,1,508,32,203,18,QOTc-Ang-HS4,arc labels,,0.6314338235294117,0.13274336283185842,0.46875
Right,random,Ang,RTT,WRM,5,0.2,1,508,32,203,18,QOTc-Ang-HSsrc,arc labels,,0.6641281512605042,0.11398963730569948,0.6875
Right,random,Ang,RTT,WRM,5,0.2,1,508,32,203,18,QOTc-Ang-PCA,arc labels,32.0,0.546218487394958,0.0963855421686747,0.25
Right,random,Ang,RTT,WRM,5,0.2,1,508,32,203,18,SDM-Ang-HS4,arc labels,,0.6441701680672269,0.10377358490566038,0.6875
Right,random,Ang,RTT,WRM,5,0.2,1,508,32,203,18,SDM-Ang-HSsrc,arc labels,,0.6323529411764706,0.09411764705882353,0.75
Right,random,Ang,RTT,WRM,5,0.2,1,508,32,203,18,SDM-Ang-PCA,arc labels,64.0,0.584296218487395,0.09859154929577464,0.4375
Right,random,Ang,RTT,WRM,5,0.3,1,508,32,305,18,NoAdapt,nothing,,0.6449579831932772,0.13793103448275862,0.5
Right,random,Ang,RTT,WRM,5,0.3,1,508,32,305,18,TargetOnly,arc labels,,0.6548056722689075,0.11290322580645161,0.65625
Right,random,Ang,RTT,WRM,5,0.3,1,508,32,305,18,Source+Target,arc labels,,0.6788340336134453,0.12290502793296089,0.6875
Right,random,Ang,RTT,WRM,5,0.3,1,508,32,305,18,COT,arc labels,,0.5972951680672269,0.09090909090909091,0.59375
Right,random,Ang,RTT,WRM,5,0.3,1,508,32,305,18,none-Ang-HS4,arc labels,,0.6134453781512605,0.1095890410958904,0.5
Right,random,Ang,RTT,WRM,5,0.3,1,508,32,305,18,none-Ang-HSsrc,nothing,,0.5804884453781513,0.11224489795918367,0.34375
Right,random,Ang,RTT,WRM,5,0.3,1,508,32,305,18,none-Ang-PCA,arc segments,16.0,0.4695378151260504,0.05128205128205128,0.25
Right,random,Ang,RTT,WRM,5,0.3,1,508,32,305,18,QOTu-Ang-HS4,arc labels,,0.5555409663865547,0.1,0.28125
Right,random,Ang,RTT,WRM,5,0.3,1,508,32,305,18,QOTu-Ang-HSsrc,arc segments,,0.5701155462184874,0.10869565217391304,0.3125
Right,random,Ang,RTT,WRM,5,0.3,1,508,32,305,18,QOTu-Ang-PCA,arc segments,16.0,0.5597426470588236,0.10465116279069768,0.28125
Right,random,Ang,RTT,WRM,5,0.3,1,508,32,305,18,QOTc-Ang-HS4,arc labels,,0.6196165966386555,0.10897435897435898,0.53125
Right,random,Ang,RTT,WRM,5,0.3,1,508,32,305,18,QOTc-Ang-HSsrc,arc labels,,0.6641281512605042,0.11398963730569948,0.6875
Right,random,Ang,RTT,WRM,5,0.3,1,508,32,305,18,QOTc-Ang-PCA,arc labels,64.0,0.600577731092437,0.15873015873015872,0.3125
Right,random,Ang,RTT,WRM,5,0.3,1,508,32,305,18,SDM-Ang-HS4,arc labels,,0.6431197478991597,0.10328638497652583,0.6875
Right,random,Ang,RTT,WRM,5,0.3,1,508,32,305,18,SDM-Ang-HSsrc,arc labels,,0.6418067226890756,0.0975609756097561,0.75
Right,random,Ang,RTT,WRM,5,0.3,1,508,32,305,18,SDM-Ang-PCA,arc labels,64.0,0.6123949579831933,0.10884353741496598,0.5
Right,random,Ang,RTT,WRM,5,0.5,1,508,32,487,27,NoAdapt,nothing,,0.6449579831932772,0.13793103448275862,0.5
Right,random,Ang,RTT,WRM,5,0.5,1,508,32,487,27,TargetOnly,arc labels,,0.6902573529411764,0.125,0.71875
Right,random,Ang,RTT,WRM,5,0.5,1,508,32,487,27,Source+Target,arc labels,,0.6431197478991597,0.10328638497652583,0.6875
Right,random,Ang,RTT,WRM,5,0.5,1,508,32,487,27,COT,arc labels,,0.5996586134453781,0.09714285714285714,0.53125
Right,random,Ang,RTT,WRM,5,0.5,1,508,32,487,27,none-Ang-HS4,arc labels,,0.5848214285714286,0.1282051282051282,0.3125
Right,random,Ang,RTT,WRM,5,0.5,1,508,32,487,27,none-Ang-HSsrc,nothing,,0.5804884453781513,0.11224489795918367,0.34375
Right,random,Ang,RTT,WRM,5,0.5,1,508,32,487,27,none-Ang-PCA,arc segments,16.0,0.46638655462184875,0.050314465408805034,0.25
Right,random,Ang,RTT,WRM,5,0.5,1,508,32,487,27,QOTu-Ang-HS4,arc labels,,0.5920430672268908,0.12643678160919541,0.34375
Right,random,Ang,RTT,WRM,5,0.5,1,508,32,487,27,QOTu-Ang-HSsrc,arc segments,,0.5816701680672269,0.12345679012345678,0.3125
Right,random,Ang,RTT,WRM,5,0.5,1,508,32,487,27,QOTu-Ang-PCA,arc segments,16.0,0.5597426470588236,0.10465116279069768,0.28125
Right,random,Ang,RTT,WRM,5,0.5,1,508,32,487,27,QOTc-Ang-HS4,arc labels,,0.6272321428571428,0.1282051282051282,0.46875
Right,random,Ang,RTT,WRM,5,0.5,1,508,32,487,27,QOTc-Ang-HSsrc,arc labels,,0.6464023109243697,0.10824742268041238,0.65625
Right,random,Ang,RTT,WRM,5,0.5,1,508,32,487,27,QOTc-Ang-PCA,arc labels,32.0,0.5204831932773109,0.09090909090909091,0.125
Right,random,Ang,RTT,WRM,5,0.5,1,508,32,487,27,SDM-Ang-HS4,arc labels,,0.6039915966386555,0.1032258064516129,0.5
Right,random,Ang,RTT,WRM,5,0.5,1,508,32,487,27,SDM-Ang-HSsrc,arc labels,,0.6584821428571428,0.1016260162601626,0.78125
Right,random,Ang,RTT,WRM,5,0.5,1,508,32,487,27,SDM-Ang-PCA,arc labels,64.0,0.5810136554621849,0.09316770186335403,0.46875
Right,random,Ang,RTT,WRM,6,0.05,1,508,27,51,2,NoAdapt,nothing,,0.6809116809116809,0.12598425196850394,0.5925925925925926
Right,random,Ang,RTT,WRM,6,0.05,1,508,27,51,2,TargetOnly,arc labels,,0.5157465157465158,0.057803468208092484,0.37037037037037035
Right,random,Ang,RTT,WRM,6,0.05,1,508,27,51,2,Source+Target,arc labels,,0.6777931777931778,0.12307692307692308,0.5925925925925926
Right,random,Ang,RTT,WRM,6,0.05,1,508,27,51,2,COT,arc labels,,0.502079002079002,0.0533596837944664,1.0
Right,random,Ang,RTT,WRM,6,0.05,1,508,27,51,2,none-Ang-HS4,arc labels,,0.5914375914375914,0.09243697478991597,0.4074074074074074
Right,random,Ang,RTT,WRM,6,0.05,1,508,27,51,2,none-Ang-HSsrc,nothing,,0.6080696080696081,0.10679611650485436,0.4074074074074074
Right,random,Ang,RTT,WRM,6,0.05,1,508,27,51,2,none-Ang-PCA,arc segments,16.0,0.4266574266574267,0.023622047244094488,0.1111111111111111
Right,random,Ang,RTT,WRM,6,0.05,1,508,27,51,2,QOTu-Ang-HS4,arc labels,,0.616077616077616,0.07929515418502203,0.6666666666666666
Right,random,Ang,RTT,WRM,6,0.05,1,508,27,51,2,QOTu-Ang-HSsrc,arc segments,,0.655001155001155,0.08536585365853659,0.7777777777777778
Right,random,Ang,RTT,WRM,6,0.05,1,508,27,51,2,QOTu-Ang-PCA,arc segments,32.0,0.6089166089166089,0.09917355371900827,0.4444444444444444
Right,random,Ang,RTT,WRM,6,0.05,1,508,27,51,2,QOTc-Ang-HS4,arc labels,,0.5482790482790483,0.3,0.1111111111111111
Right,random,Ang,RTT,WRM,6,0.05,1,508,27,51,2,QOTc-Ang-HSsrc,arc labels,,0.6407176407176407,0.07462686567164178,0.9259259259259259
Right,random,Ang,RTT,WRM,6,0.05,1,508,27,51,2,QOTc-Ang-PCA,arc labels,64.0,0.5564025564025564,0.19047619047619047,0.14814814814814814
Right,random,Ang,RTT,WRM,6,0.05,1,508,27,51,2,SDM-Ang-HS4,arc labels,,0.4912989912989913,0.043478260869565216,0.07407407407407407
Right,random,Ang,RTT,WRM,6,0.05,1,508,27,51,2,SDM-Ang-HSsrc,arc labels,,0.6205051205051205,0.0738255033557047,0.8148148148148148
Right,random,Ang,RTT,WRM,6,0.05,1,508,27,51,2,SDM-Ang-PCA,arc labels,32.0,0.5125510125510125,0.06097560975609756,0.18518518518518517
Right,random,Ang,RTT,WRM,6,0.1,1,508,27,102,5,NoAdapt,nothing,,0.6809116809116809,0.12598425196850394,0.5925925925925926
Right,random,Ang,RTT,WRM,6,0.1,1,508,27,102,5,TargetOnly,arc labels,,0.6622006622006622,0.1103448275862069,0.5925925925925926
Right,random,Ang,RTT,WRM,6,0.1,1,508,27,102,5,Source+Target,arc labels,,0.6798721798721798,0.125,0.5925925925925926
Right,random,Ang,RTT,WRM,6,0.1,1,508,27,102,5,COT,arc labels,,0.6836451836451836,0.1111111111111111,0.6666666666666666
Right,random,Ang,RTT,WRM,6,0.1,1,508,27,102,5,none-Ang-HS4,arc labels,,0.6213906213906214,0.11009174311926606,0.4444444444444444
Right,random,Ang,RTT,WRM,6,0.1,1,508,27,102,5,none-Ang-HSsrc,nothing,,0.6080696080696081,0.10679611650485436,0.4074074074074074
Right,random,Ang,RTT,WRM,6,0.1,1,508,27,102,5,none-Ang-PCA,arc segments,16.0,0.43081543081543083,0.024390243902439025,0.1111111111111111
Right,random,Ang,RTT,WRM,6,0.1,1,508,27,102,5,QOTu-Ang-HS4,arc labels,,0.6798721798721798,0.125,0.5925925925925926
Right,random,Ang,RTT,WRM,6,0.1,1,508,27,102,5,QOTu-Ang-HSsrc,arc segments,,0.5881265881265881,0.0851063829787234,0.4444444444444444
Right,random,Ang,RTT,WRM,6,0.1,1,508,27,102,5,QOTu-Ang-PCA,arc segments,32.0,0.6283591283591283,0.0811965811965812,0.7037037037037037
Right,random,Ang,RTT,WRM,6,0.1,1,508,27,102,5,QOTc-Ang-HS4,arc labels,,0.6157311157311157,0.15517241379310345,0.3333333333333333
Right,random,Ang,RTT,WRM,6,0.1,1,508,27,102,5,QOTc-Ang-HSsrc,arc labels,,0.6516131516131516,0.09770114942528736,0.6296296296296297
Right,random,Ang,RTT,WRM,6,0.1,1,508,27,102,5,QOTc-Ang-PCA,arc labels,64.0,0.5580965580965581,0.10526315789473684,0.2222222222222222
Right,random,Ang,RTT,WRM,6,0.1,1,508,27,102,5,SDM-Ang-HS4,arc labels,,0.6101486101486101,0.10891089108910891,0.4074074074074074
Right,random,Ang,RTT,WRM,6,0.1,1,508,27,102,5,SDM-Ang-HSsrc,arc labels,,0.6077616077616077,0.07659574468085106,0.6666666666666666
Right,random,Ang,RTT,WRM,6,0.1,1,508,27,102,5,SDM-Ang-PCA,arc labels,32.0,0.49176099176099175,0.049019607843137254,0.18518518518518517
Right,random,Ang,RTT,WRM,6,0.2,1,508,27,203,15,NoAdapt,nothing,,0.6809116809116809,0.12598425196850394,0.5925925925925926
Right,random,Ang,RTT,WRM,6,0.2,1,508,27,203,15,TargetOnly,arc labels,,0.7348502348502348,0.11702127659574468,0.8148148148148148
Right,random,Ang,RTT,WRM,6,0.2,1,508,27,203,15,Source+Target,arc labels,,0.6855316855316855,0.10614525139664804,0.7037037037037037
Right,random,Ang,RTT,WRM,6,0.2,1,508,27,203,15,COT,arc labels,,0.6287441287441288,0.08673469387755102,0.6296296296296297
Right,random,Ang,RTT,WRM,6,0.2,1,508,27,203,15,none-Ang-HS4,arc labels,,0.6007931007931008,0.1,0.4074074074074074
Right,random,Ang,RTT,WRM,6,0.2,1,508,27,203,15,none-Ang-HSsrc,nothing,,0.6080696080696081,0.10679611650485436,0.4074074074074074
Right,random,Ang,RTT,WRM,6,0.2,1,508,27,203,15,none-Ang-PCA,arc segments,16.0,0.43081543081543083,0.024390243902439025,0.1111111111111111
Right,random,Ang,RTT,WRM,6,0.2,1,508,27,203,15,QOTu-Ang-HS4,arc labels,,0.5587510587510587,0.0851063829787234,0.2962962962962963
Right,random,Ang,RTT,WRM,6,0.2,1,508,27,203,15,QOTu-Ang-HSsrc,arc segments,,0.5801955801955803,0.09009009009009009,0.37037037037037035
Right,random,Ang,RTT,WRM,6,0.2,1,508,27,203,15,QOTu-Ang-PCA,arc segments,16.0,0.5423115423115423,0.07692307692307693,0.25925925925925924
Right,random,Ang,RTT,WRM,6,0.2,1,508,27,203,15,QOTc-Ang-HS4,arc labels,,0.6605836605836606,0.09359605911330049,0.7037037037037037
Right,random,Ang,RTT,WRM,6,0.2,1,508,27,203,15,QOTc-Ang-HSsrc,arc labels,,0.6077616077616077,0.07659574468085106,0.6666666666666666
Right,random,Ang,RTT,WRM,6,0.2,1,508,27,203,15,QOTc-Ang-PCA,arc labels,64.0,0.5703780703780704,0.109375,0.25925925925925924
Right,random,Ang,RTT,WRM,6,0.2,1,508,27,203,15,SDM-Ang-HS4,arc labels,,0.595018095018095,0.08139534883720931,0.5185185185185185
Right,random,Ang,RTT,WRM,6,0.2,1,508,27,203,15,SDM-Ang-HSsrc,arc labels,,0.6548086548086548,0.0830188679245283,0.8148148148148148
Right,random,Ang,RTT,WRM,6,0.2,1,508,27,203,15,SDM-Ang-PCA,arc labels,64.0,0.6074921074921075,0.0875,0.5185185185185185
Right,random,Ang,RTT,WRM,6,0.3,1,508,27,305,24,NoAdapt,nothing,,0.6809116809116809,0.12598425196850394,0.5925925925925926
Right,random,Ang,RTT,WRM,6,0.3,1,508,27,305,24,TargetOnly,arc labels,,0.7165242165242165,0.11904761904761904,0.7407407407407407
Right,random,Ang,RTT,WRM,6,0.3,1,508,27,305,24,Source+Target,arc labels,,0.6688996688996689,0.09743589743589744,0.7037037037037037
Right,random,Ang,RTT,WRM,6,0.3,1,508,27,305,24,COT,arc labels,,0.6045661045661046,0.09027777777777778,0.48148148148148145
Right,random,Ang,RTT,WRM,6,0.3,1,508,27,305,24,none-Ang-HS4,arc labels,,0.5820820820820821,0.0859375,0.4074074074074074
Right,random,Ang,RTT,WRM,6,0.3,1,508,27,305,24,none-Ang-HSsrc,nothing,,0.6080696080696081,0.10679611650485436,0.4074074074074074
Right,random,Ang,RTT,WRM,6,0.3,1,508,27,305,24,none-Ang-PCA,arc segments,16.0,0.43081543081543083,0.024390243902439025,0.1111111111111111
Right,random,Ang,RTT,WRM,6,0.3,1,508,27,305,24,QOTu-Ang-HS4,arc labels,,0.6193116193116193,0.10810810810810811,0.4444444444444444
Right,random,Ang,RTT,WRM,6,0.3,1,508,27,305,24,QOTu-Ang-HSsrc,arc segments,,0.5905905905905906,0.09900990099009901,0.37037037037037035
Right,random,Ang,RTT,WRM,6,0.3,1,508,27,305,24,QOTu-Ang-PCA,arc segments,32.0,0.663971663971664,0.08363636363636363,0.8518518518518519
Right,random,Ang,RTT,WRM,6,0.3,1,508,27,305,24,QOTc-Ang-HS4,arc labels,,0.6911911911911912,0.09565217391304348,0.8148148148148148
Right,random,Ang,RTT,WRM,6,0.3,1,508,27,305,24,QOTc-Ang-HSsrc,arc labels,,0.6252406252406253,0.08016877637130802,0.7037037037037037
Right,random,Ang,RTT,WRM,6,0.3,1,508,27,305,24,QOTc-Ang-PCA,arc labels,32.0,0.5324940324940325,0.09090909090909091,0.14814814814814814
Right,random,Ang,RTT,WRM,6,0.3,1,508,27,305,24,SDM-Ang-HS4,arc labels,,0.6048356048356048,0.0776255707762557,0.6296296296296297
Right,random,Ang,RTT,WRM,6,0.3,1,508,27,305,24,SDM-Ang-HSsrc,arc labels,,0.625048125048125,0.078125,0.7407407407407407
Right,random,Ang,RTT,WRM,6,0.3,1,508,27,305,24,SDM-Ang-PCA,arc labels,64.0,0.58000308000308,0.08461538461538462,0.4074074074074074
Right,random,Ang,RTT,WRM,6,0.5,1,508,27,487,32,NoAdapt,nothing,,0.6809116809116809,0.12598425196850394,0.5925925925925926
Right,random,Ang,RTT,WRM,6,0.5,1,508,27,487,32,TargetOnly,arc labels,,0.7061292061292062,0.11235955056179775,0.7407407407407407
Right,random,Ang,RTT,WRM,6,0.5,1,508,27,487,32,Source+Target,arc labels,,0.6699391699391699,0.0979381443298969,0.7037037037037037
Right,random,Ang,RTT,WRM,6,0.5,1,508,27,487,32,COT,arc labels,,0.6206206206206206,0.08648648648648649,0.5925925925925926
Right,random,Ang,RTT,WRM,6,0.5,1,508,27,487,32,none-Ang-HS4,arc labels,,0.6049511049511049,0.10377358490566038,0.4074074074074074
Right,random,Ang,RTT,WRM,6,0.5,1,508,27,487,32,none-Ang-HSsrc,nothing,,0.6080696080696081,0.10679611650485436,0.4074074074074074
Right,random,Ang,RTT,WRM,6,0.5,1,508,27,487,32,none-Ang-PCA,arc segments,16.0,0.4276969276969277,0.023809523809523808,0.1111111111111111
Right,random,Ang,RTT,WRM,6,0.5,1,508,27,487,32,QOTu-Ang-HS4,arc labels,,0.6255486255486256,0.11428571428571428,0.4444444444444444
Right,random,Ang,RTT,WRM,6,0.5,1,508,27,487,32,QOTu-Ang-HSsrc,arc segments,,0.6061831061831062,0.11627906976744186,0.37037037037037035
Right,random,Ang,RTT,WRM,6,0.5,1,508,27,487,32,QOTu-Ang-PCA,arc segments,16.0,0.5425040425040425,0.08333333333333333,0.2222222222222222
Right,random,Ang,RTT,WRM,6,0.5,1,508,27,487,32,QOTc-Ang-HS4,arc labels,,0.6632401632401632,0.1111111111111111,0.5925925925925926
Right,random,Ang,RTT,WRM,6,0.5,1,508,27,487,32,QOTc-Ang-HSsrc,arc labels,,0.6341341341341341,0.09302325581395349,0.5925925925925926
Right,random,Ang,RTT,WRM,6,0.5,1,508,27,487,32,QOTc-Ang-PCA,arc labels,64.0,0.5808500808500808,0.08108108108108109,0.4444444444444444
Right,random,Ang,RTT,WRM,6,0.5,1,508,27,487,32,SDM-Ang-HS4,arc labels,,0.6516901516901517,0.08208955223880597,0.8148148148148148
Right,random,Ang,RTT,WRM,6,0.5,1,508,27,487,32,SDM-Ang-HSsrc,arc labels,,0.6622776622776623,0.08786610878661087,0.7777777777777778
Right,random,Ang,RTT,WRM,6,0.5,1,508,27,487,32,SDM-Ang-PCA,arc labels,32.0,0.5614845614845615,0.07751937984496124,0.37037037037037035
Right,random,Ang,RTT,WRM,7,0.05,1,508,27,51,5,NoAdapt,nothing,,0.6892276892276892,0.13445378151260504,0.5925925925925926
Right,random,Ang,RTT,WRM,7,0.05,1,508,27,51,5,TargetOnly,arc labels,,0.5831985831985832,0.07239819004524888,0.5925925925925926
Right,random,Ang,RTT,WRM,7,0.05,1,508,27,51,5,Source+Target,arc labels,,0.6994301994301995,0.1328125,0.6296296296296297
Right,random,Ang,RTT,WRM,7,0.05,1,508,27,51,5,COT,arc labels,,0.5615615615615616,0.06726457399103139,0.5555555555555556
Right,random,Ang,RTT,WRM,7,0.05,1,508,27,51,5,none-Ang-HS4,arc labels,,0.5121660121660122,0.058333333333333334,0.25925925925925924
Right,random,Ang,RTT,WRM,7,0.05,1,508,27,51,5,none-Ang-HSsrc,nothing,,0.5852005852005852,0.088,0.4074074074074074
Right,random,Ang,RTT,WRM,7,0.05,1,508,27,51,5,none-Ang-PCA,arc segments,8.0,0.6416031416031416,0.10273972602739725,0.5555555555555556
Right,random,Ang,RTT,WRM,7,0.05,1,508,27,51,5,QOTu-Ang-HS4,arc labels,,0.5165165165165165,0.061855670103092786,0.2222222222222222
Right,random,Ang,RTT,WRM,7,0.05,1,508,27,51,5,QOTu-Ang-HSsrc,arc segments,,0.577077077077077,0.08771929824561403,0.37037037037037035
Right,random,Ang,RTT,WRM,7,0.05,1,508,27,51,5,QOTu-Ang-PCA,arc segments,16.0,0.518980518980519,0.07017543859649122,0.14814814814814814
Right,random,Ang,RTT,WRM,7,0.05,1,508,27,51,5,QOTc-Ang-HS4,arc labels,,0.4931854931854932,0.047619047619047616,0.1111111111111111
Right,random,Ang,RTT,WRM,7,0.05,1,508,27,51,5,QOTc-Ang-HSsrc,arc labels,,0.588973588973589,0.08176100628930817,0.48148148148148145
Right,random,Ang,RTT,WRM,7,0.05,1,508,27,51,5,QOTc-Ang-PCA,arc labels,32.0,0.506044506044506,0.07692307692307693,0.037037037037037035
Right,random,Ang,RTT,WRM,7,0.05,1,508,27,51,5,SDM-Ang-HS4,arc labels,,0.4938399938399939,0.05,0.18518518518518517
Right,random,Ang,RTT,WRM,7,0.05,1,508,27,51,5,SDM-Ang-HSsrc,arc labels,,0.6277046277046276,0.08629441624365482,0.6296296296296297
Right,random,Ang,RTT,WRM,7,0.05,1,508,27,51,5,SDM-Ang-PCA,arc labels,64.0,0.45491645491645494,0.024691358024691357,0.07407407407407407
Right,random,Ang,RTT,WRM,7,0.1,1,508,27,102,10,NoAdapt,nothing,,0.6892276892276892,0.13445378151260504,0.5925925925925926
Right,random,Ang,RTT,WRM,7,0.1,1,508,27,102,10,TargetOnly,arc labels,,0.6712481712481713,0.08582089552238806,0.8518518518518519
Right,random,Ang,RTT,WRM,7,0.1,1,508,27,102,10,Source+Target,arc labels,,0.6859166859166859,0.12056737588652482,0.6296296296296297
Right,random,Ang,RTT,WRM,7,0.1,1,508,27,102,10,COT,arc labels,,0.5828135828135828,0.0694980694980695,0.6666666666666666
Right,random,Ang,RTT,WRM,7,0.1,1,508,27,102,10,none-Ang-HS4,arc labels,,0.5954030954030953,0.08955223880597014,0.4444444444444444
Right,random,Ang,RTT,WRM,7,0.1,1,508,27,102,10,none-Ang-HSsrc,nothing,,0.5852005852005852,0.088,0.4074074074074074
Right,random,Ang,RTT,WRM,7,0.1,1,508,27,102,10,none-Ang-PCA,arc segments,8.0,0.6416031416031416,0.10273972602739725,0.5555555555555556
Right,random,Ang,RTT,WRM,7,0.1,1,508,27,102,10,QOTu-Ang-HS4,arc labels,,0.5138600138600139,0.057692307692307696,0.3333333333333333
Right,random,Ang,RTT,WRM,7,0.1,1,508,27,102,10,QOTu-Ang-HSsrc,arc segments,,0.5852005852005852,0.088,0.4074074074074074
Right,random,Ang,RTT,WRM,7,0.1,1,508,27,102,10,QOTu-Ang-PCA,arc segments,16.0,0.5117040117040117,0.0625,0.14814814814814814
Right,random,Ang,RTT,WRM,7,0.1,1,508,27,102,10,QOTc-Ang-HS4,arc labels,,0.5427735427735427,0.06802721088435375,0.37037037037037035
Right,random,Ang,RTT,WRM,7,0.1,1,508,27,102,10,QOTc-Ang-HSsrc,arc labels,,0.5827365827365827,0.07878787878787878,0.48148148148148145
Right,random,Ang,RTT,WRM,7,0.1,1,508,27,102,10,QOTc-Ang-PCA,arc labels,32.0,0.5541310541310541,0.11904761904761904,0.18518518518518517
Right,random,Ang,RTT,WRM,7,0.1,1,508,27,102,10,SDM-Ang-HS4,arc labels,,0.5315315315315315,0.06474820143884892,0.3333333333333333
Right,random,Ang,RTT,WRM,7,0.1,1,508,27,102,10,SDM-Ang-HSsrc,arc labels,,0.6247786247786248,0.08839779005524862,0.5925925925925926
Right,random,Ang,RTT,WRM,7,0.1,1,508,27,102,10,SDM-Ang-PCA,arc labels,64.0,0.5415415415415415,0.0658682634730539,0.4074074074074074
Right,random,Ang,RTT,WRM,7,0.2,1,508,27,203,16,NoAdapt,nothing,,0.6892276892276892,0.13445378151260504,0.5925925925925926
Right,random,Ang,RTT,WRM,7,0.2,1,508,27,203,16,TargetOnly,arc labels,,0.6608531608531609,0.08273381294964029,0.8518518518518519
Right,random,Ang,RTT,WRM,7,0.2,1,508,27,203,16,Source+Target,arc labels,,0.6651266651266652,0.10559006211180125,0.6296296296296297
Right,random,Ang,RTT,WRM,7,0.2,1,508,27,203,16,COT,arc labels,,0.6583121583121583,0.08928571428571429,0.7407407407407407
Right,random,Ang,RTT,WRM,7,0.2,1,508,27,203,16,none-Ang-HS4,arc labels,,0.6334796334796335,0.1037037037037037,0.5185185185185185
Right,random,Ang,RTT,WRM,7,0.2,1,508,27,203,16,none-Ang-HSsrc,nothing,,0.5852005852005852,0.088,0.4074074074074074
Right,random,Ang,RTT,WRM,7,0.2,1,508,27,203,16,none-Ang-PCA,arc segments,8.0,0.6384846384846385,0.10067114093959731,0.5555555555555556
Right,random,Ang,RTT,WRM,7,0.2,1,508,27,203,16,QOTu-Ang-HS4,arc labels,,0.5902055902055903,0.08633093525179857,0.4444444444444444
Right,random,Ang,RTT,WRM,7,0.2,1,508,27,203,16,QOTu-Ang-HSsrc,arc segments,,0.5841610841610841,0.0873015873015873,0.4074074074074074
Right,random,Ang,RTT,WRM,7,0.2,1,508,27,203,16,QOTu-Ang-PCA,arc segments,32.0,0.6652806652806653,0.07736389684813753,1.0
Right,random,Ang,RTT,WRM,7,0.2,1,508,27,203,16,QOTc-Ang-HS4,arc labels,,0.631939631939632,0.07665505226480836,0.8148148148148148
Right,random,Ang,RTT,WRM,7,0.2,1,508,27,203,16,QOTc-Ang-HSsrc,arc labels,,0.6247786247786248,0.08839779005524862,0.5925925925925926
Right,random,Ang,RTT,WRM,7,0.2,1,508,27,203,16,QOTc-Ang-PCA,arc labels,32.0,0.5418495418495419,0.11428571428571428,0.14814814814814814
Right,random,Ang,RTT,WRM,7,0.2,1,508,27,203,16,SDM-Ang-HS4,arc labels,,0.626010626010626,0.09316770186335403,0.5555555555555556
Right,random,Ang,RTT,WRM,7,0.2,1,508,27,203,16,SDM-Ang-HSsrc,arc labels,,0.6237391237391237,0.08791208791208792,0.5925925925925926
Right,random,Ang,RTT,WRM,7,0.2,1,508,27,203,16,SDM-Ang-PCA,arc labels,64.0,0.4959189959189959,0.05102040816326531,0.18518518518518517
Right,random,Ang,RTT,WRM,7,0.3,1,508,27,305,22,NoAdapt,nothing,,0.6892276892276892,0.13445378151260504,0.5925925925925926
Right,random,Ang,RTT,WRM,7,0.3,1,508,27,305,22,TargetOnly,arc labels,,0.6988526988526989,0.10810810810810811,0.7407407407407407
Right,random,Ang,RTT,WRM,7,0.3,1,508,27,305,22,Source+Target,arc labels,,0.6516131516131516,0.09770114942528736,0.6296296296296297
Right,random,Ang,RTT,WRM,7,0.3,1,508,27,305,22,COT,arc labels,,0.6429121429121429,0.08636363636363636,0.7037037037037037
Right,random,Ang,RTT,WRM,7,0.3,1,508,27,305,22,none-Ang-HS4,arc labels,,0.6135366135366136,0.08670520231213873,0.5555555555555556
Right,random,Ang,RTT,WRM,7,0.3,1,508,27,305,22,none-Ang-HSsrc,nothing,,0.5852005852005852,0.088,0.4074074074074074
Right,random,Ang,RTT,WRM,7,0.3,1,508,27,305,22,none-Ang-PCA,arc segments,16.0,0.45387695387695387,0.024390243902439025,0.07407407407407407
Right,random,Ang,RTT,WRM,7,0.3,1,508,27,305,22,QOTu-Ang-HS4,arc labels,,0.6054131054131053,0.08641975308641975,0.5185185185185185
Right,random,Ang,RTT,WRM,7,0.3,1,508,27,305,22,QOTu-Ang-HSsrc,arc segments,,0.581042581042581,0.08527131782945736,0.4074074074074074
Right,random,Ang,RTT,WRM,7,0.3,1,508,27,305,22,QOTu-Ang-PCA,arc segments,32.0,0.6288211288211288,0.07586206896551724,0.8148148148148148
Right,random,Ang,RTT,WRM,7,0.3,1,508,27,305,22,QOTc-Ang-HS4,arc labels,,0.6329021329021329,0.08854166666666667,0.6296296296296297
Right,random,Ang,RTT,WRM,7,0.3,1,508,27,305,22,QOTc-Ang-HSsrc,arc labels,,0.6237391237391237,0.08791208791208792,0.5925925925925926
Right,random,Ang,RTT,WRM,7,0.3,1,508,27,305,22,QOTc-Ang-PCA,arc labels,64.0,0.5895510895510896,0.09803921568627451,0.37037037037037035
Right,random,Ang,RTT,WRM,7,0.3,1,508,27,305,22,SDM-Ang-HS4,arc labels,,0.6228921228921229,0.09146341463414634,0.5555555555555556
Right,random,Ang,RTT,WRM,7,0.3,1,508,27,305,22,SDM-Ang-HSsrc,arc labels,,0.6133441133441133,0.08333333333333333,0.5925925925925926
Right,random,Ang,RTT,WRM,7,0.3,1,508,27,305,22,SDM-Ang-PCA,arc labels,64.0,0.5826595826595826,0.11267605633802817,0.2962962962962963
Right,random,Ang,RTT,WRM,7,0.5,1,508,27,498,32,NoAdapt,nothing,,0.6892276892276892,0.13445378151260504,0.5925925925925926
Right,random,Ang,RTT,WRM,7,0.5,1,508,27,498,32,TargetOnly,arc labels,,0.6653961653961654,0.08898305084745763,0.7777777777777778
Right,random,Ang,RTT,WRM,7,0.5,1,508,27,498,32,Source+Target,arc labels,,0.6370601370601371,0.09042553191489362,0.6296296296296297
Right,random,Ang,RTT,WRM,7,0.5,1,508,27,498,32,COT,arc labels,,0.6102256102256103,0.08205128205128205,0.5925925925925926
Right,random,Ang,RTT,WRM,7,0.5,1,508,27,498,32,none-Ang-HS4,arc labels,,0.6006006006006006,0.09302325581395349,0.4444444444444444
Right,random,Ang,RTT,WRM,7,0.5,1,508,27,498,32,none-Ang-HSsrc,nothing,,0.5852005852005852,0.088,0.4074074074074074
Right,random,Ang,RTT,WRM,7,0.5,1,508,27,498,32,none-Ang-PCA,arc segments,16.0,0.456995456995457,0.02531645569620253,0.07407407407407407
Right,random,Ang,RTT,WRM,7,0.5,1,508,27,498,32,QOTu-Ang-HS4,arc labels,,0.587087087087087,0.08450704225352113,0.4444444444444444
Right,random,Ang,RTT,WRM,7,0.5,1,508,27,498,32,QOTu-Ang-HSsrc,arc segments,,0.581889581889582,0.08163265306122448,0.4444444444444444
Right,random,Ang,RTT,WRM,7,0.5,1,508,27,498,32,QOTu-Ang-PCA,arc segments,16.0,0.49403249403249405,0.04938271604938271,0.14814814814814814
Right,random,Ang,RTT,WRM,7,0.5,1,508,27,498,32,QOTc-Ang-HS4,arc labels,,0.6473396473396473,0.07903780068728522,0.8518518518518519
Right,random,Ang,RTT,WRM,7,0.5,1,508,27,498,32,QOTc-Ang-HSsrc,arc labels,,0.6245861245861246,0.085,0.6296296296296297
Right,random,Ang,RTT,WRM,7,0.5,1,508,27,498,32,QOTc-Ang-PCA,arc labels,32.0,0.5632940632940633,0.11538461538461539,0.2222222222222222
Right,random,Ang,RTT,WRM,7,0.5,1,508,27,498,32,SDM-Ang-HS4,arc labels,,0.63005313005313,0.07777777777777778,0.7777777777777778
Right,random,Ang,RTT,WRM,7,0.5,1,508,27,498,32,SDM-Ang-HSsrc,arc labels,,0.6572726572726573,0.08888888888888889,0.7407407407407407
Right,random,Ang,RTT,WRM,7,0.5,1,508,27,498,32,SDM-Ang-PCA,arc labels,64.0,0.591052591052591,0.08280254777070063,0.48148148148148145
Right,random,Ang,WRM,HTL,0,0.05,1,401,82,40,8,NoAdapt,nothing,,0.5969875372734919,0.24666666666666667,0.9024390243902439
Right,random,Ang,WRM,HTL,0,0.05,1,401,82,40,8,TargetOnly,arc labels,,0.5282896245890358,0.22784810126582278,0.43902439024390244
Right,random,Ang,WRM,HTL,0,0.05,1,401,82,40,8,Source+Target,arc labels,,0.6018617631317379,0.25,0.8902439024390244
Right,random,Ang,WRM,HTL,0,0.05,1,401,82,40,8,COT,arc labels,,0.5448428778958636,0.23952095808383234,0.4878048780487805
Right,random,Ang,WRM,HTL,0,0.05,1,401,82,40,8,none-Ang-HS4,arc labels,,0.5569041975686214,0.23282442748091603,0.7439024390243902
Right,random,Ang,WRM,HTL,0,0.05,1,401,82,40,8,none-Ang-HSsrc,nothing,,0.5334314550042052,0.21643835616438356,0.9634146341463414
Right,random,Ang,WRM,HTL,0,0.05,1,401,82,40,8,none-Ang-PCA,arc segments,32.0,0.5103027754415475,0.22807017543859648,0.15853658536585366
Right,random,Ang,WRM,HTL,0,0.05,1,401,82,40,8,QOTu-Ang-HS4,arc labels,,0.5537311721079594,0.24431818181818182,0.524390243902439
Right,random,Ang,WRM,HTL,0,0.05,1,401,82,40,8,QOTu-Ang-HSsrc,arc segments,,0.6063536967658079,0.27184466019417475,0.6829268292682927
Right,random,Ang,WRM,HTL,0,0.05,1,401,82,40,8,QOTu-Ang-PCA,arc segments,64.0,0.49676963070571145,0.20218579234972678,0.45121951219512196
Right,random,Ang,WRM,HTL,0,0.05,1,401,82,40,8,QOTc-Ang-HS4,arc labels,,0.5630973316002752,0.3048780487804878,0.3048780487804878
Right,random,Ang,WRM,HTL,0,0.05,1,401,82,40,8,QOTc-Ang-HSsrc,arc labels,,0.4511048245278691,0.15503875968992248,0.24390243902439024
Right,random,Ang,WRM,HTL,0,0.05,1,401,82,40,8,QOTc-Ang-PCA,arc labels,64.0,0.5124053826745164,0.2235294117647059,0.23170731707317074
Right,random,Ang,WRM,HTL,0,0.05,1,401,82,40,8,SDM-Ang-HS4,arc labels,,0.5568277391237862,0.29069767441860467,0.3048780487804878
Right,random,Ang,WRM,HTL,0,0.05,1,401,82,40,8,SDM-Ang-HSsrc,arc labels,,0.410887682544537,0.14130434782608695,0.3170731707317073
Right,random,Ang,WRM,HTL,0,0.05,1,401,82,40,8,SDM-Ang-PCA,arc labels,64.0,0.5437724596681703,0.25688073394495414,0.34146341463414637
Right,random,Ang,WRM,HTL,0,0.1,1,401,82,80,16,NoAdapt,nothing,,0.5969875372734919,0.24666666666666667,0.9024390243902439
Right,random,Ang,WRM,HTL,0,0.1,1,401,82,80,16,TargetOnly,arc labels,,0.4209993118739965,0.15346534653465346,0.3780487804878049
Right,random,Ang,WRM,HTL,0,0.1,1,401,82,80,16,Source+Target,arc labels,,0.5656395748910468,0.23125,0.9024390243902439
Right,random,Ang,WRM,HTL,0,0.1,1,401,82,80,16,COT,arc labels,,0.43166526492851137,0.17406143344709898,0.6219512195121951
Right,random,Ang,WRM,HTL,0,0.1,1,401,82,80,16,none-Ang-HS4,arc labels,,0.5717180212554477,0.23826714801444043,0.8048780487804879
Right,random,Ang,WRM,HTL,0,0.1,1,401,82,80,16,none-Ang-HSsrc,nothing,,0.5334314550042052,0.21643835616438356,0.9634146341463414
Right,random,Ang,WRM,HTL,0,0.1,1,401,82,80,16,none-Ang-PCA,arc segments,16.0,0.6049583301475648,0.2722772277227723,0.6707317073170732
Right,random,Ang,WRM,HTL,0,0.1,1,401,82,80,16,QOTu-Ang-HS4,arc labels,,0.5945026378163468,0.26804123711340205,0.6341463414634146
Right,random,Ang,WRM,HTL,0,0.1,1,401,82,80,16,QOTu-Ang-HSsrc,arc segments,,0.5905076840737059,0.2579185520361991,0.6951219512195121
Right,random,Ang,WRM,HTL,0,0.1,1,401,82,80,16,QOTu-Ang-PCA,arc segments,8.0,0.5669967122868721,0.24152542372881355,0.6951219512195121
Right,random,Ang,WRM,HTL,0,0.1,1,401,82,80,16,QOTc-Ang-HS4,arc labels,,0.48698294976680173,0.1891891891891892,0.25609756097560976
Right,random,Ang,WRM,HTL,0,0.1,1,401,82,80,16,QOTc-Ang-HSsrc,arc labels,,0.46935927823228074,0.11363636363636363,0.06097560975609756
Right,random,Ang,WRM,HTL,0,0.1,1,401,82,80,16,QOTc-Ang-PCA,arc labels,64.0,0.5444797002828963,0.24812030075187969,0.4024390243902439
Right,random,Ang,WRM,HTL,0,0.1,1,401,82,80,16,SDM-Ang-HS4,arc labels,,0.44221653031577335,0.14166666666666666,0.2073170731707317
Right,random,Ang,WRM,HTL,0,0.1,1,401,82,80,16,SDM-Ang-HSsrc,arc labels,,0.40964523281596454,0.11450381679389313,0.18292682926829268
Right,random,Ang,WRM,HTL,0,0.1,1,401,82,80,16,SDM-Ang-PCA,arc labels,64.0,0.47411881642327397,0.18497109826589594,0.3902439024390244
Right,random,Ang,WRM,HTL,0,0.2,1,401,82,161,32,NoAdapt,nothing,,0.5969875372734919,0.24666666666666667,0.9024390243902439
Right,random,Ang,WRM,HTL,0,0.2,1,401,82,161,32,TargetOnly,arc labels,,0.5422241761602569,0.24025974025974026,0.45121951219512196
Right,random,Ang,WRM,HTL,0,0.2,1,401,82,161,32,Source+Target,arc labels,,0.5675510360119276,0.23300970873786409,0.8780487804878049
Right,random,Ang,WRM,HTL,0,0.2,1,401,82,161,32,COT,arc labels,,0.4584639498432602,0.18061674008810572,0.5
Right,random,Ang,WRM,HTL,0,0.2,1,401,82,161,32,none-Ang-HS4,arc labels,,0.5348077070112394,0.21846153846153846,0.8658536585365854
Right,random,Ang,WRM,HTL,0,0.2,1,401,82,161,32,none-Ang-HSsrc,nothing,,0.5334314550042052,0.21643835616438356,0.9634146341463414
Right,random,Ang,WRM,HTL,0,0.2,1,401,82,161,32,none-Ang-PCA,arc segments,16.0,0.60583760226317,0.2669683257918552,0.7195121951219512
Right,random,Ang,WRM,HTL,0,0.2,1,401,82,161,32,QOTu-Ang-HS4,arc labels,,0.6154140224787827,0.2761904761904762,0.7073170731707317
Right,random,Ang,WRM,HTL,0,0.2,1,401,82,161,32,QOTu-Ang-HSsrc,arc segments,,0.5666526492851135,0.23983739837398374,0.7195121951219512
Right,random,Ang,WRM,HTL,0,0.2,1,401,82,161,32,QOTu-Ang-PCA,arc segments,64.0,0.5291688967046411,0.22598870056497175,0.4878048780487805
Right,random,Ang,WRM,HTL,0,0.2,1,401,82,161,32,QOTc-Ang-HS4,arc labels,,0.5042434436883554,0.20833333333333334,0.36585365853658536
Right,random,Ang,WRM,HTL,0,0.2,1,401,82,161,32,QOTc-Ang-HSsrc,arc labels,,0.5792300634605092,0.2361963190184049,0.9390243902439024
Right,random,Ang,WRM,HTL,0,0.2,1,401,82,161,32,QOTc-Ang-PCA,arc labels,64.0,0.5230713357290313,0.2215909090909091,0.47560975609756095
Right,random,Ang,WRM,HTL,0,0.2,1,401,82,161,32,SDM-Ang-HS4,arc labels,,0.5159033565257283,0.2222222222222222,0.3170731707317073
Right,random,Ang,WRM,HTL,0,0.2,1,401,82,161,32,SDM-Ang-HSsrc,arc labels,,0.46333817570150626,0.182648401826484,0.4878048780487805
Right,random,Ang,WRM,HTL,0,0.2,1,401,82,161,32,SDM-Ang-PCA,arc labels,64.0,0.4676580778346968,0.17391304347826086,0.2926829268292683
Right,random,Ang,WRM,HTL,0,0.3,1,401,82,241,51,NoAdapt,nothing,,0.5969875372734919,0.24666666666666667,0.9024390243902439
Right,random,Ang,WRM,HTL,0,0.3,1,401,82,241,51,TargetOnly,arc labels,,0.5464102760149858,0.24096385542168675,0.4878048780487805
Right,random,Ang,WRM,HTL,0,0.3,1,401,82,241,51,Source+Target,arc labels,,0.552565180824222,0.22742474916387959,0.8292682926829268
Right,random,Ang,WRM,HTL,0,0.3,1,401,82,241,51,COT,arc labels,,0.4804075235109718,0.19248826291079812,0.5
Right,random,Ang,WRM,HTL,0,0.3,1,401,82,241,51,none-Ang-HS4,arc labels,,0.5318449422738741,0.21739130434782608,0.8536585365853658
Right,random,Ang,WRM,HTL,0,0.3,1,401,82,241,51,none-Ang-HSsrc,nothing,,0.5334314550042052,0.21643835616438356,0.9634146341463414
Right,random,Ang,WRM,HTL,0,0.3,1,401,82,241,51,none-Ang-PCA,arc segments,16.0,0.6094884930040523,0.27450980392156865,0.6829268292682927
Right,random,Ang,WRM,HTL,0,0.3,1,401,82,241,51,QOTu-Ang-HS4,arc labels,,0.6154140224787827,0.2761904761904762,0.7073170731707317
Right,random,Ang,WRM,HTL,0,0.3,1,401,82,241,51,QOTu-Ang-HSsrc,arc segments,,0.5605550883095037,0.23673469387755103,0.7073170731707317
Right,random,Ang,WRM,HTL,0,0.3,1,401,82,241,51,QOTu-Ang-PCA,arc segments,64.0,0.5284616560899151,0.22875816993464052,0.4268292682926829
Right,random,Ang,WRM,HTL,0,0.3,1,401,82,241,51,QOTc-Ang-HS4,arc labels,,0.5392614114228916,0.23841059602649006,0.43902439024390244
Right,random,Ang,WRM,HTL,0,0.3,1,401,82,241,51,QOTc-Ang-HSsrc,arc labels,,0.5727884394831408,0.23283582089552238,0.9512195121951219
Right,random,Ang,WRM,HTL,0,0.3,1,401,82,241,51,QOTc-Ang-PCA,arc labels,32.0,0.5799946479088616,0.3333333333333333,0.32926829268292684
Right,random,Ang,WRM,HTL,0,0.3,1,401,82,241,51,SDM-Ang-HS4,arc labels,,0.522000917501338,0.2288135593220339,0.32926829268292684
Right,random,Ang,WRM,HTL,0,0.3,1,401,82,241,51,SDM-Ang-HSsrc,arc labels,,0.5715268751433595,0.24369747899159663,0.7073170731707317
Right,random,Ang,WRM,HTL,0,0.3,1,401,82,241,51,SDM-Ang-PCA,arc labels,64.0,0.5242755562351862,0.22695035460992907,0.3902439024390244
Right,random,Ang,WRM,HTL,0,0.5,1,401,82,391,84,NoAdapt,nothing,,0.5969875372734919,0.24666666666666667,0.9024390243902439
Right,random,Ang,WRM,HTL,0,0.5,1,401,82,391,84,TargetOnly,arc labels,,0.5378851594158576,0.23036649214659685,0.5365853658536586
Right,random,Ang,WRM,HTL,0,0.5,1,401,82,391,84,Source+Target,arc labels,,0.5556999770624665,0.22895622895622897,0.8292682926829268
Right,random,Ang,WRM,HTL,0,0.5,1,401,82,391,84,COT,arc labels,,0.455692331217983,0.18250950570342206,0.5853658536585366
Right,random,Ang,WRM,HTL,0,0.5,1,401,82,391,84,none-Ang-HS4,arc labels,,0.5609182659224712,0.23297491039426524,0.7926829268292683
Right,random,Ang,WRM,HTL,0,0.5,1,401,82,391,84,none-Ang-HSsrc,nothing,,0.5334314550042052,0.21643835616438356,0.9634146341463414
Right,random,Ang,WRM,HTL,0,0.5,1,401,82,391,84,none-Ang-PCA,arc segments,16.0,0.6082460432754798,0.2980132450331126,0.5487804878048781
Right,random,Ang,WRM,HTL,0,0.5,1,401,82,391,84,QOTu-Ang-HS4,arc labels,,0.6033909320284425,0.270935960591133,0.6707317073170732
Right,random,Ang,WRM,HTL,0,0.5,1,401,82,391,84,QOTu-Ang-HSsrc,arc segments,,0.5575923235721385,0.23553719008264462,0.6951219512195121
Right,random,Ang,WRM,HTL,0,0.5,1,401,82,391,84,QOTu-Ang-PCA,arc segments,64.0,0.4932716568544996,0.1986754966887417,0.36585365853658536
Right,random,Ang,WRM,HTL,0,0.5,1,401,82,391,84,QOTc-Ang-HS4,arc labels,,0.5480159033565257,0.22924901185770752,0.7073170731707317
Right,random,Ang,WRM,HTL,0,0.5,1,401,82,391,84,QOTc-Ang-HSsrc,arc labels,,0.5705138007492927,0.23397435897435898,0.8902439024390244
Right,random,Ang,WRM,HTL,0,0.5,1,401,82,391,84,QOTc-Ang-PCA,arc labels,64.0,0.5505963758697148,0.24157303370786518,0.524390243902439
Right,random,Ang,WRM,HTL,0,0.5,1,401,82,391,84,SDM-Ang-HS4,arc labels,,0.5486658001376252,0.2482758620689655,0.43902439024390244
Right,random,Ang,WRM,HTL,0,0.5,1,401,82,391,84,SDM-Ang-HSsrc,arc labels,,0.5894754950684303,0.250996015936255,0.7682926829268293
Right,random,Ang,WRM,HTL,0,0.5,1,401,82,391,84,SDM-Ang-PCA,arc labels,64.0,0.5143550730178148,0.21604938271604937,0.4268292682926829
Right,random,Ang,WRM,HTL,1,0.05,1,401,78,40,5,NoAdapt,nothing,,0.5814082718107486,0.22895622895622897,0.8717948717948718
Right,random,Ang,WRM,HTL,1,0.05,1,401,78,40,5,TargetOnly,arc labels,,0.5793244423275383,0.34328358208955223,0.2948717948717949
Right,random,Ang,WRM,HTL,1,0.05,1,401,78,40,5,Source+Target,arc labels,,0.5666031594824165,0.22377622377622378,0.8205128205128205
Right,random,Ang,WRM,HTL,1,0.05,1,401,78,40,5,COT,arc labels,,0.49206160196872273,0.1917808219178082,0.8974358974358975
Right,random,Ang,WRM,HTL,1,0.05,1,401,78,40,5,none-Ang-HS4,arc labels,,0.5416170516789712,0.21212121212121213,0.8076923076923077
Right,random,Ang,WRM,HTL,1,0.05,1,401,78,40,5,none-Ang-HSsrc,nothing,,0.53163451615464,0.20555555555555555,0.9487179487179487
Right,random,Ang,WRM,HTL,1,0.05,1,401,78,40,5,none-Ang-PCA,arc segments,32.0,0.4953361911566246,0.1794871794871795,0.08974358974358974
Right,random,Ang,WRM,HTL,1,0.05,1,401,78,40,5,QOTu-Ang-HS4,arc labels,,0.5955981582916567,0.248868778280543,0.7051282051282052
Right,random,Ang,WRM,HTL,1,0.05,1,401,78,40,5,QOTu-Ang-HSsrc,arc segments,,0.575692625228229,0.23430962343096234,0.717948717948718
Right,random,Ang,WRM,HTL,1,0.05,1,401,78,40,5,QOTu-Ang-PCA,arc segments,8.0,0.5752361673414305,0.23018867924528302,0.782051282051282
Right,random,Ang,WRM,HTL,1,0.05,1,401,78,40,5,QOTc-Ang-HS4,arc labels,,0.5302651424942446,0.2972972972972973,0.14102564102564102
Right,random,Ang,WRM,HTL,1,0.05,1,401,78,40,5,QOTc-Ang-HSsrc,arc labels,,0.5710089703897754,0.2229299363057325,0.8974358974358975
Right,random,Ang,WRM,HTL,1,0.05,1,401,78,40,5,QOTc-Ang-PCA,arc labels,32.0,0.49732079066444396,0.1875,0.11538461538461539
Right,random,Ang,WRM,HTL,1,0.05,1,401,78,40,5,SDM-Ang-HS4,arc labels,,0.5026395173453997,0.20833333333333334,0.0641025641025641
Right,random,Ang,WRM,HTL,1,0.05,1,401,78,40,5,SDM-Ang-HSsrc,arc labels,,0.580316742081448,0.23161764705882354,0.8076923076923077
Right,random,Ang,WRM,HTL,1,0.05,1,401,78,40,5,SDM-Ang-PCA,arc labels,32.0,0.4429229181551163,0.10256410256410256,0.10256410256410256
Right,random,Ang,WRM,HTL,1,0.1,1,401,78,80,18,NoAdapt,nothing,,0.5814082718107486,0.22895622895622897,0.8717948717948718
Right,random,Ang,WRM,HTL,1,0.1,1,401,78,80,18,TargetOnly,arc labels,,0.5544971024847185,0.23036649214659685,0.5641025641025641
Right,random,Ang,WRM,HTL,1,0.1,1,401,78,80,18,Source+Target,arc labels,,0.5643804080336589,0.22077922077922077,0.8717948717948718
Right,random,Ang,WRM,HTL,1,0.1,1,401,78,80,18,COT,arc labels,,0.47112407716122884,0.18,0.5769230769230769
Right,random,Ang,WRM,HTL,1,0.1,1,401,78,80,18,none-Ang-HS4,arc labels,,0.531436056203858,0.20689655172413793,0.8461538461538461
Right,random,Ang,WRM,HTL,1,0.1,1,401,78,80,18,none-Ang-HSsrc,nothing,,0.53163451615464,0.20555555555555555,0.9487179487179487
Right,random,Ang,WRM,HTL,1,0.1,1,401,78,80,18,none-Ang-PCA,arc segments,64.0,0.49509803921568624,0.18571428571428572,0.16666666666666666
Right,random,Ang,WRM,HTL,1,0.1,1,401,78,80,18,QOTu-Ang-HS4,arc labels,,0.6006787330316742,0.25,0.7307692307692307
Right,random,Ang,WRM,HTL,1,0.1,1,401,78,80,18,QOTu-Ang-HSsrc,arc segments,,0.5708303564340717,0.2320675105485232,0.7051282051282052
Right,random,Ang,WRM,HTL,1,0.1,1,401,78,80,18,QOTu-Ang-PCA,arc segments,16.0,0.5390569183138842,0.23255813953488372,0.38461538461538464
Right,random,Ang,WRM,HTL,1,0.1,1,401,78,80,18,QOTc-Ang-HS4,arc labels,,0.5812495038501231,0.25,0.5897435897435898
Right,random,Ang,WRM,HTL,1,0.1,1,401,78,80,18,QOTc-Ang-HSsrc,arc labels,,0.5526514249424466,0.21450151057401812,0.9102564102564102
Right,random,Ang,WRM,HTL,1,0.1,1,401,78,80,18,QOTc-Ang-PCA,arc labels,64.0,0.5611653568309916,0.256,0.41025641025641024
Right,random,Ang,WRM,HTL,1,0.1,1,401,78,80,18,SDM-Ang-HS4,arc labels,,0.5830356434071604,0.2631578947368421,0.5128205128205128
Right,random,Ang,WRM,HTL,1,0.1,1,401,78,80,18,SDM-Ang-HSsrc,arc labels,,0.5548940223862825,0.21978021978021978,0.7692307692307693
Right,random,Ang,WRM,HTL,1,0.1,1,401,78,80,18,SDM-Ang-PCA,arc labels,64.0,0.5337381916329285,0.2222222222222222,0.4358974358974359
Right,random,Ang,WRM,HTL,1,0.2,1,401,78,161,36,NoAdapt,nothing,,0.5814082718107486,0.22895622895622897,0.8717948717948718
Right,random,Ang,WRM,HTL,1,0.2,1,401,78,161,36,TargetOnly,arc labels,,0.5699571326506311,0.2350230414746544,0.6538461538461539
Right,random,Ang,WRM,HTL,1,0.2,1,401,78,161,36,Source+Target,arc labels,,0.5427085814082718,0.2111801242236025,0.8717948717948718
Right,random,Ang,WRM,HTL,1,0.2,1,401,78,161,36,COT,arc labels,,0.49122807017543857,0.19047619047619047,0.6666666666666666
Right,random,Ang,WRM,HTL,1,0.2,1,401,78,161,36,none-Ang-HS4,arc labels,,0.5130785107565293,0.19940476190476192,0.8589743589743589
Right,random,Ang,WRM,HTL,1,0.2,1,401,78,161,36,none-Ang-HSsrc,nothing,,0.53163451615464,0.20555555555555555,0.9487179487179487
Right,random,Ang,WRM,HTL,1,0.2,1,401,78,161,36,none-Ang-PCA,arc segments,16.0,0.5673374613003096,0.2484076433121019,0.5
Right,random,Ang,WRM,HTL,1,0.2,1,401,78,161,36,QOTu-Ang-HS4,arc labels,,0.5896245137731206,0.24347826086956523,0.717948717948718
Right,random,Ang,WRM,HTL,1,0.2,1,401,78,161,36,QOTu-Ang-HSsrc,arc segments,,0.5642017940779551,0.22943722943722944,0.6794871794871795
Right,random,Ang,WRM,HTL,1,0.2,1,401,78,161,36,QOTu-Ang-PCA,arc segments,8.0,0.5564420100023816,0.22058823529411764,0.7692307692307693
Right,random,Ang,WRM,HTL,1,0.2,1,401,78,161,36,QOTc-Ang-HS4,arc labels,,0.5931769468921172,0.2524752475247525,0.6538461538461539
Right,random,Ang,WRM,HTL,1,0.2,1,401,78,161,36,QOTc-Ang-HSsrc,arc labels,,0.5592799872985632,0.2166172106824926,0.9358974358974359
Right,random,Ang,WRM,HTL,1,0.2,1,401,78,161,36,QOTc-Ang-PCA,arc labels,64.0,0.48045169484797967,0.18023255813953487,0.3974358974358974
Right,random,Ang,WRM,HTL,1,0.2,1,401,78,161,36,SDM-Ang-HS4,arc labels,,0.5567198539334762,0.23668639053254437,0.5128205128205128
Right,random,Ang,WRM,HTL,1,0.2,1,401,78,161,36,SDM-Ang-HSsrc,arc labels,,0.5619790426291974,0.22529644268774704,0.7307692307692307
Right,random,Ang,WRM,HTL,1,0.2,1,401,78,161,36,SDM-Ang-PCA,arc labels,64.0,0.5171667857426372,0.21014492753623187,0.3717948717948718
Right,random,Ang,WRM,HTL,1,0.3,1,401,78,241,51,NoAdapt,nothing,,0.5814082718107486,0.22895622895622897,0.8717948717948718
Right,random,Ang,WRM,HTL,1,0.3,1,401,78,241,51,TargetOnly,arc labels,,0.5370127808208304,0.2149122807017544,0.6282051282051282
Right,random,Ang,WRM,HTL,1,0.3,1,401,78,241,51,Source+Target,arc labels,,0.5486822259268079,0.21405750798722045,0.8589743589743589
Right,random,Ang,WRM,HTL,1,0.3,1,401,78,241,51,COT,arc labels,,0.45387790743827894,0.171875,0.5641025641025641
Right,random,Ang,WRM,HTL,1,0.3,1,401,78,241,51,none-Ang-HS4,arc labels,,0.5500317535921251,0.2177121771217712,0.7564102564102564
Right,random,Ang,WRM,HTL,1,0.3,1,401,78,241,51,none-Ang-HSsrc,nothing,,0.53163451615464,0.20555555555555555,0.9487179487179487
Right,random,Ang,WRM,HTL,1,0.3,1,401,78,241,51,none-Ang-PCA,arc segments,16.0,0.5870246884178772,0.27611940298507465,0.47435897435897434
Right,random,Ang,WRM,HTL,1,0.3,1,401,78,241,51,QOTu-Ang-HS4,arc labels,,0.5998055092482337,0.2548076923076923,0.6794871794871795
Right,random,Ang,WRM,HTL,1,0.3,1,401,78,241,51,QOTu-Ang-HSsrc,arc segments,,0.5765856950067476,0.23766816143497757,0.6794871794871795
Right,random,Ang,WRM,HTL,1,0.3,1,401,78,241,51,QOTu-Ang-PCA,arc segments,16.0,0.5467770103993015,0.23125,0.47435897435897434
Right,random,Ang,WRM,HTL,1,0.3,1,401,78,241,51,QOTc-Ang-HS4,arc labels,,0.5759307771691673,0.2403846153846154,0.6410256410256411
Right,random,Ang,WRM,HTL,1,0.3,1,401,78,241,51,QOTc-Ang-HSsrc,arc labels,,0.5639239501468604,0.218562874251497,0.9358974358974359
Right,random,Ang,WRM,HTL,1,0.3,1,401,78,241,51,QOTc-Ang-PCA,arc labels,64.0,0.5229221243153132,0.21774193548387097,0.34615384615384615
Right,random,Ang,WRM,HTL,1,0.3,1,401,78,241,51,SDM-Ang-HS4,arc labels,,0.5478883861236803,0.2348993288590604,0.44871794871794873
Right,random,Ang,WRM,HTL,1,0.3,1,401,78,241,51,SDM-Ang-HSsrc,arc labels,,0.5548940223862825,0.21978021978021978,0.7692307692307693
Right,random,Ang,WRM,HTL,1,0.3,1,401,78,241,51,SDM-Ang-PCA,arc labels,64.0,0.5509843613558784,0.23809523809523808,0.44871794871794873
Right,random,Ang,WRM,HTL,1,0.5,1,401,78,380,86,NoAdapt,nothing,,0.5814082718107486,0.22895622895622897,0.8717948717948718
Right,random,Ang,WRM,HTL,1,0.5,1,401,78,380,86,TargetOnly,arc labels,,0.5571366198301183,0.22790697674418606,0.6282051282051282
Right,random,Ang,WRM,HTL,1,0.5,1,401,78,380,86,Source+Target,arc labels,,0.573450027784393,0.2255892255892256,0.8589743589743589
Right,random,Ang,WRM,HTL,1,0.5,1,401,78,380,86,COT,arc labels,,0.4775343335714853,0.18326693227091634,0.5897435897435898
Right,random,Ang,WRM,HTL,1,0.5,1,401,78,380,86,none-Ang-HS4,arc labels,,0.5360800190521553,0.2088607594936709,0.8461538461538461
Right,random,Ang,WRM,HTL,1,0.5,1,401,78,380,86,none-Ang-HSsrc,nothing,,0.53163451615464,0.20555555555555555,0.9487179487179487
Right,random,Ang,WRM,HTL,1,0.5,1,401,78,380,86,none-Ang-PCA,arc segments,64.0,0.5501309835675161,0.26373626373626374,0.3076923076923077
Right,random,Ang,WRM,HTL,1,0.5,1,401,78,380,86,QOTu-Ang-HS4,arc labels,,0.6064340716043503,0.2570093457943925,0.7051282051282052
Right,random,Ang,WRM,HTL,1,0.5,1,401,78,380,86,QOTu-Ang-HSsrc,arc segments,,0.5812296578550449,0.2409090909090909,0.6794871794871795
Right,random,Ang,WRM,HTL,1,0.5,1,401,78,380,86,QOTu-Ang-PCA,arc segments,16.0,0.5556283242041756,0.24305555555555555,0.44871794871794873
Right,random,Ang,WRM,HTL,1,0.5,1,401,78,380,86,QOTc-Ang-HS4,arc labels,,0.5770223068984679,0.23605150214592274,0.7051282051282052
Right,random,Ang,WRM,HTL,1,0.5,1,401,78,380,86,QOTc-Ang-HSsrc,arc labels,,0.5590616813527031,0.21686746987951808,0.9230769230769231
Right,random,Ang,WRM,HTL,1,0.5,1,401,78,380,86,QOTc-Ang-PCA,arc labels,64.0,0.5396919901563864,0.2222222222222222,0.5128205128205128
Right,random,Ang,WRM,HTL,1,0.5,1,401,78,380,86,SDM-Ang-HS4,arc labels,,0.6110978804477256,0.2742857142857143,0.6153846153846154
Right,random,Ang,WRM,HTL,1,0.5,1,401,78,380,86,SDM-Ang-HSsrc,arc labels,,0.5831944113677859,0.2339622641509434,0.7948717948717948
Right,random,Ang,WRM,HTL,1,0.5,1,401,78,380,86,SDM-Ang-PCA,arc labels,64.0,0.5529689608636976,0.23717948717948717,0.47435897435897434
Right,random,Ang,WRM,HTL,2,0.05,1,401,78,40,11,NoAdapt,nothing,,0.5522148130507264,0.21495327102803738,0.8846153846153846
Right,random,Ang,WRM,HTL,2,0.05,1,401,78,40,11,TargetOnly,arc labels,,0.6325117091370962,0.2675438596491228,0.782051282051282
Right,random,Ang,WRM,HTL,2,0.05,1,401,78,40,11,Source+Target,arc labels,,0.5183773914424069,0.20114942528735633,0.8974358974358975
Right,random,Ang,WRM,HTL,2,0.05,1,401,78,40,11,COT,arc labels,,0.4962491069302215,0.19329896907216496,0.9615384615384616
Right,random,Ang,WRM,HTL,2,0.05,1,401,78,40,11,none-Ang-HS4,arc labels,,0.5208581408271811,0.20463320463320464,0.6794871794871795
Right,random,Ang,WRM,HTL,2,0.05,1,401,78,40,11,none-Ang-HSsrc,nothing,,0.5269905533063428,0.20385674931129477,0.9487179487179487
Right,random,Ang,WRM,HTL,2,0.05,1,401,78,40,11,none-Ang-PCA,arc segments,16.0,0.545189330793046,0.21888412017167383,0.6538461538461539
Right,random,Ang,WRM,HTL,2,0.05,1,401,78,40,11,QOTu-Ang-HS4,arc labels,,0.5327855838691752,0.20938628158844766,0.7435897435897436
Right,random,Ang,WRM,HTL,2,0.05,1,401,78,40,11,QOTu-Ang-HSsrc,arc segments,,0.5533460347701834,0.21897810218978103,0.7692307692307693
Right,random,Ang,WRM,HTL,2,0.05,1,401,78,40,11,QOTu-Ang-PCA,arc segments,16.0,0.5533658807652616,0.22268907563025211,0.6794871794871795
Right,random,Ang,WRM,HTL,2,0.05,1,401,78,40,11,QOTc-Ang-HS4,arc labels,,0.5922441851234421,0.23448275862068965,0.8717948717948718
Right,random,Ang,WRM,HTL,2,0.05,1,401,78,40,11,QOTc-Ang-HSsrc,arc labels,,0.5471143923156306,0.21142857142857144,0.9487179487179487
Right,random,Ang,WRM,HTL,2,0.05,1,401,78,40,11,QOTc-Ang-PCA,arc labels,64.0,0.55074620941494,0.2303370786516854,0.5256410256410257
Right,random,Ang,WRM,HTL,2,0.05,1,401,78,40,11,SDM-Ang-HS4,arc labels,,0.5995673573072954,0.24686192468619247,0.7564102564102564
Right,random,Ang,WRM,HTL,2,0.05,1,401,78,40,11,SDM-Ang-HSsrc,arc labels,,0.5416170516789712,0.21212121212121213,0.8076923076923077
Right,random,Ang,WRM,HTL,2,0.05,1,401,78,40,11,SDM-Ang-PCA,arc labels,64.0,0.5697785186949273,0.2571428571428571,0.46153846153846156
Right,random,Ang,WRM,HTL,2,0.1,1,401,78,80,21,NoAdapt,nothing,,0.5522148130507264,0.21495327102803738,0.8846153846153846
Right,random,Ang,WRM,HTL,2,0.1,1,401,78,80,21,TargetOnly,arc labels,,0.5695006747638327,0.23045267489711935,0.717948717948718
Right,random,Ang,WRM,HTL,2,0.1,1,401,78,80,21,Source+Target,arc labels,,0.5230213542907042,0.2028985507246377,0.8974358974358975
Right,random,Ang,WRM,HTL,2,0.1,1,401,78,80,21,COT,arc labels,,0.5569183138842582,0.22857142857142856,0.6153846153846154
Right,random,Ang,WRM,HTL,2,0.1,1,401,78,80,21,none-Ang-HS4,arc labels,,0.5226244343891403,0.20532319391634982,0.6923076923076923
Right,random,Ang,WRM,HTL,2,0.1,1,401,78,80,21,none-Ang-HSsrc,nothing,,0.5269905533063428,0.20385674931129477,0.9487179487179487
Right,random,Ang,WRM,HTL,2,0.1,1,401,78,80,21,none-Ang-PCA,arc segments,32.0,0.49069222830832737,0.16666666666666666,0.08974358974358974
Right,random,Ang,WRM,HTL,2,0.1,1,401,78,80,21,QOTu-Ang-HS4,arc labels,,0.5703937445423514,0.23348017621145375,0.6794871794871795
Right,random,Ang,WRM,HTL,2,0.1,1,401,78,80,21,QOTu-Ang-HSsrc,arc segments,,0.5442962610145272,0.21686746987951808,0.6923076923076923
Right,random,Ang,WRM,HTL,2,0.1,1,401,78,80,21,QOTu-Ang-PCA,arc segments,16.0,0.5396919901563864,0.2222222222222222,0.5128205128205128
Right,random,Ang,WRM,HTL,2,0.1,1,401,78,80,21,QOTc-Ang-HS4,arc labels,,0.5329840438199571,0.20754716981132076,0.8461538461538461
Right,random,Ang,WRM,HTL,2,0.1,1,401,78,80,21,QOTc-Ang-HSsrc,arc labels,,0.5528697308883068,0.21428571428571427,0.9230769230769231
Right,random,Ang,WRM,HTL,2,0.1,1,401,78,80,21,QOTc-Ang-PCA,arc labels,64.0,0.5328451218544098,0.21893491124260356,0.47435897435897434
Right,random,Ang,WRM,HTL,2,0.1,1,401,78,80,21,SDM-Ang-HS4,arc labels,,0.5635270302452965,0.2261904761904762,0.7307692307692307
Right,random,Ang,WRM,HTL,2,0.1,1,401,78,80,21,SDM-Ang-HSsrc,arc labels,,0.5582083035643407,0.2210144927536232,0.782051282051282
Right,random,Ang,WRM,HTL,2,0.1,1,401,78,80,21,SDM-Ang-PCA,arc labels,64.0,0.5509645153608002,0.22950819672131148,0.5384615384615384
Right,random,Ang,WRM,HTL,2,0.2,1,401,78,161,35,NoAdapt,nothing,,0.5522148130507264,0.21495327102803738,0.8846153846153846
Right,random,Ang,WRM,HTL,2,0.2,1,401,78,161,35,TargetOnly,arc labels,,0.597582757799476,0.24782608695652175,0.7307692307692307
Right,random,Ang,WRM,HTL,2,0.2,1,401,78,161,35,Source+Target,arc labels,,0.5413788997380329,0.21036585365853658,0.8846153846153846
Right,random,Ang,WRM,HTL,2,0.2,1,401,78,161,35,COT,arc labels,,0.5865285385409225,0.2413793103448276,0.717948717948718
Right,random,Ang,WRM,HTL,2,0.2,1,401,78,161,35,none-Ang-HS4,arc labels,,0.5146463443677066,0.20066889632107024,0.7692307692307693
Right,random,Ang,WRM,HTL,2,0.2,1,401,78,161,35,none-Ang-HSsrc,nothing,,0.5269905533063428,0.20385674931129477,0.9487179487179487
Right,random,Ang,WRM,HTL,2,0.2,1,401,78,161,35,none-Ang-PCA,arc segments,32.0,0.5043859649122807,0.203125,0.16666666666666666
Right,random,Ang,WRM,HTL,2,0.2,1,401,78,161,35,QOTu-Ang-HS4,arc labels,,0.5898428197189807,0.2425531914893617,0.7307692307692307
Right,random,Ang,WRM,HTL,2,0.2,1,401,78,161,35,QOTu-Ang-HSsrc,arc segments,,0.5549138683813606,0.22362869198312235,0.6794871794871795
Right,random,Ang,WRM,HTL,2,0.2,1,401,78,161,35,QOTu-Ang-PCA,arc segments,16.0,0.591410653330158,0.25252525252525254,0.6410256410256411
Right,random,Ang,WRM,HTL,2,0.2,1,401,78,161,35,QOTc-Ang-HS4,arc labels,,0.5997658172580773,0.2392857142857143,0.8589743589743589
Right,random,Ang,WRM,HTL,2,0.2,1,401,78,161,35,QOTc-Ang-HSsrc,arc labels,,0.5526514249424466,0.21450151057401812,0.9102564102564102
Right,random,Ang,WRM,HTL,2,0.2,1,401,78,161,35,QOTc-Ang-PCA,arc labels,64.0,0.5187147733587363,0.2116788321167883,0.3717948717948718
Right,random,Ang,WRM,HTL,2,0.2,1,401,78,161,35,SDM-Ang-HS4,arc labels,,0.5960546161784552,0.2564102564102564,0.6410256410256411
Right,random,Ang,WRM,HTL,2,0.2,1,401,78,161,35,SDM-Ang-HSsrc,arc labels,,0.5610859728506787,0.22304832713754646,0.7692307692307693
Right,random,Ang,WRM,HTL,2,0.2,1,401,78,161,35,SDM-Ang-PCA,arc labels,64.0,0.5909938874335159,0.26973684210526316,0.5256410256410257
Right,random,Ang,WRM,HTL,2,0.3,1,401,78,241,54,NoAdapt,nothing,,0.5522148130507264,0.21495327102803738,0.8846153846153846
Right,random,Ang,WRM,HTL,2,0.3,1,401,78,241,54,TargetOnly,arc labels,,0.6020084147019131,0.25225225225225223,0.717948717948718
Right,random,Ang,WRM,HTL,2,0.3,1,401,78,241,54,Source+Target,arc labels,,0.544474874970231,0.2116564417177914,0.8846153846153846
Right,random,Ang,WRM,HTL,2,0.3,1,401,78,241,54,COT,arc labels,,0.5754743192823688,0.23504273504273504,0.7051282051282052
Right,random,Ang,WRM,HTL,2,0.3,1,401,78,241,54,none-Ang-HS4,arc labels,,0.5321108200365166,0.2080536912751678,0.7948717948717948
Right,random,Ang,WRM,HTL,2,0.3,1,401,78,241,54,none-Ang-HSsrc,nothing,,0.5269905533063428,0.20385674931129477,0.9487179487179487
Right,random,Ang,WRM,HTL,2,0.3,1,401,78,241,54,none-Ang-PCA,arc segments,32.0,0.4880328649678495,0.16666666666666666,0.11538461538461539
Right,random,Ang,WRM,HTL,2,0.3,1,401,78,241,54,QOTu-Ang-HS4,arc labels,,0.5927204890053187,0.24561403508771928,0.717948717948718
Right,random,Ang,WRM,HTL,2,0.3,1,401,78,241,54,QOTu-Ang-HSsrc,arc segments,,0.5765856950067476,0.23766816143497757,0.6794871794871795
Right,random,Ang,WRM,HTL,2,0.3,1,401,78,241,54,QOTu-Ang-PCA,arc segments,16.0,0.5752758593315869,0.24352331606217617,0.6025641025641025
Right,random,Ang,WRM,HTL,2,0.3,1,401,78,241,54,QOTc-Ang-HS4,arc labels,,0.6198896562673653,0.250936329588015,0.8589743589743589
Right,random,Ang,WRM,HTL,2,0.3,1,401,78,241,54,QOTc-Ang-HSsrc,arc labels,,0.5497737556561086,0.21301775147928995,0.9230769230769231
Right,random,Ang,WRM,HTL,2,0.3,1,401,78,241,54,QOTc-Ang-PCA,arc labels,64.0,0.591410653330158,0.25252525252525254,0.6410256410256411
Right,random,Ang,WRM,HTL,2,0.3,1,401,78,241,54,SDM-Ang-HS4,arc labels,,0.6150670794633643,0.2694300518134715,0.6666666666666666
Right,random,Ang,WRM,HTL,2,0.3,1,401,78,241,54,SDM-Ang-HSsrc,arc labels,,0.565729935698976,0.22556390977443608,0.7692307692307693
Right,random,Ang,WRM,HTL,2,0.3,1,401,78,241,54,SDM-Ang-PCA,arc labels,64.0,0.5728744939271255,0.2608695652173913,0.46153846153846156
Right,random,Ang,WRM,HTL,2,0.5,1,401,78,380,88,NoAdapt,nothing,,0.5522148130507264,0.21495327102803738,0.8846153846153846
Right,random,Ang,WRM,HTL,2,0.5,1,401,78,380,88,TargetOnly,arc labels,,0.610621576565849,0.25316455696202533,0.7692307692307693
Right,random,Ang,WRM,HTL,2,0.5,1,401,78,380,88,Source+Target,arc labels,,0.5475708502024291,0.21296296296296297,0.8846153846153846
Right,random,Ang,WRM,HTL,2,0.5,1,401,78,380,88,COT,arc labels,,0.5821028816384853,0.2375,0.7307692307692307
Right,random,Ang,WRM,HTL,2,0.5,1,401,78,380,88,none-Ang-HS4,arc labels,,0.5321108200365166,0.2080536912751678,0.7948717948717948
Right,random,Ang,WRM,HTL,2,0.5,1,401,78,380,88,none-Ang-HSsrc,nothing,,0.5269905533063428,0.20385674931129477,0.9487179487179487
Right,random,Ang,WRM,HTL,2,0.5,1,401,78,380,88,none-Ang-PCA,arc segments,16.0,0.5631499563388108,0.2537313432835821,0.4358974358974359
Right,random,Ang,WRM,HTL,2,0.5,1,401,78,380,88,QOTu-Ang-HS4,arc labels,,0.5874216083194411,0.24537037037037038,0.6794871794871795
Right,random,Ang,WRM,HTL,2,0.5,1,401,78,380,88,QOTu-Ang-HSsrc,arc segments,,0.562653806461856,0.22844827586206898,0.6794871794871795
Right,random,Ang,WRM,HTL,2,0.5,1,401,78,380,88,QOTu-Ang-PCA,arc segments,16.0,0.5865483845360007,0.25,0.6282051282051282
Right,random,Ang,WRM,HTL,2,0.5,1,401,78,380,88,QOTc-Ang-HS4,arc labels,,0.5802968960863698,0.22727272727272727,0.8974358974358975
Right,random,Ang,WRM,HTL,2,0.5,1,401,78,380,88,QOTc-Ang-HSsrc,arc labels,,0.5546360244502659,0.21470588235294116,0.9358974358974359
Right,random,Ang,WRM,HTL,2,0.5,1,401,78,380,88,QOTc-Ang-PCA,arc labels,32.0,0.5825791855203619,0.25280898876404495,0.5769230769230769
Right,random,Ang,WRM,HTL,2,0.5,1,401,78,380,88,SDM-Ang-HS4,arc labels,,0.6225688656029214,0.2648401826484018,0.7435897435897436
Right,random,Ang,WRM,HTL,2,0.5,1,401,78,380,88,SDM-Ang-HSsrc,arc labels,,0.5579899976184806,0.22140221402214022,0.7692307692307693
Right,random,Ang,WRM,HTL,2,0.5,1,401,78,380,88,SDM-Ang-PCA,arc labels,64.0,0.6221719457013575,0.30656934306569344,0.5384615384615384
Right,random,Ang,WRM,HTL,3,0.05,1,401,91,40,10,NoAdapt,nothing,,0.537646224742999,0.24260355029585798,0.9010989010989011
Right,random,Ang,WRM,HTL,3,0.05,1,401,91,40,10,TargetOnly,arc labels,,0.45827720666430344,0.17543859649122806,0.21978021978021978
Right,random,Ang,WRM,HTL,3,0.05,1,401,91,40,10,Source+Target,arc labels,,0.5276674937965261,0.23796033994334279,0.9230769230769231
Right,random,Ang,WRM,HTL,3,0.05,1,401,91,40,10,COT,arc labels,,0.4980326125487416,0.2262210796915167,0.967032967032967
Right,random,Ang,WRM,HTL,3,0.05,1,401,91,40,10,none-Ang-HS4,arc labels,,0.5501949663239986,0.24921135646687698,0.8681318681318682
Right,random,Ang,WRM,HTL,3,0.05,1,401,91,40,10,none-Ang-HSsrc,nothing,,0.545763913505849,0.24507042253521127,0.9560439560439561
Right,random,Ang,WRM,HTL,3,0.05,1,401,91,40,10,none-Ang-PCA,arc segments,32.0,0.4807515065579582,0.17857142857142858,0.10989010989010989
Right,random,Ang,WRM,HTL,3,0.05,1,401,91,40,10,QOTu-Ang-HS4,arc labels,,0.5865295994328252,0.2764227642276423,0.7472527472527473
Right,random,Ang,WRM,HTL,3,0.05,1,401,91,40,10,QOTu-Ang-HSsrc,arc segments,,0.596207018787664,0.2833333333333333,0.7472527472527473
Right,random,Ang,WRM,HTL,3,0.05,1,401,91,40,10,QOTu-Ang-PCA,arc segments,32.0,0.5362105636299185,0.2620689655172414,0.4175824175824176
Right,random,Ang,WRM,HTL,3,0.05,1,401,91,40,10,QOTc-Ang-HS4,arc labels,,0.4619106699751861,0.19047619047619047,0.3076923076923077
Right,random,Ang,WRM,HTL,3,0.05,1,401,91,40,10,QOTc-Ang-HSsrc,arc labels,,0.5719071251329315,0.27488151658767773,0.6373626373626373
Right,random,Ang,WRM,HTL,3,0.05,1,401,91,40,10,QOTc-Ang-PCA,arc labels,64.0,0.5208791208791209,0.2619047619047619,0.24175824175824176
Right,random,Ang,WRM,HTL,3,0.05,1,401,91,40,10,SDM-Ang-HS4,arc labels,,0.44829847571783055,0.17054263565891473,0.24175824175824176
Right,random,Ang,WRM,HTL,3,0.05,1,401,91,40,10,SDM-Ang-HSsrc,arc labels,,0.4242112725983694,0.1702127659574468,0.3516483516483517
Right,random,Ang,WRM,HTL,3,0.05,1,401,91,40,10,SDM-Ang-PCA,arc labels,64.0,0.517919177596597,0.23979591836734693,0.5164835164835165
Right,random,Ang,WRM,HTL,3,0.1,1,401,91,80,16,NoAdapt,nothing,,0.537646224742999,0.24260355029585798,0.9010989010989011
Right,random,Ang,WRM,HTL,3,0.1,1,401,91,80,16,TargetOnly,arc labels,,0.5637894363700815,0.27319587628865977,0.5824175824175825
Right,random,Ang,WRM,HTL,3,0.1,1,401,91,80,16,Source+Target,arc labels,,0.5325062034739454,0.24,0.9230769230769231
Right,random,Ang,WRM,HTL,3,0.1,1,401,91,80,16,COT,arc labels,,0.4443814250265863,0.1951219512195122,0.5274725274725275
Right,random,Ang,WRM,HTL,3,0.1,1,401,91,80,16,none-Ang-HS4,arc labels,,0.5592697624955689,0.25227963525835867,0.9120879120879121
Right,random,Ang,WRM,HTL,3,0.1,1,401,91,80,16,none-Ang-HSsrc,nothing,,0.545763913505849,0.24507042253521127,0.9560439560439561
Right,random,Ang,WRM,HTL,3,0.1,1,401,91,80,16,none-Ang-PCA,arc segments,32.0,0.48105281814959233,0.1702127659574468,0.08791208791208792
Right,random,Ang,WRM,HTL,3,0.1,1,401,91,80,16,QOTu-Ang-HS4,arc labels,,0.574937965260546,0.26717557251908397,0.7692307692307693
Right,random,Ang,WRM,HTL,3,0.1,1,401,91,80,16,QOTu-Ang-HSsrc,arc segments,,0.5968628146047501,0.2827868852459016,0.7582417582417582
Right,random,Ang,WRM,HTL,3,0.1,1,401,91,80,16,QOTu-Ang-PCA,arc segments,32.0,0.5345444877702942,0.2661290322580645,0.3626373626373626
Right,random,Ang,WRM,HTL,3,0.1,1,401,91,80,16,QOTc-Ang-HS4,arc labels,,0.5082417582417582,0.23267326732673269,0.5164835164835165
Right,random,Ang,WRM,HTL,3,0.1,1,401,91,80,16,QOTc-Ang-HSsrc,arc labels,,0.5522155264090748,0.24786324786324787,0.9560439560439561
Right,random,Ang,WRM,HTL,3,0.1,1,401,91,80,16,QOTc-Ang-PCA,arc labels,64.0,0.4934597660404112,0.21782178217821782,0.24175824175824176
Right,random,Ang,WRM,HTL,3,0.1,1,401,91,80,16,SDM-Ang-HS4,arc labels,,0.5075327897908544,0.23295454545454544,0.45054945054945056
Right,random,Ang,WRM,HTL,3,0.1,1,401,91,80,16,SDM-Ang-HSsrc,arc labels,,0.4902516838000709,0.22131147540983606,0.5934065934065934
Right,random,Ang,WRM,HTL,3,0.1,1,401,91,80,16,SDM-Ang-PCA,arc labels,64.0,0.46891173342786246,0.18446601941747573,0.2087912087912088
Right,random,Ang,WRM,HTL,3,0.2,1,401,91,161,30,NoAdapt,nothing,,0.537646224742999,0.24260355029585798,0.9010989010989011
Right,random,Ang,WRM,HTL,3,0.2,1,401,91,161,30,TargetOnly,arc labels,,0.5796703296703296,0.27906976744186046,0.6593406593406593
Right,random,Ang,WRM,HTL,3,0.2,1,401,91,161,30,Source+Target,arc labels,,0.5341191066997519,0.24068767908309455,0.9230769230769231
Right,random,Ang,WRM,HTL,3,0.2,1,401,91,161,30,COT,arc labels,,0.5782169443459766,0.26595744680851063,0.8241758241758241
Right,random,Ang,WRM,HTL,3,0.2,1,401,91,161,30,none-Ang-HS4,arc labels,,0.5504962779156327,0.25,0.8461538461538461
Right,random,Ang,WRM,HTL,3,0.2,1,401,91,161,30,none-Ang-HSsrc,nothing,,0.545763913505849,0.24507042253521127,0.9560439560439561
Right,random,Ang,WRM,HTL,3,0.2,1,401,91,161,30,none-Ang-PCA,arc segments,32.0,0.502073732718894,0.23214285714285715,0.14285714285714285
Right,random,Ang,WRM,HTL,3,0.2,1,401,91,161,30,QOTu-Ang-HS4,arc labels,,0.5849166962070188,0.27530364372469635,0.7472527472527473
Right,random,Ang,WRM,HTL,3,0.2,1,401,91,161,30,QOTu-Ang-HSsrc,arc segments,,0.5887982984757179,0.27710843373493976,0.7582417582417582
Right,random,Ang,WRM,HTL,3,0.2,1,401,91,161,30,QOTu-Ang-PCA,arc segments,32.0,0.5332328961361219,0.2672413793103448,0.34065934065934067
Right,random,Ang,WRM,HTL,3,0.2,1,401,91,161,30,QOTc-Ang-HS4,arc labels,,0.5487770294221908,0.2528301886792453,0.7362637362637363
Right,random,Ang,WRM,HTL,3,0.2,1,401,91,161,30,QOTc-Ang-HSsrc,arc labels,,0.5506026231832684,0.2471590909090909,0.9560439560439561
Right,random,Ang,WRM,HTL,3,0.2,1,401,91,161,30,QOTc-Ang-PCA,arc labels,64.0,0.49613612194257356,0.22302158273381295,0.34065934065934067
Right,random,Ang,WRM,HTL,3,0.2,1,401,91,161,30,SDM-Ang-HS4,arc labels,,0.5686813186813187,0.27230046948356806,0.6373626373626373
Right,random,Ang,WRM,HTL,3,0.2,1,401,91,161,30,SDM-Ang-HSsrc,arc labels,,0.5264976958525346,0.24074074074074073,0.7142857142857143
Right,random,Ang,WRM,HTL,3,0.2,1,401,91,161,30,SDM-Ang-PCA,arc labels,64.0,0.4376639489542715,0.16428571428571428,0.25274725274725274
Right,random,Ang,WRM,HTL,3,0.3,1,401,91,241,46,NoAdapt,nothing,,0.537646224742999,0.24260355029585798,0.9010989010989011
Right,random,Ang,WRM,HTL,3,0.3,1,401,91,241,46,TargetOnly,arc labels,,0.5881425026586317,0.27755102040816326,0.7472527472527473
Right,random,Ang,WRM,HTL,3,0.3,1,401,91,241,46,Source+Target,arc labels,,0.5470223325062035,0.24633431085043989,0.9230769230769231
Right,random,Ang,WRM,HTL,3,0.3,1,401,91,241,46,COT,arc labels,,0.5658631690889755,0.264,0.7252747252747253
Right,random,Ang,WRM,HTL,3,0.3,1,401,91,241,46,none-Ang-HS4,arc labels,,0.5579049982275789,0.25418060200668896,0.8351648351648352
Right,random,Ang,WRM,HTL,3,0.3,1,401,91,241,46,none-Ang-HSsrc,nothing,,0.545763913505849,0.24507042253521127,0.9560439560439561
Right,random,Ang,WRM,HTL,3,0.3,1,401,91,241,46,none-Ang-PCA,arc segments,16.0,0.561166253101737,0.2752808988764045,0.5384615384615384
Right,random,Ang,WRM,HTL,3,0.3,1,401,91,241,46,QOTu-Ang-HS4,arc labels,,0.6000354484225452,0.2909090909090909,0.7032967032967034
Right,random,Ang,WRM,HTL,3,0.3,1,401,91,241,46,QOTu-Ang-HSsrc,arc segments,,0.5968628146047501,0.2827868852459016,0.7582417582417582
Right,random,Ang,WRM,HTL,3,0.3,1,401,91,241,46,QOTu-Ang-PCA,arc segments,16.0,0.5726160935838356,0.270042194092827,0.7032967032967034
Right,random,Ang,WRM,HTL,3,0.3,1,401,91,241,46,QOTc-Ang-HS4,arc labels,,0.5914746543778802,0.27177700348432055,0.8571428571428571
Right,random,Ang,WRM,HTL,3,0.3,1,401,91,241,46,QOTc-Ang-HSsrc,arc labels,,0.5506026231832684,0.2471590909090909,0.9560439560439561
Right,random,Ang,WRM,HTL,3,0.3,1,401,91,241,46,QOTc-Ang-PCA,arc labels,64.0,0.5148883374689827,0.2413793103448276,0.38461538461538464
Right,random,Ang,WRM,HTL,3,0.3,1,401,91,241,46,SDM-Ang-HS4,arc labels,,0.5587025877348458,0.2631578947368421,0.6593406593406593
Right,random,Ang,WRM,HTL,3,0.3,1,401,91,241,46,SDM-Ang-HSsrc,arc labels,,0.5307337823466856,0.24210526315789474,0.7582417582417582
Right,random,Ang,WRM,HTL,3,0.3,1,401,91,241,46,SDM-Ang-PCA,arc labels,64.0,0.4858560794044665,0.2147239263803681,0.38461538461538464
Right,random,Ang,WRM,HTL,3,0.5,1,401,91,380,73,NoAdapt,nothing,,0.537646224742999,0.24260355029585798,0.9010989010989011
Right,random,Ang,WRM,HTL,3,0.5,1,401,91,380,73,TargetOnly,arc labels,,0.5659163417227934,0.2610294117647059,0.7802197802197802
Right,random,Ang,WRM,HTL,3,0.5,1,401,91,380,73,Source+Target,arc labels,,0.5470223325062035,0.24633431085043989,0.9230769230769231
Right,random,Ang,WRM,HTL,3,0.5,1,401,91,380,73,COT,arc labels,,0.5073909961006735,0.23107569721115537,0.6373626373626373
Right,random,Ang,WRM,HTL,3,0.5,1,401,91,380,73,none-Ang-HS4,arc labels,,0.5659695143566111,0.2585034013605442,0.8351648351648352
Right,random,Ang,WRM,HTL,3,0.5,1,401,91,380,73,none-Ang-HSsrc,nothing,,0.545763913505849,0.24507042253521127,0.9560439560439561
Right,random,Ang,WRM,HTL,3,0.5,1,401,91,380,73,none-Ang-PCA,arc segments,16.0,0.5724565756823821,0.28654970760233917,0.5384615384615384
Right,random,Ang,WRM,HTL,3,0.5,1,401,91,380,73,QOTu-Ang-HS4,arc labels,,0.614250265863169,0.3,0.7252747252747253
Right,random,Ang,WRM,HTL,3,0.5,1,401,91,380,73,QOTu-Ang-HSsrc,arc segments,,0.600088621056363,0.28512396694214875,0.7582417582417582
Right,random,Ang,WRM,HTL,3,0.5,1,401,91,380,73,QOTu-Ang-PCA,arc segments,32.0,0.49810350939383197,0.2251655629139073,0.37362637362637363
Right,random,Ang,WRM,HTL,3,0.5,1,401,91,380,73,QOTc-Ang-HS4,arc labels,,0.563151364764268,0.2537764350453172,0.9230769230769231
Right,random,Ang,WRM,HTL,3,0.5,1,401,91,380,73,QOTc-Ang-HSsrc,arc labels,,0.5460652250974831,0.24566473988439305,0.9340659340659341
Right,random,Ang,WRM,HTL,3,0.5,1,401,91,380,73,QOTc-Ang-PCA,arc labels,32.0,0.5446827366182205,0.26285714285714284,0.5054945054945055
Right,random,Ang,WRM,HTL,3,0.5,1,401,91,380,73,SDM-Ang-HS4,arc labels,,0.5687344913151364,0.2680851063829787,0.6923076923076923
Right,random,Ang,WRM,HTL,3,0.5,1,401,91,380,73,SDM-Ang-HSsrc,arc labels,,0.5210563629918469,0.23711340206185566,0.7582417582417582
Right,random,Ang,WRM,HTL,3,0.5,1,401,91,380,73,SDM-Ang-PCA,arc labels,64.0,0.5558667139312301,0.2903225806451613,0.3956043956043956
Right,random,Ang,WRM,HTL,4,0.05,1,401,76,40,7,NoAdapt,nothing,,0.5448785425101215,0.2050561797752809,0.9605263157894737
Right,random,Ang,WRM,HTL,4,0.05,1,401,76,40,7,TargetOnly,arc labels,,0.5646963562753036,0.23668639053254437,0.5263157894736842
Right,random,Ang,WRM,HTL,4,0.05,1,401,76,40,7,Source+Target,arc labels,,0.5387246963562753,0.20277777777777778,0.9605263157894737
Right,random,Ang,WRM,HTL,4,0.05,1,401,76,40,7,COT,arc labels,,0.49761133603238866,0.18877551020408162,0.9736842105263158
Right,random,Ang,WRM,HTL,4,0.05,1,401,76,40,7,none-Ang-HS4,arc labels,,0.5607894736842105,0.21337579617834396,0.881578947368421
Right,random,Ang,WRM,HTL,4,0.05,1,401,76,40,7,none-Ang-HSsrc,nothing,,0.5402631578947368,0.20334261838440112,0.9605263157894737
Right,random,Ang,WRM,HTL,4,0.05,1,401,76,40,7,none-Ang-PCA,arc segments,32.0,0.4779352226720648,0.13043478260869565,0.07894736842105263
Right,random,Ang,WRM,HTL,4,0.05,1,401,76,40,7,QOTu-Ang-HS4,arc labels,,0.5850202429149798,0.24242424242424243,0.631578947368421
Right,random,Ang,WRM,HTL,4,0.05,1,401,76,40,7,QOTu-Ang-HSsrc,arc segments,,0.6049190283400809,0.24774774774774774,0.7236842105263158
Right,random,Ang,WRM,HTL,4,0.05,1,401,76,40,7,QOTu-Ang-PCA,arc segments,32.0,0.522672064777328,0.21052631578947367,0.3684210526315789
Right,random,Ang,WRM,HTL,4,0.05,1,401,76,40,7,QOTc-Ang-HS4,arc labels,,0.5644331983805668,0.23243243243243245,0.5657894736842105
Right,random,Ang,WRM,HTL,4,0.05,1,401,76,40,7,QOTc-Ang-HSsrc,arc labels,,0.5307085020242915,0.20123839009287925,0.8552631578947368
Right,random,Ang,WRM,HTL,4,0.05,1,401,76,40,7,QOTc-Ang-PCA,arc labels,32.0,0.5561538461538462,0.23170731707317074,0.5
Right,random,Ang,WRM,HTL,4,0.05,1,401,76,40,7,SDM-Ang-HS4,arc labels,,0.5763157894736842,0.2441860465116279,0.5526315789473685
Right,random,Ang,WRM,HTL,4,0.05,1,401,76,40,7,SDM-Ang-HSsrc,arc labels,,0.49153846153846154,0.18446601941747573,0.5
Right,random,Ang,WRM,HTL,4,0.05,1,401,76,40,7,SDM-Ang-PCA,arc labels,64.0,0.4767813765182186,0.17006802721088435,0.32894736842105265
Right,random,Ang,WRM,HTL,4,0.1,1,401,76,80,15,NoAdapt,nothing,,0.5448785425101215,0.2050561797752809,0.9605263157894737
Right,random,Ang,WRM,HTL,4,0.1,1,401,76,80,15,TargetOnly,arc labels,,0.608421052631579,0.24888888888888888,0.7368421052631579
Right,random,Ang,WRM,HTL,4,0.1,1,401,76,80,15,Source+Target,arc labels,,0.5418016194331984,0.20391061452513967,0.9605263157894737
Right,random,Ang,WRM,HTL,4,0.1,1,401,76,80,15,COT,arc labels,,0.6079959514170041,0.25,0.7236842105263158
Right,random,Ang,WRM,HTL,4,0.1,1,401,76,80,15,none-Ang-HS4,arc labels,,0.5736234817813766,0.22262773722627738,0.8026315789473685
Right,random,Ang,WRM,HTL,4,0.1,1,401,76,80,15,none-Ang-HSsrc,nothing,,0.5402631578947368,0.20334261838440112,0.9605263157894737
Right,random,Ang,WRM,HTL,4,0.1,1,401,76,80,15,none-Ang-PCA,arc segments,32.0,0.47639676113360324,0.1276595744680851,0.07894736842105263
Right,random,Ang,WRM,HTL,4,0.1,1,401,76,80,15,QOTu-Ang-HS4,arc labels,,0.5781781376518219,0.2347417840375587,0.6578947368421053
Right,random,Ang,WRM,HTL,4,0.1,1,401,76,80,15,QOTu-Ang-HSsrc,arc segments,,0.6077327935222672,0.2457627118644068,0.7631578947368421
Right,random,Ang,WRM,HTL,4,0.1,1,401,76,80,15,QOTu-Ang-PCA,arc segments,32.0,0.5268623481781376,0.216,0.35526315789473684
Right,random,Ang,WRM,HTL,4,0.1,1,401,76,80,15,QOTc-Ang-HS4,arc labels,,0.5861943319838057,0.232,0.7631578947368421
Right,random,Ang,WRM,HTL,4,0.1,1,401,76,80,15,QOTc-Ang-HSsrc,arc labels,,0.5466801619433198,0.20648967551622419,0.9210526315789473
Right,random,Ang,WRM,HTL,4,0.1,1,401,76,80,15,QOTc-Ang-PCA,arc labels,64.0,0.51582995951417,0.20270270270270271,0.39473684210526316
Right,random,Ang,WRM,HTL,4,0.1,1,401,76,80,15,SDM-Ang-HS4,arc labels,,0.587834008097166,0.24056603773584906,0.6710526315789473
Right,random,Ang,WRM,HTL,4,0.1,1,401,76,80,15,SDM-Ang-HSsrc,arc labels,,0.5778137651821862,0.22556390977443608,0.7894736842105263
Right,random,Ang,WRM,HTL,4,0.1,1,401,76,80,15,SDM-Ang-PCA,arc labels,32.0,0.5400202429149797,0.2283464566929134,0.3815789473684211
Right,random,Ang,WRM,HTL,4,0.2,1,401,76,161,32,NoAdapt,nothing,,0.5448785425101215,0.2050561797752809,0.9605263157894737
Right,random,Ang,WRM,HTL,4,0.2,1,401,76,161,32,TargetOnly,arc labels,,0.6296963562753036,0.2599118942731278,0.7763157894736842
Right,random,Ang,WRM,HTL,4,0.2,1,401,76,161,32,Source+Target,arc labels,,0.5468421052631579,0.20555555555555555,0.9736842105263158
Right,random,Ang,WRM,HTL,4,0.2,1,401,76,161,32,COT,arc labels,,0.5968623481781377,0.23214285714285715,0.8552631578947368
Right,random,Ang,WRM,HTL,4,0.2,1,401,76,161,32,none-Ang-HS4,arc labels,,0.5737854251012146,0.22033898305084745,0.8552631578947368
Right,random,Ang,WRM,HTL,4,0.2,1,401,76,161,32,none-Ang-HSsrc,nothing,,0.5402631578947368,0.20334261838440112,0.9605263157894737
Right,random,Ang,WRM,HTL,4,0.2,1,401,76,161,32,none-Ang-PCA,arc segments,32.0,0.4965587044534413,0.18181818181818182,0.13157894736842105
Right,random,Ang,WRM,HTL,4,0.2,1,401,76,161,32,QOTu-Ang-HS4,arc labels,,0.5891093117408907,0.23788546255506607,0.7105263157894737
Right,random,Ang,WRM,HTL,4,0.2,1,401,76,161,32,QOTu-Ang-HSsrc,arc segments,,0.5947368421052632,0.23529411764705882,0.7894736842105263
Right,random,Ang,WRM,HTL,4,0.2,1,401,76,161,32,QOTu-Ang-PCA,arc segments,32.0,0.5341295546558704,0.22608695652173913,0.34210526315789475
Right,random,Ang,WRM,HTL,4,0.2,1,401,76,161,32,QOTc-Ang-HS4,arc labels,,0.588582995951417,0.23166023166023167,0.7894736842105263
Right,random,Ang,WRM,HTL,4,0.2,1,401,76,161,32,QOTc-Ang-HSsrc,arc labels,,0.5420647773279352,0.2046783625730994,0.9210526315789473
Right,random,Ang,WRM,HTL,4,0.2,1,401,76,161,32,QOTc-Ang-PCA,arc labels,64.0,0.4836234817813765,0.17424242424242425,0.3026315789473684
Right,random,Ang,WRM,HTL,4,0.2,1,401,76,161,32,SDM-Ang-HS4,arc labels,,0.5875708502024292,0.23684210526315788,0.7105263157894737
Right,random,Ang,WRM,HTL,4,0.2,1,401,76,161,32,SDM-Ang-HSsrc,arc labels,,0.59165991902834,0.23346303501945526,0.7894736842105263
Right,random,Ang,WRM,HTL,4,0.2,1,401,76,161,32,SDM-Ang-PCA,arc labels,32.0,0.5140283400809716,0.2,0.4342105263157895
Right,random,Ang,WRM,HTL,4,0.3,1,401,76,241,49,NoAdapt,nothing,,0.5448785425101215,0.2050561797752809,0.9605263157894737
Right,random,Ang,WRM,HTL,4,0.3,1,401,76,241,49,TargetOnly,arc labels,,0.6162753036437247,0.24896265560165975,0.7894736842105263
Right,random,Ang,WRM,HTL,4,0.3,1,401,76,241,49,Source+Target,arc labels,,0.5525708502024291,0.20797720797720798,0.9605263157894737
Right,random,Ang,WRM,HTL,4,0.3,1,401,76,241,49,COT,arc labels,,0.5594534412955465,0.21991701244813278,0.6973684210526315
Right,random,Ang,WRM,HTL,4,0.3,1,401,76,241,49,none-Ang-HS4,arc labels,,0.5659311740890689,0.21863799283154123,0.8026315789473685
Right,random,Ang,WRM,HTL,4,0.3,1,401,76,241,49,none-Ang-HSsrc,nothing,,0.5402631578947368,0.20334261838440112,0.9605263157894737
Right,random,Ang,WRM,HTL,4,0.3,1,401,76,241,49,none-Ang-PCA,arc segments,16.0,0.5863967611336032,0.25,0.5789473684210527
Right,random,Ang,WRM,HTL,4,0.3,1,401,76,241,49,QOTu-Ang-HS4,arc labels,,0.5759514170040486,0.2311111111111111,0.6842105263157895
Right,random,Ang,WRM,HTL,4,0.3,1,401,76,241,49,QOTu-Ang-HSsrc,arc segments,,0.5954251012145749,0.23770491803278687,0.7631578947368421
Right,random,Ang,WRM,HTL,4,0.3,1,401,76,241,49,QOTu-Ang-PCA,arc segments,32.0,0.5216599190283401,0.21568627450980393,0.2894736842105263
Right,random,Ang,WRM,HTL,4,0.3,1,401,76,241,49,QOTc-Ang-HS4,arc labels,,0.5930971659919029,0.22866894197952217,0.881578947368421
Right,random,Ang,WRM,HTL,4,0.3,1,401,76,241,49,QOTc-Ang-HSsrc,arc labels,,0.5405263157894736,0.20408163265306123,0.9210526315789473
Right,random,Ang,WRM,HTL,4,0.3,1,401,76,241,49,QOTc-Ang-PCA,arc labels,64.0,0.48139676113360325,0.1736111111111111,0.32894736842105265
Right,random,Ang,WRM,HTL,4,0.3,1,401,76,241,49,SDM-Ang-HS4,arc labels,,0.5786032388663968,0.23394495412844038,0.6710526315789473
Right,random,Ang,WRM,HTL,4,0.3,1,401,76,241,49,SDM-Ang-HSsrc,arc labels,,0.5947368421052632,0.23529411764705882,0.7894736842105263
Right,random,Ang,WRM,HTL,4,0.3,1,401,76,241,49,SDM-Ang-PCA,arc labels,64.0,0.45959514170040483,0.16091954022988506,0.3684210526315789
Right,random,Ang,WRM,HTL,4,0.5,1,401,76,381,77,NoAdapt,nothing,,0.5448785425101215,0.2050561797752809,0.9605263157894737
Right,random,Ang,WRM,HTL,4,0.5,1,401,76,381,77,TargetOnly,arc labels,,0.5993522267206478,0.23809523809523808,0.7894736842105263
Right,random,Ang,WRM,HTL,4,0.5,1,401,76,381,77,Source+Target,arc labels,,0.5529959514170041,0.20786516853932585,0.9736842105263158
Right,random,Ang,WRM,HTL,4,0.5,1,401,76,381,77,COT,arc labels,,0.5440688259109312,0.21115537848605578,0.6973684210526315
Right,random,Ang,WRM,HTL,4,0.5,1,401,76,381,77,none-Ang-HS4,arc labels,,0.5744736842105264,0.22183098591549297,0.8289473684210527
Right,random,Ang,WRM,HTL,4,0.5,1,401,76,381,77,none-Ang-HSsrc,nothing,,0.5402631578947368,0.20334261838440112,0.9605263157894737
Right,random,Ang,WRM,HTL,4,0.5,1,401,76,381,77,none-Ang-PCA,arc segments,16.0,0.6122874493927126,0.26857142857142857,0.618421052631579
Right,random,Ang,WRM,HTL,4,0.5,1,401,76,381,77,QOTu-Ang-HS4,arc labels,,0.5906477732793523,0.23893805309734514,0.7105263157894737
Right,random,Ang,WRM,HTL,4,0.5,1,401,76,381,77,QOTu-Ang-HSsrc,arc segments,,0.5947368421052632,0.23529411764705882,0.7894736842105263
Right,random,Ang,WRM,HTL,4,0.5,1,401,76,381,77,QOTu-Ang-PCA,arc segments,8.0,0.568582995951417,0.22058823529411764,0.7894736842105263
Right,random,Ang,WRM,HTL,4,0.5,1,401,76,381,77,QOTc-Ang-HS4,arc labels,,0.5697570850202429,0.21604938271604937,0.9210526315789473
Right,random,Ang,WRM,HTL,4,0.5,1,401,76,381,77,QOTc-Ang-HSsrc,arc labels,,0.5455668016194332,0.20579710144927535,0.9342105263157895
Right,random,Ang,WRM,HTL,4,0.5,1,401,76,381,77,QOTc-Ang-PCA,arc labels,64.0,0.524008097165992,0.20388349514563106,0.5526315789473685
Right,random,Ang,WRM,HTL,4,0.5,1,401,76,381,77,SDM-Ang-HS4,arc labels,,0.6088461538461538,0.24782608695652175,0.75
Right,random,Ang,WRM,HTL,4,0.5,1,401,76,381,77,SDM-Ang-HSsrc,arc labels,,0.5723481781376518,0.22393822393822393,0.7631578947368421
Right,random,Ang,WRM,HTL,4,0.5,1,401,76,381,77,SDM-Ang-PCA,arc labels,32.0,0.49939271255060735,0.1891891891891892,0.5526315789473685
Right,random,Ang,WRM,HTL,5,0.05,1,401,93,40,9,NoAdapt,nothing,,0.4929130009775171,0.2289855072463768,0.8494623655913979
Right,random,Ang,WRM,HTL,5,0.05,1,401,93,40,9,TargetOnly,arc labels,,0.5622294372294372,0.27074235807860264,0.6666666666666666
Right,random,Ang,WRM,HTL,5,0.05,1,401,93,40,9,Source+Target,arc labels,,0.49879555927943026,0.23142857142857143,0.8709677419354839
Right,random,Ang,WRM,HTL,5,0.05,1,401,93,40,9,COT,arc labels,,0.5,0.23192019950124687,1.0
Right,random,Ang,WRM,HTL,5,0.05,1,401,93,40,9,none-Ang-HS4,arc labels,,0.5488234883396174,0.2560553633217993,0.7956989247311828
Right,random,Ang,WRM,HTL,5,0.05,1,401,93,40,9,none-Ang-HSsrc,nothing,,0.5201962016478145,0.23978201634877383,0.946236559139785
Right,random,Ang,WRM,HTL,5,0.05,1,401,93,40,9,none-Ang-PCA,arc segments,32.0,0.481828655215752,0.18,0.0967741935483871
Right,random,Ang,WRM,HTL,5,0.05,1,401,93,40,9,QOTu-Ang-HS4,arc labels,,0.5676057813154587,0.27391304347826084,0.6774193548387096
Right,random,Ang,WRM,HTL,5,0.05,1,401,93,40,9,QOTu-Ang-HSsrc,arc segments,,0.5702415863706186,0.2742616033755274,0.6989247311827957
Right,random,Ang,WRM,HTL,5,0.05,1,401,93,40,9,QOTu-Ang-PCA,arc segments,32.0,0.5095133361262394,0.24719101123595505,0.23655913978494625
Right,random,Ang,WRM,HTL,5,0.05,1,401,93,40,9,QOTc-Ang-HS4,arc labels,,0.5803135037006005,0.3252032520325203,0.43010752688172044
Right,random,Ang,WRM,HTL,5,0.05,1,401,93,40,9,QOTc-Ang-HSsrc,arc labels,,0.5404971372713309,0.25,0.8602150537634409
Right,random,Ang,WRM,HTL,5,0.05,1,401,93,40,9,QOTc-Ang-PCA,arc labels,64.0,0.5313329143974306,0.3148148148148148,0.1827956989247312
Right,random,Ang,WRM,HTL,5,0.05,1,401,93,40,9,SDM-Ang-HS4,arc labels,,0.5176302192431225,0.2619047619047619,0.23655913978494625
Right,random,Ang,WRM,HTL,5,0.05,1,401,93,40,9,SDM-Ang-HSsrc,arc labels,,0.51036866359447,0.23659305993690852,0.8064516129032258
Right,random,Ang,WRM,HTL,5,0.05,1,401,93,40,9,SDM-Ang-PCA,arc labels,64.0,0.520370758273984,0.2692307692307692,0.22580645161290322
Right,random,Ang,WRM,HTL,5,0.1,1,401,93,80,18,NoAdapt,nothing,,0.4929130009775171,0.2289855072463768,0.8494623655913979
Right,random,Ang,WRM,HTL,5,0.1,1,401,93,80,18,TargetOnly,arc labels,,0.5705557882977238,0.2828282828282828,0.6021505376344086
Right,random,Ang,WRM,HTL,5,0.1,1,401,93,80,18,Source+Target,arc labels,,0.4993017734953219,0.23163841807909605,0.8817204301075269
Right,random,Ang,WRM,HTL,5,0.1,1,401,93,80,18,COT,arc labels,,0.5903330540427314,0.2916666666666667,0.6774193548387096
Right,random,Ang,WRM,HTL,5,0.1,1,401,93,80,18,none-Ang-HS4,arc labels,,0.5287320206675046,0.24516129032258063,0.8172043010752689
Right,random,Ang,WRM,HTL,5,0.1,1,401,93,80,18,none-Ang-HSsrc,nothing,,0.5201962016478145,0.23978201634877383,0.946236559139785
Right,random,Ang,WRM,HTL,5,0.1,1,401,93,80,18,none-Ang-PCA,arc segments,32.0,0.48507540846250524,0.1875,0.0967741935483871
Right,random,Ang,WRM,HTL,5,0.1,1,401,93,80,18,QOTu-Ang-HS4,arc labels,,0.5649699762602989,0.273542600896861,0.6559139784946236
Right,random,Ang,WRM,HTL,5,0.1,1,401,93,80,18,QOTu-Ang-HSsrc,arc segments,,0.581605222734255,0.2826086956521739,0.6989247311827957
Right,random,Ang,WRM,HTL,5,0.1,1,401,93,80,18,QOTu-Ang-PCA,arc segments,32.0,0.49144672531769307,0.2222222222222222,0.3010752688172043
Right,random,Ang,WRM,HTL,5,0.1,1,401,93,80,18,QOTc-Ang-HS4,arc labels,,0.5485441977377461,0.26842105263157895,0.5483870967741935
Right,random,Ang,WRM,HTL,5,0.1,1,401,93,80,18,QOTc-Ang-HSsrc,arc labels,,0.5101591956430667,0.23615160349854228,0.8709677419354839
Right,random,Ang,WRM,HTL,5,0.1,1,401,93,80,18,QOTc-Ang-PCA,arc labels,64.0,0.4325164083228599,0.12359550561797752,0.11827956989247312
Right,random,Ang,WRM,HTL,5,0.1,1,401,93,80,18,SDM-Ang-HS4,arc labels,,0.49773076385979614,0.22972972972972974,0.3655913978494624
Right,random,Ang,WRM,HTL,5,0.1,1,401,93,80,18,SDM-Ang-HSsrc,arc labels,,0.5319962295768748,0.2510460251046025,0.6451612903225806
Right,random,Ang,WRM,HTL,5,0.1,1,401,93,80,18,SDM-Ang-PCA,arc labels,64.0,0.4436705767350929,0.1574074074074074,0.1827956989247312
Right,random,Ang,WRM,HTL,5,0.2,1,401,93,161,34,NoAdapt,nothing,,0.4929130009775171,0.2289855072463768,0.8494623655913979
Right,random,Ang,WRM,HTL,5,0.2,1,401,93,161,34,TargetOnly,arc labels,,0.5653714565004888,0.2708333333333333,0.6989247311827957
Right,random,Ang,WRM,HTL,5,0.2,1,401,93,161,34,Source+Target,arc labels,,0.5090420332355816,0.23563218390804597,0.8817204301075269
Right,random,Ang,WRM,HTL,5,0.2,1,401,93,161,34,COT,arc labels,,0.5305823209049015,0.2523364485981308,0.5806451612903226
Right,random,Ang,WRM,HTL,5,0.2,1,401,93,161,34,none-Ang-HS4,arc labels,,0.5228494623655914,0.24262295081967214,0.7956989247311828
Right,random,Ang,WRM,HTL,5,0.2,1,401,93,161,34,none-Ang-HSsrc,nothing,,0.5201962016478145,0.23978201634877383,0.946236559139785
Right,random,Ang,WRM,HTL,5,0.2,1,401,93,161,34,none-Ang-PCA,arc segments,64.0,0.5364997905320485,0.2962962962962963,0.25806451612903225
Right,random,Ang,WRM,HTL,5,0.2,1,401,93,161,34,QOTu-Ang-HS4,arc labels,,0.5778522552716101,0.2807017543859649,0.6881720430107527
Right,random,Ang,WRM,HTL,5,0.2,1,401,93,161,34,QOTu-Ang-HSsrc,arc segments,,0.5821114369501467,0.28205128205128205,0.7096774193548387
Right,random,Ang,WRM,HTL,5,0.2,1,401,93,161,34,QOTu-Ang-PCA,arc segments,32.0,0.5103162966066191,0.24390243902439024,0.3225806451612903
Right,random,Ang,WRM,HTL,5,0.2,1,401,93,161,34,QOTc-Ang-HS4,arc labels,,0.5409335288367546,0.2613065326633166,0.5591397849462365
Right,random,Ang,WRM,HTL,5,0.2,1,401,93,161,34,QOTc-Ang-HSsrc,arc labels,,0.5101591956430667,0.23615160349854228,0.8709677419354839
Right,random,Ang,WRM,HTL,5,0.2,1,401,93,161,34,QOTc-Ang-PCA,arc labels,64.0,0.46973188102220365,0.20270270270270271,0.3225806451612903
Right,random,Ang,WRM,HTL,5,0.2,1,401,93,161,34,SDM-Ang-HS4,arc labels,,0.5616359447004609,0.28402366863905326,0.5161290322580645
Right,random,Ang,WRM,HTL,5,0.2,1,401,93,161,34,SDM-Ang-HSsrc,arc labels,,0.545995670995671,0.2594142259414226,0.6666666666666666
Right,random,Ang,WRM,HTL,5,0.2,1,401,93,161,34,SDM-Ang-PCA,arc labels,64.0,0.5163908671973189,0.24561403508771928,0.45161290322580644
Right,random,Ang,WRM,HTL,5,0.3,1,401,93,241,49,NoAdapt,nothing,,0.4929130009775171,0.2289855072463768,0.8494623655913979
Right,random,Ang,WRM,HTL,5,0.3,1,401,93,241,49,TargetOnly,arc labels,,0.568216729507052,0.27601809954751133,0.6559139784946236
Right,random,Ang,WRM,HTL,5,0.3,1,401,93,241,49,Source+Target,arc labels,,0.5198994553833264,0.2403560830860534,0.8709677419354839
Right,random,Ang,WRM,HTL,5,0.3,1,401,93,241,49,COT,arc labels,,0.5380882558301914,0.25688073394495414,0.6021505376344086
Right,random,Ang,WRM,HTL,5,0.3,1,401,93,241,49,none-Ang-HS4,arc labels,,0.5366394358329842,0.24773413897280966,0.8817204301075269
Right,random,Ang,WRM,HTL,5,0.3,1,401,93,241,49,none-Ang-HSsrc,nothing,,0.5201962016478145,0.23978201634877383,0.946236559139785
Right,random,Ang,WRM,HTL,5,0.3,1,401,93,241,49,none-Ang-PCA,arc segments,64.0,0.5622643485546711,0.32967032967032966,0.3225806451612903
Right,random,Ang,WRM,HTL,5,0.3,1,401,93,241,49,QOTu-Ang-HS4,arc labels,,0.5739945538332636,0.27615062761506276,0.7096774193548387
Right,random,Ang,WRM,HTL,5,0.3,1,401,93,241,49,QOTu-Ang-HSsrc,arc segments,,0.5680072615556486,0.27125506072874495,0.7204301075268817
Right,random,Ang,WRM,HTL,5,0.3,1,401,93,241,49,QOTu-Ang-PCA,arc segments,16.0,0.5396243541404832,0.2670807453416149,0.46236559139784944
Right,random,Ang,WRM,HTL,5,0.3,1,401,93,241,49,QOTc-Ang-HS4,arc labels,,0.5950809942745426,0.27796610169491526,0.8817204301075269
Right,random,Ang,WRM,HTL,5,0.3,1,401,93,241,49,QOTc-Ang-HSsrc,arc labels,,0.5139121631057115,0.23768115942028986,0.8817204301075269
Right,random,Ang,WRM,HTL,5,0.3,1,401,93,241,49,QOTc-Ang-PCA,arc labels,64.0,0.4556277056277056,0.19254658385093168,0.3333333333333333
Right,random,Ang,WRM,HTL,5,0.3,1,401,93,241,49,SDM-Ang-HS4,arc labels,,0.5375820416142997,0.2570093457943925,0.5913978494623656
Right,random,Ang,WRM,HTL,5,0.3,1,401,93,241,49,SDM-Ang-HSsrc,arc labels,,0.5396068984778662,0.2565217391304348,0.6344086021505376
Right,random,Ang,WRM,HTL,5,0.3,1,401,93,241,49,SDM-Ang-PCA,arc labels,64.0,0.5290636782572267,0.2524752475247525,0.5483870967741935
Right,random,Ang,WRM,HTL,5,0.5,1,401,93,380,70,NoAdapt,nothing,,0.4929130009775171,0.2289855072463768,0.8494623655913979
Right,random,Ang,WRM,HTL,5,0.5,1,401,93,380,70,TargetOnly,arc labels,,0.5548282362798492,0.2688679245283019,0.6129032258064516
Right,random,Ang,WRM,HTL,5,0.5,1,401,93,380,70,Source+Target,arc labels,,0.521522832006703,0.24107142857142858,0.8709677419354839
Right,random,Ang,WRM,HTL,5,0.5,1,401,93,380,70,COT,arc labels,,0.515570451054322,0.24271844660194175,0.5376344086021505
Right,random,Ang,WRM,HTL,5,0.5,1,401,93,380,70,none-Ang-HS4,arc labels,,0.511485826001955,0.23717948717948717,0.7956989247311828
Right,random,Ang,WRM,HTL,5,0.5,1,401,93,380,70,none-Ang-HSsrc,nothing,,0.5201962016478145,0.23978201634877383,0.946236559139785
Right,random,Ang,WRM,HTL,5,0.5,1,401,93,380,70,none-Ang-PCA,arc segments,16.0,0.5629625750593492,0.2971014492753623,0.44086021505376344
Right,random,Ang,WRM,HTL,5,0.5,1,401,93,380,70,QOTu-Ang-HS4,arc labels,,0.5864753526043849,0.28634361233480177,0.6989247311827957
Right,random,Ang,WRM,HTL,5,0.5,1,401,93,380,70,QOTu-Ang-HSsrc,arc segments,,0.565266722524787,0.26877470355731226,0.7311827956989247
Right,random,Ang,WRM,HTL,5,0.5,1,401,93,380,70,QOTu-Ang-PCA,arc segments,16.0,0.595307917888563,0.3,0.6451612903225806
Right,random,Ang,WRM,HTL,5,0.5,1,401,93,380,70,QOTc-Ang-HS4,arc labels,,0.5508483452031839,0.25573770491803277,0.8387096774193549
Right,random,Ang,WRM,HTL,5,0.5,1,401,93,380,70,QOTc-Ang-HSsrc,arc labels,,0.5134059488898198,0.2375366568914956,0.8709677419354839
Right,random,Ang,WRM,HTL,5,0.5,1,401,93,380,70,QOTc-Ang-PCA,arc labels,32.0,0.547130289065773,0.2727272727272727,0.4838709677419355
Right,random,Ang,WRM,HTL,5,0.5,1,401,93,380,70,SDM-Ang-HS4,arc labels,,0.5590874179583857,0.2706422018348624,0.6344086021505376
Right,random,Ang,WRM,HTL,5,0.5,1,401,93,380,70,SDM-Ang-HSsrc,arc labels,,0.5417364893171345,0.2575107296137339,0.6451612903225806
Right,random,Ang,WRM,HTL,5,0.5,1,401,93,380,70,SDM-Ang-PCA,arc labels,64.0,0.5372852953498115,0.2608695652173913,0.5161290322580645
Right,random,Ang,WRM,HTL,6,0.05,1,401,87,40,9,NoAdapt,nothing,,0.49244088147009296,0.21385542168674698,0.8160919540229885
Right,random,Ang,WRM,HTL,6,0.05,1,401,87,40,9,TargetOnly,arc labels,,0.5743282817190132,0.2694300518134715,0.5977011494252874
Right,random,Ang,WRM,HTL,6,0.05,1,401,87,40,9,Source+Target,arc labels,,0.5234643824584523,0.22598870056497175,0.9195402298850575
Right,random,Ang,WRM,HTL,6,0.05,1,401,87,40,9,COT,arc labels,,0.488121385167289,0.20786516853932585,0.42528735632183906
Right,random,Ang,WRM,HTL,6,0.05,1,401,87,40,9,none-Ang-HS4,arc labels,,0.5223479024818801,0.22697368421052633,0.7931034482758621
Right,random,Ang,WRM,HTL,6,0.05,1,401,87,40,9,none-Ang-HSsrc,nothing,,0.525404495204627,0.2265193370165746,0.9425287356321839
Right,random,Ang,WRM,HTL,6,0.05,1,401,87,40,9,none-Ang-PCA,arc segments,16.0,0.49256900212314225,0.21323529411764705,0.6666666666666666
Right,random,Ang,WRM,HTL,6,0.05,1,401,87,40,9,QOTu-Ang-HS4,arc labels,,0.5506625668057691,0.24187725631768953,0.7701149425287356
Right,random,Ang,WRM,HTL,6,0.05,1,401,87,40,9,QOTu-Ang-HSsrc,arc segments,,0.564847353393367,0.25675675675675674,0.6551724137931034
Right,random,Ang,WRM,HTL,6,0.05,1,401,87,40,9,QOTu-Ang-PCA,arc segments,8.0,0.5380701369060693,0.2326283987915408,0.8850574712643678
Right,random,Ang,WRM,HTL,6,0.05,1,401,87,40,9,QOTc-Ang-HS4,arc labels,,0.571564536203236,0.2599118942731278,0.6781609195402298
Right,random,Ang,WRM,HTL,6,0.05,1,401,87,40,9,QOTc-Ang-HSsrc,arc labels,,0.5379969251043268,0.23376623376623376,0.8275862068965517
Right,random,Ang,WRM,HTL,6,0.05,1,401,87,40,9,QOTc-Ang-PCA,arc labels,32.0,0.5094443224247749,0.225,0.41379310344827586
Right,random,Ang,WRM,HTL,6,0.05,1,401,87,40,9,SDM-Ang-HS4,arc labels,,0.5384544988652171,0.25165562913907286,0.4367816091954023
Right,random,Ang,WRM,HTL,6,0.05,1,401,87,40,9,SDM-Ang-HSsrc,arc labels,,0.5730104692876492,0.2722222222222222,0.5632183908045977
Right,random,Ang,WRM,HTL,6,0.05,1,401,87,40,9,SDM-Ang-PCA,arc labels,64.0,0.42545208287575953,0.14388489208633093,0.22988505747126436
Right,random,Ang,WRM,HTL,6,0.1,1,401,87,80,16,NoAdapt,nothing,,0.49244088147009296,0.21385542168674698,0.8160919540229885
Right,random,Ang,WRM,HTL,6,0.1,1,401,87,80,16,TargetOnly,arc labels,,0.5970422432096054,0.2796208530805687,0.6781609195402298
Right,random,Ang,WRM,HTL,6,0.1,1,401,87,80,16,Source+Target,arc labels,,0.5074676037777289,0.21994134897360704,0.8620689655172413
Right,random,Ang,WRM,HTL,6,0.1,1,401,87,80,16,COT,arc labels,,0.5385460136173951,0.2357142857142857,0.7586206896551724
Right,random,Ang,WRM,HTL,6,0.1,1,401,87,80,16,none-Ang-HS4,arc labels,,0.5195109451643605,0.2253968253968254,0.8160919540229885
Right,random,Ang,WRM,HTL,6,0.1,1,401,87,80,16,none-Ang-HSsrc,nothing,,0.525404495204627,0.2265193370165746,0.9425287356321839
Right,random,Ang,WRM,HTL,6,0.1,1,401,87,80,16,none-Ang-PCA,arc segments,16.0,0.5071747565707592,0.22088353413654618,0.632183908045977
Right,random,Ang,WRM,HTL,6,0.1,1,401,87,80,16,QOTu-Ang-HS4,arc labels,,0.5642250530785562,0.2555066079295154,0.6666666666666666
Right,random,Ang,WRM,HTL,6,0.1,1,401,87,80,16,QOTu-Ang-HSsrc,arc segments,,0.5575078702686873,0.25225225225225223,0.6436781609195402
Right,random,Ang,WRM,HTL,6,0.1,1,401,87,80,16,QOTu-Ang-PCA,arc segments,16.0,0.5282963613734534,0.23134328358208955,0.7126436781609196
Right,random,Ang,WRM,HTL,6,0.1,1,401,87,80,16,QOTc-Ang-HS4,arc labels,,0.5478805183395563,0.24878048780487805,0.5862068965517241
Right,random,Ang,WRM,HTL,6,0.1,1,401,87,80,16,QOTc-Ang-HSsrc,arc labels,,0.5325975547258218,0.2310126582278481,0.8390804597701149
Right,random,Ang,WRM,HTL,6,0.1,1,401,87,80,16,QOTc-Ang-PCA,arc labels,64.0,0.4744673841423237,0.18181818181818182,0.20689655172413793
Right,random,Ang,WRM,HTL,6,0.1,1,401,87,80,16,SDM-Ang-HS4,arc labels,,0.563108573101984,0.2655367231638418,0.5402298850574713
Right,random,Ang,WRM,HTL,6,0.1,1,401,87,80,16,SDM-Ang-HSsrc,arc labels,,0.5590270151548429,0.25757575757575757,0.5862068965517241
Right,random,Ang,WRM,HTL,6,0.1,1,401,87,80,16,SDM-Ang-PCA,arc labels,64.0,0.5250201332454791,0.24113475177304963,0.39080459770114945
Right,random,Ang,WRM,HTL,6,0.2,1,401,87,161,31,NoAdapt,nothing,,0.49244088147009296,0.21385542168674698,0.8160919540229885
Right,random,Ang,WRM,HTL,6,0.2,1,401,87,161,31,TargetOnly,arc labels,,0.5763416062669302,0.26339285714285715,0.6781609195402298
Right,random,Ang,WRM,HTL,6,0.2,1,401,87,161,31,Source+Target,arc labels,,0.5282414525221466,0.22792022792022792,0.9195402298850575
Right,random,Ang,WRM,HTL,6,0.2,1,401,87,161,31,COT,arc labels,,0.523244747053225,0.22807017543859648,0.7471264367816092
Right,random,Ang,WRM,HTL,6,0.2,1,401,87,161,31,none-Ang-HS4,arc labels,,0.5159052639285453,0.22456140350877193,0.735632183908046
Right,random,Ang,WRM,HTL,6,0.2,1,401,87,161,31,none-Ang-HSsrc,nothing,,0.525404495204627,0.2265193370165746,0.9425287356321839
Right,random,Ang,WRM,HTL,6,0.2,1,401,87,161,31,none-Ang-PCA,arc segments,16.0,0.4913793103448276,0.21105527638190955,0.4827586206896552
Right,random,Ang,WRM,HTL,6,0.2,1,401,87,161,31,QOTu-Ang-HS4,arc labels,,0.5622849403323815,0.2557077625570776,0.6436781609195402
Right,random,Ang,WRM,HTL,6,0.2,1,401,87,161,31,QOTu-Ang-HSsrc,arc segments,,0.571564536203236,0.2599118942731278,0.6781609195402298
Right,random,Ang,WRM,HTL,6,0.2,1,401,87,161,31,QOTu-Ang-PCA,arc segments,16.0,0.523995168021085,0.2318181818181818,0.5862068965517241
Right,random,Ang,WRM,HTL,6,0.2,1,401,87,161,31,QOTc-Ang-HS4,arc labels,,0.5494728750274545,0.25,0.5862068965517241
Right,random,Ang,WRM,HTL,6,0.2,1,401,87,161,31,QOTc-Ang-HSsrc,arc labels,,0.5310051980379237,0.2302839116719243,0.8390804597701149
Right,random,Ang,WRM,HTL,6,0.2,1,401,87,161,31,QOTc-Ang-PCA,arc labels,64.0,0.5083278424482026,0.22727272727272727,0.28735632183908044
Right,random,Ang,WRM,HTL,6,0.2,1,401,87,161,31,SDM-Ang-HS4,arc labels,,0.5477340947360714,0.2578616352201258,0.47126436781609193
Right,random,Ang,WRM,HTL,6,0.2,1,401,87,161,31,SDM-Ang-HSsrc,arc labels,,0.5450435610220368,0.24537037037037038,0.6091954022988506
Right,random,Ang,WRM,HTL,6,0.2,1,401,87,161,31,SDM-Ang-PCA,arc labels,64.0,0.4425470385826195,0.13541666666666666,0.14942528735632185
Right,random,Ang,WRM,HTL,6,0.3,1,401,87,241,45,NoAdapt,nothing,,0.49244088147009296,0.21385542168674698,0.8160919540229885
Right,random,Ang,WRM,HTL,6,0.3,1,401,87,241,45,TargetOnly,arc labels,,0.557709202723479,0.2594594594594595,0.5517241379310345
Right,random,Ang,WRM,HTL,6,0.3,1,401,87,241,45,Source+Target,arc labels,,0.5278204846621275,0.22884012539184953,0.8390804597701149
Right,random,Ang,WRM,HTL,6,0.3,1,401,87,241,45,COT,arc labels,,0.5130500036605901,0.22631578947368422,0.4942528735632184
Right,random,Ang,WRM,HTL,6,0.3,1,401,87,241,45,none-Ang-HS4,arc labels,,0.5041364667984479,0.21885521885521886,0.7471264367816092
Right,random,Ang,WRM,HTL,6,0.3,1,401,87,241,45,none-Ang-HSsrc,nothing,,0.525404495204627,0.2265193370165746,0.9425287356321839
Right,random,Ang,WRM,HTL,6,0.3,1,401,87,241,45,none-Ang-PCA,arc segments,16.0,0.4289113405080899,0.13821138211382114,0.19540229885057472
Right,random,Ang,WRM,HTL,6,0.3,1,401,87,241,45,QOTu-Ang-HS4,arc labels,,0.5667142543377992,0.2608695652173913,0.6206896551724138
Right,random,Ang,WRM,HTL,6,0.3,1,401,87,241,45,QOTu-Ang-HSsrc,arc segments,,0.5714913244014935,0.2647058823529412,0.6206896551724138
Right,random,Ang,WRM,HTL,6,0.3,1,401,87,241,45,QOTu-Ang-PCA,arc segments,16.0,0.5281499377699685,0.23423423423423423,0.5977011494252874
Right,random,Ang,WRM,HTL,6,0.3,1,401,87,241,45,QOTc-Ang-HS4,arc labels,,0.5926129292041877,0.273542600896861,0.7011494252873564
Right,random,Ang,WRM,HTL,6,0.3,1,401,87,241,45,QOTc-Ang-HSsrc,arc labels,,0.5341899114137199,0.23174603174603176,0.8390804597701149
Right,random,Ang,WRM,HTL,6,0.3,1,401,87,241,45,QOTc-Ang-PCA,arc labels,64.0,0.5198220953217658,0.24107142857142858,0.3103448275862069
Right,random,Ang,WRM,HTL,6,0.3,1,401,87,241,45,SDM-Ang-HS4,arc labels,,0.5528589208580423,0.2606060606060606,0.4942528735632184
Right,random,Ang,WRM,HTL,6,0.3,1,401,87,241,45,SDM-Ang-HSsrc,arc labels,,0.5510652317153525,0.2512315270935961,0.5862068965517241
Right,random,Ang,WRM,HTL,6,0.3,1,401,87,241,45,SDM-Ang-PCA,arc labels,64.0,0.4554323156892891,0.17164179104477612,0.26436781609195403
Right,random,Ang,WRM,HTL,6,0.5,1,401,87,380,78,NoAdapt,nothing,,0.49244088147009296,0.21385542168674698,0.8160919540229885
Right,random,Ang,WRM,HTL,6,0.5,1,401,87,380,78,TargetOnly,arc labels,,0.5545244893476828,0.25668449197860965,0.5517241379310345
Right,random,Ang,WRM,HTL,6,0.5,1,401,87,380,78,Source+Target,arc labels,,0.5258803719159528,0.2282958199356913,0.8160919540229885
Right,random,Ang,WRM,HTL,6,0.5,1,401,87,380,78,COT,arc labels,,0.49580862435024525,0.21390374331550802,0.45977011494252873
Right,random,Ang,WRM,HTL,6,0.5,1,401,87,380,78,none-Ang-HS4,arc labels,,0.5093345047221612,0.22085889570552147,0.8275862068965517
Right,random,Ang,WRM,HTL,6,0.5,1,401,87,380,78,none-Ang-HSsrc,nothing,,0.525404495204627,0.2265193370165746,0.9425287356321839
Right,random,Ang,WRM,HTL,6,0.5,1,401,87,380,78,none-Ang-PCA,arc segments,16.0,0.49600995680503696,0.21333333333333335,0.367816091954023
Right,random,Ang,WRM,HTL,6,0.5,1,401,87,380,78,QOTu-Ang-HS4,arc labels,,0.5867925909656637,0.27638190954773867,0.632183908045977
Right,random,Ang,WRM,HTL,6,0.5,1,401,87,380,78,QOTu-Ang-HSsrc,arc segments,,0.582363276960246,0.27014218009478674,0.6551724137931034
Right,random,Ang,WRM,HTL,6,0.5,1,401,87,380,78,QOTu-Ang-PCA,arc segments,16.0,0.548228274397833,0.24766355140186916,0.6091954022988506
Right,random,Ang,WRM,HTL,6,0.5,1,401,87,380,78,QOTc-Ang-HS4,arc labels,,0.5707409034336335,0.2527881040892193,0.7816091954022989
Right,random,Ang,WRM,HTL,6,0.5,1,401,87,380,78,QOTc-Ang-HSsrc,arc labels,,0.5341899114137199,0.23174603174603176,0.8390804597701149
Right,random,Ang,WRM,HTL,6,0.5,1,401,87,380,78,QOTc-Ang-PCA,arc labels,64.0,0.548081850794348,0.25595238095238093,0.4942528735632184
Right,random,Ang,WRM,HTL,6,0.5,1,401,87,380,78,SDM-Ang-HS4,arc labels,,0.5835346657881251,0.2808988764044944,0.5747126436781609
Right,random,Ang,WRM,HTL,6,0.5,1,401,87,380,78,SDM-Ang-HSsrc,arc labels,,0.5647741415916245,0.2613065326633166,0.5977011494252874
Right,random,Ang,WRM,HTL,6,0.5,1,401,87,380,78,SDM-Ang-PCA,arc labels,64.0,0.5295958708543818,0.24,0.4827586206896552
Right,random,Ang,WRM,HTL,7,0.05,1,401,84,40,11,NoAdapt,nothing,,0.48154198587952535,0.20186335403726707,0.7738095238095238
Right,random,Ang,WRM,HTL,7,0.05,1,401,84,40,11,TargetOnly,arc labels,,0.5698325071353463,0.2670807453416149,0.5119047619047619
Right,random,Ang,WRM,HTL,7,0.05,1,401,84,40,11,Source+Target,arc labels,,0.4831192729457714,0.20249221183800623,0.7738095238095238
Right,random,Ang,WRM,HTL,7,0.05,1,401,84,40,11,COT,arc labels,,0.5510928346101848,0.23232323232323232,0.8214285714285714
Right,random,Ang,WRM,HTL,7,0.05,1,401,84,40,11,none-Ang-HS4,arc labels,,0.5043375394321766,0.21140939597315436,0.75
Right,random,Ang,WRM,HTL,7,0.05,1,401,84,40,11,none-Ang-HSsrc,nothing,,0.5075859996995644,0.2122905027932961,0.9047619047619048
Right,random,Ang,WRM,HTL,7,0.05,1,401,84,40,11,none-Ang-PCA,arc segments,32.0,0.4696184467477843,0.14925373134328357,0.11904761904761904
Right,random,Ang,WRM,HTL,7,0.05,1,401,84,40,11,QOTu-Ang-HS4,arc labels,,0.5146274598167342,0.2193877551020408,0.5119047619047619
Right,random,Ang,WRM,HTL,7,0.05,1,401,84,40,11,QOTu-Ang-HSsrc,arc segments,,0.5473937208952981,0.24444444444444444,0.5238095238095238
Right,random,Ang,WRM,HTL,7,0.05,1,401,84,40,11,QOTu-Ang-PCA,arc segments,32.0,0.5579840769115216,0.27586206896551724,0.38095238095238093
Right,random,Ang,WRM,HTL,7,0.05,1,401,84,40,11,QOTc-Ang-HS4,arc labels,,0.5325784888087727,0.2260536398467433,0.7023809523809523
Right,random,Ang,WRM,HTL,7,0.05,1,401,84,40,11,QOTc-Ang-HSsrc,arc labels,,0.514420910319964,0.21818181818181817,0.5714285714285714
Right,random,Ang,WRM,HTL,7,0.05,1,401,84,40,11,QOTc-Ang-PCA,arc labels,64.0,0.5402771518702119,0.25,0.39285714285714285
Right,random,Ang,WRM,HTL,7,0.05,1,401,84,40,11,SDM-Ang-HS4,arc labels,,0.5288230434129488,0.22994652406417113,0.5119047619047619
Right,random,Ang,WRM,HTL,7,0.05,1,401,84,40,11,SDM-Ang-HSsrc,arc labels,,0.5780757097791798,0.2781456953642384,0.5
Right,random,Ang,WRM,HTL,7,0.05,1,401,84,40,11,SDM-Ang-PCA,arc labels,64.0,0.4472735466426318,0.16216216216216217,0.2857142857142857
Right,random,Ang,WRM,HTL,7,0.1,1,401,84,80,18,NoAdapt,nothing,,0.48154198587952535,0.20186335403726707,0.7738095238095238
Right,random,Ang,WRM,HTL,7,0.1,1,401,84,80,18,TargetOnly,arc labels,,0.5315269640979421,0.2421875,0.36904761904761907
Right,random,Ang,WRM,HTL,7,0.1,1,401,84,80,18,Source+Target,arc labels,,0.4761529217365179,0.19863013698630136,0.6904761904761905
Right,random,Ang,WRM,HTL,7,0.1,1,401,84,80,18,COT,arc labels,,0.541234790446147,0.23645320197044334,0.5714285714285714
Right,random,Ang,WRM,HTL,7,0.1,1,401,84,80,18,none-Ang-HS4,arc labels,,0.5199601922788042,0.21933085501858737,0.7023809523809523
Right,random,Ang,WRM,HTL,7,0.1,1,401,84,80,18,none-Ang-HSsrc,nothing,,0.5075859996995644,0.2122905027932961,0.9047619047619048
Right,random,Ang,WRM,HTL,7,0.1,1,401,84,80,18,none-Ang-PCA,arc segments,32.0,0.44351810124680785,0.10810810810810811,0.09523809523809523
Right,random,Ang,WRM,HTL,7,0.1,1,401,84,80,18,QOTu-Ang-HS4,arc labels,,0.5573644284212107,0.25,0.5595238095238095
Right,random,Ang,WRM,HTL,7,0.1,1,401,84,80,18,QOTu-Ang-HSsrc,arc segments,,0.5510552801562265,0.24479166666666666,0.5595238095238095
Right,random,Ang,WRM,HTL,7,0.1,1,401,84,80,18,QOTu-Ang-PCA,arc segments,32.0,0.5136698212407992,0.224,0.3333333333333333
Right,random,Ang,WRM,HTL,7,0.1,1,401,84,80,18,QOTc-Ang-HS4,arc labels,,0.5308697611536728,0.25263157894736843,0.2857142857142857
Right,random,Ang,WRM,HTL,7,0.1,1,401,84,80,18,QOTc-Ang-HSsrc,arc labels,,0.5234715337238997,0.22137404580152673,0.6904761904761905
Right,random,Ang,WRM,HTL,7,0.1,1,401,84,80,18,QOTc-Ang-PCA,arc labels,32.0,0.5608382154123479,0.3157894736842105,0.2857142857142857
Right,random,Ang,WRM,HTL,7,0.1,1,401,84,80,18,SDM-Ang-HS4,arc labels,,0.5228331080066095,0.24691358024691357,0.23809523809523808
Right,random,Ang,WRM,HTL,7,0.1,1,401,84,80,18,SDM-Ang-HSsrc,arc labels,,0.5782259275950128,0.27058823529411763,0.5476190476190477
Right,random,Ang,WRM,HTL,7,0.1,1,401,84,80,18,SDM-Ang-PCA,arc labels,64.0,0.4978969505783386,0.2074074074074074,0.3333333333333333
Right,random,Ang,WRM,HTL,7,0.2,1,401,84,161,39,NoAdapt,nothing,,0.48154198587952535,0.20186335403726707,0.7738095238095238
Right,random,Ang,WRM,HTL,7,0.2,1,401,84,161,39,TargetOnly,arc labels,,0.5087314105452907,0.21710526315789475,0.39285714285714285
Right,random,Ang,WRM,HTL,7,0.2,1,401,84,161,39,Source+Target,arc labels,,0.48683716388763704,0.20344827586206896,0.7023809523809523
Right,random,Ang,WRM,HTL,7,0.2,1,401,84,161,39,COT,arc labels,,0.5113789995493465,0.22058823529411764,0.35714285714285715
Right,random,Ang,WRM,HTL,7,0.2,1,401,84,161,39,none-Ang-HS4,arc labels,,0.5017462821090581,0.21033210332103322,0.6785714285714286
Right,random,Ang,WRM,HTL,7,0.2,1,401,84,161,39,none-Ang-HSsrc,nothing,,0.5075859996995644,0.2122905027932961,0.9047619047619048
Right,random,Ang,WRM,HTL,7,0.2,1,401,84,161,39,none-Ang-PCA,arc segments,64.0,0.4564368334084422,0.15384615384615385,0.19047619047619047
Right,random,Ang,WRM,HTL,7,0.2,1,401,84,161,39,QOTu-Ang-HS4,arc labels,,0.5323343848580442,0.23333333333333334,0.5
Right,random,Ang,WRM,HTL,7,0.2,1,401,84,161,39,QOTu-Ang-HSsrc,arc segments,,0.5395072855640679,0.23783783783783785,0.5238095238095238
Right,random,Ang,WRM,HTL,7,0.2,1,401,84,161,39,QOTu-Ang-PCA,arc segments,32.0,0.5287291572780531,0.24,0.35714285714285715
Right,random,Ang,WRM,HTL,7,0.2,1,401,84,161,39,QOTc-Ang-HS4,arc labels,,0.5237344149016073,0.22564102564102564,0.5238095238095238
Right,random,Ang,WRM,HTL,7,0.2,1,401,84,161,39,QOTc-Ang-HSsrc,arc labels,,0.5493653297281058,0.23297491039426524,0.7738095238095238
Right,random,Ang,WRM,HTL,7,0.2,1,401,84,161,39,QOTc-Ang-PCA,arc labels,32.0,0.5348880877272044,0.2549019607843137,0.30952380952380953
Right,random,Ang,WRM,HTL,7,0.2,1,401,84,161,39,SDM-Ang-HS4,arc labels,,0.529949677031696,0.24031007751937986,0.36904761904761907
Right,random,Ang,WRM,HTL,7,0.2,1,401,84,161,39,SDM-Ang-HSsrc,arc labels,,0.5747145861499174,0.2655367231638418,0.5595238095238095
Right,random,Ang,WRM,HTL,7,0.2,1,401,84,161,39,SDM-Ang-PCA,arc labels,64.0,0.46268964999248907,0.17482517482517482,0.2976190476190476
Right,random,Ang,WRM,HTL,7,0.3,1,401,84,241,54,NoAdapt,nothing,,0.48154198587952535,0.20186335403726707,0.7738095238095238
Right,random,Ang,WRM,HTL,7,0.3,1,401,84,241,54,TargetOnly,arc labels,,0.5099519302989335,0.21794871794871795,0.40476190476190477
Right,random,Ang,WRM,HTL,7,0.3,1,401,84,241,54,Source+Target,arc labels,,0.485259876821391,0.2027491408934708,0.7023809523809523
Right,random,Ang,WRM,HTL,7,0.3,1,401,84,241,54,COT,arc labels,,0.48756947573982273,0.19696969696969696,0.30952380952380953
Right,random,Ang,WRM,HTL,7,0.3,1,401,84,241,54,none-Ang-HS4,arc labels,,0.47528916929547843,0.1978798586572438,0.6666666666666666
Right,random,Ang,WRM,HTL,7,0.3,1,401,84,241,54,none-Ang-HSsrc,nothing,,0.5075859996995644,0.2122905027932961,0.9047619047619048
Right,random,Ang,WRM,HTL,7,0.3,1,401,84,241,54,none-Ang-PCA,arc segments,4.0,0.5180636923539131,0.21578947368421053,0.9761904761904762
Right,random,Ang,WRM,HTL,7,0.3,1,401,84,241,54,QOTu-Ang-HS4,arc labels,,0.5466801862700916,0.24210526315789474,0.5476190476190477
Right,random,Ang,WRM,HTL,7,0.3,1,401,84,241,54,QOTu-Ang-HSsrc,arc segments,,0.5514120474688298,0.24598930481283424,0.5476190476190477
Right,random,Ang,WRM,HTL,7,0.3,1,401,84,241,54,QOTu-Ang-PCA,arc segments,32.0,0.5062903710380051,0.2152777777777778,0.36904761904761907
Right,random,Ang,WRM,HTL,7,0.3,1,401,84,241,54,QOTc-Ang-HS4,arc labels,,0.5393007360672976,0.23444976076555024,0.5833333333333334
Right,random,Ang,WRM,HTL,7,0.3,1,401,84,241,54,QOTc-Ang-HSsrc,arc labels,,0.542192429022082,0.22992700729927007,0.75
Right,random,Ang,WRM,HTL,7,0.3,1,401,84,241,54,QOTc-Ang-PCA,arc labels,32.0,0.5375356767312603,0.26744186046511625,0.27380952380952384
Right,random,Ang,WRM,HTL,7,0.3,1,401,84,241,54,SDM-Ang-HS4,arc labels,,0.5556932552200691,0.2677165354330709,0.40476190476190477
Right,random,Ang,WRM,HTL,7,0.3,1,401,84,241,54,SDM-Ang-HSsrc,arc labels,,0.5901306894997747,0.27906976744186046,0.5714285714285714
Right,random,Ang,WRM,HTL,7,0.3,1,401,84,241,54,SDM-Ang-PCA,arc labels,64.0,0.45164864052876674,0.16666666666666666,0.2976190476190476
Right,random,Ang,WRM,HTL,7,0.5,1,401,84,391,82,NoAdapt,nothing,,0.48154198587952535,0.20186335403726707,0.7738095238095238
Right,random,Ang,WRM,HTL,7,0.5,1,401,84,391,82,TargetOnly,arc labels,,0.5393570677482349,0.24096385542168675,0.47619047619047616
Right,random,Ang,WRM,HTL,7,0.5,1,401,84,391,82,Source+Target,arc labels,,0.491212257773772,0.2054794520547945,0.7142857142857143
Right,random,Ang,WRM,HTL,7,0.5,1,401,84,391,82,COT,arc labels,,0.5039995493465524,0.2129032258064516,0.39285714285714285
Right,random,Ang,WRM,HTL,7,0.5,1,401,84,391,82,none-Ang-HS4,arc labels,,0.492789544840018,0.20618556701030927,0.7142857142857143
Right,random,Ang,WRM,HTL,7,0.5,1,401,84,391,82,none-Ang-HSsrc,nothing,,0.5075859996995644,0.2122905027932961,0.9047619047619048
Right,random,Ang,WRM,HTL,7,0.5,1,401,84,391,82,none-Ang-PCA,arc segments,4.0,0.5180636923539131,0.21578947368421053,0.9761904761904762
Right,random,Ang,WRM,HTL,7,0.5,1,401,84,391,82,QOTu-Ang-HS4,arc labels,,0.5626032747483851,0.25125628140703515,0.5952380952380952
Right,random,Ang,WRM,HTL,7,0.5,1,401,84,391,82,QOTu-Ang-HSsrc,arc segments,,0.54266185969656,0.24043715846994534,0.5238095238095238
Right,random,Ang,WRM,HTL,7,0.5,1,401,84,391,82,QOTu-Ang-PCA,arc segments,16.0,0.4967703169595914,0.20725388601036268,0.47619047619047616
Right,random,Ang,WRM,HTL,7,0.5,1,401,84,391,82,QOTc-Ang-HS4,arc labels,,0.5343623253717891,0.2288135593220339,0.6428571428571429
Right,random,Ang,WRM,HTL,7,0.5,1,401,84,391,82,QOTc-Ang-HSsrc,arc labels,,0.5334422412498122,0.22592592592592592,0.7261904761904762
Right,random,Ang,WRM,HTL,7,0.5,1,401,84,391,82,QOTc-Ang-PCA,arc labels,32.0,0.52730208802764,0.23448275862068965,0.40476190476190477
Right,random,Ang,WRM,HTL,7,0.5,1,401,84,391,82,SDM-Ang-HS4,arc labels,,0.5829577887937509,0.2754491017964072,0.5476190476190477
Right,random,Ang,WRM,HTL,7,0.5,1,401,84,391,82,SDM-Ang-HSsrc,arc labels,,0.5766486405287667,0.26900584795321636,0.5476190476190477
Right,random,Ang,WRM,HTL,7,0.5,1,401,84,391,82,SDM-Ang-PCA,arc labels,64.0,0.5172750488207901,0.2222222222222222,0.47619047619047616
Right,random,Ang,WRM,PTT,0,0.05,1,1136,80,114,8,NoAdapt,nothing,,0.5989583333333334,0.09331259720062209,0.75
Right,random,Ang,WRM,PTT,0,0.05,1,1136,80,114,8,TargetOnly,arc labels,,0.4701704545454546,0.06339144215530904,0.5
Right,random,Ang,WRM,PTT,0,0.05,1,1136,80,114,8,Source+Target,arc labels,,0.5938446969696969,0.09380234505862646,0.7
Right,random,Ang,WRM,PTT,0,0.05,1,1136,80,114,8,COT,arc labels,,0.42736742424242424,0.05748502994011976,0.6
Right,random,Ang,WRM,PTT,0,0.05,1,1136,80,114,8,none-Ang-HS4,arc labels,,0.6200757575757576,0.09550561797752809,0.85
Right,random,Ang,WRM,PTT,0,0.05,1,1136,80,114,8,none-Ang-HSsrc,nothing,,0.6148674242424242,0.09405255878284924,0.85
Right,random,Ang,WRM,PTT,0,0.05,1,1136,80,114,8,none-Ang-PCA,arc segments,32.0,0.4112689393939394,0.05030487804878049,0.4125
Right,random,Ang,WRM,PTT,0,0.05,1,1136,80,114,8,QOTu-Ang-HS4,arc labels,,0.6154356060606061,0.0962406015037594,0.8
Right,random,Ang,WRM,PTT,0,0.05,1,1136,80,114,8,QOTu-Ang-HSsrc,arc segments,,0.6115530303030303,0.11466666666666667,0.5375
Right,random,Ang,WRM,PTT,0,0.05,1,1136,80,114,8,QOTu-Ang-PCA,arc segments,64.0,0.4940340909090909,0.06692913385826772,0.2125
Right,random,Ang,WRM,PTT,0,0.05,1,1136,80,114,8,QOTc-Ang-HS4,arc labels,,0.6445075757575758,0.13218390804597702,0.575
Right,random,Ang,WRM,PTT,0,0.05,1,1136,80,114,8,QOTc-Ang-HSsrc,arc labels,,0.5894886363636364,0.09049773755656108,0.75
Right,random,Ang,WRM,PTT,0,0.05,1,1136,80,114,8,QOTc-Ang-PCA,arc labels,64.0,0.46884469696969694,0.0125,0.0125
Right,random,Ang,WRM,PTT,0,0.05,1,1136,80,114,8,SDM-Ang-HS4,arc labels,,0.5668560606060606,0.0829145728643216,0.825
Right,random,Ang,WRM,PTT,0,0.05,1,1136,80,114,8,SDM-Ang-HSsrc,arc labels,,0.5642045454545455,0.08589951377633712,0.6625
Right,random,Ang,WRM,PTT,0,0.05,1,1136,80,114,8,SDM-Ang-PCA,arc labels,64.0,0.4604166666666667,0.052307692307692305,0.2125
Right,random,Ang,WRM,PTT,0,0.1,1,1136,80,227,11,NoAdapt,nothing,,0.5989583333333334,0.09331259720062209,0.75
Right,random,Ang,WRM,PTT,0,0.1,1,1136,80,227,11,TargetOnly,arc labels,,0.47159090909090906,0.06369426751592357,0.5
Right,random,Ang,WRM,PTT,0,0.1,1,1136,80,227,11,Source+Target,arc labels,,0.6010416666666667,0.09904761904761905,0.65
Right,random,Ang,WRM,PTT,0,0.1,1,1136,80,227,11,COT,arc labels,,0.43342803030303034,0.05816831683168317,0.5875
Right,random,Ang,WRM,PTT,0,0.1,1,1136,80,227,11,none-Ang-HS4,arc labels,,0.6200757575757576,0.09550561797752809,0.85
Right,random,Ang,WRM,PTT,0,0.1,1,1136,80,227,11,none-Ang-HSsrc,nothing,,0.6148674242424242,0.09405255878284924,0.85
Right,random,Ang,WRM,PTT,0,0.1,1,1136,80,227,11,none-Ang-PCA,arc segments,16.0,0.3981060606060606,0.04871060171919771,0.425
Right,random,Ang,WRM,PTT,0,0.1,1,1136,80,227,11,QOTu-Ang-HS4,arc labels,,0.6149621212121212,0.0960960960960961,0.8
Right,random,Ang,WRM,PTT,0,0.1,1,1136,80,227,11,QOTu-Ang-HSsrc,arc segments,,0.6452651515151515,0.12596401028277635,0.6125
Right,random,Ang,WRM,PTT,0,0.1,1,1136,80,227,11,QOTu-Ang-PCA,arc segments,64.0,0.44488636363636364,0.034782608695652174,0.1
Right,random,Ang,WRM,PTT,0,0.1,1,1136,80,227,11,QOTc-Ang-HS4,arc labels,,0.6337121212121213,0.1522633744855967,0.4625
Right,random,Ang,WRM,PTT,0,0.1,1,1136,80,227,11,QOTc-Ang-HSsrc,arc labels,,0.6025568181818182,0.11764705882352941,0.475
Right,random,Ang,WRM,PTT,0,0.1,1,1136,80,227,11,QOTc-Ang-PCA,arc labels,64.0,0.4779356060606061,0.02666666666666667,0.025
Right,random,Ang,WRM,PTT,0,0.1,1,1136,80,227,11,SDM-Ang-HS4,arc labels,,0.5627840909090909,0.08267716535433071,0.7875
Right,random,Ang,WRM,PTT,0,0.1,1,1136,80,227,11,SDM-Ang-HSsrc,arc labels,,0.5665719696969697,0.08660130718954248,0.6625
Right,random,Ang,WRM,PTT,0,0.1,1,1136,80,227,11,SDM-Ang-PCA,arc labels,64.0,0.44375,0.04,0.1375
Right,random,Ang,WRM,PTT,0,0.2,1,1136,80,454,24,NoAdapt,nothing,,0.5989583333333334,0.09331259720062209,0.75
Right,random,Ang,WRM,PTT,0,0.2,1,1136,80,454,24,TargetOnly,arc labels,,0.5340909090909092,0.0847457627118644,0.375
Right,random,Ang,WRM,PTT,0,0.2,1,1136,80,454,24,Source+Target,arc labels,,0.6545454545454545,0.1262135922330097,0.65
Right,random,Ang,WRM,PTT,0,0.2,1,1136,80,454,24,COT,arc labels,,0.4798295454545455,0.06514084507042253,0.4625
Right,random,Ang,WRM,PTT,0,0.2,1,1136,80,454,24,none-Ang-HS4,arc labels,,0.615814393939394,0.09431345353675451,0.85
Right,random,Ang,WRM,PTT,0,0.2,1,1136,80,454,24,none-Ang-HSsrc,nothing,,0.6148674242424242,0.09405255878284924,0.85
Right,random,Ang,WRM,PTT,0,0.2,1,1136,80,454,24,none-Ang-PCA,arc segments,16.0,0.4168560606060606,0.050793650793650794,0.4
Right,random,Ang,WRM,PTT,0,0.2,1,1136,80,454,24,QOTu-Ang-HS4,arc labels,,0.6474431818181818,0.12177985948477751,0.65
Right,random,Ang,WRM,PTT,0,0.2,1,1136,80,454,24,QOTu-Ang-HSsrc,arc segments,,0.6134469696969698,0.11590296495956873,0.5375
Right,random,Ang,WRM,PTT,0,0.2,1,1136,80,454,24,QOTu-Ang-PCA,arc segments,64.0,0.5103219696969697,0.07661290322580645,0.2375
Right,random,Ang,WRM,PTT,0,0.2,1,1136,80,454,24,QOTc-Ang-HS4,arc labels,,0.6653409090909091,0.2222222222222222,0.45
Right,random,Ang,WRM,PTT,0,0.2,1,1136,80,454,24,QOTc-Ang-HSsrc,arc labels,,0.6096590909090909,0.12337662337662338,0.475
Right,random,Ang,WRM,PTT,0,0.2,1,1136,80,454,24,QOTc-Ang-PCA,arc labels,16.0,0.47556818181818183,0.025,0.025
Right,random,Ang,WRM,PTT,0,0.2,1,1136,80,454,24,SDM-Ang-HS4,arc labels,,0.6150568181818181,0.22321428571428573,0.3125
Right,random,Ang,WRM,PTT,0,0.2,1,1136,80,454,24,SDM-Ang-HSsrc,arc labels,,0.5777462121212121,0.11231884057971014,0.3875
Right,random,Ang,WRM,PTT,0,0.2,1,1136,80,454,24,SDM-Ang-PCA,arc labels,64.0,0.4859848484848485,0.034482758620689655,0.025
Right,random,Ang,WRM,PTT,0,0.3,1,1136,80,682,30,NoAdapt,nothing,,0.5989583333333334,0.09331259720062209,0.75
Right,random,Ang,WRM,PTT,0,0.3,1,1136,80,682,30,TargetOnly,arc labels,,0.5074810606060606,0.07650273224043716,0.175
Right,random,Ang,WRM,PTT,0,0.3,1,1136,80,682,30,Source+Target,arc labels,,0.6396780303030303,0.1308139534883721,0.5625
Right,random,Ang,WRM,PTT,0,0.3,1,1136,80,682,30,COT,arc labels,,0.4733901515151515,0.06515957446808511,0.6125
Right,random,Ang,WRM,PTT,0,0.3,1,1136,80,682,30,none-Ang-HS4,arc labels,,0.6134469696969697,0.09366391184573003,0.85
Right,random,Ang,WRM,PTT,0,0.3,1,1136,80,682,30,none-Ang-HSsrc,nothing,,0.6148674242424242,0.09405255878284924,0.85
Right,random,Ang,WRM,PTT,0,0.3,1,1136,80,682,30,none-Ang-PCA,arc segments,32.0,0.40795454545454546,0.049773755656108594,0.4125
Right,random,Ang,WRM,PTT,0,0.3,1,1136,80,682,30,QOTu-Ang-HS4,arc labels,,0.647159090909091,0.11842105263157894,0.675
Right,random,Ang,WRM,PTT,0,0.3,1,1136,80,682,30,QOTu-Ang-HSsrc,arc segments,,0.6125,0.11528150134048257,0.5375
Right,random,Ang,WRM,PTT,0,0.3,1,1136,80,682,30,QOTu-Ang-PCA,arc segments,64.0,0.42035984848484853,0.017777777777777778,0.05
Right,random,Ang,WRM,PTT,0,0.3,1,1136,80,682,30,QOTc-Ang-HS4,arc labels,,0.6753787878787879,0.23870967741935484,0.4625
Right,random,Ang,WRM,PTT,0,0.3,1,1136,80,682,30,QOTc-Ang-HSsrc,arc labels,,0.6103219696969697,0.11940298507462686,0.5
Right,random,Ang,WRM,PTT,0,0.3,1,1136,80,682,30,QOTc-Ang-PCA,arc labels,64.0,0.4891098484848485,0.05319148936170213,0.0625
Right,random,Ang,WRM,PTT,0,0.3,1,1136,80,682,30,SDM-Ang-HS4,arc labels,,0.5300189393939394,0.19444444444444445,0.0875
Right,random,Ang,WRM,PTT,0,0.3,1,1136,80,682,30,SDM-Ang-HSsrc,arc labels,,0.6429924242424243,0.24193548387096775,0.375
Right,random,Ang,WRM,PTT,0,0.3,1,1136,80,682,30,SDM-Ang-PCA,arc labels,64.0,0.4973484848484849,0.06666666666666667,0.0875
Right,random,Ang,WRM,PTT,0,0.5,1,1136,80,1124,41,NoAdapt,nothing,,0.5989583333333334,0.09331259720062209,0.75
Right,random,Ang,WRM,PTT,0,0.5,1,1136,80,1124,41,TargetOnly,arc labels,,0.5306818181818181,0.1044776119402985,0.175
Right,random,Ang,WRM,PTT,0,0.5,1,1136,80,1124,41,Source+Target,arc labels,,0.6371212121212121,0.13395638629283488,0.5375
Right,random,Ang,WRM,PTT,0,0.5,1,1136,80,1124,41,COT,arc labels,,0.48484848484848486,0.0673854447439353,0.625
Right,random,Ang,WRM,PTT,0,0.5,1,1136,80,1124,41,none-Ang-HS4,arc labels,,0.6191287878787879,0.09523809523809523,0.85
Right,random,Ang,WRM,PTT,0,0.5,1,1136,80,1124,41,none-Ang-HSsrc,nothing,,0.6148674242424242,0.09405255878284924,0.85
Right,random,Ang,WRM,PTT,0,0.5,1,1136,80,1124,41,none-Ang-PCA,arc segments,64.0,0.4302083333333333,0.05357142857142857,0.4125
Right,random,Ang,WRM,PTT,0,0.5,1,1136,80,1124,41,QOTu-Ang-HS4,arc labels,,0.6488636363636364,0.12264150943396226,0.65
Right,random,Ang,WRM,PTT,0,0.5,1,1136,80,1124,41,QOTu-Ang-HSsrc,arc segments,,0.6139204545454545,0.11621621621621622,0.5375
Right,random,Ang,WRM,PTT,0,0.5,1,1136,80,1124,41,QOTu-Ang-PCA,arc segments,64.0,0.4521780303030303,0.0411522633744856,0.125
Right,random,Ang,WRM,PTT,0,0.5,1,1136,80,1124,41,QOTc-Ang-HS4,arc labels,,0.6759469696969698,0.2261904761904762,0.475
Right,random,Ang,WRM,PTT,0,0.5,1,1136,80,1124,41,QOTc-Ang-HSsrc,arc labels,,0.6026515151515152,0.11572700296735905,0.4875
Right,random,Ang,WRM,PTT,0,0.5,1,1136,80,1124,41,QOTc-Ang-PCA,arc labels,32.0,0.48361742424242427,0.031746031746031744,0.025
Right,random,Ang,WRM,PTT,0,0.5,1,1136,80,1124,41,SDM-Ang-HS4,arc labels,,0.6583333333333333,0.26666666666666666,0.4
Right,random,Ang,WRM,PTT,0,0.5,1,1136,80,1124,41,SDM-Ang-HSsrc,arc labels,,0.6167613636363636,0.14864864864864866,0.4125
Right,random,Ang,WRM,PTT,0,0.5,1,1136,80,1124,41,SDM-Ang-PCA,arc labels,64.0,0.48456439393939393,0.03278688524590164,0.025
Right,random,Ang,WRM,PTT,1,0.05,1,1136,67,114,5,NoAdapt,nothing,,0.6139927118383759,0.0821256038647343,0.7611940298507462
Right,random,Ang,WRM,PTT,1,0.05,1,1136,67,114,5,TargetOnly,arc labels,,0.5610209011071863,0.1643835616438356,0.1791044776119403
Right,random,Ang,WRM,PTT,1,0.05,1,1136,67,114,5,Source+Target,arc labels,,0.6257487120059199,0.08807339449541285,0.7164179104477612
Right,random,Ang,WRM,PTT,1,0.05,1,1136,67,114,5,COT,arc labels,,0.4845301090431844,0.05454545454545454,0.3582089552238806
Right,random,Ang,WRM,PTT,1,0.05,1,1136,67,114,5,none-Ang-HS4,arc labels,,0.6568769808581042,0.08950617283950617,0.8656716417910447
Right,random,Ang,WRM,PTT,1,0.05,1,1136,67,114,5,none-Ang-HSsrc,nothing,,0.6615542493333146,0.09090909090909091,0.8656716417910447
Right,random,Ang,WRM,PTT,1,0.05,1,1136,67,114,5,none-Ang-PCA,arc segments,64.0,0.39293941890174944,0.035211267605633804,0.29850746268656714
Right,random,Ang,WRM,PTT,1,0.05,1,1136,67,114,5,QOTu-Ang-HS4,arc labels,,0.6834466581963894,0.13986013986013987,0.5970149253731343
Right,random,Ang,WRM,PTT,1,0.05,1,1136,67,114,5,QOTu-Ang-HSsrc,arc segments,,0.6358851207014506,0.12267657992565056,0.4925373134328358
Right,random,Ang,WRM,PTT,1,0.05,1,1136,67,114,5,QOTu-Ang-PCA,arc segments,16.0,0.4140708990128869,0.035164835164835165,0.23880597014925373
Right,random,Ang,WRM,PTT,1,0.05,1,1136,67,114,5,QOTc-Ang-HS4,arc labels,,0.6580567694734931,0.34782608695652173,0.3582089552238806
Right,random,Ang,WRM,PTT,1,0.05,1,1136,67,114,5,QOTc-Ang-HSsrc,arc labels,,0.6140485598201695,0.1319796954314721,0.3880597014925373
Right,random,Ang,WRM,PTT,1,0.05,1,1136,67,114,5,QOTc-Ang-PCA,arc labels,64.0,0.4494226714882091,0.018867924528301886,0.04477611940298507
Right,random,Ang,WRM,PTT,1,0.05,1,1136,67,114,5,SDM-Ang-HS4,arc labels,,0.6580567694734931,0.34782608695652173,0.3582089552238806
Right,random,Ang,WRM,PTT,1,0.05,1,1136,67,114,5,SDM-Ang-HSsrc,arc labels,,0.6243594934588051,0.15822784810126583,0.373134328358209
Right,random,Ang,WRM,PTT,1,0.05,1,1136,67,114,5,SDM-Ang-PCA,arc labels,64.0,0.6308238973514094,0.13679245283018868,0.43283582089552236
Right,random,Ang,WRM,PTT,1,0.1,1,1136,67,227,10,NoAdapt,nothing,,0.6139927118383759,0.0821256038647343,0.7611940298507462
Right,random,Ang,WRM,PTT,1,0.1,1,1136,67,227,10,TargetOnly,arc labels,,0.5208173352135487,0.07746478873239436,0.16417910447761194
Right,random,Ang,WRM,PTT,1,0.1,1,1136,67,227,10,Source+Target,arc labels,,0.6374628261871187,0.09343936381709742,0.7014925373134329
Right,random,Ang,WRM,PTT,1,0.1,1,1136,67,227,10,COT,arc labels,,0.45731817991427337,0.04946996466431095,0.417910447761194
Right,random,Ang,WRM,PTT,1,0.1,1,1136,67,227,10,none-Ang-HS4,arc labels,,0.6657637909610041,0.09220985691573927,0.8656716417910447
Right,random,Ang,WRM,PTT,1,0.1,1,1136,67,227,10,none-Ang-HSsrc,nothing,,0.6615542493333146,0.09090909090909091,0.8656716417910447
Right,random,Ang,WRM,PTT,1,0.1,1,1136,67,227,10,none-Ang-PCA,arc segments,64.0,0.4200466330647976,0.03984819734345351,0.31343283582089554
Right,random,Ang,WRM,PTT,1,0.1,1,1136,67,227,10,QOTu-Ang-HS4,arc labels,,0.678769389721179,0.13513513513513514,0.5970149253731343
Right,random,Ang,WRM,PTT,1,0.1,1,1136,67,227,10,QOTu-Ang-HSsrc,arc segments,,0.6368205743964928,0.12359550561797752,0.4925373134328358
Right,random,Ang,WRM,PTT,1,0.1,1,1136,67,227,10,QOTu-Ang-PCA,arc segments,8.0,0.6698616366251064,0.12349397590361445,0.6119402985074627
Right,random,Ang,WRM,PTT,1,0.1,1,1136,67,227,10,QOTc-Ang-HS4,arc labels,,0.7204808511232426,0.2589928057553957,0.5373134328358209
Right,random,Ang,WRM,PTT,1,0.1,1,1136,67,227,10,QOTc-Ang-HSsrc,arc labels,,0.6452396576518715,0.13253012048192772,0.4925373134328358
Right,random,Ang,WRM,PTT,1,0.1,1,1136,67,227,10,QOTc-Ang-PCA,arc labels,64.0,0.46158356952375634,0.022556390977443608,0.04477611940298507
Right,random,Ang,WRM,PTT,1,0.1,1,1136,67,227,10,SDM-Ang-HS4,arc labels,,0.6412186029627355,0.22857142857142856,0.3582089552238806
Right,random,Ang,WRM,PTT,1,0.1,1,1136,67,227,10,SDM-Ang-HSsrc,arc labels,,0.6243385504656326,0.14857142857142858,0.3880597014925373
Right,random,Ang,WRM,PTT,1,0.1,1,1136,67,227,10,SDM-Ang-PCA,arc labels,64.0,0.6089245074906106,0.13089005235602094,0.373134328358209
Right,random,Ang,WRM,PTT,1,0.2,1,1136,67,454,15,NoAdapt,nothing,,0.6139927118383759,0.0821256038647343,0.7611940298507462
Right,random,Ang,WRM,PTT,1,0.2,1,1136,67,454,15,TargetOnly,arc labels,,0.5278960669058822,0.10526315789473684,0.11940298507462686
Right,random,Ang,WRM,PTT,1,0.2,1,1136,67,454,15,Source+Target,arc labels,,0.6609957695153792,0.11976047904191617,0.5970149253731343
Right,random,Ang,WRM,PTT,1,0.2,1,1136,67,454,15,COT,arc labels,,0.43750610837300863,0.04838709677419355,0.5373134328358209
Right,random,Ang,WRM,PTT,1,0.2,1,1136,67,454,15,none-Ang-HS4,arc labels,,0.6671669715035673,0.0926517571884984,0.8656716417910447
Right,random,Ang,WRM,PTT,1,0.2,1,1136,67,454,15,none-Ang-HSsrc,nothing,,0.6615542493333146,0.09090909090909091,0.8656716417910447
Right,random,Ang,WRM,PTT,1,0.2,1,1136,67,454,15,none-Ang-PCA,arc segments,64.0,0.4135194001926755,0.03816793893129771,0.29850746268656714
Right,random,Ang,WRM,PTT,1,0.2,1,1136,67,454,15,QOTu-Ang-HS4,arc labels,,0.678769389721179,0.13513513513513514,0.5970149253731343
Right,random,Ang,WRM,PTT,1,0.2,1,1136,67,454,15,QOTu-Ang-HSsrc,arc segments,,0.6363528475489717,0.12313432835820895,0.4925373134328358
Right,random,Ang,WRM,PTT,1,0.2,1,1136,67,454,15,QOTu-Ang-PCA,arc segments,64.0,0.5710595758345782,0.09411764705882353,0.3582089552238806
Right,random,Ang,WRM,PTT,1,0.2,1,1136,67,454,15,QOTc-Ang-HS4,arc labels,,0.7330885330131383,0.2868217054263566,0.5522388059701493
Right,random,Ang,WRM,PTT,1,0.2,1,1136,67,454,15,QOTc-Ang-HSsrc,arc labels,,0.6452396576518715,0.13253012048192772,0.4925373134328358
Right,random,Ang,WRM,PTT,1,0.2,1,1136,67,454,15,QOTc-Ang-PCA,arc labels,64.0,0.4508049090375996,0.023121387283236993,0.05970149253731343
Right,random,Ang,WRM,PTT,1,0.2,1,1136,67,454,15,SDM-Ang-HS4,arc labels,,0.6911397176884521,0.3,0.44776119402985076
Right,random,Ang,WRM,PTT,1,0.2,1,1136,67,454,15,SDM-Ang-HSsrc,arc labels,,0.6499797551065999,0.1595744680851064,0.44776119402985076
Right,random,Ang,WRM,PTT,1,0.2,1,1136,67,454,15,SDM-Ang-PCA,arc labels,64.0,0.45267581642768384,0.023668639053254437,0.05970149253731343
Right,random,Ang,WRM,PTT,1,0.3,1,1136,67,682,28,NoAdapt,nothing,,0.6139927118383759,0.0821256038647343,0.7611940298507462
Right,random,Ang,WRM,PTT,1,0.3,1,1136,67,682,28,TargetOnly,arc labels,,0.5389749102941792,0.08771929824561403,0.22388059701492538
Right,random,Ang,WRM,PTT,1,0.3,1,1136,67,682,28,Source+Target,arc labels,,0.654468536643257,0.11782477341389729,0.582089552238806
Right,random,Ang,WRM,PTT,1,0.3,1,1136,67,682,28,COT,arc labels,,0.39673010066598713,0.04449388209121246,0.5970149253731343
Right,random,Ang,WRM,PTT,1,0.3,1,1136,67,682,28,none-Ang-HS4,arc labels,,0.6671669715035673,0.0926517571884984,0.8656716417910447
Right,random,Ang,WRM,PTT,1,0.3,1,1136,67,682,28,none-Ang-HSsrc,nothing,,0.6615542493333146,0.09090909090909091,0.8656716417910447
Right,random,Ang,WRM,PTT,1,0.3,1,1136,67,682,28,none-Ang-PCA,arc segments,64.0,0.40369713639473354,0.03669724770642202,0.29850746268656714
Right,random,Ang,WRM,PTT,1,0.3,1,1136,67,682,28,QOTu-Ang-HS4,arc labels,,0.6792371165686999,0.13559322033898305,0.5970149253731343
Right,random,Ang,WRM,PTT,1,0.3,1,1136,67,682,28,QOTu-Ang-HSsrc,arc segments,,0.6363528475489717,0.12313432835820895,0.4925373134328358
Right,random,Ang,WRM,PTT,1,0.3,1,1136,67,682,28,QOTu-Ang-PCA,arc segments,64.0,0.5803931697918266,0.0992063492063492,0.373134328358209
Right,random,Ang,WRM,PTT,1,0.3,1,1136,67,682,28,QOTc-Ang-HS4,arc labels,,0.7260935732934951,0.28346456692913385,0.5373134328358209
Right,random,Ang,WRM,PTT,1,0.3,1,1136,67,682,28,QOTc-Ang-HSsrc,arc labels,,0.6480460187369979,0.13580246913580246,0.4925373134328358
Right,random,Ang,WRM,PTT,1,0.3,1,1136,67,682,28,QOTc-Ang-PCA,arc labels,64.0,0.38251678929952665,0.012539184952978056,0.05970149253731343
Right,random,Ang,WRM,PTT,1,0.3,1,1136,67,682,28,SDM-Ang-HS4,arc labels,,0.6816176367926504,0.1484375,0.5671641791044776
Right,random,Ang,WRM,PTT,1,0.3,1,1136,67,682,28,SDM-Ang-HSsrc,arc labels,,0.6037585691747065,0.1187214611872146,0.3880597014925373
Right,random,Ang,WRM,PTT,1,0.3,1,1136,67,682,28,SDM-Ang-PCA,arc labels,64.0,0.43768761431383774,0.022935779816513763,0.07462686567164178
Right,random,Ang,WRM,PTT,1,0.5,1,1136,67,1112,54,NoAdapt,nothing,,0.6139927118383759,0.0821256038647343,0.7611940298507462
Right,random,Ang,WRM,PTT,1,0.5,1,1136,67,1112,54,TargetOnly,arc labels,,0.5622146517180235,0.09166666666666666,0.3283582089552239
Right,random,Ang,WRM,PTT,1,0.5,1,1136,67,1112,54,Source+Target,arc labels,,0.6689471259232369,0.12618296529968454,0.5970149253731343
Right,random,Ang,WRM,PTT,1,0.5,1,1136,67,1112,54,COT,arc labels,,0.3929882858858188,0.044101433296582136,0.5970149253731343
Right,random,Ang,WRM,PTT,1,0.5,1,1136,67,1112,54,none-Ang-HS4,arc labels,,0.6676346983510884,0.0928,0.8656716417910447
Right,random,Ang,WRM,PTT,1,0.5,1,1136,67,1112,54,none-Ang-HSsrc,nothing,,0.6615542493333146,0.09090909090909091,0.8656716417910447
Right,random,Ang,WRM,PTT,1,0.5,1,1136,67,1112,54,none-Ang-PCA,arc segments,64.0,0.4018052860114768,0.037102473498233215,0.31343283582089554
Right,random,Ang,WRM,PTT,1,0.5,1,1136,67,1112,54,QOTu-Ang-HS4,arc labels,,0.6825112045013473,0.1388888888888889,0.5970149253731343
Right,random,Ang,WRM,PTT,1,0.5,1,1136,67,1112,54,QOTu-Ang-HSsrc,arc segments,,0.6363528475489717,0.12313432835820895,0.4925373134328358
Right,random,Ang,WRM,PTT,1,0.5,1,1136,67,1112,54,QOTu-Ang-PCA,arc segments,64.0,0.5323429624561943,0.07509881422924901,0.2835820895522388
Right,random,Ang,WRM,PTT,1,0.5,1,1136,67,1112,54,QOTc-Ang-HS4,arc labels,,0.6502171090292225,0.10962566844919786,0.6119402985074627
Right,random,Ang,WRM,PTT,1,0.5,1,1136,67,1112,54,QOTc-Ang-HSsrc,arc labels,,0.6363528475489717,0.12313432835820895,0.4925373134328358
Right,random,Ang,WRM,PTT,1,0.5,1,1136,67,1112,54,QOTc-Ang-PCA,arc labels,64.0,0.39731650447481953,0.028368794326241134,0.1791044776119403
Right,random,Ang,WRM,PTT,1,0.5,1,1136,67,1112,54,SDM-Ang-HS4,arc labels,,0.6251972131857085,0.08469055374592833,0.7761194029850746
Right,random,Ang,WRM,PTT,1,0.5,1,1136,67,1112,54,SDM-Ang-HSsrc,arc labels,,0.6028231154796644,0.11764705882352941,0.3880597014925373
Right,random,Ang,WRM,PTT,1,0.5,1,1136,67,1112,54,SDM-Ang-PCA,arc labels,64.0,0.4418971559415272,0.023923444976076555,0.07462686567164178
Right,random,Ang,WRM,PTT,2,0.05,1,1136,67,114,4,NoAdapt,nothing,,0.57893414126747,0.07363770250368189,0.746268656716418
Right,random,Ang,WRM,PTT,2,0.05,1,1136,67,114,4,TargetOnly,arc labels,,0.6801097412842243,0.125,0.6417910447761194
Right,random,Ang,WRM,PTT,2,0.05,1,1136,67,114,4,Source+Target,arc labels,,0.5981947139885233,0.08070175438596491,0.6865671641791045
Right,random,Ang,WRM,PTT,2,0.05,1,1136,67,114,4,COT,arc labels,,0.49768230875556735,0.05871886120996441,0.9850746268656716
Right,random,Ang,WRM,PTT,2,0.05,1,1136,67,114,4,none-Ang-HS4,arc labels,,0.6503497479859821,0.08837209302325581,0.8507462686567164
Right,random,Ang,WRM,PTT,2,0.05,1,1136,67,114,4,none-Ang-HSsrc,nothing,,0.645183809670078,0.0861812778603269,0.8656716417910447
Right,random,Ang,WRM,PTT,2,0.05,1,1136,67,114,4,none-Ang-PCA,arc segments,16.0,0.3686176228306549,0.03225806451612903,0.29850746268656714
Right,random,Ang,WRM,PTT,2,0.05,1,1136,67,114,4,QOTu-Ang-HS4,arc labels,,0.6740921212459685,0.13071895424836602,0.5970149253731343
Right,random,Ang,WRM,PTT,2,0.05,1,1136,67,114,4,QOTu-Ang-HSsrc,arc segments,,0.6209388045739497,0.11267605633802817,0.47761194029850745
Right,random,Ang,WRM,PTT,2,0.05,1,1136,67,114,4,QOTu-Ang-PCA,arc segments,16.0,0.6176437736481297,0.10714285714285714,0.4925373134328358
Right,random,Ang,WRM,PTT,2,0.05,1,1136,67,114,4,QOTc-Ang-HS4,arc labels,,0.7012412213953618,0.16883116883116883,0.582089552238806
Right,random,Ang,WRM,PTT,2,0.05,1,1136,67,114,4,QOTc-Ang-HSsrc,arc labels,,0.6131410301160243,0.08468468468468468,0.7014925373134329
Right,random,Ang,WRM,PTT,2,0.05,1,1136,67,114,4,QOTc-Ang-PCA,arc labels,64.0,0.44524105385141644,0.04580152671755725,0.3582089552238806
Right,random,Ang,WRM,PTT,2,0.05,1,1136,67,114,4,SDM-Ang-HS4,arc labels,,0.43883947893832986,0.0405727923627685,0.2537313432835821
Right,random,Ang,WRM,PTT,2,0.05,1,1136,67,114,4,SDM-Ang-HSsrc,arc labels,,0.521976180835765,0.06284916201117319,0.6716417910447762
Right,random,Ang,WRM,PTT,2,0.05,1,1136,67,114,4,SDM-Ang-PCA,arc labels,64.0,0.4153484215964146,0.039711191335740074,0.3283582089552239
Right,random,Ang,WRM,PTT,2,0.1,1,1136,67,227,9,NoAdapt,nothing,,0.57893414126747,0.07363770250368189,0.746268656716418
Right,random,Ang,WRM,PTT,2,0.1,1,1136,67,227,9,TargetOnly,arc labels,,0.45040699216732055,0.046370967741935484,0.34328358208955223
Right,random,Ang,WRM,PTT,2,0.1,1,1136,67,227,9,Source+Target,arc labels,,0.5926867067841336,0.08249496981891348,0.6119402985074627
Right,random,Ang,WRM,PTT,2,0.1,1,1136,67,227,9,COT,arc labels,,0.40561691076888706,0.045454545454545456,0.5970149253731343
Right,random,Ang,WRM,PTT,2,0.1,1,1136,67,227,9,none-Ang-HS4,arc labels,,0.6521997123828938,0.08814589665653495,0.8656716417910447
Right,random,Ang,WRM,PTT,2,0.1,1,1136,67,227,9,none-Ang-HSsrc,nothing,,0.645183809670078,0.0861812778603269,0.8656716417910447
Right,random,Ang,WRM,PTT,2,0.1,1,1136,67,227,9,none-Ang-PCA,arc segments,16.0,0.3672144422880918,0.03210272873194221,0.29850746268656714
Right,random,Ang,WRM,PTT,2,0.1,1,1136,67,227,9,QOTu-Ang-HS4,arc labels,,0.6251274032084666,0.11301369863013698,0.4925373134328358
Right,random,Ang,WRM,PTT,2,0.1,1,1136,67,227,9,QOTu-Ang-HSsrc,arc segments,,0.6200033508789076,0.11188811188811189,0.47761194029850745
Right,random,Ang,WRM,PTT,2,0.1,1,1136,67,227,9,QOTu-Ang-PCA,arc segments,16.0,0.5132289906873491,0.06584362139917696,0.23880597014925373
Right,random,Ang,WRM,PTT,2,0.1,1,1136,67,227,9,QOTc-Ang-HS4,arc labels,,0.665289083115759,0.14007782101167315,0.5373134328358209
Right,random,Ang,WRM,PTT,2,0.1,1,1136,67,227,9,QOTc-Ang-HSsrc,arc labels,,0.6214065314214707,0.11307420494699646,0.47761194029850745
Right,random,Ang,WRM,PTT,2,0.1,1,1136,67,227,9,QOTc-Ang-PCA,arc labels,64.0,0.4737654105524762,0.022222222222222223,0.029850746268656716
Right,random,Ang,WRM,PTT,2,0.1,1,1136,67,227,9,SDM-Ang-HS4,arc labels,,0.5980830180249361,0.10283687943262411,0.43283582089552236
Right,random,Ang,WRM,PTT,2,0.1,1,1136,67,227,9,SDM-Ang-HSsrc,arc labels,,0.582843499993019,0.07850467289719626,0.6268656716417911
Right,random,Ang,WRM,PTT,2,0.1,1,1136,67,227,9,SDM-Ang-PCA,arc labels,64.0,0.4176381888499504,0.009523809523809525,0.029850746268656716
Right,random,Ang,WRM,PTT,2,0.2,1,1136,67,454,25,NoAdapt,nothing,,0.57893414126747,0.07363770250368189,0.746268656716418
Right,random,Ang,WRM,PTT,2,0.2,1,1136,67,454,25,TargetOnly,arc labels,,0.48769250101224465,0.04827586206896552,0.1044776119402985
Right,random,Ang,WRM,PTT,2,0.2,1,1136,67,454,25,Source+Target,arc labels,,0.6311450232467224,0.10909090909090909,0.5373134328358209
Right,random,Ang,WRM,PTT,2,0.2,1,1136,67,454,25,COT,arc labels,,0.4290032531449395,0.04819277108433735,0.5970149253731343
Right,random,Ang,WRM,PTT,2,0.2,1,1136,67,454,25,none-Ang-HS4,arc labels,,0.6484578976027253,0.08708708708708708,0.8656716417910447
Right,random,Ang,WRM,PTT,2,0.2,1,1136,67,454,25,none-Ang-HSsrc,nothing,,0.645183809670078,0.0861812778603269,0.8656716417910447
Right,random,Ang,WRM,PTT,2,0.2,1,1136,67,454,25,none-Ang-PCA,arc segments,32.0,0.4069502813342083,0.03783783783783784,0.31343283582089554
Right,random,Ang,WRM,PTT,2,0.2,1,1136,67,454,25,QOTu-Ang-HS4,arc labels,,0.6670971615263254,0.12828947368421054,0.582089552238806
Right,random,Ang,WRM,PTT,2,0.2,1,1136,67,454,25,QOTu-Ang-HSsrc,arc segments,,0.6255951300559877,0.1134020618556701,0.4925373134328358
Right,random,Ang,WRM,PTT,2,0.2,1,1136,67,454,25,QOTu-Ang-PCA,arc segments,8.0,0.6582103514234254,0.12074303405572756,0.582089552238806
Right,random,Ang,WRM,PTT,2,0.2,1,1136,67,454,25,QOTc-Ang-HS4,arc labels,,0.715803582648032,0.24161073825503357,0.5373134328358209
Right,random,Ang,WRM,PTT,2,0.2,1,1136,67,454,25,QOTc-Ang-HSsrc,arc labels,,0.6200033508789076,0.11188811188811189,0.47761194029850745
Right,random,Ang,WRM,PTT,2,0.2,1,1136,67,454,25,QOTc-Ang-PCA,arc labels,64.0,0.3731622523491057,0.011799410029498525,0.05970149253731343
Right,random,Ang,WRM,PTT,2,0.2,1,1136,67,454,25,SDM-Ang-HS4,arc labels,,0.6850592686706785,0.26548672566371684,0.44776119402985076
Right,random,Ang,WRM,PTT,2,0.2,1,1136,67,454,25,SDM-Ang-HSsrc,arc labels,,0.6242338354997696,0.11923076923076924,0.4626865671641791
Right,random,Ang,WRM,PTT,2,0.2,1,1136,67,454,25,SDM-Ang-PCA,arc labels,64.0,0.41243036454770116,0.01838235294117647,0.07462686567164178
Right,random,Ang,WRM,PTT,2,0.3,1,1136,67,682,34,NoAdapt,nothing,,0.57893414126747,0.07363770250368189,0.746268656716418
Right,random,Ang,WRM,PTT,2,0.3,1,1136,67,682,34,TargetOnly,arc labels,,0.49749382181701407,0.05673758865248227,0.11940298507462686
Right,random,Ang,WRM,PTT,2,0.3,1,1136,67,682,34,Source+Target,arc labels,,0.6260419139103361,0.11074918566775244,0.5074626865671642
Right,random,Ang,WRM,PTT,2,0.3,1,1136,67,682,34,COT,arc labels,,0.40842327185401334,0.04576659038901602,0.5970149253731343
Right,random,Ang,WRM,PTT,2,0.3,1,1136,67,682,34,none-Ang-HS4,arc labels,,0.645183809670078,0.0861812778603269,0.8656716417910447
Right,random,Ang,WRM,PTT,2,0.3,1,1136,67,682,34,none-Ang-HSsrc,nothing,,0.645183809670078,0.0861812778603269,0.8656716417910447
Right,random,Ang,WRM,PTT,2,0.3,1,1136,67,682,34,none-Ang-PCA,arc segments,32.0,0.36719349929491923,0.0328125,0.31343283582089554
Right,random,Ang,WRM,PTT,2,0.3,1,1136,67,682,34,QOTu-Ang-HS4,arc labels,,0.6246596763609455,0.11262798634812286,0.4925373134328358
Right,random,Ang,WRM,PTT,2,0.3,1,1136,67,682,34,QOTu-Ang-HSsrc,arc segments,,0.6260628569035087,0.11379310344827587,0.4925373134328358
Right,random,Ang,WRM,PTT,2,0.3,1,1136,67,682,34,QOTu-Ang-PCA,arc segments,8.0,0.6582103514234254,0.12074303405572756,0.582089552238806
Right,random,Ang,WRM,PTT,2,0.3,1,1136,67,682,34,QOTc-Ang-HS4,arc labels,,0.715335855800511,0.24,0.5373134328358209
Right,random,Ang,WRM,PTT,2,0.3,1,1136,67,682,34,QOTc-Ang-HSsrc,arc labels,,0.6251274032084666,0.11301369863013698,0.4925373134328358
Right,random,Ang,WRM,PTT,2,0.3,1,1136,67,682,34,QOTc-Ang-PCA,arc labels,32.0,0.46198846739175964,0.03278688524590164,0.08955223880597014
Right,random,Ang,WRM,PTT,2,0.3,1,1136,67,682,34,SDM-Ang-HS4,arc labels,,0.6515085936081985,0.2891566265060241,0.3582089552238806
Right,random,Ang,WRM,PTT,2,0.3,1,1136,67,682,34,SDM-Ang-HSsrc,arc labels,,0.6307610683718917,0.12167300380228137,0.47761194029850745
Right,random,Ang,WRM,PTT,2,0.3,1,1136,67,682,34,SDM-Ang-PCA,arc labels,64.0,0.4180430867179537,0.019230769230769232,0.07462686567164178
Right,random,Ang,WRM,PTT,2,0.5,1,1136,67,1112,54,NoAdapt,nothing,,0.57893414126747,0.07363770250368189,0.746268656716418
Right,random,Ang,WRM,PTT,2,0.5,1,1136,67,1112,54,TargetOnly,arc labels,,0.4984083325188836,0.057692307692307696,0.13432835820895522
Right,random,Ang,WRM,PTT,2,0.5,1,1136,67,1112,54,Source+Target,arc labels,,0.6438155341161359,0.12639405204460966,0.5074626865671642
Right,random,Ang,WRM,PTT,2,0.5,1,1136,67,1112,54,COT,arc labels,,0.4014073691411976,0.04499437570303712,0.5970149253731343
Right,random,Ang,WRM,PTT,2,0.5,1,1136,67,1112,54,none-Ang-HS4,arc labels,,0.6489256244502464,0.08721804511278196,0.8656716417910447
Right,random,Ang,WRM,PTT,2,0.5,1,1136,67,1112,54,none-Ang-HSsrc,nothing,,0.645183809670078,0.0861812778603269,0.8656716417910447
Right,random,Ang,WRM,PTT,2,0.5,1,1136,67,1112,54,none-Ang-PCA,arc segments,16.0,0.3625371738128813,0.0315955766192733,0.29850746268656714
Right,random,Ang,WRM,PTT,2,0.5,1,1136,67,1112,54,QOTu-Ang-HS4,arc labels,,0.651236334696955,0.12171052631578948,0.5522388059701493
Right,random,Ang,WRM,PTT,2,0.5,1,1136,67,1112,54,QOTu-Ang-HSsrc,arc segments,,0.6260628569035087,0.11379310344827587,0.4925373134328358
Right,random,Ang,WRM,PTT,2,0.5,1,1136,67,1112,54,QOTu-Ang-PCA,arc segments,4.0,0.6665456627061139,0.11528150134048257,0.6417910447761194
Right,random,Ang,WRM,PTT,2,0.5,1,1136,67,1112,54,QOTc-Ang-HS4,arc labels,,0.7246903927509319,0.27692307692307694,0.5373134328358209
Right,random,Ang,WRM,PTT,2,0.5,1,1136,67,1112,54,QOTc-Ang-HSsrc,arc labels,,0.6200033508789076,0.11188811188811189,0.47761194029850745
Right,random,Ang,WRM,PTT,2,0.5,1,1136,67,1112,54,QOTc-Ang-PCA,arc labels,32.0,0.367039917344987,0.015544041450777202,0.08955223880597014
Right,random,Ang,WRM,PTT,2,0.5,1,1136,67,1112,54,SDM-Ang-HS4,arc labels,,0.6636485486505731,0.33783783783783783,0.373134328358209
Right,random,Ang,WRM,PTT,2,0.5,1,1136,67,1112,54,SDM-Ang-HSsrc,arc labels,,0.6195775100177318,0.11857707509881422,0.44776119402985076
Right,random,Ang,WRM,PTT,2,0.5,1,1136,67,1112,54,SDM-Ang-PCA,arc labels,32.0,0.42269941219999163,0.02247191011235955,0.08955223880597014
Right,random,Ang,WRM,PTT,3,0.05,1,1136,53,114,6,NoAdapt,nothing,,0.5853150751755257,0.059077809798270896,0.7735849056603774
Right,random,Ang,WRM,PTT,3,0.05,1,1136,53,114,6,TargetOnly,arc labels,,0.5535723618878378,0.20588235294117646,0.1320754716981132
Right,random,Ang,WRM,PTT,3,0.05,1,1136,53,114,6,Source+Target,arc labels,,0.6048276102371122,0.06537102473498234,0.6981132075471698
Right,random,Ang,WRM,PTT,3,0.05,1,1136,53,114,6,COT,arc labels,,0.5805676057074165,0.10204081632653061,0.2830188679245283
Right,random,Ang,WRM,PTT,3,0.05,1,1136,53,114,6,none-Ang-HS4,arc labels,,0.6191571281729646,0.06423357664233577,0.8301886792452831
Right,random,Ang,WRM,PTT,3,0.05,1,1136,53,114,6,none-Ang-HSsrc,nothing,,0.6196188086900469,0.06432748538011696,0.8301886792452831
Right,random,Ang,WRM,PTT,3,0.05,1,1136,53,114,6,none-Ang-PCA,arc segments,32.0,0.40930155577623306,0.03293413173652695,0.41509433962264153
Right,random,Ang,WRM,PTT,3,0.05,1,1136,53,114,6,QOTu-Ang-HS4,arc labels,,0.5851408561124758,0.07272727272727272,0.4528301886792453
Right,random,Ang,WRM,PTT,3,0.05,1,1136,53,114,6,QOTu-Ang-HSsrc,arc segments,,0.5962211885224482,0.0784313725490196,0.4528301886792453
Right,random,Ang,WRM,PTT,3,0.05,1,1136,53,114,6,QOTu-Ang-PCA,arc segments,32.0,0.44481611177895086,0.027491408934707903,0.1509433962264151
Right,random,Ang,WRM,PTT,3,0.05,1,1136,53,114,6,QOTc-Ang-HS4,arc labels,,0.6241659262356487,0.21621621621621623,0.3018867924528302
Right,random,Ang,WRM,PTT,3,0.05,1,1136,53,114,6,QOTc-Ang-HSsrc,arc labels,,0.6034077248732557,0.08550185873605948,0.4339622641509434
Right,random,Ang,WRM,PTT,3,0.05,1,1136,53,114,6,QOTc-Ang-PCA,arc labels,64.0,0.48378020523005627,0.02564102564102564,0.03773584905660377
Right,random,Ang,WRM,PTT,3,0.05,1,1136,53,114,6,SDM-Ang-HS4,arc labels,,0.6444798689872646,0.5333333333333333,0.3018867924528302
Right,random,Ang,WRM,PTT,3,0.05,1,1136,53,114,6,SDM-Ang-HSsrc,arc labels,,0.5795832680011846,0.08854166666666667,0.32075471698113206
Right,random,Ang,WRM,PTT,3,0.05,1,1136,53,114,6,SDM-Ang-PCA,arc labels,64.0,0.44289099113224967,0.015957446808510637,0.05660377358490566
Right,random,Ang,WRM,PTT,3,0.1,1,1136,53,227,12,NoAdapt,nothing,,0.5853150751755257,0.059077809798270896,0.7735849056603774
Right,random,Ang,WRM,PTT,3,0.1,1,1136,53,227,12,TargetOnly,arc labels,,0.49993902332793255,0.046511627906976744,0.03773584905660377
Right,random,Ang,WRM,PTT,3,0.1,1,1136,53,227,12,Source+Target,arc labels,,0.666814752870259,0.0953757225433526,0.6226415094339622
Right,random,Ang,WRM,PTT,3,0.1,1,1136,53,227,12,COT,arc labels,,0.46062649175072734,0.04066265060240964,0.5094339622641509
Right,random,Ang,WRM,PTT,3,0.1,1,1136,53,227,12,none-Ang-HS4,arc labels,,0.6177720866217182,0.06395348837209303,0.8301886792452831
Right,random,Ang,WRM,PTT,3,0.1,1,1136,53,227,12,none-Ang-HSsrc,nothing,,0.6196188086900469,0.06432748538011696,0.8301886792452831
Right,random,Ang,WRM,PTT,3,0.1,1,1136,53,227,12,none-Ang-PCA,arc segments,32.0,0.41504207390372655,0.033973412112259974,0.4339622641509434
Right,random,Ang,WRM,PTT,3,0.1,1,1136,53,227,12,QOTu-Ang-HS4,arc labels,,0.5966218923674629,0.07471264367816093,0.49056603773584906
Right,random,Ang,WRM,PTT,3,0.1,1,1136,53,227,12,QOTu-Ang-HSsrc,arc segments,,0.5957595080053659,0.0781758957654723,0.4528301886792453
Right,random,Ang,WRM,PTT,3,0.1,1,1136,53,227,12,QOTu-Ang-PCA,arc segments,32.0,0.4558180456105507,0.01875,0.05660377358490566
Right,random,Ang,WRM,PTT,3,0.1,1,1136,53,227,12,QOTc-Ang-HS4,arc labels,,0.6427115454973082,0.14893617021276595,0.39622641509433965
Right,random,Ang,WRM,PTT,3,0.1,1,1136,53,227,12,QOTc-Ang-HSsrc,arc labels,,0.5932507534974477,0.07903780068728522,0.4339622641509434
Right,random,Ang,WRM,PTT,3,0.1,1,1136,53,227,12,QOTc-Ang-PCA,arc labels,64.0,0.4673600585376052,0.022222222222222223,0.05660377358490566
Right,random,Ang,WRM,PTT,3,0.1,1,1136,53,227,12,SDM-Ang-HS4,arc labels,,0.6119009041969372,0.13934426229508196,0.32075471698113206
Right,random,Ang,WRM,PTT,3,0.1,1,1136,53,227,12,SDM-Ang-HSsrc,arc labels,,0.5611160473178975,0.07327586206896551,0.32075471698113206
Right,random,Ang,WRM,PTT,3,0.1,1,1136,53,227,12,SDM-Ang-PCA,arc labels,64.0,0.47488632206135994,0.03278688524590164,0.11320754716981132
Right,random,Ang,WRM,PTT,3,0.2,1,1136,53,454,23,NoAdapt,nothing,,0.5853150751755257,0.059077809798270896,0.7735849056603774
Right,random,Ang,WRM,PTT,3,0.2,1,1136,53,454,23,TargetOnly,arc labels,,0.5050175090158365,0.0625,0.03773584905660377
Right,random,Ang,WRM,PTT,3,0.2,1,1136,53,454,23,Source+Target,arc labels,,0.6978693008589,0.15025906735751296,0.5471698113207547
Right,random,Ang,WRM,PTT,3,0.2,1,1136,53,454,23,COT,arc labels,,0.4638582553703026,0.0410958904109589,0.5094339622641509
Right,random,Ang,WRM,PTT,3,0.2,1,1136,53,454,23,none-Ang-HS4,arc labels,,0.6242356138608687,0.06528189910979229,0.8301886792452831
Right,random,Ang,WRM,PTT,3,0.2,1,1136,53,454,23,none-Ang-HSsrc,nothing,,0.6196188086900469,0.06432748538011696,0.8301886792452831
Right,random,Ang,WRM,PTT,3,0.2,1,1136,53,454,23,none-Ang-PCA,arc segments,32.0,0.4042230700883291,0.03240058910162003,0.41509433962264153
Right,random,Ang,WRM,PTT,3,0.2,1,1136,53,454,23,QOTu-Ang-HS4,arc labels,,0.6192442377044896,0.08695652173913043,0.49056603773584906
Right,random,Ang,WRM,PTT,3,0.2,1,1136,53,454,23,QOTu-Ang-HSsrc,arc segments,,0.5966828690395303,0.07868852459016394,0.4528301886792453
Right,random,Ang,WRM,PTT,3,0.2,1,1136,53,454,23,QOTu-Ang-PCA,arc segments,32.0,0.4873516960225788,0.038461538461538464,0.11320754716981132
Right,random,Ang,WRM,PTT,3,0.2,1,1136,53,454,23,QOTc-Ang-HS4,arc labels,,0.6768759037613896,0.31343283582089554,0.39622641509433965
Right,random,Ang,WRM,PTT,3,0.2,1,1136,53,454,23,QOTc-Ang-HSsrc,arc labels,,0.5976062300736946,0.07920792079207921,0.4528301886792453
Right,random,Ang,WRM,PTT,3,0.2,1,1136,53,454,23,QOTc-Ang-PCA,arc labels,64.0,0.41472847959023673,0.012048192771084338,0.05660377358490566
Right,random,Ang,WRM,PTT,3,0.2,1,1136,53,454,23,SDM-Ang-HS4,arc labels,,0.6564225857593338,0.3829787234042553,0.33962264150943394
Right,random,Ang,WRM,PTT,3,0.2,1,1136,53,454,23,SDM-Ang-HSsrc,arc labels,,0.6034077248732557,0.08550185873605948,0.4339622641509434
Right,random,Ang,WRM,PTT,3,0.2,1,1136,53,454,23,SDM-Ang-PCA,arc labels,64.0,0.44064356521890624,0.006666666666666667,0.018867924528301886
Right,random,Ang,WRM,PTT,3,0.3,1,1136,53,682,37,NoAdapt,nothing,,0.5853150751755257,0.059077809798270896,0.7735849056603774
Right,random,Ang,WRM,PTT,3,0.3,1,1136,53,682,37,TargetOnly,arc labels,,0.5298263035941393,0.09375,0.11320754716981132
Right,random,Ang,WRM,PTT,3,0.3,1,1136,53,682,37,Source+Target,arc labels,,0.7031481384693112,0.1477832512315271,0.5660377358490566
Right,random,Ang,WRM,PTT,3,0.3,1,1136,53,682,37,COT,arc labels,,0.37864771163260685,0.03244495944380069,0.5283018867924528
Right,random,Ang,WRM,PTT,3,0.3,1,1136,53,682,37,none-Ang-HS4,arc labels,,0.6210038502412935,0.06461086637298091,0.8301886792452831
Right,random,Ang,WRM,PTT,3,0.3,1,1136,53,682,37,none-Ang-HSsrc,nothing,,0.6196188086900469,0.06432748538011696,0.8301886792452831
Right,random,Ang,WRM,PTT,3,0.3,1,1136,53,682,37,none-Ang-PCA,arc segments,32.0,0.40468475060541126,0.032448377581120944,0.41509433962264153
Right,random,Ang,WRM,PTT,3,0.3,1,1136,53,682,37,QOTu-Ang-HS4,arc labels,,0.5966828690395303,0.07868852459016394,0.4528301886792453
Right,random,Ang,WRM,PTT,3,0.3,1,1136,53,682,37,QOTu-Ang-HSsrc,arc segments,,0.5966828690395303,0.07868852459016394,0.4528301886792453
Right,random,Ang,WRM,PTT,3,0.3,1,1136,53,682,37,QOTu-Ang-PCA,arc segments,32.0,0.49124549208174356,0.04142011834319527,0.1320754716981132
Right,random,Ang,WRM,PTT,3,0.3,1,1136,53,682,37,QOTc-Ang-HS4,arc labels,,0.674767853098486,0.23655913978494625,0.41509433962264153
Right,random,Ang,WRM,PTT,3,0.3,1,1136,53,682,37,QOTc-Ang-HSsrc,arc labels,,0.6017003780553668,0.0771513353115727,0.49056603773584906
Right,random,Ang,WRM,PTT,3,0.3,1,1136,53,682,37,QOTc-Ang-PCA,arc labels,32.0,0.5204707399083608,0.058823529411764705,0.18867924528301888
Right,random,Ang,WRM,PTT,3,0.3,1,1136,53,682,37,SDM-Ang-HS4,arc labels,,0.6559609052422516,0.375,0.33962264150943394
Right,random,Ang,WRM,PTT,3,0.3,1,1136,53,682,37,SDM-Ang-HSsrc,arc labels,,0.6022230352445165,0.08191126279863481,0.4528301886792453
Right,random,Ang,WRM,PTT,3,0.3,1,1136,53,682,37,SDM-Ang-PCA,arc labels,64.0,0.5875712120420217,0.08368200836820083,0.37735849056603776
Right,random,Ang,WRM,PTT,3,0.5,1,1136,53,1112,68,NoAdapt,nothing,,0.5853150751755257,0.059077809798270896,0.7735849056603774
Right,random,Ang,WRM,PTT,3,0.5,1,1136,53,1112,68,TargetOnly,arc labels,,0.6211954912106483,0.2542372881355932,0.2830188679245283
Right,random,Ang,WRM,PTT,3,0.5,1,1136,53,1112,68,Source+Target,arc labels,,0.6868499451209951,0.15517241379310345,0.5094339622641509
Right,random,Ang,WRM,PTT,3,0.5,1,1136,53,1112,68,COT,arc labels,,0.5098695099217756,0.04956268221574344,0.32075471698113206
Right,random,Ang,WRM,PTT,3,0.5,1,1136,53,1112,68,none-Ang-HS4,arc labels,,0.6177720866217182,0.06395348837209303,0.8301886792452831
Right,random,Ang,WRM,PTT,3,0.5,1,1136,53,1112,68,none-Ang-HSsrc,nothing,,0.6196188086900469,0.06432748538011696,0.8301886792452831
Right,random,Ang,WRM,PTT,3,0.5,1,1136,53,1112,68,none-Ang-PCA,arc segments,32.0,0.40079095454624647,0.031578947368421054,0.39622641509433965
Right,random,Ang,WRM,PTT,3,0.5,1,1136,53,1112,68,QOTu-Ang-HS4,arc labels,,0.5962211885224482,0.0784313725490196,0.4528301886792453
Right,random,Ang,WRM,PTT,3,0.5,1,1136,53,1112,68,QOTu-Ang-HSsrc,arc segments,,0.5966828690395303,0.07868852459016394,0.4528301886792453
Right,random,Ang,WRM,PTT,3,0.5,1,1136,53,1112,68,QOTu-Ang-PCA,arc segments,32.0,0.43847453788393526,0.0182648401826484,0.07547169811320754
Right,random,Ang,WRM,PTT,3,0.5,1,1136,53,1112,68,QOTc-Ang-HS4,arc labels,,0.679123329674733,0.21904761904761905,0.4339622641509434
Right,random,Ang,WRM,PTT,3,0.5,1,1136,53,1112,68,QOTc-Ang-HSsrc,arc labels,,0.5842174950783114,0.07228915662650602,0.4528301886792453
Right,random,Ang,WRM,PTT,3,0.5,1,1136,53,1112,68,QOTc-Ang-PCA,arc labels,64.0,0.6738009372985592,0.1076388888888889,0.5849056603773585
Right,random,Ang,WRM,PTT,3,0.5,1,1136,53,1112,68,SDM-Ang-HS4,arc labels,,0.6481123364518545,0.27692307692307694,0.33962264150943394
Right,random,Ang,WRM,PTT,3,0.5,1,1136,53,1112,68,SDM-Ang-HSsrc,arc labels,,0.5937124340145299,0.07931034482758621,0.4339622641509434
Right,random,Ang,WRM,PTT,3,0.5,1,1136,53,1112,68,SDM-Ang-PCA,arc labels,64.0,0.6249063572536107,0.10945273631840796,0.41509433962264153
Right,random,Ang,WRM,PTT,4,0.05,1,1136,51,114,7,NoAdapt,nothing,,0.56747989518388,0.054285714285714284,0.7450980392156863
Right,random,Ang,WRM,PTT,4,0.05,1,1136,51,114,7,TargetOnly,arc labels,,0.6667931688804554,0.46153846153846156,0.35294117647058826
Right,random,Ang,WRM,PTT,4,0.05,1,1136,51,114,7,Source+Target,arc labels,,0.5944971537001897,0.062264150943396226,0.6470588235294118
Right,random,Ang,WRM,PTT,4,0.05,1,1136,51,114,7,COT,arc labels,,0.6543507725670914,0.2727272727272727,0.35294117647058826
Right,random,Ang,WRM,PTT,4,0.05,1,1136,51,114,7,none-Ang-HS4,arc labels,,0.6022951115930243,0.059790732436472344,0.7843137254901961
Right,random,Ang,WRM,PTT,4,0.05,1,1136,51,114,7,none-Ang-HSsrc,nothing,,0.6032167705791994,0.05997001499250375,0.7843137254901961
Right,random,Ang,WRM,PTT,4,0.05,1,1136,51,114,7,none-Ang-PCA,arc segments,32.0,0.4062166802204753,0.030816640986132512,0.39215686274509803
Right,random,Ang,WRM,PTT,4,0.05,1,1136,51,114,7,QOTu-Ang-HS4,arc labels,,0.5875756754314629,0.07333333333333333,0.43137254901960786
Right,random,Ang,WRM,PTT,4,0.05,1,1136,51,114,7,QOTu-Ang-HSsrc,arc segments,,0.5875756754314629,0.07333333333333333,0.43137254901960786
Right,random,Ang,WRM,PTT,4,0.05,1,1136,51,114,7,QOTu-Ang-PCA,arc segments,32.0,0.43205023945061893,0.010416666666666666,0.0392156862745098
Right,random,Ang,WRM,PTT,4,0.05,1,1136,51,114,7,QOTc-Ang-HS4,arc labels,,0.6874491732176742,0.3442622950819672,0.4117647058823529
Right,random,Ang,WRM,PTT,4,0.05,1,1136,51,114,7,QOTc-Ang-HSsrc,arc labels,,0.5902141501761995,0.07720588235294118,0.4117647058823529
Right,random,Ang,WRM,PTT,4,0.05,1,1136,51,114,7,QOTc-Ang-PCA,arc labels,64.0,0.6857323574591128,0.25287356321839083,0.43137254901960786
Right,random,Ang,WRM,PTT,4,0.05,1,1136,51,114,7,SDM-Ang-HS4,arc labels,,0.6738321134905575,0.41304347826086957,0.37254901960784315
Right,random,Ang,WRM,PTT,4,0.05,1,1136,51,114,7,SDM-Ang-HSsrc,arc labels,,0.5998915695310383,0.08366533864541832,0.4117647058823529
Right,random,Ang,WRM,PTT,4,0.05,1,1136,51,114,7,SDM-Ang-PCA,arc labels,64.0,0.6687629890665944,0.3333333333333333,0.37254901960784315
Right,random,Ang,WRM,PTT,4,0.1,1,1136,51,227,15,NoAdapt,nothing,,0.56747989518388,0.054285714285714284,0.7450980392156863
Right,random,Ang,WRM,PTT,4,0.1,1,1136,51,227,15,TargetOnly,arc labels,,0.6794885696213969,0.35714285714285715,0.39215686274509803
Right,random,Ang,WRM,PTT,4,0.1,1,1136,51,227,15,Source+Target,arc labels,,0.6706153429113582,0.10067114093959731,0.5882352941176471
Right,random,Ang,WRM,PTT,4,0.1,1,1136,51,227,15,COT,arc labels,,0.6381404174573055,0.125,0.4117647058823529
Right,random,Ang,WRM,PTT,4,0.1,1,1136,51,227,15,none-Ang-HS4,arc labels,,0.583148097948857,0.057057057057057055,0.7450980392156863
Right,random,Ang,WRM,PTT,4,0.1,1,1136,51,227,15,none-Ang-HSsrc,nothing,,0.6032167705791994,0.05997001499250375,0.7843137254901961
Right,random,Ang,WRM,PTT,4,0.1,1,1136,51,227,15,none-Ang-PCA,arc segments,16.0,0.3774735700731906,0.025,0.29411764705882354
Right,random,Ang,WRM,PTT,4,0.1,1,1136,51,227,15,QOTu-Ang-HS4,arc labels,,0.5884973344176381,0.0738255033557047,0.43137254901960786
Right,random,Ang,WRM,PTT,4,0.1,1,1136,51,227,15,QOTu-Ang-HSsrc,arc segments,,0.5880365049245504,0.07357859531772576,0.43137254901960786
Right,random,Ang,WRM,PTT,4,0.1,1,1136,51,227,15,QOTu-Ang-PCA,arc segments,32.0,0.46154332700822265,0.015625,0.0392156862745098
Right,random,Ang,WRM,PTT,4,0.1,1,1136,51,227,15,QOTc-Ang-HS4,arc labels,,0.6999367488931056,0.2032520325203252,0.49019607843137253
Right,random,Ang,WRM,PTT,4,0.1,1,1136,51,227,15,QOTc-Ang-HSsrc,arc labels,,0.5990964127586519,0.08,0.43137254901960786
Right,random,Ang,WRM,PTT,4,0.1,1,1136,51,227,15,QOTc-Ang-PCA,arc labels,64.0,0.6815848920213247,0.22916666666666666,0.43137254901960786
Right,random,Ang,WRM,PTT,4,0.1,1,1136,51,227,15,SDM-Ang-HS4,arc labels,,0.6769765970904491,0.20754716981132076,0.43137254901960786
Right,random,Ang,WRM,PTT,4,0.1,1,1136,51,227,15,SDM-Ang-HSsrc,arc labels,,0.5854793530315352,0.07692307692307693,0.39215686274509803
Right,random,Ang,WRM,PTT,4,0.1,1,1136,51,227,15,SDM-Ang-PCA,arc labels,64.0,0.580952380952381,0.08374384236453201,0.3333333333333333
Right,random,Ang,WRM,PTT,4,0.2,1,1136,51,454,29,NoAdapt,nothing,,0.56747989518388,0.054285714285714284,0.7450980392156863
Right,random,Ang,WRM,PTT,4,0.2,1,1136,51,454,29,TargetOnly,arc labels,,0.6318514502575223,0.3125,0.29411764705882354
Right,random,Ang,WRM,PTT,4,0.2,1,1136,51,454,29,Source+Target,arc labels,,0.6808349146110058,0.1291866028708134,0.5294117647058824
Right,random,Ang,WRM,PTT,4,0.2,1,1136,51,454,29,COT,arc labels,,0.4921839703623385,0.04339250493096647,0.43137254901960786
Right,random,Ang,WRM,PTT,4,0.2,1,1136,51,454,29,none-Ang-HS4,arc labels,,0.6022951115930243,0.059790732436472344,0.7843137254901961
Right,random,Ang,WRM,PTT,4,0.2,1,1136,51,454,29,none-Ang-HSsrc,nothing,,0.6032167705791994,0.05997001499250375,0.7843137254901961
Right,random,Ang,WRM,PTT,4,0.2,1,1136,51,454,29,none-Ang-PCA,arc segments,16.0,0.36930514141140325,0.025,0.3137254901960784
Right,random,Ang,WRM,PTT,4,0.2,1,1136,51,454,29,QOTu-Ang-HS4,arc labels,,0.6007319056654921,0.0759493670886076,0.47058823529411764
Right,random,Ang,WRM,PTT,4,0.2,1,1136,51,454,29,QOTu-Ang-HSsrc,arc segments,,0.5875756754314629,0.07333333333333333,0.43137254901960786
Right,random,Ang,WRM,PTT,4,0.2,1,1136,51,454,29,QOTu-Ang-PCA,arc segments,32.0,0.4671997831390621,0.021739130434782608,0.058823529411764705
Right,random,Ang,WRM,PTT,4,0.2,1,1136,51,454,29,QOTc-Ang-HS4,arc labels,,0.6729556338664499,0.1678832116788321,0.45098039215686275
Right,random,Ang,WRM,PTT,4,0.2,1,1136,51,454,29,QOTc-Ang-HSsrc,arc labels,,0.5902141501761995,0.07720588235294118,0.4117647058823529
Right,random,Ang,WRM,PTT,4,0.2,1,1136,51,454,29,QOTc-Ang-PCA,arc labels,64.0,0.6381404174573055,0.125,0.4117647058823529
Right,random,Ang,WRM,PTT,4,0.2,1,1136,51,454,29,SDM-Ang-HS4,arc labels,,0.6464353483328815,0.14,0.4117647058823529
Right,random,Ang,WRM,PTT,4,0.2,1,1136,51,454,29,SDM-Ang-HSsrc,arc labels,,0.5923917954278486,0.08163265306122448,0.39215686274509803
Right,random,Ang,WRM,PTT,4,0.2,1,1136,51,454,29,SDM-Ang-PCA,arc labels,64.0,0.6497876569982832,0.13333333333333333,0.43137254901960786
Right,random,Ang,WRM,PTT,4,0.3,1,1136,51,682,41,NoAdapt,nothing,,0.56747989518388,0.054285714285714284,0.7450980392156863
Right,random,Ang,WRM,PTT,4,0.3,1,1136,51,682,41,TargetOnly,arc labels,,0.5374988705159484,0.16666666666666666,0.09803921568627451
Right,random,Ang,WRM,PTT,4,0.3,1,1136,51,682,41,Source+Target,arc labels,,0.7009849100930694,0.18181818181818182,0.5098039215686274
Right,random,Ang,WRM,PTT,4,0.3,1,1136,51,682,41,COT,arc labels,,0.5072286979307852,0.046052631578947366,0.5490196078431373
Right,random,Ang,WRM,PTT,4,0.3,1,1136,51,682,41,none-Ang-HS4,arc labels,,0.584069756935032,0.0572289156626506,0.7450980392156863
Right,random,Ang,WRM,PTT,4,0.3,1,1136,51,682,41,none-Ang-HSsrc,nothing,,0.6032167705791994,0.05997001499250375,0.7843137254901961
Right,random,Ang,WRM,PTT,4,0.3,1,1136,51,682,41,none-Ang-PCA,arc segments,16.0,0.36746182343905304,0.024844720496894408,0.3137254901960784
Right,random,Ang,WRM,PTT,4,0.3,1,1136,51,682,41,QOTu-Ang-HS4,arc labels,,0.6122526429926809,0.08247422680412371,0.47058823529411764
Right,random,Ang,WRM,PTT,4,0.3,1,1136,51,682,41,QOTu-Ang-HSsrc,arc segments,,0.5875756754314629,0.07333333333333333,0.43137254901960786
Right,random,Ang,WRM,PTT,4,0.3,1,1136,51,682,41,QOTu-Ang-PCA,arc segments,32.0,0.45501039125327547,0.023923444976076555,0.09803921568627451
Right,random,Ang,WRM,PTT,4,0.3,1,1136,51,682,41,QOTc-Ang-HS4,arc labels,,0.6871148459383754,0.2619047619047619,0.43137254901960786
Right,random,Ang,WRM,PTT,4,0.3,1,1136,51,682,41,QOTc-Ang-HSsrc,arc labels,,0.5926447998554261,0.07612456747404844,0.43137254901960786
Right,random,Ang,WRM,PTT,4,0.3,1,1136,51,682,41,QOTc-Ang-PCA,arc labels,64.0,0.62377338031987,0.09022556390977443,0.47058823529411764
Right,random,Ang,WRM,PTT,4,0.3,1,1136,51,682,41,SDM-Ang-HS4,arc labels,,0.647438330170778,0.2222222222222222,0.35294117647058826
Right,random,Ang,WRM,PTT,4,0.3,1,1136,51,682,41,SDM-Ang-HSsrc,arc labels,,0.5911358091623746,0.07777777777777778,0.4117647058823529
Right,random,Ang,WRM,PTT,4,0.3,1,1136,51,682,41,SDM-Ang-PCA,arc labels,64.0,0.6419535556157947,0.12087912087912088,0.43137254901960786
Right,random,Ang,WRM,PTT,4,0.5,1,1136,51,1114,69,NoAdapt,nothing,,0.56747989518388,0.054285714285714284,0.7450980392156863
Right,random,Ang,WRM,PTT,4,0.5,1,1136,51,1114,69,TargetOnly,arc labels,,0.6742929429836451,0.4222222222222222,0.37254901960784315
Right,random,Ang,WRM,PTT,4,0.5,1,1136,51,1114,69,Source+Target,arc labels,,0.6901328273244782,0.19672131147540983,0.47058823529411764
Right,random,Ang,WRM,PTT,4,0.5,1,1136,51,1114,69,COT,arc labels,,0.4859672901418632,0.02666666666666667,0.0392156862745098
Right,random,Ang,WRM,PTT,4,0.5,1,1136,51,1114,69,none-Ang-HS4,arc labels,,0.6027559410861119,0.059880239520958084,0.7843137254901961
Right,random,Ang,WRM,PTT,4,0.5,1,1136,51,1114,69,none-Ang-HSsrc,nothing,,0.6032167705791994,0.05997001499250375,0.7843137254901961
Right,random,Ang,WRM,PTT,4,0.5,1,1136,51,1114,69,none-Ang-PCA,arc segments,16.0,0.3623926990150899,0.024427480916030534,0.3137254901960784
Right,random,Ang,WRM,PTT,4,0.5,1,1136,51,1114,69,QOTu-Ang-HS4,arc labels,,0.5884973344176381,0.0738255033557047,0.43137254901960786
Right,random,Ang,WRM,PTT,4,0.5,1,1136,51,1114,69,QOTu-Ang-HSsrc,arc segments,,0.5926447998554261,0.07612456747404844,0.43137254901960786
Right,random,Ang,WRM,PTT,4,0.5,1,1136,51,1114,69,QOTu-Ang-PCA,arc segments,64.0,0.5746272702629439,0.07531380753138076,0.35294117647058826
Right,random,Ang,WRM,PTT,4,0.5,1,1136,51,1114,69,QOTc-Ang-HS4,arc labels,,0.694614620041565,0.25555555555555554,0.45098039215686275
Right,random,Ang,WRM,PTT,4,0.5,1,1136,51,1114,69,QOTc-Ang-HSsrc,arc labels,,0.5871148459383754,0.07308970099667775,0.43137254901960786
Right,random,Ang,WRM,PTT,4,0.5,1,1136,51,1114,69,QOTc-Ang-PCA,arc labels,64.0,0.6637842233667661,0.10975609756097561,0.5294117647058824
Right,random,Ang,WRM,PTT,4,0.5,1,1136,51,1114,69,SDM-Ang-HS4,arc labels,,0.6746724496250114,0.1981981981981982,0.43137254901960786
Right,random,Ang,WRM,PTT,4,0.5,1,1136,51,1114,69,SDM-Ang-HSsrc,arc labels,,0.5915966386554622,0.07806691449814127,0.4117647058823529
Right,random,Ang,WRM,PTT,4,0.5,1,1136,51,1114,69,SDM-Ang-PCA,arc labels,64.0,0.6381404174573055,0.125,0.4117647058823529
Right,random,Ang,WRM,PTT,5,0.05,1,1136,19,114,14,NoAdapt,nothing,,0.36111765537388685,0.008968609865470852,0.3157894736842105
Right,random,Ang,WRM,PTT,5,0.05,1,1136,19,114,14,TargetOnly,arc labels,,0.4816472694717995,0.0,0.0
Right,random,Ang,WRM,PTT,5,0.05,1,1136,19,114,14,Source+Target,arc labels,,0.34573340244074824,0.0057251908396946565,0.15789473684210525
Right,random,Ang,WRM,PTT,5,0.05,1,1136,19,114,14,COT,arc labels,,0.3848654761343825,0.0031545741324921135,0.05263157894736842
Right,random,Ang,WRM,PTT,5,0.05,1,1136,19,114,14,none-Ang-HS4,arc labels,,0.4513499505253734,0.013628620102214651,0.42105263157894735
Right,random,Ang,WRM,PTT,5,0.05,1,1136,19,114,14,none-Ang-HSsrc,nothing,,0.4495594402299392,0.01353637901861252,0.42105263157894735
Right,random,Ang,WRM,PTT,5,0.05,1,1136,19,114,14,none-Ang-PCA,arc segments,32.0,0.5404985157612024,0.019138755980861243,0.631578947368421
Right,random,Ang,WRM,PTT,5,0.05,1,1136,19,114,14,QOTu-Ang-HS4,arc labels,,0.40286481647269473,0.0,0.0
Right,random,Ang,WRM,PTT,5,0.05,1,1136,19,114,14,QOTu-Ang-HSsrc,arc segments,,0.40241718889883615,0.0,0.0
Right,random,Ang,WRM,PTT,5,0.05,1,1136,19,114,14,QOTu-Ang-PCA,arc segments,64.0,0.37869292748433303,0.0,0.0
Right,random,Ang,WRM,PTT,5,0.05,1,1136,19,114,14,QOTc-Ang-HS4,arc labels,,0.4937332139659803,0.0,0.0
Right,random,Ang,WRM,PTT,5,0.05,1,1136,19,114,14,QOTc-Ang-HSsrc,arc labels,,0.41226499552372425,0.0,0.0
Right,random,Ang,WRM,PTT,5,0.05,1,1136,19,114,14,QOTc-Ang-PCA,arc labels,64.0,0.4816472694717995,0.0,0.0
Right,random,Ang,WRM,PTT,5,0.05,1,1136,19,114,14,SDM-Ang-HS4,arc labels,,0.4977618621307073,0.0,0.0
Right,random,Ang,WRM,PTT,5,0.05,1,1136,19,114,14,SDM-Ang-HSsrc,arc labels,,0.42748433303491495,0.0,0.0
Right,random,Ang,WRM,PTT,5,0.05,1,1136,19,114,14,SDM-Ang-PCA,arc labels,64.0,0.3872685294256231,0.008146639511201629,0.21052631578947367
Right,random,Ang,WRM,PTT,5,0.1,1,1136,19,227,26,NoAdapt,nothing,,0.36111765537388685,0.008968609865470852,0.3157894736842105
Right,random,Ang,WRM,PTT,5,0.1,1,1136,19,227,26,TargetOnly,arc labels,,0.4583706356311549,0.0,0.0
Right,random,Ang,WRM,PTT,5,0.1,1,1136,19,227,26,Source+Target,arc labels,,0.3254252461951656,0.0,0.0
Right,random,Ang,WRM,PTT,5,0.1,1,1136,19,227,26,COT,arc labels,,0.3954200631390472,0.007263922518159807,0.15789473684210525
Right,random,Ang,WRM,PTT,5,0.1,1,1136,19,227,26,none-Ang-HS4,arc labels,,0.4513499505253734,0.013628620102214651,0.42105263157894735
Right,random,Ang,WRM,PTT,5,0.1,1,1136,19,227,26,none-Ang-HSsrc,nothing,,0.4495594402299392,0.01353637901861252,0.42105263157894735
Right,random,Ang,WRM,PTT,5,0.1,1,1136,19,227,26,none-Ang-PCA,arc segments,64.0,0.5023794939452481,0.016913319238900635,0.42105263157894735
Right,random,Ang,WRM,PTT,5,0.1,1,1136,19,227,26,QOTu-Ang-HS4,arc labels,,0.40196956132497763,0.0,0.0
Right,random,Ang,WRM,PTT,5,0.1,1,1136,19,227,26,QOTu-Ang-HSsrc,arc segments,,0.40152193375111905,0.0,0.0
Right,random,Ang,WRM,PTT,5,0.1,1,1136,19,227,26,QOTu-Ang-PCA,arc segments,64.0,0.45165622202327665,0.0,0.0
Right,random,Ang,WRM,PTT,5,0.1,1,1136,19,227,26,QOTc-Ang-HS4,arc labels,,0.5025915280591811,0.018518518518518517,0.05263157894736842
Right,random,Ang,WRM,PTT,5,0.1,1,1136,19,227,26,QOTc-Ang-HSsrc,arc labels,,0.39525514771709935,0.0,0.0
Right,random,Ang,WRM,PTT,5,0.1,1,1136,19,227,26,QOTc-Ang-PCA,arc labels,64.0,0.48289591480940486,0.01020408163265306,0.05263157894736842
Right,random,Ang,WRM,PTT,5,0.1,1,1136,19,227,26,SDM-Ang-HS4,arc labels,,0.506620176223908,0.022222222222222223,0.05263157894736842
Right,random,Ang,WRM,PTT,5,0.1,1,1136,19,227,26,SDM-Ang-HSsrc,arc labels,,0.41226499552372425,0.0,0.0
Right,random,Ang,WRM,PTT,5,0.1,1,1136,19,227,26,SDM-Ang-PCA,arc labels,64.0,0.47170522546294114,0.008130081300813009,0.05263157894736842
Right,random,Ang,WRM,PTT,5,0.2,1,1136,19,454,47,NoAdapt,nothing,,0.36111765537388685,0.008968609865470852,0.3157894736842105
Right,random,Ang,WRM,PTT,5,0.2,1,1136,19,454,47,TargetOnly,arc labels,,0.495076096687556,0.0,0.0
Right,random,Ang,WRM,PTT,5,0.2,1,1136,19,454,47,Source+Target,arc labels,,0.4431512981199642,0.0,0.0
Right,random,Ang,WRM,PTT,5,0.2,1,1136,19,454,47,COT,arc labels,,0.4789615040286482,0.0,0.0
Right,random,Ang,WRM,PTT,5,0.2,1,1136,19,454,47,none-Ang-HS4,arc labels,,0.43353908495500165,0.012345679012345678,0.3684210526315789
Right,random,Ang,WRM,PTT,5,0.2,1,1136,19,454,47,none-Ang-HSsrc,nothing,,0.4495594402299392,0.01353637901861252,0.42105263157894735
Right,random,Ang,WRM,PTT,5,0.2,1,1136,19,454,47,none-Ang-PCA,arc segments,32.0,0.546671064411252,0.019316493313521546,0.6842105263157895
Right,random,Ang,WRM,PTT,5,0.2,1,1136,19,454,47,QOTu-Ang-HS4,arc labels,,0.40241718889883615,0.0,0.0
Right,random,Ang,WRM,PTT,5,0.2,1,1136,19,454,47,QOTu-Ang-HSsrc,arc segments,,0.40196956132497763,0.0,0.0
Right,random,Ang,WRM,PTT,5,0.2,1,1136,19,454,47,QOTu-Ang-PCA,arc segments,64.0,0.38630259623992835,0.0,0.0
Right,random,Ang,WRM,PTT,5,0.2,1,1136,19,454,47,QOTc-Ang-HS4,arc labels,,0.4582763982471847,0.006535947712418301,0.05263157894736842
Right,random,Ang,WRM,PTT,5,0.2,1,1136,19,454,47,QOTc-Ang-HSsrc,arc labels,,0.40152193375111905,0.0,0.0
Right,random,Ang,WRM,PTT,5,0.2,1,1136,19,454,47,QOTc-Ang-PCA,arc labels,64.0,0.47215285303679966,0.00819672131147541,0.05263157894736842
Right,random,Ang,WRM,PTT,5,0.2,1,1136,19,454,47,SDM-Ang-HS4,arc labels,,0.506620176223908,0.022222222222222223,0.05263157894736842
Right,random,Ang,WRM,PTT,5,0.2,1,1136,19,454,47,SDM-Ang-HSsrc,arc labels,,0.41495076096687555,0.0,0.0
Right,random,Ang,WRM,PTT,5,0.2,1,1136,19,454,47,SDM-Ang-PCA,arc labels,64.0,0.4486877444282147,0.01020408163265306,0.15789473684210525
Right,random,Ang,WRM,PTT,5,0.3,1,1136,19,682,62,NoAdapt,nothing,,0.36111765537388685,0.008968609865470852,0.3157894736842105
Right,random,Ang,WRM,PTT,5,0.3,1,1136,19,682,62,TargetOnly,arc labels,,0.4968666069829902,0.0,0.0
Right,random,Ang,WRM,PTT,5,0.3,1,1136,19,682,62,Source+Target,arc labels,,0.4798567591763653,0.0,0.0
Right,random,Ang,WRM,PTT,5,0.3,1,1136,19,682,62,COT,arc labels,,0.4879140555058192,0.0,0.0
Right,random,Ang,WRM,PTT,5,0.3,1,1136,19,682,62,none-Ang-HS4,arc labels,,0.43264382980728455,0.012302284710017574,0.3684210526315789
Right,random,Ang,WRM,PTT,5,0.3,1,1136,19,682,62,none-Ang-HSsrc,nothing,,0.4495594402299392,0.01353637901861252,0.42105263157894735
Right,random,Ang,WRM,PTT,5,0.3,1,1136,19,682,62,none-Ang-PCA,arc segments,64.0,0.5058662771521463,0.017142857142857144,0.47368421052631576
Right,random,Ang,WRM,PTT,5,0.3,1,1136,19,682,62,QOTu-Ang-HS4,arc labels,,0.40286481647269473,0.0,0.0
Right,random,Ang,WRM,PTT,5,0.3,1,1136,19,682,62,QOTu-Ang-HSsrc,arc segments,,0.40196956132497763,0.0,0.0
Right,random,Ang,WRM,PTT,5,0.3,1,1136,19,682,62,QOTu-Ang-PCA,arc segments,64.0,0.41002685765443153,0.0,0.0
Right,random,Ang,WRM,PTT,5,0.3,1,1136,19,682,62,QOTc-Ang-HS4,arc labels,,0.4654384394289215,0.0072992700729927005,0.05263157894736842
Right,random,Ang,WRM,PTT,5,0.3,1,1136,19,682,62,QOTc-Ang-HSsrc,arc labels,,0.39525514771709935,0.0,0.0
Right,random,Ang,WRM,PTT,5,0.3,1,1136,19,682,62,QOTc-Ang-PCA,arc labels,64.0,0.537765631626066,0.031578947368421054,0.15789473684210525
Right,random,Ang,WRM,PTT,5,0.3,1,1136,19,682,62,SDM-Ang-HS4,arc labels,,0.5088583140932008,0.025,0.05263157894736842
Right,random,Ang,WRM,PTT,5,0.3,1,1136,19,682,62,SDM-Ang-HSsrc,arc labels,,0.41316025067144135,0.0,0.0
Right,random,Ang,WRM,PTT,5,0.3,1,1136,19,682,62,SDM-Ang-PCA,arc labels,64.0,0.4272958582669745,0.0070921985815602835,0.10526315789473684
Right,random,Ang,WRM,PTT,5,0.5,1,1136,19,1112,99,NoAdapt,nothing,,0.36111765537388685,0.008968609865470852,0.3157894736842105
Right,random,Ang,WRM,PTT,5,0.5,1,1136,19,1112,99,TargetOnly,arc labels,,0.4968666069829902,0.0,0.0
Right,random,Ang,WRM,PTT,5,0.5,1,1136,19,1112,99,Source+Target,arc labels,,0.4843330349149508,0.0,0.0
Right,random,Ang,WRM,PTT,5,0.5,1,1136,19,1112,99,COT,arc labels,,0.4709042076991943,0.0,0.0
Right,random,Ang,WRM,PTT,5,0.5,1,1136,19,1112,99,none-Ang-HS4,arc labels,,0.43264382980728455,0.012302284710017574,0.3684210526315789
Right,random,Ang,WRM,PTT,5,0.5,1,1136,19,1112,99,none-Ang-HSsrc,nothing,,0.4495594402299392,0.01353637901861252,0.42105263157894735
Right,random,Ang,WRM,PTT,5,0.5,1,1136,19,1112,99,none-Ang-PCA,arc segments,16.0,0.4134900815153371,0.010869565217391304,0.3157894736842105
Right,random,Ang,WRM,PTT,5,0.5,1,1136,19,1112,99,QOTu-Ang-HS4,arc labels,,0.39704565801253355,0.0,0.0
Right,random,Ang,WRM,PTT,5,0.5,1,1136,19,1112,99,QOTu-Ang-HSsrc,arc segments,,0.40644583706356313,0.0,0.0
Right,random,Ang,WRM,PTT,5,0.5,1,1136,19,1112,99,QOTu-Ang-PCA,arc segments,64.0,0.39659803043867503,0.0,0.0
Right,random,Ang,WRM,PTT,5,0.5,1,1136,19,1112,99,QOTc-Ang-HS4,arc labels,,0.46499081185506286,0.007246376811594203,0.05263157894736842
Right,random,Ang,WRM,PTT,5,0.5,1,1136,19,1112,99,QOTc-Ang-HSsrc,arc labels,,0.40152193375111905,0.0,0.0
Right,random,Ang,WRM,PTT,5,0.5,1,1136,19,1112,99,QOTc-Ang-PCA,arc labels,64.0,0.5113556047684116,0.01948051948051948,0.15789473684210525
Right,random,Ang,WRM,PTT,5,0.5,1,1136,19,1112,99,SDM-Ang-HS4,arc labels,,0.506620176223908,0.022222222222222223,0.05263157894736842
Right,random,Ang,WRM,PTT,5,0.5,1,1136,19,1112,99,SDM-Ang-HSsrc,arc labels,,0.41450313339301703,0.0,0.0
Right,random,Ang,WRM,PTT,5,0.5,1,1136,19,1112,99,SDM-Ang-PCA,arc labels,64.0,0.490835414408896,0.015945330296127564,0.3684210526315789
Right,random,Ang,WRM,PTT,6,0.05,1,1136,36,114,7,NoAdapt,nothing,,0.5716161616161617,0.03856749311294766,0.7777777777777778
Right,random,Ang,WRM,PTT,6,0.05,1,1136,36,114,7,TargetOnly,arc labels,,0.5226262626262627,0.046296296296296294,0.1388888888888889
Right,random,Ang,WRM,PTT,6,0.05,1,1136,36,114,7,Source+Target,arc labels,,0.6197474747474747,0.0466786355475763,0.7222222222222222
Right,random,Ang,WRM,PTT,6,0.05,1,1136,36,114,7,COT,arc labels,,0.5931313131313132,0.05333333333333334,0.4444444444444444
Right,random,Ang,WRM,PTT,6,0.05,1,1136,36,114,7,none-Ang-HS4,arc labels,,0.6309595959595959,0.046251993620414676,0.8055555555555556
Right,random,Ang,WRM,PTT,6,0.05,1,1136,36,114,7,none-Ang-HSsrc,nothing,,0.6175252525252526,0.0448,0.7777777777777778
Right,random,Ang,WRM,PTT,6,0.05,1,1136,36,114,7,none-Ang-PCA,arc segments,16.0,0.5865151515151514,0.042328042328042326,0.6666666666666666
Right,random,Ang,WRM,PTT,6,0.05,1,1136,36,114,7,QOTu-Ang-HS4,arc labels,,0.7022222222222222,0.07267441860465117,0.6944444444444444
Right,random,Ang,WRM,PTT,6,0.05,1,1136,36,114,7,QOTu-Ang-HSsrc,arc segments,,0.704949494949495,0.07396449704142012,0.6944444444444444
Right,random,Ang,WRM,PTT,6,0.05,1,1136,36,114,7,QOTu-Ang-PCA,arc segments,8.0,0.7794949494949495,0.14367816091954022,0.6944444444444444
Right,random,Ang,WRM,PTT,6,0.05,1,1136,36,114,7,QOTc-Ang-HS4,arc labels,,0.7567171717171717,0.14285714285714285,0.6388888888888888
Right,random,Ang,WRM,PTT,6,0.05,1,1136,36,114,7,QOTc-Ang-HSsrc,arc labels,,0.7099494949494949,0.0764525993883792,0.6944444444444444
Right,random,Ang,WRM,PTT,6,0.05,1,1136,36,114,7,QOTc-Ang-PCA,arc labels,64.0,0.49252525252525253,0.020833333333333332,0.027777777777777776
Right,random,Ang,WRM,PTT,6,0.05,1,1136,36,114,7,SDM-Ang-HS4,arc labels,,0.5326262626262627,0.05813953488372093,0.1388888888888889
Right,random,Ang,WRM,PTT,6,0.05,1,1136,36,114,7,SDM-Ang-HSsrc,arc labels,,0.718989898989899,0.0942622950819672,0.6388888888888888
Right,random,Ang,WRM,PTT,6,0.05,1,1136,36,114,7,SDM-Ang-PCA,arc labels,64.0,0.4668181818181818,0.025210084033613446,0.25
Right,random,Ang,WRM,PTT,6,0.1,1,1136,36,227,14,NoAdapt,nothing,,0.5716161616161617,0.03856749311294766,0.7777777777777778
Right,random,Ang,WRM,PTT,6,0.1,1,1136,36,227,14,TargetOnly,arc labels,,0.4871212121212121,0.024390243902439025,0.08333333333333333
Right,random,Ang,WRM,PTT,6,0.1,1,1136,36,227,14,Source+Target,arc labels,,0.7083838383838383,0.0718232044198895,0.7222222222222222
Right,random,Ang,WRM,PTT,6,0.1,1,1136,36,227,14,COT,arc labels,,0.5798989898989899,0.05263157894736842,0.3888888888888889
Right,random,Ang,WRM,PTT,6,0.1,1,1136,36,227,14,none-Ang-HS4,arc labels,,0.6234343434343435,0.0457516339869281,0.7777777777777778
Right,random,Ang,WRM,PTT,6,0.1,1,1136,36,227,14,none-Ang-HSsrc,nothing,,0.6175252525252526,0.0448,0.7777777777777778
Right,random,Ang,WRM,PTT,6,0.1,1,1136,36,227,14,none-Ang-PCA,arc segments,32.0,0.6097979797979798,0.04361370716510903,0.7777777777777778
Right,random,Ang,WRM,PTT,6,0.1,1,1136,36,227,14,QOTu-Ang-HS4,arc labels,,0.7008585858585858,0.07204610951008646,0.6944444444444444
Right,random,Ang,WRM,PTT,6,0.1,1,1136,36,227,14,QOTu-Ang-HSsrc,arc segments,,0.6985858585858586,0.07102272727272728,0.6944444444444444
Right,random,Ang,WRM,PTT,6,0.1,1,1136,36,227,14,QOTu-Ang-PCA,arc segments,16.0,0.6813636363636364,0.10650887573964497,0.5
Right,random,Ang,WRM,PTT,6,0.1,1,1136,36,227,14,QOTc-Ang-HS4,arc labels,,0.6456060606060606,0.09803921568627451,0.4166666666666667
Right,random,Ang,WRM,PTT,6,0.1,1,1136,36,227,14,QOTc-Ang-HSsrc,arc labels,,0.6758585858585858,0.06218905472636816,0.6944444444444444
Right,random,Ang,WRM,PTT,6,0.1,1,1136,36,227,14,QOTc-Ang-PCA,arc labels,64.0,0.5267171717171717,0.050505050505050504,0.1388888888888889
Right,random,Ang,WRM,PTT,6,0.1,1,1136,36,227,14,SDM-Ang-HS4,arc labels,,0.56,0.05921052631578947,0.25
Right,random,Ang,WRM,PTT,6,0.1,1,1136,36,227,14,SDM-Ang-HSsrc,arc labels,,0.7231313131313131,0.08389261744966443,0.6944444444444444
Right,random,Ang,WRM,PTT,6,0.1,1,1136,36,227,14,SDM-Ang-PCA,arc labels,64.0,0.4402020202020202,0.020833333333333332,0.2222222222222222
Right,random,Ang,WRM,PTT,6,0.2,1,1136,36,454,29,NoAdapt,nothing,,0.5716161616161617,0.03856749311294766,0.7777777777777778
Right,random,Ang,WRM,PTT,6,0.2,1,1136,36,454,29,TargetOnly,arc labels,,0.5661616161616161,0.058823529411764705,0.2777777777777778
Right,random,Ang,WRM,PTT,6,0.2,1,1136,36,454,29,Source+Target,arc labels,,0.7574747474747474,0.10236220472440945,0.7222222222222222
Right,random,Ang,WRM,PTT,6,0.2,1,1136,36,454,29,COT,arc labels,,0.6492929292929293,0.08173076923076923,0.4722222222222222
Right,random,Ang,WRM,PTT,6,0.2,1,1136,36,454,29,none-Ang-HS4,arc labels,,0.6238888888888889,0.04582651391162029,0.7777777777777778
Right,random,Ang,WRM,PTT,6,0.2,1,1136,36,454,29,none-Ang-HSsrc,nothing,,0.6175252525252526,0.0448,0.7777777777777778
Right,random,Ang,WRM,PTT,6,0.2,1,1136,36,454,29,none-Ang-PCA,arc segments,32.0,0.6157070707070706,0.04451510333863275,0.7777777777777778
Right,random,Ang,WRM,PTT,6,0.2,1,1136,36,454,29,QOTu-Ang-HS4,arc labels,,0.704040404040404,0.07352941176470588,0.6944444444444444
Right,random,Ang,WRM,PTT,6,0.2,1,1136,36,454,29,QOTu-Ang-HSsrc,arc segments,,0.704949494949495,0.07396449704142012,0.6944444444444444
Right,random,Ang,WRM,PTT,6,0.2,1,1136,36,454,29,QOTu-Ang-PCA,arc segments,8.0,0.7194949494949494,0.08169934640522876,0.6944444444444444
Right,random,Ang,WRM,PTT,6,0.2,1,1136,36,454,29,QOTc-Ang-HS4,arc labels,,0.7091414141414141,0.11695906432748537,0.5555555555555556
Right,random,Ang,WRM,PTT,6,0.2,1,1136,36,454,29,QOTc-Ang-HSsrc,arc labels,,0.6781313131313131,0.06297229219143577,0.6944444444444444
Right,random,Ang,WRM,PTT,6,0.2,1,1136,36,454,29,QOTc-Ang-PCA,arc labels,64.0,0.5115151515151515,0.036585365853658534,0.16666666666666666
Right,random,Ang,WRM,PTT,6,0.2,1,1136,36,454,29,SDM-Ang-HS4,arc labels,,0.5401515151515152,0.0594059405940594,0.16666666666666666
Right,random,Ang,WRM,PTT,6,0.2,1,1136,36,454,29,SDM-Ang-HSsrc,arc labels,,0.7231313131313131,0.08389261744966443,0.6944444444444444
Right,random,Ang,WRM,PTT,6,0.2,1,1136,36,454,29,SDM-Ang-PCA,arc labels,64.0,0.44343434343434346,0.022727272727272728,0.2777777777777778
Right,random,Ang,WRM,PTT,6,0.3,1,1136,36,682,50,NoAdapt,nothing,,0.5716161616161617,0.03856749311294766,0.7777777777777778
Right,random,Ang,WRM,PTT,6,0.3,1,1136,36,682,50,TargetOnly,arc labels,,0.6802020202020203,0.12142857142857143,0.4722222222222222
Right,random,Ang,WRM,PTT,6,0.3,1,1136,36,682,50,Source+Target,arc labels,,0.7647474747474747,0.1092436974789916,0.7222222222222222
Right,random,Ang,WRM,PTT,6,0.3,1,1136,36,682,50,COT,arc labels,,0.7316666666666667,0.13725490196078433,0.5833333333333334
Right,random,Ang,WRM,PTT,6,0.3,1,1136,36,682,50,none-Ang-HS4,arc labels,,0.6238888888888889,0.04582651391162029,0.7777777777777778
Right,random,Ang,WRM,PTT,6,0.3,1,1136,36,682,50,none-Ang-HSsrc,nothing,,0.6175252525252526,0.0448,0.7777777777777778
Right,random,Ang,WRM,PTT,6,0.3,1,1136,36,682,50,none-Ang-PCA,arc segments,16.0,0.6345454545454545,0.048561151079136694,0.75
Right,random,Ang,WRM,PTT,6,0.3,1,1136,36,682,50,QOTu-Ang-HS4,arc labels,,0.7044949494949495,0.07374631268436578,0.6944444444444444
Right,random,Ang,WRM,PTT,6,0.3,1,1136,36,682,50,QOTu-Ang-HSsrc,arc segments,,0.704949494949495,0.07396449704142012,0.6944444444444444
Right,random,Ang,WRM,PTT,6,0.3,1,1136,36,682,50,QOTu-Ang-PCA,arc segments,32.0,0.634040404040404,0.0761904761904762,0.4444444444444444
Right,random,Ang,WRM,PTT,6,0.3,1,1136,36,682,50,QOTc-Ang-HS4,arc labels,,0.7672222222222222,0.12437810945273632,0.6944444444444444
Right,random,Ang,WRM,PTT,6,0.3,1,1136,36,682,50,QOTc-Ang-HSsrc,arc labels,,0.6813131313131313,0.0641025641025641,0.6944444444444444
Right,random,Ang,WRM,PTT,6,0.3,1,1136,36,682,50,QOTc-Ang-PCA,arc labels,64.0,0.48939393939393944,0.025423728813559324,0.08333333333333333
Right,random,Ang,WRM,PTT,6,0.3,1,1136,36,682,50,SDM-Ang-HS4,arc labels,,0.6048484848484849,0.08108108108108109,0.3333333333333333
Right,random,Ang,WRM,PTT,6,0.3,1,1136,36,682,50,SDM-Ang-HSsrc,arc labels,,0.6844949494949495,0.06527415143603134,0.6944444444444444
Right,random,Ang,WRM,PTT,6,0.3,1,1136,36,682,50,SDM-Ang-PCA,arc labels,32.0,0.6144444444444445,0.07368421052631578,0.3888888888888889
Right,random,Ang,WRM,PTT,6,0.5,1,1136,36,1112,81,NoAdapt,nothing,,0.5716161616161617,0.03856749311294766,0.7777777777777778
Right,random,Ang,WRM,PTT,6,0.5,1,1136,36,1112,81,TargetOnly,arc labels,,0.643080808080808,0.11023622047244094,0.3888888888888889
Right,random,Ang,WRM,PTT,6,0.5,1,1136,36,1112,81,Source+Target,arc labels,,0.7663131313131313,0.12315270935960591,0.6944444444444444
Right,random,Ang,WRM,PTT,6,0.5,1,1136,36,1112,81,COT,arc labels,,0.6986363636363636,0.13740458015267176,0.5
Right,random,Ang,WRM,PTT,6,0.5,1,1136,36,1112,81,none-Ang-HS4,arc labels,,0.6225252525252525,0.04560260586319218,0.7777777777777778
Right,random,Ang,WRM,PTT,6,0.5,1,1136,36,1112,81,none-Ang-HSsrc,nothing,,0.6175252525252526,0.0448,0.7777777777777778
Right,random,Ang,WRM,PTT,6,0.5,1,1136,36,1112,81,none-Ang-PCA,arc segments,16.0,0.6245454545454545,0.04671280276816609,0.75
Right,random,Ang,WRM,PTT,6,0.5,1,1136,36,1112,81,QOTu-Ang-HS4,arc labels,,0.7004040404040404,0.07183908045977011,0.6944444444444444
Right,random,Ang,WRM,PTT,6,0.5,1,1136,36,1112,81,QOTu-Ang-HSsrc,arc segments,,0.7054040404040404,0.07418397626112759,0.6944444444444444
Right,random,Ang,WRM,PTT,6,0.5,1,1136,36,1112,81,QOTu-Ang-PCA,arc segments,8.0,0.7194949494949494,0.08169934640522876,0.6944444444444444
Right,random,Ang,WRM,PTT,6,0.5,1,1136,36,1112,81,QOTc-Ang-HS4,arc labels,,0.7567676767676768,0.11160714285714286,0.6944444444444444
Right,random,Ang,WRM,PTT,6,0.5,1,1136,36,1112,81,QOTc-Ang-HSsrc,arc labels,,0.684949494949495,0.06544502617801047,0.6944444444444444
Right,random,Ang,WRM,PTT,6,0.5,1,1136,36,1112,81,QOTc-Ang-PCA,arc labels,64.0,0.4301010101010101,0.014285714285714285,0.1111111111111111
Right,random,Ang,WRM,PTT,6,0.5,1,1136,36,1112,81,SDM-Ang-HS4,arc labels,,0.5968686868686869,0.08208955223880597,0.3055555555555556
Right,random,Ang,WRM,PTT,6,0.5,1,1136,36,1112,81,SDM-Ang-HSsrc,arc labels,,0.7222222222222222,0.08333333333333333,0.6944444444444444
Right,random,Ang,WRM,PTT,6,0.5,1,1136,36,1112,81,SDM-Ang-PCA,arc labels,64.0,0.5208585858585859,0.034858387799564274,0.4444444444444444
Right,random,Ang,WRM,PTT,7,0.05,1,1136,41,114,9,NoAdapt,nothing,,0.5925047332665108,0.04441913439635535,0.9512195121951219
Right,random,Ang,WRM,PTT,7,0.05,1,1136,41,114,9,TargetOnly,arc labels,,0.3797750306270186,0.003436426116838488,0.024390243902439025
Right,random,Ang,WRM,PTT,7,0.05,1,1136,41,114,9,Source+Target,arc labels,,0.6071166054126295,0.04609929078014184,0.9512195121951219
Right,random,Ang,WRM,PTT,7,0.05,1,1136,41,114,9,COT,arc labels,,0.3997327096558637,0.007272727272727273,0.04878048780487805
Right,random,Ang,WRM,PTT,7,0.05,1,1136,41,114,9,none-Ang-HS4,arc labels,,0.6544158592270855,0.053857350800582245,0.9024390243902439
Right,random,Ang,WRM,PTT,7,0.05,1,1136,41,114,9,none-Ang-HSsrc,nothing,,0.6328210268404054,0.049868766404199474,0.926829268292683
Right,random,Ang,WRM,PTT,7,0.05,1,1136,41,114,9,none-Ang-PCA,arc segments,64.0,0.6439915358057691,0.05509181969949917,0.8048780487804879
Right,random,Ang,WRM,PTT,7,0.05,1,1136,41,114,9,QOTu-Ang-HS4,arc labels,,0.7347811560307385,0.07240704500978473,0.9024390243902439
Right,random,Ang,WRM,PTT,7,0.05,1,1136,41,114,9,QOTu-Ang-HSsrc,arc segments,,0.7124067268069941,0.06607142857142857,0.9024390243902439
Right,random,Ang,WRM,PTT,7,0.05,1,1136,41,114,9,QOTu-Ang-PCA,arc segments,64.0,0.55045105245573,0.05405405405405406,0.2926829268292683
Right,random,Ang,WRM,PTT,7,0.05,1,1136,41,114,9,QOTc-Ang-HS4,arc labels,,0.4084085087426217,0.0078125,0.04878048780487805
Right,random,Ang,WRM,PTT,7,0.05,1,1136,41,114,9,QOTc-Ang-HSsrc,arc labels,,0.5084641942309833,0.041666666666666664,0.12195121951219512
Right,random,Ang,WRM,PTT,7,0.05,1,1136,41,114,9,QOTc-Ang-PCA,arc labels,64.0,0.4970820804098452,0.035545023696682464,0.36585365853658536
Right,random,Ang,WRM,PTT,7,0.05,1,1136,41,114,9,SDM-Ang-HS4,arc labels,,0.4506849315068493,0.0,0.0
Right,random,Ang,WRM,PTT,7,0.05,1,1136,41,114,9,SDM-Ang-HSsrc,arc labels,,0.42895645394810117,0.009478672985781991,0.04878048780487805
Right,random,Ang,WRM,PTT,7,0.05,1,1136,41,114,9,SDM-Ang-PCA,arc labels,16.0,0.46247911794186436,0.02072538860103627,0.0975609756097561
Right,random,Ang,WRM,PTT,7,0.1,1,1136,41,227,16,NoAdapt,nothing,,0.5925047332665108,0.04441913439635535,0.9512195121951219
Right,random,Ang,WRM,PTT,7,0.1,1,1136,41,227,16,TargetOnly,arc labels,,0.6079630248357278,0.06551724137931035,0.4634146341463415
Right,random,Ang,WRM,PTT,7,0.1,1,1136,41,227,16,Source+Target,arc labels,,0.6430003341129302,0.05196629213483146,0.9024390243902439
Right,random,Ang,WRM,PTT,7,0.1,1,1136,41,227,16,COT,arc labels,,0.5292571555852545,0.046948356807511735,0.24390243902439024
Right,random,Ang,WRM,PTT,7,0.1,1,1136,41,227,16,none-Ang-HS4,arc labels,,0.6456064149682593,0.051771117166212535,0.926829268292683
Right,random,Ang,WRM,PTT,7,0.1,1,1136,41,227,16,none-Ang-HSsrc,nothing,,0.6328210268404054,0.049868766404199474,0.926829268292683
Right,random,Ang,WRM,PTT,7,0.1,1,1136,41,227,16,none-Ang-PCA,arc segments,64.0,0.6434012696291347,0.054140127388535034,0.8292682926829268
Right,random,Ang,WRM,PTT,7,0.1,1,1136,41,227,16,QOTu-Ang-HS4,arc labels,,0.7270185989531128,0.07007575757575757,0.9024390243902439
Right,random,Ang,WRM,PTT,7,0.1,1,1136,41,227,16,QOTu-Ang-HSsrc,arc segments,,0.722909009912017,0.06890130353817504,0.9024390243902439
Right,random,Ang,WRM,PTT,7,0.1,1,1136,41,227,16,QOTu-Ang-PCA,arc segments,64.0,0.5244236551954561,0.043010752688172046,0.2926829268292683
Right,random,Ang,WRM,PTT,7,0.1,1,1136,41,227,16,QOTc-Ang-HS4,arc labels,,0.7364962690722798,0.09090909090909091,0.7560975609756098
Right,random,Ang,WRM,PTT,7,0.1,1,1136,41,227,16,QOTc-Ang-HSsrc,arc labels,,0.6824033856776924,0.06020066889632107,0.8780487804878049
Right,random,Ang,WRM,PTT,7,0.1,1,1136,41,227,16,QOTc-Ang-PCA,arc labels,64.0,0.4828711437799309,0.032432432432432434,0.2926829268292683
Right,random,Ang,WRM,PTT,7,0.1,1,1136,41,227,16,SDM-Ang-HS4,arc labels,,0.6108363960351932,0.0703125,0.43902439024390244
Right,random,Ang,WRM,PTT,7,0.1,1,1136,41,227,16,SDM-Ang-HSsrc,arc labels,,0.7040204922597171,0.0851063829787234,0.6829268292682927
Right,random,Ang,WRM,PTT,7,0.1,1,1136,41,227,16,SDM-Ang-PCA,arc labels,64.0,0.6176634369083417,0.05747126436781609,0.6097560975609756
Right,random,Ang,WRM,PTT,7,0.2,1,1136,41,454,32,NoAdapt,nothing,,0.5925047332665108,0.04441913439635535,0.9512195121951219
Right,random,Ang,WRM,PTT,7,0.2,1,1136,41,454,32,TargetOnly,arc labels,,0.7781044659761667,0.1021021021021021,0.8292682926829268
Right,random,Ang,WRM,PTT,7,0.2,1,1136,41,454,32,Source+Target,arc labels,,0.7110368637932956,0.06571936056838366,0.9024390243902439
Right,random,Ang,WRM,PTT,7,0.2,1,1136,41,454,32,COT,arc labels,,0.7796079741619335,0.10927152317880795,0.8048780487804879
Right,random,Ang,WRM,PTT,7,0.2,1,1136,41,454,32,none-Ang-HS4,arc labels,,0.6442365519545606,0.051560379918588875,0.926829268292683
Right,random,Ang,WRM,PTT,7,0.2,1,1136,41,454,32,none-Ang-HSsrc,nothing,,0.6328210268404054,0.049868766404199474,0.926829268292683
Right,random,Ang,WRM,PTT,7,0.2,1,1136,41,454,32,none-Ang-PCA,arc segments,16.0,0.6495266733489253,0.05373134328358209,0.8780487804878049
Right,random,Ang,WRM,PTT,7,0.2,1,1136,41,454,32,QOTu-Ang-HS4,arc labels,,0.7302149459850763,0.0710172744721689,0.9024390243902439
Right,random,Ang,WRM,PTT,7,0.2,1,1136,41,454,32,QOTu-Ang-HSsrc,arc segments,,0.722909009912017,0.06890130353817504,0.9024390243902439
Right,random,Ang,WRM,PTT,7,0.2,1,1136,41,454,32,QOTu-Ang-PCA,arc segments,32.0,0.5651186100902105,0.054945054945054944,0.36585365853658536
Right,random,Ang,WRM,PTT,7,0.2,1,1136,41,454,32,QOTc-Ang-HS4,arc labels,,0.7667446263503731,0.08390022675736962,0.9024390243902439
Right,random,Ang,WRM,PTT,7,0.2,1,1136,41,454,32,QOTc-Ang-HSsrc,arc labels,,0.7114934847978617,0.06583629893238434,0.9024390243902439
Right,random,Ang,WRM,PTT,7,0.2,1,1136,41,454,32,QOTc-Ang-PCA,arc labels,64.0,0.529791736273527,0.0594059405940594,0.14634146341463414
Right,random,Ang,WRM,PTT,7,0.2,1,1136,41,454,32,SDM-Ang-HS4,arc labels,,0.669985521773026,0.08679245283018867,0.5609756097560976
Right,random,Ang,WRM,PTT,7,0.2,1,1136,41,454,32,SDM-Ang-HSsrc,arc labels,,0.7242788729257156,0.06928838951310862,0.9024390243902439
Right,random,Ang,WRM,PTT,7,0.2,1,1136,41,454,32,SDM-Ang-PCA,arc labels,64.0,0.5317852767568771,0.04335260115606936,0.36585365853658536
Right,random,Ang,WRM,PTT,7,0.3,1,1136,41,682,51,NoAdapt,nothing,,0.5925047332665108,0.04441913439635535,0.9512195121951219
Right,random,Ang,WRM,PTT,7,0.3,1,1136,41,682,51,TargetOnly,arc labels,,0.7771912239670342,0.10149253731343283,0.8292682926829268
Right,random,Ang,WRM,PTT,7,0.3,1,1136,41,682,51,Source+Target,arc labels,,0.7763336674462635,0.0880952380952381,0.9024390243902439
Right,random,Ang,WRM,PTT,7,0.3,1,1136,41,682,51,COT,arc labels,,0.712050339681479,0.1015625,0.6341463414634146
Right,random,Ang,WRM,PTT,7,0.3,1,1136,41,682,51,none-Ang-HS4,arc labels,,0.6410402049225972,0.051075268817204304,0.926829268292683
Right,random,Ang,WRM,PTT,7,0.3,1,1136,41,682,51,none-Ang-HSsrc,nothing,,0.6328210268404054,0.049868766404199474,0.926829268292683
Right,random,Ang,WRM,PTT,7,0.3,1,1136,41,682,51,none-Ang-PCA,arc segments,16.0,0.6603519322864462,0.05489614243323442,0.9024390243902439
Right,random,Ang,WRM,PTT,7,0.3,1,1136,41,682,51,QOTu-Ang-HS4,arc labels,,0.6936852656197795,0.06156405990016639,0.9024390243902439
Right,random,Ang,WRM,PTT,7,0.3,1,1136,41,682,51,QOTu-Ang-HSsrc,arc segments,,0.722909009912017,0.06890130353817504,0.9024390243902439
Right,random,Ang,WRM,PTT,7,0.3,1,1136,41,682,51,QOTu-Ang-PCA,arc segments,64.0,0.5124958235883729,0.04054054054054054,0.21951219512195122
Right,random,Ang,WRM,PTT,7,0.3,1,1136,41,682,51,QOTc-Ang-HS4,arc labels,,0.8032743067156699,0.10249307479224377,0.9024390243902439
Right,random,Ang,WRM,PTT,7,0.3,1,1136,41,682,51,QOTc-Ang-HSsrc,arc labels,,0.707840516761332,0.06491228070175438,0.9024390243902439
Right,random,Ang,WRM,PTT,7,0.3,1,1136,41,682,51,QOTc-Ang-PCA,arc labels,64.0,0.48557745851431117,0.022988505747126436,0.04878048780487805
Right,random,Ang,WRM,PTT,7,0.3,1,1136,41,682,51,SDM-Ang-HS4,arc labels,,0.7055240004454839,0.09060402684563758,0.6585365853658537
Right,random,Ang,WRM,PTT,7,0.3,1,1136,41,682,51,SDM-Ang-HSsrc,arc labels,,0.7201692838846196,0.06813996316758748,0.9024390243902439
Right,random,Ang,WRM,PTT,7,0.3,1,1136,41,682,51,SDM-Ang-PCA,arc labels,64.0,0.567513086089765,0.04838709677419355,0.5121951219512195
Right,random,Ang,WRM,PTT,7,0.5,1,1136,41,1124,80,NoAdapt,nothing,,0.5925047332665108,0.04441913439635535,0.9512195121951219
Right,random,Ang,WRM,PTT,7,0.5,1,1136,41,1124,80,TargetOnly,arc labels,,0.7884731039091213,0.10355029585798817,0.8536585365853658
Right,random,Ang,WRM,PTT,7,0.5,1,1136,41,1124,80,Source+Target,arc labels,,0.7945985076289119,0.09736842105263158,0.9024390243902439
Right,random,Ang,WRM,PTT,7,0.5,1,1136,41,1124,80,COT,arc labels,,0.7584140772914578,0.10580204778156997,0.7560975609756098
Right,random,Ang,WRM,PTT,7,0.5,1,1136,41,1124,80,none-Ang-HS4,arc labels,,0.6428666889408621,0.051351351351351354,0.926829268292683
Right,random,Ang,WRM,PTT,7,0.5,1,1136,41,1124,80,none-Ang-HSsrc,nothing,,0.6328210268404054,0.049868766404199474,0.926829268292683
Right,random,Ang,WRM,PTT,7,0.5,1,1136,41,1124,80,none-Ang-PCA,arc segments,4.0,0.7201692838846196,0.06813996316758748,0.9024390243902439
Right,random,Ang,WRM,PTT,7,0.5,1,1136,41,1124,80,QOTu-Ang-HS4,arc labels,,0.6955117496380443,0.06197654941373534,0.9024390243902439
Right,random,Ang,WRM,PTT,7,0.5,1,1136,41,1124,80,QOTu-Ang-HSsrc,arc segments,,0.722909009912017,0.06890130353817504,0.9024390243902439
Right,random,Ang,WRM,PTT,7,0.5,1,1136,41,1124,80,QOTu-Ang-PCA,arc segments,64.0,0.492671789731596,0.03333333333333333,0.17073170731707318
Right,random,Ang,WRM,PTT,7,0.5,1,1136,41,1124,80,QOTc-Ang-HS4,arc labels,,0.8009912016928389,0.10109289617486339,0.9024390243902439
Right,random,Ang,WRM,PTT,7,0.5,1,1136,41,1124,80,QOTc-Ang-HSsrc,arc labels,,0.7069272747521995,0.06468531468531469,0.9024390243902439
Right,random,Ang,WRM,PTT,7,0.5,1,1136,41,1124,80,QOTc-Ang-PCA,arc labels,64.0,0.4907116605412629,0.03305785123966942,0.1951219512195122
Right,random,Ang,WRM,PTT,7,0.5,1,1136,41,1124,80,SDM-Ang-HS4,arc labels,,0.7646731261833166,0.10423452768729642,0.7804878048780488
Right,random,Ang,WRM,PTT,7,0.5,1,1136,41,1124,80,SDM-Ang-HSsrc,arc labels,,0.7064706537476334,0.06457242582897033,0.9024390243902439
Right,random,Ang,WRM,PTT,7,0.5,1,1136,41,1124,80,SDM-Ang-PCA,arc labels,64.0,0.5932731930059028,0.053117782909930716,0.5609756097560976
Right,random,Ang,WRM,RTT,0,0.05,1,2129,47,213,3,NoAdapt,nothing,,0.868830093813232,0.10436893203883495,0.9148936170212766
Right,random,Ang,WRM,RTT,0,0.05,1,2129,47,213,3,TargetOnly,arc labels,,0.622176916630899,0.03886397608370702,0.5531914893617021
Right,random,Ang,WRM,RTT,0,0.05,1,2129,47,213,3,Source+Target,arc labels,,0.8724323992887363,0.10831234256926953,0.9148936170212766
Right,random,Ang,WRM,RTT,0,0.05,1,2129,47,213,3,COT,arc labels,,0.5915292169967503,0.029335634167385678,0.723404255319149
Right,random,Ang,WRM,RTT,0,0.05,1,2129,47,213,3,none-Ang-HS4,arc labels,,0.7371849898828868,0.08895705521472393,0.6170212765957447
Right,random,Ang,WRM,RTT,0,0.05,1,2129,47,213,3,none-Ang-HSsrc,nothing,,0.7413391378993195,0.0847457627118644,0.6382978723404256
Right,random,Ang,WRM,RTT,0,0.05,1,2129,47,213,3,none-Ang-PCA,arc segments,16.0,0.6743873525865064,0.0664819944598338,0.5106382978723404
Right,random,Ang,WRM,RTT,0,0.05,1,2129,47,213,3,QOTu-Ang-HS4,arc labels,,0.7429231303779099,0.0730593607305936,0.6808510638297872
Right,random,Ang,WRM,RTT,0,0.05,1,2129,47,213,3,QOTu-Ang-HSsrc,arc segments,,0.7667698816604329,0.0859375,0.7021276595744681
Right,random,Ang,WRM,RTT,0,0.05,1,2129,47,213,3,QOTu-Ang-PCA,arc segments,8.0,0.7391266580824494,0.05669291338582677,0.7659574468085106
Right,random,Ang,WRM,RTT,0,0.05,1,2129,47,213,3,QOTc-Ang-HS4,arc labels,,0.39171112064913033,0.009114583333333334,0.14893617021276595
Right,random,Ang,WRM,RTT,0,0.05,1,2129,47,213,3,QOTc-Ang-HSsrc,arc labels,,0.21649600425123142,0.0035536602700781805,0.10638297872340426
Right,random,Ang,WRM,RTT,0,0.05,1,2129,47,213,3,QOTc-Ang-PCA,arc labels,64.0,0.4541510822245386,0.013779527559055118,0.14893617021276595
Right,random,Ang,WRM,RTT,0,0.05,1,2129,47,213,3,SDM-Ang-HS4,arc labels,,0.4247092607353813,0.009259259259259259,0.10638297872340426
Right,random,Ang,WRM,RTT,0,0.05,1,2129,47,213,3,SDM-Ang-HSsrc,arc labels,,0.28241563962638216,0.007358351729212656,0.2127659574468085
Right,random,Ang,WRM,RTT,0,0.05,1,2129,47,213,3,SDM-Ang-PCA,arc labels,64.0,0.5014817994154557,0.022292993630573247,0.2978723404255319
Right,random,Ang,WRM,RTT,0,0.1,1,2129,47,426,8,NoAdapt,nothing,,0.868830093813232,0.10436893203883495,0.9148936170212766
Right,random,Ang,WRM,RTT,0,0.1,1,2129,47,426,8,TargetOnly,arc labels,,0.754327876223762,0.059967585089141004,0.7872340425531915
Right,random,Ang,WRM,RTT,0,0.1,1,2129,47,426,8,Source+Target,arc labels,,0.8673891716230302,0.10287081339712918,0.9148936170212766
Right,random,Ang,WRM,RTT,0,0.1,1,2129,47,426,8,COT,arc labels,,0.7173442066752509,0.04798962386511025,0.7872340425531915
Right,random,Ang,WRM,RTT,0,0.1,1,2129,47,426,8,none-Ang-HS4,arc labels,,0.7633361947391011,0.0906515580736544,0.6808510638297872
Right,random,Ang,WRM,RTT,0,0.1,1,2129,47,426,8,none-Ang-HSsrc,nothing,,0.7413391378993195,0.0847457627118644,0.6382978723404256
Right,random,Ang,WRM,RTT,0,0.1,1,2129,47,426,8,none-Ang-PCA,arc segments,64.0,0.735166676885973,0.07294117647058823,0.6595744680851063
Right,random,Ang,WRM,RTT,0,0.1,1,2129,47,426,8,QOTu-Ang-HS4,arc labels,,0.7874690865984018,0.07724425887265135,0.7872340425531915
Right,random,Ang,WRM,RTT,0,0.1,1,2129,47,426,8,QOTu-Ang-HSsrc,arc segments,,0.766529727962066,0.08571428571428572,0.7021276595744681
Right,random,Ang,WRM,RTT,0,0.1,1,2129,47,426,8,QOTu-Ang-PCA,arc segments,16.0,0.6598095121303166,0.05353319057815846,0.5319148936170213
Right,random,Ang,WRM,RTT,0,0.1,1,2129,47,426,8,QOTc-Ang-HS4,arc labels,,0.6658133545894904,0.05656108597285068,0.5319148936170213
Right,random,Ang,WRM,RTT,0,0.1,1,2129,47,426,8,QOTc-Ang-HSsrc,arc labels,,0.8428934943896008,0.08269230769230769,0.9148936170212766
Right,random,Ang,WRM,RTT,0,0.1,1,2129,47,426,8,QOTc-Ang-PCA,arc labels,64.0,0.5751629979357001,0.07142857142857142,0.2127659574468085
Right,random,Ang,WRM,RTT,0,0.1,1,2129,47,426,8,SDM-Ang-HS4,arc labels,,0.5853669752897173,0.046296296296296294,0.3191489361702128
Right,random,Ang,WRM,RTT,0,0.1,1,2129,47,426,8,SDM-Ang-HSsrc,arc labels,,0.8553814867046825,0.09188034188034189,0.9148936170212766
Right,random,Ang,WRM,RTT,0,0.1,1,2129,47,426,8,SDM-Ang-PCA,arc labels,64.0,0.5482862223312281,0.029876977152899824,0.3617021276595745
Right,random,Ang,WRM,RTT,0,0.2,1,2129,47,852,12,NoAdapt,nothing,,0.868830093813232,0.10436893203883495,0.9148936170212766
Right,random,Ang,WRM,RTT,0,0.2,1,2129,47,852,12,TargetOnly,arc labels,,0.8224804300284096,0.07107438016528926,0.9148936170212766
Right,random,Ang,WRM,RTT,0,0.2,1,2129,47,852,12,Source+Target,arc labels,,0.8567508737506897,0.10071942446043165,0.8936170212765957
Right,random,Ang,WRM,RTT,0,0.2,1,2129,47,852,12,COT,arc labels,,0.775001532895947,0.05188679245283019,0.9361702127659575
Right,random,Ang,WRM,RTT,0,0.2,1,2129,47,852,12,none-Ang-HS4,arc labels,,0.7647771169293028,0.09221902017291066,0.6808510638297872
Right,random,Ang,WRM,RTT,0,0.2,1,2129,47,852,12,none-Ang-HSsrc,nothing,,0.7413391378993195,0.0847457627118644,0.6382978723404256
Right,random,Ang,WRM,RTT,0,0.2,1,2129,47,852,12,none-Ang-PCA,arc segments,16.0,0.7039007092198581,0.07219251336898395,0.574468085106383
Right,random,Ang,WRM,RTT,0,0.2,1,2129,47,852,12,QOTu-Ang-HS4,arc labels,,0.7606689557912809,0.07,0.7446808510638298
Right,random,Ang,WRM,RTT,0,0.2,1,2129,47,852,12,QOTu-Ang-HSsrc,arc segments,,0.7646084983751302,0.08396946564885496,0.7021276595744681
Right,random,Ang,WRM,RTT,0,0.2,1,2129,47,852,12,QOTu-Ang-PCA,arc segments,16.0,0.6499632104972715,0.04921259842519685,0.5319148936170213
Right,random,Ang,WRM,RTT,0,0.2,1,2129,47,852,12,QOTc-Ang-HS4,arc labels,,0.7694115723424694,0.08847184986595175,0.7021276595744681
Right,random,Ang,WRM,RTT,0,0.2,1,2129,47,852,12,QOTc-Ang-HSsrc,arc labels,,0.8478651869111125,0.09251101321585903,0.8936170212765957
Right,random,Ang,WRM,RTT,0,0.2,1,2129,47,852,12,QOTc-Ang-PCA,arc labels,64.0,0.7004925705643101,0.1111111111111111,0.48936170212765956
Right,random,Ang,WRM,RTT,0,0.2,1,2129,47,852,12,SDM-Ang-HS4,arc labels,,0.6545516790320274,0.06232294617563739,0.46808510638297873
Right,random,Ang,WRM,RTT,0,0.2,1,2129,47,852,12,SDM-Ang-HSsrc,arc labels,,0.8294448872810514,0.07465277777777778,0.9148936170212766
Right,random,Ang,WRM,RTT,0,0.2,1,2129,47,852,12,SDM-Ang-PCA,arc labels,64.0,0.5630326813415906,0.03597122302158273,0.3191489361702128
Right,random,Ang,WRM,RTT,0,0.3,1,2129,47,1278,20,NoAdapt,nothing,,0.868830093813232,0.10436893203883495,0.9148936170212766
Right,random,Ang,WRM,RTT,0,0.3,1,2129,47,1278,20,TargetOnly,arc labels,,0.8717119381936353,0.1075,0.9148936170212766
Right,random,Ang,WRM,RTT,0,0.3,1,2129,47,1278,20,Source+Target,arc labels,,0.8659482494328286,0.10141509433962265,0.9148936170212766
Right,random,Ang,WRM,RTT,0,0.3,1,2129,47,1278,20,COT,arc labels,,0.7721963333128947,0.07743362831858407,0.7446808510638298
Right,random,Ang,WRM,RTT,0,0.3,1,2129,47,1278,20,none-Ang-HS4,arc labels,,0.8033192306906207,0.08958837772397095,0.7872340425531915
Right,random,Ang,WRM,RTT,0,0.3,1,2129,47,1278,20,none-Ang-HSsrc,nothing,,0.7413391378993195,0.0847457627118644,0.6382978723404256
Right,random,Ang,WRM,RTT,0,0.3,1,2129,47,1278,20,none-Ang-PCA,arc segments,16.0,0.7887669385002145,0.09138381201044386,0.7446808510638298
Right,random,Ang,WRM,RTT,0,0.3,1,2129,47,1278,20,QOTu-Ang-HS4,arc labels,,0.8104982933758457,0.07707129094412331,0.851063829787234
Right,random,Ang,WRM,RTT,0,0.3,1,2129,47,1278,20,QOTu-Ang-HSsrc,arc segments,,0.7646084983751302,0.08396946564885496,0.7021276595744681
Right,random,Ang,WRM,RTT,0,0.3,1,2129,47,1278,20,QOTu-Ang-PCA,arc segments,16.0,0.7420340507286365,0.06776180698151951,0.7021276595744681
Right,random,Ang,WRM,RTT,0,0.3,1,2129,47,1278,20,QOTc-Ang-HS4,arc labels,,0.8263739857338483,0.1167192429022082,0.7872340425531915
Right,random,Ang,WRM,RTT,0,0.3,1,2129,47,1278,20,QOTc-Ang-HSsrc,arc labels,,0.7961146197396121,0.0835214446952596,0.7872340425531915
Right,random,Ang,WRM,RTT,0,0.3,1,2129,47,1278,20,QOTc-Ang-PCA,arc labels,64.0,0.8078361640811822,0.15492957746478872,0.7021276595744681
Right,random,Ang,WRM,RTT,0,0.3,1,2129,47,1278,20,SDM-Ang-HS4,arc labels,,0.827477670815705,0.0967741935483871,0.8297872340425532
Right,random,Ang,WRM,RTT,0,0.3,1,2129,47,1278,20,SDM-Ang-HSsrc,arc labels,,0.8352085760418583,0.07789855072463768,0.9148936170212766
Right,random,Ang,WRM,RTT,0,0.3,1,2129,47,1278,20,SDM-Ang-PCA,arc labels,64.0,0.6261420074805322,0.04929577464788732,0.44680851063829785
Right,random,Ang,WRM,RTT,0,0.5,1,2129,47,2118,35,NoAdapt,nothing,,0.868830093813232,0.10436893203883495,0.9148936170212766
Right,random,Ang,WRM,RTT,0,0.5,1,2129,47,2118,35,TargetOnly,arc labels,,0.8390510352157295,0.08022388059701492,0.9148936170212766
Right,random,Ang,WRM,RTT,0,0.5,1,2129,47,2118,35,Source+Target,arc labels,,0.8701023974492612,0.09734513274336283,0.9361702127659575
Right,random,Ang,WRM,RTT,0,0.5,1,2129,47,2118,35,COT,arc labels,,0.7685940278373904,0.07494646680942184,0.7446808510638298
Right,random,Ang,WRM,RTT,0,0.5,1,2129,47,2118,35,none-Ang-HS4,arc labels,,0.8074733787070534,0.08616780045351474,0.8085106382978723
Right,random,Ang,WRM,RTT,0,0.5,1,2129,47,2118,35,none-Ang-HSsrc,nothing,,0.7413391378993195,0.0847457627118644,0.6382978723404256
Right,random,Ang,WRM,RTT,0,0.5,1,2129,47,2118,35,none-Ang-PCA,arc segments,16.0,0.8265170560222372,0.09582309582309582,0.8297872340425532
Right,random,Ang,WRM,RTT,0,0.5,1,2129,47,2118,35,QOTu-Ang-HS4,arc labels,,0.8013009176937069,0.076171875,0.8297872340425532
Right,random,Ang,WRM,RTT,0,0.5,1,2129,47,2118,35,QOTu-Ang-HSsrc,arc segments,,0.7646084983751302,0.08396946564885496,0.7021276595744681
Right,random,Ang,WRM,RTT,0,0.5,1,2129,47,2118,35,QOTu-Ang-PCA,arc segments,16.0,0.7616295705847487,0.07056451612903226,0.7446808510638298
Right,random,Ang,WRM,RTT,0,0.5,1,2129,47,2118,35,QOTc-Ang-HS4,arc labels,,0.8774040918102479,0.1268882175226586,0.8936170212765957
Right,random,Ang,WRM,RTT,0,0.5,1,2129,47,2118,35,QOTc-Ang-HSsrc,arc labels,,0.8050003065791894,0.09113300492610837,0.7872340425531915
Right,random,Ang,WRM,RTT,0,0.5,1,2129,47,2118,35,QOTc-Ang-PCA,arc labels,64.0,0.8458264353015718,0.15677966101694915,0.7872340425531915
Right,random,Ang,WRM,RTT,0,0.5,1,2129,47,2118,35,SDM-Ang-HS4,arc labels,,0.8584319496392585,0.1024390243902439,0.8936170212765957
Right,random,Ang,WRM,RTT,0,0.5,1,2129,47,2118,35,SDM-Ang-HSsrc,arc labels,,0.8573027162916181,0.09347826086956522,0.9148936170212766
Right,random,Ang,WRM,RTT,0,0.5,1,2129,47,2118,35,SDM-Ang-PCA,arc labels,32.0,0.794939399513561,0.10897435897435898,0.723404255319149
Right,random,Ang,WRM,RTT,1,0.05,1,2129,8,213,8,NoAdapt,nothing,,0.646481612446959,0.01694915254237288,0.375
Right,random,Ang,WRM,RTT,1,0.05,1,2129,8,213,8,TargetOnly,arc labels,,0.586103253182461,0.011976047904191617,0.25
Right,random,Ang,WRM,RTT,1,0.05,1,2129,8,213,8,Source+Target,arc labels,,0.5905822725129656,0.013513513513513514,0.25
Right,random,Ang,WRM,RTT,1,0.05,1,2129,8,213,8,COT,arc labels,,0.4698550212164074,0.0025380710659898475,0.125
Right,random,Ang,WRM,RTT,1,0.05,1,2129,8,213,8,none-Ang-HS4,arc labels,,0.7405999528524281,0.016129032258064516,0.625
Right,random,Ang,WRM,RTT,1,0.05,1,2129,8,213,8,none-Ang-HSsrc,nothing,,0.7380068363979255,0.01557632398753894,0.625
Right,random,Ang,WRM,RTT,1,0.05,1,2129,8,213,8,none-Ang-PCA,arc segments,32.0,0.7372996228194248,0.015432098765432098,0.625
Right,random,Ang,WRM,RTT,1,0.05,1,2129,8,213,8,QOTu-Ang-HS4,arc labels,,0.7210337105139085,0.01272264631043257,0.625
Right,random,Ang,WRM,RTT,1,0.05,1,2129,8,213,8,QOTu-Ang-HSsrc,arc segments,,0.7337635549269212,0.014749262536873156,0.625
Right,random,Ang,WRM,RTT,1,0.05,1,2129,8,213,8,QOTu-Ang-PCA,arc segments,64.0,0.7195898161244696,0.03007518796992481,0.5
Right,random,Ang,WRM,RTT,1,0.05,1,2129,8,213,8,QOTc-Ang-HS4,arc labels,,0.6054337576614804,0.023529411764705882,0.25
Right,random,Ang,WRM,RTT,1,0.05,1,2129,8,213,8,QOTc-Ang-HSsrc,arc labels,,0.7273986327204149,0.01366120218579235,0.625
Right,random,Ang,WRM,RTT,1,0.05,1,2129,8,213,8,QOTc-Ang-PCA,arc labels,64.0,0.4966996699669967,0.0,0.0
Right,random,Ang,WRM,RTT,1,0.05,1,2129,8,213,8,SDM-Ang-HS4,arc labels,,0.5452911362564827,0.013513513513513514,0.125
Right,random,Ang,WRM,RTT,1,0.05,1,2129,8,213,8,SDM-Ang-HSsrc,arc labels,,0.7151402640264026,0.011961722488038277,0.625
Right,random,Ang,WRM,RTT,1,0.05,1,2129,8,213,8,SDM-Ang-PCA,arc labels,64.0,0.4908062234794908,0.0,0.0
Right,random,Ang,WRM,RTT,1,0.1,1,2129,8,426,20,NoAdapt,nothing,,0.646481612446959,0.01694915254237288,0.375
Right,random,Ang,WRM,RTT,1,0.1,1,2129,8,426,20,TargetOnly,arc labels,,0.6669908062234795,0.03333333333333333,0.375
Right,random,Ang,WRM,RTT,1,0.1,1,2129,8,426,20,Source+Target,arc labels,,0.5922324375294672,0.014184397163120567,0.25
Right,random,Ang,WRM,RTT,1,0.1,1,2129,8,426,20,COT,arc labels,,0.599569778406412,0.007978723404255319,0.375
Right,random,Ang,WRM,RTT,1,0.1,1,2129,8,426,20,none-Ang-HS4,arc labels,,0.805928807166431,0.020066889632107024,0.75
Right,random,Ang,WRM,RTT,1,0.1,1,2129,8,426,20,none-Ang-HSsrc,nothing,,0.7380068363979255,0.01557632398753894,0.625
Right,random,Ang,WRM,RTT,1,0.1,1,2129,8,426,20,none-Ang-PCA,arc segments,32.0,0.735413719943423,0.015060240963855422,0.625
Right,random,Ang,WRM,RTT,1,0.1,1,2129,8,426,20,QOTu-Ang-HS4,arc labels,,0.7724540311173975,0.013605442176870748,0.75
Right,random,Ang,WRM,RTT,1,0.1,1,2129,8,426,20,QOTu-Ang-HSsrc,arc segments,,0.7337635549269212,0.014749262536873156,0.625
Right,random,Ang,WRM,RTT,1,0.1,1,2129,8,426,20,QOTu-Ang-PCA,arc segments,8.0,0.7288425271098539,0.009584664536741214,0.75
Right,random,Ang,WRM,RTT,1,0.1,1,2129,8,426,20,QOTc-Ang-HS4,arc labels,,0.7113389910419614,0.023809523809523808,0.5
Right,random,Ang,WRM,RTT,1,0.1,1,2129,8,426,20,QOTc-Ang-HSsrc,arc labels,,0.7262199434229137,0.013477088948787063,0.625
Right,random,Ang,WRM,RTT,1,0.1,1,2129,8,426,20,QOTc-Ang-PCA,arc labels,64.0,0.6216996699669968,0.125,0.25
Right,random,Ang,WRM,RTT,1,0.1,1,2129,8,426,20,SDM-Ang-HS4,arc labels,,0.6030763790664782,0.021052631578947368,0.25
Right,random,Ang,WRM,RTT,1,0.1,1,2129,8,426,20,SDM-Ang-HSsrc,arc labels,,0.616542904290429,0.009868421052631578,0.375
Right,random,Ang,WRM,RTT,1,0.1,1,2129,8,426,20,SDM-Ang-PCA,arc labels,64.0,0.4794908062234795,0.0,0.0
Right,random,Ang,WRM,RTT,1,0.2,1,2129,8,852,36,NoAdapt,nothing,,0.646481612446959,0.01694915254237288,0.375
Right,random,Ang,WRM,RTT,1,0.2,1,2129,8,852,36,TargetOnly,arc labels,,0.6646334276284771,0.03,0.375
Right,random,Ang,WRM,RTT,1,0.2,1,2129,8,852,36,Source+Target,arc labels,,0.5908180103724658,0.013605442176870748,0.25
Right,random,Ang,WRM,RTT,1,0.2,1,2129,8,852,36,COT,arc labels,,0.5861327204148986,0.006928406466512702,0.375
Right,random,Ang,WRM,RTT,1,0.2,1,2129,8,852,36,none-Ang-HS4,arc labels,,0.6844648750589344,0.014184397163120567,0.5
Right,random,Ang,WRM,RTT,1,0.2,1,2129,8,852,36,none-Ang-HSsrc,nothing,,0.7380068363979255,0.01557632398753894,0.625
Right,random,Ang,WRM,RTT,1,0.2,1,2129,8,852,36,none-Ang-PCA,arc segments,16.0,0.7526225836869401,0.019305019305019305,0.625
Right,random,Ang,WRM,RTT,1,0.2,1,2129,8,852,36,QOTu-Ang-HS4,arc labels,,0.7215051862329089,0.01278772378516624,0.625
Right,random,Ang,WRM,RTT,1,0.2,1,2129,8,852,36,QOTu-Ang-HSsrc,arc segments,,0.7337635549269212,0.014749262536873156,0.625
Right,random,Ang,WRM,RTT,1,0.2,1,2129,8,852,36,QOTu-Ang-PCA,arc segments,8.0,0.7623173031588872,0.012396694214876033,0.75
Right,random,Ang,WRM,RTT,1,0.2,1,2129,8,852,36,QOTc-Ang-HS4,arc labels,,0.6587399811409713,0.024,0.375
Right,random,Ang,WRM,RTT,1,0.2,1,2129,8,852,36,QOTc-Ang-HSsrc,arc labels,,0.7179691183404054,0.012315270935960592,0.625
Right,random,Ang,WRM,RTT,1,0.2,1,2129,8,852,36,QOTc-Ang-PCA,arc labels,16.0,0.47854785478547857,0.0,0.0
Right,random,Ang,WRM,RTT,1,0.2,1,2129,8,852,36,SDM-Ang-HS4,arc labels,,0.648603253182461,0.017857142857142856,0.375
Right,random,Ang,WRM,RTT,1,0.2,1,2129,8,852,36,SDM-Ang-HSsrc,arc labels,,0.6653701084394154,0.011019283746556474,0.5
Right,random,Ang,WRM,RTT,1,0.2,1,2129,8,852,36,SDM-Ang-PCA,arc labels,16.0,0.4639321074964639,0.0,0.0
Right,random,Ang,WRM,RTT,1,0.3,1,2129,8,1278,52,NoAdapt,nothing,,0.646481612446959,0.01694915254237288,0.375
Right,random,Ang,WRM,RTT,1,0.3,1,2129,8,1278,52,TargetOnly,arc labels,,0.6068481848184819,0.02531645569620253,0.25
Right,random,Ang,WRM,RTT,1,0.3,1,2129,8,1278,52,Source+Target,arc labels,,0.5978901461574728,0.017094017094017096,0.25
Right,random,Ang,WRM,RTT,1,0.3,1,2129,8,1278,52,COT,arc labels,,0.5767032060348892,0.006342494714587738,0.375
Right,random,Ang,WRM,RTT,1,0.3,1,2129,8,1278,52,none-Ang-HS4,arc labels,,0.6856435643564356,0.01444043321299639,0.5
Right,random,Ang,WRM,RTT,1,0.3,1,2129,8,1278,52,none-Ang-HSsrc,nothing,,0.7380068363979255,0.01557632398753894,0.625
Right,random,Ang,WRM,RTT,1,0.3,1,2129,8,1278,52,none-Ang-PCA,arc segments,8.0,0.683993399339934,0.014084507042253521,0.5
Right,random,Ang,WRM,RTT,1,0.3,1,2129,8,1278,52,QOTu-Ang-HS4,arc labels,,0.7179691183404054,0.012315270935960592,0.625
Right,random,Ang,WRM,RTT,1,0.3,1,2129,8,1278,52,QOTu-Ang-HSsrc,arc segments,,0.7337635549269212,0.014749262536873156,0.625
Right,random,Ang,WRM,RTT,1,0.3,1,2129,8,1278,52,QOTu-Ang-PCA,arc segments,8.0,0.7087753418198963,0.011235955056179775,0.625
Right,random,Ang,WRM,RTT,1,0.3,1,2129,8,1278,52,QOTc-Ang-HS4,arc labels,,0.5342114568599717,0.008264462809917356,0.125
Right,random,Ang,WRM,RTT,1,0.3,1,2129,8,1278,52,QOTc-Ang-HSsrc,arc labels,,0.7337635549269212,0.014749262536873156,0.625
Right,random,Ang,WRM,RTT,1,0.3,1,2129,8,1278,52,QOTc-Ang-PCA,arc labels,32.0,0.5497701555869873,0.01818181818181818,0.125
Right,random,Ang,WRM,RTT,1,0.3,1,2129,8,1278,52,SDM-Ang-HS4,arc labels,,0.5915252239509665,0.013888888888888888,0.25
Right,random,Ang,WRM,RTT,1,0.3,1,2129,8,1278,52,SDM-Ang-HSsrc,arc labels,,0.6170143800094295,0.009933774834437087,0.375
Right,random,Ang,WRM,RTT,1,0.3,1,2129,8,1278,52,SDM-Ang-PCA,arc labels,16.0,0.5306753889674682,0.007352941176470588,0.125
Right,random,Ang,WRM,RTT,1,0.5,1,2129,8,2106,73,NoAdapt,nothing,,0.646481612446959,0.01694915254237288,0.375
Right,random,Ang,WRM,RTT,1,0.5,1,2129,8,2106,73,TargetOnly,arc labels,,0.6077911362564827,0.02666666666666667,0.25
Right,random,Ang,WRM,RTT,1,0.5,1,2129,8,2106,73,Source+Target,arc labels,,0.5964757190004715,0.016260162601626018,0.25
Right,random,Ang,WRM,RTT,1,0.5,1,2129,8,2106,73,COT,arc labels,,0.501944837340877,0.003816793893129771,0.25
Right,random,Ang,WRM,RTT,1,0.5,1,2129,8,2106,73,none-Ang-HS4,arc labels,,0.6856435643564356,0.01444043321299639,0.5
Right,random,Ang,WRM,RTT,1,0.5,1,2129,8,2106,73,none-Ang-HSsrc,nothing,,0.7380068363979255,0.01557632398753894,0.625
Right,random,Ang,WRM,RTT,1,0.5,1,2129,8,2106,73,none-Ang-PCA,arc segments,16.0,0.7526225836869401,0.019305019305019305,0.625
Right,random,Ang,WRM,RTT,1,0.5,1,2129,8,2106,73,QOTu-Ang-HS4,arc labels,,0.7182048561999057,0.012345679012345678,0.625
Right,random,Ang,WRM,RTT,1,0.5,1,2129,8,2106,73,QOTu-Ang-HSsrc,arc segments,,0.7337635549269212,0.014749262536873156,0.625
Right,random,Ang,WRM,RTT,1,0.5,1,2129,8,2106,73,QOTu-Ang-PCA,arc segments,64.0,0.746493399339934,0.017543859649122806,0.625
Right,random,Ang,WRM,RTT,1,0.5,1,2129,8,2106,73,QOTc-Ang-HS4,arc labels,,0.6528465346534653,0.02,0.375
Right,random,Ang,WRM,RTT,1,0.5,1,2129,8,2106,73,QOTc-Ang-HSsrc,arc labels,,0.7262199434229137,0.013477088948787063,0.625
Right,random,Ang,WRM,RTT,1,0.5,1,2129,8,2106,73,QOTc-Ang-PCA,arc labels,16.0,0.5957685054219708,0.015873015873015872,0.25
Right,random,Ang,WRM,RTT,1,0.5,1,2129,8,2106,73,SDM-Ang-HS4,arc labels,,0.6549681753889675,0.02127659574468085,0.375
Right,random,Ang,WRM,RTT,1,0.5,1,2129,8,2106,73,SDM-Ang-HSsrc,arc labels,,0.6795143800094295,0.013201320132013201,0.5
Right,random,Ang,WRM,RTT,1,0.5,1,2129,8,2106,73,SDM-Ang-PCA,arc labels,16.0,0.529496699669967,0.0070921985815602835,0.125
Right,random,Ang,WRM,RTT,2,0.05,1,2129,6,213,7,NoAdapt,nothing,,0.7200894959962317,0.023076923076923078,0.5
Right,random,Ang,WRM,RTT,2,0.05,1,2129,6,213,7,TargetOnly,arc labels,,0.8384754278536661,0.01483679525222552,0.8333333333333334
Right,random,Ang,WRM,RTT,2,0.05,1,2129,6,213,7,Source+Target,arc labels,,0.7087847385774847,0.016853932584269662,0.5
Right,random,Ang,WRM,RTT,2,0.05,1,2129,6,213,7,COT,arc labels,,0.6649002983199874,0.004655493482309125,0.8333333333333334
Right,random,Ang,WRM,RTT,2,0.05,1,2129,6,213,7,none-Ang-HS4,arc labels,,0.8163369445752866,0.01160092807424594,0.8333333333333334
Right,random,Ang,WRM,RTT,2,0.05,1,2129,6,213,7,none-Ang-HSsrc,nothing,,0.8307034071282776,0.013513513513513514,0.8333333333333334
Right,random,Ang,WRM,RTT,2,0.05,1,2129,6,213,7,none-Ang-PCA,arc segments,32.0,0.8434212592243681,0.015822784810126583,0.8333333333333334
Right,random,Ang,WRM,RTT,2,0.05,1,2129,6,213,7,QOTu-Ang-HS4,arc labels,,0.8690532265661799,0.010676156583629894,1.0
Right,random,Ang,WRM,RTT,2,0.05,1,2129,6,213,7,QOTu-Ang-HSsrc,arc segments,,0.8165724603548438,0.011627906976744186,0.8333333333333334
Right,random,Ang,WRM,RTT,2,0.05,1,2129,6,213,7,QOTu-Ang-PCA,arc segments,16.0,0.8283482493327052,0.013157894736842105,0.8333333333333334
Right,random,Ang,WRM,RTT,2,0.05,1,2129,6,213,7,QOTc-Ang-HS4,arc labels,,0.7384204741717695,0.009828009828009828,0.6666666666666666
Right,random,Ang,WRM,RTT,2,0.05,1,2129,6,213,7,QOTc-Ang-HSsrc,arc labels,,0.7949050086355787,0.009578544061302681,0.8333333333333334
Right,random,Ang,WRM,RTT,2,0.05,1,2129,6,213,7,QOTc-Ang-PCA,arc labels,64.0,0.5670827445438844,0.014285714285714285,0.16666666666666666
Right,random,Ang,WRM,RTT,2,0.05,1,2129,6,213,7,SDM-Ang-HS4,arc labels,,0.7087454859475585,0.0075046904315197,0.6666666666666666
Right,random,Ang,WRM,RTT,2,0.05,1,2129,6,213,7,SDM-Ang-HSsrc,arc labels,,0.6962631496310252,0.006825938566552901,0.6666666666666666
Right,random,Ang,WRM,RTT,2,0.05,1,2129,6,213,7,SDM-Ang-PCA,arc labels,32.0,0.45101271785209607,0.0,0.0
Right,random,Ang,WRM,RTT,2,0.1,1,2129,6,426,19,NoAdapt,nothing,,0.7200894959962317,0.023076923076923078,0.5
Right,random,Ang,WRM,RTT,2,0.1,1,2129,6,426,19,TargetOnly,arc labels,,0.8836944575286545,0.034482758620689655,0.8333333333333334
Right,random,Ang,WRM,RTT,2,0.1,1,2129,6,426,19,Source+Target,arc labels,,0.711139896373057,0.017857142857142856,0.5
Right,random,Ang,WRM,RTT,2,0.1,1,2129,6,426,19,COT,arc labels,,0.7501962631496311,0.011204481792717087,0.6666666666666666
Right,random,Ang,WRM,RTT,2,0.1,1,2129,6,426,19,none-Ang-HS4,arc labels,,0.8266996388758048,0.012919896640826873,0.8333333333333334
Right,random,Ang,WRM,RTT,2,0.1,1,2129,6,426,19,none-Ang-HSsrc,nothing,,0.8307034071282776,0.013513513513513514,0.8333333333333334
Right,random,Ang,WRM,RTT,2,0.1,1,2129,6,426,19,none-Ang-PCA,arc segments,16.0,0.8556680797613441,0.01893939393939394,0.8333333333333334
Right,random,Ang,WRM,RTT,2,0.1,1,2129,6,426,19,QOTu-Ang-HS4,arc labels,,0.8641073951954781,0.010291595197255575,1.0
Right,random,Ang,WRM,RTT,2,0.1,1,2129,6,426,19,QOTu-Ang-HSsrc,arc segments,,0.8017349662427382,0.010141987829614604,0.8333333333333334
Right,random,Ang,WRM,RTT,2,0.1,1,2129,6,426,19,QOTu-Ang-PCA,arc segments,4.0,0.8042863871879415,0.007168458781362007,1.0
Right,random,Ang,WRM,RTT,2,0.1,1,2129,6,426,19,QOTc-Ang-HS4,arc labels,,0.5635107552205998,0.004545454545454545,0.3333333333333333
Right,random,Ang,WRM,RTT,2,0.1,1,2129,6,426,19,QOTc-Ang-HSsrc,arc labels,,0.7661720835295964,0.007763975155279503,0.8333333333333334
Right,random,Ang,WRM,RTT,2,0.1,1,2129,6,426,19,QOTc-Ang-PCA,arc labels,32.0,0.4983513895430994,0.0,0.0
Right,random,Ang,WRM,RTT,2,0.1,1,2129,6,426,19,SDM-Ang-HS4,arc labels,,0.5986026063746271,0.006872852233676976,0.3333333333333333
Right,random,Ang,WRM,RTT,2,0.1,1,2129,6,426,19,SDM-Ang-HSsrc,arc labels,,0.7078034228293295,0.0074487895716946,0.6666666666666666
Right,random,Ang,WRM,RTT,2,0.1,1,2129,6,426,19,SDM-Ang-PCA,arc labels,32.0,0.5571910818024808,0.008928571428571428,0.16666666666666666
Right,random,Ang,WRM,RTT,2,0.2,1,2129,6,852,32,NoAdapt,nothing,,0.7200894959962317,0.023076923076923078,0.5
Right,random,Ang,WRM,RTT,2,0.2,1,2129,6,852,32,TargetOnly,arc labels,,0.8038938608886795,0.031007751937984496,0.6666666666666666
Right,random,Ang,WRM,RTT,2,0.2,1,2129,6,852,32,Source+Target,arc labels,,0.7036033914272256,0.015,0.5
Right,random,Ang,WRM,RTT,2,0.2,1,2129,6,852,32,COT,arc labels,,0.7421887266446852,0.010230179028132993,0.6666666666666666
Right,random,Ang,WRM,RTT,2,0.2,1,2129,6,852,32,none-Ang-HS4,arc labels,,0.9043805934997644,0.014563106796116505,1.0
Right,random,Ang,WRM,RTT,2,0.2,1,2129,6,852,32,none-Ang-HSsrc,nothing,,0.8307034071282776,0.013513513513513514,0.8333333333333334
Right,random,Ang,WRM,RTT,2,0.2,1,2129,6,852,32,none-Ang-PCA,arc segments,8.0,0.7518448736065316,0.011428571428571429,0.6666666666666666
Right,random,Ang,WRM,RTT,2,0.2,1,2129,6,852,32,QOTu-Ang-HS4,arc labels,,0.8652849740932642,0.010380622837370242,1.0
Right,random,Ang,WRM,RTT,2,0.2,1,2129,6,852,32,QOTu-Ang-HSsrc,arc segments,,0.8066807976134401,0.01059322033898305,0.8333333333333334
Right,random,Ang,WRM,RTT,2,0.2,1,2129,6,852,32,QOTu-Ang-PCA,arc segments,8.0,0.8629298162976919,0.01020408163265306,1.0
Right,random,Ang,WRM,RTT,2,0.2,1,2129,6,852,32,QOTc-Ang-HS4,arc labels,,0.7109043805934998,0.01775147928994083,0.5
Right,random,Ang,WRM,RTT,2,0.2,1,2129,6,852,32,QOTc-Ang-HSsrc,arc labels,,0.8031480609200816,0.01026694045174538,0.8333333333333334
Right,random,Ang,WRM,RTT,2,0.2,1,2129,6,852,32,QOTc-Ang-PCA,arc labels,32.0,0.5562490186842518,0.008620689655172414,0.16666666666666666
Right,random,Ang,WRM,RTT,2,0.2,1,2129,6,852,32,SDM-Ang-HS4,arc labels,,0.6995996231747528,0.013824884792626729,0.5
Right,random,Ang,WRM,RTT,2,0.2,1,2129,6,852,32,SDM-Ang-HSsrc,arc labels,,0.7304129376668236,0.009070294784580499,0.6666666666666666
Right,random,Ang,WRM,RTT,2,0.2,1,2129,6,852,32,SDM-Ang-PCA,arc labels,32.0,0.711139896373057,0.017857142857142856,0.5
Right,random,Ang,WRM,RTT,2,0.3,1,2129,6,1278,47,NoAdapt,nothing,,0.7200894959962317,0.023076923076923078,0.5
Right,random,Ang,WRM,RTT,2,0.3,1,2129,6,1278,47,TargetOnly,arc labels,,0.65277123567279,0.03278688524590164,0.3333333333333333
Right,random,Ang,WRM,RTT,2,0.3,1,2129,6,1278,47,Source+Target,arc labels,,0.6238027947872508,0.010869565217391304,0.3333333333333333
Right,random,Ang,WRM,RTT,2,0.3,1,2129,6,1278,47,COT,arc labels,,0.6459020254357042,0.006741573033707865,0.5
Right,random,Ang,WRM,RTT,2,0.3,1,2129,6,1278,47,none-Ang-HS4,arc labels,,0.8224603548437746,0.012345679012345678,0.8333333333333334
Right,random,Ang,WRM,RTT,2,0.3,1,2129,6,1278,47,none-Ang-HSsrc,nothing,,0.8307034071282776,0.013513513513513514,0.8333333333333334
Right,random,Ang,WRM,RTT,2,0.3,1,2129,6,1278,47,none-Ang-PCA,arc segments,8.0,0.8354137227194223,0.014285714285714285,0.8333333333333334
Right,random,Ang,WRM,RTT,2,0.3,1,2129,6,1278,47,QOTu-Ang-HS4,arc labels,,0.8676401318888365,0.01056338028169014,1.0
Right,random,Ang,WRM,RTT,2,0.3,1,2129,6,1278,47,QOTu-Ang-HSsrc,arc segments,,0.8182210708117443,0.01182033096926714,0.8333333333333334
Right,random,Ang,WRM,RTT,2,0.3,1,2129,6,1278,47,QOTu-Ang-PCA,arc segments,8.0,0.8641073951954781,0.010291595197255575,1.0
Right,random,Ang,WRM,RTT,2,0.3,1,2129,6,1278,47,QOTc-Ang-HS4,arc labels,,0.70407442298634,0.015151515151515152,0.5
Right,random,Ang,WRM,RTT,2,0.3,1,2129,6,1278,47,QOTc-Ang-HSsrc,arc labels,,0.8047966713769823,0.010416666666666666,0.8333333333333334
Right,random,Ang,WRM,RTT,2,0.3,1,2129,6,1278,47,QOTc-Ang-PCA,arc labels,32.0,0.567553776102999,0.014705882352941176,0.16666666666666666
Right,random,Ang,WRM,RTT,2,0.3,1,2129,6,1278,47,SDM-Ang-HS4,arc labels,,0.6311037839535248,0.013071895424836602,0.3333333333333333
Right,random,Ang,WRM,RTT,2,0.3,1,2129,6,1278,47,SDM-Ang-HSsrc,arc labels,,0.7332391270215104,0.009324009324009324,0.6666666666666666
Right,random,Ang,WRM,RTT,2,0.3,1,2129,6,1278,47,SDM-Ang-PCA,arc labels,64.0,0.4076778144135657,0.0,0.0
Right,random,Ang,WRM,RTT,2,0.5,1,2129,6,2106,76,NoAdapt,nothing,,0.7200894959962317,0.023076923076923078,0.5
Right,random,Ang,WRM,RTT,2,0.5,1,2129,6,2106,76,TargetOnly,arc labels,,0.6499450463181033,0.0273972602739726,0.3333333333333333
Right,random,Ang,WRM,RTT,2,0.5,1,2129,6,2106,76,Source+Target,arc labels,,0.6280420788192809,0.012048192771084338,0.3333333333333333
Right,random,Ang,WRM,RTT,2,0.5,1,2129,6,2106,76,COT,arc labels,,0.5980923221855865,0.004629629629629629,0.5
Right,random,Ang,WRM,RTT,2,0.5,1,2129,6,2106,76,none-Ang-HS4,arc labels,,0.7443083686607003,0.010471204188481676,0.6666666666666666
Right,random,Ang,WRM,RTT,2,0.5,1,2129,6,2106,76,none-Ang-HSsrc,nothing,,0.8307034071282776,0.013513513513513514,0.8333333333333334
Right,random,Ang,WRM,RTT,2,0.5,1,2129,6,2106,76,none-Ang-PCA,arc segments,16.0,0.8556680797613441,0.01893939393939394,0.8333333333333334
Right,random,Ang,WRM,RTT,2,0.5,1,2129,6,2106,76,QOTu-Ang-HS4,arc labels,,0.7904302088239912,0.009242144177449169,0.8333333333333334
Right,random,Ang,WRM,RTT,2,0.5,1,2129,6,2106,76,QOTu-Ang-HSsrc,arc segments,,0.8215182917255457,0.012224938875305624,0.8333333333333334
Right,random,Ang,WRM,RTT,2,0.5,1,2129,6,2106,76,QOTu-Ang-PCA,arc segments,4.0,0.8426754592557701,0.008902077151335312,1.0
Right,random,Ang,WRM,RTT,2,0.5,1,2129,6,2106,76,QOTc-Ang-HS4,arc labels,,0.6993641073951955,0.013761467889908258,0.5
Right,random,Ang,WRM,RTT,2,0.5,1,2129,6,2106,76,QOTc-Ang-HSsrc,arc labels,,0.8026770293609672,0.010224948875255624,0.8333333333333334
Right,random,Ang,WRM,RTT,2,0.5,1,2129,6,2106,76,QOTc-Ang-PCA,arc labels,32.0,0.5654341340869838,0.012987012987012988,0.16666666666666666
Right,random,Ang,WRM,RTT,2,0.5,1,2129,6,2106,76,SDM-Ang-HS4,arc labels,,0.677461139896373,0.00964630225080386,0.5
Right,random,Ang,WRM,RTT,2,0.5,1,2129,6,2106,76,SDM-Ang-HSsrc,arc labels,,0.729706390328152,0.009009009009009009,0.6666666666666666
Right,random,Ang,WRM,RTT,2,0.5,1,2129,6,2106,76,SDM-Ang-PCA,arc labels,16.0,0.6433506044905009,0.019801980198019802,0.3333333333333333
Right,random,Ang,WRM,RTT,3,0.05,1,2129,6,213,7,NoAdapt,nothing,,0.7205605275553462,0.0234375,0.5
Right,random,Ang,WRM,RTT,3,0.05,1,2129,6,213,7,TargetOnly,arc labels,,0.6021353430679856,0.007246376811594203,0.3333333333333333
Right,random,Ang,WRM,RTT,3,0.05,1,2129,6,213,7,Source+Target,arc labels,,0.7106688648139425,0.01764705882352941,0.5
Right,random,Ang,WRM,RTT,3,0.05,1,2129,6,213,7,COT,arc labels,,0.5585256712199718,0.003676470588235294,0.5
Right,random,Ang,WRM,RTT,3,0.05,1,2129,6,213,7,none-Ang-HS4,arc labels,,0.7443083686607003,0.010471204188481676,0.6666666666666666
Right,random,Ang,WRM,RTT,3,0.05,1,2129,6,213,7,none-Ang-HSsrc,nothing,,0.8299968597896059,0.013404825737265416,0.8333333333333334
Right,random,Ang,WRM,RTT,3,0.05,1,2129,6,213,7,none-Ang-PCA,arc segments,32.0,0.8431857434448109,0.015772870662460567,0.8333333333333334
Right,random,Ang,WRM,RTT,3,0.05,1,2129,6,213,7,QOTu-Ang-HS4,arc labels,,0.7899591772648767,0.009208103130755065,0.8333333333333334
Right,random,Ang,WRM,RTT,3,0.05,1,2129,6,213,7,QOTu-Ang-HSsrc,arc segments,,0.8057387344952112,0.01050420168067227,0.8333333333333334
Right,random,Ang,WRM,RTT,3,0.05,1,2129,6,213,7,QOTu-Ang-PCA,arc segments,32.0,0.7972601664311509,0.009765625,0.8333333333333334
Right,random,Ang,WRM,RTT,3,0.05,1,2129,6,213,7,QOTc-Ang-HS4,arc labels,,0.7036033914272256,0.015,0.5
Right,random,Ang,WRM,RTT,3,0.05,1,2129,6,213,7,QOTc-Ang-HSsrc,arc labels,,0.8810645313235987,0.011741682974559686,1.0
Right,random,Ang,WRM,RTT,3,0.05,1,2129,6,213,7,QOTc-Ang-PCA,arc labels,64.0,0.49269901083372586,0.0,0.0
Right,random,Ang,WRM,RTT,3,0.05,1,2129,6,213,7,SDM-Ang-HS4,arc labels,,0.6722797927461139,0.009009009009009009,0.5
Right,random,Ang,WRM,RTT,3,0.05,1,2129,6,213,7,SDM-Ang-HSsrc,arc labels,,0.7887815983670906,0.009124087591240875,0.8333333333333334
Right,random,Ang,WRM,RTT,3,0.05,1,2129,6,213,7,SDM-Ang-PCA,arc labels,64.0,0.574854765269273,0.02702702702702703,0.16666666666666666
Right,random,Ang,WRM,RTT,3,0.1,1,2129,6,426,12,NoAdapt,nothing,,0.7205605275553462,0.0234375,0.5
Right,random,Ang,WRM,RTT,3,0.1,1,2129,6,426,12,TargetOnly,arc labels,,0.6539488145705762,0.03571428571428571,0.3333333333333333
Right,random,Ang,WRM,RTT,3,0.1,1,2129,6,426,12,Source+Target,arc labels,,0.7026613283089966,0.014705882352941176,0.5
Right,random,Ang,WRM,RTT,3,0.1,1,2129,6,426,12,COT,arc labels,,0.634754278536662,0.004159733777038269,0.8333333333333334
Right,random,Ang,WRM,RTT,3,0.1,1,2129,6,426,12,none-Ang-HS4,arc labels,,0.8205762286073167,0.012106537530266344,0.8333333333333334
Right,random,Ang,WRM,RTT,3,0.1,1,2129,6,426,12,none-Ang-HSsrc,nothing,,0.8299968597896059,0.013404825737265416,0.8333333333333334
Right,random,Ang,WRM,RTT,3,0.1,1,2129,6,426,12,none-Ang-PCA,arc segments,32.0,0.8328230491442927,0.013850415512465374,0.8333333333333334
Right,random,Ang,WRM,RTT,3,0.1,1,2129,6,426,12,QOTu-Ang-HS4,arc labels,,0.7854843774532894,0.008896797153024912,0.8333333333333334
Right,random,Ang,WRM,RTT,3,0.1,1,2129,6,426,12,QOTu-Ang-HSsrc,arc segments,,0.8182210708117443,0.01182033096926714,0.8333333333333334
Right,random,Ang,WRM,RTT,3,0.1,1,2129,6,426,12,QOTu-Ang-PCA,arc segments,16.0,0.8365913016172084,0.014492753623188406,0.8333333333333334
Right,random,Ang,WRM,RTT,3,0.1,1,2129,6,426,12,QOTc-Ang-HS4,arc labels,,0.6195635107552205,0.009900990099009901,0.3333333333333333
Right,random,Ang,WRM,RTT,3,0.1,1,2129,6,426,12,QOTc-Ang-HSsrc,arc labels,,0.6988538232061547,0.006956521739130435,0.6666666666666666
Right,random,Ang,WRM,RTT,3,0.1,1,2129,6,426,12,QOTc-Ang-PCA,arc labels,64.0,0.4992934526613283,0.0,0.0
Right,random,Ang,WRM,RTT,3,0.1,1,2129,6,426,12,SDM-Ang-HS4,arc labels,,0.6247448579054796,0.011111111111111112,0.3333333333333333
Right,random,Ang,WRM,RTT,3,0.1,1,2129,6,426,12,SDM-Ang-HSsrc,arc labels,,0.7056837808133145,0.007326007326007326,0.6666666666666666
Right,random,Ang,WRM,RTT,3,0.1,1,2129,6,426,12,SDM-Ang-PCA,arc labels,64.0,0.5056131260794473,0.0030211480362537764,0.16666666666666666
Right,random,Ang,WRM,RTT,3,0.2,1,2129,6,852,31,NoAdapt,nothing,,0.7205605275553462,0.0234375,0.5
Right,random,Ang,WRM,RTT,3,0.2,1,2129,6,852,31,TargetOnly,arc labels,,0.6501805620976605,0.027777777777777776,0.3333333333333333
Right,random,Ang,WRM,RTT,3,0.2,1,2129,6,852,31,Source+Target,arc labels,,0.6339299733082117,0.014184397163120567,0.3333333333333333
Right,random,Ang,WRM,RTT,3,0.2,1,2129,6,852,31,COT,arc labels,,0.5486732611084942,0.003976143141153081,0.3333333333333333
Right,random,Ang,WRM,RTT,3,0.2,1,2129,6,852,31,none-Ang-HS4,arc labels,,0.8212827759459884,0.012195121951219513,0.8333333333333334
Right,random,Ang,WRM,RTT,3,0.2,1,2129,6,852,31,none-Ang-HSsrc,nothing,,0.8299968597896059,0.013404825737265416,0.8333333333333334
Right,random,Ang,WRM,RTT,3,0.2,1,2129,6,852,31,none-Ang-PCA,arc segments,32.0,0.8328230491442927,0.013850415512465374,0.8333333333333334
Right,random,Ang,WRM,RTT,3,0.2,1,2129,6,852,31,QOTu-Ang-HS4,arc labels,,0.7864264405715183,0.008960573476702509,0.8333333333333334
Right,random,Ang,WRM,RTT,3,0.2,1,2129,6,852,31,QOTu-Ang-HSsrc,arc segments,,0.82198932328466,0.012285012285012284,0.8333333333333334
Right,random,Ang,WRM,RTT,3,0.2,1,2129,6,852,31,QOTu-Ang-PCA,arc segments,16.0,0.8274061862144764,0.013020833333333334,0.8333333333333334
Right,random,Ang,WRM,RTT,3,0.2,1,2129,6,852,31,QOTc-Ang-HS4,arc labels,,0.5162113361595227,0.0034965034965034965,0.16666666666666666
Right,random,Ang,WRM,RTT,3,0.2,1,2129,6,852,31,QOTc-Ang-HSsrc,arc labels,,0.6993248547652693,0.006980802792321117,0.6666666666666666
Right,random,Ang,WRM,RTT,3,0.2,1,2129,6,852,31,QOTc-Ang-PCA,arc labels,16.0,0.5586041764798242,0.009433962264150943,0.16666666666666666
Right,random,Ang,WRM,RTT,3,0.2,1,2129,6,852,31,SDM-Ang-HS4,arc labels,,0.5962474485790548,0.006644518272425249,0.3333333333333333
Right,random,Ang,WRM,RTT,3,0.2,1,2129,6,852,31,SDM-Ang-HSsrc,arc labels,,0.7066258439315434,0.007380073800738007,0.6666666666666666
Right,random,Ang,WRM,RTT,3,0.2,1,2129,6,852,31,SDM-Ang-PCA,arc labels,64.0,0.4844167059192966,0.0023752969121140144,0.16666666666666666
Right,random,Ang,WRM,RTT,3,0.3,1,2129,6,1278,50,NoAdapt,nothing,,0.7205605275553462,0.0234375,0.5
Right,random,Ang,WRM,RTT,3,0.3,1,2129,6,1278,50,TargetOnly,arc labels,,0.6494740147589888,0.02666666666666667,0.3333333333333333
Right,random,Ang,WRM,RTT,3,0.3,1,2129,6,1278,50,Source+Target,arc labels,,0.6306327523944104,0.012903225806451613,0.3333333333333333
Right,random,Ang,WRM,RTT,3,0.3,1,2129,6,1278,50,COT,arc labels,,0.6251766368346678,0.005628517823639775,0.5
Right,random,Ang,WRM,RTT,3,0.3,1,2129,6,1278,50,none-Ang-HS4,arc labels,,0.8203407128277596,0.012077294685990338,0.8333333333333334
Right,random,Ang,WRM,RTT,3,0.3,1,2129,6,1278,50,none-Ang-HSsrc,nothing,,0.8299968597896059,0.013404825737265416,0.8333333333333334
Right,random,Ang,WRM,RTT,3,0.3,1,2129,6,1278,50,none-Ang-PCA,arc segments,16.0,0.8549615324226723,0.018726591760299626,0.8333333333333334
Right,random,Ang,WRM,RTT,3,0.3,1,2129,6,1278,50,QOTu-Ang-HS4,arc labels,,0.7857198932328466,0.008912655971479501,0.8333333333333334
Right,random,Ang,WRM,RTT,3,0.3,1,2129,6,1278,50,QOTu-Ang-HSsrc,arc segments,,0.82198932328466,0.012285012285012284,0.8333333333333334
Right,random,Ang,WRM,RTT,3,0.3,1,2129,6,1278,50,QOTu-Ang-PCA,arc segments,16.0,0.8224603548437746,0.012345679012345678,0.8333333333333334
Right,random,Ang,WRM,RTT,3,0.3,1,2129,6,1278,50,QOTc-Ang-HS4,arc labels,,0.5981315748155126,0.006825938566552901,0.3333333333333333
Right,random,Ang,WRM,RTT,3,0.3,1,2129,6,1278,50,QOTc-Ang-HSsrc,arc labels,,0.8784738577484692,0.011494252873563218,1.0
Right,random,Ang,WRM,RTT,3,0.3,1,2129,6,1278,50,QOTc-Ang-PCA,arc labels,32.0,0.5593107238184959,0.009708737864077669,0.16666666666666666
Right,random,Ang,WRM,RTT,3,0.3,1,2129,6,1278,50,SDM-Ang-HS4,arc labels,,0.666156382477626,0.008356545961002786,0.5
Right,random,Ang,WRM,RTT,3,0.3,1,2129,6,1278,50,SDM-Ang-HSsrc,arc labels,,0.7158109593342754,0.007952286282306162,0.6666666666666666
Right,random,Ang,WRM,RTT,3,0.3,1,2129,6,1278,50,SDM-Ang-PCA,arc labels,16.0,0.47197362223268957,0.0,0.0
Right,random,Ang,WRM,RTT,3,0.5,1,2129,6,2106,76,NoAdapt,nothing,,0.7205605275553462,0.0234375,0.5
Right,random,Ang,WRM,RTT,3,0.5,1,2129,6,2106,76,TargetOnly,arc labels,,0.6447636991678443,0.021052631578947368,0.3333333333333333
Right,random,Ang,WRM,RTT,3,0.5,1,2129,6,2106,76,Source+Target,arc labels,,0.6275710472601664,0.011904761904761904,0.3333333333333333
Right,random,Ang,WRM,RTT,3,0.5,1,2129,6,2106,76,COT,arc labels,,0.5806641544983514,0.004155124653739612,0.5
Right,random,Ang,WRM,RTT,3,0.5,1,2129,6,2106,76,none-Ang-HS4,arc labels,,0.8196341654890877,0.011990407673860911,0.8333333333333334
Right,random,Ang,WRM,RTT,3,0.5,1,2129,6,2106,76,none-Ang-HSsrc,nothing,,0.8299968597896059,0.013404825737265416,0.8333333333333334
Right,random,Ang,WRM,RTT,3,0.5,1,2129,6,2106,76,none-Ang-PCA,arc segments,32.0,0.8307034071282776,0.013513513513513514,0.8333333333333334
Right,random,Ang,WRM,RTT,3,0.5,1,2129,6,2106,76,QOTu-Ang-HS4,arc labels,,0.7890171141466478,0.009140767824497258,0.8333333333333334
Right,random,Ang,WRM,RTT,3,0.5,1,2129,6,2106,76,QOTu-Ang-HSsrc,arc segments,,0.8203407128277596,0.012077294685990338,0.8333333333333334
Right,random,Ang,WRM,RTT,3,0.5,1,2129,6,2106,76,QOTu-Ang-PCA,arc segments,32.0,0.8109200816454702,0.011013215859030838,0.8333333333333334
Right,random,Ang,WRM,RTT,3,0.5,1,2129,6,2106,76,QOTc-Ang-HS4,arc labels,,0.68452661328309,0.010676156583629894,0.5
Right,random,Ang,WRM,RTT,3,0.5,1,2129,6,2106,76,QOTc-Ang-HSsrc,arc labels,,0.8038546082587534,0.010330578512396695,0.8333333333333334
Right,random,Ang,WRM,RTT,3,0.5,1,2129,6,2106,76,QOTc-Ang-PCA,arc labels,16.0,0.5531873135500078,0.007751937984496124,0.16666666666666666
Right,random,Ang,WRM,RTT,3,0.5,1,2129,6,2106,76,SDM-Ang-HS4,arc labels,,0.6725153085256712,0.009036144578313253,0.5
Right,random,Ang,WRM,RTT,3,0.5,1,2129,6,2106,76,SDM-Ang-HSsrc,arc labels,,0.7301774218872664,0.00904977375565611,0.6666666666666666
Right,random,Ang,WRM,RTT,3,0.5,1,2129,6,2106,76,SDM-Ang-PCA,arc labels,16.0,0.6348720364264405,0.014598540145985401,0.3333333333333333
Right,random,Ang,WRM,RTT,4,0.05,1,2129,7,213,6,NoAdapt,nothing,,0.6843611148512185,0.023076923076923078,0.42857142857142855
Right,random,Ang,WRM,RTT,4,0.05,1,2129,7,213,6,TargetOnly,arc labels,,0.7737309815537903,0.013927576601671309,0.7142857142857143
Right,random,Ang,WRM,RTT,4,0.05,1,2129,7,213,6,Source+Target,arc labels,,0.6721085229567793,0.016483516483516484,0.42857142857142855
Right,random,Ang,WRM,RTT,4,0.05,1,2129,7,213,6,COT,arc labels,,0.5051164669449306,0.00333555703802535,0.7142857142857143
Right,random,Ang,WRM,RTT,4,0.05,1,2129,7,213,6,none-Ang-HS4,arc labels,,0.7112562272788474,0.0125,0.5714285714285714
Right,random,Ang,WRM,RTT,4,0.05,1,2129,7,213,6,none-Ang-HSsrc,nothing,,0.7704322068129796,0.013404825737265416,0.7142857142857143
Right,random,Ang,WRM,RTT,4,0.05,1,2129,7,213,6,none-Ang-PCA,arc segments,32.0,0.7829204254746196,0.015625,0.7142857142857143
Right,random,Ang,WRM,RTT,4,0.05,1,2129,7,213,6,QOTu-Ang-HS4,arc labels,,0.7562946007809344,0.011547344110854504,0.7142857142857143
Right,random,Ang,WRM,RTT,4,0.05,1,2129,7,213,6,QOTu-Ang-HSsrc,arc segments,,0.7591221219873434,0.011876484560570071,0.7142857142857143
Right,random,Ang,WRM,RTT,4,0.05,1,2129,7,213,6,QOTu-Ang-PCA,arc segments,32.0,0.7671334320721691,0.012919896640826873,0.7142857142857143
Right,random,Ang,WRM,RTT,4,0.05,1,2129,7,213,6,QOTc-Ang-HS4,arc labels,,0.5983236838562003,0.010471204188481676,0.2857142857142857
Right,random,Ang,WRM,RTT,4,0.05,1,2129,7,213,6,QOTc-Ang-HSsrc,arc labels,,0.7454557694896997,0.010438413361169102,0.7142857142857143
Right,random,Ang,WRM,RTT,4,0.05,1,2129,7,213,6,QOTc-Ang-PCA,arc labels,64.0,0.49976437323279926,0.0,0.0
Right,random,Ang,WRM,RTT,4,0.05,1,2129,7,213,6,SDM-Ang-HS4,arc labels,,0.59196176114178,0.009174311926605505,0.2857142857142857
Right,random,Ang,WRM,RTT,4,0.05,1,2129,7,213,6,SDM-Ang-HSsrc,arc labels,,0.6509357748754544,0.006944444444444444,0.5714285714285714
Right,random,Ang,WRM,RTT,4,0.05,1,2129,7,213,6,SDM-Ang-PCA,arc labels,64.0,0.4688972667295005,0.0,0.0
Right,random,Ang,WRM,RTT,4,0.1,1,2129,7,426,18,NoAdapt,nothing,,0.6843611148512185,0.023076923076923078,0.42857142857142855
Right,random,Ang,WRM,RTT,4,0.1,1,2129,7,426,18,TargetOnly,arc labels,,0.7803285310354113,0.015105740181268883,0.7142857142857143
Right,random,Ang,WRM,RTT,4,0.1,1,2129,7,426,18,Source+Target,arc labels,,0.7371751716709304,0.01904761904761905,0.5714285714285714
Right,random,Ang,WRM,RTT,4,0.1,1,2129,7,426,18,COT,arc labels,,0.5962703648848795,0.0049504950495049506,0.5714285714285714
Right,random,Ang,WRM,RTT,4,0.1,1,2129,7,426,18,none-Ang-HS4,arc labels,,0.7659552982361654,0.012755102040816327,0.7142857142857143
Right,random,Ang,WRM,RTT,4,0.1,1,2129,7,426,18,none-Ang-HSsrc,nothing,,0.7704322068129796,0.013404825737265416,0.7142857142857143
Right,random,Ang,WRM,RTT,4,0.1,1,2129,7,426,18,none-Ang-PCA,arc segments,32.0,0.7826847987074188,0.01557632398753894,0.7142857142857143
Right,random,Ang,WRM,RTT,4,0.1,1,2129,7,426,18,QOTu-Ang-HS4,arc labels,,0.7244849872088326,0.008802816901408451,0.7142857142857143
Right,random,Ang,WRM,RTT,4,0.1,1,2129,7,426,18,QOTu-Ang-HSsrc,arc segments,,0.758650868452942,0.01182033096926714,0.7142857142857143
Right,random,Ang,WRM,RTT,4,0.1,1,2129,7,426,18,QOTu-Ang-PCA,arc segments,16.0,0.7548808401777299,0.011389521640091117,0.7142857142857143
Right,random,Ang,WRM,RTT,4,0.1,1,2129,7,426,18,QOTc-Ang-HS4,arc labels,,0.7414837754140299,0.0075,0.8571428571428571
Right,random,Ang,WRM,RTT,4,0.1,1,2129,7,426,18,QOTc-Ang-HSsrc,arc labels,,0.7438063821192944,0.0102880658436214,0.7142857142857143
Right,random,Ang,WRM,RTT,4,0.1,1,2129,7,426,18,QOTc-Ang-PCA,arc labels,32.0,0.5433889861316817,0.008333333333333333,0.14285714285714285
Right,random,Ang,WRM,RTT,4,0.1,1,2129,7,426,18,SDM-Ang-HS4,arc labels,,0.7563282617476774,0.008141112618724558,0.8571428571428571
Right,random,Ang,WRM,RTT,4,0.1,1,2129,7,426,18,SDM-Ang-HSsrc,arc labels,,0.6511714016426551,0.006956521739130435,0.5714285714285714
Right,random,Ang,WRM,RTT,4,0.1,1,2129,7,426,18,SDM-Ang-PCA,arc labels,64.0,0.49717247879359094,0.0,0.0
Right,random,Ang,WRM,RTT,4,0.2,1,2129,7,852,32,NoAdapt,nothing,,0.6843611148512185,0.023076923076923078,0.42857142857142855
Right,random,Ang,WRM,RTT,4,0.2,1,2129,7,852,32,TargetOnly,arc labels,,0.7449508549885553,0.022598870056497175,0.5714285714285714
Right,random,Ang,WRM,RTT,4,0.2,1,2129,7,852,32,Source+Target,arc labels,,0.6629190790359499,0.013574660633484163,0.42857142857142855
Right,random,Ang,WRM,RTT,4,0.2,1,2129,7,852,32,COT,arc labels,,0.5380368924195503,0.0039946737683089215,0.42857142857142855
Right,random,Ang,WRM,RTT,4,0.2,1,2129,7,852,32,none-Ang-HS4,arc labels,,0.8395045105695436,0.015625,0.8571428571428571
Right,random,Ang,WRM,RTT,4,0.2,1,2129,7,852,32,none-Ang-HSsrc,nothing,,0.7704322068129796,0.013404825737265416,0.7142857142857143
Right,random,Ang,WRM,RTT,4,0.2,1,2129,7,852,32,none-Ang-PCA,arc segments,16.0,0.7951730173690588,0.018656716417910446,0.7142857142857143
Right,random,Ang,WRM,RTT,4,0.2,1,2129,7,852,32,QOTu-Ang-HS4,arc labels,,0.7412144876800861,0.01006036217303823,0.7142857142857143
Right,random,Ang,WRM,RTT,4,0.2,1,2129,7,852,32,QOTu-Ang-HSsrc,arc segments,,0.7619496431937525,0.012224938875305624,0.7142857142857143
Right,random,Ang,WRM,RTT,4,0.2,1,2129,7,852,32,QOTu-Ang-PCA,arc segments,16.0,0.7400363538440824,0.0099601593625498,0.7142857142857143
Right,random,Ang,WRM,RTT,4,0.2,1,2129,7,852,32,QOTc-Ang-HS4,arc labels,,0.7386225932408779,0.00984251968503937,0.7142857142857143
Right,random,Ang,WRM,RTT,4,0.2,1,2129,7,852,32,QOTc-Ang-HSsrc,arc labels,,0.8088730308334455,0.011673151750972763,0.8571428571428571
Right,random,Ang,WRM,RTT,4,0.2,1,2129,7,852,32,QOTc-Ang-PCA,arc labels,64.0,0.48963242224316683,0.0,0.0
Right,random,Ang,WRM,RTT,4,0.2,1,2129,7,852,32,SDM-Ang-HS4,arc labels,,0.6322875992998519,0.008547008547008548,0.42857142857142855
Right,random,Ang,WRM,RTT,4,0.2,1,2129,7,852,32,SDM-Ang-HSsrc,arc labels,,0.6516426551770567,0.006980802792321117,0.5714285714285714
Right,random,Ang,WRM,RTT,4,0.2,1,2129,7,852,32,SDM-Ang-PCA,arc labels,64.0,0.5606234011040797,0.005698005698005698,0.2857142857142857
Right,random,Ang,WRM,RTT,4,0.3,1,2129,7,1278,42,NoAdapt,nothing,,0.6843611148512185,0.023076923076923078,0.42857142857142855
Right,random,Ang,WRM,RTT,4,0.3,1,2129,7,1278,42,TargetOnly,arc labels,,0.7503702706341726,0.025974025974025976,0.5714285714285714
Right,random,Ang,WRM,RTT,4,0.3,1,2129,7,1278,42,Source+Target,arc labels,,0.593846775279386,0.009523809523809525,0.2857142857142857
Right,random,Ang,WRM,RTT,4,0.3,1,2129,7,1278,42,COT,arc labels,,0.5427494277635654,0.004103967168262654,0.42857142857142855
Right,random,Ang,WRM,RTT,4,0.3,1,2129,7,1278,42,none-Ang-HS4,arc labels,,0.8279587989767065,0.013856812933025405,0.8571428571428571
Right,random,Ang,WRM,RTT,4,0.3,1,2129,7,1278,42,none-Ang-HSsrc,nothing,,0.7704322068129796,0.013404825737265416,0.7142857142857143
Right,random,Ang,WRM,RTT,4,0.3,1,2129,7,1278,42,none-Ang-PCA,arc segments,16.0,0.7954086441362596,0.018726591760299626,0.7142857142857143
Right,random,Ang,WRM,RTT,4,0.3,1,2129,7,1278,42,QOTu-Ang-HS4,arc labels,,0.7970916924734078,0.010638297872340425,0.8571428571428571
Right,random,Ang,WRM,RTT,4,0.3,1,2129,7,1278,42,QOTu-Ang-HSsrc,arc segments,,0.758650868452942,0.01182033096926714,0.7142857142857143
Right,random,Ang,WRM,RTT,4,0.3,1,2129,7,1278,42,QOTu-Ang-PCA,arc segments,64.0,0.8107243840043086,0.024752475247524754,0.7142857142857143
Right,random,Ang,WRM,RTT,4,0.3,1,2129,7,1278,42,QOTc-Ang-HS4,arc labels,,0.6749697051299313,0.008438818565400843,0.5714285714285714
Right,random,Ang,WRM,RTT,4,0.3,1,2129,7,1278,42,QOTc-Ang-HSsrc,arc labels,,0.7438063821192944,0.0102880658436214,0.7142857142857143
Right,random,Ang,WRM,RTT,4,0.3,1,2129,7,1278,42,QOTc-Ang-PCA,arc labels,32.0,0.541268345226875,0.007751937984496124,0.14285714285714285
Right,random,Ang,WRM,RTT,4,0.3,1,2129,7,1278,42,SDM-Ang-HS4,arc labels,,0.6190925003366097,0.007371007371007371,0.42857142857142855
Right,random,Ang,WRM,RTT,4,0.3,1,2129,7,1278,42,SDM-Ang-HSsrc,arc labels,,0.6563551905210718,0.007233273056057866,0.5714285714285714
Right,random,Ang,WRM,RTT,4,0.3,1,2129,7,1278,42,SDM-Ang-PCA,arc labels,16.0,0.4809142318567389,0.0,0.0
Right,random,Ang,WRM,RTT,4,0.5,1,2129,7,2106,75,NoAdapt,nothing,,0.6843611148512185,0.023076923076923078,0.42857142857142855
Right,random,Ang,WRM,RTT,4,0.5,1,2129,7,2106,75,TargetOnly,arc labels,,0.6836542345496163,0.022556390977443608,0.42857142857142855
Right,random,Ang,WRM,RTT,4,0.5,1,2129,7,2106,75,Source+Target,arc labels,,0.6002086979938064,0.01092896174863388,0.2857142857142857
Right,random,Ang,WRM,RTT,4,0.5,1,2129,7,2106,75,COT,arc labels,,0.5467550828059782,0.004201680672268907,0.42857142857142855
Right,random,Ang,WRM,RTT,4,0.5,1,2129,7,2106,75,none-Ang-HS4,arc labels,,0.7612427628921503,0.012135922330097087,0.7142857142857143
Right,random,Ang,WRM,RTT,4,0.5,1,2129,7,2106,75,none-Ang-HSsrc,nothing,,0.7704322068129796,0.013404825737265416,0.7142857142857143
Right,random,Ang,WRM,RTT,4,0.5,1,2129,7,2106,75,none-Ang-PCA,arc segments,16.0,0.7944661370674566,0.01845018450184502,0.7142857142857143
Right,random,Ang,WRM,RTT,4,0.5,1,2129,7,2106,75,QOTu-Ang-HS4,arc labels,,0.7303756563888515,0.009208103130755065,0.7142857142857143
Right,random,Ang,WRM,RTT,4,0.5,1,2129,7,2106,75,QOTu-Ang-HSsrc,arc segments,,0.7591221219873434,0.011876484560570071,0.7142857142857143
Right,random,Ang,WRM,RTT,4,0.5,1,2129,7,2106,75,QOTu-Ang-PCA,arc segments,16.0,0.7635990305641578,0.012437810945273632,0.7142857142857143
Right,random,Ang,WRM,RTT,4,0.5,1,2129,7,2106,75,QOTc-Ang-HS4,arc labels,,0.6353507472734616,0.008875739644970414,0.42857142857142855
Right,random,Ang,WRM,RTT,4,0.5,1,2129,7,2106,75,QOTc-Ang-HSsrc,arc labels,,0.7438063821192944,0.0102880658436214,0.7142857142857143
Right,random,Ang,WRM,RTT,4,0.5,1,2129,7,2106,75,QOTc-Ang-PCA,arc labels,16.0,0.5400902113908711,0.007462686567164179,0.14285714285714285
Right,random,Ang,WRM,RTT,4,0.5,1,2129,7,2106,75,SDM-Ang-HS4,arc labels,,0.6306382119294466,0.008379888268156424,0.42857142857142855
Right,random,Ang,WRM,RTT,4,0.5,1,2129,7,2106,75,SDM-Ang-HSsrc,arc labels,,0.6737915712939275,0.008350730688935281,0.5714285714285714
Right,random,Ang,WRM,RTT,4,0.5,1,2129,7,2106,75,SDM-Ang-PCA,arc labels,16.0,0.47478793590951934,0.0,0.0
Right,random,Ang,WRM,RTT,5,0.05,1,2129,22,213,6,NoAdapt,nothing,,0.8107175216809768,0.06694560669456066,0.7272727272727273
Right,random,Ang,WRM,RTT,5,0.05,1,2129,22,213,6,TargetOnly,arc labels,,0.6824222289338568,0.05025125628140704,0.45454545454545453
Right,random,Ang,WRM,RTT,5,0.05,1,2129,22,213,6,Source+Target,arc labels,,0.8095310005609009,0.06557377049180328,0.7272727272727273
Right,random,Ang,WRM,RTT,5,0.05,1,2129,22,213,6,COT,arc labels,,0.4520861198602062,0.006791171477079796,0.18181818181818182
Right,random,Ang,WRM,RTT,5,0.05,1,2129,22,213,6,none-Ang-HS4,arc labels,,0.6404193812831687,0.026595744680851064,0.45454545454545453
Right,random,Ang,WRM,RTT,5,0.05,1,2129,22,213,6,none-Ang-HSsrc,nothing,,0.6799413211373344,0.02977667493796526,0.5454545454545454
Right,random,Ang,WRM,RTT,5,0.05,1,2129,22,213,6,none-Ang-PCA,arc segments,32.0,0.7812917979030936,0.0440771349862259,0.7272727272727273
Right,random,Ang,WRM,RTT,5,0.05,1,2129,22,213,6,QOTu-Ang-HS4,arc labels,,0.7366786037882384,0.029038112522686024,0.7272727272727273
Right,random,Ang,WRM,RTT,5,0.05,1,2129,22,213,6,QOTu-Ang-HSsrc,arc segments,,0.6756159123268758,0.025096525096525095,0.5909090909090909
Right,random,Ang,WRM,RTT,5,0.05,1,2129,22,213,6,QOTu-Ang-PCA,arc segments,32.0,0.7951848815636191,0.03614457831325301,0.8181818181818182
Right,random,Ang,WRM,RTT,5,0.05,1,2129,22,213,6,QOTc-Ang-HS4,arc labels,,0.5835526599646201,0.11428571428571428,0.18181818181818182
Right,random,Ang,WRM,RTT,5,0.05,1,2129,22,213,6,QOTc-Ang-HSsrc,arc labels,,0.6262566337317168,0.01790633608815427,0.5909090909090909
Right,random,Ang,WRM,RTT,5,0.05,1,2129,22,213,6,QOTc-Ang-PCA,arc labels,32.0,0.5759589247961341,0.05970149253731343,0.18181818181818182
Right,random,Ang,WRM,RTT,5,0.05,1,2129,22,213,6,SDM-Ang-HS4,arc labels,,0.6058053242438625,0.13157894736842105,0.22727272727272727
Right,random,Ang,WRM,RTT,5,0.05,1,2129,22,213,6,SDM-Ang-HSsrc,arc labels,,0.5842322129697545,0.01744186046511628,0.4090909090909091
Right,random,Ang,WRM,RTT,5,0.05,1,2129,22,213,6,SDM-Ang-PCA,arc labels,64.0,0.6050394787936316,0.043478260869565216,0.2727272727272727
Right,random,Ang,WRM,RTT,5,0.1,1,2129,22,426,10,NoAdapt,nothing,,0.8107175216809768,0.06694560669456066,0.7272727272727273
Right,random,Ang,WRM,RTT,5,0.1,1,2129,22,426,10,TargetOnly,arc labels,,0.7207037148897615,0.039634146341463415,0.5909090909090909
Right,random,Ang,WRM,RTT,5,0.1,1,2129,22,426,10,Source+Target,arc labels,,0.8021745696164301,0.05818181818181818,0.7272727272727273
Right,random,Ang,WRM,RTT,5,0.1,1,2129,22,426,10,COT,arc labels,,0.5468675842429995,0.012687427912341407,0.5
Right,random,Ang,WRM,RTT,5,0.1,1,2129,22,426,10,none-Ang-HS4,arc labels,,0.660061699098244,0.028205128205128206,0.5
Right,random,Ang,WRM,RTT,5,0.1,1,2129,22,426,10,none-Ang-HSsrc,nothing,,0.6799413211373344,0.02977667493796526,0.5454545454545454
Right,random,Ang,WRM,RTT,5,0.1,1,2129,22,426,10,none-Ang-PCA,arc segments,32.0,0.781766406351124,0.0443213296398892,0.7272727272727273
Right,random,Ang,WRM,RTT,5,0.1,1,2129,22,426,10,QOTu-Ang-HS4,arc labels,,0.727423739051646,0.02711864406779661,0.7272727272727273
Right,random,Ang,WRM,RTT,5,0.1,1,2129,22,426,10,QOTu-Ang-HSsrc,arc segments,,0.6905660784398326,0.02857142857142857,0.5909090909090909
Right,random,Ang,WRM,RTT,5,0.1,1,2129,22,426,10,QOTu-Ang-PCA,arc segments,32.0,0.8006428787159685,0.037894736842105266,0.8181818181818182
Right,random,Ang,WRM,RTT,5,0.1,1,2129,22,426,10,QOTc-Ang-HS4,arc labels,,0.664063511239591,0.01866977829638273,0.7272727272727273
Right,random,Ang,WRM,RTT,5,0.1,1,2129,22,426,10,QOTc-Ang-HSsrc,arc labels,,0.6329011520041421,0.01862464183381089,0.5909090909090909
Right,random,Ang,WRM,RTT,5,0.1,1,2129,22,426,10,QOTc-Ang-PCA,arc labels,32.0,0.5643310178193899,0.034482758620689655,0.18181818181818182
Right,random,Ang,WRM,RTT,5,0.1,1,2129,22,426,10,SDM-Ang-HS4,arc labels,,0.6247033697199811,0.02040816326530612,0.5
Right,random,Ang,WRM,RTT,5,0.1,1,2129,22,426,10,SDM-Ang-HSsrc,arc labels,,0.5739741985589162,0.01524390243902439,0.45454545454545453
Right,random,Ang,WRM,RTT,5,0.1,1,2129,22,426,10,SDM-Ang-PCA,arc labels,32.0,0.6698451050610519,0.03968253968253968,0.45454545454545453
Right,random,Ang,WRM,RTT,5,0.2,1,2129,22,852,21,NoAdapt,nothing,,0.8107175216809768,0.06694560669456066,0.7272727272727273
Right,random,Ang,WRM,RTT,5,0.2,1,2129,22,852,21,TargetOnly,arc labels,,0.6812357078137808,0.049019607843137254,0.45454545454545453
Right,random,Ang,WRM,RTT,5,0.2,1,2129,22,852,21,Source+Target,arc labels,,0.7792099926651421,0.05454545454545454,0.6818181818181818
Right,random,Ang,WRM,RTT,5,0.2,1,2129,22,852,21,COT,arc labels,,0.5646654010441385,0.013888888888888888,0.5
Right,random,Ang,WRM,RTT,5,0.2,1,2129,22,852,21,none-Ang-HS4,arc labels,,0.637097122146956,0.02564102564102564,0.45454545454545453
Right,random,Ang,WRM,RTT,5,0.2,1,2129,22,852,21,none-Ang-HSsrc,nothing,,0.6799413211373344,0.02977667493796526,0.5454545454545454
Right,random,Ang,WRM,RTT,5,0.2,1,2129,22,852,21,none-Ang-PCA,arc segments,32.0,0.770375803598395,0.039119804400977995,0.7272727272727273
Right,random,Ang,WRM,RTT,5,0.2,1,2129,22,852,21,QOTu-Ang-HS4,arc labels,,0.7343055615480865,0.0285204991087344,0.7272727272727273
Right,random,Ang,WRM,RTT,5,0.2,1,2129,22,852,21,QOTu-Ang-HSsrc,arc segments,,0.6893795573197568,0.02826086956521739,0.5909090909090909
Right,random,Ang,WRM,RTT,5,0.2,1,2129,22,852,21,QOTu-Ang-PCA,arc segments,32.0,0.7925745350994521,0.03536345776031434,0.8181818181818182
Right,random,Ang,WRM,RTT,5,0.2,1,2129,22,852,21,QOTc-Ang-HS4,arc labels,,0.5715795832074901,0.021505376344086023,0.2727272727272727
Right,random,Ang,WRM,RTT,5,0.2,1,2129,22,852,21,QOTc-Ang-HSsrc,arc labels,,0.5723130689908098,0.015082956259426848,0.45454545454545453
Right,random,Ang,WRM,RTT,5,0.2,1,2129,22,852,21,QOTc-Ang-PCA,arc labels,16.0,0.602720369331665,0.09803921568627451,0.22727272727272727
Right,random,Ang,WRM,RTT,5,0.2,1,2129,22,852,21,SDM-Ang-HS4,arc labels,,0.5414419467575613,0.014778325123152709,0.2727272727272727
Right,random,Ang,WRM,RTT,5,0.2,1,2129,22,852,21,SDM-Ang-HSsrc,arc labels,,0.5685701341847521,0.015463917525773196,0.4090909090909091
Right,random,Ang,WRM,RTT,5,0.2,1,2129,22,852,21,SDM-Ang-PCA,arc labels,16.0,0.6290827113086249,0.027522935779816515,0.4090909090909091
Right,random,Ang,WRM,RTT,5,0.3,1,2129,22,1278,34,NoAdapt,nothing,,0.8107175216809768,0.06694560669456066,0.7272727272727273
Right,random,Ang,WRM,RTT,5,0.3,1,2129,22,1278,34,TargetOnly,arc labels,,0.710607498813479,0.062146892655367235,0.5
Right,random,Ang,WRM,RTT,5,0.3,1,2129,22,1278,34,Source+Target,arc labels,,0.7183846054277947,0.04979253112033195,0.5454545454545454
Right,random,Ang,WRM,RTT,5,0.3,1,2129,22,1278,34,COT,arc labels,,0.5064503602709582,0.0107095046854083,0.36363636363636365
Right,random,Ang,WRM,RTT,5,0.3,1,2129,22,1278,34,none-Ang-HS4,arc labels,,0.637097122146956,0.02564102564102564,0.45454545454545453
Right,random,Ang,WRM,RTT,5,0.3,1,2129,22,1278,34,none-Ang-HSsrc,nothing,,0.6799413211373344,0.02977667493796526,0.5454545454545454
Right,random,Ang,WRM,RTT,5,0.3,1,2129,22,1278,34,none-Ang-PCA,arc segments,32.0,0.7694265867023342,0.0387409200968523,0.7272727272727273
Right,random,Ang,WRM,RTT,5,0.3,1,2129,22,1278,34,QOTu-Ang-HS4,arc labels,,0.7421366009405876,0.030303030303030304,0.7272727272727273
Right,random,Ang,WRM,RTT,5,0.3,1,2129,22,1278,34,QOTu-Ang-HSsrc,arc segments,,0.6893795573197568,0.02826086956521739,0.5909090909090909
Right,random,Ang,WRM,RTT,5,0.3,1,2129,22,1278,34,QOTu-Ang-PCA,arc segments,32.0,0.7928118393234673,0.03543307086614173,0.8181818181818182
Right,random,Ang,WRM,RTT,5,0.3,1,2129,22,1278,34,QOTc-Ang-HS4,arc labels,,0.5626159554730983,0.022727272727272728,0.22727272727272727
Right,random,Ang,WRM,RTT,5,0.3,1,2129,22,1278,34,QOTc-Ang-HSsrc,arc labels,,0.5723130689908098,0.015082956259426848,0.45454545454545453
Right,random,Ang,WRM,RTT,5,0.3,1,2129,22,1278,34,QOTc-Ang-PCA,arc labels,16.0,0.5790438797083315,0.07407407407407407,0.18181818181818182
Right,random,Ang,WRM,RTT,5,0.3,1,2129,22,1278,34,SDM-Ang-HS4,arc labels,,0.5402554256374854,0.014598540145985401,0.2727272727272727
Right,random,Ang,WRM,RTT,5,0.3,1,2129,22,1278,34,SDM-Ang-HSsrc,arc labels,,0.5359300168270268,0.013307984790874524,0.3181818181818182
Right,random,Ang,WRM,RTT,5,0.3,1,2129,22,1278,34,SDM-Ang-PCA,arc labels,32.0,0.6106808473918108,0.03317535545023697,0.3181818181818182
Right,random,Ang,WRM,RTT,5,0.5,1,2129,22,2106,60,NoAdapt,nothing,,0.8107175216809768,0.06694560669456066,0.7272727272727273
Right,random,Ang,WRM,RTT,5,0.5,1,2129,22,2106,60,TargetOnly,arc labels,,0.6462225482159036,0.05063291139240506,0.36363636363636365
Right,random,Ang,WRM,RTT,5,0.5,1,2129,22,2106,60,Source+Target,arc labels,,0.7550588945937783,0.05,0.6363636363636364
Right,random,Ang,WRM,RTT,5,0.5,1,2129,22,2106,60,COT,arc labels,,0.46207447038011823,0.008565310492505354,0.36363636363636365
Right,random,Ang,WRM,RTT,5,0.5,1,2129,22,2106,60,none-Ang-HS4,arc labels,,0.6354359925788498,0.02518891687657431,0.45454545454545453
Right,random,Ang,WRM,RTT,5,0.5,1,2129,22,2106,60,none-Ang-HSsrc,nothing,,0.6799413211373344,0.02977667493796526,0.5454545454545454
Right,random,Ang,WRM,RTT,5,0.5,1,2129,22,2106,60,none-Ang-PCA,arc segments,32.0,0.7256331708158951,0.034653465346534656,0.6363636363636364
Right,random,Ang,WRM,RTT,5,0.5,1,2129,22,2106,60,QOTu-Ang-HS4,arc labels,,0.7340682573240713,0.028469750889679714,0.7272727272727273
Right,random,Ang,WRM,RTT,5,0.5,1,2129,22,2106,60,QOTu-Ang-HSsrc,arc segments,,0.6927018164559693,0.02914798206278027,0.5909090909090909
Right,random,Ang,WRM,RTT,5,0.5,1,2129,22,2106,60,QOTu-Ang-PCA,arc segments,8.0,0.7487271864348276,0.02847571189279732,0.7727272727272727
Right,random,Ang,WRM,RTT,5,0.5,1,2129,22,2106,60,QOTc-Ang-HS4,arc labels,,0.6333541873408983,0.02912621359223301,0.4090909090909091
Right,random,Ang,WRM,RTT,5,0.5,1,2129,22,2106,60,QOTc-Ang-HSsrc,arc labels,,0.6649372222461923,0.023090586145648313,0.5909090909090909
Right,random,Ang,WRM,RTT,5,0.5,1,2129,22,2106,60,QOTc-Ang-PCA,arc labels,32.0,0.5728739698839367,0.05,0.18181818181818182
Right,random,Ang,WRM,RTT,5,0.5,1,2129,22,2106,60,SDM-Ang-HS4,arc labels,,0.6000021573111274,0.02734375,0.3181818181818182
Right,random,Ang,WRM,RTT,5,0.5,1,2129,22,2106,60,SDM-Ang-HSsrc,arc labels,,0.5737908271130863,0.01607142857142857,0.4090909090909091
Right,random,Ang,WRM,RTT,5,0.5,1,2129,22,2106,60,SDM-Ang-PCA,arc labels,16.0,0.7257410363722656,0.05714285714285714,0.5454545454545454
Right,random,Ang,WRM,RTT,6,0.05,1,2129,31,213,2,NoAdapt,nothing,,0.8201282327254835,0.07868852459016394,0.7741935483870968
Right,random,Ang,WRM,RTT,6,0.05,1,2129,31,213,2,TargetOnly,arc labels,,0.5291598757649374,0.13333333333333333,0.06451612903225806
Right,random,Ang,WRM,RTT,6,0.05,1,2129,31,213,2,Source+Target,arc labels,,0.7266136720071343,0.05367231638418079,0.6129032258064516
Right,random,Ang,WRM,RTT,6,0.05,1,2129,31,213,2,COT,arc labels,,0.47878932316491896,0.0,0.0
Right,random,Ang,WRM,RTT,6,0.05,1,2129,31,213,2,none-Ang-HS4,arc labels,,0.6249961560933608,0.032036613272311214,0.45161290322580644
Right,random,Ang,WRM,RTT,6,0.05,1,2129,31,213,2,none-Ang-HSsrc,nothing,,0.621421322918909,0.030973451327433628,0.45161290322580644
Right,random,Ang,WRM,RTT,6,0.05,1,2129,31,213,2,none-Ang-PCA,arc segments,16.0,0.7199406500814909,0.049738219895287955,0.6129032258064516
Right,random,Ang,WRM,RTT,6,0.05,1,2129,31,213,2,QOTu-Ang-HS4,arc labels,,0.6998447061717765,0.037383177570093455,0.6451612903225806
Right,random,Ang,WRM,RTT,6,0.05,1,2129,31,213,2,QOTu-Ang-HSsrc,arc segments,,0.6139564562255913,0.02717391304347826,0.4838709677419355
Right,random,Ang,WRM,RTT,6,0.05,1,2129,31,213,2,QOTu-Ang-PCA,arc segments,16.0,0.7736554014576094,0.048,0.7741935483870968
Right,random,Ang,WRM,RTT,6,0.05,1,2129,31,213,2,QOTc-Ang-HS4,arc labels,,0.5310664534579784,0.2857142857142857,0.06451612903225806
Right,random,Ang,WRM,RTT,6,0.05,1,2129,31,213,2,QOTc-Ang-HSsrc,arc labels,,0.5582505612103693,0.02622950819672131,0.25806451612903225
Right,random,Ang,WRM,RTT,6,0.05,1,2129,31,213,2,QOTc-Ang-PCA,arc labels,64.0,0.5161290322580645,1.0,0.03225806451612903
Right,random,Ang,WRM,RTT,6,0.05,1,2129,31,213,2,SDM-Ang-HS4,arc labels,,0.5310664534579784,0.2857142857142857,0.06451612903225806
Right,random,Ang,WRM,RTT,6,0.05,1,2129,31,213,2,SDM-Ang-HSsrc,arc labels,,0.5727882161198069,0.03278688524590164,0.25806451612903225
Right,random,Ang,WRM,RTT,6,0.05,1,2129,31,213,2,SDM-Ang-PCA,arc labels,64.0,0.49761677788369874,0.0,0.0
Right,random,Ang,WRM,RTT,6,0.1,1,2129,31,426,8,NoAdapt,nothing,,0.8201282327254835,0.07868852459016394,0.7741935483870968
Right,random,Ang,WRM,RTT,6,0.1,1,2129,31,426,8,TargetOnly,arc labels,,0.5350410529229066,0.05084745762711865,0.0967741935483871
Right,random,Ang,WRM,RTT,6,0.1,1,2129,31,426,8,Source+Target,arc labels,,0.6649574095144377,0.04437869822485207,0.4838709677419355
Right,random,Ang,WRM,RTT,6,0.1,1,2129,31,426,8,COT,arc labels,,0.5003228881576924,0.014705882352941176,0.06451612903225806
Right,random,Ang,WRM,RTT,6,0.1,1,2129,31,426,8,none-Ang-HS4,arc labels,,0.5778006703773179,0.02564102564102564,0.3548387096774194
Right,random,Ang,WRM,RTT,6,0.1,1,2129,31,426,8,none-Ang-HSsrc,nothing,,0.621421322918909,0.030973451327433628,0.45161290322580644
Right,random,Ang,WRM,RTT,6,0.1,1,2129,31,426,8,none-Ang-PCA,arc segments,16.0,0.7521987145976199,0.0546875,0.6774193548387096
Right,random,Ang,WRM,RTT,6,0.1,1,2129,31,426,8,QOTu-Ang-HS4,arc labels,,0.6501891202066484,0.0297029702970297,0.5806451612903226
Right,random,Ang,WRM,RTT,6,0.1,1,2129,31,426,8,QOTu-Ang-HSsrc,arc segments,,0.6060918232417971,0.02564102564102564,0.4838709677419355
Right,random,Ang,WRM,RTT,6,0.1,1,2129,31,426,8,QOTu-Ang-PCA,arc segments,16.0,0.7746932562501923,0.04107424960505529,0.8387096774193549
Right,random,Ang,WRM,RTT,6,0.1,1,2129,31,426,8,QOTc-Ang-HS4,arc labels,,0.556651496048464,0.10810810810810811,0.12903225806451613
Right,random,Ang,WRM,RTT,6,0.1,1,2129,31,426,8,QOTc-Ang-HSsrc,arc labels,,0.5933761800793382,0.02594810379241517,0.41935483870967744
Right,random,Ang,WRM,RTT,6,0.1,1,2129,31,426,8,QOTc-Ang-PCA,arc labels,64.0,0.5158907100464344,0.5,0.03225806451612903
Right,random,Ang,WRM,RTT,6,0.1,1,2129,31,426,8,SDM-Ang-HS4,arc labels,,0.5539530735877487,0.042735042735042736,0.16129032258064516
Right,random,Ang,WRM,RTT,6,0.1,1,2129,31,426,8,SDM-Ang-HSsrc,arc labels,,0.5529305944217227,0.022727272727272728,0.2903225806451613
Right,random,Ang,WRM,RTT,6,0.1,1,2129,31,426,8,SDM-Ang-PCA,arc labels,32.0,0.5431440081183309,0.12,0.0967741935483871
Right,random,Ang,WRM,RTT,6,0.2,1,2129,31,852,16,NoAdapt,nothing,,0.8201282327254835,0.07868852459016394,0.7741935483870968
Right,random,Ang,WRM,RTT,6,0.2,1,2129,31,852,16,TargetOnly,arc labels,,0.5876410713736585,0.061946902654867256,0.22580645161290322
Right,random,Ang,WRM,RTT,6,0.2,1,2129,31,852,16,Source+Target,arc labels,,0.6433469663888803,0.03888888888888889,0.45161290322580644
Right,random,Ang,WRM,RTT,6,0.2,1,2129,31,852,16,COT,arc labels,,0.4597389218610658,0.010327022375215147,0.1935483870967742
Right,random,Ang,WRM,RTT,6,0.2,1,2129,31,852,16,none-Ang-HS4,arc labels,,0.5751791260493866,0.025,0.3548387096774194
Right,random,Ang,WRM,RTT,6,0.2,1,2129,31,852,16,none-Ang-HSsrc,nothing,,0.621421322918909,0.030973451327433628,0.45161290322580644
Right,random,Ang,WRM,RTT,6,0.2,1,2129,31,852,16,none-Ang-PCA,arc segments,16.0,0.7699960023370953,0.0582010582010582,0.7096774193548387
Right,random,Ang,WRM,RTT,6,0.2,1,2129,31,852,16,QOTu-Ang-HS4,arc labels,,0.634298410160214,0.028145695364238412,0.5483870967741935
Right,random,Ang,WRM,RTT,6,0.2,1,2129,31,852,16,QOTu-Ang-HSsrc,arc segments,,0.6316768658322827,0.027642276422764227,0.5483870967741935
Right,random,Ang,WRM,RTT,6,0.2,1,2129,31,852,16,QOTu-Ang-PCA,arc segments,16.0,0.7936821550478181,0.04340836012861737,0.8709677419354839
Right,random,Ang,WRM,RTT,6,0.2,1,2129,31,852,16,QOTc-Ang-HS4,arc labels,,0.6047233924782435,0.07272727272727272,0.25806451612903225
Right,random,Ang,WRM,RTT,6,0.2,1,2129,31,852,16,QOTc-Ang-HSsrc,arc labels,,0.6148328669393277,0.02593192868719611,0.5161290322580645
Right,random,Ang,WRM,RTT,6,0.2,1,2129,31,852,16,QOTc-Ang-PCA,arc labels,16.0,0.5784233832528676,0.07228915662650602,0.1935483870967742
Right,random,Ang,WRM,RTT,6,0.2,1,2129,31,852,16,SDM-Ang-HS4,arc labels,,0.5865263384482917,0.12244897959183673,0.1935483870967742
Right,random,Ang,WRM,RTT,6,0.2,1,2129,31,852,16,SDM-Ang-HSsrc,arc labels,,0.5263999507979951,0.017361111111111112,0.3225806451612903
Right,random,Ang,WRM,RTT,6,0.2,1,2129,31,852,16,SDM-Ang-PCA,arc labels,64.0,0.564200928687844,0.06756756756756757,0.16129032258064516
Right,random,Ang,WRM,RTT,6,0.3,1,2129,31,1278,30,NoAdapt,nothing,,0.8201282327254835,0.07868852459016394,0.7741935483870968
Right,random,Ang,WRM,RTT,6,0.3,1,2129,31,1278,30,TargetOnly,arc labels,,0.6508118330821981,0.05,0.41935483870967744
Right,random,Ang,WRM,RTT,6,0.3,1,2129,31,1278,30,Source+Target,arc labels,,0.6423936775423599,0.038461538461538464,0.45161290322580644
Right,random,Ang,WRM,RTT,6,0.3,1,2129,31,1278,30,COT,arc labels,,0.5085334727390142,0.015169194865810968,0.41935483870967744
Right,random,Ang,WRM,RTT,6,0.3,1,2129,31,1278,30,none-Ang-HS4,arc labels,,0.5770857037424275,0.02546296296296296,0.3548387096774194
Right,random,Ang,WRM,RTT,6,0.3,1,2129,31,1278,30,none-Ang-HSsrc,nothing,,0.621421322918909,0.030973451327433628,0.45161290322580644
Right,random,Ang,WRM,RTT,6,0.3,1,2129,31,1278,30,none-Ang-PCA,arc segments,16.0,0.7697576801254651,0.05804749340369393,0.7096774193548387
Right,random,Ang,WRM,RTT,6,0.3,1,2129,31,1278,30,QOTu-Ang-HS4,arc labels,,0.638111565546296,0.02891156462585034,0.5483870967741935
Right,random,Ang,WRM,RTT,6,0.3,1,2129,31,1278,30,QOTu-Ang-HSsrc,arc segments,,0.6068067898766875,0.02577319587628866,0.4838709677419355
Right,random,Ang,WRM,RTT,6,0.3,1,2129,31,1278,30,QOTu-Ang-PCA,arc segments,16.0,0.7951889664503828,0.04753199268738574,0.8387096774193549
Right,random,Ang,WRM,RTT,6,0.3,1,2129,31,1278,30,QOTc-Ang-HS4,arc labels,,0.567306805252314,0.0299625468164794,0.25806451612903225
Right,random,Ang,WRM,RTT,6,0.3,1,2129,31,1278,30,QOTc-Ang-HSsrc,arc labels,,0.6070451120883176,0.025817555938037865,0.4838709677419355
Right,random,Ang,WRM,RTT,6,0.3,1,2129,31,1278,30,QOTc-Ang-PCA,arc labels,16.0,0.57564039484609,0.19230769230769232,0.16129032258064516
Right,random,Ang,WRM,RTT,6,0.3,1,2129,31,1278,30,SDM-Ang-HS4,arc labels,,0.6070297364617608,0.05325443786982249,0.2903225806451613
Right,random,Ang,WRM,RTT,6,0.3,1,2129,31,1278,30,SDM-Ang-HSsrc,arc labels,,0.5287831729142962,0.0176678445229682,0.3225806451612903
Right,random,Ang,WRM,RTT,6,0.3,1,2129,31,1278,30,SDM-Ang-PCA,arc labels,32.0,0.5284525969433255,0.022321428571428572,0.16129032258064516
Right,random,Ang,WRM,RTT,6,0.5,1,2129,31,2106,51,NoAdapt,nothing,,0.8201282327254835,0.07868852459016394,0.7741935483870968
Right,random,Ang,WRM,RTT,6,0.5,1,2129,31,2106,51,TargetOnly,arc labels,,0.6612980103939236,0.06018518518518518,0.41935483870967744
Right,random,Ang,WRM,RTT,6,0.5,1,2129,31,2106,51,Source+Target,arc labels,,0.5990113472123989,0.03235294117647059,0.3548387096774194
Right,random,Ang,WRM,RTT,6,0.5,1,2129,31,2106,51,COT,arc labels,,0.41222823580060886,0.006220839813374806,0.12903225806451613
Right,random,Ang,WRM,RTT,6,0.5,1,2129,31,2106,51,none-Ang-HS4,arc labels,,0.5763707371075372,0.02528735632183908,0.3548387096774194
Right,random,Ang,WRM,RTT,6,0.5,1,2129,31,2106,51,none-Ang-HSsrc,nothing,,0.621421322918909,0.030973451327433628,0.45161290322580644
Right,random,Ang,WRM,RTT,6,0.5,1,2129,31,2106,51,none-Ang-PCA,arc segments,16.0,0.7697576801254651,0.05804749340369393,0.7096774193548387
Right,random,Ang,WRM,RTT,6,0.5,1,2129,31,2106,51,QOTu-Ang-HS4,arc labels,,0.6641732525600419,0.030844155844155844,0.6129032258064516
Right,random,Ang,WRM,RTT,6,0.5,1,2129,31,2106,51,QOTu-Ang-HSsrc,arc segments,,0.6113349118976599,0.02664298401420959,0.4838709677419355
Right,random,Ang,WRM,RTT,6,0.5,1,2129,31,2106,51,QOTu-Ang-PCA,arc segments,16.0,0.8022617546665027,0.04607508532423208,0.8709677419354839
Right,random,Ang,WRM,RTT,6,0.5,1,2129,31,2106,51,QOTc-Ang-HS4,arc labels,,0.5783465051200837,0.046052631578947366,0.22580645161290322
Right,random,Ang,WRM,RTT,6,0.5,1,2129,31,2106,51,QOTc-Ang-HSsrc,arc labels,,0.6198376333835603,0.026845637583892617,0.5161290322580645
Right,random,Ang,WRM,RTT,6,0.5,1,2129,31,2106,51,QOTc-Ang-PCA,arc labels,16.0,0.5881945939297026,0.14285714285714285,0.1935483870967742
Right,random,Ang,WRM,RTT,6,0.5,1,2129,31,2106,51,SDM-Ang-HS4,arc labels,,0.5773163381407792,0.035555555555555556,0.25806451612903225
Right,random,Ang,WRM,RTT,6,0.5,1,2129,31,2106,51,SDM-Ang-HSsrc,arc labels,,0.5452274055167748,0.02012072434607646,0.3225806451612903
Right,random,Ang,WRM,RTT,6,0.5,1,2129,31,2106,51,SDM-Ang-PCA,arc labels,8.0,0.5836741597220086,0.033707865168539325,0.2903225806451613
Right,random,Ang,WRM,RTT,7,0.05,1,2129,35,213,3,NoAdapt,nothing,,0.8185768863419294,0.07588075880758807,0.8
Right,random,Ang,WRM,RTT,7,0.05,1,2129,35,213,3,TargetOnly,arc labels,,0.5045708827943785,0.017543859649122806,0.14285714285714285
Right,random,Ang,WRM,RTT,7,0.05,1,2129,35,213,3,Source+Target,arc labels,,0.7809319143130031,0.06419753086419754,0.7428571428571429
Right,random,Ang,WRM,RTT,7,0.05,1,2129,35,213,3,COT,arc labels,,0.4008254877882385,0.0037243947858473,0.05714285714285714
Right,random,Ang,WRM,RTT,7,0.05,1,2129,35,213,3,none-Ang-HS4,arc labels,,0.5711420384772821,0.027777777777777776,0.34285714285714286
Right,random,Ang,WRM,RTT,7,0.05,1,2129,35,213,3,none-Ang-HSsrc,nothing,,0.6315868467730932,0.035196687370600416,0.4857142857142857
Right,random,Ang,WRM,RTT,7,0.05,1,2129,35,213,3,none-Ang-PCA,arc segments,64.0,0.6792604720971482,0.04691358024691358,0.5428571428571428
Right,random,Ang,WRM,RTT,7,0.05,1,2129,35,213,3,QOTu-Ang-HS4,arc labels,,0.6674785100286533,0.036458333333333336,0.6
Right,random,Ang,WRM,RTT,7,0.05,1,2129,35,213,3,QOTu-Ang-HSsrc,arc segments,,0.6243416564333469,0.029921259842519685,0.5428571428571428
Right,random,Ang,WRM,RTT,7,0.05,1,2129,35,213,3,QOTu-Ang-PCA,arc segments,64.0,0.6542297721380816,0.0400890868596882,0.5142857142857142
Right,random,Ang,WRM,RTT,7,0.05,1,2129,35,213,3,QOTc-Ang-HS4,arc labels,,0.5366421066994133,0.02284263959390863,0.2571428571428571
Right,random,Ang,WRM,RTT,7,0.05,1,2129,35,213,3,QOTc-Ang-HSsrc,arc labels,,0.5896848137535817,0.029411764705882353,0.4
Right,random,Ang,WRM,RTT,7,0.05,1,2129,35,213,3,QOTc-Ang-PCA,arc labels,64.0,0.6239527902851685,0.07333333333333333,0.3142857142857143
Right,random,Ang,WRM,RTT,7,0.05,1,2129,35,213,3,SDM-Ang-HS4,arc labels,,0.4750443443853186,0.010452961672473868,0.08571428571428572
Right,random,Ang,WRM,RTT,7,0.05,1,2129,35,213,3,SDM-Ang-HSsrc,arc labels,,0.630072315459135,0.031096563011456628,0.5428571428571428
Right,random,Ang,WRM,RTT,7,0.05,1,2129,35,213,3,SDM-Ang-PCA,arc labels,32.0,0.4853117751398554,0.012295081967213115,0.08571428571428572
Right,random,Ang,WRM,RTT,7,0.1,1,2129,35,426,9,NoAdapt,nothing,,0.8185768863419294,0.07588075880758807,0.8
Right,random,Ang,WRM,RTT,7,0.1,1,2129,35,426,9,TargetOnly,arc labels,,0.5872629280938737,0.04945054945054945,0.2571428571428571
Right,random,Ang,WRM,RTT,7,0.1,1,2129,35,426,9,Source+Target,arc labels,,0.7266543866830399,0.056555269922879174,0.6285714285714286
Right,random,Ang,WRM,RTT,7,0.1,1,2129,35,426,9,COT,arc labels,,0.481607313412471,0.013574660633484163,0.17142857142857143
Right,random,Ang,WRM,RTT,7,0.1,1,2129,35,426,9,none-Ang-HS4,arc labels,,0.5918338108882522,0.029978586723768737,0.4
Right,random,Ang,WRM,RTT,7,0.1,1,2129,35,426,9,none-Ang-HSsrc,nothing,,0.6315868467730932,0.035196687370600416,0.4857142857142857
Right,random,Ang,WRM,RTT,7,0.1,1,2129,35,426,9,none-Ang-PCA,arc segments,32.0,0.765650156910902,0.05543710021321962,0.7428571428571429
Right,random,Ang,WRM,RTT,7,0.1,1,2129,35,426,9,QOTu-Ang-HS4,arc labels,,0.6695865738845681,0.03503184713375796,0.6285714285714286
Right,random,Ang,WRM,RTT,7,0.1,1,2129,35,426,9,QOTu-Ang-HSsrc,arc segments,,0.6252967662709783,0.030110935023771792,0.5428571428571428
Right,random,Ang,WRM,RTT,7,0.1,1,2129,35,426,9,QOTu-Ang-PCA,arc segments,32.0,0.7624641833810888,0.046357615894039736,0.8
Right,random,Ang,WRM,RTT,7,0.1,1,2129,35,426,9,QOTc-Ang-HS4,arc labels,,0.612771182971756,0.07352941176470588,0.2857142857142857
Right,random,Ang,WRM,RTT,7,0.1,1,2129,35,426,9,QOTc-Ang-HSsrc,arc labels,,0.6352844862873517,0.03076923076923077,0.5714285714285714
Right,random,Ang,WRM,RTT,7,0.1,1,2129,35,426,9,QOTc-Ang-PCA,arc labels,64.0,0.5523673079547005,0.16666666666666666,0.11428571428571428
Right,random,Ang,WRM,RTT,7,0.1,1,2129,35,426,9,SDM-Ang-HS4,arc labels,,0.5485468686041752,0.1,0.11428571428571428
Right,random,Ang,WRM,RTT,7,0.1,1,2129,35,426,9,SDM-Ang-HSsrc,arc labels,,0.6567744576340564,0.03571428571428571,0.5714285714285714
Right,random,Ang,WRM,RTT,7,0.1,1,2129,35,426,9,SDM-Ang-PCA,arc labels,16.0,0.5399099467867376,0.0364963503649635,0.14285714285714285
Right,random,Ang,WRM,RTT,7,0.2,1,2129,35,852,22,NoAdapt,nothing,,0.8185768863419294,0.07588075880758807,0.8
Right,random,Ang,WRM,RTT,7,0.2,1,2129,35,852,22,TargetOnly,arc labels,,0.6170282439623413,0.061452513966480445,0.3142857142857143
Right,random,Ang,WRM,RTT,7,0.2,1,2129,35,852,22,Source+Target,arc labels,,0.7164278892072589,0.05660377358490566,0.6
Right,random,Ang,WRM,RTT,7,0.2,1,2129,35,852,22,COT,arc labels,,0.5387501705553281,0.02242152466367713,0.2857142857142857
Right,random,Ang,WRM,RTT,7,0.2,1,2129,35,852,22,none-Ang-HS4,arc labels,,0.6070746350115978,0.032327586206896554,0.42857142857142855
Right,random,Ang,WRM,RTT,7,0.2,1,2129,35,852,22,none-Ang-HSsrc,nothing,,0.6315868467730932,0.035196687370600416,0.4857142857142857
Right,random,Ang,WRM,RTT,7,0.2,1,2129,35,852,22,none-Ang-PCA,arc segments,32.0,0.7501705553281485,0.052854122621564484,0.7142857142857143
Right,random,Ang,WRM,RTT,7,0.2,1,2129,35,852,22,QOTu-Ang-HS4,arc labels,,0.6591212989493791,0.03436988543371522,0.6
Right,random,Ang,WRM,RTT,7,0.2,1,2129,35,852,22,QOTu-Ang-HSsrc,arc segments,,0.635802974484923,0.03236797274275979,0.5428571428571428
Right,random,Ang,WRM,RTT,7,0.2,1,2129,35,852,22,QOTu-Ang-PCA,arc segments,64.0,0.713003138218038,0.045364891518737675,0.6571428571428571
Right,random,Ang,WRM,RTT,7,0.2,1,2129,35,852,22,QOTc-Ang-HS4,arc labels,,0.6301610042297721,0.08870967741935484,0.3142857142857143
Right,random,Ang,WRM,RTT,7,0.2,1,2129,35,852,22,QOTc-Ang-HSsrc,arc labels,,0.6426865875289944,0.03231017770597738,0.5714285714285714
Right,random,Ang,WRM,RTT,7,0.2,1,2129,35,852,22,QOTc-Ang-PCA,arc labels,16.0,0.619497885113931,0.19148936170212766,0.2571428571428571
Right,random,Ang,WRM,RTT,7,0.2,1,2129,35,852,22,SDM-Ang-HS4,arc labels,,0.634697775958521,0.10476190476190476,0.3142857142857143
Right,random,Ang,WRM,RTT,7,0.2,1,2129,35,852,22,SDM-Ang-HSsrc,arc labels,,0.5813276026743075,0.0273972602739726,0.4
Right,random,Ang,WRM,RTT,7,0.2,1,2129,35,852,22,SDM-Ang-PCA,arc labels,32.0,0.6256651657797789,0.12195121951219512,0.2857142857142857
Right,random,Ang,WRM,RTT,7,0.3,1,2129,35,1278,34,NoAdapt,nothing,,0.8185768863419294,0.07588075880758807,0.8
Right,random,Ang,WRM,RTT,7,0.3,1,2129,35,1278,34,TargetOnly,arc labels,,0.6424955655614681,0.06701030927835051,0.37142857142857144
Right,random,Ang,WRM,RTT,7,0.3,1,2129,35,1278,34,Source+Target,arc labels,,0.6628666939555191,0.048295454545454544,0.4857142857142857
Right,random,Ang,WRM,RTT,7,0.3,1,2129,35,1278,34,COT,arc labels,,0.5776231409469231,0.023977433004231313,0.4857142857142857
Right,random,Ang,WRM,RTT,7,0.3,1,2129,35,1278,34,none-Ang-HS4,arc labels,,0.6075521899304134,0.032467532467532464,0.42857142857142855
Right,random,Ang,WRM,RTT,7,0.3,1,2129,35,1278,34,none-Ang-HSsrc,nothing,,0.6315868467730932,0.035196687370600416,0.4857142857142857
Right,random,Ang,WRM,RTT,7,0.3,1,2129,35,1278,34,none-Ang-PCA,arc segments,32.0,0.7513644426251876,0.053418803418803416,0.7142857142857143
Right,random,Ang,WRM,RTT,7,0.3,1,2129,35,1278,34,QOTu-Ang-HS4,arc labels,,0.6724519033974621,0.03571428571428571,0.6285714285714286
Right,random,Ang,WRM,RTT,7,0.3,1,2129,35,1278,34,QOTu-Ang-HSsrc,arc segments,,0.6255355437303861,0.03015873015873016,0.5428571428571428
Right,random,Ang,WRM,RTT,7,0.3,1,2129,35,1278,34,QOTu-Ang-PCA,arc segments,64.0,0.7537522172192659,0.05458515283842795,0.7142857142857143
Right,random,Ang,WRM,RTT,7,0.3,1,2129,35,1278,34,QOTc-Ang-HS4,arc labels,,0.6227589029881293,0.07096774193548387,0.3142857142857143
Right,random,Ang,WRM,RTT,7,0.3,1,2129,35,1278,34,QOTc-Ang-HSsrc,arc labels,,0.6426865875289944,0.03231017770597738,0.5714285714285714
Right,random,Ang,WRM,RTT,7,0.3,1,2129,35,1278,34,QOTc-Ang-PCA,arc labels,32.0,0.604734615909401,0.16666666666666666,0.22857142857142856
Right,random,Ang,WRM,RTT,7,0.3,1,2129,35,1278,34,SDM-Ang-HS4,arc labels,,0.619934506753991,0.09433962264150944,0.2857142857142857
Right,random,Ang,WRM,RTT,7,0.3,1,2129,35,1278,34,SDM-Ang-HSsrc,arc labels,,0.5717765042979943,0.025408348457350273,0.4
Right,random,Ang,WRM,RTT,7,0.3,1,2129,35,1278,34,SDM-Ang-PCA,arc labels,64.0,0.5732978578250785,0.10344827586206896,0.17142857142857143
Right,random,Ang,WRM,RTT,7,0.5,1,2129,35,2118,47,NoAdapt,nothing,,0.8185768863419294,0.07588075880758807,0.8
Right,random,Ang,WRM,RTT,7,0.5,1,2129,35,2118,47,TargetOnly,arc labels,,0.6639036703506618,0.06637168141592921,0.42857142857142855
Right,random,Ang,WRM,RTT,7,0.5,1,2129,35,2118,47,Source+Target,arc labels,,0.6585686996861781,0.04594594594594595,0.4857142857142857
Right,random,Ang,WRM,RTT,7,0.5,1,2129,35,2118,47,COT,arc labels,,0.46262109428298537,0.01278409090909091,0.2571428571428571
Right,random,Ang,WRM,RTT,7,0.5,1,2129,35,2118,47,none-Ang-HS4,arc labels,,0.6075521899304134,0.032467532467532464,0.42857142857142855
Right,random,Ang,WRM,RTT,7,0.5,1,2129,35,2118,47,none-Ang-HSsrc,nothing,,0.6315868467730932,0.035196687370600416,0.4857142857142857
Right,random,Ang,WRM,RTT,7,0.5,1,2129,35,2118,47,none-Ang-PCA,arc segments,32.0,0.714435802974485,0.04590818363273453,0.6571428571428571
Right,random,Ang,WRM,RTT,7,0.5,1,2129,35,2118,47,QOTu-Ang-HS4,arc labels,,0.6671578660117342,0.032904148783977114,0.6571428571428571
Right,random,Ang,WRM,RTT,7,0.5,1,2129,35,2118,47,QOTu-Ang-HSsrc,arc segments,,0.6221926592986764,0.029503105590062112,0.5428571428571428
Right,random,Ang,WRM,RTT,7,0.5,1,2129,35,2118,47,QOTu-Ang-PCA,arc segments,64.0,0.6670828216673489,0.041666666666666664,0.5428571428571428
Right,random,Ang,WRM,RTT,7,0.5,1,2129,35,2118,47,QOTc-Ang-HS4,arc labels,,0.6215650156910901,0.06875,0.3142857142857143
Right,random,Ang,WRM,RTT,7,0.5,1,2129,35,2118,47,QOTc-Ang-HSsrc,arc labels,,0.6426865875289944,0.03231017770597738,0.5714285714285714
Right,random,Ang,WRM,RTT,7,0.5,1,2129,35,2118,47,QOTc-Ang-PCA,arc labels,32.0,0.6056897257470324,0.18181818181818182,0.22857142857142856
Right,random,Ang,WRM,RTT,7,0.5,1,2129,35,2118,47,SDM-Ang-HS4,arc labels,,0.6212853049529268,0.05405405405405406,0.34285714285714286
Right,random,Ang,WRM,RTT,7,0.5,1,2129,35,2118,47,SDM-Ang-HSsrc,arc labels,,0.5810888252148998,0.02734375,0.4
Right,random,Ang,WRM,RTT,7,0.5,1,2129,35,2118,47,SDM-Ang-PCA,arc labels,32.0,0.631832446445627,0.09401709401709402,0.3142857142857143
